bg_geoid,lat,lng,population,acs_vintage,jobs,lodes_vintage
170310101001,42.0221604,-87.6683228,647,ACS 2020-2024 5-year,6,LODES8 2023
170310101002,42.0213567,-87.6727517,1288,ACS 2020-2024 5-year,69,LODES8 2023
170310101003,42.0206033,-87.6664194,2263,ACS 2020-2024 5-year,143,LODES8 2023
170310102011,42.0144174,-87.6819482,1820,ACS 2020-2024 5-year,14,LODES8 2023
170310102012,42.0146832,-87.6776570,1606,ACS 2020-2024 5-year,14,LODES8 2023
170310102013,42.0177395,-87.6826021,1691,ACS 2020-2024 5-year,51,LODES8 2023
170310102014,42.0172836,-87.6790687,2244,ACS 2020-2024 5-year,52,LODES8 2023
170310102021,42.0176322,-87.6735910,1405,ACS 2020-2024 5-year,450,LODES8 2023
170310102022,42.0143138,-87.6730354,1077,ACS 2020-2024 5-year,109,LODES8 2023
170310103001,42.0159300,-87.6650060,927,ACS 2020-2024 5-year,184,LODES8 2023
170310103002,42.0182358,-87.6672083,2986,ACS 2020-2024 5-year,585,LODES8 2023
170310103003,42.0139446,-87.6644089,1207,ACS 2020-2024 5-year,197,LODES8 2023
170310103004,42.0149655,-87.6685558,1357,ACS 2020-2024 5-year,102,LODES8 2023
170310104001,42.0064109,-87.6588157,1123,ACS 2020-2024 5-year,30,LODES8 2023
170310104002,42.0100729,-87.6606547,727,ACS 2020-2024 5-year,33,LODES8 2023
170310104003,42.0041688,-87.6588541,2695,ACS 2020-2024 5-year,4535,LODES8 2023
170310105011,42.0094135,-87.6640628,824,ACS 2020-2024 5-year,36,LODES8 2023
170310105012,42.0113681,-87.6643282,1344,ACS 2020-2024 5-year,46,LODES8 2023
170310105013,42.0076389,-87.6635657,1550,ACS 2020-2024 5-year,76,LODES8 2023
170310105021,42.0034899,-87.6632645,1530,ACS 2020-2024 5-year,95,LODES8 2023
170310105022,42.0055382,-87.6633897,1756,ACS 2020-2024 5-year,88,LODES8 2023
170310105031,41.9993914,-87.6632119,1804,ACS 2020-2024 5-year,154,LODES8 2023
170310105032,42.0015355,-87.6630141,953,ACS 2020-2024 5-year,121,LODES8 2023
170310106001,42.0054662,-87.6680023,2207,ACS 2020-2024 5-year,59,LODES8 2023
170310106002,42.0115289,-87.6680137,1213,ACS 2020-2024 5-year,591,LODES8 2023
170310106003,42.0008578,-87.6668138,1766,ACS 2020-2024 5-year,477,LODES8 2023
170310106004,42.0088648,-87.6678896,1281,ACS 2020-2024 5-year,185,LODES8 2023
170310107011,42.0070613,-87.6782605,1257,ACS 2020-2024 5-year,6,LODES8 2023
170310107012,42.0106545,-87.6788803,2221,ACS 2020-2024 5-year,183,LODES8 2023
170310107021,42.0102260,-87.6727377,1109,ACS 2020-2024 5-year,1670,LODES8 2023
170310107022,42.0081642,-87.6727320,803,ACS 2020-2024 5-year,138,LODES8 2023
170310107023,42.0063757,-87.6725873,1226,ACS 2020-2024 5-year,66,LODES8 2023
170310107024,42.0120527,-87.6729163,1601,ACS 2020-2024 5-year,47,LODES8 2023
170310201001,42.0143097,-87.6874996,2137,ACS 2020-2024 5-year,98,LODES8 2023
170310201002,42.0174768,-87.6866408,2022,ACS 2020-2024 5-year,174,LODES8 2023
170310202001,42.0137699,-87.7043045,1784,ACS 2020-2024 5-year,167,LODES8 2023
170310202002,42.0144676,-87.6937705,1028,ACS 2020-2024 5-year,481,LODES8 2023
170310202003,42.0174162,-87.7041657,3157,ACS 2020-2024 5-year,100,LODES8 2023
170310202004,42.0169756,-87.6959619,1663,ACS 2020-2024 5-year,463,LODES8 2023
170310203011,42.0095379,-87.7070293,1844,ACS 2020-2024 5-year,123,LODES8 2023
170310203012,42.0035974,-87.7070847,1525,ACS 2020-2024 5-year,224,LODES8 2023
170310203013,42.0084045,-87.7021505,1609,ACS 2020-2024 5-year,142,LODES8 2023
170310203021,42.0107652,-87.6973576,1027,ACS 2020-2024 5-year,134,LODES8 2023
170310203022,42.0075238,-87.6978969,1681,ACS 2020-2024 5-year,37,LODES8 2023
170310203023,42.0082222,-87.6931353,2356,ACS 2020-2024 5-year,504,LODES8 2023
170310204001,42.0110969,-87.6865581,1076,ACS 2020-2024 5-year,150,LODES8 2023
170310204002,42.0085918,-87.6859123,1786,ACS 2020-2024 5-year,49,LODES8 2023
170310204003,42.0061672,-87.6853658,1501,ACS 2020-2024 5-year,41,LODES8 2023
170310205001,41.9990239,-87.6805469,3415,ACS 2020-2024 5-year,21,LODES8 2023
170310205002,41.9989011,-87.6880948,1205,ACS 2020-2024 5-year,218,LODES8 2023
170310205003,42.0025423,-87.6845206,1120,ACS 2020-2024 5-year,103,LODES8 2023
170310205004,41.9989455,-87.6850417,885,ACS 2020-2024 5-year,26,LODES8 2023
170310206011,42.0029240,-87.7012949,2165,ACS 2020-2024 5-year,49,LODES8 2023
170310206012,41.9991234,-87.7040834,2938,ACS 2020-2024 5-year,148,LODES8 2023
170310206013,41.9993901,-87.6990857,1172,ACS 2020-2024 5-year,229,LODES8 2023
170310206021,42.0031671,-87.6918539,1385,ACS 2020-2024 5-year,1292,LODES8 2023
170310206022,41.9995167,-87.6917614,795,ACS 2020-2024 5-year,151,LODES8 2023
170310206023,41.9994521,-87.6954232,1059,ACS 2020-2024 5-year,230,LODES8 2023
170310206024,42.0031012,-87.6955126,1551,ACS 2020-2024 5-year,45,LODES8 2023
170310207011,41.9876119,-87.7043824,953,ACS 2020-2024 5-year,1087,LODES8 2023
170310207012,41.9849193,-87.7017932,818,ACS 2020-2024 5-year,106,LODES8 2023
170310207021,41.9957054,-87.7076734,1764,ACS 2020-2024 5-year,336,LODES8 2023
170310207022,41.9957338,-87.7020025,2558,ACS 2020-2024 5-year,304,LODES8 2023
170310207023,41.9921900,-87.7018830,1579,ACS 2020-2024 5-year,357,LODES8 2023
170310207024,41.9921220,-87.7067754,2156,ACS 2020-2024 5-year,105,LODES8 2023
170310208011,41.9849779,-87.6919261,950,ACS 2020-2024 5-year,99,LODES8 2023
170310208012,41.9886140,-87.6969068,1559,ACS 2020-2024 5-year,124,LODES8 2023
170310208013,41.9849518,-87.6967886,1151,ACS 2020-2024 5-year,302,LODES8 2023
170310208014,41.9886398,-87.6920418,1672,ACS 2020-2024 5-year,216,LODES8 2023
170310208021,41.9922752,-87.6921477,1055,ACS 2020-2024 5-year,246,LODES8 2023
170310208022,41.9922317,-87.6970203,3607,ACS 2020-2024 5-year,1121,LODES8 2023
170310208023,41.9958052,-87.6971367,2033,ACS 2020-2024 5-year,113,LODES8 2023
170310208024,41.9958752,-87.6922607,2269,ACS 2020-2024 5-year,200,LODES8 2023
170310209011,41.9964361,-87.6855555,2684,ACS 2020-2024 5-year,165,LODES8 2023
170310209012,41.9922671,-87.6856000,1452,ACS 2020-2024 5-year,0,LODES8 2023
170310209013,41.9936859,-87.6879109,2120,ACS 2020-2024 5-year,83,LODES8 2023
170310209021,41.9949459,-87.6780479,2381,ACS 2020-2024 5-year,1449,LODES8 2023
170310209022,41.9922748,-87.6805202,1726,ACS 2020-2024 5-year,343,LODES8 2023
170310301011,41.9912407,-87.6588802,658,ACS 2020-2024 5-year,243,LODES8 2023
170310301012,41.9912256,-87.6557854,549,ACS 2020-2024 5-year,18,LODES8 2023
170310301013,41.9912095,-87.6568499,1415,ACS 2020-2024 5-year,4,LODES8 2023
170310301014,41.9910538,-87.6548790,893,ACS 2020-2024 5-year,92,LODES8 2023
170310301021,41.9930264,-87.6550225,1161,ACS 2020-2024 5-year,38,LODES8 2023
170310301022,41.9934851,-87.6590522,941,ACS 2020-2024 5-year,143,LODES8 2023
170310301023,41.9934691,-87.6565558,1272,ACS 2020-2024 5-year,47,LODES8 2023
170310301031,41.9954083,-87.6592138,1083,ACS 2020-2024 5-year,232,LODES8 2023
170310301032,41.9955241,-87.6551527,1049,ACS 2020-2024 5-year,250,LODES8 2023
170310301041,41.9978056,-87.6552368,2875,ACS 2020-2024 5-year,73,LODES8 2023
170310301042,41.9959196,-87.6576946,737,ACS 2020-2024 5-year,0,LODES8 2023
170310302001,41.9963423,-87.6629040,1737,ACS 2020-2024 5-year,613,LODES8 2023
170310302002,41.9925654,-87.6626713,1281,ACS 2020-2024 5-year,177,LODES8 2023
170310302003,41.9926485,-87.6676589,946,ACS 2020-2024 5-year,55,LODES8 2023
170310302004,41.9963068,-87.6678136,1827,ACS 2020-2024 5-year,320,LODES8 2023
170310303001,41.9961968,-87.6726162,1406,ACS 2020-2024 5-year,173,LODES8 2023
170310303002,41.9925923,-87.6724540,1550,ACS 2020-2024 5-year,38,LODES8 2023
170310304001,41.9887321,-87.6722777,1228,ACS 2020-2024 5-year,178,LODES8 2023
170310304002,41.9850611,-87.6718676,1488,ACS 2020-2024 5-year,246,LODES8 2023
170310305001,41.9892043,-87.6626339,1741,ACS 2020-2024 5-year,122,LODES8 2023
170310305002,41.9886099,-87.6674622,1728,ACS 2020-2024 5-year,242,LODES8 2023
170310305003,41.9859070,-87.6623492,1660,ACS 2020-2024 5-year,110,LODES8 2023
170310305004,41.9849407,-87.6663665,1389,ACS 2020-2024 5-year,188,LODES8 2023
170310306011,41.9887066,-87.6567714,1741,ACS 2020-2024 5-year,18,LODES8 2023
170310306012,41.9886687,-87.6588466,819,ACS 2020-2024 5-year,71,LODES8 2023
170310306013,41.9889716,-87.6546087,1347,ACS 2020-2024 5-year,169,LODES8 2023
170310306031,41.9845648,-87.6583704,907,ACS 2020-2024 5-year,53,LODES8 2023
170310306032,41.9863890,-87.6584254,1089,ACS 2020-2024 5-year,38,LODES8 2023
170310306041,41.9846396,-87.6549462,866,ACS 2020-2024 5-year,15,LODES8 2023
170310306042,41.9858707,-87.6524546,1581,ACS 2020-2024 5-year,70,LODES8 2023
170310306043,41.9864310,-87.6559854,662,ACS 2020-2024 5-year,13,LODES8 2023
170310307011,41.9827453,-87.6579659,1516,ACS 2020-2024 5-year,387,LODES8 2023
170310307021,41.9802679,-87.6544771,902,ACS 2020-2024 5-year,329,LODES8 2023
170310307022,41.9813030,-87.6545746,1137,ACS 2020-2024 5-year,18,LODES8 2023
170310307031,41.9779372,-87.6584450,975,ACS 2020-2024 5-year,267,LODES8 2023
170310307032,41.9772921,-87.6560891,407,ACS 2020-2024 5-year,0,LODES8 2023
170310307033,41.9799969,-87.6575289,1855,ACS 2020-2024 5-year,221,LODES8 2023
170310307061,41.9804151,-87.6509155,1561,ACS 2020-2024 5-year,557,LODES8 2023
170310307062,41.9814301,-87.6560080,1156,ACS 2020-2024 5-year,15,LODES8 2023
170310308001,41.9826506,-87.6643109,995,ACS 2020-2024 5-year,162,LODES8 2023
170310308002,41.9808229,-87.6641732,1194,ACS 2020-2024 5-year,217,LODES8 2023
170310308003,41.9789928,-87.6641249,1368,ACS 2020-2024 5-year,335,LODES8 2023
170310308004,41.9771673,-87.6641414,1053,ACS 2020-2024 5-year,191,LODES8 2023
170310309001,41.9825259,-87.6715801,365,ACS 2020-2024 5-year,418,LODES8 2023
170310309002,41.9807070,-87.6714421,967,ACS 2020-2024 5-year,135,LODES8 2023
170310309003,41.9788883,-87.6713526,830,ACS 2020-2024 5-year,205,LODES8 2023
170310309004,41.9770624,-87.6714086,656,ACS 2020-2024 5-year,368,LODES8 2023
170310310001,41.9752279,-87.6713462,1455,ACS 2020-2024 5-year,164,LODES8 2023
170310310002,41.9722930,-87.6698118,893,ACS 2020-2024 5-year,269,LODES8 2023
170310310003,41.9709282,-87.6720650,1760,ACS 2020-2024 5-year,227,LODES8 2023
170310311001,41.9742558,-87.6621048,1836,ACS 2020-2024 5-year,608,LODES8 2023
170310311002,41.9706778,-87.6638104,1402,ACS 2020-2024 5-year,239,LODES8 2023
170310311003,41.9742933,-87.6665017,1780,ACS 2020-2024 5-year,508,LODES8 2023
170310312001,41.9703153,-87.6562518,908,ACS 2020-2024 5-year,109,LODES8 2023
170310312002,41.9714268,-87.6583304,1670,ACS 2020-2024 5-year,516,LODES8 2023
170310312003,41.9748083,-87.6580986,1164,ACS 2020-2024 5-year,142,LODES8 2023
170310312004,41.9739794,-87.6556474,1556,ACS 2020-2024 5-year,370,LODES8 2023
170310313001,41.9737646,-87.6465298,1555,ACS 2020-2024 5-year,231,LODES8 2023
170310313002,41.9725966,-87.6523307,1231,ACS 2020-2024 5-year,37,LODES8 2023
170310313003,41.9748703,-87.6546144,214,ACS 2020-2024 5-year,31,LODES8 2023
170310313004,41.9706313,-87.6526512,2095,ACS 2020-2024 5-year,171,LODES8 2023
170310313005,41.9751465,-87.6530535,1041,ACS 2020-2024 5-year,244,LODES8 2023
170310314001,41.9601514,-87.6483134,909,ACS 2020-2024 5-year,102,LODES8 2023
170310314002,41.9569758,-87.6478850,633,ACS 2020-2024 5-year,24,LODES8 2023
170310314003,41.9590853,-87.6473451,1130,ACS 2020-2024 5-year,96,LODES8 2023
170310314004,41.9554143,-87.6470316,1109,ACS 2020-2024 5-year,228,LODES8 2023
170310314005,41.9642095,-87.6428628,916,ACS 2020-2024 5-year,1073,LODES8 2023
170310315011,41.9664268,-87.6539631,978,ACS 2020-2024 5-year,199,LODES8 2023
170310315012,41.9682170,-87.6524533,2430,ACS 2020-2024 5-year,140,LODES8 2023
170310315013,41.9663690,-87.6516447,1384,ACS 2020-2024 5-year,4,LODES8 2023
170310315021,41.9627225,-87.6523487,1739,ACS 2020-2024 5-year,191,LODES8 2023
170310315022,41.9640603,-87.6523702,1092,ACS 2020-2024 5-year,48,LODES8 2023
170310315023,41.9649734,-87.6523935,1632,ACS 2020-2024 5-year,132,LODES8 2023
170310317001,41.9680606,-87.6634870,2136,ACS 2020-2024 5-year,79,LODES8 2023
170310317002,41.9662369,-87.6632766,1445,ACS 2020-2024 5-year,148,LODES8 2023
170310317003,41.9644337,-87.6631048,1327,ACS 2020-2024 5-year,469,LODES8 2023
170310317004,41.9626145,-87.6628646,943,ACS 2020-2024 5-year,154,LODES8 2023
170310318001,41.9670114,-87.6706209,1765,ACS 2020-2024 5-year,905,LODES8 2023
170310319001,41.9643036,-87.6702958,1050,ACS 2020-2024 5-year,246,LODES8 2023
170310319002,41.9624847,-87.6700772,1439,ACS 2020-2024 5-year,319,LODES8 2023
170310321001,41.9602585,-87.6519944,1261,ACS 2020-2024 5-year,281,LODES8 2023
170310321002,41.9598772,-87.6550977,1173,ACS 2020-2024 5-year,76,LODES8 2023
170310321003,41.9568329,-87.6547062,2196,ACS 2020-2024 5-year,170,LODES8 2023
170310321004,41.9578578,-87.6512824,1591,ACS 2020-2024 5-year,42,LODES8 2023
170310321005,41.9557445,-87.6519928,1221,ACS 2020-2024 5-year,1392,LODES8 2023
170310401001,41.9856223,-87.6828856,1639,ACS 2020-2024 5-year,956,LODES8 2023
170310401002,41.9769701,-87.6800008,1351,ACS 2020-2024 5-year,78,LODES8 2023
170310401003,41.9776445,-87.6855899,997,ACS 2020-2024 5-year,100,LODES8 2023
170310402011,41.9725027,-87.6906194,1481,ACS 2020-2024 5-year,274,LODES8 2023
170310402012,41.9748726,-87.6954747,2192,ACS 2020-2024 5-year,2917,LODES8 2023
170310402013,41.9698222,-87.6948793,1406,ACS 2020-2024 5-year,620,LODES8 2023
170310402014,41.9718762,-87.6947943,2004,ACS 2020-2024 5-year,50,LODES8 2023
170310402021,41.9822177,-87.6960638,675,ACS 2020-2024 5-year,52,LODES8 2023
170310402022,41.9777907,-87.6948334,2996,ACS 2020-2024 5-year,76,LODES8 2023
170310402023,41.9802548,-87.6956503,874,ACS 2020-2024 5-year,29,LODES8 2023
170310402024,41.9804715,-87.6910666,2653,ACS 2020-2024 5-year,346,LODES8 2023
170310403001,41.9809501,-87.7020155,1147,ACS 2020-2024 5-year,26,LODES8 2023
170310403002,41.9781402,-87.7030164,1069,ACS 2020-2024 5-year,76,LODES8 2023
170310403003,41.9730682,-87.7009718,775,ACS 2020-2024 5-year,343,LODES8 2023
170310404011,41.9738388,-87.6874306,895,ACS 2020-2024 5-year,73,LODES8 2023
170310404012,41.9706381,-87.6873913,729,ACS 2020-2024 5-year,198,LODES8 2023
170310404013,41.9745775,-87.6853888,654,ACS 2020-2024 5-year,13,LODES8 2023
170310404014,41.9703805,-87.6842125,1163,ACS 2020-2024 5-year,41,LODES8 2023
170310404021,41.9747009,-87.6761127,355,ACS 2020-2024 5-year,150,LODES8 2023
170310404022,41.9745860,-87.6809973,1006,ACS 2020-2024 5-year,19,LODES8 2023
170310404023,41.9708403,-87.6790418,766,ACS 2020-2024 5-year,321,LODES8 2023
170310404024,41.9713153,-87.6815448,993,ACS 2020-2024 5-year,13,LODES8 2023
170310404025,41.9710607,-87.6759899,1089,ACS 2020-2024 5-year,331,LODES8 2023
170310406001,41.9670999,-87.6806413,704,ACS 2020-2024 5-year,64,LODES8 2023
170310406002,41.9657727,-87.6847285,874,ACS 2020-2024 5-year,177,LODES8 2023
170310406003,41.9675425,-87.6859481,943,ACS 2020-2024 5-year,632,LODES8 2023
170310407001,41.9667253,-87.6900706,1005,ACS 2020-2024 5-year,122,LODES8 2023
170310407002,41.9667031,-87.6925178,939,ACS 2020-2024 5-year,214,LODES8 2023
170310407003,41.9665954,-87.6952400,881,ACS 2020-2024 5-year,135,LODES8 2023
170310407004,41.9674071,-87.6974413,856,ACS 2020-2024 5-year,259,LODES8 2023
170310408001,41.9630707,-87.6905696,894,ACS 2020-2024 5-year,122,LODES8 2023
170310408002,41.9633173,-87.6941980,776,ACS 2020-2024 5-year,650,LODES8 2023
170310409001,41.9640955,-87.6838498,1330,ACS 2020-2024 5-year,580,LODES8 2023
170310409002,41.9622947,-87.6838589,937,ACS 2020-2024 5-year,55,LODES8 2023
170310501001,41.9592567,-87.6755593,793,ACS 2020-2024 5-year,402,LODES8 2023
170310501002,41.9567959,-87.6769777,1370,ACS 2020-2024 5-year,637,LODES8 2023
170310502001,41.9598335,-87.6858055,1433,ACS 2020-2024 5-year,107,LODES8 2023
170310502002,41.9581693,-87.6811300,2656,ACS 2020-2024 5-year,1104,LODES8 2023
170310502003,41.9561907,-87.6856973,1773,ACS 2020-2024 5-year,141,LODES8 2023
170310503001,41.9591072,-87.6901232,752,ACS 2020-2024 5-year,240,LODES8 2023
170310503002,41.9555569,-87.6904305,863,ACS 2020-2024 5-year,102,LODES8 2023
170310503003,41.9576435,-87.6930785,1358,ACS 2020-2024 5-year,301,LODES8 2023
170310505001,41.9522287,-87.6865936,1150,ACS 2020-2024 5-year,103,LODES8 2023
170310505002,41.9522956,-87.6817371,1516,ACS 2020-2024 5-year,281,LODES8 2023
170310505003,41.9495582,-87.6816620,621,ACS 2020-2024 5-year,20,LODES8 2023
170310505004,41.9477346,-87.6816112,1121,ACS 2020-2024 5-year,76,LODES8 2023
170310505005,41.9485816,-87.6864899,813,ACS 2020-2024 5-year,124,LODES8 2023
170310506001,41.9523691,-87.6762281,1413,ACS 2020-2024 5-year,1792,LODES8 2023
170310506002,41.9487182,-87.6761364,962,ACS 2020-2024 5-year,169,LODES8 2023
170310507001,41.9450710,-87.6760595,1470,ACS 2020-2024 5-year,258,LODES8 2023
170310508001,41.9450095,-87.6809279,1448,ACS 2020-2024 5-year,244,LODES8 2023
170310509001,41.9449466,-87.6857780,1456,ACS 2020-2024 5-year,84,LODES8 2023
170310510001,41.9413024,-87.6857317,1641,ACS 2020-2024 5-year,330,LODES8 2023
170310511001,41.9413652,-87.6808266,1851,ACS 2020-2024 5-year,309,LODES8 2023
170310512001,41.9423370,-87.6759793,720,ACS 2020-2024 5-year,55,LODES8 2023
170310512002,41.9405129,-87.6759279,816,ACS 2020-2024 5-year,70,LODES8 2023
170310513001,41.9377815,-87.6758471,1305,ACS 2020-2024 5-year,88,LODES8 2023
170310513002,41.9341350,-87.6758317,1505,ACS 2020-2024 5-year,263,LODES8 2023
170310514001,41.9377203,-87.6807253,1322,ACS 2020-2024 5-year,118,LODES8 2023
170310514002,41.9336703,-87.6811406,1284,ACS 2020-2024 5-year,37,LODES8 2023
170310601001,41.9591015,-87.6663174,1003,ACS 2020-2024 5-year,104,LODES8 2023
170310601002,41.9556420,-87.6653004,1084,ACS 2020-2024 5-year,175,LODES8 2023
170310601003,41.9579538,-87.6683952,808,ACS 2020-2024 5-year,14,LODES8 2023
170310602001,41.9597356,-87.6715657,1264,ACS 2020-2024 5-year,283,LODES8 2023
170310602002,41.9560849,-87.6714696,912,ACS 2020-2024 5-year,577,LODES8 2023
170310603001,41.9524327,-87.6713760,1453,ACS 2020-2024 5-year,255,LODES8 2023
170310603002,41.9487845,-87.6712895,1604,ACS 2020-2024 5-year,288,LODES8 2023
170310604001,41.9520863,-87.6656379,1520,ACS 2020-2024 5-year,201,LODES8 2023
170310604002,41.9486731,-87.6661174,860,ACS 2020-2024 5-year,190,LODES8 2023
170310604003,41.9508719,-87.6682599,1153,ACS 2020-2024 5-year,485,LODES8 2023
170310605001,41.9527200,-87.6605008,1329,ACS 2020-2024 5-year,326,LODES8 2023
170310608001,41.9529983,-87.6487976,1680,ACS 2020-2024 5-year,545,LODES8 2023
170310608002,41.9539590,-87.6426489,0,ACS 2020-2024 5-year,17,LODES8 2023
170310608003,41.9537758,-87.6458553,1957,ACS 2020-2024 5-year,65,LODES8 2023
170310608004,41.9530301,-87.6469080,1776,ACS 2020-2024 5-year,57,LODES8 2023
170310609001,41.9494740,-87.6475870,1186,ACS 2020-2024 5-year,436,LODES8 2023
170310609002,41.9495929,-87.6390097,0,ACS 2020-2024 5-year,57,LODES8 2023
170310609003,41.9510742,-87.6461013,1426,ACS 2020-2024 5-year,75,LODES8 2023
170310609004,41.9490243,-87.6472516,592,ACS 2020-2024 5-year,52,LODES8 2023
170310609005,41.9473592,-87.6439549,1659,ACS 2020-2024 5-year,53,LODES8 2023
170310609006,41.9491930,-87.6450558,2420,ACS 2020-2024 5-year,135,LODES8 2023
170310610001,41.9492206,-87.6519703,2284,ACS 2020-2024 5-year,439,LODES8 2023
170310611001,41.9491398,-87.6568035,1368,ACS 2020-2024 5-year,1963,LODES8 2023
170310612001,41.9490599,-87.6616427,1954,ACS 2020-2024 5-year,260,LODES8 2023
170310615001,41.9452818,-87.6615447,1811,ACS 2020-2024 5-year,807,LODES8 2023
170310618001,41.9464901,-87.6471147,1152,ACS 2020-2024 5-year,306,LODES8 2023
170310619011,41.9454544,-87.6442217,725,ACS 2020-2024 5-year,75,LODES8 2023
170310619012,41.9441060,-87.6434219,959,ACS 2020-2024 5-year,120,LODES8 2023
170310619013,41.9425507,-87.6431791,768,ACS 2020-2024 5-year,125,LODES8 2023
170310619014,41.9408153,-87.6431600,1257,ACS 2020-2024 5-year,140,LODES8 2023
170310619021,41.9406712,-87.6406057,1290,ACS 2020-2024 5-year,65,LODES8 2023
170310619022,41.9421084,-87.6410391,1652,ACS 2020-2024 5-year,123,LODES8 2023
170310619023,41.9466985,-87.6390645,1639,ACS 2020-2024 5-year,61,LODES8 2023
170310619024,41.9414461,-87.6392950,0,ACS 2020-2024 5-year,22,LODES8 2023
170310620001,41.9418117,-87.6469191,2036,ACS 2020-2024 5-year,347,LODES8 2023
170310620002,41.9445108,-87.6474817,985,ACS 2020-2024 5-year,163,LODES8 2023
170310621001,41.9434801,-87.6515491,757,ACS 2020-2024 5-year,176,LODES8 2023
170310621002,41.9447849,-87.6518126,1231,ACS 2020-2024 5-year,172,LODES8 2023
170310621003,41.9414164,-87.6518521,1853,ACS 2020-2024 5-year,868,LODES8 2023
170310622001,41.9425762,-87.6554288,1212,ACS 2020-2024 5-year,292,LODES8 2023
170310622002,41.9425929,-87.6578318,1907,ACS 2020-2024 5-year,91,LODES8 2023
170310623001,41.9416278,-87.6614432,1596,ACS 2020-2024 5-year,324,LODES8 2023
170310624001,41.9415556,-87.6662882,1803,ACS 2020-2024 5-year,682,LODES8 2023
170310625001,41.9414880,-87.6711073,1435,ACS 2020-2024 5-year,1030,LODES8 2023
170310626001,41.9359751,-87.6709843,2317,ACS 2020-2024 5-year,908,LODES8 2023
170310627001,41.9374666,-87.6649505,834,ACS 2020-2024 5-year,454,LODES8 2023
170310627002,41.9336285,-87.6657802,940,ACS 2020-2024 5-year,145,LODES8 2023
170310627003,41.9369799,-87.6673546,1378,ACS 2020-2024 5-year,407,LODES8 2023
170310628001,41.9375020,-87.6600668,944,ACS 2020-2024 5-year,116,LODES8 2023
170310628002,41.9337006,-87.6609361,1329,ACS 2020-2024 5-year,378,LODES8 2023
170310628003,41.9370896,-87.6624820,1652,ACS 2020-2024 5-year,272,LODES8 2023
170310629001,41.9376140,-87.6552435,1119,ACS 2020-2024 5-year,250,LODES8 2023
170310629002,41.9337799,-87.6560849,1368,ACS 2020-2024 5-year,146,LODES8 2023
170310629003,41.9371266,-87.6576572,1745,ACS 2020-2024 5-year,533,LODES8 2023
170310630001,41.9381322,-87.6516277,1121,ACS 2020-2024 5-year,3352,LODES8 2023
170310630002,41.9338819,-87.6514757,1401,ACS 2020-2024 5-year,756,LODES8 2023
170310630003,41.9356793,-87.6515353,540,ACS 2020-2024 5-year,36,LODES8 2023
170310631001,41.9375577,-87.6466613,1473,ACS 2020-2024 5-year,957,LODES8 2023
170310631002,41.9393105,-87.6469697,863,ACS 2020-2024 5-year,290,LODES8 2023
170310632001,41.9373638,-87.6404934,793,ACS 2020-2024 5-year,44,LODES8 2023
170310632002,41.9371540,-87.6382445,640,ACS 2020-2024 5-year,37,LODES8 2023
170310632003,41.9396451,-87.6420491,751,ACS 2020-2024 5-year,82,LODES8 2023
170310632004,41.9389231,-87.6346726,1909,ACS 2020-2024 5-year,201,LODES8 2023
170310632005,41.9389822,-87.6417798,782,ACS 2020-2024 5-year,40,LODES8 2023
170310632006,41.9377757,-87.6425766,1931,ACS 2020-2024 5-year,320,LODES8 2023
170310633011,41.9341941,-87.6427722,1010,ACS 2020-2024 5-year,42,LODES8 2023
170310633012,41.9357270,-87.6430488,935,ACS 2020-2024 5-year,70,LODES8 2023
170310633013,41.9333318,-87.6432846,953,ACS 2020-2024 5-year,224,LODES8 2023
170310633021,41.9346840,-87.6386923,1797,ACS 2020-2024 5-year,527,LODES8 2023
170310633022,41.9348936,-87.6404472,698,ACS 2020-2024 5-year,17,LODES8 2023
170310633023,41.9336149,-87.6403557,549,ACS 2020-2024 5-year,120,LODES8 2023
170310633024,41.9359513,-87.6407536,1314,ACS 2020-2024 5-year,63,LODES8 2023
170310633031,41.9350807,-87.6351518,443,ACS 2020-2024 5-year,687,LODES8 2023
170310633032,41.9332411,-87.6314673,872,ACS 2020-2024 5-year,12,LODES8 2023
170310634001,41.9340483,-87.6469653,1356,ACS 2020-2024 5-year,537,LODES8 2023
170310634002,41.9357761,-87.6463004,888,ACS 2020-2024 5-year,172,LODES8 2023
170310701011,41.9301104,-87.6402397,1490,ACS 2020-2024 5-year,49,LODES8 2023
170310701012,41.9270736,-87.6401683,934,ACS 2020-2024 5-year,230,LODES8 2023
170310701013,41.9302664,-87.6320329,1579,ACS 2020-2024 5-year,319,LODES8 2023
170310701021,41.9295544,-87.6417403,1477,ACS 2020-2024 5-year,268,LODES8 2023
170310701022,41.9321160,-87.6429014,586,ACS 2020-2024 5-year,528,LODES8 2023
170310701023,41.9313460,-87.6425230,897,ACS 2020-2024 5-year,105,LODES8 2023
170310701031,41.9261533,-87.6423753,668,ACS 2020-2024 5-year,215,LODES8 2023
170310701032,41.9275062,-87.6428481,821,ACS 2020-2024 5-year,134,LODES8 2023
170310702001,41.9308566,-87.6465087,2012,ACS 2020-2024 5-year,3108,LODES8 2023
170310702002,41.9268380,-87.6467403,1200,ACS 2020-2024 5-year,192,LODES8 2023
170310702003,41.9285043,-87.6450527,823,ACS 2020-2024 5-year,453,LODES8 2023
170310703001,41.9303710,-87.6516304,1604,ACS 2020-2024 5-year,439,LODES8 2023
170310703002,41.9272370,-87.6508732,2107,ACS 2020-2024 5-year,445,LODES8 2023
170310704001,41.9306211,-87.6553399,1242,ACS 2020-2024 5-year,609,LODES8 2023
170310704002,41.9265195,-87.6558294,887,ACS 2020-2024 5-year,164,LODES8 2023
170310704003,41.9294288,-87.6574655,1304,ACS 2020-2024 5-year,151,LODES8 2023
170310705001,41.9299931,-87.6599108,1150,ACS 2020-2024 5-year,149,LODES8 2023
170310705002,41.9263300,-87.6607390,971,ACS 2020-2024 5-year,1141,LODES8 2023
170310705003,41.9302479,-87.6622007,1117,ACS 2020-2024 5-year,95,LODES8 2023
170310706001,41.9300797,-87.6661413,1695,ACS 2020-2024 5-year,81,LODES8 2023
170310706002,41.9268825,-87.6650132,1782,ACS 2020-2024 5-year,539,LODES8 2023
170310707001,41.9302709,-87.6718942,2665,ACS 2020-2024 5-year,645,LODES8 2023
170310707002,41.9269956,-87.6738163,1122,ACS 2020-2024 5-year,1235,LODES8 2023
170310710001,41.9235168,-87.6559703,2182,ACS 2020-2024 5-year,445,LODES8 2023
170310710002,41.9198842,-87.6558525,1977,ACS 2020-2024 5-year,357,LODES8 2023
170310711001,41.9221941,-87.6501631,1656,ACS 2020-2024 5-year,1132,LODES8 2023
170310711002,41.9211878,-87.6523342,1323,ACS 2020-2024 5-year,910,LODES8 2023
170310712001,41.9239808,-87.6458783,1503,ACS 2020-2024 5-year,1218,LODES8 2023
170310712002,41.9205740,-87.6464108,1272,ACS 2020-2024 5-year,187,LODES8 2023
170310713001,41.9216338,-87.6402212,2079,ACS 2020-2024 5-year,221,LODES8 2023
170310713002,41.9219110,-87.6425757,2044,ACS 2020-2024 5-year,178,LODES8 2023
170310714001,41.9202428,-87.6381381,916,ACS 2020-2024 5-year,364,LODES8 2023
170310714002,41.9227255,-87.6295259,1412,ACS 2020-2024 5-year,668,LODES8 2023
170310714003,41.9248984,-87.6380579,1545,ACS 2020-2024 5-year,222,LODES8 2023
170310714004,41.9234346,-87.6374724,575,ACS 2020-2024 5-year,484,LODES8 2023
170310715001,41.9129690,-87.6357444,742,ACS 2020-2024 5-year,542,LODES8 2023
170310715002,41.9137617,-87.6340308,1618,ACS 2020-2024 5-year,27,LODES8 2023
170310715003,41.9142415,-87.6250923,973,ACS 2020-2024 5-year,365,LODES8 2023
170310715004,41.9139749,-87.6376188,838,ACS 2020-2024 5-year,180,LODES8 2023
170310715005,41.9119946,-87.6334194,547,ACS 2020-2024 5-year,193,LODES8 2023
170310715006,41.9156020,-87.6353231,764,ACS 2020-2024 5-year,44,LODES8 2023
170310716001,41.9164722,-87.6411823,1783,ACS 2020-2024 5-year,147,LODES8 2023
170310717001,41.9137547,-87.6411024,789,ACS 2020-2024 5-year,32,LODES8 2023
170310717002,41.9119642,-87.6410406,867,ACS 2020-2024 5-year,44,LODES8 2023
170310718001,41.9145987,-87.6453676,2254,ACS 2020-2024 5-year,368,LODES8 2023
170310718002,41.9145452,-87.6477834,606,ACS 2020-2024 5-year,464,LODES8 2023
170310801001,41.9049767,-87.6279768,342,ACS 2020-2024 5-year,91,LODES8 2023
170310801002,41.9048447,-87.6262607,840,ACS 2020-2024 5-year,99,LODES8 2023
170310801003,41.9073132,-87.6266346,1574,ACS 2020-2024 5-year,33,LODES8 2023
170310801004,41.9103488,-87.6269018,986,ACS 2020-2024 5-year,166,LODES8 2023
170310801005,41.9079102,-87.6263395,1019,ACS 2020-2024 5-year,205,LODES8 2023
170310801006,41.9067663,-87.6281414,1204,ACS 2020-2024 5-year,163,LODES8 2023
170310801007,41.9063199,-87.6264171,422,ACS 2020-2024 5-year,144,LODES8 2023
170310802011,41.9089305,-87.6318392,2038,ACS 2020-2024 5-year,52,LODES8 2023
170310802012,41.9104086,-87.6306811,1166,ACS 2020-2024 5-year,806,LODES8 2023
170310802013,41.9086396,-87.6294617,242,ACS 2020-2024 5-year,24,LODES8 2023
170310802021,41.9048337,-87.6318870,935,ACS 2020-2024 5-year,92,LODES8 2023
170310802022,41.9067928,-87.6315684,1204,ACS 2020-2024 5-year,266,LODES8 2023
170310802023,41.9056550,-87.6296051,1848,ACS 2020-2024 5-year,613,LODES8 2023
170310803001,41.9067492,-87.6354934,1079,ACS 2020-2024 5-year,304,LODES8 2023
170310803002,41.9049265,-87.6359417,2438,ACS 2020-2024 5-year,646,LODES8 2023
170310803003,41.9093794,-87.6370940,1470,ACS 2020-2024 5-year,530,LODES8 2023
170310803004,41.9094140,-87.6344127,1114,ACS 2020-2024 5-year,858,LODES8 2023
170310804001,41.9087964,-87.6397322,3071,ACS 2020-2024 5-year,201,LODES8 2023
170310804002,41.9049679,-87.6406697,451,ACS 2020-2024 5-year,615,LODES8 2023
170310804003,41.9082960,-87.6420782,1893,ACS 2020-2024 5-year,293,LODES8 2023
170310810001,41.9024838,-87.6318193,225,ACS 2020-2024 5-year,212,LODES8 2023
170310810002,41.8988700,-87.6311909,2330,ACS 2020-2024 5-year,552,LODES8 2023
170310810003,41.9011975,-87.6314148,940,ACS 2020-2024 5-year,703,LODES8 2023
170310810004,41.9030115,-87.6335962,1010,ACS 2020-2024 5-year,87,LODES8 2023
170310810005,41.8990425,-87.6333042,2242,ACS 2020-2024 5-year,650,LODES8 2023
170310810006,41.9032231,-87.6311406,1517,ACS 2020-2024 5-year,992,LODES8 2023
170310811001,41.9001721,-87.6290881,1600,ACS 2020-2024 5-year,1225,LODES8 2023
170310811002,41.8975682,-87.6290069,801,ACS 2020-2024 5-year,107,LODES8 2023
170310811003,41.9028552,-87.6292292,1583,ACS 2020-2024 5-year,2191,LODES8 2023
170310812011,41.8999580,-87.6262541,1096,ACS 2020-2024 5-year,8173,LODES8 2023
170310812012,41.8979487,-87.6261804,2221,ACS 2020-2024 5-year,2075,LODES8 2023
170310812013,41.9011531,-87.6262264,1125,ACS 2020-2024 5-year,507,LODES8 2023
170310812021,41.9043769,-87.6242374,997,ACS 2020-2024 5-year,467,LODES8 2023
170310812022,41.9019935,-87.6263697,604,ACS 2020-2024 5-year,372,LODES8 2023
170310812023,41.9035889,-87.6267757,873,ACS 2020-2024 5-year,201,LODES8 2023
170310812024,41.9028100,-87.6265543,1027,ACS 2020-2024 5-year,170,LODES8 2023
170310813001,41.8984017,-87.6210161,819,ACS 2020-2024 5-year,125,LODES8 2023
170310813002,41.8995441,-87.6189971,488,ACS 2020-2024 5-year,37,LODES8 2023
170310813003,41.8992140,-87.6229989,1302,ACS 2020-2024 5-year,4476,LODES8 2023
170310813004,41.8977626,-87.6190648,2025,ACS 2020-2024 5-year,135,LODES8 2023
170310813005,41.8994630,-87.6210488,613,ACS 2020-2024 5-year,43,LODES8 2023
170310813006,41.8975912,-87.6227585,457,ACS 2020-2024 5-year,1740,LODES8 2023
170310814011,41.8950618,-87.6222890,1024,ACS 2020-2024 5-year,23495,LODES8 2023
170310814012,41.8950136,-87.6177287,1479,ACS 2020-2024 5-year,8462,LODES8 2023
170310814021,41.8910215,-87.6129138,3516,ACS 2020-2024 5-year,1743,LODES8 2023
170310814022,41.8930593,-87.6160564,1614,ACS 2020-2024 5-year,221,LODES8 2023
170310814023,41.8911484,-87.6161902,1557,ACS 2020-2024 5-year,281,LODES8 2023
170310814031,41.8895460,-87.6132392,4777,ACS 2020-2024 5-year,19292,LODES8 2023
170310814032,41.8929908,-87.6209560,1954,ACS 2020-2024 5-year,3458,LODES8 2023
170310814033,41.8921894,-87.6210021,3560,ACS 2020-2024 5-year,989,LODES8 2023
170310815001,41.8945803,-87.6274721,2020,ACS 2020-2024 5-year,2637,LODES8 2023
170310815002,41.8940596,-87.6256661,1272,ACS 2020-2024 5-year,6178,LODES8 2023
170310815003,41.8897692,-87.6260186,1945,ACS 2020-2024 5-year,19975,LODES8 2023
170310816001,41.8906516,-87.6288234,3046,ACS 2020-2024 5-year,4081,LODES8 2023
170310816002,41.8953635,-87.6289552,1507,ACS 2020-2024 5-year,265,LODES8 2023
170310817001,41.8957237,-87.6319652,1774,ACS 2020-2024 5-year,2341,LODES8 2023
170310817002,41.8910134,-87.6317954,3387,ACS 2020-2024 5-year,23649,LODES8 2023
170310818001,41.8955171,-87.6364609,4223,ACS 2020-2024 5-year,9114,LODES8 2023
170310818002,41.8895486,-87.6376428,4906,ACS 2020-2024 5-year,23228,LODES8 2023
170310818003,41.8947177,-87.6400257,1628,ACS 2020-2024 5-year,1606,LODES8 2023
170310818004,41.8937187,-87.6396153,2764,ACS 2020-2024 5-year,1131,LODES8 2023
170310819001,41.8979900,-87.6414870,1326,ACS 2020-2024 5-year,259,LODES8 2023
170310901001,42.0170665,-87.8102366,747,ACS 2020-2024 5-year,120,LODES8 2023
170310901002,42.0134349,-87.8102765,1312,ACS 2020-2024 5-year,210,LODES8 2023
170310901003,42.0132824,-87.8169803,601,ACS 2020-2024 5-year,91,LODES8 2023
170310901004,42.0169385,-87.8174878,907,ACS 2020-2024 5-year,49,LODES8 2023
170310902001,42.0089333,-87.8094690,817,ACS 2020-2024 5-year,249,LODES8 2023
170310902002,42.0031984,-87.8090930,2060,ACS 2020-2024 5-year,113,LODES8 2023
170310902003,42.0006536,-87.8118100,1262,ACS 2020-2024 5-year,290,LODES8 2023
170310902004,42.0070091,-87.8186417,1882,ACS 2020-2024 5-year,241,LODES8 2023
170310902005,42.0078666,-87.8143560,597,ACS 2020-2024 5-year,60,LODES8 2023
170310903001,41.9991127,-87.8163644,1373,ACS 2020-2024 5-year,1350,LODES8 2023
170311001001,41.9942117,-87.7853422,1491,ACS 2020-2024 5-year,356,LODES8 2023
170311001002,41.9908425,-87.7804668,2319,ACS 2020-2024 5-year,1388,LODES8 2023
170311001003,41.9888922,-87.7849959,1074,ACS 2020-2024 5-year,6,LODES8 2023
170311001004,41.9847156,-87.7828420,966,ACS 2020-2024 5-year,160,LODES8 2023
170311002001,41.9991614,-87.7875510,1794,ACS 2020-2024 5-year,122,LODES8 2023
170311002002,41.9955569,-87.7913480,839,ACS 2020-2024 5-year,172,LODES8 2023
170311002003,41.9909539,-87.7900588,1321,ACS 2020-2024 5-year,165,LODES8 2023
170311002004,41.9903698,-87.7939223,507,ACS 2020-2024 5-year,269,LODES8 2023
170311002005,41.9955390,-87.8017835,1247,ACS 2020-2024 5-year,331,LODES8 2023
170311002006,41.9996278,-87.8032001,855,ACS 2020-2024 5-year,40,LODES8 2023
170311002007,41.9970287,-87.7970253,1179,ACS 2020-2024 5-year,10,LODES8 2023
170311003001,41.9846713,-87.7925050,856,ACS 2020-2024 5-year,72,LODES8 2023
170311003002,41.9863982,-87.8094359,1202,ACS 2020-2024 5-year,101,LODES8 2023
170311003003,41.9876486,-87.7997396,382,ACS 2020-2024 5-year,74,LODES8 2023
170311003004,41.9909358,-87.8042044,1452,ACS 2020-2024 5-year,223,LODES8 2023
170311003005,41.9951093,-87.8124044,1005,ACS 2020-2024 5-year,20,LODES8 2023
170311003006,41.9915800,-87.8118305,1598,ACS 2020-2024 5-year,210,LODES8 2023
170311004001,41.9943265,-87.8190378,1272,ACS 2020-2024 5-year,51,LODES8 2023
170311004002,41.9899866,-87.8201476,653,ACS 2020-2024 5-year,23,LODES8 2023
170311004003,41.9861043,-87.8166981,1425,ACS 2020-2024 5-year,3556,LODES8 2023
170311005001,41.9807826,-87.8109767,1161,ACS 2020-2024 5-year,71,LODES8 2023
170311005002,41.9759798,-87.8110480,911,ACS 2020-2024 5-year,545,LODES8 2023
170311005003,41.9786797,-87.8159665,560,ACS 2020-2024 5-year,21,LODES8 2023
170311005004,41.9803053,-87.8211997,1276,ACS 2020-2024 5-year,26,LODES8 2023
170311005005,41.9759176,-87.8278840,2044,ACS 2020-2024 5-year,773,LODES8 2023
170311006001,41.9799591,-87.7901043,1387,ACS 2020-2024 5-year,171,LODES8 2023
170311006002,41.9769527,-87.7945440,1258,ACS 2020-2024 5-year,75,LODES8 2023
170311006003,41.9772414,-87.8030245,770,ACS 2020-2024 5-year,528,LODES8 2023
170311006004,41.9808053,-87.7994984,1391,ACS 2020-2024 5-year,726,LODES8 2023
170311007001,41.9722446,-87.7897593,646,ACS 2020-2024 5-year,15,LODES8 2023
170311007002,41.9722132,-87.7933942,1136,ACS 2020-2024 5-year,16,LODES8 2023
170311007003,41.9721828,-87.7970431,1605,ACS 2020-2024 5-year,29,LODES8 2023
170311007004,41.9721523,-87.8006669,1126,ACS 2020-2024 5-year,46,LODES8 2023
170311007005,41.9719027,-87.8047797,822,ACS 2020-2024 5-year,112,LODES8 2023
170311101001,41.9843330,-87.7629794,1007,ACS 2020-2024 5-year,1517,LODES8 2023
170311101002,41.9845699,-87.7714096,1922,ACS 2020-2024 5-year,46,LODES8 2023
170311101003,41.9846880,-87.7760932,483,ACS 2020-2024 5-year,311,LODES8 2023
170311101004,41.9882342,-87.7752146,671,ACS 2020-2024 5-year,40,LODES8 2023
170311101005,41.9925921,-87.7745190,1318,ACS 2020-2024 5-year,13,LODES8 2023
170311102001,41.9797234,-87.7706652,1383,ACS 2020-2024 5-year,311,LODES8 2023
170311102002,41.9803813,-87.7759421,1488,ACS 2020-2024 5-year,944,LODES8 2023
170311103001,41.9808197,-87.7838017,873,ACS 2020-2024 5-year,11,LODES8 2023
170311103002,41.9776996,-87.7838222,937,ACS 2020-2024 5-year,49,LODES8 2023
170311103003,41.9753591,-87.7820170,600,ACS 2020-2024 5-year,77,LODES8 2023
170311103004,41.9722555,-87.7842011,1558,ACS 2020-2024 5-year,23,LODES8 2023
170311103005,41.9701691,-87.7820435,1215,ACS 2020-2024 5-year,44,LODES8 2023
170311104001,41.9745732,-87.7716225,1772,ACS 2020-2024 5-year,248,LODES8 2023
170311104002,41.9698630,-87.7727830,1690,ACS 2020-2024 5-year,105,LODES8 2023
170311104003,41.9723556,-87.7750220,1196,ACS 2020-2024 5-year,95,LODES8 2023
170311105011,41.9790502,-87.7667313,559,ACS 2020-2024 5-year,563,LODES8 2023
170311105012,41.9747067,-87.7588648,2045,ACS 2020-2024 5-year,44,LODES8 2023
170311105013,41.9788954,-87.7598023,760,ACS 2020-2024 5-year,202,LODES8 2023
170311105014,41.9770260,-87.7635136,1653,ACS 2020-2024 5-year,50,LODES8 2023
170311105021,41.9690396,-87.7620481,1543,ACS 2020-2024 5-year,832,LODES8 2023
170311105022,41.9711087,-87.7584044,1976,ACS 2020-2024 5-year,743,LODES8 2023
170311201001,42.0093321,-87.7756127,1378,ACS 2020-2024 5-year,171,LODES8 2023
170311201002,42.0018167,-87.7708808,1233,ACS 2020-2024 5-year,28,LODES8 2023
170311201003,41.9977148,-87.7737292,523,ACS 2020-2024 5-year,131,LODES8 2023
170311201004,42.0089825,-87.7829123,1150,ACS 2020-2024 5-year,380,LODES8 2023
170311202001,42.0034197,-87.7648596,1326,ACS 2020-2024 5-year,583,LODES8 2023
170311202002,41.9976960,-87.7602369,988,ACS 2020-2024 5-year,157,LODES8 2023
170311202003,41.9952293,-87.7553357,1038,ACS 2020-2024 5-year,19,LODES8 2023
170311202004,41.9898417,-87.7543233,1248,ACS 2020-2024 5-year,991,LODES8 2023
170311203001,41.9955693,-87.7319548,545,ACS 2020-2024 5-year,193,LODES8 2023
170311203002,41.9909722,-87.7349650,1557,ACS 2020-2024 5-year,1090,LODES8 2023
170311203003,41.9851844,-87.7427843,1199,ACS 2020-2024 5-year,59,LODES8 2023
170311203004,41.9892699,-87.7447724,996,ACS 2020-2024 5-year,356,LODES8 2023
170311203005,41.9943738,-87.7396671,1494,ACS 2020-2024 5-year,18,LODES8 2023
170311203006,41.9940060,-87.7447109,1234,ACS 2020-2024 5-year,118,LODES8 2023
170311204001,41.9815134,-87.7533270,884,ACS 2020-2024 5-year,27,LODES8 2023
170311204002,41.9756415,-87.7515917,1437,ACS 2020-2024 5-year,458,LODES8 2023
170311204003,41.9708766,-87.7505854,1671,ACS 2020-2024 5-year,19,LODES8 2023
170311301001,41.9953792,-87.7240572,1054,ACS 2020-2024 5-year,124,LODES8 2023
170311301002,41.9881599,-87.7239044,1699,ACS 2020-2024 5-year,151,LODES8 2023
170311301003,41.9937346,-87.7151270,2665,ACS 2020-2024 5-year,2262,LODES8 2023
170311302001,41.9818378,-87.7375733,1394,ACS 2020-2024 5-year,1590,LODES8 2023
170311303001,41.9860947,-87.7092770,523,ACS 2020-2024 5-year,30,LODES8 2023
170311303002,41.9866136,-87.7175351,750,ACS 2020-2024 5-year,189,LODES8 2023
170311303003,41.9876027,-87.7128869,1847,ACS 2020-2024 5-year,56,LODES8 2023
170311303004,41.9848151,-87.7144227,1824,ACS 2020-2024 5-year,129,LODES8 2023
170311401001,41.9712095,-87.7051949,1431,ACS 2020-2024 5-year,36,LODES8 2023
170311401002,41.9699885,-87.7065046,2179,ACS 2020-2024 5-year,198,LODES8 2023
170311402001,41.9719663,-87.7106236,2358,ACS 2020-2024 5-year,295,LODES8 2023
170311402002,41.9693302,-87.7115580,1168,ACS 2020-2024 5-year,397,LODES8 2023
170311402003,41.9704161,-87.7162721,2522,ACS 2020-2024 5-year,491,LODES8 2023
170311403011,41.9692321,-87.7207245,1280,ACS 2020-2024 5-year,47,LODES8 2023
170311403012,41.9691790,-87.7256118,1435,ACS 2020-2024 5-year,110,LODES8 2023
170311403021,41.9710011,-87.7256603,1311,ACS 2020-2024 5-year,17,LODES8 2023
170311403022,41.9721477,-87.7209344,775,ACS 2020-2024 5-year,40,LODES8 2023
170311403023,41.9735278,-87.7254826,1321,ACS 2020-2024 5-year,448,LODES8 2023
170311404001,41.9703353,-87.7307619,1263,ACS 2020-2024 5-year,264,LODES8 2023
170311404002,41.9718182,-87.7343002,965,ACS 2020-2024 5-year,76,LODES8 2023
170311404003,41.9717936,-87.7367675,1311,ACS 2020-2024 5-year,21,LODES8 2023
170311404004,41.9716535,-87.7393529,1070,ACS 2020-2024 5-year,253,LODES8 2023
170311404005,41.9717718,-87.7442759,1241,ACS 2020-2024 5-year,1145,LODES8 2023
170311405001,41.9672903,-87.7321617,543,ACS 2020-2024 5-year,81,LODES8 2023
170311405002,41.9658244,-87.7338713,1414,ACS 2020-2024 5-year,108,LODES8 2023
170311405003,41.9634838,-87.7300707,1358,ACS 2020-2024 5-year,234,LODES8 2023
170311406011,41.9646471,-87.7258909,2468,ACS 2020-2024 5-year,209,LODES8 2023
170311406021,41.9674242,-87.7194471,640,ACS 2020-2024 5-year,34,LODES8 2023
170311406022,41.9637817,-87.7193408,1742,ACS 2020-2024 5-year,12,LODES8 2023
170311406023,41.9658129,-87.7223503,838,ACS 2020-2024 5-year,42,LODES8 2023
170311406024,41.9622838,-87.7220370,991,ACS 2020-2024 5-year,64,LODES8 2023
170311407011,41.9667977,-87.7109034,1893,ACS 2020-2024 5-year,227,LODES8 2023
170311407012,41.9674664,-87.7157806,977,ACS 2020-2024 5-year,63,LODES8 2023
170311407021,41.9630016,-87.7098429,1149,ACS 2020-2024 5-year,412,LODES8 2023
170311407022,41.9631195,-87.7125422,1444,ACS 2020-2024 5-year,38,LODES8 2023
170311407023,41.9652048,-87.7169598,1243,ACS 2020-2024 5-year,31,LODES8 2023
170311407024,41.9631030,-87.7152836,1284,ACS 2020-2024 5-year,23,LODES8 2023
170311408001,41.9656839,-87.7059431,656,ACS 2020-2024 5-year,21,LODES8 2023
170311408002,41.9622459,-87.6976059,788,ACS 2020-2024 5-year,209,LODES8 2023
170311408003,41.9629867,-87.7021877,913,ACS 2020-2024 5-year,68,LODES8 2023
170311408004,41.9629563,-87.7064674,1113,ACS 2020-2024 5-year,88,LODES8 2023
170311408005,41.9668889,-87.7023453,2454,ACS 2020-2024 5-year,308,LODES8 2023
170311502001,41.9565532,-87.7523261,1235,ACS 2020-2024 5-year,240,LODES8 2023
170311502002,41.9640983,-87.7509021,1798,ACS 2020-2024 5-year,142,LODES8 2023
170311502003,41.9542713,-87.7522495,1047,ACS 2020-2024 5-year,333,LODES8 2023
170311502004,41.9635609,-87.7546963,2382,ACS 2020-2024 5-year,200,LODES8 2023
170311502005,41.9588356,-87.7524007,944,ACS 2020-2024 5-year,243,LODES8 2023
170311503001,41.9654915,-87.7599676,1749,ACS 2020-2024 5-year,278,LODES8 2023
170311503002,41.9615111,-87.7598066,872,ACS 2020-2024 5-year,21,LODES8 2023
170311503003,41.9582894,-87.7597764,553,ACS 2020-2024 5-year,19,LODES8 2023
170311503004,41.9550949,-87.7596710,871,ACS 2020-2024 5-year,267,LODES8 2023
170311503005,41.9564076,-87.7646440,839,ACS 2020-2024 5-year,49,LODES8 2023
170311503006,41.9614504,-87.7648131,744,ACS 2020-2024 5-year,256,LODES8 2023
170311503007,41.9655362,-87.7649738,1552,ACS 2020-2024 5-year,197,LODES8 2023
170311504011,41.9668624,-87.7699524,970,ACS 2020-2024 5-year,151,LODES8 2023
170311504012,41.9627320,-87.7697609,1717,ACS 2020-2024 5-year,96,LODES8 2023
170311504013,41.9663177,-87.7748623,1780,ACS 2020-2024 5-year,114,LODES8 2023
170311504014,41.9622620,-87.7745786,843,ACS 2020-2024 5-year,22,LODES8 2023
170311504021,41.9549753,-87.7695057,706,ACS 2020-2024 5-year,140,LODES8 2023
170311504022,41.9549104,-87.7743936,1301,ACS 2020-2024 5-year,43,LODES8 2023
170311504023,41.9586228,-87.7721373,1916,ACS 2020-2024 5-year,289,LODES8 2023
170311505011,41.9665745,-87.7820452,1721,ACS 2020-2024 5-year,75,LODES8 2023
170311505012,41.9633642,-87.7838138,1190,ACS 2020-2024 5-year,15,LODES8 2023
170311505013,41.9621501,-87.7806382,1024,ACS 2020-2024 5-year,14,LODES8 2023
170311505021,41.9585981,-87.7831820,2161,ACS 2020-2024 5-year,130,LODES8 2023
170311505022,41.9567998,-87.7781071,1161,ACS 2020-2024 5-year,195,LODES8 2023
170311505023,41.9547913,-87.7829535,1138,ACS 2020-2024 5-year,63,LODES8 2023
170311506001,41.9513260,-87.7693822,926,ACS 2020-2024 5-year,116,LODES8 2023
170311506002,41.9476758,-87.7692568,978,ACS 2020-2024 5-year,126,LODES8 2023
170311506003,41.9476197,-87.7741344,1054,ACS 2020-2024 5-year,6,LODES8 2023
170311506004,41.9512647,-87.7742669,1078,ACS 2020-2024 5-year,183,LODES8 2023
170311507001,41.9514443,-87.7595543,909,ACS 2020-2024 5-year,97,LODES8 2023
170311507002,41.9477954,-87.7594369,591,ACS 2020-2024 5-year,26,LODES8 2023
170311507003,41.9477617,-87.7643409,1568,ACS 2020-2024 5-year,65,LODES8 2023
170311507004,41.9514135,-87.7644983,847,ACS 2020-2024 5-year,75,LODES8 2023
170311508001,41.9520136,-87.7497381,741,ACS 2020-2024 5-year,253,LODES8 2023
170311508002,41.9492801,-87.7496510,1372,ACS 2020-2024 5-year,11,LODES8 2023
170311508003,41.9469761,-87.7520291,1089,ACS 2020-2024 5-year,52,LODES8 2023
170311508004,41.9492203,-87.7545689,687,ACS 2020-2024 5-year,5,LODES8 2023
170311508005,41.9519548,-87.7546508,763,ACS 2020-2024 5-year,30,LODES8 2023
170311510011,41.9437503,-87.7543934,2049,ACS 2020-2024 5-year,43,LODES8 2023
170311510012,41.9401005,-87.7542847,567,ACS 2020-2024 5-year,33,LODES8 2023
170311510021,41.9409210,-87.7498002,1174,ACS 2020-2024 5-year,79,LODES8 2023
170311510022,41.9435122,-87.7447359,855,ACS 2020-2024 5-year,320,LODES8 2023
170311510023,41.9442687,-87.7494819,1900,ACS 2020-2024 5-year,103,LODES8 2023
170311510024,41.9397536,-87.7457732,544,ACS 2020-2024 5-year,583,LODES8 2023
170311511001,41.9441457,-87.7593192,1571,ACS 2020-2024 5-year,68,LODES8 2023
170311511002,41.9404940,-87.7592037,1773,ACS 2020-2024 5-year,71,LODES8 2023
170311511003,41.9404328,-87.7641108,958,ACS 2020-2024 5-year,72,LODES8 2023
170311511004,41.9440834,-87.7642332,1106,ACS 2020-2024 5-year,88,LODES8 2023
170311512001,41.9435674,-87.7691105,949,ACS 2020-2024 5-year,677,LODES8 2023
170311512002,41.9398826,-87.7714101,1512,ACS 2020-2024 5-year,239,LODES8 2023
170311512003,41.9435114,-87.7739782,986,ACS 2020-2024 5-year,82,LODES8 2023
170311601001,41.9646688,-87.7404902,1654,ACS 2020-2024 5-year,105,LODES8 2023
170311601002,41.9645902,-87.7449454,960,ACS 2020-2024 5-year,177,LODES8 2023
170311602001,41.9622998,-87.7337057,615,ACS 2020-2024 5-year,130,LODES8 2023
170311602002,41.9634115,-87.7371796,545,ACS 2020-2024 5-year,91,LODES8 2023
170311602003,41.9578764,-87.7359163,357,ACS 2020-2024 5-year,106,LODES8 2023
170311602004,41.9571369,-87.7409485,1846,ACS 2020-2024 5-year,1451,LODES8 2023
170311603001,41.9581921,-87.7293630,1915,ACS 2020-2024 5-year,163,LODES8 2023
170311603002,41.9548696,-87.7312826,414,ACS 2020-2024 5-year,81,LODES8 2023
170311603003,41.9585061,-87.7323961,1238,ACS 2020-2024 5-year,23,LODES8 2023
170311604001,41.9580515,-87.7202278,2507,ACS 2020-2024 5-year,413,LODES8 2023
170311604002,41.9552861,-87.7240242,1751,ACS 2020-2024 5-year,364,LODES8 2023
170311604003,41.9591550,-87.7253254,1161,ACS 2020-2024 5-year,440,LODES8 2023
170311605011,41.9591461,-87.7106559,1578,ACS 2020-2024 5-year,121,LODES8 2023
170311605012,41.9592801,-87.7155323,1946,ACS 2020-2024 5-year,49,LODES8 2023
170311605021,41.9565598,-87.7148339,1031,ACS 2020-2024 5-year,8,LODES8 2023
170311605022,41.9555185,-87.7104802,2049,ACS 2020-2024 5-year,116,LODES8 2023
170311605023,41.9550927,-87.7157691,1147,ACS 2020-2024 5-year,47,LODES8 2023
170311606011,41.9593811,-87.7063565,1126,ACS 2020-2024 5-year,155,LODES8 2023
170311606012,41.9593996,-87.7033000,516,ACS 2020-2024 5-year,60,LODES8 2023
170311606013,41.9594137,-87.7002425,1407,ACS 2020-2024 5-year,223,LODES8 2023
170311606021,41.9548603,-87.7025494,824,ACS 2020-2024 5-year,105,LODES8 2023
170311606022,41.9559273,-87.7064897,1257,ACS 2020-2024 5-year,110,LODES8 2023
170311606023,41.9557701,-87.6963715,1337,ACS 2020-2024 5-year,45,LODES8 2023
170311607001,41.9519340,-87.6972849,840,ACS 2020-2024 5-year,272,LODES8 2023
170311607002,41.9521303,-87.7024649,934,ACS 2020-2024 5-year,64,LODES8 2023
170311607003,41.9484867,-87.7011436,1875,ACS 2020-2024 5-year,611,LODES8 2023
170311607004,41.9484657,-87.7060360,1719,ACS 2020-2024 5-year,1400,LODES8 2023
170311607005,41.9521100,-87.7061309,725,ACS 2020-2024 5-year,69,LODES8 2023
170311608001,41.9511714,-87.7091657,839,ACS 2020-2024 5-year,79,LODES8 2023
170311608002,41.9481152,-87.7107183,863,ACS 2020-2024 5-year,301,LODES8 2023
170311608003,41.9483651,-87.7146016,1115,ACS 2020-2024 5-year,55,LODES8 2023
170311608004,41.9507632,-87.7166372,561,ACS 2020-2024 5-year,84,LODES8 2023
170311608005,41.9520839,-87.7128021,1299,ACS 2020-2024 5-year,140,LODES8 2023
170311609001,41.9506217,-87.7199806,1293,ACS 2020-2024 5-year,610,LODES8 2023
170311609002,41.9496873,-87.7245300,1203,ACS 2020-2024 5-year,426,LODES8 2023
170311610001,41.9518062,-87.7307370,854,ACS 2020-2024 5-year,307,LODES8 2023
170311610002,41.9481632,-87.7306293,1206,ACS 2020-2024 5-year,114,LODES8 2023
170311611001,41.9517298,-87.7373996,743,ACS 2020-2024 5-year,163,LODES8 2023
170311611002,41.9486293,-87.7386658,1355,ACS 2020-2024 5-year,312,LODES8 2023
170311612001,41.9443981,-87.7385372,1629,ACS 2020-2024 5-year,631,LODES8 2023
170311612002,41.9408050,-87.7386011,1208,ACS 2020-2024 5-year,189,LODES8 2023
170311613001,41.9451525,-87.7293042,872,ACS 2020-2024 5-year,19,LODES8 2023
170311613002,41.9416948,-87.7286484,698,ACS 2020-2024 5-year,352,LODES8 2023
170311613003,41.9403902,-87.7321508,1032,ACS 2020-2024 5-year,60,LODES8 2023
170311613004,41.9438831,-87.7327293,1288,ACS 2020-2024 5-year,137,LODES8 2023
170311701001,41.9558596,-87.7948168,2085,ACS 2020-2024 5-year,2893,LODES8 2023
170311702001,41.9507433,-87.7791314,833,ACS 2020-2024 5-year,99,LODES8 2023
170311702002,41.9470826,-87.7814302,1783,ACS 2020-2024 5-year,35,LODES8 2023
170311702003,41.9506853,-87.7840155,937,ACS 2020-2024 5-year,50,LODES8 2023
170311703001,41.9492006,-87.7912682,479,ACS 2020-2024 5-year,402,LODES8 2023
170311703002,41.9490990,-87.7973464,1035,ACS 2020-2024 5-year,53,LODES8 2023
170311703003,41.9490778,-87.7997741,773,ACS 2020-2024 5-year,25,LODES8 2023
170311703004,41.9490548,-87.8022222,953,ACS 2020-2024 5-year,6,LODES8 2023
170311703005,41.9490225,-87.8052990,1554,ACS 2020-2024 5-year,169,LODES8 2023
170311704001,41.9507860,-87.8096695,810,ACS 2020-2024 5-year,96,LODES8 2023
170311704002,41.9470383,-87.8094975,1008,ACS 2020-2024 5-year,15,LODES8 2023
170311704003,41.9469695,-87.8150739,1381,ACS 2020-2024 5-year,27,LODES8 2023
170311704004,41.9506475,-87.8152579,875,ACS 2020-2024 5-year,69,LODES8 2023
170311705001,41.9487553,-87.8231581,1602,ACS 2020-2024 5-year,83,LODES8 2023
170311705002,41.9556292,-87.8343750,1051,ACS 2020-2024 5-year,10,LODES8 2023
170311705003,41.9503268,-87.8323875,1459,ACS 2020-2024 5-year,43,LODES8 2023
170311705004,41.9466944,-87.8322063,787,ACS 2020-2024 5-year,37,LODES8 2023
170311706001,41.9413528,-87.8283073,867,ACS 2020-2024 5-year,34,LODES8 2023
170311706002,41.9412492,-87.8325479,1633,ACS 2020-2024 5-year,98,LODES8 2023
170311707001,41.9432392,-87.8203880,887,ACS 2020-2024 5-year,27,LODES8 2023
170311707002,41.9395719,-87.8202488,1396,ACS 2020-2024 5-year,38,LODES8 2023
170311707003,41.9414224,-87.8246186,1040,ACS 2020-2024 5-year,31,LODES8 2023
170311708001,41.9416118,-87.8086884,1289,ACS 2020-2024 5-year,174,LODES8 2023
170311708002,41.9415656,-87.8123534,1411,ACS 2020-2024 5-year,67,LODES8 2023
170311708003,41.9415511,-87.8160493,1397,ACS 2020-2024 5-year,61,LODES8 2023
170311709001,41.9361958,-87.8116057,1854,ACS 2020-2024 5-year,145,LODES8 2023
170311710001,41.9437733,-87.7892709,891,ACS 2020-2024 5-year,43,LODES8 2023
170311710002,41.9401029,-87.7891174,1716,ACS 2020-2024 5-year,76,LODES8 2023
170311710003,41.9399981,-87.7951449,852,ACS 2020-2024 5-year,63,LODES8 2023
170311710004,41.9436595,-87.7952930,798,ACS 2020-2024 5-year,56,LODES8 2023
170311710005,41.9417331,-87.8007145,631,ACS 2020-2024 5-year,86,LODES8 2023
170311710006,41.9416582,-87.8050227,1290,ACS 2020-2024 5-year,344,LODES8 2023
170311711001,41.9439014,-87.7800829,1773,ACS 2020-2024 5-year,80,LODES8 2023
170311711002,41.9402345,-87.7799345,1138,ACS 2020-2024 5-year,104,LODES8 2023
170311711003,41.9420080,-87.7849335,965,ACS 2020-2024 5-year,63,LODES8 2023
170311801001,41.9363689,-87.7937840,1000,ACS 2020-2024 5-year,107,LODES8 2023
170311801002,41.9327338,-87.7936860,1530,ACS 2020-2024 5-year,45,LODES8 2023
170311801003,41.9326488,-87.7998219,628,ACS 2020-2024 5-year,132,LODES8 2023
170311801004,41.9362740,-87.8003930,2703,ACS 2020-2024 5-year,85,LODES8 2023
170311801005,41.9341451,-87.8049724,1179,ACS 2020-2024 5-year,194,LODES8 2023
170311901001,41.9352176,-87.7443889,2423,ACS 2020-2024 5-year,729,LODES8 2023
170311902001,41.9378516,-87.7517539,1454,ACS 2020-2024 5-year,245,LODES8 2023
170311902002,41.9360285,-87.7516845,1478,ACS 2020-2024 5-year,30,LODES8 2023
170311902003,41.9342048,-87.7516120,1805,ACS 2020-2024 5-year,55,LODES8 2023
170311902004,41.9323794,-87.7515457,1029,ACS 2020-2024 5-year,142,LODES8 2023
170311903001,41.9377256,-87.7615613,1123,ACS 2020-2024 5-year,210,LODES8 2023
170311903002,41.9359018,-87.7614966,1198,ACS 2020-2024 5-year,83,LODES8 2023
170311903003,41.9340760,-87.7614327,2050,ACS 2020-2024 5-year,18,LODES8 2023
170311903004,41.9322503,-87.7613635,1357,ACS 2020-2024 5-year,91,LODES8 2023
170311904011,41.9365568,-87.7810167,1271,ACS 2020-2024 5-year,98,LODES8 2023
170311904012,41.9328989,-87.7808881,2584,ACS 2020-2024 5-year,98,LODES8 2023
170311904021,41.9366861,-87.7712946,1399,ACS 2020-2024 5-year,269,LODES8 2023
170311904022,41.9330348,-87.7711690,3181,ACS 2020-2024 5-year,108,LODES8 2023
170311906011,41.9301376,-87.7820188,537,ACS 2020-2024 5-year,32,LODES8 2023
170311906012,41.9264793,-87.7818938,917,ACS 2020-2024 5-year,7,LODES8 2023
170311906013,41.9274648,-87.7768000,2334,ACS 2020-2024 5-year,44,LODES8 2023
170311906021,41.9275088,-87.7743932,772,ACS 2020-2024 5-year,73,LODES8 2023
170311906022,41.9275926,-87.7685491,2376,ACS 2020-2024 5-year,648,LODES8 2023
170311906023,41.9275370,-87.7721948,2597,ACS 2020-2024 5-year,42,LODES8 2023
170311907011,41.9297124,-87.7637324,1911,ACS 2020-2024 5-year,157,LODES8 2023
170311907012,41.9298864,-87.7589167,773,ACS 2020-2024 5-year,116,LODES8 2023
170311907021,41.9269758,-87.7636344,1232,ACS 2020-2024 5-year,66,LODES8 2023
170311907022,41.9271864,-87.7586129,1371,ACS 2020-2024 5-year,22,LODES8 2023
170311907023,41.9249620,-87.7610808,1789,ACS 2020-2024 5-year,242,LODES8 2023
170311908001,41.9301414,-87.7489941,889,ACS 2020-2024 5-year,226,LODES8 2023
170311908002,41.9274230,-87.7488850,440,ACS 2020-2024 5-year,20,LODES8 2023
170311908003,41.9251018,-87.7512556,1618,ACS 2020-2024 5-year,237,LODES8 2023
170311908004,41.9273565,-87.7538040,1891,ACS 2020-2024 5-year,9,LODES8 2023
170311908005,41.9300747,-87.7539091,1180,ACS 2020-2024 5-year,42,LODES8 2023
170311909001,41.9279225,-87.7441048,1818,ACS 2020-2024 5-year,153,LODES8 2023
170311910001,41.9224422,-87.7439179,901,ACS 2020-2024 5-year,233,LODES8 2023
170311910002,41.9174035,-87.7437345,1414,ACS 2020-2024 5-year,436,LODES8 2023
170311911001,41.9214794,-87.7474599,734,ACS 2020-2024 5-year,90,LODES8 2023
170311911002,41.9165713,-87.7475704,712,ACS 2020-2024 5-year,76,LODES8 2023
170311911003,41.9170485,-87.7510649,1285,ACS 2020-2024 5-year,873,LODES8 2023
170311911004,41.9214546,-87.7499190,1875,ACS 2020-2024 5-year,35,LODES8 2023
170311911005,41.9217698,-87.7533722,1435,ACS 2020-2024 5-year,100,LODES8 2023
170311911006,41.9178908,-87.7546208,238,ACS 2020-2024 5-year,67,LODES8 2023
170311912001,41.9217196,-87.7582933,2595,ACS 2020-2024 5-year,68,LODES8 2023
170311912002,41.9194936,-87.7618709,1241,ACS 2020-2024 5-year,76,LODES8 2023
170311913011,41.9225276,-87.7795106,1610,ACS 2020-2024 5-year,60,LODES8 2023
170311913012,41.9184058,-87.7792465,1574,ACS 2020-2024 5-year,154,LODES8 2023
170311913013,41.9201298,-87.7830304,1672,ACS 2020-2024 5-year,120,LODES8 2023
170311913021,41.9199021,-87.7725862,2439,ACS 2020-2024 5-year,230,LODES8 2023
170311913022,41.9206166,-87.7680972,1788,ACS 2020-2024 5-year,268,LODES8 2023
170312001001,41.9345491,-87.7343670,934,ACS 2020-2024 5-year,232,LODES8 2023
170312001002,41.9352455,-87.7369940,954,ACS 2020-2024 5-year,74,LODES8 2023
170312001003,41.9352692,-87.7400911,2116,ACS 2020-2024 5-year,181,LODES8 2023
170312002001,41.9297789,-87.7336207,628,ACS 2020-2024 5-year,355,LODES8 2023
170312002002,41.9261627,-87.7326324,1537,ACS 2020-2024 5-year,540,LODES8 2023
170312002003,41.9258227,-87.7391640,963,ACS 2020-2024 5-year,42,LODES8 2023
170312002004,41.9294701,-87.7392892,1473,ACS 2020-2024 5-year,285,LODES8 2023
170312003001,41.9235272,-87.7297793,618,ACS 2020-2024 5-year,72,LODES8 2023
170312003002,41.9234474,-87.7372134,1240,ACS 2020-2024 5-year,187,LODES8 2023
170312004011,41.9188461,-87.7389329,1267,ACS 2020-2024 5-year,203,LODES8 2023
170312004012,41.9211905,-87.7353985,1871,ACS 2020-2024 5-year,934,LODES8 2023
170312004021,41.9180323,-87.7291590,1446,ACS 2020-2024 5-year,198,LODES8 2023
170312004022,41.9198675,-87.7300058,1247,ACS 2020-2024 5-year,68,LODES8 2023
170312004023,41.9216908,-87.7300915,1685,ACS 2020-2024 5-year,165,LODES8 2023
170312101001,41.9446487,-87.7005716,1124,ACS 2020-2024 5-year,2400,LODES8 2023
170312101002,41.9409896,-87.7047112,1859,ACS 2020-2024 5-year,228,LODES8 2023
170312101003,41.9448081,-87.7055716,1223,ACS 2020-2024 5-year,169,LODES8 2023
170312104001,41.9372349,-87.7300274,1841,ACS 2020-2024 5-year,130,LODES8 2023
170312104002,41.9344639,-87.7305449,1254,ACS 2020-2024 5-year,469,LODES8 2023
170312105011,41.9374886,-87.7188946,727,ACS 2020-2024 5-year,414,LODES8 2023
170312105012,41.9373587,-87.7240049,2172,ACS 2020-2024 5-year,386,LODES8 2023
170312105021,41.9331433,-87.7211623,1514,ACS 2020-2024 5-year,45,LODES8 2023
170312105022,41.9348455,-87.7198719,1200,ACS 2020-2024 5-year,36,LODES8 2023
170312105023,41.9336651,-87.7255302,1586,ACS 2020-2024 5-year,294,LODES8 2023
170312106011,41.9383831,-87.7100874,771,ACS 2020-2024 5-year,34,LODES8 2023
170312106012,41.9365812,-87.7099923,452,ACS 2020-2024 5-year,36,LODES8 2023
170312106013,41.9378718,-87.7153055,1206,ACS 2020-2024 5-year,58,LODES8 2023
170312106021,41.9335778,-87.7094165,1153,ACS 2020-2024 5-year,38,LODES8 2023
170312106022,41.9336836,-87.7127340,1017,ACS 2020-2024 5-year,628,LODES8 2023
170312106023,41.9349241,-87.7149403,1772,ACS 2020-2024 5-year,420,LODES8 2023
170312107001,41.9366031,-87.7014026,343,ACS 2020-2024 5-year,64,LODES8 2023
170312107002,41.9329652,-87.7037783,1440,ACS 2020-2024 5-year,102,LODES8 2023
170312107003,41.9366145,-87.7051052,1986,ACS 2020-2024 5-year,372,LODES8 2023
170312108001,41.9357455,-87.6989334,1073,ACS 2020-2024 5-year,329,LODES8 2023
170312109001,41.9363832,-87.6935241,2011,ACS 2020-2024 5-year,921,LODES8 2023
170312109002,41.9330343,-87.6933566,1049,ACS 2020-2024 5-year,99,LODES8 2023
170312203001,41.9297451,-87.6948805,1076,ACS 2020-2024 5-year,30,LODES8 2023
170312203002,41.9263469,-87.6954268,1066,ACS 2020-2024 5-year,95,LODES8 2023
170312204001,41.9288378,-87.6986709,896,ACS 2020-2024 5-year,133,LODES8 2023
170312204002,41.9281136,-87.7009832,1634,ACS 2020-2024 5-year,333,LODES8 2023
170312205001,41.9293290,-87.7036703,849,ACS 2020-2024 5-year,257,LODES8 2023
170312205002,41.9263842,-87.7054979,1233,ACS 2020-2024 5-year,501,LODES8 2023
170312205003,41.9303221,-87.7061599,815,ACS 2020-2024 5-year,243,LODES8 2023
170312206011,41.9255997,-87.7098637,829,ACS 2020-2024 5-year,77,LODES8 2023
170312206012,41.9259775,-87.7149231,851,ACS 2020-2024 5-year,164,LODES8 2023
170312206021,41.9301089,-87.7090823,1223,ACS 2020-2024 5-year,367,LODES8 2023
170312206022,41.9295532,-87.7135506,1204,ACS 2020-2024 5-year,155,LODES8 2023
170312206023,41.9310299,-87.7147284,951,ACS 2020-2024 5-year,92,LODES8 2023
170312206024,41.9274075,-87.7111474,980,ACS 2020-2024 5-year,144,LODES8 2023
170312207011,41.9261559,-87.7207029,711,ACS 2020-2024 5-year,42,LODES8 2023
170312207012,41.9261869,-87.7182567,665,ACS 2020-2024 5-year,152,LODES8 2023
170312207013,41.9261365,-87.7240218,1475,ACS 2020-2024 5-year,136,LODES8 2023
170312207021,41.9298082,-87.7208075,1153,ACS 2020-2024 5-year,26,LODES8 2023
170312207022,41.9290838,-87.7272169,1125,ACS 2020-2024 5-year,992,LODES8 2023
170312207023,41.9294492,-87.7230761,836,ACS 2020-2024 5-year,23,LODES8 2023
170312207024,41.9298392,-87.7183600,789,ACS 2020-2024 5-year,54,LODES8 2023
170312209011,41.9190685,-87.7204977,1121,ACS 2020-2024 5-year,163,LODES8 2023
170312209012,41.9190976,-87.7180507,686,ACS 2020-2024 5-year,52,LODES8 2023
170312209013,41.9193086,-87.7237910,1187,ACS 2020-2024 5-year,64,LODES8 2023
170312209021,41.9226799,-87.7242814,1103,ACS 2020-2024 5-year,203,LODES8 2023
170312209022,41.9227425,-87.7193840,1917,ACS 2020-2024 5-year,294,LODES8 2023
170312210001,41.9227924,-87.7153096,935,ACS 2020-2024 5-year,109,LODES8 2023
170312210002,41.9191319,-87.7151956,1569,ACS 2020-2024 5-year,86,LODES8 2023
170312211001,41.9228419,-87.7095829,1665,ACS 2020-2024 5-year,331,LODES8 2023
170312211002,41.9191842,-87.7095085,1351,ACS 2020-2024 5-year,80,LODES8 2023
170312211003,41.9209966,-87.7128077,1170,ACS 2020-2024 5-year,78,LODES8 2023
170312212001,41.9194513,-87.7045986,1634,ACS 2020-2024 5-year,144,LODES8 2023
170312212002,41.9231098,-87.7047136,1462,ACS 2020-2024 5-year,326,LODES8 2023
170312213001,41.9232152,-87.6998306,1335,ACS 2020-2024 5-year,800,LODES8 2023
170312213002,41.9195766,-87.6986589,1023,ACS 2020-2024 5-year,306,LODES8 2023
170312213003,41.9195290,-87.7010966,411,ACS 2020-2024 5-year,74,LODES8 2023
170312214001,41.9230927,-87.6946543,791,ACS 2020-2024 5-year,313,LODES8 2023
170312214002,41.9205885,-87.6961093,1157,ACS 2020-2024 5-year,226,LODES8 2023
170312214003,41.9185961,-87.6932122,1047,ACS 2020-2024 5-year,685,LODES8 2023
170312215001,41.9208728,-87.6887198,1748,ACS 2020-2024 5-year,408,LODES8 2023
170312215002,41.9223459,-87.6910637,1489,ACS 2020-2024 5-year,128,LODES8 2023
170312216001,41.9212662,-87.6839346,1808,ACS 2020-2024 5-year,159,LODES8 2023
170312216002,41.9212278,-87.6863531,1598,ACS 2020-2024 5-year,1668,LODES8 2023
170312222001,41.9162952,-87.6822347,1120,ACS 2020-2024 5-year,132,LODES8 2023
170312222002,41.9155074,-87.6854856,1031,ACS 2020-2024 5-year,230,LODES8 2023
170312225001,41.9156825,-87.6995874,1241,ACS 2020-2024 5-year,94,LODES8 2023
170312226001,41.9156388,-87.7044798,1465,ACS 2020-2024 5-year,109,LODES8 2023
170312227001,41.9155257,-87.7085835,636,ACS 2020-2024 5-year,174,LODES8 2023
170312227002,41.9154757,-87.7118574,1399,ACS 2020-2024 5-year,64,LODES8 2023
170312228001,41.9154349,-87.7150953,945,ACS 2020-2024 5-year,64,LODES8 2023
170312229001,41.9155644,-87.7200744,1171,ACS 2020-2024 5-year,144,LODES8 2023
170312301001,41.9120080,-87.7043655,1516,ACS 2020-2024 5-year,18,LODES8 2023
170312302001,41.9118688,-87.7100844,1936,ACS 2020-2024 5-year,180,LODES8 2023
170312303001,41.9117866,-87.7149884,967,ACS 2020-2024 5-year,18,LODES8 2023
170312304001,41.9118504,-87.7191026,906,ACS 2020-2024 5-year,27,LODES8 2023
170312304002,41.9117899,-87.7240095,1216,ACS 2020-2024 5-year,140,LODES8 2023
170312305001,41.9117269,-87.7288324,2919,ACS 2020-2024 5-year,31,LODES8 2023
170312305002,41.9116713,-87.7363720,754,ACS 2020-2024 5-year,432,LODES8 2023
170312306001,41.9076175,-87.7276699,646,ACS 2020-2024 5-year,101,LODES8 2023
170312306002,41.9039850,-87.7288015,741,ACS 2020-2024 5-year,30,LODES8 2023
170312306003,41.9075689,-87.7301263,1289,ACS 2020-2024 5-year,71,LODES8 2023
170312306004,41.9075367,-87.7325831,1166,ACS 2020-2024 5-year,87,LODES8 2023
170312306005,41.9039091,-87.7337212,2697,ACS 2020-2024 5-year,19,LODES8 2023
170312306006,41.9063904,-87.7380450,2043,ACS 2020-2024 5-year,460,LODES8 2023
170312307001,41.9081589,-87.7191694,2105,ACS 2020-2024 5-year,112,LODES8 2023
170312307002,41.9045389,-87.7190599,431,ACS 2020-2024 5-year,76,LODES8 2023
170312307003,41.9044543,-87.7238745,1498,ACS 2020-2024 5-year,268,LODES8 2023
170312307004,41.9080472,-87.7240668,1311,ACS 2020-2024 5-year,39,LODES8 2023
170312308001,41.9058396,-87.7149530,993,ACS 2020-2024 5-year,198,LODES8 2023
170312309001,41.9082766,-87.7094007,1570,ACS 2020-2024 5-year,77,LODES8 2023
170312309002,41.9046277,-87.7092888,2182,ACS 2020-2024 5-year,70,LODES8 2023
170312309003,41.9073202,-87.7130452,1040,ACS 2020-2024 5-year,18,LODES8 2023
170312311001,41.8992542,-87.7150684,1248,ACS 2020-2024 5-year,174,LODES8 2023
170312312001,41.9009145,-87.7183262,1938,ACS 2020-2024 5-year,63,LODES8 2023
170312312002,41.8972670,-87.7182032,567,ACS 2020-2024 5-year,188,LODES8 2023
170312312003,41.8972323,-87.7218637,407,ACS 2020-2024 5-year,147,LODES8 2023
170312312004,41.9008811,-87.7219818,1521,ACS 2020-2024 5-year,16,LODES8 2023
170312312005,41.8990278,-87.7249723,1665,ACS 2020-2024 5-year,50,LODES8 2023
170312315001,41.8936574,-87.7132098,1100,ACS 2020-2024 5-year,7,LODES8 2023
170312315002,41.8936196,-87.7168694,484,ACS 2020-2024 5-year,74,LODES8 2023
170312315003,41.8898639,-87.7222631,1693,ACS 2020-2024 5-year,168,LODES8 2023
170312315004,41.8935656,-87.7223621,708,ACS 2020-2024 5-year,808,LODES8 2023
170312315005,41.8899387,-87.7149313,2060,ACS 2020-2024 5-year,645,LODES8 2023
170312402001,41.9124417,-87.6701816,1743,ACS 2020-2024 5-year,197,LODES8 2023
170312403001,41.9123693,-87.6750677,1299,ACS 2020-2024 5-year,730,LODES8 2023
170312405001,41.9119683,-87.6836267,2329,ACS 2020-2024 5-year,1337,LODES8 2023
170312406001,41.9121341,-87.6897111,1739,ACS 2020-2024 5-year,182,LODES8 2023
170312407001,41.9120878,-87.6945986,1509,ACS 2020-2024 5-year,132,LODES8 2023
170312408001,41.9120587,-87.6980943,620,ACS 2020-2024 5-year,47,LODES8 2023
170312408002,41.9120406,-87.7005307,963,ACS 2020-2024 5-year,116,LODES8 2023
170312409001,41.9048448,-87.6986233,1247,ACS 2020-2024 5-year,1567,LODES8 2023
170312410001,41.9079732,-87.6932829,789,ACS 2020-2024 5-year,109,LODES8 2023
170312410002,41.9079641,-87.6957497,1159,ACS 2020-2024 5-year,668,LODES8 2023
170312411001,41.9066547,-87.6883533,1734,ACS 2020-2024 5-year,266,LODES8 2023
170312411002,41.9066258,-87.6908099,1764,ACS 2020-2024 5-year,65,LODES8 2023
170312412001,41.9067279,-87.6834650,908,ACS 2020-2024 5-year,198,LODES8 2023
170312412002,41.9066861,-87.6859039,784,ACS 2020-2024 5-year,342,LODES8 2023
170312413001,41.9067716,-87.6810250,1844,ACS 2020-2024 5-year,381,LODES8 2023
170312414001,41.9085855,-87.6774268,1838,ACS 2020-2024 5-year,733,LODES8 2023
170312414002,41.9063126,-87.6747009,642,ACS 2020-2024 5-year,204,LODES8 2023
170312414003,41.9044598,-87.6710634,2101,ACS 2020-2024 5-year,969,LODES8 2023
170312414004,41.9047582,-87.6772864,1112,ACS 2020-2024 5-year,457,LODES8 2023
170312415001,41.9094623,-87.6700997,1388,ACS 2020-2024 5-year,192,LODES8 2023
170312415002,41.9072224,-87.6693959,591,ACS 2020-2024 5-year,469,LODES8 2023
170312415003,41.9082350,-87.6727138,790,ACS 2020-2024 5-year,1324,LODES8 2023
170312416001,41.9086175,-87.6656084,1410,ACS 2020-2024 5-year,2113,LODES8 2023
170312416002,41.9051982,-87.6651053,2369,ACS 2020-2024 5-year,364,LODES8 2023
170312420001,41.9002171,-87.6649449,1014,ACS 2020-2024 5-year,355,LODES8 2023
170312420002,41.8974751,-87.6648835,2491,ACS 2020-2024 5-year,173,LODES8 2023
170312420003,41.9024823,-87.6650756,1070,ACS 2020-2024 5-year,240,LODES8 2023
170312421001,41.9015073,-87.6686675,1465,ACS 2020-2024 5-year,204,LODES8 2023
170312421002,41.9014679,-87.6711129,1007,ACS 2020-2024 5-year,276,LODES8 2023
170312421003,41.8978510,-87.6697870,1320,ACS 2020-2024 5-year,401,LODES8 2023
170312422001,41.9014101,-87.6747711,2048,ACS 2020-2024 5-year,243,LODES8 2023
170312422002,41.8977711,-87.6746665,2134,ACS 2020-2024 5-year,1005,LODES8 2023
170312423001,41.9013284,-87.6796500,1441,ACS 2020-2024 5-year,229,LODES8 2023
170312423002,41.8976885,-87.6795508,1767,ACS 2020-2024 5-year,214,LODES8 2023
170312424001,41.9012409,-87.6845374,1096,ACS 2020-2024 5-year,1157,LODES8 2023
170312424002,41.8976028,-87.6844426,1988,ACS 2020-2024 5-year,299,LODES8 2023
170312425001,41.9011725,-87.6894448,1821,ACS 2020-2024 5-year,209,LODES8 2023
170312425002,41.8974716,-87.6891755,1573,ACS 2020-2024 5-year,149,LODES8 2023
170312426001,41.9043164,-87.6944493,1689,ACS 2020-2024 5-year,61,LODES8 2023
170312426002,41.9015827,-87.6943822,1600,ACS 2020-2024 5-year,393,LODES8 2023
170312426003,41.8979592,-87.6926506,1670,ACS 2020-2024 5-year,81,LODES8 2023
170312426004,41.8979333,-87.6955257,929,ACS 2020-2024 5-year,304,LODES8 2023
170312427001,41.8974254,-87.6993742,1880,ACS 2020-2024 5-year,308,LODES8 2023
170312428001,41.8926320,-87.6903237,1575,ACS 2020-2024 5-year,579,LODES8 2023
170312429001,41.8939658,-87.6843433,1433,ACS 2020-2024 5-year,159,LODES8 2023
170312429002,41.8903764,-87.6842345,809,ACS 2020-2024 5-year,434,LODES8 2023
170312430001,41.8937078,-87.6782133,1038,ACS 2020-2024 5-year,482,LODES8 2023
170312430002,41.8916510,-87.6799145,1326,ACS 2020-2024 5-year,1011,LODES8 2023
170312431001,41.8945827,-87.6745721,902,ACS 2020-2024 5-year,490,LODES8 2023
170312431002,41.8909869,-87.6744667,1010,ACS 2020-2024 5-year,1688,LODES8 2023
170312432001,41.8946674,-87.6696899,1550,ACS 2020-2024 5-year,1091,LODES8 2023
170312432002,41.8910681,-87.6695834,1037,ACS 2020-2024 5-year,898,LODES8 2023
170312433001,41.8952020,-87.6648212,819,ACS 2020-2024 5-year,200,LODES8 2023
170312433002,41.8915685,-87.6647113,1521,ACS 2020-2024 5-year,3686,LODES8 2023
170312434001,41.8948292,-87.6599015,1152,ACS 2020-2024 5-year,46,LODES8 2023
170312434002,41.8913572,-87.6583421,872,ACS 2020-2024 5-year,361,LODES8 2023
170312434003,41.8910842,-87.6607476,948,ACS 2020-2024 5-year,437,LODES8 2023
170312435001,41.8910803,-87.6543078,1369,ACS 2020-2024 5-year,1223,LODES8 2023
170312435002,41.8937326,-87.6512904,3455,ACS 2020-2024 5-year,3383,LODES8 2023
170312502001,41.9130657,-87.7519725,1206,ACS 2020-2024 5-year,100,LODES8 2023
170312502002,41.9109675,-87.7493323,1404,ACS 2020-2024 5-year,71,LODES8 2023
170312503001,41.9143583,-87.7598737,1377,ACS 2020-2024 5-year,148,LODES8 2023
170312503002,41.9103729,-87.7593654,1569,ACS 2020-2024 5-year,25,LODES8 2023
170312503003,41.9116135,-87.7630401,1690,ACS 2020-2024 5-year,19,LODES8 2023
170312503004,41.9137278,-87.7632069,508,ACS 2020-2024 5-year,0,LODES8 2023
170312504001,41.9146647,-87.7704636,248,ACS 2020-2024 5-year,107,LODES8 2023
170312504002,41.9109900,-87.7685513,1495,ACS 2020-2024 5-year,78,LODES8 2023
170312504003,41.9110917,-87.7734154,564,ACS 2020-2024 5-year,29,LODES8 2023
170312504004,41.9110706,-87.7771176,1307,ACS 2020-2024 5-year,83,LODES8 2023
170312504005,41.9132671,-87.7809473,2119,ACS 2020-2024 5-year,277,LODES8 2023
170312505001,41.9153565,-87.7906410,1048,ACS 2020-2024 5-year,445,LODES8 2023
170312505002,41.9109023,-87.7899555,969,ACS 2020-2024 5-year,112,LODES8 2023
170312505003,41.9107983,-87.7985107,1022,ACS 2020-2024 5-year,361,LODES8 2023
170312505004,41.9144438,-87.7986223,1096,ACS 2020-2024 5-year,20,LODES8 2023
170312505005,41.9181038,-87.7987451,1387,ACS 2020-2024 5-year,14,LODES8 2023
170312505006,41.9211164,-87.8029132,577,ACS 2020-2024 5-year,68,LODES8 2023
170312505007,41.9144046,-87.8041153,1410,ACS 2020-2024 5-year,228,LODES8 2023
170312506001,41.9075385,-87.7682647,861,ACS 2020-2024 5-year,60,LODES8 2023
170312506002,41.9039163,-87.7681450,542,ACS 2020-2024 5-year,46,LODES8 2023
170312506003,41.9038456,-87.7729937,676,ACS 2020-2024 5-year,31,LODES8 2023
170312506004,41.9074710,-87.7731173,1808,ACS 2020-2024 5-year,32,LODES8 2023
170312507001,41.9076696,-87.7577616,2004,ACS 2020-2024 5-year,14,LODES8 2023
170312507002,41.9042447,-87.7574941,720,ACS 2020-2024 5-year,3,LODES8 2023
170312507003,41.9030876,-87.7619762,825,ACS 2020-2024 5-year,5,LODES8 2023
170312507004,41.9068425,-87.7646627,1920,ACS 2020-2024 5-year,8,LODES8 2023
170312507005,41.9066410,-87.7616162,1207,ACS 2020-2024 5-year,53,LODES8 2023
170312508001,41.9077454,-87.7509779,1300,ACS 2020-2024 5-year,658,LODES8 2023
170312508002,41.9041030,-87.7521366,1442,ACS 2020-2024 5-year,12,LODES8 2023
170312510001,41.8986945,-87.7448924,1196,ACS 2020-2024 5-year,378,LODES8 2023
170312511001,41.9004729,-87.7502179,1181,ACS 2020-2024 5-year,77,LODES8 2023
170312511002,41.8968033,-87.7501364,572,ACS 2020-2024 5-year,7,LODES8 2023
170312511003,41.8967761,-87.7538072,1241,ACS 2020-2024 5-year,16,LODES8 2023
170312511004,41.9004346,-87.7538942,1527,ACS 2020-2024 5-year,14,LODES8 2023
170312512001,41.8985076,-87.7646095,327,ACS 2020-2024 5-year,34,LODES8 2023
170312512002,41.8967438,-87.7575142,1066,ACS 2020-2024 5-year,0,LODES8 2023
170312512003,41.8967105,-87.7615061,731,ACS 2020-2024 5-year,22,LODES8 2023
170312512004,41.9003794,-87.7597441,2190,ACS 2020-2024 5-year,56,LODES8 2023
170312513001,41.9002940,-87.7674097,733,ACS 2020-2024 5-year,27,LODES8 2023
170312513002,41.8966484,-87.7672827,1268,ACS 2020-2024 5-year,25,LODES8 2023
170312513003,41.8965986,-87.7707298,510,ACS 2020-2024 5-year,70,LODES8 2023
170312513004,41.9002382,-87.7710552,973,ACS 2020-2024 5-year,25,LODES8 2023
170312513005,41.8982314,-87.7739198,1031,ACS 2020-2024 5-year,37,LODES8 2023
170312514001,41.8932825,-87.7680982,617,ACS 2020-2024 5-year,21,LODES8 2023
170312514002,41.8906973,-87.7673338,363,ACS 2020-2024 5-year,4,LODES8 2023
170312514003,41.8928856,-87.7725677,755,ACS 2020-2024 5-year,21,LODES8 2023
170312514004,41.8887713,-87.7708492,1435,ACS 2020-2024 5-year,87,LODES8 2023
170312515001,41.8930480,-87.7573999,443,ACS 2020-2024 5-year,105,LODES8 2023
170312515002,41.8894747,-87.7579226,1155,ACS 2020-2024 5-year,116,LODES8 2023
170312515003,41.8936020,-87.7619195,737,ACS 2020-2024 5-year,16,LODES8 2023
170312515004,41.8899212,-87.7624521,2154,ACS 2020-2024 5-year,23,LODES8 2023
170312516001,41.8931503,-87.7506426,1354,ACS 2020-2024 5-year,14,LODES8 2023
170312516002,41.8895999,-87.7505117,1359,ACS 2020-2024 5-year,132,LODES8 2023
170312516003,41.8913882,-87.7542471,1270,ACS 2020-2024 5-year,87,LODES8 2023
170312517001,41.8913844,-87.7444793,1368,ACS 2020-2024 5-year,77,LODES8 2023
170312518001,41.8817191,-87.7526675,1046,ACS 2020-2024 5-year,68,LODES8 2023
170312518002,41.8854391,-87.7528024,421,ACS 2020-2024 5-year,44,LODES8 2023
170312518003,41.8841640,-87.7429548,1025,ACS 2020-2024 5-year,260,LODES8 2023
170312518004,41.8841180,-87.7466324,812,ACS 2020-2024 5-year,290,LODES8 2023
170312518005,41.8841689,-87.7490809,1228,ACS 2020-2024 5-year,37,LODES8 2023
170312519001,41.8838925,-87.7593102,961,ACS 2020-2024 5-year,15,LODES8 2023
170312519002,41.8837977,-87.7568297,1116,ACS 2020-2024 5-year,70,LODES8 2023
170312519003,41.8857783,-87.7626533,1803,ACS 2020-2024 5-year,94,LODES8 2023
170312519004,41.8822713,-87.7625590,1639,ACS 2020-2024 5-year,68,LODES8 2023
170312520001,41.8856835,-87.7675031,700,ACS 2020-2024 5-year,6,LODES8 2023
170312520002,41.8822286,-87.7673769,1975,ACS 2020-2024 5-year,648,LODES8 2023
170312520003,41.8821679,-87.7722746,1208,ACS 2020-2024 5-year,142,LODES8 2023
170312520004,41.8856346,-87.7723898,1760,ACS 2020-2024 5-year,7,LODES8 2023
170312521011,41.8738812,-87.7698552,1801,ACS 2020-2024 5-year,74,LODES8 2023
170312521021,41.8775023,-87.7598604,1159,ACS 2020-2024 5-year,19,LODES8 2023
170312521022,41.8756921,-87.7597918,2342,ACS 2020-2024 5-year,8,LODES8 2023
170312521023,41.8738388,-87.7597258,1144,ACS 2020-2024 5-year,47,LODES8 2023
170312521024,41.8793593,-87.7599320,1121,ACS 2020-2024 5-year,112,LODES8 2023
170312522011,41.8794579,-87.7522068,425,ACS 2020-2024 5-year,75,LODES8 2023
170312522012,41.8776010,-87.7521385,920,ACS 2020-2024 5-year,118,LODES8 2023
170312522013,41.8748385,-87.7520367,1783,ACS 2020-2024 5-year,300,LODES8 2023
170312522021,41.8787013,-87.7427627,573,ACS 2020-2024 5-year,25,LODES8 2023
170312522022,41.8776646,-87.7472474,1239,ACS 2020-2024 5-year,211,LODES8 2023
170312522023,41.8750452,-87.7422633,771,ACS 2020-2024 5-year,117,LODES8 2023
170312522024,41.8795200,-87.7473121,516,ACS 2020-2024 5-year,3,LODES8 2023
170312522025,41.8749219,-87.7471438,2030,ACS 2020-2024 5-year,14,LODES8 2023
170312601001,41.8843707,-87.7233302,1106,ACS 2020-2024 5-year,205,LODES8 2023
170312602001,41.8843243,-87.7282302,1209,ACS 2020-2024 5-year,2294,LODES8 2023
170312603001,41.8842766,-87.7331362,1429,ACS 2020-2024 5-year,238,LODES8 2023
170312604001,41.8842145,-87.7380411,1511,ACS 2020-2024 5-year,165,LODES8 2023
170312605001,41.8766639,-87.7377282,1985,ACS 2020-2024 5-year,144,LODES8 2023
170312606001,41.8792638,-87.7329782,646,ACS 2020-2024 5-year,14,LODES8 2023
170312606002,41.8757300,-87.7327960,1147,ACS 2020-2024 5-year,22,LODES8 2023
170312607001,41.8793222,-87.7280760,240,ACS 2020-2024 5-year,35,LODES8 2023
170312607002,41.8756825,-87.7279477,958,ACS 2020-2024 5-year,9,LODES8 2023
170312608001,41.8789374,-87.7231880,1030,ACS 2020-2024 5-year,84,LODES8 2023
170312608002,41.8752760,-87.7230070,689,ACS 2020-2024 5-year,7,LODES8 2023
170312609001,41.8708679,-87.7217892,878,ACS 2020-2024 5-year,129,LODES8 2023
170312609002,41.8712363,-87.7241225,296,ACS 2020-2024 5-year,26,LODES8 2023
170312610001,41.8717137,-87.7350477,1023,ACS 2020-2024 5-year,2,LODES8 2023
170312610002,41.8708969,-87.7284450,949,ACS 2020-2024 5-year,202,LODES8 2023
170312705001,41.8762402,-87.7177932,1426,ACS 2020-2024 5-year,25,LODES8 2023
170312712001,41.8773597,-87.7035621,1299,ACS 2020-2024 5-year,255,LODES8 2023
170312713001,41.8773040,-87.7084528,953,ACS 2020-2024 5-year,0,LODES8 2023
170312714001,41.8772429,-87.7133314,1508,ACS 2020-2024 5-year,342,LODES8 2023
170312715001,41.8717861,-87.7131559,1469,ACS 2020-2024 5-year,76,LODES8 2023
170312718001,41.8714964,-87.6984897,1006,ACS 2020-2024 5-year,118,LODES8 2023
170312801001,41.8837922,-87.6423466,1672,ACS 2020-2024 5-year,21155,LODES8 2023
170312801002,41.8876264,-87.6418935,4232,ACS 2020-2024 5-year,7135,LODES8 2023
170312801003,41.8861829,-87.6461893,1838,ACS 2020-2024 5-year,1203,LODES8 2023
170312804001,41.8860094,-87.6718846,1508,ACS 2020-2024 5-year,3070,LODES8 2023
170312808001,41.8785967,-87.6889009,869,ACS 2020-2024 5-year,52,LODES8 2023
170312809001,41.8786261,-87.6851324,1253,ACS 2020-2024 5-year,94,LODES8 2023
170312819001,41.8786346,-87.6429236,3311,ACS 2020-2024 5-year,20222,LODES8 2023
170312819002,41.8812022,-87.6419056,1769,ACS 2020-2024 5-year,613,LODES8 2023
170312819003,41.8811840,-87.6433717,1827,ACS 2020-2024 5-year,16180,LODES8 2023
170312827001,41.8688963,-87.6885901,1198,ACS 2020-2024 5-year,206,LODES8 2023
170312827002,41.8735998,-87.6887636,1041,ACS 2020-2024 5-year,181,LODES8 2023
170312828001,41.8702683,-87.6849136,1727,ACS 2020-2024 5-year,242,LODES8 2023
170312831001,41.8680914,-87.6640567,1135,ACS 2020-2024 5-year,228,LODES8 2023
170312831002,41.8704829,-87.6641281,1425,ACS 2020-2024 5-year,230,LODES8 2023
170312832001,41.8695790,-87.6592023,1687,ACS 2020-2024 5-year,95,LODES8 2023
170312838001,41.8656259,-87.6537798,546,ACS 2020-2024 5-year,18,LODES8 2023
170312838002,41.8620889,-87.6537396,2969,ACS 2020-2024 5-year,132,LODES8 2023
170312909001,41.8643125,-87.7275607,517,ACS 2020-2024 5-year,40,LODES8 2023
170312909002,41.8606607,-87.7274518,2005,ACS 2020-2024 5-year,28,LODES8 2023
170312909003,41.8605723,-87.7335667,1120,ACS 2020-2024 5-year,47,LODES8 2023
170312909004,41.8634334,-87.7356877,1228,ACS 2020-2024 5-year,258,LODES8 2023
170312912001,41.8626746,-87.7116562,1497,ACS 2020-2024 5-year,65,LODES8 2023
170312912002,41.8626476,-87.7140937,728,ACS 2020-2024 5-year,2,LODES8 2023
170312916001,41.8576415,-87.6922159,1506,ACS 2020-2024 5-year,199,LODES8 2023
170312922001,41.8572968,-87.7122253,1131,ACS 2020-2024 5-year,0,LODES8 2023
170312922002,41.8564099,-87.7160841,623,ACS 2020-2024 5-year,2,LODES8 2023
170312922003,41.8564109,-87.7189174,904,ACS 2020-2024 5-year,0,LODES8 2023
170312924001,41.8564234,-87.7211843,895,ACS 2020-2024 5-year,2,LODES8 2023
170312924002,41.8546473,-87.7230072,1021,ACS 2020-2024 5-year,440,LODES8 2023
170312925001,41.8569138,-87.7273427,1067,ACS 2020-2024 5-year,10,LODES8 2023
170312925002,41.8533092,-87.7272409,872,ACS 2020-2024 5-year,83,LODES8 2023
170312925003,41.8551268,-87.7346822,1371,ACS 2020-2024 5-year,1093,LODES8 2023
170313005001,41.8494683,-87.7215845,935,ACS 2020-2024 5-year,77,LODES8 2023
170313005002,41.8461159,-87.7221666,2420,ACS 2020-2024 5-year,186,LODES8 2023
170313006001,41.8498210,-87.7173838,1093,ACS 2020-2024 5-year,142,LODES8 2023
170313006002,41.8461782,-87.7172853,2167,ACS 2020-2024 5-year,258,LODES8 2023
170313007001,41.8498925,-87.7124973,2375,ACS 2020-2024 5-year,11,LODES8 2023
170313007002,41.8453280,-87.7123768,1259,ACS 2020-2024 5-year,266,LODES8 2023
170313007003,41.8471463,-87.7124295,695,ACS 2020-2024 5-year,28,LODES8 2023
170313008001,41.8499223,-87.7076361,1080,ACS 2020-2024 5-year,34,LODES8 2023
170313008002,41.8462961,-87.7075274,2684,ACS 2020-2024 5-year,177,LODES8 2023
170313009001,41.8477726,-87.7010645,1366,ACS 2020-2024 5-year,153,LODES8 2023
170313009002,41.8481537,-87.7039201,1928,ACS 2020-2024 5-year,349,LODES8 2023
170313009003,41.8489790,-87.7021990,973,ACS 2020-2024 5-year,52,LODES8 2023
170313011001,41.8477593,-87.6989510,972,ACS 2020-2024 5-year,33,LODES8 2023
170313011002,41.8455119,-87.6974951,1431,ACS 2020-2024 5-year,53,LODES8 2023
170313012001,41.8492295,-87.6903803,1056,ACS 2020-2024 5-year,304,LODES8 2023
170313012002,41.8459859,-87.6926009,1097,ACS 2020-2024 5-year,29,LODES8 2023
170313012003,41.8487011,-87.6927949,1934,ACS 2020-2024 5-year,33,LODES8 2023
170313016001,41.8425867,-87.7123021,1781,ACS 2020-2024 5-year,153,LODES8 2023
170313016002,41.8389298,-87.7122021,2447,ACS 2020-2024 5-year,28,LODES8 2023
170313017011,41.8434241,-87.7178144,1365,ACS 2020-2024 5-year,131,LODES8 2023
170313017012,41.8415901,-87.7177700,2360,ACS 2020-2024 5-year,14,LODES8 2023
170313017013,41.8424355,-87.7226705,771,ACS 2020-2024 5-year,145,LODES8 2023
170313017021,41.8384984,-87.7195127,1745,ACS 2020-2024 5-year,34,LODES8 2023
170313017022,41.8389346,-87.7228178,1025,ACS 2020-2024 5-year,65,LODES8 2023
170313017023,41.8390465,-87.7162345,1031,ACS 2020-2024 5-year,22,LODES8 2023
170313018011,41.8395308,-87.7338509,2252,ACS 2020-2024 5-year,2,LODES8 2023
170313018012,41.8419879,-87.7352359,2462,ACS 2020-2024 5-year,621,LODES8 2023
170313018021,41.8451338,-87.7270151,406,ACS 2020-2024 5-year,113,LODES8 2023
170313018022,41.8467055,-87.7280227,1111,ACS 2020-2024 5-year,86,LODES8 2023
170313018023,41.8433011,-87.7279502,996,ACS 2020-2024 5-year,162,LODES8 2023
170313018031,41.8414453,-87.7278167,707,ACS 2020-2024 5-year,9,LODES8 2023
170313018032,41.8386944,-87.7268293,1692,ACS 2020-2024 5-year,2,LODES8 2023
170313018033,41.8385223,-87.7303421,784,ACS 2020-2024 5-year,358,LODES8 2023
170313102001,41.8560545,-87.6432837,638,ACS 2020-2024 5-year,866,LODES8 2023
170313102002,41.8567003,-87.6456227,870,ACS 2020-2024 5-year,608,LODES8 2023
170313103001,41.8561439,-87.6489782,1560,ACS 2020-2024 5-year,885,LODES8 2023
170313104001,41.8565069,-87.6522613,1447,ACS 2020-2024 5-year,125,LODES8 2023
170313105001,41.8552480,-87.6547400,1356,ACS 2020-2024 5-year,827,LODES8 2023
170313106001,41.8588246,-87.6585980,3749,ACS 2020-2024 5-year,531,LODES8 2023
170313106002,41.8569863,-87.6600681,619,ACS 2020-2024 5-year,451,LODES8 2023
170313106003,41.8542574,-87.6599911,1504,ACS 2020-2024 5-year,475,LODES8 2023
170313107001,41.8559903,-87.6649061,1583,ACS 2020-2024 5-year,129,LODES8 2023
170313108001,41.8586663,-87.6686484,754,ACS 2020-2024 5-year,158,LODES8 2023
170313108002,41.8568447,-87.6685952,1049,ACS 2020-2024 5-year,338,LODES8 2023
170313108003,41.8541114,-87.6685257,2210,ACS 2020-2024 5-year,121,LODES8 2023
170313109001,41.8567549,-87.6735072,1417,ACS 2020-2024 5-year,751,LODES8 2023
170313109002,41.8530253,-87.6741553,1721,ACS 2020-2024 5-year,120,LODES8 2023
170313109003,41.8560959,-87.6771658,1860,ACS 2020-2024 5-year,30,LODES8 2023
170313201011,41.8860023,-87.6183349,3491,ACS 2020-2024 5-year,16539,LODES8 2023
170313201012,41.8829100,-87.6174378,0,ACS 2020-2024 5-year,276,LODES8 2023
170313201013,41.8865850,-87.6149415,3224,ACS 2020-2024 5-year,185,LODES8 2023
170313201014,41.8850980,-87.6146766,2257,ACS 2020-2024 5-year,205,LODES8 2023
170313201021,41.8862740,-87.6242445,3706,ACS 2020-2024 5-year,38010,LODES8 2023
170313201022,41.8829173,-87.6239583,1334,ACS 2020-2024 5-year,37643,LODES8 2023
170313204001,41.8758170,-87.6172556,3530,ACS 2020-2024 5-year,44533,LODES8 2023
170313206001,41.8705542,-87.6165962,2297,ACS 2020-2024 5-year,855,LODES8 2023
170313206002,41.8718441,-87.6257789,3965,ACS 2020-2024 5-year,3957,LODES8 2023
170313301011,41.8591203,-87.6132250,2360,ACS 2020-2024 5-year,4468,LODES8 2023
170313301012,41.8656935,-87.6214988,2461,ACS 2020-2024 5-year,246,LODES8 2023
170313301021,41.8657770,-87.6261286,790,ACS 2020-2024 5-year,762,LODES8 2023
170313301022,41.8658193,-87.6237888,4700,ACS 2020-2024 5-year,611,LODES8 2023
170313301023,41.8621750,-87.6249070,5355,ACS 2020-2024 5-year,2319,LODES8 2023
170313301024,41.8624328,-87.6212819,1147,ACS 2020-2024 5-year,56,LODES8 2023
170313301031,41.8579798,-87.6255872,3051,ACS 2020-2024 5-year,294,LODES8 2023
170313301032,41.8576554,-87.6218975,3636,ACS 2020-2024 5-year,1415,LODES8 2023
170313301033,41.8542281,-87.6230878,1721,ACS 2020-2024 5-year,428,LODES8 2023
170313302001,41.8542133,-87.6286123,758,ACS 2020-2024 5-year,4,LODES8 2023
170313302002,41.8638850,-87.6319675,3223,ACS 2020-2024 5-year,772,LODES8 2023
170313403001,41.8428046,-87.6357882,1720,ACS 2020-2024 5-year,46,LODES8 2023
170313404001,41.8418857,-87.6320356,1702,ACS 2020-2024 5-year,157,LODES8 2023
170313405001,41.8345181,-87.6329169,1672,ACS 2020-2024 5-year,207,LODES8 2023
170313406001,41.8272864,-87.6326516,1430,ACS 2020-2024 5-year,2210,LODES8 2023
170313501001,41.8402590,-87.6079492,927,ACS 2020-2024 5-year,33,LODES8 2023
170313501002,41.8434193,-87.6132530,1508,ACS 2020-2024 5-year,427,LODES8 2023
170313504001,41.8419291,-87.6283695,1457,ACS 2020-2024 5-year,0,LODES8 2023
170313510001,41.8322773,-87.6048413,622,ACS 2020-2024 5-year,5,LODES8 2023
170313510002,41.8323620,-87.6140353,846,ACS 2020-2024 5-year,492,LODES8 2023
170313510003,41.8360957,-87.6137897,2791,ACS 2020-2024 5-year,293,LODES8 2023
170313511001,41.8294362,-87.6127729,0,ACS 2020-2024 5-year,0,LODES8 2023
170313511002,41.8269662,-87.6148528,2000,ACS 2020-2024 5-year,295,LODES8 2023
170313514001,41.8274019,-87.6240909,1387,ACS 2020-2024 5-year,787,LODES8 2023
170313515001,41.8255216,-87.6277337,83,ACS 2020-2024 5-year,0,LODES8 2023
170313515002,41.8291332,-87.6277278,890,ACS 2020-2024 5-year,61,LODES8 2023
170313602001,41.8268855,-87.6098876,1900,ACS 2020-2024 5-year,0,LODES8 2023
170313801001,41.8202019,-87.6100974,1787,ACS 2020-2024 5-year,103,LODES8 2023
170313802001,41.8205740,-87.6149861,1689,ACS 2020-2024 5-year,174,LODES8 2023
170313806001,41.8220038,-87.6191202,604,ACS 2020-2024 5-year,54,LODES8 2023
170313806002,41.8184019,-87.6190205,1587,ACS 2020-2024 5-year,179,LODES8 2023
170313806003,41.8201306,-87.6239331,1690,ACS 2020-2024 5-year,311,LODES8 2023
170313806004,41.8200988,-87.6277942,1071,ACS 2020-2024 5-year,7,LODES8 2023
170313812001,41.8066832,-87.6145626,626,ACS 2020-2024 5-year,9,LODES8 2023
170313812002,41.8091350,-87.6138070,1326,ACS 2020-2024 5-year,89,LODES8 2023
170313814001,41.8076202,-87.6214298,1579,ACS 2020-2024 5-year,42,LODES8 2023
170313815001,41.8101927,-87.6228619,669,ACS 2020-2024 5-year,62,LODES8 2023
170313817001,41.8055502,-87.6274463,0,ACS 2020-2024 5-year,61,LODES8 2023
170313818001,41.8044833,-87.6217890,995,ACS 2020-2024 5-year,87,LODES8 2023
170313818002,41.8029494,-87.6203612,453,ACS 2020-2024 5-year,73,LODES8 2023
170313819001,41.8039289,-87.6126398,713,ACS 2020-2024 5-year,1063,LODES8 2023
170313819002,41.8039837,-87.6151974,611,ACS 2020-2024 5-year,33,LODES8 2023
170313901001,41.8135545,-87.5905449,1887,ACS 2020-2024 5-year,248,LODES8 2023
170313902001,41.8128053,-87.5982118,708,ACS 2020-2024 5-year,31,LODES8 2023
170313902002,41.8132426,-87.6005583,1304,ACS 2020-2024 5-year,81,LODES8 2023
170313903001,41.8103398,-87.6045198,802,ACS 2020-2024 5-year,19,LODES8 2023
170313903002,41.8138800,-87.6041350,1729,ACS 2020-2024 5-year,187,LODES8 2023
170313904001,41.8059413,-87.6027246,1508,ACS 2020-2024 5-year,39,LODES8 2023
170313904002,41.8059104,-87.6051531,991,ACS 2020-2024 5-year,47,LODES8 2023
170313905001,41.8059781,-87.5991987,1753,ACS 2020-2024 5-year,89,LODES8 2023
170313906001,41.8080215,-87.5940712,967,ACS 2020-2024 5-year,102,LODES8 2023
170313906002,41.8045995,-87.5945481,931,ACS 2020-2024 5-year,18,LODES8 2023
170313907001,41.8069032,-87.5871598,2182,ACS 2020-2024 5-year,184,LODES8 2023
170313907002,41.8050274,-87.5904384,1214,ACS 2020-2024 5-year,9,LODES8 2023
170313907003,41.8040164,-87.5804887,2441,ACS 2020-2024 5-year,131,LODES8 2023
170314003001,41.7897540,-87.6112728,1311,ACS 2020-2024 5-year,258,LODES8 2023
170314004001,41.7920305,-87.6187497,1077,ACS 2020-2024 5-year,19,LODES8 2023
170314004002,41.7893221,-87.6174659,982,ACS 2020-2024 5-year,8,LODES8 2023
170314005001,41.7924727,-87.6234478,1317,ACS 2020-2024 5-year,27,LODES8 2023
170314005002,41.7890538,-87.6228061,991,ACS 2020-2024 5-year,3,LODES8 2023
170314008001,41.7829299,-87.6181152,1091,ACS 2020-2024 5-year,48,LODES8 2023
170314008002,41.7827977,-87.6229620,1818,ACS 2020-2024 5-year,167,LODES8 2023
170314101001,41.8016339,-87.5894732,488,ACS 2020-2024 5-year,356,LODES8 2023
170314101002,41.8015822,-87.5810259,1799,ACS 2020-2024 5-year,202,LODES8 2023
170314102001,41.8016709,-87.5942651,1133,ACS 2020-2024 5-year,27,LODES8 2023
170314105001,41.7979319,-87.6025793,1444,ACS 2020-2024 5-year,17,LODES8 2023
170314105002,41.7977141,-87.6050862,1443,ACS 2020-2024 5-year,278,LODES8 2023
170314106001,41.7994291,-87.5989747,1365,ACS 2020-2024 5-year,10,LODES8 2023
170314106002,41.7964993,-87.5989094,1235,ACS 2020-2024 5-year,546,LODES8 2023
170314107001,41.7980493,-87.5941996,2494,ACS 2020-2024 5-year,412,LODES8 2023
170314108001,41.7995288,-87.5895530,1195,ACS 2020-2024 5-year,1105,LODES8 2023
170314108002,41.7964932,-87.5896921,1575,ACS 2020-2024 5-year,145,LODES8 2023
170314109001,41.7988817,-87.5838970,780,ACS 2020-2024 5-year,146,LODES8 2023
170314109002,41.7973205,-87.5863932,717,ACS 2020-2024 5-year,204,LODES8 2023
170314109003,41.7967097,-87.5780937,2196,ACS 2020-2024 5-year,390,LODES8 2023
170314110001,41.7915523,-87.5801230,1156,ACS 2020-2024 5-year,252,LODES8 2023
170314110002,41.7872267,-87.5774620,394,ACS 2020-2024 5-year,197,LODES8 2023
170314110003,41.7934930,-87.5853079,2998,ACS 2020-2024 5-year,156,LODES8 2023
170314111001,41.7933190,-87.5897140,1018,ACS 2020-2024 5-year,125,LODES8 2023
170314111002,41.7884021,-87.5896914,1341,ACS 2020-2024 5-year,47,LODES8 2023
170314112001,41.7932625,-87.5940955,1145,ACS 2020-2024 5-year,22,LODES8 2023
170314112002,41.7887715,-87.5939651,553,ACS 2020-2024 5-year,283,LODES8 2023
170314201001,41.7825689,-87.5795042,1431,ACS 2020-2024 5-year,19,LODES8 2023
170314202001,41.7834680,-87.5935208,2011,ACS 2020-2024 5-year,882,LODES8 2023
170314203001,41.7832241,-87.5986970,2511,ACS 2020-2024 5-year,68,LODES8 2023
170314204001,41.7831699,-87.6035584,1463,ACS 2020-2024 5-year,559,LODES8 2023
170314205001,41.7843098,-87.6088610,557,ACS 2020-2024 5-year,207,LODES8 2023
170314205002,41.7818969,-87.6079935,1194,ACS 2020-2024 5-year,37,LODES8 2023
170314206001,41.7842199,-87.6137075,1932,ACS 2020-2024 5-year,28,LODES8 2023
170314206002,41.7818057,-87.6128474,1048,ACS 2020-2024 5-year,127,LODES8 2023
170314207001,41.7785625,-87.6077142,376,ACS 2020-2024 5-year,54,LODES8 2023
170314207002,41.7749277,-87.6076332,339,ACS 2020-2024 5-year,15,LODES8 2023
170314207003,41.7748628,-87.6112755,669,ACS 2020-2024 5-year,7,LODES8 2023
170314207004,41.7784972,-87.6113527,466,ACS 2020-2024 5-year,12,LODES8 2023
170314207005,41.7766324,-87.6143337,574,ACS 2020-2024 5-year,12,LODES8 2023
170314208001,41.7786254,-87.6031516,956,ACS 2020-2024 5-year,61,LODES8 2023
170314208002,41.7749835,-87.6033751,1190,ACS 2020-2024 5-year,84,LODES8 2023
170314212001,41.7721656,-87.6100793,1270,ACS 2020-2024 5-year,26,LODES8 2023
170314212002,41.7694329,-87.6080220,779,ACS 2020-2024 5-year,149,LODES8 2023
170314301011,41.7689166,-87.5739257,659,ACS 2020-2024 5-year,0,LODES8 2023
170314301012,41.7671196,-87.5738759,582,ACS 2020-2024 5-year,100,LODES8 2023
170314301013,41.7707425,-87.5739785,1467,ACS 2020-2024 5-year,0,LODES8 2023
170314301014,41.7725659,-87.5740300,1068,ACS 2020-2024 5-year,17,LODES8 2023
170314301021,41.7689528,-87.5638143,1765,ACS 2020-2024 5-year,15,LODES8 2023
170314301022,41.7671580,-87.5698028,679,ACS 2020-2024 5-year,0,LODES8 2023
170314301023,41.7689588,-87.5698503,1138,ACS 2020-2024 5-year,8,LODES8 2023
170314302001,41.7716063,-87.5782869,925,ACS 2020-2024 5-year,17,LODES8 2023
170314302002,41.7679899,-87.5781908,781,ACS 2020-2024 5-year,5,LODES8 2023
170314302003,41.7676662,-87.5836900,1004,ACS 2020-2024 5-year,179,LODES8 2023
170314302004,41.7700147,-87.5821804,1488,ACS 2020-2024 5-year,15,LODES8 2023
170314302005,41.7721557,-87.5836319,1594,ACS 2020-2024 5-year,24,LODES8 2023
170314303001,41.7714908,-87.5887034,1962,ACS 2020-2024 5-year,78,LODES8 2023
170314303002,41.7679151,-87.5879142,560,ACS 2020-2024 5-year,88,LODES8 2023
170314303003,41.7689839,-87.5912068,186,ACS 2020-2024 5-year,6,LODES8 2023
170314304001,41.7651513,-87.5899529,388,ACS 2020-2024 5-year,130,LODES8 2023
170314304002,41.7632934,-87.5898013,645,ACS 2020-2024 5-year,31,LODES8 2023
170314304003,41.7614566,-87.5905646,1022,ACS 2020-2024 5-year,21,LODES8 2023
170314304004,41.7596312,-87.5907528,959,ACS 2020-2024 5-year,70,LODES8 2023
170314305001,41.7643495,-87.5777965,1141,ACS 2020-2024 5-year,14,LODES8 2023
170314305002,41.7643202,-87.5808659,1316,ACS 2020-2024 5-year,131,LODES8 2023
170314305003,41.7642806,-87.5843405,1074,ACS 2020-2024 5-year,136,LODES8 2023
170314306001,41.7653211,-87.5713913,1007,ACS 2020-2024 5-year,233,LODES8 2023
170314306002,41.7634755,-87.5713540,715,ACS 2020-2024 5-year,30,LODES8 2023
170314307001,41.7652716,-87.5608903,1366,ACS 2020-2024 5-year,66,LODES8 2023
170314307002,41.7643824,-87.5649159,617,ACS 2020-2024 5-year,173,LODES8 2023
170314308001,41.7616594,-87.5713178,1191,ACS 2020-2024 5-year,2,LODES8 2023
170314308002,41.7598420,-87.5712787,744,ACS 2020-2024 5-year,32,LODES8 2023
170314309001,41.7615510,-87.5812066,754,ACS 2020-2024 5-year,8,LODES8 2023
170314309002,41.7597304,-87.5811637,787,ACS 2020-2024 5-year,30,LODES8 2023
170314312001,41.7534844,-87.5711472,1737,ACS 2020-2024 5-year,43,LODES8 2023
170314312002,41.7571167,-87.5712215,1155,ACS 2020-2024 5-year,136,LODES8 2023
170314313011,41.7534106,-87.5561976,219,ACS 2020-2024 5-year,19,LODES8 2023
170314313012,41.7545025,-87.5623930,1800,ACS 2020-2024 5-year,0,LODES8 2023
170314313013,41.7526893,-87.5623576,1683,ACS 2020-2024 5-year,47,LODES8 2023
170314313021,41.7606346,-87.5639361,1073,ACS 2020-2024 5-year,60,LODES8 2023
170314313022,41.7580881,-87.5626720,1945,ACS 2020-2024 5-year,18,LODES8 2023
170314313023,41.7562938,-87.5616860,445,ACS 2020-2024 5-year,41,LODES8 2023
170314314001,41.7611208,-87.5586049,1609,ACS 2020-2024 5-year,70,LODES8 2023
170314314002,41.7587973,-87.5552530,1486,ACS 2020-2024 5-year,120,LODES8 2023
170314314003,41.7572084,-87.5465550,2458,ACS 2020-2024 5-year,135,LODES8 2023
170314314004,41.7628044,-87.5604654,1297,ACS 2020-2024 5-year,138,LODES8 2023
170314401011,41.7492917,-87.5994513,909,ACS 2020-2024 5-year,19,LODES8 2023
170314401012,41.7467317,-87.6032631,737,ACS 2020-2024 5-year,12,LODES8 2023
170314401013,41.7466919,-87.6001445,577,ACS 2020-2024 5-year,0,LODES8 2023
170314401014,41.7494766,-87.6033414,1359,ACS 2020-2024 5-year,20,LODES8 2023
170314401021,41.7406271,-87.5992632,1375,ACS 2020-2024 5-year,30,LODES8 2023
170314401022,41.7384907,-87.6030510,412,ACS 2020-2024 5-year,120,LODES8 2023
170314401023,41.7421532,-87.6031624,626,ACS 2020-2024 5-year,54,LODES8 2023
170314401024,41.7449065,-87.6032154,772,ACS 2020-2024 5-year,19,LODES8 2023
170314402011,41.7494248,-87.6070032,2438,ACS 2020-2024 5-year,35,LODES8 2023
170314402012,41.7484492,-87.6106101,708,ACS 2020-2024 5-year,48,LODES8 2023
170314402013,41.7463622,-87.6069172,488,ACS 2020-2024 5-year,13,LODES8 2023
170314402014,41.7478632,-87.6135937,1676,ACS 2020-2024 5-year,23,LODES8 2023
170314402021,41.7440290,-87.6107087,765,ACS 2020-2024 5-year,42,LODES8 2023
170314402022,41.7400561,-87.6075925,1340,ACS 2020-2024 5-year,201,LODES8 2023
170314402023,41.7395066,-87.6123821,503,ACS 2020-2024 5-year,21,LODES8 2023
170314403001,41.7400190,-87.6226654,932,ACS 2020-2024 5-year,59,LODES8 2023
170314403002,41.7437583,-87.6163500,1284,ACS 2020-2024 5-year,44,LODES8 2023
170314403003,41.7400809,-87.6194722,157,ACS 2020-2024 5-year,4,LODES8 2023
170314403004,41.7473822,-87.6196688,702,ACS 2020-2024 5-year,48,LODES8 2023
170314403005,41.7473341,-87.6228602,1325,ACS 2020-2024 5-year,24,LODES8 2023
170314406001,41.7332667,-87.6168678,759,ACS 2020-2024 5-year,2,LODES8 2023
170314406002,41.7322229,-87.6208496,1198,ACS 2020-2024 5-year,45,LODES8 2023
170314407001,41.7347896,-87.6072030,653,ACS 2020-2024 5-year,41,LODES8 2023
170314407002,41.7347132,-87.6120524,775,ACS 2020-2024 5-year,6,LODES8 2023
170314408001,41.7345834,-87.6029559,802,ACS 2020-2024 5-year,15,LODES8 2023
170314408002,41.7283973,-87.6037573,1175,ACS 2020-2024 5-year,10,LODES8 2023
170314409001,41.7306841,-87.6071019,1134,ACS 2020-2024 5-year,22,LODES8 2023
170314409002,41.7258582,-87.6068300,227,ACS 2020-2024 5-year,24,LODES8 2023
170314409003,41.7293772,-87.6118141,1232,ACS 2020-2024 5-year,0,LODES8 2023
170314503001,41.7453281,-87.5827103,734,ACS 2020-2024 5-year,145,LODES8 2023
170314503002,41.7423578,-87.5769371,942,ACS 2020-2024 5-year,234,LODES8 2023
170314503003,41.7388187,-87.5742659,967,ACS 2020-2024 5-year,25,LODES8 2023
170314503004,41.7387719,-87.5831462,325,ACS 2020-2024 5-year,2893,LODES8 2023
170314601001,41.7478345,-87.5367253,613,ACS 2020-2024 5-year,90,LODES8 2023
170314601002,41.7492174,-87.5504238,345,ACS 2020-2024 5-year,0,LODES8 2023
170314601003,41.7473989,-87.5503851,708,ACS 2020-2024 5-year,3,LODES8 2023
170314601004,41.7455809,-87.5503483,685,ACS 2020-2024 5-year,81,LODES8 2023
170314602001,41.7420269,-87.5436047,713,ACS 2020-2024 5-year,1,LODES8 2023
170314602002,41.7411063,-87.5485053,1483,ACS 2020-2024 5-year,132,LODES8 2023
170314603011,41.7400464,-87.5563347,1094,ACS 2020-2024 5-year,91,LODES8 2023
170314603012,41.7382282,-87.5563019,974,ACS 2020-2024 5-year,68,LODES8 2023
170314603013,41.7418480,-87.5564678,653,ACS 2020-2024 5-year,66,LODES8 2023
170314603021,41.7509367,-87.5577309,188,ACS 2020-2024 5-year,10,LODES8 2023
170314603022,41.7491186,-87.5576975,898,ACS 2020-2024 5-year,210,LODES8 2023
170314603023,41.7436372,-87.5564860,1395,ACS 2020-2024 5-year,23,LODES8 2023
170314603024,41.7463914,-87.5576501,828,ACS 2020-2024 5-year,16,LODES8 2023
170314604001,41.7499448,-87.5637777,796,ACS 2020-2024 5-year,24,LODES8 2023
170314604002,41.7463089,-87.5637201,1205,ACS 2020-2024 5-year,7,LODES8 2023
170314604003,41.7426755,-87.5636649,1061,ACS 2020-2024 5-year,0,LODES8 2023
170314604004,41.7390468,-87.5636064,755,ACS 2020-2024 5-year,3,LODES8 2023
170314605001,41.7498800,-87.5686395,1392,ACS 2020-2024 5-year,342,LODES8 2023
170314605002,41.7462464,-87.5685838,485,ACS 2020-2024 5-year,0,LODES8 2023
170314605003,41.7417145,-87.5682373,351,ACS 2020-2024 5-year,15,LODES8 2023
170314605004,41.7443069,-87.5729970,499,ACS 2020-2024 5-year,16,LODES8 2023
170314605005,41.7469453,-87.5753477,237,ACS 2020-2024 5-year,9,LODES8 2023
170314605006,41.7488841,-87.5762602,1275,ACS 2020-2024 5-year,5,LODES8 2023
170314605007,41.7506617,-87.5778623,715,ACS 2020-2024 5-year,98,LODES8 2023
170314608001,41.7346345,-87.5520656,1599,ACS 2020-2024 5-year,12,LODES8 2023
170314608002,41.7364599,-87.5521083,358,ACS 2020-2024 5-year,42,LODES8 2023
170314608003,41.7356226,-87.5458341,1366,ACS 2020-2024 5-year,0,LODES8 2023
170314608004,41.7356327,-87.5595142,934,ACS 2020-2024 5-year,12,LODES8 2023
170314610001,41.7273925,-87.5465424,1230,ACS 2020-2024 5-year,1021,LODES8 2023
170314701001,41.7256566,-87.5991814,1188,ACS 2020-2024 5-year,150,LODES8 2023
170314701002,41.7296892,-87.5949474,1116,ACS 2020-2024 5-year,1913,LODES8 2023
170314801001,41.7353200,-87.5695936,1137,ACS 2020-2024 5-year,6,LODES8 2023
170314801002,41.7351936,-87.5793974,852,ACS 2020-2024 5-year,182,LODES8 2023
170314802001,41.7350668,-87.5874546,622,ACS 2020-2024 5-year,159,LODES8 2023
170314802002,41.7351683,-87.5917605,407,ACS 2020-2024 5-year,31,LODES8 2023
170314803001,41.7291940,-87.5879725,1296,ACS 2020-2024 5-year,145,LODES8 2023
170314804001,41.7316756,-87.5688977,432,ACS 2020-2024 5-year,1,LODES8 2023
170314804002,41.7280249,-87.5688044,348,ACS 2020-2024 5-year,1025,LODES8 2023
170314804003,41.7247943,-87.5755652,748,ACS 2020-2024 5-year,64,LODES8 2023
170314804004,41.7269850,-87.5786266,976,ACS 2020-2024 5-year,29,LODES8 2023
170314804005,41.7288079,-87.5786674,677,ACS 2020-2024 5-year,20,LODES8 2023
170314804006,41.7306299,-87.5787101,458,ACS 2020-2024 5-year,11,LODES8 2023
170314804007,41.7324658,-87.5788122,445,ACS 2020-2024 5-year,109,LODES8 2023
170314805001,41.7290019,-87.5633499,844,ACS 2020-2024 5-year,28,LODES8 2023
170314805002,41.7245105,-87.5566890,1087,ACS 2020-2024 5-year,72,LODES8 2023
170314805003,41.7306439,-87.5599123,900,ACS 2020-2024 5-year,72,LODES8 2023
170314902001,41.7253390,-87.6167533,1040,ACS 2020-2024 5-year,7,LODES8 2023
170314902002,41.7254220,-87.6214581,914,ACS 2020-2024 5-year,44,LODES8 2023
170314902003,41.7236539,-87.6108237,925,ACS 2020-2024 5-year,50,LODES8 2023
170314905001,41.7178484,-87.6101441,745,ACS 2020-2024 5-year,17,LODES8 2023
170314905002,41.7181004,-87.6194768,1226,ACS 2020-2024 5-year,22,LODES8 2023
170314906001,41.7179734,-87.6283302,1344,ACS 2020-2024 5-year,12,LODES8 2023
170314907001,41.7125863,-87.6260249,880,ACS 2020-2024 5-year,0,LODES8 2023
170314907002,41.7089562,-87.6259609,317,ACS 2020-2024 5-year,0,LODES8 2023
170314907003,41.7107006,-87.6307759,1297,ACS 2020-2024 5-year,24,LODES8 2023
170314908001,41.7106461,-87.6082644,939,ACS 2020-2024 5-year,11,LODES8 2023
170314908002,41.7100486,-87.6119982,634,ACS 2020-2024 5-year,183,LODES8 2023
170314908003,41.7127622,-87.6193561,913,ACS 2020-2024 5-year,8,LODES8 2023
170314908004,41.7090979,-87.6162492,625,ACS 2020-2024 5-year,88,LODES8 2023
170314908005,41.7090216,-87.6211215,462,ACS 2020-2024 5-year,80,LODES8 2023
170314909011,41.6962156,-87.6114870,1481,ACS 2020-2024 5-year,12,LODES8 2023
170314909012,41.6958695,-87.6207728,712,ACS 2020-2024 5-year,115,LODES8 2023
170314909013,41.6961078,-87.6159029,565,ACS 2020-2024 5-year,8,LODES8 2023
170314909021,41.7012836,-87.6105288,1014,ACS 2020-2024 5-year,9,LODES8 2023
170314909022,41.7036828,-87.6200879,866,ACS 2020-2024 5-year,160,LODES8 2023
170314909023,41.7024868,-87.6160751,2302,ACS 2020-2024 5-year,1,LODES8 2023
170314909024,41.7055813,-87.6103182,543,ACS 2020-2024 5-year,35,LODES8 2023
170314910001,41.6944281,-87.6269120,858,ACS 2020-2024 5-year,51,LODES8 2023
170314910002,41.7002980,-87.6257116,481,ACS 2020-2024 5-year,5,LODES8 2023
170314910003,41.6984215,-87.6304440,1476,ACS 2020-2024 5-year,1,LODES8 2023
170314910004,41.7049936,-87.6283763,597,ACS 2020-2024 5-year,5,LODES8 2023
170314911001,41.7045118,-87.6349653,276,ACS 2020-2024 5-year,10,LODES8 2023
170314911002,41.7001031,-87.6354993,491,ACS 2020-2024 5-year,4,LODES8 2023
170314911003,41.6949978,-87.6353502,481,ACS 2020-2024 5-year,39,LODES8 2023
170314911004,41.6960257,-87.6400690,1779,ACS 2020-2024 5-year,215,LODES8 2023
170314911005,41.7033080,-87.6402942,1035,ACS 2020-2024 5-year,23,LODES8 2023
170314912001,41.6888126,-87.6344159,696,ACS 2020-2024 5-year,0,LODES8 2023
170314912002,41.6869377,-87.6391861,603,ACS 2020-2024 5-year,89,LODES8 2023
170314912003,41.6905739,-87.6393012,549,ACS 2020-2024 5-year,27,LODES8 2023
170314913001,41.6907398,-87.6254541,601,ACS 2020-2024 5-year,396,LODES8 2023
170314913002,41.6871079,-87.6253422,632,ACS 2020-2024 5-year,3,LODES8 2023
170314913003,41.6870516,-87.6301449,529,ACS 2020-2024 5-year,4,LODES8 2023
170314913004,41.6906820,-87.6302650,263,ACS 2020-2024 5-year,3,LODES8 2023
170314914001,41.6898309,-87.6118556,133,ACS 2020-2024 5-year,16,LODES8 2023
170314914002,41.6882801,-87.6206521,910,ACS 2020-2024 5-year,86,LODES8 2023
170314914003,41.6893836,-87.6163196,1472,ACS 2020-2024 5-year,83,LODES8 2023
170315001001,41.7204569,-87.5951841,286,ACS 2020-2024 5-year,14,LODES8 2023
170315001002,41.7160331,-87.5965105,1089,ACS 2020-2024 5-year,73,LODES8 2023
170315001003,41.7182562,-87.6011797,867,ACS 2020-2024 5-year,695,LODES8 2023
170315001004,41.7129897,-87.5933940,1041,ACS 2020-2024 5-year,530,LODES8 2023
170315002001,41.7028168,-87.6032808,936,ACS 2020-2024 5-year,101,LODES8 2023
170315002002,41.7000013,-87.5990150,833,ACS 2020-2024 5-year,1267,LODES8 2023
170315003001,41.6895681,-87.6035306,716,ACS 2020-2024 5-year,372,LODES8 2023
170315003002,41.6888253,-87.6089284,976,ACS 2020-2024 5-year,38,LODES8 2023
170315101001,41.7211910,-87.5500192,1144,ACS 2020-2024 5-year,102,LODES8 2023
170315101002,41.7114375,-87.5502767,1985,ACS 2020-2024 5-year,265,LODES8 2023
170315102001,41.7194629,-87.5595174,865,ACS 2020-2024 5-year,19,LODES8 2023
170315102002,41.7171623,-87.5628627,792,ACS 2020-2024 5-year,3,LODES8 2023
170315102003,41.7104039,-87.5593556,1328,ACS 2020-2024 5-year,102,LODES8 2023
170315103001,41.7196048,-87.5672081,1812,ACS 2020-2024 5-year,40,LODES8 2023
170315103002,41.7211965,-87.5759371,851,ACS 2020-2024 5-year,951,LODES8 2023
170315103003,41.7137162,-87.5787465,295,ACS 2020-2024 5-year,294,LODES8 2023
170315103004,41.7139026,-87.5691443,1386,ACS 2020-2024 5-year,23,LODES8 2023
170315201001,41.7211184,-87.5294325,1816,ACS 2020-2024 5-year,431,LODES8 2023
170315202001,41.7211253,-87.5372216,852,ACS 2020-2024 5-year,8,LODES8 2023
170315202002,41.7087995,-87.5408126,674,ACS 2020-2024 5-year,73,LODES8 2023
170315202003,41.7176403,-87.5399048,1959,ACS 2020-2024 5-year,56,LODES8 2023
170315203001,41.7063906,-87.5383048,2778,ACS 2020-2024 5-year,16,LODES8 2023
170315203002,41.7027542,-87.5383108,1054,ACS 2020-2024 5-year,348,LODES8 2023
170315203003,41.6991195,-87.5383130,909,ACS 2020-2024 5-year,55,LODES8 2023
170315203004,41.6982342,-87.5417638,1445,ACS 2020-2024 5-year,67,LODES8 2023
170315204001,41.7047470,-87.5294806,726,ACS 2020-2024 5-year,66,LODES8 2023
170315204002,41.7010641,-87.5276079,1222,ACS 2020-2024 5-year,135,LODES8 2023
170315204003,41.7006777,-87.5327137,928,ACS 2020-2024 5-year,52,LODES8 2023
170315204004,41.7054708,-87.5334702,713,ACS 2020-2024 5-year,74,LODES8 2023
170315205001,41.6954645,-87.5334724,1860,ACS 2020-2024 5-year,33,LODES8 2023
170315205002,41.6954423,-87.5281419,1884,ACS 2020-2024 5-year,6,LODES8 2023
170315205003,41.6881496,-87.5328241,1164,ACS 2020-2024 5-year,14,LODES8 2023
170315206001,41.6895204,-87.5404000,2703,ACS 2020-2024 5-year,259,LODES8 2023
170315301001,41.6828287,-87.6168222,990,ACS 2020-2024 5-year,61,LODES8 2023
170315301002,41.6803181,-87.6196948,688,ACS 2020-2024 5-year,52,LODES8 2023
170315302001,41.6825553,-87.6252033,926,ACS 2020-2024 5-year,0,LODES8 2023
170315302002,41.6788812,-87.6274861,312,ACS 2020-2024 5-year,4,LODES8 2023
170315302003,41.6787843,-87.6371403,190,ACS 2020-2024 5-year,26,LODES8 2023
170315302004,41.6838598,-87.6385223,1289,ACS 2020-2024 5-year,69,LODES8 2023
170315302005,41.6815591,-87.6323850,1062,ACS 2020-2024 5-year,12,LODES8 2023
170315303001,41.6814130,-87.6444628,527,ACS 2020-2024 5-year,93,LODES8 2023
170315303002,41.6813397,-87.6493352,742,ACS 2020-2024 5-year,15,LODES8 2023
170315303003,41.6812846,-87.6542062,708,ACS 2020-2024 5-year,13,LODES8 2023
170315303004,41.6812190,-87.6590542,1505,ACS 2020-2024 5-year,4,LODES8 2023
170315304001,41.6740503,-87.6471580,1033,ACS 2020-2024 5-year,364,LODES8 2023
170315304002,41.6740264,-87.6568842,1069,ACS 2020-2024 5-year,71,LODES8 2023
170315305011,41.6763925,-87.6334344,1622,ACS 2020-2024 5-year,194,LODES8 2023
170315305012,41.6733047,-87.6381514,2508,ACS 2020-2024 5-year,19,LODES8 2023
170315305013,41.6724734,-87.6309157,698,ACS 2020-2024 5-year,3,LODES8 2023
170315305014,41.6743533,-87.6249542,1057,ACS 2020-2024 5-year,1,LODES8 2023
170315305021,41.6660796,-87.6250251,1335,ACS 2020-2024 5-year,58,LODES8 2023
170315305031,41.6596869,-87.6422209,654,ACS 2020-2024 5-year,5,LODES8 2023
170315305032,41.6675867,-87.6357170,1487,ACS 2020-2024 5-year,17,LODES8 2023
170315305033,41.6619118,-87.6350756,1527,ACS 2020-2024 5-year,92,LODES8 2023
170315306001,41.6683726,-87.6188531,932,ACS 2020-2024 5-year,15,LODES8 2023
170315306002,41.6705051,-87.6202192,1223,ACS 2020-2024 5-year,0,LODES8 2023
170315306003,41.6757819,-87.6201699,465,ACS 2020-2024 5-year,7,LODES8 2023
170315401011,41.6495832,-87.5998351,2364,ACS 2020-2024 5-year,148,LODES8 2023
170315401012,41.6545647,-87.6023191,1751,ACS 2020-2024 5-year,51,LODES8 2023
170315401021,41.6693047,-87.6066548,1266,ACS 2020-2024 5-year,581,LODES8 2023
170315401022,41.6578867,-87.5960882,1605,ACS 2020-2024 5-year,94,LODES8 2023
170315401023,41.6546690,-87.6095242,532,ACS 2020-2024 5-year,0,LODES8 2023
170315501001,41.6631813,-87.5359785,1217,ACS 2020-2024 5-year,390,LODES8 2023
170315501002,41.6481128,-87.5326240,809,ACS 2020-2024 5-year,30,LODES8 2023
170315501003,41.6492123,-87.5433848,1377,ACS 2020-2024 5-year,87,LODES8 2023
170315501004,41.6531258,-87.5444898,233,ACS 2020-2024 5-year,61,LODES8 2023
170315501005,41.6736841,-87.5405823,363,ACS 2020-2024 5-year,650,LODES8 2023
170315501006,41.6571373,-87.5466781,2162,ACS 2020-2024 5-year,144,LODES8 2023
170315502001,41.6633705,-87.5553085,2176,ACS 2020-2024 5-year,36,LODES8 2023
170315502002,41.6550974,-87.5648270,516,ACS 2020-2024 5-year,188,LODES8 2023
170315601001,41.8156765,-87.7415910,1197,ACS 2020-2024 5-year,648,LODES8 2023
170315602001,41.8135593,-87.7481099,244,ACS 2020-2024 5-year,57,LODES8 2023
170315602002,41.8099335,-87.7476501,1472,ACS 2020-2024 5-year,46,LODES8 2023
170315603001,41.8057325,-87.7480339,2112,ACS 2020-2024 5-year,109,LODES8 2023
170315603002,41.8020825,-87.7479402,1231,ACS 2020-2024 5-year,36,LODES8 2023
170315604001,41.8040062,-87.7406144,1438,ACS 2020-2024 5-year,273,LODES8 2023
170315607001,41.7941584,-87.7572232,1364,ACS 2020-2024 5-year,147,LODES8 2023
170315607002,41.7977864,-87.7576908,2559,ACS 2020-2024 5-year,922,LODES8 2023
170315608001,41.7963581,-87.7648555,1680,ACS 2020-2024 5-year,156,LODES8 2023
170315608002,41.7962620,-87.7697313,1543,ACS 2020-2024 5-year,442,LODES8 2023
170315608003,41.7963543,-87.7739304,892,ACS 2020-2024 5-year,594,LODES8 2023
170315608004,41.7958660,-87.7768907,1124,ACS 2020-2024 5-year,182,LODES8 2023
170315608005,41.7960317,-87.7800915,1176,ACS 2020-2024 5-year,36,LODES8 2023
170315609001,41.7959829,-87.7837504,1087,ACS 2020-2024 5-year,62,LODES8 2023
170315609002,41.7959334,-87.7867996,760,ACS 2020-2024 5-year,104,LODES8 2023
170315609003,41.7958688,-87.7898465,842,ACS 2020-2024 5-year,149,LODES8 2023
170315609004,41.7957896,-87.7935075,1353,ACS 2020-2024 5-year,80,LODES8 2023
170315609005,41.7973867,-87.7983746,345,ACS 2020-2024 5-year,3,LODES8 2023
170315609006,41.7939097,-87.7984506,788,ACS 2020-2024 5-year,253,LODES8 2023
170315610001,41.7886450,-87.7835025,988,ACS 2020-2024 5-year,49,LODES8 2023
170315610002,41.7885905,-87.7865547,398,ACS 2020-2024 5-year,40,LODES8 2023
170315610003,41.7885366,-87.7896059,1983,ACS 2020-2024 5-year,397,LODES8 2023
170315610004,41.7884835,-87.7926584,426,ACS 2020-2024 5-year,12,LODES8 2023
170315610005,41.7884311,-87.7957310,1238,ACS 2020-2024 5-year,48,LODES8 2023
170315610006,41.7883529,-87.7994768,871,ACS 2020-2024 5-year,312,LODES8 2023
170315611001,41.7890305,-87.7639770,349,ACS 2020-2024 5-year,968,LODES8 2023
170315611002,41.7871112,-87.7681908,684,ACS 2020-2024 5-year,8,LODES8 2023
170315611003,41.7907817,-87.7683345,560,ACS 2020-2024 5-year,24,LODES8 2023
170315611004,41.7888592,-87.7725318,1626,ACS 2020-2024 5-year,72,LODES8 2023
170315611005,41.7887862,-87.7761881,1889,ACS 2020-2024 5-year,46,LODES8 2023
170315611006,41.7887021,-87.7798417,456,ACS 2020-2024 5-year,21,LODES8 2023
170315701001,41.8162003,-87.7189132,1299,ACS 2020-2024 5-year,3974,LODES8 2023
170315702001,41.8143799,-87.7307183,2111,ACS 2020-2024 5-year,3384,LODES8 2023
170315703001,41.8060107,-87.7259768,1042,ACS 2020-2024 5-year,485,LODES8 2023
170315703002,41.8023488,-87.7258739,922,ACS 2020-2024 5-year,136,LODES8 2023
170315703003,41.8042785,-87.7296144,1134,ACS 2020-2024 5-year,52,LODES8 2023
170315703004,41.8040778,-87.7344630,2703,ACS 2020-2024 5-year,771,LODES8 2023
170315704001,41.8070282,-87.7189318,1171,ACS 2020-2024 5-year,22,LODES8 2023
170315704002,41.8043042,-87.7191976,497,ACS 2020-2024 5-year,507,LODES8 2023
170315705001,41.7996300,-87.7300727,963,ACS 2020-2024 5-year,79,LODES8 2023
170315705002,41.7978418,-87.7342153,1572,ACS 2020-2024 5-year,89,LODES8 2023
170315801001,41.8300368,-87.6908885,1027,ACS 2020-2024 5-year,140,LODES8 2023
170315801002,41.8246840,-87.6905045,1140,ACS 2020-2024 5-year,485,LODES8 2023
170315802001,41.8279305,-87.6988037,890,ACS 2020-2024 5-year,582,LODES8 2023
170315802002,41.8242067,-87.7005521,2159,ACS 2020-2024 5-year,83,LODES8 2023
170315803001,41.8251876,-87.7089340,2311,ACS 2020-2024 5-year,737,LODES8 2023
170315804001,41.8174799,-87.7095681,858,ACS 2020-2024 5-year,28,LODES8 2023
170315804002,41.8113394,-87.7063473,1065,ACS 2020-2024 5-year,410,LODES8 2023
170315804003,41.8089537,-87.7084285,1251,ACS 2020-2024 5-year,278,LODES8 2023
170315804004,41.8120059,-87.7101904,1062,ACS 2020-2024 5-year,44,LODES8 2023
170315805011,41.8212855,-87.7020137,793,ACS 2020-2024 5-year,5,LODES8 2023
170315805012,41.8187401,-87.6965796,486,ACS 2020-2024 5-year,110,LODES8 2023
170315805013,41.8185660,-87.7015053,1863,ACS 2020-2024 5-year,28,LODES8 2023
170315805014,41.8213955,-87.6970889,1586,ACS 2020-2024 5-year,69,LODES8 2023
170315805021,41.8139098,-87.7021535,1633,ACS 2020-2024 5-year,479,LODES8 2023
170315805022,41.8127629,-87.6980115,1275,ACS 2020-2024 5-year,2,LODES8 2023
170315805023,41.8157850,-87.6985297,2396,ACS 2020-2024 5-year,1295,LODES8 2023
170315806001,41.8216194,-87.6920174,828,ACS 2020-2024 5-year,110,LODES8 2023
170315806002,41.8190446,-87.6921815,778,ACS 2020-2024 5-year,112,LODES8 2023
170315806003,41.8158873,-87.6923904,1857,ACS 2020-2024 5-year,2,LODES8 2023
170315806004,41.8134712,-87.6915098,2485,ACS 2020-2024 5-year,65,LODES8 2023
170315807001,41.8134059,-87.6862811,924,ACS 2020-2024 5-year,38,LODES8 2023
170315807002,41.8198473,-87.6867271,3696,ACS 2020-2024 5-year,63,LODES8 2023
170315807003,41.8156477,-87.6877138,1202,ACS 2020-2024 5-year,9,LODES8 2023
170315808001,41.8102197,-87.6866436,2018,ACS 2020-2024 5-year,107,LODES8 2023
170315905001,41.8248978,-87.6804596,1630,ACS 2020-2024 5-year,299,LODES8 2023
170315906001,41.8288910,-87.6736125,1068,ACS 2020-2024 5-year,29,LODES8 2023
170315906002,41.8269631,-87.6718990,1114,ACS 2020-2024 5-year,4,LODES8 2023
170315906003,41.8246466,-87.6730942,1524,ACS 2020-2024 5-year,14,LODES8 2023
170315907001,41.8268235,-87.6690844,1425,ACS 2020-2024 5-year,124,LODES8 2023
170315907002,41.8260539,-87.6627888,1119,ACS 2020-2024 5-year,1364,LODES8 2023
170316004001,41.8430061,-87.6426271,1593,ACS 2020-2024 5-year,30,LODES8 2023
170316004002,41.8393451,-87.6442406,1092,ACS 2020-2024 5-year,267,LODES8 2023
170316004003,41.8426193,-87.6447730,1450,ACS 2020-2024 5-year,259,LODES8 2023
170316006001,41.8399664,-87.6537349,1937,ACS 2020-2024 5-year,93,LODES8 2023
170316006002,41.8441945,-87.6569479,731,ACS 2020-2024 5-year,125,LODES8 2023
170316007001,41.8393655,-87.6576810,1907,ACS 2020-2024 5-year,47,LODES8 2023
170316007002,41.8417983,-87.6615550,1264,ACS 2020-2024 5-year,128,LODES8 2023
170316009001,41.8361688,-87.6479494,1012,ACS 2020-2024 5-year,64,LODES8 2023
170316009002,41.8367007,-87.6511929,1001,ACS 2020-2024 5-year,85,LODES8 2023
170316009003,41.8365680,-87.6547655,618,ACS 2020-2024 5-year,8,LODES8 2023
170316009004,41.8365681,-87.6582972,1111,ACS 2020-2024 5-year,30,LODES8 2023
170316103001,41.8188466,-87.6704463,2235,ACS 2020-2024 5-year,496,LODES8 2023
170316103002,41.8132947,-87.6712683,1211,ACS 2020-2024 5-year,106,LODES8 2023
170316103003,41.8149599,-87.6791059,1621,ACS 2020-2024 5-year,1757,LODES8 2023
170316104001,41.8103984,-87.6674491,2063,ACS 2020-2024 5-year,122,LODES8 2023
170316108001,41.8127119,-87.6384046,1584,ACS 2020-2024 5-year,61,LODES8 2023
170316112001,41.8063739,-87.6612612,1032,ACS 2020-2024 5-year,29,LODES8 2023
170316112002,41.8043666,-87.6629778,1554,ACS 2020-2024 5-year,55,LODES8 2023
170316113001,41.8062202,-87.6659991,1574,ACS 2020-2024 5-year,74,LODES8 2023
170316113002,41.8025686,-87.6676080,638,ACS 2020-2024 5-year,20,LODES8 2023
170316113003,41.8058431,-87.6681380,1153,ACS 2020-2024 5-year,219,LODES8 2023
170316114001,41.8061785,-87.6708601,585,ACS 2020-2024 5-year,126,LODES8 2023
170316114002,41.8027713,-87.6721147,1505,ACS 2020-2024 5-year,9,LODES8 2023
170316114003,41.8061559,-87.6735337,1446,ACS 2020-2024 5-year,41,LODES8 2023
170316115001,41.8065808,-87.6758539,769,ACS 2020-2024 5-year,7,LODES8 2023
170316115002,41.8051362,-87.6793206,2457,ACS 2020-2024 5-year,273,LODES8 2023
170316116001,41.7992239,-87.6767895,697,ACS 2020-2024 5-year,12,LODES8 2023
170316116002,41.7957451,-87.6770268,767,ACS 2020-2024 5-year,12,LODES8 2023
170316117001,41.7970615,-87.6703835,614,ACS 2020-2024 5-year,227,LODES8 2023
170316117002,41.7959570,-87.6727834,394,ACS 2020-2024 5-year,70,LODES8 2023
170316117003,41.7994321,-87.6726363,695,ACS 2020-2024 5-year,3,LODES8 2023
170316118001,41.7983985,-87.6667471,800,ACS 2020-2024 5-year,50,LODES8 2023
170316118002,41.7959970,-87.6679200,553,ACS 2020-2024 5-year,7,LODES8 2023
170316119001,41.7979128,-87.6626797,789,ACS 2020-2024 5-year,61,LODES8 2023
170316119002,41.7983368,-87.6574372,1008,ACS 2020-2024 5-year,8,LODES8 2023
170316120001,41.7996562,-87.6531914,467,ACS 2020-2024 5-year,2,LODES8 2023
170316120002,41.7967607,-87.6521427,747,ACS 2020-2024 5-year,1,LODES8 2023
170316121001,41.7979128,-87.6476808,961,ACS 2020-2024 5-year,29,LODES8 2023
170316122001,41.8059541,-87.6588192,1550,ACS 2020-2024 5-year,7,LODES8 2023
170316122002,41.8045216,-87.6568389,858,ACS 2020-2024 5-year,30,LODES8 2023
170316122003,41.8047714,-87.6499381,1630,ACS 2020-2024 5-year,272,LODES8 2023
170316201001,41.8005717,-87.7176526,1626,ACS 2020-2024 5-year,378,LODES8 2023
170316201002,41.7968213,-87.7183577,2334,ACS 2020-2024 5-year,29,LODES8 2023
170316201003,41.7941990,-87.7183106,854,ACS 2020-2024 5-year,64,LODES8 2023
170316202001,41.7959775,-87.7264360,896,ACS 2020-2024 5-year,640,LODES8 2023
170316202002,41.7947627,-87.7338884,1051,ACS 2020-2024 5-year,36,LODES8 2023
170316203001,41.7913678,-87.7255609,854,ACS 2020-2024 5-year,115,LODES8 2023
170316203002,41.7877317,-87.7254582,1296,ACS 2020-2024 5-year,174,LODES8 2023
170316203003,41.7895115,-87.7291817,1249,ACS 2020-2024 5-year,14,LODES8 2023
170316203004,41.7913032,-87.7322972,450,ACS 2020-2024 5-year,18,LODES8 2023
170316203005,41.7873412,-87.7334324,699,ACS 2020-2024 5-year,13,LODES8 2023
170316203006,41.7903716,-87.7359765,1959,ACS 2020-2024 5-year,16,LODES8 2023
170316204001,41.7915032,-87.7157828,1140,ACS 2020-2024 5-year,11,LODES8 2023
170316204002,41.7878647,-87.7156523,815,ACS 2020-2024 5-year,15,LODES8 2023
170316204003,41.7877950,-87.7205601,1022,ACS 2020-2024 5-year,15,LODES8 2023
170316204004,41.7914265,-87.7206598,1656,ACS 2020-2024 5-year,27,LODES8 2023
170316303001,41.7989430,-87.7073870,2109,ACS 2020-2024 5-year,57,LODES8 2023
170316303002,41.8015875,-87.7111285,3084,ACS 2020-2024 5-year,2368,LODES8 2023
170316304001,41.7991213,-87.6963917,2048,ACS 2020-2024 5-year,32,LODES8 2023
170316304002,41.7954719,-87.6962890,2087,ACS 2020-2024 5-year,14,LODES8 2023
170316304003,41.7953843,-87.7011696,1582,ACS 2020-2024 5-year,137,LODES8 2023
170316304004,41.7990361,-87.7012733,1738,ACS 2020-2024 5-year,83,LODES8 2023
170316305001,41.7992903,-87.6866244,2162,ACS 2020-2024 5-year,31,LODES8 2023
170316305002,41.7956476,-87.6865294,1069,ACS 2020-2024 5-year,35,LODES8 2023
170316305003,41.7955591,-87.6914110,945,ACS 2020-2024 5-year,44,LODES8 2023
170316305004,41.7992056,-87.6915103,1850,ACS 2020-2024 5-year,43,LODES8 2023
170316306001,41.8027454,-87.6940453,1798,ACS 2020-2024 5-year,698,LODES8 2023
170316306002,41.7991285,-87.6818180,1066,ACS 2020-2024 5-year,170,LODES8 2023
170316308001,41.7926941,-87.6986487,1187,ACS 2020-2024 5-year,101,LODES8 2023
170316308002,41.7908748,-87.6985981,1881,ACS 2020-2024 5-year,12,LODES8 2023
170316308003,41.7890557,-87.6985485,1119,ACS 2020-2024 5-year,41,LODES8 2023
170316308004,41.7872361,-87.6984945,1741,ACS 2020-2024 5-year,125,LODES8 2023
170316309001,41.7904003,-87.7051834,1181,ACS 2020-2024 5-year,214,LODES8 2023
170316309002,41.7874670,-87.7095760,1365,ACS 2020-2024 5-year,13,LODES8 2023
170316309003,41.7909724,-87.7099641,1452,ACS 2020-2024 5-year,23,LODES8 2023
170316401001,41.7819196,-87.7398608,1464,ACS 2020-2024 5-year,112,LODES8 2023
170316403001,41.7807778,-87.7630543,332,ACS 2020-2024 5-year,126,LODES8 2023
170316403002,41.7797918,-87.7666804,656,ACS 2020-2024 5-year,35,LODES8 2023
170316403003,41.7822868,-87.7799111,1559,ACS 2020-2024 5-year,145,LODES8 2023
170316403004,41.7835250,-87.7684083,1460,ACS 2020-2024 5-year,24,LODES8 2023
170316403005,41.7796970,-87.7715632,467,ACS 2020-2024 5-year,93,LODES8 2023
170316403006,41.7811004,-87.7764845,1684,ACS 2020-2024 5-year,55,LODES8 2023
170316404001,41.7813049,-87.7838423,1558,ACS 2020-2024 5-year,80,LODES8 2023
170316404002,41.7811366,-87.7936884,1748,ACS 2020-2024 5-year,850,LODES8 2023
170316405001,41.7757704,-87.7860772,2734,ACS 2020-2024 5-year,76,LODES8 2023
170316405002,41.7755946,-87.7958860,1357,ACS 2020-2024 5-year,41,LODES8 2023
170316406001,41.7761802,-87.7640926,693,ACS 2020-2024 5-year,162,LODES8 2023
170316406002,41.7760603,-87.7702015,2104,ACS 2020-2024 5-year,92,LODES8 2023
170316406003,41.7759162,-87.7775306,1245,ACS 2020-2024 5-year,63,LODES8 2023
170316407001,41.7765492,-87.7446610,899,ACS 2020-2024 5-year,202,LODES8 2023
170316407002,41.7765118,-87.7499741,480,ACS 2020-2024 5-year,50,LODES8 2023
170316407003,41.7762648,-87.7547876,421,ACS 2020-2024 5-year,15,LODES8 2023
170316407004,41.7762723,-87.7592255,1280,ACS 2020-2024 5-year,43,LODES8 2023
170316408001,41.7766420,-87.7397908,742,ACS 2020-2024 5-year,93,LODES8 2023
170316408002,41.7729937,-87.7396934,746,ACS 2020-2024 5-year,510,LODES8 2023
170316501001,41.7842353,-87.7154516,685,ACS 2020-2024 5-year,19,LODES8 2023
170316501002,41.7805954,-87.7153519,1266,ACS 2020-2024 5-year,42,LODES8 2023
170316501003,41.7805144,-87.7203579,1165,ACS 2020-2024 5-year,53,LODES8 2023
170316501004,41.7841547,-87.7204597,1167,ACS 2020-2024 5-year,129,LODES8 2023
170316502001,41.7840833,-87.7259671,1014,ACS 2020-2024 5-year,694,LODES8 2023
170316502002,41.7804409,-87.7258637,1698,ACS 2020-2024 5-year,170,LODES8 2023
170316502003,41.7803794,-87.7313573,854,ACS 2020-2024 5-year,125,LODES8 2023
170316502004,41.7840250,-87.7314662,1129,ACS 2020-2024 5-year,21,LODES8 2023
170316502005,41.7839853,-87.7357925,1705,ACS 2020-2024 5-year,4,LODES8 2023
170316502006,41.7803372,-87.7356460,382,ACS 2020-2024 5-year,34,LODES8 2023
170316503011,41.7768733,-87.7325797,1280,ACS 2020-2024 5-year,130,LODES8 2023
170316503012,41.7734501,-87.7339655,1309,ACS 2020-2024 5-year,36,LODES8 2023
170316503013,41.7765536,-87.7255348,955,ACS 2020-2024 5-year,391,LODES8 2023
170316503014,41.7730656,-87.7265576,1152,ACS 2020-2024 5-year,162,LODES8 2023
170316503021,41.7768033,-87.7184739,1871,ACS 2020-2024 5-year,227,LODES8 2023
170316503022,41.7735618,-87.7170699,3371,ACS 2020-2024 5-year,33,LODES8 2023
170316504001,41.7696646,-87.7151556,867,ACS 2020-2024 5-year,5,LODES8 2023
170316504002,41.7660228,-87.7152075,1114,ACS 2020-2024 5-year,7,LODES8 2023
170316504003,41.7613822,-87.7157763,994,ACS 2020-2024 5-year,32,LODES8 2023
170316504004,41.7641999,-87.7195521,1669,ACS 2020-2024 5-year,121,LODES8 2023
170316504005,41.7691359,-87.7200673,2263,ACS 2020-2024 5-year,160,LODES8 2023
170316505001,41.7686110,-87.7244122,1138,ACS 2020-2024 5-year,179,LODES8 2023
170316505002,41.7694733,-87.7292274,1188,ACS 2020-2024 5-year,3,LODES8 2023
170316505003,41.7612751,-87.7327405,1706,ACS 2020-2024 5-year,5545,LODES8 2023
170316603011,41.7799541,-87.6982872,1818,ACS 2020-2024 5-year,66,LODES8 2023
170316603021,41.7845544,-87.6953727,910,ACS 2020-2024 5-year,23,LODES8 2023
170316603022,41.7835374,-87.7020495,308,ACS 2020-2024 5-year,125,LODES8 2023
170316603023,41.7844949,-87.6990295,1999,ACS 2020-2024 5-year,21,LODES8 2023
170316603024,41.7817928,-87.6971230,1444,ACS 2020-2024 5-year,1,LODES8 2023
170316604001,41.7843901,-87.7057231,1411,ACS 2020-2024 5-year,28,LODES8 2023
170316604002,41.7807524,-87.7056152,793,ACS 2020-2024 5-year,76,LODES8 2023
170316604003,41.7806775,-87.7104187,1374,ACS 2020-2024 5-year,42,LODES8 2023
170316604004,41.7843143,-87.7105235,1403,ACS 2020-2024 5-year,30,LODES8 2023
170316605001,41.7771088,-87.7055185,1451,ACS 2020-2024 5-year,153,LODES8 2023
170316605002,41.7734606,-87.7054327,1179,ACS 2020-2024 5-year,25,LODES8 2023
170316605003,41.7733788,-87.7103037,1215,ACS 2020-2024 5-year,10,LODES8 2023
170316605004,41.7770303,-87.7103977,1805,ACS 2020-2024 5-year,28,LODES8 2023
170316606001,41.7774096,-87.6854246,1369,ACS 2020-2024 5-year,40,LODES8 2023
170316606002,41.7773410,-87.6890862,1015,ACS 2020-2024 5-year,53,LODES8 2023
170316606003,41.7772882,-87.6927303,1757,ACS 2020-2024 5-year,5,LODES8 2023
170316606004,41.7772474,-87.6963907,738,ACS 2020-2024 5-year,25,LODES8 2023
170316606005,41.7771837,-87.7006568,1654,ACS 2020-2024 5-year,96,LODES8 2023
170316607001,41.7763227,-87.6810176,400,ACS 2020-2024 5-year,183,LODES8 2023
170316607002,41.7709467,-87.6811866,1161,ACS 2020-2024 5-year,174,LODES8 2023
170316608001,41.7737685,-87.6853275,1701,ACS 2020-2024 5-year,16,LODES8 2023
170316608002,41.7736968,-87.6889822,944,ACS 2020-2024 5-year,15,LODES8 2023
170316608003,41.7736419,-87.6926507,1341,ACS 2020-2024 5-year,10,LODES8 2023
170316608004,41.7736007,-87.6962997,698,ACS 2020-2024 5-year,3,LODES8 2023
170316608005,41.7735341,-87.7005666,1192,ACS 2020-2024 5-year,51,LODES8 2023
170316609001,41.7701169,-87.6858382,1997,ACS 2020-2024 5-year,36,LODES8 2023
170316609002,41.7664769,-87.6857394,1806,ACS 2020-2024 5-year,33,LODES8 2023
170316609003,41.7678191,-87.6990630,2052,ACS 2020-2024 5-year,869,LODES8 2023
170316610001,41.7657627,-87.6810586,506,ACS 2020-2024 5-year,185,LODES8 2023
170316610002,41.7603934,-87.6807133,738,ACS 2020-2024 5-year,51,LODES8 2023
170316610003,41.7601765,-87.6849534,1782,ACS 2020-2024 5-year,168,LODES8 2023
170316610004,41.7625241,-87.6870495,598,ACS 2020-2024 5-year,29,LODES8 2023
170316610005,41.7605845,-87.6906691,1330,ACS 2020-2024 5-year,33,LODES8 2023
170316611001,41.7626745,-87.6954231,1199,ACS 2020-2024 5-year,9,LODES8 2023
170316611002,41.7589036,-87.7017058,1078,ACS 2020-2024 5-year,57,LODES8 2023
170316611003,41.7625959,-87.7003160,1664,ACS 2020-2024 5-year,40,LODES8 2023
170316611004,41.7625386,-87.7052036,1060,ACS 2020-2024 5-year,7,LODES8 2023
170316611005,41.7615286,-87.7099322,2051,ACS 2020-2024 5-year,21,LODES8 2023
170316701001,41.7905123,-87.6559945,129,ACS 2020-2024 5-year,6,LODES8 2023
170316701002,41.7904751,-87.6584222,902,ACS 2020-2024 5-year,2,LODES8 2023
170316702001,41.7904247,-87.6620627,1355,ACS 2020-2024 5-year,40,LODES8 2023
170316703001,41.7890012,-87.6662744,445,ACS 2020-2024 5-year,39,LODES8 2023
170316703002,41.7917164,-87.6675601,759,ACS 2020-2024 5-year,215,LODES8 2023
170316704001,41.7902996,-87.6717698,1746,ACS 2020-2024 5-year,12,LODES8 2023
170316705001,41.7865780,-87.6764044,1294,ACS 2020-2024 5-year,26,LODES8 2023
170316706001,41.7848359,-87.6716250,727,ACS 2020-2024 5-year,0,LODES8 2023
170316706002,41.7811825,-87.6715295,505,ACS 2020-2024 5-year,6,LODES8 2023
170316707001,41.7848977,-87.6667763,589,ACS 2020-2024 5-year,150,LODES8 2023
170316707002,41.7812482,-87.6666868,131,ACS 2020-2024 5-year,25,LODES8 2023
170316708001,41.7840736,-87.6606849,865,ACS 2020-2024 5-year,0,LODES8 2023
170316708002,41.7825879,-87.6625936,405,ACS 2020-2024 5-year,54,LODES8 2023
170316709001,41.7841070,-87.6558512,587,ACS 2020-2024 5-year,12,LODES8 2023
170316709002,41.7826605,-87.6577442,827,ACS 2020-2024 5-year,5,LODES8 2023
170316711001,41.7767771,-87.6617159,1037,ACS 2020-2024 5-year,174,LODES8 2023
170316712001,41.7766993,-87.6665823,664,ACS 2020-2024 5-year,82,LODES8 2023
170316713001,41.7766362,-87.6714266,619,ACS 2020-2024 5-year,10,LODES8 2023
170316713002,41.7712057,-87.6700638,572,ACS 2020-2024 5-year,0,LODES8 2023
170316713003,41.7711771,-87.6724808,523,ACS 2020-2024 5-year,4,LODES8 2023
170316714001,41.7759902,-87.6764469,1005,ACS 2020-2024 5-year,20,LODES8 2023
170316714002,41.7707660,-87.6759287,511,ACS 2020-2024 5-year,12,LODES8 2023
170316715001,41.7721632,-87.6664525,500,ACS 2020-2024 5-year,9,LODES8 2023
170316715002,41.7666146,-87.6742685,996,ACS 2020-2024 5-year,24,LODES8 2023
170316715003,41.7674758,-87.6667401,955,ACS 2020-2024 5-year,258,LODES8 2023
170316716001,41.7713295,-87.6603519,555,ACS 2020-2024 5-year,0,LODES8 2023
170316716002,41.7667640,-87.6614282,983,ACS 2020-2024 5-year,19,LODES8 2023
170316716003,41.7713035,-87.6627782,291,ACS 2020-2024 5-year,7,LODES8 2023
170316718001,41.7614010,-87.6564481,1329,ACS 2020-2024 5-year,48,LODES8 2023
170316719001,41.7613256,-87.6612802,1541,ACS 2020-2024 5-year,58,LODES8 2023
170316720001,41.7621605,-87.6655498,2024,ACS 2020-2024 5-year,22,LODES8 2023
170316720002,41.7621183,-87.6692086,603,ACS 2020-2024 5-year,0,LODES8 2023
170316720003,41.7620710,-87.6728544,688,ACS 2020-2024 5-year,2,LODES8 2023
170316720004,41.7592885,-87.6748393,472,ACS 2020-2024 5-year,83,LODES8 2023
170316805001,41.7905639,-87.6523524,1636,ACS 2020-2024 5-year,0,LODES8 2023
170316806001,41.7832811,-87.6521652,1205,ACS 2020-2024 5-year,11,LODES8 2023
170316809001,41.7749690,-87.6400386,824,ACS 2020-2024 5-year,59,LODES8 2023
170316809002,41.7781818,-87.6338527,1204,ACS 2020-2024 5-year,600,LODES8 2023
170316809003,41.7741000,-87.6338844,1033,ACS 2020-2024 5-year,18,LODES8 2023
170316809004,41.7785368,-87.6413586,893,ACS 2020-2024 5-year,123,LODES8 2023
170316810001,41.7759899,-87.6531902,475,ACS 2020-2024 5-year,7,LODES8 2023
170316810002,41.7743065,-87.6464357,213,ACS 2020-2024 5-year,82,LODES8 2023
170316810003,41.7742124,-87.6501076,1055,ACS 2020-2024 5-year,0,LODES8 2023
170316810004,41.7778908,-87.6484159,667,ACS 2020-2024 5-year,140,LODES8 2023
170316811001,41.7706297,-87.6463685,1018,ACS 2020-2024 5-year,1,LODES8 2023
170316811002,41.7669920,-87.6462801,518,ACS 2020-2024 5-year,35,LODES8 2023
170316811003,41.7669387,-87.6499190,347,ACS 2020-2024 5-year,0,LODES8 2023
170316811004,41.7705755,-87.6500089,240,ACS 2020-2024 5-year,9,LODES8 2023
170316811005,41.7687121,-87.6529983,244,ACS 2020-2024 5-year,28,LODES8 2023
170316812001,41.7703434,-87.6356862,793,ACS 2020-2024 5-year,14,LODES8 2023
170316812002,41.7706899,-87.6424009,518,ACS 2020-2024 5-year,37,LODES8 2023
170316812003,41.7669566,-87.6401143,828,ACS 2020-2024 5-year,15,LODES8 2023
170316813001,41.7600415,-87.6402766,589,ACS 2020-2024 5-year,24,LODES8 2023
170316813002,41.7630455,-87.6382487,1073,ACS 2020-2024 5-year,5,LODES8 2023
170316813003,41.7588383,-87.6430318,352,ACS 2020-2024 5-year,3,LODES8 2023
170316814001,41.7633547,-87.6461855,123,ACS 2020-2024 5-year,9,LODES8 2023
170316814002,41.7614680,-87.6528078,589,ACS 2020-2024 5-year,10,LODES8 2023
170316814003,41.7597202,-87.6479134,730,ACS 2020-2024 5-year,24,LODES8 2023
170316814004,41.7632996,-87.6498226,369,ACS 2020-2024 5-year,1,LODES8 2023
170316903001,41.7708987,-87.6282174,331,ACS 2020-2024 5-year,432,LODES8 2023
170316903002,41.7672018,-87.6295306,1378,ACS 2020-2024 5-year,310,LODES8 2023
170316904001,41.7711096,-87.6178309,582,ACS 2020-2024 5-year,10,LODES8 2023
170316904002,41.7674777,-87.6177349,776,ACS 2020-2024 5-year,34,LODES8 2023
170316904003,41.7673762,-87.6225424,1293,ACS 2020-2024 5-year,94,LODES8 2023
170316904004,41.7710159,-87.6227146,668,ACS 2020-2024 5-year,4,LODES8 2023
170316905001,41.7681794,-87.6121031,704,ACS 2020-2024 5-year,37,LODES8 2023
170316909001,41.7640229,-87.6073533,339,ACS 2020-2024 5-year,9,LODES8 2023
170316909002,41.7603728,-87.6072686,623,ACS 2020-2024 5-year,73,LODES8 2023
170316909003,41.7603073,-87.6109038,538,ACS 2020-2024 5-year,22,LODES8 2023
170316909004,41.7639589,-87.6109904,1475,ACS 2020-2024 5-year,0,LODES8 2023
170316909005,41.7620763,-87.6139803,948,ACS 2020-2024 5-year,7,LODES8 2023
170316910001,41.7638385,-87.6176414,682,ACS 2020-2024 5-year,51,LODES8 2023
170316910002,41.7601886,-87.6175634,596,ACS 2020-2024 5-year,66,LODES8 2023
170316910003,41.7600979,-87.6223795,1038,ACS 2020-2024 5-year,35,LODES8 2023
170316910004,41.7637414,-87.6224540,256,ACS 2020-2024 5-year,56,LODES8 2023
170316911001,41.7618502,-87.6264573,520,ACS 2020-2024 5-year,9,LODES8 2023
170316911002,41.7599709,-87.6300645,599,ACS 2020-2024 5-year,36,LODES8 2023
170316911003,41.7597308,-87.6336677,537,ACS 2020-2024 5-year,3,LODES8 2023
170316911004,41.7635918,-87.6313776,971,ACS 2020-2024 5-year,8,LODES8 2023
170316912001,41.7559723,-87.6362346,856,ACS 2020-2024 5-year,185,LODES8 2023
170316912002,41.7542944,-87.6288679,560,ACS 2020-2024 5-year,117,LODES8 2023
170316912003,41.7533838,-87.6362573,462,ACS 2020-2024 5-year,5,LODES8 2023
170316913001,41.7565002,-87.6198956,1273,ACS 2020-2024 5-year,122,LODES8 2023
170316913002,41.7528568,-87.6197986,833,ACS 2020-2024 5-year,72,LODES8 2023
170316914001,41.7567247,-87.6071744,602,ACS 2020-2024 5-year,34,LODES8 2023
170316914002,41.7530767,-87.6070834,505,ACS 2020-2024 5-year,160,LODES8 2023
170316914003,41.7530129,-87.6107316,502,ACS 2020-2024 5-year,39,LODES8 2023
170316914004,41.7566584,-87.6108177,957,ACS 2020-2024 5-year,33,LODES8 2023
170316914005,41.7547823,-87.6138148,757,ACS 2020-2024 5-year,51,LODES8 2023
170316915001,41.7567791,-87.6035138,434,ACS 2020-2024 5-year,53,LODES8 2023
170316915002,41.7551086,-87.5984209,1014,ACS 2020-2024 5-year,143,LODES8 2023
170316915003,41.7531301,-87.6034222,219,ACS 2020-2024 5-year,40,LODES8 2023
170317001001,41.7536873,-87.7078708,2246,ACS 2020-2024 5-year,83,LODES8 2023
170317001002,41.7535616,-87.6910859,1134,ACS 2020-2024 5-year,777,LODES8 2023
170317002001,41.7559191,-87.7175259,1619,ACS 2020-2024 5-year,941,LODES8 2023
170317002002,41.7511879,-87.7366365,1551,ACS 2020-2024 5-year,108,LODES8 2023
170317002003,41.7519364,-87.7172735,1556,ACS 2020-2024 5-year,90,LODES8 2023
170317002004,41.7509940,-87.7260771,2255,ACS 2020-2024 5-year,93,LODES8 2023
170317003011,41.7473955,-87.7273371,2378,ACS 2020-2024 5-year,26,LODES8 2023
170317003012,41.7438230,-87.7263076,1185,ACS 2020-2024 5-year,15,LODES8 2023
170317003013,41.7456018,-87.7363100,2590,ACS 2020-2024 5-year,705,LODES8 2023
170317003021,41.7364269,-87.7366872,1053,ACS 2020-2024 5-year,43,LODES8 2023
170317003022,41.7379421,-87.7305542,891,ACS 2020-2024 5-year,18,LODES8 2023
170317003023,41.7401869,-87.7364974,1284,ACS 2020-2024 5-year,25,LODES8 2023
170317003024,41.7385256,-87.7252963,2359,ACS 2020-2024 5-year,70,LODES8 2023
170317004011,41.7463098,-87.7081816,2210,ACS 2020-2024 5-year,241,LODES8 2023
170317004012,41.7472850,-87.7170381,1483,ACS 2020-2024 5-year,15,LODES8 2023
170317004013,41.7431626,-87.7168682,1506,ACS 2020-2024 5-year,49,LODES8 2023
170317004014,41.7438217,-87.7046605,1168,ACS 2020-2024 5-year,71,LODES8 2023
170317004021,41.7396379,-87.7178264,908,ACS 2020-2024 5-year,87,LODES8 2023
170317004022,41.7369702,-87.7157239,1183,ACS 2020-2024 5-year,56,LODES8 2023
170317004023,41.7383121,-87.7069270,1206,ACS 2020-2024 5-year,173,LODES8 2023
170317005011,41.7473238,-87.6858390,1088,ACS 2020-2024 5-year,123,LODES8 2023
170317005012,41.7464677,-87.6804604,1474,ACS 2020-2024 5-year,275,LODES8 2023
170317005013,41.7472247,-87.6919216,1183,ACS 2020-2024 5-year,25,LODES8 2023
170317005014,41.7467396,-87.6975223,1724,ACS 2020-2024 5-year,17,LODES8 2023
170317005015,41.7450270,-87.7004227,646,ACS 2020-2024 5-year,12,LODES8 2023
170317005016,41.7434710,-87.6891796,809,ACS 2020-2024 5-year,9,LODES8 2023
170317005021,41.7391666,-87.6843649,1439,ACS 2020-2024 5-year,7,LODES8 2023
170317005022,41.7382641,-87.6969964,1879,ACS 2020-2024 5-year,157,LODES8 2023
170317101001,41.7533918,-87.6419713,940,ACS 2020-2024 5-year,43,LODES8 2023
170317102001,41.7552062,-87.6453728,747,ACS 2020-2024 5-year,17,LODES8 2023
170317102002,41.7551703,-87.6477984,999,ACS 2020-2024 5-year,1,LODES8 2023
170317102003,41.7551328,-87.6502215,233,ACS 2020-2024 5-year,2,LODES8 2023
170317102004,41.7551004,-87.6526456,560,ACS 2020-2024 5-year,10,LODES8 2023
170317102005,41.7550339,-87.6562790,1137,ACS 2020-2024 5-year,36,LODES8 2023
170317103001,41.7540485,-87.6611057,1180,ACS 2020-2024 5-year,542,LODES8 2023
170317104001,41.7558161,-87.6653971,640,ACS 2020-2024 5-year,84,LODES8 2023
170317104002,41.7521524,-87.6653028,756,ACS 2020-2024 5-year,15,LODES8 2023
170317104003,41.7521067,-87.6689410,1631,ACS 2020-2024 5-year,17,LODES8 2023
170317104004,41.7557765,-87.6690425,338,ACS 2020-2024 5-year,0,LODES8 2023
170317104005,41.7545854,-87.6738187,1255,ACS 2020-2024 5-year,2,LODES8 2023
170317104006,41.7520060,-87.6765268,592,ACS 2020-2024 5-year,20,LODES8 2023
170317105001,41.7476072,-87.6645825,871,ACS 2020-2024 5-year,51,LODES8 2023
170317105002,41.7475775,-87.6670099,1010,ACS 2020-2024 5-year,5,LODES8 2023
170317105003,41.7475451,-87.6694343,802,ACS 2020-2024 5-year,167,LODES8 2023
170317105004,41.7474881,-87.6744287,1622,ACS 2020-2024 5-year,83,LODES8 2023
170317106001,41.7476770,-87.6597297,757,ACS 2020-2024 5-year,5,LODES8 2023
170317106002,41.7476431,-87.6621564,901,ACS 2020-2024 5-year,20,LODES8 2023
170317107001,41.7507595,-87.6565749,504,ACS 2020-2024 5-year,105,LODES8 2023
170317107002,41.7483435,-87.6557029,673,ACS 2020-2024 5-year,52,LODES8 2023
170317107003,41.7453084,-87.6556205,444,ACS 2020-2024 5-year,45,LODES8 2023
170317107004,41.7440366,-87.6596342,1327,ACS 2020-2024 5-year,4,LODES8 2023
170317108001,41.7506122,-87.6458604,723,ACS 2020-2024 5-year,46,LODES8 2023
170317108002,41.7469707,-87.6457546,777,ACS 2020-2024 5-year,153,LODES8 2023
170317108003,41.7447358,-87.6474250,730,ACS 2020-2024 5-year,0,LODES8 2023
170317108004,41.7496580,-87.6488649,485,ACS 2020-2024 5-year,19,LODES8 2023
170317108005,41.7505237,-87.6519193,1414,ACS 2020-2024 5-year,47,LODES8 2023
170317108006,41.7459720,-87.6517952,738,ACS 2020-2024 5-year,35,LODES8 2023
170317109001,41.7470095,-87.6415462,628,ACS 2020-2024 5-year,108,LODES8 2023
170317109002,41.7398145,-87.6387993,1450,ACS 2020-2024 5-year,258,LODES8 2023
170317110001,41.7414306,-87.6510621,894,ACS 2020-2024 5-year,11,LODES8 2023
170317110002,41.7396774,-87.6461525,2054,ACS 2020-2024 5-year,412,LODES8 2023
170317110003,41.7377895,-87.6509622,471,ACS 2020-2024 5-year,46,LODES8 2023
170317111001,41.7404567,-87.6552883,514,ACS 2020-2024 5-year,35,LODES8 2023
170317111002,41.7373876,-87.6576344,1288,ACS 2020-2024 5-year,33,LODES8 2023
170317111003,41.7402475,-87.6606643,773,ACS 2020-2024 5-year,62,LODES8 2023
170317112001,41.7431366,-87.6660201,1034,ACS 2020-2024 5-year,75,LODES8 2023
170317112002,41.7384956,-87.6649573,801,ACS 2020-2024 5-year,26,LODES8 2023
170317112003,41.7384454,-87.6686041,1381,ACS 2020-2024 5-year,29,LODES8 2023
170317112004,41.7410889,-87.6731343,1410,ACS 2020-2024 5-year,44,LODES8 2023
170317113001,41.7348175,-87.6675897,542,ACS 2020-2024 5-year,173,LODES8 2023
170317113002,41.7324748,-87.6670471,964,ACS 2020-2024 5-year,27,LODES8 2023
170317114001,41.7340682,-87.6599777,734,ACS 2020-2024 5-year,98,LODES8 2023
170317114002,41.7332539,-87.6471102,1055,ACS 2020-2024 5-year,80,LODES8 2023
170317114003,41.7341462,-87.6545051,883,ACS 2020-2024 5-year,10,LODES8 2023
170317115001,41.7324380,-87.6362478,951,ACS 2020-2024 5-year,3,LODES8 2023
170317115002,41.7324422,-87.6410861,1166,ACS 2020-2024 5-year,2,LODES8 2023
170317201001,41.7234989,-87.6772334,628,ACS 2020-2024 5-year,445,LODES8 2023
170317201002,41.7306402,-87.6762933,1851,ACS 2020-2024 5-year,148,LODES8 2023
170317201003,41.7242146,-87.6688213,955,ACS 2020-2024 5-year,95,LODES8 2023
170317202001,41.7171441,-87.6645970,618,ACS 2020-2024 5-year,96,LODES8 2023
170317202002,41.7106921,-87.6614568,601,ACS 2020-2024 5-year,96,LODES8 2023
170317202003,41.7125240,-87.6687302,2649,ACS 2020-2024 5-year,1139,LODES8 2023
170317203001,41.7156354,-87.6734220,789,ACS 2020-2024 5-year,431,LODES8 2023
170317203002,41.7191854,-87.6783753,545,ACS 2020-2024 5-year,248,LODES8 2023
170317203003,41.7099093,-87.6777770,1230,ACS 2020-2024 5-year,282,LODES8 2023
170317203004,41.7155287,-87.6782707,884,ACS 2020-2024 5-year,27,LODES8 2023
170317204001,41.7100148,-87.6842114,846,ACS 2020-2024 5-year,275,LODES8 2023
170317204002,41.7099686,-87.6891562,1081,ACS 2020-2024 5-year,83,LODES8 2023
170317205001,41.7030725,-87.6919112,764,ACS 2020-2024 5-year,100,LODES8 2023
170317205002,41.7024446,-87.6844742,1201,ACS 2020-2024 5-year,454,LODES8 2023
170317206001,41.7046156,-87.6772655,1014,ACS 2020-2024 5-year,162,LODES8 2023
170317206002,41.7009503,-87.6771489,930,ACS 2020-2024 5-year,126,LODES8 2023
170317207001,41.7029088,-87.6699565,1465,ACS 2020-2024 5-year,91,LODES8 2023
170317207002,41.7028067,-87.6605980,703,ACS 2020-2024 5-year,65,LODES8 2023
170317207003,41.7038622,-87.6644949,767,ACS 2020-2024 5-year,9,LODES8 2023
170317301001,41.7252302,-87.6353963,921,ACS 2020-2024 5-year,1,LODES8 2023
170317301002,41.7233459,-87.6402342,684,ACS 2020-2024 5-year,47,LODES8 2023
170317301003,41.7269812,-87.6403306,631,ACS 2020-2024 5-year,8,LODES8 2023
170317302011,41.7270194,-87.6542528,790,ACS 2020-2024 5-year,1,LODES8 2023
170317302012,41.7239956,-87.6609180,2351,ACS 2020-2024 5-year,331,LODES8 2023
170317302013,41.7295922,-87.6574519,721,ACS 2020-2024 5-year,3,LODES8 2023
170317302014,41.7294494,-87.6610745,553,ACS 2020-2024 5-year,19,LODES8 2023
170317302015,41.7240442,-87.6572704,1340,ACS 2020-2024 5-year,10,LODES8 2023
170317302021,41.7276741,-87.6476169,1394,ACS 2020-2024 5-year,91,LODES8 2023
170317302022,41.7271391,-87.6518959,706,ACS 2020-2024 5-year,4,LODES8 2023
170317302023,41.7229364,-87.6469984,795,ACS 2020-2024 5-year,159,LODES8 2023
170317303001,41.7274693,-87.6645667,1079,ACS 2020-2024 5-year,246,LODES8 2023
170317304001,41.7194492,-87.6472529,874,ACS 2020-2024 5-year,59,LODES8 2023
170317304002,41.7186508,-87.6585000,1140,ACS 2020-2024 5-year,13,LODES8 2023
170317304003,41.7157859,-87.6477291,410,ACS 2020-2024 5-year,185,LODES8 2023
170317304004,41.7169367,-87.6542878,1123,ACS 2020-2024 5-year,85,LODES8 2023
170317305001,41.7182556,-87.6352102,703,ACS 2020-2024 5-year,20,LODES8 2023
170317305002,41.7109451,-87.6350148,160,ACS 2020-2024 5-year,1,LODES8 2023
170317305003,41.7096896,-87.6398704,1138,ACS 2020-2024 5-year,79,LODES8 2023
170317305004,41.7169810,-87.6400642,2066,ACS 2020-2024 5-year,34,LODES8 2023
170317306001,41.7112180,-87.6561236,719,ACS 2020-2024 5-year,15,LODES8 2023
170317306002,41.7102605,-87.6509789,806,ACS 2020-2024 5-year,14,LODES8 2023
170317306003,41.7105396,-87.6453555,1742,ACS 2020-2024 5-year,55,LODES8 2023
170317307001,41.7032618,-87.6445443,886,ACS 2020-2024 5-year,138,LODES8 2023
170317307002,41.7030221,-87.6519071,1119,ACS 2020-2024 5-year,33,LODES8 2023
170317401001,41.7046557,-87.6987292,654,ACS 2020-2024 5-year,197,LODES8 2023
170317401002,41.7007313,-87.6988330,702,ACS 2020-2024 5-year,18,LODES8 2023
170317401003,41.6965895,-87.6982579,697,ACS 2020-2024 5-year,16,LODES8 2023
170317401004,41.6910849,-87.6986329,950,ACS 2020-2024 5-year,391,LODES8 2023
170317402001,41.7079997,-87.7165240,1584,ACS 2020-2024 5-year,1764,LODES8 2023
170317402002,41.7004720,-87.7158085,792,ACS 2020-2024 5-year,53,LODES8 2023
170317402003,41.7006297,-87.7060394,1608,ACS 2020-2024 5-year,4,LODES8 2023
170317402004,41.7042761,-87.7073959,2208,ACS 2020-2024 5-year,142,LODES8 2023
170317403001,41.6931305,-87.7167589,1108,ACS 2020-2024 5-year,47,LODES8 2023
170317403002,41.6951744,-87.7040285,952,ACS 2020-2024 5-year,252,LODES8 2023
170317403003,41.6932488,-87.7100812,698,ACS 2020-2024 5-year,74,LODES8 2023
170317403004,41.6969042,-87.7101985,1125,ACS 2020-2024 5-year,2,LODES8 2023
170317403005,41.6967773,-87.7169074,1383,ACS 2020-2024 5-year,16,LODES8 2023
170317404001,41.6901259,-87.7044310,654,ACS 2020-2024 5-year,154,LODES8 2023
170317404002,41.6864745,-87.7043035,551,ACS 2020-2024 5-year,64,LODES8 2023
170317404003,41.6875621,-87.7238170,2313,ACS 2020-2024 5-year,314,LODES8 2023
170317404004,41.6823358,-87.7084011,1080,ACS 2020-2024 5-year,4,LODES8 2023
170317501001,41.6959734,-87.6449269,1111,ACS 2020-2024 5-year,102,LODES8 2023
170317501002,41.6965392,-87.6492203,898,ACS 2020-2024 5-year,6,LODES8 2023
170317501003,41.6963420,-87.6582962,961,ACS 2020-2024 5-year,15,LODES8 2023
170317501004,41.6947274,-87.6538354,276,ACS 2020-2024 5-year,71,LODES8 2023
170317502001,41.6965042,-87.6638933,524,ACS 2020-2024 5-year,20,LODES8 2023
170317502002,41.6952456,-87.6684501,775,ACS 2020-2024 5-year,15,LODES8 2023
170317502003,41.6971612,-87.6761133,784,ACS 2020-2024 5-year,284,LODES8 2023
170317502004,41.6935602,-87.6766922,996,ACS 2020-2024 5-year,124,LODES8 2023
170317503001,41.6972351,-87.6844064,770,ACS 2020-2024 5-year,131,LODES8 2023
170317503002,41.6935858,-87.6842853,812,ACS 2020-2024 5-year,111,LODES8 2023
170317503003,41.6953583,-87.6892477,911,ACS 2020-2024 5-year,139,LODES8 2023
170317504001,41.6886710,-87.6854401,1437,ACS 2020-2024 5-year,254,LODES8 2023
170317504002,41.6808926,-87.6826537,965,ACS 2020-2024 5-year,195,LODES8 2023
170317504003,41.6854103,-87.6892500,740,ACS 2020-2024 5-year,27,LODES8 2023
170317505001,41.6883436,-87.6768355,2156,ACS 2020-2024 5-year,751,LODES8 2023
170317505002,41.6811464,-87.6775756,310,ACS 2020-2024 5-year,134,LODES8 2023
170317505003,41.6883054,-87.6672119,1457,ACS 2020-2024 5-year,56,LODES8 2023
170317505004,41.6808772,-87.6679955,1564,ACS 2020-2024 5-year,751,LODES8 2023
170317506001,41.6886725,-87.6459135,1271,ACS 2020-2024 5-year,83,LODES8 2023
170317506002,41.6862557,-87.6531369,602,ACS 2020-2024 5-year,0,LODES8 2023
170317506003,41.6899006,-87.6532511,888,ACS 2020-2024 5-year,406,LODES8 2023
170317506004,41.6886463,-87.6593801,657,ACS 2020-2024 5-year,35,LODES8 2023
170317608011,41.9841424,-87.8477256,2689,ACS 2020-2024 5-year,8099,LODES8 2023
170317608012,41.9821948,-87.8391838,2115,ACS 2020-2024 5-year,5206,LODES8 2023
170317608021,41.9561268,-87.8426210,2280,ACS 2020-2024 5-year,1098,LODES8 2023
170317608031,41.9760014,-87.8434366,2530,ACS 2020-2024 5-year,107,LODES8 2023
170317608032,41.9764068,-87.8478943,1347,ACS 2020-2024 5-year,27,LODES8 2023
170317608033,41.9760982,-87.8390915,1184,ACS 2020-2024 5-year,581,LODES8 2023
170317608034,41.9720968,-87.8401658,2000,ACS 2020-2024 5-year,125,LODES8 2023
170317702011,41.9984886,-88.0114024,2301,ACS 2020-2024 5-year,1436,LODES8 2023
170317702012,41.9974840,-88.0280724,1965,ACS 2020-2024 5-year,752,LODES8 2023
170317702013,41.9981008,-88.0213193,1605,ACS 2020-2024 5-year,173,LODES8 2023
170317702021,42.0078040,-88.0039526,1511,ACS 2020-2024 5-year,621,LODES8 2023
170317702022,42.0286697,-88.0219089,1385,ACS 2020-2024 5-year,10642,LODES8 2023
170317702023,41.9985337,-87.9994039,1543,ACS 2020-2024 5-year,110,LODES8 2023
170317703001,42.0325795,-88.0015507,1247,ACS 2020-2024 5-year,371,LODES8 2023
170317703002,42.0117181,-87.9820108,1267,ACS 2020-2024 5-year,681,LODES8 2023
170317703003,42.0006280,-87.9732538,1664,ACS 2020-2024 5-year,9680,LODES8 2023
170317703004,42.0022580,-87.9924034,1617,ACS 2020-2024 5-year,56,LODES8 2023
170317703005,42.0030387,-87.9843234,1105,ACS 2020-2024 5-year,23,LODES8 2023
170317704001,42.0299011,-87.9773290,1245,ACS 2020-2024 5-year,7704,LODES8 2023
170317704002,42.0187903,-87.9826018,2055,ACS 2020-2024 5-year,28,LODES8 2023
170317704003,42.0182971,-87.9671990,1325,ACS 2020-2024 5-year,7563,LODES8 2023
170317705001,42.0125108,-87.9304366,3929,ACS 2020-2024 5-year,268,LODES8 2023
170317705002,42.0071040,-87.9476083,363,ACS 2020-2024 5-year,11064,LODES8 2023
170317706011,42.0304955,-87.9149717,1034,ACS 2020-2024 5-year,2210,LODES8 2023
170317706012,42.0291857,-87.9005381,1597,ACS 2020-2024 5-year,777,LODES8 2023
170317706013,42.0255467,-87.9000283,812,ACS 2020-2024 5-year,1039,LODES8 2023
170317706021,42.0175127,-87.9098048,2176,ACS 2020-2024 5-year,6668,LODES8 2023
170317706022,42.0057233,-87.8991388,931,ACS 2020-2024 5-year,3835,LODES8 2023
170317706023,42.0109859,-87.9007962,1113,ACS 2020-2024 5-year,51,LODES8 2023
170317707001,41.9842730,-87.8632980,897,ACS 2020-2024 5-year,17012,LODES8 2023
170317707002,41.9864735,-87.8748858,1462,ACS 2020-2024 5-year,8722,LODES8 2023
170317708001,41.9614461,-87.8613997,3343,ACS 2020-2024 5-year,2447,LODES8 2023
170317708002,41.9654646,-87.8721743,2493,ACS 2020-2024 5-year,1760,LODES8 2023
170317709011,41.9701104,-87.8197393,1356,ACS 2020-2024 5-year,102,LODES8 2023
170317709012,41.9704244,-87.8242463,777,ACS 2020-2024 5-year,68,LODES8 2023
170317709013,41.9708569,-87.8095674,845,ACS 2020-2024 5-year,579,LODES8 2023
170317709014,41.9707242,-87.8144900,1940,ACS 2020-2024 5-year,98,LODES8 2023
170317709021,41.9706946,-87.8326719,2027,ACS 2020-2024 5-year,228,LODES8 2023
170317709022,41.9689747,-87.8421824,1884,ACS 2020-2024 5-year,176,LODES8 2023
170318001001,42.1448109,-87.7601042,883,ACS 2020-2024 5-year,153,LODES8 2023
170318001002,42.1339745,-87.7477294,1471,ACS 2020-2024 5-year,131,LODES8 2023
170318002001,42.1457234,-87.7803842,1547,ACS 2020-2024 5-year,735,LODES8 2023
170318002002,42.1339957,-87.7633149,1316,ACS 2020-2024 5-year,1676,LODES8 2023
170318002003,42.1262237,-87.7545391,912,ACS 2020-2024 5-year,133,LODES8 2023
170318002004,42.1213134,-87.7521083,913,ACS 2020-2024 5-year,131,LODES8 2023
170318002005,42.1374185,-87.7756354,769,ACS 2020-2024 5-year,209,LODES8 2023
170318002006,42.1265845,-87.7657504,890,ACS 2020-2024 5-year,123,LODES8 2023
170318003001,42.1153527,-87.7460234,1082,ACS 2020-2024 5-year,879,LODES8 2023
170318003002,42.1101353,-87.7439917,699,ACS 2020-2024 5-year,42,LODES8 2023
170318003003,42.1125387,-87.7574932,1610,ACS 2020-2024 5-year,164,LODES8 2023
170318004001,42.1116252,-87.7290577,1059,ACS 2020-2024 5-year,51,LODES8 2023
170318004002,42.1037532,-87.7262333,1626,ACS 2020-2024 5-year,403,LODES8 2023
170318004003,42.0960567,-87.7186715,1114,ACS 2020-2024 5-year,986,LODES8 2023
170318005001,42.1036383,-87.7327448,859,ACS 2020-2024 5-year,1168,LODES8 2023
170318005002,42.0977521,-87.7323889,851,ACS 2020-2024 5-year,534,LODES8 2023
170318005003,42.0977408,-87.7455370,1255,ACS 2020-2024 5-year,124,LODES8 2023
170318005004,42.1029415,-87.7465994,1398,ACS 2020-2024 5-year,89,LODES8 2023
170318005005,42.1065380,-87.7441452,901,ACS 2020-2024 5-year,235,LODES8 2023
170318006001,42.0895754,-87.7116161,1349,ACS 2020-2024 5-year,271,LODES8 2023
170318006002,42.0867332,-87.7213484,1072,ACS 2020-2024 5-year,184,LODES8 2023
170318007001,42.0895909,-87.7341217,714,ACS 2020-2024 5-year,97,LODES8 2023
170318007002,42.0826006,-87.7282133,1958,ACS 2020-2024 5-year,80,LODES8 2023
170318007003,42.0823021,-87.7374921,887,ACS 2020-2024 5-year,84,LODES8 2023
170318007004,42.0825030,-87.7570292,1425,ACS 2020-2024 5-year,1048,LODES8 2023
170318008001,42.0972200,-87.7586298,2322,ACS 2020-2024 5-year,2331,LODES8 2023
170318009001,42.0757468,-87.7469588,1391,ACS 2020-2024 5-year,359,LODES8 2023
170318009002,42.0678062,-87.7507749,779,ACS 2020-2024 5-year,90,LODES8 2023
170318009003,42.0740515,-87.7543610,1296,ACS 2020-2024 5-year,215,LODES8 2023
170318009004,42.0748382,-87.7596234,905,ACS 2020-2024 5-year,118,LODES8 2023
170318010001,42.0779739,-87.7290263,847,ACS 2020-2024 5-year,201,LODES8 2023
170318010002,42.0746623,-87.7270882,1221,ACS 2020-2024 5-year,38,LODES8 2023
170318010003,42.0683172,-87.7358754,1620,ACS 2020-2024 5-year,364,LODES8 2023
170318010004,42.0736847,-87.7387346,1403,ACS 2020-2024 5-year,336,LODES8 2023
170318011001,42.0818523,-87.7173102,859,ACS 2020-2024 5-year,151,LODES8 2023
170318011002,42.0743033,-87.7092924,1239,ACS 2020-2024 5-year,876,LODES8 2023
170318011003,42.0707758,-87.7156437,978,ACS 2020-2024 5-year,54,LODES8 2023
170318011004,42.0761396,-87.7179773,1885,ACS 2020-2024 5-year,100,LODES8 2023
170318012001,42.0845899,-87.7051320,1106,ACS 2020-2024 5-year,271,LODES8 2023
170318012002,42.0818293,-87.7021257,533,ACS 2020-2024 5-year,71,LODES8 2023
170318012003,42.0788722,-87.6848300,1870,ACS 2020-2024 5-year,308,LODES8 2023
170318013001,42.0726765,-87.6877042,878,ACS 2020-2024 5-year,126,LODES8 2023
170318013002,42.0725836,-87.6947555,1120,ACS 2020-2024 5-year,133,LODES8 2023
170318013003,42.0728793,-87.7002018,809,ACS 2020-2024 5-year,196,LODES8 2023
170318013004,42.0775453,-87.7062302,1654,ACS 2020-2024 5-year,1772,LODES8 2023
170318014001,42.0740581,-87.7674174,1435,ACS 2020-2024 5-year,118,LODES8 2023
170318014002,42.0676304,-87.7634134,1451,ACS 2020-2024 5-year,275,LODES8 2023
170318015001,42.1491010,-87.8076155,2139,ACS 2020-2024 5-year,8294,LODES8 2023
170318015002,42.1298394,-87.8085398,2537,ACS 2020-2024 5-year,692,LODES8 2023
170318015003,42.1399817,-87.8188457,1543,ACS 2020-2024 5-year,5619,LODES8 2023
170318016011,42.1463021,-87.8593492,2647,ACS 2020-2024 5-year,13673,LODES8 2023
170318016012,42.1418330,-87.8755593,1923,ACS 2020-2024 5-year,230,LODES8 2023
170318016031,42.0838430,-87.8824841,1496,ACS 2020-2024 5-year,714,LODES8 2023
170318016032,42.1009084,-87.8761338,2160,ACS 2020-2024 5-year,5763,LODES8 2023
170318016051,42.1346150,-87.8533464,1799,ACS 2020-2024 5-year,390,LODES8 2023
170318016052,42.1273722,-87.8535898,1001,ACS 2020-2024 5-year,28,LODES8 2023
170318016053,42.1347295,-87.8630693,1328,ACS 2020-2024 5-year,131,LODES8 2023
170318016054,42.1266636,-87.8702988,825,ACS 2020-2024 5-year,187,LODES8 2023
170318016055,42.1345351,-87.8833751,654,ACS 2020-2024 5-year,565,LODES8 2023
170318016061,42.1202281,-87.8536725,1284,ACS 2020-2024 5-year,137,LODES8 2023
170318016062,42.1111688,-87.8538291,2172,ACS 2020-2024 5-year,109,LODES8 2023
170318016063,42.1135996,-87.8731011,1671,ACS 2020-2024 5-year,2542,LODES8 2023
170318016064,42.1203374,-87.8616673,259,ACS 2020-2024 5-year,18,LODES8 2023
170318016065,42.1218273,-87.8753663,1826,ACS 2020-2024 5-year,123,LODES8 2023
170318016071,42.0985348,-87.8539929,1550,ACS 2020-2024 5-year,1887,LODES8 2023
170318016072,42.0808735,-87.8586125,1318,ACS 2020-2024 5-year,4023,LODES8 2023
170318016073,42.0968004,-87.8635358,3042,ACS 2020-2024 5-year,118,LODES8 2023
170318016081,42.1080908,-87.8196968,2109,ACS 2020-2024 5-year,5014,LODES8 2023
170318016082,42.1130316,-87.8393869,1162,ACS 2020-2024 5-year,1050,LODES8 2023
170318016083,42.1026832,-87.8439618,623,ACS 2020-2024 5-year,554,LODES8 2023
170318016084,42.0972176,-87.8407818,2424,ACS 2020-2024 5-year,221,LODES8 2023
170318017011,42.1213032,-87.8423543,1849,ACS 2020-2024 5-year,183,LODES8 2023
170318017012,42.1328708,-87.8436658,1620,ACS 2020-2024 5-year,291,LODES8 2023
170318017021,42.1328725,-87.8355172,1608,ACS 2020-2024 5-year,61,LODES8 2023
170318017022,42.1199443,-87.8208887,1142,ACS 2020-2024 5-year,2012,LODES8 2023
170318017023,42.1250815,-87.8351533,1824,ACS 2020-2024 5-year,419,LODES8 2023
170318017024,42.1207102,-87.8332187,376,ACS 2020-2024 5-year,30,LODES8 2023
170318018001,42.1191183,-87.7798558,1494,ACS 2020-2024 5-year,5976,LODES8 2023
170318018002,42.1121574,-87.7975769,1247,ACS 2020-2024 5-year,1602,LODES8 2023
170318018003,42.1072127,-87.7851798,2084,ACS 2020-2024 5-year,560,LODES8 2023
170318018004,42.1320809,-87.7946511,1348,ACS 2020-2024 5-year,1116,LODES8 2023
170318019011,42.0912105,-87.8059130,2890,ACS 2020-2024 5-year,2642,LODES8 2023
170318019012,42.1014090,-87.8041993,981,ACS 2020-2024 5-year,162,LODES8 2023
170318019013,42.0838651,-87.8042179,763,ACS 2020-2024 5-year,953,LODES8 2023
170318019021,42.0859240,-87.7780414,885,ACS 2020-2024 5-year,62,LODES8 2023
170318019022,42.0890635,-87.7857208,1582,ACS 2020-2024 5-year,63,LODES8 2023
170318019023,42.0841220,-87.7944748,1280,ACS 2020-2024 5-year,586,LODES8 2023
170318020021,42.0692442,-87.8317510,2411,ACS 2020-2024 5-year,358,LODES8 2023
170318020022,42.0783799,-87.8325095,2309,ACS 2020-2024 5-year,913,LODES8 2023
170318020031,42.0795988,-87.8456411,2376,ACS 2020-2024 5-year,582,LODES8 2023
170318020041,42.0696591,-87.8601417,601,ACS 2020-2024 5-year,663,LODES8 2023
170318020042,42.0711693,-87.8531621,1525,ACS 2020-2024 5-year,292,LODES8 2023
170318020043,42.0687361,-87.8494319,2115,ACS 2020-2024 5-year,308,LODES8 2023
170318020044,42.0675695,-87.8579622,1741,ACS 2020-2024 5-year,32,LODES8 2023
170318021001,42.0769052,-87.8110522,763,ACS 2020-2024 5-year,664,LODES8 2023
170318021002,42.0715125,-87.8084513,963,ACS 2020-2024 5-year,255,LODES8 2023
170318021003,42.0703182,-87.8129830,1946,ACS 2020-2024 5-year,187,LODES8 2023
170318022001,42.0713266,-87.7795346,1137,ACS 2020-2024 5-year,22,LODES8 2023
170318022002,42.0700585,-87.7979038,2074,ACS 2020-2024 5-year,1264,LODES8 2023
170318022003,42.0765490,-87.7930942,1642,ACS 2020-2024 5-year,1050,LODES8 2023
170318023001,42.0890876,-87.8175244,2088,ACS 2020-2024 5-year,2033,LODES8 2023
170318023002,42.0912240,-87.8277913,3518,ACS 2020-2024 5-year,2754,LODES8 2023
170318024021,42.1478428,-87.9215823,1674,ACS 2020-2024 5-year,1619,LODES8 2023
170318024022,42.1484421,-87.9029971,1318,ACS 2020-2024 5-year,606,LODES8 2023
170318024023,42.1438353,-87.9128647,1180,ACS 2020-2024 5-year,719,LODES8 2023
170318024024,42.1417733,-87.9208354,1567,ACS 2020-2024 5-year,444,LODES8 2023
170318024031,42.1418701,-87.9531258,1517,ACS 2020-2024 5-year,171,LODES8 2023
170318024041,42.1510833,-87.9492173,2083,ACS 2020-2024 5-year,514,LODES8 2023
170318024042,42.1472258,-87.9508720,2631,ACS 2020-2024 5-year,207,LODES8 2023
170318024043,42.1448673,-87.9337658,1193,ACS 2020-2024 5-year,702,LODES8 2023
170318024044,42.1494068,-87.9400187,1985,ACS 2020-2024 5-year,215,LODES8 2023
170318025031,42.1262765,-87.9586279,543,ACS 2020-2024 5-year,22,LODES8 2023
170318025032,42.1362446,-87.9538491,2123,ACS 2020-2024 5-year,354,LODES8 2023
170318025033,42.1294163,-87.9521608,3971,ACS 2020-2024 5-year,91,LODES8 2023
170318025034,42.1296009,-87.9581981,595,ACS 2020-2024 5-year,14,LODES8 2023
170318025041,42.1349273,-87.9414881,686,ACS 2020-2024 5-year,1482,LODES8 2023
170318025042,42.1352391,-87.9338601,1737,ACS 2020-2024 5-year,63,LODES8 2023
170318025043,42.1293266,-87.9337125,2740,ACS 2020-2024 5-year,1174,LODES8 2023
170318025044,42.1414702,-87.9432801,1210,ACS 2020-2024 5-year,38,LODES8 2023
170318025051,42.1160558,-87.9226263,0,ACS 2020-2024 5-year,3598,LODES8 2023
170318025052,42.1266871,-87.9164869,910,ACS 2020-2024 5-year,7141,LODES8 2023
170318025053,42.1168304,-87.9014301,0,ACS 2020-2024 5-year,1913,LODES8 2023
170318025054,42.1304387,-87.9077956,1833,ACS 2020-2024 5-year,16,LODES8 2023
170318025055,42.1272625,-87.9023750,1772,ACS 2020-2024 5-year,327,LODES8 2023
170318025056,42.1074641,-87.8928713,1642,ACS 2020-2024 5-year,355,LODES8 2023
170318025061,42.1294210,-87.8961470,1392,ACS 2020-2024 5-year,662,LODES8 2023
170318025062,42.1340216,-87.9101122,1001,ACS 2020-2024 5-year,28,LODES8 2023
170318026051,42.1000966,-87.9182854,1556,ACS 2020-2024 5-year,830,LODES8 2023
170318026052,42.0914377,-87.9173110,1606,ACS 2020-2024 5-year,262,LODES8 2023
170318026053,42.0948166,-87.8994351,1162,ACS 2020-2024 5-year,30,LODES8 2023
170318026054,42.0905807,-87.9004263,1122,ACS 2020-2024 5-year,67,LODES8 2023
170318026055,42.1068548,-87.9157815,1589,ACS 2020-2024 5-year,365,LODES8 2023
170318026071,42.0979804,-87.9331480,1421,ACS 2020-2024 5-year,804,LODES8 2023
170318026081,42.0983395,-87.9528580,1590,ACS 2020-2024 5-year,265,LODES8 2023
170318026082,42.1062723,-87.9562279,2106,ACS 2020-2024 5-year,594,LODES8 2023
170318026083,42.1025564,-87.9416046,977,ACS 2020-2024 5-year,644,LODES8 2023
170318026084,42.0916680,-87.9416702,1014,ACS 2020-2024 5-year,112,LODES8 2023
170318026091,42.1059545,-87.9046051,2298,ACS 2020-2024 5-year,4914,LODES8 2023
170318026092,42.1079557,-87.8990454,245,ACS 2020-2024 5-year,3,LODES8 2023
170318026093,42.1043136,-87.9000035,1642,ACS 2020-2024 5-year,20,LODES8 2023
170318026094,42.1040240,-87.8934337,2340,ACS 2020-2024 5-year,56,LODES8 2023
170318026101,42.0976999,-87.8954887,1978,ACS 2020-2024 5-year,59,LODES8 2023
170318027011,42.0847783,-87.9343979,1980,ACS 2020-2024 5-year,1683,LODES8 2023
170318027012,42.0843662,-87.8983902,1972,ACS 2020-2024 5-year,327,LODES8 2023
170318027013,42.0841183,-87.9238612,585,ACS 2020-2024 5-year,38,LODES8 2023
170318027014,42.0842043,-87.9122688,2435,ACS 2020-2024 5-year,71,LODES8 2023
170318027021,42.0749931,-87.9197815,1772,ACS 2020-2024 5-year,4567,LODES8 2023
170318027022,42.0743077,-87.8971904,1862,ACS 2020-2024 5-year,687,LODES8 2023
170318027023,42.0698477,-87.9112351,736,ACS 2020-2024 5-year,31,LODES8 2023
170318028011,42.0863920,-87.9683468,1071,ACS 2020-2024 5-year,57,LODES8 2023
170318028012,42.0827622,-87.9683137,1269,ACS 2020-2024 5-year,295,LODES8 2023
170318028013,42.0840114,-87.9575257,750,ACS 2020-2024 5-year,24,LODES8 2023
170318028014,42.0852657,-87.9508130,798,ACS 2020-2024 5-year,413,LODES8 2023
170318028015,42.0772143,-87.9513946,824,ACS 2020-2024 5-year,415,LODES8 2023
170318028021,42.0788543,-87.9399916,1220,ACS 2020-2024 5-year,58,LODES8 2023
170318028022,42.0752568,-87.9380254,1131,ACS 2020-2024 5-year,27,LODES8 2023
170318028023,42.0716744,-87.9364871,1448,ACS 2020-2024 5-year,28,LODES8 2023
170318028024,42.0680484,-87.9324897,1350,ACS 2020-2024 5-year,157,LODES8 2023
170318028025,42.0695643,-87.9541713,1226,ACS 2020-2024 5-year,1604,LODES8 2023
170318029001,42.1063426,-87.9731798,1300,ACS 2020-2024 5-year,1063,LODES8 2023
170318029002,42.0986940,-87.9676896,1774,ACS 2020-2024 5-year,196,LODES8 2023
170318029003,42.0915970,-87.9625081,1757,ACS 2020-2024 5-year,302,LODES8 2023
170318029004,42.0964457,-87.9792297,1162,ACS 2020-2024 5-year,442,LODES8 2023
170318030051,42.1271233,-87.9874528,1221,ACS 2020-2024 5-year,30,LODES8 2023
170318030052,42.1333916,-87.9930782,1639,ACS 2020-2024 5-year,7113,LODES8 2023
170318030071,42.1356062,-87.9674240,1702,ACS 2020-2024 5-year,356,LODES8 2023
170318030072,42.1285097,-87.9658407,1927,ACS 2020-2024 5-year,123,LODES8 2023
170318030073,42.1315514,-87.9760872,1463,ACS 2020-2024 5-year,50,LODES8 2023
170318030081,42.1134770,-87.9728067,1631,ACS 2020-2024 5-year,786,LODES8 2023
170318030082,42.1212313,-87.9612198,883,ACS 2020-2024 5-year,33,LODES8 2023
170318030083,42.1207099,-87.9734790,2206,ACS 2020-2024 5-year,99,LODES8 2023
170318030101,42.1492547,-87.9627478,706,ACS 2020-2024 5-year,16,LODES8 2023
170318030102,42.1508119,-87.9701323,330,ACS 2020-2024 5-year,761,LODES8 2023
170318030103,42.1502131,-87.9803298,823,ACS 2020-2024 5-year,180,LODES8 2023
170318030104,42.1491255,-87.9941785,2492,ACS 2020-2024 5-year,149,LODES8 2023
170318030121,42.1432824,-87.9952320,2135,ACS 2020-2024 5-year,1790,LODES8 2023
170318030131,42.1430851,-87.9631646,1907,ACS 2020-2024 5-year,307,LODES8 2023
170318030132,42.1431795,-87.9731580,2599,ACS 2020-2024 5-year,73,LODES8 2023
170318030133,42.1429799,-87.9813345,1184,ACS 2020-2024 5-year,321,LODES8 2023
170318030141,42.1188515,-87.9327845,2445,ACS 2020-2024 5-year,412,LODES8 2023
170318030142,42.1126591,-87.9316104,1098,ACS 2020-2024 5-year,48,LODES8 2023
170318030151,42.1137200,-87.9564978,2065,ACS 2020-2024 5-year,52,LODES8 2023
170318030152,42.1206123,-87.9512564,1248,ACS 2020-2024 5-year,45,LODES8 2023
170318030153,42.1170646,-87.9416432,1207,ACS 2020-2024 5-year,240,LODES8 2023
170318030161,42.1208172,-87.9865230,2537,ACS 2020-2024 5-year,517,LODES8 2023
170318030171,42.1141452,-87.9905932,2443,ACS 2020-2024 5-year,618,LODES8 2023
170318030172,42.1190143,-88.0006726,2058,ACS 2020-2024 5-year,278,LODES8 2023
170318030173,42.1294893,-88.0090500,2019,ACS 2020-2024 5-year,56,LODES8 2023
170318031001,42.1052180,-87.9863225,2031,ACS 2020-2024 5-year,450,LODES8 2023
170318031002,42.0937504,-87.9865384,1514,ACS 2020-2024 5-year,50,LODES8 2023
170318032001,42.1043991,-87.9993407,1609,ACS 2020-2024 5-year,141,LODES8 2023
170318032002,42.0969024,-87.9942384,2142,ACS 2020-2024 5-year,621,LODES8 2023
170318032003,42.0918825,-87.9997614,1210,ACS 2020-2024 5-year,131,LODES8 2023
170318033001,42.0848440,-87.9965997,2436,ACS 2020-2024 5-year,279,LODES8 2023
170318033002,42.0827615,-87.9856382,1387,ACS 2020-2024 5-year,1511,LODES8 2023
170318033003,42.0864124,-87.9808313,1706,ACS 2020-2024 5-year,1250,LODES8 2023
170318034001,42.0771542,-87.9591633,740,ACS 2020-2024 5-year,111,LODES8 2023
170318034002,42.0787980,-87.9659423,1424,ACS 2020-2024 5-year,16,LODES8 2023
170318034003,42.0767236,-87.9715777,753,ACS 2020-2024 5-year,309,LODES8 2023
170318034004,42.0713318,-87.9681628,1835,ACS 2020-2024 5-year,901,LODES8 2023
170318034005,42.0699467,-87.9784519,837,ACS 2020-2024 5-year,54,LODES8 2023
170318034006,42.0776792,-87.9792985,809,ACS 2020-2024 5-year,1032,LODES8 2023
170318035001,42.0783222,-87.9866117,873,ACS 2020-2024 5-year,309,LODES8 2023
170318035002,42.0727060,-87.9864224,1049,ACS 2020-2024 5-year,20,LODES8 2023
170318035003,42.0691534,-87.9956554,1242,ACS 2020-2024 5-year,5503,LODES8 2023
170318035004,42.0744343,-87.9966270,1591,ACS 2020-2024 5-year,162,LODES8 2023
170318035005,42.0794525,-87.9979741,483,ACS 2020-2024 5-year,116,LODES8 2023
170318036031,42.1167643,-88.0710138,1811,ACS 2020-2024 5-year,41,LODES8 2023
170318036032,42.1211994,-88.0882557,954,ACS 2020-2024 5-year,190,LODES8 2023
170318036033,42.1141794,-88.1083444,2397,ACS 2020-2024 5-year,419,LODES8 2023
170318036034,42.1249678,-88.1097695,1327,ACS 2020-2024 5-year,157,LODES8 2023
170318036041,42.1229619,-88.0416687,1040,ACS 2020-2024 5-year,2682,LODES8 2023
170318036042,42.1352826,-88.0448770,1280,ACS 2020-2024 5-year,96,LODES8 2023
170318036043,42.1339717,-88.0381905,954,ACS 2020-2024 5-year,80,LODES8 2023
170318036044,42.1274359,-88.0409339,1172,ACS 2020-2024 5-year,18,LODES8 2023
170318036051,42.1343863,-88.0286798,1871,ACS 2020-2024 5-year,1775,LODES8 2023
170318036052,42.1249965,-88.0301359,1272,ACS 2020-2024 5-year,205,LODES8 2023
170318036053,42.1250605,-88.0128593,962,ACS 2020-2024 5-year,27,LODES8 2023
170318036054,42.1292770,-88.0179690,538,ACS 2020-2024 5-year,26,LODES8 2023
170318036055,42.1332782,-88.0202908,1594,ACS 2020-2024 5-year,798,LODES8 2023
170318036071,42.1199448,-88.0215820,891,ACS 2020-2024 5-year,10,LODES8 2023
170318036072,42.1202930,-88.0156966,949,ACS 2020-2024 5-year,106,LODES8 2023
170318036073,42.1182267,-88.0079707,1813,ACS 2020-2024 5-year,62,LODES8 2023
170318036074,42.1132720,-88.0183832,781,ACS 2020-2024 5-year,10,LODES8 2023
170318036081,42.1428347,-88.0923434,2635,ACS 2020-2024 5-year,233,LODES8 2023
170318036082,42.1457870,-88.0463373,2815,ACS 2020-2024 5-year,648,LODES8 2023
170318036083,42.1510482,-88.0265690,2489,ACS 2020-2024 5-year,1628,LODES8 2023
170318036111,42.1512192,-88.0174622,1182,ACS 2020-2024 5-year,11,LODES8 2023
170318036112,42.1447134,-88.0196524,1193,ACS 2020-2024 5-year,81,LODES8 2023
170318036113,42.1472995,-88.0215403,1374,ACS 2020-2024 5-year,58,LODES8 2023
170318036114,42.1511459,-88.0216729,910,ACS 2020-2024 5-year,13,LODES8 2023
170318036115,42.1467285,-88.0128225,1682,ACS 2020-2024 5-year,18,LODES8 2023
170318036121,42.1520731,-88.0123562,1801,ACS 2020-2024 5-year,31,LODES8 2023
170318036122,42.1490181,-88.0074515,1578,ACS 2020-2024 5-year,1858,LODES8 2023
170318036131,42.1413450,-88.0186614,1549,ACS 2020-2024 5-year,191,LODES8 2023
170318036132,42.1416659,-88.0096411,1618,ACS 2020-2024 5-year,911,LODES8 2023
170318036141,42.1358292,-88.0068573,1632,ACS 2020-2024 5-year,15,LODES8 2023
170318036142,42.1366275,-88.0137519,2333,ACS 2020-2024 5-year,684,LODES8 2023
170318036151,42.1327897,-88.0816684,1478,ACS 2020-2024 5-year,70,LODES8 2023
170318036152,42.1315526,-88.0702539,982,ACS 2020-2024 5-year,10,LODES8 2023
170318036161,42.1287643,-88.0568031,1454,ACS 2020-2024 5-year,262,LODES8 2023
170318036162,42.1244466,-88.0687197,957,ACS 2020-2024 5-year,792,LODES8 2023
170318036163,42.1283419,-88.0675532,2431,ACS 2020-2024 5-year,157,LODES8 2023
170318037011,42.1168605,-88.0461362,1296,ACS 2020-2024 5-year,550,LODES8 2023
170318037012,42.1199966,-88.0552504,1499,ACS 2020-2024 5-year,823,LODES8 2023
170318037021,42.1055398,-88.0462537,968,ACS 2020-2024 5-year,898,LODES8 2023
170318037022,42.0996573,-88.0545705,1650,ACS 2020-2024 5-year,191,LODES8 2023
170318037023,42.1072479,-88.0552220,1822,ACS 2020-2024 5-year,119,LODES8 2023
170318037024,42.1136062,-88.0571870,1658,ACS 2020-2024 5-year,330,LODES8 2023
170318038001,42.1140021,-88.0293102,1061,ACS 2020-2024 5-year,263,LODES8 2023
170318038002,42.1073114,-88.0284374,725,ACS 2020-2024 5-year,189,LODES8 2023
170318038003,42.1030686,-88.0388991,1428,ACS 2020-2024 5-year,4606,LODES8 2023
170318038004,42.1151402,-88.0390706,931,ACS 2020-2024 5-year,971,LODES8 2023
170318039011,42.1047066,-88.0180328,1792,ACS 2020-2024 5-year,610,LODES8 2023
170318039012,42.0973527,-88.0193821,1834,ACS 2020-2024 5-year,7214,LODES8 2023
170318039021,42.0856871,-88.0112258,1108,ACS 2020-2024 5-year,17,LODES8 2023
170318039022,42.0794380,-88.0098124,1190,ACS 2020-2024 5-year,416,LODES8 2023
170318039023,42.0832533,-88.0213350,1111,ACS 2020-2024 5-year,452,LODES8 2023
170318040001,42.0720924,-88.0106548,2298,ACS 2020-2024 5-year,57,LODES8 2023
170318040002,42.0731923,-88.0228296,2407,ACS 2020-2024 5-year,716,LODES8 2023
170318041021,42.1037130,-88.0711905,2030,ACS 2020-2024 5-year,84,LODES8 2023
170318041022,42.0944493,-88.0815128,1972,ACS 2020-2024 5-year,1527,LODES8 2023
170318041023,42.0868877,-88.0681492,3025,ACS 2020-2024 5-year,2581,LODES8 2023
170318041041,42.1057527,-88.1030025,1881,ACS 2020-2024 5-year,219,LODES8 2023
170318041042,42.1067865,-88.1164609,1732,ACS 2020-2024 5-year,329,LODES8 2023
170318041043,42.1000202,-88.1166531,1327,ACS 2020-2024 5-year,20,LODES8 2023
170318041051,42.0777210,-88.0965417,1666,ACS 2020-2024 5-year,3373,LODES8 2023
170318041052,42.0942697,-88.1030269,1406,ACS 2020-2024 5-year,20,LODES8 2023
170318041053,42.0941774,-88.0960709,1498,ACS 2020-2024 5-year,149,LODES8 2023
170318041061,42.0920291,-88.0549960,2750,ACS 2020-2024 5-year,193,LODES8 2023
170318041062,42.0921691,-88.0401978,1550,ACS 2020-2024 5-year,335,LODES8 2023
170318041063,42.0827487,-88.0577884,1237,ACS 2020-2024 5-year,49,LODES8 2023
170318041064,42.0845196,-88.0460991,1694,ACS 2020-2024 5-year,823,LODES8 2023
170318041081,42.0760335,-88.0515069,1981,ACS 2020-2024 5-year,965,LODES8 2023
170318041082,42.0715619,-88.0485328,2289,ACS 2020-2024 5-year,252,LODES8 2023
170318041091,42.0718961,-88.0364693,1157,ACS 2020-2024 5-year,633,LODES8 2023
170318041092,42.0805538,-88.0370997,2046,ACS 2020-2024 5-year,191,LODES8 2023
170318042021,42.1508147,-88.1294331,1445,ACS 2020-2024 5-year,1631,LODES8 2023
170318042022,42.1237363,-88.1291906,2525,ACS 2020-2024 5-year,454,LODES8 2023
170318042023,42.1024517,-88.1307797,2777,ACS 2020-2024 5-year,208,LODES8 2023
170318042024,42.0802179,-88.1306215,697,ACS 2020-2024 5-year,958,LODES8 2023
170318042031,42.0743035,-88.1629350,2036,ACS 2020-2024 5-year,1067,LODES8 2023
170318042032,42.0988871,-88.1581646,1562,ACS 2020-2024 5-year,213,LODES8 2023
170318042041,42.1464981,-88.1646544,2168,ACS 2020-2024 5-year,2230,LODES8 2023
170318042042,42.1340647,-88.1834619,1656,ACS 2020-2024 5-year,382,LODES8 2023
170318042043,42.0964838,-88.2181811,1367,ACS 2020-2024 5-year,5363,LODES8 2023
170318043051,42.0276296,-88.1644404,1591,ACS 2020-2024 5-year,9,LODES8 2023
170318043052,42.0355699,-88.1500303,1898,ACS 2020-2024 5-year,282,LODES8 2023
170318043053,42.0320466,-88.1604511,2068,ACS 2020-2024 5-year,41,LODES8 2023
170318043054,42.0353749,-88.1725146,2569,ACS 2020-2024 5-year,88,LODES8 2023
170318043061,42.0251086,-88.1768894,3060,ACS 2020-2024 5-year,157,LODES8 2023
170318043062,42.0241480,-88.1708817,1026,ACS 2020-2024 5-year,7,LODES8 2023
170318043063,42.0204115,-88.1647972,770,ACS 2020-2024 5-year,2,LODES8 2023
170318043064,42.0169389,-88.1747994,1033,ACS 2020-2024 5-year,98,LODES8 2023
170318043081,42.0245299,-88.1520871,2045,ACS 2020-2024 5-year,544,LODES8 2023
170318043082,42.0200660,-88.1591820,2040,ACS 2020-2024 5-year,924,LODES8 2023
170318043083,42.0291603,-88.1488936,833,ACS 2020-2024 5-year,472,LODES8 2023
170318043091,42.0135423,-88.1663451,1878,ACS 2020-2024 5-year,36,LODES8 2023
170318043092,42.0119809,-88.1522064,1100,ACS 2020-2024 5-year,1495,LODES8 2023
170318043121,42.0542353,-88.2008038,1661,ACS 2020-2024 5-year,151,LODES8 2023
170318043131,42.0631496,-88.2536461,3443,ACS 2020-2024 5-year,224,LODES8 2023
170318043132,42.0604909,-88.2430534,1238,ACS 2020-2024 5-year,23,LODES8 2023
170318043133,42.0629495,-88.2274324,1882,ACS 2020-2024 5-year,42,LODES8 2023
170318043141,42.0377093,-88.2040103,1322,ACS 2020-2024 5-year,289,LODES8 2023
170318043151,42.0200711,-88.1881830,2683,ACS 2020-2024 5-year,178,LODES8 2023
170318043161,42.0265449,-88.1933889,2651,ACS 2020-2024 5-year,184,LODES8 2023
170318043162,42.0258635,-88.2104226,1835,ACS 2020-2024 5-year,402,LODES8 2023
170318044031,42.0504718,-88.2593006,1050,ACS 2020-2024 5-year,343,LODES8 2023
170318044032,42.0568270,-88.2586467,2377,ACS 2020-2024 5-year,16,LODES8 2023
170318044033,42.0517573,-88.2296727,760,ACS 2020-2024 5-year,54,LODES8 2023
170318044034,42.0498207,-88.2483064,3007,ACS 2020-2024 5-year,282,LODES8 2023
170318044041,42.0404180,-88.2534959,1456,ACS 2020-2024 5-year,24,LODES8 2023
170318044042,42.0401194,-88.2450536,833,ACS 2020-2024 5-year,11,LODES8 2023
170318044043,42.0428381,-88.2335512,1317,ACS 2020-2024 5-year,23,LODES8 2023
170318044044,42.0430265,-88.2560432,1793,ACS 2020-2024 5-year,182,LODES8 2023
170318044051,42.0342655,-88.2375773,2211,ACS 2020-2024 5-year,234,LODES8 2023
170318044052,42.0355820,-88.2517671,1432,ACS 2020-2024 5-year,181,LODES8 2023
170318044061,42.0087669,-88.2557684,2023,ACS 2020-2024 5-year,212,LODES8 2023
170318044062,42.0251306,-88.2430673,1948,ACS 2020-2024 5-year,289,LODES8 2023
170318044063,42.0303081,-88.2554482,1494,ACS 2020-2024 5-year,393,LODES8 2023
170318045051,41.9984025,-88.1777082,1058,ACS 2020-2024 5-year,678,LODES8 2023
170318045052,41.9926873,-88.1708920,874,ACS 2020-2024 5-year,327,LODES8 2023
170318045053,41.9898947,-88.1766701,1745,ACS 2020-2024 5-year,1139,LODES8 2023
170318045061,42.0003507,-88.1947453,1345,ACS 2020-2024 5-year,65,LODES8 2023
170318045062,41.9909300,-88.1977922,1732,ACS 2020-2024 5-year,733,LODES8 2023
170318045063,42.0117101,-88.1943614,2275,ACS 2020-2024 5-year,535,LODES8 2023
170318045081,42.0073192,-88.1800998,2285,ACS 2020-2024 5-year,972,LODES8 2023
170318045091,42.0077667,-88.1712266,732,ACS 2020-2024 5-year,347,LODES8 2023
170318045092,42.0060626,-88.1634963,1636,ACS 2020-2024 5-year,251,LODES8 2023
170318045093,42.0056073,-88.1571935,3011,ACS 2020-2024 5-year,48,LODES8 2023
170318045094,42.0006360,-88.1649635,1230,ACS 2020-2024 5-year,194,LODES8 2023
170318045101,42.0049520,-88.1501365,1112,ACS 2020-2024 5-year,253,LODES8 2023
170318045102,41.9990818,-88.1471390,651,ACS 2020-2024 5-year,27,LODES8 2023
170318045103,41.9966592,-88.1611425,1855,ACS 2020-2024 5-year,32,LODES8 2023
170318045104,41.9986645,-88.1526634,969,ACS 2020-2024 5-year,21,LODES8 2023
170318045111,41.9934058,-88.1553401,977,ACS 2020-2024 5-year,92,LODES8 2023
170318045112,41.9912609,-88.1494502,1212,ACS 2020-2024 5-year,570,LODES8 2023
170318045121,42.0226321,-88.2274364,1659,ACS 2020-2024 5-year,370,LODES8 2023
170318045122,42.0155739,-88.2102555,2080,ACS 2020-2024 5-year,79,LODES8 2023
170318045131,42.0119021,-88.2373854,1136,ACS 2020-2024 5-year,314,LODES8 2023
170318045132,42.0070708,-88.2229402,1375,ACS 2020-2024 5-year,112,LODES8 2023
170318045133,42.0050045,-88.2109522,1236,ACS 2020-2024 5-year,78,LODES8 2023
170318045141,41.9987533,-88.2307015,884,ACS 2020-2024 5-year,800,LODES8 2023
170318045142,41.9904619,-88.2534781,3591,ACS 2020-2024 5-year,64,LODES8 2023
170318045143,41.9912137,-88.2231086,878,ACS 2020-2024 5-year,390,LODES8 2023
170318046031,42.0581381,-88.0633940,2278,ACS 2020-2024 5-year,15139,LODES8 2023
170318046032,42.0570247,-88.0384243,1492,ACS 2020-2024 5-year,10420,LODES8 2023
170318046033,42.0477069,-88.0484687,2488,ACS 2020-2024 5-year,31015,LODES8 2023
170318046061,42.0030815,-88.0412853,750,ACS 2020-2024 5-year,547,LODES8 2023
170318046062,42.0026707,-88.0544887,2748,ACS 2020-2024 5-year,266,LODES8 2023
170318046063,42.0112313,-88.0348614,1273,ACS 2020-2024 5-year,196,LODES8 2023
170318046064,42.0111842,-88.0540048,2276,ACS 2020-2024 5-year,390,LODES8 2023
170318046071,42.0003296,-88.0342183,1812,ACS 2020-2024 5-year,108,LODES8 2023
170318046072,41.9947314,-88.0704063,1823,ACS 2020-2024 5-year,3200,LODES8 2023
170318046073,41.9960368,-88.0457540,1196,ACS 2020-2024 5-year,44,LODES8 2023
170318046074,41.9949095,-88.0564904,1943,ACS 2020-2024 5-year,163,LODES8 2023
170318046081,42.0366447,-88.0650478,1525,ACS 2020-2024 5-year,449,LODES8 2023
170318046082,42.0416559,-88.0750687,417,ACS 2020-2024 5-year,10,LODES8 2023
170318046083,42.0338680,-88.0729963,1814,ACS 2020-2024 5-year,2615,LODES8 2023
170318046091,42.0343267,-88.0531536,2308,ACS 2020-2024 5-year,1657,LODES8 2023
170318046092,42.0242136,-88.0396291,2064,ACS 2020-2024 5-year,135,LODES8 2023
170318046093,42.0325058,-88.0380133,1325,ACS 2020-2024 5-year,5622,LODES8 2023
170318046101,42.0240925,-88.0510406,2110,ACS 2020-2024 5-year,324,LODES8 2023
170318046102,42.0181399,-88.0533662,661,ACS 2020-2024 5-year,14,LODES8 2023
170318046111,42.0118938,-88.0655481,1184,ACS 2020-2024 5-year,17,LODES8 2023
170318046112,42.0240283,-88.0750385,1861,ACS 2020-2024 5-year,656,LODES8 2023
170318046113,42.0227027,-88.0651174,1156,ACS 2020-2024 5-year,730,LODES8 2023
170318047011,42.0597636,-88.1346093,1214,ACS 2020-2024 5-year,503,LODES8 2023
170318047012,42.0573046,-88.1312547,1667,ACS 2020-2024 5-year,97,LODES8 2023
170318047013,42.0516883,-88.1606437,1773,ACS 2020-2024 5-year,5219,LODES8 2023
170318047014,42.0627758,-88.1281708,1706,ACS 2020-2024 5-year,2903,LODES8 2023
170318047051,42.0594346,-88.1136271,1410,ACS 2020-2024 5-year,61,LODES8 2023
170318047052,42.0583324,-88.1241794,1708,ACS 2020-2024 5-year,17,LODES8 2023
170318047053,42.0505495,-88.1204288,1198,ACS 2020-2024 5-year,334,LODES8 2023
170318047061,42.0550449,-88.1067312,1342,ACS 2020-2024 5-year,630,LODES8 2023
170318047062,42.0510169,-88.1079591,864,ACS 2020-2024 5-year,697,LODES8 2023
170318047091,42.0444192,-88.0844296,1051,ACS 2020-2024 5-year,1298,LODES8 2023
170318047092,42.0383257,-88.0981720,1808,ACS 2020-2024 5-year,16,LODES8 2023
170318047093,42.0300531,-88.0871032,2329,ACS 2020-2024 5-year,1322,LODES8 2023
170318047094,42.0410964,-88.0898433,1766,ACS 2020-2024 5-year,187,LODES8 2023
170318047095,42.0352821,-88.0869987,998,ACS 2020-2024 5-year,14,LODES8 2023
170318047101,42.0339671,-88.1101510,1032,ACS 2020-2024 5-year,37,LODES8 2023
170318047102,42.0310454,-88.0970442,857,ACS 2020-2024 5-year,36,LODES8 2023
170318047103,42.0291675,-88.1065493,1279,ACS 2020-2024 5-year,422,LODES8 2023
170318047104,42.0283708,-88.1145418,574,ACS 2020-2024 5-year,38,LODES8 2023
170318047111,42.0429628,-88.1408810,1374,ACS 2020-2024 5-year,300,LODES8 2023
170318047112,42.0360877,-88.1423003,1264,ACS 2020-2024 5-year,54,LODES8 2023
170318047113,42.0303362,-88.1386658,3912,ACS 2020-2024 5-year,357,LODES8 2023
170318047114,42.0362416,-88.1338003,1045,ACS 2020-2024 5-year,19,LODES8 2023
170318047121,42.0449553,-88.1334761,2281,ACS 2020-2024 5-year,271,LODES8 2023
170318047122,42.0287254,-88.1234733,796,ACS 2020-2024 5-year,41,LODES8 2023
170318047123,42.0346856,-88.1275296,2364,ACS 2020-2024 5-year,71,LODES8 2023
170318047131,42.0524130,-88.0835336,934,ACS 2020-2024 5-year,459,LODES8 2023
170318047132,42.0558018,-88.0885868,1938,ACS 2020-2024 5-year,132,LODES8 2023
170318047133,42.0566056,-88.0947472,991,ACS 2020-2024 5-year,4,LODES8 2023
170318047134,42.0517137,-88.0950465,645,ACS 2020-2024 5-year,483,LODES8 2023
170318047141,42.0589182,-88.0852882,1053,ACS 2020-2024 5-year,61,LODES8 2023
170318047142,42.0626986,-88.0886442,1481,ACS 2020-2024 5-year,2122,LODES8 2023
170318047143,42.0651121,-88.1062705,893,ACS 2020-2024 5-year,57,LODES8 2023
170318047151,42.0443215,-88.0947547,2496,ACS 2020-2024 5-year,56,LODES8 2023
170318047152,42.0456139,-88.1001833,1531,ACS 2020-2024 5-year,587,LODES8 2023
170318047161,42.0417937,-88.1106671,1635,ACS 2020-2024 5-year,654,LODES8 2023
170318047162,42.0430584,-88.1197091,1830,ACS 2020-2024 5-year,271,LODES8 2023
170318047163,42.0389467,-88.1057207,1046,ACS 2020-2024 5-year,21,LODES8 2023
170318048031,41.9964865,-88.0963995,1542,ACS 2020-2024 5-year,5609,LODES8 2023
170318048032,42.0088636,-88.0752538,1365,ACS 2020-2024 5-year,483,LODES8 2023
170318048033,42.0017115,-88.0774354,2235,ACS 2020-2024 5-year,1085,LODES8 2023
170318048041,41.9999289,-88.1324733,1399,ACS 2020-2024 5-year,28,LODES8 2023
170318048042,41.9925390,-88.1390855,2273,ACS 2020-2024 5-year,446,LODES8 2023
170318048043,41.9956306,-88.1417385,968,ACS 2020-2024 5-year,13,LODES8 2023
170318048044,41.9957077,-88.1178741,1459,ACS 2020-2024 5-year,189,LODES8 2023
170318048051,42.0218075,-88.1144589,1950,ACS 2020-2024 5-year,232,LODES8 2023
170318048052,42.0139920,-88.1401912,1078,ACS 2020-2024 5-year,49,LODES8 2023
170318048053,42.0214232,-88.1240878,1196,ACS 2020-2024 5-year,45,LODES8 2023
170318048054,42.0200417,-88.1362398,2974,ACS 2020-2024 5-year,614,LODES8 2023
170318048061,42.0101783,-88.1305351,878,ACS 2020-2024 5-year,17,LODES8 2023
170318048062,42.0079337,-88.1345286,814,ACS 2020-2024 5-year,15,LODES8 2023
170318048063,42.0086745,-88.1405759,1592,ACS 2020-2024 5-year,388,LODES8 2023
170318048071,42.0148743,-88.1147886,997,ACS 2020-2024 5-year,16,LODES8 2023
170318048072,42.0149399,-88.1241782,1265,ACS 2020-2024 5-year,20,LODES8 2023
170318048073,42.0079727,-88.1244297,2321,ACS 2020-2024 5-year,634,LODES8 2023
170318048074,42.0078989,-88.1148732,887,ACS 2020-2024 5-year,29,LODES8 2023
170318048081,42.0218907,-88.1063501,771,ACS 2020-2024 5-year,14,LODES8 2023
170318048082,42.0221699,-88.0999066,1105,ACS 2020-2024 5-year,31,LODES8 2023
170318048083,42.0219676,-88.0938212,793,ACS 2020-2024 5-year,37,LODES8 2023
170318048091,42.0153560,-88.1024382,1411,ACS 2020-2024 5-year,45,LODES8 2023
170318048092,42.0090607,-88.0976805,2107,ACS 2020-2024 5-year,82,LODES8 2023
170318048093,42.0094264,-88.1066343,1111,ACS 2020-2024 5-year,23,LODES8 2023
170318048101,42.0241173,-88.0852797,1122,ACS 2020-2024 5-year,554,LODES8 2023
170318048102,42.0186351,-88.0859700,718,ACS 2020-2024 5-year,147,LODES8 2023
170318048103,42.0151065,-88.0774535,2929,ACS 2020-2024 5-year,353,LODES8 2023
170318048104,42.0096630,-88.0871881,1912,ACS 2020-2024 5-year,436,LODES8 2023
170318049011,42.0645921,-87.9303827,1811,ACS 2020-2024 5-year,1192,LODES8 2023
170318049012,42.0609409,-87.9271936,1048,ACS 2020-2024 5-year,365,LODES8 2023
170318049013,42.0548600,-87.9262900,1274,ACS 2020-2024 5-year,135,LODES8 2023
170318049014,42.0571207,-87.9327501,491,ACS 2020-2024 5-year,411,LODES8 2023
170318049015,42.0620548,-87.9409113,1068,ACS 2020-2024 5-year,297,LODES8 2023
170318049016,42.0556170,-87.9380669,622,ACS 2020-2024 5-year,65,LODES8 2023
170318049021,42.0477929,-87.9258136,1340,ACS 2020-2024 5-year,61,LODES8 2023
170318049022,42.0486206,-87.9359157,1579,ACS 2020-2024 5-year,198,LODES8 2023
170318049023,42.0435494,-87.9362292,589,ACS 2020-2024 5-year,27,LODES8 2023
170318049024,42.0408254,-87.9266154,1663,ACS 2020-2024 5-year,25,LODES8 2023
170318049025,42.0395557,-87.9358854,778,ACS 2020-2024 5-year,24,LODES8 2023
170318050011,42.0629670,-87.9482432,838,ACS 2020-2024 5-year,58,LODES8 2023
170318050012,42.0626137,-87.9558380,1445,ACS 2020-2024 5-year,54,LODES8 2023
170318050013,42.0541778,-87.9466226,1559,ACS 2020-2024 5-year,66,LODES8 2023
170318050014,42.0523330,-87.9553662,965,ACS 2020-2024 5-year,49,LODES8 2023
170318050021,42.0447438,-87.9520856,1918,ACS 2020-2024 5-year,134,LODES8 2023
170318050022,42.0439624,-87.9434058,1737,ACS 2020-2024 5-year,369,LODES8 2023
170318050023,42.0407395,-87.9575814,1675,ACS 2020-2024 5-year,60,LODES8 2023
170318050024,42.0393211,-87.9456598,1334,ACS 2020-2024 5-year,501,LODES8 2023
170318050025,42.0385957,-87.9531320,788,ACS 2020-2024 5-year,602,LODES8 2023
170318051051,42.0630544,-88.0156135,925,ACS 2020-2024 5-year,355,LODES8 2023
170318051052,42.0547865,-88.0047186,2506,ACS 2020-2024 5-year,4022,LODES8 2023
170318051053,42.0612600,-88.0252886,1240,ACS 2020-2024 5-year,7292,LODES8 2023
170318051054,42.0601170,-88.0097336,1658,ACS 2020-2024 5-year,77,LODES8 2023
170318051055,42.0644699,-88.0106718,887,ACS 2020-2024 5-year,22,LODES8 2023
170318051061,42.0617551,-88.0053520,1289,ACS 2020-2024 5-year,821,LODES8 2023
170318051062,42.0606339,-87.9969080,1758,ACS 2020-2024 5-year,338,LODES8 2023
170318051071,42.0489498,-87.9778271,1999,ACS 2020-2024 5-year,253,LODES8 2023
170318051072,42.0472187,-87.9884067,1014,ACS 2020-2024 5-year,8590,LODES8 2023
170318051073,42.0362114,-87.9680523,701,ACS 2020-2024 5-year,155,LODES8 2023
170318051074,42.0306144,-87.9631404,2032,ACS 2020-2024 5-year,184,LODES8 2023
170318051075,42.0389466,-87.9755442,260,ACS 2020-2024 5-year,1114,LODES8 2023
170318051081,42.0390975,-87.9648714,1900,ACS 2020-2024 5-year,112,LODES8 2023
170318051082,42.0452413,-87.9645476,2558,ACS 2020-2024 5-year,241,LODES8 2023
170318051083,42.0477387,-87.9717325,967,ACS 2020-2024 5-year,731,LODES8 2023
170318051084,42.0420426,-87.9717267,845,ACS 2020-2024 5-year,23,LODES8 2023
170318051091,42.0539862,-87.9650428,1367,ACS 2020-2024 5-year,76,LODES8 2023
170318051092,42.0562982,-87.9867818,2309,ACS 2020-2024 5-year,202,LODES8 2023
170318051093,42.0547879,-87.9755487,912,ACS 2020-2024 5-year,170,LODES8 2023
170318051101,42.0626314,-87.9650753,2479,ACS 2020-2024 5-year,63,LODES8 2023
170318051102,42.0618391,-87.9741690,721,ACS 2020-2024 5-year,562,LODES8 2023
170318051103,42.0639888,-87.9797337,503,ACS 2020-2024 5-year,311,LODES8 2023
170318051104,42.0635638,-87.9866672,577,ACS 2020-2024 5-year,15,LODES8 2023
170318051111,42.0337019,-87.9244045,698,ACS 2020-2024 5-year,13,LODES8 2023
170318051112,42.0352977,-87.9317664,556,ACS 2020-2024 5-year,15,LODES8 2023
170318051113,42.0328670,-87.9359674,2595,ACS 2020-2024 5-year,922,LODES8 2023
170318051114,42.0355070,-87.9438078,1077,ACS 2020-2024 5-year,2779,LODES8 2023
170318051115,42.0272934,-87.9557760,1298,ACS 2020-2024 5-year,566,LODES8 2023
170318051116,42.0278708,-87.9477624,1742,ACS 2020-2024 5-year,1469,LODES8 2023
170318051121,42.0208349,-87.9337350,1466,ACS 2020-2024 5-year,3781,LODES8 2023
170318051122,42.0275739,-87.9298490,1757,ACS 2020-2024 5-year,140,LODES8 2023
170318052011,42.0635369,-87.8231887,1121,ACS 2020-2024 5-year,197,LODES8 2023
170318052012,42.0638566,-87.8348880,872,ACS 2020-2024 5-year,53,LODES8 2023
170318052013,42.0581982,-87.8332465,1987,ACS 2020-2024 5-year,836,LODES8 2023
170318052021,42.0632308,-87.8108472,703,ACS 2020-2024 5-year,100,LODES8 2023
170318052022,42.0579407,-87.8084347,534,ACS 2020-2024 5-year,14,LODES8 2023
170318052023,42.0583181,-87.8154473,1367,ACS 2020-2024 5-year,599,LODES8 2023
170318052024,42.0583118,-87.8224870,1280,ACS 2020-2024 5-year,283,LODES8 2023
170318053011,42.0419933,-87.8156768,726,ACS 2020-2024 5-year,359,LODES8 2023
170318053012,42.0475055,-87.8211288,1583,ACS 2020-2024 5-year,67,LODES8 2023
170318053013,42.0423701,-87.8240183,826,ACS 2020-2024 5-year,10,LODES8 2023
170318053021,42.0528117,-87.8201635,702,ACS 2020-2024 5-year,128,LODES8 2023
170318053022,42.0455849,-87.8116218,1576,ACS 2020-2024 5-year,57,LODES8 2023
170318053023,42.0517970,-87.8105867,1566,ACS 2020-2024 5-year,56,LODES8 2023
170318054011,42.0373538,-87.8199940,1590,ACS 2020-2024 5-year,181,LODES8 2023
170318054012,42.0295656,-87.8199363,1233,ACS 2020-2024 5-year,45,LODES8 2023
170318054013,42.0328426,-87.8295617,1507,ACS 2020-2024 5-year,84,LODES8 2023
170318054021,42.0388747,-87.8111985,1041,ACS 2020-2024 5-year,125,LODES8 2023
170318054022,42.0352196,-87.8112513,753,ACS 2020-2024 5-year,85,LODES8 2023
170318054023,42.0315719,-87.8112965,607,ACS 2020-2024 5-year,36,LODES8 2023
170318054024,42.0258809,-87.8103344,1512,ACS 2020-2024 5-year,1030,LODES8 2023
170318054025,42.0217294,-87.8132328,993,ACS 2020-2024 5-year,1545,LODES8 2023
170318055011,42.0140848,-87.8327896,1009,ACS 2020-2024 5-year,697,LODES8 2023
170318055012,42.0237758,-87.8451693,1570,ACS 2020-2024 5-year,229,LODES8 2023
170318055013,42.0199011,-87.8376746,1082,ACS 2020-2024 5-year,1143,LODES8 2023
170318055021,42.0230650,-87.8212812,1245,ACS 2020-2024 5-year,38,LODES8 2023
170318055022,42.0180045,-87.8223558,705,ACS 2020-2024 5-year,11,LODES8 2023
170318055023,42.0105376,-87.8233233,1458,ACS 2020-2024 5-year,974,LODES8 2023
170318055024,42.0167723,-87.8278313,834,ACS 2020-2024 5-year,2262,LODES8 2023
170318056001,42.0030970,-87.8359140,1000,ACS 2020-2024 5-year,100,LODES8 2023
170318056002,42.0059277,-87.8287983,1409,ACS 2020-2024 5-year,1706,LODES8 2023
170318056003,42.0003707,-87.8263151,1256,ACS 2020-2024 5-year,36,LODES8 2023
170318056004,41.9978460,-87.8327063,990,ACS 2020-2024 5-year,185,LODES8 2023
170318057011,42.0039095,-87.8421831,942,ACS 2020-2024 5-year,32,LODES8 2023
170318057012,41.9985632,-87.8428748,691,ACS 2020-2024 5-year,9,LODES8 2023
170318057013,42.0070752,-87.8499136,1443,ACS 2020-2024 5-year,310,LODES8 2023
170318057014,42.0032141,-87.8585646,1242,ACS 2020-2024 5-year,46,LODES8 2023
170318057015,41.9999993,-87.8509220,973,ACS 2020-2024 5-year,592,LODES8 2023
170318057021,41.9934152,-87.8408117,1009,ACS 2020-2024 5-year,197,LODES8 2023
170318057022,41.9915022,-87.8492845,1040,ACS 2020-2024 5-year,679,LODES8 2023
170318058011,42.0212688,-87.8576525,690,ACS 2020-2024 5-year,36,LODES8 2023
170318058012,42.0210405,-87.8672366,760,ACS 2020-2024 5-year,88,LODES8 2023
170318058013,42.0150100,-87.8588674,851,ACS 2020-2024 5-year,241,LODES8 2023
170318058021,42.0211819,-87.8521469,1535,ACS 2020-2024 5-year,354,LODES8 2023
170318058022,42.0160911,-87.8503766,644,ACS 2020-2024 5-year,23,LODES8 2023
170318058023,42.0132621,-87.8414948,1148,ACS 2020-2024 5-year,607,LODES8 2023
170318058024,42.0090894,-87.8407470,1060,ACS 2020-2024 5-year,98,LODES8 2023
170318058025,42.0115529,-87.8498182,706,ACS 2020-2024 5-year,17,LODES8 2023
170318059011,42.0378141,-87.8642208,1601,ACS 2020-2024 5-year,1897,LODES8 2023
170318059012,42.0353192,-87.8732357,1753,ACS 2020-2024 5-year,2085,LODES8 2023
170318059013,42.0276628,-87.8606146,851,ACS 2020-2024 5-year,164,LODES8 2023
170318059021,42.0362260,-87.8381505,326,ACS 2020-2024 5-year,125,LODES8 2023
170318059022,42.0344838,-87.8430365,1564,ACS 2020-2024 5-year,384,LODES8 2023
170318059023,42.0353320,-87.8532794,1570,ACS 2020-2024 5-year,6045,LODES8 2023
170318059024,42.0289697,-87.8382162,1451,ACS 2020-2024 5-year,19,LODES8 2023
170318059025,42.0306897,-87.8506300,868,ACS 2020-2024 5-year,32,LODES8 2023
170318059026,42.0272973,-87.8475396,837,ACS 2020-2024 5-year,84,LODES8 2023
170318060011,42.0615954,-87.8443211,1432,ACS 2020-2024 5-year,259,LODES8 2023
170318060012,42.0563205,-87.8531101,2080,ACS 2020-2024 5-year,2036,LODES8 2023
170318060013,42.0560683,-87.8453223,1468,ACS 2020-2024 5-year,206,LODES8 2023
170318060014,42.0623501,-87.8536309,636,ACS 2020-2024 5-year,7,LODES8 2023
170318060021,42.0521918,-87.8575456,1359,ACS 2020-2024 5-year,129,LODES8 2023
170318060022,42.0453515,-87.8760525,3856,ACS 2020-2024 5-year,284,LODES8 2023
170318060023,42.0481203,-87.8595364,892,ACS 2020-2024 5-year,77,LODES8 2023
170318060024,42.0450104,-87.8575198,859,ACS 2020-2024 5-year,289,LODES8 2023
170318060025,42.0413686,-87.8575753,834,ACS 2020-2024 5-year,503,LODES8 2023
170318060041,42.0515195,-87.8304670,1761,ACS 2020-2024 5-year,1638,LODES8 2023
170318060042,42.0421595,-87.8404336,3115,ACS 2020-2024 5-year,1796,LODES8 2023
170318060043,42.0487543,-87.8389558,2933,ACS 2020-2024 5-year,1050,LODES8 2023
170318060044,42.0437542,-87.8288858,699,ACS 2020-2024 5-year,395,LODES8 2023
170318060051,42.0452125,-87.8501753,1332,ACS 2020-2024 5-year,119,LODES8 2023
170318060052,42.0415563,-87.8512811,1104,ACS 2020-2024 5-year,272,LODES8 2023
170318060061,42.0529019,-87.8486028,1513,ACS 2020-2024 5-year,419,LODES8 2023
170318060062,42.0520891,-87.8530488,748,ACS 2020-2024 5-year,15,LODES8 2023
170318060063,42.0487223,-87.8526676,1305,ACS 2020-2024 5-year,21,LODES8 2023
170318060064,42.0491914,-87.8476857,645,ACS 2020-2024 5-year,13,LODES8 2023
170318061021,42.0505756,-87.8928341,2305,ACS 2020-2024 5-year,1787,LODES8 2023
170318061022,42.0416086,-87.9165184,964,ACS 2020-2024 5-year,126,LODES8 2023
170318061023,42.0471608,-87.9112886,914,ACS 2020-2024 5-year,873,LODES8 2023
170318061031,42.0627001,-87.9156384,1446,ACS 2020-2024 5-year,130,LODES8 2023
170318061032,42.0528897,-87.9173068,1254,ACS 2020-2024 5-year,327,LODES8 2023
170318061033,42.0565855,-87.9100483,1147,ACS 2020-2024 5-year,352,LODES8 2023
170318061034,42.0617397,-87.9045754,1466,ACS 2020-2024 5-year,2160,LODES8 2023
170318061041,42.0620810,-87.8664360,2102,ACS 2020-2024 5-year,15,LODES8 2023
170318061042,42.0612973,-87.8848165,1463,ACS 2020-2024 5-year,2352,LODES8 2023
170318061043,42.0595268,-87.8599883,1520,ACS 2020-2024 5-year,30,LODES8 2023
170318062011,42.0465043,-87.8924764,2804,ACS 2020-2024 5-year,156,LODES8 2023
170318062012,42.0444038,-87.8871415,1621,ACS 2020-2024 5-year,750,LODES8 2023
170318062021,42.0369232,-87.8925499,586,ACS 2020-2024 5-year,434,LODES8 2023
170318062022,42.0347172,-87.8849586,2686,ACS 2020-2024 5-year,46,LODES8 2023
170318062023,42.0405236,-87.8900860,1979,ACS 2020-2024 5-year,1057,LODES8 2023
170318063001,42.0435251,-87.9029056,686,ACS 2020-2024 5-year,41,LODES8 2023
170318063002,42.0402105,-87.8997745,663,ACS 2020-2024 5-year,83,LODES8 2023
170318063003,42.0345906,-87.8964024,543,ACS 2020-2024 5-year,436,LODES8 2023
170318063004,42.0325956,-87.9044858,825,ACS 2020-2024 5-year,25,LODES8 2023
170318063005,42.0361895,-87.9037925,815,ACS 2020-2024 5-year,14,LODES8 2023
170318063006,42.0396913,-87.9083841,588,ACS 2020-2024 5-year,13,LODES8 2023
170318064001,42.0288302,-87.8818220,1507,ACS 2020-2024 5-year,283,LODES8 2023
170318064002,42.0281591,-87.8885915,901,ACS 2020-2024 5-year,41,LODES8 2023
170318065011,42.0200800,-87.8918486,1221,ACS 2020-2024 5-year,60,LODES8 2023
170318065012,42.0129281,-87.8905404,1360,ACS 2020-2024 5-year,2198,LODES8 2023
170318065021,42.0225086,-87.8791868,691,ACS 2020-2024 5-year,372,LODES8 2023
170318065022,42.0190148,-87.8775972,654,ACS 2020-2024 5-year,27,LODES8 2023
170318065023,42.0133238,-87.8721695,1023,ACS 2020-2024 5-year,399,LODES8 2023
170318065024,42.0167172,-87.8846338,1487,ACS 2020-2024 5-year,1255,LODES8 2023
170318066001,42.0062379,-87.8777272,1538,ACS 2020-2024 5-year,232,LODES8 2023
170318066002,42.0010060,-87.8699865,1551,ACS 2020-2024 5-year,6618,LODES8 2023
170318067001,42.0512999,-87.7138955,1600,ACS 2020-2024 5-year,224,LODES8 2023
170318067002,42.0516944,-87.7221141,1003,ACS 2020-2024 5-year,155,LODES8 2023
170318067003,42.0516315,-87.7293543,760,ACS 2020-2024 5-year,135,LODES8 2023
170318067004,42.0587608,-87.7297695,999,ACS 2020-2024 5-year,70,LODES8 2023
170318068011,42.0636177,-87.7396309,825,ACS 2020-2024 5-year,119,LODES8 2023
170318068012,42.0572453,-87.7404524,1375,ACS 2020-2024 5-year,4546,LODES8 2023
170318068013,42.0516265,-87.7353984,1498,ACS 2020-2024 5-year,25,LODES8 2023
170318068014,42.0493550,-87.7405218,465,ACS 2020-2024 5-year,79,LODES8 2023
170318068021,42.0453719,-87.7365677,906,ACS 2020-2024 5-year,72,LODES8 2023
170318068022,42.0461836,-87.7439572,1498,ACS 2020-2024 5-year,42,LODES8 2023
170318068023,42.0422574,-87.7410175,983,ACS 2020-2024 5-year,103,LODES8 2023
170318069001,42.0601851,-87.7530852,679,ACS 2020-2024 5-year,9215,LODES8 2023
170318069002,42.0518163,-87.7515818,2559,ACS 2020-2024 5-year,480,LODES8 2023
170318069003,42.0560329,-87.7612721,2031,ACS 2020-2024 5-year,1124,LODES8 2023
170318070001,42.0448299,-87.7496043,2222,ACS 2020-2024 5-year,308,LODES8 2023
170318070002,42.0419977,-87.7537598,870,ACS 2020-2024 5-year,486,LODES8 2023
170318070003,42.0448208,-87.7607560,960,ACS 2020-2024 5-year,47,LODES8 2023
170318070004,42.0461725,-87.7538500,977,ACS 2020-2024 5-year,392,LODES8 2023
170318071001,42.0443868,-87.7301132,547,ACS 2020-2024 5-year,168,LODES8 2023
170318071002,42.0435743,-87.7157407,1502,ACS 2020-2024 5-year,491,LODES8 2023
170318071003,42.0454765,-87.7219504,1816,ACS 2020-2024 5-year,66,LODES8 2023
170318072001,42.0368642,-87.7387696,933,ACS 2020-2024 5-year,755,LODES8 2023
170318072002,42.0372660,-87.7140212,2586,ACS 2020-2024 5-year,276,LODES8 2023
170318072003,42.0353741,-87.7225034,790,ACS 2020-2024 5-year,3,LODES8 2023
170318072004,42.0389927,-87.7224025,534,ACS 2020-2024 5-year,27,LODES8 2023
170318072005,42.0381726,-87.7298373,854,ACS 2020-2024 5-year,158,LODES8 2023
170318073001,42.0350706,-87.7496641,3342,ACS 2020-2024 5-year,1133,LODES8 2023
170318073002,42.0285112,-87.7557113,1928,ACS 2020-2024 5-year,1522,LODES8 2023
170318073003,42.0330149,-87.7561576,1493,ACS 2020-2024 5-year,626,LODES8 2023
170318073004,42.0371172,-87.7558153,905,ACS 2020-2024 5-year,5,LODES8 2023
170318073005,42.0391855,-87.7609080,720,ACS 2020-2024 5-year,321,LODES8 2023
170318074001,42.0307857,-87.7353031,889,ACS 2020-2024 5-year,339,LODES8 2023
170318074002,42.0248516,-87.7386405,2172,ACS 2020-2024 5-year,551,LODES8 2023
170318074003,42.0290187,-87.7449614,1487,ACS 2020-2024 5-year,182,LODES8 2023
170318074004,42.0285187,-87.7401967,750,ACS 2020-2024 5-year,106,LODES8 2023
170318074005,42.0323310,-87.7420175,1284,ACS 2020-2024 5-year,74,LODES8 2023
170318075001,42.0317061,-87.7280312,857,ACS 2020-2024 5-year,136,LODES8 2023
170318075002,42.0280742,-87.7281302,1266,ACS 2020-2024 5-year,224,LODES8 2023
170318075003,42.0243237,-87.7282458,1157,ACS 2020-2024 5-year,300,LODES8 2023
170318076001,42.0303595,-87.7150225,1273,ACS 2020-2024 5-year,3100,LODES8 2023
170318076002,42.0192629,-87.7422135,1351,ACS 2020-2024 5-year,177,LODES8 2023
170318076003,42.0195751,-87.7173010,1020,ACS 2020-2024 5-year,7018,LODES8 2023
170318076004,42.0192450,-87.7287110,1784,ACS 2020-2024 5-year,115,LODES8 2023
170318076005,42.0190867,-87.7346226,1103,ACS 2020-2024 5-year,92,LODES8 2023
170318077001,42.0230414,-87.7497539,2430,ACS 2020-2024 5-year,971,LODES8 2023
170318077002,42.0166973,-87.7524164,1689,ACS 2020-2024 5-year,118,LODES8 2023
170318077003,42.0210450,-87.7549076,813,ACS 2020-2024 5-year,578,LODES8 2023
170318077004,42.0227801,-87.7606770,1388,ACS 2020-2024 5-year,726,LODES8 2023
170318078001,42.0083608,-87.7596382,1465,ACS 2020-2024 5-year,1149,LODES8 2023
170318078002,42.0177556,-87.7652941,1264,ACS 2020-2024 5-year,4928,LODES8 2023
170318079001,42.0097591,-87.7462882,715,ACS 2020-2024 5-year,2393,LODES8 2023
170318079002,42.0006596,-87.7446762,1977,ACS 2020-2024 5-year,114,LODES8 2023
170318079003,42.0021858,-87.7541953,1305,ACS 2020-2024 5-year,182,LODES8 2023
170318080011,42.0124573,-87.7371719,1144,ACS 2020-2024 5-year,2631,LODES8 2023
170318080012,42.0089847,-87.7304529,857,ACS 2020-2024 5-year,444,LODES8 2023
170318080013,42.0035758,-87.7363049,1670,ACS 2020-2024 5-year,373,LODES8 2023
170318080021,42.0099409,-87.7261902,1382,ACS 2020-2024 5-year,826,LODES8 2023
170318080022,42.0065484,-87.7158990,1653,ACS 2020-2024 5-year,3222,LODES8 2023
170318080023,42.0000708,-87.7166776,1512,ACS 2020-2024 5-year,251,LODES8 2023
170318080024,42.0005214,-87.7251204,897,ACS 2020-2024 5-year,2214,LODES8 2023
170318081001,42.0132238,-87.7860443,1841,ACS 2020-2024 5-year,7896,LODES8 2023
170318081002,42.0063222,-87.8002639,1945,ACS 2020-2024 5-year,647,LODES8 2023
170318082001,42.0346160,-87.8023992,3027,ACS 2020-2024 5-year,236,LODES8 2023
170318082002,42.0268279,-87.8023292,1181,ACS 2020-2024 5-year,173,LODES8 2023
170318082003,42.0220481,-87.7928633,1374,ACS 2020-2024 5-year,3847,LODES8 2023
170318083011,42.0339483,-87.7927085,1251,ACS 2020-2024 5-year,1201,LODES8 2023
170318083012,42.0319506,-87.7825082,3173,ACS 2020-2024 5-year,5087,LODES8 2023
170318083013,42.0381247,-87.7755690,724,ACS 2020-2024 5-year,924,LODES8 2023
170318083014,42.0308575,-87.7742275,1107,ACS 2020-2024 5-year,114,LODES8 2023
170318083021,42.0351031,-87.7692643,1834,ACS 2020-2024 5-year,434,LODES8 2023
170318083022,42.0327943,-87.7652065,1892,ACS 2020-2024 5-year,125,LODES8 2023
170318083023,42.0256970,-87.7650298,470,ACS 2020-2024 5-year,15,LODES8 2023
170318084001,42.0504911,-87.7890621,1704,ACS 2020-2024 5-year,414,LODES8 2023
170318084002,42.0432527,-87.7965725,745,ACS 2020-2024 5-year,583,LODES8 2023
170318084003,42.0488221,-87.8027436,1886,ACS 2020-2024 5-year,1819,LODES8 2023
170318085001,42.0492142,-87.7749682,1641,ACS 2020-2024 5-year,176,LODES8 2023
170318085002,42.0445430,-87.7665125,1103,ACS 2020-2024 5-year,45,LODES8 2023
170318085003,42.0445392,-87.7713922,909,ACS 2020-2024 5-year,115,LODES8 2023
170318085004,42.0440493,-87.7766683,673,ACS 2020-2024 5-year,178,LODES8 2023
170318086001,42.0609107,-87.7817572,1067,ACS 2020-2024 5-year,269,LODES8 2023
170318086002,42.0580418,-87.7980659,1386,ACS 2020-2024 5-year,963,LODES8 2023
170318087021,42.0515852,-87.6792233,2504,ACS 2020-2024 5-year,10645,LODES8 2023
170318087022,42.0527272,-87.6753718,930,ACS 2020-2024 5-year,192,LODES8 2023
170318087023,42.0582040,-87.6718922,2237,ACS 2020-2024 5-year,448,LODES8 2023
170318088001,42.0650346,-87.6944680,1429,ACS 2020-2024 5-year,351,LODES8 2023
170318088002,42.0660450,-87.6783161,2561,ACS 2020-2024 5-year,7484,LODES8 2023
170318089001,42.0665251,-87.7056419,1552,ACS 2020-2024 5-year,359,LODES8 2023
170318089002,42.0667538,-87.7136006,831,ACS 2020-2024 5-year,109,LODES8 2023
170318089003,42.0664324,-87.7251541,1832,ACS 2020-2024 5-year,316,LODES8 2023
170318090001,42.0584688,-87.7123317,815,ACS 2020-2024 5-year,27,LODES8 2023
170318090002,42.0603334,-87.7154399,1044,ACS 2020-2024 5-year,194,LODES8 2023
170318090003,42.0589996,-87.7211969,1372,ACS 2020-2024 5-year,670,LODES8 2023
170318090004,42.0613748,-87.7248165,826,ACS 2020-2024 5-year,81,LODES8 2023
170318091001,42.0610633,-87.7000328,1146,ACS 2020-2024 5-year,425,LODES8 2023
170318091002,42.0561106,-87.7053949,662,ACS 2020-2024 5-year,63,LODES8 2023
170318091003,42.0612177,-87.7071021,1781,ACS 2020-2024 5-year,65,LODES8 2023
170318092001,42.0549204,-87.6987071,617,ACS 2020-2024 5-year,736,LODES8 2023
170318092002,42.0530867,-87.6943180,1780,ACS 2020-2024 5-year,702,LODES8 2023
170318092003,42.0501994,-87.7005059,1122,ACS 2020-2024 5-year,204,LODES8 2023
170318092004,42.0515201,-87.7054019,1060,ACS 2020-2024 5-year,49,LODES8 2023
170318093001,42.0610648,-87.6861276,897,ACS 2020-2024 5-year,242,LODES8 2023
170318093002,42.0560714,-87.6842049,1309,ACS 2020-2024 5-year,246,LODES8 2023
170318093003,42.0556759,-87.6880242,2317,ACS 2020-2024 5-year,1252,LODES8 2023
170318094011,42.0447842,-87.6725221,1556,ACS 2020-2024 5-year,412,LODES8 2023
170318094012,42.0441776,-87.6807726,1729,ACS 2020-2024 5-year,2844,LODES8 2023
170318094021,42.0494864,-87.6832675,1712,ACS 2020-2024 5-year,4907,LODES8 2023
170318094022,42.0477258,-87.6784767,1203,ACS 2020-2024 5-year,391,LODES8 2023
170318095001,42.0496979,-87.6895189,1942,ACS 2020-2024 5-year,598,LODES8 2023
170318095002,42.0456402,-87.6866335,1519,ACS 2020-2024 5-year,1037,LODES8 2023
170318095003,42.0426756,-87.6862171,777,ACS 2020-2024 5-year,2025,LODES8 2023
170318096001,42.0451038,-87.6925158,823,ACS 2020-2024 5-year,66,LODES8 2023
170318096002,42.0445662,-87.6968683,1240,ACS 2020-2024 5-year,108,LODES8 2023
170318096003,42.0446618,-87.7043573,874,ACS 2020-2024 5-year,1149,LODES8 2023
170318097001,42.0368649,-87.6936599,704,ACS 2020-2024 5-year,65,LODES8 2023
170318097002,42.0378048,-87.7000079,1887,ACS 2020-2024 5-year,1807,LODES8 2023
170318097003,42.0376189,-87.7071812,928,ACS 2020-2024 5-year,130,LODES8 2023
170318098001,42.0394704,-87.6868540,571,ACS 2020-2024 5-year,35,LODES8 2023
170318098002,42.0364410,-87.6847396,2051,ACS 2020-2024 5-year,353,LODES8 2023
170318099001,42.0376020,-87.6730978,1366,ACS 2020-2024 5-year,81,LODES8 2023
170318099002,42.0376460,-87.6788747,1391,ACS 2020-2024 5-year,774,LODES8 2023
170318100001,42.0329874,-87.6763194,1664,ACS 2020-2024 5-year,280,LODES8 2023
170318100002,42.0297058,-87.6756341,2086,ACS 2020-2024 5-year,144,LODES8 2023
170318100003,42.0265791,-87.6673677,1354,ACS 2020-2024 5-year,50,LODES8 2023
170318101001,42.0321043,-87.6814257,462,ACS 2020-2024 5-year,193,LODES8 2023
170318101002,42.0302492,-87.6822234,641,ACS 2020-2024 5-year,27,LODES8 2023
170318101003,42.0275584,-87.6833879,1131,ACS 2020-2024 5-year,70,LODES8 2023
170318101004,42.0294954,-87.6869020,955,ACS 2020-2024 5-year,40,LODES8 2023
170318101005,42.0325428,-87.6872431,1192,ACS 2020-2024 5-year,93,LODES8 2023
170318102001,42.0240289,-87.6791060,987,ACS 2020-2024 5-year,4,LODES8 2023
170318102002,42.0206047,-87.6775009,1622,ACS 2020-2024 5-year,193,LODES8 2023
170318102003,42.0208211,-87.6826213,1179,ACS 2020-2024 5-year,39,LODES8 2023
170318102004,42.0244103,-87.6828084,1327,ACS 2020-2024 5-year,653,LODES8 2023
170318102005,42.0250750,-87.6876904,926,ACS 2020-2024 5-year,14,LODES8 2023
170318102006,42.0214610,-87.6875076,429,ACS 2020-2024 5-year,90,LODES8 2023
170318103011,42.0306493,-87.7045993,590,ACS 2020-2024 5-year,995,LODES8 2023
170318103012,42.0239484,-87.7041735,764,ACS 2020-2024 5-year,746,LODES8 2023
170318103013,42.0218441,-87.6980343,1554,ACS 2020-2024 5-year,207,LODES8 2023
170318103014,42.0221955,-87.6924926,1179,ACS 2020-2024 5-year,113,LODES8 2023
170318103021,42.0323654,-87.6946517,1624,ACS 2020-2024 5-year,33,LODES8 2023
170318103022,42.0293826,-87.6944754,1092,ACS 2020-2024 5-year,16,LODES8 2023
170318103023,42.0264554,-87.6949968,685,ACS 2020-2024 5-year,134,LODES8 2023
170318104001,41.9946237,-87.8259735,1028,ACS 2020-2024 5-year,238,LODES8 2023
170318104002,41.9896524,-87.8264032,1340,ACS 2020-2024 5-year,32,LODES8 2023
170318104003,41.9832555,-87.8301533,2350,ACS 2020-2024 5-year,990,LODES8 2023
170318104004,41.9934324,-87.8332659,778,ACS 2020-2024 5-year,220,LODES8 2023
170318105011,41.9641419,-87.8322251,1322,ACS 2020-2024 5-year,268,LODES8 2023
170318105012,41.9650459,-87.8220348,1204,ACS 2020-2024 5-year,395,LODES8 2023
170318105013,41.9609368,-87.8290294,1167,ACS 2020-2024 5-year,213,LODES8 2023
170318105014,41.9609426,-87.8198555,1003,ACS 2020-2024 5-year,53,LODES8 2023
170318105015,41.9557995,-87.8255284,414,ACS 2020-2024 5-year,91,LODES8 2023
170318105021,41.9653499,-87.8117844,997,ACS 2020-2024 5-year,1515,LODES8 2023
170318105022,41.9606948,-87.8121585,1084,ACS 2020-2024 5-year,1777,LODES8 2023
170318105023,41.9596115,-87.8047745,1769,ACS 2020-2024 5-year,988,LODES8 2023
170318105024,41.9554182,-87.8103342,911,ACS 2020-2024 5-year,1515,LODES8 2023
170318105025,41.9552827,-87.8158406,979,ACS 2020-2024 5-year,396,LODES8 2023
170318106001,41.9643173,-87.7924012,1297,ACS 2020-2024 5-year,302,LODES8 2023
170318106002,41.9612796,-87.8000673,2191,ACS 2020-2024 5-year,76,LODES8 2023
170318106003,41.9665829,-87.8023263,1243,ACS 2020-2024 5-year,1208,LODES8 2023
170318107011,41.9335051,-87.8114665,887,ACS 2020-2024 5-year,24,LODES8 2023
170318107012,41.9316875,-87.8114176,1442,ACS 2020-2024 5-year,85,LODES8 2023
170318107013,41.9299328,-87.8115440,1216,ACS 2020-2024 5-year,24,LODES8 2023
170318107014,41.9282433,-87.8114771,1082,ACS 2020-2024 5-year,21,LODES8 2023
170318107021,41.9260766,-87.8104547,1668,ACS 2020-2024 5-year,371,LODES8 2023
170318107022,41.9242623,-87.8136210,1074,ACS 2020-2024 5-year,137,LODES8 2023
170318107023,41.9252404,-87.8225636,1559,ACS 2020-2024 5-year,289,LODES8 2023
170318108001,41.9277658,-87.8202910,1088,ACS 2020-2024 5-year,307,LODES8 2023
170318108002,41.9360301,-87.8213124,1830,ACS 2020-2024 5-year,165,LODES8 2023
170318108003,41.9326785,-87.8204185,1057,ACS 2020-2024 5-year,35,LODES8 2023
170318108004,41.9302737,-87.8217142,1179,ACS 2020-2024 5-year,48,LODES8 2023
170318109001,41.9215923,-87.8092804,1307,ACS 2020-2024 5-year,32,LODES8 2023
170318109002,41.9179696,-87.8091179,1504,ACS 2020-2024 5-year,46,LODES8 2023
170318109003,41.9143107,-87.8090007,677,ACS 2020-2024 5-year,169,LODES8 2023
170318109004,41.9106638,-87.8088886,1068,ACS 2020-2024 5-year,388,LODES8 2023
170318109005,41.9178941,-87.8133932,1132,ACS 2020-2024 5-year,165,LODES8 2023
170318110001,41.9214660,-87.8183772,961,ACS 2020-2024 5-year,9,LODES8 2023
170318110002,41.9178314,-87.8170420,1241,ACS 2020-2024 5-year,57,LODES8 2023
170318110003,41.9141751,-87.8169326,476,ACS 2020-2024 5-year,157,LODES8 2023
170318110004,41.9105213,-87.8168205,554,ACS 2020-2024 5-year,364,LODES8 2023
170318110005,41.9159053,-87.8231225,866,ACS 2020-2024 5-year,139,LODES8 2023
170318111001,41.9341309,-87.8354097,2109,ACS 2020-2024 5-year,435,LODES8 2023
170318111002,41.9254968,-87.8310504,1937,ACS 2020-2024 5-year,193,LODES8 2023
170318111003,41.9198211,-87.8329564,570,ACS 2020-2024 5-year,793,LODES8 2023
170318111004,41.9299797,-87.8385212,2568,ACS 2020-2024 5-year,367,LODES8 2023
170318112001,41.9336811,-87.8525450,669,ACS 2020-2024 5-year,706,LODES8 2023
170318112002,41.9267646,-87.8486172,1362,ACS 2020-2024 5-year,210,LODES8 2023
170318112003,41.9162945,-87.8405702,531,ACS 2020-2024 5-year,3638,LODES8 2023
170318112004,41.9240935,-87.8498417,1627,ACS 2020-2024 5-year,63,LODES8 2023
170318112005,41.9295279,-87.8544898,957,ACS 2020-2024 5-year,99,LODES8 2023
170318113011,41.9199274,-87.8789927,684,ACS 2020-2024 5-year,66,LODES8 2023
170318113012,41.9164305,-87.8778998,808,ACS 2020-2024 5-year,170,LODES8 2023
170318113013,41.9223824,-87.8882728,1219,ACS 2020-2024 5-year,352,LODES8 2023
170318113014,41.9126503,-87.8837872,1301,ACS 2020-2024 5-year,3194,LODES8 2023
170318113021,41.9186153,-87.8688266,1006,ACS 2020-2024 5-year,11,LODES8 2023
170318113022,41.9156884,-87.8580916,2604,ACS 2020-2024 5-year,8514,LODES8 2023
170318114011,41.9337480,-87.8824033,920,ACS 2020-2024 5-year,159,LODES8 2023
170318114012,41.9338412,-87.8775468,916,ACS 2020-2024 5-year,20,LODES8 2023
170318114013,41.9339329,-87.8726903,939,ACS 2020-2024 5-year,39,LODES8 2023
170318114014,41.9340852,-87.8678377,1323,ACS 2020-2024 5-year,559,LODES8 2023
170318114015,41.9329092,-87.8617748,648,ACS 2020-2024 5-year,664,LODES8 2023
170318114021,41.9288514,-87.8699315,1143,ACS 2020-2024 5-year,435,LODES8 2023
170318114022,41.9270347,-87.8802708,1089,ACS 2020-2024 5-year,996,LODES8 2023
170318114023,41.9242619,-87.8716413,1957,ACS 2020-2024 5-year,128,LODES8 2023
170318115001,41.9412406,-87.8601868,2619,ACS 2020-2024 5-year,1835,LODES8 2023
170318115002,41.9430300,-87.8706732,1694,ACS 2020-2024 5-year,753,LODES8 2023
170318115003,41.9382624,-87.8779405,686,ACS 2020-2024 5-year,325,LODES8 2023
170318115004,41.9426992,-87.8798922,1237,ACS 2020-2024 5-year,359,LODES8 2023
170318116001,41.9507903,-87.8586372,1251,ACS 2020-2024 5-year,1002,LODES8 2023
170318116002,41.9522998,-87.8833661,1637,ACS 2020-2024 5-year,831,LODES8 2023
170318116003,41.9495559,-87.8687764,1273,ACS 2020-2024 5-year,718,LODES8 2023
170318116004,41.9517376,-87.8747333,1396,ACS 2020-2024 5-year,75,LODES8 2023
170318117011,41.9428151,-87.9040408,1957,ACS 2020-2024 5-year,7957,LODES8 2023
170318117012,41.9333693,-87.8896309,1012,ACS 2020-2024 5-year,1220,LODES8 2023
170318117021,41.9258575,-87.9155971,1241,ACS 2020-2024 5-year,673,LODES8 2023
170318117022,41.9265552,-87.9053538,2104,ACS 2020-2024 5-year,69,LODES8 2023
170318117023,41.9268770,-87.8932453,2111,ACS 2020-2024 5-year,1153,LODES8 2023
170318118001,41.9175601,-87.8961470,903,ACS 2020-2024 5-year,24,LODES8 2023
170318118002,41.9138932,-87.9122745,1260,ACS 2020-2024 5-year,3801,LODES8 2023
170318118003,41.9172120,-87.9017372,1617,ACS 2020-2024 5-year,89,LODES8 2023
170318118004,41.9097336,-87.8967017,1880,ACS 2020-2024 5-year,323,LODES8 2023
170318119001,41.9069706,-87.8105722,1075,ACS 2020-2024 5-year,204,LODES8 2023
170318119002,41.9014681,-87.8103799,1298,ACS 2020-2024 5-year,583,LODES8 2023
170318119003,41.8958648,-87.8155412,1551,ACS 2020-2024 5-year,51,LODES8 2023
170318119004,41.9013694,-87.8245847,2270,ACS 2020-2024 5-year,1509,LODES8 2023
170318120001,41.8924299,-87.8100464,798,ACS 2020-2024 5-year,96,LODES8 2023
170318120002,41.8888155,-87.8098977,833,ACS 2020-2024 5-year,1422,LODES8 2023
170318120003,41.8904586,-87.8191848,1148,ACS 2020-2024 5-year,710,LODES8 2023
170318120004,41.8850088,-87.8187366,1090,ACS 2020-2024 5-year,130,LODES8 2023
170318120005,41.8812229,-87.8214545,779,ACS 2020-2024 5-year,237,LODES8 2023
170318120006,41.8893582,-87.8282174,1150,ACS 2020-2024 5-year,67,LODES8 2023
170318121001,41.9065987,-87.7774252,1459,ACS 2020-2024 5-year,89,LODES8 2023
170318121002,41.9011092,-87.7771631,665,ACS 2020-2024 5-year,35,LODES8 2023
170318121003,41.8980129,-87.7807760,909,ACS 2020-2024 5-year,16,LODES8 2023
170318121004,41.9018079,-87.7818593,658,ACS 2020-2024 5-year,28,LODES8 2023
170318121005,41.9063637,-87.7814289,923,ACS 2020-2024 5-year,27,LODES8 2023
170318122001,41.9073776,-87.7885572,1063,ACS 2020-2024 5-year,401,LODES8 2023
170318122002,41.9037472,-87.7888638,687,ACS 2020-2024 5-year,168,LODES8 2023
170318122003,41.9034632,-87.7996089,1056,ACS 2020-2024 5-year,71,LODES8 2023
170318122004,41.9071347,-87.7997895,953,ACS 2020-2024 5-year,872,LODES8 2023
170318123011,41.8911509,-87.8010512,875,ACS 2020-2024 5-year,26,LODES8 2023
170318123012,41.8885876,-87.8013054,2810,ACS 2020-2024 5-year,4474,LODES8 2023
170318123013,41.8889027,-87.7942727,1867,ACS 2020-2024 5-year,1140,LODES8 2023
170318123021,41.8997580,-87.8016428,704,ACS 2020-2024 5-year,50,LODES8 2023
170318123022,41.8961084,-87.8015178,1134,ACS 2020-2024 5-year,183,LODES8 2023
170318123023,41.8930884,-87.8014186,869,ACS 2020-2024 5-year,366,LODES8 2023
170318124001,41.8951623,-87.7877123,1216,ACS 2020-2024 5-year,875,LODES8 2023
170318124002,41.8934430,-87.7935479,895,ACS 2020-2024 5-year,85,LODES8 2023
170318124003,41.8989788,-87.7938619,1206,ACS 2020-2024 5-year,25,LODES8 2023
170318125001,41.8941637,-87.7775505,691,ACS 2020-2024 5-year,230,LODES8 2023
170318125002,41.8894502,-87.7773917,823,ACS 2020-2024 5-year,1362,LODES8 2023
170318125003,41.8891348,-87.7837551,833,ACS 2020-2024 5-year,404,LODES8 2023
170318125004,41.8940859,-87.7824206,1030,ACS 2020-2024 5-year,197,LODES8 2023
170318126001,41.8855402,-87.7772862,659,ACS 2020-2024 5-year,61,LODES8 2023
170318126002,41.8820593,-87.7771673,946,ACS 2020-2024 5-year,96,LODES8 2023
170318126003,41.8818846,-87.7819923,1231,ACS 2020-2024 5-year,463,LODES8 2023
170318126004,41.8853598,-87.7822341,717,ACS 2020-2024 5-year,131,LODES8 2023
170318127001,41.8834455,-87.7861892,878,ACS 2020-2024 5-year,307,LODES8 2023
170318127002,41.8833904,-87.7894537,1087,ACS 2020-2024 5-year,136,LODES8 2023
170318127003,41.8833451,-87.7927248,1294,ACS 2020-2024 5-year,268,LODES8 2023
170318128011,41.8832625,-87.8017816,2370,ACS 2020-2024 5-year,415,LODES8 2023
170318128012,41.8830325,-87.8037315,885,ACS 2020-2024 5-year,98,LODES8 2023
170318128021,41.8832537,-87.7992516,1049,ACS 2020-2024 5-year,1292,LODES8 2023
170318128022,41.8851300,-87.7964962,870,ACS 2020-2024 5-year,223,LODES8 2023
170318128023,41.8815667,-87.7963747,857,ACS 2020-2024 5-year,120,LODES8 2023
170318129001,41.8780107,-87.7899057,668,ACS 2020-2024 5-year,167,LODES8 2023
170318129002,41.8743213,-87.7898133,1305,ACS 2020-2024 5-year,100,LODES8 2023
170318129003,41.8765652,-87.7954149,1413,ACS 2020-2024 5-year,751,LODES8 2023
170318129004,41.8763104,-87.8010452,1320,ACS 2020-2024 5-year,1041,LODES8 2023
170318130001,41.8782330,-87.7770396,374,ACS 2020-2024 5-year,450,LODES8 2023
170318130002,41.8745526,-87.7769112,878,ACS 2020-2024 5-year,59,LODES8 2023
170318130003,41.8744847,-87.7818212,546,ACS 2020-2024 5-year,128,LODES8 2023
170318130004,41.8781671,-87.7819398,777,ACS 2020-2024 5-year,86,LODES8 2023
170318130005,41.8762766,-87.7855666,1103,ACS 2020-2024 5-year,71,LODES8 2023
170318131001,41.8709097,-87.7767790,645,ACS 2020-2024 5-year,28,LODES8 2023
170318131002,41.8672539,-87.7766512,749,ACS 2020-2024 5-year,99,LODES8 2023
170318131003,41.8671855,-87.7815632,566,ACS 2020-2024 5-year,131,LODES8 2023
170318131004,41.8711176,-87.7828614,456,ACS 2020-2024 5-year,250,LODES8 2023
170318131005,41.8683398,-87.7865502,1840,ACS 2020-2024 5-year,78,LODES8 2023
170318132001,41.8706601,-87.7915311,619,ACS 2020-2024 5-year,50,LODES8 2023
170318132002,41.8670233,-87.7913660,944,ACS 2020-2024 5-year,129,LODES8 2023
170318132003,41.8669342,-87.7964231,449,ACS 2020-2024 5-year,142,LODES8 2023
170318132004,41.8704961,-87.7966098,791,ACS 2020-2024 5-year,193,LODES8 2023
170318132005,41.8695294,-87.8013903,1680,ACS 2020-2024 5-year,318,LODES8 2023
170318133011,41.8621421,-87.7556382,1197,ACS 2020-2024 5-year,1553,LODES8 2023
170318133012,41.8603856,-87.7506889,733,ACS 2020-2024 5-year,129,LODES8 2023
170318133013,41.8639756,-87.7508024,828,ACS 2020-2024 5-year,4,LODES8 2023
170318133021,41.8604351,-87.7446076,1540,ACS 2020-2024 5-year,608,LODES8 2023
170318133022,41.8640607,-87.7447251,1522,ACS 2020-2024 5-year,1105,LODES8 2023
170318134001,41.8626758,-87.7629100,1649,ACS 2020-2024 5-year,794,LODES8 2023
170318134002,41.8601839,-87.7654891,870,ACS 2020-2024 5-year,18,LODES8 2023
170318134003,41.8570341,-87.7675453,1193,ACS 2020-2024 5-year,22,LODES8 2023
170318134004,41.8577454,-87.7708444,1333,ACS 2020-2024 5-year,102,LODES8 2023
170318134005,41.8615619,-87.7699238,1330,ACS 2020-2024 5-year,11,LODES8 2023
170318134006,41.8639840,-87.7708102,1934,ACS 2020-2024 5-year,77,LODES8 2023
170318135001,41.8618089,-87.7740278,1324,ACS 2020-2024 5-year,68,LODES8 2023
170318135002,41.8545316,-87.7738266,1065,ACS 2020-2024 5-year,72,LODES8 2023
170318135003,41.8527046,-87.7768457,1800,ACS 2020-2024 5-year,6,LODES8 2023
170318135004,41.8572394,-87.7769737,1659,ACS 2020-2024 5-year,34,LODES8 2023
170318135005,41.8626788,-87.7771248,633,ACS 2020-2024 5-year,59,LODES8 2023
170318136001,41.8547741,-87.7615525,829,ACS 2020-2024 5-year,361,LODES8 2023
170318136002,41.8546148,-87.7664609,2891,ACS 2020-2024 5-year,3,LODES8 2023
170318136003,41.8524168,-87.7689942,1364,ACS 2020-2024 5-year,490,LODES8 2023
170318137011,41.8554812,-87.7550050,1734,ACS 2020-2024 5-year,309,LODES8 2023
170318137012,41.8530293,-87.7516837,1378,ACS 2020-2024 5-year,138,LODES8 2023
170318137021,41.8539848,-87.7468070,1327,ACS 2020-2024 5-year,41,LODES8 2023
170318137022,41.8521878,-87.7467507,974,ACS 2020-2024 5-year,278,LODES8 2023
170318137023,41.8576901,-87.7463498,1492,ACS 2020-2024 5-year,54,LODES8 2023
170318137024,41.8558194,-87.7462449,489,ACS 2020-2024 5-year,61,LODES8 2023
170318138011,41.8480388,-87.7478466,1131,ACS 2020-2024 5-year,1055,LODES8 2023
170318138012,41.8547011,-87.7417174,1103,ACS 2020-2024 5-year,171,LODES8 2023
170318138013,41.8482523,-87.7430716,856,ACS 2020-2024 5-year,1015,LODES8 2023
170318138021,41.8479843,-87.7527598,1221,ACS 2020-2024 5-year,1091,LODES8 2023
170318138022,41.8479656,-87.7552245,1331,ACS 2020-2024 5-year,71,LODES8 2023
170318138023,41.8479210,-87.7576747,1550,ACS 2020-2024 5-year,181,LODES8 2023
170318138024,41.8480275,-87.7502990,883,ACS 2020-2024 5-year,48,LODES8 2023
170318139001,41.8491636,-87.7663147,1419,ACS 2020-2024 5-year,574,LODES8 2023
170318139002,41.8454914,-87.7656044,729,ACS 2020-2024 5-year,53,LODES8 2023
170318139003,41.8432986,-87.7696372,708,ACS 2020-2024 5-year,37,LODES8 2023
170318139004,41.8454463,-87.7711600,1863,ACS 2020-2024 5-year,6,LODES8 2023
170318139005,41.8491000,-87.7706081,1700,ACS 2020-2024 5-year,251,LODES8 2023
170318140001,41.8494170,-87.7760448,1202,ACS 2020-2024 5-year,115,LODES8 2023
170318140002,41.8469521,-87.7750009,1147,ACS 2020-2024 5-year,1169,LODES8 2023
170318140003,41.8439175,-87.7748552,1190,ACS 2020-2024 5-year,124,LODES8 2023
170318140004,41.8414526,-87.7757723,1127,ACS 2020-2024 5-year,165,LODES8 2023
170318141001,41.8492361,-87.7614004,2102,ACS 2020-2024 5-year,149,LODES8 2023
170318141002,41.8460142,-87.7613131,1506,ACS 2020-2024 5-year,71,LODES8 2023
170318141003,41.8406583,-87.7635307,1054,ACS 2020-2024 5-year,135,LODES8 2023
170318142001,41.8407376,-87.7428839,844,ACS 2020-2024 5-year,1639,LODES8 2023
170318142002,41.8305843,-87.7441933,2057,ACS 2020-2024 5-year,1749,LODES8 2023
170318142003,41.8346081,-87.7500331,1210,ACS 2020-2024 5-year,18,LODES8 2023
170318142004,41.8370304,-87.7503563,1135,ACS 2020-2024 5-year,84,LODES8 2023
170318142005,41.8393025,-87.7503785,1937,ACS 2020-2024 5-year,7,LODES8 2023
170318142006,41.8426825,-87.7500652,895,ACS 2020-2024 5-year,96,LODES8 2023
170318143001,41.8373598,-87.7560080,1299,ACS 2020-2024 5-year,66,LODES8 2023
170318143002,41.8330416,-87.7590723,3332,ACS 2020-2024 5-year,383,LODES8 2023
170318144001,41.8282466,-87.7584091,1730,ACS 2020-2024 5-year,61,LODES8 2023
170318144002,41.8264172,-87.7583903,1400,ACS 2020-2024 5-year,95,LODES8 2023
170318144003,41.8233732,-87.7606472,1572,ACS 2020-2024 5-year,356,LODES8 2023
170318144004,41.8254068,-87.7669045,596,ACS 2020-2024 5-year,180,LODES8 2023
170318144005,41.8290528,-87.7669574,1038,ACS 2020-2024 5-year,117,LODES8 2023
170318144006,41.8337071,-87.7670225,1245,ACS 2020-2024 5-year,1092,LODES8 2023
170318145001,41.8339421,-87.7747917,2939,ACS 2020-2024 5-year,802,LODES8 2023
170318145002,41.8271021,-87.7742782,1501,ACS 2020-2024 5-year,206,LODES8 2023
170318145003,41.8234315,-87.7741666,1157,ACS 2020-2024 5-year,44,LODES8 2023
170318146001,41.8635336,-87.7814510,665,ACS 2020-2024 5-year,32,LODES8 2023
170318146002,41.8598786,-87.7813484,2119,ACS 2020-2024 5-year,12,LODES8 2023
170318146003,41.8598062,-87.7862518,825,ACS 2020-2024 5-year,5,LODES8 2023
170318146004,41.8634579,-87.7863534,1173,ACS 2020-2024 5-year,322,LODES8 2023
170318146005,41.8615732,-87.7899728,496,ACS 2020-2024 5-year,119,LODES8 2023
170318147001,41.8633335,-87.7937752,772,ACS 2020-2024 5-year,353,LODES8 2023
170318147002,41.8596917,-87.7936698,1866,ACS 2020-2024 5-year,33,LODES8 2023
170318147003,41.8596117,-87.7987966,755,ACS 2020-2024 5-year,13,LODES8 2023
170318147004,41.8632467,-87.7989151,1252,ACS 2020-2024 5-year,41,LODES8 2023
170318147005,41.8613676,-87.8027661,703,ACS 2020-2024 5-year,538,LODES8 2023
170318148001,41.8558591,-87.7999919,2009,ACS 2020-2024 5-year,38,LODES8 2023
170318148002,41.8522099,-87.7998204,1305,ACS 2020-2024 5-year,249,LODES8 2023
170318148003,41.8486615,-87.7958538,1090,ACS 2020-2024 5-year,82,LODES8 2023
170318148004,41.8468903,-87.7932537,1107,ACS 2020-2024 5-year,16,LODES8 2023
170318148005,41.8458645,-87.7994843,1160,ACS 2020-2024 5-year,575,LODES8 2023
170318149001,41.8551479,-87.7867355,1532,ACS 2020-2024 5-year,4,LODES8 2023
170318149002,41.8524340,-87.7866551,2171,ACS 2020-2024 5-year,138,LODES8 2023
170318149003,41.8523163,-87.7927923,1978,ACS 2020-2024 5-year,897,LODES8 2023
170318149004,41.8550542,-87.7929253,1143,ACS 2020-2024 5-year,6,LODES8 2023
170318150001,41.8544446,-87.7799669,1482,ACS 2020-2024 5-year,101,LODES8 2023
170318150002,41.8544093,-87.7824239,1414,ACS 2020-2024 5-year,80,LODES8 2023
170318150003,41.8570116,-87.7899217,1217,ACS 2020-2024 5-year,596,LODES8 2023
170318151001,41.8489447,-87.7810402,676,ACS 2020-2024 5-year,283,LODES8 2023
170318151002,41.8479665,-87.7853074,1111,ACS 2020-2024 5-year,114,LODES8 2023
170318151003,41.8464585,-87.7882038,2378,ACS 2020-2024 5-year,167,LODES8 2023
170318152001,41.8443469,-87.7809147,1204,ACS 2020-2024 5-year,175,LODES8 2023
170318152002,41.8397786,-87.7807951,496,ACS 2020-2024 5-year,41,LODES8 2023
170318152003,41.8341409,-87.7817465,2220,ACS 2020-2024 5-year,543,LODES8 2023
170318152004,41.8358290,-87.7896797,1011,ACS 2020-2024 5-year,109,LODES8 2023
170318152005,41.8395103,-87.7866509,1716,ACS 2020-2024 5-year,137,LODES8 2023
170318153001,41.8414513,-87.7906345,1238,ACS 2020-2024 5-year,566,LODES8 2023
170318153002,41.8415415,-87.7985886,767,ACS 2020-2024 5-year,78,LODES8 2023
170318153003,41.8391278,-87.7955183,870,ACS 2020-2024 5-year,5,LODES8 2023
170318153004,41.8348942,-87.7954383,741,ACS 2020-2024 5-year,169,LODES8 2023
170318154001,41.8313802,-87.7891944,1850,ACS 2020-2024 5-year,959,LODES8 2023
170318154002,41.8298778,-87.7945901,976,ACS 2020-2024 5-year,306,LODES8 2023
170318154003,41.8284354,-87.7996649,1474,ACS 2020-2024 5-year,378,LODES8 2023
170318154004,41.8357254,-87.8005485,1176,ACS 2020-2024 5-year,147,LODES8 2023
170318155001,41.8283430,-87.7803328,1488,ACS 2020-2024 5-year,163,LODES8 2023
170318155002,41.8233512,-87.7802804,1105,ACS 2020-2024 5-year,34,LODES8 2023
170318155003,41.8232811,-87.7851749,643,ACS 2020-2024 5-year,30,LODES8 2023
170318155004,41.8274671,-87.7851660,907,ACS 2020-2024 5-year,87,LODES8 2023
170318155005,41.8248453,-87.7894407,541,ACS 2020-2024 5-year,59,LODES8 2023
170318155006,41.8240838,-87.7936208,1130,ACS 2020-2024 5-year,212,LODES8 2023
170318155007,41.8230910,-87.7990893,1643,ACS 2020-2024 5-year,251,LODES8 2023
170318156001,41.8466759,-87.8101488,1732,ACS 2020-2024 5-year,3002,LODES8 2023
170318156002,41.8470737,-87.8196992,987,ACS 2020-2024 5-year,55,LODES8 2023
170318156003,41.8414894,-87.8261420,985,ACS 2020-2024 5-year,420,LODES8 2023
170318156004,41.8479321,-87.8389309,732,ACS 2020-2024 5-year,53,LODES8 2023
170318156005,41.8455478,-87.8335389,927,ACS 2020-2024 5-year,91,LODES8 2023
170318157011,41.8413462,-87.8127160,1436,ACS 2020-2024 5-year,106,LODES8 2023
170318157012,41.8377082,-87.8187469,1053,ACS 2020-2024 5-year,24,LODES8 2023
170318157013,41.8372058,-87.8087489,732,ACS 2020-2024 5-year,64,LODES8 2023
170318157014,41.8293290,-87.8049586,670,ACS 2020-2024 5-year,1092,LODES8 2023
170318157021,41.8324700,-87.8140734,567,ACS 2020-2024 5-year,16,LODES8 2023
170318157022,41.8290568,-87.8127256,793,ACS 2020-2024 5-year,307,LODES8 2023
170318157023,41.8233089,-87.8143986,1589,ACS 2020-2024 5-year,298,LODES8 2023
170318157024,41.8252761,-87.8272964,804,ACS 2020-2024 5-year,15,LODES8 2023
170318157025,41.8317596,-87.8257930,1294,ACS 2020-2024 5-year,443,LODES8 2023
170318158001,41.8315845,-87.8366826,1941,ACS 2020-2024 5-year,958,LODES8 2023
170318159001,41.8855821,-87.8098132,1436,ACS 2020-2024 5-year,299,LODES8 2023
170318159002,41.8820512,-87.8070106,1666,ACS 2020-2024 5-year,306,LODES8 2023
170318159003,41.8817624,-87.8118457,1644,ACS 2020-2024 5-year,282,LODES8 2023
170318160001,41.8749640,-87.8072385,949,ACS 2020-2024 5-year,129,LODES8 2023
170318160002,41.8776281,-87.8113176,1218,ACS 2020-2024 5-year,326,LODES8 2023
170318160003,41.8761556,-87.8208839,997,ACS 2020-2024 5-year,263,LODES8 2023
170318161001,41.8718582,-87.8085068,575,ACS 2020-2024 5-year,2777,LODES8 2023
170318161002,41.8656133,-87.8067965,1211,ACS 2020-2024 5-year,1467,LODES8 2023
170318161003,41.8602651,-87.8063016,1171,ACS 2020-2024 5-year,183,LODES8 2023
170318161004,41.8573403,-87.8132118,1006,ACS 2020-2024 5-year,2872,LODES8 2023
170318161005,41.8684262,-87.8134146,1148,ACS 2020-2024 5-year,109,LODES8 2023
170318161006,41.8623831,-87.8255518,922,ACS 2020-2024 5-year,806,LODES8 2023
170318162001,41.9045159,-87.8346297,1681,ACS 2020-2024 5-year,145,LODES8 2023
170318162002,41.9033514,-87.8422905,921,ACS 2020-2024 5-year,695,LODES8 2023
170318162003,41.9026455,-87.8478453,1610,ACS 2020-2024 5-year,567,LODES8 2023
170318163001,41.9060884,-87.8544388,1382,ACS 2020-2024 5-year,484,LODES8 2023
170318163002,41.9024082,-87.8546082,1292,ACS 2020-2024 5-year,37,LODES8 2023
170318163003,41.9022721,-87.8612498,1070,ACS 2020-2024 5-year,147,LODES8 2023
170318163004,41.9061486,-87.8610204,926,ACS 2020-2024 5-year,140,LODES8 2023
170318164011,41.8990327,-87.8605089,591,ACS 2020-2024 5-year,90,LODES8 2023
170318164012,41.8948686,-87.8625819,915,ACS 2020-2024 5-year,80,LODES8 2023
170318164013,41.8956661,-87.8587669,1512,ACS 2020-2024 5-year,61,LODES8 2023
170318164014,41.8922010,-87.8593866,820,ACS 2020-2024 5-year,159,LODES8 2023
170318164021,41.8987237,-87.8537445,1404,ACS 2020-2024 5-year,5,LODES8 2023
170318164022,41.8948041,-87.8534245,1775,ACS 2020-2024 5-year,1216,LODES8 2023
170318164023,41.8936233,-87.8471607,1325,ACS 2020-2024 5-year,187,LODES8 2023
170318164024,41.8911173,-87.8522107,670,ACS 2020-2024 5-year,2051,LODES8 2023
170318165001,41.9018401,-87.8696532,1152,ACS 2020-2024 5-year,2349,LODES8 2023
170318165002,41.8961743,-87.8862467,1813,ACS 2020-2024 5-year,1803,LODES8 2023
170318165003,41.9014350,-87.8911135,1087,ACS 2020-2024 5-year,4,LODES8 2023
170318166001,41.9066584,-87.8784852,1055,ACS 2020-2024 5-year,709,LODES8 2023
170318166002,41.9045236,-87.8797159,1233,ACS 2020-2024 5-year,60,LODES8 2023
170318166003,41.9003700,-87.8829045,1934,ACS 2020-2024 5-year,329,LODES8 2023
170318167001,41.9046676,-87.8890740,909,ACS 2020-2024 5-year,1213,LODES8 2023
170318167002,41.9045154,-87.9005023,1788,ACS 2020-2024 5-year,369,LODES8 2023
170318168001,41.8973784,-87.9113692,1157,ACS 2020-2024 5-year,2740,LODES8 2023
170318168002,41.8872682,-87.9044481,885,ACS 2020-2024 5-year,395,LODES8 2023
170318168003,41.8857317,-87.9162123,2403,ACS 2020-2024 5-year,33,LODES8 2023
170318168004,41.8767205,-87.9173449,1089,ACS 2020-2024 5-year,124,LODES8 2023
170318169001,41.8902932,-87.8886448,773,ACS 2020-2024 5-year,106,LODES8 2023
170318169002,41.8870082,-87.8883923,1040,ACS 2020-2024 5-year,324,LODES8 2023
170318169003,41.8833744,-87.8883523,1969,ACS 2020-2024 5-year,38,LODES8 2023
170318169004,41.8869141,-87.8940790,1848,ACS 2020-2024 5-year,150,LODES8 2023
170318170001,41.8891251,-87.8635798,325,ACS 2020-2024 5-year,116,LODES8 2023
170318170002,41.8853556,-87.8650187,1097,ACS 2020-2024 5-year,118,LODES8 2023
170318170003,41.8837505,-87.8739365,1226,ACS 2020-2024 5-year,100,LODES8 2023
170318170004,41.8861306,-87.8789156,1507,ACS 2020-2024 5-year,77,LODES8 2023
170318170005,41.8904792,-87.8736255,820,ACS 2020-2024 5-year,301,LODES8 2023
170318171011,41.8802167,-87.8780885,1091,ACS 2020-2024 5-year,126,LODES8 2023
170318171012,41.8774750,-87.8783987,996,ACS 2020-2024 5-year,36,LODES8 2023
170318171013,41.8746629,-87.8772455,1303,ACS 2020-2024 5-year,21,LODES8 2023
170318171014,41.8722503,-87.8787061,1494,ACS 2020-2024 5-year,47,LODES8 2023
170318171021,41.8817276,-87.8614934,932,ACS 2020-2024 5-year,87,LODES8 2023
170318171022,41.8765737,-87.8657640,494,ACS 2020-2024 5-year,1748,LODES8 2023
170318171023,41.8742849,-87.8706688,1341,ACS 2020-2024 5-year,14,LODES8 2023
170318172001,41.8880570,-87.8558375,1513,ACS 2020-2024 5-year,28,LODES8 2023
170318172002,41.8840361,-87.8555171,718,ACS 2020-2024 5-year,7,LODES8 2023
170318172003,41.8804056,-87.8554039,1514,ACS 2020-2024 5-year,9,LODES8 2023
170318172004,41.8778425,-87.8505878,642,ACS 2020-2024 5-year,47,LODES8 2023
170318173001,41.8840812,-87.8478481,2687,ACS 2020-2024 5-year,242,LODES8 2023
170318174001,41.8909363,-87.8348759,685,ACS 2020-2024 5-year,186,LODES8 2023
170318174002,41.8960169,-87.8386326,1660,ACS 2020-2024 5-year,22,LODES8 2023
170318174003,41.8924465,-87.8418574,798,ACS 2020-2024 5-year,30,LODES8 2023
170318175001,41.8775479,-87.8314418,838,ACS 2020-2024 5-year,830,LODES8 2023
170318175002,41.8821686,-87.8365547,565,ACS 2020-2024 5-year,133,LODES8 2023
170318175003,41.8859583,-87.8401760,1217,ACS 2020-2024 5-year,591,LODES8 2023
170318175004,41.8789261,-87.8413298,1252,ACS 2020-2024 5-year,874,LODES8 2023
170318176001,41.8737730,-87.8384319,1042,ACS 2020-2024 5-year,42,LODES8 2023
170318176002,41.8680617,-87.8360049,1748,ACS 2020-2024 5-year,10659,LODES8 2023
170318176003,41.8679912,-87.8409101,1286,ACS 2020-2024 5-year,165,LODES8 2023
170318177001,41.8694512,-87.8582994,1100,ACS 2020-2024 5-year,4,LODES8 2023
170318177002,41.8675157,-87.8458007,1294,ACS 2020-2024 5-year,115,LODES8 2023
170318177003,41.8739814,-87.8484319,1871,ACS 2020-2024 5-year,242,LODES8 2023
170318177004,41.8742401,-87.8562599,771,ACS 2020-2024 5-year,77,LODES8 2023
170318179001,41.8677602,-87.8507248,2095,ACS 2020-2024 5-year,36,LODES8 2023
170318179002,41.8577630,-87.8395543,455,ACS 2020-2024 5-year,9183,LODES8 2023
170318179003,41.8532276,-87.8477233,749,ACS 2020-2024 5-year,1001,LODES8 2023
170318179004,41.8604714,-87.8504355,1282,ACS 2020-2024 5-year,57,LODES8 2023
170318179005,41.8640697,-87.8554903,1226,ACS 2020-2024 5-year,145,LODES8 2023
170318180001,41.8571308,-87.8582808,1319,ACS 2020-2024 5-year,2870,LODES8 2023
170318180002,41.8479087,-87.8469862,910,ACS 2020-2024 5-year,250,LODES8 2023
170318180003,41.8458311,-87.8584485,1951,ACS 2020-2024 5-year,3567,LODES8 2023
170318181001,41.8526213,-87.8702955,961,ACS 2020-2024 5-year,187,LODES8 2023
170318181002,41.8505526,-87.8752967,1206,ACS 2020-2024 5-year,167,LODES8 2023
170318182001,41.8690373,-87.8728823,1232,ACS 2020-2024 5-year,39,LODES8 2023
170318182002,41.8643932,-87.8722966,670,ACS 2020-2024 5-year,1363,LODES8 2023
170318182003,41.8599457,-87.8730667,1068,ACS 2020-2024 5-year,39,LODES8 2023
170318182004,41.8621871,-87.8785173,1651,ACS 2020-2024 5-year,2296,LODES8 2023
170318183001,41.8786133,-87.9089284,1124,ACS 2020-2024 5-year,78,LODES8 2023
170318183002,41.8741944,-87.8965293,1947,ACS 2020-2024 5-year,1830,LODES8 2023
170318183003,41.8798723,-87.8940514,1690,ACS 2020-2024 5-year,733,LODES8 2023
170318183004,41.8830666,-87.9058432,1335,ACS 2020-2024 5-year,35,LODES8 2023
170318184011,41.8673326,-87.9104016,787,ACS 2020-2024 5-year,634,LODES8 2023
170318184012,41.8672327,-87.8935237,526,ACS 2020-2024 5-year,3933,LODES8 2023
170318184013,41.8588000,-87.8905379,817,ACS 2020-2024 5-year,183,LODES8 2023
170318184014,41.8557612,-87.9095477,1300,ACS 2020-2024 5-year,48,LODES8 2023
170318184021,41.8538670,-87.8871083,1070,ACS 2020-2024 5-year,29,LODES8 2023
170318184022,41.8511843,-87.8895224,976,ACS 2020-2024 5-year,461,LODES8 2023
170318184023,41.8516941,-87.8985240,1322,ACS 2020-2024 5-year,141,LODES8 2023
170318185001,41.8398053,-87.8829160,1407,ACS 2020-2024 5-year,193,LODES8 2023
170318185002,41.8450111,-87.8924354,1275,ACS 2020-2024 5-year,207,LODES8 2023
170318185003,41.8399234,-87.9078148,1656,ACS 2020-2024 5-year,6361,LODES8 2023
170318185004,41.8417283,-87.8961037,730,ACS 2020-2024 5-year,52,LODES8 2023
170318186001,41.8429517,-87.8730524,1190,ACS 2020-2024 5-year,139,LODES8 2023
170318186002,41.8395262,-87.8586199,2572,ACS 2020-2024 5-year,265,LODES8 2023
170318186003,41.8373795,-87.8692451,996,ACS 2020-2024 5-year,122,LODES8 2023
170318187001,41.8398445,-87.8473430,794,ACS 2020-2024 5-year,3,LODES8 2023
170318187002,41.8352249,-87.8473241,977,ACS 2020-2024 5-year,47,LODES8 2023
170318187003,41.8304554,-87.8453134,902,ACS 2020-2024 5-year,24,LODES8 2023
170318187004,41.8237802,-87.8438026,945,ACS 2020-2024 5-year,417,LODES8 2023
170318188001,41.8321194,-87.8516974,1136,ACS 2020-2024 5-year,31,LODES8 2023
170318188002,41.8239389,-87.8501487,582,ACS 2020-2024 5-year,36,LODES8 2023
170318188003,41.8211724,-87.8532042,552,ACS 2020-2024 5-year,33,LODES8 2023
170318188004,41.8237595,-87.8574667,1126,ACS 2020-2024 5-year,5,LODES8 2023
170318188005,41.8274006,-87.8545067,1021,ACS 2020-2024 5-year,629,LODES8 2023
170318188006,41.8319638,-87.8578059,1107,ACS 2020-2024 5-year,22,LODES8 2023
170318189001,41.8272749,-87.8630081,1565,ACS 2020-2024 5-year,84,LODES8 2023
170318189002,41.8246535,-87.8682219,1915,ACS 2020-2024 5-year,858,LODES8 2023
170318189003,41.8315985,-87.8691316,1115,ACS 2020-2024 5-year,121,LODES8 2023
170318190001,41.8304651,-87.8768952,1402,ACS 2020-2024 5-year,9,LODES8 2023
170318190002,41.8240842,-87.8757464,1330,ACS 2020-2024 5-year,197,LODES8 2023
170318190003,41.8218614,-87.8795812,1049,ACS 2020-2024 5-year,661,LODES8 2023
170318190004,41.8304099,-87.9086694,878,ACS 2020-2024 5-year,208,LODES8 2023
170318191001,41.8122295,-87.8062585,851,ACS 2020-2024 5-year,284,LODES8 2023
170318191002,41.8158567,-87.8129664,1544,ACS 2020-2024 5-year,150,LODES8 2023
170318191003,41.8182045,-87.8179219,776,ACS 2020-2024 5-year,298,LODES8 2023
170318191004,41.8185073,-87.8242632,1051,ACS 2020-2024 5-year,284,LODES8 2023
170318192001,41.8096885,-87.8184105,963,ACS 2020-2024 5-year,93,LODES8 2023
170318192002,41.8084418,-87.8272718,1995,ACS 2020-2024 5-year,405,LODES8 2023
170318192003,41.8152595,-87.8321021,1616,ACS 2020-2024 5-year,506,LODES8 2023
170318192004,41.8093516,-87.8370397,1678,ACS 2020-2024 5-year,151,LODES8 2023
170318193001,41.8175844,-87.8428143,642,ACS 2020-2024 5-year,119,LODES8 2023
170318193002,41.8173887,-87.8494429,1343,ACS 2020-2024 5-year,395,LODES8 2023
170318193003,41.8174177,-87.8567261,681,ACS 2020-2024 5-year,320,LODES8 2023
170318194001,41.8113701,-87.8431486,1652,ACS 2020-2024 5-year,94,LODES8 2023
170318194002,41.8081317,-87.8468266,1358,ACS 2020-2024 5-year,316,LODES8 2023
170318194003,41.8132625,-87.8506398,896,ACS 2020-2024 5-year,3,LODES8 2023
170318194004,41.8121200,-87.8556909,1027,ACS 2020-2024 5-year,11,LODES8 2023
170318194005,41.8077118,-87.8562562,649,ACS 2020-2024 5-year,156,LODES8 2023
170318195001,41.8176552,-87.8695077,719,ACS 2020-2024 5-year,1367,LODES8 2023
170318195002,41.8138482,-87.8740155,783,ACS 2020-2024 5-year,1323,LODES8 2023
170318195003,41.8151799,-87.8655211,851,ACS 2020-2024 5-year,962,LODES8 2023
170318195004,41.8105685,-87.8618997,913,ACS 2020-2024 5-year,706,LODES8 2023
170318196001,41.8106628,-87.8693599,789,ACS 2020-2024 5-year,93,LODES8 2023
170318196002,41.8070272,-87.8691874,858,ACS 2020-2024 5-year,29,LODES8 2023
170318196003,41.8033005,-87.8667598,1598,ACS 2020-2024 5-year,157,LODES8 2023
170318196004,41.7997288,-87.8692444,884,ACS 2020-2024 5-year,98,LODES8 2023
170318197001,41.7983787,-87.8762461,896,ACS 2020-2024 5-year,98,LODES8 2023
170318197002,41.8167047,-87.8824993,1949,ACS 2020-2024 5-year,235,LODES8 2023
170318197003,41.8098251,-87.8818260,2023,ACS 2020-2024 5-year,1091,LODES8 2023
170318197004,41.8050717,-87.8806383,739,ACS 2020-2024 5-year,72,LODES8 2023
170318198011,41.8172905,-87.8941633,882,ACS 2020-2024 5-year,11,LODES8 2023
170318198012,41.8131740,-87.8943201,753,ACS 2020-2024 5-year,550,LODES8 2023
170318198013,41.8077804,-87.8935151,1128,ACS 2020-2024 5-year,142,LODES8 2023
170318198014,41.8091347,-87.9017535,776,ACS 2020-2024 5-year,926,LODES8 2023
170318198015,41.8155689,-87.9030447,1543,ACS 2020-2024 5-year,144,LODES8 2023
170318198021,41.7991368,-87.8933434,1226,ACS 2020-2024 5-year,559,LODES8 2023
170318198022,41.7934270,-87.8983078,1175,ACS 2020-2024 5-year,102,LODES8 2023
170318199001,41.8143107,-87.9103413,1175,ACS 2020-2024 5-year,44,LODES8 2023
170318199002,41.8027649,-87.9070559,893,ACS 2020-2024 5-year,207,LODES8 2023
170318199003,41.7951826,-87.9035353,1219,ACS 2020-2024 5-year,57,LODES8 2023
170318200001,41.8104327,-87.9154742,1015,ACS 2020-2024 5-year,299,LODES8 2023
170318200002,41.7964517,-87.9131128,1106,ACS 2020-2024 5-year,69,LODES8 2023
170318201011,41.7848380,-87.8925909,604,ACS 2020-2024 5-year,602,LODES8 2023
170318201012,41.7832207,-87.9029452,2176,ACS 2020-2024 5-year,406,LODES8 2023
170318201013,41.7813361,-87.9124782,1050,ACS 2020-2024 5-year,804,LODES8 2023
170318201014,41.7620388,-87.9110592,390,ACS 2020-2024 5-year,2015,LODES8 2023
170318201015,41.7716112,-87.9013222,1178,ACS 2020-2024 5-year,28,LODES8 2023
170318201016,41.7711955,-87.8944785,1190,ACS 2020-2024 5-year,49,LODES8 2023
170318201017,41.7752206,-87.8913515,1108,ACS 2020-2024 5-year,217,LODES8 2023
170318201031,41.7955915,-87.8622555,1015,ACS 2020-2024 5-year,1991,LODES8 2023
170318201032,41.7881158,-87.8639743,769,ACS 2020-2024 5-year,767,LODES8 2023
170318201033,41.7952657,-87.8691573,1553,ACS 2020-2024 5-year,327,LODES8 2023
170318201034,41.7961933,-87.8823110,890,ACS 2020-2024 5-year,622,LODES8 2023
170318201041,41.7827248,-87.8642152,1050,ACS 2020-2024 5-year,740,LODES8 2023
170318201042,41.7833422,-87.8735001,1850,ACS 2020-2024 5-year,1647,LODES8 2023
170318201043,41.7856539,-87.8829933,606,ACS 2020-2024 5-year,234,LODES8 2023
170318201044,41.7766265,-87.8831719,1158,ACS 2020-2024 5-year,125,LODES8 2023
170318202021,41.7871952,-87.8412670,1643,ACS 2020-2024 5-year,8344,LODES8 2023
170318202022,41.7524287,-87.8748437,857,ACS 2020-2024 5-year,10428,LODES8 2023
170318202023,41.7437717,-87.8593985,739,ACS 2020-2024 5-year,147,LODES8 2023
170318202031,41.7422740,-87.9004436,1341,ACS 2020-2024 5-year,172,LODES8 2023
170318202032,41.7292903,-87.9024201,2383,ACS 2020-2024 5-year,575,LODES8 2023
170318202041,41.7666233,-87.8817355,1802,ACS 2020-2024 5-year,1131,LODES8 2023
170318202042,41.7532465,-87.8916126,779,ACS 2020-2024 5-year,146,LODES8 2023
170318202043,41.7528043,-87.9055668,2229,ACS 2020-2024 5-year,3362,LODES8 2023
170318203001,41.7946310,-87.8089286,2432,ACS 2020-2024 5-year,105,LODES8 2023
170318203002,41.7917194,-87.8070947,1145,ACS 2020-2024 5-year,704,LODES8 2023
170318203003,41.7885602,-87.8057939,1436,ACS 2020-2024 5-year,39,LODES8 2023
170318203004,41.7858289,-87.8061735,1295,ACS 2020-2024 5-year,88,LODES8 2023
170318204001,41.7838714,-87.8161549,1173,ACS 2020-2024 5-year,1158,LODES8 2023
170318204002,41.7821359,-87.8067022,1413,ACS 2020-2024 5-year,664,LODES8 2023
170318204003,41.7770188,-87.8056635,1952,ACS 2020-2024 5-year,880,LODES8 2023
170318205011,41.7712947,-87.8256883,721,ACS 2020-2024 5-year,1632,LODES8 2023
170318205012,41.7600851,-87.8146421,426,ACS 2020-2024 5-year,2851,LODES8 2023
170318205013,41.7532114,-87.8169249,1103,ACS 2020-2024 5-year,98,LODES8 2023
170318205014,41.7456285,-87.8139945,1061,ACS 2020-2024 5-year,1497,LODES8 2023
170318205015,41.7380772,-87.8142298,1858,ACS 2020-2024 5-year,427,LODES8 2023
170318205021,41.7643380,-87.8053645,2059,ACS 2020-2024 5-year,990,LODES8 2023
170318205022,41.7518678,-87.8045848,1035,ACS 2020-2024 5-year,161,LODES8 2023
170318205023,41.7445116,-87.8040184,1470,ACS 2020-2024 5-year,529,LODES8 2023
170318205024,41.7366678,-87.8044178,1309,ACS 2020-2024 5-year,761,LODES8 2023
170318206031,41.7512025,-87.8527086,1791,ACS 2020-2024 5-year,65,LODES8 2023
170318206032,41.7565086,-87.8437655,1994,ACS 2020-2024 5-year,103,LODES8 2023
170318206033,41.7568404,-87.8351233,1778,ACS 2020-2024 5-year,276,LODES8 2023
170318206041,41.7423244,-87.8218378,2807,ACS 2020-2024 5-year,278,LODES8 2023
170318206042,41.7517870,-87.8281558,841,ACS 2020-2024 5-year,99,LODES8 2023
170318206051,41.7412400,-87.8341977,1789,ACS 2020-2024 5-year,169,LODES8 2023
170318206052,41.7371724,-87.8264754,1765,ACS 2020-2024 5-year,73,LODES8 2023
170318206053,41.7347429,-87.8357476,1269,ACS 2020-2024 5-year,21,LODES8 2023
170318206061,41.7349518,-87.8685662,1779,ACS 2020-2024 5-year,266,LODES8 2023
170318206062,41.7388763,-87.8485418,1937,ACS 2020-2024 5-year,255,LODES8 2023
170318207001,41.8204253,-87.7677424,1296,ACS 2020-2024 5-year,2142,LODES8 2023
170318207002,41.8136395,-87.7894093,2107,ACS 2020-2024 5-year,99,LODES8 2023
170318207003,41.8140357,-87.7972509,2041,ACS 2020-2024 5-year,44,LODES8 2023
170318207004,41.8185481,-87.7974317,1508,ACS 2020-2024 5-year,340,LODES8 2023
170318208001,41.8055931,-87.7578041,755,ACS 2020-2024 5-year,215,LODES8 2023
170318208002,41.8019385,-87.7576794,1474,ACS 2020-2024 5-year,152,LODES8 2023
170318208003,41.8090968,-87.7730786,1174,ACS 2020-2024 5-year,2604,LODES8 2023
170318209011,41.7636567,-87.7742492,2189,ACS 2020-2024 5-year,17670,LODES8 2023
170318209012,41.7501879,-87.7851671,1048,ACS 2020-2024 5-year,167,LODES8 2023
170318209013,41.7503229,-87.7784635,764,ACS 2020-2024 5-year,26,LODES8 2023
170318209014,41.7504342,-87.7723919,1277,ACS 2020-2024 5-year,19,LODES8 2023
170318209021,41.7561828,-87.7510057,1031,ACS 2020-2024 5-year,2563,LODES8 2023
170318209022,41.7511901,-87.7479068,1227,ACS 2020-2024 5-year,75,LODES8 2023
170318209023,41.7506800,-87.7566864,1089,ACS 2020-2024 5-year,100,LODES8 2023
170318209024,41.7505688,-87.7650971,2456,ACS 2020-2024 5-year,78,LODES8 2023
170318210011,41.7447411,-87.7837505,1017,ACS 2020-2024 5-year,165,LODES8 2023
170318210012,41.7440206,-87.7905780,821,ACS 2020-2024 5-year,196,LODES8 2023
170318210013,41.7436073,-87.7964946,886,ACS 2020-2024 5-year,248,LODES8 2023
170318210014,41.7363221,-87.7943642,2345,ACS 2020-2024 5-year,789,LODES8 2023
170318210021,41.7460014,-87.7660183,1736,ACS 2020-2024 5-year,41,LODES8 2023
170318210022,41.7467249,-87.7749146,675,ACS 2020-2024 5-year,81,LODES8 2023
170318210023,41.7430688,-87.7747784,667,ACS 2020-2024 5-year,14,LODES8 2023
170318210024,41.7381760,-87.7762061,999,ACS 2020-2024 5-year,95,LODES8 2023
170318210025,41.7374130,-87.7846826,932,ACS 2020-2024 5-year,76,LODES8 2023
170318211011,41.7407355,-87.7651488,1391,ACS 2020-2024 5-year,127,LODES8 2023
170318211012,41.7397534,-87.7556097,698,ACS 2020-2024 5-year,14,LODES8 2023
170318211013,41.7360810,-87.7566885,1376,ACS 2020-2024 5-year,292,LODES8 2023
170318211014,41.7358644,-87.7688104,1017,ACS 2020-2024 5-year,76,LODES8 2023
170318211021,41.7450792,-87.7566917,1240,ACS 2020-2024 5-year,224,LODES8 2023
170318211022,41.7462674,-87.7466160,1409,ACS 2020-2024 5-year,471,LODES8 2023
170318211023,41.7410075,-87.7467692,1185,ACS 2020-2024 5-year,307,LODES8 2023
170318211024,41.7362766,-87.7457901,677,ACS 2020-2024 5-year,61,LODES8 2023
170318212001,41.6702530,-87.6657708,1162,ACS 2020-2024 5-year,256,LODES8 2023
170318212002,41.6601887,-87.6765020,1199,ACS 2020-2024 5-year,408,LODES8 2023
170318212003,41.6693705,-87.6768607,2696,ACS 2020-2024 5-year,229,LODES8 2023
170318212004,41.6722368,-87.6730653,239,ACS 2020-2024 5-year,50,LODES8 2023
170318213001,41.6607428,-87.6681837,274,ACS 2020-2024 5-year,13,LODES8 2023
170318213002,41.6559407,-87.6696481,2696,ACS 2020-2024 5-year,251,LODES8 2023
170318213003,41.6530045,-87.6658740,429,ACS 2020-2024 5-year,3,LODES8 2023
170318213004,41.6499383,-87.6720354,2354,ACS 2020-2024 5-year,44,LODES8 2023
170318214011,41.6681664,-87.6594708,209,ACS 2020-2024 5-year,113,LODES8 2023
170318214012,41.6685367,-87.6541045,749,ACS 2020-2024 5-year,1,LODES8 2023
170318214013,41.6648759,-87.6542940,557,ACS 2020-2024 5-year,29,LODES8 2023
170318214014,41.6645890,-87.6617776,728,ACS 2020-2024 5-year,62,LODES8 2023
170318214021,41.6668146,-87.6464306,1055,ACS 2020-2024 5-year,17,LODES8 2023
170318214022,41.6584153,-87.6512499,1586,ACS 2020-2024 5-year,198,LODES8 2023
170318214023,41.6609522,-87.6603188,809,ACS 2020-2024 5-year,228,LODES8 2023
170318215001,41.6505617,-87.6360769,1344,ACS 2020-2024 5-year,540,LODES8 2023
170318216001,41.7271892,-87.6949054,719,ACS 2020-2024 5-year,44,LODES8 2023
170318216002,41.7305080,-87.7096645,1217,ACS 2020-2024 5-year,108,LODES8 2023
170318216003,41.7300267,-87.6899648,2196,ACS 2020-2024 5-year,1661,LODES8 2023
170318217001,41.7259616,-87.7085558,727,ACS 2020-2024 5-year,1,LODES8 2023
170318217002,41.7250876,-87.7184767,563,ACS 2020-2024 5-year,12,LODES8 2023
170318217003,41.7202670,-87.7133645,1577,ACS 2020-2024 5-year,404,LODES8 2023
170318217004,41.7159589,-87.7175520,929,ACS 2020-2024 5-year,18,LODES8 2023
170318217005,41.7194583,-87.7188383,894,ACS 2020-2024 5-year,347,LODES8 2023
170318218001,41.7208598,-87.6907300,917,ACS 2020-2024 5-year,1811,LODES8 2023
170318218002,41.7176956,-87.6978366,873,ACS 2020-2024 5-year,46,LODES8 2023
170318218003,41.7226813,-87.6979883,819,ACS 2020-2024 5-year,227,LODES8 2023
170318218004,41.7183466,-87.7026169,1308,ACS 2020-2024 5-year,830,LODES8 2023
170318218005,41.7170069,-87.7080455,897,ACS 2020-2024 5-year,241,LODES8 2023
170318218006,41.7224835,-87.7079913,669,ACS 2020-2024 5-year,355,LODES8 2023
170318219001,41.7166609,-87.6860600,820,ACS 2020-2024 5-year,1191,LODES8 2023
170318219002,41.7140272,-87.6942394,849,ACS 2020-2024 5-year,10,LODES8 2023
170318219003,41.7098198,-87.6972132,1240,ACS 2020-2024 5-year,137,LODES8 2023
170318219004,41.7097987,-87.7033145,801,ACS 2020-2024 5-year,221,LODES8 2023
170318219005,41.7097289,-87.7082018,1405,ACS 2020-2024 5-year,105,LODES8 2023
170318220001,41.7324382,-87.7262981,1185,ACS 2020-2024 5-year,206,LODES8 2023
170318220002,41.7334215,-87.7318012,515,ACS 2020-2024 5-year,47,LODES8 2023
170318220003,41.7322601,-87.7377004,1041,ACS 2020-2024 5-year,48,LODES8 2023
170318220004,41.7293674,-87.7347341,639,ACS 2020-2024 5-year,5,LODES8 2023
170318220005,41.7294801,-87.7250896,835,ACS 2020-2024 5-year,127,LODES8 2023
170318221011,41.7314876,-87.7462323,1240,ACS 2020-2024 5-year,104,LODES8 2023
170318221012,41.7263194,-87.7460479,940,ACS 2020-2024 5-year,110,LODES8 2023
170318221013,41.7208870,-87.7451034,752,ACS 2020-2024 5-year,938,LODES8 2023
170318221014,41.7154258,-87.7448863,1505,ACS 2020-2024 5-year,248,LODES8 2023
170318221021,41.7239031,-87.7273882,1107,ACS 2020-2024 5-year,7953,LODES8 2023
170318221022,41.7222822,-87.7375382,1615,ACS 2020-2024 5-year,1677,LODES8 2023
170318221023,41.7173430,-87.7317065,860,ACS 2020-2024 5-year,277,LODES8 2023
170318221024,41.7185683,-87.7249448,746,ACS 2020-2024 5-year,544,LODES8 2023
170318222001,41.7306740,-87.7562760,1836,ACS 2020-2024 5-year,41,LODES8 2023
170318222002,41.7252952,-87.7550030,1012,ACS 2020-2024 5-year,69,LODES8 2023
170318222003,41.7242945,-87.7661463,762,ACS 2020-2024 5-year,255,LODES8 2023
170318223011,41.7315807,-87.7642188,1242,ACS 2020-2024 5-year,56,LODES8 2023
170318223012,41.7284055,-87.7676983,598,ACS 2020-2024 5-year,21,LODES8 2023
170318223013,41.7322050,-87.7729833,826,ACS 2020-2024 5-year,47,LODES8 2023
170318223014,41.7279698,-87.7773589,953,ACS 2020-2024 5-year,693,LODES8 2023
170318223021,41.7226686,-87.7743198,1469,ACS 2020-2024 5-year,787,LODES8 2023
170318223022,41.7162804,-87.7700035,721,ACS 2020-2024 5-year,350,LODES8 2023
170318223023,41.7169880,-87.7763217,1394,ACS 2020-2024 5-year,256,LODES8 2023
170318223024,41.7116945,-87.7748590,1358,ACS 2020-2024 5-year,388,LODES8 2023
170318224001,41.7305194,-87.7859612,1554,ACS 2020-2024 5-year,210,LODES8 2023
170318224002,41.7225324,-87.7876361,1911,ACS 2020-2024 5-year,518,LODES8 2023
170318224003,41.7138033,-87.7951543,2189,ACS 2020-2024 5-year,147,LODES8 2023
170318224004,41.7157040,-87.7893526,671,ACS 2020-2024 5-year,2,LODES8 2023
170318225001,41.7152719,-87.7522537,1180,ACS 2020-2024 5-year,3,LODES8 2023
170318225002,41.7143401,-87.7612327,551,ACS 2020-2024 5-year,15,LODES8 2023
170318225003,41.7194984,-87.7638005,1146,ACS 2020-2024 5-year,301,LODES8 2023
170318225004,41.7202784,-87.7552492,1348,ACS 2020-2024 5-year,964,LODES8 2023
170318226011,41.7091045,-87.7452774,1538,ACS 2020-2024 5-year,42,LODES8 2023
170318226012,41.7089279,-87.7550324,1696,ACS 2020-2024 5-year,176,LODES8 2023
170318226013,41.7088214,-87.7635699,1103,ACS 2020-2024 5-year,188,LODES8 2023
170318226021,41.7036112,-87.7497593,1831,ACS 2020-2024 5-year,169,LODES8 2023
170318226022,41.6962808,-87.7521800,2801,ACS 2020-2024 5-year,373,LODES8 2023
170318226023,41.7040751,-87.7619595,1174,ACS 2020-2024 5-year,16,LODES8 2023
170318226024,41.7029874,-87.7658198,1903,ACS 2020-2024 5-year,89,LODES8 2023
170318227011,41.7149495,-87.7236107,1135,ACS 2020-2024 5-year,21,LODES8 2023
170318227012,41.7117992,-87.7264269,1264,ACS 2020-2024 5-year,59,LODES8 2023
170318227013,41.7116382,-87.7338184,1471,ACS 2020-2024 5-year,57,LODES8 2023
170318227014,41.7125413,-87.7382528,1025,ACS 2020-2024 5-year,14,LODES8 2023
170318227021,41.7057907,-87.7257428,2003,ACS 2020-2024 5-year,69,LODES8 2023
170318227022,41.7053759,-87.7333157,647,ACS 2020-2024 5-year,395,LODES8 2023
170318227023,41.7058546,-87.7381529,543,ACS 2020-2024 5-year,576,LODES8 2023
170318228011,41.6959728,-87.7408821,1839,ACS 2020-2024 5-year,2398,LODES8 2023
170318228012,41.6943536,-87.7333111,1389,ACS 2020-2024 5-year,84,LODES8 2023
170318228021,41.7001189,-87.7320809,1804,ACS 2020-2024 5-year,254,LODES8 2023
170318228022,41.6978220,-87.7245648,924,ACS 2020-2024 5-year,123,LODES8 2023
170318228023,41.6932240,-87.7250042,672,ACS 2020-2024 5-year,121,LODES8 2023
170318229001,41.7276936,-87.7947697,2117,ACS 2020-2024 5-year,1221,LODES8 2023
170318230011,41.7069305,-87.7922626,1614,ACS 2020-2024 5-year,1452,LODES8 2023
170318230012,41.7013282,-87.7868666,2577,ACS 2020-2024 5-year,49,LODES8 2023
170318230013,41.7047701,-87.7824560,560,ACS 2020-2024 5-year,37,LODES8 2023
170318230014,41.6999270,-87.7819230,1318,ACS 2020-2024 5-year,38,LODES8 2023
170318230015,41.7092490,-87.7805465,1661,ACS 2020-2024 5-year,3150,LODES8 2023
170318230021,41.6968438,-87.7766114,1421,ACS 2020-2024 5-year,287,LODES8 2023
170318230022,41.6974327,-87.7689963,574,ACS 2020-2024 5-year,12,LODES8 2023
170318230023,41.6986817,-87.7626388,1481,ACS 2020-2024 5-year,61,LODES8 2023
170318230024,41.6928647,-87.7670633,1068,ACS 2020-2024 5-year,353,LODES8 2023
170318231011,41.6958097,-87.7954704,1114,ACS 2020-2024 5-year,76,LODES8 2023
170318231012,41.6990590,-87.7912382,803,ACS 2020-2024 5-year,14,LODES8 2023
170318231013,41.6940781,-87.7909376,318,ACS 2020-2024 5-year,24,LODES8 2023
170318231014,41.6891402,-87.7929722,1013,ACS 2020-2024 5-year,685,LODES8 2023
170318231015,41.6836399,-87.7927321,891,ACS 2020-2024 5-year,80,LODES8 2023
170318231021,41.6888631,-87.7747081,2399,ACS 2020-2024 5-year,553,LODES8 2023
170318231022,41.6808512,-87.7844529,1352,ACS 2020-2024 5-year,109,LODES8 2023
170318232001,41.6849509,-87.7478040,2078,ACS 2020-2024 5-year,503,LODES8 2023
170318232002,41.6772853,-87.7557003,2416,ACS 2020-2024 5-year,8066,LODES8 2023
170318233021,41.6687850,-87.7290126,1919,ACS 2020-2024 5-year,2007,LODES8 2023
170318233022,41.6608416,-87.7313822,2119,ACS 2020-2024 5-year,224,LODES8 2023
170318233023,41.6595054,-87.7158959,1827,ACS 2020-2024 5-year,1429,LODES8 2023
170318233031,41.6822033,-87.7325653,880,ACS 2020-2024 5-year,12,LODES8 2023
170318233032,41.6820917,-87.7242840,764,ACS 2020-2024 5-year,36,LODES8 2023
170318233033,41.6784561,-87.7228937,980,ACS 2020-2024 5-year,120,LODES8 2023
170318233034,41.6787065,-87.7300839,955,ACS 2020-2024 5-year,4,LODES8 2023
170318233035,41.6750312,-87.7283156,884,ACS 2020-2024 5-year,660,LODES8 2023
170318233041,41.6904984,-87.6943777,498,ACS 2020-2024 5-year,117,LODES8 2023
170318233042,41.6806356,-87.6955561,1404,ACS 2020-2024 5-year,504,LODES8 2023
170318233043,41.6783682,-87.7092346,979,ACS 2020-2024 5-year,17,LODES8 2023
170318233044,41.6794520,-87.7138661,1212,ACS 2020-2024 5-year,15,LODES8 2023
170318233045,41.6806159,-87.7177288,659,ACS 2020-2024 5-year,178,LODES8 2023
170318233046,41.6725854,-87.7151140,1225,ACS 2020-2024 5-year,363,LODES8 2023
170318234001,41.6715547,-87.6871304,687,ACS 2020-2024 5-year,6,LODES8 2023
170318234002,41.6642625,-87.6879301,1484,ACS 2020-2024 5-year,20,LODES8 2023
170318234003,41.6549234,-87.6857117,172,ACS 2020-2024 5-year,254,LODES8 2023
170318234004,41.6657597,-87.6986891,2619,ACS 2020-2024 5-year,1070,LODES8 2023
170318235001,41.6736143,-87.6830292,1017,ACS 2020-2024 5-year,557,LODES8 2023
170318235002,41.6672332,-87.6828229,1474,ACS 2020-2024 5-year,716,LODES8 2023
170318235003,41.6619990,-87.6834522,1000,ACS 2020-2024 5-year,117,LODES8 2023
170318235004,41.6578826,-87.6834161,722,ACS 2020-2024 5-year,654,LODES8 2023
170318236021,41.6531998,-87.7427371,1366,ACS 2020-2024 5-year,1573,LODES8 2023
170318236022,41.6504758,-87.7526041,749,ACS 2020-2024 5-year,225,LODES8 2023
170318236023,41.6576433,-87.7608639,2461,ACS 2020-2024 5-year,952,LODES8 2023
170318236024,41.6524504,-87.7692615,1239,ACS 2020-2024 5-year,1309,LODES8 2023
170318236031,41.6497741,-87.6917923,1021,ACS 2020-2024 5-year,42,LODES8 2023
170318236032,41.6490966,-87.7230096,771,ACS 2020-2024 5-year,1263,LODES8 2023
170318236041,41.6706946,-87.7928363,751,ACS 2020-2024 5-year,343,LODES8 2023
170318236042,41.6606244,-87.7928961,645,ACS 2020-2024 5-year,754,LODES8 2023
170318236043,41.6530519,-87.7855513,2063,ACS 2020-2024 5-year,691,LODES8 2023
170318236051,41.6700717,-87.7841115,1729,ACS 2020-2024 5-year,909,LODES8 2023
170318236052,41.6656276,-87.7702299,1746,ACS 2020-2024 5-year,68,LODES8 2023
170318236053,41.6683230,-87.7648708,740,ACS 2020-2024 5-year,348,LODES8 2023
170318237021,41.7121248,-87.8237228,2245,ACS 2020-2024 5-year,775,LODES8 2023
170318237022,41.7065731,-87.8306922,1974,ACS 2020-2024 5-year,79,LODES8 2023
170318237023,41.7113975,-87.8417044,1143,ACS 2020-2024 5-year,149,LODES8 2023
170318237024,41.7152465,-87.8332077,775,ACS 2020-2024 5-year,179,LODES8 2023
170318237031,41.7224160,-87.8035123,1168,ACS 2020-2024 5-year,646,LODES8 2023
170318237032,41.7120430,-87.8082580,2113,ACS 2020-2024 5-year,4858,LODES8 2023
170318237033,41.7252842,-87.8142967,2267,ACS 2020-2024 5-year,168,LODES8 2023
170318237034,41.7288711,-87.8037898,2729,ACS 2020-2024 5-year,809,LODES8 2023
170318237041,41.7292089,-87.8328682,968,ACS 2020-2024 5-year,729,LODES8 2023
170318237042,41.7286160,-87.8426444,2301,ACS 2020-2024 5-year,116,LODES8 2023
170318237043,41.7213816,-87.8419972,1143,ACS 2020-2024 5-year,64,LODES8 2023
170318237051,41.7297349,-87.8234968,1165,ACS 2020-2024 5-year,17,LODES8 2023
170318237052,41.7243218,-87.8236235,970,ACS 2020-2024 5-year,126,LODES8 2023
170318237053,41.7220446,-87.8340398,636,ACS 2020-2024 5-year,136,LODES8 2023
170318237054,41.7202452,-87.8246071,1924,ACS 2020-2024 5-year,130,LODES8 2023
170318238011,41.6584733,-87.8905617,3103,ACS 2020-2024 5-year,411,LODES8 2023
170318238012,41.6557843,-87.8639526,1388,ACS 2020-2024 5-year,696,LODES8 2023
170318238013,41.6976101,-87.8774509,931,ACS 2020-2024 5-year,117,LODES8 2023
170318238031,41.7003710,-87.8176290,3332,ACS 2020-2024 5-year,704,LODES8 2023
170318238032,41.7003925,-87.8285076,795,ACS 2020-2024 5-year,173,LODES8 2023
170318238033,41.6934149,-87.8385615,2585,ACS 2020-2024 5-year,1405,LODES8 2023
170318238034,41.6967965,-87.8147475,767,ACS 2020-2024 5-year,307,LODES8 2023
170318238051,41.6856646,-87.8225529,1220,ACS 2020-2024 5-year,48,LODES8 2023
170318238052,41.6864648,-87.8317526,606,ACS 2020-2024 5-year,15,LODES8 2023
170318238053,41.6912611,-87.8219936,989,ACS 2020-2024 5-year,65,LODES8 2023
170318238061,41.6844935,-87.8032021,1087,ACS 2020-2024 5-year,182,LODES8 2023
170318238062,41.6881911,-87.8127807,1241,ACS 2020-2024 5-year,1293,LODES8 2023
170318238063,41.6935326,-87.7998923,608,ACS 2020-2024 5-year,63,LODES8 2023
170318238064,41.6938357,-87.8044832,1105,ACS 2020-2024 5-year,182,LODES8 2023
170318239011,41.6630679,-87.8410822,1902,ACS 2020-2024 5-year,585,LODES8 2023
170318239012,41.6786200,-87.8390487,1852,ACS 2020-2024 5-year,677,LODES8 2023
170318239031,41.6730152,-87.8090920,1054,ACS 2020-2024 5-year,2941,LODES8 2023
170318239032,41.6578871,-87.8235892,1189,ACS 2020-2024 5-year,140,LODES8 2023
170318239033,41.6598395,-87.8106593,1202,ACS 2020-2024 5-year,424,LODES8 2023
170318239034,41.6488865,-87.8312888,1185,ACS 2020-2024 5-year,209,LODES8 2023
170318239041,41.6718819,-87.8012722,618,ACS 2020-2024 5-year,219,LODES8 2023
170318239042,41.6646759,-87.8015529,638,ACS 2020-2024 5-year,349,LODES8 2023
170318239043,41.6576351,-87.8003766,1039,ACS 2020-2024 5-year,118,LODES8 2023
170318239044,41.6512546,-87.8100145,1595,ACS 2020-2024 5-year,97,LODES8 2023
170318240031,41.6680528,-87.9891691,1425,ACS 2020-2024 5-year,132,LODES8 2023
170318240032,41.6609888,-87.9783022,2794,ACS 2020-2024 5-year,407,LODES8 2023
170318240033,41.6618161,-87.9937269,1639,ACS 2020-2024 5-year,455,LODES8 2023
170318240041,41.6833863,-87.9417556,2208,ACS 2020-2024 5-year,1030,LODES8 2023
170318240042,41.6772095,-87.9934901,1466,ACS 2020-2024 5-year,1834,LODES8 2023
170318240043,41.6803228,-87.9784106,1153,ACS 2020-2024 5-year,439,LODES8 2023
170318240051,41.6720614,-88.0146517,1147,ACS 2020-2024 5-year,1012,LODES8 2023
170318240052,41.6612048,-88.0061817,2478,ACS 2020-2024 5-year,433,LODES8 2023
170318240053,41.6490478,-88.0137435,2054,ACS 2020-2024 5-year,1407,LODES8 2023
170318240061,41.6528185,-87.9398818,3506,ACS 2020-2024 5-year,346,LODES8 2023
170318240062,41.6501506,-87.9801729,2694,ACS 2020-2024 5-year,296,LODES8 2023
170318241051,41.6376065,-87.8466971,1961,ACS 2020-2024 5-year,747,LODES8 2023
170318241052,41.6407804,-87.8260756,1953,ACS 2020-2024 5-year,32,LODES8 2023
170318241053,41.6338019,-87.8253930,1696,ACS 2020-2024 5-year,157,LODES8 2023
170318241054,41.6385191,-87.8351493,1268,ACS 2020-2024 5-year,125,LODES8 2023
170318241061,41.6236530,-87.8145131,2175,ACS 2020-2024 5-year,149,LODES8 2023
170318241062,41.6046788,-87.8342039,1634,ACS 2020-2024 5-year,586,LODES8 2023
170318241063,41.6090797,-87.8451973,2680,ACS 2020-2024 5-year,4226,LODES8 2023
170318241071,41.6140864,-87.8100593,875,ACS 2020-2024 5-year,34,LODES8 2023
170318241072,41.6135248,-87.8210100,2328,ACS 2020-2024 5-year,90,LODES8 2023
170318241073,41.6058392,-87.8196913,2288,ACS 2020-2024 5-year,856,LODES8 2023
170318241074,41.6068110,-87.8039866,2190,ACS 2020-2024 5-year,721,LODES8 2023
170318241131,41.6108669,-87.9039794,588,ACS 2020-2024 5-year,334,LODES8 2023
170318241132,41.6223338,-87.8996399,2422,ACS 2020-2024 5-year,329,LODES8 2023
170318241133,41.6332202,-87.9020692,2245,ACS 2020-2024 5-year,143,LODES8 2023
170318241134,41.6404907,-87.9022480,928,ACS 2020-2024 5-year,19,LODES8 2023
170318241141,41.6158126,-87.8834769,3337,ACS 2020-2024 5-year,496,LODES8 2023
170318241142,41.6229006,-87.8680051,2213,ACS 2020-2024 5-year,235,LODES8 2023
170318241151,41.6268516,-87.8406149,1600,ACS 2020-2024 5-year,1380,LODES8 2023
170318241152,41.6196719,-87.8478649,2297,ACS 2020-2024 5-year,1968,LODES8 2023
170318241161,41.6350391,-87.8706128,1633,ACS 2020-2024 5-year,571,LODES8 2023
170318241162,41.6217539,-87.8584070,610,ACS 2020-2024 5-year,1405,LODES8 2023
170318241163,41.6139115,-87.8630271,1567,ACS 2020-2024 5-year,627,LODES8 2023
170318241164,41.6076791,-87.8676051,1387,ACS 2020-2024 5-year,793,LODES8 2023
170318241191,41.5628048,-87.8979687,1655,ACS 2020-2024 5-year,540,LODES8 2023
170318241192,41.5925424,-87.8976832,952,ACS 2020-2024 5-year,309,LODES8 2023
170318241193,41.5713658,-87.9041416,2565,ACS 2020-2024 5-year,84,LODES8 2023
170318241211,41.5877708,-87.8271825,1664,ACS 2020-2024 5-year,77,LODES8 2023
170318241212,41.5979554,-87.8280875,1482,ACS 2020-2024 5-year,338,LODES8 2023
170318241221,41.5810540,-87.8183966,1049,ACS 2020-2024 5-year,345,LODES8 2023
170318241222,41.5946169,-87.8183180,2407,ACS 2020-2024 5-year,556,LODES8 2023
170318241223,41.5668892,-87.8170915,2374,ACS 2020-2024 5-year,37,LODES8 2023
170318241231,41.5953647,-87.7986894,728,ACS 2020-2024 5-year,763,LODES8 2023
170318241232,41.5990064,-87.8069630,2375,ACS 2020-2024 5-year,230,LODES8 2023
170318241233,41.5835520,-87.8069581,1594,ACS 2020-2024 5-year,289,LODES8 2023
170318241234,41.5942181,-87.8082071,1601,ACS 2020-2024 5-year,4,LODES8 2023
170318241235,41.5901006,-87.8085827,1283,ACS 2020-2024 5-year,67,LODES8 2023
170318241241,41.5931047,-87.8484523,1343,ACS 2020-2024 5-year,624,LODES8 2023
170318241242,41.5989961,-87.8447372,1721,ACS 2020-2024 5-year,989,LODES8 2023
170318241251,41.5829192,-87.8407994,2471,ACS 2020-2024 5-year,55,LODES8 2023
170318241252,41.5881608,-87.8359467,1776,ACS 2020-2024 5-year,174,LODES8 2023
170318241261,41.5651131,-87.8368361,1658,ACS 2020-2024 5-year,53,LODES8 2023
170318241262,41.5691321,-87.8272387,4032,ACS 2020-2024 5-year,400,LODES8 2023
170318241271,41.5648148,-87.8470887,2346,ACS 2020-2024 5-year,194,LODES8 2023
170318241272,41.5774697,-87.8436768,1547,ACS 2020-2024 5-year,588,LODES8 2023
170318241281,41.5610045,-87.8716129,1484,ACS 2020-2024 5-year,341,LODES8 2023
170318241282,41.5796786,-87.8667444,2799,ACS 2020-2024 5-year,173,LODES8 2023
170318241291,41.5752621,-87.8858831,2176,ACS 2020-2024 5-year,184,LODES8 2023
170318241292,41.5892869,-87.8671945,1824,ACS 2020-2024 5-year,4286,LODES8 2023
170318243001,41.6423938,-87.6899839,688,ACS 2020-2024 5-year,305,LODES8 2023
170318243002,41.6365698,-87.7044727,2034,ACS 2020-2024 5-year,179,LODES8 2023
170318243003,41.6432522,-87.7068772,1401,ACS 2020-2024 5-year,168,LODES8 2023
170318244001,41.6399603,-87.7262096,1912,ACS 2020-2024 5-year,3843,LODES8 2023
170318245031,41.6436890,-87.7403839,617,ACS 2020-2024 5-year,660,LODES8 2023
170318245032,41.6395428,-87.7500354,1075,ACS 2020-2024 5-year,15,LODES8 2023
170318245033,41.6353373,-87.7709951,1008,ACS 2020-2024 5-year,16,LODES8 2023
170318245034,41.6409843,-87.8016566,1837,ACS 2020-2024 5-year,174,LODES8 2023
170318245035,41.6424637,-87.7459210,1775,ACS 2020-2024 5-year,32,LODES8 2023
170318245051,41.6062616,-87.7766886,1348,ACS 2020-2024 5-year,231,LODES8 2023
170318245052,41.6125340,-87.7621286,2578,ACS 2020-2024 5-year,372,LODES8 2023
170318245053,41.6079949,-87.7631427,789,ACS 2020-2024 5-year,31,LODES8 2023
170318245054,41.6046340,-87.7621016,1648,ACS 2020-2024 5-year,463,LODES8 2023
170318245071,41.5962454,-87.7880424,1567,ACS 2020-2024 5-year,1871,LODES8 2023
170318245072,41.5946650,-87.7684228,2153,ACS 2020-2024 5-year,146,LODES8 2023
170318245081,41.6170587,-87.7893265,1775,ACS 2020-2024 5-year,1317,LODES8 2023
170318245082,41.6134113,-87.7998610,1884,ACS 2020-2024 5-year,172,LODES8 2023
170318245091,41.6213142,-87.7587731,1130,ACS 2020-2024 5-year,6,LODES8 2023
170318245092,41.6133632,-87.7783445,1352,ACS 2020-2024 5-year,24,LODES8 2023
170318245093,41.6192206,-87.7725241,2522,ACS 2020-2024 5-year,722,LODES8 2023
170318246011,41.6289640,-87.7325275,1357,ACS 2020-2024 5-year,392,LODES8 2023
170318246012,41.6307425,-87.7439635,885,ACS 2020-2024 5-year,293,LODES8 2023
170318246013,41.6316425,-87.7529621,738,ACS 2020-2024 5-year,20,LODES8 2023
170318246014,41.6215901,-87.7519759,1069,ACS 2020-2024 5-year,172,LODES8 2023
170318246021,41.6137806,-87.7495014,902,ACS 2020-2024 5-year,95,LODES8 2023
170318246022,41.6188761,-87.7413699,1449,ACS 2020-2024 5-year,1591,LODES8 2023
170318246023,41.6216228,-87.7322527,1795,ACS 2020-2024 5-year,329,LODES8 2023
170318246024,41.6191805,-87.7239606,893,ACS 2020-2024 5-year,14,LODES8 2023
170318246025,41.6145455,-87.7323601,1469,ACS 2020-2024 5-year,763,LODES8 2023
170318247011,41.6253357,-87.7218806,1692,ACS 2020-2024 5-year,263,LODES8 2023
170318247012,41.6309780,-87.7216042,737,ACS 2020-2024 5-year,185,LODES8 2023
170318247013,41.6298332,-87.7123151,1173,ACS 2020-2024 5-year,276,LODES8 2023
170318247021,41.6289793,-87.7030491,1620,ACS 2020-2024 5-year,7,LODES8 2023
170318247022,41.6243571,-87.7061266,1739,ACS 2020-2024 5-year,134,LODES8 2023
170318247023,41.6170121,-87.7126319,1956,ACS 2020-2024 5-year,453,LODES8 2023
170318248001,41.6341281,-87.6872881,1250,ACS 2020-2024 5-year,467,LODES8 2023
170318248002,41.6271843,-87.6838333,2046,ACS 2020-2024 5-year,363,LODES8 2023
170318248003,41.6149822,-87.6789594,2105,ACS 2020-2024 5-year,72,LODES8 2023
170318248004,41.6228613,-87.6921634,1948,ACS 2020-2024 5-year,122,LODES8 2023
170318249001,41.6069743,-87.6910668,1442,ACS 2020-2024 5-year,94,LODES8 2023
170318249002,41.6122002,-87.7048079,1601,ACS 2020-2024 5-year,152,LODES8 2023
170318250001,41.6089284,-87.7302813,2434,ACS 2020-2024 5-year,375,LODES8 2023
170318250002,41.5936078,-87.7444080,978,ACS 2020-2024 5-year,358,LODES8 2023
170318250003,41.6012970,-87.7518174,1182,ACS 2020-2024 5-year,568,LODES8 2023
170318252001,41.5913438,-87.7290548,753,ACS 2020-2024 5-year,0,LODES8 2023
170318252002,41.5969147,-87.7301778,1025,ACS 2020-2024 5-year,61,LODES8 2023
170318253021,41.5793536,-87.7616509,1653,ACS 2020-2024 5-year,55,LODES8 2023
170318253022,41.5839458,-87.7708670,1873,ACS 2020-2024 5-year,14,LODES8 2023
170318253023,41.5830540,-87.7408758,1811,ACS 2020-2024 5-year,127,LODES8 2023
170318253031,41.5802316,-87.7911344,1416,ACS 2020-2024 5-year,540,LODES8 2023
170318253032,41.5834256,-87.7796901,1001,ACS 2020-2024 5-year,157,LODES8 2023
170318253033,41.5855691,-87.7844916,530,ACS 2020-2024 5-year,778,LODES8 2023
170318253034,41.5775153,-87.7857740,831,ACS 2020-2024 5-year,1055,LODES8 2023
170318253041,41.5696774,-87.8051433,1786,ACS 2020-2024 5-year,660,LODES8 2023
170318253042,41.5766630,-87.8030879,2195,ACS 2020-2024 5-year,353,LODES8 2023
170318254001,41.5691876,-87.7588816,1812,ACS 2020-2024 5-year,167,LODES8 2023
170318254002,41.5677885,-87.7858501,2213,ACS 2020-2024 5-year,435,LODES8 2023
170318254003,41.5624574,-87.7965639,1485,ACS 2020-2024 5-year,406,LODES8 2023
170318255011,41.5780795,-87.7269877,1065,ACS 2020-2024 5-year,1009,LODES8 2023
170318255012,41.5776782,-87.6998391,1357,ACS 2020-2024 5-year,388,LODES8 2023
170318255013,41.5799258,-87.7073802,2618,ACS 2020-2024 5-year,56,LODES8 2023
170318255031,41.5816621,-87.6838642,571,ACS 2020-2024 5-year,541,LODES8 2023
170318255032,41.5743974,-87.6895339,740,ACS 2020-2024 5-year,31,LODES8 2023
170318255033,41.5690143,-87.6787210,2126,ACS 2020-2024 5-year,726,LODES8 2023
170318255034,41.5674463,-87.6900214,1302,ACS 2020-2024 5-year,208,LODES8 2023
170318255035,41.5630635,-87.6863620,2218,ACS 2020-2024 5-year,295,LODES8 2023
170318255041,41.5686982,-87.7054033,1076,ACS 2020-2024 5-year,265,LODES8 2023
170318255042,41.5617937,-87.7031860,2686,ACS 2020-2024 5-year,1788,LODES8 2023
170318255051,41.5629835,-87.7401580,1718,ACS 2020-2024 5-year,252,LODES8 2023
170318255052,41.5679802,-87.7270890,992,ACS 2020-2024 5-year,19,LODES8 2023
170318255053,41.5683986,-87.7180101,1094,ACS 2020-2024 5-year,25,LODES8 2023
170318255054,41.5609275,-87.7200680,1641,ACS 2020-2024 5-year,58,LODES8 2023
170318256001,41.5923948,-87.6836855,995,ACS 2020-2024 5-year,3379,LODES8 2023
170318256002,41.5971580,-87.6960620,2207,ACS 2020-2024 5-year,248,LODES8 2023
170318256003,41.5898730,-87.7005720,1263,ACS 2020-2024 5-year,28,LODES8 2023
170318256004,41.5926995,-87.7135904,681,ACS 2020-2024 5-year,1310,LODES8 2023
170318257001,41.6349743,-87.5348725,550,ACS 2020-2024 5-year,62,LODES8 2023
170318257002,41.6369813,-87.5515891,2116,ACS 2020-2024 5-year,260,LODES8 2023
170318257003,41.6384263,-87.5627195,1271,ACS 2020-2024 5-year,409,LODES8 2023
170318258011,41.6316524,-87.5737075,877,ACS 2020-2024 5-year,39,LODES8 2023
170318258012,41.6259457,-87.5763621,1151,ACS 2020-2024 5-year,167,LODES8 2023
170318258013,41.6406181,-87.5732236,1317,ACS 2020-2024 5-year,21,LODES8 2023
170318258021,41.6269939,-87.5681893,2757,ACS 2020-2024 5-year,45,LODES8 2023
170318258022,41.6259008,-87.5627269,1841,ACS 2020-2024 5-year,159,LODES8 2023
170318258023,41.6263646,-87.5540646,1583,ACS 2020-2024 5-year,123,LODES8 2023
170318258031,41.6198407,-87.5634345,1446,ACS 2020-2024 5-year,115,LODES8 2023
170318258032,41.6193129,-87.5575770,914,ACS 2020-2024 5-year,209,LODES8 2023
170318258033,41.6190748,-87.5521519,1067,ACS 2020-2024 5-year,0,LODES8 2023
170318258034,41.6173165,-87.5680819,1189,ACS 2020-2024 5-year,323,LODES8 2023
170318258035,41.6212618,-87.5730412,867,ACS 2020-2024 5-year,102,LODES8 2023
170318259001,41.6254444,-87.5430934,1410,ACS 2020-2024 5-year,95,LODES8 2023
170318259002,41.6200314,-87.5430412,693,ACS 2020-2024 5-year,230,LODES8 2023
170318259003,41.6172961,-87.5395688,952,ACS 2020-2024 5-year,51,LODES8 2023
170318260001,41.6216308,-87.5290863,659,ACS 2020-2024 5-year,535,LODES8 2023
170318260002,41.6164881,-87.5287249,1239,ACS 2020-2024 5-year,292,LODES8 2023
170318260003,41.6265560,-87.5342709,699,ACS 2020-2024 5-year,273,LODES8 2023
170318261001,41.6107782,-87.5275245,1165,ACS 2020-2024 5-year,11,LODES8 2023
170318261002,41.6043855,-87.5275437,635,ACS 2020-2024 5-year,22,LODES8 2023
170318261003,41.6048226,-87.5355854,698,ACS 2020-2024 5-year,629,LODES8 2023
170318261004,41.6098666,-87.5347083,320,ACS 2020-2024 5-year,126,LODES8 2023
170318261005,41.6124898,-87.5347116,513,ACS 2020-2024 5-year,39,LODES8 2023
170318261006,41.6120866,-87.5407834,1985,ACS 2020-2024 5-year,51,LODES8 2023
170318262011,41.6052047,-87.5530378,810,ACS 2020-2024 5-year,152,LODES8 2023
170318262012,41.6111373,-87.5643989,899,ACS 2020-2024 5-year,126,LODES8 2023
170318262013,41.6036769,-87.5714510,1039,ACS 2020-2024 5-year,19,LODES8 2023
170318262014,41.5993455,-87.5711721,1063,ACS 2020-2024 5-year,737,LODES8 2023
170318262021,41.5893432,-87.5274875,1854,ACS 2020-2024 5-year,99,LODES8 2023
170318262022,41.5934878,-87.5319195,507,ACS 2020-2024 5-year,415,LODES8 2023
170318262023,41.5924348,-87.5361776,1491,ACS 2020-2024 5-year,191,LODES8 2023
170318262024,41.5939117,-87.5412890,1052,ACS 2020-2024 5-year,300,LODES8 2023
170318262025,41.5974590,-87.5456600,1307,ACS 2020-2024 5-year,16,LODES8 2023
170318263011,41.6190642,-87.6029382,1420,ACS 2020-2024 5-year,80,LODES8 2023
170318263012,41.6125220,-87.6024859,1319,ACS 2020-2024 5-year,352,LODES8 2023
170318263013,41.6143207,-87.6100016,1406,ACS 2020-2024 5-year,16,LODES8 2023
170318263031,41.6170619,-87.5957950,761,ACS 2020-2024 5-year,158,LODES8 2023
170318263032,41.6163916,-87.5917629,388,ACS 2020-2024 5-year,6,LODES8 2023
170318263033,41.6094614,-87.5936173,824,ACS 2020-2024 5-year,74,LODES8 2023
170318263034,41.6111747,-87.5861560,1479,ACS 2020-2024 5-year,7,LODES8 2023
170318263041,41.6200341,-87.5888203,773,ACS 2020-2024 5-year,112,LODES8 2023
170318263042,41.6192406,-87.5838590,771,ACS 2020-2024 5-year,76,LODES8 2023
170318263043,41.6167107,-87.5792301,1183,ACS 2020-2024 5-year,85,LODES8 2023
170318264011,41.6352719,-87.5908759,2069,ACS 2020-2024 5-year,11,LODES8 2023
170318264012,41.6389607,-87.5930136,996,ACS 2020-2024 5-year,810,LODES8 2023
170318264021,41.6305161,-87.5809615,1034,ACS 2020-2024 5-year,69,LODES8 2023
170318264022,41.6284755,-87.5856523,570,ACS 2020-2024 5-year,40,LODES8 2023
170318264023,41.6270262,-87.5904573,1768,ACS 2020-2024 5-year,763,LODES8 2023
170318264024,41.6300616,-87.5930755,1108,ACS 2020-2024 5-year,7,LODES8 2023
170318264025,41.6252730,-87.5998527,704,ACS 2020-2024 5-year,27,LODES8 2023
170318265001,41.6330334,-87.6147656,2056,ACS 2020-2024 5-year,350,LODES8 2023
170318265002,41.6316731,-87.6051718,1488,ACS 2020-2024 5-year,94,LODES8 2023
170318265003,41.6290722,-87.6083217,815,ACS 2020-2024 5-year,191,LODES8 2023
170318265004,41.6260702,-87.6275666,1452,ACS 2020-2024 5-year,76,LODES8 2023
170318266001,41.6417921,-87.6196480,1165,ACS 2020-2024 5-year,28,LODES8 2023
170318266002,41.6362600,-87.6202438,709,ACS 2020-2024 5-year,87,LODES8 2023
170318266003,41.6316492,-87.6242793,1767,ACS 2020-2024 5-year,74,LODES8 2023
170318266004,41.6359914,-87.6261383,519,ACS 2020-2024 5-year,117,LODES8 2023
170318266005,41.6414031,-87.6240864,638,ACS 2020-2024 5-year,7,LODES8 2023
170318267001,41.6421558,-87.6288440,628,ACS 2020-2024 5-year,51,LODES8 2023
170318267002,41.6362154,-87.6319910,1672,ACS 2020-2024 5-year,161,LODES8 2023
170318267003,41.6314496,-87.6355352,827,ACS 2020-2024 5-year,57,LODES8 2023
170318267004,41.6343595,-87.6390431,1071,ACS 2020-2024 5-year,15,LODES8 2023
170318268001,41.6267561,-87.6715225,1073,ACS 2020-2024 5-year,43,LODES8 2023
170318268002,41.6347515,-87.6699788,1665,ACS 2020-2024 5-year,378,LODES8 2023
170318268003,41.6429389,-87.6737933,1341,ACS 2020-2024 5-year,572,LODES8 2023
170318268004,41.6390231,-87.6522431,475,ACS 2020-2024 5-year,353,LODES8 2023
170318269011,41.6210473,-87.6644797,1629,ACS 2020-2024 5-year,238,LODES8 2023
170318269021,41.6159871,-87.6679325,437,ACS 2020-2024 5-year,11,LODES8 2023
170318269022,41.6138406,-87.6603924,807,ACS 2020-2024 5-year,3,LODES8 2023
170318270001,41.6265619,-87.6377469,1360,ACS 2020-2024 5-year,43,LODES8 2023
170318270002,41.6264849,-87.6449034,1042,ACS 2020-2024 5-year,26,LODES8 2023
170318270003,41.6260065,-87.6520940,760,ACS 2020-2024 5-year,4,LODES8 2023
170318271001,41.6180162,-87.6398497,631,ACS 2020-2024 5-year,20,LODES8 2023
170318271002,41.6184852,-87.6468479,660,ACS 2020-2024 5-year,803,LODES8 2023
170318271003,41.6175365,-87.6530666,691,ACS 2020-2024 5-year,37,LODES8 2023
170318272001,41.6174999,-87.6259950,1278,ACS 2020-2024 5-year,1484,LODES8 2023
170318272002,41.6128884,-87.6295575,677,ACS 2020-2024 5-year,109,LODES8 2023
170318272003,41.6065198,-87.6249868,832,ACS 2020-2024 5-year,867,LODES8 2023
170318272004,41.6037571,-87.6324091,759,ACS 2020-2024 5-year,156,LODES8 2023
170318273001,41.6090478,-87.6413359,519,ACS 2020-2024 5-year,651,LODES8 2023
170318273002,41.6090181,-87.6486371,561,ACS 2020-2024 5-year,44,LODES8 2023
170318273003,41.6090085,-87.6535116,1466,ACS 2020-2024 5-year,89,LODES8 2023
170318274001,41.6090011,-87.6595786,319,ACS 2020-2024 5-year,1386,LODES8 2023
170318274002,41.6007041,-87.6631749,1110,ACS 2020-2024 5-year,350,LODES8 2023
170318274003,41.6030849,-87.6692116,616,ACS 2020-2024 5-year,231,LODES8 2023
170318274004,41.6098827,-87.6694271,671,ACS 2020-2024 5-year,463,LODES8 2023
170318275001,41.5884145,-87.6432938,919,ACS 2020-2024 5-year,2353,LODES8 2023
170318275002,41.5960258,-87.6286293,3529,ACS 2020-2024 5-year,4657,LODES8 2023
170318275003,41.6013958,-87.6507933,682,ACS 2020-2024 5-year,39,LODES8 2023
170318276001,41.5930690,-87.6547239,330,ACS 2020-2024 5-year,0,LODES8 2023
170318276002,41.5916685,-87.6601135,1767,ACS 2020-2024 5-year,7,LODES8 2023
170318276003,41.5918836,-87.6692079,707,ACS 2020-2024 5-year,722,LODES8 2023
170318277001,41.5823421,-87.6634010,1736,ACS 2020-2024 5-year,241,LODES8 2023
170318277002,41.5826668,-87.6723683,832,ACS 2020-2024 5-year,163,LODES8 2023
170318278011,41.5971906,-87.6024782,1093,ACS 2020-2024 5-year,442,LODES8 2023
170318278012,41.6055710,-87.6089292,1885,ACS 2020-2024 5-year,942,LODES8 2023
170318278013,41.5964457,-87.6115824,1451,ACS 2020-2024 5-year,665,LODES8 2023
170318278021,41.6042861,-87.5901560,1953,ACS 2020-2024 5-year,191,LODES8 2023
170318278022,41.5972310,-87.5906885,1365,ACS 2020-2024 5-year,350,LODES8 2023
170318278041,41.5906606,-87.5882249,1284,ACS 2020-2024 5-year,72,LODES8 2023
170318278042,41.5879399,-87.5937456,797,ACS 2020-2024 5-year,111,LODES8 2023
170318278043,41.5906567,-87.6026697,887,ACS 2020-2024 5-year,35,LODES8 2023
170318278051,41.5859541,-87.6103193,1002,ACS 2020-2024 5-year,345,LODES8 2023
170318278052,41.5822470,-87.5972375,794,ACS 2020-2024 5-year,60,LODES8 2023
170318278053,41.5826203,-87.5888023,735,ACS 2020-2024 5-year,3,LODES8 2023
170318279011,41.5916883,-87.5731640,695,ACS 2020-2024 5-year,1224,LODES8 2023
170318279012,41.5822582,-87.5710105,1268,ACS 2020-2024 5-year,842,LODES8 2023
170318279021,41.5817405,-87.5412964,1356,ACS 2020-2024 5-year,4,LODES8 2023
170318279022,41.5809537,-87.5300917,1458,ACS 2020-2024 5-year,7,LODES8 2023
170318279023,41.5835572,-87.5359591,1029,ACS 2020-2024 5-year,54,LODES8 2023
170318279024,41.5844469,-87.5519968,572,ACS 2020-2024 5-year,2277,LODES8 2023
170318280001,41.5738831,-87.5287737,1527,ACS 2020-2024 5-year,3,LODES8 2023
170318280002,41.5740156,-87.5351585,1042,ACS 2020-2024 5-year,88,LODES8 2023
170318280003,41.5745633,-87.5526375,1117,ACS 2020-2024 5-year,923,LODES8 2023
170318280004,41.5683647,-87.5454153,1568,ACS 2020-2024 5-year,292,LODES8 2023
170318281001,41.5670132,-87.5286740,540,ACS 2020-2024 5-year,229,LODES8 2023
170318281002,41.5608279,-87.5304367,917,ACS 2020-2024 5-year,165,LODES8 2023
170318281003,41.5675404,-87.5370801,908,ACS 2020-2024 5-year,175,LODES8 2023
170318281004,41.5611506,-87.5397036,1258,ACS 2020-2024 5-year,679,LODES8 2023
170318281005,41.5614163,-87.5461364,874,ACS 2020-2024 5-year,22,LODES8 2023
170318282011,41.5721729,-87.5706921,1995,ACS 2020-2024 5-year,934,LODES8 2023
170318282012,41.5688539,-87.5578791,748,ACS 2020-2024 5-year,409,LODES8 2023
170318282013,41.5681403,-87.5517619,1373,ACS 2020-2024 5-year,37,LODES8 2023
170318282021,41.5610063,-87.5749761,2088,ACS 2020-2024 5-year,10,LODES8 2023
170318282022,41.5608622,-87.5630546,1101,ACS 2020-2024 5-year,77,LODES8 2023
170318282023,41.5625717,-87.5539390,1149,ACS 2020-2024 5-year,291,LODES8 2023
170318282024,41.5593209,-87.5544524,773,ACS 2020-2024 5-year,58,LODES8 2023
170318283001,41.5707283,-87.5939773,1680,ACS 2020-2024 5-year,106,LODES8 2023
170318283002,41.5741485,-87.6193001,1335,ACS 2020-2024 5-year,3877,LODES8 2023
170318284011,41.5740997,-87.6686132,1057,ACS 2020-2024 5-year,236,LODES8 2023
170318284012,41.5694059,-87.6601943,820,ACS 2020-2024 5-year,3271,LODES8 2023
170318284013,41.5641860,-87.6711569,675,ACS 2020-2024 5-year,42,LODES8 2023
170318284014,41.5599495,-87.6631334,874,ACS 2020-2024 5-year,958,LODES8 2023
170318284021,41.5755488,-87.6457654,810,ACS 2020-2024 5-year,1509,LODES8 2023
170318284022,41.5683165,-87.6496930,1371,ACS 2020-2024 5-year,2352,LODES8 2023
170318284023,41.5598681,-87.6407568,1261,ACS 2020-2024 5-year,660,LODES8 2023
170318285031,41.5036841,-87.5508450,996,ACS 2020-2024 5-year,2082,LODES8 2023
170318285032,41.4957755,-87.5727995,1309,ACS 2020-2024 5-year,333,LODES8 2023
170318285033,41.4923778,-87.5656777,1302,ACS 2020-2024 5-year,4,LODES8 2023
170318285034,41.4917610,-87.5700554,893,ACS 2020-2024 5-year,3,LODES8 2023
170318285041,41.4810281,-87.5411009,1667,ACS 2020-2024 5-year,36,LODES8 2023
170318285042,41.4770156,-87.5653231,1174,ACS 2020-2024 5-year,29,LODES8 2023
170318285043,41.4802625,-87.5743171,719,ACS 2020-2024 5-year,30,LODES8 2023
170318285044,41.4872434,-87.5631697,1288,ACS 2020-2024 5-year,3,LODES8 2023
170318285051,41.5555132,-87.5344529,1219,ACS 2020-2024 5-year,7,LODES8 2023
170318285052,41.5528426,-87.5314748,1054,ACS 2020-2024 5-year,172,LODES8 2023
170318285053,41.5459021,-87.5342273,264,ACS 2020-2024 5-year,34,LODES8 2023
170318285054,41.5469421,-87.5434088,1248,ACS 2020-2024 5-year,97,LODES8 2023
170318285055,41.5412954,-87.5661325,2858,ACS 2020-2024 5-year,462,LODES8 2023
170318285071,41.5131393,-87.5276085,622,ACS 2020-2024 5-year,26,LODES8 2023
170318285072,41.5359575,-87.5372002,3550,ACS 2020-2024 5-year,128,LODES8 2023
170318285081,41.5184542,-87.5487890,1124,ACS 2020-2024 5-year,417,LODES8 2023
170318285082,41.5180710,-87.5337325,1276,ACS 2020-2024 5-year,48,LODES8 2023
170318285083,41.5379258,-87.5527228,1250,ACS 2020-2024 5-year,26,LODES8 2023
170318285084,41.5315518,-87.5544406,793,ACS 2020-2024 5-year,4,LODES8 2023
170318286011,41.5441728,-87.6576213,960,ACS 2020-2024 5-year,161,LODES8 2023
170318286012,41.5515758,-87.6588970,1479,ACS 2020-2024 5-year,34,LODES8 2023
170318286013,41.5553660,-87.6594893,606,ACS 2020-2024 5-year,33,LODES8 2023
170318286014,41.5535201,-87.6700083,1108,ACS 2020-2024 5-year,374,LODES8 2023
170318286021,41.5530208,-87.6470596,1861,ACS 2020-2024 5-year,293,LODES8 2023
170318286022,41.5443899,-87.6433531,2556,ACS 2020-2024 5-year,196,LODES8 2023
170318287011,41.5535174,-87.6384954,1070,ACS 2020-2024 5-year,29,LODES8 2023
170318287012,41.5535995,-87.6325709,769,ACS 2020-2024 5-year,119,LODES8 2023
170318287013,41.5520153,-87.6198005,1194,ACS 2020-2024 5-year,265,LODES8 2023
170318287014,41.5376540,-87.6254449,1203,ACS 2020-2024 5-year,1141,LODES8 2023
170318287021,41.5401221,-87.5951228,1364,ACS 2020-2024 5-year,167,LODES8 2023
170318287022,41.5308427,-87.6013535,1200,ACS 2020-2024 5-year,877,LODES8 2023
170318287023,41.5496949,-87.5955703,1329,ACS 2020-2024 5-year,94,LODES8 2023
170318288011,41.5468930,-87.6701505,934,ACS 2020-2024 5-year,32,LODES8 2023
170318288012,41.5350790,-87.6675001,1047,ACS 2020-2024 5-year,78,LODES8 2023
170318288013,41.5339155,-87.6557309,1567,ACS 2020-2024 5-year,69,LODES8 2023
170318288014,41.5302701,-87.6488835,844,ACS 2020-2024 5-year,0,LODES8 2023
170318288015,41.5240843,-87.6501398,926,ACS 2020-2024 5-year,458,LODES8 2023
170318288021,41.5366020,-87.6444452,1585,ACS 2020-2024 5-year,7,LODES8 2023
170318288022,41.5315521,-87.6412400,717,ACS 2020-2024 5-year,77,LODES8 2023
170318288023,41.5244559,-87.6427972,827,ACS 2020-2024 5-year,102,LODES8 2023
170318289001,41.5209159,-87.6337269,1584,ACS 2020-2024 5-year,831,LODES8 2023
170318289002,41.5089872,-87.6335609,1234,ACS 2020-2024 5-year,429,LODES8 2023
170318289003,41.5078753,-87.6385170,1100,ACS 2020-2024 5-year,568,LODES8 2023
170318290001,41.5119711,-87.6222156,655,ACS 2020-2024 5-year,1091,LODES8 2023
170318290002,41.5046785,-87.6278878,156,ACS 2020-2024 5-year,102,LODES8 2023
170318291001,41.4962375,-87.6232025,1547,ACS 2020-2024 5-year,79,LODES8 2023
170318291002,41.4969766,-87.6357976,1604,ACS 2020-2024 5-year,540,LODES8 2023
170318292001,41.5168514,-87.6490749,1490,ACS 2020-2024 5-year,113,LODES8 2023
170318292002,41.5096326,-87.6482649,1961,ACS 2020-2024 5-year,648,LODES8 2023
170318292003,41.5042320,-87.6478543,519,ACS 2020-2024 5-year,96,LODES8 2023
170318292004,41.5006879,-87.6475900,1739,ACS 2020-2024 5-year,524,LODES8 2023
170318293011,41.5241946,-87.6648239,1330,ACS 2020-2024 5-year,119,LODES8 2023
170318293012,41.5145094,-87.6630824,2602,ACS 2020-2024 5-year,392,LODES8 2023
170318293021,41.5092994,-87.6693868,712,ACS 2020-2024 5-year,291,LODES8 2023
170318293022,41.5032838,-87.6653294,1046,ACS 2020-2024 5-year,283,LODES8 2023
170318293023,41.5005555,-87.6626980,1352,ACS 2020-2024 5-year,149,LODES8 2023
170318294011,41.4969457,-87.6597613,983,ACS 2020-2024 5-year,99,LODES8 2023
170318294021,41.4816345,-87.6589586,684,ACS 2020-2024 5-year,8,LODES8 2023
170318294022,41.4814716,-87.6721671,1013,ACS 2020-2024 5-year,17,LODES8 2023
170318294023,41.4932232,-87.6597212,1334,ACS 2020-2024 5-year,129,LODES8 2023
170318295001,41.4866469,-87.6470419,2227,ACS 2020-2024 5-year,137,LODES8 2023
170318295002,41.4865129,-87.6301184,906,ACS 2020-2024 5-year,309,LODES8 2023
170318295003,41.4792157,-87.6330439,774,ACS 2020-2024 5-year,1461,LODES8 2023
170318296001,41.4734459,-87.6264218,1402,ACS 2020-2024 5-year,176,LODES8 2023
170318296002,41.4734276,-87.6353733,415,ACS 2020-2024 5-year,311,LODES8 2023
170318296003,41.4734001,-87.6419840,1067,ACS 2020-2024 5-year,3,LODES8 2023
170318297001,41.5107810,-87.5850336,430,ACS 2020-2024 5-year,0,LODES8 2023
170318297002,41.5125643,-87.5884877,832,ACS 2020-2024 5-year,1652,LODES8 2023
170318297003,41.4891014,-87.6013801,1516,ACS 2020-2024 5-year,1915,LODES8 2023
170318298001,41.5518410,-87.6866656,2185,ACS 2020-2024 5-year,965,LODES8 2023
170318298002,41.5478284,-87.6821171,512,ACS 2020-2024 5-year,495,LODES8 2023
170318298003,41.5426865,-87.6779177,651,ACS 2020-2024 5-year,196,LODES8 2023
170318298004,41.5318227,-87.6845158,1342,ACS 2020-2024 5-year,42,LODES8 2023
170318298005,41.5390476,-87.6858186,1382,ACS 2020-2024 5-year,210,LODES8 2023
170318299021,41.5492479,-87.6984310,1108,ACS 2020-2024 5-year,383,LODES8 2023
170318299022,41.5531703,-87.7066907,2112,ACS 2020-2024 5-year,764,LODES8 2023
170318299023,41.5362220,-87.7043443,2869,ACS 2020-2024 5-year,945,LODES8 2023
170318299024,41.5339260,-87.7422959,1446,ACS 2020-2024 5-year,87,LODES8 2023
170318299031,41.5522554,-87.7190293,1951,ACS 2020-2024 5-year,211,LODES8 2023
170318299032,41.5450824,-87.7173077,616,ACS 2020-2024 5-year,7,LODES8 2023
170318299033,41.5497125,-87.7277550,1004,ACS 2020-2024 5-year,31,LODES8 2023
170318299041,41.5506025,-87.7810803,2234,ACS 2020-2024 5-year,476,LODES8 2023
170318299042,41.5349394,-87.7806039,480,ACS 2020-2024 5-year,134,LODES8 2023
170318299043,41.5498347,-87.7476583,1825,ACS 2020-2024 5-year,74,LODES8 2023
170318300011,41.4953919,-87.7609360,759,ACS 2020-2024 5-year,83,LODES8 2023
170318300012,41.4966660,-87.7805725,1590,ACS 2020-2024 5-year,396,LODES8 2023
170318300031,41.5114307,-87.7769051,2367,ACS 2020-2024 5-year,2866,LODES8 2023
170318300032,41.5104657,-87.7590493,1353,ACS 2020-2024 5-year,95,LODES8 2023
170318300033,41.5174625,-87.7621282,2061,ACS 2020-2024 5-year,80,LODES8 2023
170318300034,41.5248028,-87.7606508,2023,ACS 2020-2024 5-year,38,LODES8 2023
170318300041,41.5094685,-87.7086779,1330,ACS 2020-2024 5-year,513,LODES8 2023
170318300042,41.5102035,-87.7256617,965,ACS 2020-2024 5-year,582,LODES8 2023
170318300043,41.5207063,-87.7228389,1976,ACS 2020-2024 5-year,164,LODES8 2023
170318300044,41.5168839,-87.7407043,2243,ACS 2020-2024 5-year,799,LODES8 2023
170318300051,41.5201609,-87.7013575,1935,ACS 2020-2024 5-year,3057,LODES8 2023
170318300052,41.5156022,-87.6835251,1607,ACS 2020-2024 5-year,767,LODES8 2023
170318300061,41.5004956,-87.7262566,1469,ACS 2020-2024 5-year,3967,LODES8 2023
170318300062,41.5030812,-87.7043348,930,ACS 2020-2024 5-year,154,LODES8 2023
170318300071,41.4887935,-87.7225585,1018,ACS 2020-2024 5-year,106,LODES8 2023
170318300072,41.4769993,-87.7272403,2529,ACS 2020-2024 5-year,438,LODES8 2023
170318300073,41.4793687,-87.7184479,1325,ACS 2020-2024 5-year,70,LODES8 2023
170318300081,41.4764256,-87.7536712,2319,ACS 2020-2024 5-year,281,LODES8 2023
170318300082,41.4862943,-87.7757873,948,ACS 2020-2024 5-year,180,LODES8 2023
170318300083,41.4814841,-87.7377152,1103,ACS 2020-2024 5-year,159,LODES8 2023
170318301001,41.5031594,-87.6850215,1777,ACS 2020-2024 5-year,74,LODES8 2023
170318301002,41.5009174,-87.6928368,1035,ACS 2020-2024 5-year,66,LODES8 2023
170318302011,41.4759560,-87.7116130,1166,ACS 2020-2024 5-year,91,LODES8 2023
170318302012,41.4922546,-87.7084942,2963,ACS 2020-2024 5-year,490,LODES8 2023
170318302013,41.4786188,-87.7054459,1137,ACS 2020-2024 5-year,49,LODES8 2023
170318302021,41.4939957,-87.6870346,2483,ACS 2020-2024 5-year,2410,LODES8 2023
170318302022,41.4864856,-87.6982608,979,ACS 2020-2024 5-year,70,LODES8 2023
170318303001,41.4883298,-87.6767710,1231,ACS 2020-2024 5-year,29,LODES8 2023
170318303002,41.4821159,-87.6848370,1235,ACS 2020-2024 5-year,347,LODES8 2023
170318303003,41.4778713,-87.6792547,1687,ACS 2020-2024 5-year,175,LODES8 2023
170318303004,41.4902457,-87.6801292,1085,ACS 2020-2024 5-year,271,LODES8 2023
170318304001,41.4803699,-87.6978181,917,ACS 2020-2024 5-year,41,LODES8 2023
170318304002,41.4765776,-87.6918879,550,ACS 2020-2024 5-year,0,LODES8 2023
170318304003,41.4726679,-87.6871608,2131,ACS 2020-2024 5-year,56,LODES8 2023
170318304004,41.4761295,-87.7014041,405,ACS 2020-2024 5-year,45,LODES8 2023
170318305001,41.8294861,-87.7303327,1666,ACS 2020-2024 5-year,2569,LODES8 2023
170318305002,41.8356778,-87.7186758,1484,ACS 2020-2024 5-year,78,LODES8 2023
170318305003,41.8291246,-87.7193199,921,ACS 2020-2024 5-year,2307,LODES8 2023
170318306001,42.0007673,-87.6692890,1177,ACS 2020-2024 5-year,118,LODES8 2023
170318306002,42.0037273,-87.6720340,1601,ACS 2020-2024 5-year,121,LODES8 2023
170318306003,42.0000238,-87.6728759,1024,ACS 2020-2024 5-year,144,LODES8 2023
170318306004,42.0024034,-87.6764699,863,ACS 2020-2024 5-year,2622,LODES8 2023
170318307001,41.9583035,-87.6607646,603,ACS 2020-2024 5-year,31,LODES8 2023
170318307002,41.9681442,-87.6572369,1192,ACS 2020-2024 5-year,712,LODES8 2023
170318307003,41.9663172,-87.6572138,1427,ACS 2020-2024 5-year,360,LODES8 2023
170318307004,41.9635760,-87.6571921,1063,ACS 2020-2024 5-year,1241,LODES8 2023
170318308001,41.9669607,-87.6766291,1064,ACS 2020-2024 5-year,241,LODES8 2023
170318308002,41.9642212,-87.6765542,655,ACS 2020-2024 5-year,156,LODES8 2023
170318308003,41.9624001,-87.6764970,884,ACS 2020-2024 5-year,334,LODES8 2023
170318309001,41.9284245,-87.6849065,1512,ACS 2020-2024 5-year,2589,LODES8 2023
170318309002,41.9266238,-87.6902370,968,ACS 2020-2024 5-year,214,LODES8 2023
170318309003,41.9302397,-87.6901931,879,ACS 2020-2024 5-year,1208,LODES8 2023
170318310001,41.9131801,-87.6794763,1183,ACS 2020-2024 5-year,560,LODES8 2023
170318310002,41.9160088,-87.6751410,1248,ACS 2020-2024 5-year,164,LODES8 2023
170318311001,41.9429971,-87.7127742,1397,ACS 2020-2024 5-year,2226,LODES8 2023
170318311002,41.9445093,-87.7202684,1255,ACS 2020-2024 5-year,30,LODES8 2023
170318311003,41.9433463,-87.7252668,1566,ACS 2020-2024 5-year,259,LODES8 2023
170318311004,41.9410016,-87.7211098,2542,ACS 2020-2024 5-year,177,LODES8 2023
170318312001,41.9152317,-87.7248120,502,ACS 2020-2024 5-year,47,LODES8 2023
170318312002,41.9153235,-87.7362789,2110,ACS 2020-2024 5-year,475,LODES8 2023
170318312003,41.9153733,-87.7289445,1985,ACS 2020-2024 5-year,57,LODES8 2023
170318313001,41.9077662,-87.7442596,1310,ACS 2020-2024 5-year,2315,LODES8 2023
170318314001,41.8694750,-87.7473193,326,ACS 2020-2024 5-year,3069,LODES8 2023
170318314002,41.8688096,-87.7636869,2441,ACS 2020-2024 5-year,1985,LODES8 2023
170318315001,41.9307330,-87.7881046,3022,ACS 2020-2024 5-year,2141,LODES8 2023
170318315002,41.9201489,-87.7877744,756,ACS 2020-2024 5-year,87,LODES8 2023
170318316001,41.9281806,-87.7935851,1263,ACS 2020-2024 5-year,714,LODES8 2023
170318316002,41.9272007,-87.7993255,1167,ACS 2020-2024 5-year,50,LODES8 2023
170318316003,41.9289738,-87.8036744,1458,ACS 2020-2024 5-year,35,LODES8 2023
170318316004,41.9216623,-87.7957290,1828,ACS 2020-2024 5-year,588,LODES8 2023
170318316005,41.9254194,-87.7952911,1021,ACS 2020-2024 5-year,209,LODES8 2023
170318316006,41.9254120,-87.8034819,503,ACS 2020-2024 5-year,100,LODES8 2023
170318317001,41.9526537,-87.7452546,2270,ACS 2020-2024 5-year,891,LODES8 2023
170318318001,41.9784572,-87.7123923,663,ACS 2020-2024 5-year,68,LODES8 2023
170318318002,41.9766229,-87.7123496,1489,ACS 2020-2024 5-year,161,LODES8 2023
170318318003,41.9802917,-87.7124400,1940,ACS 2020-2024 5-year,150,LODES8 2023
170318318004,41.9740636,-87.7136479,1409,ACS 2020-2024 5-year,574,LODES8 2023
170318318005,41.9788858,-87.7181384,1099,ACS 2020-2024 5-year,2012,LODES8 2023
170318319001,41.9452046,-87.6663893,1282,ACS 2020-2024 5-year,1991,LODES8 2023
170318319002,41.9451331,-87.6712142,1709,ACS 2020-2024 5-year,325,LODES8 2023
170318320001,41.9462941,-87.6542982,1874,ACS 2020-2024 5-year,773,LODES8 2023
170318321001,41.9519362,-87.6520495,1828,ACS 2020-2024 5-year,66,LODES8 2023
170318321002,41.9527762,-87.6556601,1119,ACS 2020-2024 5-year,70,LODES8 2023
170318321003,41.9536170,-87.6520973,1010,ACS 2020-2024 5-year,212,LODES8 2023
170318322001,41.9231944,-87.6802994,1065,ACS 2020-2024 5-year,417,LODES8 2023
170318322002,41.9195299,-87.6801326,1609,ACS 2020-2024 5-year,268,LODES8 2023
170318322003,41.9162147,-87.6788183,532,ACS 2020-2024 5-year,193,LODES8 2023
170318323001,41.9198264,-87.6727807,2316,ACS 2020-2024 5-year,3212,LODES8 2023
170318324001,41.9157202,-87.6947002,1776,ACS 2020-2024 5-year,511,LODES8 2023
170318324002,41.9157620,-87.6898082,1711,ACS 2020-2024 5-year,202,LODES8 2023
170318325001,41.9228607,-87.6672806,842,ACS 2020-2024 5-year,762,LODES8 2023
170318325002,41.9209429,-87.6615445,2597,ACS 2020-2024 5-year,1709,LODES8 2023
170318326001,41.9123354,-87.6507390,710,ACS 2020-2024 5-year,762,LODES8 2023
170318326002,41.9150940,-87.6571705,1080,ACS 2020-2024 5-year,1977,LODES8 2023
170318326003,41.9159661,-87.6508591,2360,ACS 2020-2024 5-year,601,LODES8 2023
170318329001,41.8740276,-87.6642306,1243,ACS 2020-2024 5-year,1222,LODES8 2023
170318329002,41.8743397,-87.6593713,919,ACS 2020-2024 5-year,52,LODES8 2023
170318330001,41.8853671,-87.6509740,3259,ACS 2020-2024 5-year,12896,LODES8 2023
170318330002,41.8852412,-87.6607331,2850,ACS 2020-2024 5-year,11464,LODES8 2023
170318331001,41.8777734,-87.6556437,1213,ACS 2020-2024 5-year,3822,LODES8 2023
170318331002,41.8793914,-87.6626225,2216,ACS 2020-2024 5-year,1585,LODES8 2023
170318331003,41.8803918,-87.6545515,2178,ACS 2020-2024 5-year,649,LODES8 2023
170318331004,41.8796268,-87.6492433,3415,ACS 2020-2024 5-year,3239,LODES8 2023
170318333001,41.8716945,-87.6541237,2861,ACS 2020-2024 5-year,1399,LODES8 2023
170318339001,41.7328486,-87.5474599,1676,ACS 2020-2024 5-year,49,LODES8 2023
170318339002,41.7310302,-87.5478768,1040,ACS 2020-2024 5-year,111,LODES8 2023
170318340001,41.7284527,-87.6310675,2314,ACS 2020-2024 5-year,17,LODES8 2023
170318340002,41.7253633,-87.6262960,715,ACS 2020-2024 5-year,25,LODES8 2023
170318342001,41.7533938,-87.5784676,1756,ACS 2020-2024 5-year,12,LODES8 2023
170318342002,41.7570821,-87.5807460,1133,ACS 2020-2024 5-year,28,LODES8 2023
170318342003,41.7536922,-87.5836321,1494,ACS 2020-2024 5-year,120,LODES8 2023
170318342004,41.7563647,-87.5891718,304,ACS 2020-2024 5-year,1079,LODES8 2023
170318343001,41.7458851,-87.5943849,1716,ACS 2020-2024 5-year,4,LODES8 2023
170318343002,41.7519001,-87.5929737,662,ACS 2020-2024 5-year,100,LODES8 2023
170318343003,41.7423469,-87.5880868,679,ACS 2020-2024 5-year,30,LODES8 2023
170318343004,41.7387018,-87.5880010,676,ACS 2020-2024 5-year,36,LODES8 2023
170318343005,41.7407359,-87.5938740,969,ACS 2020-2024 5-year,16,LODES8 2023
170318343006,41.7478424,-87.5881891,1401,ACS 2020-2024 5-year,74,LODES8 2023
170318344001,41.7786780,-87.5982873,499,ACS 2020-2024 5-year,3,LODES8 2023
170318344002,41.7771878,-87.5939983,1185,ACS 2020-2024 5-year,24,LODES8 2023
170318344003,41.7750339,-87.5985089,2049,ACS 2020-2024 5-year,3,LODES8 2023
170318345001,41.7860320,-87.6253618,1616,ACS 2020-2024 5-year,85,LODES8 2023
170318346001,41.7834917,-87.6345331,1535,ACS 2020-2024 5-year,135,LODES8 2023
170318346002,41.7906520,-87.6340995,764,ACS 2020-2024 5-year,21,LODES8 2023
170318347001,41.7906504,-87.6462795,530,ACS 2020-2024 5-year,37,LODES8 2023
170318347002,41.7906147,-87.6487093,405,ACS 2020-2024 5-year,0,LODES8 2023
170318347003,41.7907473,-87.6426009,645,ACS 2020-2024 5-year,7,LODES8 2023
170318348001,41.7851699,-87.6473527,372,ACS 2020-2024 5-year,5,LODES8 2023
170318348002,41.7817764,-87.6452457,784,ACS 2020-2024 5-year,168,LODES8 2023
170318348003,41.7852450,-87.6425239,624,ACS 2020-2024 5-year,4,LODES8 2023
170318349001,41.7668375,-87.6565892,356,ACS 2020-2024 5-year,0,LODES8 2023
170318349002,41.7741176,-87.6567850,654,ACS 2020-2024 5-year,28,LODES8 2023
170318350001,41.7833562,-87.6823444,684,ACS 2020-2024 5-year,548,LODES8 2023
170318350002,41.7810560,-87.6855223,411,ACS 2020-2024 5-year,62,LODES8 2023
170318350003,41.7827811,-87.6922761,1990,ACS 2020-2024 5-year,166,LODES8 2023
170318350004,41.7810024,-87.6891821,1258,ACS 2020-2024 5-year,108,LODES8 2023
170318350005,41.7846514,-87.6892781,1125,ACS 2020-2024 5-year,4,LODES8 2023
170318351001,41.7906726,-87.6831635,1452,ACS 2020-2024 5-year,313,LODES8 2023
170318351002,41.7905764,-87.6894430,724,ACS 2020-2024 5-year,5,LODES8 2023
170318351003,41.7874071,-87.6881268,949,ACS 2020-2024 5-year,75,LODES8 2023
170318351004,41.7904583,-87.6925760,1492,ACS 2020-2024 5-year,13,LODES8 2023
170318352001,41.7966437,-87.7452866,2057,ACS 2020-2024 5-year,2316,LODES8 2023
170318355001,41.8200874,-87.6326016,684,ACS 2020-2024 5-year,306,LODES8 2023
170318355002,41.8127508,-87.6324795,861,ACS 2020-2024 5-year,55,LODES8 2023
170318356001,41.8054760,-87.6323158,266,ACS 2020-2024 5-year,289,LODES8 2023
170318356002,41.7981748,-87.6320868,459,ACS 2020-2024 5-year,743,LODES8 2023
170318358001,41.8130462,-87.6187192,2031,ACS 2020-2024 5-year,37,LODES8 2023
170318360001,41.8139231,-87.6153454,769,ACS 2020-2024 5-year,35,LODES8 2023
170318360002,41.8140022,-87.6127730,905,ACS 2020-2024 5-year,38,LODES8 2023
170318360003,41.8140489,-87.6091135,1021,ACS 2020-2024 5-year,194,LODES8 2023
170318361001,41.8003280,-87.6120368,719,ACS 2020-2024 5-year,2,LODES8 2023
170318361002,41.7993834,-87.6240404,1391,ACS 2020-2024 5-year,140,LODES8 2023
170318362001,41.7904693,-87.6012849,2281,ACS 2020-2024 5-year,25504,LODES8 2023
170318363001,41.8014614,-87.6040091,948,ACS 2020-2024 5-year,28,LODES8 2023
170318363002,41.8016186,-87.5990210,901,ACS 2020-2024 5-year,118,LODES8 2023
170318364001,41.8190118,-87.5951761,1097,ACS 2020-2024 5-year,2,LODES8 2023
170318364002,41.8202733,-87.6020061,852,ACS 2020-2024 5-year,92,LODES8 2023
170318364003,41.8197345,-87.6047408,1408,ACS 2020-2024 5-year,85,LODES8 2023
170318365001,41.8298205,-87.6055730,1036,ACS 2020-2024 5-year,0,LODES8 2023
170318365002,41.8259463,-87.5994560,644,ACS 2020-2024 5-year,17,LODES8 2023
170318366001,41.8973711,-87.7079650,1776,ACS 2020-2024 5-year,371,LODES8 2023
170318366002,41.9009752,-87.7102502,1130,ACS 2020-2024 5-year,364,LODES8 2023
170318367001,41.8918399,-87.7088864,1564,ACS 2020-2024 5-year,190,LODES8 2023
170318367002,41.8916536,-87.6996863,1586,ACS 2020-2024 5-year,721,LODES8 2023
170318368001,41.8841643,-87.7131671,960,ACS 2020-2024 5-year,341,LODES8 2023
170318368002,41.8854592,-87.7086952,1907,ACS 2020-2024 5-year,77,LODES8 2023
170318369001,41.8819104,-87.7036894,1129,ACS 2020-2024 5-year,25,LODES8 2023
170318369002,41.8818556,-87.7085915,1052,ACS 2020-2024 5-year,127,LODES8 2023
170318370001,41.8765001,-87.6986256,1817,ACS 2020-2024 5-year,388,LODES8 2023
170318370002,41.8810498,-87.6987461,501,ACS 2020-2024 5-year,15,LODES8 2023
170318371001,41.8855159,-87.7037925,577,ACS 2020-2024 5-year,179,LODES8 2023
170318371002,41.8857505,-87.6962429,1007,ACS 2020-2024 5-year,1743,LODES8 2023
170318373001,41.8714400,-87.7033884,861,ACS 2020-2024 5-year,41,LODES8 2023
170318373002,41.8718453,-87.7082870,1303,ACS 2020-2024 5-year,304,LODES8 2023
170318374001,41.8798448,-87.6947305,1146,ACS 2020-2024 5-year,11,LODES8 2023
170318374002,41.8742591,-87.6933894,810,ACS 2020-2024 5-year,436,LODES8 2023
170318378001,41.8846419,-87.6865941,1517,ACS 2020-2024 5-year,1684,LODES8 2023
170318378002,41.8849674,-87.6791864,950,ACS 2020-2024 5-year,1040,LODES8 2023
170318380001,41.8793225,-87.6808527,914,ACS 2020-2024 5-year,426,LODES8 2023
170318380002,41.8759315,-87.6805050,2155,ACS 2020-2024 5-year,470,LODES8 2023
170318381001,41.8751998,-87.6716086,201,ACS 2020-2024 5-year,10946,LODES8 2023
170318381002,41.8797479,-87.6717190,1672,ACS 2020-2024 5-year,4977,LODES8 2023
170318382001,41.8715694,-87.6794415,1282,ACS 2020-2024 5-year,795,LODES8 2023
170318382002,41.8698265,-87.6729271,324,ACS 2020-2024 5-year,6957,LODES8 2023
170318383001,41.9016721,-87.6399766,1202,ACS 2020-2024 5-year,116,LODES8 2023
170318383002,41.9013964,-87.6358702,1812,ACS 2020-2024 5-year,459,LODES8 2023
170318386001,41.8677964,-87.7032673,760,ACS 2020-2024 5-year,4,LODES8 2023
170318386002,41.8678501,-87.6983844,882,ACS 2020-2024 5-year,45,LODES8 2023
170318387001,41.8637727,-87.7185575,1570,ACS 2020-2024 5-year,38,LODES8 2023
170318387002,41.8607151,-87.7225793,1522,ACS 2020-2024 5-year,280,LODES8 2023
170318387003,41.8643694,-87.7232882,387,ACS 2020-2024 5-year,55,LODES8 2023
170318387004,41.8606644,-87.7170838,657,ACS 2020-2024 5-year,23,LODES8 2023
170318388001,41.7009605,-87.5613903,390,ACS 2020-2024 5-year,31,LODES8 2023
170318388002,41.6834042,-87.5740611,2006,ACS 2020-2024 5-year,8239,LODES8 2023
170318390001,41.8733289,-87.6328378,4089,ACS 2020-2024 5-year,406,LODES8 2023
170318390002,41.8694971,-87.6312009,4092,ACS 2020-2024 5-year,1156,LODES8 2023
170318390003,41.8709693,-87.6290215,748,ACS 2020-2024 5-year,336,LODES8 2023
170318390004,41.8734155,-87.6285674,1462,ACS 2020-2024 5-year,299,LODES8 2023
170318391001,41.8828966,-87.6316474,4956,ACS 2020-2024 5-year,280967,LODES8 2023
170318391002,41.8774763,-87.6340810,3399,ACS 2020-2024 5-year,60837,LODES8 2023
170318392001,41.8419657,-87.6244435,1020,ACS 2020-2024 5-year,1302,LODES8 2023
170318392002,41.8420563,-87.6196117,1275,ACS 2020-2024 5-year,33,LODES8 2023
170318395001,41.8340975,-87.6192919,1827,ACS 2020-2024 5-year,76,LODES8 2023
170318396001,41.8275215,-87.6175383,795,ACS 2020-2024 5-year,334,LODES8 2023
170318396002,41.8274100,-87.6199636,892,ACS 2020-2024 5-year,253,LODES8 2023
170318397001,41.8338428,-87.6570999,1665,ACS 2020-2024 5-year,553,LODES8 2023
170318397002,41.8326863,-87.6462153,1481,ACS 2020-2024 5-year,193,LODES8 2023
170318397003,41.8328591,-87.6510892,1764,ACS 2020-2024 5-year,136,LODES8 2023
170318398001,41.8362379,-87.6450169,515,ACS 2020-2024 5-year,200,LODES8 2023
170318398002,41.8360901,-87.6422116,1281,ACS 2020-2024 5-year,58,LODES8 2023
170318398003,41.8326228,-87.6424964,951,ACS 2020-2024 5-year,28,LODES8 2023
170318399001,41.8298778,-87.6430387,776,ACS 2020-2024 5-year,39,LODES8 2023
170318399002,41.8278410,-87.6520036,1988,ACS 2020-2024 5-year,1835,LODES8 2023
170318399003,41.8280532,-87.6429937,782,ACS 2020-2024 5-year,29,LODES8 2023
170318399004,41.8262308,-87.6429528,629,ACS 2020-2024 5-year,190,LODES8 2023
170318399005,41.8244090,-87.6429095,393,ACS 2020-2024 5-year,35,LODES8 2023
170318400001,41.8345219,-87.6386061,1485,ACS 2020-2024 5-year,146,LODES8 2023
170318400002,41.8272518,-87.6381330,1137,ACS 2020-2024 5-year,67,LODES8 2023
170318401001,41.8443349,-87.6401699,1024,ACS 2020-2024 5-year,71,LODES8 2023
170318401002,41.8406529,-87.6387482,1855,ACS 2020-2024 5-year,128,LODES8 2023
170318402001,41.8446476,-87.6492096,2233,ACS 2020-2024 5-year,439,LODES8 2023
170318403001,41.8294313,-87.6857715,797,ACS 2020-2024 5-year,146,LODES8 2023
170318403002,41.8345368,-87.6787666,1059,ACS 2020-2024 5-year,323,LODES8 2023
170318403003,41.8321495,-87.6811968,1692,ACS 2020-2024 5-year,25,LODES8 2023
170318404001,41.8344511,-87.6668285,1571,ACS 2020-2024 5-year,4337,LODES8 2023
170318404002,41.8317833,-87.6702324,1855,ACS 2020-2024 5-year,160,LODES8 2023
170318407001,41.8537051,-87.6973284,693,ACS 2020-2024 5-year,1299,LODES8 2023
170318407002,41.8498739,-87.6972072,625,ACS 2020-2024 5-year,138,LODES8 2023
170318407003,41.8540428,-87.6915496,2683,ACS 2020-2024 5-year,980,LODES8 2023
170318408001,41.8426595,-87.7074246,1427,ACS 2020-2024 5-year,140,LODES8 2023
170318408002,41.8390112,-87.7073175,2030,ACS 2020-2024 5-year,53,LODES8 2023
170318410001,41.8475444,-87.6101983,1280,ACS 2020-2024 5-year,3064,LODES8 2023
170318411001,41.8550345,-87.6341963,2146,ACS 2020-2024 5-year,1993,LODES8 2023
170318411002,41.8491659,-87.6339810,1751,ACS 2020-2024 5-year,332,LODES8 2023
170318411003,41.8486264,-87.6377479,1773,ACS 2020-2024 5-year,878,LODES8 2023
170318411004,41.8514800,-87.6311228,1654,ACS 2020-2024 5-year,760,LODES8 2023
170318412001,41.8532938,-87.6807733,1439,ACS 2020-2024 5-year,100,LODES8 2023
170318412002,41.8560899,-87.6847313,1536,ACS 2020-2024 5-year,331,LODES8 2023
170318412003,41.8558545,-87.6810593,2029,ACS 2020-2024 5-year,33,LODES8 2023
170318413001,41.8509247,-87.6804640,1171,ACS 2020-2024 5-year,109,LODES8 2023
170318413002,41.8457004,-87.6857855,1486,ACS 2020-2024 5-year,649,LODES8 2023
170318413003,41.8466970,-87.6831896,831,ACS 2020-2024 5-year,375,LODES8 2023
170318413004,41.8423732,-87.6817924,482,ACS 2020-2024 5-year,1760,LODES8 2023
170318415001,41.8644299,-87.7080491,1366,ACS 2020-2024 5-year,29,LODES8 2023
170318415002,41.8597105,-87.7078206,1369,ACS 2020-2024 5-year,90,LODES8 2023
170318417001,41.8531302,-87.7041819,1249,ACS 2020-2024 5-year,404,LODES8 2023
170318418001,41.7604614,-87.6005830,640,ACS 2020-2024 5-year,184,LODES8 2023
170318418002,41.7677624,-87.5991306,1609,ACS 2020-2024 5-year,263,LODES8 2023
170318419001,41.8730624,-87.6450342,2783,ACS 2020-2024 5-year,17975,LODES8 2023
170318419002,41.8657562,-87.6414114,3784,ACS 2020-2024 5-year,6919,LODES8 2023
170318420001,41.8365700,-87.6221008,1157,ACS 2020-2024 5-year,327,LODES8 2023
170318420002,41.8346372,-87.6262222,1611,ACS 2020-2024 5-year,2524,LODES8 2023
170318421001,41.8996498,-87.7382079,1414,ACS 2020-2024 5-year,858,LODES8 2023
170318421002,41.8970189,-87.7359947,1242,ACS 2020-2024 5-year,118,LODES8 2023
170318421003,41.8970958,-87.7316806,1004,ACS 2020-2024 5-year,12,LODES8 2023
170318421004,41.9016985,-87.7299679,1212,ACS 2020-2024 5-year,26,LODES8 2023
170318421005,41.8921957,-87.7327948,978,ACS 2020-2024 5-year,511,LODES8 2023
170318421006,41.8998711,-87.7299137,930,ACS 2020-2024 5-year,6,LODES8 2023
170318422001,41.9047279,-87.6492199,3807,ACS 2020-2024 5-year,19738,LODES8 2023
170318423001,41.9055984,-87.6606570,1226,ACS 2020-2024 5-year,4492,LODES8 2023
170318423002,41.8961574,-87.6475098,2264,ACS 2020-2024 5-year,2464,LODES8 2023
170318424001,41.7401981,-87.6307503,531,ACS 2020-2024 5-year,1736,LODES8 2023
170318424002,41.7470483,-87.6286600,2324,ACS 2020-2024 5-year,621,LODES8 2023
170318425001,41.7769506,-87.6232157,3066,ACS 2020-2024 5-year,252,LODES8 2023
170318426001,41.8198418,-87.6408880,1238,ACS 2020-2024 5-year,485,LODES8 2023
170318426002,41.8157731,-87.6553558,821,ACS 2020-2024 5-year,7916,LODES8 2023
170318426003,41.8134000,-87.6420695,1030,ACS 2020-2024 5-year,26,LODES8 2023
170318426004,41.8119981,-87.6439191,1134,ACS 2020-2024 5-year,29,LODES8 2023
170318428001,41.8101560,-87.6905965,813,ACS 2020-2024 5-year,5,LODES8 2023
170318428002,41.8099279,-87.6933999,967,ACS 2020-2024 5-year,15,LODES8 2023
170318428003,41.8101482,-87.7024600,917,ACS 2020-2024 5-year,10,LODES8 2023
170318428004,41.8063212,-87.6990686,615,ACS 2020-2024 5-year,1264,LODES8 2023
170318428005,41.8102442,-87.6963450,1603,ACS 2020-2024 5-year,49,LODES8 2023
170318428006,41.8098300,-87.6995110,2496,ACS 2020-2024 5-year,42,LODES8 2023
170318429001,41.8631389,-87.6729371,2422,ACS 2020-2024 5-year,3002,LODES8 2023
170318430001,41.8681494,-87.7129516,1035,ACS 2020-2024 5-year,859,LODES8 2023
170318430002,41.8677567,-87.7309951,1236,ACS 2020-2024 5-year,212,LODES8 2023
170318431001,41.8626017,-87.6994529,1033,ACS 2020-2024 5-year,191,LODES8 2023
170318431002,41.8569212,-87.7007878,348,ACS 2020-2024 5-year,7,LODES8 2023
170318432001,41.8495395,-87.6762881,1320,ACS 2020-2024 5-year,938,LODES8 2023
170318432002,41.8487153,-87.6642169,815,ACS 2020-2024 5-year,10842,LODES8 2023
170318433001,41.8637638,-87.6925503,1718,ACS 2020-2024 5-year,646,LODES8 2023
170318434001,41.8493274,-87.7320218,1279,ACS 2020-2024 5-year,323,LODES8 2023
170318435001,41.8409834,-87.6975661,8706,ACS 2020-2024 5-year,1596,LODES8 2023
170318436001,41.8053082,-87.6081813,1765,ACS 2020-2024 5-year,139,LODES8 2023
170318436002,41.8082082,-87.6097089,1209,ACS 2020-2024 5-year,123,LODES8 2023
170318437001,41.9480849,-87.6928064,1192,ACS 2020-2024 5-year,2710,LODES8 2023
170318437002,41.9373047,-87.6871846,1410,ACS 2020-2024 5-year,675,LODES8 2023
170318438001,41.8053115,-87.6405840,915,ACS 2020-2024 5-year,252,LODES8 2023
170318438002,41.7980263,-87.6403679,1045,ACS 2020-2024 5-year,8,LODES8 2023
170318439001,41.7799698,-87.5747155,1176,ACS 2020-2024 5-year,681,LODES8 2023
170318439002,41.7747748,-87.5898578,126,ACS 2020-2024 5-year,60,LODES8 2023
170318439003,41.7717159,-87.5674493,740,ACS 2020-2024 5-year,22,LODES8 2023
170318439004,41.7707841,-87.5699007,678,ACS 2020-2024 5-year,6,LODES8 2023
170318439005,41.7726093,-87.5699536,992,ACS 2020-2024 5-year,8,LODES8 2023
170318446001,41.8133852,-87.6254437,2081,ACS 2020-2024 5-year,227,LODES8 2023
170318447001,41.8538925,-87.7120361,484,ACS 2020-2024 5-year,54,LODES8 2023
170318447002,41.8528894,-87.7163070,763,ACS 2020-2024 5-year,73,LODES8 2023
170318447003,41.8553771,-87.7076032,1064,ACS 2020-2024 5-year,76,LODES8 2023
170319800001,41.9794191,-87.9024376,0,ACS 2020-2024 5-year,38697,LODES8 2023
170319801001,41.7859813,-87.7509001,0,ACS 2020-2024 5-year,7035,LODES8 2023
170319900000,41.9739391,-87.4002947,0,ACS 2020-2024 5-year,0,LODES8 2023
