{"type":"FeatureCollection","features":[{"type":"Feature","geometry":{"type":"LineString","coordinates":[[-87.62486,41.73082],[-87.62486,41.73076],[-87.62485,41.73064]]},"properties":{"kind":"expressway","name":"Dan Ryan Expy (I-90/94)"}},{"type":"Feature","geometry":{"type":"LineString","coordinates":[[-87.64654,41.88681],[-87.64659,41.8869],[-87.6466,41.88693],[-87.6467,41.88711],[-87.64678,41.88724],[-87.64683,41.88734],[-87.64687,41.88738],[-87.64689,41.88741],[-87.64694,41.88747]]},"properties":{"kind":"expressway","name":"Kennedy Expy (I-90/94)"}},{"type":"Feature","geometry":{"type":"LineString","coordinates":[[-87.73907,41.95871],[-87.73969,41.95908],[-87.73993,41.95922],[-87.73993,41.95922],[-87.74064,41.9596],[-87.74082,41.95971],[-87.74155,41.96019],[-87.7418,41.96037],[-87.74199,41.96051],[-87.7422,41.96067],[-87.7423,41.96076],[-87.74234,41.96079]]},"properties":{"kind":"expressway","name":"Kennedy Expy (I-90/94)"}},{"type":"Feature","geometry":{"type":"LineString","coordinates":[[-87.74304,41.96135],[-87.74318,41.96146],[-87.74336,41.96161],[-87.74352,41.96175],[-87.74377,41.96196],[-87.74401,41.96215],[-87.74402,41.96215],[-87.74403,41.96216],[-87.74413,41.96225]]},"properties":{"kind":"expressway","name":"Edens Expy (I-94)"}},{"type":"Feature","geometry":{"type":"LineString","coordinates":[[-87.59908,41.82294],[-87.59893,41.82262],[-87.59865,41.82206],[-87.59852,41.8218],[-87.59838,41.82156],[-87.59809,41.82112],[-87.59794,41.82093],[-87.59771,41.82062],[-87.59744,41.82027],[-87.59732,41.82012]]},"properties":{"kind":"expressway","name":"DuSable Lake Shore Dr"}},{"type":"Feature","geometry":{"type":"LineString","coordinates":[[-87.54729,41.721],[-87.54721,41.72092],[-87.54707,41.72077],[-87.54696,41.72068]]},"properties":{"kind":"expressway","name":"Chicago Skyway (I-90)"}},{"type":"Feature","geometry":{"type":"LineString","coordinates":[[-87.59473,41.75617],[-87.59438,41.75592]]},"properties":{"kind":"expressway","name":"Chicago Skyway (I-90)"}},{"type":"Feature","geometry":{"type":"LineString","coordinates":[[-87.58561,41.74956],[-87.58538,41.7494],[-87.58533,41.74936],[-87.58525,41.7493],[-87.5851,41.7492]]},"properties":{"kind":"expressway","name":"Chicago Skyway (I-90)"}},{"type":"Feature","geometry":{"type":"LineString","coordinates":[[-87.79143,41.98261],[-87.7925,41.9826],[-87.79259,41.9826]]},"properties":{"kind":"expressway","name":"Kennedy Expy (I-90/94)"}},{"type":"Feature","geometry":{"type":"LineString","coordinates":[[-87.67399,41.87543],[-87.67471,41.87541],[-87.67502,41.87541],[-87.67547,41.8754],[-87.67585,41.87539],[-87.67622,41.87539],[-87.67633,41.87538],[-87.67651,41.87538]]},"properties":{"kind":"expressway","name":"Eisenhower Expy (I-290)"}},{"type":"Feature","geometry":{"type":"LineString","coordinates":[[-87.62486,41.71765],[-87.62489,41.71761],[-87.62508,41.71734],[-87.62516,41.71724],[-87.62537,41.71699],[-87.62544,41.71691],[-87.6255,41.71685],[-87.62571,41.71664],[-87.62586,41.71651],[-87.62599,41.7164],[-87.62612,41.7163],[-87.62613,41.71629],[-87.62618,41.71625]]},"properties":{"kind":"expressway","name":"Dan Ryan 79th"}},{"type":"Feature","geometry":{"type":"LineString","coordinates":[[-87.75128,41.9887],[-87.75122,41.98926],[-87.75115,41.98997],[-87.75114,41.99013],[-87.75114,41.99018],[-87.75113,41.9903]]},"properties":{"kind":"expressway","name":"Edens Expy (I-94)"}},{"type":"Feature","geometry":{"type":"LineString","coordinates":[[-87.68616,41.92708],[-87.68737,41.92777],[-87.68749,41.92784],[-87.68768,41.92795],[-87.68776,41.92799]]},"properties":{"kind":"expressway","name":"Kennedy Expy (I-90/94)"}},{"type":"Feature","geometry":{"type":"LineString","coordinates":[[-87.64558,41.87542],[-87.64558,41.87539],[-87.64558,41.87535],[-87.64559,41.87524],[-87.64559,41.8752]]},"properties":{"kind":"expressway","name":"Kennedy Expy (I-90/94)"}},{"type":"Feature","geometry":{"type":"LineString","coordinates":[[-87.64554,41.87798],[-87.64554,41.87789],[-87.64554,41.87759],[-87.64553,41.87753],[-87.64552,41.87723],[-87.64549,41.87689],[-87.64547,41.87679],[-87.64547,41.87672],[-87.64546,41.8767]]},"properties":{"kind":"expressway","name":"Kennedy Expy (I-90/94)"}},{"type":"Feature","geometry":{"type":"LineString","coordinates":[[-87.64003,41.84732],[-87.64085,41.84731]]},"properties":{"kind":"expressway","name":"Stevenson Expy (I-55)"}},{"type":"Feature","geometry":{"type":"LineString","coordinates":[[-87.6697,41.876],[-87.66975,41.876],[-87.66977,41.876],[-87.67012,41.87598],[-87.67053,41.87596],[-87.67095,41.87594],[-87.67125,41.87593],[-87.67157,41.87593]]},"properties":{"kind":"expressway","name":"Eisenhower Expy (I-290)"}},{"type":"Feature","geometry":{"type":"LineString","coordinates":[[-87.57578,41.78251],[-87.57567,41.78234],[-87.57546,41.78206]]},"properties":{"kind":"expressway","name":"DuSable Lake Shore Dr"}},{"type":"Feature","geometry":{"type":"LineString","coordinates":[[-87.69023,41.87528],[-87.69109,41.87527],[-87.69121,41.87527],[-87.69133,41.87526]]},"properties":{"kind":"expressway","name":"Eisenhower Expy (I-290)"}},{"type":"Feature","geometry":{"type":"LineString","coordinates":[[-87.63135,41.78544],[-87.63135,41.78496],[-87.63133,41.78414],[-87.63131,41.78354],[-87.6313,41.78311]]},"properties":{"kind":"expressway","name":"Dan Ryan Expy (I-90/94)"}},{"type":"Feature","geometry":{"type":"LineString","coordinates":[[-87.60835,41.83857],[-87.60831,41.83847],[-87.60828,41.8384],[-87.6082,41.83821],[-87.60817,41.83811],[-87.60812,41.83798],[-87.60809,41.83787],[-87.60805,41.83777],[-87.60802,41.83764],[-87.608,41.83757],[-87.60797,41.83742],[-87.60793,41.83725],[-87.6079,41.83704],[-87.60787,41.83688],[-87.60783,41.83614],[-87.60783,41.83606]]},"properties":{"kind":"expressway","name":"DuSable Lake Shore Dr"}},{"type":"Feature","geometry":{"type":"LineString","coordinates":[[-87.66196,41.68482],[-87.66196,41.68471],[-87.66195,41.68454],[-87.66195,41.68425],[-87.66194,41.68396],[-87.66193,41.68355],[-87.66191,41.68314],[-87.66191,41.68286]]},"properties":{"kind":"expressway","name":"I-57"}},{"type":"Feature","geometry":{"type":"LineString","coordinates":[[-87.81785,41.98344],[-87.81808,41.98349],[-87.81824,41.98353],[-87.81862,41.9836],[-87.81879,41.98363],[-87.81951,41.98373],[-87.82017,41.98381],[-87.82083,41.9839],[-87.82163,41.98401],[-87.82248,41.98412],[-87.82302,41.98419],[-87.82325,41.98422],[-87.82337,41.98424]]},"properties":{"kind":"expressway","name":"Kennedy Expy (I-90/94)"}},{"type":"Feature","geometry":{"type":"LineString","coordinates":[[-87.64367,41.84871],[-87.64361,41.84862],[-87.64349,41.84846]]},"properties":{"kind":"expressway","name":"Dan Ryan Expy (I-90/94)"}},{"type":"Feature","geometry":{"type":"LineString","coordinates":[[-87.72299,41.87376],[-87.72302,41.87376],[-87.7246,41.87374],[-87.72475,41.87374],[-87.72507,41.87374],[-87.72525,41.87373]]},"properties":{"kind":"expressway","name":"Eisenhower Expy (I-290)"}},{"type":"Feature","geometry":{"type":"LineString","coordinates":[[-87.63058,41.78544],[-87.63058,41.78536],[-87.63061,41.78475],[-87.63064,41.78412],[-87.63064,41.78388],[-87.63063,41.78365],[-87.63062,41.78306],[-87.63062,41.783]]},"properties":{"kind":"expressway","name":"Dan Ryan Expy (I-90/94)"}},{"type":"Feature","geometry":{"type":"LineString","coordinates":[[-87.64459,41.8636],[-87.64455,41.86238]]},"properties":{"kind":"expressway","name":"Dan Ryan Expy (I-90/94)"}},{"type":"Feature","geometry":{"type":"LineString","coordinates":[[-87.63682,41.84582],[-87.63657,41.84576]]},"properties":{"kind":"expressway","name":"Dan Ryan Expy (I-90/94)"}},{"type":"Feature","geometry":{"type":"LineString","coordinates":[[-87.64929,41.97467],[-87.64949,41.97501],[-87.64956,41.97517],[-87.64987,41.9758],[-87.65004,41.97618],[-87.65018,41.97647],[-87.65022,41.97655],[-87.65023,41.97658],[-87.65027,41.97667]]},"properties":{"kind":"expressway","name":"DuSable Lake Shore Dr"}},{"type":"Feature","geometry":{"type":"LineString","coordinates":[[-87.62553,41.90682],[-87.62579,41.90785]]},"properties":{"kind":"expressway","name":"DuSable Lake Shore Dr"}},{"type":"Feature","geometry":{"type":"LineString","coordinates":[[-87.87827,41.98111],[-87.87868,41.98095],[-87.87875,41.98092],[-87.87879,41.9809]]},"properties":{"kind":"expressway","name":"I-190 (O'Hare)"}},{"type":"Feature","geometry":{"type":"LineString","coordinates":[[-87.63141,41.77998],[-87.63141,41.7799],[-87.6314,41.77983],[-87.6314,41.77977],[-87.63137,41.7795],[-87.63134,41.77932],[-87.63128,41.77905],[-87.63119,41.77876],[-87.6311,41.77854],[-87.63097,41.77825],[-87.63092,41.77814]]},"properties":{"kind":"expressway","name":"Dan Ryan Expy (I-90/94)"}},{"type":"Feature","geometry":{"type":"LineString","coordinates":[[-87.62487,41.7473],[-87.62486,41.74689],[-87.62485,41.74635],[-87.62482,41.74547]]},"properties":{"kind":"expressway","name":"Dan Ryan Expy (I-90/94)"}},{"type":"Feature","geometry":{"type":"LineString","coordinates":[[-87.77878,41.97936],[-87.77891,41.97943],[-87.77903,41.9795],[-87.77916,41.97957],[-87.77935,41.97968],[-87.77942,41.97972],[-87.77967,41.97986],[-87.77987,41.97998],[-87.78005,41.98008],[-87.78031,41.98023],[-87.78059,41.98039],[-87.78099,41.98061],[-87.78179,41.98102]]},"properties":{"kind":"expressway","name":"Kennedy Expy (I-90/94)"}},{"type":"Feature","geometry":{"type":"LineString","coordinates":[[-87.7299,41.82116],[-87.73011,41.82109],[-87.73055,41.82095],[-87.73094,41.82083],[-87.73141,41.82068],[-87.7316,41.82062]]},"properties":{"kind":"expressway","name":"Stevenson Expy (I-55)"}},{"type":"Feature","geometry":{"type":"LineString","coordinates":[[-87.6315,41.80915],[-87.63152,41.80908],[-87.63155,41.80901],[-87.63157,41.80893],[-87.6316,41.80878],[-87.63162,41.80863],[-87.63164,41.80852],[-87.63165,41.80836],[-87.63166,41.80821],[-87.63166,41.80807],[-87.63166,41.80793],[-87.63165,41.80778],[-87.63163,41.8076],[-87.63161,41.80739],[-87.63159,41.80723]]},"properties":{"kind":"expressway","name":"Dan Ryan Expy (I-90/94)"}},{"type":"Feature","geometry":{"type":"LineString","coordinates":[[-87.57582,41.74257],[-87.5757,41.74248],[-87.57536,41.74224],[-87.57464,41.74173],[-87.57457,41.74167]]},"properties":{"kind":"expressway","name":"Chicago Skyway (I-90)"}},{"type":"Feature","geometry":{"type":"LineString","coordinates":[[-87.6454,41.87633],[-87.6454,41.87632],[-87.6454,41.87628],[-87.64538,41.87617],[-87.64536,41.87606],[-87.64534,41.87595],[-87.64532,41.87582],[-87.64531,41.87581],[-87.6453,41.87573]]},"properties":{"kind":"expressway","name":"Kennedy Expy (I-90/94)"}},{"type":"Feature","geometry":{"type":"LineString","coordinates":[[-87.67304,41.83731],[-87.67459,41.83728],[-87.67529,41.83726],[-87.67545,41.83726]]},"properties":{"kind":"expressway","name":"Stevenson Expy (I-55)"}},{"type":"Feature","geometry":{"type":"LineString","coordinates":[[-87.72432,41.82291],[-87.72453,41.82285],[-87.72486,41.82274],[-87.72505,41.82268],[-87.72523,41.82263],[-87.72545,41.82256],[-87.72574,41.82247],[-87.72613,41.82234],[-87.72655,41.82221],[-87.72674,41.82215]]},"properties":{"kind":"expressway","name":"Stevenson Expy (I-55)"}},{"type":"Feature","geometry":{"type":"LineString","coordinates":[[-87.61048,41.76746],[-87.60979,41.76696],[-87.60923,41.76655],[-87.60844,41.76598],[-87.60823,41.76584]]},"properties":{"kind":"expressway","name":"Chicago Skyway (I-90)"}},{"type":"Feature","geometry":{"type":"LineString","coordinates":[[-87.59617,41.69633],[-87.59641,41.69588],[-87.59661,41.69553],[-87.59676,41.69527]]},"properties":{"kind":"expressway","name":"Bishop Ford Fwy (I-94)"}},{"type":"Feature","geometry":{"type":"LineString","coordinates":[[-87.88166,41.97997],[-87.88177,41.97992],[-87.88197,41.97984],[-87.88209,41.97979],[-87.88222,41.97973],[-87.88244,41.97964],[-87.88255,41.9796],[-87.8828,41.9795],[-87.88295,41.97945],[-87.88297,41.97944],[-87.88301,41.97942]]},"properties":{"kind":"expressway","name":"I-190 (O'Hare)"}},{"type":"Feature","geometry":{"type":"LineString","coordinates":[[-87.64707,41.9657],[-87.64713,41.96595],[-87.64714,41.966],[-87.64716,41.9661],[-87.64731,41.96674],[-87.64737,41.96713],[-87.6474,41.96725]]},"properties":{"kind":"expressway","name":"DuSable Lake Shore Dr"}},{"type":"Feature","geometry":{"type":"LineString","coordinates":[[-87.64034,41.84684],[-87.63989,41.84673],[-87.63906,41.84653],[-87.63837,41.84634]]},"properties":{"kind":"expressway","name":"Dan Ryan Expy (I-90/94)"}},{"type":"Feature","geometry":{"type":"LineString","coordinates":[[-87.64501,41.87435],[-87.64499,41.87428],[-87.64499,41.87426],[-87.64498,41.87421],[-87.64496,41.8741],[-87.64494,41.87396],[-87.64492,41.87381],[-87.64489,41.87361],[-87.64489,41.87359],[-87.64487,41.87347]]},"properties":{"kind":"expressway","name":"Dan Ryan Expy (I-90/94)"}},{"type":"Feature","geometry":{"type":"LineString","coordinates":[[-87.6301,41.77836],[-87.63,41.77819],[-87.62999,41.77818],[-87.62989,41.77804],[-87.62977,41.77788],[-87.62962,41.77771],[-87.6294,41.77749],[-87.62938,41.77747],[-87.62926,41.77736]]},"properties":{"kind":"expressway","name":"Chicago Skyway (I-90)"}},{"type":"Feature","geometry":{"type":"LineString","coordinates":[[-87.59528,41.81697],[-87.595,41.81661],[-87.59469,41.8162],[-87.59437,41.81578],[-87.59388,41.81519],[-87.59381,41.81511]]},"properties":{"kind":"expressway","name":"DuSable Lake Shore Dr"}},{"type":"Feature","geometry":{"type":"LineString","coordinates":[[-87.55778,41.7298],[-87.55767,41.72972],[-87.55746,41.72957],[-87.5573,41.72945],[-87.55699,41.72923],[-87.55663,41.72898],[-87.5562,41.72866],[-87.55579,41.72837],[-87.55573,41.72832],[-87.55556,41.72821]]},"properties":{"kind":"expressway","name":"Chicago Skyway (I-90)"}},{"type":"Feature","geometry":{"type":"LineString","coordinates":[[-87.63096,41.7942],[-87.63096,41.79411],[-87.63095,41.79396],[-87.63093,41.79371],[-87.63093,41.79354],[-87.63092,41.79324],[-87.63093,41.79302],[-87.63093,41.7927],[-87.63093,41.79261]]},"properties":{"kind":"expressway","name":"Dan Ryan Expy (I-90/94)"}},{"type":"Feature","geometry":{"type":"LineString","coordinates":[[-87.63366,41.8756],[-87.63371,41.87559],[-87.63377,41.87556],[-87.63385,41.87554],[-87.63391,41.87553],[-87.63406,41.87553],[-87.63443,41.87555],[-87.63459,41.87555],[-87.63469,41.87556]]},"properties":{"kind":"expressway","name":"Eisenhower Expy (I-290)"}},{"type":"Feature","geometry":{"type":"LineString","coordinates":[[-87.62629,41.91304],[-87.62637,41.9132],[-87.62644,41.91335],[-87.62676,41.91401],[-87.62693,41.91436],[-87.62715,41.9148],[-87.62724,41.91502],[-87.62732,41.9152]]},"properties":{"kind":"expressway","name":"DuSable Lake Shore Dr"}},{"type":"Feature","geometry":{"type":"LineString","coordinates":[[-87.53896,41.71537],[-87.53893,41.71535],[-87.53885,41.71532],[-87.53865,41.71523],[-87.53837,41.71511],[-87.5383,41.71509],[-87.53818,41.71504],[-87.53793,41.71494],[-87.5377,41.71484]]},"properties":{"kind":"expressway","name":"Chicago Skyway (I-90)"}},{"type":"Feature","geometry":{"type":"LineString","coordinates":[[-87.64769,41.96719],[-87.64769,41.96719],[-87.6477,41.96725],[-87.64773,41.96736],[-87.64777,41.96755],[-87.64783,41.96781]]},"properties":{"kind":"expressway","name":"DuSable Lake Shore Dr"}},{"type":"Feature","geometry":{"type":"LineString","coordinates":[[-87.61737,41.86938],[-87.61742,41.86928],[-87.61747,41.86918],[-87.61762,41.86897],[-87.61773,41.86885],[-87.61788,41.86871],[-87.61793,41.86866],[-87.61802,41.86856],[-87.61811,41.86847],[-87.61819,41.86839],[-87.61827,41.8683],[-87.61833,41.86824],[-87.61836,41.8682],[-87.61843,41.86812],[-87.61859,41.86795],[-87.61884,41.86766],[-87.6189,41.8676],[-87.61897,41.86751]]},"properties":{"kind":"expressway","name":"DuSable Lake Shore Dr"}},{"type":"Feature","geometry":{"type":"LineString","coordinates":[[-87.61048,41.76765],[-87.60982,41.76716],[-87.60888,41.76649],[-87.60822,41.76602],[-87.60798,41.76584]]},"properties":{"kind":"expressway","name":"Chicago Skyway (I-90)"}},{"type":"Feature","geometry":{"type":"LineString","coordinates":[[-87.75113,41.9903],[-87.75112,41.99042],[-87.75105,41.99132],[-87.75102,41.9915],[-87.7509,41.99261]]},"properties":{"kind":"expressway","name":"Edens Expy (I-94)"}},{"type":"Feature","geometry":{"type":"LineString","coordinates":[[-87.61882,41.86418],[-87.61878,41.86399],[-87.61876,41.86385],[-87.61871,41.86364],[-87.61865,41.86336],[-87.61865,41.86335]]},"properties":{"kind":"expressway","name":"DuSable Lake Shore Dr"}},{"type":"Feature","geometry":{"type":"LineString","coordinates":[[-87.63214,41.84754],[-87.63229,41.84754],[-87.63241,41.84754],[-87.63244,41.84754],[-87.63315,41.84752],[-87.63324,41.8475],[-87.63431,41.84744],[-87.63466,41.84743]]},"properties":{"kind":"expressway","name":"Stevenson Expy (I-55)"}},{"type":"Feature","geometry":{"type":"LineString","coordinates":[[-87.76451,41.8713],[-87.7646,41.87129],[-87.7648,41.87127],[-87.76503,41.87124],[-87.76512,41.87123],[-87.76545,41.87119],[-87.76586,41.87114],[-87.76624,41.8711],[-87.76696,41.87104],[-87.76728,41.87102]]},"properties":{"kind":"expressway","name":"Eisenhower Expy (I-290)"}},{"type":"Feature","geometry":{"type":"LineString","coordinates":[[-87.62514,41.7411],[-87.62513,41.74051],[-87.62513,41.74045],[-87.62511,41.73997]]},"properties":{"kind":"expressway","name":"Dan Ryan Expy (I-90/94)"}},{"type":"Feature","geometry":{"type":"LineString","coordinates":[[-87.74719,41.9634],[-87.74739,41.96346],[-87.74754,41.96351],[-87.74766,41.96354]]},"properties":{"kind":"expressway","name":"Kennedy Expy (I-90/94)"}},{"type":"Feature","geometry":{"type":"LineString","coordinates":[[-87.61402,41.85116],[-87.6139,41.85084],[-87.61389,41.85082],[-87.61372,41.85037],[-87.61363,41.85008],[-87.61361,41.84988],[-87.61361,41.84976],[-87.61364,41.84956]]},"properties":{"kind":"expressway","name":"Lsd Sb Stevenson Ob"}},{"type":"Feature","geometry":{"type":"LineString","coordinates":[[-87.68774,41.9276],[-87.68782,41.92764],[-87.68802,41.92777]]},"properties":{"kind":"expressway","name":"Kennedy Expy (I-90/94)"}},{"type":"Feature","geometry":{"type":"LineString","coordinates":[[-87.65307,41.98388],[-87.65308,41.98402],[-87.65309,41.98441],[-87.65309,41.98455],[-87.6531,41.9847],[-87.6531,41.98476],[-87.65311,41.98487],[-87.65312,41.98492],[-87.65315,41.98498],[-87.65317,41.98503],[-87.65321,41.98509],[-87.65328,41.98518],[-87.65336,41.98525],[-87.65347,41.98534],[-87.65349,41.98536],[-87.6535,41.9854],[-87.65352,41.98544],[-87.65353,41.98548]]},"properties":{"kind":"expressway","name":"DuSable Lake Shore Dr"}},{"type":"Feature","geometry":{"type":"LineString","coordinates":[[-87.64349,41.84846],[-87.6434,41.84836],[-87.64331,41.84825],[-87.64322,41.84817],[-87.64316,41.84811]]},"properties":{"kind":"expressway","name":"Dan Ryan Expy (I-90/94)"}},{"type":"Feature","geometry":{"type":"LineString","coordinates":[[-87.769,41.97415],[-87.76976,41.97458],[-87.76984,41.97462],[-87.77011,41.97478],[-87.77042,41.97495],[-87.77079,41.97516],[-87.77102,41.97529],[-87.77126,41.97542],[-87.77152,41.97557],[-87.77173,41.97569]]},"properties":{"kind":"expressway","name":"Kennedy Expy (I-90/94)"}},{"type":"Feature","geometry":{"type":"LineString","coordinates":[[-87.63154,41.78544],[-87.63155,41.78533],[-87.63155,41.78506],[-87.63154,41.78437],[-87.63152,41.78379],[-87.63151,41.78349]]},"properties":{"kind":"expressway","name":"Dan Ryan Expy (I-90/94)"}},{"type":"Feature","geometry":{"type":"LineString","coordinates":[[-87.87562,41.98219],[-87.87566,41.98217],[-87.87573,41.98215],[-87.87579,41.98212],[-87.8758,41.98212]]},"properties":{"kind":"expressway","name":"Kennedy Expy (I-90/94)"}},{"type":"Feature","geometry":{"type":"LineString","coordinates":[[-87.64663,41.9639],[-87.64664,41.96391],[-87.64669,41.96418],[-87.64669,41.96419]]},"properties":{"kind":"expressway","name":"DuSable Lake Shore Dr"}},{"type":"Feature","geometry":{"type":"LineString","coordinates":[[-87.6248,41.72904],[-87.6248,41.72894],[-87.62479,41.72878],[-87.62478,41.72818],[-87.62477,41.72779],[-87.62476,41.72746],[-87.62475,41.72724]]},"properties":{"kind":"expressway","name":"Dan Ryan Expy (I-90/94)"}},{"type":"Feature","geometry":{"type":"LineString","coordinates":[[-87.52574,41.70453],[-87.52538,41.70415],[-87.52504,41.70377],[-87.52498,41.7037],[-87.52494,41.70366],[-87.52483,41.70353]]},"properties":{"kind":"expressway","name":"Chicago Skyway (I-90)"}},{"type":"Feature","geometry":{"type":"LineString","coordinates":[[-87.62463,41.72277],[-87.62463,41.72272],[-87.62462,41.72247],[-87.6246,41.72203],[-87.6246,41.72188],[-87.6246,41.72163]]},"properties":{"kind":"expressway","name":"Dan Ryan Expy (I-90/94)"}},{"type":"Feature","geometry":{"type":"LineString","coordinates":[[-87.62511,41.73997],[-87.62508,41.73919],[-87.62505,41.73818]]},"properties":{"kind":"expressway","name":"Dan Ryan Expy (I-90/94)"}},{"type":"Feature","geometry":{"type":"LineString","coordinates":[[-87.65285,41.71226],[-87.65288,41.71221],[-87.65292,41.71214],[-87.65302,41.71197],[-87.65303,41.71195],[-87.65305,41.71191],[-87.65319,41.71159],[-87.65322,41.7115],[-87.65325,41.7114],[-87.65325,41.71139],[-87.65328,41.7113],[-87.65331,41.7112],[-87.65333,41.71108],[-87.65335,41.71097],[-87.65338,41.71082],[-87.65339,41.71071],[-87.6534,41.71056],[-87.6534,41.71046]]},"properties":{"kind":"expressway","name":"I-57"}},{"type":"Feature","geometry":{"type":"LineString","coordinates":[[-87.64694,41.9639],[-87.64694,41.96391],[-87.647,41.96418],[-87.64701,41.96425]]},"properties":{"kind":"expressway","name":"DuSable Lake Shore Dr"}},{"type":"Feature","geometry":{"type":"LineString","coordinates":[[-87.67785,41.83721],[-87.67789,41.83721],[-87.67814,41.8372]]},"properties":{"kind":"expressway","name":"Stevenson Expy (I-55)"}},{"type":"Feature","geometry":{"type":"LineString","coordinates":[[-87.63044,41.8291],[-87.63043,41.82876],[-87.63043,41.82844],[-87.63042,41.82814],[-87.63041,41.82792],[-87.63041,41.82765],[-87.6304,41.82739],[-87.6304,41.82733]]},"properties":{"kind":"expressway","name":"Dan Ryan Expy (I-90/94)"}},{"type":"Feature","geometry":{"type":"LineString","coordinates":[[-87.60823,41.76584],[-87.60776,41.76552],[-87.6077,41.76547]]},"properties":{"kind":"expressway","name":"Chicago Skyway (I-90)"}},{"type":"Feature","geometry":{"type":"LineString","coordinates":[[-87.61744,41.87838],[-87.61743,41.87813],[-87.61743,41.87802],[-87.61741,41.87711]]},"properties":{"kind":"expressway","name":"DuSable Lake Shore Dr"}},{"type":"Feature","geometry":{"type":"LineString","coordinates":[[-87.65137,41.9782],[-87.65145,41.97837],[-87.65166,41.9788],[-87.65185,41.97921],[-87.65197,41.97947],[-87.65199,41.97953],[-87.65202,41.97958],[-87.6522,41.97996],[-87.65224,41.98006]]},"properties":{"kind":"expressway","name":"DuSable Lake Shore Dr"}},{"type":"Feature","geometry":{"type":"LineString","coordinates":[[-87.68458,41.83572],[-87.685,41.83558]]},"properties":{"kind":"expressway","name":"Stevenson Expy (I-55)"}},{"type":"Feature","geometry":{"type":"LineString","coordinates":[[-87.62942,41.92027],[-87.62943,41.9203],[-87.62956,41.92092],[-87.62962,41.9212],[-87.62972,41.92152],[-87.62977,41.9217],[-87.62984,41.9219],[-87.62989,41.92207]]},"properties":{"kind":"expressway","name":"DuSable Lake Shore Dr"}},{"type":"Feature","geometry":{"type":"LineString","coordinates":[[-87.63139,41.83973],[-87.63133,41.83908],[-87.63133,41.83904]]},"properties":{"kind":"expressway","name":"Dan Ryan Expy (I-90/94)"}},{"type":"Feature","geometry":{"type":"LineString","coordinates":[[-87.65185,41.87533],[-87.65195,41.87534],[-87.6524,41.87536],[-87.65293,41.8754],[-87.65331,41.87542],[-87.65367,41.87544],[-87.65401,41.87545],[-87.65446,41.87547]]},"properties":{"kind":"expressway","name":"Eisenhower Expy (I-290)"}},{"type":"Feature","geometry":{"type":"LineString","coordinates":[[-87.63026,41.82192],[-87.63025,41.82171],[-87.63025,41.82161],[-87.63025,41.8216],[-87.63025,41.82132],[-87.63024,41.82105],[-87.63023,41.82077],[-87.63023,41.82053],[-87.63022,41.82027],[-87.63021,41.82007],[-87.63021,41.8199]]},"properties":{"kind":"expressway","name":"Dan Ryan Expy (I-90/94)"}},{"type":"Feature","geometry":{"type":"LineString","coordinates":[[-87.64505,41.86969],[-87.64503,41.86958],[-87.64502,41.86947],[-87.64497,41.86917],[-87.64494,41.86895]]},"properties":{"kind":"expressway","name":"Dan Ryan Expy (I-90/94)"}},{"type":"Feature","geometry":{"type":"LineString","coordinates":[[-87.64553,41.88141],[-87.64551,41.88097]]},"properties":{"kind":"expressway","name":"Kennedy Expy (I-90/94)"}},{"type":"Feature","geometry":{"type":"LineString","coordinates":[[-87.67046,41.91789],[-87.67071,41.91806],[-87.67084,41.91815],[-87.67107,41.9183],[-87.67139,41.9185],[-87.67178,41.91873],[-87.67211,41.91892],[-87.67253,41.91915],[-87.67291,41.91937],[-87.67335,41.91962],[-87.67344,41.91967]]},"properties":{"kind":"expressway","name":"Kennedy Expy (I-90/94)"}},{"type":"Feature","geometry":{"type":"LineString","coordinates":[[-87.63135,41.80723],[-87.63133,41.8071],[-87.63132,41.80694],[-87.63129,41.80673],[-87.63128,41.80661]]},"properties":{"kind":"expressway","name":"Dan Ryan Expy (I-90/94)"}},{"type":"Feature","geometry":{"type":"LineString","coordinates":[[-87.56397,41.73414],[-87.56387,41.73407],[-87.56306,41.73349],[-87.56247,41.73311],[-87.56187,41.73274],[-87.56164,41.73258],[-87.56125,41.73231],[-87.56122,41.73229],[-87.56112,41.73221],[-87.56105,41.73216],[-87.56099,41.73212]]},"properties":{"kind":"expressway","name":"Chicago Skyway (I-90)"}},{"type":"Feature","geometry":{"type":"LineString","coordinates":[[-87.63118,41.80183],[-87.63118,41.80181],[-87.63117,41.80169],[-87.63116,41.80144],[-87.63115,41.80119],[-87.63113,41.80096],[-87.63111,41.80037],[-87.63112,41.80008],[-87.63112,41.79996]]},"properties":{"kind":"expressway","name":"Dan Ryan Expy (I-90/94)"}},{"type":"Feature","geometry":{"type":"LineString","coordinates":[[-87.63538,41.84548],[-87.63459,41.84534],[-87.63429,41.84527]]},"properties":{"kind":"expressway","name":"Dan Ryan Expy (I-90/94)"}},{"type":"Feature","geometry":{"type":"LineString","coordinates":[[-87.68458,41.83542],[-87.68499,41.83528]]},"properties":{"kind":"expressway","name":"Stevenson Expy (I-55)"}},{"type":"Feature","geometry":{"type":"LineString","coordinates":[[-87.61732,41.88217],[-87.6172,41.88237],[-87.61705,41.88257],[-87.61693,41.8827],[-87.61676,41.88285],[-87.61654,41.883],[-87.61631,41.88313]]},"properties":{"kind":"expressway","name":"DuSable Lake Shore Dr"}},{"type":"Feature","geometry":{"type":"LineString","coordinates":[[-87.65464,41.84409],[-87.65494,41.84396],[-87.65553,41.84371],[-87.65602,41.8435]]},"properties":{"kind":"expressway","name":"Stevenson Expy (I-55)"}},{"type":"Feature","geometry":{"type":"LineString","coordinates":[[-87.64303,41.71482],[-87.64324,41.71481],[-87.64353,41.71481],[-87.64384,41.7148],[-87.64412,41.7148],[-87.64463,41.71479],[-87.64524,41.71479],[-87.64545,41.71478]]},"properties":{"kind":"expressway","name":"I-57"}},{"type":"Feature","geometry":{"type":"LineString","coordinates":[[-87.899,41.98094],[-87.899,41.98094],[-87.899,41.98095],[-87.89899,41.98098],[-87.89899,41.98098],[-87.89896,41.98105],[-87.89892,41.98113],[-87.89891,41.98115],[-87.8989,41.98117],[-87.89883,41.98126],[-87.89881,41.98128]]},"properties":{"kind":"expressway","name":"I-190 (O'Hare)"}},{"type":"Feature","geometry":{"type":"LineString","coordinates":[[-87.71438,41.82633],[-87.71524,41.82606],[-87.71574,41.8259],[-87.71588,41.82586],[-87.71603,41.82581],[-87.71644,41.82568],[-87.71677,41.82558],[-87.71684,41.82556]]},"properties":{"kind":"expressway","name":"Stevenson Expy (I-55)"}},{"type":"Feature","geometry":{"type":"LineString","coordinates":[[-87.54515,41.71919],[-87.54512,41.71917],[-87.54499,41.71907],[-87.54427,41.71858],[-87.54405,41.71843],[-87.5439,41.71833],[-87.54389,41.71832],[-87.54378,41.71824],[-87.54364,41.71815],[-87.54348,41.71804],[-87.54334,41.71795],[-87.5432,41.71785],[-87.54314,41.71781]]},"properties":{"kind":"expressway","name":"Chicago Skyway (I-90)"}},{"type":"Feature","geometry":{"type":"LineString","coordinates":[[-87.70458,41.82912],[-87.70488,41.82903],[-87.70505,41.82898],[-87.70531,41.8289],[-87.70562,41.8288],[-87.70603,41.82867],[-87.70635,41.82857],[-87.70674,41.82844],[-87.70683,41.82841],[-87.7069,41.82839]]},"properties":{"kind":"expressway","name":"Stevenson Expy (I-55)"}},{"type":"Feature","geometry":{"type":"LineString","coordinates":[[-87.6255,41.75275],[-87.62549,41.75265],[-87.62548,41.75226],[-87.62545,41.75188],[-87.62543,41.75151],[-87.62541,41.75118],[-87.62541,41.75116],[-87.6254,41.75094]]},"properties":{"kind":"expressway","name":"Dan Ryan Expy (I-90/94)"}},{"type":"Feature","geometry":{"type":"LineString","coordinates":[[-87.87597,41.98234],[-87.87647,41.98212]]},"properties":{"kind":"expressway","name":"I-190 (O'Hare)"}},{"type":"Feature","geometry":{"type":"LineString","coordinates":[[-87.61893,41.84796],[-87.6185,41.84797],[-87.61803,41.84797]]},"properties":{"kind":"expressway","name":"Stevenson Expy (I-55)"}},{"type":"Feature","geometry":{"type":"LineString","coordinates":[[-87.64569,41.87651],[-87.64568,41.87647],[-87.64568,41.87645],[-87.64567,41.87641]]},"properties":{"kind":"expressway","name":"Kennedy Expy (I-90/94)"}},{"type":"Feature","geometry":{"type":"LineString","coordinates":[[-87.59442,41.71094],[-87.59413,41.71069],[-87.59397,41.71055]]},"properties":{"kind":"expressway","name":"Bishop Ford Fwy (I-94)"}},{"type":"Feature","geometry":{"type":"LineString","coordinates":[[-87.64701,41.96425],[-87.64712,41.96481],[-87.64725,41.96536],[-87.64728,41.9655],[-87.64732,41.96567]]},"properties":{"kind":"expressway","name":"DuSable Lake Shore Dr"}},{"type":"Feature","geometry":{"type":"LineString","coordinates":[[-87.70205,41.82992],[-87.70343,41.82946],[-87.7037,41.82939],[-87.70401,41.8293],[-87.70431,41.82921],[-87.70431,41.82921],[-87.70458,41.82912]]},"properties":{"kind":"expressway","name":"Stevenson Expy (I-55)"}},{"type":"Feature","geometry":{"type":"LineString","coordinates":[[-87.70266,41.93656],[-87.70294,41.93672],[-87.7034,41.93699],[-87.70376,41.93719],[-87.70396,41.9373],[-87.70458,41.93762]]},"properties":{"kind":"expressway","name":"Kennedy Expy (I-90/94)"}},{"type":"Feature","geometry":{"type":"LineString","coordinates":[[-87.62486,41.71765],[-87.62484,41.71755],[-87.6248,41.71733],[-87.62474,41.71712],[-87.62464,41.71686],[-87.62459,41.71674],[-87.6245,41.71655],[-87.62444,41.71642],[-87.62436,41.71629],[-87.62433,41.71624]]},"properties":{"kind":"expressway","name":"Bishop Ford Fwy (I-94)"}},{"type":"Feature","geometry":{"type":"LineString","coordinates":[[-87.64593,41.88005],[-87.64589,41.87924]]},"properties":{"kind":"expressway","name":"Kennedy Expy (I-90/94)"}},{"type":"Feature","geometry":{"type":"LineString","coordinates":[[-87.63193,41.80723],[-87.63192,41.80709],[-87.63191,41.80694],[-87.63191,41.80692],[-87.6319,41.8067],[-87.63189,41.80661],[-87.63188,41.80645],[-87.63186,41.8062],[-87.63184,41.80597],[-87.63182,41.80561],[-87.63181,41.80552],[-87.63181,41.80551]]},"properties":{"kind":"expressway","name":"Dan Ryan Expy (I-90/94)"}},{"type":"Feature","geometry":{"type":"LineString","coordinates":[[-87.66343,41.83982],[-87.66367,41.83968],[-87.66408,41.83944],[-87.66439,41.83926]]},"properties":{"kind":"expressway","name":"Stevenson Expy (I-55)"}},{"type":"Feature","geometry":{"type":"LineString","coordinates":[[-87.59116,41.75374],[-87.59094,41.75358],[-87.59007,41.75296],[-87.58921,41.75234],[-87.58848,41.7518],[-87.58803,41.75148]]},"properties":{"kind":"expressway","name":"Chicago Skyway (I-90)"}},{"type":"Feature","geometry":{"type":"LineString","coordinates":[[-87.62602,41.76919],[-87.62602,41.76914],[-87.62602,41.76906],[-87.62601,41.76885],[-87.62601,41.76879]]},"properties":{"kind":"expressway","name":"Dan Ryan Expy (I-90/94)"}},{"type":"Feature","geometry":{"type":"LineString","coordinates":[[-87.62482,41.74547],[-87.62481,41.74516],[-87.6248,41.74476],[-87.62479,41.7443],[-87.62478,41.74394],[-87.62478,41.74379],[-87.62478,41.74373],[-87.62477,41.74366]]},"properties":{"kind":"expressway","name":"Dan Ryan Expy (I-90/94)"}},{"type":"Feature","geometry":{"type":"LineString","coordinates":[[-87.61687,41.89682],[-87.61705,41.89708],[-87.61745,41.89768]]},"properties":{"kind":"expressway","name":"DuSable Lake Shore Dr"}},{"type":"Feature","geometry":{"type":"LineString","coordinates":[[-87.71438,41.82604],[-87.71502,41.82584],[-87.71539,41.82572],[-87.71552,41.82568],[-87.71581,41.82559],[-87.71603,41.82552],[-87.71645,41.82539],[-87.71684,41.82526],[-87.71697,41.82522]]},"properties":{"kind":"expressway","name":"Stevenson Expy (I-55)"}},{"type":"Feature","geometry":{"type":"LineString","coordinates":[[-87.63947,41.94231],[-87.63964,41.94263],[-87.63972,41.94278],[-87.63979,41.94291],[-87.64007,41.9434]]},"properties":{"kind":"expressway","name":"DuSable Lake Shore Dr"}},{"type":"Feature","geometry":{"type":"LineString","coordinates":[[-87.70838,41.87397],[-87.7086,41.87396],[-87.70893,41.87394],[-87.70936,41.87393],[-87.70985,41.87393],[-87.71024,41.87392],[-87.71068,41.87391],[-87.7108,41.87391]]},"properties":{"kind":"expressway","name":"Eisenhower Expy (I-290)"}},{"type":"Feature","geometry":{"type":"LineString","coordinates":[[-87.58142,41.80257],[-87.5814,41.8023],[-87.5814,41.802],[-87.58137,41.80121],[-87.58137,41.80109]]},"properties":{"kind":"expressway","name":"DuSable Lake Shore Dr"}},{"type":"Feature","geometry":{"type":"LineString","coordinates":[[-87.75325,41.8717],[-87.75332,41.8717],[-87.75378,41.8717],[-87.75413,41.8717],[-87.75444,41.8717],[-87.7546,41.87169],[-87.75476,41.87169]]},"properties":{"kind":"expressway","name":"Eisenhower Expy (I-290)"}},{"type":"Feature","geometry":{"type":"LineString","coordinates":[[-87.60261,41.82765],[-87.60213,41.82727],[-87.60203,41.82719]]},"properties":{"kind":"expressway","name":"DuSable Lake Shore Dr"}},{"type":"Feature","geometry":{"type":"LineString","coordinates":[[-87.69245,41.83322],[-87.69254,41.83319],[-87.69277,41.83312],[-87.6931,41.83301],[-87.6933,41.83295],[-87.69362,41.83285],[-87.69387,41.83277],[-87.69415,41.83269],[-87.69442,41.8326],[-87.69454,41.83257],[-87.69482,41.83248],[-87.69489,41.83245]]},"properties":{"kind":"expressway","name":"Stevenson Expy (I-55)"}},{"type":"Feature","geometry":{"type":"LineString","coordinates":[[-87.5402,41.71584],[-87.54008,41.71577],[-87.54002,41.71573],[-87.53977,41.71559],[-87.5396,41.7155],[-87.5394,41.7154],[-87.53915,41.71529],[-87.53896,41.7152]]},"properties":{"kind":"expressway","name":"Chicago Skyway (I-90)"}},{"type":"Feature","geometry":{"type":"LineString","coordinates":[[-87.63068,41.83838],[-87.63068,41.83838],[-87.63067,41.8383],[-87.63067,41.83826]]},"properties":{"kind":"expressway","name":"Dan Ryan Expy (I-90/94)"}},{"type":"Feature","geometry":{"type":"LineString","coordinates":[[-87.6452,41.87527],[-87.6452,41.87523],[-87.64516,41.87504],[-87.64512,41.87486],[-87.6451,41.87473],[-87.64507,41.87461],[-87.64505,41.87454],[-87.64504,41.87452],[-87.64504,41.8745]]},"properties":{"kind":"expressway","name":"Dan Ryan Expy (I-90/94)"}},{"type":"Feature","geometry":{"type":"LineString","coordinates":[[-87.62665,41.84741],[-87.62634,41.8475],[-87.62627,41.84752],[-87.62622,41.84753]]},"properties":{"kind":"expressway","name":"Stevenson Expy (I-55)"}},{"type":"Feature","geometry":{"type":"LineString","coordinates":[[-87.81816,41.98324],[-87.81838,41.98329],[-87.81866,41.98333],[-87.81878,41.98335],[-87.81927,41.98345],[-87.8195,41.98348],[-87.81963,41.9835],[-87.81995,41.98354],[-87.82031,41.98358],[-87.82064,41.98363],[-87.82104,41.98368],[-87.82128,41.98371],[-87.82166,41.98376],[-87.82184,41.98379],[-87.8221,41.98382],[-87.82231,41.98385],[-87.82263,41.98389],[-87.82309,41.98395],[-87.82329,41.98397],[-87.8234,41.98399]]},"properties":{"kind":"expressway","name":"Kennedy Expy (I-90/94)"}},{"type":"Feature","geometry":{"type":"LineString","coordinates":[[-87.67652,41.92142],[-87.67686,41.92161],[-87.67689,41.92163],[-87.67718,41.9218],[-87.67744,41.92194],[-87.6775,41.92198],[-87.67779,41.92213]]},"properties":{"kind":"expressway","name":"Kennedy Expy (I-90/94)"}},{"type":"Feature","geometry":{"type":"LineString","coordinates":[[-87.60547,41.83028],[-87.60545,41.83026],[-87.60537,41.83015],[-87.60526,41.83001],[-87.60518,41.82991],[-87.60505,41.82976],[-87.60491,41.82961],[-87.60485,41.82954],[-87.6047,41.82938],[-87.60467,41.82936]]},"properties":{"kind":"expressway","name":"DuSable Lake Shore Dr"}},{"type":"Feature","geometry":{"type":"LineString","coordinates":[[-87.65429,41.69952],[-87.65433,41.69947],[-87.65434,41.69945],[-87.6545,41.69929],[-87.65466,41.69915],[-87.65466,41.69915],[-87.65475,41.69908]]},"properties":{"kind":"expressway","name":"I-57"}},{"type":"Feature","geometry":{"type":"LineString","coordinates":[[-87.64272,41.94776],[-87.64278,41.94787],[-87.64308,41.94838],[-87.64319,41.94857],[-87.64326,41.94869],[-87.64326,41.94869]]},"properties":{"kind":"expressway","name":"DuSable Lake Shore Dr"}},{"type":"Feature","geometry":{"type":"LineString","coordinates":[[-87.53176,41.71006],[-87.53176,41.71005],[-87.53129,41.70963],[-87.53112,41.70948],[-87.53095,41.70933],[-87.53048,41.70889],[-87.53039,41.70881],[-87.53019,41.70862],[-87.53001,41.70845],[-87.52993,41.70838],[-87.5298,41.70825]]},"properties":{"kind":"expressway","name":"Chicago Skyway (I-90)"}},{"type":"Feature","geometry":{"type":"LineString","coordinates":[[-87.63085,41.82051],[-87.63085,41.81989]]},"properties":{"kind":"expressway","name":"Dan Ryan Expy (I-90/94)"}},{"type":"Feature","geometry":{"type":"LineString","coordinates":[[-87.62029,41.71379],[-87.62026,41.71378],[-87.62024,41.71377],[-87.62012,41.71373],[-87.62005,41.7137],[-87.6199,41.71365],[-87.61964,41.71357],[-87.61937,41.7135],[-87.61915,41.71344],[-87.61881,41.71337],[-87.61879,41.71337]]},"properties":{"kind":"expressway","name":"I57 Expy"}},{"type":"Feature","geometry":{"type":"LineString","coordinates":[[-87.64789,41.71446],[-87.64792,41.71446],[-87.64803,41.71446],[-87.64823,41.71444],[-87.64836,41.71443],[-87.64853,41.71441],[-87.64863,41.7144],[-87.64873,41.71438],[-87.64889,41.71436],[-87.649,41.71433],[-87.64916,41.7143],[-87.64932,41.71426],[-87.64945,41.71423],[-87.64974,41.71414],[-87.64986,41.7141],[-87.65013,41.714],[-87.65026,41.71395],[-87.65032,41.71392]]},"properties":{"kind":"expressway","name":"I-57"}},{"type":"Feature","geometry":{"type":"LineString","coordinates":[[-87.6534,41.71046],[-87.6534,41.71043],[-87.6534,41.71024],[-87.6534,41.71002],[-87.65339,41.70983],[-87.65339,41.7096],[-87.65337,41.70904],[-87.65337,41.70904],[-87.65337,41.70883],[-87.65336,41.70863]]},"properties":{"kind":"expressway","name":"I-57"}},{"type":"Feature","geometry":{"type":"LineString","coordinates":[[-87.63334,41.71465],[-87.63346,41.71465],[-87.63371,41.71465],[-87.63433,41.71464],[-87.63468,41.71464],[-87.63511,41.71463],[-87.63575,41.71462]]},"properties":{"kind":"expressway","name":"I-57"}},{"type":"Feature","geometry":{"type":"LineString","coordinates":[[-87.71761,41.94553],[-87.71771,41.94571],[-87.71796,41.94615],[-87.71811,41.94641],[-87.71817,41.9465]]},"properties":{"kind":"expressway","name":"Kennedy Expy (I-90/94)"}},{"type":"Feature","geometry":{"type":"LineString","coordinates":[[-87.61436,41.85408],[-87.61426,41.85389],[-87.61399,41.85348],[-87.61387,41.85328],[-87.61377,41.8531],[-87.61372,41.85301]]},"properties":{"kind":"expressway","name":"DuSable Lake Shore Dr"}},{"type":"Feature","geometry":{"type":"LineString","coordinates":[[-87.75024,41.87137],[-87.7504,41.87137],[-87.75085,41.87136],[-87.75118,41.87136],[-87.7512,41.87136],[-87.75199,41.87137],[-87.75231,41.87136],[-87.75323,41.87135]]},"properties":{"kind":"expressway","name":"Eisenhower Expy (I-290)"}},{"type":"Feature","geometry":{"type":"LineString","coordinates":[[-87.61274,41.84865],[-87.6126,41.84879],[-87.61253,41.84889],[-87.61243,41.84903],[-87.61242,41.84904],[-87.61241,41.84907]]},"properties":{"kind":"expressway","name":"Stevenson Ib Lsd Nb"}},{"type":"Feature","geometry":{"type":"LineString","coordinates":[[-87.61897,41.86751],[-87.61903,41.86744],[-87.61921,41.86722],[-87.61923,41.86719],[-87.6193,41.86709],[-87.61942,41.86687],[-87.61948,41.86671],[-87.61952,41.8666],[-87.61955,41.86648],[-87.61956,41.86637],[-87.61958,41.86625],[-87.61958,41.86616],[-87.61957,41.86605],[-87.61956,41.86593],[-87.61954,41.8658]]},"properties":{"kind":"expressway","name":"DuSable Lake Shore Dr"}},{"type":"Feature","geometry":{"type":"LineString","coordinates":[[-87.58929,41.6604],[-87.58917,41.66027],[-87.58898,41.66004],[-87.58893,41.65999],[-87.58841,41.65938],[-87.58813,41.65906],[-87.58791,41.65881],[-87.58762,41.65846],[-87.58745,41.65827],[-87.5873,41.6581],[-87.58725,41.65804]]},"properties":{"kind":"expressway","name":"Bishop Ford Fwy (I-94)"}},{"type":"Feature","geometry":{"type":"LineString","coordinates":[[-87.63125,41.78134],[-87.63125,41.78124],[-87.63125,41.78108],[-87.63123,41.78045],[-87.63121,41.7801],[-87.63121,41.78006],[-87.63121,41.78001],[-87.63121,41.77998]]},"properties":{"kind":"expressway","name":"Dan Ryan Expy (I-90/94)"}},{"type":"Feature","geometry":{"type":"LineString","coordinates":[[-87.72785,41.95187],[-87.72786,41.95188],[-87.72854,41.95227],[-87.72946,41.95279],[-87.73046,41.95335],[-87.73085,41.95357],[-87.73094,41.95363]]},"properties":{"kind":"expressway","name":"Kennedy Expy (I-90/94)"}},{"type":"Feature","geometry":{"type":"LineString","coordinates":[[-87.64447,41.85996],[-87.64446,41.85948]]},"properties":{"kind":"expressway","name":"Dan Ryan Expy (I-90/94)"}},{"type":"Feature","geometry":{"type":"LineString","coordinates":[[-87.66185,41.6868],[-87.66186,41.68677],[-87.66192,41.6862],[-87.66194,41.68593],[-87.66196,41.68576],[-87.66196,41.68558],[-87.66196,41.68538]]},"properties":{"kind":"expressway","name":"I-57"}},{"type":"Feature","geometry":{"type":"LineString","coordinates":[[-87.74746,41.97086],[-87.74748,41.97191],[-87.74749,41.97248],[-87.74749,41.9725],[-87.7475,41.97263]]},"properties":{"kind":"expressway","name":"Edens Expy (I-94)"}},{"type":"Feature","geometry":{"type":"LineString","coordinates":[[-87.6139,41.89112],[-87.61391,41.89141],[-87.61393,41.89192]]},"properties":{"kind":"expressway","name":"DuSable Lake Shore Dr"}},{"type":"Feature","geometry":{"type":"LineString","coordinates":[[-87.63605,41.87571],[-87.63625,41.87571],[-87.63646,41.8757],[-87.63668,41.8757],[-87.63678,41.8757]]},"properties":{"kind":"expressway","name":"Eisenhower Expy (I-290)"}},{"type":"Feature","geometry":{"type":"LineString","coordinates":[[-87.63184,41.84415],[-87.6317,41.84401],[-87.63154,41.84384],[-87.6314,41.84368]]},"properties":{"kind":"expressway","name":"Dan Ryan Expy (I-90/94)"}},{"type":"Feature","geometry":{"type":"LineString","coordinates":[[-87.67815,41.837],[-87.67839,41.837],[-87.67876,41.83697],[-87.67914,41.83694],[-87.67923,41.83693],[-87.67955,41.83689],[-87.67999,41.8368],[-87.68027,41.83674]]},"properties":{"kind":"expressway","name":"Stevenson Expy (I-55)"}},{"type":"Feature","geometry":{"type":"LineString","coordinates":[[-87.75017,41.98475],[-87.75041,41.98504],[-87.75073,41.98545],[-87.75099,41.98591],[-87.75125,41.98667],[-87.75132,41.98722],[-87.75134,41.98765],[-87.75135,41.98809],[-87.75135,41.98814],[-87.75128,41.9887]]},"properties":{"kind":"expressway","name":"Edens Expy (I-94)"}},{"type":"Feature","geometry":{"type":"LineString","coordinates":[[-87.63082,41.81915],[-87.63081,41.81906],[-87.63079,41.81871],[-87.63079,41.81868],[-87.63078,41.8183],[-87.63078,41.8181]]},"properties":{"kind":"expressway","name":"Dan Ryan Expy (I-90/94)"}},{"type":"Feature","geometry":{"type":"LineString","coordinates":[[-87.75945,41.87125],[-87.75962,41.87125],[-87.75969,41.87125],[-87.76009,41.87125],[-87.76012,41.87125],[-87.76036,41.87124],[-87.76053,41.87124],[-87.76139,41.87125],[-87.76149,41.87125],[-87.7615,41.87125]]},"properties":{"kind":"expressway","name":"Eisenhower Expy (I-290)"}},{"type":"Feature","geometry":{"type":"LineString","coordinates":[[-87.63031,41.83462],[-87.63031,41.83379],[-87.63031,41.83372],[-87.63031,41.8336],[-87.6303,41.83337],[-87.63026,41.83302],[-87.63026,41.83295],[-87.63026,41.83291]]},"properties":{"kind":"expressway","name":"Dan Ryan Expy (I-90/94)"}},{"type":"Feature","geometry":{"type":"LineString","coordinates":[[-87.66188,41.68195],[-87.66188,41.6819],[-87.66186,41.68151],[-87.66183,41.68116]]},"properties":{"kind":"expressway","name":"I-57"}},{"type":"Feature","geometry":{"type":"LineString","coordinates":[[-87.84645,41.98406],[-87.84855,41.98398],[-87.84871,41.98398],[-87.84919,41.98398],[-87.84974,41.98399],[-87.84999,41.984],[-87.85023,41.98401],[-87.85047,41.98402],[-87.8507,41.98403],[-87.85135,41.98408],[-87.85168,41.98411],[-87.85196,41.98413],[-87.85224,41.98417],[-87.85243,41.98419],[-87.85371,41.98442],[-87.85473,41.98465],[-87.8549,41.9847],[-87.85492,41.98471],[-87.85504,41.98474]]},"properties":{"kind":"expressway","name":"Ob Northwest"}},{"type":"Feature","geometry":{"type":"LineString","coordinates":[[-87.6406,41.71485],[-87.64151,41.71483],[-87.64229,41.71482],[-87.64284,41.71482],[-87.64303,41.71482]]},"properties":{"kind":"expressway","name":"I-57"}},{"type":"Feature","geometry":{"type":"LineString","coordinates":[[-87.75851,41.9692],[-87.75892,41.96945],[-87.75903,41.96951]]},"properties":{"kind":"expressway","name":"Kennedy Expy (I-90/94)"}},{"type":"Feature","geometry":{"type":"LineString","coordinates":[[-87.63039,41.84266],[-87.63037,41.84256],[-87.63032,41.84233],[-87.63029,41.84211],[-87.63027,41.84186],[-87.63028,41.84149],[-87.63028,41.84122]]},"properties":{"kind":"expressway","name":"Dan Ryan Expy (I-90/94)"}},{"type":"Feature","geometry":{"type":"LineString","coordinates":[[-87.63021,41.8199],[-87.63021,41.81978],[-87.6302,41.81952],[-87.6302,41.81928],[-87.6302,41.81924],[-87.6302,41.81923],[-87.63019,41.81915]]},"properties":{"kind":"expressway","name":"Dan Ryan Expy (I-90/94)"}},{"type":"Feature","geometry":{"type":"LineString","coordinates":[[-87.61997,41.77439],[-87.61974,41.77426],[-87.61942,41.77406],[-87.61916,41.77387],[-87.61889,41.77367],[-87.61848,41.77335],[-87.61795,41.77293]]},"properties":{"kind":"expressway","name":"Chicago Skyway (I-90)"}},{"type":"Feature","geometry":{"type":"LineString","coordinates":[[-87.62139,41.71376],[-87.62137,41.71375],[-87.62115,41.71366],[-87.62084,41.71355],[-87.6206,41.71348],[-87.6204,41.71343],[-87.6204,41.71343],[-87.62032,41.71341],[-87.62024,41.71339]]},"properties":{"kind":"expressway","name":"Bishop Ford Fwy (I-94)"}},{"type":"Feature","geometry":{"type":"LineString","coordinates":[[-87.76941,41.87099],[-87.77047,41.87099]]},"properties":{"kind":"expressway","name":"Eisenhower Expy (I-290)"}},{"type":"Feature","geometry":{"type":"LineString","coordinates":[[-87.60072,41.68747],[-87.60102,41.68689]]},"properties":{"kind":"expressway","name":"Bishop Ford Fwy (I-94)"}},{"type":"Feature","geometry":{"type":"LineString","coordinates":[[-87.63586,41.87558],[-87.63595,41.87558]]},"properties":{"kind":"expressway","name":"Eisenhower Expy (I-290)"}},{"type":"Feature","geometry":{"type":"LineString","coordinates":[[-87.63109,41.80505],[-87.63108,41.80444],[-87.63106,41.80399],[-87.63106,41.80397],[-87.63105,41.80375],[-87.63105,41.80369]]},"properties":{"kind":"expressway","name":"Dan Ryan Expy (I-90/94)"}},{"type":"Feature","geometry":{"type":"LineString","coordinates":[[-87.77047,41.87099],[-87.77057,41.87099],[-87.77066,41.87101],[-87.77071,41.87104],[-87.77081,41.87107],[-87.77089,41.87107],[-87.77113,41.87108],[-87.77136,41.87109],[-87.7716,41.8711],[-87.77183,41.87111]]},"properties":{"kind":"expressway","name":"Eisenhower Expy (I-290)"}},{"type":"Feature","geometry":{"type":"LineString","coordinates":[[-87.64864,41.87574],[-87.64956,41.87572]]},"properties":{"kind":"expressway","name":"Eisenhower Expy (I-290)"}},{"type":"Feature","geometry":{"type":"LineString","coordinates":[[-87.64558,41.87542],[-87.64582,41.87542],[-87.6459,41.87542],[-87.64607,41.87542],[-87.64638,41.87542],[-87.64657,41.87541],[-87.64666,41.87541],[-87.64672,41.87541]]},"properties":{"kind":"expressway","name":"Eisenhower Expy (I-290)"}},{"type":"Feature","geometry":{"type":"LineString","coordinates":[[-87.6315,41.7831],[-87.63148,41.78238],[-87.63147,41.78171],[-87.63147,41.7817]]},"properties":{"kind":"expressway","name":"Dan Ryan Expy (I-90/94)"}},{"type":"Feature","geometry":{"type":"LineString","coordinates":[[-87.60783,41.83606],[-87.60783,41.83592],[-87.60783,41.83568],[-87.60782,41.83555],[-87.6078,41.83536],[-87.60778,41.83513],[-87.60776,41.83502],[-87.60773,41.83484],[-87.60773,41.83482]]},"properties":{"kind":"expressway","name":"DuSable Lake Shore Dr"}},{"type":"Feature","geometry":{"type":"LineString","coordinates":[[-87.66223,41.68679],[-87.66236,41.68586],[-87.66238,41.68512],[-87.66237,41.68493],[-87.66237,41.68482]]},"properties":{"kind":"expressway","name":"I-57"}},{"type":"Feature","geometry":{"type":"LineString","coordinates":[[-87.642,41.87545],[-87.642,41.87545],[-87.64211,41.87545],[-87.64225,41.87545],[-87.64246,41.87544],[-87.64246,41.87544]]},"properties":{"kind":"expressway","name":"Eisenhower Expy (I-290)"}},{"type":"Feature","geometry":{"type":"LineString","coordinates":[[-87.66429,41.83907],[-87.66462,41.83888],[-87.6651,41.83862],[-87.6654,41.83843],[-87.66577,41.83823],[-87.66577,41.83823]]},"properties":{"kind":"expressway","name":"Stevenson Expy (I-55)"}},{"type":"Feature","geometry":{"type":"LineString","coordinates":[[-87.61865,41.86335],[-87.61861,41.86319],[-87.61855,41.86294],[-87.61851,41.86277],[-87.61847,41.86265],[-87.61843,41.86248],[-87.61838,41.86231],[-87.61838,41.86231],[-87.61832,41.86212]]},"properties":{"kind":"expressway","name":"DuSable Lake Shore Dr"}},{"type":"Feature","geometry":{"type":"LineString","coordinates":[[-87.74914,41.98336],[-87.74947,41.98373]]},"properties":{"kind":"expressway","name":"Edens Expy (I-94)"}},{"type":"Feature","geometry":{"type":"LineString","coordinates":[[-87.74413,41.96225],[-87.74477,41.96278],[-87.74481,41.96281],[-87.74493,41.96291],[-87.74503,41.96299],[-87.74518,41.9631],[-87.7453,41.9632],[-87.74544,41.96331],[-87.74556,41.9634],[-87.74577,41.96358],[-87.74592,41.96373],[-87.74605,41.96387],[-87.74612,41.96396],[-87.74619,41.96404],[-87.74628,41.96417],[-87.74638,41.96431],[-87.74644,41.9644]]},"properties":{"kind":"expressway","name":"Edens Expy (I-94)"}},{"type":"Feature","geometry":{"type":"LineString","coordinates":[[-87.69859,41.87516],[-87.69865,41.87515],[-87.69894,41.87514],[-87.69943,41.87511],[-87.69988,41.87508],[-87.70033,41.87504],[-87.7007,41.875],[-87.70092,41.87498],[-87.70104,41.87496]]},"properties":{"kind":"expressway","name":"Eisenhower Expy (I-290)"}},{"type":"Feature","geometry":{"type":"LineString","coordinates":[[-87.61422,41.89192],[-87.61422,41.89207],[-87.61421,41.89236],[-87.61421,41.89264],[-87.61422,41.89266]]},"properties":{"kind":"expressway","name":"DuSable Lake Shore Dr"}},{"type":"Feature","geometry":{"type":"LineString","coordinates":[[-87.64615,41.8853],[-87.64619,41.88559],[-87.64619,41.88562],[-87.6462,41.88569]]},"properties":{"kind":"expressway","name":"Kennedy Expy (I-90/94)"}},{"type":"Feature","geometry":{"type":"LineString","coordinates":[[-87.62622,41.77271],[-87.6262,41.77265],[-87.62619,41.77257],[-87.62617,41.77247],[-87.62615,41.77231]]},"properties":{"kind":"expressway","name":"Dan Ryan Expy (I-90/94)"}},{"type":"Feature","geometry":{"type":"LineString","coordinates":[[-87.60987,41.84142],[-87.60947,41.8405],[-87.60937,41.84032],[-87.60928,41.84008]]},"properties":{"kind":"expressway","name":"DuSable Lake Shore Dr"}},{"type":"Feature","geometry":{"type":"LineString","coordinates":[[-87.70947,41.82787],[-87.70966,41.82781],[-87.71013,41.82766],[-87.71062,41.82751],[-87.71105,41.82738],[-87.71147,41.82724],[-87.71182,41.82713]]},"properties":{"kind":"expressway","name":"Stevenson Expy (I-55)"}},{"type":"Feature","geometry":{"type":"LineString","coordinates":[[-87.69636,41.93224],[-87.69653,41.93234],[-87.69663,41.9324],[-87.69703,41.93263],[-87.6973,41.93279],[-87.69735,41.93282],[-87.69764,41.93299]]},"properties":{"kind":"expressway","name":"Kennedy Expy (I-90/94)"}},{"type":"Feature","geometry":{"type":"LineString","coordinates":[[-87.61472,41.89365],[-87.61483,41.89382],[-87.61498,41.89403],[-87.61506,41.89416],[-87.61516,41.89431],[-87.61523,41.89441]]},"properties":{"kind":"expressway","name":"DuSable Lake Shore Dr"}},{"type":"Feature","geometry":{"type":"LineString","coordinates":[[-87.63185,41.92763],[-87.6319,41.92783],[-87.63196,41.92803],[-87.63202,41.92828],[-87.6321,41.9287],[-87.63214,41.92901],[-87.63214,41.92908],[-87.63216,41.92979]]},"properties":{"kind":"expressway","name":"DuSable Lake Shore Dr"}},{"type":"Feature","geometry":{"type":"LineString","coordinates":[[-87.63112,41.79996],[-87.63111,41.79977],[-87.63111,41.79959],[-87.6311,41.79928],[-87.63109,41.799],[-87.63109,41.79871],[-87.63108,41.79866],[-87.63108,41.79845],[-87.63107,41.79821]]},"properties":{"kind":"expressway","name":"Dan Ryan Expy (I-90/94)"}},{"type":"Feature","geometry":{"type":"LineString","coordinates":[[-87.61853,41.86208],[-87.61825,41.86131],[-87.61809,41.86092],[-87.618,41.86071]]},"properties":{"kind":"expressway","name":"DuSable Lake Shore Dr"}},{"type":"Feature","geometry":{"type":"LineString","coordinates":[[-87.61803,41.84797],[-87.61774,41.84798]]},"properties":{"kind":"expressway","name":"Stevenson Expy (I-55)"}},{"type":"Feature","geometry":{"type":"LineString","coordinates":[[-87.76869,41.97365],[-87.76909,41.97389],[-87.76931,41.97401],[-87.76949,41.97411],[-87.76958,41.97416],[-87.76976,41.97426],[-87.76979,41.97427],[-87.76994,41.97436],[-87.77059,41.9747]]},"properties":{"kind":"expressway","name":"Kennedy Expy (I-90/94)"}},{"type":"Feature","geometry":{"type":"LineString","coordinates":[[-87.71323,41.87424],[-87.71337,41.87424],[-87.71385,41.87423],[-87.71434,41.87422],[-87.71483,41.87422],[-87.7154,41.87422],[-87.71556,41.87421],[-87.71568,41.87421]]},"properties":{"kind":"expressway","name":"Eisenhower Expy (I-290)"}},{"type":"Feature","geometry":{"type":"LineString","coordinates":[[-87.63006,41.77694],[-87.62996,41.77683],[-87.62979,41.77664],[-87.62979,41.77664],[-87.62967,41.77651]]},"properties":{"kind":"expressway","name":"Dan Ryan Expy (I-90/94)"}},{"type":"Feature","geometry":{"type":"LineString","coordinates":[[-87.64559,41.88376],[-87.64561,41.88398]]},"properties":{"kind":"expressway","name":"Kennedy Expy (I-90/94)"}},{"type":"Feature","geometry":{"type":"LineString","coordinates":[[-87.63152,41.7926],[-87.63151,41.79245],[-87.63151,41.79229],[-87.63151,41.79216],[-87.63151,41.79214],[-87.63152,41.79111]]},"properties":{"kind":"expressway","name":"Dan Ryan Expy (I-90/94)"}},{"type":"Feature","geometry":{"type":"LineString","coordinates":[[-87.68742,41.83453],[-87.68748,41.83451],[-87.68819,41.83429]]},"properties":{"kind":"expressway","name":"Stevenson Expy (I-55)"}},{"type":"Feature","geometry":{"type":"LineString","coordinates":[[-87.72026,41.94832],[-87.72032,41.94835],[-87.72054,41.94844],[-87.72076,41.94853],[-87.72132,41.94877],[-87.72194,41.94907],[-87.72242,41.94933],[-87.72269,41.94947],[-87.72307,41.94969],[-87.72352,41.94995],[-87.7238,41.95011]]},"properties":{"kind":"expressway","name":"Kennedy Expy (I-90/94)"}},{"type":"Feature","geometry":{"type":"LineString","coordinates":[[-87.62933,41.77663],[-87.62912,41.77648],[-87.62883,41.77626],[-87.6284,41.77595],[-87.62816,41.77577],[-87.62796,41.77559],[-87.62775,41.7754],[-87.62761,41.77527]]},"properties":{"kind":"expressway","name":"Dan Ryan Expy (I-90/94)"}},{"type":"Feature","geometry":{"type":"LineString","coordinates":[[-87.79643,41.98256],[-87.79822,41.98254],[-87.79872,41.98254],[-87.7993,41.98253],[-87.79966,41.98253],[-87.79997,41.98253],[-87.80035,41.98253],[-87.80078,41.98252],[-87.80102,41.98252],[-87.80114,41.98252]]},"properties":{"kind":"expressway","name":"Kennedy Expy (I-90/94)"}},{"type":"Feature","geometry":{"type":"LineString","coordinates":[[-87.59732,41.82012],[-87.59713,41.81986],[-87.59686,41.81951],[-87.59673,41.81933],[-87.59649,41.81902],[-87.59645,41.81897],[-87.59625,41.81872],[-87.59619,41.81863]]},"properties":{"kind":"expressway","name":"DuSable Lake Shore Dr"}},{"type":"Feature","geometry":{"type":"LineString","coordinates":[[-87.64326,41.94869],[-87.64357,41.9492],[-87.64385,41.94967],[-87.64391,41.94976],[-87.64403,41.94995],[-87.64416,41.95018],[-87.64422,41.95026],[-87.64432,41.95044],[-87.64437,41.95051]]},"properties":{"kind":"expressway","name":"DuSable Lake Shore Dr"}},{"type":"Feature","geometry":{"type":"LineString","coordinates":[[-87.73577,41.95688],[-87.73619,41.95711],[-87.73626,41.95715],[-87.73679,41.95743],[-87.73704,41.95757],[-87.73727,41.95769],[-87.73729,41.9577],[-87.73749,41.95782],[-87.73769,41.95793],[-87.7379,41.95805],[-87.73802,41.95812],[-87.73832,41.95829]]},"properties":{"kind":"expressway","name":"Kennedy Expy (I-90/94)"}},{"type":"Feature","geometry":{"type":"LineString","coordinates":[[-87.6986,41.8756],[-87.69882,41.87559],[-87.69911,41.87557],[-87.69947,41.87553],[-87.6998,41.8755],[-87.7001,41.87546],[-87.70044,41.87542],[-87.70072,41.87538],[-87.70093,41.87535],[-87.70105,41.87533]]},"properties":{"kind":"expressway","name":"Eisenhower Expy (I-290)"}},{"type":"Feature","geometry":{"type":"LineString","coordinates":[[-87.68819,41.83429],[-87.68832,41.83425],[-87.68843,41.8342],[-87.6887,41.83411],[-87.68932,41.83392],[-87.68987,41.83375]]},"properties":{"kind":"expressway","name":"Stevenson Expy (I-55)"}},{"type":"Feature","geometry":{"type":"LineString","coordinates":[[-87.58158,41.80063],[-87.58157,41.80053],[-87.58154,41.80032],[-87.58151,41.80009],[-87.58146,41.79981],[-87.58143,41.79967]]},"properties":{"kind":"expressway","name":"DuSable Lake Shore Dr"}},{"type":"Feature","geometry":{"type":"LineString","coordinates":[[-87.60203,41.82719],[-87.60178,41.82699],[-87.6016,41.82683],[-87.60142,41.82665],[-87.60128,41.8265],[-87.60102,41.82618],[-87.60088,41.82599],[-87.60087,41.82597]]},"properties":{"kind":"expressway","name":"DuSable Lake Shore Dr"}},{"type":"Feature","geometry":{"type":"LineString","coordinates":[[-87.62369,41.84807],[-87.62357,41.84808],[-87.62356,41.84809],[-87.62346,41.84809],[-87.62324,41.8481],[-87.62249,41.84812],[-87.6222,41.84812]]},"properties":{"kind":"expressway","name":"Stevenson Expy (I-55)"}},{"type":"Feature","geometry":{"type":"LineString","coordinates":[[-87.64534,41.87196],[-87.64531,41.8717],[-87.64526,41.87138],[-87.64515,41.87045]]},"properties":{"kind":"expressway","name":"Dan Ryan Expy (I-90/94)"}},{"type":"Feature","geometry":{"type":"LineString","coordinates":[[-87.83723,41.98449],[-87.83742,41.98449],[-87.83831,41.98444],[-87.83866,41.98442],[-87.83903,41.98441],[-87.83921,41.9844],[-87.83961,41.98438],[-87.83989,41.98436],[-87.84075,41.98434],[-87.84078,41.98434],[-87.84116,41.98432],[-87.84125,41.98431],[-87.8418,41.98428],[-87.8418,41.98428]]},"properties":{"kind":"expressway","name":"Kennedy Expy (I-90/94)"}},{"type":"Feature","geometry":{"type":"LineString","coordinates":[[-87.62304,41.71542],[-87.623,41.7154],[-87.62294,41.71537],[-87.6229,41.71536],[-87.62271,41.71526],[-87.62258,41.71518],[-87.6224,41.71506],[-87.62144,41.71438],[-87.62114,41.7142],[-87.62092,41.71408],[-87.62073,41.71398],[-87.62058,41.71391],[-87.62047,41.71386],[-87.62046,41.71386],[-87.62037,41.71382],[-87.62029,41.71379]]},"properties":{"kind":"expressway","name":"I57 Expy"}},{"type":"Feature","geometry":{"type":"LineString","coordinates":[[-87.6453,41.87573],[-87.6453,41.87572],[-87.64528,41.87565],[-87.64526,41.87557],[-87.64525,41.87552],[-87.64524,41.87544]]},"properties":{"kind":"expressway","name":"Kennedy Expy (I-90/94)"}},{"type":"Feature","geometry":{"type":"LineString","coordinates":[[-87.59954,41.69011],[-87.59974,41.68975],[-87.6,41.68928],[-87.60009,41.6891]]},"properties":{"kind":"expressway","name":"Bishop Ford Fwy (I-94)"}},{"type":"Feature","geometry":{"type":"LineString","coordinates":[[-87.75737,41.87166],[-87.75757,41.87166],[-87.75763,41.87166],[-87.75805,41.87165],[-87.75841,41.87164],[-87.75883,41.87164],[-87.75884,41.87164]]},"properties":{"kind":"expressway","name":"Eisenhower Expy (I-290)"}},{"type":"Feature","geometry":{"type":"LineString","coordinates":[[-87.53649,41.71426],[-87.53627,41.71414],[-87.536,41.71398],[-87.53589,41.71391]]},"properties":{"kind":"expressway","name":"Chicago Skyway (I-90)"}},{"type":"Feature","geometry":{"type":"LineString","coordinates":[[-87.63084,41.78725],[-87.63084,41.78713],[-87.63084,41.78702],[-87.63086,41.78683],[-87.63086,41.78676],[-87.63089,41.78629],[-87.6309,41.78565],[-87.6309,41.78544]]},"properties":{"kind":"expressway","name":"Dan Ryan Expy (I-90/94)"}},{"type":"Feature","geometry":{"type":"LineString","coordinates":[[-87.6153,41.8556],[-87.61517,41.85531],[-87.61516,41.85531]]},"properties":{"kind":"expressway","name":"DuSable Lake Shore Dr"}},{"type":"Feature","geometry":{"type":"LineString","coordinates":[[-87.63073,41.81643],[-87.63073,41.8164],[-87.63073,41.81634],[-87.63072,41.81578],[-87.63071,41.8152],[-87.63071,41.81479],[-87.6307,41.81447]]},"properties":{"kind":"expressway","name":"Dan Ryan Expy (I-90/94)"}},{"type":"Feature","geometry":{"type":"LineString","coordinates":[[-87.63187,41.71466],[-87.63222,41.71467],[-87.6329,41.71466],[-87.63328,41.71465],[-87.63334,41.71465]]},"properties":{"kind":"expressway","name":"I-57"}},{"type":"Feature","geometry":{"type":"LineString","coordinates":[[-87.54709,41.721],[-87.54706,41.72097],[-87.54705,41.72095],[-87.54693,41.72084]]},"properties":{"kind":"expressway","name":"Chicago Skyway (I-90)"}},{"type":"Feature","geometry":{"type":"LineString","coordinates":[[-87.74664,41.96286],[-87.74672,41.96289],[-87.74682,41.96293],[-87.74699,41.963]]},"properties":{"kind":"expressway","name":"Kennedy Expy (I-90/94)"}},{"type":"Feature","geometry":{"type":"LineString","coordinates":[[-87.65299,41.70865],[-87.65298,41.70831],[-87.65297,41.70794],[-87.65296,41.70757],[-87.65295,41.70712],[-87.65294,41.70692],[-87.65294,41.70683]]},"properties":{"kind":"expressway","name":"I-57"}},{"type":"Feature","geometry":{"type":"LineString","coordinates":[[-87.63093,41.83461],[-87.63092,41.83452],[-87.63092,41.83439],[-87.63091,41.83411],[-87.63091,41.8338],[-87.6309,41.83348],[-87.6309,41.83333],[-87.63089,41.83316],[-87.63089,41.83296],[-87.63089,41.8329]]},"properties":{"kind":"expressway","name":"Dan Ryan Expy (I-90/94)"}},{"type":"Feature","geometry":{"type":"LineString","coordinates":[[-87.88659,41.97763],[-87.8869,41.97752],[-87.88719,41.9774],[-87.88738,41.97732],[-87.88761,41.97723],[-87.88782,41.97716],[-87.88803,41.97709],[-87.88818,41.97705],[-87.88833,41.97702],[-87.88858,41.97697],[-87.88863,41.97696],[-87.88877,41.97695],[-87.88895,41.97693],[-87.88911,41.97692],[-87.88926,41.97692],[-87.88933,41.97691],[-87.88952,41.97692],[-87.88978,41.97693],[-87.89012,41.97697],[-87.89064,41.97706]]},"properties":{"kind":"expressway","name":"I-190 (O'Hare)"}},{"type":"Feature","geometry":{"type":"LineString","coordinates":[[-87.59463,41.69918],[-87.59463,41.69918],[-87.59472,41.69902]]},"properties":{"kind":"expressway","name":"Bishop Ford Fwy (I-94)"}},{"type":"Feature","geometry":{"type":"LineString","coordinates":[[-87.71978,41.8738],[-87.71987,41.8738],[-87.72001,41.87379],[-87.72016,41.87379],[-87.72029,41.87379],[-87.72038,41.87379]]},"properties":{"kind":"expressway","name":"Eisenhower Expy (I-290)"}},{"type":"Feature","geometry":{"type":"LineString","coordinates":[[-87.68987,41.83375],[-87.68997,41.83372],[-87.69019,41.83365],[-87.69053,41.83354],[-87.69116,41.83334],[-87.69126,41.83331],[-87.69154,41.83322],[-87.69177,41.83315],[-87.69209,41.83305],[-87.69241,41.83295]]},"properties":{"kind":"expressway","name":"Stevenson Expy (I-55)"}},{"type":"Feature","geometry":{"type":"LineString","coordinates":[[-87.53896,41.7152],[-87.53892,41.71519],[-87.5389,41.71518],[-87.53871,41.7151],[-87.5385,41.71501],[-87.5383,41.71492],[-87.53806,41.71482],[-87.53783,41.71473],[-87.53769,41.71466]]},"properties":{"kind":"expressway","name":"Chicago Skyway (I-90)"}},{"type":"Feature","geometry":{"type":"LineString","coordinates":[[-87.66898,41.83722],[-87.66927,41.83718],[-87.66957,41.83717]]},"properties":{"kind":"expressway","name":"Stevenson Expy (I-55)"}},{"type":"Feature","geometry":{"type":"LineString","coordinates":[[-87.68855,41.92844],[-87.68913,41.92877],[-87.68918,41.9288],[-87.6894,41.92892],[-87.68947,41.92896],[-87.68951,41.92898],[-87.68991,41.9292],[-87.69018,41.92935],[-87.69033,41.92944],[-87.6905,41.92953],[-87.69073,41.92965],[-87.69075,41.92966],[-87.69081,41.92969],[-87.69094,41.92977],[-87.69108,41.92985],[-87.69129,41.92997]]},"properties":{"kind":"expressway","name":"Kennedy Expy (I-90/94)"}},{"type":"Feature","geometry":{"type":"LineString","coordinates":[[-87.70946,41.82759],[-87.70964,41.82753],[-87.71,41.82742],[-87.71086,41.82715],[-87.71121,41.82704],[-87.71147,41.82696],[-87.7118,41.82686]]},"properties":{"kind":"expressway","name":"Stevenson Expy (I-55)"}},{"type":"Feature","geometry":{"type":"LineString","coordinates":[[-87.70882,41.93999],[-87.70948,41.94034],[-87.70957,41.94039],[-87.70968,41.94046],[-87.70981,41.94053],[-87.70982,41.94053],[-87.70988,41.94056],[-87.70994,41.94059],[-87.71,41.94062],[-87.71008,41.94066],[-87.71015,41.94069],[-87.71023,41.94072],[-87.71036,41.94078],[-87.71043,41.94081],[-87.71048,41.94083],[-87.7106,41.94087],[-87.71066,41.94089],[-87.71074,41.94092],[-87.71093,41.94098],[-87.711,41.941],[-87.71112,41.94104],[-87.7113,41.94108],[-87.71138,41.9411],[-87.71148,41.94112],[-87.71153,41.94114]]},"properties":{"kind":"expressway","name":"Kennedy Expy (I-90/94)"}},{"type":"Feature","geometry":{"type":"LineString","coordinates":[[-87.65701,41.87619],[-87.65717,41.87619],[-87.65724,41.87619],[-87.65753,41.8762],[-87.65784,41.8762],[-87.65942,41.87617]]},"properties":{"kind":"expressway","name":"Eisenhower Expy (I-290)"}},{"type":"Feature","geometry":{"type":"LineString","coordinates":[[-87.64429,41.86176],[-87.64428,41.86127]]},"properties":{"kind":"expressway","name":"Dan Ryan Expy (I-90/94)"}},{"type":"Feature","geometry":{"type":"LineString","coordinates":[[-87.8758,41.98212],[-87.87587,41.98209],[-87.8759,41.98208],[-87.87596,41.98205],[-87.87601,41.98203],[-87.87616,41.98197],[-87.87636,41.98189]]},"properties":{"kind":"expressway","name":"I-190 (O'Hare)"}},{"type":"Feature","geometry":{"type":"LineString","coordinates":[[-87.74718,41.87143],[-87.74736,41.87142],[-87.74783,41.87142],[-87.74906,41.87139],[-87.7491,41.87139]]},"properties":{"kind":"expressway","name":"Eisenhower Expy (I-290)"}},{"type":"Feature","geometry":{"type":"LineString","coordinates":[[-87.59988,41.67273],[-87.59986,41.6727],[-87.5998,41.67263],[-87.59973,41.67255],[-87.59968,41.67249],[-87.59962,41.67242],[-87.59958,41.67238],[-87.59952,41.6723],[-87.59949,41.67227],[-87.59943,41.67221],[-87.59938,41.67214],[-87.59934,41.6721],[-87.59928,41.67203],[-87.5992,41.67194],[-87.59913,41.67186],[-87.59908,41.67179],[-87.599,41.67171],[-87.59893,41.67162],[-87.59883,41.67151],[-87.59875,41.67141],[-87.59862,41.67126],[-87.59855,41.67119],[-87.59852,41.67116]]},"properties":{"kind":"expressway","name":"Bishop Ford Fwy (I-94)"}},{"type":"Feature","geometry":{"type":"LineString","coordinates":[[-87.61464,41.85447],[-87.61436,41.85408]]},"properties":{"kind":"expressway","name":"DuSable Lake Shore Dr"}},{"type":"Feature","geometry":{"type":"LineString","coordinates":[[-87.75033,41.98468],[-87.75047,41.98484],[-87.75072,41.98516],[-87.75093,41.98549],[-87.75128,41.98618],[-87.75142,41.98658],[-87.7515,41.98692],[-87.75156,41.988],[-87.75156,41.98802]]},"properties":{"kind":"expressway","name":"Edens Expy (I-94)"}},{"type":"Feature","geometry":{"type":"LineString","coordinates":[[-87.62993,41.82001],[-87.62992,41.81975],[-87.62992,41.81954],[-87.62991,41.81916]]},"properties":{"kind":"expressway","name":"Dan Ryan Expy (I-90/94)"}},{"type":"Feature","geometry":{"type":"LineString","coordinates":[[-87.63084,41.83096],[-87.63084,41.83084],[-87.63083,41.83079],[-87.63083,41.83059],[-87.63082,41.83035],[-87.63082,41.83011],[-87.63081,41.82985],[-87.6308,41.82954],[-87.6308,41.82941],[-87.63079,41.82918],[-87.63079,41.8291]]},"properties":{"kind":"expressway","name":"Dan Ryan Expy (I-90/94)"}},{"type":"Feature","geometry":{"type":"LineString","coordinates":[[-87.68626,41.87579],[-87.6865,41.87578],[-87.68668,41.87578],[-87.68701,41.87578],[-87.68738,41.87578],[-87.68782,41.87577],[-87.68801,41.87577],[-87.68812,41.87577],[-87.68876,41.87576]]},"properties":{"kind":"expressway","name":"Eisenhower Expy (I-290)"}},{"type":"Feature","geometry":{"type":"LineString","coordinates":[[-87.64852,41.97078],[-87.64858,41.97101],[-87.64866,41.97141],[-87.64872,41.97165]]},"properties":{"kind":"expressway","name":"DuSable Lake Shore Dr"}},{"type":"Feature","geometry":{"type":"LineString","coordinates":[[-87.63169,41.80346],[-87.63167,41.80322],[-87.63165,41.80296],[-87.63163,41.80266],[-87.63161,41.80239],[-87.63159,41.80207],[-87.63158,41.80194],[-87.63158,41.80182]]},"properties":{"kind":"expressway","name":"Dan Ryan Expy (I-90/94)"}},{"type":"Feature","geometry":{"type":"LineString","coordinates":[[-87.64672,41.87541],[-87.64678,41.87541],[-87.64685,41.87541],[-87.64691,41.87541]]},"properties":{"kind":"expressway","name":"Eisenhower Expy (I-290)"}},{"type":"Feature","geometry":{"type":"LineString","coordinates":[[-87.63388,41.93664],[-87.634,41.93674],[-87.63419,41.93691],[-87.63441,41.9371],[-87.63468,41.93732],[-87.63488,41.93748],[-87.63527,41.93776]]},"properties":{"kind":"expressway","name":"DuSable Lake Shore Dr"}},{"type":"Feature","geometry":{"type":"LineString","coordinates":[[-87.64564,41.95711],[-87.64573,41.95739],[-87.64582,41.95766],[-87.64589,41.95786],[-87.64598,41.95813],[-87.64603,41.9583],[-87.64606,41.95841],[-87.64607,41.95847],[-87.64608,41.95849],[-87.64608,41.9585]]},"properties":{"kind":"expressway","name":"DuSable Lake Shore Dr"}},{"type":"Feature","geometry":{"type":"LineString","coordinates":[[-87.62463,41.73818],[-87.62462,41.73805],[-87.6246,41.7372],[-87.62459,41.73687],[-87.62458,41.73645],[-87.62458,41.7363]]},"properties":{"kind":"expressway","name":"Dan Ryan Expy (I-90/94)"}},{"type":"Feature","geometry":{"type":"LineString","coordinates":[[-87.61294,41.84911],[-87.61285,41.8489],[-87.61277,41.84872],[-87.61274,41.84865]]},"properties":{"kind":"expressway","name":"DuSable Lake Shore Dr"}},{"type":"Feature","geometry":{"type":"LineString","coordinates":[[-87.81684,41.98294],[-87.81695,41.98297],[-87.81695,41.98297],[-87.81732,41.98305],[-87.81769,41.98314],[-87.81816,41.98324]]},"properties":{"kind":"expressway","name":"Kennedy Expy (I-90/94)"}},{"type":"Feature","geometry":{"type":"LineString","coordinates":[[-87.64367,41.84841],[-87.64357,41.84829],[-87.64349,41.8482],[-87.6434,41.8481]]},"properties":{"kind":"expressway","name":"Dan Ryan Expy (I-90/94)"}},{"type":"Feature","geometry":{"type":"LineString","coordinates":[[-87.61278,41.85119],[-87.61272,41.85105],[-87.61258,41.85071],[-87.61246,41.85039],[-87.61235,41.85011],[-87.61232,41.84998],[-87.6123,41.8499],[-87.61227,41.84973],[-87.61227,41.8496]]},"properties":{"kind":"expressway","name":"Stevenson Ib Lsd Nb"}},{"type":"Feature","geometry":{"type":"LineString","coordinates":[[-87.73751,41.95723],[-87.73786,41.95744],[-87.73799,41.95751],[-87.73829,41.95768]]},"properties":{"kind":"expressway","name":"Kennedy Expy (I-90/94)"}},{"type":"Feature","geometry":{"type":"LineString","coordinates":[[-87.59207,41.7057],[-87.59207,41.70561],[-87.59207,41.7054],[-87.59208,41.70505],[-87.59212,41.70473],[-87.59218,41.70436],[-87.59224,41.7041],[-87.59226,41.70399]]},"properties":{"kind":"expressway","name":"Bishop Ford Fwy (I-94)"}},{"type":"Feature","geometry":{"type":"LineString","coordinates":[[-87.64887,41.97337],[-87.64906,41.97397],[-87.64914,41.9742],[-87.64922,41.97444],[-87.64929,41.97467],[-87.64929,41.97467]]},"properties":{"kind":"expressway","name":"DuSable Lake Shore Dr"}},{"type":"Feature","geometry":{"type":"LineString","coordinates":[[-87.66666,41.87605],[-87.66684,41.87605],[-87.66703,41.87604],[-87.66812,41.87602],[-87.66894,41.87601],[-87.66899,41.87601],[-87.66914,41.87601]]},"properties":{"kind":"expressway","name":"Eisenhower Expy (I-290)"}},{"type":"Feature","geometry":{"type":"LineString","coordinates":[[-87.62509,41.75274],[-87.62508,41.75265],[-87.62505,41.7524],[-87.62503,41.75215],[-87.62501,41.75185],[-87.625,41.75147],[-87.62499,41.7512],[-87.62499,41.75116],[-87.62498,41.75095]]},"properties":{"kind":"expressway","name":"Dan Ryan Expy (I-90/94)"}},{"type":"Feature","geometry":{"type":"LineString","coordinates":[[-87.66196,41.68538],[-87.66197,41.68522],[-87.66196,41.68493],[-87.66196,41.68482]]},"properties":{"kind":"expressway","name":"I-57"}},{"type":"Feature","geometry":{"type":"LineString","coordinates":[[-87.6589,41.69617],[-87.65909,41.69586]]},"properties":{"kind":"expressway","name":"I-57"}},{"type":"Feature","geometry":{"type":"LineString","coordinates":[[-87.62576,41.7564],[-87.62576,41.75634],[-87.62576,41.75628],[-87.62576,41.75616],[-87.62576,41.75594],[-87.62575,41.75572],[-87.62574,41.7555],[-87.62572,41.75522],[-87.6257,41.7549],[-87.62568,41.75466],[-87.62567,41.75458]]},"properties":{"kind":"expressway","name":"Dan Ryan Expy (I-90/94)"}},{"type":"Feature","geometry":{"type":"LineString","coordinates":[[-87.65654,41.69766],[-87.65658,41.69764],[-87.65689,41.69748],[-87.65716,41.6973],[-87.65732,41.6972],[-87.65754,41.69703],[-87.65784,41.69677],[-87.65806,41.69657],[-87.65825,41.69637],[-87.65843,41.69615],[-87.65857,41.69597],[-87.65861,41.69591],[-87.65864,41.69584]]},"properties":{"kind":"expressway","name":"I-57"}},{"type":"Feature","geometry":{"type":"LineString","coordinates":[[-87.63128,41.80661],[-87.63122,41.80631],[-87.63115,41.80572],[-87.63113,41.80551]]},"properties":{"kind":"expressway","name":"Dan Ryan Expy (I-90/94)"}},{"type":"Feature","geometry":{"type":"LineString","coordinates":[[-87.64582,41.95849],[-87.64582,41.95849],[-87.64583,41.9585],[-87.64585,41.95862],[-87.64598,41.95909],[-87.64601,41.95926],[-87.64604,41.95947],[-87.64607,41.95977],[-87.64608,41.95991],[-87.64609,41.96009],[-87.64609,41.96015]]},"properties":{"kind":"expressway","name":"DuSable Lake Shore Dr"}},{"type":"Feature","geometry":{"type":"LineString","coordinates":[[-87.63971,41.94229],[-87.63983,41.94252],[-87.63997,41.94278],[-87.64,41.94283],[-87.64004,41.94291],[-87.6403,41.94338]]},"properties":{"kind":"expressway","name":"DuSable Lake Shore Dr"}},{"type":"Feature","geometry":{"type":"LineString","coordinates":[[-87.62438,41.72904],[-87.62437,41.72895],[-87.62436,41.72822],[-87.62431,41.72714],[-87.6243,41.72637],[-87.6243,41.72616]]},"properties":{"kind":"expressway","name":"Dan Ryan Expy (I-90/94)"}},{"type":"Feature","geometry":{"type":"LineString","coordinates":[[-87.63062,41.79037],[-87.63063,41.78943],[-87.63063,41.78938],[-87.63062,41.78889],[-87.63062,41.78888]]},"properties":{"kind":"expressway","name":"Dan Ryan Expy (I-90/94)"}},{"type":"Feature","geometry":{"type":"LineString","coordinates":[[-87.62179,41.90091],[-87.62172,41.90091],[-87.62077,41.90094],[-87.62029,41.90096],[-87.62013,41.90096],[-87.62008,41.90096],[-87.62001,41.90095],[-87.61996,41.90093],[-87.61992,41.90092],[-87.61987,41.9009]]},"properties":{"kind":"expressway","name":"DuSable Lake Shore Dr"}},{"type":"Feature","geometry":{"type":"LineString","coordinates":[[-87.64468,41.86534],[-87.64464,41.86489],[-87.6446,41.86406],[-87.6446,41.86397]]},"properties":{"kind":"expressway","name":"Dan Ryan Expy (I-90/94)"}},{"type":"Feature","geometry":{"type":"LineString","coordinates":[[-87.82337,41.98424],[-87.82348,41.98425],[-87.82371,41.98428],[-87.82422,41.98435],[-87.82466,41.98439],[-87.82484,41.98441],[-87.8253,41.98446],[-87.82573,41.98449],[-87.82623,41.98453],[-87.82664,41.98457],[-87.82701,41.98459],[-87.82729,41.98461],[-87.828,41.98465],[-87.82832,41.98466],[-87.82875,41.98468],[-87.82946,41.9847],[-87.82988,41.9847],[-87.83046,41.98471],[-87.83094,41.98472]]},"properties":{"kind":"expressway","name":"Kennedy Expy (I-90/94)"}},{"type":"Feature","geometry":{"type":"LineString","coordinates":[[-87.61747,41.87966],[-87.61747,41.87963],[-87.61745,41.879],[-87.61744,41.87838]]},"properties":{"kind":"expressway","name":"DuSable Lake Shore Dr"}},{"type":"Feature","geometry":{"type":"LineString","coordinates":[[-87.59568,41.757],[-87.59549,41.75687]]},"properties":{"kind":"expressway","name":"Chicago Skyway (I-90)"}},{"type":"Feature","geometry":{"type":"LineString","coordinates":[[-87.84644,41.98375],[-87.84752,41.98365],[-87.84778,41.98363],[-87.84809,41.98362],[-87.84824,41.98362],[-87.84872,41.9836],[-87.84922,41.98359],[-87.84977,41.98356],[-87.85008,41.98356],[-87.85059,41.98355],[-87.8511,41.98354],[-87.85162,41.98354],[-87.85222,41.98352],[-87.85243,41.98351],[-87.85263,41.98351],[-87.85343,41.98348],[-87.85389,41.98348],[-87.85457,41.98345],[-87.85535,41.98344],[-87.85578,41.98343],[-87.85607,41.98342],[-87.85621,41.98342]]},"properties":{"kind":"expressway","name":"I-190 (O'Hare)"}},{"type":"Feature","geometry":{"type":"LineString","coordinates":[[-87.6406,41.71456],[-87.64065,41.71456],[-87.64092,41.71456],[-87.64128,41.71455],[-87.64162,41.71455],[-87.64241,41.71454],[-87.64283,41.71453],[-87.64302,41.71453]]},"properties":{"kind":"expressway","name":"I-57"}},{"type":"Feature","geometry":{"type":"LineString","coordinates":[[-87.76151,41.87158],[-87.76229,41.87154],[-87.76271,41.87151],[-87.76309,41.87147],[-87.76344,41.87143],[-87.76381,41.87139],[-87.76402,41.87136],[-87.76403,41.87136],[-87.76443,41.87131],[-87.76451,41.8713]]},"properties":{"kind":"expressway","name":"Eisenhower Expy (I-290)"}},{"type":"Feature","geometry":{"type":"LineString","coordinates":[[-87.57852,41.64595],[-87.57845,41.64553],[-87.57843,41.64518],[-87.57838,41.6447]]},"properties":{"kind":"expressway","name":"Bishop Ford Fwy (I-94)"}},{"type":"Feature","geometry":{"type":"LineString","coordinates":[[-87.77372,41.97683],[-87.77442,41.97723],[-87.77502,41.97757],[-87.77548,41.97782],[-87.77572,41.97795],[-87.77585,41.97802],[-87.77608,41.97815],[-87.77617,41.9782],[-87.77641,41.97834],[-87.77659,41.97844],[-87.77676,41.97853],[-87.77695,41.97864],[-87.77713,41.97874],[-87.77746,41.97893],[-87.77762,41.97902],[-87.77778,41.97911],[-87.77793,41.9792],[-87.7781,41.97929],[-87.77821,41.97935]]},"properties":{"kind":"expressway","name":"Kennedy Expy (I-90/94)"}},{"type":"Feature","geometry":{"type":"LineString","coordinates":[[-87.63123,41.78936],[-87.63121,41.78887]]},"properties":{"kind":"expressway","name":"Dan Ryan Expy (I-90/94)"}},{"type":"Feature","geometry":{"type":"LineString","coordinates":[[-87.63575,41.87558],[-87.63586,41.87558]]},"properties":{"kind":"expressway","name":"Eisenhower Expy (I-290)"}},{"type":"Feature","geometry":{"type":"LineString","coordinates":[[-87.6482,41.97081],[-87.64827,41.97115],[-87.6484,41.97167]]},"properties":{"kind":"expressway","name":"DuSable Lake Shore Dr"}},{"type":"Feature","geometry":{"type":"LineString","coordinates":[[-87.68139,41.87534],[-87.6815,41.87534],[-87.68151,41.87534],[-87.68218,41.87535],[-87.68254,41.87534],[-87.683,41.87534],[-87.68354,41.87534],[-87.68369,41.87534],[-87.68381,41.87533]]},"properties":{"kind":"expressway","name":"Eisenhower Expy (I-290)"}},{"type":"Feature","geometry":{"type":"LineString","coordinates":[[-87.63515,41.8757],[-87.6352,41.8757],[-87.63554,41.87571],[-87.63581,41.87571],[-87.63586,41.87571]]},"properties":{"kind":"expressway","name":"Eisenhower Expy (I-290)"}},{"type":"Feature","geometry":{"type":"LineString","coordinates":[[-87.641,41.87566],[-87.64194,41.87567],[-87.642,41.87567]]},"properties":{"kind":"expressway","name":"Eisenhower Expy (I-290)"}},{"type":"Feature","geometry":{"type":"LineString","coordinates":[[-87.6446,41.86397],[-87.64459,41.8636]]},"properties":{"kind":"expressway","name":"Dan Ryan Expy (I-90/94)"}},{"type":"Feature","geometry":{"type":"LineString","coordinates":[[-87.61408,41.885],[-87.61408,41.88501],[-87.61407,41.88522],[-87.61406,41.8853],[-87.61408,41.88555],[-87.61408,41.88564],[-87.61408,41.88581],[-87.61413,41.88609]]},"properties":{"kind":"expressway","name":"DuSable Lake Shore Dr"}},{"type":"Feature","geometry":{"type":"LineString","coordinates":[[-87.64582,41.87797],[-87.64582,41.87788],[-87.64581,41.87771],[-87.64577,41.87721],[-87.64572,41.87679],[-87.64571,41.8767]]},"properties":{"kind":"expressway","name":"Kennedy Expy (I-90/94)"}},{"type":"Feature","geometry":{"type":"LineString","coordinates":[[-87.62442,41.73071],[-87.62442,41.73062],[-87.62442,41.73053]]},"properties":{"kind":"expressway","name":"Dan Ryan Expy (I-90/94)"}},{"type":"Feature","geometry":{"type":"LineString","coordinates":[[-87.6252,41.74365],[-87.6252,41.74351],[-87.62518,41.74284],[-87.62515,41.74184],[-87.62515,41.74182]]},"properties":{"kind":"expressway","name":"Dan Ryan Expy (I-90/94)"}},{"type":"Feature","geometry":{"type":"LineString","coordinates":[[-87.80114,41.98227],[-87.80127,41.98227],[-87.80194,41.98226],[-87.80212,41.98226]]},"properties":{"kind":"expressway","name":"Kennedy Expy (I-90/94)"}},{"type":"Feature","geometry":{"type":"LineString","coordinates":[[-87.59656,41.81864],[-87.59647,41.81852],[-87.59632,41.81832],[-87.59617,41.81813],[-87.5961,41.81804],[-87.596,41.81791],[-87.59576,41.8176],[-87.59555,41.81731],[-87.59534,41.81704],[-87.59528,41.81697]]},"properties":{"kind":"expressway","name":"DuSable Lake Shore Dr"}},{"type":"Feature","geometry":{"type":"LineString","coordinates":[[-87.64311,41.8471],[-87.64315,41.84709],[-87.64335,41.84705],[-87.64339,41.84704],[-87.64369,41.84695],[-87.6439,41.84688],[-87.64437,41.8467],[-87.64462,41.8466],[-87.64491,41.84648],[-87.64526,41.84633],[-87.64559,41.84622],[-87.64647,41.84597]]},"properties":{"kind":"expressway","name":"Stevenson Expy (I-55)"}},{"type":"Feature","geometry":{"type":"LineString","coordinates":[[-87.6925,41.93033],[-87.69255,41.93035],[-87.69265,41.93041],[-87.69271,41.93044],[-87.69286,41.93052],[-87.69292,41.93056],[-87.69302,41.93061],[-87.69313,41.93068],[-87.69316,41.9307],[-87.69319,41.93072],[-87.69321,41.93074],[-87.69325,41.93077],[-87.69329,41.93081],[-87.69331,41.93084]]},"properties":{"kind":"expressway","name":"Kennedy Expy (I-90/94)"}},{"type":"Feature","geometry":{"type":"LineString","coordinates":[[-87.6996,41.9341],[-87.70061,41.93469]]},"properties":{"kind":"expressway","name":"Kennedy Expy (I-90/94)"}},{"type":"Feature","geometry":{"type":"LineString","coordinates":[[-87.61803,41.89854],[-87.61815,41.8987],[-87.61856,41.8993]]},"properties":{"kind":"expressway","name":"DuSable Lake Shore Dr"}},{"type":"Feature","geometry":{"type":"LineString","coordinates":[[-87.5858,41.7499],[-87.58563,41.74977]]},"properties":{"kind":"expressway","name":"Chicago Skyway (I-90)"}},{"type":"Feature","geometry":{"type":"LineString","coordinates":[[-87.63166,41.79821],[-87.63166,41.79819],[-87.63164,41.79767],[-87.63164,41.79721],[-87.63163,41.79706],[-87.63163,41.79691],[-87.63162,41.79678],[-87.63162,41.79657],[-87.63161,41.79638],[-87.63161,41.79625]]},"properties":{"kind":"expressway","name":"Dan Ryan Expy (I-90/94)"}},{"type":"Feature","geometry":{"type":"LineString","coordinates":[[-87.64669,41.96419],[-87.64682,41.96466],[-87.64694,41.96515],[-87.647,41.9654],[-87.64701,41.96542],[-87.64707,41.9657]]},"properties":{"kind":"expressway","name":"DuSable Lake Shore Dr"}},{"type":"Feature","geometry":{"type":"LineString","coordinates":[[-87.72038,41.87379],[-87.7205,41.87379],[-87.72068,41.87379],[-87.72085,41.87379],[-87.72125,41.87379],[-87.72194,41.87378],[-87.72256,41.87377],[-87.72299,41.87376]]},"properties":{"kind":"expressway","name":"Eisenhower Expy (I-290)"}},{"type":"Feature","geometry":{"type":"LineString","coordinates":[[-87.64213,41.84709],[-87.64221,41.84708],[-87.64238,41.84707],[-87.64242,41.84706],[-87.64266,41.84703],[-87.64293,41.84697],[-87.64298,41.84696]]},"properties":{"kind":"expressway","name":"Stevenson Expy (I-55)"}},{"type":"Feature","geometry":{"type":"LineString","coordinates":[[-87.62541,41.76003],[-87.62541,41.75961],[-87.6254,41.75922],[-87.62539,41.75877],[-87.62538,41.75843],[-87.62538,41.75831],[-87.62538,41.75825],[-87.62537,41.75818]]},"properties":{"kind":"expressway","name":"Dan Ryan Expy (I-90/94)"}},{"type":"Feature","geometry":{"type":"LineString","coordinates":[[-87.61589,41.89509],[-87.61635,41.89581],[-87.6164,41.89588]]},"properties":{"kind":"expressway","name":"DuSable Lake Shore Dr"}},{"type":"Feature","geometry":{"type":"LineString","coordinates":[[-87.61899,41.86499],[-87.61899,41.86498],[-87.61891,41.86459],[-87.61887,41.8644],[-87.61883,41.86423],[-87.61882,41.86418]]},"properties":{"kind":"expressway","name":"DuSable Lake Shore Dr"}},{"type":"Feature","geometry":{"type":"LineString","coordinates":[[-87.80695,41.98221],[-87.80701,41.98221],[-87.80712,41.98221],[-87.80726,41.98221],[-87.80742,41.98221]]},"properties":{"kind":"expressway","name":"Kennedy Expy (I-90/94)"}},{"type":"Feature","geometry":{"type":"LineString","coordinates":[[-87.67408,41.87589],[-87.67426,41.87588],[-87.67477,41.87587],[-87.67521,41.87587],[-87.67551,41.87586],[-87.67592,41.87586],[-87.67634,41.87585],[-87.67652,41.87585]]},"properties":{"kind":"expressway","name":"Eisenhower Expy (I-290)"}},{"type":"Feature","geometry":{"type":"LineString","coordinates":[[-87.87906,41.98104],[-87.87917,41.981],[-87.87963,41.98081]]},"properties":{"kind":"expressway","name":"I-190 (O'Hare)"}},{"type":"Feature","geometry":{"type":"LineString","coordinates":[[-87.64586,41.88569],[-87.64588,41.88576],[-87.64589,41.88579],[-87.64597,41.88599],[-87.64601,41.88611],[-87.64604,41.88617]]},"properties":{"kind":"expressway","name":"Kennedy Expy (I-90/94)"}},{"type":"Feature","geometry":{"type":"LineString","coordinates":[[-87.74702,41.9674],[-87.74703,41.96795],[-87.74703,41.96805]]},"properties":{"kind":"expressway","name":"Edens Expy (I-94)"}},{"type":"Feature","geometry":{"type":"LineString","coordinates":[[-87.61523,41.89441],[-87.61538,41.89461],[-87.61545,41.89471],[-87.61569,41.89509]]},"properties":{"kind":"expressway","name":"DuSable Lake Shore Dr"}},{"type":"Feature","geometry":{"type":"LineString","coordinates":[[-87.72543,41.87373],[-87.72555,41.87373],[-87.72589,41.87372],[-87.72634,41.87372],[-87.72674,41.87372],[-87.72728,41.87371],[-87.72769,41.87371],[-87.72789,41.8737]]},"properties":{"kind":"expressway","name":"Eisenhower Expy (I-290)"}},{"type":"Feature","geometry":{"type":"LineString","coordinates":[[-87.6165,41.85802],[-87.61642,41.85787],[-87.61634,41.85771],[-87.61613,41.85729],[-87.616,41.85701],[-87.61584,41.8567]]},"properties":{"kind":"expressway","name":"DuSable Lake Shore Dr"}},{"type":"Feature","geometry":{"type":"LineString","coordinates":[[-87.61591,41.85607],[-87.61571,41.85558]]},"properties":{"kind":"expressway","name":"DuSable Lake Shore Dr"}},{"type":"Feature","geometry":{"type":"LineString","coordinates":[[-87.72182,41.82399],[-87.72196,41.82394],[-87.72234,41.82382],[-87.72351,41.82345],[-87.7237,41.82339]]},"properties":{"kind":"expressway","name":"Stevenson Expy (I-55)"}},{"type":"Feature","geometry":{"type":"LineString","coordinates":[[-87.63577,41.7149],[-87.63648,41.71489],[-87.63687,41.71489],[-87.63699,41.71489]]},"properties":{"kind":"expressway","name":"I-57"}},{"type":"Feature","geometry":{"type":"LineString","coordinates":[[-87.53981,41.7158],[-87.53978,41.71578],[-87.5397,41.71573],[-87.53961,41.71568],[-87.53944,41.7156],[-87.53925,41.7155],[-87.53907,41.71542],[-87.53896,41.71537]]},"properties":{"kind":"expressway","name":"Chicago Skyway (I-90)"}},{"type":"Feature","geometry":{"type":"LineString","coordinates":[[-87.71716,41.94471],[-87.71731,41.94498],[-87.71755,41.94542],[-87.71761,41.94553]]},"properties":{"kind":"expressway","name":"Kennedy Expy (I-90/94)"}},{"type":"Feature","geometry":{"type":"LineString","coordinates":[[-87.59173,41.66354],[-87.59169,41.6635],[-87.59164,41.66344],[-87.59107,41.66279],[-87.59081,41.6625]]},"properties":{"kind":"expressway","name":"Bishop Ford Fwy (I-94)"}},{"type":"Feature","geometry":{"type":"LineString","coordinates":[[-87.723,41.87414],[-87.7238,41.87411],[-87.72407,41.8741],[-87.72434,41.8741],[-87.72444,41.8741],[-87.72462,41.8741],[-87.72468,41.8741]]},"properties":{"kind":"expressway","name":"Eisenhower Expy (I-290)"}},{"type":"Feature","geometry":{"type":"LineString","coordinates":[[-87.62473,41.71988],[-87.62474,41.71984],[-87.62481,41.71949]]},"properties":{"kind":"expressway","name":"Dan Ryan Expy (I-90/94)"}},{"type":"Feature","geometry":{"type":"LineString","coordinates":[[-87.58725,41.65804],[-87.58722,41.658],[-87.58715,41.65792],[-87.58695,41.65769],[-87.58624,41.65686],[-87.58529,41.65577],[-87.58478,41.65516],[-87.58404,41.65428],[-87.58381,41.65402],[-87.58353,41.65371],[-87.58281,41.65288],[-87.58255,41.65258],[-87.5823,41.65229],[-87.58204,41.65198],[-87.58179,41.6517],[-87.58151,41.65136],[-87.58134,41.65116],[-87.58089,41.65063],[-87.58063,41.65029],[-87.5805,41.65011],[-87.58033,41.64987],[-87.5801,41.64951],[-87.57988,41.64913],[-87.57969,41.64877]]},"properties":{"kind":"expressway","name":"Bishop Ford Fwy (I-94)"}},{"type":"Feature","geometry":{"type":"LineString","coordinates":[[-87.64386,41.84866],[-87.64386,41.84866],[-87.64372,41.84848],[-87.64367,41.84841]]},"properties":{"kind":"expressway","name":"Dan Ryan Expy (I-90/94)"}},{"type":"Feature","geometry":{"type":"LineString","coordinates":[[-87.61541,41.77119],[-87.6153,41.77112],[-87.61527,41.77109],[-87.61517,41.77102],[-87.61504,41.77092],[-87.61487,41.77081],[-87.61452,41.77055],[-87.61437,41.77045],[-87.61423,41.77034],[-87.61404,41.77021],[-87.61388,41.77009],[-87.6137,41.76996],[-87.61361,41.7699],[-87.61345,41.76978],[-87.61334,41.7697]]},"properties":{"kind":"expressway","name":"Chicago Skyway (I-90)"}},{"type":"Feature","geometry":{"type":"LineString","coordinates":[[-87.7694,41.8707],[-87.77082,41.8708]]},"properties":{"kind":"expressway","name":"Eisenhower Expy (I-290)"}},{"type":"Feature","geometry":{"type":"LineString","coordinates":[[-87.64449,41.86049],[-87.64449,41.86048],[-87.64447,41.85996]]},"properties":{"kind":"expressway","name":"Dan Ryan Expy (I-90/94)"}},{"type":"Feature","geometry":{"type":"LineString","coordinates":[[-87.60189,41.68268],[-87.60188,41.68263],[-87.60188,41.68229],[-87.60188,41.68194],[-87.60188,41.68184],[-87.60188,41.6818],[-87.60187,41.68166]]},"properties":{"kind":"expressway","name":"Bishop Ford Fwy (I-94)"}},{"type":"Feature","geometry":{"type":"LineString","coordinates":[[-87.7615,41.87125],[-87.7617,41.87125],[-87.76216,41.87124],[-87.76276,41.87121],[-87.76326,41.87117],[-87.76377,41.87112],[-87.76397,41.8711],[-87.7641,41.87108],[-87.76437,41.87105],[-87.76445,41.87104]]},"properties":{"kind":"expressway","name":"Eisenhower Expy (I-290)"}},{"type":"Feature","geometry":{"type":"LineString","coordinates":[[-87.64542,41.87645],[-87.64542,41.87644],[-87.64541,41.8764],[-87.64541,41.87638],[-87.6454,41.87633]]},"properties":{"kind":"expressway","name":"Kennedy Expy (I-90/94)"}},{"type":"Feature","geometry":{"type":"LineString","coordinates":[[-87.65085,41.84551],[-87.65131,41.84541],[-87.65131,41.84541],[-87.65161,41.84531],[-87.65187,41.84524],[-87.65233,41.84508],[-87.65274,41.84493],[-87.65326,41.84471],[-87.6536,41.84453]]},"properties":{"kind":"expressway","name":"Stevenson Expy (I-55)"}},{"type":"Feature","geometry":{"type":"LineString","coordinates":[[-87.62615,41.77231],[-87.62615,41.77229],[-87.62614,41.77217],[-87.62614,41.77204],[-87.62614,41.77191],[-87.62613,41.77182],[-87.62612,41.77118],[-87.62611,41.77093]]},"properties":{"kind":"expressway","name":"Dan Ryan Expy (I-90/94)"}},{"type":"Feature","geometry":{"type":"LineString","coordinates":[[-87.7269,41.95187],[-87.72729,41.95209],[-87.72758,41.95225]]},"properties":{"kind":"expressway","name":"Kennedy Expy (I-90/94)"}},{"type":"Feature","geometry":{"type":"LineString","coordinates":[[-87.62611,41.77093],[-87.6261,41.77081],[-87.6261,41.77064],[-87.62606,41.77047],[-87.62605,41.77019],[-87.62604,41.76987],[-87.62604,41.76971],[-87.62603,41.76952],[-87.62603,41.76932],[-87.62603,41.76925],[-87.62602,41.76919]]},"properties":{"kind":"expressway","name":"Dan Ryan Expy (I-90/94)"}},{"type":"Feature","geometry":{"type":"LineString","coordinates":[[-87.75559,41.96794],[-87.75577,41.96804],[-87.7561,41.96823],[-87.75635,41.96837],[-87.75688,41.96867],[-87.75734,41.96895],[-87.75739,41.96899],[-87.75758,41.96909],[-87.75784,41.96923],[-87.7581,41.96938],[-87.75834,41.96952]]},"properties":{"kind":"expressway","name":"Kennedy Expy (I-90/94)"}},{"type":"Feature","geometry":{"type":"LineString","coordinates":[[-87.61033,41.84337],[-87.61028,41.84324],[-87.61003,41.84266],[-87.6098,41.84213],[-87.60979,41.84209]]},"properties":{"kind":"expressway","name":"DuSable Lake Shore Dr"}},{"type":"Feature","geometry":{"type":"LineString","coordinates":[[-87.63139,41.79419],[-87.63138,41.7941],[-87.63138,41.794],[-87.63137,41.79386],[-87.63137,41.79368],[-87.63136,41.7935],[-87.63134,41.79335],[-87.63133,41.79298],[-87.63132,41.79284],[-87.63132,41.79261]]},"properties":{"kind":"expressway","name":"Dan Ryan Expy (I-90/94)"}},{"type":"Feature","geometry":{"type":"LineString","coordinates":[[-87.64415,41.8568],[-87.64416,41.85677],[-87.64419,41.8565],[-87.64419,41.85649]]},"properties":{"kind":"expressway","name":"Dan Ryan Expy (I-90/94)"}},{"type":"Feature","geometry":{"type":"LineString","coordinates":[[-87.6144,41.89313],[-87.6144,41.89313],[-87.61448,41.89329],[-87.61461,41.89348]]},"properties":{"kind":"expressway","name":"DuSable Lake Shore Dr"}},{"type":"Feature","geometry":{"type":"LineString","coordinates":[[-87.63121,41.77998],[-87.6312,41.77991],[-87.6312,41.77984],[-87.63119,41.77979],[-87.63117,41.77953],[-87.63109,41.77916],[-87.63101,41.77887],[-87.63091,41.77859],[-87.63081,41.77838],[-87.63071,41.77818],[-87.6307,41.77816]]},"properties":{"kind":"expressway","name":"Dan Ryan Expy (I-90/94)"}},{"type":"Feature","geometry":{"type":"LineString","coordinates":[[-87.62567,41.75458],[-87.62565,41.75429],[-87.62564,41.75414],[-87.62563,41.75409]]},"properties":{"kind":"expressway","name":"Dan Ryan Expy (I-90/94)"}},{"type":"Feature","geometry":{"type":"LineString","coordinates":[[-87.61241,41.84907],[-87.61236,41.849],[-87.61227,41.84875],[-87.61216,41.84843],[-87.61206,41.84811],[-87.61194,41.84772],[-87.61189,41.84759],[-87.61188,41.84755]]},"properties":{"kind":"expressway","name":"DuSable Lake Shore Dr"}},{"type":"Feature","geometry":{"type":"LineString","coordinates":[[-87.62591,41.76369],[-87.62591,41.7634],[-87.62589,41.76276],[-87.62588,41.76238]]},"properties":{"kind":"expressway","name":"Dan Ryan Expy (I-90/94)"}},{"type":"Feature","geometry":{"type":"LineString","coordinates":[[-87.63067,41.83826],[-87.63067,41.83822],[-87.63067,41.83814],[-87.63067,41.83798],[-87.63066,41.83767],[-87.63065,41.8374],[-87.63064,41.83701],[-87.63063,41.8367],[-87.63063,41.83645]]},"properties":{"kind":"expressway","name":"Dan Ryan Expy (I-90/94)"}},{"type":"Feature","geometry":{"type":"LineString","coordinates":[[-87.69614,41.87521],[-87.69629,41.8752],[-87.69666,41.8752],[-87.69706,41.87519],[-87.69719,41.87519],[-87.69738,41.87519],[-87.69781,41.87518],[-87.69826,41.87517],[-87.69859,41.87516]]},"properties":{"kind":"expressway","name":"Eisenhower Expy (I-290)"}},{"type":"Feature","geometry":{"type":"LineString","coordinates":[[-87.62609,41.71527],[-87.62622,41.71527],[-87.62634,41.71527],[-87.62654,41.71526],[-87.62674,41.71525],[-87.62695,41.71523],[-87.62714,41.7152],[-87.62725,41.71519],[-87.62748,41.71515],[-87.62763,41.71512],[-87.628,41.71505],[-87.62834,41.71497],[-87.62837,41.71497],[-87.62853,41.71493]]},"properties":{"kind":"expressway","name":"I57 Bishop Ford Expy"}},{"type":"Feature","geometry":{"type":"LineString","coordinates":[[-87.62534,41.90786],[-87.62534,41.90786],[-87.62537,41.90798],[-87.62539,41.90805],[-87.62548,41.90839],[-87.62554,41.90866],[-87.62559,41.90888],[-87.62564,41.90925],[-87.62569,41.90953],[-87.62569,41.90954]]},"properties":{"kind":"expressway","name":"DuSable Lake Shore Dr"}},{"type":"Feature","geometry":{"type":"LineString","coordinates":[[-87.64792,41.9694],[-87.64798,41.96966],[-87.64799,41.9697],[-87.64809,41.97014],[-87.64812,41.97027],[-87.64814,41.9704],[-87.6482,41.97081],[-87.6482,41.97081]]},"properties":{"kind":"expressway","name":"DuSable Lake Shore Dr"}},{"type":"Feature","geometry":{"type":"LineString","coordinates":[[-87.67076,41.91788],[-87.67112,41.91814],[-87.67112,41.91814],[-87.67137,41.9183],[-87.67157,41.91842],[-87.67193,41.91862],[-87.67215,41.91875],[-87.67238,41.91888],[-87.67267,41.91905],[-87.67296,41.9192],[-87.67322,41.91934],[-87.67329,41.91938],[-87.67354,41.91953],[-87.67373,41.91964]]},"properties":{"kind":"expressway","name":"Kennedy Expy (I-90/94)"}},{"type":"Feature","geometry":{"type":"LineString","coordinates":[[-87.64586,41.87863],[-87.64586,41.87854],[-87.64583,41.87807],[-87.64582,41.87797]]},"properties":{"kind":"expressway","name":"Kennedy Expy (I-90/94)"}},{"type":"Feature","geometry":{"type":"LineString","coordinates":[[-87.74911,41.87176],[-87.74913,41.87176],[-87.74917,41.87176],[-87.74921,41.87176],[-87.74942,41.87176]]},"properties":{"kind":"expressway","name":"Eisenhower Expy (I-290)"}},{"type":"Feature","geometry":{"type":"LineString","coordinates":[[-87.64444,41.85918],[-87.64439,41.85759]]},"properties":{"kind":"expressway","name":"Dan Ryan Expy (I-90/94)"}},{"type":"Feature","geometry":{"type":"LineString","coordinates":[[-87.61784,41.86032],[-87.61754,41.85964],[-87.61743,41.8594],[-87.61732,41.85916],[-87.61729,41.8591]]},"properties":{"kind":"expressway","name":"DuSable Lake Shore Dr"}},{"type":"Feature","geometry":{"type":"LineString","coordinates":[[-87.63514,41.87557],[-87.63535,41.87557],[-87.63564,41.87558],[-87.63575,41.87558]]},"properties":{"kind":"expressway","name":"Eisenhower Expy (I-290)"}},{"type":"Feature","geometry":{"type":"LineString","coordinates":[[-87.63964,41.87565],[-87.63975,41.87565],[-87.64068,41.87565],[-87.64084,41.87566],[-87.641,41.87566]]},"properties":{"kind":"expressway","name":"Eisenhower Expy (I-290)"}},{"type":"Feature","geometry":{"type":"LineString","coordinates":[[-87.58901,41.6604],[-87.58889,41.66027],[-87.58868,41.66004],[-87.58833,41.65962]]},"properties":{"kind":"expressway","name":"Bishop Ford Fwy (I-94)"}},{"type":"Feature","geometry":{"type":"LineString","coordinates":[[-87.61274,41.84865],[-87.61272,41.84858],[-87.61264,41.84839],[-87.61248,41.848],[-87.61232,41.84763],[-87.6123,41.84757],[-87.61229,41.84755]]},"properties":{"kind":"expressway","name":"DuSable Lake Shore Dr"}},{"type":"Feature","geometry":{"type":"LineString","coordinates":[[-87.63047,41.81644],[-87.63047,41.8164],[-87.63046,41.81634],[-87.63046,41.81625],[-87.63045,41.81601],[-87.63044,41.81573],[-87.63043,41.81546],[-87.63042,41.815],[-87.63041,41.81471],[-87.63041,41.8147],[-87.63041,41.8145]]},"properties":{"kind":"expressway","name":"Dan Ryan Expy (I-90/94)"}},{"type":"Feature","geometry":{"type":"LineString","coordinates":[[-87.57102,41.73903],[-87.57072,41.73881],[-87.57069,41.73879],[-87.57062,41.73874]]},"properties":{"kind":"expressway","name":"Chicago Skyway (I-90)"}},{"type":"Feature","geometry":{"type":"LineString","coordinates":[[-87.62979,41.81447],[-87.62974,41.81394],[-87.62968,41.81347]]},"properties":{"kind":"expressway","name":"Dan Ryan Expy (I-90/94)"}},{"type":"Feature","geometry":{"type":"LineString","coordinates":[[-87.6315,41.79996],[-87.63149,41.79952],[-87.63148,41.79928],[-87.63147,41.79899],[-87.63147,41.79866],[-87.63145,41.79821]]},"properties":{"kind":"expressway","name":"Dan Ryan Expy (I-90/94)"}},{"type":"Feature","geometry":{"type":"LineString","coordinates":[[-87.60584,41.83124],[-87.60581,41.83121],[-87.60569,41.83104],[-87.60552,41.83082],[-87.6054,41.83067],[-87.60529,41.83052],[-87.60518,41.83038],[-87.60518,41.83038],[-87.60513,41.83032]]},"properties":{"kind":"expressway","name":"DuSable Lake Shore Dr"}},{"type":"Feature","geometry":{"type":"LineString","coordinates":[[-87.67187,41.87592],[-87.67239,41.87591],[-87.6725,41.87591],[-87.67267,41.87591]]},"properties":{"kind":"expressway","name":"Eisenhower Expy (I-290)"}},{"type":"Feature","geometry":{"type":"LineString","coordinates":[[-87.62471,41.72538],[-87.62469,41.72491],[-87.62467,41.72421],[-87.62465,41.72368],[-87.62465,41.72355]]},"properties":{"kind":"expressway","name":"Dan Ryan Expy (I-90/94)"}},{"type":"Feature","geometry":{"type":"LineString","coordinates":[[-87.64694,41.88747],[-87.64701,41.88755],[-87.64714,41.88772],[-87.64733,41.88794],[-87.64736,41.88797]]},"properties":{"kind":"expressway","name":"Kennedy Expy (I-90/94)"}},{"type":"Feature","geometry":{"type":"LineString","coordinates":[[-87.64718,41.87577],[-87.6473,41.87577],[-87.64739,41.87576],[-87.64847,41.87574],[-87.64864,41.87574]]},"properties":{"kind":"expressway","name":"Eisenhower Expy (I-290)"}},{"type":"Feature","geometry":{"type":"LineString","coordinates":[[-87.61372,41.85301],[-87.61365,41.85287],[-87.61359,41.85272],[-87.61351,41.85252],[-87.61348,41.85242],[-87.61333,41.85205],[-87.6133,41.85196],[-87.61305,41.8512]]},"properties":{"kind":"expressway","name":"DuSable Lake Shore Dr"}},{"type":"Feature","geometry":{"type":"LineString","coordinates":[[-87.61108,41.84514],[-87.61093,41.84475],[-87.61085,41.84455]]},"properties":{"kind":"expressway","name":"DuSable Lake Shore Dr"}},{"type":"Feature","geometry":{"type":"LineString","coordinates":[[-87.64624,41.962],[-87.64624,41.96202],[-87.64625,41.9621],[-87.64626,41.96213],[-87.64629,41.96223],[-87.64636,41.96251],[-87.6464,41.96268],[-87.64653,41.9634],[-87.64654,41.96346],[-87.64658,41.96364]]},"properties":{"kind":"expressway","name":"DuSable Lake Shore Dr"}},{"type":"Feature","geometry":{"type":"LineString","coordinates":[[-87.63135,41.92612],[-87.6314,41.92627],[-87.63158,41.92683],[-87.63169,41.92721],[-87.63185,41.92763]]},"properties":{"kind":"expressway","name":"DuSable Lake Shore Dr"}},{"type":"Feature","geometry":{"type":"LineString","coordinates":[[-87.61726,41.88093],[-87.61726,41.8809],[-87.61726,41.88061],[-87.61724,41.87981],[-87.61724,41.87966]]},"properties":{"kind":"expressway","name":"DuSable Lake Shore Dr"}},{"type":"Feature","geometry":{"type":"LineString","coordinates":[[-87.63184,41.84449],[-87.63145,41.84422],[-87.63144,41.84422]]},"properties":{"kind":"expressway","name":"Dan Ryan Expy (I-90/94)"}},{"type":"Feature","geometry":{"type":"LineString","coordinates":[[-87.73856,41.81843],[-87.73871,41.81839],[-87.7391,41.81827],[-87.73948,41.81815],[-87.73978,41.81806],[-87.74037,41.8179],[-87.74069,41.81782],[-87.74107,41.81773],[-87.74147,41.81764],[-87.74166,41.8176],[-87.74199,41.81753],[-87.74239,41.81743],[-87.74256,41.81739],[-87.74293,41.81729],[-87.74306,41.81725],[-87.74342,41.81713]]},"properties":{"kind":"expressway","name":"Stevenson Expy (I-55)"}},{"type":"Feature","geometry":{"type":"LineString","coordinates":[[-87.6251,41.90492],[-87.6251,41.90497],[-87.62514,41.90523],[-87.6253,41.90587]]},"properties":{"kind":"expressway","name":"DuSable Lake Shore Dr"}},{"type":"Feature","geometry":{"type":"LineString","coordinates":[[-87.61745,41.89768],[-87.61783,41.89826],[-87.61803,41.89854]]},"properties":{"kind":"expressway","name":"DuSable Lake Shore Dr"}},{"type":"Feature","geometry":{"type":"LineString","coordinates":[[-87.61391,41.88745],[-87.61393,41.88755],[-87.61395,41.88774],[-87.61396,41.88794]]},"properties":{"kind":"expressway","name":"DuSable Lake Shore Dr"}},{"type":"Feature","geometry":{"type":"LineString","coordinates":[[-87.83626,41.98424],[-87.83643,41.98423],[-87.83652,41.98423],[-87.83659,41.98423]]},"properties":{"kind":"expressway","name":"Kennedy Expy (I-90/94)"}},{"type":"Feature","geometry":{"type":"LineString","coordinates":[[-87.6887,41.87529],[-87.68951,41.87529],[-87.69017,41.87528],[-87.69023,41.87528]]},"properties":{"kind":"expressway","name":"Eisenhower Expy (I-290)"}},{"type":"Feature","geometry":{"type":"LineString","coordinates":[[-87.57331,41.74073],[-87.57324,41.74067],[-87.57319,41.74064],[-87.57303,41.74052]]},"properties":{"kind":"expressway","name":"Chicago Skyway (I-90)"}},{"type":"Feature","geometry":{"type":"LineString","coordinates":[[-87.59785,41.69282],[-87.59795,41.69263],[-87.59806,41.69242],[-87.59811,41.69232]]},"properties":{"kind":"expressway","name":"Bishop Ford Fwy (I-94)"}},{"type":"Feature","geometry":{"type":"LineString","coordinates":[[-87.8418,41.98428],[-87.84255,41.98424],[-87.84306,41.98421],[-87.84323,41.98421],[-87.84346,41.98419],[-87.84425,41.98416],[-87.84489,41.98413],[-87.8461,41.98408],[-87.84634,41.98407],[-87.84645,41.98406]]},"properties":{"kind":"expressway","name":"Kennedy Expy (I-90/94)"}},{"type":"Feature","geometry":{"type":"LineString","coordinates":[[-87.58143,41.79967],[-87.58142,41.79965],[-87.58137,41.79941],[-87.58131,41.79919],[-87.58127,41.79905],[-87.58122,41.79891],[-87.58117,41.79874],[-87.5811,41.79857],[-87.58104,41.79841],[-87.581,41.79834],[-87.5809,41.79817]]},"properties":{"kind":"expressway","name":"DuSable Lake Shore Dr"}},{"type":"Feature","geometry":{"type":"LineString","coordinates":[[-87.63101,41.79624],[-87.63101,41.79603],[-87.631,41.79583],[-87.631,41.79559],[-87.63097,41.79477],[-87.63097,41.79463],[-87.63097,41.79455]]},"properties":{"kind":"expressway","name":"Dan Ryan Expy (I-90/94)"}},{"type":"Feature","geometry":{"type":"LineString","coordinates":[[-87.6307,41.77816],[-87.63067,41.7781],[-87.63054,41.77789],[-87.6304,41.77769],[-87.63027,41.77753],[-87.63014,41.77739],[-87.63014,41.77738],[-87.63007,41.7773]]},"properties":{"kind":"expressway","name":"Dan Ryan Expy (I-90/94)"}},{"type":"Feature","geometry":{"type":"LineString","coordinates":[[-87.69241,41.83295],[-87.69246,41.83293],[-87.69273,41.83285],[-87.69306,41.83275],[-87.69343,41.83263],[-87.69375,41.83253],[-87.69418,41.83239],[-87.6945,41.83229],[-87.69454,41.83228],[-87.69481,41.8322],[-87.69488,41.83217]]},"properties":{"kind":"expressway","name":"Stevenson Expy (I-55)"}},{"type":"Feature","geometry":{"type":"LineString","coordinates":[[-87.59291,41.70936],[-87.59281,41.70923],[-87.5928,41.70921],[-87.59258,41.70889],[-87.59249,41.70874],[-87.59238,41.70855],[-87.59226,41.70832],[-87.59221,41.70822],[-87.59218,41.70816],[-87.5921,41.70797],[-87.59201,41.70774],[-87.59198,41.70767]]},"properties":{"kind":"expressway","name":"Bishop Ford Fwy (I-94)"}},{"type":"Feature","geometry":{"type":"LineString","coordinates":[[-87.7926,41.98233],[-87.79269,41.98233],[-87.79299,41.98233],[-87.79311,41.98233],[-87.79344,41.98233],[-87.79373,41.98233],[-87.79396,41.98233],[-87.79422,41.98233],[-87.79435,41.98233],[-87.79526,41.98231],[-87.79543,41.98231],[-87.7957,41.9823],[-87.79616,41.98229],[-87.79695,41.98229],[-87.7972,41.98229]]},"properties":{"kind":"expressway","name":"Kennedy Expy (I-90/94)"}},{"type":"Feature","geometry":{"type":"LineString","coordinates":[[-87.79259,41.9826],[-87.79268,41.9826],[-87.79283,41.98259],[-87.79373,41.98258],[-87.79405,41.98257],[-87.7943,41.98257],[-87.79463,41.98256],[-87.79492,41.98256],[-87.79643,41.98256]]},"properties":{"kind":"expressway","name":"Kennedy Expy (I-90/94)"}},{"type":"Feature","geometry":{"type":"LineString","coordinates":[[-87.61569,41.89509],[-87.61598,41.89555],[-87.61622,41.89588]]},"properties":{"kind":"expressway","name":"DuSable Lake Shore Dr"}},{"type":"Feature","geometry":{"type":"LineString","coordinates":[[-87.61526,41.84801],[-87.61488,41.84802],[-87.61488,41.84802]]},"properties":{"kind":"expressway","name":"Stevenson Ib Lsd Nb"}},{"type":"Feature","geometry":{"type":"LineString","coordinates":[[-87.60148,41.67632],[-87.60146,41.67623],[-87.60138,41.67581],[-87.60133,41.67563],[-87.60121,41.67524],[-87.60111,41.67497],[-87.60109,41.67491],[-87.60105,41.67483],[-87.60103,41.67477],[-87.60099,41.67469],[-87.60096,41.67462],[-87.60091,41.67453],[-87.60088,41.67447],[-87.60086,41.67442],[-87.60084,41.67439],[-87.60082,41.67434]]},"properties":{"kind":"expressway","name":"Bishop Ford Fwy (I-94)"}},{"type":"Feature","geometry":{"type":"LineString","coordinates":[[-87.64548,41.87955],[-87.64548,41.87948],[-87.64547,41.87934],[-87.64547,41.87925]]},"properties":{"kind":"expressway","name":"Kennedy Expy (I-90/94)"}},{"type":"Feature","geometry":{"type":"LineString","coordinates":[[-87.71817,41.9465],[-87.71824,41.94663],[-87.71826,41.94666],[-87.71846,41.94696],[-87.71885,41.9474],[-87.71912,41.94765],[-87.71915,41.94768]]},"properties":{"kind":"expressway","name":"Kennedy Expy (I-90/94)"}},{"type":"Feature","geometry":{"type":"LineString","coordinates":[[-87.64689,41.96368],[-87.64689,41.96369],[-87.64694,41.9639]]},"properties":{"kind":"expressway","name":"DuSable Lake Shore Dr"}},{"type":"Feature","geometry":{"type":"LineString","coordinates":[[-87.59702,41.66968],[-87.59701,41.66967],[-87.59689,41.66953],[-87.59681,41.66944],[-87.5967,41.66931],[-87.59663,41.66922],[-87.59655,41.66914],[-87.5965,41.66907],[-87.59644,41.66901],[-87.5964,41.66895],[-87.59631,41.66886],[-87.59625,41.66879],[-87.59614,41.66866],[-87.59603,41.66853],[-87.59595,41.66844],[-87.59586,41.66834],[-87.59579,41.66825],[-87.59569,41.66814],[-87.59564,41.66808],[-87.59544,41.66785]]},"properties":{"kind":"expressway","name":"Bishop Ford Fwy (I-94)"}},{"type":"Feature","geometry":{"type":"LineString","coordinates":[[-87.64648,41.96196],[-87.64649,41.96197],[-87.64651,41.9621],[-87.64653,41.96223],[-87.64658,41.96248],[-87.64664,41.96278],[-87.64681,41.96341],[-87.64684,41.9635],[-87.64689,41.96368]]},"properties":{"kind":"expressway","name":"DuSable Lake Shore Dr"}},{"type":"Feature","geometry":{"type":"LineString","coordinates":[[-87.70692,41.82867],[-87.70701,41.82864],[-87.70743,41.82851],[-87.70775,41.82841],[-87.70812,41.8283],[-87.70849,41.82818],[-87.70892,41.82805],[-87.70925,41.82794],[-87.70947,41.82787]]},"properties":{"kind":"expressway","name":"Stevenson Expy (I-55)"}},{"type":"Feature","geometry":{"type":"LineString","coordinates":[[-87.62498,41.75095],[-87.62498,41.75087],[-87.62497,41.75072],[-87.62497,41.75059],[-87.62495,41.75011],[-87.62494,41.74947],[-87.62493,41.74912]]},"properties":{"kind":"expressway","name":"Dan Ryan Expy (I-90/94)"}},{"type":"Feature","geometry":{"type":"LineString","coordinates":[[-87.74234,41.96079],[-87.74248,41.9609],[-87.74264,41.96103],[-87.74279,41.96114],[-87.74283,41.96117],[-87.74302,41.96133],[-87.74304,41.96135]]},"properties":{"kind":"expressway","name":"Kennedy Expy (I-90/94)"}},{"type":"Feature","geometry":{"type":"LineString","coordinates":[[-87.62622,41.84753],[-87.6262,41.84754],[-87.62542,41.84777],[-87.62492,41.84789],[-87.62444,41.84797],[-87.6239,41.84805],[-87.62383,41.84806],[-87.62381,41.84806],[-87.62369,41.84807]]},"properties":{"kind":"expressway","name":"Stevenson Expy (I-55)"}},{"type":"Feature","geometry":{"type":"LineString","coordinates":[[-87.60565,41.71359],[-87.6054,41.71359],[-87.60526,41.71359],[-87.60513,41.71359]]},"properties":{"kind":"expressway","name":"Bishop Ford Fwy (I-94)"}},{"type":"Feature","geometry":{"type":"LineString","coordinates":[[-87.63117,41.92615],[-87.63121,41.9263],[-87.63143,41.92699],[-87.63167,41.92779],[-87.63168,41.92782]]},"properties":{"kind":"expressway","name":"DuSable Lake Shore Dr"}},{"type":"Feature","geometry":{"type":"LineString","coordinates":[[-87.60432,41.82941],[-87.60429,41.82938],[-87.60417,41.82927],[-87.60401,41.82912],[-87.60385,41.82898],[-87.6037,41.82886],[-87.60353,41.82872],[-87.60339,41.82859],[-87.6032,41.82843],[-87.60302,41.82827],[-87.60243,41.82777]]},"properties":{"kind":"expressway","name":"DuSable Lake Shore Dr"}},{"type":"Feature","geometry":{"type":"LineString","coordinates":[[-87.60759,41.76556],[-87.60718,41.76526],[-87.60669,41.76491],[-87.6057,41.76419],[-87.60554,41.76407]]},"properties":{"kind":"expressway","name":"Chicago Skyway (I-90)"}},{"type":"Feature","geometry":{"type":"LineString","coordinates":[[-87.61461,41.85298],[-87.61457,41.85289],[-87.61428,41.8523],[-87.61425,41.85223],[-87.61409,41.85187],[-87.61398,41.85163],[-87.61383,41.85126],[-87.61379,41.85116]]},"properties":{"kind":"expressway","name":"DuSable Lake Shore Dr"}},{"type":"Feature","geometry":{"type":"LineString","coordinates":[[-87.6314,41.79454],[-87.6314,41.79454],[-87.6314,41.79447],[-87.63139,41.79429],[-87.63139,41.79419]]},"properties":{"kind":"expressway","name":"Dan Ryan Expy (I-90/94)"}},{"type":"Feature","geometry":{"type":"LineString","coordinates":[[-87.63097,41.8412],[-87.63099,41.84108],[-87.63104,41.84053],[-87.63104,41.84015],[-87.63103,41.83973]]},"properties":{"kind":"expressway","name":"Dan Ryan Expy (I-90/94)"}},{"type":"Feature","geometry":{"type":"LineString","coordinates":[[-87.65354,41.84433],[-87.6542,41.84405],[-87.65428,41.84401],[-87.6545,41.84392]]},"properties":{"kind":"expressway","name":"Stevenson Expy (I-55)"}},{"type":"Feature","geometry":{"type":"LineString","coordinates":[[-87.74692,41.97787],[-87.74683,41.97813],[-87.74681,41.97818]]},"properties":{"kind":"expressway","name":"Edens Expy (I-94)"}},{"type":"Feature","geometry":{"type":"LineString","coordinates":[[-87.65185,41.98005],[-87.65185,41.98006],[-87.652,41.98037],[-87.65215,41.98074],[-87.65222,41.98091],[-87.6523,41.98118],[-87.65236,41.98139],[-87.65241,41.98161],[-87.65241,41.98162]]},"properties":{"kind":"expressway","name":"DuSable Lake Shore Dr"}},{"type":"Feature","geometry":{"type":"LineString","coordinates":[[-87.64568,41.88504],[-87.6457,41.88516],[-87.64573,41.88529],[-87.64578,41.88548],[-87.64582,41.8856],[-87.64583,41.88563],[-87.64586,41.88569]]},"properties":{"kind":"expressway","name":"Kennedy Expy (I-90/94)"}},{"type":"Feature","geometry":{"type":"LineString","coordinates":[[-87.75476,41.87169],[-87.7549,41.87169],[-87.75505,41.87169],[-87.75548,41.87168],[-87.75601,41.87167],[-87.75639,41.87167],[-87.75684,41.87167],[-87.75718,41.87166],[-87.75737,41.87166]]},"properties":{"kind":"expressway","name":"Eisenhower Expy (I-290)"}},{"type":"Feature","geometry":{"type":"LineString","coordinates":[[-87.69766,41.93371],[-87.69797,41.93389],[-87.69804,41.93393]]},"properties":{"kind":"expressway","name":"Kennedy Expy (I-90/94)"}},{"type":"Feature","geometry":{"type":"LineString","coordinates":[[-87.64181,41.94618],[-87.64184,41.94624],[-87.642,41.94651],[-87.64216,41.94679]]},"properties":{"kind":"expressway","name":"DuSable Lake Shore Dr"}},{"type":"Feature","geometry":{"type":"LineString","coordinates":[[-87.63103,41.82773],[-87.63101,41.82733]]},"properties":{"kind":"expressway","name":"Dan Ryan Expy (I-90/94)"}},{"type":"Feature","geometry":{"type":"LineString","coordinates":[[-87.64551,41.88097],[-87.6455,41.88052]]},"properties":{"kind":"expressway","name":"Kennedy Expy (I-90/94)"}},{"type":"Feature","geometry":{"type":"LineString","coordinates":[[-87.64546,41.8767],[-87.64545,41.87662],[-87.64544,41.87659],[-87.64543,41.87649],[-87.64542,41.87645]]},"properties":{"kind":"expressway","name":"Kennedy Expy (I-90/94)"}},{"type":"Feature","geometry":{"type":"LineString","coordinates":[[-87.62304,41.71542],[-87.62309,41.71544],[-87.62315,41.71547],[-87.62325,41.71551],[-87.62338,41.71556],[-87.62354,41.71562],[-87.6237,41.71568],[-87.6239,41.71575],[-87.62392,41.71575],[-87.62394,41.71576],[-87.62403,41.71579]]},"properties":{"kind":"expressway","name":"Bishop Ford I57"}},{"type":"Feature","geometry":{"type":"LineString","coordinates":[[-87.58454,41.80611],[-87.58442,41.80603],[-87.58415,41.80586],[-87.5838,41.80565],[-87.58362,41.80554],[-87.58346,41.80543],[-87.58313,41.80521],[-87.5831,41.80518],[-87.58308,41.80517],[-87.5828,41.80493],[-87.58263,41.80479],[-87.58241,41.80457],[-87.58226,41.80439]]},"properties":{"kind":"expressway","name":"DuSable Lake Shore Dr"}},{"type":"Feature","geometry":{"type":"LineString","coordinates":[[-87.74759,41.97535],[-87.74759,41.97546],[-87.74759,41.97598],[-87.74757,41.97618],[-87.74756,41.97639],[-87.74751,41.97673],[-87.74744,41.97697],[-87.7474,41.97709],[-87.74719,41.97769],[-87.74703,41.9781],[-87.74702,41.97813],[-87.747,41.97818]]},"properties":{"kind":"expressway","name":"Edens Expy (I-94)"}},{"type":"Feature","geometry":{"type":"LineString","coordinates":[[-87.61738,41.87583],[-87.61738,41.87581],[-87.61737,41.87553],[-87.61735,41.87455],[-87.61735,41.87454]]},"properties":{"kind":"expressway","name":"DuSable Lake Shore Dr"}},{"type":"Feature","geometry":{"type":"LineString","coordinates":[[-87.6442,41.85942],[-87.6442,41.85917]]},"properties":{"kind":"expressway","name":"Dan Ryan Expy (I-90/94)"}},{"type":"Feature","geometry":{"type":"LineString","coordinates":[[-87.59933,41.71325],[-87.59924,41.71323],[-87.59897,41.71316],[-87.59885,41.71313],[-87.59864,41.71307],[-87.59842,41.713],[-87.59831,41.71297]]},"properties":{"kind":"expressway","name":"Bishop Ford Fwy (I-94)"}},{"type":"Feature","geometry":{"type":"LineString","coordinates":[[-87.63305,41.84458],[-87.63284,41.84444],[-87.63262,41.84426],[-87.63243,41.84408]]},"properties":{"kind":"expressway","name":"Dan Ryan Expy (I-90/94)"}},{"type":"Feature","geometry":{"type":"LineString","coordinates":[[-87.68594,41.92676],[-87.68736,41.92757],[-87.68749,41.92765],[-87.68767,41.92775],[-87.68775,41.92779]]},"properties":{"kind":"expressway","name":"Kennedy Expy (I-90/94)"}},{"type":"Feature","geometry":{"type":"LineString","coordinates":[[-87.60513,41.83032],[-87.60503,41.8302],[-87.60491,41.83005],[-87.60483,41.82995],[-87.6047,41.82981],[-87.6046,41.82969],[-87.60447,41.82956],[-87.60436,41.82945],[-87.60432,41.82941]]},"properties":{"kind":"expressway","name":"DuSable Lake Shore Dr"}},{"type":"Feature","geometry":{"type":"LineString","coordinates":[[-87.66111,41.8409],[-87.66138,41.84075],[-87.66165,41.84059]]},"properties":{"kind":"expressway","name":"Stevenson Expy (I-55)"}},{"type":"Feature","geometry":{"type":"LineString","coordinates":[[-87.60708,41.83301],[-87.60704,41.83294],[-87.60697,41.83281],[-87.60693,41.83275],[-87.60687,41.83264],[-87.60679,41.83251],[-87.60673,41.83243],[-87.60666,41.83232],[-87.60658,41.83221],[-87.60649,41.83209],[-87.60641,41.83198],[-87.60634,41.8319],[-87.6063,41.83184],[-87.60628,41.83181],[-87.60624,41.83176],[-87.6061,41.83159],[-87.606,41.83146],[-87.6059,41.83132],[-87.60584,41.83124]]},"properties":{"kind":"expressway","name":"DuSable Lake Shore Dr"}},{"type":"Feature","geometry":{"type":"LineString","coordinates":[[-87.63007,41.82545],[-87.63007,41.82506],[-87.63007,41.82482],[-87.63006,41.82453],[-87.63005,41.82429],[-87.63005,41.82408],[-87.63004,41.82386],[-87.63004,41.82381],[-87.63004,41.82367]]},"properties":{"kind":"expressway","name":"Dan Ryan Expy (I-90/94)"}},{"type":"Feature","geometry":{"type":"LineString","coordinates":[[-87.74703,41.96805],[-87.74704,41.96814],[-87.74708,41.96886],[-87.7471,41.9693],[-87.74714,41.96966],[-87.74715,41.96981]]},"properties":{"kind":"expressway","name":"Edens Expy (I-94)"}},{"type":"Feature","geometry":{"type":"LineString","coordinates":[[-87.55369,41.72666],[-87.55357,41.72657],[-87.55315,41.72627],[-87.5527,41.72594],[-87.55222,41.72559],[-87.55214,41.72553],[-87.55211,41.72551],[-87.55181,41.7253],[-87.55173,41.72524],[-87.55172,41.72524],[-87.5516,41.72515],[-87.55147,41.72505],[-87.55136,41.72496],[-87.55125,41.72488],[-87.55114,41.72479]]},"properties":{"kind":"expressway","name":"Chicago Skyway (I-90)"}},{"type":"Feature","geometry":{"type":"LineString","coordinates":[[-87.62879,41.77661],[-87.62864,41.7765],[-87.62816,41.77616],[-87.62797,41.77601],[-87.62777,41.77586],[-87.62755,41.77567],[-87.62739,41.77552],[-87.62722,41.77536],[-87.62702,41.77515],[-87.62695,41.77507]]},"properties":{"kind":"expressway","name":"Dan Ryan Expy (I-90/94)"}},{"type":"Feature","geometry":{"type":"LineString","coordinates":[[-87.54314,41.71781],[-87.54308,41.71777],[-87.54305,41.71775],[-87.54261,41.71744],[-87.54245,41.71734]]},"properties":{"kind":"expressway","name":"Chicago Skyway (I-90)"}},{"type":"Feature","geometry":{"type":"LineString","coordinates":[[-87.63683,41.93888],[-87.63722,41.9392],[-87.63743,41.93938],[-87.63758,41.9395],[-87.63776,41.93967],[-87.63793,41.93985],[-87.63811,41.94004],[-87.63826,41.9402],[-87.6383,41.94025],[-87.63844,41.94042]]},"properties":{"kind":"expressway","name":"DuSable Lake Shore Dr"}},{"type":"Feature","geometry":{"type":"LineString","coordinates":[[-87.61667,41.89683],[-87.61684,41.89707],[-87.61716,41.89754],[-87.61725,41.89768]]},"properties":{"kind":"expressway","name":"DuSable Lake Shore Dr"}},{"type":"Feature","geometry":{"type":"LineString","coordinates":[[-87.62544,41.76186],[-87.62544,41.76167]]},"properties":{"kind":"expressway","name":"Dan Ryan Expy (I-90/94)"}},{"type":"Feature","geometry":{"type":"LineString","coordinates":[[-87.61936,41.86497],[-87.61935,41.86492],[-87.61934,41.86487],[-87.61929,41.86463],[-87.61923,41.86437],[-87.61919,41.86419],[-87.61918,41.86417]]},"properties":{"kind":"expressway","name":"DuSable Lake Shore Dr"}},{"type":"Feature","geometry":{"type":"LineString","coordinates":[[-87.6545,41.84392],[-87.6548,41.8438],[-87.65514,41.84366],[-87.65598,41.8433]]},"properties":{"kind":"expressway","name":"Stevenson Expy (I-55)"}},{"type":"Feature","geometry":{"type":"LineString","coordinates":[[-87.54896,41.72279],[-87.54884,41.72266],[-87.54871,41.72251],[-87.54862,41.72242],[-87.54851,41.72229],[-87.54831,41.72208]]},"properties":{"kind":"expressway","name":"Chicago Skyway (I-90)"}},{"type":"Feature","geometry":{"type":"LineString","coordinates":[[-87.6453,41.87573],[-87.64532,41.87573],[-87.64555,41.87575],[-87.6456,41.87575]]},"properties":{"kind":"expressway","name":"Eisenhower Expy (I-290)"}},{"type":"Feature","geometry":{"type":"LineString","coordinates":[[-87.59676,41.69527],[-87.5968,41.69518],[-87.59698,41.69486]]},"properties":{"kind":"expressway","name":"Bishop Ford Fwy (I-94)"}},{"type":"Feature","geometry":{"type":"LineString","coordinates":[[-87.62517,41.75374],[-87.62513,41.75308],[-87.62511,41.75288],[-87.62511,41.75287],[-87.62509,41.75274]]},"properties":{"kind":"expressway","name":"Dan Ryan Expy (I-90/94)"}},{"type":"Feature","geometry":{"type":"LineString","coordinates":[[-87.61398,41.89265],[-87.61399,41.89276],[-87.61407,41.89297],[-87.61407,41.89298],[-87.61416,41.89314],[-87.61429,41.89341],[-87.61437,41.89356]]},"properties":{"kind":"expressway","name":"DuSable Lake Shore Dr"}},{"type":"Feature","geometry":{"type":"LineString","coordinates":[[-87.6507,41.84534],[-87.65116,41.84524],[-87.65118,41.84523],[-87.65152,41.84513],[-87.65162,41.8451],[-87.65163,41.8451],[-87.65183,41.84503],[-87.65211,41.84494],[-87.65237,41.84484],[-87.65272,41.84469],[-87.65338,41.8444],[-87.65354,41.84433]]},"properties":{"kind":"expressway","name":"Stevenson Expy (I-55)"}},{"type":"Feature","geometry":{"type":"LineString","coordinates":[[-87.63527,41.93776],[-87.63588,41.93819],[-87.63604,41.9383],[-87.63618,41.93841],[-87.63626,41.93846],[-87.63663,41.93874],[-87.63683,41.93888]]},"properties":{"kind":"expressway","name":"DuSable Lake Shore Dr"}},{"type":"Feature","geometry":{"type":"LineString","coordinates":[[-87.63004,41.82367],[-87.63003,41.82354],[-87.63003,41.82347],[-87.63003,41.82335],[-87.63003,41.82317],[-87.63002,41.82298],[-87.63002,41.82273],[-87.63001,41.82244],[-87.63001,41.8223],[-87.63,41.82223],[-87.63,41.82204],[-87.62999,41.82195],[-87.62999,41.82192]]},"properties":{"kind":"expressway","name":"Dan Ryan Expy (I-90/94)"}},{"type":"Feature","geometry":{"type":"LineString","coordinates":[[-87.65831,41.84252],[-87.65884,41.84229],[-87.65934,41.84206]]},"properties":{"kind":"expressway","name":"Stevenson Expy (I-55)"}},{"type":"Feature","geometry":{"type":"LineString","coordinates":[[-87.63006,41.81255],[-87.63006,41.81241],[-87.63006,41.81237],[-87.63007,41.81224],[-87.6301,41.81202],[-87.63015,41.8118],[-87.63018,41.81169],[-87.63023,41.8115],[-87.63027,41.8114],[-87.63034,41.81123],[-87.6304,41.8111],[-87.63042,41.81105],[-87.63044,41.81103]]},"properties":{"kind":"expressway","name":"Dan Ryan Expy (I-90/94)"}},{"type":"Feature","geometry":{"type":"LineString","coordinates":[[-87.62487,41.73121],[-87.62486,41.73085],[-87.62486,41.73082]]},"properties":{"kind":"expressway","name":"Dan Ryan Expy (I-90/94)"}},{"type":"Feature","geometry":{"type":"LineString","coordinates":[[-87.63093,41.79261],[-87.63093,41.79243],[-87.63092,41.7922],[-87.63092,41.79189],[-87.63092,41.79179],[-87.63093,41.79177],[-87.63092,41.79147],[-87.63091,41.791],[-87.6309,41.79091]]},"properties":{"kind":"expressway","name":"Dan Ryan Expy (I-90/94)"}},{"type":"Feature","geometry":{"type":"LineString","coordinates":[[-87.64545,41.71478],[-87.64697,41.71475],[-87.64787,41.71474]]},"properties":{"kind":"expressway","name":"I-57"}},{"type":"Feature","geometry":{"type":"LineString","coordinates":[[-87.69804,41.93393],[-87.69838,41.93414],[-87.6987,41.93432],[-87.69908,41.93454],[-87.7,41.93507],[-87.7002,41.93519],[-87.70035,41.93527],[-87.70043,41.93532],[-87.70045,41.93533]]},"properties":{"kind":"expressway","name":"Kennedy Expy (I-90/94)"}},{"type":"Feature","geometry":{"type":"LineString","coordinates":[[-87.72758,41.95225],[-87.72787,41.95242],[-87.72905,41.95309],[-87.72931,41.95323],[-87.72955,41.95337],[-87.72992,41.95358],[-87.73001,41.95363]]},"properties":{"kind":"expressway","name":"Kennedy Expy (I-90/94)"}},{"type":"Feature","geometry":{"type":"LineString","coordinates":[[-87.62381,41.90248],[-87.62383,41.90251],[-87.62389,41.9026],[-87.62402,41.90281],[-87.62408,41.90295],[-87.62416,41.90318],[-87.62426,41.90351],[-87.62441,41.90401],[-87.62441,41.90402],[-87.62442,41.90411]]},"properties":{"kind":"expressway","name":"DuSable Lake Shore Dr"}},{"type":"Feature","geometry":{"type":"LineString","coordinates":[[-87.64417,41.95056],[-87.64418,41.95058],[-87.64425,41.95071],[-87.64429,41.95077],[-87.64435,41.95088],[-87.6444,41.95098],[-87.64444,41.95108],[-87.64448,41.95119],[-87.6445,41.95126],[-87.64453,41.95137],[-87.64455,41.95144],[-87.64458,41.9516],[-87.64459,41.95172],[-87.6446,41.95179],[-87.6446,41.95185],[-87.6446,41.95193],[-87.6446,41.952],[-87.6446,41.95211],[-87.6446,41.95221],[-87.64459,41.95229],[-87.64459,41.95238]]},"properties":{"kind":"expressway","name":"DuSable Lake Shore Dr"}},{"type":"Feature","geometry":{"type":"LineString","coordinates":[[-87.63306,41.84485],[-87.63299,41.84482],[-87.63288,41.84476],[-87.63276,41.8447],[-87.63264,41.84463],[-87.63254,41.84457],[-87.63241,41.84448],[-87.63221,41.84434],[-87.63199,41.84416],[-87.63191,41.84409]]},"properties":{"kind":"expressway","name":"Dan Ryan Expy (I-90/94)"}},{"type":"Feature","geometry":{"type":"LineString","coordinates":[[-87.64452,41.86127],[-87.64451,41.86115]]},"properties":{"kind":"expressway","name":"Dan Ryan Expy (I-90/94)"}},{"type":"Feature","geometry":{"type":"LineString","coordinates":[[-87.62932,41.77724],[-87.62927,41.77719],[-87.62922,41.77715],[-87.62903,41.77699],[-87.62865,41.7767],[-87.62854,41.77663]]},"properties":{"kind":"expressway","name":"Dan Ryan Expy (I-90/94)"}},{"type":"Feature","geometry":{"type":"LineString","coordinates":[[-87.61418,41.88842],[-87.61421,41.88921],[-87.61422,41.88959]]},"properties":{"kind":"expressway","name":"DuSable Lake Shore Dr"}},{"type":"Feature","geometry":{"type":"LineString","coordinates":[[-87.64589,41.87924],[-87.64588,41.87907]]},"properties":{"kind":"expressway","name":"Kennedy Expy (I-90/94)"}},{"type":"Feature","geometry":{"type":"LineString","coordinates":[[-87.64691,41.87541],[-87.64696,41.87541],[-87.64705,41.87541],[-87.64717,41.8754]]},"properties":{"kind":"expressway","name":"Eisenhower Expy (I-290)"}},{"type":"Feature","geometry":{"type":"LineString","coordinates":[[-87.60467,41.82936],[-87.60458,41.82927],[-87.60444,41.82914],[-87.60431,41.82901],[-87.60415,41.82888],[-87.604,41.82875],[-87.60386,41.82864],[-87.60375,41.82855],[-87.60361,41.82844],[-87.60348,41.82834],[-87.60331,41.8282],[-87.60322,41.82813],[-87.60266,41.8277],[-87.60261,41.82765]]},"properties":{"kind":"expressway","name":"DuSable Lake Shore Dr"}},{"type":"Feature","geometry":{"type":"LineString","coordinates":[[-87.61422,41.88959],[-87.61423,41.89025],[-87.61424,41.89072],[-87.61424,41.89097],[-87.61423,41.89111]]},"properties":{"kind":"expressway","name":"DuSable Lake Shore Dr"}},{"type":"Feature","geometry":{"type":"LineString","coordinates":[[-87.61067,41.84335],[-87.61039,41.84265],[-87.61018,41.84215]]},"properties":{"kind":"expressway","name":"DuSable Lake Shore Dr"}},{"type":"Feature","geometry":{"type":"LineString","coordinates":[[-87.59801,41.75866],[-87.598,41.75865],[-87.59742,41.75823],[-87.59697,41.75792],[-87.59575,41.75705],[-87.59568,41.757]]},"properties":{"kind":"expressway","name":"Chicago Skyway (I-90)"}},{"type":"Feature","geometry":{"type":"LineString","coordinates":[[-87.64599,41.88138],[-87.64596,41.88098],[-87.64596,41.88087],[-87.64596,41.88063],[-87.64596,41.88061],[-87.64594,41.88052]]},"properties":{"kind":"expressway","name":"Kennedy Expy (I-90/94)"}},{"type":"Feature","geometry":{"type":"LineString","coordinates":[[-87.64478,41.87544],[-87.64522,41.87544],[-87.64524,41.87544]]},"properties":{"kind":"expressway","name":"Eisenhower Expy (I-290)"}},{"type":"Feature","geometry":{"type":"LineString","coordinates":[[-87.68507,41.92646],[-87.68563,41.92678]]},"properties":{"kind":"expressway","name":"Kennedy Expy (I-90/94)"}},{"type":"Feature","geometry":{"type":"LineString","coordinates":[[-87.6322,41.8055],[-87.63216,41.80501],[-87.63211,41.80452],[-87.63208,41.80433],[-87.63206,41.80416],[-87.63203,41.80396],[-87.632,41.80374],[-87.63199,41.80366]]},"properties":{"kind":"expressway","name":"Dan Ryan Expy (I-90/94)"}},{"type":"Feature","geometry":{"type":"LineString","coordinates":[[-87.89154,41.97783],[-87.8916,41.97787],[-87.89215,41.97833],[-87.89243,41.97857],[-87.89335,41.97938],[-87.89364,41.97964],[-87.89401,41.97997],[-87.89431,41.98023],[-87.89466,41.98054],[-87.89469,41.98057],[-87.89471,41.98058],[-87.89477,41.98063],[-87.89478,41.98064],[-87.89481,41.98067],[-87.89489,41.98074],[-87.89491,41.98076],[-87.89497,41.98081],[-87.895,41.98084],[-87.89502,41.98086],[-87.89506,41.9809],[-87.89512,41.98095],[-87.89519,41.98101],[-87.89519,41.98102],[-87.89523,41.98105],[-87.89526,41.98108],[-87.8953,41.98112],[-87.89535,41.98115],[-87.89537,41.98118],[-87.89545,41.98124],[-87.89547,41.98125],[-87.89553,41.9813],[-87.89558,41.98134],[-87.89563,41.98138],[-87.89568,41.98143],[-87.89572,41.98146],[-87.89575,41.9815],[-87.89579,41.98153],[-87.89582,41.98156],[-87.89587,41.9816],[-87.89591,41.98163],[-87.89598,41.98169],[-87.89601,41.98172],[-87.89604,41.98174],[-87.89607,41.98177],[-87.8961,41.9818],[-87.89615,41.98183],[-87.89617,41.98185],[-87.89622,41.98189],[-87.89625,41.98191],[-87.8963,41.98194],[-87.89632,41.98195],[-87.89635,41.98197],[-87.8964,41.982],[-87.89647,41.98203],[-87.89666,41.98208],[-87.89673,41.9821]]},"properties":{"kind":"expressway","name":"I-190 (O'Hare)"}},{"type":"Feature","geometry":{"type":"LineString","coordinates":[[-87.62448,41.9023],[-87.62451,41.90245]]},"properties":{"kind":"expressway","name":"DuSable Lake Shore Dr"}},{"type":"Feature","geometry":{"type":"LineString","coordinates":[[-87.73034,41.87403],[-87.73045,41.87402],[-87.73048,41.87402],[-87.73102,41.87402],[-87.7317,41.87403],[-87.73178,41.87403],[-87.73274,41.87399],[-87.73279,41.87399]]},"properties":{"kind":"expressway","name":"Eisenhower Expy (I-290)"}},{"type":"Feature","geometry":{"type":"LineString","coordinates":[[-87.63125,41.80287],[-87.63124,41.80269],[-87.63123,41.80252],[-87.63121,41.80227],[-87.63119,41.80195],[-87.63118,41.80183]]},"properties":{"kind":"expressway","name":"Dan Ryan Expy (I-90/94)"}},{"type":"Feature","geometry":{"type":"LineString","coordinates":[[-87.66305,41.87556],[-87.66425,41.87554]]},"properties":{"kind":"expressway","name":"Eisenhower Expy (I-290)"}},{"type":"Feature","geometry":{"type":"LineString","coordinates":[[-87.63077,41.7942],[-87.63076,41.79411],[-87.63076,41.79405],[-87.63076,41.79389],[-87.63075,41.7937],[-87.63075,41.79351],[-87.63074,41.79331],[-87.63074,41.79315],[-87.63073,41.79297],[-87.63073,41.79261]]},"properties":{"kind":"expressway","name":"Dan Ryan Expy (I-90/94)"}},{"type":"Feature","geometry":{"type":"LineString","coordinates":[[-87.70767,41.93889],[-87.70813,41.93915],[-87.70844,41.93933]]},"properties":{"kind":"expressway","name":"Kennedy Expy (I-90/94)"}},{"type":"Feature","geometry":{"type":"LineString","coordinates":[[-87.56439,41.73382],[-87.56429,41.73375],[-87.56428,41.73374],[-87.56379,41.73351],[-87.56291,41.73312],[-87.56245,41.73287],[-87.56219,41.73273],[-87.56191,41.73256],[-87.56167,41.73239],[-87.56131,41.73215],[-87.56125,41.73211],[-87.56122,41.73209],[-87.56118,41.73206],[-87.56112,41.73201]]},"properties":{"kind":"expressway","name":"Chicago Skyway (I-90)"}},{"type":"Feature","geometry":{"type":"LineString","coordinates":[[-87.61398,41.88842],[-87.614,41.88903],[-87.614,41.88905]]},"properties":{"kind":"expressway","name":"DuSable Lake Shore Dr"}},{"type":"Feature","geometry":{"type":"LineString","coordinates":[[-87.58316,41.74799],[-87.58308,41.74794],[-87.58297,41.74786],[-87.58221,41.74733],[-87.58153,41.74683]]},"properties":{"kind":"expressway","name":"Chicago Skyway (I-90)"}},{"type":"Feature","geometry":{"type":"LineString","coordinates":[[-87.67545,41.83726],[-87.67564,41.83726],[-87.67676,41.83723],[-87.67785,41.83721]]},"properties":{"kind":"expressway","name":"Stevenson Expy (I-55)"}},{"type":"Feature","geometry":{"type":"LineString","coordinates":[[-87.66957,41.83717],[-87.67005,41.83715],[-87.67012,41.83715],[-87.67057,41.83714]]},"properties":{"kind":"expressway","name":"Stevenson Expy (I-55)"}},{"type":"Feature","geometry":{"type":"LineString","coordinates":[[-87.63132,41.79261],[-87.63131,41.79259],[-87.63129,41.79192],[-87.63128,41.7918],[-87.63127,41.79161],[-87.63126,41.79114],[-87.63125,41.79099],[-87.63125,41.7909]]},"properties":{"kind":"expressway","name":"Dan Ryan Expy (I-90/94)"}},{"type":"Feature","geometry":{"type":"LineString","coordinates":[[-87.73542,41.9567],[-87.73561,41.95679],[-87.73577,41.95688]]},"properties":{"kind":"expressway","name":"Kennedy Expy (I-90/94)"}},{"type":"Feature","geometry":{"type":"LineString","coordinates":[[-87.63168,41.92782],[-87.63178,41.92816],[-87.63181,41.92831],[-87.63186,41.92853],[-87.63189,41.92872],[-87.63193,41.92901],[-87.63193,41.92907],[-87.63195,41.92954],[-87.63195,41.92978]]},"properties":{"kind":"expressway","name":"DuSable Lake Shore Dr"}},{"type":"Feature","geometry":{"type":"LineString","coordinates":[[-87.63075,41.82732],[-87.63074,41.82711],[-87.63073,41.82683],[-87.63072,41.82651],[-87.63072,41.82626],[-87.63071,41.8261],[-87.63071,41.82587],[-87.6307,41.82564],[-87.6307,41.82545]]},"properties":{"kind":"expressway","name":"Dan Ryan Expy (I-90/94)"}},{"type":"Feature","geometry":{"type":"LineString","coordinates":[[-87.62375,41.71719],[-87.62361,41.71681],[-87.62347,41.71652],[-87.62342,41.71643],[-87.62331,41.71628],[-87.62327,41.71622]]},"properties":{"kind":"expressway","name":"Bishop Ford Fwy (I-94)"}},{"type":"Feature","geometry":{"type":"LineString","coordinates":[[-87.67344,41.91967],[-87.67371,41.91983],[-87.67446,41.92025],[-87.67478,41.92043],[-87.67511,41.92062],[-87.67536,41.92076],[-87.67564,41.92093],[-87.67592,41.92108],[-87.67618,41.92123],[-87.67623,41.92126],[-87.67652,41.92142]]},"properties":{"kind":"expressway","name":"Kennedy Expy (I-90/94)"}},{"type":"Feature","geometry":{"type":"LineString","coordinates":[[-87.61635,41.71331],[-87.61447,41.71342]]},"properties":{"kind":"expressway","name":"I57 Expy"}},{"type":"Feature","geometry":{"type":"LineString","coordinates":[[-87.64524,41.87544],[-87.64554,41.87543],[-87.64558,41.87542]]},"properties":{"kind":"expressway","name":"Eisenhower Expy (I-290)"}},{"type":"Feature","geometry":{"type":"LineString","coordinates":[[-87.63683,41.846],[-87.63657,41.84594]]},"properties":{"kind":"expressway","name":"Dan Ryan Expy (I-90/94)"}},{"type":"Feature","geometry":{"type":"LineString","coordinates":[[-87.6269,41.84734],[-87.62665,41.84741]]},"properties":{"kind":"expressway","name":"Stevenson Expy (I-55)"}},{"type":"Feature","geometry":{"type":"LineString","coordinates":[[-87.68275,41.83628],[-87.68375,41.83598],[-87.68458,41.83572]]},"properties":{"kind":"expressway","name":"Stevenson Expy (I-55)"}},{"type":"Feature","geometry":{"type":"LineString","coordinates":[[-87.72438,41.82318],[-87.72454,41.82313],[-87.72523,41.82291],[-87.72558,41.8228],[-87.72612,41.82263],[-87.72659,41.82249],[-87.72667,41.82246],[-87.72675,41.82244]]},"properties":{"kind":"expressway","name":"Stevenson Expy (I-55)"}},{"type":"Feature","geometry":{"type":"LineString","coordinates":[[-87.57049,41.73884],[-87.57043,41.7388],[-87.5704,41.73877],[-87.5703,41.7387],[-87.57008,41.73854],[-87.56933,41.738],[-87.5686,41.73745],[-87.56834,41.73731],[-87.56828,41.73727],[-87.56824,41.73723],[-87.56816,41.73717]]},"properties":{"kind":"expressway","name":"Chicago Skyway (I-90)"}},{"type":"Feature","geometry":{"type":"LineString","coordinates":[[-87.61674,41.85796],[-87.61666,41.8578],[-87.61658,41.85762],[-87.61628,41.85698],[-87.61616,41.8567]]},"properties":{"kind":"expressway","name":"DuSable Lake Shore Dr"}},{"type":"Feature","geometry":{"type":"LineString","coordinates":[[-87.6306,41.78169],[-87.63058,41.78134],[-87.63058,41.78109],[-87.63057,41.78099]]},"properties":{"kind":"expressway","name":"Dan Ryan Expy (I-90/94)"}},{"type":"Feature","geometry":{"type":"LineString","coordinates":[[-87.64861,41.84572],[-87.64883,41.84571],[-87.64968,41.84567]]},"properties":{"kind":"expressway","name":"Stevenson Expy (I-55)"}},{"type":"Feature","geometry":{"type":"LineString","coordinates":[[-87.56739,41.73612],[-87.56733,41.73607],[-87.56705,41.73583],[-87.56693,41.73573],[-87.56646,41.73538]]},"properties":{"kind":"expressway","name":"Chicago Skyway (I-90)"}},{"type":"Feature","geometry":{"type":"LineString","coordinates":[[-87.61101,41.84422],[-87.61093,41.844],[-87.61077,41.84361],[-87.61067,41.84335]]},"properties":{"kind":"expressway","name":"DuSable Lake Shore Dr"}},{"type":"Feature","geometry":{"type":"LineString","coordinates":[[-87.74634,41.96273],[-87.7464,41.96276],[-87.74664,41.96286]]},"properties":{"kind":"expressway","name":"Kennedy Expy (I-90/94)"}},{"type":"Feature","geometry":{"type":"LineString","coordinates":[[-87.62525,41.75458],[-87.62523,41.75438],[-87.62518,41.75402],[-87.62517,41.75377],[-87.62517,41.75374]]},"properties":{"kind":"expressway","name":"Dan Ryan Expy (I-90/94)"}},{"type":"Feature","geometry":{"type":"LineString","coordinates":[[-87.73183,41.82084],[-87.73197,41.8208],[-87.73241,41.82066],[-87.73292,41.8205],[-87.73337,41.82036],[-87.73368,41.82026]]},"properties":{"kind":"expressway","name":"Stevenson Expy (I-55)"}},{"type":"Feature","geometry":{"type":"LineString","coordinates":[[-87.62563,41.76879],[-87.62563,41.76874],[-87.62563,41.7686],[-87.62562,41.76852],[-87.62562,41.76826],[-87.62561,41.76808],[-87.6256,41.76788],[-87.62559,41.76776],[-87.62558,41.76734]]},"properties":{"kind":"expressway","name":"Dan Ryan Expy (I-90/94)"}},{"type":"Feature","geometry":{"type":"LineString","coordinates":[[-87.62601,41.9108],[-87.62601,41.91094],[-87.62601,41.91152],[-87.62601,41.91165],[-87.62602,41.91178],[-87.62603,41.91193],[-87.62606,41.91205],[-87.6261,41.91217],[-87.62615,41.91234],[-87.62621,41.91247],[-87.62631,41.91268],[-87.62635,41.91275],[-87.62642,41.91289]]},"properties":{"kind":"expressway","name":"DuSable Lake Shore Dr"}},{"type":"Feature","geometry":{"type":"LineString","coordinates":[[-87.64446,41.85948],[-87.64444,41.85918]]},"properties":{"kind":"expressway","name":"Dan Ryan Expy (I-90/94)"}},{"type":"Feature","geometry":{"type":"LineString","coordinates":[[-87.63097,41.79455],[-87.63097,41.79448],[-87.63097,41.79439],[-87.63097,41.7943],[-87.63096,41.7942]]},"properties":{"kind":"expressway","name":"Dan Ryan Expy (I-90/94)"}},{"type":"Feature","geometry":{"type":"LineString","coordinates":[[-87.6403,41.94338],[-87.64035,41.94347],[-87.64056,41.94388],[-87.64092,41.94455],[-87.64109,41.94486]]},"properties":{"kind":"expressway","name":"DuSable Lake Shore Dr"}},{"type":"Feature","geometry":{"type":"LineString","coordinates":[[-87.59674,41.69484],[-87.59704,41.69429],[-87.59726,41.69391],[-87.59757,41.69334],[-87.59785,41.69282]]},"properties":{"kind":"expressway","name":"Bishop Ford Fwy (I-94)"}},{"type":"Feature","geometry":{"type":"LineString","coordinates":[[-87.62024,41.71339],[-87.62018,41.71337],[-87.62018,41.71337],[-87.62007,41.71335],[-87.61999,41.71333],[-87.61967,41.71327],[-87.6194,41.71322],[-87.61914,41.71318],[-87.61898,41.71316],[-87.61887,41.71315],[-87.61879,41.71315]]},"properties":{"kind":"expressway","name":"Bishop Ford Fwy (I-94)"}},{"type":"Feature","geometry":{"type":"LineString","coordinates":[[-87.63124,41.83658],[-87.63123,41.83623],[-87.63121,41.83537],[-87.63121,41.83499],[-87.6312,41.83478],[-87.6312,41.83461]]},"properties":{"kind":"expressway","name":"Dan Ryan Expy (I-90/94)"}},{"type":"Feature","geometry":{"type":"LineString","coordinates":[[-87.63221,41.80851],[-87.63222,41.80843],[-87.63224,41.80815],[-87.63225,41.80794],[-87.63224,41.8077],[-87.63224,41.80744],[-87.63224,41.80724],[-87.63224,41.80722]]},"properties":{"kind":"expressway","name":"Dan Ryan Expy (I-90/94)"}},{"type":"Feature","geometry":{"type":"LineString","coordinates":[[-87.6452,41.85258],[-87.6452,41.8524],[-87.6452,41.85227],[-87.64519,41.85211],[-87.64517,41.85193],[-87.64516,41.8518],[-87.64511,41.85166],[-87.64507,41.85149]]},"properties":{"kind":"expressway","name":"Dan Ryan Expy (I-90/94)"}},{"type":"Feature","geometry":{"type":"LineString","coordinates":[[-87.63147,41.7817],[-87.63146,41.78156],[-87.63146,41.78145]]},"properties":{"kind":"expressway","name":"Dan Ryan Expy (I-90/94)"}},{"type":"Feature","geometry":{"type":"LineString","coordinates":[[-87.57921,41.79527],[-87.57922,41.79523],[-87.57925,41.79512],[-87.57929,41.79499],[-87.57934,41.79486],[-87.5794,41.79472],[-87.57949,41.79458],[-87.57957,41.79446],[-87.57965,41.79435],[-87.57974,41.79425],[-87.57985,41.79409],[-87.57994,41.79395],[-87.58001,41.79381],[-87.58008,41.79368],[-87.58014,41.79355],[-87.58016,41.79349]]},"properties":{"kind":"expressway","name":"DuSable Lake Shore Dr"}},{"type":"Feature","geometry":{"type":"LineString","coordinates":[[-87.57062,41.73874],[-87.57057,41.7387],[-87.57053,41.73867],[-87.57031,41.73851],[-87.57016,41.7384],[-87.56948,41.73791],[-87.56877,41.73737],[-87.56864,41.73725],[-87.56861,41.73723],[-87.56854,41.73717]]},"properties":{"kind":"expressway","name":"Chicago Skyway (I-90)"}},{"type":"Feature","geometry":{"type":"LineString","coordinates":[[-87.64968,41.84547],[-87.6497,41.84547],[-87.65006,41.84543],[-87.65023,41.84541]]},"properties":{"kind":"expressway","name":"Stevenson Expy (I-55)"}},{"type":"Feature","geometry":{"type":"LineString","coordinates":[[-87.6296,41.77665],[-87.62937,41.77645],[-87.62928,41.77637],[-87.62919,41.77629],[-87.62908,41.77619],[-87.62895,41.77608],[-87.62884,41.77598],[-87.62873,41.77589],[-87.62862,41.77581],[-87.6285,41.77573],[-87.62839,41.77565],[-87.62826,41.77558],[-87.62811,41.77549],[-87.62788,41.77538],[-87.62761,41.77527]]},"properties":{"kind":"expressway","name":"Chicago Skyway (I-90)"}},{"type":"Feature","geometry":{"type":"LineString","coordinates":[[-87.63006,41.77704],[-87.62996,41.77694],[-87.62989,41.77687],[-87.62975,41.77676],[-87.62973,41.77675],[-87.6296,41.77665]]},"properties":{"kind":"expressway","name":"Chicago Skyway (I-90)"}},{"type":"Feature","geometry":{"type":"LineString","coordinates":[[-87.74733,41.97252],[-87.74733,41.97266],[-87.74735,41.97334],[-87.74739,41.97456],[-87.74741,41.97521],[-87.74742,41.97525],[-87.74742,41.97536]]},"properties":{"kind":"expressway","name":"Edens Expy (I-94)"}},{"type":"Feature","geometry":{"type":"LineString","coordinates":[[-87.68027,41.83701],[-87.68046,41.83697],[-87.68081,41.83688],[-87.68144,41.83669],[-87.68255,41.83634],[-87.68275,41.83628]]},"properties":{"kind":"expressway","name":"Stevenson Expy (I-55)"}},{"type":"Feature","geometry":{"type":"LineString","coordinates":[[-87.63429,41.8452],[-87.63377,41.845],[-87.63357,41.8449],[-87.63327,41.84473],[-87.63305,41.84458]]},"properties":{"kind":"expressway","name":"Dan Ryan Expy (I-90/94)"}},{"type":"Feature","geometry":{"type":"LineString","coordinates":[[-87.60164,41.68037],[-87.60163,41.67986],[-87.6016,41.67915],[-87.60158,41.67838]]},"properties":{"kind":"expressway","name":"Bishop Ford Fwy (I-94)"}},{"type":"Feature","geometry":{"type":"LineString","coordinates":[[-87.64151,41.84714],[-87.64124,41.84706],[-87.64089,41.84697],[-87.64034,41.84684]]},"properties":{"kind":"expressway","name":"Dan Ryan Expy (I-90/94)"}},{"type":"Feature","geometry":{"type":"LineString","coordinates":[[-87.58016,41.79349],[-87.5802,41.79339],[-87.58023,41.79325],[-87.58026,41.79313],[-87.5803,41.79301],[-87.58033,41.79278],[-87.58033,41.79277],[-87.58033,41.79257],[-87.58031,41.79243]]},"properties":{"kind":"expressway","name":"DuSable Lake Shore Dr"}},{"type":"Feature","geometry":{"type":"LineString","coordinates":[[-87.63185,41.80914],[-87.63187,41.80908],[-87.63187,41.80907],[-87.63189,41.809],[-87.63194,41.80883],[-87.63197,41.80862],[-87.63199,41.80842],[-87.63199,41.80824],[-87.632,41.80808],[-87.632,41.80792],[-87.63196,41.80759],[-87.63195,41.80744],[-87.63194,41.80725],[-87.63193,41.80723]]},"properties":{"kind":"expressway","name":"Dan Ryan Expy (I-90/94)"}},{"type":"Feature","geometry":{"type":"LineString","coordinates":[[-87.63152,41.78887],[-87.63153,41.78877],[-87.63155,41.78865],[-87.63156,41.78849],[-87.63158,41.78833],[-87.63161,41.78796],[-87.63162,41.78774],[-87.63163,41.78752],[-87.63164,41.78735],[-87.63164,41.78723]]},"properties":{"kind":"expressway","name":"Dan Ryan Expy (I-90/94)"}},{"type":"Feature","geometry":{"type":"LineString","coordinates":[[-87.65934,41.84206],[-87.65968,41.8419],[-87.65976,41.84186],[-87.66036,41.84157],[-87.66083,41.84131],[-87.66097,41.84123],[-87.66128,41.84106]]},"properties":{"kind":"expressway","name":"Stevenson Expy (I-55)"}},{"type":"Feature","geometry":{"type":"LineString","coordinates":[[-87.71597,41.94238],[-87.71606,41.94244],[-87.71617,41.94253],[-87.71644,41.94276],[-87.71659,41.94293]]},"properties":{"kind":"expressway","name":"Kennedy Expy (I-90/94)"}},{"type":"Feature","geometry":{"type":"LineString","coordinates":[[-87.73001,41.95363],[-87.73012,41.95369],[-87.73049,41.9539],[-87.73103,41.9542],[-87.73223,41.95489],[-87.73252,41.95505]]},"properties":{"kind":"expressway","name":"Kennedy Expy (I-90/94)"}},{"type":"Feature","geometry":{"type":"LineString","coordinates":[[-87.53528,41.71327],[-87.53527,41.71326],[-87.5351,41.71312],[-87.53498,41.71302],[-87.53485,41.71291],[-87.53466,41.71274],[-87.5345,41.7126],[-87.5344,41.7125],[-87.53417,41.71229],[-87.53399,41.71212],[-87.53399,41.71212],[-87.53385,41.71199]]},"properties":{"kind":"expressway","name":"Chicago Skyway (I-90)"}},{"type":"Feature","geometry":{"type":"LineString","coordinates":[[-87.69764,41.93299],[-87.69795,41.93317],[-87.69822,41.93334],[-87.69851,41.9335],[-87.69906,41.93382],[-87.69925,41.93393]]},"properties":{"kind":"expressway","name":"Kennedy Expy (I-90/94)"}},{"type":"Feature","geometry":{"type":"LineString","coordinates":[[-87.63057,41.78726],[-87.63057,41.78723],[-87.63057,41.78714],[-87.63056,41.78696],[-87.63057,41.78683],[-87.63057,41.78676],[-87.63057,41.78669],[-87.63056,41.78623],[-87.63056,41.78572],[-87.63058,41.78544]]},"properties":{"kind":"expressway","name":"Dan Ryan Expy (I-90/94)"}},{"type":"Feature","geometry":{"type":"LineString","coordinates":[[-87.63062,41.78248],[-87.63062,41.78244],[-87.6306,41.78189],[-87.6306,41.78169]]},"properties":{"kind":"expressway","name":"Dan Ryan Expy (I-90/94)"}},{"type":"Feature","geometry":{"type":"LineString","coordinates":[[-87.63147,41.80551],[-87.63144,41.80515],[-87.63143,41.80494],[-87.63141,41.80473],[-87.63139,41.8044],[-87.63139,41.80424],[-87.63133,41.80371],[-87.63133,41.80368]]},"properties":{"kind":"expressway","name":"Dan Ryan Expy (I-90/94)"}},{"type":"Feature","geometry":{"type":"LineString","coordinates":[[-87.6115,41.71349],[-87.61073,41.7135],[-87.60999,41.71352],[-87.60921,41.71353],[-87.60907,41.71353]]},"properties":{"kind":"expressway","name":"Bishop Ford Fwy (I-94)"}},{"type":"Feature","geometry":{"type":"LineString","coordinates":[[-87.74354,41.96078],[-87.74375,41.96089],[-87.74411,41.96107],[-87.74431,41.96119],[-87.74451,41.96131],[-87.74467,41.96141],[-87.74482,41.96149]]},"properties":{"kind":"expressway","name":"Edens Expy (I-94)"}},{"type":"Feature","geometry":{"type":"LineString","coordinates":[[-87.66237,41.68482],[-87.66237,41.6847],[-87.66236,41.68447],[-87.66236,41.68417]]},"properties":{"kind":"expressway","name":"I-57"}},{"type":"Feature","geometry":{"type":"LineString","coordinates":[[-87.53649,41.71408],[-87.53647,41.71406],[-87.53627,41.71395],[-87.5362,41.7139]]},"properties":{"kind":"expressway","name":"Chicago Skyway (I-90)"}},{"type":"Feature","geometry":{"type":"LineString","coordinates":[[-87.6095,41.84129],[-87.60913,41.8404],[-87.60906,41.84024],[-87.609,41.84009]]},"properties":{"kind":"expressway","name":"DuSable Lake Shore Dr"}},{"type":"Feature","geometry":{"type":"LineString","coordinates":[[-87.74681,41.97818],[-87.74679,41.97824],[-87.74674,41.97838],[-87.74664,41.97873],[-87.74661,41.97883],[-87.74655,41.97924],[-87.74657,41.97974],[-87.7466,41.98005],[-87.74666,41.98035],[-87.74678,41.98065],[-87.74704,41.98119],[-87.74732,41.98158],[-87.74765,41.98197],[-87.74807,41.98247],[-87.74823,41.98263]]},"properties":{"kind":"expressway","name":"Edens Expy (I-94)"}},{"type":"Feature","geometry":{"type":"LineString","coordinates":[[-87.74674,41.96326],[-87.74674,41.96327],[-87.7468,41.96339],[-87.74688,41.96358],[-87.74692,41.96369],[-87.74697,41.96383],[-87.74701,41.96396],[-87.74707,41.9642],[-87.74708,41.9643],[-87.74708,41.96439]]},"properties":{"kind":"expressway","name":"Edens Expy (I-94)"}},{"type":"Feature","geometry":{"type":"LineString","coordinates":[[-87.7238,41.95011],[-87.72382,41.95012],[-87.72402,41.95024],[-87.72406,41.95026],[-87.72522,41.95098]]},"properties":{"kind":"expressway","name":"Kennedy Expy (I-90/94)"}},{"type":"Feature","geometry":{"type":"LineString","coordinates":[[-87.67778,41.92194],[-87.67807,41.92211],[-87.67825,41.92221],[-87.67835,41.92227],[-87.67864,41.92243],[-87.67877,41.92251],[-87.67917,41.92273]]},"properties":{"kind":"expressway","name":"Kennedy Expy (I-90/94)"}},{"type":"Feature","geometry":{"type":"LineString","coordinates":[[-87.5808,41.7461],[-87.58051,41.74589],[-87.57956,41.74521],[-87.57939,41.74509],[-87.57847,41.74444],[-87.57827,41.7443]]},"properties":{"kind":"expressway","name":"Chicago Skyway (I-90)"}},{"type":"Feature","geometry":{"type":"LineString","coordinates":[[-87.64601,41.88248],[-87.64604,41.88284],[-87.64604,41.88286]]},"properties":{"kind":"expressway","name":"Kennedy Expy (I-90/94)"}},{"type":"Feature","geometry":{"type":"LineString","coordinates":[[-87.62601,41.76879],[-87.62601,41.76874],[-87.62601,41.76855],[-87.62601,41.76798],[-87.626,41.76783],[-87.62599,41.7676],[-87.62599,41.76748],[-87.62599,41.76734]]},"properties":{"kind":"expressway","name":"Dan Ryan Expy (I-90/94)"}},{"type":"Feature","geometry":{"type":"LineString","coordinates":[[-87.65186,41.87573],[-87.65196,41.87573],[-87.65214,41.87573],[-87.65335,41.87579],[-87.65392,41.87582],[-87.65426,41.87584],[-87.65449,41.87586]]},"properties":{"kind":"expressway","name":"Eisenhower Expy (I-290)"}},{"type":"Feature","geometry":{"type":"LineString","coordinates":[[-87.62965,41.81257],[-87.62966,41.81237],[-87.6297,41.81214],[-87.62973,41.81199],[-87.62977,41.81186],[-87.62982,41.81169],[-87.62993,41.81143],[-87.63004,41.81121],[-87.63015,41.81104]]},"properties":{"kind":"expressway","name":"Dan Ryan Expy (I-90/94)"}},{"type":"Feature","geometry":{"type":"LineString","coordinates":[[-87.58563,41.74977],[-87.58549,41.74967],[-87.58538,41.74959]]},"properties":{"kind":"expressway","name":"Chicago Skyway (I-90)"}},{"type":"Feature","geometry":{"type":"LineString","coordinates":[[-87.75133,41.99035],[-87.75132,41.99047],[-87.75131,41.99055],[-87.7513,41.99077]]},"properties":{"kind":"expressway","name":"Edens Expy (I-94)"}},{"type":"Feature","geometry":{"type":"LineString","coordinates":[[-87.6304,41.82733],[-87.63039,41.82711],[-87.63038,41.8268],[-87.63038,41.82651],[-87.63037,41.82616],[-87.63037,41.82609],[-87.63036,41.82591],[-87.63036,41.82573],[-87.63035,41.82555],[-87.63035,41.82546]]},"properties":{"kind":"expressway","name":"Dan Ryan Expy (I-90/94)"}},{"type":"Feature","geometry":{"type":"LineString","coordinates":[[-87.63179,41.80182],[-87.63178,41.80168],[-87.63178,41.80163],[-87.63177,41.8014],[-87.63176,41.80125],[-87.63175,41.80111],[-87.63173,41.80095],[-87.63172,41.80073],[-87.63172,41.8005],[-87.63171,41.80004],[-87.63171,41.79996]]},"properties":{"kind":"expressway","name":"Dan Ryan Expy (I-90/94)"}},{"type":"Feature","geometry":{"type":"LineString","coordinates":[[-87.63077,41.79455],[-87.63077,41.79448],[-87.63077,41.79442],[-87.63077,41.79435],[-87.63077,41.7943],[-87.63077,41.7942]]},"properties":{"kind":"expressway","name":"Dan Ryan Expy (I-90/94)"}},{"type":"Feature","geometry":{"type":"LineString","coordinates":[[-87.62552,41.76546],[-87.62552,41.76538],[-87.62551,41.7653],[-87.6255,41.7649],[-87.62549,41.76465],[-87.62548,41.76432],[-87.62547,41.76396],[-87.62547,41.76368]]},"properties":{"kind":"expressway","name":"Dan Ryan Expy (I-90/94)"}},{"type":"Feature","geometry":{"type":"LineString","coordinates":[[-87.80695,41.98248],[-87.80702,41.98248],[-87.80711,41.98248],[-87.80736,41.98248],[-87.80764,41.98248],[-87.80779,41.98248],[-87.80793,41.98248]]},"properties":{"kind":"expressway","name":"Kennedy Expy (I-90/94)"}},{"type":"Feature","geometry":{"type":"LineString","coordinates":[[-87.61549,41.8951],[-87.61603,41.89588]]},"properties":{"kind":"expressway","name":"DuSable Lake Shore Dr"}},{"type":"Feature","geometry":{"type":"LineString","coordinates":[[-87.67545,41.83706],[-87.67563,41.83705],[-87.67636,41.83703],[-87.67776,41.837],[-87.67785,41.837]]},"properties":{"kind":"expressway","name":"Stevenson Expy (I-55)"}},{"type":"Feature","geometry":{"type":"LineString","coordinates":[[-87.76728,41.87102],[-87.76729,41.87102],[-87.76761,41.871],[-87.76801,41.87099],[-87.76941,41.87099]]},"properties":{"kind":"expressway","name":"Eisenhower Expy (I-290)"}},{"type":"Feature","geometry":{"type":"LineString","coordinates":[[-87.65474,41.69868],[-87.65484,41.69861],[-87.65485,41.6986],[-87.6552,41.69837],[-87.65561,41.69813],[-87.65591,41.69798],[-87.65629,41.69779],[-87.65654,41.69766]]},"properties":{"kind":"expressway","name":"I-57"}},{"type":"Feature","geometry":{"type":"LineString","coordinates":[[-87.61376,41.8844],[-87.61369,41.88454],[-87.61368,41.88457],[-87.61362,41.88477],[-87.61359,41.88494],[-87.61358,41.88513],[-87.61359,41.88527],[-87.61361,41.88547],[-87.61365,41.88571],[-87.61367,41.88591],[-87.61373,41.88611]]},"properties":{"kind":"expressway","name":"DuSable Lake Shore Dr"}},{"type":"Feature","geometry":{"type":"LineString","coordinates":[[-87.61705,41.89684],[-87.61757,41.89758],[-87.61764,41.89769]]},"properties":{"kind":"expressway","name":"DuSable Lake Shore Dr"}},{"type":"Feature","geometry":{"type":"LineString","coordinates":[[-87.63078,41.8181],[-87.63077,41.81794],[-87.63077,41.81757],[-87.63075,41.81715],[-87.63074,41.81653],[-87.63073,41.81647],[-87.63073,41.81643]]},"properties":{"kind":"expressway","name":"Dan Ryan Expy (I-90/94)"}},{"type":"Feature","geometry":{"type":"LineString","coordinates":[[-87.62414,41.72017],[-87.6241,41.71988],[-87.6241,41.71988]]},"properties":{"kind":"expressway","name":"Bishop Ford Fwy (I-94)"}},{"type":"Feature","geometry":{"type":"LineString","coordinates":[[-87.59811,41.69232],[-87.59817,41.69222],[-87.5983,41.69197],[-87.59832,41.69194],[-87.59835,41.69188],[-87.59854,41.69151]]},"properties":{"kind":"expressway","name":"Bishop Ford Fwy (I-94)"}},{"type":"Feature","geometry":{"type":"LineString","coordinates":[[-87.70105,41.87533],[-87.70119,41.87531],[-87.70146,41.87528],[-87.70183,41.87522],[-87.70227,41.87516],[-87.70262,41.87511],[-87.70293,41.87506],[-87.70352,41.87499]]},"properties":{"kind":"expressway","name":"Eisenhower Expy (I-290)"}},{"type":"Feature","geometry":{"type":"LineString","coordinates":[[-87.6762,41.92143],[-87.67655,41.92162],[-87.67688,41.9218],[-87.67718,41.92197],[-87.67744,41.92212],[-87.67747,41.92213],[-87.67751,41.92216],[-87.6778,41.92233]]},"properties":{"kind":"expressway","name":"Kennedy Expy (I-90/94)"}},{"type":"Feature","geometry":{"type":"LineString","coordinates":[[-87.63181,41.80551],[-87.63181,41.80549],[-87.6318,41.80532],[-87.63178,41.80512],[-87.63177,41.80494],[-87.63174,41.80474],[-87.63172,41.80452],[-87.63172,41.80444],[-87.6317,41.80367]]},"properties":{"kind":"expressway","name":"Dan Ryan Expy (I-90/94)"}},{"type":"Feature","geometry":{"type":"LineString","coordinates":[[-87.63219,41.93446],[-87.63223,41.93458],[-87.63229,41.93472],[-87.63239,41.93497],[-87.63247,41.93512],[-87.6326,41.93539],[-87.63277,41.93564],[-87.63294,41.93588],[-87.63302,41.93598],[-87.63315,41.93615],[-87.63322,41.93624],[-87.63333,41.93636],[-87.63344,41.93648],[-87.63358,41.93663]]},"properties":{"kind":"expressway","name":"DuSable Lake Shore Dr"}},{"type":"Feature","geometry":{"type":"LineString","coordinates":[[-87.64511,41.85093],[-87.64503,41.85072]]},"properties":{"kind":"expressway","name":"Dan Ryan Expy (I-90/94)"}},{"type":"Feature","geometry":{"type":"LineString","coordinates":[[-87.62578,41.77272],[-87.62577,41.77265],[-87.62576,41.77258],[-87.62574,41.77245],[-87.62573,41.77235],[-87.62573,41.77228],[-87.62571,41.77212],[-87.62571,41.77208]]},"properties":{"kind":"expressway","name":"Dan Ryan Expy (I-90/94)"}},{"type":"Feature","geometry":{"type":"LineString","coordinates":[[-87.61488,41.84802],[-87.61425,41.84804],[-87.61407,41.84805],[-87.61391,41.84807],[-87.6138,41.8481],[-87.61366,41.84814],[-87.61353,41.84819],[-87.61338,41.84824],[-87.61326,41.8483],[-87.61316,41.84836]]},"properties":{"kind":"expressway","name":"Stevenson Ib Lsd Nb"}},{"type":"Feature","geometry":{"type":"LineString","coordinates":[[-87.5719,41.73967],[-87.57164,41.73948],[-87.57102,41.73903]]},"properties":{"kind":"expressway","name":"Chicago Skyway (I-90)"}},{"type":"Feature","geometry":{"type":"LineString","coordinates":[[-87.62968,41.81347],[-87.62965,41.81316],[-87.62964,41.8126],[-87.62965,41.81257]]},"properties":{"kind":"expressway","name":"Dan Ryan Expy (I-90/94)"}},{"type":"Feature","geometry":{"type":"LineString","coordinates":[[-87.85546,41.98466],[-87.85555,41.98464],[-87.8558,41.98457],[-87.85586,41.98455],[-87.85617,41.98446],[-87.8565,41.98437],[-87.85665,41.98433]]},"properties":{"kind":"expressway","name":"I-190 (O'Hare)"}},{"type":"Feature","geometry":{"type":"LineString","coordinates":[[-87.64208,41.84738],[-87.6419,41.84728]]},"properties":{"kind":"expressway","name":"Dan Ryan Expy (I-90/94)"}},{"type":"Feature","geometry":{"type":"LineString","coordinates":[[-87.76531,41.97217],[-87.76571,41.97236],[-87.76583,41.97241],[-87.76599,41.97249],[-87.76611,41.97255],[-87.76617,41.97258],[-87.7662,41.9726],[-87.76632,41.97266],[-87.76633,41.97267],[-87.76645,41.97273],[-87.7665,41.97276],[-87.76727,41.97316],[-87.76755,41.97332],[-87.76794,41.97353],[-87.7684,41.97381],[-87.76852,41.97388]]},"properties":{"kind":"expressway","name":"Kennedy Expy (I-90/94)"}},{"type":"Feature","geometry":{"type":"LineString","coordinates":[[-87.67157,41.87546],[-87.67306,41.87544],[-87.67323,41.87544]]},"properties":{"kind":"expressway","name":"Eisenhower Expy (I-290)"}},{"type":"Feature","geometry":{"type":"LineString","coordinates":[[-87.5259,41.70453],[-87.52558,41.70418],[-87.52503,41.7036],[-87.52494,41.7035],[-87.52464,41.70314]]},"properties":{"kind":"expressway","name":"Chicago Skyway (I-90)"}},{"type":"Feature","geometry":{"type":"LineString","coordinates":[[-87.65124,41.71342],[-87.65133,41.71335],[-87.65146,41.71327],[-87.65166,41.71311],[-87.65177,41.71301],[-87.65192,41.71287],[-87.65202,41.71277],[-87.65209,41.7127],[-87.65219,41.71259],[-87.65225,41.71251],[-87.65234,41.7124],[-87.6524,41.71231],[-87.65243,41.71227]]},"properties":{"kind":"expressway","name":"I-57"}},{"type":"Feature","geometry":{"type":"LineString","coordinates":[[-87.88559,41.97834],[-87.88568,41.97831],[-87.88572,41.97829]]},"properties":{"kind":"expressway","name":"I-190 (O'Hare)"}},{"type":"Feature","geometry":{"type":"LineString","coordinates":[[-87.61622,41.89588],[-87.61634,41.89604],[-87.61672,41.8966],[-87.61687,41.89682]]},"properties":{"kind":"expressway","name":"DuSable Lake Shore Dr"}},{"type":"Feature","geometry":{"type":"LineString","coordinates":[[-87.57964,41.64915],[-87.57919,41.64817],[-87.57888,41.64739],[-87.57884,41.64726],[-87.57877,41.64702],[-87.57868,41.64671],[-87.57862,41.64646],[-87.57858,41.64626],[-87.57852,41.64595]]},"properties":{"kind":"expressway","name":"Bishop Ford Fwy (I-94)"}},{"type":"Feature","geometry":{"type":"LineString","coordinates":[[-87.73158,41.87366],[-87.73186,41.87365],[-87.73211,41.87364],[-87.73215,41.87364],[-87.73243,41.87363],[-87.73278,41.87362]]},"properties":{"kind":"expressway","name":"Eisenhower Expy (I-290)"}},{"type":"Feature","geometry":{"type":"LineString","coordinates":[[-87.63171,41.79996],[-87.63169,41.7996],[-87.6317,41.79893]]},"properties":{"kind":"expressway","name":"Dan Ryan Expy (I-90/94)"}},{"type":"Feature","geometry":{"type":"LineString","coordinates":[[-87.61395,41.89242],[-87.61397,41.89259],[-87.61398,41.89265]]},"properties":{"kind":"expressway","name":"DuSable Lake Shore Dr"}},{"type":"Feature","geometry":{"type":"LineString","coordinates":[[-87.64787,41.71474],[-87.64864,41.71472]]},"properties":{"kind":"expressway","name":"I-57"}},{"type":"Feature","geometry":{"type":"LineString","coordinates":[[-87.61927,41.7741],[-87.61896,41.77388],[-87.61844,41.77347],[-87.61798,41.77311],[-87.61775,41.77294]]},"properties":{"kind":"expressway","name":"Chicago Skyway (I-90)"}},{"type":"Feature","geometry":{"type":"LineString","coordinates":[[-87.74799,41.96365],[-87.74808,41.96368],[-87.74816,41.9637],[-87.74837,41.96377],[-87.7487,41.96389],[-87.74893,41.96397],[-87.74907,41.96402],[-87.74937,41.96415],[-87.74991,41.96442],[-87.7505,41.96478],[-87.75066,41.96489],[-87.75087,41.96503],[-87.75113,41.9652],[-87.75139,41.96538],[-87.75145,41.96542],[-87.75161,41.96553],[-87.75179,41.96568],[-87.75203,41.96584],[-87.75214,41.96592],[-87.75308,41.96654]]},"properties":{"kind":"expressway","name":"Kennedy Expy (I-90/94)"}},{"type":"Feature","geometry":{"type":"LineString","coordinates":[[-87.79181,41.98233],[-87.79209,41.98232],[-87.7921,41.98232],[-87.79251,41.98233],[-87.7926,41.98233]]},"properties":{"kind":"expressway","name":"Kennedy Expy (I-90/94)"}},{"type":"Feature","geometry":{"type":"LineString","coordinates":[[-87.61702,41.88217],[-87.61709,41.88206],[-87.61719,41.88182],[-87.61723,41.88157],[-87.61725,41.88133],[-87.61725,41.88111],[-87.61726,41.88093]]},"properties":{"kind":"expressway","name":"DuSable Lake Shore Dr"}},{"type":"Feature","geometry":{"type":"LineString","coordinates":[[-87.63032,41.84733],[-87.63037,41.84734],[-87.6305,41.84736],[-87.63072,41.8474],[-87.63078,41.84741],[-87.63088,41.84743]]},"properties":{"kind":"expressway","name":"Stevenson Expy (I-55)"}},{"type":"Feature","geometry":{"type":"LineString","coordinates":[[-87.62433,41.71624],[-87.6243,41.71619],[-87.62422,41.71606],[-87.62411,41.7159],[-87.62411,41.7159],[-87.62403,41.71579]]},"properties":{"kind":"expressway","name":"Bishop Ford Fwy (I-94)"}},{"type":"Feature","geometry":{"type":"LineString","coordinates":[[-87.64783,41.96781],[-87.64783,41.96781],[-87.64788,41.96802],[-87.64793,41.96833],[-87.64796,41.96849],[-87.64801,41.9687],[-87.64806,41.96894],[-87.64809,41.96906],[-87.6481,41.9691],[-87.64816,41.96936]]},"properties":{"kind":"expressway","name":"DuSable Lake Shore Dr"}},{"type":"Feature","geometry":{"type":"LineString","coordinates":[[-87.58996,41.66118],[-87.58989,41.6611],[-87.58952,41.66067],[-87.58939,41.66052],[-87.58929,41.6604]]},"properties":{"kind":"expressway","name":"Bishop Ford Fwy (I-94)"}},{"type":"Feature","geometry":{"type":"LineString","coordinates":[[-87.64437,41.86405],[-87.64435,41.86362]]},"properties":{"kind":"expressway","name":"Dan Ryan Expy (I-90/94)"}},{"type":"Feature","geometry":{"type":"LineString","coordinates":[[-87.61718,41.87711],[-87.61718,41.87709],[-87.61717,41.87674],[-87.61715,41.87604],[-87.61715,41.87583]]},"properties":{"kind":"expressway","name":"DuSable Lake Shore Dr"}},{"type":"Feature","geometry":{"type":"LineString","coordinates":[[-87.75736,41.87129],[-87.7577,41.87129],[-87.75829,41.87127],[-87.75872,41.87126],[-87.75891,41.87126]]},"properties":{"kind":"expressway","name":"Eisenhower Expy (I-290)"}},{"type":"Feature","geometry":{"type":"LineString","coordinates":[[-87.74251,41.87151],[-87.74282,41.8715],[-87.74313,41.87149],[-87.74338,41.87148],[-87.74376,41.87147],[-87.74409,41.87147],[-87.74445,41.87146],[-87.74476,41.87145],[-87.74493,41.87145]]},"properties":{"kind":"expressway","name":"Eisenhower Expy (I-290)"}},{"type":"Feature","geometry":{"type":"LineString","coordinates":[[-87.88301,41.97942],[-87.88305,41.97941],[-87.88311,41.97939],[-87.88328,41.97932],[-87.88339,41.97928]]},"properties":{"kind":"expressway","name":"I-190 (O'Hare)"}},{"type":"Feature","geometry":{"type":"LineString","coordinates":[[-87.6536,41.84453],[-87.65366,41.84451],[-87.65421,41.84427],[-87.65433,41.84422],[-87.65464,41.84409]]},"properties":{"kind":"expressway","name":"Stevenson Expy (I-55)"}},{"type":"Feature","geometry":{"type":"LineString","coordinates":[[-87.60798,41.76584],[-87.60768,41.76562],[-87.60759,41.76556]]},"properties":{"kind":"expressway","name":"Chicago Skyway (I-90)"}},{"type":"Feature","geometry":{"type":"LineString","coordinates":[[-87.61749,41.88093],[-87.61749,41.8809],[-87.6175,41.88065],[-87.61749,41.88039],[-87.61747,41.8799],[-87.61747,41.87966]]},"properties":{"kind":"expressway","name":"DuSable Lake Shore Dr"}},{"type":"Feature","geometry":{"type":"LineString","coordinates":[[-87.80742,41.98221],[-87.80745,41.98221],[-87.80797,41.98221],[-87.8081,41.98221]]},"properties":{"kind":"expressway","name":"Kennedy Expy (I-90/94)"}},{"type":"Feature","geometry":{"type":"LineString","coordinates":[[-87.61724,41.87966],[-87.61722,41.87908],[-87.61721,41.87839]]},"properties":{"kind":"expressway","name":"DuSable Lake Shore Dr"}},{"type":"Feature","geometry":{"type":"LineString","coordinates":[[-87.61631,41.88313],[-87.6163,41.88313],[-87.61604,41.88325],[-87.61538,41.88355],[-87.61519,41.88366],[-87.61495,41.88381],[-87.61488,41.88386],[-87.61467,41.88403],[-87.61448,41.88425],[-87.61444,41.88428],[-87.61436,41.88439]]},"properties":{"kind":"expressway","name":"DuSable Lake Shore Dr"}},{"type":"Feature","geometry":{"type":"LineString","coordinates":[[-87.80246,41.98254],[-87.80258,41.98253],[-87.80371,41.9825],[-87.80408,41.9825],[-87.80451,41.9825],[-87.80486,41.98249],[-87.80532,41.98249],[-87.80609,41.98249],[-87.80647,41.98248],[-87.80659,41.98248],[-87.8068,41.98248],[-87.80689,41.98248],[-87.80695,41.98248]]},"properties":{"kind":"expressway","name":"Kennedy Expy (I-90/94)"}},{"type":"Feature","geometry":{"type":"LineString","coordinates":[[-87.64561,41.88398],[-87.64564,41.88431],[-87.64564,41.88442]]},"properties":{"kind":"expressway","name":"Kennedy Expy (I-90/94)"}},{"type":"Feature","geometry":{"type":"LineString","coordinates":[[-87.64109,41.94486],[-87.64136,41.94536],[-87.64155,41.94571],[-87.64181,41.94617],[-87.64181,41.94618]]},"properties":{"kind":"expressway","name":"DuSable Lake Shore Dr"}},{"type":"Feature","geometry":{"type":"LineString","coordinates":[[-87.64438,41.85732],[-87.64438,41.85708],[-87.6444,41.85678]]},"properties":{"kind":"expressway","name":"Dan Ryan Expy (I-90/94)"}},{"type":"Feature","geometry":{"type":"LineString","coordinates":[[-87.69729,41.83171],[-87.69763,41.8316],[-87.6984,41.83135],[-87.69881,41.83122],[-87.69921,41.8311],[-87.69954,41.83099],[-87.69965,41.83096]]},"properties":{"kind":"expressway","name":"Stevenson Expy (I-55)"}},{"type":"Feature","geometry":{"type":"LineString","coordinates":[[-87.64609,41.96015],[-87.64609,41.96066],[-87.64611,41.96084],[-87.64613,41.96103]]},"properties":{"kind":"expressway","name":"DuSable Lake Shore Dr"}},{"type":"Feature","geometry":{"type":"LineString","coordinates":[[-87.69614,41.93211],[-87.6962,41.93214],[-87.69636,41.93224]]},"properties":{"kind":"expressway","name":"Kennedy Expy (I-90/94)"}},{"type":"Feature","geometry":{"type":"LineString","coordinates":[[-87.63335,41.71493],[-87.63347,41.71493],[-87.63375,41.71493],[-87.63442,41.71492],[-87.63468,41.71492],[-87.63486,41.71491],[-87.63557,41.7149],[-87.63577,41.7149]]},"properties":{"kind":"expressway","name":"I-57"}},{"type":"Feature","geometry":{"type":"LineString","coordinates":[[-87.64478,41.87051],[-87.64476,41.87025],[-87.64475,41.87005],[-87.64473,41.86981],[-87.64473,41.8698],[-87.64473,41.8697],[-87.64473,41.86969]]},"properties":{"kind":"expressway","name":"Dan Ryan Expy (I-90/94)"}},{"type":"Feature","geometry":{"type":"LineString","coordinates":[[-87.63699,41.71489],[-87.63711,41.71489],[-87.6376,41.71489],[-87.63791,41.71488],[-87.63819,41.71488]]},"properties":{"kind":"expressway","name":"I-57"}},{"type":"Feature","geometry":{"type":"LineString","coordinates":[[-87.68536,41.92643],[-87.68594,41.92676]]},"properties":{"kind":"expressway","name":"Kennedy Expy (I-90/94)"}},{"type":"Feature","geometry":{"type":"LineString","coordinates":[[-87.6456,41.87575],[-87.64559,41.87567],[-87.64559,41.87563],[-87.64559,41.87552],[-87.64558,41.87551],[-87.64558,41.87542]]},"properties":{"kind":"expressway","name":"Kennedy Expy (I-90/94)"}},{"type":"Feature","geometry":{"type":"LineString","coordinates":[[-87.62418,41.72164],[-87.62417,41.72155],[-87.62417,41.72125],[-87.62416,41.72078],[-87.62414,41.72017]]},"properties":{"kind":"expressway","name":"Dan Ryan Expy (I-90/94)"}},{"type":"Feature","geometry":{"type":"LineString","coordinates":[[-87.60067,41.82602],[-87.60066,41.826],[-87.60061,41.82593],[-87.60053,41.82579],[-87.60046,41.82567],[-87.60039,41.82554],[-87.60029,41.82533]]},"properties":{"kind":"expressway","name":"DuSable Lake Shore Dr"}},{"type":"Feature","geometry":{"type":"LineString","coordinates":[[-87.62991,41.81809],[-87.6299,41.81771],[-87.62989,41.81735],[-87.62988,41.81715],[-87.62987,41.81666],[-87.62987,41.81654],[-87.62987,41.81648],[-87.62987,41.81645]]},"properties":{"kind":"expressway","name":"Dan Ryan Expy (I-90/94)"}},{"type":"Feature","geometry":{"type":"LineString","coordinates":[[-87.63126,41.7817],[-87.63126,41.78169],[-87.63125,41.78145],[-87.63125,41.78134]]},"properties":{"kind":"expressway","name":"Dan Ryan Expy (I-90/94)"}},{"type":"Feature","geometry":{"type":"LineString","coordinates":[[-87.62954,41.77679],[-87.62949,41.77675],[-87.62941,41.77668],[-87.62933,41.77663]]},"properties":{"kind":"expressway","name":"Dan Ryan Expy (I-90/94)"}},{"type":"Feature","geometry":{"type":"LineString","coordinates":[[-87.57827,41.7443],[-87.57727,41.74362],[-87.57701,41.74343],[-87.57677,41.74326],[-87.57642,41.74301],[-87.57595,41.74267],[-87.57582,41.74257]]},"properties":{"kind":"expressway","name":"Chicago Skyway (I-90)"}},{"type":"Feature","geometry":{"type":"LineString","coordinates":[[-87.69193,41.93034],[-87.69217,41.93048],[-87.69234,41.93057],[-87.69243,41.93062],[-87.69267,41.93076],[-87.69291,41.93091],[-87.69305,41.93099],[-87.69329,41.93113],[-87.69348,41.93124],[-87.69361,41.93132],[-87.69381,41.93144],[-87.69394,41.93151],[-87.69407,41.93159],[-87.69418,41.93165],[-87.69428,41.93171],[-87.69447,41.93182],[-87.6946,41.9319],[-87.69461,41.93191],[-87.69496,41.93212]]},"properties":{"kind":"expressway","name":"Kennedy Expy (I-90/94)"}},{"type":"Feature","geometry":{"type":"LineString","coordinates":[[-87.62534,41.75642],[-87.62534,41.75636],[-87.62533,41.7563],[-87.62533,41.75621],[-87.62532,41.75604],[-87.62531,41.75581],[-87.62529,41.75558],[-87.62528,41.75535],[-87.62527,41.75515],[-87.62525,41.75488],[-87.62525,41.75462],[-87.62525,41.75458]]},"properties":{"kind":"expressway","name":"Dan Ryan Expy (I-90/94)"}},{"type":"Feature","geometry":{"type":"LineString","coordinates":[[-87.59472,41.69902],[-87.59511,41.69828]]},"properties":{"kind":"expressway","name":"Bishop Ford Fwy (I-94)"}},{"type":"Feature","geometry":{"type":"LineString","coordinates":[[-87.74924,41.98372],[-87.74975,41.98428],[-87.7501,41.98466],[-87.75017,41.98475]]},"properties":{"kind":"expressway","name":"Edens Expy (I-94)"}},{"type":"Feature","geometry":{"type":"LineString","coordinates":[[-87.63102,41.83825],[-87.63102,41.83821],[-87.63102,41.83813],[-87.63101,41.83804],[-87.631,41.83765],[-87.63099,41.83723],[-87.63099,41.8369],[-87.63098,41.8365]]},"properties":{"kind":"expressway","name":"Dan Ryan Expy (I-90/94)"}},{"type":"Feature","geometry":{"type":"LineString","coordinates":[[-87.60204,41.71362],[-87.6016,41.71357],[-87.60107,41.71353],[-87.60076,41.71349],[-87.59983,41.71336],[-87.59947,41.71328],[-87.59933,41.71325]]},"properties":{"kind":"expressway","name":"Bishop Ford Fwy (I-94)"}},{"type":"Feature","geometry":{"type":"LineString","coordinates":[[-87.87647,41.98212],[-87.87685,41.98196],[-87.87691,41.98193],[-87.87698,41.9819],[-87.87706,41.98187],[-87.87714,41.98183],[-87.87723,41.98179],[-87.87736,41.98174],[-87.87742,41.98171],[-87.87751,41.98168],[-87.87762,41.98163],[-87.87789,41.98153]]},"properties":{"kind":"expressway","name":"I-190 (O'Hare)"}},{"type":"Feature","geometry":{"type":"LineString","coordinates":[[-87.66781,41.91486],[-87.66805,41.91523],[-87.66808,41.91526],[-87.6682,41.91542],[-87.66828,41.91551],[-87.66861,41.91589],[-87.66879,41.91611]]},"properties":{"kind":"expressway","name":"Kennedy Expy (I-90/94)"}},{"type":"Feature","geometry":{"type":"LineString","coordinates":[[-87.63158,41.80182],[-87.63158,41.80178],[-87.63157,41.80169],[-87.63157,41.80153],[-87.63155,41.80118],[-87.63152,41.80082],[-87.63151,41.80042],[-87.6315,41.8001],[-87.6315,41.79996]]},"properties":{"kind":"expressway","name":"Dan Ryan Expy (I-90/94)"}},{"type":"Feature","geometry":{"type":"LineString","coordinates":[[-87.63008,41.77785],[-87.62999,41.77771],[-87.62998,41.7777],[-87.62974,41.77743],[-87.62956,41.77725],[-87.62951,41.7772],[-87.62939,41.77709]]},"properties":{"kind":"expressway","name":"Dan Ryan Expy (I-90/94)"}},{"type":"Feature","geometry":{"type":"LineString","coordinates":[[-87.69489,41.83245],[-87.69498,41.83243],[-87.6952,41.83236],[-87.69527,41.83233],[-87.69557,41.83224],[-87.69599,41.83211],[-87.6965,41.83196],[-87.69679,41.83188],[-87.69729,41.83171]]},"properties":{"kind":"expressway","name":"Stevenson Expy (I-55)"}},{"type":"Feature","geometry":{"type":"LineString","coordinates":[[-87.63013,41.81644],[-87.63013,41.81641],[-87.63013,41.81635],[-87.63013,41.81619],[-87.63012,41.81592],[-87.63011,41.81569],[-87.63011,41.81551],[-87.6301,41.81517],[-87.63008,41.81484],[-87.63008,41.81475],[-87.63004,41.81451]]},"properties":{"kind":"expressway","name":"Dan Ryan Expy (I-90/94)"}},{"type":"Feature","geometry":{"type":"LineString","coordinates":[[-87.64246,41.87544],[-87.6427,41.87544],[-87.64293,41.87544],[-87.64324,41.87544]]},"properties":{"kind":"expressway","name":"Eisenhower Expy (I-290)"}},{"type":"Feature","geometry":{"type":"LineString","coordinates":[[-87.63429,41.84541],[-87.63411,41.84533],[-87.63387,41.84524],[-87.63357,41.84515],[-87.63326,41.84504],[-87.63306,41.84496]]},"properties":{"kind":"expressway","name":"Dan Ryan Expy (I-90/94)"}},{"type":"Feature","geometry":{"type":"LineString","coordinates":[[-87.5362,41.7139],[-87.53605,41.71381],[-87.53587,41.71369],[-87.53574,41.7136],[-87.53562,41.71352],[-87.53547,41.7134],[-87.53528,41.71327]]},"properties":{"kind":"expressway","name":"Chicago Skyway (I-90)"}},{"type":"Feature","geometry":{"type":"LineString","coordinates":[[-87.62921,41.84713],[-87.62938,41.84716],[-87.6296,41.84719],[-87.62979,41.84723],[-87.62983,41.84723],[-87.62999,41.84726],[-87.63002,41.84727]]},"properties":{"kind":"expressway","name":"Stevenson Expy (I-55)"}},{"type":"Feature","geometry":{"type":"LineString","coordinates":[[-87.66152,41.68834],[-87.66157,41.68817],[-87.66164,41.68789],[-87.66169,41.68769],[-87.66174,41.68746],[-87.66181,41.6871],[-87.66185,41.6868]]},"properties":{"kind":"expressway","name":"I-57"}},{"type":"Feature","geometry":{"type":"LineString","coordinates":[[-87.69496,41.93212],[-87.69535,41.93235],[-87.69541,41.93238],[-87.69562,41.93252],[-87.69578,41.93261],[-87.69622,41.93288],[-87.69659,41.9331],[-87.69662,41.93311],[-87.69704,41.93335],[-87.69737,41.93354],[-87.69766,41.93371]]},"properties":{"kind":"expressway","name":"Kennedy Expy (I-90/94)"}},{"type":"Feature","geometry":{"type":"LineString","coordinates":[[-87.62477,41.90325],[-87.62496,41.90384],[-87.62501,41.90401]]},"properties":{"kind":"expressway","name":"DuSable Lake Shore Dr"}},{"type":"Feature","geometry":{"type":"LineString","coordinates":[[-87.6313,41.78311],[-87.63129,41.78293],[-87.63127,41.78231],[-87.63126,41.7817]]},"properties":{"kind":"expressway","name":"Dan Ryan Expy (I-90/94)"}},{"type":"Feature","geometry":{"type":"LineString","coordinates":[[-87.6444,41.85678],[-87.64443,41.85658],[-87.64446,41.85634],[-87.6445,41.85616],[-87.64461,41.85575],[-87.64465,41.85561]]},"properties":{"kind":"expressway","name":"Dan Ryan Expy (I-90/94)"}},{"type":"Feature","geometry":{"type":"LineString","coordinates":[[-87.64538,41.85267],[-87.64539,41.85258]]},"properties":{"kind":"expressway","name":"Dan Ryan Expy (I-90/94)"}},{"type":"Feature","geometry":{"type":"LineString","coordinates":[[-87.62665,41.84717],[-87.62658,41.84719],[-87.62635,41.84725],[-87.62633,41.84726],[-87.62622,41.8473]]},"properties":{"kind":"expressway","name":"Stevenson Expy (I-55)"}},{"type":"Feature","geometry":{"type":"LineString","coordinates":[[-87.81369,41.98224],[-87.81486,41.98246],[-87.81515,41.98253],[-87.81557,41.98263],[-87.81566,41.98265],[-87.8157,41.98266],[-87.81601,41.98274],[-87.81621,41.98279],[-87.8165,41.98286],[-87.81674,41.98292],[-87.81684,41.98294]]},"properties":{"kind":"expressway","name":"Kennedy Expy (I-90/94)"}},{"type":"Feature","geometry":{"type":"LineString","coordinates":[[-87.88572,41.97799],[-87.88598,41.97788],[-87.88636,41.97771],[-87.88659,41.97763]]},"properties":{"kind":"expressway","name":"I-190 (O'Hare)"}},{"type":"Feature","geometry":{"type":"LineString","coordinates":[[-87.7053,41.93753],[-87.7055,41.93765],[-87.70559,41.9377],[-87.70576,41.9378],[-87.70607,41.93798],[-87.70622,41.93807],[-87.70638,41.93816],[-87.70659,41.93828],[-87.70676,41.93837],[-87.70711,41.93857],[-87.70726,41.93866],[-87.70734,41.93871],[-87.70767,41.93889]]},"properties":{"kind":"expressway","name":"Kennedy Expy (I-90/94)"}},{"type":"Feature","geometry":{"type":"LineString","coordinates":[[-87.69314,41.93039],[-87.69336,41.93051],[-87.69346,41.93056],[-87.69387,41.93079],[-87.69409,41.93092],[-87.69424,41.93101],[-87.69448,41.93115],[-87.69469,41.93128],[-87.69485,41.93137],[-87.69497,41.93145],[-87.6951,41.93153],[-87.69546,41.93173],[-87.69572,41.93187],[-87.69577,41.9319],[-87.69614,41.93211]]},"properties":{"kind":"expressway","name":"Kennedy Expy (I-90/94)"}},{"type":"Feature","geometry":{"type":"LineString","coordinates":[[-87.87963,41.98081],[-87.88,41.98066],[-87.88004,41.98064],[-87.88015,41.98059],[-87.88026,41.98054],[-87.88039,41.98049],[-87.88054,41.98042],[-87.88075,41.98033],[-87.8809,41.98027],[-87.88105,41.98021],[-87.88121,41.98015],[-87.88166,41.97997]]},"properties":{"kind":"expressway","name":"I-190 (O'Hare)"}},{"type":"Feature","geometry":{"type":"LineString","coordinates":[[-87.59831,41.71297],[-87.59821,41.71294],[-87.59808,41.7129],[-87.59796,41.71286],[-87.59766,41.71275],[-87.59743,41.71266],[-87.59717,41.71256],[-87.5969,41.71244],[-87.59661,41.71231],[-87.59647,41.71224],[-87.59633,41.71217],[-87.59594,41.71196],[-87.59582,41.71189],[-87.59577,41.71186],[-87.59537,41.71162],[-87.59517,41.71149],[-87.59498,41.71136],[-87.5948,41.71123],[-87.59475,41.7112],[-87.59446,41.71097],[-87.59442,41.71094]]},"properties":{"kind":"expressway","name":"Bishop Ford Fwy (I-94)"}},{"type":"Feature","geometry":{"type":"LineString","coordinates":[[-87.65099,41.97821],[-87.65101,41.97826],[-87.65113,41.97852],[-87.65124,41.97874],[-87.65157,41.97947],[-87.65162,41.97956],[-87.65165,41.97962],[-87.65171,41.97976],[-87.65185,41.98005]]},"properties":{"kind":"expressway","name":"DuSable Lake Shore Dr"}},{"type":"Feature","geometry":{"type":"LineString","coordinates":[[-87.62853,41.71493],[-87.62868,41.71489],[-87.62881,41.71486],[-87.62907,41.71482],[-87.62938,41.71476],[-87.62972,41.71472],[-87.63017,41.71467],[-87.63051,41.71465],[-87.63087,41.71464],[-87.6312,41.71463],[-87.63163,41.71465],[-87.63187,41.71466]]},"properties":{"kind":"expressway","name":"I57 Bishop Ford Expy"}},{"type":"Feature","geometry":{"type":"LineString","coordinates":[[-87.6366,41.84721],[-87.63684,41.84721],[-87.63686,41.84721]]},"properties":{"kind":"expressway","name":"Stevenson Expy (I-55)"}},{"type":"Feature","geometry":{"type":"LineString","coordinates":[[-87.63026,41.83291],[-87.63026,41.83269],[-87.63026,41.8324],[-87.63025,41.83217],[-87.63025,41.83187],[-87.63024,41.83166],[-87.63024,41.83141],[-87.63023,41.83118],[-87.63023,41.83109],[-87.63022,41.83097]]},"properties":{"kind":"expressway","name":"Dan Ryan Expy (I-90/94)"}},{"type":"Feature","geometry":{"type":"LineString","coordinates":[[-87.63157,41.84264],[-87.63156,41.84259],[-87.63155,41.84224],[-87.63154,41.84208]]},"properties":{"kind":"expressway","name":"Dan Ryan Expy (I-90/94)"}},{"type":"Feature","geometry":{"type":"LineString","coordinates":[[-87.65336,41.70863],[-87.65336,41.70859],[-87.65335,41.70813],[-87.65333,41.70764],[-87.65333,41.70728],[-87.65331,41.70692],[-87.65331,41.70692],[-87.65331,41.70682]]},"properties":{"kind":"expressway","name":"I-57"}},{"type":"Feature","geometry":{"type":"LineString","coordinates":[[-87.52761,41.70639],[-87.52712,41.70593]]},"properties":{"kind":"expressway","name":"Chicago Skyway (I-90)"}},{"type":"Feature","geometry":{"type":"LineString","coordinates":[[-87.63004,41.81451],[-87.63007,41.81436],[-87.63005,41.81411],[-87.63005,41.8141],[-87.63007,41.81331],[-87.63006,41.81306],[-87.63005,41.81283],[-87.63005,41.8126],[-87.63006,41.81255]]},"properties":{"kind":"expressway","name":"Dan Ryan Expy (I-90/94)"}},{"type":"Feature","geometry":{"type":"LineString","coordinates":[[-87.64588,41.87907],[-87.64587,41.87878],[-87.64586,41.87863]]},"properties":{"kind":"expressway","name":"Kennedy Expy (I-90/94)"}},{"type":"Feature","geometry":{"type":"LineString","coordinates":[[-87.62056,41.84793],[-87.62048,41.84793],[-87.62008,41.84793],[-87.62,41.84793],[-87.61924,41.84795],[-87.61893,41.84796]]},"properties":{"kind":"expressway","name":"Stevenson Expy (I-55)"}},{"type":"Feature","geometry":{"type":"LineString","coordinates":[[-87.66782,41.91557],[-87.66784,41.91559],[-87.66793,41.91573],[-87.66807,41.91589],[-87.66815,41.91598],[-87.66828,41.91612]]},"properties":{"kind":"expressway","name":"Kennedy Expy (I-90/94)"}},{"type":"Feature","geometry":{"type":"LineString","coordinates":[[-87.70433,41.8745],[-87.70455,41.87447],[-87.70498,41.8744],[-87.70527,41.87436],[-87.7053,41.87436],[-87.70552,41.87433],[-87.70561,41.87431],[-87.70581,41.87428],[-87.70593,41.87426]]},"properties":{"kind":"expressway","name":"Eisenhower Expy (I-290)"}},{"type":"Feature","geometry":{"type":"LineString","coordinates":[[-87.63064,41.92453],[-87.63083,41.92508],[-87.63112,41.926],[-87.63117,41.92615]]},"properties":{"kind":"expressway","name":"DuSable Lake Shore Dr"}},{"type":"Feature","geometry":{"type":"LineString","coordinates":[[-87.59419,41.71025],[-87.59413,41.71019],[-87.59393,41.70998],[-87.5939,41.70994]]},"properties":{"kind":"expressway","name":"Bishop Ford Fwy (I-94)"}},{"type":"Feature","geometry":{"type":"LineString","coordinates":[[-87.59698,41.69486],[-87.59701,41.69479],[-87.59701,41.69479],[-87.59725,41.69432],[-87.59753,41.6938],[-87.59793,41.69307],[-87.59805,41.69284]]},"properties":{"kind":"expressway","name":"Bishop Ford Fwy (I-94)"}},{"type":"Feature","geometry":{"type":"LineString","coordinates":[[-87.64608,41.9585],[-87.6461,41.95858],[-87.64614,41.95875],[-87.64616,41.9589],[-87.64622,41.95916],[-87.64626,41.95943],[-87.6463,41.95969],[-87.64632,41.9599],[-87.64632,41.96007]]},"properties":{"kind":"expressway","name":"DuSable Lake Shore Dr"}},{"type":"Feature","geometry":{"type":"LineString","coordinates":[[-87.7214,41.94834],[-87.72217,41.94867]]},"properties":{"kind":"expressway","name":"Kennedy Expy (I-90/94)"}},{"type":"Feature","geometry":{"type":"LineString","coordinates":[[-87.63429,41.84527],[-87.63419,41.84524],[-87.63398,41.84519],[-87.63375,41.84513],[-87.63361,41.84508],[-87.63339,41.845],[-87.63326,41.84495],[-87.63317,41.84491],[-87.63306,41.84485]]},"properties":{"kind":"expressway","name":"Dan Ryan Expy (I-90/94)"}},{"type":"Feature","geometry":{"type":"LineString","coordinates":[[-87.63661,41.84737],[-87.63686,41.84737]]},"properties":{"kind":"expressway","name":"Stevenson Expy (I-55)"}},{"type":"Feature","geometry":{"type":"LineString","coordinates":[[-87.64209,41.84727],[-87.64196,41.84718],[-87.64186,41.84712]]},"properties":{"kind":"expressway","name":"Dan Ryan Expy (I-90/94)"}},{"type":"Feature","geometry":{"type":"LineString","coordinates":[[-87.64477,41.86719],[-87.64476,41.86708],[-87.64476,41.86697],[-87.6447,41.86605],[-87.64468,41.86534],[-87.64468,41.86534]]},"properties":{"kind":"expressway","name":"Dan Ryan Expy (I-90/94)"}},{"type":"Feature","geometry":{"type":"LineString","coordinates":[[-87.62482,41.7301],[-87.62482,41.73009],[-87.62483,41.73004],[-87.62483,41.73001],[-87.62482,41.72988],[-87.62481,41.72934],[-87.6248,41.72914],[-87.6248,41.72904]]},"properties":{"kind":"expressway","name":"Dan Ryan Expy (I-90/94)"}},{"type":"Feature","geometry":{"type":"LineString","coordinates":[[-87.70593,41.87426],[-87.70606,41.87424],[-87.70615,41.87423]]},"properties":{"kind":"expressway","name":"Eisenhower Expy (I-290)"}},{"type":"Feature","geometry":{"type":"LineString","coordinates":[[-87.74748,41.9632],[-87.74762,41.96325],[-87.74772,41.96329],[-87.74773,41.96329],[-87.74782,41.96332]]},"properties":{"kind":"expressway","name":"Kennedy Expy (I-90/94)"}},{"type":"Feature","geometry":{"type":"LineString","coordinates":[[-87.63083,41.79767],[-87.63083,41.79683],[-87.63083,41.79681],[-87.63083,41.79669],[-87.63083,41.79657],[-87.63083,41.79645],[-87.63082,41.79624]]},"properties":{"kind":"expressway","name":"Dan Ryan Expy (I-90/94)"}},{"type":"Feature","geometry":{"type":"LineString","coordinates":[[-87.73115,41.82105],[-87.73183,41.82084]]},"properties":{"kind":"expressway","name":"Stevenson Expy (I-55)"}},{"type":"Feature","geometry":{"type":"LineString","coordinates":[[-87.64471,41.87166],[-87.64472,41.87164],[-87.64476,41.87155],[-87.64479,41.87148],[-87.64481,41.87143],[-87.64482,41.87138],[-87.64482,41.87137],[-87.64478,41.87051]]},"properties":{"kind":"expressway","name":"Dan Ryan Expy (I-90/94)"}},{"type":"Feature","geometry":{"type":"LineString","coordinates":[[-87.64252,41.94784],[-87.64257,41.94794],[-87.64274,41.94821],[-87.64298,41.9486],[-87.64308,41.94877]]},"properties":{"kind":"expressway","name":"DuSable Lake Shore Dr"}},{"type":"Feature","geometry":{"type":"LineString","coordinates":[[-87.63196,41.84737],[-87.63217,41.84737]]},"properties":{"kind":"expressway","name":"Stevenson Expy (I-55)"}},{"type":"Feature","geometry":{"type":"LineString","coordinates":[[-87.84644,41.98375],[-87.84752,41.98374],[-87.84795,41.98373],[-87.84983,41.98374],[-87.8506,41.9838],[-87.85086,41.98382],[-87.85141,41.98391],[-87.85243,41.98408],[-87.85256,41.98409],[-87.85329,41.9842],[-87.85413,41.98433],[-87.8549,41.98449],[-87.85534,41.98462],[-87.85535,41.98462],[-87.85546,41.98466]]},"properties":{"kind":"expressway","name":"Ib Northwest"}},{"type":"Feature","geometry":{"type":"LineString","coordinates":[[-87.65241,41.98162],[-87.65252,41.98204],[-87.65256,41.98223],[-87.65261,41.98245],[-87.65264,41.98269],[-87.65266,41.9829],[-87.6527,41.98349]]},"properties":{"kind":"expressway","name":"DuSable Lake Shore Dr"}},{"type":"Feature","geometry":{"type":"LineString","coordinates":[[-87.58137,41.7465],[-87.58127,41.74643],[-87.58115,41.74634],[-87.5808,41.7461]]},"properties":{"kind":"expressway","name":"Chicago Skyway (I-90)"}},{"type":"Feature","geometry":{"type":"LineString","coordinates":[[-87.61488,41.89349],[-87.61499,41.89366],[-87.61509,41.89382],[-87.61517,41.89396],[-87.61525,41.89409],[-87.61534,41.89423],[-87.61537,41.89429]]},"properties":{"kind":"expressway","name":"DuSable Lake Shore Dr"}},{"type":"Feature","geometry":{"type":"LineString","coordinates":[[-87.59188,41.66371],[-87.59175,41.66356],[-87.59173,41.66354]]},"properties":{"kind":"expressway","name":"Bishop Ford Fwy (I-94)"}},{"type":"Feature","geometry":{"type":"LineString","coordinates":[[-87.71848,41.94602],[-87.71859,41.94621],[-87.71863,41.94628],[-87.71871,41.9464],[-87.71877,41.9465]]},"properties":{"kind":"expressway","name":"Kennedy Expy (I-90/94)"}},{"type":"Feature","geometry":{"type":"LineString","coordinates":[[-87.64453,41.86176],[-87.64452,41.86127]]},"properties":{"kind":"expressway","name":"Dan Ryan Expy (I-90/94)"}},{"type":"Feature","geometry":{"type":"LineString","coordinates":[[-87.70377,41.87495],[-87.70381,41.87494],[-87.70381,41.87494],[-87.70423,41.87487],[-87.70432,41.87486],[-87.70462,41.87482],[-87.7048,41.87479],[-87.70508,41.87475],[-87.70539,41.87471],[-87.70561,41.87468],[-87.70582,41.87465],[-87.70595,41.87463]]},"properties":{"kind":"expressway","name":"Eisenhower Expy (I-290)"}},{"type":"Feature","geometry":{"type":"LineString","coordinates":[[-87.63103,41.83973],[-87.63103,41.83954],[-87.63104,41.83913]]},"properties":{"kind":"expressway","name":"Dan Ryan Expy (I-90/94)"}},{"type":"Feature","geometry":{"type":"LineString","coordinates":[[-87.60907,41.71353],[-87.60855,41.71354],[-87.60805,41.71355],[-87.60765,41.71355],[-87.60744,41.71355],[-87.60723,41.71356],[-87.60696,41.71356],[-87.60651,41.71357],[-87.60592,41.71358],[-87.60565,41.71359]]},"properties":{"kind":"expressway","name":"Bishop Ford Fwy (I-94)"}},{"type":"Feature","geometry":{"type":"LineString","coordinates":[[-87.64755,41.96791],[-87.64766,41.96831],[-87.64771,41.96851],[-87.64778,41.9688],[-87.64784,41.96909],[-87.64786,41.96916],[-87.64792,41.9694]]},"properties":{"kind":"expressway","name":"DuSable Lake Shore Dr"}},{"type":"Feature","geometry":{"type":"LineString","coordinates":[[-87.63139,41.84348],[-87.63136,41.84343],[-87.63123,41.84321],[-87.63112,41.84301],[-87.63107,41.8429],[-87.63101,41.84271],[-87.631,41.84265]]},"properties":{"kind":"expressway","name":"Dan Ryan Expy (I-90/94)"}},{"type":"Feature","geometry":{"type":"LineString","coordinates":[[-87.70615,41.87423],[-87.70625,41.87422],[-87.70638,41.8742],[-87.70655,41.87417],[-87.7069,41.87413],[-87.70733,41.87407],[-87.70772,41.87403],[-87.70822,41.87398],[-87.70838,41.87397]]},"properties":{"kind":"expressway","name":"Eisenhower Expy (I-290)"}},{"type":"Feature","geometry":{"type":"LineString","coordinates":[[-87.60773,41.83482],[-87.6077,41.83468],[-87.60767,41.83453],[-87.60762,41.83436],[-87.60759,41.83423],[-87.60755,41.8341],[-87.6075,41.83396],[-87.60746,41.83384],[-87.60741,41.83373],[-87.60736,41.8336],[-87.6073,41.83345],[-87.60724,41.83332],[-87.60719,41.83321],[-87.60713,41.8331],[-87.60708,41.83301]]},"properties":{"kind":"expressway","name":"DuSable Lake Shore Dr"}},{"type":"Feature","geometry":{"type":"LineString","coordinates":[[-87.7198,41.87416],[-87.71988,41.87416],[-87.72001,41.87416],[-87.72015,41.87416],[-87.7203,41.87415],[-87.72039,41.87415]]},"properties":{"kind":"expressway","name":"Eisenhower Expy (I-290)"}},{"type":"Feature","geometry":{"type":"LineString","coordinates":[[-87.80213,41.98254],[-87.80246,41.98254]]},"properties":{"kind":"expressway","name":"Kennedy Expy (I-90/94)"}},{"type":"Feature","geometry":{"type":"LineString","coordinates":[[-87.63216,41.92979],[-87.63216,41.93007],[-87.63215,41.93043],[-87.63215,41.9308],[-87.63214,41.93107],[-87.63213,41.93143],[-87.63212,41.93206],[-87.63212,41.93223],[-87.63211,41.93254],[-87.63211,41.93259]]},"properties":{"kind":"expressway","name":"DuSable Lake Shore Dr"}},{"type":"Feature","geometry":{"type":"LineString","coordinates":[[-87.63191,41.93259],[-87.63189,41.933],[-87.6319,41.93322],[-87.63192,41.93337],[-87.63199,41.93373],[-87.63206,41.93406],[-87.63219,41.93446]]},"properties":{"kind":"expressway","name":"DuSable Lake Shore Dr"}},{"type":"Feature","geometry":{"type":"LineString","coordinates":[[-87.74766,41.96354],[-87.74772,41.96356],[-87.74776,41.96357],[-87.74788,41.96361],[-87.74799,41.96365]]},"properties":{"kind":"expressway","name":"Kennedy Expy (I-90/94)"}},{"type":"Feature","geometry":{"type":"LineString","coordinates":[[-87.63015,41.81104],[-87.63049,41.81051]]},"properties":{"kind":"expressway","name":"Dan Ryan Expy (I-90/94)"}},{"type":"Feature","geometry":{"type":"LineString","coordinates":[[-87.63152,41.79111],[-87.63152,41.79099],[-87.63152,41.7909]]},"properties":{"kind":"expressway","name":"Dan Ryan Expy (I-90/94)"}},{"type":"Feature","geometry":{"type":"LineString","coordinates":[[-87.58031,41.79243],[-87.58024,41.79215],[-87.58022,41.79201],[-87.58016,41.79181],[-87.58011,41.79164],[-87.58006,41.79154]]},"properties":{"kind":"expressway","name":"DuSable Lake Shore Dr"}},{"type":"Feature","geometry":{"type":"LineString","coordinates":[[-87.64696,41.87578],[-87.64701,41.87578],[-87.64706,41.87578],[-87.64718,41.87577]]},"properties":{"kind":"expressway","name":"Eisenhower Expy (I-290)"}},{"type":"Feature","geometry":{"type":"LineString","coordinates":[[-87.64444,41.87545],[-87.64444,41.87545],[-87.64444,41.87545],[-87.64448,41.87545],[-87.64478,41.87544]]},"properties":{"kind":"expressway","name":"Eisenhower Expy (I-290)"}},{"type":"Feature","geometry":{"type":"LineString","coordinates":[[-87.74742,41.97536],[-87.74742,41.97546],[-87.74743,41.97577]]},"properties":{"kind":"expressway","name":"Edens Expy (I-94)"}},{"type":"Feature","geometry":{"type":"LineString","coordinates":[[-87.59599,41.69632],[-87.59602,41.69625],[-87.59638,41.69553],[-87.59652,41.69525]]},"properties":{"kind":"expressway","name":"Bishop Ford Fwy (I-94)"}},{"type":"Feature","geometry":{"type":"LineString","coordinates":[[-87.61706,41.87198],[-87.61705,41.87169],[-87.61702,41.87122],[-87.61701,41.87094],[-87.61701,41.8707]]},"properties":{"kind":"expressway","name":"DuSable Lake Shore Dr"}},{"type":"Feature","geometry":{"type":"LineString","coordinates":[[-87.63794,41.87569],[-87.63813,41.87568],[-87.63836,41.87568],[-87.63866,41.87567],[-87.63896,41.87566],[-87.6392,41.87566],[-87.63951,41.87565],[-87.63964,41.87565]]},"properties":{"kind":"expressway","name":"Eisenhower Expy (I-290)"}},{"type":"Feature","geometry":{"type":"LineString","coordinates":[[-87.59724,41.66966],[-87.59721,41.66962],[-87.59712,41.66952],[-87.59704,41.66942],[-87.59697,41.66934],[-87.59686,41.66922],[-87.5968,41.66914],[-87.59674,41.66907],[-87.59664,41.66895],[-87.59658,41.66888],[-87.59646,41.66874],[-87.59636,41.66863],[-87.59627,41.66852],[-87.59616,41.66841],[-87.59607,41.6683],[-87.59594,41.66815],[-87.59589,41.66808],[-87.59569,41.66786]]},"properties":{"kind":"expressway","name":"Bishop Ford Fwy (I-94)"}},{"type":"Feature","geometry":{"type":"LineString","coordinates":[[-87.63819,41.71488],[-87.63928,41.71486],[-87.64036,41.71485],[-87.6406,41.71485]]},"properties":{"kind":"expressway","name":"I-57"}},{"type":"Feature","geometry":{"type":"LineString","coordinates":[[-87.65032,41.71392],[-87.65044,41.71387],[-87.65063,41.71378],[-87.65078,41.7137],[-87.65094,41.71361],[-87.65114,41.71348],[-87.65124,41.71342]]},"properties":{"kind":"expressway","name":"I-57"}},{"type":"Feature","geometry":{"type":"LineString","coordinates":[[-87.66055,41.69214],[-87.66059,41.69203],[-87.66067,41.69183],[-87.66076,41.69158],[-87.66103,41.69084],[-87.66114,41.69055],[-87.66129,41.69014],[-87.66142,41.68979],[-87.6615,41.68957],[-87.66157,41.68939],[-87.66161,41.68929]]},"properties":{"kind":"expressway","name":"I-57"}},{"type":"Feature","geometry":{"type":"LineString","coordinates":[[-87.59396,41.66584],[-87.59385,41.66571],[-87.59321,41.66497],[-87.59271,41.6644],[-87.59234,41.66397],[-87.59213,41.66372]]},"properties":{"kind":"expressway","name":"Bishop Ford Fwy (I-94)"}},{"type":"Feature","geometry":{"type":"LineString","coordinates":[[-87.60158,41.67838],[-87.60158,41.67826],[-87.60157,41.67783],[-87.60154,41.67703],[-87.60153,41.67686],[-87.60153,41.67673],[-87.60151,41.67659],[-87.60149,41.67643],[-87.60148,41.67632]]},"properties":{"kind":"expressway","name":"Bishop Ford Fwy (I-94)"}},{"type":"Feature","geometry":{"type":"LineString","coordinates":[[-87.61149,41.71321],[-87.61136,41.71321],[-87.61058,41.71322],[-87.60965,41.71324],[-87.60906,41.71325]]},"properties":{"kind":"expressway","name":"Bishop Ford Fwy (I-94)"}},{"type":"Feature","geometry":{"type":"LineString","coordinates":[[-87.54317,41.71803],[-87.54308,41.71797],[-87.54283,41.7178],[-87.54262,41.71765],[-87.54249,41.71757],[-87.54229,41.71743],[-87.54219,41.71736]]},"properties":{"kind":"expressway","name":"Chicago Skyway (I-90)"}},{"type":"Feature","geometry":{"type":"LineString","coordinates":[[-87.55114,41.72479],[-87.55109,41.72475],[-87.55105,41.72472],[-87.55059,41.72436],[-87.55052,41.72429],[-87.55027,41.72408],[-87.55021,41.72402],[-87.55007,41.7239],[-87.55,41.72383],[-87.54991,41.72375],[-87.54982,41.72366],[-87.54974,41.72358],[-87.54972,41.72357]]},"properties":{"kind":"expressway","name":"Chicago Skyway (I-90)"}},{"type":"Feature","geometry":{"type":"LineString","coordinates":[[-87.61396,41.88794],[-87.61397,41.88815],[-87.61398,41.88842]]},"properties":{"kind":"expressway","name":"DuSable Lake Shore Dr"}},{"type":"Feature","geometry":{"type":"LineString","coordinates":[[-87.74007,41.87191],[-87.74014,41.8719],[-87.74015,41.8719],[-87.74048,41.87187],[-87.74093,41.87185],[-87.74122,41.87185],[-87.74162,41.87184],[-87.74201,41.87184],[-87.74226,41.87184],[-87.74252,41.87183]]},"properties":{"kind":"expressway","name":"Eisenhower Expy (I-290)"}},{"type":"Feature","geometry":{"type":"LineString","coordinates":[[-87.64507,41.85149],[-87.64506,41.8514],[-87.64499,41.8511],[-87.64491,41.85086],[-87.64485,41.85071]]},"properties":{"kind":"expressway","name":"Dan Ryan Expy (I-90/94)"}},{"type":"Feature","geometry":{"type":"LineString","coordinates":[[-87.62558,41.76734],[-87.62556,41.76686],[-87.62555,41.76644],[-87.62554,41.7662],[-87.62554,41.76612]]},"properties":{"kind":"expressway","name":"Dan Ryan Expy (I-90/94)"}},{"type":"Feature","geometry":{"type":"LineString","coordinates":[[-87.6314,41.84368],[-87.63121,41.84339],[-87.63108,41.84316],[-87.63098,41.84294],[-87.6309,41.84272],[-87.63089,41.84265]]},"properties":{"kind":"expressway","name":"Dan Ryan Expy (I-90/94)"}},{"type":"Feature","geometry":{"type":"LineString","coordinates":[[-87.62926,41.77736],[-87.62921,41.77732],[-87.6292,41.77731],[-87.62893,41.7771],[-87.62849,41.77679],[-87.62834,41.77669],[-87.62823,41.77662]]},"properties":{"kind":"expressway","name":"Chicago Skyway (I-90)"}},{"type":"Feature","geometry":{"type":"LineString","coordinates":[[-87.65864,41.69584],[-87.65883,41.69551],[-87.65897,41.69522]]},"properties":{"kind":"expressway","name":"I-57"}},{"type":"Feature","geometry":{"type":"LineString","coordinates":[[-87.7509,41.99261],[-87.75081,41.99421]]},"properties":{"kind":"expressway","name":"Edens Expy (I-94)"}},{"type":"Feature","geometry":{"type":"LineString","coordinates":[[-87.78354,41.98193],[-87.78409,41.98211]]},"properties":{"kind":"expressway","name":"Kennedy Expy (I-90/94)"}},{"type":"Feature","geometry":{"type":"LineString","coordinates":[[-87.74195,41.95982],[-87.74332,41.96066],[-87.74354,41.96078]]},"properties":{"kind":"expressway","name":"Edens Expy (I-94)"}},{"type":"Feature","geometry":{"type":"LineString","coordinates":[[-87.62475,41.72724],[-87.62475,41.72698],[-87.62475,41.7267],[-87.62475,41.72659],[-87.62476,41.72634],[-87.62472,41.72557],[-87.62472,41.72554],[-87.62471,41.72538]]},"properties":{"kind":"expressway","name":"Dan Ryan Expy (I-90/94)"}},{"type":"Feature","geometry":{"type":"LineString","coordinates":[[-87.64001,41.84717],[-87.64047,41.84716]]},"properties":{"kind":"expressway","name":"Stevenson Expy (I-55)"}},{"type":"Feature","geometry":{"type":"LineString","coordinates":[[-87.63085,41.79845],[-87.63085,41.79842],[-87.63085,41.79822]]},"properties":{"kind":"expressway","name":"Dan Ryan Expy (I-90/94)"}},{"type":"Feature","geometry":{"type":"LineString","coordinates":[[-87.64638,41.88638],[-87.6465,41.88672],[-87.64653,41.88678],[-87.64654,41.88681]]},"properties":{"kind":"expressway","name":"Kennedy Expy (I-90/94)"}},{"type":"Feature","geometry":{"type":"LineString","coordinates":[[-87.62732,41.9152],[-87.62737,41.91526],[-87.62737,41.91526],[-87.62743,41.91536],[-87.62745,41.91539],[-87.62757,41.91562],[-87.628,41.9164],[-87.62812,41.91667]]},"properties":{"kind":"expressway","name":"DuSable Lake Shore Dr"}},{"type":"Feature","geometry":{"type":"LineString","coordinates":[[-87.61621,41.8829],[-87.61609,41.88297],[-87.61579,41.88308],[-87.6154,41.88322],[-87.61525,41.88327],[-87.61513,41.88332],[-87.61485,41.88342],[-87.61458,41.88356],[-87.61448,41.88363],[-87.61442,41.88367],[-87.61424,41.88381],[-87.61405,41.88399],[-87.61386,41.88423],[-87.61376,41.8844]]},"properties":{"kind":"expressway","name":"DuSable Lake Shore Dr"}},{"type":"Feature","geometry":{"type":"LineString","coordinates":[[-87.74689,41.96564],[-87.74699,41.96668],[-87.74701,41.96706],[-87.74702,41.9674]]},"properties":{"kind":"expressway","name":"Edens Expy (I-94)"}},{"type":"Feature","geometry":{"type":"LineString","coordinates":[[-87.6077,41.76547],[-87.6067,41.76475],[-87.60593,41.7642],[-87.60569,41.76402],[-87.60553,41.7639]]},"properties":{"kind":"expressway","name":"Chicago Skyway (I-90)"}},{"type":"Feature","geometry":{"type":"LineString","coordinates":[[-87.59193,41.70314],[-87.59199,41.70297],[-87.59207,41.70275],[-87.59218,41.70252],[-87.59226,41.70236],[-87.59232,41.70223],[-87.59237,41.70216],[-87.59244,41.70204]]},"properties":{"kind":"expressway","name":"Bishop Ford Fwy (I-94)"}},{"type":"Feature","geometry":{"type":"LineString","coordinates":[[-87.61636,41.71343],[-87.61545,41.71344],[-87.61483,41.71344],[-87.61447,41.71342]]},"properties":{"kind":"expressway","name":"Bishop Ford Fwy (I-94)"}},{"type":"Feature","geometry":{"type":"LineString","coordinates":[[-87.68775,41.92779],[-87.68782,41.92784],[-87.688,41.92794]]},"properties":{"kind":"expressway","name":"Kennedy Expy (I-90/94)"}},{"type":"Feature","geometry":{"type":"LineString","coordinates":[[-87.74341,41.96078],[-87.74356,41.96089],[-87.74384,41.9611],[-87.74399,41.9612],[-87.74412,41.96129],[-87.74464,41.9617],[-87.74465,41.9617],[-87.74485,41.96184],[-87.74546,41.96223],[-87.74556,41.96229]]},"properties":{"kind":"expressway","name":"Kennedy Expy (I-90/94)"}},{"type":"Feature","geometry":{"type":"LineString","coordinates":[[-87.64571,41.8767],[-87.6457,41.87661],[-87.64569,41.87656],[-87.64569,41.87651]]},"properties":{"kind":"expressway","name":"Kennedy Expy (I-90/94)"}},{"type":"Feature","geometry":{"type":"LineString","coordinates":[[-87.62469,41.74073],[-87.62468,41.7401],[-87.62467,41.74004],[-87.62467,41.73997]]},"properties":{"kind":"expressway","name":"Dan Ryan Expy (I-90/94)"}},{"type":"Feature","geometry":{"type":"LineString","coordinates":[[-87.64302,41.71453],[-87.64323,41.71453],[-87.64358,41.71453],[-87.64384,41.71452],[-87.64424,41.71452],[-87.64505,41.71451],[-87.64544,41.7145]]},"properties":{"kind":"expressway","name":"I-57"}},{"type":"Feature","geometry":{"type":"LineString","coordinates":[[-87.76268,41.97109],[-87.76285,41.97113],[-87.76303,41.97118],[-87.76322,41.97124],[-87.76325,41.97124],[-87.7635,41.97131],[-87.76375,41.97138],[-87.76392,41.97142]]},"properties":{"kind":"expressway","name":"Kennedy Expy (I-90/94)"}},{"type":"Feature","geometry":{"type":"LineString","coordinates":[[-87.58768,41.80882],[-87.58742,41.80855],[-87.58706,41.80817],[-87.58686,41.80796],[-87.5868,41.80789],[-87.58654,41.80761],[-87.5862,41.80723]]},"properties":{"kind":"expressway","name":"DuSable Lake Shore Dr"}},{"type":"Feature","geometry":{"type":"LineString","coordinates":[[-87.61018,41.84215],[-87.60987,41.84142]]},"properties":{"kind":"expressway","name":"DuSable Lake Shore Dr"}},{"type":"Feature","geometry":{"type":"LineString","coordinates":[[-87.61541,41.77098],[-87.61527,41.77088],[-87.6151,41.77075],[-87.61497,41.77067],[-87.61482,41.77055],[-87.61467,41.77045],[-87.61433,41.77021],[-87.61423,41.77013],[-87.61399,41.76996],[-87.61386,41.76986],[-87.61368,41.76974],[-87.61359,41.76967],[-87.61348,41.76959]]},"properties":{"kind":"expressway","name":"Chicago Skyway (I-90)"}},{"type":"Feature","geometry":{"type":"LineString","coordinates":[[-87.59126,41.75366],[-87.59083,41.75335],[-87.58991,41.75268],[-87.58879,41.75186],[-87.58849,41.75164],[-87.58825,41.75147]]},"properties":{"kind":"expressway","name":"Chicago Skyway (I-90)"}},{"type":"Feature","geometry":{"type":"LineString","coordinates":[[-87.64608,41.88398],[-87.6461,41.88431],[-87.6461,41.88442]]},"properties":{"kind":"expressway","name":"Kennedy Expy (I-90/94)"}},{"type":"Feature","geometry":{"type":"LineString","coordinates":[[-87.77183,41.87111],[-87.77189,41.87111],[-87.77233,41.87114],[-87.77274,41.87114],[-87.77321,41.87117],[-87.77352,41.8712],[-87.77377,41.87121],[-87.77414,41.87124],[-87.7742,41.87124],[-87.77434,41.87125]]},"properties":{"kind":"expressway","name":"Eisenhower Expy (I-290)"}},{"type":"Feature","geometry":{"type":"LineString","coordinates":[[-87.52729,41.70591],[-87.52704,41.70567],[-87.52693,41.70557],[-87.52654,41.7052],[-87.52616,41.70481],[-87.5259,41.70453]]},"properties":{"kind":"expressway","name":"Chicago Skyway (I-90)"}},{"type":"Feature","geometry":{"type":"LineString","coordinates":[[-87.68523,41.83521],[-87.68523,41.83521],[-87.68582,41.83503],[-87.68742,41.83453]]},"properties":{"kind":"expressway","name":"Stevenson Expy (I-55)"}},{"type":"Feature","geometry":{"type":"LineString","coordinates":[[-87.89064,41.97706],[-87.89065,41.97706],[-87.89097,41.97717],[-87.89126,41.9773],[-87.89164,41.97751],[-87.89173,41.97757],[-87.89193,41.9777],[-87.89209,41.97783],[-87.89265,41.97833],[-87.89351,41.97909],[-87.89363,41.9792],[-87.89393,41.97946],[-87.8943,41.97978],[-87.8946,41.98004],[-87.89505,41.98044],[-87.89513,41.98052],[-87.89525,41.98062],[-87.89535,41.9807],[-87.89545,41.98079],[-87.89554,41.98087],[-87.89568,41.98099],[-87.89577,41.98106],[-87.89584,41.98111],[-87.8959,41.98116],[-87.89597,41.98122],[-87.89603,41.98128],[-87.89606,41.9813]]},"properties":{"kind":"expressway","name":"I-190 (O'Hare)"}},{"type":"Feature","geometry":{"type":"LineString","coordinates":[[-87.63089,41.84265],[-87.63087,41.84259],[-87.63084,41.84243],[-87.63081,41.84216],[-87.63079,41.84182],[-87.63078,41.84138],[-87.63077,41.8412]]},"properties":{"kind":"expressway","name":"Dan Ryan Expy (I-90/94)"}},{"type":"Feature","geometry":{"type":"LineString","coordinates":[[-87.75081,41.99421],[-87.75079,41.99452],[-87.75061,41.99535],[-87.7504,41.99617],[-87.75011,41.99701],[-87.75002,41.99722],[-87.74999,41.9973]]},"properties":{"kind":"expressway","name":"Edens Expy (I-94)"}},{"type":"Feature","geometry":{"type":"LineString","coordinates":[[-87.85621,41.98342],[-87.85664,41.98342],[-87.85723,41.98344],[-87.85784,41.98342],[-87.85858,41.98342],[-87.85914,41.98341],[-87.85999,41.98339],[-87.86086,41.98337],[-87.86138,41.98337],[-87.86318,41.98333],[-87.86516,41.98329],[-87.86657,41.98326],[-87.86745,41.98324],[-87.86917,41.98322],[-87.86986,41.9832],[-87.87041,41.98318],[-87.87111,41.98316],[-87.8714,41.98315],[-87.87191,41.9831],[-87.87218,41.98307],[-87.87257,41.98303],[-87.87394,41.98275],[-87.87476,41.98253],[-87.87542,41.98227],[-87.87562,41.98219]]},"properties":{"kind":"expressway","name":"I-190 (O'Hare)"}},{"type":"Feature","geometry":{"type":"LineString","coordinates":[[-87.85665,41.98433],[-87.85713,41.98419],[-87.85759,41.98404],[-87.85806,41.98392],[-87.85847,41.98384],[-87.85894,41.98379],[-87.8594,41.98375],[-87.86002,41.98375],[-87.86093,41.98381],[-87.8616,41.98386],[-87.86263,41.98392],[-87.86403,41.98402],[-87.86539,41.98413],[-87.86697,41.98425],[-87.86723,41.98426],[-87.86808,41.98432],[-87.86861,41.98437],[-87.86934,41.98437],[-87.86965,41.98437],[-87.8702,41.98432],[-87.87087,41.98421],[-87.8715,41.98406],[-87.87216,41.98384],[-87.87278,41.98361],[-87.87329,41.98342],[-87.87371,41.98325],[-87.87431,41.98299],[-87.87492,41.98274],[-87.87548,41.98253],[-87.87571,41.98245]]},"properties":{"kind":"expressway","name":"I-190 (O'Hare)"}},{"type":"Feature","geometry":{"type":"LineString","coordinates":[[-87.6686,41.83748],[-87.66881,41.83744],[-87.66924,41.83741]]},"properties":{"kind":"expressway","name":"Stevenson Expy (I-55)"}},{"type":"Feature","geometry":{"type":"LineString","coordinates":[[-87.61356,41.85301],[-87.61354,41.85297],[-87.61344,41.85277],[-87.61333,41.85256],[-87.61329,41.85247],[-87.61313,41.85209],[-87.61311,41.85204],[-87.61294,41.85161],[-87.61278,41.85119]]},"properties":{"kind":"expressway","name":"Stevenson Ib Lsd Nb"}},{"type":"Feature","geometry":{"type":"LineString","coordinates":[[-87.5816,41.80111],[-87.5816,41.80096],[-87.58159,41.80074],[-87.58158,41.80063]]},"properties":{"kind":"expressway","name":"DuSable Lake Shore Dr"}},{"type":"Feature","geometry":{"type":"LineString","coordinates":[[-87.631,41.84265],[-87.63097,41.8425],[-87.63093,41.84227],[-87.63091,41.84206],[-87.63091,41.84183],[-87.63092,41.84162],[-87.63096,41.84127],[-87.63097,41.8412]]},"properties":{"kind":"expressway","name":"Dan Ryan Expy (I-90/94)"}},{"type":"Feature","geometry":{"type":"LineString","coordinates":[[-87.5851,41.7492],[-87.58497,41.7491],[-87.58455,41.7488],[-87.58399,41.74841],[-87.58337,41.74796],[-87.58328,41.7479]]},"properties":{"kind":"expressway","name":"Chicago Skyway (I-90)"}},{"type":"Feature","geometry":{"type":"LineString","coordinates":[[-87.64473,41.86969],[-87.64472,41.86967],[-87.64472,41.86958],[-87.64471,41.86952],[-87.6447,41.86938],[-87.64468,41.8692],[-87.64466,41.86903],[-87.64465,41.86895]]},"properties":{"kind":"expressway","name":"Dan Ryan Expy (I-90/94)"}},{"type":"Feature","geometry":{"type":"LineString","coordinates":[[-87.69488,41.83217],[-87.69497,41.83215],[-87.69526,41.83205],[-87.69527,41.83205],[-87.69564,41.83193],[-87.69589,41.83185],[-87.69629,41.83172],[-87.69657,41.83162],[-87.69729,41.83139]]},"properties":{"kind":"expressway","name":"Stevenson Expy (I-55)"}},{"type":"Feature","geometry":{"type":"LineString","coordinates":[[-87.6442,41.85917],[-87.64415,41.85759]]},"properties":{"kind":"expressway","name":"Dan Ryan Expy (I-90/94)"}},{"type":"Feature","geometry":{"type":"LineString","coordinates":[[-87.61715,41.87583],[-87.61713,41.87517],[-87.61712,41.87476],[-87.61712,41.87454]]},"properties":{"kind":"expressway","name":"DuSable Lake Shore Dr"}},{"type":"Feature","geometry":{"type":"LineString","coordinates":[[-87.61856,41.8993],[-87.61879,41.89963],[-87.619,41.90001],[-87.61929,41.90043],[-87.61952,41.90079],[-87.61965,41.90091],[-87.61969,41.90095]]},"properties":{"kind":"expressway","name":"DuSable Lake Shore Dr"}},{"type":"Feature","geometry":{"type":"LineString","coordinates":[[-87.58074,41.79816],[-87.58068,41.79807],[-87.58056,41.79791],[-87.5804,41.79774],[-87.58019,41.79754],[-87.57998,41.79736],[-87.57985,41.79726],[-87.5797,41.79711],[-87.57954,41.79695],[-87.5794,41.79677],[-87.57928,41.79658],[-87.57927,41.79654],[-87.57919,41.79638],[-87.57911,41.79615],[-87.57906,41.79595],[-87.57905,41.79578],[-87.57905,41.79577],[-87.57905,41.79562],[-87.57906,41.79554],[-87.57906,41.79542],[-87.57909,41.79527]]},"properties":{"kind":"expressway","name":"DuSable Lake Shore Dr"}},{"type":"Feature","geometry":{"type":"LineString","coordinates":[[-87.66809,41.83737],[-87.66825,41.83733],[-87.66878,41.83724],[-87.66898,41.83722]]},"properties":{"kind":"expressway","name":"Stevenson Expy (I-55)"}},{"type":"Feature","geometry":{"type":"LineString","coordinates":[[-87.63358,41.93663],[-87.63365,41.93669],[-87.63384,41.93688],[-87.63409,41.9371],[-87.63432,41.93728],[-87.6345,41.93742],[-87.63475,41.9376],[-87.63497,41.93776]]},"properties":{"kind":"expressway","name":"DuSable Lake Shore Dr"}},{"type":"Feature","geometry":{"type":"LineString","coordinates":[[-87.63092,41.84724],[-87.63103,41.84726],[-87.63104,41.84726],[-87.63114,41.84727],[-87.63115,41.84727],[-87.63127,41.84729]]},"properties":{"kind":"expressway","name":"Stevenson Expy (I-55)"}},{"type":"Feature","geometry":{"type":"LineString","coordinates":[[-87.63469,41.87556],[-87.63485,41.87556],[-87.63488,41.87557],[-87.6351,41.87557],[-87.63514,41.87557]]},"properties":{"kind":"expressway","name":"Eisenhower Expy (I-290)"}},{"type":"Feature","geometry":{"type":"LineString","coordinates":[[-87.64393,41.87563],[-87.64408,41.87564],[-87.64423,41.87565],[-87.64428,41.87565]]},"properties":{"kind":"expressway","name":"Eisenhower Expy (I-290)"}},{"type":"Feature","geometry":{"type":"LineString","coordinates":[[-87.63079,41.8291],[-87.63079,41.82889],[-87.63078,41.82854],[-87.63076,41.82807],[-87.63076,41.82772],[-87.63075,41.82732]]},"properties":{"kind":"expressway","name":"Dan Ryan Expy (I-90/94)"}},{"type":"Feature","geometry":{"type":"LineString","coordinates":[[-87.64566,41.87371],[-87.64562,41.87348]]},"properties":{"kind":"expressway","name":"Dan Ryan Expy (I-90/94)"}},{"type":"Feature","geometry":{"type":"LineString","coordinates":[[-87.64539,41.85258],[-87.64539,41.85254],[-87.64539,41.85242],[-87.64538,41.85227],[-87.64537,41.85211],[-87.64537,41.85196],[-87.64534,41.85175],[-87.64529,41.85156],[-87.64523,41.85128],[-87.64517,41.85111],[-87.64511,41.85093]]},"properties":{"kind":"expressway","name":"Dan Ryan Expy (I-90/94)"}},{"type":"Feature","geometry":{"type":"LineString","coordinates":[[-87.68621,41.92673],[-87.68665,41.92698]]},"properties":{"kind":"expressway","name":"Kennedy Expy (I-90/94)"}},{"type":"Feature","geometry":{"type":"LineString","coordinates":[[-87.62454,41.90474],[-87.62476,41.90556],[-87.62476,41.90557],[-87.62484,41.90587]]},"properties":{"kind":"expressway","name":"DuSable Lake Shore Dr"}},{"type":"Feature","geometry":{"type":"LineString","coordinates":[[-87.58164,41.80256],[-87.58163,41.80241],[-87.58162,41.80227],[-87.58162,41.80207],[-87.58161,41.80188],[-87.58161,41.80167],[-87.58161,41.8014],[-87.5816,41.80115],[-87.5816,41.80111]]},"properties":{"kind":"expressway","name":"DuSable Lake Shore Dr"}},{"type":"Feature","geometry":{"type":"LineString","coordinates":[[-87.63049,41.83096],[-87.63049,41.83085],[-87.63048,41.83071],[-87.63048,41.83046],[-87.63047,41.83029],[-87.63047,41.83004],[-87.63046,41.82975],[-87.63044,41.8291]]},"properties":{"kind":"expressway","name":"Dan Ryan Expy (I-90/94)"}},{"type":"Feature","geometry":{"type":"LineString","coordinates":[[-87.65897,41.69522],[-87.65897,41.69522],[-87.65933,41.69437],[-87.65947,41.69399]]},"properties":{"kind":"expressway","name":"I-57"}},{"type":"Feature","geometry":{"type":"LineString","coordinates":[[-87.62519,41.77493],[-87.62514,41.77493],[-87.62508,41.77493],[-87.62498,41.77494],[-87.62486,41.77494],[-87.62469,41.77494],[-87.62454,41.77495],[-87.62347,41.77497],[-87.6228,41.77497],[-87.62245,41.77498],[-87.62216,41.77496],[-87.62189,41.77494],[-87.62167,41.77492],[-87.62143,41.77488],[-87.62118,41.77483],[-87.62092,41.77476],[-87.62072,41.77471],[-87.6205,41.77463],[-87.62018,41.7745],[-87.62001,41.77441],[-87.61997,41.77439]]},"properties":{"kind":"expressway","name":"Chicago Skyway (I-90)"}},{"type":"Feature","geometry":{"type":"LineString","coordinates":[[-87.62989,41.92207],[-87.62991,41.92214],[-87.62995,41.92226],[-87.63006,41.92261],[-87.63021,41.92315],[-87.63034,41.92351],[-87.63043,41.92379]]},"properties":{"kind":"expressway","name":"DuSable Lake Shore Dr"}},{"type":"Feature","geometry":{"type":"LineString","coordinates":[[-87.62368,41.84785],[-87.62357,41.84786],[-87.62356,41.84786],[-87.62346,41.84787],[-87.62301,41.8479],[-87.62291,41.8479],[-87.6226,41.84791],[-87.62222,41.84791]]},"properties":{"kind":"expressway","name":"Stevenson Expy (I-55)"}},{"type":"Feature","geometry":{"type":"LineString","coordinates":[[-87.65294,41.70683],[-87.65293,41.70675],[-87.65293,41.70656],[-87.65292,41.70611],[-87.6529,41.7056],[-87.65289,41.70503],[-87.65289,41.70498]]},"properties":{"kind":"expressway","name":"I-57"}},{"type":"Feature","geometry":{"type":"LineString","coordinates":[[-87.6308,41.78169],[-87.6308,41.78159],[-87.63079,41.7812],[-87.63078,41.7811]]},"properties":{"kind":"expressway","name":"Dan Ryan Expy (I-90/94)"}},{"type":"Feature","geometry":{"type":"LineString","coordinates":[[-87.66165,41.84059],[-87.66193,41.84043],[-87.66242,41.84015],[-87.66266,41.84001],[-87.66317,41.83971],[-87.66332,41.83963]]},"properties":{"kind":"expressway","name":"Stevenson Expy (I-55)"}},{"type":"Feature","geometry":{"type":"LineString","coordinates":[[-87.76445,41.87104],[-87.76455,41.87103],[-87.76497,41.87098],[-87.76502,41.87097],[-87.76561,41.8709],[-87.76621,41.87083],[-87.76679,41.87077],[-87.76731,41.87072]]},"properties":{"kind":"expressway","name":"Eisenhower Expy (I-290)"}},{"type":"Feature","geometry":{"type":"LineString","coordinates":[[-87.74556,41.96229],[-87.74565,41.96234],[-87.74604,41.96256],[-87.74634,41.96273]]},"properties":{"kind":"expressway","name":"Kennedy Expy (I-90/94)"}},{"type":"Feature","geometry":{"type":"LineString","coordinates":[[-87.64151,41.84714],[-87.64169,41.84713],[-87.64186,41.84712]]},"properties":{"kind":"expressway","name":"Stevenson Expy (I-55)"}},{"type":"Feature","geometry":{"type":"LineString","coordinates":[[-87.72886,41.82149],[-87.7299,41.82116]]},"properties":{"kind":"expressway","name":"Stevenson Expy (I-55)"}},{"type":"Feature","geometry":{"type":"LineString","coordinates":[[-87.56574,41.73534],[-87.5657,41.73531],[-87.56524,41.73496],[-87.56472,41.73467],[-87.56423,41.73432],[-87.56407,41.73421],[-87.56397,41.73414]]},"properties":{"kind":"expressway","name":"Chicago Skyway (I-90)"}},{"type":"Feature","geometry":{"type":"LineString","coordinates":[[-87.74006,41.87159],[-87.74021,41.87158],[-87.74057,41.87156],[-87.74089,41.87155],[-87.7413,41.87155],[-87.74167,41.87153],[-87.74181,41.87152],[-87.74206,41.87152],[-87.74251,41.87151]]},"properties":{"kind":"expressway","name":"Eisenhower Expy (I-290)"}},{"type":"Feature","geometry":{"type":"LineString","coordinates":[[-87.73419,41.95545],[-87.73458,41.95566],[-87.73478,41.95576],[-87.73528,41.95597],[-87.73528,41.95598],[-87.73555,41.95612],[-87.73571,41.95622],[-87.73601,41.95638],[-87.73622,41.9565],[-87.73622,41.9565],[-87.73645,41.95663],[-87.73751,41.95723]]},"properties":{"kind":"expressway","name":"Kennedy Expy (I-90/94)"}},{"type":"Feature","geometry":{"type":"LineString","coordinates":[[-87.64457,41.95284],[-87.64454,41.95373],[-87.64454,41.95381],[-87.64454,41.95394],[-87.64454,41.95403],[-87.64455,41.9542],[-87.64455,41.95428],[-87.64455,41.95442],[-87.64456,41.9545],[-87.64457,41.95457],[-87.64458,41.95466]]},"properties":{"kind":"expressway","name":"DuSable Lake Shore Dr"}},{"type":"Feature","geometry":{"type":"LineString","coordinates":[[-87.63048,41.77925],[-87.63046,41.77905],[-87.63038,41.77875],[-87.63028,41.77853],[-87.63021,41.77838],[-87.63016,41.77831],[-87.63016,41.77831],[-87.63009,41.77818]]},"properties":{"kind":"expressway","name":"Dan Ryan Expy (I-90/94)"}},{"type":"Feature","geometry":{"type":"LineString","coordinates":[[-87.59381,41.81511],[-87.59366,41.81496],[-87.59301,41.81436],[-87.59298,41.81433]]},"properties":{"kind":"expressway","name":"DuSable Lake Shore Dr"}},{"type":"Feature","geometry":{"type":"LineString","coordinates":[[-87.87589,41.98237],[-87.87597,41.98234],[-87.87597,41.98234]]},"properties":{"kind":"expressway","name":"I-190 (O'Hare)"}},{"type":"Feature","geometry":{"type":"LineString","coordinates":[[-87.62364,41.9023],[-87.62371,41.90237],[-87.62373,41.90238],[-87.62376,41.90243],[-87.62381,41.90248]]},"properties":{"kind":"expressway","name":"DuSable Lake Shore Dr"}},{"type":"Feature","geometry":{"type":"LineString","coordinates":[[-87.61114,41.84454],[-87.61101,41.84422]]},"properties":{"kind":"expressway","name":"DuSable Lake Shore Dr"}},{"type":"Feature","geometry":{"type":"LineString","coordinates":[[-87.56099,41.73212],[-87.56089,41.73204],[-87.56052,41.73177],[-87.55969,41.73117],[-87.55849,41.73032],[-87.5579,41.72988],[-87.55778,41.7298]]},"properties":{"kind":"expressway","name":"Chicago Skyway (I-90)"}},{"type":"Feature","geometry":{"type":"LineString","coordinates":[[-87.64646,41.8458],[-87.64668,41.84576],[-87.64696,41.8457],[-87.64722,41.84566],[-87.64753,41.84562],[-87.64787,41.84559],[-87.64814,41.84557],[-87.64844,41.84556],[-87.64865,41.84555]]},"properties":{"kind":"expressway","name":"Stevenson Expy (I-55)"}},{"type":"Feature","geometry":{"type":"LineString","coordinates":[[-87.617,41.87001],[-87.617,41.86999],[-87.617,41.86986],[-87.61703,41.86967],[-87.61711,41.86941],[-87.61712,41.86938]]},"properties":{"kind":"expressway","name":"DuSable Lake Shore Dr"}},{"type":"Feature","geometry":{"type":"LineString","coordinates":[[-87.59397,41.71055],[-87.59386,41.71045],[-87.59366,41.71024],[-87.59363,41.7102]]},"properties":{"kind":"expressway","name":"Bishop Ford Fwy (I-94)"}},{"type":"Feature","geometry":{"type":"LineString","coordinates":[[-87.61917,41.8658],[-87.61917,41.8658],[-87.61914,41.86564],[-87.61911,41.86552],[-87.61909,41.8654],[-87.61907,41.86533],[-87.61903,41.86517],[-87.619,41.865],[-87.61899,41.86499]]},"properties":{"kind":"expressway","name":"DuSable Lake Shore Dr"}},{"type":"Feature","geometry":{"type":"LineString","coordinates":[[-87.63087,41.82189],[-87.63085,41.82051]]},"properties":{"kind":"expressway","name":"Dan Ryan Expy (I-90/94)"}},{"type":"Feature","geometry":{"type":"LineString","coordinates":[[-87.609,41.84009],[-87.60882,41.83968],[-87.60874,41.83949],[-87.6086,41.83919],[-87.6084,41.83869],[-87.60835,41.83857]]},"properties":{"kind":"expressway","name":"DuSable Lake Shore Dr"}},{"type":"Feature","geometry":{"type":"LineString","coordinates":[[-87.63088,41.84743],[-87.63099,41.84745],[-87.631,41.84745],[-87.6311,41.84747],[-87.63111,41.84747],[-87.6312,41.84749],[-87.63123,41.84749]]},"properties":{"kind":"expressway","name":"Stevenson Expy (I-55)"}},{"type":"Feature","geometry":{"type":"LineString","coordinates":[[-87.57902,41.79016],[-87.57874,41.7899],[-87.57862,41.78979],[-87.57845,41.78965],[-87.57833,41.78954],[-87.57824,41.78942],[-87.57816,41.78932],[-87.57807,41.78917],[-87.57802,41.78903],[-87.57795,41.78885],[-87.57792,41.78868],[-87.57788,41.78845],[-87.57785,41.78818],[-87.57782,41.78792],[-87.57781,41.78783]]},"properties":{"kind":"expressway","name":"DuSable Lake Shore Dr"}},{"type":"Feature","geometry":{"type":"LineString","coordinates":[[-87.716,41.94309],[-87.71604,41.94313],[-87.71613,41.94322],[-87.71639,41.9435],[-87.71651,41.94364],[-87.71664,41.94381],[-87.71679,41.94404],[-87.71691,41.94426],[-87.71716,41.94471]]},"properties":{"kind":"expressway","name":"Kennedy Expy (I-90/94)"}},{"type":"Feature","geometry":{"type":"LineString","coordinates":[[-87.70262,41.93593],[-87.70292,41.93611],[-87.70312,41.93622],[-87.70323,41.93629],[-87.70332,41.93634],[-87.70358,41.93649],[-87.70365,41.93653],[-87.7039,41.93668],[-87.70431,41.93693]]},"properties":{"kind":"expressway","name":"Kennedy Expy (I-90/94)"}},{"type":"Feature","geometry":{"type":"LineString","coordinates":[[-87.60187,41.68166],[-87.60187,41.68145],[-87.60187,41.68136],[-87.60185,41.6807],[-87.60184,41.68036]]},"properties":{"kind":"expressway","name":"Bishop Ford Fwy (I-94)"}},{"type":"Feature","geometry":{"type":"LineString","coordinates":[[-87.6419,41.84728],[-87.64169,41.8472],[-87.64151,41.84714]]},"properties":{"kind":"expressway","name":"Dan Ryan Expy (I-90/94)"}},{"type":"Feature","geometry":{"type":"LineString","coordinates":[[-87.66664,41.8755],[-87.66682,41.87549],[-87.66689,41.87549],[-87.66745,41.87548],[-87.66824,41.87547],[-87.66887,41.87546],[-87.66898,41.87546],[-87.66912,41.87545]]},"properties":{"kind":"expressway","name":"Eisenhower Expy (I-290)"}},{"type":"Feature","geometry":{"type":"LineString","coordinates":[[-87.88301,41.97909],[-87.88305,41.97908],[-87.88329,41.97898],[-87.88398,41.97869],[-87.88426,41.97857]]},"properties":{"kind":"expressway","name":"I-190 (O'Hare)"}},{"type":"Feature","geometry":{"type":"LineString","coordinates":[[-87.6618,41.84076],[-87.66208,41.8406],[-87.66268,41.84026],[-87.6631,41.84001],[-87.66343,41.83982]]},"properties":{"kind":"expressway","name":"Stevenson Expy (I-55)"}},{"type":"Feature","geometry":{"type":"LineString","coordinates":[[-87.75619,41.96793],[-87.75637,41.96803],[-87.75645,41.96808],[-87.75663,41.96817],[-87.75677,41.96825],[-87.75696,41.96836],[-87.75711,41.96845],[-87.75725,41.96852],[-87.75744,41.96863],[-87.75786,41.96887],[-87.75796,41.96893],[-87.75813,41.96901],[-87.75851,41.9692]]},"properties":{"kind":"expressway","name":"Kennedy Expy (I-90/94)"}},{"type":"Feature","geometry":{"type":"LineString","coordinates":[[-87.69636,41.93224],[-87.6971,41.93303]]},"properties":{"kind":"expressway","name":"Kennedy Expy (I-90/94)"}},{"type":"Feature","geometry":{"type":"LineString","coordinates":[[-87.65446,41.87547],[-87.65471,41.87549],[-87.65586,41.87554],[-87.65675,41.87557],[-87.65681,41.87557],[-87.65698,41.87557]]},"properties":{"kind":"expressway","name":"Eisenhower Expy (I-290)"}},{"type":"Feature","geometry":{"type":"LineString","coordinates":[[-87.69615,41.87567],[-87.69631,41.87567],[-87.69655,41.87567],[-87.697,41.87566],[-87.69719,41.87566],[-87.69726,41.87566],[-87.69764,41.87565],[-87.69798,41.87564],[-87.6983,41.87562],[-87.69849,41.87561],[-87.6986,41.8756]]},"properties":{"kind":"expressway","name":"Eisenhower Expy (I-290)"}},{"type":"Feature","geometry":{"type":"LineString","coordinates":[[-87.63217,41.84737],[-87.63231,41.84737],[-87.63252,41.84737],[-87.63268,41.84737],[-87.6332,41.84733],[-87.63324,41.84733],[-87.63371,41.8473],[-87.63465,41.84725]]},"properties":{"kind":"expressway","name":"Stevenson Expy (I-55)"}},{"type":"Feature","geometry":{"type":"LineString","coordinates":[[-87.63069,41.77778],[-87.63036,41.77729],[-87.63025,41.77716],[-87.63016,41.77706],[-87.63013,41.77702],[-87.63006,41.77694]]},"properties":{"kind":"expressway","name":"Dan Ryan Expy (I-90/94)"}},{"type":"Feature","geometry":{"type":"LineString","coordinates":[[-87.83659,41.98423],[-87.83677,41.98422],[-87.83709,41.9842],[-87.83751,41.98418],[-87.83851,41.98413],[-87.83916,41.9841],[-87.8395,41.98409],[-87.83988,41.98407],[-87.84106,41.98399]]},"properties":{"kind":"expressway","name":"Kennedy Expy (I-90/94)"}},{"type":"Feature","geometry":{"type":"LineString","coordinates":[[-87.64549,41.87823],[-87.64552,41.87807],[-87.64554,41.87798]]},"properties":{"kind":"expressway","name":"Kennedy Expy (I-90/94)"}},{"type":"Feature","geometry":{"type":"LineString","coordinates":[[-87.63125,41.7909],[-87.63125,41.79081],[-87.63124,41.79046],[-87.63123,41.79008],[-87.63122,41.78965],[-87.63123,41.78936]]},"properties":{"kind":"expressway","name":"Dan Ryan Expy (I-90/94)"}},{"type":"Feature","geometry":{"type":"LineString","coordinates":[[-87.63089,41.8329],[-87.63089,41.83267],[-87.63088,41.83248],[-87.63087,41.83215],[-87.63087,41.83187],[-87.63086,41.83164],[-87.63085,41.83136],[-87.63084,41.83117],[-87.63084,41.83108],[-87.63084,41.83096]]},"properties":{"kind":"expressway","name":"Dan Ryan Expy (I-90/94)"}},{"type":"Feature","geometry":{"type":"LineString","coordinates":[[-87.62761,41.77527],[-87.62744,41.77509],[-87.62741,41.77507],[-87.62736,41.775]]},"properties":{"kind":"expressway","name":"Dan Ryan Expy (I-90/94)"}},{"type":"Feature","geometry":{"type":"LineString","coordinates":[[-87.68027,41.83674],[-87.68036,41.83672],[-87.68075,41.83661],[-87.68125,41.83646],[-87.68296,41.83594],[-87.68305,41.83591]]},"properties":{"kind":"expressway","name":"Stevenson Expy (I-55)"}},{"type":"Feature","geometry":{"type":"LineString","coordinates":[[-87.63105,41.80369],[-87.63104,41.80353],[-87.63103,41.8033],[-87.63102,41.8031],[-87.63102,41.80299],[-87.63101,41.80279],[-87.631,41.8026],[-87.63099,41.80242],[-87.63099,41.80223],[-87.63098,41.80204],[-87.63097,41.80195],[-87.63097,41.80183],[-87.63097,41.80183]]},"properties":{"kind":"expressway","name":"Dan Ryan Expy (I-90/94)"}},{"type":"Feature","geometry":{"type":"LineString","coordinates":[[-87.63665,41.939],[-87.63739,41.93958],[-87.6375,41.93967],[-87.63769,41.93986],[-87.63793,41.94011],[-87.63809,41.94028],[-87.63812,41.94032],[-87.63827,41.9405]]},"properties":{"kind":"expressway","name":"DuSable Lake Shore Dr"}},{"type":"Feature","geometry":{"type":"LineString","coordinates":[[-87.53385,41.71199],[-87.53382,41.71196],[-87.53371,41.71187],[-87.53347,41.71163],[-87.53326,41.71144],[-87.53307,41.71126],[-87.53294,41.71113],[-87.53273,41.71092],[-87.53255,41.71075],[-87.53237,41.71059],[-87.53222,41.71045],[-87.53209,41.71036],[-87.53206,41.71033],[-87.53201,41.71029],[-87.53188,41.71017],[-87.53176,41.71006]]},"properties":{"kind":"expressway","name":"Chicago Skyway (I-90)"}},{"type":"Feature","geometry":{"type":"LineString","coordinates":[[-87.62991,41.81916],[-87.62992,41.81907],[-87.62992,41.81854],[-87.62991,41.81814],[-87.62991,41.81809]]},"properties":{"kind":"expressway","name":"Dan Ryan Expy (I-90/94)"}},{"type":"Feature","geometry":{"type":"LineString","coordinates":[[-87.61414,41.88755],[-87.61415,41.88774],[-87.61415,41.88781]]},"properties":{"kind":"expressway","name":"DuSable Lake Shore Dr"}},{"type":"Feature","geometry":{"type":"LineString","coordinates":[[-87.63113,41.80551],[-87.63111,41.80534],[-87.6311,41.80518],[-87.63109,41.80505]]},"properties":{"kind":"expressway","name":"Dan Ryan Expy (I-90/94)"}},{"type":"Feature","geometry":{"type":"LineString","coordinates":[[-87.61364,41.84956],[-87.61364,41.84955],[-87.6137,41.84939],[-87.61378,41.84923],[-87.61388,41.84907],[-87.614,41.84892],[-87.61412,41.8488],[-87.61434,41.84862],[-87.61447,41.84854],[-87.6145,41.84852],[-87.61465,41.84845],[-87.61479,41.84839],[-87.61488,41.84836],[-87.61492,41.84835],[-87.61499,41.84833]]},"properties":{"kind":"expressway","name":"Lsd Sb Stevenson Ob"}},{"type":"Feature","geometry":{"type":"LineString","coordinates":[[-87.61775,41.84818],[-87.61742,41.84819]]},"properties":{"kind":"expressway","name":"Stevenson Expy (I-55)"}},{"type":"Feature","geometry":{"type":"LineString","coordinates":[[-87.88064,41.98011],[-87.88103,41.97994],[-87.88123,41.97986],[-87.88138,41.97979],[-87.88155,41.97972],[-87.88166,41.97967],[-87.88179,41.97962],[-87.88196,41.97954],[-87.88209,41.97949],[-87.88233,41.97938],[-87.88251,41.9793],[-87.88264,41.97925],[-87.88274,41.97921],[-87.88287,41.97915],[-87.88297,41.97911],[-87.88298,41.97911],[-87.88301,41.97909]]},"properties":{"kind":"expressway","name":"I-190 (O'Hare)"}},{"type":"Feature","geometry":{"type":"LineString","coordinates":[[-87.6857,41.92644],[-87.68621,41.92673]]},"properties":{"kind":"expressway","name":"Kennedy Expy (I-90/94)"}},{"type":"Feature","geometry":{"type":"LineString","coordinates":[[-87.78775,41.98262],[-87.78788,41.98262],[-87.78808,41.98262],[-87.78852,41.98262],[-87.78879,41.98262],[-87.78914,41.98261],[-87.78938,41.98261],[-87.78989,41.98261],[-87.79018,41.98261],[-87.79043,41.9826],[-87.79143,41.98261]]},"properties":{"kind":"expressway","name":"Kennedy Expy (I-90/94)"}},{"type":"Feature","geometry":{"type":"LineString","coordinates":[[-87.60928,41.84008],[-87.60911,41.83968],[-87.60901,41.83944],[-87.60892,41.83922],[-87.6088,41.83892],[-87.60872,41.83872],[-87.60871,41.83868],[-87.60867,41.83857]]},"properties":{"kind":"expressway","name":"DuSable Lake Shore Dr"}},{"type":"Feature","geometry":{"type":"LineString","coordinates":[[-87.7279,41.87406],[-87.72803,41.87406],[-87.72841,41.87405],[-87.72882,41.87405],[-87.72935,41.87404],[-87.72972,41.87404]]},"properties":{"kind":"expressway","name":"Eisenhower Expy (I-290)"}},{"type":"Feature","geometry":{"type":"LineString","coordinates":[[-87.73278,41.87362],[-87.73324,41.87359],[-87.7337,41.87353],[-87.73393,41.87349],[-87.73404,41.87347],[-87.73439,41.8734],[-87.73467,41.87332],[-87.73485,41.87327],[-87.73509,41.87319],[-87.73522,41.87314]]},"properties":{"kind":"expressway","name":"Eisenhower Expy (I-290)"}},{"type":"Feature","geometry":{"type":"LineString","coordinates":[[-87.66879,41.91611],[-87.66901,41.91636],[-87.66923,41.91663],[-87.66935,41.91676],[-87.66959,41.91697],[-87.66989,41.91724],[-87.67015,41.91745],[-87.67043,41.91765],[-87.67076,41.91788]]},"properties":{"kind":"expressway","name":"Kennedy Expy (I-90/94)"}},{"type":"Feature","geometry":{"type":"LineString","coordinates":[[-87.63597,41.87571],[-87.636,41.87571],[-87.63605,41.87571]]},"properties":{"kind":"expressway","name":"Eisenhower Expy (I-290)"}},{"type":"Feature","geometry":{"type":"LineString","coordinates":[[-87.63595,41.87558],[-87.63599,41.87558],[-87.63639,41.87557],[-87.63665,41.87557]]},"properties":{"kind":"expressway","name":"Eisenhower Expy (I-290)"}},{"type":"Feature","geometry":{"type":"LineString","coordinates":[[-87.68111,41.92383],[-87.68271,41.92475],[-87.68279,41.92479],[-87.68311,41.92497]]},"properties":{"kind":"expressway","name":"Kennedy Expy (I-90/94)"}},{"type":"Feature","geometry":{"type":"LineString","coordinates":[[-87.74722,41.96804],[-87.74722,41.96814],[-87.74722,41.96828],[-87.74724,41.9686],[-87.74727,41.96897],[-87.74728,41.96924],[-87.7473,41.96942],[-87.74731,41.96958]]},"properties":{"kind":"expressway","name":"Edens Expy (I-94)"}},{"type":"Feature","geometry":{"type":"LineString","coordinates":[[-87.6317,41.80367],[-87.63169,41.80346]]},"properties":{"kind":"expressway","name":"Dan Ryan Expy (I-90/94)"}},{"type":"Feature","geometry":{"type":"LineString","coordinates":[[-87.63678,41.8757],[-87.63692,41.8757],[-87.63706,41.87569],[-87.63722,41.87569],[-87.63741,41.8757],[-87.63748,41.8757],[-87.63782,41.87569],[-87.63794,41.87569]]},"properties":{"kind":"expressway","name":"Eisenhower Expy (I-290)"}},{"type":"Feature","geometry":{"type":"LineString","coordinates":[[-87.63064,41.79091],[-87.63063,41.79082],[-87.63063,41.79069],[-87.63063,41.79043],[-87.63062,41.79037]]},"properties":{"kind":"expressway","name":"Dan Ryan Expy (I-90/94)"}},{"type":"Feature","geometry":{"type":"LineString","coordinates":[[-87.64503,41.85072],[-87.64503,41.85071],[-87.64497,41.85058],[-87.64488,41.8504],[-87.64465,41.84999],[-87.64446,41.84967],[-87.64435,41.84948]]},"properties":{"kind":"expressway","name":"Dan Ryan Expy (I-90/94)"}},{"type":"Feature","geometry":{"type":"LineString","coordinates":[[-87.63239,41.93443],[-87.63245,41.93459],[-87.63251,41.93474],[-87.63255,41.93483],[-87.63265,41.93503],[-87.63276,41.93525],[-87.6329,41.93548],[-87.63298,41.93559],[-87.63307,41.93573],[-87.63318,41.93588],[-87.63321,41.93592],[-87.63352,41.93629],[-87.63369,41.93646],[-87.63388,41.93664]]},"properties":{"kind":"expressway","name":"DuSable Lake Shore Dr"}},{"type":"Feature","geometry":{"type":"LineString","coordinates":[[-87.66219,41.67929],[-87.66218,41.67899],[-87.66217,41.67858],[-87.66216,41.67826],[-87.66216,41.67802],[-87.66215,41.67781],[-87.66215,41.67765],[-87.66214,41.67754]]},"properties":{"kind":"expressway","name":"I-57"}},{"type":"Feature","geometry":{"type":"LineString","coordinates":[[-87.67893,41.87536],[-87.68031,41.87534]]},"properties":{"kind":"expressway","name":"Eisenhower Expy (I-290)"}},{"type":"Feature","geometry":{"type":"LineString","coordinates":[[-87.74482,41.96149],[-87.74487,41.96153],[-87.74528,41.96178],[-87.74582,41.96215],[-87.74609,41.96238],[-87.74617,41.96249],[-87.74633,41.96271],[-87.74634,41.96273]]},"properties":{"kind":"expressway","name":"Edens Expy (I-94)"}},{"type":"Feature","geometry":{"type":"LineString","coordinates":[[-87.65602,41.8435],[-87.6566,41.84326],[-87.65772,41.84278],[-87.65802,41.84265],[-87.65831,41.84252]]},"properties":{"kind":"expressway","name":"Stevenson Expy (I-55)"}},{"type":"Feature","geometry":{"type":"LineString","coordinates":[[-87.63586,41.87571],[-87.63597,41.87571]]},"properties":{"kind":"expressway","name":"Eisenhower Expy (I-290)"}},{"type":"Feature","geometry":{"type":"LineString","coordinates":[[-87.64186,41.84712],[-87.6417,41.84706],[-87.64148,41.84698],[-87.64122,41.84688],[-87.64099,41.84681],[-87.64073,41.84675]]},"properties":{"kind":"expressway","name":"Dan Ryan Expy (I-90/94)"}},{"type":"Feature","geometry":{"type":"LineString","coordinates":[[-87.61571,41.85558],[-87.61558,41.85524]]},"properties":{"kind":"expressway","name":"DuSable Lake Shore Dr"}},{"type":"Feature","geometry":{"type":"LineString","coordinates":[[-87.69552,41.93212],[-87.69573,41.93224],[-87.6959,41.93234],[-87.69594,41.93236],[-87.696,41.9324],[-87.69606,41.93244],[-87.6963,41.93257],[-87.69662,41.93275],[-87.6971,41.93303]]},"properties":{"kind":"expressway","name":"Kennedy Expy (I-90/94)"}},{"type":"Feature","geometry":{"type":"LineString","coordinates":[[-87.64519,41.85267],[-87.6452,41.85259],[-87.6452,41.85258]]},"properties":{"kind":"expressway","name":"Dan Ryan Expy (I-90/94)"}},{"type":"Feature","geometry":{"type":"LineString","coordinates":[[-87.64307,41.87565],[-87.64352,41.87563],[-87.64373,41.87563],[-87.64389,41.87563],[-87.64393,41.87563]]},"properties":{"kind":"expressway","name":"Eisenhower Expy (I-290)"}},{"type":"Feature","geometry":{"type":"LineString","coordinates":[[-87.67303,41.83711],[-87.67492,41.83707],[-87.67528,41.83706],[-87.67545,41.83706]]},"properties":{"kind":"expressway","name":"Stevenson Expy (I-55)"}},{"type":"Feature","geometry":{"type":"LineString","coordinates":[[-87.64295,41.84771],[-87.64284,41.84763],[-87.64273,41.84757],[-87.64261,41.84751],[-87.64245,41.84742],[-87.64225,41.84732],[-87.64209,41.84727]]},"properties":{"kind":"expressway","name":"Dan Ryan Expy (I-90/94)"}},{"type":"Feature","geometry":{"type":"LineString","coordinates":[[-87.71256,41.94104],[-87.71295,41.94113],[-87.71299,41.94114],[-87.71311,41.94117],[-87.71335,41.94123],[-87.71348,41.94127],[-87.71374,41.94133],[-87.71385,41.94136],[-87.71402,41.94141],[-87.71416,41.94145],[-87.71423,41.94148],[-87.71434,41.94152],[-87.71444,41.94155],[-87.71451,41.94158],[-87.71462,41.94163],[-87.71465,41.94164],[-87.71491,41.94175],[-87.71514,41.94187],[-87.71536,41.942],[-87.71564,41.94217],[-87.71597,41.94238]]},"properties":{"kind":"expressway","name":"Kennedy Expy (I-90/94)"}},{"type":"Feature","geometry":{"type":"LineString","coordinates":[[-87.69129,41.92997],[-87.69149,41.93004],[-87.69168,41.9301],[-87.69188,41.93017],[-87.69196,41.9302],[-87.69222,41.93034]]},"properties":{"kind":"expressway","name":"Kennedy Expy (I-90/94)"}},{"type":"Feature","geometry":{"type":"LineString","coordinates":[[-87.53769,41.71466],[-87.53751,41.71459],[-87.53721,41.71444],[-87.53709,41.71439],[-87.53702,41.71436],[-87.5368,41.71425],[-87.53662,41.71415],[-87.53649,41.71408]]},"properties":{"kind":"expressway","name":"Chicago Skyway (I-90)"}},{"type":"Feature","geometry":{"type":"LineString","coordinates":[[-87.64209,41.84727],[-87.64223,41.84726],[-87.64236,41.84724],[-87.64242,41.84723],[-87.64242,41.84723],[-87.64281,41.84717],[-87.64306,41.84711],[-87.64311,41.8471]]},"properties":{"kind":"expressway","name":"Stevenson Expy (I-55)"}},{"type":"Feature","geometry":{"type":"LineString","coordinates":[[-87.75415,41.96673],[-87.75469,41.96707],[-87.7549,41.96721],[-87.75531,41.96743],[-87.75549,41.96754],[-87.75566,41.96763],[-87.75583,41.96773],[-87.75601,41.96783],[-87.75619,41.96793]]},"properties":{"kind":"expressway","name":"Kennedy Expy (I-90/94)"}},{"type":"Feature","geometry":{"type":"LineString","coordinates":[[-87.63075,41.77999],[-87.63075,41.77992],[-87.63075,41.77984],[-87.63074,41.77959],[-87.63072,41.77937],[-87.63065,41.77904],[-87.63061,41.77888],[-87.63055,41.77872],[-87.63046,41.77848],[-87.63034,41.77824],[-87.63029,41.77816]]},"properties":{"kind":"expressway","name":"Dan Ryan Expy (I-90/94)"}},{"type":"Feature","geometry":{"type":"LineString","coordinates":[[-87.54482,41.71916],[-87.54433,41.71881],[-87.54389,41.71852],[-87.54363,41.71835],[-87.5435,41.71826],[-87.54336,41.71816],[-87.54317,41.71803]]},"properties":{"kind":"expressway","name":"Chicago Skyway (I-90)"}},{"type":"Feature","geometry":{"type":"LineString","coordinates":[[-87.64956,41.87572],[-87.64984,41.87571],[-87.65037,41.87571],[-87.65073,41.87571],[-87.65109,41.87572],[-87.65129,41.87572],[-87.65174,41.87573],[-87.65186,41.87573]]},"properties":{"kind":"expressway","name":"Eisenhower Expy (I-290)"}},{"type":"Feature","geometry":{"type":"LineString","coordinates":[[-87.66183,41.68116],[-87.66182,41.68073],[-87.66182,41.68072],[-87.66183,41.67983],[-87.66181,41.67929]]},"properties":{"kind":"expressway","name":"I-57"}},{"type":"Feature","geometry":{"type":"LineString","coordinates":[[-87.73251,41.95451],[-87.7328,41.95467],[-87.73317,41.95488],[-87.73318,41.95489],[-87.73372,41.95519],[-87.73397,41.95533],[-87.73419,41.95545]]},"properties":{"kind":"expressway","name":"Kennedy Expy (I-90/94)"}},{"type":"Feature","geometry":{"type":"LineString","coordinates":[[-87.73682,41.81927],[-87.73799,41.81889],[-87.73856,41.81871]]},"properties":{"kind":"expressway","name":"Stevenson Expy (I-55)"}},{"type":"Feature","geometry":{"type":"LineString","coordinates":[[-87.54693,41.72084],[-87.54693,41.72083],[-87.54668,41.72062],[-87.54638,41.72037],[-87.54615,41.72018],[-87.54599,41.72005],[-87.54582,41.71991],[-87.54564,41.71977],[-87.54546,41.71962],[-87.54538,41.71956],[-87.54524,41.71945],[-87.54491,41.71922],[-87.54482,41.71916]]},"properties":{"kind":"expressway","name":"Chicago Skyway (I-90)"}},{"type":"Feature","geometry":{"type":"LineString","coordinates":[[-87.60178,41.67838],[-87.60176,41.67767],[-87.60174,41.6769],[-87.60173,41.67673],[-87.60171,41.67658],[-87.60169,41.67639],[-87.60168,41.67633]]},"properties":{"kind":"expressway","name":"Bishop Ford Fwy (I-94)"}},{"type":"Feature","geometry":{"type":"LineString","coordinates":[[-87.74634,41.96273],[-87.74659,41.96305],[-87.74674,41.96326]]},"properties":{"kind":"expressway","name":"Edens Expy (I-94)"}},{"type":"Feature","geometry":{"type":"LineString","coordinates":[[-87.59549,41.75687],[-87.59496,41.75649]]},"properties":{"kind":"expressway","name":"Chicago Skyway (I-90)"}},{"type":"Feature","geometry":{"type":"LineString","coordinates":[[-87.70228,41.93573],[-87.70235,41.93577],[-87.70262,41.93593]]},"properties":{"kind":"expressway","name":"Kennedy Expy (I-90/94)"}},{"type":"Feature","geometry":{"type":"LineString","coordinates":[[-87.71684,41.82556],[-87.71711,41.82547],[-87.71765,41.8253]]},"properties":{"kind":"expressway","name":"Stevenson Expy (I-55)"}},{"type":"Feature","geometry":{"type":"LineString","coordinates":[[-87.62836,41.91668],[-87.6287,41.91746],[-87.62885,41.91783],[-87.62901,41.91823],[-87.62905,41.91836]]},"properties":{"kind":"expressway","name":"DuSable Lake Shore Dr"}},{"type":"Feature","geometry":{"type":"LineString","coordinates":[[-87.63096,41.82545],[-87.63096,41.8254],[-87.63096,41.8252],[-87.63095,41.82503],[-87.63094,41.82475],[-87.63094,41.82452],[-87.63093,41.82429],[-87.63092,41.82405],[-87.6309,41.82381],[-87.6309,41.8238],[-87.63091,41.82366]]},"properties":{"kind":"expressway","name":"Dan Ryan Expy (I-90/94)"}},{"type":"Feature","geometry":{"type":"LineString","coordinates":[[-87.65326,41.705],[-87.65326,41.70483],[-87.65325,41.70447],[-87.65321,41.70319]]},"properties":{"kind":"expressway","name":"I-57"}},{"type":"Feature","geometry":{"type":"LineString","coordinates":[[-87.74493,41.87145],[-87.7451,41.87145],[-87.74528,41.87144],[-87.74569,41.87144],[-87.74613,41.87144],[-87.74648,41.87144],[-87.74687,41.87143],[-87.74718,41.87143]]},"properties":{"kind":"expressway","name":"Eisenhower Expy (I-290)"}},{"type":"Feature","geometry":{"type":"LineString","coordinates":[[-87.74343,41.81742],[-87.74362,41.81736],[-87.74377,41.81731],[-87.74381,41.8173],[-87.74397,41.81724],[-87.74427,41.81713],[-87.74468,41.81697]]},"properties":{"kind":"expressway","name":"Stevenson Expy (I-55)"}},{"type":"Feature","geometry":{"type":"LineString","coordinates":[[-87.58006,41.79154],[-87.58003,41.79149],[-87.57995,41.79133],[-87.57984,41.79117],[-87.57973,41.79101],[-87.57964,41.79087],[-87.5795,41.79068],[-87.57938,41.7905],[-87.57923,41.79032],[-87.57903,41.79016],[-87.57902,41.79016]]},"properties":{"kind":"expressway","name":"DuSable Lake Shore Dr"}},{"type":"Feature","geometry":{"type":"LineString","coordinates":[[-87.68523,41.83551],[-87.68604,41.83525],[-87.68685,41.83498],[-87.68741,41.83481]]},"properties":{"kind":"expressway","name":"Stevenson Expy (I-55)"}},{"type":"Feature","geometry":{"type":"LineString","coordinates":[[-87.646,41.8818],[-87.646,41.8817],[-87.64599,41.88147],[-87.64599,41.88138]]},"properties":{"kind":"expressway","name":"Kennedy Expy (I-90/94)"}},{"type":"Feature","geometry":{"type":"LineString","coordinates":[[-87.63121,41.78887],[-87.63121,41.78884],[-87.63123,41.7882],[-87.63124,41.78784],[-87.63128,41.78735],[-87.63128,41.78724]]},"properties":{"kind":"expressway","name":"Dan Ryan Expy (I-90/94)"}},{"type":"Feature","geometry":{"type":"LineString","coordinates":[[-87.64073,41.84675],[-87.63929,41.84641],[-87.63836,41.84619]]},"properties":{"kind":"expressway","name":"Dan Ryan Expy (I-90/94)"}},{"type":"Feature","geometry":{"type":"LineString","coordinates":[[-87.70205,41.83023],[-87.70217,41.83019],[-87.70252,41.83007],[-87.70289,41.82994],[-87.7037,41.82966],[-87.70403,41.82957],[-87.70432,41.82948],[-87.70438,41.82945],[-87.7046,41.82939]]},"properties":{"kind":"expressway","name":"Stevenson Expy (I-55)"}},{"type":"Feature","geometry":{"type":"LineString","coordinates":[[-87.59342,41.81511],[-87.59325,41.81494],[-87.59292,41.81463],[-87.59261,41.81439]]},"properties":{"kind":"expressway","name":"DuSable Lake Shore Dr"}},{"type":"Feature","geometry":{"type":"LineString","coordinates":[[-87.58002,41.79349],[-87.58006,41.7934],[-87.5801,41.79326],[-87.58014,41.7931],[-87.58017,41.79292],[-87.5802,41.79276],[-87.58023,41.79262],[-87.58031,41.79243]]},"properties":{"kind":"expressway","name":"DuSable Lake Shore Dr"}},{"type":"Feature","geometry":{"type":"LineString","coordinates":[[-87.61874,41.8993],[-87.61886,41.89948],[-87.6192,41.90001],[-87.61926,41.9001]]},"properties":{"kind":"expressway","name":"DuSable Lake Shore Dr"}},{"type":"Feature","geometry":{"type":"LineString","coordinates":[[-87.68563,41.92678],[-87.68616,41.92708]]},"properties":{"kind":"expressway","name":"Kennedy Expy (I-90/94)"}},{"type":"Feature","geometry":{"type":"LineString","coordinates":[[-87.614,41.88905],[-87.614,41.8897],[-87.61399,41.88976],[-87.61397,41.89],[-87.61391,41.89038],[-87.61389,41.89078],[-87.6139,41.89112]]},"properties":{"kind":"expressway","name":"DuSable Lake Shore Dr"}},{"type":"Feature","geometry":{"type":"LineString","coordinates":[[-87.67438,41.92],[-87.67459,41.92012],[-87.67484,41.92026],[-87.67502,41.92035],[-87.67507,41.92038],[-87.67521,41.92045],[-87.67604,41.92095],[-87.67651,41.92122],[-87.67685,41.92142]]},"properties":{"kind":"expressway","name":"Kennedy Expy (I-90/94)"}},{"type":"Feature","geometry":{"type":"LineString","coordinates":[[-87.64485,41.85071],[-87.64482,41.85064],[-87.6447,41.85041],[-87.64464,41.85033],[-87.6446,41.85026],[-87.64433,41.84981],[-87.64415,41.8495]]},"properties":{"kind":"expressway","name":"Dan Ryan Expy (I-90/94)"}},{"type":"Feature","geometry":{"type":"LineString","coordinates":[[-87.74782,41.96332],[-87.74799,41.96338],[-87.74816,41.96344],[-87.74838,41.96351],[-87.74867,41.96361],[-87.74886,41.96367],[-87.74916,41.96379],[-87.74942,41.96389],[-87.7496,41.96397],[-87.74969,41.96401],[-87.74998,41.96416],[-87.7504,41.96441],[-87.75069,41.96459],[-87.75105,41.96483],[-87.7514,41.96506],[-87.75146,41.96509],[-87.75163,41.9652],[-87.75191,41.96538],[-87.75211,41.96551],[-87.7524,41.9657],[-87.75266,41.96587],[-87.75295,41.96605],[-87.75319,41.9662],[-87.7535,41.96638],[-87.75415,41.96673]]},"properties":{"kind":"expressway","name":"Kennedy Expy (I-90/94)"}},{"type":"Feature","geometry":{"type":"LineString","coordinates":[[-87.60554,41.76407],[-87.60536,41.76395],[-87.60436,41.76323],[-87.60332,41.7625],[-87.603,41.76227]]},"properties":{"kind":"expressway","name":"Chicago Skyway (I-90)"}},{"type":"Feature","geometry":{"type":"LineString","coordinates":[[-87.63044,41.81103],[-87.63048,41.81096],[-87.63056,41.81084],[-87.63065,41.8107],[-87.63074,41.81055],[-87.63085,41.81039],[-87.63097,41.81019],[-87.63101,41.81013],[-87.63107,41.81003],[-87.63114,41.80992],[-87.6312,41.80982],[-87.63126,41.80971],[-87.63132,41.80958],[-87.63145,41.80928],[-87.63149,41.80919],[-87.63149,41.80918],[-87.6315,41.80915]]},"properties":{"kind":"expressway","name":"Dan Ryan Expy (I-90/94)"}},{"type":"Feature","geometry":{"type":"LineString","coordinates":[[-87.64419,41.87545],[-87.64444,41.87545]]},"properties":{"kind":"expressway","name":"Eisenhower Expy (I-290)"}},{"type":"Feature","geometry":{"type":"LineString","coordinates":[[-87.64435,41.84948],[-87.64427,41.84935],[-87.64411,41.84907],[-87.64393,41.84877],[-87.64386,41.84866]]},"properties":{"kind":"expressway","name":"Dan Ryan Expy (I-90/94)"}},{"type":"Feature","geometry":{"type":"LineString","coordinates":[[-87.61373,41.88611],[-87.61377,41.88637],[-87.61379,41.88664],[-87.61381,41.88684],[-87.61385,41.88706],[-87.61389,41.88729],[-87.61391,41.88745]]},"properties":{"kind":"expressway","name":"DuSable Lake Shore Dr"}},{"type":"Feature","geometry":{"type":"LineString","coordinates":[[-87.64459,41.95238],[-87.64459,41.9524],[-87.64459,41.95246],[-87.6446,41.95261],[-87.6446,41.95267],[-87.64458,41.9528],[-87.64457,41.95284]]},"properties":{"kind":"expressway","name":"DuSable Lake Shore Dr"}},{"type":"Feature","geometry":{"type":"LineString","coordinates":[[-87.7237,41.82339],[-87.72406,41.82328]]},"properties":{"kind":"expressway","name":"Stevenson Expy (I-55)"}},{"type":"Feature","geometry":{"type":"LineString","coordinates":[[-87.6434,41.8481],[-87.64333,41.84804],[-87.64323,41.84795],[-87.64314,41.84787],[-87.64303,41.84778],[-87.64295,41.84771]]},"properties":{"kind":"expressway","name":"Dan Ryan Expy (I-90/94)"}},{"type":"Feature","geometry":{"type":"LineString","coordinates":[[-87.71182,41.82713],[-87.71197,41.82709],[-87.71242,41.82695],[-87.71283,41.82682],[-87.7131,41.82673],[-87.71348,41.82661],[-87.7136,41.82657],[-87.71427,41.82636],[-87.71432,41.82635],[-87.71436,41.82633],[-87.71436,41.82633],[-87.71438,41.82633]]},"properties":{"kind":"expressway","name":"Stevenson Expy (I-55)"}},{"type":"Feature","geometry":{"type":"LineString","coordinates":[[-87.62689,41.8471],[-87.6278,41.84695],[-87.6281,41.84692],[-87.62842,41.84691],[-87.62867,41.84691],[-87.6292,41.84695],[-87.6292,41.84695]]},"properties":{"kind":"expressway","name":"Stevenson Expy (I-55)"}},{"type":"Feature","geometry":{"type":"LineString","coordinates":[[-87.61348,41.76959],[-87.61339,41.76953],[-87.61327,41.76944],[-87.61232,41.76878],[-87.61171,41.76835],[-87.61068,41.76761],[-87.61048,41.76746]]},"properties":{"kind":"expressway","name":"Chicago Skyway (I-90)"}},{"type":"Feature","geometry":{"type":"LineString","coordinates":[[-87.56704,41.73633],[-87.56691,41.73604],[-87.56689,41.736],[-87.5669,41.73599],[-87.56697,41.73601],[-87.56716,41.73607],[-87.56739,41.73612]]},"properties":{"kind":"expressway","name":"Chicago Skyway Turnaround"}},{"type":"Feature","geometry":{"type":"LineString","coordinates":[[-87.63698,41.7146],[-87.6371,41.7146],[-87.6375,41.71459],[-87.63809,41.71458],[-87.63814,41.71458],[-87.63819,41.71458]]},"properties":{"kind":"expressway","name":"I-57"}},{"type":"Feature","geometry":{"type":"LineString","coordinates":[[-87.61316,41.84836],[-87.61302,41.84844],[-87.61295,41.84848],[-87.61275,41.84865],[-87.61274,41.84865]]},"properties":{"kind":"expressway","name":"Stevenson Ib Lsd Nb"}},{"type":"Feature","geometry":{"type":"LineString","coordinates":[[-87.63844,41.94042],[-87.63864,41.94066],[-87.6387,41.94073],[-87.63888,41.94096],[-87.63915,41.94133],[-87.63936,41.94166],[-87.63971,41.94229]]},"properties":{"kind":"expressway","name":"DuSable Lake Shore Dr"}},{"type":"Feature","geometry":{"type":"LineString","coordinates":[[-87.78179,41.98102],[-87.78263,41.98153],[-87.78278,41.98161],[-87.78292,41.98168],[-87.78303,41.98173],[-87.78316,41.98179],[-87.78329,41.98184],[-87.78341,41.98189],[-87.78354,41.98193]]},"properties":{"kind":"expressway","name":"Kennedy Expy (I-90/94)"}},{"type":"Feature","geometry":{"type":"LineString","coordinates":[[-87.64723,41.71447],[-87.6475,41.71448],[-87.64789,41.71446]]},"properties":{"kind":"expressway","name":"I-57"}},{"type":"Feature","geometry":{"type":"LineString","coordinates":[[-87.65383,41.69952],[-87.65388,41.69946],[-87.6539,41.69944],[-87.65406,41.69926],[-87.65422,41.69911],[-87.65454,41.69884],[-87.65464,41.69876],[-87.6547,41.69871],[-87.65474,41.69868]]},"properties":{"kind":"expressway","name":"I-57"}},{"type":"Feature","geometry":{"type":"LineString","coordinates":[[-87.64605,41.88316],[-87.64606,41.88328],[-87.64606,41.88372]]},"properties":{"kind":"expressway","name":"Kennedy Expy (I-90/94)"}},{"type":"Feature","geometry":{"type":"LineString","coordinates":[[-87.63002,41.84727],[-87.63005,41.84728],[-87.63027,41.84732],[-87.63032,41.84733]]},"properties":{"kind":"expressway","name":"Stevenson Expy (I-55)"}},{"type":"Feature","geometry":{"type":"LineString","coordinates":[[-87.65321,41.70319],[-87.65321,41.70306],[-87.65321,41.70281],[-87.6532,41.70274],[-87.6532,41.70248],[-87.65319,41.70207],[-87.65321,41.7018],[-87.65325,41.70149],[-87.65327,41.70135]]},"properties":{"kind":"expressway","name":"I-57"}},{"type":"Feature","geometry":{"type":"LineString","coordinates":[[-87.7108,41.87391],[-87.71091,41.87391],[-87.71112,41.87391],[-87.71149,41.87391],[-87.71199,41.8739],[-87.71241,41.8739],[-87.71294,41.87389],[-87.71323,41.87388]]},"properties":{"kind":"expressway","name":"Eisenhower Expy (I-290)"}},{"type":"Feature","geometry":{"type":"LineString","coordinates":[[-87.61393,41.89192],[-87.61394,41.89225],[-87.61395,41.89242]]},"properties":{"kind":"expressway","name":"DuSable Lake Shore Dr"}},{"type":"Feature","geometry":{"type":"LineString","coordinates":[[-87.66828,41.91612],[-87.6685,41.91637],[-87.66879,41.91669],[-87.6691,41.91698],[-87.66922,41.91708],[-87.66947,41.91732],[-87.66977,41.91757],[-87.66989,41.91766],[-87.67021,41.91789]]},"properties":{"kind":"expressway","name":"Kennedy Expy (I-90/94)"}},{"type":"Feature","geometry":{"type":"LineString","coordinates":[[-87.65289,41.70498],[-87.65287,41.70447],[-87.65286,41.70399],[-87.65285,41.70357],[-87.65284,41.70318],[-87.65284,41.70318]]},"properties":{"kind":"expressway","name":"I-57"}},{"type":"Feature","geometry":{"type":"LineString","coordinates":[[-87.5939,41.70994],[-87.59387,41.7099],[-87.59383,41.70986],[-87.5936,41.7096],[-87.59351,41.70947],[-87.59336,41.70928],[-87.59333,41.70923],[-87.59329,41.70918]]},"properties":{"kind":"expressway","name":"Bishop Ford Fwy (I-94)"}},{"type":"Feature","geometry":{"type":"LineString","coordinates":[[-87.60029,41.82533],[-87.60022,41.82519],[-87.59996,41.82468],[-87.59987,41.8245],[-87.59964,41.82404],[-87.59927,41.82331],[-87.59908,41.82294]]},"properties":{"kind":"expressway","name":"DuSable Lake Shore Dr"}},{"type":"Feature","geometry":{"type":"LineString","coordinates":[[-87.61807,41.84818],[-87.61775,41.84818]]},"properties":{"kind":"expressway","name":"Stevenson Expy (I-55)"}},{"type":"Feature","geometry":{"type":"LineString","coordinates":[[-87.59808,41.75856],[-87.59745,41.7581],[-87.59632,41.75729],[-87.59572,41.75687]]},"properties":{"kind":"expressway","name":"Chicago Skyway (I-90)"}},{"type":"Feature","geometry":{"type":"LineString","coordinates":[[-87.72522,41.95098],[-87.72568,41.95119],[-87.72674,41.95177],[-87.7269,41.95187]]},"properties":{"kind":"expressway","name":"Kennedy Expy (I-90/94)"}},{"type":"Feature","geometry":{"type":"LineString","coordinates":[[-87.64635,41.96102],[-87.64641,41.96153],[-87.64646,41.96183],[-87.64648,41.96196],[-87.64648,41.96196]]},"properties":{"kind":"expressway","name":"DuSable Lake Shore Dr"}},{"type":"Feature","geometry":{"type":"LineString","coordinates":[[-87.59395,41.70047],[-87.59422,41.69998],[-87.59463,41.69918]]},"properties":{"kind":"expressway","name":"Bishop Ford Fwy (I-94)"}},{"type":"Feature","geometry":{"type":"LineString","coordinates":[[-87.62885,41.91834],[-87.629,41.91875],[-87.6293,41.91977],[-87.62942,41.92027]]},"properties":{"kind":"expressway","name":"DuSable Lake Shore Dr"}},{"type":"Feature","geometry":{"type":"LineString","coordinates":[[-87.70118,41.93574],[-87.70122,41.93576],[-87.70195,41.93616],[-87.70217,41.93628],[-87.70227,41.93634],[-87.70237,41.93639],[-87.70246,41.93645],[-87.70266,41.93656]]},"properties":{"kind":"expressway","name":"Kennedy Expy (I-90/94)"}},{"type":"Feature","geometry":{"type":"LineString","coordinates":[[-87.61774,41.84798],[-87.6174,41.84798]]},"properties":{"kind":"expressway","name":"Stevenson Expy (I-55)"}},{"type":"Feature","geometry":{"type":"LineString","coordinates":[[-87.6241,41.71988],[-87.62408,41.7196],[-87.62406,41.71898],[-87.62405,41.7187],[-87.62404,41.71853],[-87.62404,41.71845],[-87.62401,41.71822],[-87.624,41.71813],[-87.62398,41.71804]]},"properties":{"kind":"expressway","name":"Bishop Ford Fwy (I-94)"}},{"type":"Feature","geometry":{"type":"LineString","coordinates":[[-87.63224,41.80722],[-87.63224,41.80697],[-87.63222,41.80666],[-87.63222,41.80642],[-87.63221,41.80615],[-87.63221,41.80573]]},"properties":{"kind":"expressway","name":"Dan Ryan Expy (I-90/94)"}},{"type":"Feature","geometry":{"type":"LineString","coordinates":[[-87.63221,41.80573],[-87.63221,41.8056],[-87.6322,41.8055]]},"properties":{"kind":"expressway","name":"Dan Ryan Expy (I-90/94)"}},{"type":"Feature","geometry":{"type":"LineString","coordinates":[[-87.63104,41.82909],[-87.63103,41.82896],[-87.63103,41.82807]]},"properties":{"kind":"expressway","name":"Dan Ryan Expy (I-90/94)"}},{"type":"Feature","geometry":{"type":"LineString","coordinates":[[-87.52781,41.70641],[-87.52744,41.70607],[-87.52729,41.70591]]},"properties":{"kind":"expressway","name":"Chicago Skyway (I-90)"}},{"type":"Feature","geometry":{"type":"LineString","coordinates":[[-87.74999,41.87176],[-87.75022,41.87176],[-87.75066,41.87175],[-87.75102,41.87175],[-87.75175,41.87174],[-87.75205,41.87172],[-87.7523,41.87171],[-87.75245,41.87171],[-87.75286,41.87171],[-87.75325,41.8717]]},"properties":{"kind":"expressway","name":"Eisenhower Expy (I-290)"}},{"type":"Feature","geometry":{"type":"LineString","coordinates":[[-87.61305,41.8512],[-87.61302,41.8511],[-87.61285,41.85055],[-87.61262,41.84978],[-87.61261,41.84975],[-87.61241,41.84907]]},"properties":{"kind":"expressway","name":"DuSable Lake Shore Dr"}},{"type":"Feature","geometry":{"type":"LineString","coordinates":[[-87.60168,41.67633],[-87.60166,41.6762],[-87.60162,41.67597],[-87.60155,41.67567],[-87.60145,41.67535],[-87.60131,41.67498],[-87.60128,41.67489],[-87.60121,41.67473],[-87.60114,41.67457],[-87.60107,41.67443],[-87.60103,41.67435]]},"properties":{"kind":"expressway","name":"Bishop Ford Fwy (I-94)"}},{"type":"Feature","geometry":{"type":"LineString","coordinates":[[-87.57781,41.78783],[-87.57778,41.78758],[-87.57773,41.78722],[-87.5777,41.78694],[-87.57767,41.7867],[-87.57762,41.78651],[-87.57757,41.78632],[-87.57753,41.78614]]},"properties":{"kind":"expressway","name":"DuSable Lake Shore Dr"}},{"type":"Feature","geometry":{"type":"LineString","coordinates":[[-87.64594,41.88052],[-87.64594,41.88043],[-87.64594,41.88027]]},"properties":{"kind":"expressway","name":"Kennedy Expy (I-90/94)"}},{"type":"Feature","geometry":{"type":"LineString","coordinates":[[-87.69019,41.87574],[-87.69104,41.87573],[-87.69122,41.87573],[-87.69135,41.87573]]},"properties":{"kind":"expressway","name":"Eisenhower Expy (I-290)"}},{"type":"Feature","geometry":{"type":"LineString","coordinates":[[-87.63053,41.81915],[-87.63053,41.81906],[-87.63053,41.81896],[-87.63052,41.81869],[-87.63051,41.81842],[-87.63051,41.81809]]},"properties":{"kind":"expressway","name":"Dan Ryan Expy (I-90/94)"}},{"type":"Feature","geometry":{"type":"LineString","coordinates":[[-87.64604,41.88286],[-87.64605,41.88305],[-87.64605,41.88316]]},"properties":{"kind":"expressway","name":"Kennedy Expy (I-90/94)"}},{"type":"Feature","geometry":{"type":"LineString","coordinates":[[-87.6993,41.93433],[-87.70045,41.93533]]},"properties":{"kind":"expressway","name":"Kennedy Expy (I-90/94)"}},{"type":"Feature","geometry":{"type":"LineString","coordinates":[[-87.81684,41.98321],[-87.81695,41.98323],[-87.81714,41.98328],[-87.81729,41.98331],[-87.81763,41.98339],[-87.81785,41.98344]]},"properties":{"kind":"expressway","name":"Kennedy Expy (I-90/94)"}},{"type":"Feature","geometry":{"type":"LineString","coordinates":[[-87.74342,41.81713],[-87.74363,41.81706],[-87.74375,41.81702],[-87.74433,41.81682],[-87.74464,41.8167],[-87.74467,41.81668]]},"properties":{"kind":"expressway","name":"Stevenson Expy (I-55)"}},{"type":"Feature","geometry":{"type":"LineString","coordinates":[[-87.59363,41.7102],[-87.5936,41.71017],[-87.59355,41.71012],[-87.59347,41.71004],[-87.5934,41.70997],[-87.59328,41.70982],[-87.59311,41.70962],[-87.59301,41.70949],[-87.59294,41.7094],[-87.59291,41.70936]]},"properties":{"kind":"expressway","name":"Bishop Ford Fwy (I-94)"}},{"type":"Feature","geometry":{"type":"LineString","coordinates":[[-87.62464,41.71804],[-87.62469,41.71793],[-87.62476,41.71782],[-87.62486,41.71765]]},"properties":{"kind":"expressway","name":"Dan Ryan 79th"}},{"type":"Feature","geometry":{"type":"LineString","coordinates":[[-87.65901,41.84202],[-87.65939,41.84184],[-87.65944,41.84182],[-87.6599,41.8416],[-87.66026,41.84139],[-87.66083,41.84106],[-87.66093,41.84101],[-87.66111,41.8409]]},"properties":{"kind":"expressway","name":"Stevenson Expy (I-55)"}},{"type":"Feature","geometry":{"type":"LineString","coordinates":[[-87.64865,41.84555],[-87.64881,41.84554],[-87.6492,41.84552],[-87.64968,41.84547]]},"properties":{"kind":"expressway","name":"Stevenson Expy (I-55)"}},{"type":"Feature","geometry":{"type":"LineString","coordinates":[[-87.65149,41.71362],[-87.65158,41.71356],[-87.65175,41.71345],[-87.65194,41.71329],[-87.65225,41.71301],[-87.65235,41.7129],[-87.65249,41.71275],[-87.65256,41.71267],[-87.65271,41.71247],[-87.65278,41.71237],[-87.65281,41.71233],[-87.65285,41.71226]]},"properties":{"kind":"expressway","name":"I-57"}},{"type":"Feature","geometry":{"type":"LineString","coordinates":[[-87.64047,41.84716],[-87.64058,41.84716],[-87.64088,41.84716],[-87.64126,41.84715],[-87.64141,41.84714],[-87.64147,41.84714],[-87.64151,41.84714]]},"properties":{"kind":"expressway","name":"Stevenson Expy (I-55)"}},{"type":"Feature","geometry":{"type":"LineString","coordinates":[[-87.61229,41.84755],[-87.6122,41.84731],[-87.61205,41.84696],[-87.61197,41.84674],[-87.6119,41.84656],[-87.61173,41.84613],[-87.61161,41.84579]]},"properties":{"kind":"expressway","name":"DuSable Lake Shore Dr"}},{"type":"Feature","geometry":{"type":"LineString","coordinates":[[-87.59886,41.69089],[-87.5989,41.69083],[-87.59906,41.69052],[-87.5992,41.6903],[-87.59972,41.68934],[-87.59986,41.68909]]},"properties":{"kind":"expressway","name":"Bishop Ford Fwy (I-94)"}},{"type":"Feature","geometry":{"type":"LineString","coordinates":[[-87.65224,41.98006],[-87.65235,41.98031],[-87.65247,41.98061],[-87.65255,41.9808],[-87.65262,41.98098],[-87.65272,41.98126],[-87.65282,41.98153]]},"properties":{"kind":"expressway","name":"DuSable Lake Shore Dr"}},{"type":"Feature","geometry":{"type":"LineString","coordinates":[[-87.62987,41.81645],[-87.62987,41.81641],[-87.62987,41.81635],[-87.62987,41.81627],[-87.62986,41.81606],[-87.62986,41.81552],[-87.62981,41.81477],[-87.62979,41.81453],[-87.62979,41.81447]]},"properties":{"kind":"expressway","name":"Dan Ryan Expy (I-90/94)"}},{"type":"Feature","geometry":{"type":"LineString","coordinates":[[-87.84106,41.98399],[-87.84109,41.98399],[-87.84128,41.98397],[-87.84198,41.98395],[-87.84279,41.98392],[-87.84285,41.98392],[-87.84324,41.98391],[-87.84383,41.98388],[-87.84446,41.98385],[-87.84521,41.98381],[-87.84644,41.98375]]},"properties":{"kind":"expressway","name":"Kennedy Expy (I-90/94)"}},{"type":"Feature","geometry":{"type":"LineString","coordinates":[[-87.64439,41.86464],[-87.64437,41.86405]]},"properties":{"kind":"expressway","name":"Dan Ryan Expy (I-90/94)"}},{"type":"Feature","geometry":{"type":"LineString","coordinates":[[-87.67572,41.92116],[-87.67586,41.92123],[-87.6762,41.92143]]},"properties":{"kind":"expressway","name":"Kennedy Expy (I-90/94)"}},{"type":"Feature","geometry":{"type":"LineString","coordinates":[[-87.63063,41.83645],[-87.63062,41.83617],[-87.63061,41.83596],[-87.63061,41.83566],[-87.6306,41.83537],[-87.63059,41.8351],[-87.63059,41.83482],[-87.63058,41.83472],[-87.63058,41.83462]]},"properties":{"kind":"expressway","name":"Dan Ryan Expy (I-90/94)"}},{"type":"Feature","geometry":{"type":"LineString","coordinates":[[-87.73856,41.81871],[-87.73858,41.81871],[-87.739,41.81858],[-87.73943,41.81844],[-87.73984,41.81832],[-87.74018,41.81823],[-87.74038,41.81818],[-87.74072,41.81809],[-87.74098,41.81802],[-87.74119,41.81798],[-87.74157,41.81789],[-87.74184,41.81783],[-87.74214,41.81777],[-87.74252,41.81767],[-87.74286,41.81759],[-87.74307,41.81753],[-87.74311,41.81752],[-87.74343,41.81742]]},"properties":{"kind":"expressway","name":"Stevenson Expy (I-55)"}},{"type":"Feature","geometry":{"type":"LineString","coordinates":[[-87.60553,41.7639],[-87.60536,41.76378],[-87.60472,41.76332],[-87.60408,41.76286],[-87.60324,41.76226]]},"properties":{"kind":"expressway","name":"Chicago Skyway (I-90)"}},{"type":"Feature","geometry":{"type":"LineString","coordinates":[[-87.62412,41.90083],[-87.6242,41.90088],[-87.62422,41.90093],[-87.62423,41.90095],[-87.62423,41.90108]]},"properties":{"kind":"expressway","name":"DuSable Lake Shore Dr"}},{"type":"Feature","geometry":{"type":"LineString","coordinates":[[-87.6017,41.68279],[-87.60169,41.68226],[-87.60168,41.68184],[-87.60168,41.68181],[-87.60168,41.68167]]},"properties":{"kind":"expressway","name":"Bishop Ford Fwy (I-94)"}},{"type":"Feature","geometry":{"type":"LineString","coordinates":[[-87.64756,41.88821],[-87.64761,41.88826],[-87.64767,41.88834],[-87.64789,41.88859],[-87.64813,41.88888],[-87.64824,41.88901],[-87.64827,41.88905]]},"properties":{"kind":"expressway","name":"Kennedy Expy (I-90/94)"}},{"type":"Feature","geometry":{"type":"LineString","coordinates":[[-87.62519,41.77513],[-87.62505,41.77511],[-87.62495,41.7751],[-87.62486,41.77508],[-87.62473,41.77507],[-87.62466,41.77506],[-87.62454,41.77505],[-87.6242,41.77504],[-87.62372,41.77504],[-87.62321,41.77505],[-87.62292,41.77505],[-87.62263,41.77506],[-87.62243,41.77505],[-87.62221,41.77504],[-87.62197,41.77503],[-87.62174,41.77501],[-87.62156,41.77498],[-87.62133,41.77495],[-87.62105,41.77489],[-87.62084,41.77483],[-87.62061,41.77476],[-87.62034,41.77467],[-87.62006,41.77455],[-87.61979,41.77441],[-87.61959,41.77429],[-87.61927,41.7741]]},"properties":{"kind":"expressway","name":"Chicago Skyway (I-90)"}},{"type":"Feature","geometry":{"type":"LineString","coordinates":[[-87.61879,41.71315],[-87.61858,41.71313],[-87.61838,41.71312],[-87.6182,41.71311],[-87.61776,41.7131],[-87.6171,41.71312],[-87.61639,41.71313],[-87.61636,41.71313]]},"properties":{"kind":"expressway","name":"Bishop Ford Fwy (I-94)"}},{"type":"Feature","geometry":{"type":"LineString","coordinates":[[-87.74304,41.96135],[-87.74444,41.9623],[-87.74499,41.96261],[-87.74503,41.96263],[-87.74527,41.96274],[-87.74551,41.96285],[-87.74576,41.96294],[-87.74584,41.96297]]},"properties":{"kind":"expressway","name":"Kennedy Expy (I-90/94)"}},{"type":"Feature","geometry":{"type":"LineString","coordinates":[[-87.77821,41.97935],[-87.77837,41.97944],[-87.77857,41.97956],[-87.77872,41.97964],[-87.77891,41.97975],[-87.77899,41.9798],[-87.77929,41.97997],[-87.77947,41.98006],[-87.77967,41.98018],[-87.77983,41.98027],[-87.78016,41.98046],[-87.78033,41.98055],[-87.78048,41.98064],[-87.78074,41.98079],[-87.78086,41.98085],[-87.78102,41.98094],[-87.78107,41.98097],[-87.78123,41.98106],[-87.7813,41.9811],[-87.78211,41.98158]]},"properties":{"kind":"expressway","name":"Kennedy Expy (I-90/94)"}},{"type":"Feature","geometry":{"type":"LineString","coordinates":[[-87.70844,41.93933],[-87.70879,41.93953],[-87.70885,41.93956],[-87.70894,41.93961],[-87.70901,41.93965],[-87.70925,41.93978],[-87.70938,41.93985],[-87.70951,41.93992],[-87.70959,41.93997],[-87.70965,41.94],[-87.70985,41.94011],[-87.70992,41.94015]]},"properties":{"kind":"expressway","name":"Kennedy Expy (I-90/94)"}},{"type":"Feature","geometry":{"type":"LineString","coordinates":[[-87.61395,41.71317],[-87.6139,41.71317],[-87.6138,41.71317],[-87.61354,41.71318],[-87.61292,41.71319],[-87.61205,41.7132],[-87.61149,41.71321]]},"properties":{"kind":"expressway","name":"Bishop Ford Fwy (I-94)"}},{"type":"Feature","geometry":{"type":"LineString","coordinates":[[-87.58129,41.79968],[-87.58128,41.79964],[-87.58124,41.79945],[-87.58119,41.79926],[-87.58114,41.79912],[-87.58108,41.7989],[-87.58103,41.79876],[-87.58098,41.7986],[-87.58091,41.79846],[-87.58086,41.79835],[-87.58085,41.79834],[-87.58085,41.79833],[-87.58078,41.79822],[-87.58074,41.79816]]},"properties":{"kind":"expressway","name":"DuSable Lake Shore Dr"}},{"type":"Feature","geometry":{"type":"LineString","coordinates":[[-87.6419,41.84728],[-87.64204,41.84727],[-87.64209,41.84727]]},"properties":{"kind":"expressway","name":"Stevenson Expy (I-55)"}},{"type":"Feature","geometry":{"type":"LineString","coordinates":[[-87.71081,41.87427],[-87.71092,41.87427],[-87.71127,41.87426],[-87.71169,41.87426],[-87.7122,41.87425],[-87.71271,41.87425],[-87.71297,41.87424],[-87.71323,41.87424]]},"properties":{"kind":"expressway","name":"Eisenhower Expy (I-290)"}},{"type":"Feature","geometry":{"type":"LineString","coordinates":[[-87.58833,41.65962],[-87.58819,41.65945],[-87.58766,41.65881],[-87.58727,41.65837],[-87.58703,41.6581],[-87.58698,41.65804]]},"properties":{"kind":"expressway","name":"Bishop Ford Fwy (I-94)"}},{"type":"Feature","geometry":{"type":"LineString","coordinates":[[-87.69965,41.83096],[-87.69986,41.83089],[-87.70025,41.83077],[-87.70057,41.83066],[-87.70076,41.83061],[-87.70166,41.83035],[-87.70182,41.8303],[-87.70205,41.83023]]},"properties":{"kind":"expressway","name":"Stevenson Expy (I-55)"}},{"type":"Feature","geometry":{"type":"LineString","coordinates":[[-87.61499,41.84833],[-87.61503,41.84831],[-87.61516,41.84828],[-87.61526,41.84825]]},"properties":{"kind":"expressway","name":"Lsd Sb Stevenson Ob"}},{"type":"Feature","geometry":{"type":"LineString","coordinates":[[-87.58153,41.74683],[-87.58149,41.7468],[-87.58136,41.7467],[-87.58123,41.74661]]},"properties":{"kind":"expressway","name":"Chicago Skyway (I-90)"}},{"type":"Feature","geometry":{"type":"LineString","coordinates":[[-87.72674,41.82215],[-87.72691,41.8221],[-87.7273,41.82197],[-87.72761,41.82188],[-87.72886,41.82149]]},"properties":{"kind":"expressway","name":"Stevenson Expy (I-55)"}},{"type":"Feature","geometry":{"type":"LineString","coordinates":[[-87.64658,41.96364],[-87.64658,41.96366],[-87.64663,41.9639]]},"properties":{"kind":"expressway","name":"DuSable Lake Shore Dr"}},{"type":"Feature","geometry":{"type":"LineString","coordinates":[[-87.63122,41.80916],[-87.63125,41.80908],[-87.63128,41.80902],[-87.63132,41.80889],[-87.63136,41.80871],[-87.63139,41.80856],[-87.6314,41.80839],[-87.63141,41.80819],[-87.63141,41.80801],[-87.63141,41.80787],[-87.63139,41.80772],[-87.63138,41.80757],[-87.63136,41.80739],[-87.63135,41.80724],[-87.63135,41.80723]]},"properties":{"kind":"expressway","name":"Dan Ryan Expy (I-90/94)"}},{"type":"Feature","geometry":{"type":"LineString","coordinates":[[-87.69236,41.87572],[-87.69264,41.87571],[-87.69372,41.8757]]},"properties":{"kind":"expressway","name":"Eisenhower Expy (I-290)"}},{"type":"Feature","geometry":{"type":"LineString","coordinates":[[-87.68189,41.87583],[-87.68237,41.87582],[-87.68278,41.87581],[-87.6832,41.87581],[-87.68357,41.8758],[-87.6837,41.8758],[-87.68382,41.8758]]},"properties":{"kind":"expressway","name":"Eisenhower Expy (I-290)"}},{"type":"Feature","geometry":{"type":"LineString","coordinates":[[-87.68835,41.83451],[-87.68842,41.83449],[-87.68874,41.83439],[-87.68913,41.83427],[-87.68941,41.83418],[-87.68991,41.83402]]},"properties":{"kind":"expressway","name":"Stevenson Expy (I-55)"}},{"type":"Feature","geometry":{"type":"LineString","coordinates":[[-87.67889,41.87583],[-87.67904,41.87583],[-87.67994,41.87585],[-87.68037,41.87584],[-87.68054,41.87584],[-87.68091,41.87584]]},"properties":{"kind":"expressway","name":"Eisenhower Expy (I-290)"}},{"type":"Feature","geometry":{"type":"LineString","coordinates":[[-87.75891,41.87126],[-87.75916,41.87126],[-87.75945,41.87125]]},"properties":{"kind":"expressway","name":"Eisenhower Expy (I-290)"}},{"type":"Feature","geometry":{"type":"LineString","coordinates":[[-87.64506,41.85421],[-87.64523,41.85363],[-87.6453,41.85329],[-87.64533,41.85306],[-87.64536,41.85287],[-87.64538,41.85267]]},"properties":{"kind":"expressway","name":"Dan Ryan Expy (I-90/94)"}},{"type":"Feature","geometry":{"type":"LineString","coordinates":[[-87.63062,41.783],[-87.63062,41.78248]]},"properties":{"kind":"expressway","name":"Dan Ryan Expy (I-90/94)"}},{"type":"Feature","geometry":{"type":"LineString","coordinates":[[-87.63103,41.82807],[-87.63103,41.82773]]},"properties":{"kind":"expressway","name":"Dan Ryan Expy (I-90/94)"}},{"type":"Feature","geometry":{"type":"LineString","coordinates":[[-87.63062,41.78888],[-87.63061,41.78871],[-87.6306,41.78851],[-87.6306,41.7883],[-87.63059,41.78801],[-87.63058,41.78781],[-87.63058,41.7876],[-87.63057,41.78736],[-87.63057,41.78726]]},"properties":{"kind":"expressway","name":"Dan Ryan Expy (I-90/94)"}},{"type":"Feature","geometry":{"type":"LineString","coordinates":[[-87.61537,41.89429],[-87.61548,41.89445],[-87.61554,41.89455],[-87.61558,41.89461],[-87.61584,41.89502],[-87.61589,41.89509]]},"properties":{"kind":"expressway","name":"DuSable Lake Shore Dr"}},{"type":"Feature","geometry":{"type":"LineString","coordinates":[[-87.61726,41.8707],[-87.61725,41.87066],[-87.61724,41.87038],[-87.61723,41.87015],[-87.61723,41.87001],[-87.61723,41.86999]]},"properties":{"kind":"expressway","name":"DuSable Lake Shore Dr"}},{"type":"Feature","geometry":{"type":"LineString","coordinates":[[-87.65942,41.87617],[-87.6595,41.87617],[-87.66063,41.87617],[-87.66156,41.87617]]},"properties":{"kind":"expressway","name":"Eisenhower Expy (I-290)"}},{"type":"Feature","geometry":{"type":"LineString","coordinates":[[-87.74822,41.98235],[-87.74852,41.98266],[-87.74877,41.98294],[-87.74914,41.98336]]},"properties":{"kind":"expressway","name":"Edens Expy (I-94)"}},{"type":"Feature","geometry":{"type":"LineString","coordinates":[[-87.61569,41.84821],[-87.61555,41.84821],[-87.61541,41.84823],[-87.61526,41.84825]]},"properties":{"kind":"expressway","name":"Stevenson Expy (I-55)"}},{"type":"Feature","geometry":{"type":"LineString","coordinates":[[-87.59298,41.81433],[-87.59277,41.81416],[-87.59252,41.81397],[-87.59216,41.81371],[-87.59184,41.81348],[-87.59155,41.81326]]},"properties":{"kind":"expressway","name":"DuSable Lake Shore Dr"}},{"type":"Feature","geometry":{"type":"LineString","coordinates":[[-87.62593,41.90953],[-87.62595,41.90964],[-87.62596,41.90985],[-87.62598,41.91011],[-87.62599,41.91047],[-87.62601,41.9108]]},"properties":{"kind":"expressway","name":"DuSable Lake Shore Dr"}},{"type":"Feature","geometry":{"type":"LineString","coordinates":[[-87.63157,41.79454],[-87.63157,41.79447],[-87.63157,41.79442],[-87.63157,41.79435],[-87.63157,41.79429],[-87.63157,41.79422],[-87.63156,41.79419]]},"properties":{"kind":"expressway","name":"Dan Ryan Expy (I-90/94)"}},{"type":"Feature","geometry":{"type":"LineString","coordinates":[[-87.63085,41.78311],[-87.63084,41.78292],[-87.63082,41.78226],[-87.6308,41.78169]]},"properties":{"kind":"expressway","name":"Dan Ryan Expy (I-90/94)"}},{"type":"Feature","geometry":{"type":"LineString","coordinates":[[-87.62695,41.77507],[-87.62675,41.77486],[-87.62661,41.77466],[-87.62658,41.77462],[-87.62656,41.77458]]},"properties":{"kind":"expressway","name":"Dan Ryan Expy (I-90/94)"}},{"type":"Feature","geometry":{"type":"LineString","coordinates":[[-87.67021,41.91789],[-87.67049,41.9181],[-87.67056,41.91815],[-87.67079,41.91831],[-87.67113,41.91852],[-87.67139,41.91868],[-87.67163,41.91883],[-87.67172,41.9189],[-87.67186,41.91897],[-87.67201,41.91907],[-87.67224,41.91919]]},"properties":{"kind":"expressway","name":"Kennedy Expy (I-90/94)"}},{"type":"Feature","geometry":{"type":"LineString","coordinates":[[-87.61712,41.86938],[-87.61718,41.86925],[-87.61727,41.86907],[-87.6174,41.8689],[-87.61755,41.86872],[-87.61763,41.86863],[-87.61785,41.86839],[-87.61803,41.86821],[-87.61819,41.86803],[-87.61845,41.86776],[-87.61858,41.86762],[-87.61867,41.86753],[-87.61867,41.86753],[-87.61872,41.86747]]},"properties":{"kind":"expressway","name":"DuSable Lake Shore Dr"}},{"type":"Feature","geometry":{"type":"LineString","coordinates":[[-87.65698,41.87557],[-87.65716,41.87558],[-87.6577,41.87559],[-87.65835,41.8756],[-87.65868,41.87561],[-87.65917,41.87561],[-87.6594,41.87561]]},"properties":{"kind":"expressway","name":"Eisenhower Expy (I-290)"}},{"type":"Feature","geometry":{"type":"LineString","coordinates":[[-87.62656,41.77458],[-87.62651,41.77452],[-87.62649,41.77447],[-87.62644,41.7744],[-87.62641,41.77435],[-87.62638,41.77429],[-87.62634,41.77424],[-87.62631,41.77418],[-87.62629,41.77414],[-87.62626,41.77409],[-87.62621,41.77399],[-87.62618,41.77392],[-87.62615,41.77385],[-87.6261,41.77376],[-87.62608,41.7737],[-87.62606,41.77365],[-87.62597,41.77342],[-87.62594,41.77333],[-87.62592,41.77327],[-87.6259,41.77321],[-87.62587,41.77312],[-87.62586,41.77308],[-87.62584,41.77302],[-87.62583,41.77297],[-87.62582,41.77293],[-87.62581,41.77287],[-87.6258,41.77281],[-87.62578,41.77272]]},"properties":{"kind":"expressway","name":"Dan Ryan Expy (I-90/94)"}},{"type":"Feature","geometry":{"type":"LineString","coordinates":[[-87.67313,41.9197],[-87.67337,41.91983],[-87.67371,41.92002],[-87.67393,41.92015],[-87.67416,41.92028],[-87.67442,41.92043],[-87.67444,41.92044],[-87.67472,41.92059],[-87.67533,41.92094],[-87.67567,41.92113],[-87.67572,41.92116]]},"properties":{"kind":"expressway","name":"Kennedy Expy (I-90/94)"}},{"type":"Feature","geometry":{"type":"LineString","coordinates":[[-87.63057,41.78099],[-87.63057,41.78089],[-87.63057,41.7808],[-87.63056,41.78026],[-87.63055,41.78007],[-87.63055,41.78002],[-87.63055,41.77999]]},"properties":{"kind":"expressway","name":"Dan Ryan Expy (I-90/94)"}},{"type":"Feature","geometry":{"type":"LineString","coordinates":[[-87.7338,41.81993],[-87.73395,41.81988],[-87.73414,41.81982],[-87.73439,41.81974],[-87.73443,41.81973],[-87.73492,41.81957],[-87.73532,41.81944],[-87.73572,41.81932],[-87.73575,41.81932]]},"properties":{"kind":"expressway","name":"Stevenson Expy (I-55)"}},{"type":"Feature","geometry":{"type":"LineString","coordinates":[[-87.68876,41.87576],[-87.68932,41.87575],[-87.68971,41.87575],[-87.69019,41.87574]]},"properties":{"kind":"expressway","name":"Eisenhower Expy (I-290)"}},{"type":"Feature","geometry":{"type":"LineString","coordinates":[[-87.63133,41.83904],[-87.63132,41.83887],[-87.63131,41.83866],[-87.63131,41.83841],[-87.6313,41.83837],[-87.6313,41.83829],[-87.6313,41.83825]]},"properties":{"kind":"expressway","name":"Dan Ryan Expy (I-90/94)"}},{"type":"Feature","geometry":{"type":"LineString","coordinates":[[-87.63195,41.92978],[-87.63195,41.92999],[-87.63195,41.93021],[-87.63194,41.93071],[-87.63193,41.9316],[-87.63192,41.93205],[-87.63191,41.93252],[-87.63191,41.93254],[-87.63191,41.93259]]},"properties":{"kind":"expressway","name":"DuSable Lake Shore Dr"}},{"type":"Feature","geometry":{"type":"LineString","coordinates":[[-87.52712,41.70593],[-87.52641,41.70523],[-87.52612,41.70493],[-87.52576,41.70455],[-87.52574,41.70453]]},"properties":{"kind":"expressway","name":"Chicago Skyway (I-90)"}},{"type":"Feature","geometry":{"type":"LineString","coordinates":[[-87.74719,41.87178],[-87.74745,41.87177],[-87.74768,41.87177],[-87.74845,41.87178],[-87.74885,41.87177],[-87.74908,41.87177],[-87.74911,41.87176]]},"properties":{"kind":"expressway","name":"Eisenhower Expy (I-290)"}},{"type":"Feature","geometry":{"type":"LineString","coordinates":[[-87.64393,41.87545],[-87.64406,41.87545],[-87.64419,41.87545]]},"properties":{"kind":"expressway","name":"Eisenhower Expy (I-290)"}},{"type":"Feature","geometry":{"type":"LineString","coordinates":[[-87.60906,41.71325],[-87.6087,41.71326],[-87.60772,41.71327],[-87.60723,41.71328],[-87.60681,41.71329],[-87.60643,41.71329],[-87.60597,41.7133],[-87.60571,41.7133]]},"properties":{"kind":"expressway","name":"Bishop Ford Fwy (I-94)"}},{"type":"Feature","geometry":{"type":"LineString","coordinates":[[-87.62564,41.76919],[-87.62564,41.76914],[-87.62564,41.76907],[-87.62563,41.76885],[-87.62563,41.76879]]},"properties":{"kind":"expressway","name":"Dan Ryan Expy (I-90/94)"}},{"type":"Feature","geometry":{"type":"LineString","coordinates":[[-87.62812,41.91667],[-87.62814,41.91671],[-87.62877,41.9181],[-87.62885,41.91834]]},"properties":{"kind":"expressway","name":"DuSable Lake Shore Dr"}},{"type":"Feature","geometry":{"type":"LineString","coordinates":[[-87.6188,41.71358],[-87.61867,41.71356],[-87.61847,41.71352],[-87.61828,41.7135],[-87.6181,41.71348],[-87.61782,41.71345],[-87.6176,41.71344],[-87.61725,41.71342],[-87.61636,41.71343]]},"properties":{"kind":"expressway","name":"Bishop Ford Fwy (I-94)"}},{"type":"Feature","geometry":{"type":"LineString","coordinates":[[-87.62222,41.84791],[-87.6219,41.84791],[-87.62171,41.84792],[-87.62056,41.84793]]},"properties":{"kind":"expressway","name":"Stevenson Expy (I-55)"}},{"type":"Feature","geometry":{"type":"LineString","coordinates":[[-87.5809,41.79817],[-87.58078,41.79801],[-87.58067,41.79786],[-87.58055,41.79773],[-87.5804,41.79757],[-87.58027,41.79746],[-87.58012,41.79733],[-87.57994,41.79718],[-87.57975,41.797],[-87.57961,41.79686],[-87.5795,41.7967],[-87.57941,41.79656],[-87.57939,41.79652],[-87.57932,41.79637],[-87.57925,41.79618],[-87.5792,41.79601],[-87.57918,41.79587],[-87.57918,41.79577],[-87.57918,41.79571],[-87.57919,41.79554],[-87.57919,41.79553],[-87.5792,41.79538],[-87.57921,41.79527]]},"properties":{"kind":"expressway","name":"DuSable Lake Shore Dr"}},{"type":"Feature","geometry":{"type":"LineString","coordinates":[[-87.73523,41.87353],[-87.73538,41.87348],[-87.73551,41.87344],[-87.73583,41.87331],[-87.73612,41.87319],[-87.7364,41.87306],[-87.73671,41.8729],[-87.73705,41.87274],[-87.73737,41.87259],[-87.7376,41.87249],[-87.73786,41.8724],[-87.73786,41.8724]]},"properties":{"kind":"expressway","name":"Eisenhower Expy (I-290)"}},{"type":"Feature","geometry":{"type":"LineString","coordinates":[[-87.67652,41.87585],[-87.67667,41.87585],[-87.6769,41.87585],[-87.67729,41.87584],[-87.67773,41.87584],[-87.67816,41.87584],[-87.67889,41.87583]]},"properties":{"kind":"expressway","name":"Eisenhower Expy (I-290)"}},{"type":"Feature","geometry":{"type":"LineString","coordinates":[[-87.73522,41.87314],[-87.73538,41.87308],[-87.73556,41.87302],[-87.73589,41.87288],[-87.73606,41.8728],[-87.73632,41.87268],[-87.7366,41.87254],[-87.73683,41.87243],[-87.7371,41.8723],[-87.7373,41.87222],[-87.73757,41.87211],[-87.73785,41.87202]]},"properties":{"kind":"expressway","name":"Eisenhower Expy (I-290)"}},{"type":"Feature","geometry":{"type":"LineString","coordinates":[[-87.66851,41.91612],[-87.66874,41.91636],[-87.66897,41.91663],[-87.66922,41.91687],[-87.66942,41.91705],[-87.6696,41.91721],[-87.66973,41.91731],[-87.66996,41.9175],[-87.67015,41.91765],[-87.67022,41.91771],[-87.67046,41.91789]]},"properties":{"kind":"expressway","name":"Kennedy Expy (I-90/94)"}},{"type":"Feature","geometry":{"type":"LineString","coordinates":[[-87.76809,41.8706],[-87.7694,41.8707]]},"properties":{"kind":"expressway","name":"Eisenhower Expy (I-290)"}},{"type":"Feature","geometry":{"type":"LineString","coordinates":[[-87.6253,41.90587],[-87.62533,41.90598],[-87.6255,41.9067],[-87.62553,41.90682]]},"properties":{"kind":"expressway","name":"DuSable Lake Shore Dr"}},{"type":"Feature","geometry":{"type":"LineString","coordinates":[[-87.67814,41.8372],[-87.67874,41.83719],[-87.67909,41.83717],[-87.67922,41.83716],[-87.67946,41.83714],[-87.67967,41.83711],[-87.68014,41.83704],[-87.68027,41.83701]]},"properties":{"kind":"expressway","name":"Stevenson Expy (I-55)"}},{"type":"Feature","geometry":{"type":"LineString","coordinates":[[-87.8234,41.98399],[-87.82351,41.984],[-87.82371,41.98403],[-87.824,41.98406],[-87.82427,41.9841],[-87.82465,41.98414],[-87.82484,41.98416],[-87.82495,41.98417],[-87.82525,41.9842],[-87.82561,41.98423],[-87.82593,41.98426],[-87.82621,41.98429],[-87.82668,41.98432],[-87.82702,41.98434],[-87.82754,41.98438],[-87.82787,41.98439],[-87.82815,41.98441],[-87.82854,41.98442],[-87.82882,41.98443],[-87.82916,41.98444],[-87.82956,41.98445],[-87.83001,41.98445],[-87.8304,41.98445],[-87.83043,41.98445]]},"properties":{"kind":"expressway","name":"Kennedy Expy (I-90/94)"}},{"type":"Feature","geometry":{"type":"LineString","coordinates":[[-87.71922,41.82452],[-87.7197,41.82437],[-87.72076,41.82403],[-87.72157,41.82378],[-87.72182,41.8237]]},"properties":{"kind":"expressway","name":"Stevenson Expy (I-55)"}},{"type":"Feature","geometry":{"type":"LineString","coordinates":[[-87.61721,41.87839],[-87.61719,41.87788],[-87.61718,41.87713],[-87.61718,41.87711]]},"properties":{"kind":"expressway","name":"DuSable Lake Shore Dr"}},{"type":"Feature","geometry":{"type":"LineString","coordinates":[[-87.88572,41.97829],[-87.88598,41.97818],[-87.88628,41.97806],[-87.88662,41.97792],[-87.88686,41.97782],[-87.88701,41.97776],[-87.88714,41.9777],[-87.88731,41.97763],[-87.88743,41.97758],[-87.88753,41.97754],[-87.88765,41.97749],[-87.88776,41.97745],[-87.88786,41.97741],[-87.88798,41.97737],[-87.88807,41.97734],[-87.88818,41.97731],[-87.88832,41.97727],[-87.88848,41.97724],[-87.8887,41.9772],[-87.88875,41.9772],[-87.8889,41.97718],[-87.8892,41.97716],[-87.88926,41.97716],[-87.88937,41.97716],[-87.8895,41.97716],[-87.88961,41.97717],[-87.88977,41.97718],[-87.89006,41.97722],[-87.89032,41.97727],[-87.89053,41.97732],[-87.89066,41.97735],[-87.89078,41.9774],[-87.89097,41.97748],[-87.89125,41.97763],[-87.89141,41.97773],[-87.89154,41.97783]]},"properties":{"kind":"expressway","name":"I-190 (O'Hare)"}},{"type":"Feature","geometry":{"type":"LineString","coordinates":[[-87.63007,41.7773],[-87.62997,41.77719],[-87.6299,41.77712],[-87.6297,41.77692],[-87.62966,41.77689],[-87.62954,41.77679]]},"properties":{"kind":"expressway","name":"Dan Ryan Expy (I-90/94)"}},{"type":"Feature","geometry":{"type":"LineString","coordinates":[[-87.63061,41.82191],[-87.63061,41.82182],[-87.63061,41.82181],[-87.6306,41.82171],[-87.6306,41.82159],[-87.63059,41.82135],[-87.63059,41.8211],[-87.63058,41.82083],[-87.63058,41.82058],[-87.63057,41.82043],[-87.63057,41.82017],[-87.63056,41.81993],[-87.63056,41.81989]]},"properties":{"kind":"expressway","name":"Dan Ryan Expy (I-90/94)"}},{"type":"Feature","geometry":{"type":"LineString","coordinates":[[-87.59346,41.70044],[-87.59367,41.7001],[-87.59377,41.69993],[-87.59458,41.69865]]},"properties":{"kind":"expressway","name":"Bishop Ford Fwy (I-94)"}},{"type":"Feature","geometry":{"type":"LineString","coordinates":[[-87.61629,41.848],[-87.61616,41.848],[-87.61569,41.84801]]},"properties":{"kind":"expressway","name":"Stevenson Ib Lsd Nb"}},{"type":"Feature","geometry":{"type":"LineString","coordinates":[[-87.64544,41.7145],[-87.64546,41.7145],[-87.64723,41.71447]]},"properties":{"kind":"expressway","name":"I-57"}},{"type":"Feature","geometry":{"type":"LineString","coordinates":[[-87.63083,41.78881],[-87.63083,41.78858],[-87.63084,41.78815],[-87.63084,41.78775],[-87.63084,41.78736],[-87.63084,41.78725]]},"properties":{"kind":"expressway","name":"Dan Ryan Expy (I-90/94)"}},{"type":"Feature","geometry":{"type":"LineString","coordinates":[[-87.64483,41.95466],[-87.64484,41.95474],[-87.64487,41.95494],[-87.64488,41.95502],[-87.64491,41.95516],[-87.64494,41.95529],[-87.64496,41.95538],[-87.64499,41.9555],[-87.64501,41.95557],[-87.64505,41.95569],[-87.64506,41.95573]]},"properties":{"kind":"expressway","name":"DuSable Lake Shore Dr"}},{"type":"Feature","geometry":{"type":"LineString","coordinates":[[-87.62586,41.76004],[-87.62586,41.75967],[-87.62585,41.75922],[-87.62583,41.75883],[-87.62581,41.75844],[-87.62581,41.7583],[-87.62581,41.75818]]},"properties":{"kind":"expressway","name":"Dan Ryan Expy (I-90/94)"}},{"type":"Feature","geometry":{"type":"LineString","coordinates":[[-87.64446,41.85546],[-87.64471,41.85461],[-87.64483,41.85421]]},"properties":{"kind":"expressway","name":"Dan Ryan Expy (I-90/94)"}},{"type":"Feature","geometry":{"type":"LineString","coordinates":[[-87.68913,41.92838],[-87.68947,41.92857],[-87.68989,41.92882],[-87.68993,41.92884],[-87.69011,41.92894],[-87.69024,41.92901],[-87.69045,41.92912],[-87.69058,41.92918],[-87.69058,41.92918],[-87.6908,41.92929],[-87.69089,41.92933],[-87.69095,41.92936],[-87.69096,41.92936],[-87.69104,41.9294],[-87.69108,41.92942],[-87.69114,41.92944],[-87.69126,41.9295],[-87.6913,41.92952],[-87.69145,41.92959],[-87.69161,41.92966],[-87.69171,41.92971],[-87.69185,41.92977],[-87.69242,41.93001],[-87.69266,41.93014],[-87.69314,41.93039]]},"properties":{"kind":"expressway","name":"Kennedy Expy (I-90/94)"}},{"type":"Feature","geometry":{"type":"LineString","coordinates":[[-87.62327,41.71497],[-87.62323,41.71493],[-87.62318,41.71489],[-87.62309,41.71481],[-87.62286,41.71463],[-87.62277,41.71456],[-87.62256,41.71443]]},"properties":{"kind":"expressway","name":"Bishop Ford Fwy (I-94)"}},{"type":"Feature","geometry":{"type":"LineString","coordinates":[[-87.67785,41.837],[-87.67815,41.837]]},"properties":{"kind":"expressway","name":"Stevenson Expy (I-55)"}},{"type":"Feature","geometry":{"type":"LineString","coordinates":[[-87.65598,41.8433],[-87.6565,41.84308],[-87.65784,41.84252],[-87.6579,41.8425],[-87.65819,41.84238]]},"properties":{"kind":"expressway","name":"Stevenson Expy (I-55)"}},{"type":"Feature","geometry":{"type":"LineString","coordinates":[[-87.61447,41.71342],[-87.61437,41.71343],[-87.61411,41.71345],[-87.61404,41.71345],[-87.61396,41.71345]]},"properties":{"kind":"expressway","name":"I57 Expy"}},{"type":"Feature","geometry":{"type":"LineString","coordinates":[[-87.63091,41.715],[-87.63103,41.71499],[-87.63117,41.71498],[-87.63135,41.71497],[-87.63154,41.71496],[-87.63172,41.71495],[-87.63194,41.71495],[-87.63216,41.71495],[-87.63252,41.71494],[-87.63293,41.71494],[-87.63329,41.71493],[-87.63335,41.71493]]},"properties":{"kind":"expressway","name":"I-57"}},{"type":"Feature","geometry":{"type":"LineString","coordinates":[[-87.63101,41.82733],[-87.63098,41.82678],[-87.63099,41.8261],[-87.63098,41.82593],[-87.63097,41.82565],[-87.63096,41.82545]]},"properties":{"kind":"expressway","name":"Dan Ryan Expy (I-90/94)"}},{"type":"Feature","geometry":{"type":"LineString","coordinates":[[-87.62466,41.90407],[-87.62484,41.90472],[-87.62486,41.90478]]},"properties":{"kind":"expressway","name":"DuSable Lake Shore Dr"}},{"type":"Feature","geometry":{"type":"LineString","coordinates":[[-87.62622,41.8473],[-87.62619,41.8473],[-87.62585,41.84741],[-87.62535,41.84756],[-87.62482,41.84768],[-87.62457,41.84773],[-87.62434,41.84777],[-87.62411,41.84779],[-87.62383,41.84784],[-87.62383,41.84784],[-87.6238,41.84784],[-87.62368,41.84785]]},"properties":{"kind":"expressway","name":"Stevenson Expy (I-55)"}},{"type":"Feature","geometry":{"type":"LineString","coordinates":[[-87.64484,41.95572],[-87.645,41.95626]]},"properties":{"kind":"expressway","name":"DuSable Lake Shore Dr"}},{"type":"Feature","geometry":{"type":"LineString","coordinates":[[-87.63108,41.81103],[-87.63124,41.81076],[-87.63135,41.81061],[-87.63147,41.81042],[-87.63162,41.81019],[-87.63174,41.80998],[-87.63185,41.8098],[-87.63194,41.80957],[-87.63203,41.80935],[-87.63205,41.80926],[-87.63208,41.80918],[-87.63209,41.80913]]},"properties":{"kind":"expressway","name":"Dan Ryan Expy (I-90/94)"}},{"type":"Feature","geometry":{"type":"LineString","coordinates":[[-87.61742,41.84819],[-87.61718,41.84819],[-87.61677,41.8482],[-87.61598,41.84821],[-87.61579,41.84821],[-87.61569,41.84821]]},"properties":{"kind":"expressway","name":"Stevenson Expy (I-55)"}},{"type":"Feature","geometry":{"type":"LineString","coordinates":[[-87.60184,41.68036],[-87.60183,41.6798],[-87.6018,41.67899],[-87.60178,41.67838]]},"properties":{"kind":"expressway","name":"Bishop Ford Fwy (I-94)"}},{"type":"Feature","geometry":{"type":"LineString","coordinates":[[-87.64732,41.96567],[-87.64739,41.96596],[-87.64739,41.96599],[-87.64744,41.96622],[-87.64751,41.9665],[-87.64756,41.96671],[-87.64769,41.96719]]},"properties":{"kind":"expressway","name":"DuSable Lake Shore Dr"}},{"type":"Feature","geometry":{"type":"LineString","coordinates":[[-87.58538,41.74959],[-87.58534,41.74956],[-87.58527,41.74951],[-87.58525,41.7495],[-87.58451,41.74897],[-87.58365,41.74835],[-87.58325,41.74806],[-87.58316,41.74799]]},"properties":{"kind":"expressway","name":"Chicago Skyway (I-90)"}},{"type":"Feature","geometry":{"type":"LineString","coordinates":[[-87.62596,41.76571],[-87.62596,41.76559],[-87.62596,41.76551],[-87.62595,41.76545]]},"properties":{"kind":"expressway","name":"Dan Ryan Expy (I-90/94)"}},{"type":"Feature","geometry":{"type":"LineString","coordinates":[[-87.59768,41.82011],[-87.59756,41.81994],[-87.59706,41.8193],[-87.59686,41.81904],[-87.59685,41.81902],[-87.59678,41.81892],[-87.59662,41.81872],[-87.59656,41.81864]]},"properties":{"kind":"expressway","name":"DuSable Lake Shore Dr"}},{"type":"Feature","geometry":{"type":"LineString","coordinates":[[-87.63104,41.83913],[-87.63104,41.83895],[-87.63103,41.83875],[-87.63102,41.83851],[-87.63102,41.83838],[-87.63102,41.83829],[-87.63102,41.83825]]},"properties":{"kind":"expressway","name":"Dan Ryan Expy (I-90/94)"}},{"type":"Feature","geometry":{"type":"LineString","coordinates":[[-87.77082,41.8708],[-87.77085,41.87079],[-87.7709,41.87077],[-87.77094,41.87076],[-87.77099,41.87076],[-87.77109,41.87076],[-87.77184,41.8708]]},"properties":{"kind":"expressway","name":"Eisenhower Expy (I-290)"}},{"type":"Feature","geometry":{"type":"LineString","coordinates":[[-87.73832,41.95829],[-87.73864,41.95847],[-87.73872,41.95852],[-87.73907,41.95871]]},"properties":{"kind":"expressway","name":"Kennedy Expy (I-90/94)"}},{"type":"Feature","geometry":{"type":"LineString","coordinates":[[-87.62451,41.90245],[-87.62453,41.90253],[-87.62477,41.90325]]},"properties":{"kind":"expressway","name":"DuSable Lake Shore Dr"}},{"type":"Feature","geometry":{"type":"LineString","coordinates":[[-87.61045,41.84363],[-87.61033,41.84337]]},"properties":{"kind":"expressway","name":"DuSable Lake Shore Dr"}},{"type":"Feature","geometry":{"type":"LineString","coordinates":[[-87.63081,41.81103],[-87.63086,41.81094],[-87.63097,41.81077],[-87.63103,41.81067],[-87.63109,41.81058],[-87.63121,41.81041],[-87.6313,41.81027],[-87.63138,41.81015],[-87.63149,41.80996],[-87.63158,41.80981],[-87.63167,41.80964],[-87.63174,41.80947],[-87.63179,41.80933],[-87.63181,41.80927],[-87.63184,41.80919],[-87.63185,41.80914]]},"properties":{"kind":"expressway","name":"Dan Ryan Expy (I-90/94)"}},{"type":"Feature","geometry":{"type":"LineString","coordinates":[[-87.71589,41.87421],[-87.71593,41.8742],[-87.71622,41.8742],[-87.7164,41.8742],[-87.7167,41.8742],[-87.71785,41.87418],[-87.71809,41.87418]]},"properties":{"kind":"expressway","name":"Eisenhower Expy (I-290)"}},{"type":"Feature","geometry":{"type":"LineString","coordinates":[[-87.6307,41.82545],[-87.63069,41.8254],[-87.63069,41.82515],[-87.63068,41.8249],[-87.63067,41.82464],[-87.63067,41.82437],[-87.63066,41.82412],[-87.63066,41.82386],[-87.63065,41.8238],[-87.63065,41.82366]]},"properties":{"kind":"expressway","name":"Dan Ryan Expy (I-90/94)"}},{"type":"Feature","geometry":{"type":"LineString","coordinates":[[-87.6266,41.71597],[-87.62678,41.71586],[-87.62701,41.71571],[-87.62712,41.71565],[-87.62732,41.71555],[-87.62751,41.71546],[-87.62766,41.71539],[-87.62786,41.71531],[-87.62803,41.71524],[-87.62831,41.71514],[-87.62838,41.71512],[-87.62853,41.71508]]},"properties":{"kind":"expressway","name":"Dan Ryan 79th"}},{"type":"Feature","geometry":{"type":"LineString","coordinates":[[-87.71915,41.94768],[-87.71937,41.94783],[-87.7195,41.94791],[-87.71962,41.948],[-87.72001,41.94821],[-87.72026,41.94832]]},"properties":{"kind":"expressway","name":"Kennedy Expy (I-90/94)"}},{"type":"Feature","geometry":{"type":"LineString","coordinates":[[-87.63038,41.83751],[-87.63037,41.83722],[-87.63037,41.83686],[-87.63036,41.83669],[-87.63036,41.83645]]},"properties":{"kind":"expressway","name":"Dan Ryan Expy (I-90/94)"}},{"type":"Feature","geometry":{"type":"LineString","coordinates":[[-87.69373,41.87524],[-87.69428,41.87523],[-87.69443,41.87523],[-87.69506,41.87522],[-87.69511,41.87522],[-87.69568,41.87521],[-87.69599,41.87521],[-87.69614,41.87521]]},"properties":{"kind":"expressway","name":"Eisenhower Expy (I-290)"}},{"type":"Feature","geometry":{"type":"LineString","coordinates":[[-87.63017,41.81809],[-87.63017,41.81786],[-87.63016,41.81763],[-87.63015,41.81737],[-87.63015,41.81711],[-87.63015,41.81685],[-87.63014,41.81661],[-87.63014,41.81654],[-87.63014,41.81648],[-87.63013,41.81644]]},"properties":{"kind":"expressway","name":"Dan Ryan Expy (I-90/94)"}},{"type":"Feature","geometry":{"type":"LineString","coordinates":[[-87.63154,41.84208],[-87.63152,41.84167],[-87.6315,41.84119]]},"properties":{"kind":"expressway","name":"Dan Ryan Expy (I-90/94)"}},{"type":"Feature","geometry":{"type":"LineString","coordinates":[[-87.62756,41.91514],[-87.62763,41.91527],[-87.62765,41.9153],[-87.62767,41.91533],[-87.62791,41.91579],[-87.62827,41.91649],[-87.62836,41.91668]]},"properties":{"kind":"expressway","name":"DuSable Lake Shore Dr"}},{"type":"Feature","geometry":{"type":"LineString","coordinates":[[-87.70351,41.87461],[-87.70399,41.87455],[-87.70411,41.87453],[-87.70423,41.87451],[-87.70433,41.8745]]},"properties":{"kind":"expressway","name":"Eisenhower Expy (I-290)"}},{"type":"Feature","geometry":{"type":"LineString","coordinates":[[-87.70468,41.93715],[-87.7053,41.93753]]},"properties":{"kind":"expressway","name":"Kennedy Expy (I-90/94)"}},{"type":"Feature","geometry":{"type":"LineString","coordinates":[[-87.61702,41.8591],[-87.61682,41.85867],[-87.61664,41.85832],[-87.61659,41.85822],[-87.61657,41.85818],[-87.61655,41.85812],[-87.6165,41.85802]]},"properties":{"kind":"expressway","name":"DuSable Lake Shore Dr"}},{"type":"Feature","geometry":{"type":"LineString","coordinates":[[-87.63819,41.71458],[-87.63873,41.7146],[-87.63949,41.71459],[-87.6395,41.71459],[-87.64012,41.71458],[-87.6406,41.71456]]},"properties":{"kind":"expressway","name":"I-57"}},{"type":"Feature","geometry":{"type":"LineString","coordinates":[[-87.59438,41.75592],[-87.59402,41.75566],[-87.5929,41.75484],[-87.59177,41.75403],[-87.59126,41.75366]]},"properties":{"kind":"expressway","name":"Chicago Skyway (I-90)"}},{"type":"Feature","geometry":{"type":"LineString","coordinates":[[-87.72525,41.87373],[-87.72531,41.87373],[-87.72543,41.87373]]},"properties":{"kind":"expressway","name":"Eisenhower Expy (I-290)"}},{"type":"Feature","geometry":{"type":"LineString","coordinates":[[-87.63051,41.81809],[-87.63051,41.81808],[-87.6305,41.81773],[-87.63049,41.81758],[-87.63048,41.81727],[-87.63048,41.81705],[-87.63048,41.81681],[-87.63047,41.81664],[-87.63047,41.81653],[-87.63047,41.81648],[-87.63047,41.81644]]},"properties":{"kind":"expressway","name":"Dan Ryan Expy (I-90/94)"}},{"type":"Feature","geometry":{"type":"LineString","coordinates":[[-87.62606,41.71602],[-87.62614,41.71601],[-87.62638,41.716],[-87.62643,41.71599],[-87.6266,41.71597]]},"properties":{"kind":"expressway","name":"Bishop Ford I57"}},{"type":"Feature","geometry":{"type":"LineString","coordinates":[[-87.57306,41.74075],[-87.57299,41.74069],[-87.57292,41.74064],[-87.57279,41.74054],[-87.57134,41.73946],[-87.57059,41.73892],[-87.57055,41.73889],[-87.57049,41.73884]]},"properties":{"kind":"expressway","name":"Chicago Skyway (I-90)"}},{"type":"Feature","geometry":{"type":"LineString","coordinates":[[-87.64562,41.87348],[-87.64556,41.87319],[-87.6454,41.8723],[-87.64536,41.87204],[-87.64534,41.87196]]},"properties":{"kind":"expressway","name":"Dan Ryan Expy (I-90/94)"}},{"type":"Feature","geometry":{"type":"LineString","coordinates":[[-87.64451,41.86115],[-87.64449,41.86049]]},"properties":{"kind":"expressway","name":"Dan Ryan Expy (I-90/94)"}},{"type":"Feature","geometry":{"type":"LineString","coordinates":[[-87.74947,41.98373],[-87.74959,41.98387],[-87.74994,41.98424],[-87.75002,41.98433],[-87.75023,41.98456],[-87.75027,41.9846],[-87.75033,41.98468]]},"properties":{"kind":"expressway","name":"Edens Expy (I-94)"}},{"type":"Feature","geometry":{"type":"LineString","coordinates":[[-87.71877,41.9465],[-87.71883,41.94659],[-87.71892,41.94673],[-87.71911,41.94695],[-87.71929,41.94714],[-87.71972,41.94749],[-87.7201,41.94774],[-87.72027,41.94783],[-87.72045,41.94793],[-87.72069,41.94804],[-87.72095,41.94815],[-87.7214,41.94834]]},"properties":{"kind":"expressway","name":"Kennedy Expy (I-90/94)"}},{"type":"Feature","geometry":{"type":"LineString","coordinates":[[-87.61414,41.88729],[-87.61414,41.88746]]},"properties":{"kind":"expressway","name":"DuSable Lake Shore Dr"}},{"type":"Feature","geometry":{"type":"LineString","coordinates":[[-87.62424,41.90162],[-87.62432,41.90178],[-87.62445,41.90219],[-87.62448,41.90227],[-87.62448,41.9023]]},"properties":{"kind":"expressway","name":"DuSable Lake Shore Dr"}},{"type":"Feature","geometry":{"type":"LineString","coordinates":[[-87.5298,41.70825],[-87.52972,41.70818],[-87.52927,41.70776],[-87.52883,41.70736],[-87.52821,41.70677],[-87.52793,41.70652],[-87.52781,41.70641]]},"properties":{"kind":"expressway","name":"Chicago Skyway (I-90)"}},{"type":"Feature","geometry":{"type":"LineString","coordinates":[[-87.59458,41.69865],[-87.59478,41.69837],[-87.59486,41.69824]]},"properties":{"kind":"expressway","name":"Bishop Ford Fwy (I-94)"}},{"type":"Feature","geometry":{"type":"LineString","coordinates":[[-87.73033,41.87367],[-87.73044,41.87366],[-87.73058,41.87366],[-87.73099,41.87366],[-87.73142,41.87366],[-87.73158,41.87366]]},"properties":{"kind":"expressway","name":"Eisenhower Expy (I-290)"}},{"type":"Feature","geometry":{"type":"LineString","coordinates":[[-87.63657,41.84576],[-87.63538,41.84548]]},"properties":{"kind":"expressway","name":"Dan Ryan Expy (I-90/94)"}},{"type":"Feature","geometry":{"type":"LineString","coordinates":[[-87.58885,41.81094],[-87.58883,41.81092],[-87.58863,41.81069],[-87.58845,41.81047],[-87.58824,41.81024],[-87.58804,41.81001],[-87.58779,41.80976],[-87.58748,41.80941],[-87.58734,41.80925],[-87.58716,41.80903]]},"properties":{"kind":"expressway","name":"DuSable Lake Shore Dr"}},{"type":"Feature","geometry":{"type":"LineString","coordinates":[[-87.66332,41.83963],[-87.66357,41.83949],[-87.66372,41.83941],[-87.66418,41.83914],[-87.66429,41.83907]]},"properties":{"kind":"expressway","name":"Stevenson Expy (I-55)"}},{"type":"Feature","geometry":{"type":"LineString","coordinates":[[-87.59832,41.6712],[-87.59826,41.67113],[-87.59813,41.67097],[-87.59804,41.67087],[-87.59793,41.67074],[-87.59784,41.67063],[-87.59779,41.67058],[-87.59775,41.67053],[-87.59768,41.67045],[-87.59762,41.67038],[-87.59752,41.67027],[-87.59743,41.67016],[-87.59732,41.67003],[-87.59721,41.6699],[-87.59712,41.6698],[-87.59702,41.66968]]},"properties":{"kind":"expressway","name":"Bishop Ford Fwy (I-94)"}},{"type":"Feature","geometry":{"type":"LineString","coordinates":[[-87.54245,41.71734],[-87.54203,41.71705],[-87.54187,41.71695],[-87.54174,41.71686],[-87.54138,41.71661],[-87.54115,41.71645],[-87.54068,41.71614],[-87.54042,41.71597],[-87.54024,41.71586],[-87.5402,41.71584]]},"properties":{"kind":"expressway","name":"Chicago Skyway (I-90)"}},{"type":"Feature","geometry":{"type":"LineString","coordinates":[[-87.64564,41.87458],[-87.64565,41.87454],[-87.64565,41.8745],[-87.64566,41.87443],[-87.64567,41.87435],[-87.64567,41.87434]]},"properties":{"kind":"expressway","name":"Dan Ryan Expy (I-90/94)"}},{"type":"Feature","geometry":{"type":"LineString","coordinates":[[-87.64559,41.8752],[-87.64559,41.87517],[-87.6456,41.875],[-87.64561,41.87482],[-87.64562,41.87472],[-87.64564,41.87462],[-87.64564,41.87462],[-87.64564,41.87458]]},"properties":{"kind":"expressway","name":"Dan Ryan Expy (I-90/94)"}},{"type":"Feature","geometry":{"type":"LineString","coordinates":[[-87.67224,41.91919],[-87.67313,41.9197]]},"properties":{"kind":"expressway","name":"Kennedy Expy (I-90/94)"}},{"type":"Feature","geometry":{"type":"LineString","coordinates":[[-87.69965,41.83067],[-87.69987,41.8306],[-87.70027,41.83048],[-87.70057,41.83038],[-87.70088,41.83029],[-87.70117,41.8302],[-87.70143,41.83012],[-87.7017,41.83003],[-87.70192,41.82996],[-87.70205,41.82992]]},"properties":{"kind":"expressway","name":"Stevenson Expy (I-55)"}},{"type":"Feature","geometry":{"type":"LineString","coordinates":[[-87.59249,41.70767],[-87.59247,41.7076],[-87.59239,41.70739],[-87.59233,41.70725],[-87.59228,41.70708],[-87.59223,41.7069],[-87.59219,41.70671],[-87.59215,41.70651],[-87.59213,41.70639],[-87.59212,41.70627],[-87.59209,41.70599],[-87.59208,41.70586],[-87.59207,41.70578],[-87.59207,41.7057]]},"properties":{"kind":"expressway","name":"Bishop Ford Fwy (I-94)"}},{"type":"Feature","geometry":{"type":"LineString","coordinates":[[-87.66191,41.68833],[-87.66198,41.68808],[-87.66206,41.68775],[-87.66212,41.68744],[-87.66218,41.68715],[-87.66222,41.68689],[-87.66223,41.68679]]},"properties":{"kind":"expressway","name":"I-57"}},{"type":"Feature","geometry":{"type":"LineString","coordinates":[[-87.60009,41.6891],[-87.6003,41.68869],[-87.6003,41.68869],[-87.60035,41.68861],[-87.60048,41.68837],[-87.6006,41.68815]]},"properties":{"kind":"expressway","name":"Bishop Ford Fwy (I-94)"}},{"type":"Feature","geometry":{"type":"LineString","coordinates":[[-87.61414,41.88746],[-87.61414,41.88755],[-87.61414,41.88755]]},"properties":{"kind":"expressway","name":"DuSable Lake Shore Dr"}},{"type":"Feature","geometry":{"type":"LineString","coordinates":[[-87.59805,41.69284],[-87.59824,41.69247],[-87.5983,41.69238]]},"properties":{"kind":"expressway","name":"Bishop Ford Fwy (I-94)"}},{"type":"Feature","geometry":{"type":"LineString","coordinates":[[-87.58328,41.7479],[-87.58321,41.74784],[-87.58295,41.74766],[-87.58206,41.747],[-87.58178,41.74679]]},"properties":{"kind":"expressway","name":"Chicago Skyway (I-90)"}},{"type":"Feature","geometry":{"type":"LineString","coordinates":[[-87.66015,41.69215],[-87.66019,41.69204],[-87.66023,41.69192],[-87.66033,41.69167],[-87.66044,41.69137],[-87.66053,41.69112],[-87.66064,41.69082],[-87.66079,41.69044],[-87.66094,41.69002],[-87.66108,41.68966],[-87.66117,41.68939],[-87.66121,41.68929]]},"properties":{"kind":"expressway","name":"I-57"}},{"type":"Feature","geometry":{"type":"LineString","coordinates":[[-87.61396,41.71345],[-87.61391,41.71345],[-87.61381,41.71345],[-87.61359,41.71346],[-87.61305,41.71347],[-87.61242,41.71348],[-87.61203,41.71348],[-87.61161,41.71349],[-87.6115,41.71349]]},"properties":{"kind":"expressway","name":"Bishop Ford Fwy (I-94)"}},{"type":"Feature","geometry":{"type":"LineString","coordinates":[[-87.61969,41.90095],[-87.61969,41.90096],[-87.61976,41.90101],[-87.61984,41.90105],[-87.61994,41.9011],[-87.62004,41.90114],[-87.62012,41.90117],[-87.62022,41.90119],[-87.6203,41.9012],[-87.62038,41.90121],[-87.62069,41.90123],[-87.62113,41.90124],[-87.62141,41.90126],[-87.62175,41.90129],[-87.62205,41.90133],[-87.62234,41.9014],[-87.62263,41.90148],[-87.62271,41.90151],[-87.62287,41.90159],[-87.623,41.90164],[-87.62316,41.90172],[-87.62338,41.90185],[-87.62346,41.90191],[-87.62352,41.90195],[-87.62353,41.90195],[-87.62356,41.90198],[-87.62363,41.90203],[-87.62367,41.90207]]},"properties":{"kind":"expressway","name":"DuSable Lake Shore Dr"}},{"type":"Feature","geometry":{"type":"LineString","coordinates":[[-87.87907,41.98078],[-87.87919,41.98072],[-87.87944,41.98061],[-87.87956,41.98056],[-87.87974,41.98048],[-87.8799,41.98042],[-87.88002,41.98037],[-87.88004,41.98037],[-87.8802,41.9803],[-87.88028,41.98027],[-87.8804,41.98021],[-87.88047,41.98018],[-87.88064,41.98011]]},"properties":{"kind":"expressway","name":"I-190 (O'Hare)"}},{"type":"Feature","geometry":{"type":"LineString","coordinates":[[-87.63466,41.84743],[-87.63594,41.84738],[-87.63623,41.84737],[-87.63661,41.84737]]},"properties":{"kind":"expressway","name":"Stevenson Expy (I-55)"}},{"type":"Feature","geometry":{"type":"LineString","coordinates":[[-87.59198,41.70767],[-87.59196,41.70761],[-87.59188,41.70741],[-87.59185,41.70733],[-87.5918,41.70718],[-87.59173,41.70695],[-87.59169,41.70679],[-87.59167,41.70669],[-87.59162,41.70642],[-87.5916,41.7063],[-87.59157,41.7061],[-87.59154,41.70576]]},"properties":{"kind":"expressway","name":"Bishop Ford Fwy (I-94)"}},{"type":"Feature","geometry":{"type":"LineString","coordinates":[[-87.62967,41.77651],[-87.62947,41.77634],[-87.62924,41.77614],[-87.62898,41.7759],[-87.62882,41.77576],[-87.62851,41.77548],[-87.62828,41.77528],[-87.62805,41.77506],[-87.62774,41.77478],[-87.62746,41.77453]]},"properties":{"kind":"expressway","name":"Dan Ryan Expy (I-90/94)"}},{"type":"Feature","geometry":{"type":"LineString","coordinates":[[-87.64668,41.88747],[-87.64669,41.88749],[-87.64675,41.88756],[-87.64676,41.88757],[-87.64685,41.88768],[-87.64695,41.8878],[-87.64703,41.8879],[-87.64705,41.88794],[-87.64709,41.88799]]},"properties":{"kind":"expressway","name":"Kennedy Expy (I-90/94)"}},{"type":"Feature","geometry":{"type":"LineString","coordinates":[[-87.69133,41.87526],[-87.69138,41.87526],[-87.69149,41.87526],[-87.6921,41.87526]]},"properties":{"kind":"expressway","name":"Eisenhower Expy (I-290)"}},{"type":"Feature","geometry":{"type":"LineString","coordinates":[[-87.62618,41.71625],[-87.62624,41.71621],[-87.62645,41.71607],[-87.6266,41.71597]]},"properties":{"kind":"expressway","name":"Dan Ryan 79th"}},{"type":"Feature","geometry":{"type":"LineString","coordinates":[[-87.61735,41.87454],[-87.61735,41.87454],[-87.61733,41.87404],[-87.61732,41.87358],[-87.61732,41.87326]]},"properties":{"kind":"expressway","name":"DuSable Lake Shore Dr"}},{"type":"Feature","geometry":{"type":"LineString","coordinates":[[-87.62905,41.91836],[-87.6291,41.91848],[-87.62926,41.91898],[-87.62941,41.91946],[-87.62955,41.92001],[-87.62959,41.92017],[-87.6296,41.92026],[-87.62961,41.92028]]},"properties":{"kind":"expressway","name":"DuSable Lake Shore Dr"}},{"type":"Feature","geometry":{"type":"LineString","coordinates":[[-87.6269,41.84734],[-87.62699,41.84731],[-87.6271,41.84728],[-87.62739,41.8472],[-87.62774,41.84715],[-87.62786,41.84713],[-87.62837,41.84709],[-87.62868,41.84709],[-87.62894,41.8471],[-87.62915,41.84713],[-87.62921,41.84713]]},"properties":{"kind":"expressway","name":"Stevenson Expy (I-55)"}},{"type":"Feature","geometry":{"type":"LineString","coordinates":[[-87.6243,41.72616],[-87.62429,41.72594],[-87.62429,41.7259],[-87.62429,41.72558],[-87.62429,41.72555],[-87.62429,41.72538]]},"properties":{"kind":"expressway","name":"Dan Ryan Expy (I-90/94)"}},{"type":"Feature","geometry":{"type":"LineString","coordinates":[[-87.6174,41.84798],[-87.61722,41.84798],[-87.61712,41.84798],[-87.61675,41.84799],[-87.61643,41.848],[-87.61629,41.848]]},"properties":{"kind":"expressway","name":"Stevenson Expy (I-55)"}},{"type":"Feature","geometry":{"type":"LineString","coordinates":[[-87.61415,41.88781],[-87.61417,41.88825],[-87.61418,41.88842]]},"properties":{"kind":"expressway","name":"DuSable Lake Shore Dr"}},{"type":"Feature","geometry":{"type":"LineString","coordinates":[[-87.59155,41.81326],[-87.59123,41.81298],[-87.59115,41.8129],[-87.59058,41.81238],[-87.59033,41.81212],[-87.59022,41.81199],[-87.59005,41.81179],[-87.58989,41.81156],[-87.58972,41.81133],[-87.58956,41.81111],[-87.58951,41.81102],[-87.58943,41.81091],[-87.58932,41.81075]]},"properties":{"kind":"expressway","name":"DuSable Lake Shore Dr"}},{"type":"Feature","geometry":{"type":"LineString","coordinates":[[-87.63127,41.84729],[-87.6314,41.84731],[-87.6315,41.84732],[-87.63171,41.84735],[-87.63196,41.84737]]},"properties":{"kind":"expressway","name":"Stevenson Expy (I-55)"}},{"type":"Feature","geometry":{"type":"LineString","coordinates":[[-87.59111,41.81328],[-87.59093,41.81315],[-87.59056,41.81285],[-87.59039,41.81271],[-87.5902,41.81252],[-87.59001,41.81234],[-87.58984,41.81217],[-87.58966,41.81196],[-87.5895,41.81175],[-87.58927,41.81147],[-87.58904,41.81116],[-87.58885,41.81094]]},"properties":{"kind":"expressway","name":"DuSable Lake Shore Dr"}},{"type":"Feature","geometry":{"type":"LineString","coordinates":[[-87.62505,41.73818],[-87.62505,41.73811],[-87.62502,41.73718],[-87.62502,41.73687],[-87.625,41.73644],[-87.625,41.73629]]},"properties":{"kind":"expressway","name":"Dan Ryan Expy (I-90/94)"}},{"type":"Feature","geometry":{"type":"LineString","coordinates":[[-87.61918,41.86417],[-87.61908,41.86373],[-87.61884,41.86294],[-87.61853,41.86208]]},"properties":{"kind":"expressway","name":"DuSable Lake Shore Dr"}},{"type":"Feature","geometry":{"type":"LineString","coordinates":[[-87.66924,41.83741],[-87.66961,41.83737],[-87.67005,41.83736],[-87.67012,41.83736],[-87.67012,41.83736],[-87.67057,41.83735]]},"properties":{"kind":"expressway","name":"Stevenson Expy (I-55)"}},{"type":"Feature","geometry":{"type":"LineString","coordinates":[[-87.64872,41.97165],[-87.64876,41.97183],[-87.64886,41.97225],[-87.649,41.97273],[-87.64912,41.97312],[-87.6492,41.97337]]},"properties":{"kind":"expressway","name":"DuSable Lake Shore Dr"}},{"type":"Feature","geometry":{"type":"LineString","coordinates":[[-87.64439,41.85759],[-87.64438,41.85732]]},"properties":{"kind":"expressway","name":"Dan Ryan Expy (I-90/94)"}},{"type":"Feature","geometry":{"type":"LineString","coordinates":[[-87.65292,41.98216],[-87.65295,41.98228],[-87.65296,41.98236],[-87.65298,41.98255],[-87.65303,41.98291],[-87.65305,41.98318],[-87.65305,41.98338],[-87.65306,41.98378],[-87.65307,41.98388]]},"properties":{"kind":"expressway","name":"DuSable Lake Shore Dr"}},{"type":"Feature","geometry":{"type":"LineString","coordinates":[[-87.72039,41.87415],[-87.72051,41.87415],[-87.72065,41.87414],[-87.72104,41.87414],[-87.72141,41.87414],[-87.72193,41.87413],[-87.72241,41.87413],[-87.7229,41.87414],[-87.723,41.87414]]},"properties":{"kind":"expressway","name":"Eisenhower Expy (I-290)"}},{"type":"Feature","geometry":{"type":"LineString","coordinates":[[-87.88426,41.97857],[-87.88454,41.97845],[-87.88494,41.9783],[-87.88535,41.97815],[-87.88536,41.97814],[-87.88559,41.97805]]},"properties":{"kind":"expressway","name":"I-190 (O'Hare)"}},{"type":"Feature","geometry":{"type":"LineString","coordinates":[[-87.61437,41.89356],[-87.61437,41.89356],[-87.61449,41.89372],[-87.61468,41.89396]]},"properties":{"kind":"expressway","name":"DuSable Lake Shore Dr"}},{"type":"Feature","geometry":{"type":"LineString","coordinates":[[-87.58226,41.80439],[-87.5822,41.80433],[-87.58202,41.80409],[-87.58188,41.80388],[-87.58173,41.80362],[-87.58163,41.80339],[-87.58163,41.80338],[-87.58162,41.80335],[-87.58155,41.80315],[-87.58149,41.80295],[-87.58145,41.80279],[-87.58142,41.80257],[-87.58142,41.80257]]},"properties":{"kind":"expressway","name":"DuSable Lake Shore Dr"}},{"type":"Feature","geometry":{"type":"LineString","coordinates":[[-87.83043,41.98445],[-87.83074,41.98444],[-87.83097,41.98444],[-87.83114,41.98444],[-87.83159,41.98443],[-87.83176,41.98443],[-87.83222,41.98443],[-87.83264,41.98443],[-87.83327,41.9844],[-87.83384,41.98437],[-87.83404,41.98436],[-87.83412,41.98436],[-87.83445,41.98434],[-87.83474,41.98433],[-87.83515,41.9843],[-87.83587,41.98426],[-87.8359,41.98425],[-87.83616,41.98425],[-87.83626,41.98424]]},"properties":{"kind":"expressway","name":"Kennedy Expy (I-90/94)"}},{"type":"Feature","geometry":{"type":"LineString","coordinates":[[-87.6292,41.84695],[-87.62961,41.84701],[-87.62982,41.84704],[-87.62999,41.84708],[-87.63001,41.84708]]},"properties":{"kind":"expressway","name":"Stevenson Expy (I-55)"}},{"type":"Feature","geometry":{"type":"LineString","coordinates":[[-87.61872,41.86747],[-87.61884,41.86733],[-87.61891,41.86724],[-87.61902,41.86707],[-87.6191,41.86691],[-87.6192,41.86665],[-87.61922,41.86647],[-87.61923,41.86636],[-87.61923,41.8662],[-87.61922,41.86606],[-87.6192,41.86592],[-87.61917,41.8658]]},"properties":{"kind":"expressway","name":"DuSable Lake Shore Dr"}},{"type":"Feature","geometry":{"type":"LineString","coordinates":[[-87.71697,41.82522],[-87.71864,41.8247],[-87.71922,41.82452]]},"properties":{"kind":"expressway","name":"Stevenson Expy (I-55)"}},{"type":"Feature","geometry":{"type":"LineString","coordinates":[[-87.88339,41.97928],[-87.88393,41.97906],[-87.88497,41.97861],[-87.88522,41.9785],[-87.88536,41.97844],[-87.88559,41.97834]]},"properties":{"kind":"expressway","name":"I-190 (O'Hare)"}},{"type":"Feature","geometry":{"type":"LineString","coordinates":[[-87.62493,41.74912],[-87.62492,41.74899],[-87.62491,41.74847],[-87.62489,41.748],[-87.62487,41.74743],[-87.62487,41.7473]]},"properties":{"kind":"expressway","name":"Dan Ryan Expy (I-90/94)"}},{"type":"Feature","geometry":{"type":"LineString","coordinates":[[-87.5949,41.81695],[-87.59468,41.81667],[-87.59427,41.81612],[-87.594,41.81577],[-87.59366,41.81537],[-87.59348,41.81517],[-87.59342,41.81511]]},"properties":{"kind":"expressway","name":"DuSable Lake Shore Dr"}},{"type":"Feature","geometry":{"type":"LineString","coordinates":[[-87.60243,41.82777],[-87.60193,41.82735],[-87.60169,41.82714],[-87.60147,41.82695],[-87.60132,41.82681],[-87.60117,41.82665],[-87.60095,41.8264],[-87.60076,41.82614],[-87.60067,41.82602]]},"properties":{"kind":"expressway","name":"DuSable Lake Shore Dr"}},{"type":"Feature","geometry":{"type":"LineString","coordinates":[[-87.75156,41.98802],[-87.75145,41.98887],[-87.75134,41.99011],[-87.75133,41.99035]]},"properties":{"kind":"expressway","name":"Edens Expy (I-94)"}},{"type":"Feature","geometry":{"type":"LineString","coordinates":[[-87.84645,41.98406],[-87.84855,41.98403],[-87.84884,41.98405],[-87.84927,41.98409],[-87.84957,41.98412],[-87.84985,41.98416],[-87.85012,41.98422],[-87.85033,41.98427],[-87.85051,41.98432],[-87.85073,41.98437],[-87.85088,41.98441],[-87.85099,41.98444],[-87.85113,41.98448],[-87.85128,41.98452],[-87.85139,41.98454],[-87.85153,41.98458],[-87.85155,41.98458],[-87.85162,41.9846],[-87.85169,41.98462],[-87.85194,41.98467],[-87.85207,41.9847],[-87.85218,41.98472],[-87.85227,41.98474],[-87.85239,41.98476],[-87.8524,41.98476],[-87.85242,41.98476],[-87.85257,41.98478],[-87.853,41.98483],[-87.85339,41.98486],[-87.85381,41.98486],[-87.8539,41.98486],[-87.85414,41.98485],[-87.85417,41.98485],[-87.85439,41.98483],[-87.85462,41.9848],[-87.8549,41.98477],[-87.85504,41.98474]]},"properties":{"kind":"expressway","name":"I-190 (O'Hare)"}},{"type":"Feature","geometry":{"type":"LineString","coordinates":[[-87.59909,41.6909],[-87.59918,41.69074],[-87.5994,41.69035],[-87.59946,41.69025],[-87.59954,41.69011]]},"properties":{"kind":"expressway","name":"Bishop Ford Fwy (I-94)"}},{"type":"Feature","geometry":{"type":"LineString","coordinates":[[-87.59998,41.68886],[-87.60008,41.68869],[-87.60019,41.68848]]},"properties":{"kind":"expressway","name":"Bishop Ford Fwy (I-94)"}},{"type":"Feature","geometry":{"type":"LineString","coordinates":[[-87.63018,41.8291],[-87.63017,41.82868],[-87.63012,41.82772]]},"properties":{"kind":"expressway","name":"Dan Ryan Expy (I-90/94)"}},{"type":"Feature","geometry":{"type":"LineString","coordinates":[[-87.63082,41.79624],[-87.63082,41.79617],[-87.63082,41.79602],[-87.63081,41.79588],[-87.63081,41.79569],[-87.6308,41.79555],[-87.63079,41.79537],[-87.63079,41.79517],[-87.63079,41.795],[-87.63078,41.79483],[-87.63078,41.7947],[-87.63078,41.79464],[-87.63077,41.79457],[-87.63077,41.79455]]},"properties":{"kind":"expressway","name":"Dan Ryan Expy (I-90/94)"}},{"type":"Feature","geometry":{"type":"LineString","coordinates":[[-87.60138,41.6862],[-87.60138,41.68619],[-87.6014,41.68614],[-87.60143,41.68609],[-87.60151,41.68589],[-87.60161,41.68553],[-87.60168,41.68521],[-87.60175,41.68446],[-87.60174,41.6841]]},"properties":{"kind":"expressway","name":"Bishop Ford Fwy (I-94)"}},{"type":"Feature","geometry":{"type":"LineString","coordinates":[[-87.65023,41.84541],[-87.65043,41.84538],[-87.65068,41.84534],[-87.6507,41.84534]]},"properties":{"kind":"expressway","name":"Stevenson Expy (I-55)"}},{"type":"Feature","geometry":{"type":"LineString","coordinates":[[-87.85504,41.98474],[-87.85522,41.98471],[-87.85546,41.98466]]},"properties":{"kind":"expressway","name":"I-190 (O'Hare)"}},{"type":"Feature","geometry":{"type":"LineString","coordinates":[[-87.56816,41.73717],[-87.56802,41.73707],[-87.56793,41.73701],[-87.56762,41.73677],[-87.56727,41.7365],[-87.56719,41.73643],[-87.56704,41.73633]]},"properties":{"kind":"expressway","name":"Chicago Skyway (I-90)"}},{"type":"Feature","geometry":{"type":"LineString","coordinates":[[-87.63152,41.79066],[-87.63147,41.79022],[-87.63146,41.78964],[-87.63147,41.78948],[-87.63148,41.78932],[-87.63149,41.78914],[-87.63151,41.78896],[-87.63152,41.78887]]},"properties":{"kind":"expressway","name":"Dan Ryan Expy (I-90/94)"}},{"type":"Feature","geometry":{"type":"LineString","coordinates":[[-87.58123,41.74661],[-87.58113,41.74654],[-87.58065,41.74619],[-87.58054,41.74612]]},"properties":{"kind":"expressway","name":"Chicago Skyway (I-90)"}},{"type":"Feature","geometry":{"type":"LineString","coordinates":[[-87.63538,41.84548],[-87.63464,41.8453],[-87.63443,41.84524],[-87.63429,41.8452]]},"properties":{"kind":"expressway","name":"Dan Ryan Expy (I-90/94)"}},{"type":"Feature","geometry":{"type":"LineString","coordinates":[[-87.63133,41.80368],[-87.6313,41.80322],[-87.63125,41.80287]]},"properties":{"kind":"expressway","name":"Dan Ryan Expy (I-90/94)"}},{"type":"Feature","geometry":{"type":"LineString","coordinates":[[-87.61468,41.89396],[-87.61472,41.89402],[-87.61491,41.89427],[-87.61503,41.89442],[-87.61516,41.89461],[-87.61549,41.8951]]},"properties":{"kind":"expressway","name":"DuSable Lake Shore Dr"}},{"type":"Feature","geometry":{"type":"LineString","coordinates":[[-87.63085,41.79822],[-87.63085,41.79822],[-87.63084,41.79808],[-87.63084,41.79794],[-87.63084,41.79779],[-87.63083,41.79767]]},"properties":{"kind":"expressway","name":"Dan Ryan Expy (I-90/94)"}},{"type":"Feature","geometry":{"type":"LineString","coordinates":[[-87.61953,41.90096],[-87.61962,41.90105],[-87.61975,41.90114],[-87.61989,41.90121],[-87.62001,41.90127],[-87.6201,41.9013],[-87.62019,41.90132],[-87.62032,41.90135],[-87.62043,41.90137],[-87.6206,41.90138],[-87.62094,41.9014],[-87.62122,41.90142],[-87.62147,41.90143],[-87.62171,41.90145],[-87.62197,41.90149],[-87.62207,41.90151],[-87.62225,41.90155],[-87.62249,41.90162],[-87.62277,41.90173],[-87.6232,41.90196],[-87.62341,41.9021],[-87.62346,41.90214],[-87.62354,41.9022],[-87.62358,41.90225],[-87.62364,41.9023]]},"properties":{"kind":"expressway","name":"DuSable Lake Shore Dr"}},{"type":"Feature","geometry":{"type":"LineString","coordinates":[[-87.62342,41.71468],[-87.62337,41.71466],[-87.62331,41.71463],[-87.62313,41.71455],[-87.62295,41.71446],[-87.62275,41.71437],[-87.62218,41.71409],[-87.62179,41.71392],[-87.62139,41.71376]]},"properties":{"kind":"expressway","name":"I57 Bishop Ford Expy"}},{"type":"Feature","geometry":{"type":"LineString","coordinates":[[-87.6309,41.79091],[-87.6309,41.79081],[-87.6309,41.79066],[-87.63088,41.79032],[-87.63086,41.78993],[-87.63085,41.78959],[-87.63085,41.78925],[-87.63083,41.78881]]},"properties":{"kind":"expressway","name":"Dan Ryan Expy (I-90/94)"}},{"type":"Feature","geometry":{"type":"LineString","coordinates":[[-87.80793,41.98248],[-87.80801,41.98248],[-87.80819,41.98247],[-87.80839,41.98247],[-87.80852,41.98247],[-87.80917,41.98245],[-87.8095,41.98245],[-87.80988,41.98245],[-87.81048,41.98244],[-87.8112,41.98246],[-87.81127,41.98246]]},"properties":{"kind":"expressway","name":"Kennedy Expy (I-90/94)"}},{"type":"Feature","geometry":{"type":"LineString","coordinates":[[-87.63156,41.79419],[-87.63156,41.79415],[-87.63156,41.7941],[-87.63156,41.79395],[-87.63155,41.79369],[-87.63154,41.79347],[-87.63153,41.79302],[-87.63152,41.79282],[-87.63152,41.79274],[-87.63152,41.79262],[-87.63152,41.7926]]},"properties":{"kind":"expressway","name":"Dan Ryan Expy (I-90/94)"}},{"type":"Feature","geometry":{"type":"LineString","coordinates":[[-87.64504,41.8745],[-87.64503,41.87446],[-87.64503,41.87444],[-87.64501,41.87439],[-87.64501,41.87435]]},"properties":{"kind":"expressway","name":"Dan Ryan Expy (I-90/94)"}},{"type":"Feature","geometry":{"type":"LineString","coordinates":[[-87.63161,41.79625],[-87.63161,41.7962],[-87.63161,41.79612],[-87.6316,41.79588],[-87.6316,41.79566],[-87.63159,41.79544],[-87.63159,41.79521],[-87.63159,41.795],[-87.63158,41.79483],[-87.63158,41.79468],[-87.63158,41.79462],[-87.63157,41.79455],[-87.63157,41.79454]]},"properties":{"kind":"expressway","name":"Dan Ryan Expy (I-90/94)"}},{"type":"Feature","geometry":{"type":"LineString","coordinates":[[-87.65947,41.69399],[-87.65952,41.69387],[-87.65966,41.69349],[-87.65977,41.6932],[-87.6599,41.69284],[-87.66,41.69257],[-87.6601,41.69229],[-87.66011,41.69226],[-87.66015,41.69215]]},"properties":{"kind":"expressway","name":"I-57"}},{"type":"Feature","geometry":{"type":"LineString","coordinates":[[-87.62327,41.71622],[-87.62313,41.71602],[-87.62304,41.71591],[-87.62298,41.71584],[-87.62293,41.71578],[-87.62289,41.71574]]},"properties":{"kind":"expressway","name":"Bishop Ford Fwy (I-94)"}},{"type":"Feature","geometry":{"type":"LineString","coordinates":[[-87.62703,41.77457],[-87.62694,41.77444],[-87.62682,41.77423],[-87.62679,41.77418],[-87.62676,41.77413],[-87.6267,41.77403],[-87.62667,41.77398],[-87.62662,41.77388],[-87.62658,41.77381],[-87.62654,41.77372],[-87.62651,41.77365],[-87.62646,41.77354],[-87.6264,41.77338],[-87.62636,41.77328],[-87.62633,41.7732],[-87.62626,41.77293],[-87.62625,41.77287],[-87.62623,41.7728],[-87.62622,41.77271]]},"properties":{"kind":"expressway","name":"Dan Ryan Expy (I-90/94)"}},{"type":"Feature","geometry":{"type":"LineString","coordinates":[[-87.61954,41.8658],[-87.61953,41.86578],[-87.61951,41.86564],[-87.61946,41.86545],[-87.61941,41.86521],[-87.61938,41.86507],[-87.61937,41.86498],[-87.61936,41.86497]]},"properties":{"kind":"expressway","name":"DuSable Lake Shore Dr"}},{"type":"Feature","geometry":{"type":"LineString","coordinates":[[-87.64474,41.87569],[-87.64478,41.87569],[-87.645,41.87571],[-87.64513,41.87572],[-87.6453,41.87573]]},"properties":{"kind":"expressway","name":"Eisenhower Expy (I-290)"}},{"type":"Feature","geometry":{"type":"LineString","coordinates":[[-87.64524,41.87544],[-87.64523,41.8754],[-87.64522,41.87536],[-87.64521,41.8753],[-87.6452,41.87527]]},"properties":{"kind":"expressway","name":"Kennedy Expy (I-90/94)"}},{"type":"Feature","geometry":{"type":"LineString","coordinates":[[-87.64483,41.85421],[-87.645,41.85363],[-87.64505,41.85343],[-87.6451,41.85324],[-87.64513,41.85312],[-87.64517,41.85293],[-87.64519,41.85267]]},"properties":{"kind":"expressway","name":"Dan Ryan Expy (I-90/94)"}},{"type":"Feature","geometry":{"type":"LineString","coordinates":[[-87.64604,41.88617],[-87.64604,41.88619],[-87.64613,41.88643],[-87.64619,41.88658],[-87.64625,41.88672],[-87.64627,41.88677],[-87.64629,41.88681]]},"properties":{"kind":"expressway","name":"Kennedy Expy (I-90/94)"}},{"type":"Feature","geometry":{"type":"LineString","coordinates":[[-87.58932,41.81075],[-87.58921,41.81059],[-87.5892,41.81059],[-87.58906,41.81039],[-87.58891,41.81018],[-87.58872,41.80995],[-87.58847,41.80966],[-87.58796,41.80914],[-87.58768,41.80882]]},"properties":{"kind":"expressway","name":"DuSable Lake Shore Dr"}},{"type":"Feature","geometry":{"type":"LineString","coordinates":[[-87.68305,41.83591],[-87.68371,41.83571],[-87.68427,41.83552],[-87.68458,41.83542]]},"properties":{"kind":"expressway","name":"Stevenson Expy (I-55)"}},{"type":"Feature","geometry":{"type":"LineString","coordinates":[[-87.73252,41.95505],[-87.73281,41.95522],[-87.73316,41.95541],[-87.73317,41.95542],[-87.73323,41.95545]]},"properties":{"kind":"expressway","name":"Kennedy Expy (I-90/94)"}},{"type":"Feature","geometry":{"type":"LineString","coordinates":[[-87.6623,41.68286],[-87.66229,41.68261],[-87.66228,41.68221],[-87.66226,41.68172],[-87.66225,41.68115]]},"properties":{"kind":"expressway","name":"I-57"}},{"type":"Feature","geometry":{"type":"LineString","coordinates":[[-87.56598,41.73553],[-87.56597,41.73553],[-87.56594,41.7355],[-87.56574,41.73534]]},"properties":{"kind":"expressway","name":"Chicago Skyway (I-90)"}},{"type":"Feature","geometry":{"type":"LineString","coordinates":[[-87.6527,41.98349],[-87.6527,41.98353],[-87.6527,41.98365],[-87.6527,41.98379],[-87.6527,41.98389]]},"properties":{"kind":"expressway","name":"DuSable Lake Shore Dr"}},{"type":"Feature","geometry":{"type":"LineString","coordinates":[[-87.57909,41.79527],[-87.57909,41.79525],[-87.57912,41.7951],[-87.57917,41.79496],[-87.57922,41.79481],[-87.57929,41.79466],[-87.57937,41.79452],[-87.57946,41.7944],[-87.57957,41.79427],[-87.57969,41.79411],[-87.57978,41.79396],[-87.57984,41.79385],[-87.57992,41.7937],[-87.57999,41.79356],[-87.58002,41.79349]]},"properties":{"kind":"expressway","name":"DuSable Lake Shore Dr"}},{"type":"Feature","geometry":{"type":"LineString","coordinates":[[-87.71515,41.94241],[-87.71524,41.94247],[-87.71532,41.94253],[-87.71555,41.9427],[-87.71565,41.94278],[-87.71568,41.9428],[-87.71577,41.94288],[-87.71586,41.94295],[-87.71594,41.94303],[-87.716,41.94309]]},"properties":{"kind":"expressway","name":"Kennedy Expy (I-90/94)"}},{"type":"Feature","geometry":{"type":"LineString","coordinates":[[-87.63657,41.84594],[-87.63646,41.84592],[-87.63594,41.84579],[-87.63461,41.84549]]},"properties":{"kind":"expressway","name":"Dan Ryan Expy (I-90/94)"}},{"type":"Feature","geometry":{"type":"LineString","coordinates":[[-87.62417,41.71985],[-87.62423,41.71922],[-87.6243,41.71895],[-87.6244,41.71859],[-87.62446,41.71843],[-87.62456,41.71821],[-87.62464,41.71804]]},"properties":{"kind":"expressway","name":"Dan Ryan 79th"}},{"type":"Feature","geometry":{"type":"LineString","coordinates":[[-87.685,41.83558],[-87.68523,41.83551],[-87.68523,41.83551]]},"properties":{"kind":"expressway","name":"Stevenson Expy (I-55)"}},{"type":"Feature","geometry":{"type":"LineString","coordinates":[[-87.688,41.92794],[-87.68884,41.92841]]},"properties":{"kind":"expressway","name":"Kennedy Expy (I-90/94)"}},{"type":"Feature","geometry":{"type":"LineString","coordinates":[[-87.62939,41.77709],[-87.62934,41.77705],[-87.6293,41.77701],[-87.62913,41.77688],[-87.62892,41.77671],[-87.62879,41.77661]]},"properties":{"kind":"expressway","name":"Dan Ryan Expy (I-90/94)"}},{"type":"Feature","geometry":{"type":"LineString","coordinates":[[-87.73785,41.87202],[-87.73785,41.87202],[-87.73816,41.87192],[-87.73834,41.87187],[-87.73864,41.87179],[-87.73891,41.87174],[-87.73914,41.8717],[-87.73936,41.87166],[-87.73978,41.87162],[-87.74,41.8716],[-87.74006,41.87159]]},"properties":{"kind":"expressway","name":"Eisenhower Expy (I-290)"}},{"type":"Feature","geometry":{"type":"LineString","coordinates":[[-87.72182,41.8237],[-87.72215,41.8236],[-87.72244,41.82351],[-87.72346,41.82319],[-87.72351,41.82317],[-87.7238,41.82308]]},"properties":{"kind":"expressway","name":"Stevenson Expy (I-55)"}},{"type":"Feature","geometry":{"type":"LineString","coordinates":[[-87.69222,41.93034],[-87.69271,41.93058],[-87.69305,41.93077],[-87.69307,41.93077],[-87.69313,41.93079],[-87.69319,41.93081],[-87.69325,41.93082],[-87.69331,41.93084]]},"properties":{"kind":"expressway","name":"Kennedy Expy (I-90/94)"}},{"type":"Feature","geometry":{"type":"LineString","coordinates":[[-87.63008,41.92207],[-87.6301,41.92214],[-87.63015,41.92228],[-87.63022,41.9225],[-87.63029,41.92274],[-87.6304,41.92311],[-87.63049,41.92335],[-87.63062,41.92376],[-87.63063,41.9238]]},"properties":{"kind":"expressway","name":"DuSable Lake Shore Dr"}},{"type":"Feature","geometry":{"type":"LineString","coordinates":[[-87.67057,41.83735],[-87.67088,41.83735],[-87.67094,41.83735],[-87.67248,41.83732],[-87.67304,41.83731]]},"properties":{"kind":"expressway","name":"Stevenson Expy (I-55)"}},{"type":"Feature","geometry":{"type":"LineString","coordinates":[[-87.68776,41.92799],[-87.68783,41.92803],[-87.68798,41.92812]]},"properties":{"kind":"expressway","name":"Kennedy Expy (I-90/94)"}},{"type":"Feature","geometry":{"type":"LineString","coordinates":[[-87.73323,41.95545],[-87.73364,41.95568],[-87.73388,41.95582],[-87.73408,41.95594],[-87.73449,41.95619],[-87.73461,41.95626],[-87.73471,41.95631],[-87.73497,41.95645],[-87.73506,41.9565],[-87.73542,41.9567]]},"properties":{"kind":"expressway","name":"Kennedy Expy (I-90/94)"}},{"type":"Feature","geometry":{"type":"LineString","coordinates":[[-87.58178,41.74679],[-87.58178,41.74679],[-87.5815,41.74659],[-87.58137,41.7465]]},"properties":{"kind":"expressway","name":"Chicago Skyway (I-90)"}},{"type":"Feature","geometry":{"type":"LineString","coordinates":[[-87.74494,41.87181],[-87.7451,41.8718],[-87.74539,41.8718],[-87.7457,41.8718],[-87.74603,41.87179],[-87.74646,41.87179],[-87.74677,41.87178],[-87.7471,41.87178],[-87.74719,41.87178]]},"properties":{"kind":"expressway","name":"Eisenhower Expy (I-290)"}},{"type":"Feature","geometry":{"type":"LineString","coordinates":[[-87.52959,41.70824],[-87.52953,41.70818],[-87.52908,41.70776],[-87.52852,41.70725],[-87.52787,41.70665],[-87.52761,41.70639]]},"properties":{"kind":"expressway","name":"Chicago Skyway (I-90)"}},{"type":"Feature","geometry":{"type":"LineString","coordinates":[[-87.75884,41.87164],[-87.75926,41.87164],[-87.75947,41.87164]]},"properties":{"kind":"expressway","name":"Eisenhower Expy (I-290)"}},{"type":"Feature","geometry":{"type":"LineString","coordinates":[[-87.64316,41.84811],[-87.64304,41.848],[-87.64294,41.84791],[-87.64284,41.84784],[-87.64273,41.84776]]},"properties":{"kind":"expressway","name":"Dan Ryan Expy (I-90/94)"}},{"type":"Feature","geometry":{"type":"LineString","coordinates":[[-87.54951,41.72356],[-87.54945,41.72351],[-87.54926,41.72331],[-87.54902,41.72306],[-87.54877,41.72279]]},"properties":{"kind":"expressway","name":"Chicago Skyway (I-90)"}},{"type":"Feature","geometry":{"type":"LineString","coordinates":[[-87.62571,41.77208],[-87.62571,41.77206],[-87.62568,41.77167],[-87.62568,41.77158],[-87.62568,41.77118],[-87.62568,41.77093]]},"properties":{"kind":"expressway","name":"Dan Ryan Expy (I-90/94)"}},{"type":"Feature","geometry":{"type":"LineString","coordinates":[[-87.66912,41.87545],[-87.6693,41.87545],[-87.66944,41.87544],[-87.66945,41.87544],[-87.66956,41.87544],[-87.66964,41.87544],[-87.66965,41.87544],[-87.66968,41.87544]]},"properties":{"kind":"expressway","name":"Eisenhower Expy (I-290)"}},{"type":"Feature","geometry":{"type":"LineString","coordinates":[[-87.5981,41.75873],[-87.59801,41.75866]]},"properties":{"kind":"expressway","name":"Chicago Skyway (I-90)"}},{"type":"Feature","geometry":{"type":"LineString","coordinates":[[-87.56854,41.73717],[-87.56844,41.73708],[-87.56835,41.737],[-87.5683,41.73695],[-87.56781,41.73651],[-87.56775,41.73644],[-87.56739,41.73612]]},"properties":{"kind":"expressway","name":"Chicago Skyway (I-90)"}},{"type":"Feature","geometry":{"type":"LineString","coordinates":[[-87.64557,41.88263],[-87.64559,41.88305],[-87.64559,41.88317]]},"properties":{"kind":"expressway","name":"Kennedy Expy (I-90/94)"}},{"type":"Feature","geometry":{"type":"LineString","coordinates":[[-87.60168,41.68167],[-87.60167,41.68135],[-87.60167,41.68125],[-87.60165,41.68059],[-87.60164,41.68037]]},"properties":{"kind":"expressway","name":"Bishop Ford Fwy (I-94)"}},{"type":"Feature","geometry":{"type":"LineString","coordinates":[[-87.63497,41.93776],[-87.63573,41.93831],[-87.63596,41.93848],[-87.6361,41.93858],[-87.63634,41.93876],[-87.63663,41.93898],[-87.63665,41.939]]},"properties":{"kind":"expressway","name":"DuSable Lake Shore Dr"}},{"type":"Feature","geometry":{"type":"LineString","coordinates":[[-87.65331,41.70682],[-87.65331,41.70674],[-87.6533,41.70649],[-87.65329,41.70592],[-87.65327,41.70544],[-87.65326,41.705]]},"properties":{"kind":"expressway","name":"I-57"}},{"type":"Feature","geometry":{"type":"LineString","coordinates":[[-87.58054,41.74612],[-87.57946,41.74533],[-87.57939,41.74528],[-87.57837,41.74456],[-87.578,41.74431]]},"properties":{"kind":"expressway","name":"Chicago Skyway (I-90)"}},{"type":"Feature","geometry":{"type":"LineString","coordinates":[[-87.6253,41.7475],[-87.6253,41.74729]]},"properties":{"kind":"expressway","name":"Dan Ryan Expy (I-90/94)"}},{"type":"Feature","geometry":{"type":"LineString","coordinates":[[-87.62442,41.73053],[-87.62441,41.73037],[-87.62441,41.73027],[-87.62441,41.73018],[-87.62441,41.73013],[-87.6244,41.7301]]},"properties":{"kind":"expressway","name":"Dan Ryan Expy (I-90/94)"}},{"type":"Feature","geometry":{"type":"LineString","coordinates":[[-87.65243,41.71227],[-87.65249,41.71218],[-87.65256,41.71207],[-87.65268,41.71186],[-87.65276,41.71169],[-87.65282,41.71154],[-87.65287,41.7114],[-87.65288,41.71137],[-87.65293,41.71117],[-87.65298,41.71094],[-87.65302,41.71059],[-87.65302,41.71046]]},"properties":{"kind":"expressway","name":"I-57"}},{"type":"Feature","geometry":{"type":"LineString","coordinates":[[-87.63058,41.83462],[-87.63058,41.83452],[-87.63058,41.83445],[-87.63057,41.83427],[-87.63057,41.83406],[-87.63056,41.83385],[-87.63055,41.83356],[-87.63054,41.83331],[-87.63054,41.83309],[-87.63053,41.83296],[-87.63053,41.83282]]},"properties":{"kind":"expressway","name":"Dan Ryan Expy (I-90/94)"}},{"type":"Feature","geometry":{"type":"LineString","coordinates":[[-87.89905,41.98058],[-87.89904,41.98074],[-87.89904,41.98077],[-87.89904,41.98079],[-87.89903,41.98082],[-87.89903,41.98085],[-87.89902,41.98089],[-87.89902,41.98091],[-87.89901,41.98091],[-87.89901,41.98093],[-87.899,41.98094]]},"properties":{"kind":"expressway","name":"I-190 (O'Hare)"}},{"type":"Feature","geometry":{"type":"LineString","coordinates":[[-87.61725,41.89768],[-87.61787,41.89859]]},"properties":{"kind":"expressway","name":"DuSable Lake Shore Dr"}},{"type":"Feature","geometry":{"type":"LineString","coordinates":[[-87.73368,41.82026],[-87.73394,41.82018],[-87.73434,41.82005],[-87.73443,41.82002],[-87.73446,41.82001],[-87.73484,41.81989],[-87.73505,41.81983],[-87.73561,41.81965],[-87.73596,41.81954],[-87.73614,41.81948],[-87.7365,41.81937],[-87.73682,41.81927]]},"properties":{"kind":"expressway","name":"Stevenson Expy (I-55)"}},{"type":"Feature","geometry":{"type":"LineString","coordinates":[[-87.61569,41.84801],[-87.61526,41.84801]]},"properties":{"kind":"expressway","name":"Stevenson Ib Lsd Nb"}},{"type":"Feature","geometry":{"type":"LineString","coordinates":[[-87.74195,41.95982],[-87.74216,41.96001],[-87.74243,41.9602],[-87.7429,41.9605],[-87.74323,41.96068],[-87.74341,41.96078]]},"properties":{"kind":"expressway","name":"Kennedy Expy (I-90/94)"}},{"type":"Feature","geometry":{"type":"LineString","coordinates":[[-87.64494,41.86895],[-87.64494,41.8689],[-87.6449,41.86861],[-87.64486,41.86821],[-87.64484,41.86806],[-87.6448,41.86753],[-87.64478,41.86735],[-87.64478,41.86731],[-87.64477,41.8672],[-87.64477,41.86719],[-87.64477,41.86719]]},"properties":{"kind":"expressway","name":"Dan Ryan Expy (I-90/94)"}},{"type":"Feature","geometry":{"type":"LineString","coordinates":[[-87.59167,41.70398],[-87.59172,41.70378],[-87.59179,41.70355],[-87.59189,41.70327],[-87.59193,41.70314]]},"properties":{"kind":"expressway","name":"Bishop Ford Fwy (I-94)"}},{"type":"Feature","geometry":{"type":"LineString","coordinates":[[-87.61895,41.84817],[-87.6188,41.84817],[-87.61807,41.84818]]},"properties":{"kind":"expressway","name":"Stevenson Expy (I-55)"}},{"type":"Feature","geometry":{"type":"LineString","coordinates":[[-87.65282,41.98153],[-87.65282,41.98158],[-87.65283,41.9817],[-87.65285,41.9818],[-87.65288,41.98194],[-87.65292,41.98211],[-87.65292,41.98216]]},"properties":{"kind":"expressway","name":"DuSable Lake Shore Dr"}},{"type":"Feature","geometry":{"type":"LineString","coordinates":[[-87.64632,41.96007],[-87.64632,41.96028],[-87.64635,41.96096],[-87.64635,41.96102]]},"properties":{"kind":"expressway","name":"DuSable Lake Shore Dr"}},{"type":"Feature","geometry":{"type":"LineString","coordinates":[[-87.71153,41.94114],[-87.71155,41.94114],[-87.7117,41.94118],[-87.71178,41.9412],[-87.71191,41.94123],[-87.71208,41.94127],[-87.7122,41.9413],[-87.7122,41.9413],[-87.71257,41.94139]]},"properties":{"kind":"expressway","name":"Kennedy Expy (I-90/94)"}},{"type":"Feature","geometry":{"type":"LineString","coordinates":[[-87.64458,41.95466],[-87.64459,41.95475],[-87.6446,41.95483],[-87.64461,41.95488],[-87.64463,41.95497],[-87.64464,41.955],[-87.64465,41.95506],[-87.64467,41.95512],[-87.64468,41.95517],[-87.64471,41.95529],[-87.64473,41.95535],[-87.64474,41.95542],[-87.64484,41.95572]]},"properties":{"kind":"expressway","name":"DuSable Lake Shore Dr"}},{"type":"Feature","geometry":{"type":"LineString","coordinates":[[-87.63036,41.83645],[-87.63035,41.8362],[-87.63031,41.83567],[-87.63031,41.83564],[-87.63032,41.83537],[-87.63032,41.83517],[-87.63032,41.83494],[-87.63031,41.83462]]},"properties":{"kind":"expressway","name":"Dan Ryan Expy (I-90/94)"}},{"type":"Feature","geometry":{"type":"LineString","coordinates":[[-87.61436,41.85408],[-87.61407,41.8538],[-87.61388,41.85352],[-87.61362,41.85312],[-87.61356,41.85301]]},"properties":{"kind":"expressway","name":"Stevenson Ib Lsd Nb"}},{"type":"Feature","geometry":{"type":"LineString","coordinates":[[-87.66128,41.84106],[-87.66152,41.84092],[-87.6618,41.84076]]},"properties":{"kind":"expressway","name":"Stevenson Expy (I-55)"}},{"type":"Feature","geometry":{"type":"LineString","coordinates":[[-87.63077,41.8412],[-87.63077,41.84114],[-87.63076,41.8408],[-87.63076,41.84044],[-87.63074,41.83995],[-87.63073,41.83973]]},"properties":{"kind":"expressway","name":"Dan Ryan Expy (I-90/94)"}},{"type":"Feature","geometry":{"type":"LineString","coordinates":[[-87.64186,41.84712],[-87.64207,41.8471],[-87.64213,41.84709]]},"properties":{"kind":"expressway","name":"Stevenson Expy (I-55)"}},{"type":"Feature","geometry":{"type":"LineString","coordinates":[[-87.63085,41.81989],[-87.63084,41.8198],[-87.63084,41.81958],[-87.63083,41.81937],[-87.63083,41.81924],[-87.63082,41.81915]]},"properties":{"kind":"expressway","name":"Dan Ryan Expy (I-90/94)"}},{"type":"Feature","geometry":{"type":"LineString","coordinates":[[-87.62485,41.73064],[-87.62484,41.73046],[-87.62483,41.73028],[-87.62483,41.73019],[-87.62482,41.73012],[-87.62482,41.7301]]},"properties":{"kind":"expressway","name":"Dan Ryan Expy (I-90/94)"}},{"type":"Feature","geometry":{"type":"LineString","coordinates":[[-87.67685,41.92142],[-87.67719,41.92161],[-87.67749,41.92178],[-87.67778,41.92194]]},"properties":{"kind":"expressway","name":"Kennedy Expy (I-90/94)"}},{"type":"Feature","geometry":{"type":"LineString","coordinates":[[-87.61132,41.8458],[-87.61122,41.84554],[-87.61111,41.84524],[-87.61108,41.84514]]},"properties":{"kind":"expressway","name":"DuSable Lake Shore Dr"}},{"type":"Feature","geometry":{"type":"LineString","coordinates":[[-87.59244,41.70204],[-87.59247,41.70198],[-87.59259,41.70179],[-87.59273,41.70157],[-87.59296,41.7012],[-87.59316,41.70089],[-87.59341,41.70051],[-87.59346,41.70044]]},"properties":{"kind":"expressway","name":"Bishop Ford Fwy (I-94)"}},{"type":"Feature","geometry":{"type":"LineString","coordinates":[[-87.68665,41.92698],[-87.68749,41.92745],[-87.68767,41.92756],[-87.68774,41.9276]]},"properties":{"kind":"expressway","name":"Kennedy Expy (I-90/94)"}},{"type":"Feature","geometry":{"type":"LineString","coordinates":[[-87.7723,41.97569],[-87.7725,41.9758],[-87.77277,41.97595],[-87.77297,41.97607],[-87.77357,41.9764],[-87.77415,41.97673],[-87.77463,41.97701],[-87.77513,41.97729],[-87.77551,41.97751],[-87.77595,41.97775],[-87.77608,41.97783],[-87.77651,41.97807],[-87.7769,41.9783],[-87.7773,41.97852],[-87.77778,41.97879],[-87.77826,41.97906],[-87.77867,41.9793],[-87.77878,41.97936]]},"properties":{"kind":"expressway","name":"Kennedy Expy (I-90/94)"}},{"type":"Feature","geometry":{"type":"LineString","coordinates":[[-87.53528,41.71348],[-87.53526,41.71346],[-87.53498,41.71324],[-87.53485,41.71313],[-87.53454,41.71287],[-87.53433,41.71269],[-87.53413,41.71246],[-87.53413,41.71246],[-87.53411,41.71244],[-87.53399,41.71233],[-87.53381,41.71215],[-87.53361,41.71197]]},"properties":{"kind":"expressway","name":"Chicago Skyway (I-90)"}},{"type":"Feature","geometry":{"type":"LineString","coordinates":[[-87.6484,41.97167],[-87.64847,41.97191],[-87.64856,41.97229],[-87.64864,41.97263],[-87.64875,41.97303],[-87.64887,41.97337]]},"properties":{"kind":"expressway","name":"DuSable Lake Shore Dr"}},{"type":"Feature","geometry":{"type":"LineString","coordinates":[[-87.59544,41.66785],[-87.59522,41.66759],[-87.59413,41.66633],[-87.59373,41.66587]]},"properties":{"kind":"expressway","name":"Bishop Ford Fwy (I-94)"}},{"type":"Feature","geometry":{"type":"LineString","coordinates":[[-87.62256,41.71443],[-87.62231,41.71428],[-87.62197,41.71408],[-87.62139,41.71376]]},"properties":{"kind":"expressway","name":"Bishop Ford Fwy (I-94)"}},{"type":"Feature","geometry":{"type":"LineString","coordinates":[[-87.83564,41.98456],[-87.83653,41.98452],[-87.83659,41.98451]]},"properties":{"kind":"expressway","name":"Kennedy Expy (I-90/94)"}},{"type":"Feature","geometry":{"type":"LineString","coordinates":[[-87.77184,41.8708],[-87.77384,41.8709],[-87.77401,41.87091],[-87.77413,41.87092],[-87.77431,41.87093]]},"properties":{"kind":"expressway","name":"Eisenhower Expy (I-290)"}},{"type":"Feature","geometry":{"type":"LineString","coordinates":[[-87.60102,41.68689],[-87.60113,41.68672],[-87.60119,41.68661],[-87.60131,41.68638],[-87.60133,41.68634],[-87.60135,41.68628],[-87.60137,41.68623],[-87.60138,41.6862]]},"properties":{"kind":"expressway","name":"Bishop Ford Fwy (I-94)"}},{"type":"Feature","geometry":{"type":"LineString","coordinates":[[-87.63927,41.94196],[-87.63935,41.94209],[-87.63946,41.9423],[-87.63947,41.94231]]},"properties":{"kind":"expressway","name":"DuSable Lake Shore Dr"}},{"type":"Feature","geometry":{"type":"LineString","coordinates":[[-87.61732,41.87326],[-87.61731,41.87297],[-87.61729,41.87198]]},"properties":{"kind":"expressway","name":"DuSable Lake Shore Dr"}},{"type":"Feature","geometry":{"type":"LineString","coordinates":[[-87.77059,41.9747],[-87.77112,41.97503],[-87.77133,41.97515],[-87.77153,41.97526],[-87.77181,41.97541],[-87.7721,41.97557],[-87.7723,41.97569]]},"properties":{"kind":"expressway","name":"Kennedy Expy (I-90/94)"}},{"type":"Feature","geometry":{"type":"LineString","coordinates":[[-87.76853,41.97355],[-87.76864,41.97361],[-87.76869,41.97364],[-87.76869,41.97365]]},"properties":{"kind":"expressway","name":"Kennedy Expy (I-90/94)"}},{"type":"Feature","geometry":{"type":"LineString","coordinates":[[-87.63043,41.84716],[-87.63048,41.84717],[-87.63068,41.8472],[-87.63081,41.84722],[-87.63092,41.84724]]},"properties":{"kind":"expressway","name":"Stevenson Expy (I-55)"}},{"type":"Feature","geometry":{"type":"LineString","coordinates":[[-87.62289,41.71574],[-87.62285,41.71571],[-87.6228,41.71565],[-87.62278,41.71563],[-87.6227,41.71556],[-87.62235,41.71522],[-87.62206,41.71498],[-87.62206,41.71498],[-87.62161,41.71468],[-87.62136,41.71449],[-87.62111,41.71438],[-87.62095,41.7143],[-87.62073,41.71419],[-87.62059,41.71413],[-87.62049,41.71409],[-87.62043,41.71406],[-87.6204,41.71405],[-87.62032,41.71402]]},"properties":{"kind":"expressway","name":"Bishop Ford Fwy (I-94)"}},{"type":"Feature","geometry":{"type":"LineString","coordinates":[[-87.63082,41.92438],[-87.63097,41.92492],[-87.63131,41.92597],[-87.63135,41.92612]]},"properties":{"kind":"expressway","name":"DuSable Lake Shore Dr"}},{"type":"Feature","geometry":{"type":"LineString","coordinates":[[-87.62595,41.76545],[-87.62595,41.76537],[-87.62595,41.7653],[-87.62594,41.76504],[-87.62594,41.76475],[-87.62593,41.76459],[-87.62593,41.76432],[-87.62592,41.76412],[-87.62592,41.76378],[-87.62591,41.76369]]},"properties":{"kind":"expressway","name":"Dan Ryan Expy (I-90/94)"}},{"type":"Feature","geometry":{"type":"LineString","coordinates":[[-87.6317,41.79893],[-87.63166,41.79821]]},"properties":{"kind":"expressway","name":"Dan Ryan Expy (I-90/94)"}},{"type":"Feature","geometry":{"type":"LineString","coordinates":[[-87.58825,41.75147],[-87.58759,41.751],[-87.5869,41.75051],[-87.58669,41.75035],[-87.5862,41.75],[-87.5861,41.74992],[-87.58582,41.74971]]},"properties":{"kind":"expressway","name":"Chicago Skyway (I-90)"}},{"type":"Feature","geometry":{"type":"LineString","coordinates":[[-87.63031,41.83975],[-87.63031,41.83951],[-87.63032,41.83882],[-87.63034,41.83839],[-87.63034,41.83832],[-87.63034,41.83826]]},"properties":{"kind":"expressway","name":"Dan Ryan Expy (I-90/94)"}},{"type":"Feature","geometry":{"type":"LineString","coordinates":[[-87.63107,41.79821],[-87.63107,41.79808],[-87.63106,41.79772],[-87.63105,41.79749],[-87.63104,41.79693],[-87.63103,41.79662],[-87.63101,41.79633],[-87.63101,41.79624]]},"properties":{"kind":"expressway","name":"Dan Ryan Expy (I-90/94)"}},{"type":"Feature","geometry":{"type":"LineString","coordinates":[[-87.64816,41.96936],[-87.64822,41.96962],[-87.64823,41.96967],[-87.64828,41.96986],[-87.64833,41.97006],[-87.64838,41.97024],[-87.64839,41.97028],[-87.6484,41.97031],[-87.64847,41.97058],[-87.64852,41.97078]]},"properties":{"kind":"expressway","name":"DuSable Lake Shore Dr"}},{"type":"Feature","geometry":{"type":"LineString","coordinates":[[-87.63963,41.87552],[-87.63985,41.87551],[-87.64015,41.87551],[-87.6405,41.8755],[-87.64083,41.8755],[-87.64083,41.8755],[-87.64099,41.87549]]},"properties":{"kind":"expressway","name":"Eisenhower Expy (I-290)"}},{"type":"Feature","geometry":{"type":"LineString","coordinates":[[-87.68031,41.87534],[-87.68052,41.87534],[-87.68055,41.87534],[-87.68127,41.87534],[-87.68139,41.87534]]},"properties":{"kind":"expressway","name":"Eisenhower Expy (I-290)"}},{"type":"Feature","geometry":{"type":"LineString","coordinates":[[-87.62823,41.77662],[-87.62807,41.77651],[-87.62788,41.77639],[-87.62778,41.77632],[-87.62755,41.77616],[-87.62754,41.77615],[-87.62751,41.77614],[-87.62743,41.77608],[-87.6274,41.77606],[-87.62729,41.77599],[-87.62723,41.77595],[-87.62718,41.77592],[-87.62708,41.77586],[-87.62704,41.77583],[-87.62696,41.77578],[-87.62691,41.77576],[-87.62688,41.77574],[-87.62682,41.77571],[-87.6268,41.7757],[-87.62675,41.77567],[-87.62671,41.77565],[-87.62666,41.77563],[-87.62663,41.77561],[-87.62655,41.77557],[-87.62649,41.77554],[-87.6264,41.7755],[-87.62634,41.77548],[-87.62629,41.77546],[-87.6262,41.77543],[-87.62615,41.7754],[-87.62608,41.77538],[-87.62602,41.77536],[-87.62595,41.77534],[-87.62591,41.77532],[-87.62585,41.7753],[-87.62576,41.77528],[-87.62559,41.77523],[-87.62557,41.77522],[-87.62545,41.77519],[-87.62541,41.77518],[-87.62525,41.77515],[-87.62519,41.77513],[-87.62519,41.77513]]},"properties":{"kind":"expressway","name":"Chicago Skyway (I-90)"}},{"type":"Feature","geometry":{"type":"LineString","coordinates":[[-87.78775,41.98237],[-87.78789,41.98237],[-87.78808,41.98237],[-87.78834,41.98237],[-87.78935,41.98236],[-87.79006,41.98235],[-87.79094,41.98235],[-87.79181,41.98233]]},"properties":{"kind":"expressway","name":"Kennedy Expy (I-90/94)"}},{"type":"Feature","geometry":{"type":"LineString","coordinates":[[-87.58137,41.80073],[-87.58137,41.8007],[-87.58137,41.80044],[-87.58136,41.80022],[-87.58132,41.79982],[-87.58129,41.7997],[-87.58129,41.79968]]},"properties":{"kind":"expressway","name":"DuSable Lake Shore Dr"}},{"type":"Feature","geometry":{"type":"LineString","coordinates":[[-87.61795,41.77293],[-87.61767,41.77272],[-87.61705,41.77222]]},"properties":{"kind":"expressway","name":"Chicago Skyway (I-90)"}},{"type":"Feature","geometry":{"type":"LineString","coordinates":[[-87.62472,41.74182],[-87.62471,41.74119],[-87.62469,41.74073]]},"properties":{"kind":"expressway","name":"Dan Ryan Expy (I-90/94)"}},{"type":"Feature","geometry":{"type":"LineString","coordinates":[[-87.62588,41.76238],[-87.62588,41.762],[-87.62588,41.76185]]},"properties":{"kind":"expressway","name":"Dan Ryan Expy (I-90/94)"}},{"type":"Feature","geometry":{"type":"LineString","coordinates":[[-87.70045,41.93533],[-87.70118,41.93574]]},"properties":{"kind":"expressway","name":"Kennedy Expy (I-90/94)"}},{"type":"Feature","geometry":{"type":"LineString","coordinates":[[-87.7159,41.87385],[-87.71608,41.87385],[-87.71614,41.87385],[-87.7163,41.87385],[-87.71802,41.87383],[-87.7181,41.87382]]},"properties":{"kind":"expressway","name":"Eisenhower Expy (I-290)"}},{"type":"Feature","geometry":{"type":"LineString","coordinates":[[-87.75308,41.96654],[-87.75372,41.96687],[-87.75405,41.96706],[-87.75429,41.9672],[-87.75452,41.96733],[-87.75479,41.96748],[-87.75542,41.96784],[-87.75559,41.96794]]},"properties":{"kind":"expressway","name":"Kennedy Expy (I-90/94)"}},{"type":"Feature","geometry":{"type":"LineString","coordinates":[[-87.59486,41.69824],[-87.5952,41.69771],[-87.59558,41.69707],[-87.59599,41.69632]]},"properties":{"kind":"expressway","name":"Bishop Ford Fwy (I-94)"}},{"type":"Feature","geometry":{"type":"LineString","coordinates":[[-87.7046,41.82939],[-87.70489,41.82931],[-87.70502,41.82927],[-87.70539,41.82915],[-87.70564,41.82907],[-87.70598,41.82897],[-87.70624,41.82889],[-87.70658,41.82878],[-87.70683,41.8287],[-87.70692,41.82867]]},"properties":{"kind":"expressway","name":"Stevenson Expy (I-55)"}},{"type":"Feature","geometry":{"type":"LineString","coordinates":[[-87.53361,41.71197],[-87.53347,41.71183],[-87.53325,41.71163],[-87.5329,41.71131],[-87.53259,41.71105],[-87.53227,41.71076],[-87.53204,41.7105],[-87.53203,41.71049],[-87.53182,41.71028],[-87.53156,41.71005]]},"properties":{"kind":"expressway","name":"Chicago Skyway (I-90)"}},{"type":"Feature","geometry":{"type":"LineString","coordinates":[[-87.625,41.73629],[-87.62499,41.73614],[-87.62495,41.73453]]},"properties":{"kind":"expressway","name":"Dan Ryan Expy (I-90/94)"}},{"type":"Feature","geometry":{"type":"LineString","coordinates":[[-87.61473,41.85299],[-87.61472,41.85294],[-87.6145,41.8524],[-87.61446,41.85227],[-87.61443,41.85219],[-87.61428,41.85182],[-87.61425,41.85174],[-87.61402,41.85116]]},"properties":{"kind":"expressway","name":"Lsd Sb Stevenson Ob"}},{"type":"Feature","geometry":{"type":"LineString","coordinates":[[-87.74674,41.96326],[-87.74693,41.96332]]},"properties":{"kind":"expressway","name":"Kennedy Expy (I-90/94)"}},{"type":"Feature","geometry":{"type":"LineString","coordinates":[[-87.63836,41.84619],[-87.63803,41.8461],[-87.63762,41.84601],[-87.63698,41.84586],[-87.63682,41.84582]]},"properties":{"kind":"expressway","name":"Dan Ryan Expy (I-90/94)"}},{"type":"Feature","geometry":{"type":"LineString","coordinates":[[-87.64087,41.94489],[-87.64095,41.94502],[-87.64111,41.94531],[-87.6412,41.9455],[-87.64136,41.94577],[-87.64136,41.94579],[-87.64154,41.94611],[-87.64161,41.94624]]},"properties":{"kind":"expressway","name":"DuSable Lake Shore Dr"}},{"type":"Feature","geometry":{"type":"LineString","coordinates":[[-87.58803,41.75148],[-87.58784,41.75134],[-87.58762,41.75118],[-87.58712,41.75083],[-87.58644,41.75035],[-87.58639,41.75031],[-87.5861,41.75011],[-87.58596,41.75001],[-87.5858,41.7499]]},"properties":{"kind":"expressway","name":"Chicago Skyway (I-90)"}},{"type":"Feature","geometry":{"type":"LineString","coordinates":[[-87.71773,41.9447],[-87.71782,41.94485],[-87.71828,41.94569],[-87.71841,41.94591],[-87.71848,41.94602]]},"properties":{"kind":"expressway","name":"Kennedy Expy (I-90/94)"}},{"type":"Feature","geometry":{"type":"LineString","coordinates":[[-87.61136,41.84514],[-87.61124,41.84482],[-87.61114,41.84454]]},"properties":{"kind":"expressway","name":"DuSable Lake Shore Dr"}},{"type":"Feature","geometry":{"type":"LineString","coordinates":[[-87.64247,41.87566],[-87.64307,41.87565]]},"properties":{"kind":"expressway","name":"Eisenhower Expy (I-290)"}},{"type":"Feature","geometry":{"type":"LineString","coordinates":[[-87.89673,41.9821],[-87.89677,41.98211],[-87.89696,41.98213],[-87.897,41.98213],[-87.8972,41.98214],[-87.89842,41.98215],[-87.89891,41.98215]]},"properties":{"kind":"expressway","name":"Kennedy Expy (I-90/94)"}},{"type":"Feature","geometry":{"type":"LineString","coordinates":[[-87.67779,41.92213],[-87.67794,41.92222],[-87.67807,41.92229],[-87.67831,41.92243],[-87.67835,41.92246],[-87.67882,41.92272]]},"properties":{"kind":"expressway","name":"Kennedy Expy (I-90/94)"}},{"type":"Feature","geometry":{"type":"LineString","coordinates":[[-87.64324,41.87544],[-87.64363,41.87545],[-87.64393,41.87545]]},"properties":{"kind":"expressway","name":"Eisenhower Expy (I-290)"}},{"type":"Feature","geometry":{"type":"LineString","coordinates":[[-87.6266,41.71597],[-87.6267,41.71596],[-87.62675,41.71595],[-87.62695,41.71592],[-87.6273,41.71586],[-87.62748,41.71581],[-87.62767,41.71576],[-87.62854,41.71553]]},"properties":{"kind":"expressway","name":"Bishop Ford I57"}},{"type":"Feature","geometry":{"type":"LineString","coordinates":[[-87.60571,41.7133],[-87.60547,41.7133],[-87.60533,41.71331],[-87.60519,41.71331]]},"properties":{"kind":"expressway","name":"Bishop Ford Fwy (I-94)"}},{"type":"Feature","geometry":{"type":"LineString","coordinates":[[-87.62535,41.74912],[-87.62533,41.74812],[-87.62532,41.74795],[-87.62531,41.74776],[-87.6253,41.7475]]},"properties":{"kind":"expressway","name":"Dan Ryan Expy (I-90/94)"}},{"type":"Feature","geometry":{"type":"LineString","coordinates":[[-87.65327,41.70135],[-87.65328,41.70134],[-87.65331,41.70121],[-87.65335,41.7011],[-87.6534,41.70095],[-87.65342,41.70088],[-87.65356,41.70056],[-87.65369,41.7003],[-87.65382,41.70009],[-87.65394,41.69993],[-87.65423,41.69958],[-87.65429,41.69952]]},"properties":{"kind":"expressway","name":"I-57"}},{"type":"Feature","geometry":{"type":"LineString","coordinates":[[-87.74743,41.97577],[-87.74743,41.97583],[-87.74744,41.97615],[-87.74739,41.97643],[-87.74733,41.97669],[-87.74723,41.97702],[-87.74707,41.97746],[-87.74699,41.97768],[-87.74692,41.97787]]},"properties":{"kind":"expressway","name":"Edens Expy (I-94)"}},{"type":"Feature","geometry":{"type":"LineString","coordinates":[[-87.75474,41.87132],[-87.75489,41.87132],[-87.75504,41.87132],[-87.75544,41.87131],[-87.75594,41.87131],[-87.75646,41.8713],[-87.75686,41.8713],[-87.7573,41.87129],[-87.75736,41.87129]]},"properties":{"kind":"expressway","name":"Eisenhower Expy (I-290)"}},{"type":"Feature","geometry":{"type":"LineString","coordinates":[[-87.6244,41.7301],[-87.6244,41.73004],[-87.6244,41.73001],[-87.62439,41.72962],[-87.62438,41.72915],[-87.62438,41.72904]]},"properties":{"kind":"expressway","name":"Dan Ryan Expy (I-90/94)"}},{"type":"Feature","geometry":{"type":"LineString","coordinates":[[-87.62423,41.90108],[-87.62421,41.90135],[-87.62424,41.90162]]},"properties":{"kind":"expressway","name":"DuSable Lake Shore Dr"}},{"type":"Feature","geometry":{"type":"LineString","coordinates":[[-87.64465,41.86895],[-87.64465,41.86892],[-87.64463,41.86878],[-87.64461,41.86856],[-87.64458,41.86835],[-87.64456,41.86818],[-87.64454,41.86797],[-87.64452,41.86779],[-87.64451,41.8676],[-87.64449,41.86734],[-87.64449,41.86732],[-87.64448,41.86721],[-87.64448,41.8672],[-87.64448,41.8672]]},"properties":{"kind":"expressway","name":"Dan Ryan Expy (I-90/94)"}},{"type":"Feature","geometry":{"type":"LineString","coordinates":[[-87.63465,41.84725],[-87.63491,41.84724],[-87.63595,41.84722],[-87.6366,41.84721]]},"properties":{"kind":"expressway","name":"Stevenson Expy (I-55)"}},{"type":"Feature","geometry":{"type":"LineString","coordinates":[[-87.62574,41.91122],[-87.62574,41.91141],[-87.62574,41.91162],[-87.62578,41.91184],[-87.62589,41.91219],[-87.62607,41.91259],[-87.62621,41.91289],[-87.62629,41.91304]]},"properties":{"kind":"expressway","name":"DuSable Lake Shore Dr"}},{"type":"Feature","geometry":{"type":"LineString","coordinates":[[-87.71567,41.87385],[-87.71578,41.87385],[-87.71585,41.87385],[-87.7159,41.87385]]},"properties":{"kind":"expressway","name":"Eisenhower Expy (I-290)"}},{"type":"Feature","geometry":{"type":"LineString","coordinates":[[-87.62537,41.75818],[-87.62537,41.75814],[-87.62537,41.75805],[-87.62537,41.75794],[-87.62537,41.7576],[-87.62536,41.75746],[-87.62536,41.75744],[-87.62536,41.75726],[-87.62536,41.75708],[-87.62535,41.75687],[-87.62535,41.75669],[-87.62534,41.75653],[-87.62534,41.75646],[-87.62534,41.75642]]},"properties":{"kind":"expressway","name":"Dan Ryan Expy (I-90/94)"}},{"type":"Feature","geometry":{"type":"LineString","coordinates":[[-87.63209,41.80913],[-87.63211,41.80907],[-87.63213,41.809],[-87.63217,41.80885],[-87.6322,41.80864],[-87.63221,41.80851]]},"properties":{"kind":"expressway","name":"Dan Ryan Expy (I-90/94)"}},{"type":"Feature","geometry":{"type":"LineString","coordinates":[[-87.57969,41.64877],[-87.57948,41.64838],[-87.57933,41.64806],[-87.57917,41.64762],[-87.57909,41.64739],[-87.57907,41.64733],[-87.57895,41.64694],[-87.57886,41.64657],[-87.57876,41.64616],[-87.57872,41.64594]]},"properties":{"kind":"expressway","name":"Bishop Ford Fwy (I-94)"}},{"type":"Feature","geometry":{"type":"LineString","coordinates":[[-87.64469,41.85546],[-87.64506,41.85421]]},"properties":{"kind":"expressway","name":"Dan Ryan Expy (I-90/94)"}},{"type":"Feature","geometry":{"type":"LineString","coordinates":[[-87.62481,41.71949],[-87.6249,41.71892],[-87.62492,41.71876],[-87.62493,41.71861],[-87.62493,41.71836],[-87.62493,41.71813],[-87.62492,41.71805]]},"properties":{"kind":"expressway","name":"Bishop Ford Fwy (I-94)"}},{"type":"Feature","geometry":{"type":"LineString","coordinates":[[-87.62961,41.92028],[-87.62966,41.92044],[-87.62969,41.92064],[-87.62975,41.92094],[-87.62982,41.92122],[-87.6299,41.92149],[-87.63002,41.92189],[-87.63005,41.92199],[-87.63008,41.92207]]},"properties":{"kind":"expressway","name":"DuSable Lake Shore Dr"}},{"type":"Feature","geometry":{"type":"LineString","coordinates":[[-87.72217,41.94867],[-87.72267,41.94893],[-87.7231,41.94918],[-87.72403,41.94971],[-87.72404,41.94972],[-87.72407,41.94973],[-87.72472,41.95011],[-87.72474,41.95012],[-87.72477,41.95014]]},"properties":{"kind":"expressway","name":"Kennedy Expy (I-90/94)"}},{"type":"Feature","geometry":{"type":"LineString","coordinates":[[-87.73279,41.87399],[-87.73314,41.87396],[-87.73343,41.87393],[-87.73374,41.87389],[-87.73393,41.87385],[-87.73397,41.87385],[-87.73429,41.87379],[-87.73458,41.87372],[-87.73488,41.87364],[-87.73509,41.87357],[-87.73523,41.87353]]},"properties":{"kind":"expressway","name":"Eisenhower Expy (I-290)"}},{"type":"Feature","geometry":{"type":"LineString","coordinates":[[-87.63029,41.77816],[-87.63024,41.77808],[-87.63015,41.77795],[-87.63008,41.77785]]},"properties":{"kind":"expressway","name":"Dan Ryan Expy (I-90/94)"}},{"type":"Feature","geometry":{"type":"LineString","coordinates":[[-87.59179,41.66332],[-87.59175,41.66328],[-87.59158,41.66308],[-87.59143,41.6629]]},"properties":{"kind":"expressway","name":"Bishop Ford Fwy (I-94)"}},{"type":"Feature","geometry":{"type":"LineString","coordinates":[[-87.63073,41.81257],[-87.63074,41.81238],[-87.63074,41.81215],[-87.63077,41.81192],[-87.63081,41.81169],[-87.63093,41.81131]]},"properties":{"kind":"expressway","name":"Dan Ryan Expy (I-90/94)"}},{"type":"Feature","geometry":{"type":"LineString","coordinates":[[-87.73786,41.8724],[-87.73818,41.87228],[-87.73851,41.87219],[-87.73873,41.87213],[-87.73905,41.87205],[-87.73941,41.87198],[-87.73973,41.87194],[-87.74001,41.87191],[-87.74007,41.87191]]},"properties":{"kind":"expressway","name":"Eisenhower Expy (I-290)"}},{"type":"Feature","geometry":{"type":"LineString","coordinates":[[-87.61085,41.84455],[-87.61083,41.8445],[-87.61052,41.84382],[-87.61045,41.84363]]},"properties":{"kind":"expressway","name":"DuSable Lake Shore Dr"}},{"type":"Feature","geometry":{"type":"LineString","coordinates":[[-87.72406,41.823],[-87.72432,41.82291]]},"properties":{"kind":"expressway","name":"Stevenson Expy (I-55)"}},{"type":"Feature","geometry":{"type":"LineString","coordinates":[[-87.67651,41.87538],[-87.67666,41.87538],[-87.67688,41.87538],[-87.67713,41.87538],[-87.67741,41.87538],[-87.67772,41.87537],[-87.67818,41.87537],[-87.67893,41.87536]]},"properties":{"kind":"expressway","name":"Eisenhower Expy (I-290)"}},{"type":"Feature","geometry":{"type":"LineString","coordinates":[[-87.66183,41.87558],[-87.66194,41.87558],[-87.66216,41.87558],[-87.66283,41.87557],[-87.66305,41.87556]]},"properties":{"kind":"expressway","name":"Eisenhower Expy (I-290)"}},{"type":"Feature","geometry":{"type":"LineString","coordinates":[[-87.6006,41.68815],[-87.6006,41.68814],[-87.6007,41.68797],[-87.60082,41.68773],[-87.60095,41.68749]]},"properties":{"kind":"expressway","name":"Bishop Ford Fwy (I-94)"}},{"type":"Feature","geometry":{"type":"LineString","coordinates":[[-87.54832,41.7223],[-87.54832,41.7223],[-87.548,41.72195],[-87.54755,41.72147],[-87.54738,41.72129],[-87.54723,41.72113],[-87.54709,41.721]]},"properties":{"kind":"expressway","name":"Chicago Skyway (I-90)"}},{"type":"Feature","geometry":{"type":"LineString","coordinates":[[-87.64431,41.8621],[-87.64429,41.86176]]},"properties":{"kind":"expressway","name":"Dan Ryan Expy (I-90/94)"}},{"type":"Feature","geometry":{"type":"LineString","coordinates":[[-87.87878,41.98116],[-87.87906,41.98104]]},"properties":{"kind":"expressway","name":"I-190 (O'Hare)"}},{"type":"Feature","geometry":{"type":"LineString","coordinates":[[-87.66781,41.91521],[-87.66802,41.91551],[-87.66826,41.91584],[-87.66851,41.91612]]},"properties":{"kind":"expressway","name":"Kennedy Expy (I-90/94)"}},{"type":"Feature","geometry":{"type":"LineString","coordinates":[[-87.64554,41.88181],[-87.64553,41.88141]]},"properties":{"kind":"expressway","name":"Kennedy Expy (I-90/94)"}},{"type":"Feature","geometry":{"type":"LineString","coordinates":[[-87.63837,41.84634],[-87.63757,41.84618],[-87.63726,41.84611],[-87.63683,41.846]]},"properties":{"kind":"expressway","name":"Dan Ryan Expy (I-90/94)"}},{"type":"Feature","geometry":{"type":"LineString","coordinates":[[-87.64613,41.96103],[-87.64616,41.96133],[-87.64617,41.96155],[-87.64621,41.96183],[-87.64621,41.96186],[-87.64623,41.96197],[-87.64624,41.962]]},"properties":{"kind":"expressway","name":"DuSable Lake Shore Dr"}},{"type":"Feature","geometry":{"type":"LineString","coordinates":[[-87.56112,41.73201],[-87.56102,41.73194],[-87.56074,41.73173],[-87.56017,41.73131],[-87.55964,41.73093],[-87.55881,41.73034],[-87.55836,41.73001],[-87.55804,41.72977],[-87.55793,41.72969]]},"properties":{"kind":"expressway","name":"Chicago Skyway (I-90)"}},{"type":"Feature","geometry":{"type":"LineString","coordinates":[[-87.61422,41.89266],[-87.61424,41.89278],[-87.61424,41.89278],[-87.61427,41.8929],[-87.61435,41.89304],[-87.61438,41.8931],[-87.6144,41.89313]]},"properties":{"kind":"expressway","name":"DuSable Lake Shore Dr"}},{"type":"Feature","geometry":{"type":"LineString","coordinates":[[-87.70061,41.93469],[-87.70068,41.93473],[-87.70082,41.93483],[-87.70098,41.93493],[-87.70108,41.93501],[-87.70136,41.93519],[-87.70162,41.93534],[-87.70192,41.93552],[-87.70219,41.93567],[-87.70221,41.93569],[-87.70228,41.93573]]},"properties":{"kind":"expressway","name":"Kennedy Expy (I-90/94)"}},{"type":"Feature","geometry":{"type":"LineString","coordinates":[[-87.63114,41.83287],[-87.63114,41.83266],[-87.63114,41.83244],[-87.63114,41.83222],[-87.63113,41.83196],[-87.63112,41.83169],[-87.63112,41.83139],[-87.63111,41.83114],[-87.63111,41.83108],[-87.63111,41.83096]]},"properties":{"kind":"expressway","name":"Dan Ryan Expy (I-90/94)"}},{"type":"Feature","geometry":{"type":"LineString","coordinates":[[-87.59854,41.69151],[-87.59861,41.69137],[-87.59886,41.69089]]},"properties":{"kind":"expressway","name":"Bishop Ford Fwy (I-94)"}},{"type":"Feature","geometry":{"type":"LineString","coordinates":[[-87.65027,41.97667],[-87.65031,41.97677],[-87.65037,41.97688],[-87.65049,41.97715],[-87.65058,41.97732],[-87.6507,41.97759],[-87.65079,41.97778],[-87.65088,41.97798],[-87.65099,41.97821]]},"properties":{"kind":"expressway","name":"DuSable Lake Shore Dr"}},{"type":"Feature","geometry":{"type":"LineString","coordinates":[[-87.78352,41.98221],[-87.78355,41.98222],[-87.78364,41.98225],[-87.78371,41.98227],[-87.78378,41.98229],[-87.78384,41.98231],[-87.78391,41.98233],[-87.78397,41.98235],[-87.78408,41.98238],[-87.78426,41.98242],[-87.78441,41.98246],[-87.78455,41.98248],[-87.78465,41.9825],[-87.78476,41.98252],[-87.7849,41.98255],[-87.78504,41.98256],[-87.78514,41.98258],[-87.78533,41.9826],[-87.78545,41.98261],[-87.7856,41.98262],[-87.78573,41.98262],[-87.78588,41.98263],[-87.78607,41.98263],[-87.78629,41.98264],[-87.78659,41.98264],[-87.7869,41.98263],[-87.7876,41.98263],[-87.78775,41.98262]]},"properties":{"kind":"expressway","name":"Kennedy Expy (I-90/94)"}},{"type":"Feature","geometry":{"type":"LineString","coordinates":[[-87.81127,41.98246],[-87.81148,41.98246],[-87.81183,41.98245],[-87.81216,41.98245],[-87.8124,41.98246],[-87.81282,41.98247],[-87.81319,41.98248],[-87.81336,41.9825],[-87.81354,41.98251],[-87.81366,41.98253],[-87.81381,41.98255],[-87.81406,41.98258],[-87.81425,41.98261],[-87.81443,41.98264],[-87.81458,41.98267],[-87.81471,41.98269],[-87.81489,41.98273],[-87.81499,41.98275],[-87.81512,41.98278],[-87.81523,41.98281],[-87.81547,41.98287],[-87.81566,41.98291],[-87.81576,41.98294],[-87.81609,41.98302],[-87.81643,41.98311],[-87.81673,41.98318],[-87.81684,41.98321]]},"properties":{"kind":"expressway","name":"Kennedy Expy (I-90/94)"}},{"type":"Feature","geometry":{"type":"LineString","coordinates":[[-87.6254,41.75094],[-87.6254,41.75086],[-87.62539,41.75071],[-87.62539,41.7506],[-87.62539,41.75048],[-87.62538,41.75017],[-87.62537,41.74978],[-87.62536,41.74942],[-87.62535,41.74912]]},"properties":{"kind":"expressway","name":"Dan Ryan Expy (I-90/94)"}},{"type":"Feature","geometry":{"type":"LineString","coordinates":[[-87.78409,41.98211],[-87.78457,41.98223],[-87.78493,41.98229],[-87.78543,41.98236],[-87.7856,41.98238],[-87.7858,41.98238],[-87.7859,41.98239],[-87.78605,41.98239],[-87.78616,41.98239],[-87.78648,41.98238],[-87.78658,41.98238],[-87.78688,41.98238],[-87.78697,41.98238],[-87.78742,41.98238],[-87.78761,41.98237],[-87.78775,41.98237]]},"properties":{"kind":"expressway","name":"Kennedy Expy (I-90/94)"}},{"type":"Feature","geometry":{"type":"LineString","coordinates":[[-87.64683,41.87578],[-87.64688,41.87578],[-87.6469,41.87578],[-87.64696,41.87578]]},"properties":{"kind":"expressway","name":"Eisenhower Expy (I-290)"}},{"type":"Feature","geometry":{"type":"LineString","coordinates":[[-87.64717,41.8754],[-87.6473,41.8754],[-87.6488,41.87536],[-87.6494,41.87534],[-87.64951,41.87534],[-87.64952,41.87534]]},"properties":{"kind":"expressway","name":"Eisenhower Expy (I-290)"}},{"type":"Feature","geometry":{"type":"LineString","coordinates":[[-87.62403,41.71579],[-87.62414,41.71582],[-87.62424,41.71585],[-87.62446,41.71589],[-87.62466,41.71593],[-87.62484,41.71595],[-87.62509,41.71598],[-87.62529,41.716],[-87.62543,41.71601],[-87.62551,41.71601],[-87.62557,41.71602],[-87.6257,41.71602],[-87.62596,41.71602],[-87.62606,41.71602]]},"properties":{"kind":"expressway","name":"Bishop Ford I57"}},{"type":"Feature","geometry":{"type":"LineString","coordinates":[[-87.64506,41.95573],[-87.64521,41.95614],[-87.64537,41.95654],[-87.64547,41.95675],[-87.64564,41.95711],[-87.64564,41.95711]]},"properties":{"kind":"expressway","name":"DuSable Lake Shore Dr"}},{"type":"Feature","geometry":{"type":"LineString","coordinates":[[-87.6527,41.98389],[-87.65269,41.98402],[-87.6527,41.9841],[-87.6527,41.98438],[-87.6527,41.98447],[-87.65271,41.98456],[-87.65272,41.98467],[-87.65273,41.98474],[-87.65275,41.98482],[-87.65277,41.98489],[-87.65279,41.98495],[-87.65283,41.98501],[-87.65287,41.98507],[-87.65293,41.98514],[-87.65299,41.98521],[-87.65314,41.98533],[-87.65331,41.98543],[-87.65335,41.98545],[-87.65341,41.98546],[-87.65348,41.98547],[-87.65353,41.98548]]},"properties":{"kind":"expressway","name":"DuSable Lake Shore Dr"}},{"type":"Feature","geometry":{"type":"LineString","coordinates":[[-87.74584,41.96297],[-87.74596,41.96301],[-87.74621,41.9631],[-87.74643,41.96317],[-87.74655,41.9632],[-87.74674,41.96326],[-87.74674,41.96326]]},"properties":{"kind":"expressway","name":"Kennedy Expy (I-90/94)"}},{"type":"Feature","geometry":{"type":"LineString","coordinates":[[-87.63191,41.84409],[-87.63183,41.84402]]},"properties":{"kind":"expressway","name":"Dan Ryan Expy (I-90/94)"}},{"type":"Feature","geometry":{"type":"LineString","coordinates":[[-87.747,41.97818],[-87.74698,41.97823],[-87.74687,41.97854],[-87.74681,41.97879],[-87.74677,41.97912],[-87.74672,41.97951],[-87.74674,41.97975],[-87.74676,41.97998],[-87.74682,41.98016],[-87.74686,41.98029],[-87.74697,41.98065],[-87.74712,41.98096],[-87.74733,41.98129],[-87.74761,41.98167],[-87.74792,41.98204],[-87.74822,41.98235]]},"properties":{"kind":"expressway","name":"Edens Expy (I-94)"}},{"type":"Feature","geometry":{"type":"LineString","coordinates":[[-87.64423,41.85996],[-87.6442,41.85942]]},"properties":{"kind":"expressway","name":"Dan Ryan Expy (I-90/94)"}},{"type":"Feature","geometry":{"type":"LineString","coordinates":[[-87.83094,41.98472],[-87.83132,41.98472],[-87.83192,41.98472],[-87.83206,41.98472],[-87.83225,41.98472],[-87.83308,41.98466],[-87.83335,41.98465],[-87.83404,41.98462],[-87.83409,41.98461],[-87.83425,41.98461],[-87.8344,41.9846],[-87.83474,41.98458],[-87.83499,41.98457],[-87.83558,41.98456],[-87.83564,41.98456]]},"properties":{"kind":"expressway","name":"Kennedy Expy (I-90/94)"}},{"type":"Feature","geometry":{"type":"LineString","coordinates":[[-87.54219,41.71736],[-87.54191,41.71717],[-87.54176,41.71706],[-87.5416,41.71696],[-87.54143,41.71684],[-87.54126,41.71672],[-87.54105,41.71658],[-87.54087,41.71646],[-87.54073,41.71636],[-87.54056,41.71625],[-87.54039,41.71614],[-87.54023,41.71604],[-87.54008,41.71595],[-87.53994,41.71587],[-87.53981,41.7158]]},"properties":{"kind":"expressway","name":"Chicago Skyway (I-90)"}},{"type":"Feature","geometry":{"type":"LineString","coordinates":[[-87.63012,41.82772],[-87.63011,41.82734]]},"properties":{"kind":"expressway","name":"Dan Ryan Expy (I-90/94)"}},{"type":"Feature","geometry":{"type":"LineString","coordinates":[[-87.6594,41.87561],[-87.65975,41.87561],[-87.66021,41.87561],[-87.66047,41.8756],[-87.66081,41.8756],[-87.66171,41.87558],[-87.66172,41.87558],[-87.66183,41.87558]]},"properties":{"kind":"expressway","name":"Eisenhower Expy (I-290)"}},{"type":"Feature","geometry":{"type":"LineString","coordinates":[[-87.64757,41.88858],[-87.64762,41.88863],[-87.64768,41.88871],[-87.64794,41.88902],[-87.64797,41.88905]]},"properties":{"kind":"expressway","name":"Kennedy Expy (I-90/94)"}},{"type":"Feature","geometry":{"type":"LineString","coordinates":[[-87.61504,41.85391],[-87.61475,41.85327],[-87.61461,41.85298]]},"properties":{"kind":"expressway","name":"DuSable Lake Shore Dr"}},{"type":"Feature","geometry":{"type":"LineString","coordinates":[[-87.64547,41.87998],[-87.64547,41.87998],[-87.64547,41.87978],[-87.64548,41.87955]]},"properties":{"kind":"expressway","name":"Kennedy Expy (I-90/94)"}},{"type":"Feature","geometry":{"type":"LineString","coordinates":[[-87.63092,41.77814],[-87.63089,41.77809],[-87.63069,41.77778]]},"properties":{"kind":"expressway","name":"Dan Ryan Expy (I-90/94)"}},{"type":"Feature","geometry":{"type":"LineString","coordinates":[[-87.6529,41.70135],[-87.65292,41.70123],[-87.65299,41.70099],[-87.65305,41.7008],[-87.65312,41.70063],[-87.65314,41.70059],[-87.65315,41.70057],[-87.65315,41.70057],[-87.65317,41.7005],[-87.65318,41.70049],[-87.65332,41.70024],[-87.6535,41.69993],[-87.65364,41.69974],[-87.65377,41.69959],[-87.65383,41.69952]]},"properties":{"kind":"expressway","name":"I-57"}},{"type":"Feature","geometry":{"type":"LineString","coordinates":[[-87.64448,41.8672],[-87.64447,41.86708],[-87.64445,41.86675],[-87.64442,41.86642],[-87.64441,41.86583],[-87.64441,41.86575]]},"properties":{"kind":"expressway","name":"Dan Ryan Expy (I-90/94)"}},{"type":"Feature","geometry":{"type":"LineString","coordinates":[[-87.60158,41.68622],[-87.60159,41.6862],[-87.60161,41.68615],[-87.60163,41.6861],[-87.60165,41.68604],[-87.60173,41.68584],[-87.60177,41.6857],[-87.60191,41.68507],[-87.60194,41.68475],[-87.60195,41.68418]]},"properties":{"kind":"expressway","name":"Bishop Ford Fwy (I-94)"}},{"type":"Feature","geometry":{"type":"LineString","coordinates":[[-87.6474,41.96725],[-87.64745,41.96744],[-87.64749,41.96764],[-87.64755,41.96789],[-87.64755,41.96791]]},"properties":{"kind":"expressway","name":"DuSable Lake Shore Dr"}},{"type":"Feature","geometry":{"type":"LineString","coordinates":[[-87.78211,41.98158],[-87.78291,41.98197],[-87.78327,41.98212],[-87.78341,41.98217],[-87.78352,41.98221]]},"properties":{"kind":"expressway","name":"Kennedy Expy (I-90/94)"}},{"type":"Feature","geometry":{"type":"LineString","coordinates":[[-87.59986,41.68909],[-87.59998,41.68886]]},"properties":{"kind":"expressway","name":"Bishop Ford Fwy (I-94)"}},{"type":"Feature","geometry":{"type":"LineString","coordinates":[[-87.61161,41.84579],[-87.61153,41.84557],[-87.61136,41.84514]]},"properties":{"kind":"expressway","name":"DuSable Lake Shore Dr"}},{"type":"Feature","geometry":{"type":"LineString","coordinates":[[-87.62057,41.84815],[-87.6205,41.84815],[-87.62008,41.84816],[-87.61895,41.84817]]},"properties":{"kind":"expressway","name":"Stevenson Expy (I-55)"}},{"type":"Feature","geometry":{"type":"LineString","coordinates":[[-87.62616,41.90953],[-87.62618,41.90966],[-87.62622,41.9101],[-87.62623,41.91051],[-87.62625,41.91091],[-87.62626,41.91106],[-87.62631,41.91119],[-87.62634,41.91125]]},"properties":{"kind":"expressway","name":"DuSable Lake Shore Dr"}},{"type":"Feature","geometry":{"type":"LineString","coordinates":[[-87.75859,41.96966],[-87.75868,41.96971],[-87.75887,41.96982],[-87.75918,41.97],[-87.75985,41.97036],[-87.76004,41.97045],[-87.76021,41.97053],[-87.76045,41.97064],[-87.7606,41.9707],[-87.76083,41.9708],[-87.76107,41.97089],[-87.76114,41.97092],[-87.76127,41.97097],[-87.76139,41.97101],[-87.7615,41.97105],[-87.76166,41.9711],[-87.76173,41.97112],[-87.76179,41.97113],[-87.76195,41.97118],[-87.76205,41.97121],[-87.76216,41.97124],[-87.76236,41.97129],[-87.76254,41.97133],[-87.76272,41.97138],[-87.76301,41.97145],[-87.76312,41.97148],[-87.76341,41.97155],[-87.76357,41.97159]]},"properties":{"kind":"expressway","name":"Kennedy Expy (I-90/94)"}},{"type":"Feature","geometry":{"type":"LineString","coordinates":[[-87.72544,41.87409],[-87.72556,41.87409],[-87.72578,41.87408],[-87.72618,41.87408],[-87.72654,41.87408],[-87.72685,41.87407],[-87.72721,41.87407],[-87.72758,41.87406],[-87.7279,41.87406]]},"properties":{"kind":"expressway","name":"Eisenhower Expy (I-290)"}},{"type":"Feature","geometry":{"type":"LineString","coordinates":[[-87.66428,41.87609],[-87.66483,41.87608],[-87.66551,41.87607],[-87.66631,41.87606],[-87.66647,41.87605],[-87.66666,41.87605]]},"properties":{"kind":"expressway","name":"Eisenhower Expy (I-290)"}},{"type":"Feature","geometry":{"type":"LineString","coordinates":[[-87.62515,41.74182],[-87.62514,41.74111],[-87.62514,41.7411]]},"properties":{"kind":"expressway","name":"Dan Ryan Expy (I-90/94)"}},{"type":"Feature","geometry":{"type":"LineString","coordinates":[[-87.65475,41.69908],[-87.65486,41.69899],[-87.65497,41.69889],[-87.65534,41.69863],[-87.65569,41.69843],[-87.65601,41.69826],[-87.65629,41.69812],[-87.65663,41.69796],[-87.65683,41.69785],[-87.65709,41.69772],[-87.65715,41.69768]]},"properties":{"kind":"expressway","name":"I-57"}},{"type":"Feature","geometry":{"type":"LineString","coordinates":[[-87.7316,41.82062],[-87.73187,41.82054],[-87.73224,41.82042],[-87.73278,41.82025],[-87.73317,41.82013],[-87.73353,41.82002],[-87.7338,41.81993]]},"properties":{"kind":"expressway","name":"Stevenson Expy (I-55)"}},{"type":"Feature","geometry":{"type":"LineString","coordinates":[[-87.64427,41.86116],[-87.64425,41.86049]]},"properties":{"kind":"expressway","name":"Dan Ryan Expy (I-90/94)"}},{"type":"Feature","geometry":{"type":"LineString","coordinates":[[-87.7491,41.87139],[-87.74912,41.87139],[-87.74949,41.87138],[-87.74979,41.87137]]},"properties":{"kind":"expressway","name":"Eisenhower Expy (I-290)"}},{"type":"Feature","geometry":{"type":"LineString","coordinates":[[-87.61702,41.88217],[-87.61696,41.88229],[-87.61677,41.88251],[-87.61661,41.88265],[-87.61647,41.88276],[-87.61632,41.88285],[-87.61621,41.8829]]},"properties":{"kind":"expressway","name":"DuSable Lake Shore Dr"}},{"type":"Feature","geometry":{"type":"LineString","coordinates":[[-87.7475,41.97263],[-87.74751,41.97276],[-87.74752,41.9731],[-87.74754,41.97374],[-87.74756,41.97437],[-87.74758,41.97499],[-87.74758,41.97525],[-87.74759,41.97535]]},"properties":{"kind":"expressway","name":"Edens Expy (I-94)"}},{"type":"Feature","geometry":{"type":"LineString","coordinates":[[-87.64952,41.87534],[-87.6496,41.87534],[-87.6499,41.87533],[-87.65043,41.87532],[-87.6513,41.8753],[-87.65137,41.8753],[-87.65173,41.87532],[-87.65185,41.87533]]},"properties":{"kind":"expressway","name":"Eisenhower Expy (I-290)"}},{"type":"Feature","geometry":{"type":"LineString","coordinates":[[-87.63128,41.78724],[-87.63129,41.78713],[-87.63131,41.78693],[-87.63131,41.78679],[-87.63132,41.78671],[-87.63134,41.78625],[-87.63135,41.78556],[-87.63135,41.78544]]},"properties":{"kind":"expressway","name":"Dan Ryan Expy (I-90/94)"}},{"type":"Feature","geometry":{"type":"LineString","coordinates":[[-87.63306,41.84496],[-87.63273,41.84479],[-87.6325,41.84465],[-87.63227,41.8445],[-87.63207,41.84435],[-87.63184,41.84415]]},"properties":{"kind":"expressway","name":"Dan Ryan Expy (I-90/94)"}},{"type":"Feature","geometry":{"type":"LineString","coordinates":[[-87.63073,41.83973],[-87.63071,41.83912],[-87.6307,41.83878],[-87.63068,41.83846],[-87.63068,41.83838]]},"properties":{"kind":"expressway","name":"Dan Ryan Expy (I-90/94)"}},{"type":"Feature","geometry":{"type":"LineString","coordinates":[[-87.63182,41.84328],[-87.63181,41.84326],[-87.63164,41.84286],[-87.63157,41.84264]]},"properties":{"kind":"expressway","name":"Dan Ryan Expy (I-90/94)"}},{"type":"Feature","geometry":{"type":"LineString","coordinates":[[-87.63211,41.93259],[-87.63211,41.93265],[-87.63211,41.93298],[-87.63213,41.93322],[-87.63214,41.93338],[-87.63217,41.93362],[-87.63225,41.9339],[-87.63229,41.93409],[-87.63233,41.93426],[-87.63239,41.93443]]},"properties":{"kind":"expressway","name":"DuSable Lake Shore Dr"}},{"type":"Feature","geometry":{"type":"LineString","coordinates":[[-87.63065,41.82366],[-87.63065,41.82353],[-87.63065,41.82342],[-87.63064,41.82318],[-87.63064,41.82298],[-87.63063,41.82278],[-87.63062,41.82255],[-87.63062,41.82231],[-87.63061,41.82206],[-87.63061,41.82204],[-87.63061,41.82198],[-87.63061,41.82194],[-87.63061,41.82191]]},"properties":{"kind":"expressway","name":"Dan Ryan Expy (I-90/94)"}},{"type":"Feature","geometry":{"type":"LineString","coordinates":[[-87.59226,41.70399],[-87.59229,41.7039],[-87.59232,41.70379],[-87.59238,41.70359],[-87.59248,41.70332],[-87.59252,41.70318],[-87.59259,41.70303],[-87.59282,41.70257],[-87.59307,41.7021],[-87.5931,41.70204]]},"properties":{"kind":"expressway","name":"Bishop Ford Fwy (I-94)"}},{"type":"Feature","geometry":{"type":"LineString","coordinates":[[-87.87879,41.9809],[-87.87907,41.98078]]},"properties":{"kind":"expressway","name":"I-190 (O'Hare)"}},{"type":"Feature","geometry":{"type":"LineString","coordinates":[[-87.64564,41.88442],[-87.64565,41.88454],[-87.64566,41.88493],[-87.64568,41.88504]]},"properties":{"kind":"expressway","name":"Kennedy Expy (I-90/94)"}},{"type":"Feature","geometry":{"type":"LineString","coordinates":[[-87.64161,41.94624],[-87.64171,41.9464],[-87.64183,41.94661],[-87.64198,41.94687],[-87.642,41.94691]]},"properties":{"kind":"expressway","name":"DuSable Lake Shore Dr"}},{"type":"Feature","geometry":{"type":"LineString","coordinates":[[-87.64567,41.87641],[-87.64567,41.87636],[-87.64563,41.87603],[-87.64562,41.87592],[-87.64561,41.87583],[-87.6456,41.87579],[-87.6456,41.87575]]},"properties":{"kind":"expressway","name":"Kennedy Expy (I-90/94)"}},{"type":"Feature","geometry":{"type":"LineString","coordinates":[[-87.64629,41.88681],[-87.64634,41.8869],[-87.64642,41.88705],[-87.64654,41.88727],[-87.6466,41.88738],[-87.64661,41.88739],[-87.64668,41.88747]]},"properties":{"kind":"expressway","name":"Kennedy Expy (I-90/94)"}},{"type":"Feature","geometry":{"type":"LineString","coordinates":[[-87.61709,41.87327],[-87.61708,41.87271],[-87.61706,41.872],[-87.61706,41.87198]]},"properties":{"kind":"expressway","name":"DuSable Lake Shore Dr"}},{"type":"Feature","geometry":{"type":"LineString","coordinates":[[-87.6005,41.76028],[-87.59973,41.75972],[-87.59859,41.75892],[-87.59823,41.75866]]},"properties":{"kind":"expressway","name":"Chicago Skyway (I-90)"}},{"type":"Feature","geometry":{"type":"LineString","coordinates":[[-87.7238,41.82308],[-87.72406,41.823]]},"properties":{"kind":"expressway","name":"Stevenson Expy (I-55)"}},{"type":"Feature","geometry":{"type":"LineString","coordinates":[[-87.76424,41.97177],[-87.76442,41.97183],[-87.76447,41.97184],[-87.76474,41.97194],[-87.76531,41.97217]]},"properties":{"kind":"expressway","name":"Kennedy Expy (I-90/94)"}},{"type":"Feature","geometry":{"type":"LineString","coordinates":[[-87.61819,41.89848],[-87.61837,41.89874],[-87.61874,41.8993]]},"properties":{"kind":"expressway","name":"DuSable Lake Shore Dr"}},{"type":"Feature","geometry":{"type":"LineString","coordinates":[[-87.66191,41.68286],[-87.6619,41.68269],[-87.66189,41.68221],[-87.66189,41.68217],[-87.66188,41.68195]]},"properties":{"kind":"expressway","name":"I-57"}},{"type":"Feature","geometry":{"type":"LineString","coordinates":[[-87.618,41.86071],[-87.61784,41.86032]]},"properties":{"kind":"expressway","name":"DuSable Lake Shore Dr"}},{"type":"Feature","geometry":{"type":"LineString","coordinates":[[-87.7069,41.82839],[-87.7071,41.82833],[-87.70749,41.82821],[-87.70774,41.82813],[-87.70811,41.82801],[-87.70852,41.82788],[-87.70887,41.82777],[-87.70925,41.82765],[-87.70946,41.82759]]},"properties":{"kind":"expressway","name":"Stevenson Expy (I-55)"}},{"type":"Feature","geometry":{"type":"LineString","coordinates":[[-87.87571,41.98245],[-87.87582,41.9824],[-87.87589,41.98237]]},"properties":{"kind":"expressway","name":"I-190 (O'Hare)"}},{"type":"Feature","geometry":{"type":"LineString","coordinates":[[-87.59823,41.75866],[-87.59808,41.75856]]},"properties":{"kind":"expressway","name":"Chicago Skyway (I-90)"}},{"type":"Feature","geometry":{"type":"LineString","coordinates":[[-87.64647,41.84597],[-87.64656,41.84595],[-87.6468,41.8459],[-87.64713,41.84583],[-87.64751,41.84578],[-87.64786,41.84576],[-87.64837,41.84573],[-87.64861,41.84572]]},"properties":{"kind":"expressway","name":"Stevenson Expy (I-55)"}},{"type":"Feature","geometry":{"type":"LineString","coordinates":[[-87.63144,41.84422],[-87.63091,41.84369]]},"properties":{"kind":"expressway","name":"Dan Ryan Expy (I-90/94)"}},{"type":"Feature","geometry":{"type":"LineString","coordinates":[[-87.70431,41.93693],[-87.70468,41.93715]]},"properties":{"kind":"expressway","name":"Kennedy Expy (I-90/94)"}},{"type":"Feature","geometry":{"type":"LineString","coordinates":[[-87.54831,41.72208],[-87.54814,41.72189],[-87.54805,41.72179],[-87.5478,41.72152],[-87.54755,41.72125],[-87.5474,41.7211],[-87.54729,41.721]]},"properties":{"kind":"expressway","name":"Chicago Skyway (I-90)"}},{"type":"Feature","geometry":{"type":"LineString","coordinates":[[-87.60519,41.71331],[-87.60506,41.71331],[-87.6046,41.71333],[-87.60419,41.71334],[-87.60305,41.71336],[-87.60243,41.71337],[-87.60208,41.71336]]},"properties":{"kind":"expressway","name":"Bishop Ford Fwy (I-94)"}},{"type":"Feature","geometry":{"type":"LineString","coordinates":[[-87.62853,41.71508],[-87.62868,41.71504],[-87.62885,41.71499],[-87.62908,41.71493],[-87.62943,41.71485],[-87.6298,41.71479],[-87.63028,41.71474],[-87.63056,41.71472],[-87.63086,41.71471],[-87.63128,41.71469],[-87.63187,41.71466]]},"properties":{"kind":"expressway","name":"I-57"}},{"type":"Feature","geometry":{"type":"LineString","coordinates":[[-87.56646,41.73538],[-87.56596,41.73501]]},"properties":{"kind":"expressway","name":"Chicago Skyway (I-90)"}},{"type":"Feature","geometry":{"type":"LineString","coordinates":[[-87.5377,41.71484],[-87.53757,41.71478],[-87.53735,41.71469],[-87.53712,41.71458],[-87.53706,41.71455],[-87.53679,41.71442],[-87.53666,41.71435],[-87.53651,41.71427],[-87.53649,41.71426]]},"properties":{"kind":"expressway","name":"Chicago Skyway (I-90)"}},{"type":"Feature","geometry":{"type":"LineString","coordinates":[[-87.645,41.95626],[-87.64501,41.95628],[-87.64505,41.95639],[-87.64511,41.95652],[-87.64511,41.95653],[-87.64512,41.95655],[-87.64547,41.95738],[-87.64558,41.95765],[-87.64567,41.95791],[-87.64575,41.9582],[-87.64582,41.95849]]},"properties":{"kind":"expressway","name":"DuSable Lake Shore Dr"}},{"type":"Feature","geometry":{"type":"LineString","coordinates":[[-87.62501,41.90401],[-87.62503,41.90409],[-87.62508,41.90466],[-87.6251,41.90492]]},"properties":{"kind":"expressway","name":"DuSable Lake Shore Dr"}},{"type":"Feature","geometry":{"type":"LineString","coordinates":[[-87.73094,41.95363],[-87.73104,41.95368],[-87.73134,41.95385],[-87.7314,41.95388],[-87.73222,41.95435],[-87.73251,41.95451]]},"properties":{"kind":"expressway","name":"Kennedy Expy (I-90/94)"}},{"type":"Feature","geometry":{"type":"LineString","coordinates":[[-87.66914,41.87601],[-87.66932,41.87601],[-87.6694,41.87601],[-87.66965,41.87601],[-87.66967,41.876],[-87.6697,41.876]]},"properties":{"kind":"expressway","name":"Eisenhower Expy (I-290)"}},{"type":"Feature","geometry":{"type":"LineString","coordinates":[[-87.74979,41.87137],[-87.75002,41.87137],[-87.75024,41.87137]]},"properties":{"kind":"expressway","name":"Eisenhower Expy (I-290)"}},{"type":"Feature","geometry":{"type":"LineString","coordinates":[[-87.63069,41.77778],[-87.63046,41.77747],[-87.63028,41.77727],[-87.63016,41.77714],[-87.63013,41.77711],[-87.63006,41.77704]]},"properties":{"kind":"expressway","name":"Chicago Skyway (I-90)"}},{"type":"Feature","geometry":{"type":"LineString","coordinates":[[-87.74699,41.963],[-87.7472,41.96309],[-87.74737,41.96316],[-87.74746,41.96319],[-87.74748,41.9632]]},"properties":{"kind":"expressway","name":"Kennedy Expy (I-90/94)"}},{"type":"Feature","geometry":{"type":"LineString","coordinates":[[-87.62547,41.76368],[-87.62546,41.76345],[-87.62547,41.763],[-87.62546,41.76261],[-87.62545,41.76192],[-87.62544,41.76186]]},"properties":{"kind":"expressway","name":"Dan Ryan Expy (I-90/94)"}},{"type":"Feature","geometry":{"type":"LineString","coordinates":[[-87.6222,41.84812],[-87.62166,41.84813],[-87.62057,41.84815]]},"properties":{"kind":"expressway","name":"Stevenson Expy (I-55)"}},{"type":"Feature","geometry":{"type":"LineString","coordinates":[[-87.65986,41.69399],[-87.65996,41.69374],[-87.66009,41.69339],[-87.66024,41.69298],[-87.66033,41.69273],[-87.66045,41.69243],[-87.6605,41.69227],[-87.66055,41.69214]]},"properties":{"kind":"expressway","name":"I-57"}},{"type":"Feature","geometry":{"type":"LineString","coordinates":[[-87.68991,41.83402],[-87.69032,41.83389],[-87.69037,41.83388],[-87.69093,41.8337],[-87.69136,41.83357],[-87.69182,41.83342],[-87.69215,41.83332],[-87.69226,41.83328],[-87.69245,41.83322]]},"properties":{"kind":"expressway","name":"Stevenson Expy (I-55)"}},{"type":"Feature","geometry":{"type":"LineString","coordinates":[[-87.68884,41.92841],[-87.68948,41.92878],[-87.68955,41.92881],[-87.68963,41.92886],[-87.68967,41.92888],[-87.68969,41.92889],[-87.68977,41.92894],[-87.68982,41.92896],[-87.68987,41.92899],[-87.68996,41.92904],[-87.69006,41.92909],[-87.69016,41.92915],[-87.69023,41.92918],[-87.69032,41.92923],[-87.69047,41.92931],[-87.69055,41.92935],[-87.69057,41.92936],[-87.6907,41.92942],[-87.6908,41.92948],[-87.69088,41.92951],[-87.69102,41.92958],[-87.6911,41.92962],[-87.69121,41.92968],[-87.69128,41.92971],[-87.69141,41.92977],[-87.69146,41.9298],[-87.69155,41.92985],[-87.69169,41.92992],[-87.69179,41.92996],[-87.69192,41.93003],[-87.69203,41.93008],[-87.6921,41.93012],[-87.69219,41.93016],[-87.69226,41.9302],[-87.69236,41.93025],[-87.69247,41.93031],[-87.6925,41.93033]]},"properties":{"kind":"expressway","name":"Kennedy Expy (I-90/94)"}},{"type":"Feature","geometry":{"type":"LineString","coordinates":[[-87.63008,41.82621],[-87.63008,41.8262],[-87.63007,41.82609],[-87.63007,41.82601],[-87.63007,41.82579],[-87.63007,41.82576],[-87.63007,41.82545]]},"properties":{"kind":"expressway","name":"Dan Ryan Expy (I-90/94)"}},{"type":"Feature","geometry":{"type":"LineString","coordinates":[[-87.67323,41.87544],[-87.67341,41.87544],[-87.6737,41.87543],[-87.67399,41.87543]]},"properties":{"kind":"expressway","name":"Eisenhower Expy (I-290)"}},{"type":"Feature","geometry":{"type":"LineString","coordinates":[[-87.58137,41.80109],[-87.58137,41.80073]]},"properties":{"kind":"expressway","name":"DuSable Lake Shore Dr"}},{"type":"Feature","geometry":{"type":"LineString","coordinates":[[-87.63839,41.84719],[-87.63851,41.84719],[-87.63946,41.84717],[-87.64001,41.84717]]},"properties":{"kind":"expressway","name":"Stevenson Expy (I-55)"}},{"type":"Feature","geometry":{"type":"LineString","coordinates":[[-87.61729,41.87198],[-87.61729,41.87195],[-87.61728,41.8714],[-87.61727,41.87109],[-87.61726,41.87074],[-87.61726,41.8707]]},"properties":{"kind":"expressway","name":"DuSable Lake Shore Dr"}},{"type":"Feature","geometry":{"type":"LineString","coordinates":[[-87.6921,41.87526],[-87.69268,41.87525],[-87.69373,41.87524]]},"properties":{"kind":"expressway","name":"Eisenhower Expy (I-290)"}},{"type":"Feature","geometry":{"type":"LineString","coordinates":[[-87.64736,41.88797],[-87.64743,41.88805],[-87.6475,41.88814],[-87.64756,41.88821]]},"properties":{"kind":"expressway","name":"Kennedy Expy (I-90/94)"}},{"type":"Feature","geometry":{"type":"LineString","coordinates":[[-87.68798,41.92812],[-87.68855,41.92844]]},"properties":{"kind":"expressway","name":"Kennedy Expy (I-90/94)"}},{"type":"Feature","geometry":{"type":"LineString","coordinates":[[-87.61705,41.77222],[-87.61702,41.7722],[-87.61629,41.77165],[-87.61603,41.77144],[-87.61586,41.77131],[-87.61574,41.77122],[-87.61568,41.77118],[-87.6156,41.77112],[-87.61554,41.77108],[-87.61541,41.77098]]},"properties":{"kind":"expressway","name":"Chicago Skyway (I-90)"}},{"type":"Feature","geometry":{"type":"LineString","coordinates":[[-87.6246,41.72163],[-87.62459,41.72155],[-87.62459,41.72138],[-87.62459,41.72108],[-87.62459,41.72086],[-87.62461,41.72058],[-87.62463,41.72043],[-87.62465,41.72028],[-87.62467,41.72015],[-87.6247,41.72001],[-87.62473,41.71988]]},"properties":{"kind":"expressway","name":"Dan Ryan Expy (I-90/94)"}},{"type":"Feature","geometry":{"type":"LineString","coordinates":[[-87.61729,41.8591],[-87.61724,41.85899],[-87.61713,41.85876],[-87.61693,41.85835],[-87.61683,41.85815],[-87.61683,41.85814],[-87.6168,41.85809],[-87.61678,41.85805],[-87.61674,41.85796]]},"properties":{"kind":"expressway","name":"DuSable Lake Shore Dr"}},{"type":"Feature","geometry":{"type":"LineString","coordinates":[[-87.75834,41.96952],[-87.75837,41.96954],[-87.75846,41.96959],[-87.75859,41.96966]]},"properties":{"kind":"expressway","name":"Kennedy Expy (I-90/94)"}},{"type":"Feature","geometry":{"type":"LineString","coordinates":[[-87.61436,41.88439],[-87.6143,41.88448],[-87.61426,41.88454],[-87.6142,41.88466],[-87.61414,41.88481],[-87.61408,41.885]]},"properties":{"kind":"expressway","name":"DuSable Lake Shore Dr"}},{"type":"Feature","geometry":{"type":"LineString","coordinates":[[-87.63123,41.84749],[-87.63136,41.84751],[-87.63147,41.84752],[-87.63167,41.84753],[-87.63193,41.84754]]},"properties":{"kind":"expressway","name":"Stevenson Expy (I-55)"}},{"type":"Feature","geometry":{"type":"LineString","coordinates":[[-87.73575,41.81932],[-87.73697,41.81893],[-87.73856,41.81843]]},"properties":{"kind":"expressway","name":"Stevenson Expy (I-55)"}},{"type":"Feature","geometry":{"type":"LineString","coordinates":[[-87.88559,41.97805],[-87.88572,41.97799]]},"properties":{"kind":"expressway","name":"I-190 (O'Hare)"}},{"type":"Feature","geometry":{"type":"LineString","coordinates":[[-87.60174,41.6841],[-87.6017,41.68279]]},"properties":{"kind":"expressway","name":"Bishop Ford Fwy (I-94)"}},{"type":"Feature","geometry":{"type":"LineString","coordinates":[[-87.63028,41.84122],[-87.6303,41.84065],[-87.6303,41.8402],[-87.63031,41.83975]]},"properties":{"kind":"expressway","name":"Dan Ryan Expy (I-90/94)"}},{"type":"Feature","geometry":{"type":"LineString","coordinates":[[-87.67057,41.83714],[-87.67096,41.83714],[-87.67197,41.83713],[-87.67292,41.83711],[-87.67303,41.83711]]},"properties":{"kind":"expressway","name":"Stevenson Expy (I-55)"}},{"type":"Feature","geometry":{"type":"LineString","coordinates":[[-87.6313,41.83825],[-87.6313,41.8382],[-87.6313,41.83813],[-87.63129,41.83798],[-87.63129,41.83777],[-87.63128,41.8376],[-87.63127,41.83737],[-87.63126,41.83714],[-87.63125,41.83687],[-87.63124,41.83658]]},"properties":{"kind":"expressway","name":"Dan Ryan Expy (I-90/94)"}},{"type":"Feature","geometry":{"type":"LineString","coordinates":[[-87.63243,41.84408],[-87.63226,41.84389],[-87.63219,41.84381],[-87.63201,41.84358],[-87.63182,41.84328]]},"properties":{"kind":"expressway","name":"Dan Ryan Expy (I-90/94)"}},{"type":"Feature","geometry":{"type":"LineString","coordinates":[[-87.73829,41.95768],[-87.7386,41.95786],[-87.73869,41.95791]]},"properties":{"kind":"expressway","name":"Kennedy Expy (I-90/94)"}},{"type":"Feature","geometry":{"type":"LineString","coordinates":[[-87.6315,41.84119],[-87.63149,41.84096],[-87.63148,41.84079],[-87.63146,41.84048],[-87.63139,41.83973]]},"properties":{"kind":"expressway","name":"Dan Ryan Expy (I-90/94)"}},{"type":"Feature","geometry":{"type":"LineString","coordinates":[[-87.60867,41.83857],[-87.60863,41.83847],[-87.6085,41.83812],[-87.60841,41.83786],[-87.60833,41.83758],[-87.60826,41.83728],[-87.60819,41.83676],[-87.60818,41.83623],[-87.60818,41.8362],[-87.60816,41.83586],[-87.60816,41.83579]]},"properties":{"kind":"expressway","name":"DuSable Lake Shore Dr"}},{"type":"Feature","geometry":{"type":"LineString","coordinates":[[-87.642,41.94691],[-87.64204,41.94698],[-87.64221,41.9473],[-87.6423,41.94746],[-87.64234,41.94754],[-87.64242,41.94768],[-87.64252,41.94784]]},"properties":{"kind":"expressway","name":"DuSable Lake Shore Dr"}},{"type":"Feature","geometry":{"type":"LineString","coordinates":[[-87.61879,41.71337],[-87.61854,41.71333],[-87.61826,41.7133],[-87.6181,41.71329],[-87.61776,41.71327],[-87.6174,41.71326],[-87.61703,41.71327],[-87.61679,41.71329],[-87.61635,41.71331]]},"properties":{"kind":"expressway","name":"I57 Expy"}},{"type":"Feature","geometry":{"type":"LineString","coordinates":[[-87.56596,41.73501],[-87.56595,41.735],[-87.56592,41.73498],[-87.56554,41.73467]]},"properties":{"kind":"expressway","name":"Chicago Skyway (I-90)"}},{"type":"Feature","geometry":{"type":"LineString","coordinates":[[-87.75903,41.96951],[-87.75911,41.96956],[-87.75927,41.96965],[-87.75941,41.96974],[-87.75956,41.96983],[-87.75974,41.96993],[-87.75993,41.97004],[-87.76009,41.97012],[-87.76024,41.9702],[-87.76039,41.97028],[-87.76052,41.97033],[-87.7606,41.97037],[-87.76083,41.97047],[-87.76114,41.97061],[-87.76129,41.97066],[-87.76151,41.97074],[-87.7618,41.97084],[-87.76198,41.9709],[-87.76203,41.97091],[-87.7623,41.97098],[-87.76244,41.97102],[-87.76267,41.97108],[-87.76268,41.97109]]},"properties":{"kind":"expressway","name":"Kennedy Expy (I-90/94)"}},{"type":"Feature","geometry":{"type":"LineString","coordinates":[[-87.62736,41.775],[-87.62731,41.77495],[-87.62723,41.77486],[-87.62703,41.77457]]},"properties":{"kind":"expressway","name":"Dan Ryan Expy (I-90/94)"}},{"type":"Feature","geometry":{"type":"LineString","coordinates":[[-87.68499,41.83528],[-87.68523,41.83521]]},"properties":{"kind":"expressway","name":"Stevenson Expy (I-55)"}},{"type":"Feature","geometry":{"type":"LineString","coordinates":[[-87.64435,41.86362],[-87.64435,41.86359],[-87.64435,41.86342],[-87.64431,41.86239]]},"properties":{"kind":"expressway","name":"Dan Ryan Expy (I-90/94)"}},{"type":"Feature","geometry":{"type":"LineString","coordinates":[[-87.61525,41.85444],[-87.61522,41.85435],[-87.61522,41.85435],[-87.61504,41.85391]]},"properties":{"kind":"expressway","name":"DuSable Lake Shore Dr"}},{"type":"Feature","geometry":{"type":"LineString","coordinates":[[-87.66236,41.68417],[-87.66235,41.68383],[-87.6623,41.68286]]},"properties":{"kind":"expressway","name":"I-57"}},{"type":"Feature","geometry":{"type":"LineString","coordinates":[[-87.64431,41.86239],[-87.64431,41.8621]]},"properties":{"kind":"expressway","name":"Dan Ryan Expy (I-90/94)"}},{"type":"Feature","geometry":{"type":"LineString","coordinates":[[-87.63055,41.77999],[-87.63055,41.77993],[-87.63055,41.77985],[-87.63054,41.77982],[-87.63053,41.77956],[-87.63048,41.77925]]},"properties":{"kind":"expressway","name":"Dan Ryan Expy (I-90/94)"}},{"type":"Feature","geometry":{"type":"LineString","coordinates":[[-87.62569,41.90954],[-87.62572,41.91002],[-87.62574,41.91074],[-87.62574,41.9111],[-87.62574,41.91122]]},"properties":{"kind":"expressway","name":"DuSable Lake Shore Dr"}},{"type":"Feature","geometry":{"type":"LineString","coordinates":[[-87.58486,41.80608],[-87.58452,41.80585],[-87.58411,41.80559],[-87.58364,41.80529],[-87.58353,41.80522],[-87.5835,41.8052],[-87.58331,41.80507],[-87.58314,41.80495],[-87.58291,41.80477],[-87.58275,41.80464],[-87.58261,41.80449],[-87.58256,41.80443]]},"properties":{"kind":"expressway","name":"DuSable Lake Shore Dr"}},{"type":"Feature","geometry":{"type":"LineString","coordinates":[[-87.6312,41.83461],[-87.63116,41.83367],[-87.63115,41.83348],[-87.63114,41.83318],[-87.63113,41.83296],[-87.63114,41.83287]]},"properties":{"kind":"expressway","name":"Dan Ryan Expy (I-90/94)"}},{"type":"Feature","geometry":{"type":"LineString","coordinates":[[-87.64441,41.86575],[-87.6444,41.86558],[-87.64441,41.86543]]},"properties":{"kind":"expressway","name":"Dan Ryan Expy (I-90/94)"}},{"type":"Feature","geometry":{"type":"LineString","coordinates":[[-87.63839,41.84735],[-87.63851,41.84735],[-87.63923,41.84734],[-87.64003,41.84732]]},"properties":{"kind":"expressway","name":"Stevenson Expy (I-55)"}},{"type":"Feature","geometry":{"type":"LineString","coordinates":[[-87.6462,41.88569],[-87.64622,41.88576],[-87.64622,41.88579],[-87.64623,41.88582],[-87.64638,41.88636],[-87.64638,41.88638]]},"properties":{"kind":"expressway","name":"Kennedy Expy (I-90/94)"}},{"type":"Feature","geometry":{"type":"LineString","coordinates":[[-87.59329,41.70918],[-87.59319,41.70903],[-87.59307,41.70884],[-87.59287,41.7085],[-87.59277,41.70832],[-87.59269,41.70815],[-87.59263,41.70803],[-87.5926,41.70794],[-87.59252,41.70773],[-87.59249,41.70767]]},"properties":{"kind":"expressway","name":"Bishop Ford Fwy (I-94)"}},{"type":"Feature","geometry":{"type":"LineString","coordinates":[[-87.68626,41.87532],[-87.68648,41.87531],[-87.6867,41.87531],[-87.687,41.87531],[-87.68704,41.87531],[-87.68744,41.8753],[-87.68785,41.8753],[-87.68801,41.87529],[-87.6887,41.87529]]},"properties":{"kind":"expressway","name":"Eisenhower Expy (I-290)"}},{"type":"Feature","geometry":{"type":"LineString","coordinates":[[-87.61227,41.8496],[-87.61228,41.84952],[-87.61231,41.84936],[-87.61236,41.84916],[-87.61239,41.8491],[-87.61239,41.8491],[-87.61241,41.84907]]},"properties":{"kind":"expressway","name":"Stevenson Ib Lsd Nb"}},{"type":"Feature","geometry":{"type":"LineString","coordinates":[[-87.64099,41.87549],[-87.642,41.87545]]},"properties":{"kind":"expressway","name":"Eisenhower Expy (I-290)"}},{"type":"Feature","geometry":{"type":"LineString","coordinates":[[-87.70352,41.87499],[-87.70361,41.87498],[-87.70377,41.87495]]},"properties":{"kind":"expressway","name":"Eisenhower Expy (I-290)"}},{"type":"Feature","geometry":{"type":"LineString","coordinates":[[-87.69372,41.8757],[-87.69467,41.87569],[-87.69478,41.87569],[-87.69538,41.87568],[-87.69564,41.87568],[-87.69576,41.87568],[-87.696,41.87567],[-87.69615,41.87567]]},"properties":{"kind":"expressway","name":"Eisenhower Expy (I-290)"}},{"type":"Feature","geometry":{"type":"LineString","coordinates":[[-87.61712,41.87454],[-87.6171,41.87404],[-87.61709,41.87349],[-87.61709,41.87327]]},"properties":{"kind":"expressway","name":"DuSable Lake Shore Dr"}},{"type":"Feature","geometry":{"type":"LineString","coordinates":[[-87.66181,41.67929],[-87.66181,41.67922],[-87.66181,41.67902],[-87.6618,41.67877],[-87.66179,41.67852],[-87.66178,41.67821],[-87.66177,41.67787],[-87.66177,41.67765],[-87.66176,41.67754]]},"properties":{"kind":"expressway","name":"I-57"}},{"type":"Feature","geometry":{"type":"LineString","coordinates":[[-87.6303,41.82367],[-87.6303,41.82354],[-87.6303,41.82346],[-87.63029,41.82327],[-87.63029,41.82303],[-87.63028,41.8228],[-87.63027,41.82253],[-87.63027,41.82226],[-87.63026,41.82215],[-87.63026,41.82209],[-87.63026,41.82195],[-87.63026,41.82193],[-87.63026,41.82192]]},"properties":{"kind":"expressway","name":"Dan Ryan Expy (I-90/94)"}},{"type":"Feature","geometry":{"type":"LineString","coordinates":[[-87.80212,41.98226],[-87.80269,41.98225]]},"properties":{"kind":"expressway","name":"Kennedy Expy (I-90/94)"}},{"type":"Feature","geometry":{"type":"LineString","coordinates":[[-87.66161,41.68929],[-87.66165,41.68918],[-87.66169,41.68907],[-87.66169,41.68906],[-87.66176,41.68885],[-87.66183,41.68863],[-87.66188,41.68844],[-87.66191,41.68833]]},"properties":{"kind":"expressway","name":"I-57"}},{"type":"Feature","geometry":{"type":"LineString","coordinates":[[-87.64481,41.95302],[-87.64481,41.95312],[-87.64481,41.95329],[-87.64477,41.95393],[-87.64479,41.95442],[-87.64481,41.95457],[-87.64483,41.95466]]},"properties":{"kind":"expressway","name":"DuSable Lake Shore Dr"}},{"type":"Feature","geometry":{"type":"LineString","coordinates":[[-87.61413,41.88609],[-87.61413,41.88635],[-87.61413,41.8866],[-87.61413,41.88683],[-87.61413,41.88707],[-87.61413,41.88716],[-87.61414,41.88729]]},"properties":{"kind":"expressway","name":"DuSable Lake Shore Dr"}},{"type":"Feature","geometry":{"type":"LineString","coordinates":[[-87.8081,41.98221],[-87.80819,41.98221],[-87.80861,41.98221],[-87.80906,41.9822],[-87.80938,41.9822],[-87.80976,41.9822],[-87.81,41.9822],[-87.81033,41.9822],[-87.81169,41.98219],[-87.81207,41.98219],[-87.81369,41.98224]]},"properties":{"kind":"expressway","name":"Kennedy Expy (I-90/94)"}},{"type":"Feature","geometry":{"type":"LineString","coordinates":[[-87.64455,41.86238],[-87.64454,41.86208]]},"properties":{"kind":"expressway","name":"Dan Ryan Expy (I-90/94)"}},{"type":"Feature","geometry":{"type":"LineString","coordinates":[[-87.61616,41.8567],[-87.61591,41.85607]]},"properties":{"kind":"expressway","name":"DuSable Lake Shore Dr"}},{"type":"Feature","geometry":{"type":"LineString","coordinates":[[-87.5931,41.70204],[-87.59352,41.70126],[-87.59395,41.70047]]},"properties":{"kind":"expressway","name":"Bishop Ford Fwy (I-94)"}},{"type":"Feature","geometry":{"type":"LineString","coordinates":[[-87.62412,41.90083],[-87.62402,41.90083],[-87.6237,41.90084],[-87.62347,41.90085],[-87.623,41.90087],[-87.62238,41.90089],[-87.62179,41.90091]]},"properties":{"kind":"expressway","name":"DuSable Lake Shore Dr"}},{"type":"Feature","geometry":{"type":"LineString","coordinates":[[-87.63306,41.8451],[-87.63289,41.84504],[-87.6327,41.84496],[-87.63249,41.84487],[-87.63212,41.84468],[-87.63184,41.84449]]},"properties":{"kind":"expressway","name":"Dan Ryan Expy (I-90/94)"}},{"type":"Feature","geometry":{"type":"LineString","coordinates":[[-87.59852,41.67116],[-87.59844,41.67107],[-87.59837,41.67098],[-87.5983,41.6709],[-87.59823,41.67082],[-87.59812,41.67069],[-87.59805,41.67061],[-87.59796,41.6705],[-87.59784,41.67036],[-87.59776,41.67027],[-87.59765,41.67014],[-87.59758,41.67006],[-87.59743,41.66989],[-87.59733,41.66977],[-87.59724,41.66966]]},"properties":{"kind":"expressway","name":"Bishop Ford Fwy (I-94)"}},{"type":"Feature","geometry":{"type":"LineString","coordinates":[[-87.63152,41.7909],[-87.63152,41.7908],[-87.63152,41.79067],[-87.63152,41.79066]]},"properties":{"kind":"expressway","name":"Dan Ryan Expy (I-90/94)"}},{"type":"Feature","geometry":{"type":"LineString","coordinates":[[-87.63793,41.87556],[-87.63805,41.87556],[-87.63846,41.87555],[-87.63889,41.87554],[-87.63924,41.87553],[-87.63961,41.87553],[-87.63963,41.87552]]},"properties":{"kind":"expressway","name":"Eisenhower Expy (I-290)"}},{"type":"Feature","geometry":{"type":"LineString","coordinates":[[-87.68382,41.8758],[-87.68395,41.8758],[-87.68412,41.8758],[-87.68437,41.8758],[-87.68473,41.8758],[-87.68514,41.87579],[-87.68567,41.87579],[-87.68602,41.87579],[-87.68626,41.87579]]},"properties":{"kind":"expressway","name":"Eisenhower Expy (I-290)"}},{"type":"Feature","geometry":{"type":"LineString","coordinates":[[-87.58256,41.80443],[-87.58245,41.80431],[-87.58227,41.80409],[-87.58213,41.80388],[-87.582,41.80367],[-87.58191,41.80348],[-87.58184,41.80333],[-87.58183,41.8033],[-87.58183,41.80329],[-87.58177,41.80313],[-87.58171,41.80295],[-87.58168,41.80279],[-87.58165,41.80259],[-87.58164,41.80256]]},"properties":{"kind":"expressway","name":"DuSable Lake Shore Dr"}},{"type":"Feature","geometry":{"type":"LineString","coordinates":[[-87.6785,41.92273],[-87.6788,41.9229],[-87.67946,41.92327]]},"properties":{"kind":"expressway","name":"Kennedy Expy (I-90/94)"}},{"type":"Feature","geometry":{"type":"LineString","coordinates":[[-87.74823,41.98263],[-87.74892,41.98337],[-87.74924,41.98372]]},"properties":{"kind":"expressway","name":"Edens Expy (I-94)"}},{"type":"Feature","geometry":{"type":"LineString","coordinates":[[-87.64709,41.88799],[-87.64714,41.88805],[-87.64728,41.88823],[-87.64743,41.88841],[-87.64751,41.88851],[-87.64757,41.88858]]},"properties":{"kind":"expressway","name":"Kennedy Expy (I-90/94)"}},{"type":"Feature","geometry":{"type":"LineString","coordinates":[[-87.63151,41.78349],[-87.6315,41.7831]]},"properties":{"kind":"expressway","name":"Dan Ryan Expy (I-90/94)"}},{"type":"Feature","geometry":{"type":"LineString","coordinates":[[-87.64419,41.85649],[-87.64425,41.85622],[-87.64434,41.85587],[-87.64438,41.85573]]},"properties":{"kind":"expressway","name":"Dan Ryan Expy (I-90/94)"}},{"type":"Feature","geometry":{"type":"LineString","coordinates":[[-87.74708,41.96439],[-87.74709,41.96449],[-87.74712,41.96477],[-87.74713,41.96495],[-87.74715,41.9651],[-87.74717,41.96541],[-87.74721,41.96585],[-87.74722,41.96612],[-87.74722,41.96675],[-87.74721,41.96732]]},"properties":{"kind":"expressway","name":"Edens Expy (I-94)"}},{"type":"Feature","geometry":{"type":"LineString","coordinates":[[-87.6253,41.74729],[-87.62529,41.74694],[-87.62528,41.74665],[-87.62527,41.74621],[-87.62526,41.7457],[-87.62525,41.74546]]},"properties":{"kind":"expressway","name":"Dan Ryan Expy (I-90/94)"}},{"type":"Feature","geometry":{"type":"LineString","coordinates":[[-87.63063,41.9238],[-87.63082,41.92437],[-87.63082,41.92438]]},"properties":{"kind":"expressway","name":"DuSable Lake Shore Dr"}},{"type":"Feature","geometry":{"type":"LineString","coordinates":[[-87.62367,41.90207],[-87.62369,41.90209],[-87.62376,41.90215],[-87.62379,41.90218],[-87.62391,41.9023],[-87.62404,41.90247]]},"properties":{"kind":"expressway","name":"DuSable Lake Shore Dr"}},{"type":"Feature","geometry":{"type":"LineString","coordinates":[[-87.83659,41.98451],[-87.83678,41.98451],[-87.83723,41.98449]]},"properties":{"kind":"expressway","name":"Kennedy Expy (I-90/94)"}},{"type":"Feature","geometry":{"type":"LineString","coordinates":[[-87.59081,41.6625],[-87.59075,41.66242],[-87.59054,41.66216],[-87.59013,41.66166],[-87.5897,41.66118],[-87.58952,41.66098],[-87.58934,41.66078],[-87.58934,41.66078],[-87.58912,41.66052],[-87.58901,41.6604]]},"properties":{"kind":"expressway","name":"Bishop Ford Fwy (I-94)"}},{"type":"Feature","geometry":{"type":"LineString","coordinates":[[-87.6242,41.72278],[-87.6242,41.72273],[-87.62419,41.7225],[-87.62418,41.72209],[-87.62418,41.72188],[-87.62418,41.72164]]},"properties":{"kind":"expressway","name":"Dan Ryan Expy (I-90/94)"}},{"type":"Feature","geometry":{"type":"LineString","coordinates":[[-87.75323,41.87135],[-87.75333,41.87135],[-87.75376,41.87134],[-87.75414,41.87134],[-87.75443,41.87133],[-87.75459,41.87133],[-87.75474,41.87132]]},"properties":{"kind":"expressway","name":"Eisenhower Expy (I-290)"}},{"type":"Feature","geometry":{"type":"LineString","coordinates":[[-87.69135,41.87573],[-87.69139,41.87573],[-87.6915,41.87573],[-87.69236,41.87572]]},"properties":{"kind":"expressway","name":"Eisenhower Expy (I-290)"}},{"type":"Feature","geometry":{"type":"LineString","coordinates":[[-87.55556,41.72821],[-87.5554,41.72809],[-87.55525,41.72798],[-87.55489,41.72772],[-87.55449,41.72743],[-87.55414,41.72718],[-87.55381,41.72695],[-87.55369,41.72686],[-87.55357,41.72678]]},"properties":{"kind":"expressway","name":"Chicago Skyway (I-90)"}},{"type":"Feature","geometry":{"type":"LineString","coordinates":[[-87.63073,41.81388],[-87.63072,41.8135],[-87.63072,41.81292],[-87.63073,41.81257]]},"properties":{"kind":"expressway","name":"Dan Ryan Expy (I-90/94)"}},{"type":"Feature","geometry":{"type":"LineString","coordinates":[[-87.62588,41.76185],[-87.62587,41.76143],[-87.62588,41.76102],[-87.62587,41.76048],[-87.62586,41.76009],[-87.62586,41.76004]]},"properties":{"kind":"expressway","name":"Dan Ryan Expy (I-90/94)"}},{"type":"Feature","geometry":{"type":"LineString","coordinates":[[-87.69129,41.92997],[-87.69131,41.92998],[-87.69193,41.93034]]},"properties":{"kind":"expressway","name":"Kennedy Expy (I-90/94)"}},{"type":"Feature","geometry":{"type":"LineString","coordinates":[[-87.62642,41.91289],[-87.6265,41.91305],[-87.62651,41.91308],[-87.62676,41.91357],[-87.62698,41.91401],[-87.62708,41.91418],[-87.62723,41.91451],[-87.62755,41.91513],[-87.62756,41.91514]]},"properties":{"kind":"expressway","name":"DuSable Lake Shore Dr"}},{"type":"Feature","geometry":{"type":"LineString","coordinates":[[-87.66439,41.83926],[-87.66502,41.8389],[-87.66578,41.83846]]},"properties":{"kind":"expressway","name":"Stevenson Expy (I-55)"}},{"type":"Feature","geometry":{"type":"LineString","coordinates":[[-87.6461,41.88442],[-87.64611,41.88454],[-87.64614,41.88505],[-87.64614,41.88507],[-87.64615,41.88526],[-87.64615,41.8853]]},"properties":{"kind":"expressway","name":"Kennedy Expy (I-90/94)"}},{"type":"Feature","geometry":{"type":"LineString","coordinates":[[-87.63056,41.81989],[-87.63055,41.81969],[-87.63055,41.81946],[-87.63054,41.81926],[-87.63054,41.81924],[-87.63054,41.81923],[-87.63053,41.81915]]},"properties":{"kind":"expressway","name":"Dan Ryan Expy (I-90/94)"}},{"type":"Feature","geometry":{"type":"LineString","coordinates":[[-87.65284,41.70318],[-87.65283,41.70284],[-87.65282,41.70274],[-87.65282,41.70269],[-87.65281,41.70235],[-87.65282,41.70203],[-87.65284,41.70171],[-87.65288,41.70146],[-87.6529,41.70135]]},"properties":{"kind":"expressway","name":"I-57"}},{"type":"Feature","geometry":{"type":"LineString","coordinates":[[-87.57457,41.74167],[-87.57421,41.74141],[-87.57352,41.74089],[-87.57345,41.74083],[-87.57341,41.7408],[-87.57331,41.74073]]},"properties":{"kind":"expressway","name":"Chicago Skyway (I-90)"}},{"type":"Feature","geometry":{"type":"LineString","coordinates":[[-87.65302,41.71046],[-87.65302,41.71025],[-87.65302,41.70998],[-87.65301,41.7096],[-87.653,41.7094],[-87.65299,41.70904],[-87.65299,41.70902],[-87.65299,41.70883],[-87.65299,41.70873],[-87.65299,41.70865]]},"properties":{"kind":"expressway","name":"I-57"}},{"type":"Feature","geometry":{"type":"LineString","coordinates":[[-87.72972,41.87404],[-87.73023,41.87403],[-87.73034,41.87403]]},"properties":{"kind":"expressway","name":"Eisenhower Expy (I-290)"}},{"type":"Feature","geometry":{"type":"LineString","coordinates":[[-87.61837,41.89932],[-87.61924,41.90058],[-87.6193,41.90067],[-87.61933,41.90073],[-87.61943,41.90086],[-87.61953,41.90096]]},"properties":{"kind":"expressway","name":"DuSable Lake Shore Dr"}},{"type":"Feature","geometry":{"type":"LineString","coordinates":[[-87.66808,41.83758],[-87.66846,41.83751],[-87.6686,41.83748]]},"properties":{"kind":"expressway","name":"Stevenson Expy (I-55)"}},{"type":"Feature","geometry":{"type":"LineString","coordinates":[[-87.66156,41.87617],[-87.66174,41.87616],[-87.66185,41.87616]]},"properties":{"kind":"expressway","name":"Eisenhower Expy (I-290)"}},{"type":"Feature","geometry":{"type":"LineString","coordinates":[[-87.63193,41.84754],[-87.63214,41.84754]]},"properties":{"kind":"expressway","name":"Stevenson Expy (I-55)"}},{"type":"Feature","geometry":{"type":"LineString","coordinates":[[-87.56554,41.73467],[-87.5651,41.73431],[-87.56492,41.73418],[-87.56456,41.73394],[-87.56448,41.73388],[-87.56439,41.73382]]},"properties":{"kind":"expressway","name":"Chicago Skyway (I-90)"}},{"type":"Feature","geometry":{"type":"LineString","coordinates":[[-87.64481,41.95239],[-87.64481,41.95239],[-87.64481,41.95245],[-87.64481,41.95256],[-87.64481,41.95261],[-87.64481,41.95281],[-87.64481,41.95301],[-87.64481,41.95302]]},"properties":{"kind":"expressway","name":"DuSable Lake Shore Dr"}},{"type":"Feature","geometry":{"type":"LineString","coordinates":[[-87.72756,41.95171],[-87.72785,41.95187]]},"properties":{"kind":"expressway","name":"Kennedy Expy (I-90/94)"}},{"type":"Feature","geometry":{"type":"LineString","coordinates":[[-87.64415,41.8495],[-87.64404,41.84932],[-87.64387,41.84903],[-87.64381,41.84893],[-87.64375,41.84883],[-87.64368,41.84872],[-87.64367,41.84871]]},"properties":{"kind":"expressway","name":"Dan Ryan Expy (I-90/94)"}},{"type":"Feature","geometry":{"type":"LineString","coordinates":[[-87.61728,41.85971],[-87.61719,41.85947],[-87.6171,41.85926],[-87.61708,41.85922],[-87.61702,41.8591]]},"properties":{"kind":"expressway","name":"DuSable Lake Shore Dr"}},{"type":"Feature","geometry":{"type":"LineString","coordinates":[[-87.63141,41.79625],[-87.63141,41.79614],[-87.63141,41.79596],[-87.6314,41.79555],[-87.63139,41.79531],[-87.63139,41.79475],[-87.6314,41.79463],[-87.6314,41.79454]]},"properties":{"kind":"expressway","name":"Dan Ryan Expy (I-90/94)"}},{"type":"Feature","geometry":{"type":"LineString","coordinates":[[-87.76852,41.97388],[-87.76863,41.97395],[-87.769,41.97415]]},"properties":{"kind":"expressway","name":"Kennedy Expy (I-90/94)"}},{"type":"Feature","geometry":{"type":"LineString","coordinates":[[-87.59652,41.69525],[-87.59654,41.69522],[-87.59674,41.69484]]},"properties":{"kind":"expressway","name":"Bishop Ford Fwy (I-94)"}},{"type":"Feature","geometry":{"type":"LineString","coordinates":[[-87.80114,41.98252],[-87.80126,41.98252],[-87.80213,41.98254]]},"properties":{"kind":"expressway","name":"Kennedy Expy (I-90/94)"}},{"type":"Feature","geometry":{"type":"LineString","coordinates":[[-87.74721,41.96732],[-87.74722,41.96794],[-87.74722,41.96804]]},"properties":{"kind":"expressway","name":"Edens Expy (I-94)"}},{"type":"Feature","geometry":{"type":"LineString","coordinates":[[-87.64216,41.94679],[-87.64219,41.94684],[-87.64246,41.9473],[-87.64259,41.94754],[-87.64272,41.94776]]},"properties":{"kind":"expressway","name":"DuSable Lake Shore Dr"}},{"type":"Feature","geometry":{"type":"LineString","coordinates":[[-87.60619,41.83122],[-87.60614,41.83116],[-87.60605,41.83104],[-87.60598,41.83095],[-87.6059,41.83085],[-87.60581,41.83073],[-87.60564,41.83051],[-87.60552,41.83035],[-87.60547,41.83028]]},"properties":{"kind":"expressway","name":"DuSable Lake Shore Dr"}},{"type":"Feature","geometry":{"type":"LineString","coordinates":[[-87.63041,41.8145],[-87.63041,41.8144],[-87.6304,41.81412],[-87.63039,41.81384],[-87.63039,41.81381],[-87.63038,41.81347],[-87.63038,41.8132],[-87.63037,41.81296],[-87.63037,41.81273],[-87.63037,41.81255]]},"properties":{"kind":"expressway","name":"Dan Ryan Expy (I-90/94)"}},{"type":"Feature","geometry":{"type":"LineString","coordinates":[[-87.59965,41.67273],[-87.59958,41.67265],[-87.59949,41.67254],[-87.59942,41.67246],[-87.59934,41.67237],[-87.59928,41.6723],[-87.59921,41.67221],[-87.59915,41.67215],[-87.59909,41.67208],[-87.59899,41.67196],[-87.5989,41.67186],[-87.59877,41.6717],[-87.59863,41.67154],[-87.59855,41.67146],[-87.59847,41.67137],[-87.5984,41.67129],[-87.59832,41.6712]]},"properties":{"kind":"expressway","name":"Bishop Ford Fwy (I-94)"}},{"type":"Feature","geometry":{"type":"LineString","coordinates":[[-87.64968,41.84567],[-87.64986,41.84565],[-87.65,41.84564],[-87.6506,41.84556],[-87.65085,41.84551]]},"properties":{"kind":"expressway","name":"Stevenson Expy (I-55)"}},{"type":"Feature","geometry":{"type":"LineString","coordinates":[[-87.57582,41.74277],[-87.5757,41.74268],[-87.5755,41.74254]]},"properties":{"kind":"expressway","name":"Chicago Skyway (I-90)"}},{"type":"Feature","geometry":{"type":"LineString","coordinates":[[-87.578,41.74431],[-87.57741,41.74389],[-87.57686,41.74351],[-87.57674,41.74342],[-87.57603,41.74292],[-87.57595,41.74286],[-87.57582,41.74277]]},"properties":{"kind":"expressway","name":"Chicago Skyway (I-90)"}},{"type":"Feature","geometry":{"type":"LineString","coordinates":[[-87.60095,41.68749],[-87.60104,41.68732],[-87.60132,41.68678],[-87.60137,41.68667],[-87.60146,41.68649],[-87.60153,41.68633],[-87.60155,41.68628],[-87.60157,41.68623],[-87.60158,41.68622]]},"properties":{"kind":"expressway","name":"Bishop Ford Fwy (I-94)"}},{"type":"Feature","geometry":{"type":"LineString","coordinates":[[-87.64428,41.86127],[-87.64427,41.86116]]},"properties":{"kind":"expressway","name":"Dan Ryan Expy (I-90/94)"}},{"type":"Feature","geometry":{"type":"LineString","coordinates":[[-87.60324,41.76226],[-87.6031,41.76216],[-87.60195,41.76132],[-87.6008,41.7605],[-87.6005,41.76028]]},"properties":{"kind":"expressway","name":"Chicago Skyway (I-90)"}},{"type":"Feature","geometry":{"type":"LineString","coordinates":[[-87.62854,41.77663],[-87.62826,41.77649],[-87.62804,41.77634],[-87.62786,41.7762],[-87.62762,41.77605],[-87.62739,41.77589],[-87.62709,41.77565],[-87.62691,41.77551],[-87.62673,41.77532],[-87.62659,41.77513],[-87.62643,41.77497]]},"properties":{"kind":"expressway","name":"Dan Ryan Expy (I-90/94)"}},{"type":"Feature","geometry":{"type":"LineString","coordinates":[[-87.72675,41.82244],[-87.72765,41.82216],[-87.72834,41.82194],[-87.72886,41.82177]]},"properties":{"kind":"expressway","name":"Stevenson Expy (I-55)"}},{"type":"Feature","geometry":{"type":"LineString","coordinates":[[-87.64969,41.9745],[-87.64969,41.9745],[-87.64978,41.9748],[-87.64984,41.97491],[-87.64998,41.9752],[-87.65009,41.97544],[-87.6502,41.97568],[-87.65023,41.97574],[-87.65034,41.97599],[-87.65049,41.9763],[-87.65058,41.97649],[-87.65062,41.97659]]},"properties":{"kind":"expressway","name":"DuSable Lake Shore Dr"}},{"type":"Feature","geometry":{"type":"LineString","coordinates":[[-87.68381,41.87533],[-87.68394,41.87533],[-87.68429,41.87533],[-87.68471,41.87533],[-87.68526,41.87533],[-87.68582,41.87532],[-87.68601,41.87532],[-87.68626,41.87532]]},"properties":{"kind":"expressway","name":"Eisenhower Expy (I-290)"}},{"type":"Feature","geometry":{"type":"LineString","coordinates":[[-87.61701,41.8707],[-87.617,41.87053],[-87.617,41.87017],[-87.617,41.87001]]},"properties":{"kind":"expressway","name":"DuSable Lake Shore Dr"}},{"type":"Feature","geometry":{"type":"LineString","coordinates":[[-87.62581,41.75818],[-87.6258,41.75805],[-87.6258,41.758],[-87.6258,41.75758],[-87.62579,41.75746],[-87.62579,41.75723],[-87.62578,41.75691],[-87.62577,41.75667],[-87.62577,41.75651],[-87.62576,41.75644],[-87.62576,41.7564]]},"properties":{"kind":"expressway","name":"Dan Ryan Expy (I-90/94)"}},{"type":"Feature","geometry":{"type":"LineString","coordinates":[[-87.63019,41.81915],[-87.63019,41.81907],[-87.63019,41.81904],[-87.63019,41.81877],[-87.63019,41.81858],[-87.63018,41.81833],[-87.63017,41.81812],[-87.63017,41.81809]]},"properties":{"kind":"expressway","name":"Dan Ryan Expy (I-90/94)"}},{"type":"Feature","geometry":{"type":"LineString","coordinates":[[-87.72406,41.82328],[-87.72438,41.82318]]},"properties":{"kind":"expressway","name":"Stevenson Expy (I-55)"}},{"type":"Feature","geometry":{"type":"LineString","coordinates":[[-87.61461,41.89348],[-87.61468,41.8936],[-87.61472,41.89365]]},"properties":{"kind":"expressway","name":"DuSable Lake Shore Dr"}},{"type":"Feature","geometry":{"type":"LineString","coordinates":[[-87.70616,41.8746],[-87.70627,41.87458],[-87.70638,41.87457],[-87.70643,41.87456],[-87.70656,41.87454],[-87.70692,41.87449],[-87.70738,41.87444],[-87.70811,41.87435],[-87.70842,41.87433]]},"properties":{"kind":"expressway","name":"Eisenhower Expy (I-290)"}},{"type":"Feature","geometry":{"type":"LineString","coordinates":[[-87.61832,41.86212],[-87.61821,41.86183],[-87.61809,41.86146],[-87.61789,41.86098],[-87.61759,41.86033]]},"properties":{"kind":"expressway","name":"DuSable Lake Shore Dr"}},{"type":"Feature","geometry":{"type":"LineString","coordinates":[[-87.6456,41.87575],[-87.64573,41.87576],[-87.64591,41.87577],[-87.64593,41.87577],[-87.64609,41.87578],[-87.64652,41.87578],[-87.64668,41.87578],[-87.64677,41.87578],[-87.64683,41.87578]]},"properties":{"kind":"expressway","name":"Eisenhower Expy (I-290)"}},{"type":"Feature","geometry":{"type":"LineString","coordinates":[[-87.62563,41.75409],[-87.62562,41.75403],[-87.62562,41.75403],[-87.6256,41.75371],[-87.62553,41.75306],[-87.6255,41.75275]]},"properties":{"kind":"expressway","name":"Dan Ryan Expy (I-90/94)"}},{"type":"Feature","geometry":{"type":"LineString","coordinates":[[-87.60087,41.82597],[-87.60078,41.82583],[-87.60065,41.82562],[-87.60056,41.82546],[-87.60048,41.82528]]},"properties":{"kind":"expressway","name":"DuSable Lake Shore Dr"}},{"type":"Feature","geometry":{"type":"LineString","coordinates":[[-87.6814,41.87583],[-87.6815,41.87583],[-87.6815,41.87583],[-87.68151,41.87583],[-87.68189,41.87583]]},"properties":{"kind":"expressway","name":"Eisenhower Expy (I-290)"}},{"type":"Feature","geometry":{"type":"LineString","coordinates":[[-87.62414,41.72017],[-87.62417,41.71985]]},"properties":{"kind":"expressway","name":"Dan Ryan 79th"}},{"type":"Feature","geometry":{"type":"LineString","coordinates":[[-87.64007,41.9434],[-87.64036,41.94394],[-87.64087,41.94489]]},"properties":{"kind":"expressway","name":"DuSable Lake Shore Dr"}},{"type":"Feature","geometry":{"type":"LineString","coordinates":[[-87.6309,41.78544],[-87.6309,41.78499],[-87.63087,41.78431],[-87.63086,41.78363],[-87.63085,41.78311]]},"properties":{"kind":"expressway","name":"Dan Ryan Expy (I-90/94)"}},{"type":"Feature","geometry":{"type":"LineString","coordinates":[[-87.55793,41.72969],[-87.55774,41.72958],[-87.55772,41.72956],[-87.55731,41.72927],[-87.55626,41.72851],[-87.556,41.72832],[-87.55584,41.7282]]},"properties":{"kind":"expressway","name":"Chicago Skyway (I-90)"}},{"type":"Feature","geometry":{"type":"LineString","coordinates":[[-87.76357,41.97159],[-87.76381,41.97166],[-87.76406,41.97172],[-87.76416,41.97175],[-87.76424,41.97177]]},"properties":{"kind":"expressway","name":"Kennedy Expy (I-90/94)"}},{"type":"Feature","geometry":{"type":"LineString","coordinates":[[-87.63145,41.79821],[-87.63145,41.79817],[-87.63145,41.79784],[-87.63143,41.79713],[-87.63142,41.79682],[-87.63141,41.79625]]},"properties":{"kind":"expressway","name":"Dan Ryan Expy (I-90/94)"}},{"type":"Feature","geometry":{"type":"LineString","coordinates":[[-87.6307,41.81447],[-87.6307,41.81442],[-87.63071,41.81413],[-87.63073,41.81388]]},"properties":{"kind":"expressway","name":"Dan Ryan Expy (I-90/94)"}},{"type":"Feature","geometry":{"type":"LineString","coordinates":[[-87.87789,41.98153],[-87.87811,41.98144],[-87.87818,41.98141],[-87.87822,41.98139],[-87.8783,41.98136],[-87.87849,41.98128],[-87.8786,41.98124],[-87.87867,41.98121],[-87.87878,41.98116]]},"properties":{"kind":"expressway","name":"I-190 (O'Hare)"}},{"type":"Feature","geometry":{"type":"LineString","coordinates":[[-87.59946,41.82304],[-87.59917,41.82244],[-87.59897,41.82202],[-87.59879,41.82167],[-87.59855,41.82127],[-87.59835,41.82098],[-87.59809,41.82065],[-87.5978,41.82025],[-87.59768,41.82011]]},"properties":{"kind":"expressway","name":"DuSable Lake Shore Dr"}},{"type":"Feature","geometry":{"type":"LineString","coordinates":[[-87.53589,41.71391],[-87.53574,41.71381],[-87.5355,41.71364],[-87.53531,41.7135],[-87.53528,41.71348]]},"properties":{"kind":"expressway","name":"Chicago Skyway (I-90)"}},{"type":"Feature","geometry":{"type":"LineString","coordinates":[[-87.62568,41.77093],[-87.62569,41.77064],[-87.62568,41.77049],[-87.62568,41.77026],[-87.62567,41.7701],[-87.62566,41.7698],[-87.62566,41.76966],[-87.62565,41.76947],[-87.62565,41.76933],[-87.62564,41.76925],[-87.62564,41.76919]]},"properties":{"kind":"expressway","name":"Dan Ryan Expy (I-90/94)"}},{"type":"Feature","geometry":{"type":"LineString","coordinates":[[-87.59373,41.66587],[-87.59307,41.6651],[-87.59239,41.66429],[-87.59188,41.66371]]},"properties":{"kind":"expressway","name":"Bishop Ford Fwy (I-94)"}},{"type":"Feature","geometry":{"type":"LineString","coordinates":[[-87.53156,41.71005],[-87.53144,41.70994],[-87.53104,41.70958],[-87.53079,41.70935],[-87.53048,41.70906],[-87.53021,41.70881],[-87.5302,41.70881],[-87.52987,41.7085],[-87.52969,41.70833],[-87.52959,41.70824]]},"properties":{"kind":"expressway","name":"Chicago Skyway (I-90)"}},{"type":"Feature","geometry":{"type":"LineString","coordinates":[[-87.59511,41.69828],[-87.59521,41.69808],[-87.59559,41.69739],[-87.59585,41.69692],[-87.59617,41.69633]]},"properties":{"kind":"expressway","name":"Bishop Ford Fwy (I-94)"}},{"type":"Feature","geometry":{"type":"LineString","coordinates":[[-87.64425,41.86049],[-87.64425,41.86048],[-87.64423,41.85996]]},"properties":{"kind":"expressway","name":"Dan Ryan Expy (I-90/94)"}},{"type":"Feature","geometry":{"type":"LineString","coordinates":[[-87.60208,41.71336],[-87.60203,41.71336],[-87.60172,41.71334],[-87.60137,41.71332],[-87.60115,41.7133],[-87.60096,41.71328],[-87.60061,41.71323],[-87.60042,41.71321],[-87.60022,41.71317],[-87.59994,41.71312],[-87.59975,41.71308],[-87.5996,41.71305],[-87.59949,41.71303],[-87.59927,41.71297],[-87.59899,41.71289],[-87.59888,41.71286]]},"properties":{"kind":"expressway","name":"Bishop Ford Fwy (I-94)"}},{"type":"Feature","geometry":{"type":"LineString","coordinates":[[-87.62403,41.71579],[-87.62393,41.71566],[-87.62388,41.71559],[-87.62373,41.71541],[-87.62361,41.71529],[-87.62349,41.71516],[-87.62337,41.71505],[-87.62331,41.71501],[-87.62327,41.71497]]},"properties":{"kind":"expressway","name":"Bishop Ford Fwy (I-94)"}},{"type":"Feature","geometry":{"type":"LineString","coordinates":[[-87.61456,41.89271],[-87.61455,41.89273],[-87.61454,41.89281],[-87.61455,41.89293],[-87.61458,41.89303],[-87.61463,41.89314],[-87.61472,41.89325],[-87.61481,41.89339],[-87.61488,41.89349]]},"properties":{"kind":"expressway","name":"DuSable Lake Shore Dr"}},{"type":"Feature","geometry":{"type":"LineString","coordinates":[[-87.59999,41.76011],[-87.59911,41.75946],[-87.59832,41.75889],[-87.5981,41.75873]]},"properties":{"kind":"expressway","name":"Chicago Skyway (I-90)"}},{"type":"Feature","geometry":{"type":"LineString","coordinates":[[-87.69925,41.93393],[-87.6996,41.9341]]},"properties":{"kind":"expressway","name":"Kennedy Expy (I-90/94)"}},{"type":"Feature","geometry":{"type":"LineString","coordinates":[[-87.6778,41.92233],[-87.67799,41.92242],[-87.67808,41.92248],[-87.67835,41.92264],[-87.6785,41.92273]]},"properties":{"kind":"expressway","name":"Kennedy Expy (I-90/94)"}},{"type":"Feature","geometry":{"type":"LineString","coordinates":[[-87.63011,41.82734],[-87.63011,41.82725],[-87.6301,41.82682],[-87.63009,41.8265],[-87.63008,41.82621]]},"properties":{"kind":"expressway","name":"Dan Ryan Expy (I-90/94)"}},{"type":"Feature","geometry":{"type":"LineString","coordinates":[[-87.55114,41.72496],[-87.55109,41.72491],[-87.55105,41.72489],[-87.5509,41.72479],[-87.55069,41.72462],[-87.55048,41.72445],[-87.55024,41.72424],[-87.54999,41.72401],[-87.54985,41.72389],[-87.54966,41.72372],[-87.54951,41.72356]]},"properties":{"kind":"expressway","name":"Chicago Skyway (I-90)"}},{"type":"Feature","geometry":{"type":"LineString","coordinates":[[-87.62761,41.77527],[-87.62732,41.77516],[-87.62695,41.77507]]},"properties":{"kind":"expressway","name":"Chicago Skyway (I-90)"}},{"type":"Feature","geometry":{"type":"LineString","coordinates":[[-87.61423,41.89111],[-87.61423,41.89137],[-87.61422,41.89192]]},"properties":{"kind":"expressway","name":"DuSable Lake Shore Dr"}},{"type":"Feature","geometry":{"type":"LineString","coordinates":[[-87.6074,41.83296],[-87.60736,41.83289],[-87.60732,41.83281],[-87.60729,41.83276],[-87.60721,41.83263],[-87.60714,41.83251],[-87.60708,41.83241],[-87.60698,41.83226],[-87.60689,41.83214],[-87.6068,41.83202],[-87.60671,41.83189],[-87.6066,41.83175],[-87.60658,41.83172],[-87.60656,41.83169],[-87.6065,41.83162],[-87.6064,41.8315],[-87.60629,41.83135],[-87.60621,41.83125],[-87.60619,41.83122]]},"properties":{"kind":"expressway","name":"DuSable Lake Shore Dr"}},{"type":"Feature","geometry":{"type":"LineString","coordinates":[[-87.63053,41.83282],[-87.63053,41.83258],[-87.63052,41.83229],[-87.63051,41.83198],[-87.63051,41.8317],[-87.6305,41.83142],[-87.63049,41.83118],[-87.63049,41.83109],[-87.63049,41.83096]]},"properties":{"kind":"expressway","name":"Dan Ryan Expy (I-90/94)"}},{"type":"Feature","geometry":{"type":"LineString","coordinates":[[-87.65031,41.71426],[-87.65038,41.71423],[-87.65045,41.7142],[-87.6506,41.71414],[-87.65078,41.71405],[-87.65085,41.71401],[-87.65104,41.71391],[-87.65139,41.71368],[-87.65149,41.71362]]},"properties":{"kind":"expressway","name":"I-57"}},{"type":"Feature","geometry":{"type":"LineString","coordinates":[[-87.64438,41.85573],[-87.64442,41.85561],[-87.64446,41.85546]]},"properties":{"kind":"expressway","name":"Dan Ryan Expy (I-90/94)"}},{"type":"Feature","geometry":{"type":"LineString","coordinates":[[-87.64567,41.87434],[-87.64567,41.87425],[-87.64568,41.87421],[-87.64568,41.8742],[-87.64568,41.87402],[-87.64566,41.87371]]},"properties":{"kind":"expressway","name":"Dan Ryan Expy (I-90/94)"}},{"type":"Feature","geometry":{"type":"LineString","coordinates":[[-87.63146,41.78145],[-87.63146,41.78135],[-87.63143,41.78036],[-87.63142,41.78006],[-87.63141,41.78],[-87.63141,41.77998]]},"properties":{"kind":"expressway","name":"Dan Ryan Expy (I-90/94)"}},{"type":"Feature","geometry":{"type":"LineString","coordinates":[[-87.73869,41.95791],[-87.73877,41.95796],[-87.73887,41.95801],[-87.73901,41.95809],[-87.73916,41.95817],[-87.73929,41.95824],[-87.73942,41.95831],[-87.73956,41.95839],[-87.74026,41.95881],[-87.74046,41.95893],[-87.74062,41.95903],[-87.74076,41.9591],[-87.74089,41.95918],[-87.74103,41.95926],[-87.74116,41.95934],[-87.74143,41.9595],[-87.74168,41.95965],[-87.74195,41.95982]]},"properties":{"kind":"expressway","name":"Kennedy Expy (I-90/94)"}},{"type":"Feature","geometry":{"type":"LineString","coordinates":[[-87.77173,41.97569],[-87.77193,41.9758],[-87.77238,41.97605],[-87.77259,41.97617],[-87.77294,41.97636],[-87.77355,41.97673],[-87.77372,41.97683]]},"properties":{"kind":"expressway","name":"Kennedy Expy (I-90/94)"}},{"type":"Feature","geometry":{"type":"LineString","coordinates":[[-87.63009,41.77818],[-87.62999,41.77801],[-87.62996,41.77795],[-87.62981,41.77775],[-87.62964,41.77756],[-87.62948,41.77738],[-87.62944,41.77735],[-87.62932,41.77724]]},"properties":{"kind":"expressway","name":"Dan Ryan Expy (I-90/94)"}},{"type":"Feature","geometry":{"type":"LineString","coordinates":[[-87.66968,41.87544],[-87.66973,41.87544],[-87.66999,41.87544],[-87.67032,41.87545],[-87.67068,41.87546],[-87.67113,41.87546],[-87.67152,41.87546],[-87.67157,41.87546]]},"properties":{"kind":"expressway","name":"Eisenhower Expy (I-290)"}},{"type":"Feature","geometry":{"type":"LineString","coordinates":[[-87.62492,41.71805],[-87.6249,41.71781],[-87.62488,41.71775],[-87.62486,41.71765]]},"properties":{"kind":"expressway","name":"Bishop Ford Fwy (I-94)"}},{"type":"Feature","geometry":{"type":"LineString","coordinates":[[-87.7181,41.87382],[-87.71839,41.87382],[-87.71906,41.87381],[-87.71946,41.87381],[-87.71966,41.8738],[-87.71978,41.8738]]},"properties":{"kind":"expressway","name":"Eisenhower Expy (I-290)"}},{"type":"Feature","geometry":{"type":"LineString","coordinates":[[-87.74644,41.9644],[-87.7465,41.96448],[-87.74651,41.96449],[-87.74673,41.965],[-87.74676,41.96511],[-87.74679,41.9652],[-87.74682,41.96531],[-87.74689,41.96564]]},"properties":{"kind":"expressway","name":"Edens Expy (I-94)"}},{"type":"Feature","geometry":{"type":"LineString","coordinates":[[-87.72789,41.8737],[-87.72821,41.8737],[-87.72859,41.87369],[-87.72906,41.87369],[-87.72952,41.87368],[-87.72985,41.87368],[-87.73021,41.87367],[-87.73033,41.87367]]},"properties":{"kind":"expressway","name":"Eisenhower Expy (I-290)"}},{"type":"Feature","geometry":{"type":"LineString","coordinates":[[-87.64559,41.88317],[-87.64558,41.88356],[-87.64559,41.88376]]},"properties":{"kind":"expressway","name":"Kennedy Expy (I-90/94)"}},{"type":"Feature","geometry":{"type":"LineString","coordinates":[[-87.64298,41.84696],[-87.64303,41.84695],[-87.64324,41.8469],[-87.64357,41.84681],[-87.64372,41.84676],[-87.64399,41.84665],[-87.64459,41.84642],[-87.64498,41.84626],[-87.6456,41.84603],[-87.64576,41.84598],[-87.64605,41.8459],[-87.64632,41.84583],[-87.64646,41.8458]]},"properties":{"kind":"expressway","name":"Stevenson Expy (I-55)"}},{"type":"Feature","geometry":{"type":"LineString","coordinates":[[-87.59261,41.81439],[-87.59217,41.81405],[-87.59146,41.81354],[-87.59111,41.81328]]},"properties":{"kind":"expressway","name":"DuSable Lake Shore Dr"}},{"type":"Feature","geometry":{"type":"LineString","coordinates":[[-87.61775,41.77294],[-87.61719,41.77251],[-87.61635,41.77187],[-87.61603,41.77164],[-87.61588,41.77153],[-87.6158,41.77147],[-87.61574,41.77143],[-87.61568,41.77138],[-87.61556,41.7713],[-87.61555,41.77129],[-87.61541,41.77119]]},"properties":{"kind":"expressway","name":"Chicago Skyway (I-90)"}},{"type":"Feature","geometry":{"type":"LineString","coordinates":[[-87.62467,41.73997],[-87.62466,41.73868],[-87.62463,41.73818]]},"properties":{"kind":"expressway","name":"Dan Ryan Expy (I-90/94)"}},{"type":"Feature","geometry":{"type":"LineString","coordinates":[[-87.64428,41.87565],[-87.64442,41.87566],[-87.64464,41.87568],[-87.64474,41.87569]]},"properties":{"kind":"expressway","name":"Eisenhower Expy (I-290)"}},{"type":"Feature","geometry":{"type":"LineString","coordinates":[[-87.64441,41.86543],[-87.64441,41.86522],[-87.6444,41.8649],[-87.64439,41.86464]]},"properties":{"kind":"expressway","name":"Dan Ryan Expy (I-90/94)"}},{"type":"Feature","geometry":{"type":"LineString","coordinates":[[-87.54877,41.72279],[-87.54865,41.72265],[-87.54849,41.72248],[-87.54832,41.7223]]},"properties":{"kind":"expressway","name":"Chicago Skyway (I-90)"}},{"type":"Feature","geometry":{"type":"LineString","coordinates":[[-87.74693,41.96332],[-87.74699,41.96334],[-87.74702,41.96335],[-87.74719,41.9634]]},"properties":{"kind":"expressway","name":"Kennedy Expy (I-90/94)"}},{"type":"Feature","geometry":{"type":"LineString","coordinates":[[-87.61764,41.89769],[-87.61809,41.89834],[-87.61819,41.89848]]},"properties":{"kind":"expressway","name":"DuSable Lake Shore Dr"}},{"type":"Feature","geometry":{"type":"LineString","coordinates":[[-87.62554,41.76612],[-87.62553,41.76585],[-87.62552,41.76559],[-87.62552,41.76552],[-87.62552,41.76546]]},"properties":{"kind":"expressway","name":"Dan Ryan Expy (I-90/94)"}},{"type":"Feature","geometry":{"type":"LineString","coordinates":[[-87.59143,41.6629],[-87.59118,41.66261],[-87.59079,41.66216],[-87.59045,41.66177],[-87.59008,41.66133],[-87.58996,41.66118]]},"properties":{"kind":"expressway","name":"Bishop Ford Fwy (I-94)"}},{"type":"Feature","geometry":{"type":"LineString","coordinates":[[-87.64437,41.95051],[-87.6444,41.95056],[-87.64443,41.95062],[-87.64449,41.95073],[-87.64455,41.95084],[-87.64458,41.9509],[-87.64462,41.951],[-87.64465,41.95108],[-87.64469,41.95117],[-87.6447,41.95122],[-87.64473,41.95131],[-87.64475,41.95139],[-87.64476,41.95145],[-87.64477,41.95152],[-87.64478,41.95158],[-87.64479,41.95163],[-87.6448,41.95169],[-87.64481,41.95178],[-87.64481,41.95186],[-87.64481,41.95196],[-87.64481,41.95203],[-87.64481,41.95212],[-87.64481,41.95218],[-87.64481,41.95224],[-87.64481,41.95233],[-87.64481,41.95239]]},"properties":{"kind":"expressway","name":"DuSable Lake Shore Dr"}},{"type":"Feature","geometry":{"type":"LineString","coordinates":[[-87.62854,41.71553],[-87.62952,41.71523],[-87.62973,41.71518],[-87.62995,41.71513],[-87.63018,41.71509],[-87.63037,41.71506],[-87.63049,41.71504],[-87.63062,41.71503],[-87.63078,41.71501],[-87.63091,41.715]]},"properties":{"kind":"expressway","name":"I-57"}},{"type":"Feature","geometry":{"type":"LineString","coordinates":[[-87.59496,41.75649],[-87.59483,41.7564],[-87.59439,41.75608]]},"properties":{"kind":"expressway","name":"Chicago Skyway (I-90)"}},{"type":"Feature","geometry":{"type":"LineString","coordinates":[[-87.62458,41.7363],[-87.62457,41.73615],[-87.62456,41.73557],[-87.62453,41.73455]]},"properties":{"kind":"expressway","name":"Dan Ryan Expy (I-90/94)"}},{"type":"Feature","geometry":{"type":"LineString","coordinates":[[-87.64273,41.84776],[-87.64263,41.84769],[-87.64251,41.84761],[-87.6424,41.84754],[-87.64217,41.84742],[-87.64208,41.84738]]},"properties":{"kind":"expressway","name":"Dan Ryan Expy (I-90/94)"}},{"type":"Feature","geometry":{"type":"LineString","coordinates":[[-87.71257,41.94139],[-87.7129,41.94147],[-87.71295,41.94149],[-87.71308,41.94152],[-87.71319,41.94155],[-87.71337,41.94159],[-87.71363,41.94167],[-87.71377,41.94172],[-87.714,41.94181],[-87.71414,41.94187],[-87.71435,41.94195],[-87.71451,41.94203],[-87.71487,41.94224],[-87.71491,41.94226],[-87.71502,41.94233],[-87.71513,41.9424],[-87.71515,41.94241]]},"properties":{"kind":"expressway","name":"Kennedy Expy (I-90/94)"}},{"type":"Feature","geometry":{"type":"LineString","coordinates":[[-87.62423,41.72354],[-87.62422,41.72326],[-87.62421,41.72315],[-87.6242,41.72283],[-87.6242,41.72278]]},"properties":{"kind":"expressway","name":"Dan Ryan Expy (I-90/94)"}},{"type":"Feature","geometry":{"type":"LineString","coordinates":[[-87.59154,41.70576],[-87.59153,41.70568],[-87.59152,41.70521],[-87.59153,41.70504],[-87.59154,41.70479],[-87.59156,41.7046],[-87.5916,41.70437],[-87.59162,41.70425],[-87.59166,41.70403],[-87.59167,41.70398]]},"properties":{"kind":"expressway","name":"Bishop Ford Fwy (I-94)"}},{"type":"Feature","geometry":{"type":"LineString","coordinates":[[-87.63073,41.79261],[-87.63072,41.7925],[-87.63072,41.79236],[-87.63072,41.79224],[-87.63071,41.79206],[-87.63071,41.79191],[-87.6307,41.79184],[-87.63068,41.79139],[-87.63064,41.79091]]},"properties":{"kind":"expressway","name":"Dan Ryan Expy (I-90/94)"}},{"type":"Feature","geometry":{"type":"LineString","coordinates":[[-87.56704,41.73633],[-87.56677,41.73613],[-87.56661,41.73602],[-87.56628,41.73576],[-87.56614,41.73565],[-87.56598,41.73553]]},"properties":{"kind":"expressway","name":"Chicago Skyway (I-90)"}},{"type":"Feature","geometry":{"type":"LineString","coordinates":[[-87.61723,41.86999],[-87.61723,41.86998],[-87.61724,41.86984],[-87.61728,41.86964],[-87.61734,41.86945],[-87.61737,41.86938]]},"properties":{"kind":"expressway","name":"DuSable Lake Shore Dr"}},{"type":"Feature","geometry":{"type":"LineString","coordinates":[[-87.63043,41.92379],[-87.63047,41.92391],[-87.63062,41.92448],[-87.63064,41.92453]]},"properties":{"kind":"expressway","name":"DuSable Lake Shore Dr"}},{"type":"Feature","geometry":{"type":"LineString","coordinates":[[-87.59888,41.71286],[-87.59877,41.71283],[-87.59857,41.71278],[-87.59828,41.71268],[-87.5981,41.71263],[-87.59808,41.71262],[-87.59794,41.71257],[-87.59751,41.7124],[-87.59712,41.71223],[-87.59677,41.71207],[-87.59653,41.71194],[-87.59633,41.71184],[-87.59615,41.71174],[-87.59602,41.71166],[-87.5958,41.71152],[-87.5956,41.7114],[-87.59521,41.71112],[-87.5951,41.71104],[-87.59499,41.71095]]},"properties":{"kind":"expressway","name":"Bishop Ford Fwy (I-94)"}},{"type":"Feature","geometry":{"type":"LineString","coordinates":[[-87.63091,41.84369],[-87.63066,41.84331],[-87.63049,41.84301],[-87.63039,41.84266]]},"properties":{"kind":"expressway","name":"Dan Ryan Expy (I-90/94)"}},{"type":"Feature","geometry":{"type":"LineString","coordinates":[[-87.70992,41.94015],[-87.70993,41.94016],[-87.71008,41.94024],[-87.71023,41.94031],[-87.71043,41.94042],[-87.71054,41.94047],[-87.71081,41.94057],[-87.71093,41.94062],[-87.71102,41.94065],[-87.71123,41.94071],[-87.71136,41.94074],[-87.7115,41.94078],[-87.71162,41.94081],[-87.71169,41.94083],[-87.71219,41.94095],[-87.71256,41.94104]]},"properties":{"kind":"expressway","name":"Kennedy Expy (I-90/94)"}},{"type":"Feature","geometry":{"type":"LineString","coordinates":[[-87.61188,41.84755],[-87.61186,41.84748],[-87.61175,41.84714],[-87.61162,41.84673],[-87.61157,41.84656],[-87.61149,41.84632],[-87.61134,41.84586],[-87.61132,41.8458]]},"properties":{"kind":"expressway","name":"DuSable Lake Shore Dr"}},{"type":"Feature","geometry":{"type":"LineString","coordinates":[[-87.59499,41.71095],[-87.59473,41.71074],[-87.59445,41.7105],[-87.59432,41.71038],[-87.59419,41.71025]]},"properties":{"kind":"expressway","name":"Bishop Ford Fwy (I-94)"}},{"type":"Feature","geometry":{"type":"LineString","coordinates":[[-87.63461,41.84549],[-87.63444,41.84546],[-87.63429,41.84541]]},"properties":{"kind":"expressway","name":"Dan Ryan Expy (I-90/94)"}},{"type":"Feature","geometry":{"type":"LineString","coordinates":[[-87.63091,41.82366],[-87.63091,41.82353],[-87.63091,41.82345],[-87.6309,41.82328],[-87.6309,41.82305],[-87.63089,41.8228],[-87.63089,41.82262],[-87.63088,41.82235],[-87.63088,41.82213],[-87.63087,41.82199],[-87.63087,41.82199],[-87.63087,41.82189]]},"properties":{"kind":"expressway","name":"Dan Ryan Expy (I-90/94)"}},{"type":"Feature","geometry":{"type":"LineString","coordinates":[[-87.60195,41.68418],[-87.60194,41.68382],[-87.60193,41.68344],[-87.60192,41.68318],[-87.6019,41.68291],[-87.60189,41.68268]]},"properties":{"kind":"expressway","name":"Bishop Ford Fwy (I-94)"}},{"type":"Feature","geometry":{"type":"LineString","coordinates":[[-87.61504,41.85391],[-87.61473,41.85299]]},"properties":{"kind":"expressway","name":"Lsd Sb Stevenson Ob"}},{"type":"Feature","geometry":{"type":"LineString","coordinates":[[-87.60513,41.71359],[-87.605,41.7136],[-87.6048,41.7136],[-87.60437,41.7136],[-87.60396,41.71361],[-87.60332,41.71362],[-87.60278,41.71363],[-87.60228,41.71363],[-87.60204,41.71362]]},"properties":{"kind":"expressway","name":"Bishop Ford Fwy (I-94)"}},{"type":"Feature","geometry":{"type":"LineString","coordinates":[[-87.62643,41.77497],[-87.62625,41.77495],[-87.62615,41.77494],[-87.62603,41.77493],[-87.62593,41.77492],[-87.62578,41.77492],[-87.62567,41.77492],[-87.62552,41.77492],[-87.62535,41.77492],[-87.62519,41.77493]]},"properties":{"kind":"expressway","name":"Chicago Skyway (I-90)"}},{"type":"Feature","geometry":{"type":"LineString","coordinates":[[-87.7077,41.93934],[-87.70821,41.93964],[-87.70826,41.93967],[-87.70828,41.93968],[-87.70836,41.93973],[-87.7085,41.93981],[-87.70866,41.9399],[-87.70882,41.93999]]},"properties":{"kind":"expressway","name":"Kennedy Expy (I-90/94)"}},{"type":"Feature","geometry":{"type":"LineString","coordinates":[[-87.65715,41.69768],[-87.65732,41.69758],[-87.65762,41.69739],[-87.65791,41.69716],[-87.65819,41.69692],[-87.65849,41.69664],[-87.65878,41.69631],[-87.6589,41.69617]]},"properties":{"kind":"expressway","name":"I-57"}},{"type":"Feature","geometry":{"type":"LineString","coordinates":[[-87.61636,41.71313],[-87.61547,41.71314],[-87.61486,41.71315],[-87.61436,41.71316],[-87.6141,41.71317],[-87.61403,41.71317],[-87.61395,41.71317]]},"properties":{"kind":"expressway","name":"Bishop Ford Fwy (I-94)"}},{"type":"Feature","geometry":{"type":"LineString","coordinates":[[-87.71809,41.87418],[-87.71835,41.87417],[-87.71873,41.87417],[-87.7191,41.87417],[-87.7194,41.87417],[-87.71966,41.87417],[-87.71967,41.87417],[-87.7198,41.87416]]},"properties":{"kind":"expressway","name":"Eisenhower Expy (I-290)"}},{"type":"Feature","geometry":{"type":"LineString","coordinates":[[-87.75947,41.87164],[-87.75963,41.87164],[-87.76,41.87164],[-87.76027,41.87164],[-87.76051,41.87164],[-87.76148,41.87159],[-87.76151,41.87158]]},"properties":{"kind":"expressway","name":"Eisenhower Expy (I-290)"}},{"type":"Feature","geometry":{"type":"LineString","coordinates":[[-87.57546,41.78206],[-87.57532,41.78187],[-87.57517,41.78166],[-87.57507,41.78153],[-87.57507,41.78152],[-87.57494,41.78136],[-87.57489,41.78128],[-87.57482,41.78114],[-87.57476,41.78073]]},"properties":{"kind":"expressway","name":"DuSable Lake Shore Dr"}},{"type":"Feature","geometry":{"type":"LineString","coordinates":[[-87.74942,41.87176],[-87.74961,41.87176],[-87.74996,41.87176],[-87.74999,41.87176]]},"properties":{"kind":"expressway","name":"Eisenhower Expy (I-290)"}},{"type":"Feature","geometry":{"type":"LineString","coordinates":[[-87.67157,41.87593],[-87.67187,41.87592]]},"properties":{"kind":"expressway","name":"Eisenhower Expy (I-290)"}},{"type":"Feature","geometry":{"type":"LineString","coordinates":[[-87.61584,41.8567],[-87.61537,41.85574],[-87.6153,41.8556]]},"properties":{"kind":"expressway","name":"DuSable Lake Shore Dr"}},{"type":"Feature","geometry":{"type":"LineString","coordinates":[[-87.59213,41.66372],[-87.59186,41.6634],[-87.59181,41.66334],[-87.59179,41.66332]]},"properties":{"kind":"expressway","name":"Bishop Ford Fwy (I-94)"}},{"type":"Feature","geometry":{"type":"LineString","coordinates":[[-87.6164,41.89588],[-87.61699,41.89675],[-87.61705,41.89684]]},"properties":{"kind":"expressway","name":"DuSable Lake Shore Dr"}},{"type":"Feature","geometry":{"type":"LineString","coordinates":[[-87.61603,41.89588],[-87.61667,41.89683]]},"properties":{"kind":"expressway","name":"DuSable Lake Shore Dr"}},{"type":"Feature","geometry":{"type":"LineString","coordinates":[[-87.67324,41.8759],[-87.67408,41.87589]]},"properties":{"kind":"expressway","name":"Eisenhower Expy (I-290)"}},{"type":"Feature","geometry":{"type":"LineString","coordinates":[[-87.61759,41.86033],[-87.61759,41.86032],[-87.61736,41.85985],[-87.61728,41.85971],[-87.61728,41.85971],[-87.61728,41.85971]]},"properties":{"kind":"expressway","name":"DuSable Lake Shore Dr"}},{"type":"Feature","geometry":{"type":"LineString","coordinates":[[-87.66121,41.68929],[-87.66125,41.68919],[-87.66129,41.68906],[-87.66132,41.68899],[-87.66142,41.6887],[-87.66149,41.68845],[-87.66152,41.68834]]},"properties":{"kind":"expressway","name":"I-57"}},{"type":"Feature","geometry":{"type":"LineString","coordinates":[[-87.62398,41.71804],[-87.62397,41.718],[-87.62394,41.71783],[-87.62389,41.71761],[-87.62375,41.71719]]},"properties":{"kind":"expressway","name":"Bishop Ford Fwy (I-94)"}},{"type":"Feature","geometry":{"type":"LineString","coordinates":[[-87.61926,41.9001],[-87.61947,41.90041],[-87.61949,41.90044],[-87.61968,41.90072],[-87.61975,41.90082],[-87.61978,41.90084],[-87.61982,41.90087],[-87.61982,41.90088],[-87.61987,41.9009]]},"properties":{"kind":"expressway","name":"DuSable Lake Shore Dr"}},{"type":"Feature","geometry":{"type":"LineString","coordinates":[[-87.5983,41.69238],[-87.59831,41.69235],[-87.59835,41.69228],[-87.59846,41.69209],[-87.59871,41.69161],[-87.59886,41.69132],[-87.59909,41.6909]]},"properties":{"kind":"expressway","name":"Bishop Ford Fwy (I-94)"}},{"type":"Feature","geometry":{"type":"LineString","coordinates":[[-87.89881,41.98128],[-87.89877,41.98132],[-87.89871,41.98137],[-87.8986,41.98145],[-87.89852,41.98149],[-87.89852,41.98149],[-87.8985,41.9815],[-87.89846,41.98152],[-87.89842,41.98153],[-87.89842,41.98153],[-87.89837,41.98155],[-87.89833,41.98156],[-87.8983,41.98157],[-87.89823,41.98158],[-87.89814,41.98159],[-87.89806,41.98159],[-87.89801,41.9816],[-87.89794,41.98159],[-87.89784,41.98159],[-87.89772,41.98158],[-87.89764,41.98157],[-87.89754,41.98156],[-87.89747,41.98155],[-87.89737,41.98154],[-87.89732,41.98153],[-87.89726,41.98153],[-87.89711,41.98151],[-87.89706,41.98151],[-87.89695,41.9815],[-87.89687,41.98149],[-87.89682,41.98148],[-87.89674,41.98147],[-87.89664,41.98146],[-87.89659,41.98146],[-87.89653,41.98145],[-87.89648,41.98144],[-87.89642,41.98142],[-87.89638,41.98141],[-87.89606,41.9813]]},"properties":{"kind":"expressway","name":"I-190 (O'Hare)"}},{"type":"Feature","geometry":{"type":"LineString","coordinates":[[-87.55357,41.72678],[-87.55345,41.72669],[-87.55337,41.72663],[-87.55287,41.72626],[-87.55252,41.726],[-87.55214,41.72572],[-87.55197,41.72559],[-87.55161,41.72531],[-87.55126,41.72504],[-87.55114,41.72496]]},"properties":{"kind":"expressway","name":"Chicago Skyway (I-90)"}},{"type":"Feature","geometry":{"type":"LineString","coordinates":[[-87.54696,41.72068],[-87.54688,41.7206],[-87.54675,41.72048],[-87.54659,41.72033],[-87.54644,41.7202],[-87.54629,41.72008],[-87.54613,41.71995],[-87.54576,41.71964],[-87.54573,41.71962],[-87.54553,41.71947],[-87.54532,41.71931],[-87.54515,41.71919]]},"properties":{"kind":"expressway","name":"Chicago Skyway (I-90)"}},{"type":"Feature","geometry":{"type":"LineString","coordinates":[[-87.63686,41.84721],[-87.63826,41.84719],[-87.63828,41.84719],[-87.63839,41.84719]]},"properties":{"kind":"expressway","name":"Stevenson Expy (I-55)"}},{"type":"Feature","geometry":{"type":"LineString","coordinates":[[-87.60979,41.84209],[-87.60958,41.84147],[-87.6095,41.84129]]},"properties":{"kind":"expressway","name":"DuSable Lake Shore Dr"}},{"type":"Feature","geometry":{"type":"LineString","coordinates":[[-87.646,41.8818],[-87.64601,41.88191],[-87.64601,41.88248]]},"properties":{"kind":"expressway","name":"Kennedy Expy (I-90/94)"}},{"type":"Feature","geometry":{"type":"LineString","coordinates":[[-87.64554,41.88181],[-87.64555,41.88192],[-87.64555,41.88202],[-87.64556,41.88217],[-87.64555,41.88241],[-87.64556,41.88249],[-87.64557,41.88263]]},"properties":{"kind":"expressway","name":"Kennedy Expy (I-90/94)"}},{"type":"Feature","geometry":{"type":"LineString","coordinates":[[-87.61732,41.88217],[-87.61734,41.88212],[-87.61743,41.88188],[-87.61748,41.88163],[-87.61749,41.88138],[-87.61749,41.8811],[-87.61749,41.88093]]},"properties":{"kind":"expressway","name":"DuSable Lake Shore Dr"}},{"type":"Feature","geometry":{"type":"LineString","coordinates":[[-87.63164,41.78723],[-87.63164,41.78721],[-87.63164,41.78712],[-87.63163,41.78671],[-87.63163,41.78669],[-87.63163,41.7866],[-87.63161,41.78612],[-87.63154,41.78544]]},"properties":{"kind":"expressway","name":"Dan Ryan Expy (I-90/94)"}},{"type":"Feature","geometry":{"type":"LineString","coordinates":[[-87.63037,41.81255],[-87.63037,41.81253],[-87.63037,41.81237],[-87.63038,41.81231],[-87.6304,41.81214],[-87.63044,41.81196],[-87.63045,41.8119],[-87.6305,41.81172],[-87.63055,41.81157],[-87.6306,41.81145],[-87.63066,41.8113],[-87.63069,41.81125],[-87.63079,41.81106],[-87.63081,41.81103]]},"properties":{"kind":"expressway","name":"Dan Ryan Expy (I-90/94)"}},{"type":"Feature","geometry":{"type":"LineString","coordinates":[[-87.70104,41.87496],[-87.70118,41.87494],[-87.70134,41.87492],[-87.70152,41.8749],[-87.70195,41.87484],[-87.70244,41.87478],[-87.70285,41.87472],[-87.70316,41.87467],[-87.70341,41.87463],[-87.70351,41.87461]]},"properties":{"kind":"expressway","name":"Eisenhower Expy (I-290)"}},{"type":"Feature","geometry":{"type":"LineString","coordinates":[[-87.63091,41.79996],[-87.63091,41.79994],[-87.63091,41.79981],[-87.63091,41.79969],[-87.6309,41.79959],[-87.6309,41.79951],[-87.63089,41.79941],[-87.63085,41.79845]]},"properties":{"kind":"expressway","name":"Dan Ryan Expy (I-90/94)"}},{"type":"Feature","geometry":{"type":"LineString","coordinates":[[-87.71765,41.8253],[-87.71859,41.825],[-87.71923,41.8248]]},"properties":{"kind":"expressway","name":"Stevenson Expy (I-55)"}},{"type":"Feature","geometry":{"type":"LineString","coordinates":[[-87.62442,41.90411],[-87.62454,41.90473],[-87.62454,41.90474]]},"properties":{"kind":"expressway","name":"DuSable Lake Shore Dr"}},{"type":"Feature","geometry":{"type":"LineString","coordinates":[[-87.75099,41.99427],[-87.75099,41.99431],[-87.75089,41.99491],[-87.75082,41.99537],[-87.75067,41.99593],[-87.75043,41.99675],[-87.7504,41.99685],[-87.75026,41.99721],[-87.75023,41.9973]]},"properties":{"kind":"expressway","name":"Edens Expy (I-94)"}},{"type":"Feature","geometry":{"type":"LineString","coordinates":[[-87.7972,41.98229],[-87.79727,41.98229],[-87.79749,41.9823],[-87.7978,41.9823],[-87.79879,41.9823],[-87.79919,41.98229],[-87.79974,41.98229],[-87.8,41.98229],[-87.80037,41.98228],[-87.80075,41.98227],[-87.80102,41.98227],[-87.80114,41.98227]]},"properties":{"kind":"expressway","name":"Kennedy Expy (I-90/94)"}},{"type":"Feature","geometry":{"type":"LineString","coordinates":[[-87.64487,41.87347],[-87.64486,41.87341],[-87.64485,41.87327],[-87.64484,41.87301],[-87.64483,41.87282],[-87.64482,41.87263],[-87.64478,41.87247],[-87.64475,41.87212],[-87.64474,41.87198],[-87.64474,41.87196]]},"properties":{"kind":"expressway","name":"Dan Ryan Expy (I-90/94)"}},{"type":"Feature","geometry":{"type":"LineString","coordinates":[[-87.55584,41.7282],[-87.55567,41.72808],[-87.55556,41.728],[-87.55505,41.72764],[-87.55459,41.72731],[-87.5542,41.72703],[-87.55404,41.72691],[-87.5538,41.72674],[-87.55369,41.72666]]},"properties":{"kind":"expressway","name":"Chicago Skyway (I-90)"}},{"type":"Feature","geometry":{"type":"LineString","coordinates":[[-87.66185,41.87616],[-87.66217,41.87614],[-87.66265,41.87611],[-87.66318,41.8761],[-87.66372,41.8761],[-87.66399,41.87609],[-87.66428,41.87609]]},"properties":{"kind":"expressway","name":"Eisenhower Expy (I-290)"}},{"type":"Feature","geometry":{"type":"LineString","coordinates":[[-87.62404,41.90247],[-87.62405,41.90248],[-87.62416,41.90262],[-87.62426,41.90283],[-87.62434,41.90303],[-87.62458,41.90383],[-87.62464,41.90402],[-87.62466,41.90407]]},"properties":{"kind":"expressway","name":"DuSable Lake Shore Dr"}},{"type":"Feature","geometry":{"type":"LineString","coordinates":[[-87.63001,41.84708],[-87.63005,41.84709],[-87.6302,41.84711],[-87.63038,41.84715],[-87.63043,41.84716]]},"properties":{"kind":"expressway","name":"Stevenson Expy (I-55)"}},{"type":"Feature","geometry":{"type":"LineString","coordinates":[[-87.6455,41.88052],[-87.64549,41.88043],[-87.64547,41.87998]]},"properties":{"kind":"expressway","name":"Kennedy Expy (I-90/94)"}},{"type":"Feature","geometry":{"type":"LineString","coordinates":[[-87.63575,41.71462],[-87.63593,41.71462],[-87.6365,41.71461],[-87.63687,41.7146],[-87.63698,41.7146]]},"properties":{"kind":"expressway","name":"I-57"}},{"type":"Feature","geometry":{"type":"LineString","coordinates":[[-87.70595,41.87463],[-87.70607,41.87461],[-87.70616,41.8746]]},"properties":{"kind":"expressway","name":"Eisenhower Expy (I-290)"}},{"type":"Feature","geometry":{"type":"LineString","coordinates":[[-87.64415,41.85759],[-87.64414,41.8573],[-87.64414,41.85718],[-87.64414,41.85693],[-87.64415,41.8568]]},"properties":{"kind":"expressway","name":"Dan Ryan Expy (I-90/94)"}},{"type":"Feature","geometry":{"type":"LineString","coordinates":[[-87.69729,41.83139],[-87.69763,41.83128],[-87.6977,41.83126],[-87.69802,41.83115],[-87.69919,41.83082],[-87.69949,41.83072],[-87.69965,41.83067]]},"properties":{"kind":"expressway","name":"Stevenson Expy (I-55)"}},{"type":"Feature","geometry":{"type":"LineString","coordinates":[[-87.62689,41.8471],[-87.62683,41.84712],[-87.62665,41.84717]]},"properties":{"kind":"expressway","name":"Stevenson Expy (I-55)"}},{"type":"Feature","geometry":{"type":"LineString","coordinates":[[-87.59569,41.66786],[-87.59535,41.66746],[-87.59456,41.66655],[-87.59396,41.66584]]},"properties":{"kind":"expressway","name":"Bishop Ford Fwy (I-94)"}},{"type":"Feature","geometry":{"type":"LineString","coordinates":[[-87.61516,41.85531],[-87.61497,41.85497],[-87.61481,41.85471],[-87.61464,41.85447]]},"properties":{"kind":"expressway","name":"DuSable Lake Shore Dr"}},{"type":"Feature","geometry":{"type":"LineString","coordinates":[[-87.64474,41.87196],[-87.64471,41.87166]]},"properties":{"kind":"expressway","name":"Dan Ryan Expy (I-90/94)"}},{"type":"Feature","geometry":{"type":"LineString","coordinates":[[-87.64085,41.84731],[-87.64095,41.84731],[-87.64121,41.84731],[-87.64168,41.84729],[-87.64188,41.84729],[-87.6419,41.84728]]},"properties":{"kind":"expressway","name":"Stevenson Expy (I-55)"}},{"type":"Feature","geometry":{"type":"LineString","coordinates":[[-87.63078,41.7811],[-87.63078,41.781],[-87.63078,41.78091],[-87.63076,41.78023],[-87.63076,41.78007],[-87.63075,41.78001],[-87.63075,41.77999]]},"properties":{"kind":"expressway","name":"Dan Ryan Expy (I-90/94)"}},{"type":"Feature","geometry":{"type":"LineString","coordinates":[[-87.6971,41.93303],[-87.69728,41.93313],[-87.69736,41.93318],[-87.69744,41.93322],[-87.69765,41.93335]]},"properties":{"kind":"expressway","name":"Kennedy Expy (I-90/94)"}},{"type":"Feature","geometry":{"type":"LineString","coordinates":[[-87.76731,41.87072],[-87.76741,41.87071],[-87.76782,41.87068],[-87.7679,41.87067],[-87.76796,41.87065],[-87.76803,41.87062],[-87.76809,41.8706],[-87.76809,41.8706]]},"properties":{"kind":"expressway","name":"Eisenhower Expy (I-290)"}},{"type":"Feature","geometry":{"type":"LineString","coordinates":[[-87.87636,41.98189],[-87.87681,41.98171],[-87.87686,41.98169],[-87.87694,41.98165],[-87.87701,41.98163],[-87.87709,41.9816],[-87.8773,41.98151],[-87.87735,41.98149],[-87.8775,41.98142],[-87.8777,41.98133],[-87.87827,41.98111]]},"properties":{"kind":"expressway","name":"I-190 (O'Hare)"}},{"type":"Feature","geometry":{"type":"LineString","coordinates":[[-87.72477,41.95014],[-87.72515,41.95037],[-87.72535,41.95048],[-87.72705,41.95141],[-87.72728,41.95155],[-87.72756,41.95171]]},"properties":{"kind":"expressway","name":"Kennedy Expy (I-90/94)"}},{"type":"Feature","geometry":{"type":"LineString","coordinates":[[-87.7118,41.82686],[-87.71188,41.82683],[-87.71231,41.82669],[-87.7127,41.82657],[-87.71271,41.82657],[-87.71353,41.82631],[-87.71421,41.8261],[-87.71429,41.82607],[-87.71431,41.82606],[-87.71436,41.82605],[-87.71438,41.82604]]},"properties":{"kind":"expressway","name":"Stevenson Expy (I-55)"}},{"type":"Feature","geometry":{"type":"LineString","coordinates":[[-87.62342,41.71468],[-87.62346,41.7147],[-87.62353,41.71473],[-87.62367,41.7148],[-87.6239,41.71489],[-87.62415,41.71497],[-87.62433,41.71503],[-87.6245,41.71507],[-87.62464,41.7151],[-87.6248,41.71514],[-87.62501,41.71518],[-87.6252,41.71521],[-87.62536,41.71523],[-87.62552,41.71525],[-87.62556,41.71525],[-87.62571,41.71526],[-87.62583,41.71527],[-87.626,41.71527],[-87.62609,41.71527]]},"properties":{"kind":"expressway","name":"I57 Bishop Ford Expy"}},{"type":"Feature","geometry":{"type":"LineString","coordinates":[[-87.74252,41.87183],[-87.7427,41.87183],[-87.74302,41.87183],[-87.74312,41.87183],[-87.7432,41.87183],[-87.74345,41.87182],[-87.74382,41.87182],[-87.74411,41.87182],[-87.74454,41.87182],[-87.74477,41.87181],[-87.74494,41.87181]]},"properties":{"kind":"expressway","name":"Eisenhower Expy (I-290)"}},{"type":"Feature","geometry":{"type":"LineString","coordinates":[[-87.62465,41.72355],[-87.62465,41.72331],[-87.62464,41.72315],[-87.62464,41.72303],[-87.62463,41.72282],[-87.62463,41.72277]]},"properties":{"kind":"expressway","name":"Dan Ryan Expy (I-90/94)"}},{"type":"Feature","geometry":{"type":"LineString","coordinates":[[-87.65819,41.84238],[-87.65853,41.84223],[-87.65901,41.84202]]},"properties":{"kind":"expressway","name":"Stevenson Expy (I-55)"}},{"type":"Feature","geometry":{"type":"LineString","coordinates":[[-87.57872,41.64594],[-87.57866,41.64559],[-87.57862,41.64529],[-87.57858,41.6447]]},"properties":{"kind":"expressway","name":"Bishop Ford Fwy (I-94)"}},{"type":"Feature","geometry":{"type":"LineString","coordinates":[[-87.63098,41.8365],[-87.63097,41.83614],[-87.63096,41.83583],[-87.63095,41.83554],[-87.63095,41.83538],[-87.63094,41.83513],[-87.63093,41.83482],[-87.63093,41.83471],[-87.63093,41.83461]]},"properties":{"kind":"expressway","name":"Dan Ryan Expy (I-90/94)"}},{"type":"Feature","geometry":{"type":"LineString","coordinates":[[-87.64465,41.85561],[-87.64469,41.85549],[-87.64469,41.85546]]},"properties":{"kind":"expressway","name":"Dan Ryan Expy (I-90/94)"}},{"type":"Feature","geometry":{"type":"LineString","coordinates":[[-87.57303,41.74052],[-87.57266,41.74024],[-87.57215,41.73986],[-87.5719,41.73967]]},"properties":{"kind":"expressway","name":"Chicago Skyway (I-90)"}},{"type":"Feature","geometry":{"type":"LineString","coordinates":[[-87.64962,41.89007],[-87.64978,41.89018],[-87.65002,41.89035],[-87.65005,41.89037],[-87.65019,41.89046],[-87.65094,41.89093],[-87.65109,41.89104],[-87.65113,41.89107],[-87.65125,41.89115]]},"properties":{"kind":"expressway","name":"Kennedy Expy (I-90/94)"}},{"type":"Feature","geometry":{"type":"LineString","coordinates":[[-87.61741,41.87711],[-87.6174,41.87673],[-87.61738,41.87591],[-87.61738,41.87583]]},"properties":{"kind":"expressway","name":"DuSable Lake Shore Dr"}},{"type":"Feature","geometry":{"type":"LineString","coordinates":[[-87.63034,41.83826],[-87.63035,41.83823],[-87.63035,41.83814],[-87.63035,41.83805],[-87.63038,41.83751]]},"properties":{"kind":"expressway","name":"Dan Ryan Expy (I-90/94)"}},{"type":"Feature","geometry":{"type":"LineString","coordinates":[[-87.65449,41.87586],[-87.65451,41.87586],[-87.65478,41.87589],[-87.65513,41.87594],[-87.65553,41.876],[-87.656,41.87607],[-87.6563,41.87612],[-87.6567,41.87617],[-87.65683,41.87618],[-87.65696,41.87619],[-87.65701,41.87619]]},"properties":{"kind":"expressway","name":"Eisenhower Expy (I-290)"}},{"type":"Feature","geometry":{"type":"LineString","coordinates":[[-87.61334,41.7697],[-87.61326,41.76964],[-87.6132,41.7696],[-87.61236,41.76899],[-87.61163,41.76847],[-87.61073,41.76783],[-87.61048,41.76765]]},"properties":{"kind":"expressway","name":"Chicago Skyway (I-90)"}},{"type":"Feature","geometry":{"type":"LineString","coordinates":[[-87.70458,41.93762],[-87.7051,41.9379],[-87.70528,41.938],[-87.70569,41.93822],[-87.70576,41.93825],[-87.70582,41.93829],[-87.70605,41.93841],[-87.70618,41.93849],[-87.70634,41.93857],[-87.70656,41.9387],[-87.7067,41.93877],[-87.70685,41.93886],[-87.70693,41.93891],[-87.70706,41.93898],[-87.70709,41.939],[-87.7077,41.93934]]},"properties":{"kind":"expressway","name":"Kennedy Expy (I-90/94)"}},{"type":"Feature","geometry":{"type":"LineString","coordinates":[[-87.70842,41.87433],[-87.70851,41.87432],[-87.70888,41.8743],[-87.70935,41.87429],[-87.70977,41.87428],[-87.71014,41.87428],[-87.71051,41.87428],[-87.71069,41.87427],[-87.71081,41.87427]]},"properties":{"kind":"expressway","name":"Eisenhower Expy (I-290)"}},{"type":"Feature","geometry":{"type":"LineString","coordinates":[[-87.64864,41.71472],[-87.64876,41.7147],[-87.64889,41.71467],[-87.64904,41.71463],[-87.64914,41.71461],[-87.64931,41.71458],[-87.64945,41.71454],[-87.6496,41.7145],[-87.64973,41.71446],[-87.64984,41.71443],[-87.64995,41.71439],[-87.65013,41.71433],[-87.65023,41.71429],[-87.65031,41.71426]]},"properties":{"kind":"expressway","name":"I-57"}},{"type":"Feature","geometry":{"type":"LineString","coordinates":[[-87.62544,41.76167],[-87.62544,41.76148],[-87.62542,41.76104],[-87.62542,41.76047],[-87.62541,41.76005],[-87.62541,41.76003]]},"properties":{"kind":"expressway","name":"Dan Ryan Expy (I-90/94)"}},{"type":"Feature","geometry":{"type":"LineString","coordinates":[[-87.66578,41.83846],[-87.66607,41.8383],[-87.66654,41.83807],[-87.66702,41.83787],[-87.66735,41.83777]]},"properties":{"kind":"expressway","name":"Stevenson Expy (I-55)"}},{"type":"Feature","geometry":{"type":"LineString","coordinates":[[-87.66577,41.83823],[-87.66615,41.83803],[-87.66651,41.83787],[-87.66699,41.83767],[-87.66734,41.83756]]},"properties":{"kind":"expressway","name":"Stevenson Expy (I-55)"}},{"type":"Feature","geometry":{"type":"LineString","coordinates":[[-87.61787,41.89859],[-87.61837,41.89932]]},"properties":{"kind":"expressway","name":"DuSable Lake Shore Dr"}},{"type":"Feature","geometry":{"type":"LineString","coordinates":[[-87.63183,41.84402],[-87.63172,41.8439],[-87.63164,41.8438],[-87.63149,41.84363],[-87.63139,41.84348]]},"properties":{"kind":"expressway","name":"Dan Ryan Expy (I-90/94)"}},{"type":"Feature","geometry":{"type":"LineString","coordinates":[[-87.74715,41.96981],[-87.74716,41.9699],[-87.74725,41.97082],[-87.74731,41.97207],[-87.74732,41.97239],[-87.74733,41.97252]]},"properties":{"kind":"expressway","name":"Edens Expy (I-94)"}},{"type":"Feature","geometry":{"type":"LineString","coordinates":[[-87.72468,41.8741],[-87.72474,41.8741],[-87.72484,41.8741],[-87.72505,41.8741],[-87.72531,41.87409],[-87.72544,41.87409]]},"properties":{"kind":"expressway","name":"Eisenhower Expy (I-290)"}},{"type":"Feature","geometry":{"type":"LineString","coordinates":[[-87.62525,41.74546],[-87.62524,41.74526],[-87.62524,41.74472],[-87.62522,41.74426],[-87.62521,41.744],[-87.62521,41.74387],[-87.62521,41.74387],[-87.6252,41.74378],[-87.6252,41.74373],[-87.6252,41.74365]]},"properties":{"kind":"expressway","name":"Dan Ryan Expy (I-90/94)"}},{"type":"Feature","geometry":{"type":"LineString","coordinates":[[-87.63199,41.80366],[-87.63194,41.80325],[-87.63191,41.80304],[-87.63188,41.80284],[-87.63186,41.80265],[-87.63185,41.80247],[-87.63184,41.80232],[-87.63182,41.80219],[-87.63181,41.80202],[-87.6318,41.80194],[-87.63179,41.80183],[-87.63179,41.80182]]},"properties":{"kind":"expressway","name":"Dan Ryan Expy (I-90/94)"}},{"type":"Feature","geometry":{"type":"LineString","coordinates":[[-87.63447,41.87569],[-87.6347,41.87569],[-87.63485,41.8757],[-87.63488,41.8757],[-87.63515,41.8757]]},"properties":{"kind":"expressway","name":"Eisenhower Expy (I-290)"}},{"type":"Feature","geometry":{"type":"LineString","coordinates":[[-87.57753,41.78614],[-87.57752,41.7861],[-87.57742,41.78579],[-87.5773,41.78546],[-87.57719,41.78517],[-87.57706,41.78482],[-87.57692,41.78453],[-87.57678,41.78425],[-87.57673,41.78415]]},"properties":{"kind":"expressway","name":"DuSable Lake Shore Dr"}},{"type":"Feature","geometry":{"type":"LineString","coordinates":[[-87.63686,41.84737],[-87.63827,41.84735],[-87.63828,41.84735],[-87.63839,41.84735]]},"properties":{"kind":"expressway","name":"Stevenson Expy (I-55)"}},{"type":"Feature","geometry":{"type":"LineString","coordinates":[[-87.66734,41.83756],[-87.66763,41.83747],[-87.66809,41.83737]]},"properties":{"kind":"expressway","name":"Stevenson Expy (I-55)"}},{"type":"Feature","geometry":{"type":"LineString","coordinates":[[-87.66735,41.83777],[-87.66746,41.83773],[-87.66794,41.8376],[-87.66808,41.83758]]},"properties":{"kind":"expressway","name":"Stevenson Expy (I-55)"}},{"type":"Feature","geometry":{"type":"LineString","coordinates":[[-87.64606,41.88372],[-87.64608,41.88398]]},"properties":{"kind":"expressway","name":"Kennedy Expy (I-90/94)"}},{"type":"Feature","geometry":{"type":"LineString","coordinates":[[-87.67917,41.92273],[-87.68044,41.92345],[-87.68111,41.92383]]},"properties":{"kind":"expressway","name":"Kennedy Expy (I-90/94)"}},{"type":"Feature","geometry":{"type":"LineString","coordinates":[[-87.63366,41.8756],[-87.63372,41.87561],[-87.63376,41.87563],[-87.63383,41.87566],[-87.63389,41.87567],[-87.63392,41.87568],[-87.63428,41.87569],[-87.63447,41.87569]]},"properties":{"kind":"expressway","name":"Eisenhower Expy (I-290)"}},{"type":"Feature","geometry":{"type":"LineString","coordinates":[[-87.60082,41.67434],[-87.6008,41.67432],[-87.60078,41.67428],[-87.60074,41.67421],[-87.60071,41.67415],[-87.60066,41.67407],[-87.60064,41.67403],[-87.60059,41.67395],[-87.60052,41.67384],[-87.60047,41.67377],[-87.60043,41.67371],[-87.60037,41.67361],[-87.6003,41.67352],[-87.60023,41.67343],[-87.60016,41.67335],[-87.60011,41.67328],[-87.60004,41.67319],[-87.59996,41.6731],[-87.59987,41.67299],[-87.59983,41.67295],[-87.59973,41.67283],[-87.59966,41.67274],[-87.59965,41.67273]]},"properties":{"kind":"expressway","name":"Bishop Ford Fwy (I-94)"}},{"type":"Feature","geometry":{"type":"LineString","coordinates":[[-87.62032,41.71402],[-87.62027,41.714],[-87.62016,41.71395],[-87.62014,41.71395],[-87.61991,41.71387],[-87.6195,41.71374],[-87.61929,41.71369],[-87.61912,41.71365],[-87.61898,41.71362],[-87.61881,41.71358],[-87.6188,41.71358]]},"properties":{"kind":"expressway","name":"Bishop Ford Fwy (I-94)"}},{"type":"Feature","geometry":{"type":"LineString","coordinates":[[-87.54972,41.72357],[-87.54964,41.72349],[-87.54956,41.72341],[-87.54949,41.72334],[-87.54944,41.72328],[-87.54933,41.72318],[-87.54923,41.72307],[-87.54914,41.72297],[-87.54896,41.72279]]},"properties":{"kind":"expressway","name":"Chicago Skyway (I-90)"}},{"type":"Feature","geometry":{"type":"LineString","coordinates":[[-87.642,41.87567],[-87.64211,41.87567],[-87.64226,41.87567],[-87.64247,41.87566]]},"properties":{"kind":"expressway","name":"Eisenhower Expy (I-290)"}},{"type":"Feature","geometry":{"type":"LineString","coordinates":[[-87.62429,41.72538],[-87.62429,41.72489],[-87.62423,41.72354]]},"properties":{"kind":"expressway","name":"Dan Ryan Expy (I-90/94)"}},{"type":"Feature","geometry":{"type":"LineString","coordinates":[[-87.80269,41.98225],[-87.80306,41.98224],[-87.80355,41.98226],[-87.80381,41.98226],[-87.80419,41.98225],[-87.80476,41.98224],[-87.80536,41.98223],[-87.80601,41.98222],[-87.80647,41.98222],[-87.80655,41.98222],[-87.80657,41.98222],[-87.80672,41.98221],[-87.8068,41.98221],[-87.80688,41.98221],[-87.80695,41.98221]]},"properties":{"kind":"expressway","name":"Kennedy Expy (I-90/94)"}},{"type":"Feature","geometry":{"type":"LineString","coordinates":[[-87.60816,41.83579],[-87.60815,41.83563],[-87.60813,41.83543],[-87.60811,41.83517],[-87.60808,41.83498],[-87.60805,41.83483]]},"properties":{"kind":"expressway","name":"DuSable Lake Shore Dr"}},{"type":"Feature","geometry":{"type":"LineString","coordinates":[[-87.63093,41.81131],[-87.63105,41.81108],[-87.63108,41.81103]]},"properties":{"kind":"expressway","name":"Dan Ryan Expy (I-90/94)"}},{"type":"Feature","geometry":{"type":"LineString","coordinates":[[-87.63159,41.80723],[-87.63159,41.80721],[-87.63158,41.80705],[-87.63157,41.80689],[-87.63156,41.80672],[-87.63154,41.80654],[-87.63153,41.80637],[-87.63152,41.80622],[-87.6315,41.80597],[-87.63149,41.80577],[-87.63147,41.80559],[-87.63147,41.80552],[-87.63147,41.80551]]},"properties":{"kind":"expressway","name":"Dan Ryan Expy (I-90/94)"}},{"type":"Feature","geometry":{"type":"LineString","coordinates":[[-87.6455,41.87844],[-87.64549,41.87823]]},"properties":{"kind":"expressway","name":"Kennedy Expy (I-90/94)"}},{"type":"Feature","geometry":{"type":"LineString","coordinates":[[-87.63827,41.9405],[-87.63827,41.9405],[-87.6384,41.94066],[-87.63844,41.9407],[-87.63853,41.94082],[-87.63873,41.94107],[-87.63892,41.94133],[-87.63907,41.94156],[-87.63921,41.94179],[-87.63927,41.94196]]},"properties":{"kind":"expressway","name":"DuSable Lake Shore Dr"}},{"type":"Feature","geometry":{"type":"LineString","coordinates":[[-87.60019,41.68848],[-87.60034,41.68821],[-87.60052,41.68786],[-87.60072,41.68747]]},"properties":{"kind":"expressway","name":"Bishop Ford Fwy (I-94)"}},{"type":"Feature","geometry":{"type":"LineString","coordinates":[[-87.66048,41.89989],[-87.66051,41.89996],[-87.66078,41.90053],[-87.6609,41.90081]]},"properties":{"kind":"expressway","name":"Kennedy Expy (I-90/94)"}},{"type":"Feature","geometry":{"type":"LineString","coordinates":[[-87.63665,41.87557],[-87.63681,41.87557],[-87.6371,41.87556],[-87.63732,41.87556],[-87.63737,41.87556],[-87.63764,41.87556],[-87.63785,41.87556],[-87.63793,41.87556]]},"properties":{"kind":"expressway","name":"Eisenhower Expy (I-290)"}},{"type":"Feature","geometry":{"type":"LineString","coordinates":[[-87.67267,41.87591],[-87.67286,41.87591],[-87.67312,41.8759],[-87.67324,41.8759]]},"properties":{"kind":"expressway","name":"Eisenhower Expy (I-290)"}},{"type":"Feature","geometry":{"type":"LineString","coordinates":[[-87.62484,41.90587],[-87.62497,41.90636],[-87.62504,41.90665],[-87.62514,41.90707],[-87.62532,41.90779],[-87.62534,41.90786]]},"properties":{"kind":"expressway","name":"DuSable Lake Shore Dr"}},{"type":"Feature","geometry":{"type":"LineString","coordinates":[[-87.72886,41.82177],[-87.729,41.82173],[-87.73012,41.82138],[-87.73115,41.82105]]},"properties":{"kind":"expressway","name":"Stevenson Expy (I-55)"}},{"type":"Feature","geometry":{"type":"LineString","coordinates":[[-87.59572,41.75687],[-87.59517,41.75648],[-87.59473,41.75617]]},"properties":{"kind":"expressway","name":"Chicago Skyway (I-90)"}},{"type":"Feature","geometry":{"type":"LineString","coordinates":[[-87.71923,41.8248],[-87.7196,41.82469],[-87.72061,41.82437],[-87.72108,41.82422],[-87.72182,41.82399]]},"properties":{"kind":"expressway","name":"Stevenson Expy (I-55)"}},{"type":"Feature","geometry":{"type":"LineString","coordinates":[[-87.74731,41.96958],[-87.74732,41.96967],[-87.74734,41.96984],[-87.74737,41.97018],[-87.74746,41.97086]]},"properties":{"kind":"expressway","name":"Edens Expy (I-94)"}},{"type":"Feature","geometry":{"type":"LineString","coordinates":[[-87.6492,41.97337],[-87.64924,41.97349],[-87.6494,41.9739],[-87.64949,41.97409],[-87.64957,41.97427],[-87.64969,41.9745]]},"properties":{"kind":"expressway","name":"DuSable Lake Shore Dr"}},{"type":"Feature","geometry":{"type":"LineString","coordinates":[[-87.68091,41.87584],[-87.68095,41.87584],[-87.68109,41.87584],[-87.68128,41.87583],[-87.6814,41.87583]]},"properties":{"kind":"expressway","name":"Eisenhower Expy (I-290)"}},{"type":"Feature","geometry":{"type":"LineString","coordinates":[[-87.66143,41.90708],[-87.66146,41.90712],[-87.66152,41.9072],[-87.66155,41.90724],[-87.66161,41.90732],[-87.66163,41.90735],[-87.6617,41.90744],[-87.66174,41.90748],[-87.66178,41.90753],[-87.66188,41.90764],[-87.66196,41.90772],[-87.66203,41.90779],[-87.66214,41.9079],[-87.66216,41.90792],[-87.66224,41.90799],[-87.66228,41.90803],[-87.6623,41.90804],[-87.66231,41.90806]]},"properties":{"kind":"expressway","name":"Kennedy Expy (I-90/94)"}},{"type":"Feature","geometry":{"type":"LineString","coordinates":[[-87.65909,41.69586],[-87.65912,41.69581],[-87.65939,41.69526],[-87.65951,41.69495],[-87.65966,41.69453],[-87.65974,41.69434],[-87.65984,41.69405],[-87.65986,41.69399]]},"properties":{"kind":"expressway","name":"I-57"}},{"type":"Feature","geometry":{"type":"LineString","coordinates":[[-87.66096,41.9016],[-87.66098,41.90174],[-87.66108,41.90227],[-87.66113,41.90283],[-87.66113,41.90312],[-87.66113,41.9032],[-87.66112,41.90345]]},"properties":{"kind":"expressway","name":"Kennedy Expy (I-90/94)"}},{"type":"Feature","geometry":{"type":"LineString","coordinates":[[-87.58582,41.74971],[-87.58561,41.74956]]},"properties":{"kind":"expressway","name":"Chicago Skyway (I-90)"}},{"type":"Feature","geometry":{"type":"LineString","coordinates":[[-87.64454,41.86208],[-87.64453,41.86176]]},"properties":{"kind":"expressway","name":"Dan Ryan Expy (I-90/94)"}},{"type":"Feature","geometry":{"type":"LineString","coordinates":[[-87.64594,41.88027],[-87.64593,41.88005]]},"properties":{"kind":"expressway","name":"Kennedy Expy (I-90/94)"}},{"type":"Feature","geometry":{"type":"LineString","coordinates":[[-87.64308,41.94877],[-87.64314,41.94887],[-87.64343,41.94935],[-87.64362,41.94967],[-87.64369,41.94974],[-87.64381,41.94993],[-87.64389,41.95008],[-87.64397,41.95022],[-87.6441,41.95045],[-87.64417,41.95056]]},"properties":{"kind":"expressway","name":"DuSable Lake Shore Dr"}},{"type":"Feature","geometry":{"type":"LineString","coordinates":[[-87.64547,41.87925],[-87.64547,41.87923],[-87.64548,41.87916],[-87.6455,41.87888],[-87.64551,41.87876],[-87.64551,41.87865],[-87.6455,41.87844]]},"properties":{"kind":"expressway","name":"Kennedy Expy (I-90/94)"}},{"type":"Feature","geometry":{"type":"LineString","coordinates":[[-87.63049,41.81051],[-87.63063,41.8103],[-87.63071,41.81017],[-87.63079,41.81004],[-87.63086,41.80993],[-87.63099,41.80971],[-87.63106,41.80957],[-87.63113,41.80942],[-87.63118,41.80928],[-87.63121,41.8092],[-87.63122,41.80916]]},"properties":{"kind":"expressway","name":"Dan Ryan Expy (I-90/94)"}},{"type":"Feature","geometry":{"type":"LineString","coordinates":[[-87.60103,41.67435],[-87.60103,41.67435],[-87.60096,41.67422],[-87.60091,41.67414],[-87.60086,41.67404],[-87.60078,41.67391],[-87.60075,41.67386],[-87.60068,41.67375],[-87.60063,41.67368],[-87.60058,41.67361],[-87.60052,41.67352],[-87.60046,41.67344],[-87.60039,41.67335],[-87.60032,41.67325],[-87.60028,41.6732],[-87.60023,41.67314],[-87.6002,41.6731],[-87.60013,41.67301],[-87.60007,41.67295],[-87.60002,41.67289],[-87.59997,41.67283],[-87.59994,41.67279],[-87.59988,41.67273]]},"properties":{"kind":"expressway","name":"Bishop Ford Fwy (I-94)"}},{"type":"Feature","geometry":{"type":"LineString","coordinates":[[-87.66498,41.91068],[-87.66515,41.91093],[-87.66553,41.91151],[-87.66608,41.91239],[-87.66612,41.91246]]},"properties":{"kind":"expressway","name":"Kennedy Expy (I-90/94)"}},{"type":"Feature","geometry":{"type":"LineString","coordinates":[[-87.6609,41.90081],[-87.66099,41.90103],[-87.66109,41.90133],[-87.66115,41.9015],[-87.66118,41.90159]]},"properties":{"kind":"expressway","name":"Kennedy Expy (I-90/94)"}},{"type":"Feature","geometry":{"type":"LineString","coordinates":[[-87.76392,41.97142],[-87.76409,41.97147],[-87.76435,41.97154],[-87.76449,41.97158],[-87.76465,41.97163],[-87.76478,41.97168],[-87.76499,41.97175],[-87.76508,41.97178],[-87.76534,41.97188],[-87.76554,41.97196],[-87.76578,41.97206],[-87.76594,41.97213],[-87.76604,41.97217],[-87.76615,41.97222],[-87.76633,41.97231],[-87.76642,41.97235],[-87.76649,41.97239],[-87.76657,41.97243],[-87.76663,41.97246],[-87.76671,41.9725],[-87.7668,41.97255],[-87.7669,41.97261],[-87.76699,41.97266],[-87.76708,41.97271],[-87.76718,41.97277],[-87.76725,41.97281],[-87.76736,41.97287],[-87.76745,41.97292],[-87.76755,41.97298],[-87.76765,41.97304],[-87.76778,41.97311],[-87.76785,41.97315],[-87.76809,41.97329],[-87.76813,41.9733],[-87.76841,41.97347],[-87.76853,41.97355]]},"properties":{"kind":"expressway","name":"Kennedy Expy (I-90/94)"}},{"type":"Feature","geometry":{"type":"LineString","coordinates":[[-87.63035,41.82546],[-87.63035,41.82527],[-87.63034,41.82503],[-87.63033,41.82479],[-87.63033,41.82455],[-87.63032,41.82434],[-87.63031,41.82414],[-87.63031,41.8239],[-87.63031,41.82381],[-87.6303,41.82367]]},"properties":{"kind":"expressway","name":"Dan Ryan Expy (I-90/94)"}},{"type":"Feature","geometry":{"type":"LineString","coordinates":[[-87.68741,41.83481],[-87.68797,41.83463],[-87.68835,41.83451]]},"properties":{"kind":"expressway","name":"Stevenson Expy (I-55)"}},{"type":"Feature","geometry":{"type":"LineString","coordinates":[[-87.57673,41.78415],[-87.57661,41.78392],[-87.57639,41.7835],[-87.57615,41.78309],[-87.57592,41.78271],[-87.57578,41.78251]]},"properties":{"kind":"expressway","name":"DuSable Lake Shore Dr"}},{"type":"Feature","geometry":{"type":"LineString","coordinates":[[-87.71323,41.87388],[-87.71337,41.87388],[-87.71382,41.87388],[-87.71417,41.87387],[-87.7146,41.87387],[-87.71494,41.87386],[-87.71531,41.87386],[-87.71556,41.87386],[-87.71557,41.87385],[-87.71567,41.87385]]},"properties":{"kind":"expressway","name":"Eisenhower Expy (I-290)"}},{"type":"Feature","geometry":{"type":"LineString","coordinates":[[-87.62557,41.71794],[-87.62562,41.71788],[-87.62601,41.71732],[-87.6262,41.71712],[-87.62628,41.71703],[-87.62641,41.71692],[-87.6265,41.71683],[-87.62664,41.71671],[-87.62675,41.71662],[-87.62687,41.71652],[-87.62699,41.71643],[-87.62714,41.71633],[-87.62718,41.7163],[-87.6272,41.71629],[-87.62724,41.71627]]},"properties":{"kind":"expressway","name":"Dan Ryan I57"}},{"type":"Feature","geometry":{"type":"LineString","coordinates":[[-87.65772,41.89604],[-87.65779,41.89611],[-87.6579,41.89623]]},"properties":{"kind":"expressway","name":"Kennedy Expy (I-90/94)"}},{"type":"Feature","geometry":{"type":"LineString","coordinates":[[-87.66352,41.90891],[-87.66373,41.90909],[-87.66395,41.9093],[-87.66415,41.90951],[-87.66458,41.91004],[-87.66482,41.91043],[-87.66485,41.91048],[-87.66498,41.91068]]},"properties":{"kind":"expressway","name":"Kennedy Expy (I-90/94)"}},{"type":"Feature","geometry":{"type":"LineString","coordinates":[[-87.65062,41.97659],[-87.65066,41.97667],[-87.65071,41.97677],[-87.65079,41.97695],[-87.65088,41.97715],[-87.65089,41.97717],[-87.65111,41.97763],[-87.65125,41.97792],[-87.65137,41.9782]]},"properties":{"kind":"expressway","name":"DuSable Lake Shore Dr"}},{"type":"Feature","geometry":{"type":"LineString","coordinates":[[-87.65891,41.89758],[-87.65915,41.89794],[-87.6592,41.89805]]},"properties":{"kind":"expressway","name":"Kennedy Expy (I-90/94)"}},{"type":"Feature","geometry":{"type":"LineString","coordinates":[[-87.67882,41.92272],[-87.67967,41.9232],[-87.68083,41.92386],[-87.68208,41.92457],[-87.68239,41.92475],[-87.68248,41.9248],[-87.68279,41.92498]]},"properties":{"kind":"expressway","name":"Kennedy Expy (I-90/94)"}},{"type":"Feature","geometry":{"type":"LineString","coordinates":[[-87.66724,41.91431],[-87.66774,41.91513],[-87.66781,41.91521]]},"properties":{"kind":"expressway","name":"Kennedy Expy (I-90/94)"}},{"type":"Feature","geometry":{"type":"LineString","coordinates":[[-87.71568,41.87421],[-87.7158,41.87421],[-87.71589,41.87421]]},"properties":{"kind":"expressway","name":"Eisenhower Expy (I-290)"}},{"type":"Feature","geometry":{"type":"LineString","coordinates":[[-87.65924,41.89764],[-87.65926,41.89766],[-87.65945,41.89804]]},"properties":{"kind":"expressway","name":"Kennedy Expy (I-90/94)"}},{"type":"Feature","geometry":{"type":"LineString","coordinates":[[-87.62579,41.90785],[-87.62581,41.90797],[-87.62591,41.90839],[-87.62598,41.9087],[-87.62614,41.90941],[-87.62616,41.90953]]},"properties":{"kind":"expressway","name":"DuSable Lake Shore Dr"}},{"type":"Feature","geometry":{"type":"LineString","coordinates":[[-87.63097,41.80183],[-87.63096,41.8017],[-87.63096,41.80163],[-87.63096,41.80154],[-87.63095,41.80138],[-87.63095,41.80121],[-87.63094,41.80101],[-87.63093,41.80077],[-87.63093,41.8006],[-87.63092,41.8004],[-87.63092,41.80023],[-87.63092,41.80008],[-87.63091,41.79996]]},"properties":{"kind":"expressway","name":"Dan Ryan Expy (I-90/94)"}},{"type":"Feature","geometry":{"type":"LineString","coordinates":[[-87.62599,41.76734],[-87.62597,41.76671],[-87.62596,41.76571]]},"properties":{"kind":"expressway","name":"Dan Ryan Expy (I-90/94)"}},{"type":"Feature","geometry":{"type":"LineString","coordinates":[[-87.67373,41.91964],[-87.67386,41.91971],[-87.67409,41.91984],[-87.67438,41.92],[-87.67438,41.92]]},"properties":{"kind":"expressway","name":"Kennedy Expy (I-90/94)"}},{"type":"Feature","geometry":{"type":"LineString","coordinates":[[-87.65621,41.89442],[-87.65623,41.89443],[-87.65629,41.89447],[-87.65636,41.89452],[-87.65659,41.89468],[-87.65668,41.89473],[-87.65683,41.89484],[-87.65686,41.89486],[-87.65702,41.89497],[-87.65741,41.89525],[-87.65798,41.89578],[-87.65801,41.89581],[-87.65814,41.89591]]},"properties":{"kind":"expressway","name":"Kennedy Expy (I-90/94)"}},{"type":"Feature","geometry":{"type":"LineString","coordinates":[[-87.66425,41.87554],[-87.6645,41.87554],[-87.6662,41.87551],[-87.66645,41.8755],[-87.66664,41.8755]]},"properties":{"kind":"expressway","name":"Eisenhower Expy (I-290)"}},{"type":"Feature","geometry":{"type":"LineString","coordinates":[[-87.59619,41.81863],[-87.59594,41.81831],[-87.59574,41.81805],[-87.5957,41.818],[-87.59541,41.81762],[-87.59496,41.81703],[-87.5949,41.81695]]},"properties":{"kind":"expressway","name":"DuSable Lake Shore Dr"}},{"type":"Feature","geometry":{"type":"LineString","coordinates":[[-87.6613,41.90345],[-87.66129,41.90363],[-87.66128,41.9037],[-87.66127,41.90378],[-87.66127,41.90379],[-87.66126,41.90389],[-87.66124,41.90402],[-87.66122,41.90412],[-87.66121,41.90421],[-87.6612,41.90435],[-87.66118,41.90445],[-87.66117,41.90459],[-87.66116,41.90469],[-87.66115,41.90482],[-87.66114,41.90487],[-87.66114,41.90498],[-87.66117,41.90526],[-87.66118,41.90534]]},"properties":{"kind":"expressway","name":"Kennedy Expy (I-90/94)"}},{"type":"Feature","geometry":{"type":"LineString","coordinates":[[-87.68802,41.92777],[-87.68834,41.92795],[-87.68845,41.92802],[-87.68913,41.92838]]},"properties":{"kind":"expressway","name":"Kennedy Expy (I-90/94)"}},{"type":"Feature","geometry":{"type":"LineString","coordinates":[[-87.66334,41.90853],[-87.66374,41.90889]]},"properties":{"kind":"expressway","name":"Kennedy Expy (I-90/94)"}},{"type":"Feature","geometry":{"type":"LineString","coordinates":[[-87.65814,41.89591],[-87.65818,41.89593],[-87.65836,41.89611],[-87.65849,41.89622]]},"properties":{"kind":"expressway","name":"Kennedy Expy (I-90/94)"}},{"type":"Feature","geometry":{"type":"LineString","coordinates":[[-87.65381,41.89278],[-87.65389,41.89284],[-87.65407,41.89296],[-87.65424,41.89307],[-87.65433,41.89314],[-87.65444,41.89322],[-87.65452,41.89327],[-87.65476,41.89344],[-87.65481,41.89348]]},"properties":{"kind":"expressway","name":"Kennedy Expy (I-90/94)"}},{"type":"Feature","geometry":{"type":"LineString","coordinates":[[-87.65481,41.89348],[-87.65486,41.89351],[-87.65511,41.89368],[-87.65519,41.89374],[-87.65533,41.89384],[-87.65601,41.89429]]},"properties":{"kind":"expressway","name":"Kennedy Expy (I-90/94)"}},{"type":"Feature","geometry":{"type":"LineString","coordinates":[[-87.63429,41.84541],[-87.6337,41.84529],[-87.63359,41.84526],[-87.63334,41.84519],[-87.63327,41.84517],[-87.63306,41.8451]]},"properties":{"kind":"expressway","name":"Dan Ryan Expy (I-90/94)"}},{"type":"Feature","geometry":{"type":"LineString","coordinates":[[-87.65045,41.89091],[-87.65049,41.89094],[-87.65052,41.89096],[-87.65066,41.89105],[-87.65082,41.89115],[-87.65082,41.89115]]},"properties":{"kind":"expressway","name":"Kennedy Expy (I-90/94)"}},{"type":"Feature","geometry":{"type":"LineString","coordinates":[[-87.60805,41.83483],[-87.60804,41.83477],[-87.60799,41.83454],[-87.60795,41.83435],[-87.6079,41.83418],[-87.60785,41.83403],[-87.6078,41.83387],[-87.60774,41.83371],[-87.60768,41.83355],[-87.6076,41.83337],[-87.60754,41.83324],[-87.60746,41.83308],[-87.60741,41.83299],[-87.6074,41.83296]]},"properties":{"kind":"expressway","name":"DuSable Lake Shore Dr"}},{"type":"Feature","geometry":{"type":"LineString","coordinates":[[-87.5755,41.74254],[-87.57516,41.74229],[-87.57428,41.74165],[-87.5735,41.74108],[-87.57318,41.74084],[-87.57315,41.74081],[-87.57306,41.74075]]},"properties":{"kind":"expressway","name":"Chicago Skyway (I-90)"}},{"type":"Feature","geometry":{"type":"LineString","coordinates":[[-87.6583,41.89622],[-87.6584,41.89634],[-87.65843,41.89638],[-87.6586,41.89659],[-87.65865,41.89665],[-87.6587,41.8967],[-87.65874,41.89677],[-87.65877,41.8968],[-87.65882,41.89687],[-87.65924,41.89764]]},"properties":{"kind":"expressway","name":" "}},{"type":"Feature","geometry":{"type":"LineString","coordinates":[[-87.64515,41.87045],[-87.64508,41.86995],[-87.64506,41.8698],[-87.64505,41.86971],[-87.64505,41.86971],[-87.64505,41.86969]]},"properties":{"kind":"expressway","name":"Dan Ryan Expy (I-90/94)"}},{"type":"Feature","geometry":{"type":"LineString","coordinates":[[-87.65156,41.89136],[-87.6521,41.89173],[-87.65222,41.89181],[-87.65242,41.89193],[-87.65249,41.89197],[-87.6527,41.8921],[-87.65278,41.89215]]},"properties":{"kind":"expressway","name":"Kennedy Expy (I-90/94)"}},{"type":"Feature","geometry":{"type":"LineString","coordinates":[[-87.66616,41.91296],[-87.66666,41.91374],[-87.66676,41.91391],[-87.66685,41.91406],[-87.66693,41.91418],[-87.66701,41.91433]]},"properties":{"kind":"expressway","name":"Kennedy Expy (I-90/94)"}},{"type":"Feature","geometry":{"type":"LineString","coordinates":[[-87.66612,41.91246],[-87.66698,41.91388],[-87.66724,41.91431]]},"properties":{"kind":"expressway","name":"Kennedy Expy (I-90/94)"}},{"type":"Feature","geometry":{"type":"LineString","coordinates":[[-87.66374,41.90889],[-87.66401,41.90913],[-87.66429,41.90942],[-87.66439,41.90953],[-87.66455,41.90973],[-87.66463,41.90982],[-87.66476,41.91],[-87.66483,41.9101],[-87.66488,41.91018],[-87.66494,41.91027],[-87.66504,41.91042],[-87.66504,41.91042],[-87.66506,41.91046],[-87.6652,41.91067]]},"properties":{"kind":"expressway","name":"Kennedy Expy (I-90/94)"}},{"type":"Feature","geometry":{"type":"LineString","coordinates":[[-87.65965,41.89898],[-87.65973,41.89916],[-87.66006,41.89989],[-87.66008,41.89994]]},"properties":{"kind":"expressway","name":"Kennedy Expy (I-90/94)"}},{"type":"Feature","geometry":{"type":"LineString","coordinates":[[-87.6579,41.89623],[-87.658,41.89634],[-87.65803,41.89638],[-87.65809,41.89645],[-87.65824,41.89662],[-87.65832,41.89671],[-87.65838,41.89679],[-87.65846,41.89688],[-87.65891,41.89758]]},"properties":{"kind":"expressway","name":"Kennedy Expy (I-90/94)"}},{"type":"Feature","geometry":{"type":"LineString","coordinates":[[-87.61379,41.85116],[-87.61375,41.85106],[-87.61361,41.85073],[-87.61349,41.85045],[-87.61333,41.85007],[-87.61311,41.84954],[-87.61295,41.84915],[-87.61294,41.84911]]},"properties":{"kind":"expressway","name":"DuSable Lake Shore Dr"}},{"type":"Feature","geometry":{"type":"LineString","coordinates":[[-87.65428,41.89359],[-87.65435,41.89364],[-87.65455,41.89376],[-87.65468,41.89385],[-87.65478,41.89391],[-87.65494,41.89401],[-87.65506,41.89409],[-87.65517,41.89416],[-87.65524,41.8942],[-87.6556,41.89445]]},"properties":{"kind":"expressway","name":"Kennedy Expy (I-90/94)"}},{"type":"Feature","geometry":{"type":"LineString","coordinates":[[-87.66069,41.9016],[-87.66072,41.90174],[-87.6609,41.90254],[-87.66091,41.90274],[-87.66092,41.90291],[-87.66092,41.903],[-87.66093,41.90311],[-87.66093,41.90312],[-87.66092,41.90321],[-87.6609,41.90346]]},"properties":{"kind":"expressway","name":"Kennedy Expy (I-90/94)"}},{"type":"Feature","geometry":{"type":"LineString","coordinates":[[-87.65278,41.89215],[-87.65285,41.89219],[-87.65358,41.89263],[-87.65377,41.89276],[-87.65381,41.89278]]},"properties":{"kind":"expressway","name":"Kennedy Expy (I-90/94)"}},{"type":"Feature","geometry":{"type":"LineString","coordinates":[[-87.66028,41.89991],[-87.66031,41.89998],[-87.66058,41.90054],[-87.66071,41.90085],[-87.66079,41.90107],[-87.6609,41.90138],[-87.66095,41.90157],[-87.66096,41.9016]]},"properties":{"kind":"expressway","name":"Kennedy Expy (I-90/94)"}},{"type":"Feature","geometry":{"type":"LineString","coordinates":[[-87.66587,41.91246],[-87.66604,41.91272],[-87.66616,41.91296]]},"properties":{"kind":"expressway","name":"Kennedy Expy (I-90/94)"}},{"type":"Feature","geometry":{"type":"LineString","coordinates":[[-87.64797,41.88905],[-87.64801,41.8891],[-87.64803,41.88913],[-87.64808,41.88918],[-87.64822,41.8893],[-87.64832,41.88939],[-87.64843,41.88948],[-87.64853,41.88956],[-87.64864,41.88964],[-87.64876,41.88973]]},"properties":{"kind":"expressway","name":"Kennedy Expy (I-90/94)"}},{"type":"Feature","geometry":{"type":"LineString","coordinates":[[-87.62481,41.71949],[-87.62486,41.71934],[-87.62513,41.71874],[-87.62522,41.71854],[-87.62534,41.71832],[-87.62538,41.71824],[-87.62549,41.71806],[-87.62552,41.71802],[-87.62557,41.71794]]},"properties":{"kind":"expressway","name":"Dan Ryan I57"}},{"type":"Feature","geometry":{"type":"LineString","coordinates":[[-87.65597,41.8947],[-87.65599,41.89471],[-87.65604,41.89475],[-87.65612,41.89481],[-87.65618,41.89486],[-87.65632,41.89495],[-87.6569,41.89535],[-87.65702,41.89544],[-87.6574,41.89574],[-87.65766,41.89598],[-87.6577,41.89601],[-87.65772,41.89604]]},"properties":{"kind":"expressway","name":"Kennedy Expy (I-90/94)"}},{"type":"Feature","geometry":{"type":"LineString","coordinates":[[-87.62746,41.77453],[-87.62723,41.77427],[-87.62698,41.77392],[-87.62676,41.77359],[-87.62663,41.7733],[-87.62652,41.77303],[-87.62647,41.77289],[-87.62643,41.7727]]},"properties":{"kind":"expressway","name":"Dan Ryan Expy (I-90/94)"}},{"type":"Feature","geometry":{"type":"LineString","coordinates":[[-87.65601,41.89429],[-87.65604,41.89431],[-87.65605,41.89432],[-87.65613,41.89437],[-87.65619,41.89441],[-87.65621,41.89442]]},"properties":{"kind":"expressway","name":"Kennedy Expy (I-90/94)"}},{"type":"Feature","geometry":{"type":"LineString","coordinates":[[-87.62643,41.7727],[-87.62636,41.77254],[-87.62633,41.77241],[-87.62628,41.77219],[-87.62627,41.77196],[-87.62625,41.77179],[-87.62622,41.77134],[-87.62619,41.77105],[-87.62611,41.77093]]},"properties":{"kind":"expressway","name":"Dan Ryan Expy (I-90/94)"}},{"type":"Feature","geometry":{"type":"LineString","coordinates":[[-87.62695,41.77507],[-87.62672,41.77502],[-87.62643,41.77497]]},"properties":{"kind":"expressway","name":"Chicago Skyway (I-90)"}},{"type":"Feature","geometry":{"type":"LineString","coordinates":[[-87.65932,41.89727],[-87.65952,41.89769]]},"properties":{"kind":"expressway","name":"Kennedy Expy (I-90/94)"}},{"type":"Feature","geometry":{"type":"LineString","coordinates":[[-87.65568,41.89428],[-87.65594,41.89445],[-87.65602,41.89451],[-87.65607,41.89455],[-87.65609,41.89456]]},"properties":{"kind":"expressway","name":"Kennedy Expy (I-90/94)"}},{"type":"Feature","geometry":{"type":"LineString","coordinates":[[-87.65125,41.89115],[-87.65136,41.89123],[-87.65141,41.89126],[-87.65156,41.89136]]},"properties":{"kind":"expressway","name":"Kennedy Expy (I-90/94)"}},{"type":"Feature","geometry":{"type":"LineString","coordinates":[[-87.66051,41.90087],[-87.66057,41.90103],[-87.6606,41.9012],[-87.66062,41.90128],[-87.66064,41.90137],[-87.66069,41.9016]]},"properties":{"kind":"expressway","name":"Kennedy Expy (I-90/94)"}},{"type":"Feature","geometry":{"type":"LineString","coordinates":[[-87.66668,41.91299],[-87.66693,41.91344],[-87.66705,41.91363],[-87.66715,41.9138],[-87.66723,41.91393],[-87.66733,41.9141],[-87.66739,41.91419],[-87.66744,41.91429],[-87.66745,41.9143]]},"properties":{"kind":"expressway","name":"Kennedy Expy (I-90/94)"}},{"type":"Feature","geometry":{"type":"LineString","coordinates":[[-87.66118,41.90534],[-87.66119,41.90543],[-87.6612,41.90554],[-87.6612,41.90557],[-87.66121,41.90563],[-87.66123,41.90571],[-87.66124,41.9058],[-87.66125,41.90582],[-87.66127,41.90592],[-87.66129,41.90597],[-87.6613,41.906],[-87.66133,41.9061],[-87.66134,41.90613]]},"properties":{"kind":"expressway","name":"Kennedy Expy (I-90/94)"}},{"type":"Feature","geometry":{"type":"LineString","coordinates":[[-87.64827,41.88905],[-87.64831,41.88909],[-87.64831,41.8891],[-87.64843,41.8892],[-87.6485,41.88926],[-87.64857,41.88932],[-87.64863,41.88936],[-87.64875,41.88945]]},"properties":{"kind":"expressway","name":"Kennedy Expy (I-90/94)"}},{"type":"Feature","geometry":{"type":"LineString","coordinates":[[-87.62724,41.71627],[-87.62736,41.71618],[-87.62763,41.71602],[-87.62791,41.71587],[-87.62854,41.71553]]},"properties":{"kind":"expressway","name":"Dan Ryan I57"}},{"type":"Feature","geometry":{"type":"LineString","coordinates":[[-87.63022,41.83097],[-87.63022,41.83085],[-87.63021,41.83028],[-87.63019,41.82965],[-87.63018,41.8291]]},"properties":{"kind":"expressway","name":"Dan Ryan Expy (I-90/94)"}},{"type":"Feature","geometry":{"type":"LineString","coordinates":[[-87.6556,41.89445],[-87.65582,41.8946],[-87.6559,41.89465],[-87.65595,41.89469],[-87.65597,41.8947]]},"properties":{"kind":"expressway","name":"Kennedy Expy (I-90/94)"}},{"type":"Feature","geometry":{"type":"LineString","coordinates":[[-87.65609,41.89456],[-87.65611,41.89457],[-87.65616,41.89461],[-87.65624,41.89466],[-87.6565,41.89484],[-87.65652,41.89486],[-87.65674,41.89502],[-87.65702,41.89522],[-87.65752,41.89561],[-87.6579,41.89596],[-87.65804,41.89611],[-87.65815,41.89622]]},"properties":{"kind":"expressway","name":"Kennedy Expy (I-90/94)"}},{"type":"Feature","geometry":{"type":"LineString","coordinates":[[-87.65082,41.89115],[-87.65098,41.89126],[-87.65113,41.89136],[-87.65165,41.89172],[-87.6519,41.89189],[-87.65204,41.89199],[-87.65225,41.89213],[-87.65235,41.89221],[-87.65242,41.89226]]},"properties":{"kind":"expressway","name":"Kennedy Expy (I-90/94)"}},{"type":"Feature","geometry":{"type":"LineString","coordinates":[[-87.65993,41.89916],[-87.66001,41.89933],[-87.66018,41.89971],[-87.66022,41.89979],[-87.66026,41.89987],[-87.66028,41.89991]]},"properties":{"kind":"expressway","name":"Kennedy Expy (I-90/94)"}},{"type":"Feature","geometry":{"type":"LineString","coordinates":[[-87.66134,41.90613],[-87.66135,41.90616],[-87.66141,41.90629],[-87.66147,41.90641],[-87.66155,41.90657],[-87.6616,41.90667],[-87.66162,41.90671],[-87.66165,41.90676],[-87.66172,41.90687],[-87.66179,41.90696],[-87.66187,41.90708],[-87.66187,41.90708]]},"properties":{"kind":"expressway","name":"Kennedy Expy (I-90/94)"}},{"type":"Feature","geometry":{"type":"LineString","coordinates":[[-87.62643,41.77497],[-87.62631,41.7748],[-87.62617,41.77459]]},"properties":{"kind":"expressway","name":"Dan Ryan Expy (I-90/94)"}},{"type":"Feature","geometry":{"type":"LineString","coordinates":[[-87.62617,41.77459],[-87.62602,41.77428],[-87.62583,41.77393],[-87.6257,41.7736],[-87.62563,41.77329],[-87.6256,41.773],[-87.62558,41.77272]]},"properties":{"kind":"expressway","name":"Dan Ryan Expy (I-90/94)"}},{"type":"Feature","geometry":{"type":"LineString","coordinates":[[-87.62558,41.77272],[-87.62558,41.77246],[-87.62556,41.77217],[-87.62557,41.7718]]},"properties":{"kind":"expressway","name":"Dan Ryan Expy (I-90/94)"}},{"type":"Feature","geometry":{"type":"LineString","coordinates":[[-87.62557,41.7718],[-87.62558,41.77165],[-87.62557,41.7714],[-87.62558,41.77117],[-87.62562,41.77104],[-87.62568,41.77093]]},"properties":{"kind":"expressway","name":"Dan Ryan Expy (I-90/94)"}},{"type":"Feature","geometry":{"type":"LineString","coordinates":[[-87.65242,41.89226],[-87.65248,41.8923],[-87.65258,41.89237],[-87.65271,41.89246]]},"properties":{"kind":"expressway","name":"Kennedy Expy (I-90/94)"}},{"type":"Feature","geometry":{"type":"LineString","coordinates":[[-87.66079,41.90553],[-87.6608,41.9056],[-87.66083,41.90571],[-87.66084,41.90579],[-87.66086,41.90586],[-87.66086,41.90587],[-87.66089,41.90595],[-87.66092,41.90606],[-87.66094,41.9061],[-87.66095,41.90614],[-87.661,41.90627],[-87.66103,41.90635],[-87.66106,41.90642],[-87.6611,41.9065],[-87.66116,41.90663],[-87.66119,41.90668],[-87.66121,41.90673],[-87.66125,41.9068],[-87.66129,41.90686],[-87.66136,41.90697],[-87.66141,41.90705],[-87.66143,41.90708]]},"properties":{"kind":"expressway","name":"Kennedy Expy (I-90/94)"}},{"type":"Feature","geometry":{"type":"LineString","coordinates":[[-87.65945,41.89804],[-87.65947,41.89808],[-87.65983,41.89895],[-87.65984,41.89896],[-87.65993,41.89916]]},"properties":{"kind":"expressway","name":"Kennedy Expy (I-90/94)"}},{"type":"Feature","geometry":{"type":"LineString","coordinates":[[-87.66118,41.90159],[-87.6612,41.90166],[-87.6612,41.90167],[-87.6612,41.90175],[-87.66121,41.9019],[-87.66123,41.90204],[-87.66126,41.9022],[-87.66129,41.9024],[-87.6613,41.9025],[-87.66131,41.90263],[-87.66131,41.90269],[-87.66132,41.9028],[-87.66132,41.90296],[-87.66132,41.90307],[-87.66132,41.90311],[-87.6613,41.90345]]},"properties":{"kind":"expressway","name":"Kennedy Expy (I-90/94)"}},{"type":"Feature","geometry":{"type":"LineString","coordinates":[[-87.65849,41.89622],[-87.65862,41.89633],[-87.65869,41.8964],[-87.65869,41.8964],[-87.65882,41.89657],[-87.65896,41.89675],[-87.65907,41.89692],[-87.65914,41.89703],[-87.65915,41.89704],[-87.65932,41.89727]]},"properties":{"kind":"expressway","name":"Kennedy Expy (I-90/94)"}},{"type":"Feature","geometry":{"type":"LineString","coordinates":[[-87.66477,41.91068],[-87.66493,41.91093],[-87.66494,41.91094],[-87.66504,41.9111],[-87.66524,41.9114],[-87.66534,41.91156],[-87.66541,41.91166],[-87.66551,41.91183],[-87.66556,41.91191],[-87.66585,41.91242],[-87.66587,41.91246]]},"properties":{"kind":"expressway","name":"Kennedy Expy (I-90/94)"}},{"type":"Feature","geometry":{"type":"LineString","coordinates":[[-87.65271,41.89246],[-87.65288,41.89259],[-87.65318,41.8928],[-87.65333,41.89291],[-87.6538,41.89328],[-87.65421,41.89354],[-87.65428,41.89359]]},"properties":{"kind":"expressway","name":"Kennedy Expy (I-90/94)"}},{"type":"Feature","geometry":{"type":"LineString","coordinates":[[-87.62477,41.74366],[-87.62477,41.74352],[-87.62476,41.74305],[-87.62474,41.74235],[-87.62472,41.74182]]},"properties":{"kind":"expressway","name":"Dan Ryan Expy (I-90/94)"}},{"type":"Feature","geometry":{"type":"LineString","coordinates":[[-87.66008,41.89994],[-87.66011,41.9],[-87.66021,41.90022],[-87.66032,41.90045],[-87.66046,41.90077],[-87.66048,41.90081],[-87.66051,41.90087]]},"properties":{"kind":"expressway","name":"Kennedy Expy (I-90/94)"}},{"type":"Feature","geometry":{"type":"LineString","coordinates":[[-87.63111,41.83096],[-87.6311,41.83084],[-87.6311,41.83076],[-87.6311,41.83063],[-87.63109,41.83048]]},"properties":{"kind":"expressway","name":"Dan Ryan Expy (I-90/94)"}},{"type":"Feature","geometry":{"type":"LineString","coordinates":[[-87.63109,41.83048],[-87.63109,41.83038],[-87.63109,41.83007],[-87.63108,41.82969],[-87.63104,41.82909]]},"properties":{"kind":"expressway","name":"Dan Ryan Expy (I-90/94)"}},{"type":"Feature","geometry":{"type":"LineString","coordinates":[[-87.66633,41.91245],[-87.66668,41.91299]]},"properties":{"kind":"expressway","name":"Kennedy Expy (I-90/94)"}},{"type":"Feature","geometry":{"type":"LineString","coordinates":[[-87.64924,41.89007],[-87.64941,41.89018],[-87.64955,41.89028],[-87.64974,41.89041],[-87.64992,41.89052],[-87.64993,41.89052],[-87.65001,41.89058],[-87.65017,41.89072],[-87.65033,41.89083],[-87.65037,41.89086],[-87.65045,41.89091]]},"properties":{"kind":"expressway","name":"Kennedy Expy (I-90/94)"}},{"type":"Feature","geometry":{"type":"LineString","coordinates":[[-87.66701,41.91433],[-87.66702,41.91434],[-87.66709,41.91445],[-87.66719,41.91462],[-87.66726,41.91474],[-87.66732,41.91484],[-87.66738,41.91494],[-87.66745,41.91503],[-87.66767,41.91536],[-87.66782,41.91557]]},"properties":{"kind":"expressway","name":"Kennedy Expy (I-90/94)"}},{"type":"Feature","geometry":{"type":"LineString","coordinates":[[-87.65814,41.89591],[-87.65817,41.89599],[-87.65819,41.89605],[-87.65822,41.89611],[-87.65829,41.89621],[-87.6583,41.89622]]},"properties":{"kind":"expressway","name":" "}},{"type":"Feature","geometry":{"type":"LineString","coordinates":[[-87.65815,41.89622],[-87.65826,41.89634],[-87.65828,41.89636],[-87.65862,41.89678],[-87.65879,41.89698],[-87.65924,41.89764]]},"properties":{"kind":"expressway","name":"Kennedy Expy (I-90/94)"}},{"type":"Feature","geometry":{"type":"LineString","coordinates":[[-87.66076,41.90534],[-87.66076,41.90536],[-87.66077,41.90536],[-87.66079,41.90551],[-87.66079,41.90553]]},"properties":{"kind":"expressway","name":"Kennedy Expy (I-90/94)"}},{"type":"Feature","geometry":{"type":"LineString","coordinates":[[-87.66225,41.68115],[-87.66223,41.68067],[-87.66221,41.67994],[-87.66219,41.67929]]},"properties":{"kind":"expressway","name":"I-57"}},{"type":"Feature","geometry":{"type":"LineString","coordinates":[[-87.66745,41.9143],[-87.66748,41.91436],[-87.66754,41.91446],[-87.66781,41.91486]]},"properties":{"kind":"expressway","name":"Kennedy Expy (I-90/94)"}},{"type":"Feature","geometry":{"type":"LineString","coordinates":[[-87.6632,41.90889],[-87.66366,41.90926],[-87.66383,41.90942],[-87.66395,41.90955],[-87.66406,41.90967],[-87.66412,41.90974],[-87.6642,41.90984],[-87.66425,41.9099],[-87.66432,41.91],[-87.66437,41.91007],[-87.66444,41.91016],[-87.66446,41.9102],[-87.66454,41.91031],[-87.66461,41.91043],[-87.66477,41.91068]]},"properties":{"kind":"expressway","name":"Kennedy Expy (I-90/94)"}},{"type":"Feature","geometry":{"type":"LineString","coordinates":[[-87.65952,41.89769],[-87.65956,41.8978],[-87.65962,41.89794],[-87.65963,41.89795],[-87.65967,41.89804]]},"properties":{"kind":"expressway","name":"Kennedy Expy (I-90/94)"}},{"type":"Feature","geometry":{"type":"LineString","coordinates":[[-87.62495,41.73453],[-87.62495,41.73445],[-87.62492,41.73391],[-87.62489,41.73326],[-87.62488,41.73243],[-87.62488,41.73187],[-87.62487,41.73121]]},"properties":{"kind":"expressway","name":"Dan Ryan Expy (I-90/94)"}},{"type":"Feature","geometry":{"type":"LineString","coordinates":[[-87.65967,41.89804],[-87.65969,41.89809],[-87.65974,41.8982],[-87.66013,41.89915],[-87.66022,41.89935]]},"properties":{"kind":"expressway","name":"Kennedy Expy (I-90/94)"}},{"type":"Feature","geometry":{"type":"LineString","coordinates":[[-87.60048,41.82528],[-87.60039,41.8251],[-87.60024,41.82477],[-87.60002,41.82427],[-87.59978,41.82375],[-87.59946,41.82304]]},"properties":{"kind":"expressway","name":"DuSable Lake Shore Dr"}},{"type":"Feature","geometry":{"type":"LineString","coordinates":[[-87.64875,41.88945],[-87.64887,41.88954],[-87.64914,41.88973],[-87.64914,41.88974],[-87.64933,41.88986]]},"properties":{"kind":"expressway","name":"Kennedy Expy (I-90/94)"}},{"type":"Feature","geometry":{"type":"LineString","coordinates":[[-87.66187,41.90708],[-87.66193,41.90716],[-87.662,41.90725],[-87.66209,41.90735],[-87.66219,41.90746],[-87.66232,41.90759],[-87.66246,41.90773],[-87.6626,41.90786],[-87.66274,41.90798],[-87.66281,41.90805]]},"properties":{"kind":"expressway","name":"Kennedy Expy (I-90/94)"}},{"type":"Feature","geometry":{"type":"LineString","coordinates":[[-87.66166,41.90707],[-87.66179,41.90727],[-87.66206,41.90758],[-87.66239,41.9079],[-87.66283,41.90829]]},"properties":{"kind":"expressway","name":"Kennedy Expy (I-90/94)"}},{"type":"Feature","geometry":{"type":"LineString","coordinates":[[-87.66281,41.90805],[-87.66292,41.90814],[-87.66296,41.90818],[-87.66302,41.90824]]},"properties":{"kind":"expressway","name":"Kennedy Expy (I-90/94)"}},{"type":"Feature","geometry":{"type":"LineString","coordinates":[[-87.66302,41.90824],[-87.66334,41.90853]]},"properties":{"kind":"expressway","name":"Kennedy Expy (I-90/94)"}},{"type":"Feature","geometry":{"type":"LineString","coordinates":[[-87.66283,41.90829],[-87.66291,41.90836],[-87.6632,41.90862],[-87.66352,41.90891]]},"properties":{"kind":"expressway","name":"Kennedy Expy (I-90/94)"}},{"type":"Feature","geometry":{"type":"LineString","coordinates":[[-87.66231,41.90806],[-87.66235,41.9081],[-87.6625,41.90823],[-87.66254,41.90828],[-87.66286,41.90857]]},"properties":{"kind":"expressway","name":"Kennedy Expy (I-90/94)"}},{"type":"Feature","geometry":{"type":"LineString","coordinates":[[-87.66286,41.90857],[-87.6629,41.90862],[-87.66293,41.90864],[-87.66306,41.90876],[-87.66309,41.90879],[-87.66318,41.90888],[-87.6632,41.90889]]},"properties":{"kind":"expressway","name":"Kennedy Expy (I-90/94)"}},{"type":"Feature","geometry":{"type":"LineString","coordinates":[[-87.61558,41.85524],[-87.61553,41.85512],[-87.61525,41.85444]]},"properties":{"kind":"expressway","name":"DuSable Lake Shore Dr"}},{"type":"Feature","geometry":{"type":"LineString","coordinates":[[-87.59439,41.75608],[-87.59391,41.75573],[-87.5934,41.75536],[-87.59286,41.75497],[-87.59219,41.75448],[-87.59178,41.75418],[-87.59116,41.75374]]},"properties":{"kind":"expressway","name":"Chicago Skyway (I-90)"}},{"type":"Feature","geometry":{"type":"LineString","coordinates":[[-87.58698,41.65804],[-87.58695,41.658],[-87.58628,41.65723],[-87.58549,41.65631],[-87.58469,41.65537],[-87.58376,41.65428],[-87.58339,41.65384],[-87.58303,41.65342],[-87.58275,41.65309],[-87.58213,41.65239],[-87.58186,41.65207],[-87.58105,41.65112],[-87.58082,41.65085],[-87.58057,41.65053],[-87.58049,41.65043],[-87.5798,41.64941],[-87.57964,41.64915]]},"properties":{"kind":"expressway","name":"Bishop Ford Fwy (I-94)"}},{"type":"Feature","geometry":{"type":"LineString","coordinates":[[-87.64876,41.88973],[-87.64877,41.88974],[-87.64888,41.88982],[-87.64889,41.88983],[-87.64896,41.88988]]},"properties":{"kind":"expressway","name":"Kennedy Expy (I-90/94)"}},{"type":"Feature","geometry":{"type":"LineString","coordinates":[[-87.6609,41.90346],[-87.66088,41.90377],[-87.66087,41.90379],[-87.66086,41.90391],[-87.66085,41.90399],[-87.66083,41.90415],[-87.66081,41.9043],[-87.6608,41.90438],[-87.66078,41.90454],[-87.66073,41.9049],[-87.66074,41.90502],[-87.66074,41.90511],[-87.66076,41.90534]]},"properties":{"kind":"expressway","name":"Kennedy Expy (I-90/94)"}},{"type":"Feature","geometry":{"type":"LineString","coordinates":[[-87.62558,41.90785],[-87.62561,41.90795],[-87.6257,41.90834],[-87.62571,41.90839],[-87.62581,41.90877],[-87.62588,41.9091],[-87.62592,41.90937],[-87.62593,41.90953]]},"properties":{"kind":"expressway","name":"DuSable Lake Shore Dr"}},{"type":"Feature","geometry":{"type":"LineString","coordinates":[[-87.66112,41.90345],[-87.66111,41.90353],[-87.66108,41.90379],[-87.66103,41.9042],[-87.66095,41.90477],[-87.66094,41.90515],[-87.66097,41.90534]]},"properties":{"kind":"expressway","name":"Kennedy Expy (I-90/94)"}},{"type":"Feature","geometry":{"type":"LineString","coordinates":[[-87.62999,41.82192],[-87.62998,41.82138],[-87.62995,41.82072],[-87.62993,41.82001]]},"properties":{"kind":"expressway","name":"Dan Ryan Expy (I-90/94)"}},{"type":"Feature","geometry":{"type":"LineString","coordinates":[[-87.64933,41.88986],[-87.64945,41.88995],[-87.6495,41.88998],[-87.64962,41.89007]]},"properties":{"kind":"expressway","name":"Kennedy Expy (I-90/94)"}},{"type":"Feature","geometry":{"type":"LineString","coordinates":[[-87.6592,41.89805],[-87.65938,41.89839],[-87.65956,41.89878],[-87.65965,41.89898]]},"properties":{"kind":"expressway","name":"Kennedy Expy (I-90/94)"}},{"type":"Feature","geometry":{"type":"LineString","coordinates":[[-87.62453,41.73455],[-87.62452,41.73421],[-87.6245,41.73362],[-87.62448,41.7327],[-87.62446,41.7322],[-87.62444,41.73137],[-87.62444,41.73129],[-87.62442,41.73071]]},"properties":{"kind":"expressway","name":"Dan Ryan Expy (I-90/94)"}},{"type":"Feature","geometry":{"type":"LineString","coordinates":[[-87.66097,41.90534],[-87.66098,41.9055],[-87.66107,41.90588],[-87.66115,41.90614],[-87.66129,41.90648],[-87.66145,41.90678],[-87.66166,41.90707]]},"properties":{"kind":"expressway","name":"Kennedy Expy (I-90/94)"}},{"type":"Feature","geometry":{"type":"LineString","coordinates":[[-87.64896,41.88988],[-87.64903,41.88993],[-87.64908,41.88996],[-87.64912,41.88999],[-87.64924,41.89007]]},"properties":{"kind":"expressway","name":"Kennedy Expy (I-90/94)"}},{"type":"Feature","geometry":{"type":"LineString","coordinates":[[-87.6652,41.91067],[-87.66536,41.91093],[-87.66542,41.91101],[-87.66553,41.91118],[-87.6656,41.91129],[-87.66572,41.91148],[-87.66582,41.91164],[-87.6659,41.91177],[-87.66601,41.91193],[-87.66615,41.91216],[-87.66631,41.91242],[-87.66632,41.91243],[-87.66633,41.91245]]},"properties":{"kind":"expressway","name":"Kennedy Expy (I-90/94)"}},{"type":"Feature","geometry":{"type":"LineString","coordinates":[[-87.71659,41.94293],[-87.71684,41.94326],[-87.71702,41.9435],[-87.71731,41.94394],[-87.71755,41.9444]]},"properties":{"kind":"expressway","name":"Kennedy Expy (I-90/94)"}},{"type":"Feature","geometry":{"type":"LineString","coordinates":[[-87.71755,41.9444],[-87.71755,41.9444],[-87.71773,41.9447]]},"properties":{"kind":"expressway","name":"Kennedy Expy (I-90/94)"}},{"type":"Feature","geometry":{"type":"LineString","coordinates":[[-87.7513,41.99077],[-87.75126,41.99137],[-87.75124,41.99148],[-87.75114,41.99241],[-87.75106,41.99313],[-87.75099,41.99427]]},"properties":{"kind":"expressway","name":"Edens Expy (I-94)"}},{"type":"Feature","geometry":{"type":"LineString","coordinates":[[-87.603,41.76227],[-87.60263,41.762],[-87.60221,41.7617],[-87.60175,41.76137],[-87.60115,41.76093],[-87.60068,41.7606],[-87.60019,41.76025],[-87.60002,41.76013],[-87.59999,41.76011]]},"properties":{"kind":"expressway","name":"Chicago Skyway (I-90)"}},{"type":"Feature","geometry":{"type":"LineString","coordinates":[[-87.69331,41.93084],[-87.69422,41.93136],[-87.69509,41.93186],[-87.69514,41.93189],[-87.69516,41.9319],[-87.69552,41.93212]]},"properties":{"kind":"expressway","name":"Kennedy Expy (I-90/94)"}},{"type":"Feature","geometry":{"type":"LineString","coordinates":[[-87.67946,41.92327],[-87.68038,41.9238],[-87.68138,41.92437],[-87.68207,41.92476],[-87.68216,41.92481],[-87.68246,41.92498]]},"properties":{"kind":"expressway","name":"Kennedy Expy (I-90/94)"}},{"type":"Feature","geometry":{"type":"LineString","coordinates":[[-87.58716,41.80903],[-87.58716,41.80903],[-87.58697,41.80878],[-87.58682,41.80857],[-87.58667,41.80835],[-87.58655,41.80818],[-87.58642,41.80797],[-87.58641,41.80797],[-87.58631,41.8078],[-87.58616,41.80759],[-87.58598,41.80734],[-87.5857,41.807],[-87.58546,41.80678],[-87.5853,41.80665]]},"properties":{"kind":"expressway","name":"DuSable Lake Shore Dr"}},{"type":"Feature","geometry":{"type":"LineString","coordinates":[[-87.5853,41.80665],[-87.58513,41.80651],[-87.58476,41.80625],[-87.58454,41.80611]]},"properties":{"kind":"expressway","name":"DuSable Lake Shore Dr"}},{"type":"Feature","geometry":{"type":"LineString","coordinates":[[-87.5862,41.80723],[-87.58594,41.80698],[-87.5858,41.80683],[-87.58568,41.80672],[-87.58548,41.80655]]},"properties":{"kind":"expressway","name":"DuSable Lake Shore Dr"}},{"type":"Feature","geometry":{"type":"LineString","coordinates":[[-87.58548,41.80655],[-87.58538,41.80646],[-87.58492,41.80612],[-87.58486,41.80608]]},"properties":{"kind":"expressway","name":"DuSable Lake Shore Dr"}},{"type":"Feature","geometry":{"type":"LineString","coordinates":[[-87.66022,41.89935],[-87.66022,41.89936],[-87.66023,41.89937],[-87.6603,41.89952],[-87.66046,41.89985],[-87.66048,41.89989]]},"properties":{"kind":"expressway","name":"Kennedy Expy (I-90/94)"}},{"type":"Feature","geometry":{"type":"LineString","coordinates":[[-87.62486,41.90478],[-87.62492,41.90515],[-87.6251,41.90587]]},"properties":{"kind":"expressway","name":"DuSable Lake Shore Dr"}},{"type":"Feature","geometry":{"type":"LineString","coordinates":[[-87.68246,41.92498],[-87.68284,41.9252],[-87.68291,41.92524],[-87.6833,41.92546],[-87.68331,41.92546]]},"properties":{"kind":"expressway","name":"Kennedy Expy (I-90/94)"}},{"type":"Feature","geometry":{"type":"LineString","coordinates":[[-87.68331,41.92546],[-87.6837,41.92568],[-87.68402,41.92587],[-87.68437,41.92606],[-87.68473,41.92627],[-87.68507,41.92646]]},"properties":{"kind":"expressway","name":"Kennedy Expy (I-90/94)"}},{"type":"Feature","geometry":{"type":"LineString","coordinates":[[-87.68279,41.92498],[-87.68317,41.92519],[-87.68324,41.92523],[-87.68345,41.92535]]},"properties":{"kind":"expressway","name":"Kennedy Expy (I-90/94)"}},{"type":"Feature","geometry":{"type":"LineString","coordinates":[[-87.68345,41.92535],[-87.68398,41.92566],[-87.68476,41.9261],[-87.68536,41.92643]]},"properties":{"kind":"expressway","name":"Kennedy Expy (I-90/94)"}},{"type":"Feature","geometry":{"type":"LineString","coordinates":[[-87.68311,41.92497],[-87.68348,41.92519],[-87.68355,41.92522],[-87.68359,41.92525]]},"properties":{"kind":"expressway","name":"Kennedy Expy (I-90/94)"}},{"type":"Feature","geometry":{"type":"LineString","coordinates":[[-87.68359,41.92525],[-87.68424,41.92561],[-87.685,41.92605],[-87.6857,41.92644]]},"properties":{"kind":"expressway","name":"Kennedy Expy (I-90/94)"}},{"type":"Feature","geometry":{"type":"LineString","coordinates":[[-87.6251,41.90587],[-87.62515,41.90603],[-87.62529,41.90665],[-87.62545,41.90729],[-87.62558,41.90785]]},"properties":{"kind":"expressway","name":"DuSable Lake Shore Dr"}},{"type":"Feature","geometry":{"type":"LineString","coordinates":[[-87.86734,41.87792],[-87.86709,41.87728],[-87.86705,41.87718],[-87.86686,41.87646],[-87.86683,41.87628],[-87.8668,41.87612],[-87.86676,41.87568],[-87.86673,41.87505],[-87.86658,41.87122],[-87.86657,41.87108],[-87.86656,41.87093],[-87.86656,41.87079],[-87.86645,41.86822],[-87.86634,41.86544]]},"properties":{"kind":"rail","name":"Indiana Harbor Belt"}},{"type":"Feature","geometry":{"type":"LineString","coordinates":[[-87.86567,41.84917],[-87.86567,41.84909],[-87.86564,41.84857],[-87.86554,41.84563],[-87.86554,41.84546],[-87.86553,41.84528],[-87.86537,41.8418],[-87.86533,41.84091],[-87.86507,41.83452],[-87.86477,41.8272],[-87.86469,41.82514],[-87.86453,41.82142]]},"properties":{"kind":"rail","name":"Indiana Harbor Belt"}},{"type":"Feature","geometry":{"type":"LineString","coordinates":[[-87.48924,41.68199],[-87.49033,41.6826],[-87.49119,41.68307],[-87.49298,41.68406],[-87.49321,41.68419],[-87.49322,41.68419],[-87.50002,41.68796],[-87.50097,41.6885],[-87.50391,41.69012],[-87.50494,41.69069],[-87.50759,41.69217],[-87.5085,41.69275],[-87.50937,41.69333],[-87.51034,41.69407],[-87.51137,41.69495],[-87.51317,41.69655],[-87.51503,41.69822],[-87.51808,41.70091],[-87.51814,41.70097],[-87.51846,41.70126],[-87.52432,41.70658],[-87.52451,41.70675]]},"properties":{"kind":"rail","name":"CSX"}},{"type":"Feature","geometry":{"type":"LineString","coordinates":[[-87.53992,41.72949],[-87.5399,41.72942],[-87.53985,41.72924],[-87.53976,41.72908],[-87.53908,41.72807],[-87.53834,41.72717],[-87.53767,41.72635],[-87.53761,41.72628],[-87.53728,41.72586],[-87.5369,41.72538]]},"properties":{"kind":"rail","name":"Canadian National"}},{"type":"Feature","geometry":{"type":"LineString","coordinates":[[-87.86453,41.82142],[-87.86438,41.82023],[-87.86428,41.81938],[-87.86424,41.8192],[-87.86418,41.81901],[-87.86405,41.8188],[-87.86383,41.81857],[-87.86363,41.81841],[-87.86336,41.81826],[-87.86306,41.81814],[-87.86274,41.81806],[-87.86243,41.81802],[-87.86216,41.81803],[-87.8619,41.81807],[-87.86056,41.81837],[-87.86021,41.81845],[-87.85982,41.81854],[-87.85957,41.81861],[-87.85935,41.81866],[-87.85914,41.81869],[-87.8588,41.81875],[-87.85854,41.8188],[-87.85822,41.81888],[-87.85776,41.81899],[-87.85744,41.81906],[-87.85708,41.81913],[-87.8569,41.81916],[-87.85652,41.81923],[-87.85619,41.8193],[-87.85584,41.81938],[-87.85315,41.81998],[-87.85264,41.82009],[-87.85197,41.82025],[-87.85092,41.82049],[-87.85056,41.82056],[-87.84991,41.82067]]},"properties":{"kind":"rail","name":"BNSF Railway"}},{"type":"Feature","geometry":{"type":"LineString","coordinates":[[-87.59213,41.72298],[-87.59482,41.72303],[-87.60109,41.72291],[-87.60243,41.72297],[-87.60318,41.72304],[-87.60326,41.72305],[-87.60335,41.72306],[-87.60341,41.72307],[-87.60342,41.72308],[-87.60354,41.72309],[-87.60363,41.72311],[-87.60451,41.72329],[-87.60522,41.72347],[-87.60633,41.72387],[-87.60794,41.72465],[-87.61168,41.7265],[-87.6143,41.72778],[-87.61516,41.72817],[-87.61614,41.72855],[-87.61718,41.72889],[-87.6181,41.72918],[-87.61919,41.72947],[-87.62017,41.72967],[-87.62118,41.72984],[-87.62205,41.72996],[-87.62284,41.73004],[-87.62359,41.73009],[-87.62431,41.73011],[-87.62461,41.7301],[-87.62565,41.73009],[-87.62592,41.73008],[-87.62793,41.73007],[-87.6335,41.72998],[-87.63362,41.72998],[-87.63377,41.72998],[-87.6338,41.72998],[-87.63856,41.72993],[-87.64375,41.72986]]},"properties":{"kind":"rail","name":"Chicago Rail Link"}},{"type":"Feature","geometry":{"type":"LineString","coordinates":[[-87.61758,41.64063],[-87.61821,41.64063],[-87.61883,41.64067],[-87.62131,41.64066],[-87.62437,41.64065],[-87.62502,41.64065],[-87.62607,41.64065],[-87.62631,41.64065],[-87.62631,41.64065],[-87.62634,41.64065],[-87.6264,41.64065],[-87.62641,41.64065],[-87.62657,41.64065],[-87.62857,41.64064],[-87.62948,41.64064]]},"properties":{"kind":"rail","name":"Indiana Harbor Belt"}},{"type":"Feature","geometry":{"type":"LineString","coordinates":[[-87.46423,41.60396],[-87.46523,41.60306],[-87.46598,41.60238],[-87.46627,41.60199],[-87.46646,41.6016],[-87.46658,41.60115],[-87.46658,41.60055],[-87.4666,41.59968]]},"properties":{"kind":"rail","name":"Indiana Harbor Belt"}},{"type":"Feature","geometry":{"type":"LineString","coordinates":[[-87.4666,41.59968],[-87.46668,41.60003],[-87.46687,41.60078],[-87.46705,41.60115],[-87.46726,41.60148],[-87.4675,41.60178],[-87.46755,41.60185],[-87.46806,41.60233],[-87.46875,41.60289],[-87.46925,41.60325],[-87.46969,41.60347],[-87.47028,41.60371]]},"properties":{"kind":"rail","name":"Indiana Harbor Belt"}},{"type":"Feature","geometry":{"type":"LineString","coordinates":[[-87.44458,41.65473],[-87.44496,41.65488],[-87.44514,41.65497],[-87.44569,41.65514]]},"properties":{"kind":"rail","name":"Indiana Harbor Belt"}},{"type":"Feature","geometry":{"type":"LineString","coordinates":[[-87.4023,41.63014],[-87.40147,41.62978],[-87.39991,41.6292],[-87.39654,41.628],[-87.39382,41.62703]]},"properties":{"kind":"rail","name":"Canadian National"}},{"type":"Feature","geometry":{"type":"LineString","coordinates":[[-87.75529,41.77097],[-87.7546,41.77094],[-87.75231,41.77059],[-87.74946,41.7696],[-87.7479,41.7694]]},"properties":{"kind":"rail","name":"Belt Railway of Chicago"}},{"type":"Feature","geometry":{"type":"LineString","coordinates":[[-87.8204,41.88112],[-87.82036,41.88061],[-87.82026,41.88018],[-87.82014,41.87974],[-87.81997,41.87934]]},"properties":{"kind":"rail","name":"Canadian National"}},{"type":"Feature","geometry":{"type":"LineString","coordinates":[[-87.82061,41.88683],[-87.82061,41.88679],[-87.82061,41.88667],[-87.82061,41.88655],[-87.8206,41.88642],[-87.82059,41.88615],[-87.82046,41.88205],[-87.8204,41.88112]]},"properties":{"kind":"rail","name":"Canadian National"}},{"type":"Feature","geometry":{"type":"LineString","coordinates":[[-87.8132,41.87416],[-87.8128,41.87407],[-87.81254,41.87404],[-87.81204,41.87395],[-87.81153,41.87388],[-87.81067,41.87377]]},"properties":{"kind":"rail","name":"CSX"}},{"type":"Feature","geometry":{"type":"LineString","coordinates":[[-87.8642,41.81572],[-87.86419,41.81553],[-87.86418,41.81522],[-87.86412,41.81486],[-87.86403,41.81444],[-87.86392,41.81408],[-87.86386,41.81392],[-87.86371,41.81357],[-87.8635,41.81311],[-87.86317,41.81247],[-87.86264,41.81148],[-87.86209,41.81042],[-87.8618,41.80976],[-87.86166,41.80932],[-87.8614,41.80823],[-87.86103,41.80684],[-87.86089,41.80638],[-87.86083,41.80621],[-87.86072,41.806],[-87.86059,41.80581],[-87.86045,41.80563],[-87.86028,41.80546],[-87.8601,41.80531],[-87.85988,41.80514],[-87.85966,41.805],[-87.85946,41.80489],[-87.85921,41.80478],[-87.85891,41.80467],[-87.85868,41.8046],[-87.85741,41.80425],[-87.8535,41.80319],[-87.85297,41.80302],[-87.85258,41.80289],[-87.85178,41.8026]]},"properties":{"kind":"rail","name":"Indiana Harbor Belt"}},{"type":"Feature","geometry":{"type":"LineString","coordinates":[[-87.82603,41.79898],[-87.82562,41.79926],[-87.82539,41.79942],[-87.82519,41.79953],[-87.8248,41.79975],[-87.82425,41.80001],[-87.82421,41.80003],[-87.82354,41.80031],[-87.82293,41.80052],[-87.82269,41.8006],[-87.82003,41.80145],[-87.81764,41.80222],[-87.81117,41.80429],[-87.81057,41.80448],[-87.80995,41.80468],[-87.80573,41.80603],[-87.80533,41.80614],[-87.80426,41.80644],[-87.80413,41.80647],[-87.80346,41.80661],[-87.80338,41.80662],[-87.80282,41.8067],[-87.80263,41.80671],[-87.80197,41.80677],[-87.80189,41.80678],[-87.80063,41.80681],[-87.80057,41.80681],[-87.79301,41.80693],[-87.79251,41.80693]]},"properties":{"kind":"rail","name":"BNSF Railway"}},{"type":"Feature","geometry":{"type":"LineString","coordinates":[[-87.83265,41.78776],[-87.83056,41.78611],[-87.83015,41.78578],[-87.82977,41.78548],[-87.82932,41.78512],[-87.82911,41.78496],[-87.82879,41.7847],[-87.82842,41.78445],[-87.8282,41.7843],[-87.82763,41.78395],[-87.82686,41.78351],[-87.82685,41.7835],[-87.82667,41.7834],[-87.82572,41.78283],[-87.82531,41.78259]]},"properties":{"kind":"rail","name":"Indiana Harbor Belt"}},{"type":"Feature","geometry":{"type":"LineString","coordinates":[[-87.82531,41.78259],[-87.82388,41.78174],[-87.82385,41.78172],[-87.82381,41.7817],[-87.82378,41.78169],[-87.82337,41.78144],[-87.82323,41.78136],[-87.82319,41.78134],[-87.82227,41.7808],[-87.82212,41.78071],[-87.82153,41.78037]]},"properties":{"kind":"rail","name":"Indiana Harbor Belt"}},{"type":"Feature","geometry":{"type":"LineString","coordinates":[[-87.82153,41.78037],[-87.81686,41.77765],[-87.81536,41.77669]]},"properties":{"kind":"rail","name":"Indiana Harbor Belt"}},{"type":"Feature","geometry":{"type":"LineString","coordinates":[[-87.81536,41.77669],[-87.8145,41.77623]]},"properties":{"kind":"rail","name":"Indiana Harbor Belt"}},{"type":"Feature","geometry":{"type":"LineString","coordinates":[[-87.71429,41.82423],[-87.71428,41.82395]]},"properties":{"kind":"rail","name":"BNSF Railway"}},{"type":"Feature","geometry":{"type":"LineString","coordinates":[[-87.71877,41.82591],[-87.71763,41.82615],[-87.71707,41.82618],[-87.7167,41.82614],[-87.71623,41.82605],[-87.71583,41.82591],[-87.71544,41.82572],[-87.71518,41.82556],[-87.71501,41.82543],[-87.71499,41.82541],[-87.71499,41.82541],[-87.71486,41.8253],[-87.71449,41.82482],[-87.71429,41.82423]]},"properties":{"kind":"rail","name":"BNSF Railway"}},{"type":"Feature","geometry":{"type":"LineString","coordinates":[[-87.67866,41.76279],[-87.67859,41.76194],[-87.67857,41.76172],[-87.67855,41.76076],[-87.67853,41.76037],[-87.67851,41.76009],[-87.67844,41.7598],[-87.67833,41.75952],[-87.67825,41.75937],[-87.67817,41.75923],[-87.67809,41.75912],[-87.67795,41.75894],[-87.67779,41.75879],[-87.67769,41.75869],[-87.6774,41.75845],[-87.67737,41.75843],[-87.67703,41.75823],[-87.67661,41.75805],[-87.67622,41.75792],[-87.67585,41.75784],[-87.67546,41.75779],[-87.67507,41.75777],[-87.6742,41.7577]]},"properties":{"kind":"rail","name":"CSX"}},{"type":"Feature","geometry":{"type":"LineString","coordinates":[[-87.5369,41.72538],[-87.53676,41.72514],[-87.53671,41.725],[-87.53666,41.7248],[-87.53659,41.72454],[-87.53653,41.7244],[-87.53633,41.72406],[-87.53565,41.72321]]},"properties":{"kind":"rail","name":"Canadian National"}},{"type":"Feature","geometry":{"type":"LineString","coordinates":[[-87.67383,41.86037],[-87.67324,41.86035],[-87.67279,41.86037],[-87.67222,41.86047],[-87.67147,41.86059]]},"properties":{"kind":"rail","name":"Union Pacific"}},{"type":"Feature","geometry":{"type":"LineString","coordinates":[[-87.73804,41.86835],[-87.73505,41.86842],[-87.73254,41.86844],[-87.73013,41.86846],[-87.72767,41.8685],[-87.72524,41.86852],[-87.7228,41.86852],[-87.72018,41.86857],[-87.71961,41.86858],[-87.71548,41.86865],[-87.71224,41.86869],[-87.7106,41.86872]]},"properties":{"kind":"rail","name":"CSX"}},{"type":"Feature","geometry":{"type":"LineString","coordinates":[[-87.64131,41.88908],[-87.64131,41.88907],[-87.64108,41.88875],[-87.64091,41.88834],[-87.64086,41.88798],[-87.64086,41.88796],[-87.64084,41.88779],[-87.6408,41.88702],[-87.64079,41.88678],[-87.64078,41.88653]]},"properties":{"kind":"rail","name":"Union Pacific"}},{"type":"Feature","geometry":{"type":"LineString","coordinates":[[-87.6232,41.86088],[-87.62251,41.86089],[-87.62221,41.8609],[-87.62218,41.8609],[-87.6217,41.86084],[-87.62167,41.86084],[-87.62125,41.86071],[-87.62118,41.86069],[-87.62088,41.86052],[-87.62081,41.86049],[-87.62062,41.86031]]},"properties":{"kind":"rail","name":"Canadian National"}},{"type":"Feature","geometry":{"type":"LineString","coordinates":[[-87.63291,41.86083],[-87.63313,41.86088],[-87.6334,41.86091],[-87.63349,41.86092],[-87.63381,41.86094],[-87.63383,41.86094],[-87.63406,41.86094],[-87.63413,41.86094],[-87.63433,41.86093],[-87.63467,41.86093],[-87.63485,41.86093],[-87.63527,41.86093],[-87.63552,41.86092],[-87.63563,41.86092],[-87.63617,41.86092],[-87.63617,41.86092],[-87.63632,41.86092],[-87.63645,41.86091],[-87.63645,41.86091],[-87.63668,41.86091],[-87.63668,41.86091],[-87.63674,41.86091],[-87.63674,41.86091],[-87.63687,41.86091],[-87.63689,41.86091],[-87.63692,41.86091],[-87.63693,41.86091],[-87.63705,41.86091],[-87.63723,41.8609],[-87.63734,41.8609],[-87.63746,41.86089],[-87.63753,41.86088],[-87.6377,41.86087],[-87.63803,41.86084],[-87.63806,41.86083],[-87.63874,41.86077],[-87.63887,41.86076],[-87.63888,41.86076],[-87.63898,41.86075],[-87.63915,41.86074],[-87.63949,41.86072],[-87.64003,41.86071],[-87.64006,41.86071],[-87.64233,41.86067],[-87.64326,41.86066],[-87.64471,41.86063],[-87.64527,41.8606],[-87.64539,41.86059]]},"properties":{"kind":"rail","name":"Union Pacific"}},{"type":"Feature","geometry":{"type":"LineString","coordinates":[[-87.6441,41.60725],[-87.64383,41.60765],[-87.64364,41.60797],[-87.64344,41.60833],[-87.64325,41.60861],[-87.6431,41.60881],[-87.64309,41.60882],[-87.6429,41.60901],[-87.6429,41.60901],[-87.64268,41.60917],[-87.64267,41.60918],[-87.6424,41.60935],[-87.64239,41.60936],[-87.64212,41.60953],[-87.64208,41.60955],[-87.64188,41.60967],[-87.64176,41.60972],[-87.6415,41.60982],[-87.64147,41.60983],[-87.64121,41.6099],[-87.64112,41.60992],[-87.64092,41.60995],[-87.64084,41.60996],[-87.64059,41.60998],[-87.64055,41.60999],[-87.64028,41.60999],[-87.64024,41.60999],[-87.63996,41.60995],[-87.63991,41.60995],[-87.63967,41.6099],[-87.63957,41.60988],[-87.63938,41.60982],[-87.63923,41.60978],[-87.63908,41.60972],[-87.63895,41.60967],[-87.63874,41.60955],[-87.63872,41.60954],[-87.63852,41.60941],[-87.63687,41.60828],[-87.63654,41.60807],[-87.63634,41.60793],[-87.63611,41.60779],[-87.63608,41.60777],[-87.63586,41.60765],[-87.63583,41.60764],[-87.63562,41.60755],[-87.63552,41.60751],[-87.63538,41.60746],[-87.63483,41.6073],[-87.63475,41.60727],[-87.63454,41.6072],[-87.6345,41.60718],[-87.6343,41.60709],[-87.63421,41.60705],[-87.63411,41.607],[-87.63347,41.60661]]},"properties":{"kind":"rail","name":"Canadian National"}},{"type":"Feature","geometry":{"type":"LineString","coordinates":[[-87.62398,41.7304],[-87.62335,41.73032],[-87.62319,41.7303],[-87.62119,41.73005],[-87.61997,41.72984],[-87.6192,41.72966],[-87.61828,41.72945],[-87.61708,41.72909],[-87.61661,41.72895],[-87.61533,41.72848],[-87.61398,41.72789],[-87.61281,41.72731],[-87.61176,41.72679],[-87.61082,41.72632],[-87.60941,41.72562],[-87.60702,41.72443],[-87.60635,41.72413],[-87.60559,41.72384],[-87.60471,41.72358],[-87.60384,41.72339],[-87.60357,41.72335],[-87.60357,41.72335],[-87.6035,41.72334],[-87.60335,41.72332],[-87.60331,41.72331],[-87.6033,41.72331],[-87.6032,41.7233],[-87.60286,41.72325],[-87.6021,41.72318],[-87.60118,41.72316],[-87.59399,41.72326],[-87.59301,41.72327]]},"properties":{"kind":"rail","name":"Belt Railway of Chicago"}},{"type":"Feature","geometry":{"type":"LineString","coordinates":[[-87.61335,41.64069],[-87.61326,41.64069],[-87.6129,41.64069],[-87.6129,41.64069],[-87.61247,41.64069]]},"properties":{"kind":"rail","name":"Indiana Harbor Belt"}},{"type":"Feature","geometry":{"type":"LineString","coordinates":[[-87.61233,41.63822],[-87.61238,41.6388],[-87.61237,41.6394],[-87.61237,41.63978],[-87.61237,41.63981],[-87.61239,41.63996],[-87.6124,41.63998],[-87.61244,41.64014],[-87.61249,41.64022],[-87.61255,41.64032],[-87.61263,41.64043],[-87.61268,41.64049],[-87.61279,41.64059],[-87.61284,41.64064],[-87.61288,41.64068],[-87.6129,41.64069],[-87.6129,41.64069],[-87.61296,41.64076],[-87.61297,41.64076],[-87.61297,41.64076],[-87.61311,41.64088],[-87.61321,41.64096],[-87.61331,41.64103],[-87.61354,41.64119],[-87.61383,41.64137],[-87.61384,41.64137]]},"properties":{"kind":"rail","name":"CSX"}},{"type":"Feature","geometry":{"type":"LineString","coordinates":[[-87.61813,41.85827],[-87.61851,41.85921],[-87.61872,41.85967],[-87.61895,41.86033],[-87.61933,41.86142],[-87.6196,41.86295],[-87.61966,41.86331],[-87.61984,41.86465]]},"properties":{"kind":"rail","name":"Metra"}},{"type":"Feature","geometry":{"type":"LineString","coordinates":[[-87.55796,41.70312],[-87.55786,41.70364],[-87.5579,41.7041],[-87.55797,41.70438],[-87.55798,41.70439],[-87.5582,41.7048],[-87.55841,41.70519]]},"properties":{"kind":"rail","name":"Chicago Rail Link"}},{"type":"Feature","geometry":{"type":"LineString","coordinates":[[-87.82153,41.78037],[-87.82173,41.78055],[-87.82192,41.7807],[-87.82209,41.78089],[-87.82224,41.78109],[-87.82228,41.7812],[-87.82235,41.78133],[-87.82242,41.7816],[-87.82259,41.7822],[-87.82263,41.78243],[-87.82262,41.78264],[-87.82258,41.78281],[-87.8225,41.783],[-87.82239,41.78318],[-87.82224,41.78338],[-87.82198,41.7837],[-87.82186,41.78384]]},"properties":{"kind":"rail","name":"Indiana Harbor Belt"}},{"type":"Feature","geometry":{"type":"LineString","coordinates":[[-87.73993,41.86672],[-87.73992,41.86701],[-87.73995,41.86772],[-87.73998,41.86823],[-87.73997,41.8683],[-87.73997,41.86833],[-87.73997,41.86836],[-87.74,41.86942],[-87.74008,41.87164],[-87.74008,41.87176],[-87.7401,41.87227],[-87.74013,41.87315],[-87.74017,41.87442],[-87.74021,41.87651],[-87.74027,41.87807],[-87.74033,41.88045],[-87.74033,41.88298],[-87.74056,41.8861],[-87.74056,41.88635],[-87.74056,41.88636],[-87.74058,41.88681],[-87.74059,41.88727],[-87.74061,41.8875],[-87.74061,41.88768],[-87.74061,41.88773],[-87.74061,41.88794],[-87.74063,41.88831],[-87.74066,41.889],[-87.7407,41.89075],[-87.74082,41.89184],[-87.74094,41.89325],[-87.74123,41.89536],[-87.74136,41.89751],[-87.74142,41.8988]]},"properties":{"kind":"rail","name":"Belt Railway of Chicago"}},{"type":"Feature","geometry":{"type":"LineString","coordinates":[[-87.74,41.86833],[-87.73997,41.86833],[-87.73992,41.86833],[-87.73804,41.86835]]},"properties":{"kind":"rail","name":"CSX"}},{"type":"Feature","geometry":{"type":"LineString","coordinates":[[-87.73883,41.83291],[-87.73882,41.8327],[-87.73881,41.83241],[-87.73877,41.83063]]},"properties":{"kind":"rail","name":"Belt Railway of Chicago"}},{"type":"Feature","geometry":{"type":"LineString","coordinates":[[-87.73884,41.83469],[-87.73876,41.83423],[-87.73858,41.83391],[-87.73856,41.83389],[-87.73815,41.83348],[-87.73772,41.83322],[-87.73735,41.83309],[-87.73701,41.83303],[-87.73652,41.83298]]},"properties":{"kind":"rail","name":"Belt Railway of Chicago"}},{"type":"Feature","geometry":{"type":"LineString","coordinates":[[-87.69056,41.83479],[-87.692,41.83438],[-87.69218,41.83433],[-87.69494,41.83346],[-87.69822,41.83242],[-87.69847,41.83234],[-87.69882,41.83223],[-87.69933,41.83207],[-87.70462,41.83039],[-87.71229,41.82796],[-87.71261,41.82786],[-87.7134,41.82761]]},"properties":{"kind":"rail","name":"BNSF Railway"}},{"type":"Feature","geometry":{"type":"LineString","coordinates":[[-87.68736,41.83059],[-87.68742,41.83113],[-87.68744,41.83157],[-87.68749,41.83213],[-87.68767,41.83355],[-87.68772,41.83376],[-87.68782,41.834],[-87.68799,41.83426],[-87.6882,41.83445],[-87.68851,41.83466],[-87.68877,41.83478],[-87.68902,41.83486],[-87.68932,41.83491],[-87.68969,41.83493],[-87.69006,41.8349],[-87.69042,41.83483],[-87.69056,41.83479]]},"properties":{"kind":"rail","name":"BNSF Railway"}},{"type":"Feature","geometry":{"type":"LineString","coordinates":[[-87.73768,41.81992],[-87.73854,41.81965],[-87.73854,41.81965],[-87.73855,41.81965],[-87.73856,41.81964],[-87.7386,41.81963],[-87.73901,41.8195],[-87.74344,41.8181],[-87.7452,41.81754],[-87.75012,41.81598],[-87.7539,41.81479],[-87.76282,41.81196],[-87.7703,41.80959],[-87.77174,41.80909],[-87.77207,41.80898],[-87.77453,41.80792],[-87.77478,41.80781],[-87.77569,41.80747],[-87.77577,41.80744],[-87.78322,41.80509],[-87.7835,41.805],[-87.78392,41.80488],[-87.78395,41.80488],[-87.78432,41.80482],[-87.7844,41.80482],[-87.78488,41.80478],[-87.78493,41.80478],[-87.7854,41.80479],[-87.78555,41.8048],[-87.78597,41.80487],[-87.78621,41.80491],[-87.78651,41.80501],[-87.78689,41.80513],[-87.78718,41.80527],[-87.78833,41.80581],[-87.78881,41.80604],[-87.78919,41.8062],[-87.78956,41.80636],[-87.78986,41.80646],[-87.79024,41.80659],[-87.79049,41.80665],[-87.79051,41.80666],[-87.79061,41.80668],[-87.79087,41.80675],[-87.79112,41.80678],[-87.79168,41.80687],[-87.7918,41.80689],[-87.7925,41.80693],[-87.79251,41.80693]]},"properties":{"kind":"rail","name":"BNSF Railway"}},{"type":"Feature","geometry":{"type":"LineString","coordinates":[[-87.73801,41.79844],[-87.73813,41.79765],[-87.73824,41.79727],[-87.73839,41.79693],[-87.73858,41.79661],[-87.73876,41.7964],[-87.73894,41.79623],[-87.73922,41.79604],[-87.7395,41.79588],[-87.73992,41.79571],[-87.74013,41.79563],[-87.74023,41.79559],[-87.74073,41.79544],[-87.74142,41.79533],[-87.74208,41.79526]]},"properties":{"kind":"rail","name":"Belt Railway of Chicago"}},{"type":"Feature","geometry":{"type":"LineString","coordinates":[[-87.68201,41.80457],[-87.68236,41.80459],[-87.68523,41.80455],[-87.69079,41.80448],[-87.69409,41.80445],[-87.69426,41.80445],[-87.70102,41.80428],[-87.70427,41.80424]]},"properties":{"kind":"rail","name":"Canadian National"}},{"type":"Feature","geometry":{"type":"LineString","coordinates":[[-87.70427,41.80424],[-87.70485,41.80423],[-87.70961,41.80416]]},"properties":{"kind":"rail","name":"Canadian National"}},{"type":"Feature","geometry":{"type":"LineString","coordinates":[[-87.74376,41.86828],[-87.74152,41.86799],[-87.74117,41.86793],[-87.74078,41.86777],[-87.74044,41.8675],[-87.74022,41.86712],[-87.74012,41.86656]]},"properties":{"kind":"rail","name":"CSX"}},{"type":"Feature","geometry":{"type":"LineString","coordinates":[[-87.68745,41.65138],[-87.68682,41.65042],[-87.68668,41.65018],[-87.68663,41.65009],[-87.68661,41.65006],[-87.68644,41.64966],[-87.68637,41.64946]]},"properties":{"kind":"rail","name":"Indiana Harbor Belt"}},{"type":"Feature","geometry":{"type":"LineString","coordinates":[[-87.66202,41.64058],[-87.66173,41.64068],[-87.66143,41.64076],[-87.66118,41.64083],[-87.66117,41.64084],[-87.66087,41.64087],[-87.66042,41.64093],[-87.66037,41.64093],[-87.66007,41.64094],[-87.65978,41.64094],[-87.6579,41.64096],[-87.65753,41.64099],[-87.65712,41.64102],[-87.65705,41.64103],[-87.65641,41.64114],[-87.65591,41.64126],[-87.65286,41.642],[-87.65278,41.64201],[-87.65226,41.64207],[-87.65218,41.64207],[-87.64918,41.64206],[-87.64915,41.64206],[-87.64848,41.64203],[-87.64838,41.64202],[-87.64782,41.64194],[-87.64677,41.64172],[-87.64591,41.64154],[-87.64326,41.64112],[-87.64306,41.64108],[-87.64242,41.64102],[-87.64222,41.64099],[-87.64122,41.64097]]},"properties":{"kind":"rail","name":"Indiana Harbor Belt"}},{"type":"Feature","geometry":{"type":"LineString","coordinates":[[-87.68494,41.64769],[-87.68487,41.64752],[-87.68484,41.64743],[-87.68473,41.64701],[-87.68472,41.64697],[-87.68464,41.64652],[-87.68464,41.64652],[-87.6846,41.64615],[-87.6846,41.64602],[-87.68456,41.64451],[-87.68455,41.64433],[-87.68454,41.64422],[-87.68452,41.64398],[-87.68448,41.64381],[-87.68445,41.64367],[-87.68387,41.64164],[-87.68363,41.64077],[-87.68355,41.6405],[-87.68354,41.64047],[-87.68345,41.64026],[-87.68343,41.64022],[-87.68331,41.64001],[-87.68327,41.63996],[-87.68307,41.63974],[-87.68304,41.63971],[-87.68279,41.63954],[-87.68261,41.63941],[-87.68252,41.63937],[-87.68226,41.63926],[-87.68217,41.63923],[-87.682,41.63918],[-87.68173,41.63914],[-87.68163,41.63912],[-87.68134,41.63911],[-87.68103,41.6391],[-87.67906,41.63914],[-87.67555,41.63921],[-87.6743,41.63924]]},"properties":{"kind":"rail","name":"Indiana Harbor Belt"}},{"type":"Feature","geometry":{"type":"LineString","coordinates":[[-87.64122,41.64097],[-87.64086,41.64097],[-87.64056,41.64097],[-87.63884,41.64097],[-87.63463,41.64098],[-87.63449,41.64097],[-87.63404,41.64094],[-87.63257,41.6408],[-87.63153,41.64069],[-87.63099,41.64068]]},"properties":{"kind":"rail","name":"Indiana Harbor Belt"}},{"type":"Feature","geometry":{"type":"LineString","coordinates":[[-87.67197,41.64063],[-87.67191,41.64026],[-87.67183,41.64007],[-87.67171,41.6399],[-87.67155,41.63976],[-87.67135,41.63961],[-87.67115,41.6395],[-87.67077,41.63941],[-87.67014,41.63932]]},"properties":{"kind":"rail","name":"CSX"}},{"type":"Feature","geometry":{"type":"LineString","coordinates":[[-87.6743,41.63924],[-87.67216,41.63928],[-87.67191,41.63929],[-87.67191,41.63929],[-87.67182,41.63929],[-87.67105,41.63931]]},"properties":{"kind":"rail","name":"Indiana Harbor Belt"}},{"type":"Feature","geometry":{"type":"LineString","coordinates":[[-87.73986,41.76864],[-87.7391,41.76877],[-87.73863,41.76893],[-87.73823,41.76915],[-87.7379,41.76944],[-87.73762,41.76981],[-87.73745,41.77013],[-87.73731,41.77063],[-87.73727,41.77085],[-87.73729,41.77123],[-87.73729,41.77162],[-87.73722,41.7719]]},"properties":{"kind":"rail","name":"Belt Railway of Chicago"}},{"type":"Feature","geometry":{"type":"LineString","coordinates":[[-87.7106,41.86872],[-87.70815,41.86873],[-87.70573,41.86875],[-87.70329,41.86879],[-87.70088,41.8688],[-87.69836,41.86882],[-87.69597,41.86886],[-87.69478,41.86888],[-87.69355,41.86888],[-87.69281,41.86874],[-87.69218,41.86845],[-87.69179,41.86813],[-87.69142,41.86775],[-87.69106,41.86698]]},"properties":{"kind":"rail","name":"CSX"}},{"type":"Feature","geometry":{"type":"LineString","coordinates":[[-87.69106,41.86698],[-87.69122,41.86824]]},"properties":{"kind":"rail","name":"Union Pacific"}},{"type":"Feature","geometry":{"type":"LineString","coordinates":[[-87.6929,41.65564],[-87.69025,41.6545],[-87.68961,41.65421],[-87.68924,41.65398],[-87.68912,41.6539],[-87.68891,41.65374],[-87.68867,41.65351],[-87.68866,41.65351],[-87.68855,41.65338],[-87.68843,41.65324],[-87.68834,41.6531],[-87.68833,41.65309],[-87.68798,41.65257],[-87.68751,41.65185],[-87.68675,41.65071],[-87.68672,41.65065]]},"properties":{"kind":"rail","name":"CSX"}},{"type":"Feature","geometry":{"type":"LineString","coordinates":[[-87.78424,41.70929],[-87.78198,41.70806],[-87.78088,41.70747],[-87.78075,41.7074],[-87.77973,41.70684],[-87.77924,41.70657]]},"properties":{"kind":"rail","name":"Indiana Harbor Belt"}},{"type":"Feature","geometry":{"type":"LineString","coordinates":[[-87.62717,41.63876],[-87.6268,41.63939],[-87.62661,41.63962],[-87.62654,41.63971],[-87.62632,41.6399],[-87.6263,41.63992],[-87.62603,41.64009],[-87.62603,41.64009],[-87.62572,41.64023],[-87.62571,41.64024],[-87.62538,41.64035],[-87.62534,41.64036],[-87.625,41.64043],[-87.62494,41.64043],[-87.62465,41.64046],[-87.62445,41.64047],[-87.62423,41.64047],[-87.62118,41.64048],[-87.62064,41.64048],[-87.62059,41.64049],[-87.61991,41.64051],[-87.61864,41.64058],[-87.61758,41.64063]]},"properties":{"kind":"rail","name":"Canadian National"}},{"type":"Feature","geometry":{"type":"LineString","coordinates":[[-87.81234,41.77457],[-87.81233,41.77456],[-87.8123,41.77453],[-87.8121,41.77432],[-87.81194,41.77412]]},"properties":{"kind":"rail","name":"Indiana Harbor Belt"}},{"type":"Feature","geometry":{"type":"LineString","coordinates":[[-87.74975,41.6882],[-87.75007,41.68847],[-87.75261,41.69065],[-87.75628,41.69378],[-87.75633,41.69383],[-87.75689,41.69429],[-87.75721,41.69451],[-87.75748,41.6947],[-87.75781,41.6949],[-87.75818,41.69511],[-87.75821,41.69513],[-87.75945,41.69581],[-87.76137,41.69685],[-87.77497,41.70425],[-87.77542,41.7045],[-87.77605,41.70484],[-87.77622,41.70493],[-87.77721,41.70547],[-87.77752,41.70564],[-87.77753,41.70564],[-87.77754,41.70565],[-87.77755,41.70565],[-87.77924,41.70657]]},"properties":{"kind":"rail","name":"Indiana Harbor Belt"}},{"type":"Feature","geometry":{"type":"LineString","coordinates":[[-87.68341,41.75756],[-87.68373,41.75756],[-87.68476,41.75753],[-87.6854,41.7575],[-87.68665,41.75746],[-87.68786,41.75741]]},"properties":{"kind":"rail","name":"Belt Railway of Chicago"}},{"type":"Feature","geometry":{"type":"LineString","coordinates":[[-87.67014,41.63932],[-87.6674,41.63938],[-87.66702,41.63939],[-87.66566,41.63944],[-87.66553,41.63945],[-87.66508,41.63951],[-87.66507,41.63952],[-87.66473,41.63961],[-87.66469,41.63962],[-87.66362,41.64],[-87.66259,41.64037],[-87.66228,41.64049],[-87.66202,41.64058]]},"properties":{"kind":"rail","name":"Indiana Harbor Belt"}},{"type":"Feature","geometry":{"type":"LineString","coordinates":[[-87.8092,41.74152],[-87.80887,41.73342],[-87.80853,41.7249],[-87.80853,41.72487],[-87.80849,41.72451],[-87.80846,41.72437],[-87.80841,41.72414],[-87.80833,41.72391],[-87.80829,41.72378],[-87.80815,41.72347],[-87.80808,41.7233],[-87.80794,41.72306],[-87.80788,41.72296],[-87.8077,41.72269],[-87.80765,41.72262],[-87.80745,41.72239],[-87.8073,41.72221],[-87.807,41.72191],[-87.80673,41.72168],[-87.80642,41.72143],[-87.80633,41.72137],[-87.80564,41.72093],[-87.80519,41.72069],[-87.8018,41.71885],[-87.79851,41.71706],[-87.79493,41.71511],[-87.78424,41.70929]]},"properties":{"kind":"rail","name":"Indiana Harbor Belt"}},{"type":"Feature","geometry":{"type":"LineString","coordinates":[[-87.74975,41.6882],[-87.74541,41.6845],[-87.74428,41.68353],[-87.73885,41.67889],[-87.73471,41.67535],[-87.73271,41.67364],[-87.73236,41.67337],[-87.73211,41.67317],[-87.7318,41.67297],[-87.73134,41.67267],[-87.73114,41.67256],[-87.73079,41.67237],[-87.73022,41.67209],[-87.72927,41.67166],[-87.72726,41.67076],[-87.72567,41.67005]]},"properties":{"kind":"rail","name":"Indiana Harbor Belt"}},{"type":"Feature","geometry":{"type":"LineString","coordinates":[[-87.81194,41.77412],[-87.81153,41.77376],[-87.8111,41.77309],[-87.81059,41.77214],[-87.81041,41.77189],[-87.81021,41.77168],[-87.80981,41.77135],[-87.80914,41.77094],[-87.80858,41.77065],[-87.80806,41.77043],[-87.80755,41.77024],[-87.80699,41.77006],[-87.80645,41.7699],[-87.80548,41.76964]]},"properties":{"kind":"rail","name":"Belt Railway of Chicago"}},{"type":"Feature","geometry":{"type":"LineString","coordinates":[[-87.80548,41.76964],[-87.80496,41.76948],[-87.80481,41.76943],[-87.80427,41.76923]]},"properties":{"kind":"rail","name":"Belt Railway of Chicago"}},{"type":"Feature","geometry":{"type":"LineString","coordinates":[[-87.62991,41.86052],[-87.62972,41.86057],[-87.62951,41.86064],[-87.62935,41.86068],[-87.62933,41.86068],[-87.62917,41.86071],[-87.62917,41.86071],[-87.62895,41.86072],[-87.62874,41.86072],[-87.62829,41.86072],[-87.62773,41.86072],[-87.62755,41.86073],[-87.6272,41.86075],[-87.62654,41.86079],[-87.62654,41.86079],[-87.62603,41.86082],[-87.62564,41.86083],[-87.62402,41.86086],[-87.62322,41.86088],[-87.6232,41.86088]]},"properties":{"kind":"rail","name":"Canadian National"}},{"type":"Feature","geometry":{"type":"LineString","coordinates":[[-87.92059,41.89913],[-87.92057,41.89914],[-87.92046,41.89922],[-87.92012,41.89951],[-87.92006,41.89956],[-87.91998,41.89965],[-87.91968,41.89999],[-87.91968,41.9],[-87.91954,41.90021],[-87.91943,41.90039],[-87.9193,41.9006],[-87.91925,41.90069],[-87.9191,41.90098]]},"properties":{"kind":"rail","name":"Union Pacific"}},{"type":"Feature","geometry":{"type":"LineString","coordinates":[[-87.72567,41.67005],[-87.7239,41.66926],[-87.72151,41.66819],[-87.71937,41.66723],[-87.71095,41.66345],[-87.70947,41.66279],[-87.70829,41.66227],[-87.70618,41.66132],[-87.70486,41.66075],[-87.70464,41.66066]]},"properties":{"kind":"rail","name":"Indiana Harbor Belt"}},{"type":"Feature","geometry":{"type":"LineString","coordinates":[[-87.70464,41.66066],[-87.70415,41.66045],[-87.70301,41.65996],[-87.69959,41.6585],[-87.69461,41.65637],[-87.6929,41.65564]]},"properties":{"kind":"rail","name":"Indiana Harbor Belt"}},{"type":"Feature","geometry":{"type":"LineString","coordinates":[[-87.61027,41.6407],[-87.61086,41.6406],[-87.61126,41.64047],[-87.61154,41.64031],[-87.61177,41.64013],[-87.61194,41.63995],[-87.61207,41.63975],[-87.61216,41.63955],[-87.6122,41.63941],[-87.61232,41.63894]]},"properties":{"kind":"rail","name":"Indiana Harbor Belt"}},{"type":"Feature","geometry":{"type":"LineString","coordinates":[[-87.69161,41.88544],[-87.69157,41.88486],[-87.69157,41.88453],[-87.69157,41.88451],[-87.69154,41.8837],[-87.69151,41.88295],[-87.6915,41.88204],[-87.69147,41.88112],[-87.69145,41.88022],[-87.69143,41.8793],[-87.69142,41.8784],[-87.69141,41.87749],[-87.69138,41.87605],[-87.69139,41.87585],[-87.69139,41.87574],[-87.69139,41.87555],[-87.69138,41.87526],[-87.69137,41.8751],[-87.69136,41.87492],[-87.69133,41.87386],[-87.69125,41.87108],[-87.69121,41.86928],[-87.69122,41.86824]]},"properties":{"kind":"rail","name":"Union Pacific"}},{"type":"Feature","geometry":{"type":"LineString","coordinates":[[-87.77612,41.70671],[-87.7767,41.70641],[-87.77713,41.70627],[-87.77764,41.70621],[-87.77813,41.70623],[-87.77867,41.70636],[-87.77924,41.70657]]},"properties":{"kind":"rail","name":"Indiana Harbor Belt"}},{"type":"Feature","geometry":{"type":"LineString","coordinates":[[-87.67147,41.86059],[-87.66928,41.86071],[-87.66871,41.86074]]},"properties":{"kind":"rail","name":"Union Pacific"}},{"type":"Feature","geometry":{"type":"LineString","coordinates":[[-87.86886,41.8884],[-87.86899,41.88982],[-87.86915,41.89032],[-87.86933,41.8906],[-87.86954,41.89083],[-87.86976,41.89097],[-87.87001,41.89111],[-87.87031,41.89123],[-87.87089,41.89132],[-87.8723,41.89134]]},"properties":{"kind":"rail","name":"Union Pacific"}},{"type":"Feature","geometry":{"type":"LineString","coordinates":[[-87.86886,41.8884],[-87.86884,41.88805],[-87.86882,41.88738],[-87.86866,41.88191],[-87.86865,41.88173],[-87.86864,41.88144],[-87.8686,41.88104],[-87.86859,41.88102],[-87.86853,41.88065],[-87.86844,41.88029]]},"properties":{"kind":"rail","name":"Indiana Harbor Belt"}},{"type":"Feature","geometry":{"type":"LineString","coordinates":[[-87.6521,41.86071],[-87.65075,41.86053],[-87.64855,41.86055]]},"properties":{"kind":"rail","name":"Union Pacific"}},{"type":"Feature","geometry":{"type":"LineString","coordinates":[[-87.64855,41.86055],[-87.64539,41.86059]]},"properties":{"kind":"rail","name":"Union Pacific"}},{"type":"Feature","geometry":{"type":"LineString","coordinates":[[-87.68791,41.85158],[-87.68798,41.85246],[-87.68802,41.85272],[-87.68824,41.85388],[-87.6883,41.85424],[-87.68832,41.85432],[-87.68833,41.85437],[-87.68838,41.85464],[-87.68843,41.8548],[-87.68848,41.85495],[-87.68855,41.8551],[-87.68865,41.85525],[-87.68881,41.85543],[-87.68897,41.85559],[-87.68919,41.85576],[-87.68946,41.8559],[-87.6897,41.85603],[-87.68991,41.8561],[-87.6901,41.85615],[-87.69036,41.85618],[-87.69072,41.85621],[-87.69102,41.85619],[-87.69158,41.85611]]},"properties":{"kind":"rail","name":"BNSF Railway"}},{"type":"Feature","geometry":{"type":"LineString","coordinates":[[-87.68815,41.8589],[-87.68808,41.85952]]},"properties":{"kind":"rail","name":"CSX"}},{"type":"Feature","geometry":{"type":"LineString","coordinates":[[-87.63291,41.86083],[-87.63254,41.86071],[-87.63226,41.8606],[-87.63207,41.86051],[-87.63193,41.86044],[-87.63167,41.86026],[-87.6316,41.8602],[-87.63157,41.86017],[-87.63153,41.86014],[-87.63132,41.86],[-87.63113,41.85986],[-87.63085,41.85944]]},"properties":{"kind":"rail","name":"Chicago Rail Link"}},{"type":"Feature","geometry":{"type":"LineString","coordinates":[[-87.60278,41.72514],[-87.60282,41.72491],[-87.60283,41.72471],[-87.60281,41.72443],[-87.60275,41.72421],[-87.60262,41.72399],[-87.60241,41.7238],[-87.60215,41.72362],[-87.60191,41.72353],[-87.60163,41.72345],[-87.60138,41.72343],[-87.59885,41.72342],[-87.59617,41.72342],[-87.59452,41.72341],[-87.59301,41.72327]]},"properties":{"kind":"rail","name":"Canadian National"}},{"type":"Feature","geometry":{"type":"LineString","coordinates":[[-87.63181,41.86016],[-87.6316,41.8602],[-87.63157,41.8602],[-87.63087,41.86033],[-87.63086,41.86033],[-87.63085,41.86033],[-87.63082,41.86034],[-87.63008,41.86047],[-87.62991,41.86052]]},"properties":{"kind":"rail","name":"Canadian National"}},{"type":"Feature","geometry":{"type":"LineString","coordinates":[[-87.55091,41.72364],[-87.55054,41.72361],[-87.5501,41.72357]]},"properties":{"kind":"rail","name":"Belt Railway of Chicago"}},{"type":"Feature","geometry":{"type":"LineString","coordinates":[[-87.63277,41.60615],[-87.63231,41.60573],[-87.63167,41.60491],[-87.63115,41.60445],[-87.62646,41.60128],[-87.6257,41.60056],[-87.62525,41.59999],[-87.62476,41.59912],[-87.62466,41.59877],[-87.6245,41.59798],[-87.62448,41.59695],[-87.62448,41.59366],[-87.62448,41.58673]]},"properties":{"kind":"rail","name":"CSX"}},{"type":"Feature","geometry":{"type":"LineString","coordinates":[[-87.61605,41.64062],[-87.61335,41.64069]]},"properties":{"kind":"rail","name":"Indiana Harbor Belt"}},{"type":"Feature","geometry":{"type":"LineString","coordinates":[[-87.61758,41.64063],[-87.6164,41.64063],[-87.61605,41.64062]]},"properties":{"kind":"rail","name":"Indiana Harbor Belt"}},{"type":"Feature","geometry":{"type":"LineString","coordinates":[[-87.6418,41.8895],[-87.64165,41.88939],[-87.64145,41.88922],[-87.64131,41.88908]]},"properties":{"kind":"rail","name":"Union Pacific"}},{"type":"Feature","geometry":{"type":"LineString","coordinates":[[-87.64795,41.72774],[-87.64735,41.72883],[-87.64702,41.72919],[-87.64655,41.72947],[-87.64607,41.72968],[-87.64558,41.7298],[-87.645,41.72986],[-87.64375,41.72986]]},"properties":{"kind":"rail","name":"Chicago Rail Link"}},{"type":"Feature","geometry":{"type":"LineString","coordinates":[[-87.64713,41.86046],[-87.646,41.86056],[-87.64575,41.86058],[-87.64539,41.86059]]},"properties":{"kind":"rail","name":"Union Pacific"}},{"type":"Feature","geometry":{"type":"LineString","coordinates":[[-87.64855,41.86055],[-87.64713,41.86046]]},"properties":{"kind":"rail","name":"Union Pacific"}},{"type":"Feature","geometry":{"type":"LineString","coordinates":[[-87.6441,41.60725],[-87.64396,41.60751],[-87.64347,41.60839],[-87.6433,41.60864],[-87.64325,41.60871],[-87.64312,41.60887],[-87.64304,41.60895],[-87.64291,41.60907],[-87.64277,41.60917],[-87.64244,41.60941],[-87.64211,41.60965],[-87.64192,41.60978],[-87.64186,41.60985],[-87.64175,41.60997],[-87.64167,41.61008],[-87.64161,41.61015],[-87.64153,41.61033],[-87.64147,41.61045],[-87.64144,41.61058],[-87.6414,41.61074],[-87.6414,41.61084],[-87.6414,41.61103],[-87.64142,41.61111],[-87.64145,41.61131],[-87.64148,41.61138],[-87.64156,41.61158],[-87.64161,41.61167],[-87.6417,41.61181],[-87.64171,41.61182],[-87.64174,41.61187],[-87.64177,41.6119],[-87.64178,41.61192],[-87.64186,41.61201],[-87.64192,41.61209],[-87.64205,41.61224],[-87.64206,41.61225],[-87.64221,41.6124],[-87.64231,41.6125],[-87.64244,41.61261],[-87.6426,41.61275],[-87.64308,41.61311]]},"properties":{"kind":"rail","name":"Canadian National"}},{"type":"Feature","geometry":{"type":"LineString","coordinates":[[-87.58689,41.7231],[-87.58629,41.72314],[-87.58589,41.72315],[-87.58365,41.72318],[-87.58047,41.72322],[-87.57972,41.72323],[-87.5772,41.72326],[-87.57538,41.72328],[-87.57211,41.72332],[-87.57151,41.72337],[-87.57044,41.72338],[-87.56842,41.7234],[-87.56711,41.72342],[-87.56411,41.72346]]},"properties":{"kind":"rail","name":"Chicago Rail Link"}},{"type":"Feature","geometry":{"type":"LineString","coordinates":[[-87.71426,41.82313],[-87.71394,41.80901]]},"properties":{"kind":"rail","name":"BNSF Railway"}},{"type":"Feature","geometry":{"type":"LineString","coordinates":[[-87.83308,41.79115],[-87.83327,41.791],[-87.83353,41.79078],[-87.83358,41.79075],[-87.83382,41.79062],[-87.83402,41.79055],[-87.83423,41.79048],[-87.8345,41.79043],[-87.83461,41.79041],[-87.83493,41.79039],[-87.83508,41.79041],[-87.83528,41.79042],[-87.83558,41.79048],[-87.83567,41.79049],[-87.83595,41.7906],[-87.836,41.79062],[-87.83661,41.79089]]},"properties":{"kind":"rail","name":"Indiana Harbor Belt"}},{"type":"Feature","geometry":{"type":"LineString","coordinates":[[-87.56411,41.72346],[-87.56371,41.72347],[-87.56324,41.72348]]},"properties":{"kind":"rail","name":"Chicago Rail Link"}},{"type":"Feature","geometry":{"type":"LineString","coordinates":[[-87.56324,41.72348],[-87.56268,41.72348],[-87.56075,41.72351],[-87.56037,41.72351],[-87.55761,41.72355],[-87.55695,41.72356],[-87.55585,41.72356]]},"properties":{"kind":"rail","name":"Chicago Rail Link"}},{"type":"Feature","geometry":{"type":"LineString","coordinates":[[-87.5501,41.72357],[-87.54919,41.72349],[-87.54891,41.72342],[-87.54864,41.72333],[-87.54842,41.72322],[-87.54817,41.72308],[-87.54773,41.72277]]},"properties":{"kind":"rail","name":"Belt Railway of Chicago"}},{"type":"Feature","geometry":{"type":"LineString","coordinates":[[-87.68714,41.88846],[-87.68772,41.88833],[-87.68774,41.88833],[-87.68966,41.8879],[-87.69014,41.88776],[-87.69037,41.88766],[-87.69054,41.88757],[-87.69082,41.88738],[-87.69107,41.88719],[-87.69132,41.88691],[-87.6915,41.88658],[-87.69157,41.88642],[-87.69161,41.88627],[-87.69161,41.88544]]},"properties":{"kind":"rail","name":"Union Pacific"}},{"type":"Feature","geometry":{"type":"LineString","coordinates":[[-87.69161,41.88544],[-87.69166,41.88588],[-87.69174,41.8862],[-87.6919,41.88659],[-87.69201,41.88679],[-87.69218,41.88699],[-87.69238,41.88719],[-87.69271,41.88743],[-87.69316,41.88766],[-87.69387,41.88788],[-87.69455,41.88802],[-87.69475,41.88806],[-87.69582,41.88824],[-87.69615,41.88826],[-87.69696,41.88831]]},"properties":{"kind":"rail","name":"Union Pacific"}},{"type":"Feature","geometry":{"type":"LineString","coordinates":[[-87.67383,41.86037],[-87.67315,41.86027],[-87.6725,41.86018],[-87.66924,41.85982],[-87.6689,41.85977]]},"properties":{"kind":"rail","name":"Union Pacific"}},{"type":"Feature","geometry":{"type":"LineString","coordinates":[[-87.73722,41.7719],[-87.7372,41.77119],[-87.73715,41.77079],[-87.73698,41.77029],[-87.73681,41.76996],[-87.73659,41.76964],[-87.73634,41.76932],[-87.73611,41.7691],[-87.7358,41.76885],[-87.73531,41.76854]]},"properties":{"kind":"rail","name":"Belt Railway of Chicago"}},{"type":"Feature","geometry":{"type":"LineString","coordinates":[[-87.82846,41.79659],[-87.82801,41.79713],[-87.82787,41.79729],[-87.82738,41.79782],[-87.8271,41.79812],[-87.82682,41.79837],[-87.82631,41.7988],[-87.82603,41.79898]]},"properties":{"kind":"rail","name":"BNSF Railway"}},{"type":"Feature","geometry":{"type":"LineString","coordinates":[[-87.47028,41.60371],[-87.46846,41.60318],[-87.4677,41.60308],[-87.46717,41.60304],[-87.46664,41.60308],[-87.46602,41.60318],[-87.46542,41.60335],[-87.46473,41.60365],[-87.46423,41.60396]]},"properties":{"kind":"rail","name":"Indiana Harbor Belt"}},{"type":"Feature","geometry":{"type":"LineString","coordinates":[[-87.71364,41.80121],[-87.71354,41.80179],[-87.71339,41.80218],[-87.71317,41.80257],[-87.71294,41.80284],[-87.71263,41.80314],[-87.71227,41.80339],[-87.71184,41.80364],[-87.71143,41.80382],[-87.71097,41.80397],[-87.71032,41.80409],[-87.70961,41.80416]]},"properties":{"kind":"rail","name":"Canadian National"}},{"type":"Feature","geometry":{"type":"LineString","coordinates":[[-87.67942,41.81516],[-87.67936,41.81474],[-87.67932,41.81417],[-87.67923,41.81171],[-87.67924,41.81024],[-87.67928,41.80834]]},"properties":{"kind":"rail","name":"Canadian National"}},{"type":"Feature","geometry":{"type":"LineString","coordinates":[[-87.67928,41.80834],[-87.67927,41.80765],[-87.67925,41.80733],[-87.67919,41.8071],[-87.67898,41.80662],[-87.67886,41.80637],[-87.67881,41.80595],[-87.67885,41.80576],[-87.67894,41.80551],[-87.67906,41.80533],[-87.67923,41.80515],[-87.67944,41.80502],[-87.67965,41.80489],[-87.67968,41.80487],[-87.67968,41.80487],[-87.67998,41.80477],[-87.68047,41.80468],[-87.68201,41.80457]]},"properties":{"kind":"rail","name":"Canadian National"}},{"type":"Feature","geometry":{"type":"LineString","coordinates":[[-87.53565,41.72321],[-87.53393,41.7211],[-87.53228,41.71909],[-87.5321,41.71881],[-87.53203,41.71846],[-87.53203,41.71782],[-87.53203,41.71587],[-87.53204,41.71393],[-87.53202,41.71365],[-87.532,41.71347],[-87.53185,41.71305],[-87.53166,41.71269],[-87.53143,41.71238],[-87.53109,41.71202],[-87.52878,41.71033],[-87.52601,41.70833]]},"properties":{"kind":"rail","name":"Canadian National"}},{"type":"Feature","geometry":{"type":"LineString","coordinates":[[-87.53395,41.71376],[-87.53366,41.71352],[-87.53277,41.71274],[-87.53111,41.71153],[-87.5293,41.71033],[-87.52695,41.70865],[-87.52528,41.70742],[-87.52451,41.70675]]},"properties":{"kind":"rail","name":"CSX"}},{"type":"Feature","geometry":{"type":"LineString","coordinates":[[-87.53936,41.71788],[-87.53781,41.71657],[-87.53395,41.71376]]},"properties":{"kind":"rail","name":"South Chicago & Indiana Harbor"}},{"type":"Feature","geometry":{"type":"LineString","coordinates":[[-87.53395,41.71376],[-87.53648,41.71553],[-87.53768,41.71624],[-87.53811,41.71649],[-87.53934,41.71705],[-87.54019,41.71759],[-87.5417,41.71861],[-87.54238,41.71902]]},"properties":{"kind":"rail","name":"South Chicago & Indiana Harbor"}},{"type":"Feature","geometry":{"type":"LineString","coordinates":[[-87.5369,41.72538],[-87.53683,41.72522],[-87.53682,41.72509],[-87.53682,41.72496],[-87.53687,41.72481],[-87.53695,41.72466],[-87.53716,41.72447]]},"properties":{"kind":"rail","name":"South Chicago & Indiana Harbor"}},{"type":"Feature","geometry":{"type":"LineString","coordinates":[[-87.67105,41.63931],[-87.67014,41.63932]]},"properties":{"kind":"rail","name":"Indiana Harbor Belt"}},{"type":"Feature","geometry":{"type":"LineString","coordinates":[[-87.8145,41.77623],[-87.81394,41.77589],[-87.81373,41.77575],[-87.81351,41.77559],[-87.81328,41.77542],[-87.81296,41.77515],[-87.81262,41.77485],[-87.81234,41.77457]]},"properties":{"kind":"rail","name":"Indiana Harbor Belt"}},{"type":"Feature","geometry":{"type":"LineString","coordinates":[[-87.81194,41.77412],[-87.81155,41.77363],[-87.81125,41.77316],[-87.81104,41.77279],[-87.81074,41.77209],[-87.81055,41.77154],[-87.81041,41.7709],[-87.81034,41.77024],[-87.81031,41.76935],[-87.81024,41.7676]]},"properties":{"kind":"rail","name":"Indiana Harbor Belt"}},{"type":"Feature","geometry":{"type":"LineString","coordinates":[[-87.83661,41.79089],[-87.8358,41.7902],[-87.83563,41.79005],[-87.83548,41.78988],[-87.83536,41.78969],[-87.83527,41.78947],[-87.83523,41.78927],[-87.83522,41.78907],[-87.83525,41.78889],[-87.83531,41.78869],[-87.83546,41.78846],[-87.83563,41.78826],[-87.83601,41.7878]]},"properties":{"kind":"rail","name":"Indiana Harbor Belt"}},{"type":"Feature","geometry":{"type":"LineString","coordinates":[[-87.46184,41.61327],[-87.46181,41.61132],[-87.46182,41.61089],[-87.46182,41.61076],[-87.46182,41.61065],[-87.4618,41.60998],[-87.46177,41.60868]]},"properties":{"kind":"rail","name":"Indiana Harbor Belt"}},{"type":"Feature","geometry":{"type":"LineString","coordinates":[[-87.46188,41.61804],[-87.46191,41.61724],[-87.46185,41.61421],[-87.46185,41.61382],[-87.46184,41.61327]]},"properties":{"kind":"rail","name":"Indiana Harbor Belt"}},{"type":"Feature","geometry":{"type":"LineString","coordinates":[[-87.63181,41.86016],[-87.63192,41.86014],[-87.63217,41.86007],[-87.63239,41.85998],[-87.63274,41.85975],[-87.63287,41.85961],[-87.633,41.85943],[-87.63334,41.85868],[-87.63378,41.85772],[-87.63388,41.85749],[-87.63418,41.85686],[-87.63423,41.85676],[-87.63438,41.85651],[-87.63446,41.85643],[-87.63485,41.85605],[-87.63526,41.85572],[-87.63624,41.85493],[-87.63644,41.85475],[-87.63654,41.85463],[-87.63656,41.85461],[-87.6368,41.85434],[-87.63695,41.85418],[-87.63699,41.85413],[-87.63701,41.8541],[-87.63708,41.85402],[-87.63725,41.85385],[-87.63747,41.85361],[-87.63784,41.8532],[-87.63897,41.8518],[-87.63933,41.85139]]},"properties":{"kind":"rail","name":"Canadian National"}},{"type":"Feature","geometry":{"type":"LineString","coordinates":[[-87.73751,41.78074],[-87.73752,41.78109],[-87.73755,41.78237],[-87.73759,41.78416],[-87.73765,41.78579],[-87.73771,41.78789],[-87.73776,41.78969],[-87.73781,41.79142],[-87.73787,41.79271],[-87.73786,41.79307],[-87.73787,41.7933],[-87.73787,41.7935],[-87.73788,41.79373],[-87.73791,41.79515],[-87.73792,41.7952],[-87.73792,41.7953],[-87.73793,41.79543],[-87.73794,41.79566],[-87.73801,41.79844]]},"properties":{"kind":"rail","name":"Belt Railway of Chicago"}},{"type":"Feature","geometry":{"type":"LineString","coordinates":[[-87.54825,41.63161],[-87.54758,41.63146],[-87.54561,41.63067],[-87.54442,41.63024],[-87.5439,41.63006],[-87.54299,41.62976],[-87.53949,41.62841],[-87.53201,41.62555]]},"properties":{"kind":"rail","name":"Indiana Harbor Belt"}},{"type":"Feature","geometry":{"type":"LineString","coordinates":[[-87.63408,41.73771],[-87.63385,41.7375],[-87.63383,41.73748],[-87.6334,41.73707]]},"properties":{"kind":"rail","name":"Belt Railway of Chicago"}},{"type":"Feature","geometry":{"type":"LineString","coordinates":[[-87.81018,41.76607],[-87.81016,41.76671],[-87.81012,41.76708],[-87.81007,41.76738],[-87.80999,41.76768],[-87.8099,41.76794],[-87.80979,41.76817],[-87.80962,41.76842],[-87.80943,41.76866],[-87.80917,41.76893],[-87.80886,41.76918],[-87.80854,41.76941],[-87.8082,41.76959],[-87.80778,41.76974],[-87.80737,41.76981],[-87.80696,41.76984],[-87.80653,41.76983],[-87.80612,41.76977],[-87.80548,41.76964]]},"properties":{"kind":"rail","name":"Belt Railway of Chicago"}},{"type":"Feature","geometry":{"type":"LineString","coordinates":[[-87.63291,41.86083],[-87.63239,41.86072],[-87.63235,41.86071],[-87.6317,41.86061],[-87.63082,41.86047],[-87.63082,41.86047],[-87.63068,41.86045],[-87.63045,41.86044],[-87.63015,41.86048],[-87.62991,41.86052]]},"properties":{"kind":"rail","name":"Canadian National"}},{"type":"Feature","geometry":{"type":"LineString","coordinates":[[-87.75888,41.7709],[-87.75529,41.77097]]},"properties":{"kind":"rail","name":"Belt Railway of Chicago"}},{"type":"Feature","geometry":{"type":"LineString","coordinates":[[-87.7479,41.7694],[-87.74673,41.76941],[-87.74591,41.76933],[-87.7451,41.7692],[-87.74305,41.76881]]},"properties":{"kind":"rail","name":"Belt Railway of Chicago"}},{"type":"Feature","geometry":{"type":"LineString","coordinates":[[-87.74198,41.7686],[-87.7412,41.76854],[-87.73986,41.76864]]},"properties":{"kind":"rail","name":"Belt Railway of Chicago"}},{"type":"Feature","geometry":{"type":"LineString","coordinates":[[-87.73986,41.76864],[-87.73714,41.76888],[-87.73663,41.76888],[-87.73608,41.76879],[-87.73567,41.76867],[-87.73531,41.76854]]},"properties":{"kind":"rail","name":"Belt Railway of Chicago"}},{"type":"Feature","geometry":{"type":"LineString","coordinates":[[-87.73531,41.76854],[-87.72626,41.76399],[-87.71964,41.76065]]},"properties":{"kind":"rail","name":"Belt Railway of Chicago"}},{"type":"Feature","geometry":{"type":"LineString","coordinates":[[-87.71964,41.76065],[-87.71613,41.75873]]},"properties":{"kind":"rail","name":"Belt Railway of Chicago"}},{"type":"Feature","geometry":{"type":"LineString","coordinates":[[-87.71613,41.75873],[-87.71374,41.75755],[-87.71358,41.75749]]},"properties":{"kind":"rail","name":"Belt Railway of Chicago"}},{"type":"Feature","geometry":{"type":"LineString","coordinates":[[-87.71358,41.75749],[-87.71327,41.75738],[-87.71304,41.75732],[-87.71268,41.75723],[-87.71255,41.7572],[-87.71235,41.75717],[-87.71234,41.75717],[-87.71234,41.75717],[-87.71172,41.75709],[-87.71144,41.75705],[-87.71114,41.75702],[-87.71092,41.75702],[-87.71047,41.75701],[-87.71011,41.75702]]},"properties":{"kind":"rail","name":"Belt Railway of Chicago"}},{"type":"Feature","geometry":{"type":"LineString","coordinates":[[-87.70213,41.75715],[-87.70086,41.7572],[-87.69275,41.75733],[-87.68838,41.75739],[-87.68831,41.7574]]},"properties":{"kind":"rail","name":"Belt Railway of Chicago"}},{"type":"Feature","geometry":{"type":"LineString","coordinates":[[-87.66283,41.82059],[-87.6621,41.82089]]},"properties":{"kind":"rail","name":"Norfolk Southern"}},{"type":"Feature","geometry":{"type":"LineString","coordinates":[[-87.66535,41.82003],[-87.66464,41.82012],[-87.66394,41.82026],[-87.66333,41.82041],[-87.66283,41.82059]]},"properties":{"kind":"rail","name":"Norfolk Southern"}},{"type":"Feature","geometry":{"type":"LineString","coordinates":[[-87.73751,41.78074],[-87.73748,41.78026],[-87.73745,41.7794],[-87.73742,41.7785],[-87.73742,41.77699],[-87.73736,41.77594],[-87.73732,41.77509],[-87.73727,41.77329],[-87.73724,41.7724],[-87.73722,41.7719]]},"properties":{"kind":"rail","name":"Belt Railway of Chicago"}},{"type":"Feature","geometry":{"type":"LineString","coordinates":[[-87.74202,41.84489],[-87.74087,41.845],[-87.74061,41.84502],[-87.74038,41.845],[-87.74011,41.84493],[-87.73987,41.84481],[-87.73974,41.84472],[-87.73966,41.84467],[-87.73951,41.84448],[-87.73942,41.84429],[-87.73938,41.84413],[-87.73936,41.8433],[-87.73919,41.83925]]},"properties":{"kind":"rail","name":"Belt Railway of Chicago"}},{"type":"Feature","geometry":{"type":"LineString","coordinates":[[-87.66535,41.82003],[-87.66802,41.8198],[-87.6689,41.81963],[-87.66948,41.81941],[-87.67345,41.81775],[-87.67398,41.81758],[-87.67457,41.81749],[-87.67755,41.81747],[-87.67803,41.81738],[-87.67849,41.81723],[-87.67888,41.817],[-87.67917,41.81672],[-87.67939,41.81642],[-87.67949,41.81613],[-87.67951,41.81582],[-87.67942,41.81516]]},"properties":{"kind":"rail","name":"Norfolk Southern"}},{"type":"Feature","geometry":{"type":"LineString","coordinates":[[-87.63904,41.74896],[-87.63896,41.74841],[-87.63887,41.74799],[-87.63868,41.74722],[-87.63863,41.74704],[-87.63829,41.74575],[-87.63759,41.74308],[-87.63721,41.74163],[-87.63704,41.74112],[-87.63704,41.74112],[-87.63679,41.74059],[-87.6366,41.74028],[-87.6366,41.74028],[-87.63635,41.73993],[-87.6363,41.73988],[-87.63591,41.73944],[-87.63585,41.73938],[-87.63489,41.73847],[-87.63447,41.73807],[-87.6341,41.73773],[-87.63408,41.73771]]},"properties":{"kind":"rail","name":"Belt Railway of Chicago"}},{"type":"Feature","geometry":{"type":"LineString","coordinates":[[-87.6334,41.73707],[-87.6319,41.73566],[-87.63108,41.7349],[-87.62916,41.73312],[-87.62857,41.73257],[-87.62806,41.73211],[-87.62803,41.73208],[-87.62761,41.73176],[-87.62749,41.73168],[-87.6271,41.73143],[-87.62664,41.73119],[-87.62649,41.73111],[-87.62576,41.73082],[-87.62567,41.73079],[-87.62536,41.7307],[-87.62497,41.7306],[-87.62477,41.73054],[-87.62463,41.73052],[-87.62462,41.73051],[-87.62461,41.73051],[-87.62398,41.7304]]},"properties":{"kind":"rail","name":"Belt Railway of Chicago"}},{"type":"Feature","geometry":{"type":"LineString","coordinates":[[-87.64621,41.73235],[-87.64621,41.7316],[-87.64597,41.73106],[-87.64573,41.73077],[-87.64547,41.7305],[-87.64507,41.7302],[-87.64454,41.72997],[-87.64375,41.72986]]},"properties":{"kind":"rail","name":"Chicago Rail Link"}},{"type":"Feature","geometry":{"type":"LineString","coordinates":[[-87.67427,41.64527],[-87.67445,41.64564],[-87.67448,41.64595],[-87.67442,41.64628],[-87.6743,41.64648],[-87.67411,41.64673],[-87.67389,41.6469],[-87.67339,41.64713],[-87.67045,41.64772]]},"properties":{"kind":"rail","name":"CSX"}},{"type":"Feature","geometry":{"type":"LineString","coordinates":[[-87.60356,41.72172],[-87.60341,41.72211],[-87.60339,41.72214],[-87.60322,41.72234],[-87.60318,41.7224],[-87.60296,41.72254],[-87.60288,41.7226],[-87.6026,41.72271],[-87.60254,41.72273],[-87.60218,41.7228],[-87.60212,41.7228],[-87.60192,41.7228],[-87.60174,41.72278],[-87.60158,41.72276],[-87.60136,41.72274],[-87.60134,41.72274],[-87.60115,41.72274],[-87.60025,41.72277],[-87.59685,41.72285],[-87.59664,41.72285],[-87.59621,41.72287],[-87.59586,41.72289],[-87.59568,41.72289],[-87.59516,41.72293],[-87.59501,41.72294],[-87.59351,41.72296],[-87.59213,41.72298]]},"properties":{"kind":"rail","name":"Chicago Rail Link"}},{"type":"Feature","geometry":{"type":"LineString","coordinates":[[-87.71986,41.82557],[-87.71969,41.82562],[-87.71895,41.82585],[-87.71877,41.82591]]},"properties":{"kind":"rail","name":"BNSF Railway"}},{"type":"Feature","geometry":{"type":"LineString","coordinates":[[-87.73768,41.81992],[-87.72411,41.82422],[-87.72283,41.82463],[-87.71986,41.82557]]},"properties":{"kind":"rail","name":"BNSF Railway"}},{"type":"Feature","geometry":{"type":"LineString","coordinates":[[-87.68994,41.86468],[-87.68953,41.86431],[-87.68903,41.8639],[-87.68882,41.86373],[-87.68857,41.86349],[-87.68841,41.86328],[-87.68828,41.86303],[-87.68818,41.8627],[-87.68813,41.86234],[-87.68811,41.86148]]},"properties":{"kind":"rail","name":"Norfolk Southern"}},{"type":"Feature","geometry":{"type":"LineString","coordinates":[[-87.78451,41.78381],[-87.7835,41.78385],[-87.7815,41.78387],[-87.77899,41.78393],[-87.7776,41.78396],[-87.77171,41.78404],[-87.77037,41.78409],[-87.76908,41.7841],[-87.76794,41.78413],[-87.76744,41.78417],[-87.76682,41.78429],[-87.76625,41.7845],[-87.76566,41.78481],[-87.76534,41.78503],[-87.76508,41.78526],[-87.76478,41.7856],[-87.76457,41.78597],[-87.76442,41.78632],[-87.76434,41.78667],[-87.76433,41.78707],[-87.7644,41.78902],[-87.76452,41.79235],[-87.76449,41.79281],[-87.76441,41.79315],[-87.76419,41.79357],[-87.76386,41.79398],[-87.7635,41.79429],[-87.76304,41.79456],[-87.76236,41.79484],[-87.76233,41.79484],[-87.76183,41.79496],[-87.76122,41.79502],[-87.75427,41.7951],[-87.74208,41.79526]]},"properties":{"kind":"rail","name":"Belt Railway of Chicago"}},{"type":"Feature","geometry":{"type":"LineString","coordinates":[[-87.71877,41.82591],[-87.71819,41.82609],[-87.71601,41.82678]]},"properties":{"kind":"rail","name":"BNSF Railway"}},{"type":"Feature","geometry":{"type":"LineString","coordinates":[[-87.71601,41.82678],[-87.71444,41.82728],[-87.71434,41.82731],[-87.7142,41.82736],[-87.7134,41.82761]]},"properties":{"kind":"rail","name":"BNSF Railway"}},{"type":"Feature","geometry":{"type":"LineString","coordinates":[[-87.61247,41.64069],[-87.6123,41.64069],[-87.61226,41.64069],[-87.61216,41.64069],[-87.61126,41.64069],[-87.61027,41.6407]]},"properties":{"kind":"rail","name":"Indiana Harbor Belt"}},{"type":"Feature","geometry":{"type":"LineString","coordinates":[[-87.61848,41.64574],[-87.6181,41.64507],[-87.61766,41.64461],[-87.61722,41.64419],[-87.61415,41.64132],[-87.61393,41.64115],[-87.61369,41.641],[-87.61341,41.64088],[-87.61308,41.64077],[-87.61297,41.64076],[-87.61296,41.64076],[-87.61247,41.64069]]},"properties":{"kind":"rail","name":"Norfolk Southern"}},{"type":"Feature","geometry":{"type":"LineString","coordinates":[[-87.55847,41.69213],[-87.55822,41.6916],[-87.55814,41.69094],[-87.55814,41.69079],[-87.55809,41.68867],[-87.55808,41.68826],[-87.55808,41.68822],[-87.55806,41.68783],[-87.55809,41.68747]]},"properties":{"kind":"rail","name":"Chicago Rail Link"}},{"type":"Feature","geometry":{"type":"LineString","coordinates":[[-87.55809,41.68747],[-87.55803,41.68478],[-87.55816,41.68405]]},"properties":{"kind":"rail","name":"Chicago Rail Link"}},{"type":"Feature","geometry":{"type":"LineString","coordinates":[[-87.55875,41.69252],[-87.55856,41.69168],[-87.55846,41.69141]]},"properties":{"kind":"rail","name":"Chicago Rail Link"}},{"type":"Feature","geometry":{"type":"LineString","coordinates":[[-87.55834,41.70244],[-87.55839,41.70208],[-87.55887,41.7005],[-87.55901,41.70006],[-87.55911,41.69955],[-87.5591,41.69535],[-87.55905,41.69467]]},"properties":{"kind":"rail","name":"Chicago Rail Link"}},{"type":"Feature","geometry":{"type":"LineString","coordinates":[[-87.9191,41.90098],[-87.91754,41.90383],[-87.91646,41.90587],[-87.91597,41.9068],[-87.9159,41.90694],[-87.91588,41.90697],[-87.9158,41.90713],[-87.91523,41.90809]]},"properties":{"kind":"rail","name":"Union Pacific"}},{"type":"Feature","geometry":{"type":"LineString","coordinates":[[-87.86844,41.88029],[-87.86843,41.88025],[-87.8683,41.87986],[-87.8682,41.87964],[-87.86801,41.87919],[-87.86789,41.87897],[-87.86777,41.87874],[-87.86776,41.87872],[-87.86752,41.87826],[-87.86736,41.87798],[-87.86734,41.87792]]},"properties":{"kind":"rail","name":"Indiana Harbor Belt"}},{"type":"Feature","geometry":{"type":"LineString","coordinates":[[-87.86453,41.82142],[-87.86437,41.8175],[-87.86437,41.81742],[-87.86437,41.81741],[-87.86434,41.81672],[-87.8642,41.81572]]},"properties":{"kind":"rail","name":"Indiana Harbor Belt"}},{"type":"Feature","geometry":{"type":"LineString","coordinates":[[-87.83661,41.79089],[-87.83495,41.78958],[-87.83477,41.78944],[-87.83463,41.78933],[-87.8346,41.78931],[-87.83456,41.78927],[-87.83452,41.78924],[-87.83265,41.78776]]},"properties":{"kind":"rail","name":"Indiana Harbor Belt"}},{"type":"Feature","geometry":{"type":"LineString","coordinates":[[-87.55643,41.70434],[-87.55489,41.7052],[-87.55411,41.70579],[-87.55347,41.70635],[-87.5529,41.70694],[-87.55256,41.70736],[-87.55214,41.70796],[-87.55185,41.7085],[-87.55094,41.71078],[-87.5501,41.71287]]},"properties":{"kind":"rail","name":"Belt Railway of Chicago"}},{"type":"Feature","geometry":{"type":"LineString","coordinates":[[-87.54987,41.71338],[-87.54862,41.7164],[-87.54832,41.71719],[-87.54707,41.72025]]},"properties":{"kind":"rail","name":"Belt Railway of Chicago"}},{"type":"Feature","geometry":{"type":"LineString","coordinates":[[-87.54674,41.72207],[-87.54548,41.72121],[-87.54453,41.72054],[-87.54397,41.72016]]},"properties":{"kind":"rail","name":"Norfolk Southern"}},{"type":"Feature","geometry":{"type":"LineString","coordinates":[[-87.59301,41.72327],[-87.59072,41.7233]]},"properties":{"kind":"rail","name":"Belt Railway of Chicago"}},{"type":"Feature","geometry":{"type":"LineString","coordinates":[[-87.5501,41.72357],[-87.5487,41.72354],[-87.54865,41.72354],[-87.54859,41.72354],[-87.5485,41.72355],[-87.54796,41.72356],[-87.54776,41.72358],[-87.54767,41.72359],[-87.54741,41.72366],[-87.54728,41.72371],[-87.54709,41.72379],[-87.54681,41.72397],[-87.54655,41.72417],[-87.54634,41.72437],[-87.545,41.72613],[-87.5442,41.72713],[-87.54369,41.72764],[-87.54144,41.72942],[-87.541,41.72963],[-87.53994,41.73003],[-87.53989,41.73005],[-87.53976,41.73013],[-87.5395,41.73034]]},"properties":{"kind":"rail","name":"Chicago Rail Link"}},{"type":"Feature","geometry":{"type":"LineString","coordinates":[[-87.86292,41.8597],[-87.86318,41.85979],[-87.86383,41.86],[-87.86452,41.86023],[-87.86484,41.86035],[-87.86514,41.86051],[-87.86545,41.86074],[-87.8657,41.86099],[-87.86585,41.86123],[-87.86594,41.86143],[-87.866,41.86162],[-87.86604,41.86193],[-87.86612,41.8625],[-87.8662,41.86323],[-87.86624,41.86422],[-87.86626,41.86471],[-87.86634,41.86544]]},"properties":{"kind":"rail","name":"Indiana Harbor Belt"}},{"type":"Feature","geometry":{"type":"LineString","coordinates":[[-87.54825,41.63161],[-87.5477,41.63156],[-87.54704,41.63144],[-87.54594,41.63111]]},"properties":{"kind":"rail","name":"CSX"}},{"type":"Feature","geometry":{"type":"LineString","coordinates":[[-87.62062,41.86031],[-87.62048,41.86019],[-87.62038,41.86008],[-87.62031,41.85999],[-87.61906,41.85822],[-87.61902,41.85817],[-87.61875,41.85765]]},"properties":{"kind":"rail","name":"Canadian National"}},{"type":"Feature","geometry":{"type":"LineString","coordinates":[[-87.83308,41.79115],[-87.83005,41.79472],[-87.82885,41.79613],[-87.82861,41.79641],[-87.82846,41.79659]]},"properties":{"kind":"rail","name":"BNSF Railway"}},{"type":"Feature","geometry":{"type":"LineString","coordinates":[[-87.8642,41.81572],[-87.86417,41.81627],[-87.86417,41.81646],[-87.86413,41.81665],[-87.86404,41.81686],[-87.86392,41.81703],[-87.86377,41.81718],[-87.86358,41.81732],[-87.86336,41.81743],[-87.86309,41.81751],[-87.86261,41.81763],[-87.86228,41.81771],[-87.85917,41.81844],[-87.85344,41.81973],[-87.85318,41.81979],[-87.8531,41.81982],[-87.85294,41.81986],[-87.85251,41.81999],[-87.85221,41.82007],[-87.85029,41.82051],[-87.84991,41.82067]]},"properties":{"kind":"rail","name":"Indiana Harbor Belt"}},{"type":"Feature","geometry":{"type":"LineString","coordinates":[[-87.73993,41.86672],[-87.73993,41.86605],[-87.73993,41.86575],[-87.7399,41.86417]]},"properties":{"kind":"rail","name":"Belt Railway of Chicago"}},{"type":"Feature","geometry":{"type":"LineString","coordinates":[[-87.73976,41.8612],[-87.7397,41.86017],[-87.73968,41.85864],[-87.73961,41.85573],[-87.7395,41.85322]]},"properties":{"kind":"rail","name":"Belt Railway of Chicago"}},{"type":"Feature","geometry":{"type":"LineString","coordinates":[[-87.7395,41.85322],[-87.7395,41.85285],[-87.73948,41.85204],[-87.73945,41.85056]]},"properties":{"kind":"rail","name":"Belt Railway of Chicago"}},{"type":"Feature","geometry":{"type":"LineString","coordinates":[[-87.73945,41.85056],[-87.73944,41.8502],[-87.73929,41.84719],[-87.73922,41.84556],[-87.73922,41.84555],[-87.73922,41.84551],[-87.73922,41.8455],[-87.73922,41.84545],[-87.73922,41.84518],[-87.73917,41.84358],[-87.73915,41.84292],[-87.73908,41.84078],[-87.73894,41.8365],[-87.73892,41.8356]]},"properties":{"kind":"rail","name":"Belt Railway of Chicago"}},{"type":"Feature","geometry":{"type":"LineString","coordinates":[[-87.73884,41.83469],[-87.73884,41.83295],[-87.73884,41.83293],[-87.73883,41.83291]]},"properties":{"kind":"rail","name":"Belt Railway of Chicago"}},{"type":"Feature","geometry":{"type":"LineString","coordinates":[[-87.73853,41.81886],[-87.73852,41.81804],[-87.73852,41.81802],[-87.73849,41.81678]]},"properties":{"kind":"rail","name":"Belt Railway of Chicago"}},{"type":"Feature","geometry":{"type":"LineString","coordinates":[[-87.73849,41.81678],[-87.73845,41.81501],[-87.73841,41.81321],[-87.73836,41.81141],[-87.73836,41.80951],[-87.73831,41.80792],[-87.73826,41.80603],[-87.7382,41.80411],[-87.7382,41.80232],[-87.73807,41.80031],[-87.73806,41.79952],[-87.73801,41.79844]]},"properties":{"kind":"rail","name":"Belt Railway of Chicago"}},{"type":"Feature","geometry":{"type":"LineString","coordinates":[[-87.81997,41.87934],[-87.81935,41.87802],[-87.81804,41.87662],[-87.81706,41.87581],[-87.81628,41.87533],[-87.81505,41.8747],[-87.81435,41.87445],[-87.81368,41.87426],[-87.8132,41.87416]]},"properties":{"kind":"rail","name":"CSX"}},{"type":"Feature","geometry":{"type":"LineString","coordinates":[[-87.76474,41.8699],[-87.76387,41.86982],[-87.75494,41.86903]]},"properties":{"kind":"rail","name":"CSX"}},{"type":"Feature","geometry":{"type":"LineString","coordinates":[[-87.74472,41.86827],[-87.74376,41.86828]]},"properties":{"kind":"rail","name":"CSX"}},{"type":"Feature","geometry":{"type":"LineString","coordinates":[[-87.50034,41.68858],[-87.4992,41.68799],[-87.49634,41.68639],[-87.49262,41.68433],[-87.49125,41.68358],[-87.49076,41.68323],[-87.49008,41.68276],[-87.48967,41.6825],[-87.48577,41.68034],[-87.4797,41.67697],[-87.47654,41.67522],[-87.47146,41.67255],[-87.4707,41.67221]]},"properties":{"kind":"rail","name":"Canadian National"}},{"type":"Feature","geometry":{"type":"LineString","coordinates":[[-87.51588,41.69928],[-87.51286,41.69656],[-87.51248,41.69625],[-87.51226,41.69609],[-87.51162,41.69548],[-87.51092,41.69481],[-87.50973,41.69387],[-87.50848,41.69302],[-87.50491,41.691],[-87.50301,41.68993],[-87.50034,41.68858]]},"properties":{"kind":"rail","name":"Canadian National"}},{"type":"Feature","geometry":{"type":"LineString","coordinates":[[-87.74472,41.86827],[-87.74654,41.86834],[-87.75355,41.86895],[-87.75494,41.86903]]},"properties":{"kind":"rail","name":"CSX"}},{"type":"Feature","geometry":{"type":"LineString","coordinates":[[-87.55796,41.70312],[-87.55767,41.70342],[-87.55748,41.70361],[-87.5572,41.70385],[-87.55643,41.70434]]},"properties":{"kind":"rail","name":"Belt Railway of Chicago"}},{"type":"Feature","geometry":{"type":"LineString","coordinates":[[-87.64048,41.88276],[-87.64047,41.88319],[-87.64053,41.88512],[-87.64063,41.88572],[-87.64078,41.88653]]},"properties":{"kind":"rail","name":"Union Pacific"}},{"type":"Feature","geometry":{"type":"LineString","coordinates":[[-87.59973,41.64073],[-87.59783,41.64073],[-87.58824,41.64077],[-87.58761,41.64071],[-87.58705,41.64062],[-87.58645,41.64045],[-87.57843,41.63728],[-87.57646,41.63649],[-87.57599,41.63635],[-87.57552,41.63623],[-87.57505,41.63616],[-87.57459,41.63612],[-87.57416,41.6361],[-87.56895,41.63613],[-87.56296,41.63618],[-87.56246,41.63615],[-87.56179,41.63607],[-87.56118,41.63595],[-87.56067,41.63578],[-87.56008,41.63557],[-87.55959,41.63533],[-87.55908,41.63501],[-87.55869,41.63474],[-87.55834,41.63442],[-87.5576,41.63369],[-87.55718,41.6333],[-87.55676,41.63299],[-87.55623,41.63268],[-87.55565,41.63241],[-87.55513,41.63224],[-87.55453,41.63209],[-87.55398,41.63202],[-87.55355,41.63198],[-87.55072,41.63189],[-87.55006,41.63184],[-87.54825,41.63161]]},"properties":{"kind":"rail","name":"Indiana Harbor Belt"}},{"type":"Feature","geometry":{"type":"LineString","coordinates":[[-87.55045,41.63222],[-87.54954,41.63187],[-87.54902,41.63176],[-87.54865,41.6317],[-87.54825,41.63161]]},"properties":{"kind":"rail","name":"CSX"}},{"type":"Feature","geometry":{"type":"LineString","coordinates":[[-87.63904,41.74896],[-87.63877,41.74812],[-87.63863,41.74783],[-87.63814,41.74711]]},"properties":{"kind":"rail","name":"Norfolk Southern"}},{"type":"Feature","geometry":{"type":"LineString","coordinates":[[-87.55834,41.70244],[-87.5585,41.70198],[-87.55896,41.70092],[-87.55923,41.70011],[-87.55931,41.69973],[-87.55932,41.69932],[-87.55928,41.69639],[-87.55928,41.69487],[-87.55924,41.69435],[-87.55917,41.694],[-87.55875,41.69252]]},"properties":{"kind":"rail","name":"Belt Railway of Chicago"}},{"type":"Feature","geometry":{"type":"LineString","coordinates":[[-87.63933,41.85139],[-87.63875,41.85221],[-87.63826,41.85283],[-87.63795,41.85324],[-87.63754,41.85386],[-87.63729,41.85431],[-87.63712,41.85461],[-87.63704,41.85485],[-87.63702,41.85508]]},"properties":{"kind":"rail","name":"Canadian National"}},{"type":"Feature","geometry":{"type":"LineString","coordinates":[[-87.59072,41.7233],[-87.58985,41.72324],[-87.58935,41.72319],[-87.58883,41.72312]]},"properties":{"kind":"rail","name":"Belt Railway of Chicago"}},{"type":"Feature","geometry":{"type":"LineString","coordinates":[[-87.59072,41.7233],[-87.59056,41.7233],[-87.58901,41.72328],[-87.58787,41.72327],[-87.58738,41.72326],[-87.58737,41.72326],[-87.58639,41.72329],[-87.58417,41.72335],[-87.56966,41.72354]]},"properties":{"kind":"rail","name":"Belt Railway of Chicago"}},{"type":"Feature","geometry":{"type":"LineString","coordinates":[[-87.58923,41.72302],[-87.58901,41.72303],[-87.58849,41.72304],[-87.58838,41.72304],[-87.58803,41.72306],[-87.58727,41.72309],[-87.58727,41.72309],[-87.58711,41.72309],[-87.58689,41.7231]]},"properties":{"kind":"rail","name":"Chicago Rail Link"}},{"type":"Feature","geometry":{"type":"LineString","coordinates":[[-87.61229,41.64263],[-87.61212,41.64203],[-87.61199,41.64173],[-87.61179,41.64149],[-87.61152,41.64127],[-87.61118,41.64107],[-87.6108,41.64095],[-87.61033,41.64089],[-87.60792,41.64086]]},"properties":{"kind":"rail","name":"CSX"}},{"type":"Feature","geometry":{"type":"LineString","coordinates":[[-87.53786,41.72412],[-87.53761,41.72424],[-87.53716,41.72447]]},"properties":{"kind":"rail","name":"South Chicago & Indiana Harbor"}},{"type":"Feature","geometry":{"type":"LineString","coordinates":[[-87.53557,41.72563],[-87.53471,41.72641]]},"properties":{"kind":"rail","name":"South Chicago & Indiana Harbor"}},{"type":"Feature","geometry":{"type":"LineString","coordinates":[[-87.53786,41.72412],[-87.53903,41.72358],[-87.53956,41.72333],[-87.53983,41.72315],[-87.54006,41.72289],[-87.5402,41.72269],[-87.54041,41.72231],[-87.54048,41.72202],[-87.54047,41.72032],[-87.54046,41.71903],[-87.54027,41.71862],[-87.54,41.71832],[-87.53977,41.71815]]},"properties":{"kind":"rail","name":"South Chicago & Indiana Harbor"}},{"type":"Feature","geometry":{"type":"LineString","coordinates":[[-87.53716,41.72447],[-87.53666,41.7248],[-87.53626,41.72507],[-87.53557,41.72563]]},"properties":{"kind":"rail","name":"South Chicago & Indiana Harbor"}},{"type":"Feature","geometry":{"type":"LineString","coordinates":[[-87.82531,41.78259],[-87.82483,41.78248],[-87.82438,41.78241],[-87.82402,41.78242],[-87.82369,41.78247],[-87.82339,41.78256],[-87.82305,41.78274],[-87.82261,41.78313]]},"properties":{"kind":"rail","name":"Canadian National"}},{"type":"Feature","geometry":{"type":"LineString","coordinates":[[-87.74376,41.86828],[-87.74,41.86833]]},"properties":{"kind":"rail","name":"CSX"}},{"type":"Feature","geometry":{"type":"LineString","coordinates":[[-87.56966,41.72354],[-87.56879,41.72355],[-87.56784,41.72363],[-87.56532,41.72392],[-87.56283,41.72421],[-87.55961,41.72426],[-87.55788,41.72429],[-87.55737,41.72427],[-87.55433,41.72392],[-87.55091,41.72364]]},"properties":{"kind":"rail","name":"Belt Railway of Chicago"}},{"type":"Feature","geometry":{"type":"LineString","coordinates":[[-87.52098,41.62133],[-87.52024,41.62105],[-87.52002,41.62097],[-87.52,41.62096],[-87.51977,41.62088],[-87.51972,41.62086],[-87.51959,41.62081],[-87.51368,41.61853],[-87.50888,41.61669],[-87.50287,41.6144]]},"properties":{"kind":"rail","name":"Indiana Harbor Belt"}},{"type":"Feature","geometry":{"type":"LineString","coordinates":[[-87.44809,41.65446],[-87.44772,41.65481],[-87.44753,41.65506],[-87.4474,41.65538],[-87.44738,41.65561],[-87.44737,41.65566],[-87.44741,41.65589],[-87.44746,41.65604],[-87.44758,41.65628],[-87.44776,41.65654],[-87.44804,41.6568],[-87.45016,41.6586]]},"properties":{"kind":"rail","name":"Indiana Harbor Belt"}},{"type":"Feature","geometry":{"type":"LineString","coordinates":[[-87.46387,41.6043],[-87.46325,41.60474],[-87.46281,41.60494],[-87.46228,41.6051],[-87.46151,41.60521]]},"properties":{"kind":"rail","name":"Indiana Harbor Belt"}},{"type":"Feature","geometry":{"type":"LineString","coordinates":[[-87.52507,41.6229],[-87.52459,41.62272],[-87.52098,41.62133]]},"properties":{"kind":"rail","name":"Indiana Harbor Belt"}},{"type":"Feature","geometry":{"type":"LineString","coordinates":[[-87.48924,41.68199],[-87.48579,41.68007],[-87.47653,41.67494],[-87.47145,41.67216]]},"properties":{"kind":"rail","name":"CSX"}},{"type":"Feature","geometry":{"type":"LineString","coordinates":[[-87.45996,41.63079],[-87.46,41.63053],[-87.46001,41.6305],[-87.46009,41.62999],[-87.46021,41.62922],[-87.46056,41.6269],[-87.46092,41.62464],[-87.46124,41.62252]]},"properties":{"kind":"rail","name":"Indiana Harbor Belt"}},{"type":"Feature","geometry":{"type":"LineString","coordinates":[[-87.44809,41.65446],[-87.44765,41.65478],[-87.44737,41.65496],[-87.44703,41.6551],[-87.44662,41.65518],[-87.44629,41.65521],[-87.446,41.6552],[-87.44569,41.65514]]},"properties":{"kind":"rail","name":"Indiana Harbor Belt"}},{"type":"Feature","geometry":{"type":"LineString","coordinates":[[-87.4789,41.60666],[-87.47819,41.60646],[-87.47762,41.60624],[-87.47529,41.60517],[-87.47435,41.60483]]},"properties":{"kind":"rail","name":"Indiana Harbor Belt"}},{"type":"Feature","geometry":{"type":"LineString","coordinates":[[-87.42146,41.64068],[-87.42072,41.64028]]},"properties":{"kind":"rail","name":"GRW"}},{"type":"Feature","geometry":{"type":"LineString","coordinates":[[-87.41889,41.6393],[-87.41614,41.63782],[-87.41101,41.63505]]},"properties":{"kind":"rail","name":"GRW"}},{"type":"Feature","geometry":{"type":"LineString","coordinates":[[-87.42072,41.64028],[-87.41889,41.6393]]},"properties":{"kind":"rail","name":"GRW"}},{"type":"Feature","geometry":{"type":"LineString","coordinates":[[-87.40683,41.62955],[-87.40654,41.62945],[-87.4065,41.62943],[-87.40214,41.62787],[-87.39504,41.62536],[-87.39198,41.62462]]},"properties":{"kind":"rail","name":"Canadian National"}},{"type":"Feature","geometry":{"type":"LineString","coordinates":[[-87.45442,41.64993],[-87.45351,41.6506],[-87.45259,41.65124],[-87.45216,41.65154]]},"properties":{"kind":"rail","name":"Indiana Harbor Belt"}},{"type":"Feature","geometry":{"type":"LineString","coordinates":[[-87.45977,41.63203],[-87.45956,41.63342],[-87.45947,41.63452],[-87.45951,41.63784],[-87.45954,41.63916],[-87.45952,41.64389],[-87.45951,41.64449],[-87.4594,41.64505],[-87.45926,41.64548],[-87.45911,41.64584],[-87.45902,41.64603],[-87.45884,41.64633],[-87.45864,41.64661],[-87.4584,41.64693],[-87.45808,41.64724],[-87.45775,41.64753],[-87.45442,41.64993]]},"properties":{"kind":"rail","name":"Indiana Harbor Belt"}},{"type":"Feature","geometry":{"type":"LineString","coordinates":[[-87.52451,41.70741],[-87.52426,41.70724],[-87.524,41.70707],[-87.52378,41.70691],[-87.52344,41.70661],[-87.51805,41.70174],[-87.51779,41.70145],[-87.51695,41.70031],[-87.51677,41.70009],[-87.51588,41.69928]]},"properties":{"kind":"rail","name":"Canadian National"}},{"type":"Feature","geometry":{"type":"LineString","coordinates":[[-87.40649,41.63233],[-87.40583,41.63197],[-87.4035,41.63071],[-87.40235,41.63016],[-87.4023,41.63014]]},"properties":{"kind":"rail","name":"Canadian National"}},{"type":"Feature","geometry":{"type":"LineString","coordinates":[[-87.44361,41.6545],[-87.44321,41.65431],[-87.44194,41.65345]]},"properties":{"kind":"rail","name":"Indiana Harbor Belt"}},{"type":"Feature","geometry":{"type":"LineString","coordinates":[[-87.42324,41.63741],[-87.42188,41.63623]]},"properties":{"kind":"rail","name":"CSX"}},{"type":"Feature","geometry":{"type":"LineString","coordinates":[[-87.42188,41.63623],[-87.42024,41.63506],[-87.41906,41.63439],[-87.41725,41.63343],[-87.41614,41.63288],[-87.41526,41.63245],[-87.41279,41.63135],[-87.41062,41.63048],[-87.40917,41.62993],[-87.40831,41.62963],[-87.40749,41.62934],[-87.40712,41.6292],[-87.40709,41.62918],[-87.40667,41.62899]]},"properties":{"kind":"rail","name":"CSX"}},{"type":"Feature","geometry":{"type":"LineString","coordinates":[[-87.40683,41.62955],[-87.40786,41.62993],[-87.40866,41.63016],[-87.40992,41.63054]]},"properties":{"kind":"rail","name":"Canadian National"}},{"type":"Feature","geometry":{"type":"LineString","coordinates":[[-87.50287,41.6144],[-87.50176,41.61398],[-87.49999,41.61318],[-87.4983,41.6127],[-87.49157,41.61022],[-87.48791,41.60905],[-87.48513,41.60824],[-87.48302,41.60767],[-87.48072,41.60709],[-87.4789,41.60666]]},"properties":{"kind":"rail","name":"Indiana Harbor Belt"}},{"type":"Feature","geometry":{"type":"LineString","coordinates":[[-87.46151,41.60521],[-87.46103,41.60523],[-87.4603,41.60519],[-87.45858,41.60499]]},"properties":{"kind":"rail","name":"Indiana Harbor Belt"}},{"type":"Feature","geometry":{"type":"LineString","coordinates":[[-87.46387,41.6043],[-87.46308,41.60505],[-87.46231,41.60578],[-87.46206,41.60616],[-87.46185,41.60663],[-87.46176,41.60707],[-87.46175,41.60764]]},"properties":{"kind":"rail","name":"Indiana Harbor Belt"}},{"type":"Feature","geometry":{"type":"LineString","coordinates":[[-87.46177,41.60868],[-87.46177,41.60794]]},"properties":{"kind":"rail","name":"Indiana Harbor Belt"}},{"type":"Feature","geometry":{"type":"LineString","coordinates":[[-87.46175,41.60764],[-87.46171,41.60736],[-87.4617,41.60711],[-87.46172,41.60687],[-87.46174,41.60658],[-87.46171,41.60629],[-87.46158,41.60605],[-87.46137,41.60578],[-87.46113,41.60556],[-87.46073,41.6054],[-87.46043,41.60531],[-87.45924,41.60513],[-87.45858,41.60499]]},"properties":{"kind":"rail","name":"Indiana Harbor Belt"}},{"type":"Feature","geometry":{"type":"LineString","coordinates":[[-87.46439,41.66883],[-87.46358,41.66837],[-87.46233,41.66759],[-87.46124,41.66688],[-87.45764,41.66444],[-87.45686,41.66392],[-87.45529,41.66285],[-87.45374,41.66177],[-87.452,41.66057],[-87.45158,41.66028],[-87.44661,41.65683],[-87.44587,41.65629],[-87.4442,41.65484]]},"properties":{"kind":"rail","name":"Canadian National"}},{"type":"Feature","geometry":{"type":"LineString","coordinates":[[-87.4442,41.65484],[-87.44392,41.6546],[-87.44358,41.65429],[-87.44297,41.65384],[-87.44252,41.65354],[-87.4421,41.65325],[-87.44178,41.65303],[-87.44137,41.65274],[-87.44058,41.6522],[-87.43815,41.6505],[-87.43606,41.64905],[-87.43298,41.64691],[-87.43165,41.64602],[-87.43071,41.64544],[-87.42969,41.64483],[-87.42802,41.64392],[-87.42549,41.64256],[-87.42328,41.64138],[-87.41977,41.63948]]},"properties":{"kind":"rail","name":"Canadian National"}},{"type":"Feature","geometry":{"type":"LineString","coordinates":[[-87.45643,41.60469],[-87.45566,41.60452],[-87.45504,41.60438],[-87.45464,41.60424],[-87.45431,41.6041],[-87.45397,41.60396],[-87.45257,41.60332],[-87.45184,41.60299],[-87.45108,41.60268],[-87.45036,41.60245],[-87.44962,41.60228],[-87.44823,41.60208],[-87.44485,41.60161],[-87.44366,41.60144],[-87.44153,41.60115],[-87.43967,41.60089],[-87.43746,41.60058],[-87.43603,41.60038],[-87.43169,41.59978],[-87.42959,41.5995],[-87.4276,41.59923],[-87.42714,41.59916],[-87.42303,41.59859],[-87.423,41.59858],[-87.42168,41.5984],[-87.41822,41.59794]]},"properties":{"kind":"rail","name":"Indiana Harbor Belt"}},{"type":"Feature","geometry":{"type":"LineString","coordinates":[[-87.45643,41.60469],[-87.45491,41.60448],[-87.45344,41.60427]]},"properties":{"kind":"rail","name":"Indiana Harbor Belt"}},{"type":"Feature","geometry":{"type":"LineString","coordinates":[[-87.45858,41.60499],[-87.45775,41.60487],[-87.45643,41.60469]]},"properties":{"kind":"rail","name":"Indiana Harbor Belt"}},{"type":"Feature","geometry":{"type":"LineString","coordinates":[[-87.45344,41.60427],[-87.45211,41.60409],[-87.44699,41.60338],[-87.44213,41.6027],[-87.43625,41.60188],[-87.43526,41.60172],[-87.43427,41.60151],[-87.43061,41.60058],[-87.42803,41.59994],[-87.42369,41.59895]]},"properties":{"kind":"rail","name":"Indiana Harbor Belt"}},{"type":"Feature","geometry":{"type":"LineString","coordinates":[[-87.42072,41.64028],[-87.42041,41.64005],[-87.42019,41.63983],[-87.42004,41.63967],[-87.41977,41.63948]]},"properties":{"kind":"rail","name":"GRW"}},{"type":"Feature","geometry":{"type":"LineString","coordinates":[[-87.44569,41.65514],[-87.44525,41.65504],[-87.4449,41.65493],[-87.44482,41.6549],[-87.44392,41.6546],[-87.44361,41.6545]]},"properties":{"kind":"rail","name":"Indiana Harbor Belt"}},{"type":"Feature","geometry":{"type":"LineString","coordinates":[[-87.46124,41.62252],[-87.46145,41.62115],[-87.46156,41.6204],[-87.46179,41.61895],[-87.46188,41.61804]]},"properties":{"kind":"rail","name":"Indiana Harbor Belt"}},{"type":"Feature","geometry":{"type":"LineString","coordinates":[[-87.47435,41.60483],[-87.47253,41.60432],[-87.47028,41.60371]]},"properties":{"kind":"rail","name":"Indiana Harbor Belt"}},{"type":"Feature","geometry":{"type":"LineString","coordinates":[[-87.46423,41.60396],[-87.46387,41.6043]]},"properties":{"kind":"rail","name":"Indiana Harbor Belt"}},{"type":"Feature","geometry":{"type":"LineString","coordinates":[[-87.46742,41.60474],[-87.46641,41.6046],[-87.4657,41.60459],[-87.46524,41.60461],[-87.46476,41.6047],[-87.46336,41.605],[-87.46308,41.60505],[-87.4621,41.60521],[-87.46151,41.60521]]},"properties":{"kind":"rail","name":"Indiana Harbor Belt"}},{"type":"Feature","geometry":{"type":"LineString","coordinates":[[-87.47639,41.60613],[-87.47453,41.6058],[-87.47156,41.60532],[-87.46742,41.60474]]},"properties":{"kind":"rail","name":"Indiana Harbor Belt"}},{"type":"Feature","geometry":{"type":"LineString","coordinates":[[-87.71613,41.75873],[-87.71517,41.75851],[-87.71467,41.75844],[-87.71406,41.7585],[-87.71355,41.75869],[-87.71318,41.7589],[-87.71279,41.75926],[-87.71263,41.75958],[-87.71256,41.75985],[-87.71245,41.7608]]},"properties":{"kind":"rail","name":"Belt Railway of Chicago"}},{"type":"Feature","geometry":{"type":"LineString","coordinates":[[-87.68184,41.75758],[-87.68109,41.75769],[-87.68076,41.75776],[-87.68041,41.75785],[-87.68003,41.758],[-87.67967,41.75818],[-87.67934,41.7584],[-87.67904,41.75865],[-87.67885,41.75892],[-87.67872,41.75917],[-87.67867,41.75942],[-87.67864,41.7598],[-87.67864,41.76032],[-87.67862,41.76084]]},"properties":{"kind":"rail","name":"CSX"}},{"type":"Feature","geometry":{"type":"LineString","coordinates":[[-87.63936,41.76485],[-87.6393,41.76268],[-87.63933,41.76192],[-87.63931,41.7611],[-87.63928,41.76014],[-87.63928,41.75984],[-87.63927,41.75847],[-87.63927,41.75746],[-87.63931,41.75645],[-87.63934,41.75609],[-87.63937,41.75583],[-87.63947,41.75507]]},"properties":{"kind":"rail","name":"Norfolk Southern"}},{"type":"Feature","geometry":{"type":"LineString","coordinates":[[-87.71358,41.75749],[-87.71311,41.75723],[-87.71269,41.7569],[-87.71245,41.75656],[-87.71231,41.75602]]},"properties":{"kind":"rail","name":"CSX"}},{"type":"Feature","geometry":{"type":"LineString","coordinates":[[-87.55816,41.68405],[-87.55825,41.68318]]},"properties":{"kind":"rail","name":"Chicago Rail Link"}},{"type":"Feature","geometry":{"type":"LineString","coordinates":[[-87.44809,41.65446],[-87.44841,41.6542],[-87.44965,41.65332],[-87.44998,41.65309],[-87.45216,41.65154]]},"properties":{"kind":"rail","name":"Indiana Harbor Belt"}},{"type":"Feature","geometry":{"type":"LineString","coordinates":[[-87.52507,41.6229],[-87.5251,41.62291],[-87.52528,41.62297],[-87.52741,41.62379],[-87.52747,41.62382],[-87.52899,41.62438],[-87.53013,41.62483],[-87.53201,41.62555]]},"properties":{"kind":"rail","name":"Indiana Harbor Belt"}},{"type":"Feature","geometry":{"type":"LineString","coordinates":[[-87.68633,41.65007],[-87.686,41.64964],[-87.68576,41.6493],[-87.68556,41.64903],[-87.68515,41.64849],[-87.68514,41.64848],[-87.685,41.64831],[-87.68492,41.64821],[-87.68464,41.64793]]},"properties":{"kind":"rail","name":"CSX"}},{"type":"Feature","geometry":{"type":"LineString","coordinates":[[-87.6929,41.65564],[-87.69263,41.6555],[-87.69253,41.65545],[-87.69226,41.65532],[-87.69163,41.65504],[-87.69099,41.65473],[-87.6905,41.65452],[-87.69004,41.65429],[-87.68936,41.65386],[-87.6891,41.65367],[-87.68879,41.65337],[-87.68863,41.65317],[-87.68838,41.65277],[-87.68825,41.65258],[-87.68808,41.65232],[-87.68777,41.65185],[-87.68747,41.6514],[-87.68745,41.65138]]},"properties":{"kind":"rail","name":"CSX"}},{"type":"Feature","geometry":{"type":"LineString","coordinates":[[-87.92509,41.89796],[-87.92458,41.89793],[-87.92403,41.89794],[-87.92398,41.89794],[-87.92366,41.89796],[-87.92335,41.89799],[-87.92306,41.89804],[-87.9228,41.89809],[-87.92228,41.89823],[-87.92224,41.89824],[-87.92176,41.89843],[-87.92143,41.8986],[-87.92125,41.89869],[-87.92092,41.89889],[-87.92082,41.89895],[-87.92059,41.89913]]},"properties":{"kind":"rail","name":"Union Pacific"}},{"type":"Feature","geometry":{"type":"LineString","coordinates":[[-87.68672,41.65065],[-87.68671,41.65064],[-87.68667,41.65058],[-87.68633,41.65007]]},"properties":{"kind":"rail","name":"CSX"}},{"type":"Feature","geometry":{"type":"LineString","coordinates":[[-87.66871,41.86074],[-87.6672,41.86067],[-87.65383,41.86084],[-87.6521,41.86071]]},"properties":{"kind":"rail","name":"Union Pacific"}},{"type":"Feature","geometry":{"type":"LineString","coordinates":[[-87.63099,41.64068],[-87.63054,41.64067],[-87.62956,41.64064],[-87.62948,41.64064]]},"properties":{"kind":"rail","name":"Indiana Harbor Belt"}},{"type":"Feature","geometry":{"type":"LineString","coordinates":[[-87.8033,41.76973],[-87.80351,41.77016],[-87.80365,41.7706],[-87.80374,41.77121],[-87.8037,41.77171],[-87.80356,41.77221],[-87.8032,41.77284],[-87.80284,41.77334],[-87.80229,41.7741],[-87.80081,41.77593],[-87.80022,41.77659],[-87.79923,41.77769],[-87.79607,41.78127],[-87.79512,41.7823],[-87.79466,41.78267],[-87.79411,41.78303],[-87.7936,41.78325],[-87.79308,41.78344],[-87.79239,41.78361],[-87.79141,41.78372],[-87.78451,41.78381]]},"properties":{"kind":"rail","name":"Belt Railway of Chicago"}},{"type":"Feature","geometry":{"type":"LineString","coordinates":[[-87.83265,41.78776],[-87.8329,41.78794],[-87.83313,41.78806],[-87.83342,41.78817],[-87.83372,41.78825],[-87.834,41.78829],[-87.83428,41.7883],[-87.83459,41.78828],[-87.83487,41.78823],[-87.83512,41.78815],[-87.83541,41.78803],[-87.8356,41.7879],[-87.83579,41.78774]]},"properties":{"kind":"rail","name":"BNSF Railway"}},{"type":"Feature","geometry":{"type":"LineString","coordinates":[[-87.63925,41.61623],[-87.63946,41.61572],[-87.63951,41.61561],[-87.63965,41.6153],[-87.64064,41.61331],[-87.64068,41.61322],[-87.64075,41.61307],[-87.64078,41.61298],[-87.64082,41.61282],[-87.64083,41.6127],[-87.64085,41.61254],[-87.64085,41.61239],[-87.64084,41.6123],[-87.64079,41.61206],[-87.64078,41.61204],[-87.64069,41.61183],[-87.64064,41.61176],[-87.64055,41.61162],[-87.64044,41.61149],[-87.64036,41.61139],[-87.64012,41.61118],[-87.63977,41.61092],[-87.63952,41.61075],[-87.63889,41.61028]]},"properties":{"kind":"rail","name":"CSX"}},{"type":"Feature","geometry":{"type":"LineString","coordinates":[[-87.79421,41.87219],[-87.78908,41.87175],[-87.78416,41.87143],[-87.77922,41.87094],[-87.77426,41.87062]]},"properties":{"kind":"rail","name":"CSX"}},{"type":"Feature","geometry":{"type":"LineString","coordinates":[[-87.73884,41.83491],[-87.73879,41.83549],[-87.73878,41.83742],[-87.7389,41.84268],[-87.73893,41.84472],[-87.73889,41.84492],[-87.73882,41.84509],[-87.73869,41.84526],[-87.73853,41.84543],[-87.73823,41.8456],[-87.73747,41.84589]]},"properties":{"kind":"rail","name":"Belt Railway of Chicago"}},{"type":"Feature","geometry":{"type":"LineString","coordinates":[[-87.74151,41.83291],[-87.74095,41.83281],[-87.74044,41.83268],[-87.73999,41.83248],[-87.73969,41.83227],[-87.73957,41.83217],[-87.73932,41.83196],[-87.73913,41.83172],[-87.73892,41.83133],[-87.73877,41.83063]]},"properties":{"kind":"rail","name":"Canadian National"}},{"type":"Feature","geometry":{"type":"LineString","coordinates":[[-87.6866,41.86343],[-87.68559,41.8634],[-87.68516,41.86335],[-87.68483,41.8633],[-87.68444,41.86319],[-87.68407,41.86305],[-87.6837,41.86286],[-87.68327,41.86256],[-87.68245,41.86185],[-87.68193,41.86154],[-87.68124,41.86126],[-87.68054,41.86109],[-87.6786,41.86082]]},"properties":{"kind":"rail","name":"Union Pacific"}},{"type":"Feature","geometry":{"type":"LineString","coordinates":[[-87.77787,41.76812],[-87.77492,41.76829],[-87.77281,41.76853],[-87.77015,41.76891],[-87.76495,41.7698]]},"properties":{"kind":"rail","name":"Belt Railway of Chicago"}},{"type":"Feature","geometry":{"type":"LineString","coordinates":[[-87.76495,41.7698],[-87.76145,41.77044],[-87.75888,41.7709]]},"properties":{"kind":"rail","name":"Belt Railway of Chicago"}},{"type":"Feature","geometry":{"type":"LineString","coordinates":[[-87.73853,41.81886],[-87.73849,41.81913],[-87.7384,41.81934],[-87.7383,41.81948],[-87.73812,41.81963],[-87.73768,41.81992]]},"properties":{"kind":"rail","name":"Belt Railway of Chicago"}},{"type":"Feature","geometry":{"type":"LineString","coordinates":[[-87.73849,41.81678],[-87.7384,41.81745],[-87.73827,41.81771],[-87.73804,41.81799],[-87.7377,41.8182],[-87.73637,41.81869]]},"properties":{"kind":"rail","name":"Canadian National"}},{"type":"Feature","geometry":{"type":"LineString","coordinates":[[-87.63883,41.88613],[-87.63875,41.88595],[-87.6387,41.88575],[-87.6387,41.88572],[-87.63869,41.88547],[-87.63873,41.88522],[-87.63882,41.88472],[-87.63884,41.8845],[-87.63863,41.87862]]},"properties":{"kind":"rail","name":"Amtrak"}},{"type":"Feature","geometry":{"type":"LineString","coordinates":[[-87.82084,41.89391],[-87.8208,41.89182],[-87.82065,41.88821],[-87.82061,41.88684],[-87.82061,41.88683]]},"properties":{"kind":"rail","name":"Canadian National"}},{"type":"Feature","geometry":{"type":"LineString","coordinates":[[-87.73884,41.83491],[-87.73884,41.83469]]},"properties":{"kind":"rail","name":"Belt Railway of Chicago"}},{"type":"Feature","geometry":{"type":"LineString","coordinates":[[-87.73892,41.8356],[-87.73884,41.83491]]},"properties":{"kind":"rail","name":"Belt Railway of Chicago"}},{"type":"Feature","geometry":{"type":"LineString","coordinates":[[-87.54773,41.72277],[-87.54723,41.72232],[-87.54702,41.72202],[-87.54689,41.72172],[-87.54681,41.72133],[-87.54681,41.72099],[-87.54688,41.72066],[-87.54707,41.72025]]},"properties":{"kind":"rail","name":"Belt Railway of Chicago"}},{"type":"Feature","geometry":{"type":"LineString","coordinates":[[-87.55888,41.72031],[-87.55887,41.71884],[-87.55888,41.71695],[-87.55883,41.7154],[-87.55881,41.71475]]},"properties":{"kind":"rail","name":"Chicago Rail Link"}},{"type":"Feature","geometry":{"type":"LineString","coordinates":[[-87.55873,41.70826],[-87.55873,41.70794],[-87.55871,41.70645],[-87.55868,41.70602],[-87.55841,41.70519]]},"properties":{"kind":"rail","name":"Chicago Rail Link"}},{"type":"Feature","geometry":{"type":"LineString","coordinates":[[-87.55796,41.70312],[-87.55823,41.70273],[-87.55834,41.70244]]},"properties":{"kind":"rail","name":"Belt Railway of Chicago"}},{"type":"Feature","geometry":{"type":"LineString","coordinates":[[-87.55847,41.69213],[-87.55846,41.69141]]},"properties":{"kind":"rail","name":"Chicago Rail Link"}},{"type":"Feature","geometry":{"type":"LineString","coordinates":[[-87.4707,41.67221],[-87.46907,41.67129],[-87.46675,41.67007],[-87.46439,41.66883]]},"properties":{"kind":"rail","name":"Canadian National"}},{"type":"Feature","geometry":{"type":"LineString","coordinates":[[-87.61027,41.6407],[-87.60891,41.6407],[-87.60417,41.64071],[-87.59973,41.64073]]},"properties":{"kind":"rail","name":"Indiana Harbor Belt"}},{"type":"Feature","geometry":{"type":"LineString","coordinates":[[-87.60603,41.64089],[-87.60248,41.64081],[-87.59973,41.64073]]},"properties":{"kind":"rail","name":"CSX"}},{"type":"Feature","geometry":{"type":"LineString","coordinates":[[-87.52601,41.70833],[-87.52543,41.70794],[-87.52451,41.70741]]},"properties":{"kind":"rail","name":"Canadian National"}},{"type":"Feature","geometry":{"type":"LineString","coordinates":[[-87.41058,41.63454],[-87.40841,41.63336],[-87.40754,41.63289],[-87.40649,41.63233]]},"properties":{"kind":"rail","name":"Canadian National"}},{"type":"Feature","geometry":{"type":"LineString","coordinates":[[-87.41977,41.63948],[-87.41472,41.63677],[-87.41058,41.63454]]},"properties":{"kind":"rail","name":"Canadian National"}},{"type":"Feature","geometry":{"type":"LineString","coordinates":[[-87.45996,41.63079],[-87.45982,41.63175],[-87.45977,41.63203]]},"properties":{"kind":"rail","name":"Indiana Harbor Belt"}},{"type":"Feature","geometry":{"type":"LineString","coordinates":[[-87.4442,41.65484],[-87.44361,41.6545]]},"properties":{"kind":"rail","name":"Canadian National"}},{"type":"Feature","geometry":{"type":"LineString","coordinates":[[-87.41101,41.63505],[-87.40957,41.63428],[-87.40877,41.63386],[-87.4083,41.63355],[-87.40779,41.63315],[-87.40644,41.63238],[-87.40601,41.63226],[-87.40547,41.63212],[-87.40051,41.63091]]},"properties":{"kind":"rail","name":"GRW"}},{"type":"Feature","geometry":{"type":"LineString","coordinates":[[-87.40051,41.63091],[-87.39643,41.62986],[-87.39518,41.62929],[-87.39478,41.62915],[-87.39343,41.62877],[-87.39302,41.62855],[-87.39265,41.62824],[-87.39188,41.62731]]},"properties":{"kind":"rail","name":"GRW"}},{"type":"Feature","geometry":{"type":"LineString","coordinates":[[-87.80427,41.76923],[-87.80408,41.76916],[-87.80382,41.76905],[-87.80364,41.76897],[-87.8033,41.76877],[-87.80321,41.76872],[-87.80107,41.7672]]},"properties":{"kind":"rail","name":"Belt Railway of Chicago"}},{"type":"Feature","geometry":{"type":"LineString","coordinates":[[-87.8033,41.76973],[-87.80275,41.76884],[-87.80222,41.76824],[-87.80107,41.7672]]},"properties":{"kind":"rail","name":"Belt Railway of Chicago"}},{"type":"Feature","geometry":{"type":"LineString","coordinates":[[-87.80107,41.7672],[-87.801,41.76715],[-87.80068,41.76695],[-87.80044,41.76684],[-87.80033,41.76678],[-87.79997,41.76665],[-87.79958,41.76656]]},"properties":{"kind":"rail","name":"Belt Railway of Chicago"}},{"type":"Feature","geometry":{"type":"LineString","coordinates":[[-87.79958,41.76656],[-87.79839,41.76646],[-87.79765,41.76648],[-87.79708,41.76658],[-87.79275,41.76719]]},"properties":{"kind":"rail","name":"Belt Railway of Chicago"}},{"type":"Feature","geometry":{"type":"LineString","coordinates":[[-87.79275,41.76719],[-87.79135,41.76726],[-87.78197,41.76782],[-87.77787,41.76812]]},"properties":{"kind":"rail","name":"Belt Railway of Chicago"}},{"type":"Feature","geometry":{"type":"LineString","coordinates":[[-87.59213,41.72298],[-87.5911,41.72299],[-87.5898,41.72301],[-87.58923,41.72302]]},"properties":{"kind":"rail","name":"Chicago Rail Link"}},{"type":"Feature","geometry":{"type":"LineString","coordinates":[[-87.63347,41.60661],[-87.63317,41.60642],[-87.63277,41.60615]]},"properties":{"kind":"rail","name":"CSX"}},{"type":"Feature","geometry":{"type":"LineString","coordinates":[[-87.81018,41.76607],[-87.81017,41.76599],[-87.81003,41.76249],[-87.80993,41.75989]]},"properties":{"kind":"rail","name":"Indiana Harbor Belt"}},{"type":"Feature","geometry":{"type":"LineString","coordinates":[[-87.80967,41.75338],[-87.80948,41.74851]]},"properties":{"kind":"rail","name":"Indiana Harbor Belt"}},{"type":"Feature","geometry":{"type":"LineString","coordinates":[[-87.80948,41.74851],[-87.80945,41.74788],[-87.80932,41.74453],[-87.8092,41.74152]]},"properties":{"kind":"rail","name":"Indiana Harbor Belt"}},{"type":"Feature","geometry":{"type":"LineString","coordinates":[[-87.80993,41.75989],[-87.80967,41.75338]]},"properties":{"kind":"rail","name":"Indiana Harbor Belt"}},{"type":"Feature","geometry":{"type":"LineString","coordinates":[[-87.86634,41.86544],[-87.86616,41.86112],[-87.86614,41.8606],[-87.86614,41.86058],[-87.86614,41.86058],[-87.86611,41.85991],[-87.86567,41.84917]]},"properties":{"kind":"rail","name":"Indiana Harbor Belt"}},{"type":"Feature","geometry":{"type":"LineString","coordinates":[[-87.86199,41.85937],[-87.86285,41.85968],[-87.86292,41.8597]]},"properties":{"kind":"rail","name":"Indiana Harbor Belt"}},{"type":"Feature","geometry":{"type":"LineString","coordinates":[[-87.85178,41.8026],[-87.85133,41.80238],[-87.85118,41.80231],[-87.85049,41.80193],[-87.85041,41.80188],[-87.84985,41.80152],[-87.8498,41.80148],[-87.84941,41.8012],[-87.8466,41.79897],[-87.84375,41.79669],[-87.84129,41.79473],[-87.83946,41.79327],[-87.83929,41.79314]]},"properties":{"kind":"rail","name":"Indiana Harbor Belt"}},{"type":"Feature","geometry":{"type":"LineString","coordinates":[[-87.83601,41.7878],[-87.83624,41.78743]]},"properties":{"kind":"rail","name":"Indiana Harbor Belt"}},{"type":"Feature","geometry":{"type":"LineString","coordinates":[[-87.74012,41.86656],[-87.74007,41.86581],[-87.7399,41.86417]]},"properties":{"kind":"rail","name":"CSX"}},{"type":"Feature","geometry":{"type":"LineString","coordinates":[[-87.77426,41.87062],[-87.76474,41.8699]]},"properties":{"kind":"rail","name":"CSX"}},{"type":"Feature","geometry":{"type":"LineString","coordinates":[[-87.81067,41.87377],[-87.80818,41.87351],[-87.8045,41.87315],[-87.79421,41.87219]]},"properties":{"kind":"rail","name":"CSX"}},{"type":"Feature","geometry":{"type":"LineString","coordinates":[[-87.73919,41.83925],[-87.73908,41.83678],[-87.73892,41.8356]]},"properties":{"kind":"rail","name":"Belt Railway of Chicago"}},{"type":"Feature","geometry":{"type":"LineString","coordinates":[[-87.69106,41.86698],[-87.69093,41.86651],[-87.69079,41.86601],[-87.69059,41.86556],[-87.69029,41.86508],[-87.68994,41.86468]]},"properties":{"kind":"rail","name":"Union Pacific"}},{"type":"Feature","geometry":{"type":"LineString","coordinates":[[-87.68994,41.86468],[-87.68889,41.8639],[-87.68841,41.86361],[-87.68809,41.8635],[-87.68773,41.86347],[-87.68727,41.86347],[-87.6866,41.86343]]},"properties":{"kind":"rail","name":"Union Pacific"}},{"type":"Feature","geometry":{"type":"LineString","coordinates":[[-87.6786,41.86082],[-87.67673,41.86056],[-87.67383,41.86037]]},"properties":{"kind":"rail","name":"Union Pacific"}},{"type":"Feature","geometry":{"type":"LineString","coordinates":[[-87.7399,41.86417],[-87.7398,41.86199],[-87.73976,41.8612]]},"properties":{"kind":"rail","name":"Belt Railway of Chicago"}},{"type":"Feature","geometry":{"type":"LineString","coordinates":[[-87.46742,41.60474],[-87.46593,41.60464],[-87.46537,41.60468],[-87.46483,41.60473],[-87.46432,41.60485],[-87.46374,41.605],[-87.4632,41.60523],[-87.46274,41.60551],[-87.46241,41.60579],[-87.46216,41.60614],[-87.46197,41.60651],[-87.46186,41.60694],[-87.46182,41.60738],[-87.46177,41.60794]]},"properties":{"kind":"rail","name":"Indiana Harbor Belt"}},{"type":"Feature","geometry":{"type":"LineString","coordinates":[[-87.46177,41.60794],[-87.46175,41.60764]]},"properties":{"kind":"rail","name":"Indiana Harbor Belt"}},{"type":"Feature","geometry":{"type":"LineString","coordinates":[[-87.4789,41.60666],[-87.47639,41.60613]]},"properties":{"kind":"rail","name":"Indiana Harbor Belt"}},{"type":"Feature","geometry":{"type":"LineString","coordinates":[[-87.4554,41.66245],[-87.45484,41.662],[-87.45426,41.66151],[-87.45369,41.66107]]},"properties":{"kind":"rail","name":"CSX"}},{"type":"Feature","geometry":{"type":"LineString","coordinates":[[-87.47145,41.67216],[-87.46742,41.67002],[-87.46478,41.6686],[-87.46358,41.66792],[-87.46245,41.66724],[-87.46123,41.66645],[-87.45904,41.66494],[-87.45769,41.66401],[-87.4554,41.66245]]},"properties":{"kind":"rail","name":"CSX"}},{"type":"Feature","geometry":{"type":"LineString","coordinates":[[-87.73853,41.81886],[-87.73854,41.81961],[-87.73854,41.81965],[-87.73853,41.82202],[-87.73853,41.82204],[-87.73854,41.82216],[-87.73855,41.82237],[-87.73855,41.82268],[-87.73855,41.8227],[-87.73856,41.82282],[-87.73868,41.82724],[-87.73877,41.83063]]},"properties":{"kind":"rail","name":"Belt Railway of Chicago"}},{"type":"Feature","geometry":{"type":"LineString","coordinates":[[-87.74305,41.76881],[-87.74198,41.7686]]},"properties":{"kind":"rail","name":"Belt Railway of Chicago"}},{"type":"Feature","geometry":{"type":"LineString","coordinates":[[-87.71394,41.80901],[-87.71393,41.80841]]},"properties":{"kind":"rail","name":"BNSF Railway"}},{"type":"Feature","geometry":{"type":"LineString","coordinates":[[-87.53966,41.71808],[-87.53936,41.71788]]},"properties":{"kind":"rail","name":"South Chicago & Indiana Harbor"}},{"type":"Feature","geometry":{"type":"LineString","coordinates":[[-87.70929,41.75703],[-87.7071,41.75706],[-87.7026,41.75713],[-87.70237,41.75714],[-87.70213,41.75715]]},"properties":{"kind":"rail","name":"Belt Railway of Chicago"}},{"type":"Feature","geometry":{"type":"LineString","coordinates":[[-87.68831,41.7574],[-87.68786,41.75741]]},"properties":{"kind":"rail","name":"Belt Railway of Chicago"}},{"type":"Feature","geometry":{"type":"LineString","coordinates":[[-87.71011,41.75702],[-87.70929,41.75703]]},"properties":{"kind":"rail","name":"Belt Railway of Chicago"}},{"type":"Feature","geometry":{"type":"LineString","coordinates":[[-87.53977,41.71815],[-87.53966,41.71808]]},"properties":{"kind":"rail","name":"South Chicago & Indiana Harbor"}},{"type":"Feature","geometry":{"type":"LineString","coordinates":[[-87.5501,41.71287],[-87.54987,41.71338]]},"properties":{"kind":"rail","name":"Belt Railway of Chicago"}},{"type":"Feature","geometry":{"type":"LineString","coordinates":[[-87.81024,41.7676],[-87.81018,41.76607]]},"properties":{"kind":"rail","name":"Indiana Harbor Belt"}},{"type":"Feature","geometry":{"type":"LineString","coordinates":[[-87.55905,41.69467],[-87.55904,41.69451],[-87.55898,41.69406],[-87.55847,41.69213]]},"properties":{"kind":"rail","name":"Chicago Rail Link"}},{"type":"Feature","geometry":{"type":"LineString","coordinates":[[-87.82531,41.78259],[-87.82504,41.78237],[-87.82488,41.78219],[-87.82478,41.78203],[-87.82468,41.78183],[-87.82463,41.78168],[-87.82461,41.78147],[-87.82464,41.78123],[-87.82469,41.78107],[-87.82481,41.78085],[-87.82511,41.7804]]},"properties":{"kind":"rail","name":"Indiana Harbor Belt"}},{"type":"Feature","geometry":{"type":"LineString","coordinates":[[-87.86915,41.89708],[-87.86914,41.89695],[-87.86908,41.89579],[-87.86908,41.8957],[-87.86904,41.8945],[-87.86901,41.89335],[-87.86896,41.89197]]},"properties":{"kind":"rail","name":"Indiana Harbor Belt"}},{"type":"Feature","geometry":{"type":"LineString","coordinates":[[-87.91512,41.90933],[-87.91523,41.90809]]},"properties":{"kind":"rail","name":"Union Pacific"}},{"type":"Feature","geometry":{"type":"LineString","coordinates":[[-87.91499,41.91203],[-87.91499,41.91144],[-87.91502,41.91061],[-87.91512,41.90933]]},"properties":{"kind":"rail","name":"Union Pacific"}},{"type":"Feature","geometry":{"type":"LineString","coordinates":[[-87.86627,41.91053],[-87.8647,41.91168]]},"properties":{"kind":"rail","name":"Indiana Harbor Belt"}},{"type":"Feature","geometry":{"type":"LineString","coordinates":[[-87.86627,41.91053],[-87.8676,41.90926],[-87.86804,41.9088],[-87.86826,41.90855],[-87.8685,41.90826],[-87.86867,41.90802],[-87.86873,41.90794],[-87.86877,41.90787],[-87.86886,41.90772],[-87.86891,41.90763],[-87.86905,41.90736],[-87.86918,41.90705],[-87.86923,41.90692],[-87.8693,41.9067],[-87.86936,41.90638],[-87.8694,41.90586],[-87.8694,41.90584],[-87.86938,41.90511]]},"properties":{"kind":"rail","name":"Indiana Harbor Belt"}},{"type":"Feature","geometry":{"type":"LineString","coordinates":[[-87.85986,41.92193],[-87.85979,41.91969],[-87.85967,41.91752],[-87.8597,41.91678],[-87.86008,41.91583],[-87.86058,41.91522],[-87.86119,41.9146],[-87.8647,41.91168]]},"properties":{"kind":"rail","name":"Indiana Harbor Belt"}},{"type":"Feature","geometry":{"type":"LineString","coordinates":[[-87.86547,41.93619],[-87.86305,41.93537],[-87.86007,41.93449],[-87.8597,41.93434],[-87.85935,41.93414],[-87.85911,41.93396],[-87.85883,41.93367],[-87.85868,41.93348],[-87.85852,41.93321],[-87.85803,41.93191],[-87.85788,41.93155]]},"properties":{"kind":"rail","name":"Indiana Harbor Belt"}},{"type":"Feature","geometry":{"type":"LineString","coordinates":[[-87.85788,41.93155],[-87.85796,41.93176],[-87.85813,41.93233]]},"properties":{"kind":"rail","name":"Canadian National"}},{"type":"Feature","geometry":{"type":"LineString","coordinates":[[-87.93911,41.98913],[-87.93911,41.98906],[-87.93917,41.98852],[-87.93924,41.98804],[-87.93932,41.98754],[-87.93934,41.98728],[-87.93937,41.98696],[-87.93939,41.98641],[-87.93939,41.98618],[-87.93938,41.98464],[-87.93936,41.98113],[-87.93932,41.97485],[-87.9393,41.97273]]},"properties":{"kind":"rail","name":"CPKC"}},{"type":"Feature","geometry":{"type":"LineString","coordinates":[[-87.86938,41.90511],[-87.86919,41.89865],[-87.86915,41.89708]]},"properties":{"kind":"rail","name":"Indiana Harbor Belt"}},{"type":"Feature","geometry":{"type":"LineString","coordinates":[[-87.7246,41.91363],[-87.72433,41.91365],[-87.72413,41.91367],[-87.72397,41.91369],[-87.72393,41.9137],[-87.72377,41.91373],[-87.72363,41.91378],[-87.72355,41.91381],[-87.72351,41.91383],[-87.72338,41.9139],[-87.72325,41.91399],[-87.72325,41.91399],[-87.72314,41.91408],[-87.72304,41.91418],[-87.72304,41.91419],[-87.72296,41.91429],[-87.7229,41.9144],[-87.72289,41.91443],[-87.72286,41.91451],[-87.72284,41.91463],[-87.72284,41.91464],[-87.72283,41.91476],[-87.72285,41.91486],[-87.72285,41.9149],[-87.72291,41.91511]]},"properties":{"kind":"rail","name":"CPKC"}},{"type":"Feature","geometry":{"type":"LineString","coordinates":[[-87.85948,41.93589],[-87.85891,41.93495],[-87.85854,41.93459],[-87.85807,41.93428],[-87.85753,41.93404],[-87.85706,41.93391],[-87.85615,41.93381]]},"properties":{"kind":"rail","name":"Canadian National"}},{"type":"Feature","geometry":{"type":"LineString","coordinates":[[-87.9162,42.05402],[-87.91505,42.05302],[-87.91457,42.05246],[-87.91425,42.05188],[-87.91399,42.05133],[-87.91382,42.05067],[-87.91378,42.04996],[-87.9137,42.04501],[-87.91372,42.04178],[-87.91372,42.0379],[-87.91372,42.0378],[-87.9138,42.03648],[-87.91373,42.03601]]},"properties":{"kind":"rail","name":"Union Pacific"}},{"type":"Feature","geometry":{"type":"LineString","coordinates":[[-87.90105,42.04728],[-87.90033,42.04704],[-87.8998,42.04694],[-87.89936,42.04689],[-87.89898,42.04689],[-87.8987,42.04692],[-87.89837,42.04701]]},"properties":{"kind":"rail","name":"Union Pacific"}},{"type":"Feature","geometry":{"type":"LineString","coordinates":[[-87.93911,41.98913],[-87.93903,41.98833],[-87.93902,41.98742],[-87.939,41.9865],[-87.93894,41.98262],[-87.93894,41.97836],[-87.93896,41.97617],[-87.93892,41.97387],[-87.93891,41.97158],[-87.93886,41.97107],[-87.93871,41.97042],[-87.93847,41.96982],[-87.93815,41.96928],[-87.93778,41.96881],[-87.93721,41.96824],[-87.9366,41.96777],[-87.92976,41.9628],[-87.9292,41.96243],[-87.92853,41.96209],[-87.92774,41.96176],[-87.92704,41.96154],[-87.92625,41.96137],[-87.9255,41.96127],[-87.92459,41.96124],[-87.92172,41.96127],[-87.92115,41.96124],[-87.92066,41.9612],[-87.92041,41.96115],[-87.92015,41.9611]]},"properties":{"kind":"rail","name":"Union Pacific"}},{"type":"Feature","geometry":{"type":"LineString","coordinates":[[-87.85788,41.93155],[-87.85756,41.93064],[-87.85727,41.92982],[-87.85705,41.9292],[-87.85656,41.92782],[-87.85647,41.92755],[-87.85643,41.92737],[-87.85639,41.92715],[-87.85639,41.92711],[-87.85642,41.92683],[-87.85642,41.92677],[-87.85649,41.92659],[-87.85656,41.9264],[-87.85659,41.92635],[-87.85677,41.92609],[-87.85681,41.92603],[-87.85701,41.92586],[-87.85723,41.92567],[-87.85724,41.92566],[-87.85813,41.92506]]},"properties":{"kind":"rail","name":"Indiana Harbor Belt"}},{"type":"Feature","geometry":{"type":"LineString","coordinates":[[-87.9393,41.97273],[-87.9393,41.97153],[-87.93925,41.96474],[-87.93923,41.96088],[-87.93922,41.95974],[-87.93919,41.95917],[-87.93918,41.95908],[-87.9391,41.95877],[-87.93908,41.95869],[-87.93901,41.95852],[-87.93893,41.95833],[-87.93893,41.95833],[-87.9387,41.95796],[-87.93839,41.95756],[-87.93816,41.95732],[-87.93814,41.95731],[-87.93792,41.95712],[-87.93779,41.95702],[-87.93744,41.9568],[-87.93732,41.95673],[-87.93689,41.95653],[-87.93681,41.9565],[-87.9362,41.9563],[-87.93611,41.95627],[-87.93384,41.95578]]},"properties":{"kind":"rail","name":"CPKC"}},{"type":"Feature","geometry":{"type":"LineString","coordinates":[[-87.74537,41.9144],[-87.74453,41.91417],[-87.74377,41.91393],[-87.7433,41.91371],[-87.74293,41.91346],[-87.7425,41.91302],[-87.74221,41.91258],[-87.74208,41.9121],[-87.74195,41.90961],[-87.74182,41.90863],[-87.74173,41.908],[-87.74172,41.90769],[-87.74161,41.90244],[-87.74159,41.90053],[-87.74155,41.89977],[-87.74142,41.8988]]},"properties":{"kind":"rail","name":"Belt Railway of Chicago"}},{"type":"Feature","geometry":{"type":"LineString","coordinates":[[-87.85813,41.92506],[-87.85928,41.92413],[-87.8595,41.9239],[-87.8597,41.92362],[-87.85987,41.92321],[-87.8599,41.92291],[-87.85986,41.92193]]},"properties":{"kind":"rail","name":"Indiana Harbor Belt"}},{"type":"Feature","geometry":{"type":"LineString","coordinates":[[-87.92015,41.9611],[-87.91964,41.961],[-87.91909,41.96083],[-87.91854,41.9606],[-87.91801,41.96032],[-87.91752,41.96003],[-87.91702,41.95963],[-87.91648,41.95909],[-87.91617,41.95864],[-87.91588,41.9581],[-87.91558,41.95732],[-87.91535,41.95662],[-87.91515,41.95589],[-87.91501,41.95513],[-87.91492,41.95406],[-87.91494,41.95196],[-87.91494,41.95195],[-87.91494,41.95174],[-87.91495,41.95073],[-87.91495,41.95053],[-87.91496,41.95039],[-87.91496,41.9501],[-87.91488,41.94931],[-87.91488,41.94931],[-87.91471,41.94877],[-87.91462,41.94725]]},"properties":{"kind":"rail","name":"Union Pacific"}},{"type":"Feature","geometry":{"type":"LineString","coordinates":[[-87.85127,41.76963],[-87.84931,41.77194],[-87.83621,41.78728],[-87.83598,41.78754],[-87.83579,41.78774]]},"properties":{"kind":"rail","name":"BNSF Railway"}},{"type":"Feature","geometry":{"type":"LineString","coordinates":[[-87.83579,41.78774],[-87.83624,41.78743]]},"properties":{"kind":"rail","name":"BNSF Railway"}},{"type":"Feature","geometry":{"type":"LineString","coordinates":[[-87.68506,41.64865],[-87.68502,41.64859],[-87.68481,41.64833],[-87.68454,41.64803],[-87.68422,41.64777],[-87.68388,41.64755],[-87.68351,41.64737],[-87.6831,41.64721],[-87.68271,41.6471],[-87.6823,41.64702],[-87.68192,41.64697],[-87.68144,41.64696],[-87.67631,41.64705],[-87.6752,41.64709],[-87.6745,41.64715],[-87.67045,41.64772]]},"properties":{"kind":"rail","name":"CSX"}},{"type":"Feature","geometry":{"type":"LineString","coordinates":[[-87.82511,41.7804],[-87.82481,41.78057],[-87.82447,41.78078],[-87.82414,41.78093],[-87.82382,41.78101],[-87.82351,41.78104],[-87.82318,41.78103],[-87.82289,41.78099],[-87.82259,41.7809],[-87.82226,41.78075],[-87.8221,41.78066],[-87.82153,41.78037]]},"properties":{"kind":"rail","name":"Indiana Harbor Belt"}},{"type":"Feature","geometry":{"type":"LineString","coordinates":[[-87.71429,41.82423],[-87.71419,41.82486],[-87.71404,41.82512],[-87.71382,41.82537],[-87.71354,41.82561],[-87.71317,41.82581],[-87.7124,41.82597]]},"properties":{"kind":"rail","name":"Canadian National"}},{"type":"Feature","geometry":{"type":"LineString","coordinates":[[-87.56324,41.72348],[-87.56255,41.72342],[-87.56179,41.72336],[-87.56127,41.72329],[-87.56076,41.72317],[-87.56037,41.72304],[-87.55998,41.72283],[-87.55974,41.72267],[-87.55941,41.72235],[-87.55912,41.72186],[-87.55898,41.7214],[-87.5589,41.72101],[-87.55888,41.72031]]},"properties":{"kind":"rail","name":"Chicago Rail Link"}},{"type":"Feature","geometry":{"type":"LineString","coordinates":[[-87.61605,41.64062],[-87.61573,41.6406],[-87.61531,41.64058],[-87.61502,41.64055],[-87.61478,41.64053],[-87.61445,41.64046],[-87.61409,41.64034],[-87.61375,41.64019],[-87.61342,41.63998],[-87.61313,41.63973],[-87.61289,41.63946],[-87.61272,41.63923],[-87.6126,41.63896],[-87.61252,41.63866],[-87.61233,41.63822]]},"properties":{"kind":"rail","name":"Indiana Harbor Belt"}},{"type":"Feature","geometry":{"type":"LineString","coordinates":[[-87.86896,41.89197],[-87.86896,41.89179],[-87.86896,41.89178],[-87.86896,41.89168],[-87.86896,41.89167],[-87.86895,41.89149],[-87.86895,41.89149],[-87.86894,41.89131],[-87.86886,41.8884]]},"properties":{"kind":"rail","name":"Indiana Harbor Belt"}},{"type":"Feature","geometry":{"type":"LineString","coordinates":[[-87.71428,41.82395],[-87.71426,41.82313]]},"properties":{"kind":"rail","name":"BNSF Railway"}},{"type":"Feature","geometry":{"type":"LineString","coordinates":[[-87.55585,41.72356],[-87.5554,41.72357],[-87.55493,41.72355],[-87.55434,41.72351],[-87.55398,41.72351],[-87.5536,41.72351],[-87.55293,41.72352],[-87.55268,41.72352],[-87.55246,41.72354],[-87.55196,41.72361],[-87.5517,41.72364],[-87.55132,41.72363],[-87.55091,41.72364]]},"properties":{"kind":"rail","name":"Chicago Rail Link"}},{"type":"Feature","geometry":{"type":"LineString","coordinates":[[-87.55881,41.71475],[-87.55875,41.71337],[-87.55871,41.7097],[-87.55873,41.70826]]},"properties":{"kind":"rail","name":"Chicago Rail Link"}},{"type":"Feature","geometry":{"type":"LineString","coordinates":[[-87.63863,41.87862],[-87.63896,41.87677],[-87.63897,41.87584]]},"properties":{"kind":"rail","name":"Amtrak"}},{"type":"Feature","geometry":{"type":"LineString","coordinates":[[-87.63734,41.86732],[-87.63741,41.86779],[-87.6376,41.86908],[-87.63792,41.87085],[-87.63802,41.87148],[-87.63811,41.87204],[-87.63813,41.87215],[-87.63821,41.87274],[-87.63848,41.87407],[-87.63851,41.87423],[-87.63855,41.87443],[-87.63892,41.87552],[-87.63896,41.87566],[-87.63897,41.87584]]},"properties":{"kind":"rail","name":"Amtrak"}},{"type":"Feature","geometry":{"type":"LineString","coordinates":[[-87.68633,41.65007],[-87.68595,41.6495],[-87.6856,41.64896],[-87.68543,41.64869],[-87.68533,41.64851],[-87.68526,41.6484],[-87.68526,41.6484],[-87.6852,41.6483],[-87.6852,41.6483],[-87.68509,41.64806],[-87.68502,41.6479],[-87.68494,41.64769]]},"properties":{"kind":"rail","name":"CSX"}},{"type":"Feature","geometry":{"type":"LineString","coordinates":[[-87.54773,41.72277],[-87.54687,41.72216],[-87.54674,41.72207]]},"properties":{"kind":"rail","name":"Belt Railway of Chicago"}},{"type":"Feature","geometry":{"type":"LineString","coordinates":[[-87.83929,41.79314],[-87.83878,41.79273],[-87.83661,41.79089]]},"properties":{"kind":"rail","name":"Indiana Harbor Belt"}},{"type":"Feature","geometry":{"type":"LineString","coordinates":[[-87.62312,41.88402],[-87.62309,41.8832],[-87.62305,41.87994],[-87.62291,41.87691]]},"properties":{"kind":"rail","name":"Metra"}},{"type":"Feature","geometry":{"type":"LineString","coordinates":[[-87.62291,41.87691],[-87.62284,41.8753],[-87.62273,41.8744]]},"properties":{"kind":"rail","name":"Metra"}},{"type":"Feature","geometry":{"type":"LineString","coordinates":[[-87.85166,41.8898],[-87.84422,41.88901],[-87.8416,41.88872],[-87.83923,41.88842],[-87.83848,41.88834]]},"properties":{"kind":"rail","name":"Union Pacific"}},{"type":"Feature","geometry":{"type":"LineString","coordinates":[[-87.70114,41.88829],[-87.69696,41.88831]]},"properties":{"kind":"rail","name":"Union Pacific"}},{"type":"Feature","geometry":{"type":"LineString","coordinates":[[-87.83848,41.88834],[-87.83799,41.88829],[-87.83621,41.88805],[-87.83437,41.88785],[-87.83334,41.88774],[-87.83292,41.88771],[-87.83061,41.88744]]},"properties":{"kind":"rail","name":"Union Pacific"}},{"type":"Feature","geometry":{"type":"LineString","coordinates":[[-87.79354,41.83334],[-87.79285,41.8335],[-87.78847,41.83448],[-87.78429,41.83542]]},"properties":{"kind":"rail","name":"BNSF Railway"}},{"type":"Feature","geometry":{"type":"LineString","coordinates":[[-87.80193,41.83145],[-87.79762,41.83242],[-87.79403,41.83323],[-87.79354,41.83334]]},"properties":{"kind":"rail","name":"BNSF Railway"}},{"type":"Feature","geometry":{"type":"LineString","coordinates":[[-87.82019,41.82735],[-87.81412,41.82871],[-87.80588,41.83057],[-87.80294,41.83123],[-87.80193,41.83145]]},"properties":{"kind":"rail","name":"BNSF Railway"}},{"type":"Feature","geometry":{"type":"LineString","coordinates":[[-87.83314,41.82444],[-87.83183,41.82473],[-87.82874,41.82543],[-87.82634,41.82597],[-87.82579,41.82609],[-87.82019,41.82735]]},"properties":{"kind":"rail","name":"BNSF Railway"}},{"type":"Feature","geometry":{"type":"LineString","coordinates":[[-87.84991,41.82067],[-87.8493,41.82081],[-87.84397,41.822],[-87.84323,41.82217]]},"properties":{"kind":"rail","name":"BNSF Railway"}},{"type":"Feature","geometry":{"type":"LineString","coordinates":[[-87.92057,41.89738],[-87.91953,41.89718],[-87.9192,41.89711],[-87.91839,41.89691],[-87.91784,41.89675],[-87.91747,41.89665],[-87.91614,41.89629]]},"properties":{"kind":"rail","name":"Union Pacific"}},{"type":"Feature","geometry":{"type":"LineString","coordinates":[[-87.50096,41.63027],[-87.50087,41.63027],[-87.50078,41.63028],[-87.50041,41.63028],[-87.49967,41.63029]]},"properties":{"kind":"rail","name":"CSX"}},{"type":"Feature","geometry":{"type":"LineString","coordinates":[[-87.51549,41.631],[-87.51607,41.63101],[-87.51724,41.63107],[-87.51799,41.6312],[-87.51847,41.63129],[-87.51883,41.63138],[-87.51988,41.63173],[-87.52034,41.63187],[-87.521,41.63198],[-87.52155,41.63203],[-87.52206,41.63205],[-87.52247,41.63206],[-87.52391,41.6321],[-87.52426,41.63218],[-87.52454,41.63228],[-87.52465,41.63234],[-87.52471,41.63236],[-87.52492,41.6325],[-87.52508,41.63261],[-87.52509,41.63262]]},"properties":{"kind":"rail","name":"South Shore Line"}},{"type":"Feature","geometry":{"type":"LineString","coordinates":[[-87.59538,41.75723],[-87.59449,41.75659],[-87.59353,41.75589],[-87.59284,41.75534],[-87.59088,41.75393],[-87.59076,41.75384],[-87.58744,41.75145],[-87.58599,41.7504],[-87.58585,41.75031],[-87.58567,41.75017],[-87.58531,41.74992],[-87.58454,41.74936],[-87.58426,41.74916]]},"properties":{"kind":"rail","name":"Norfolk Southern"}},{"type":"Feature","geometry":{"type":"LineString","coordinates":[[-87.58426,41.74916],[-87.58289,41.74818],[-87.58095,41.74678],[-87.57732,41.74417],[-87.57585,41.74311],[-87.57269,41.74084],[-87.57021,41.73905],[-87.56754,41.73713],[-87.56369,41.73436],[-87.56078,41.73227],[-87.55755,41.72994],[-87.55517,41.72823],[-87.55509,41.72817],[-87.55374,41.72718],[-87.5534,41.72691],[-87.55234,41.72608],[-87.55115,41.72522],[-87.55107,41.72516],[-87.55028,41.72461],[-87.54965,41.72423],[-87.54927,41.724],[-87.54916,41.72393],[-87.54869,41.72361],[-87.54862,41.72357]]},"properties":{"kind":"rail","name":"Norfolk Southern"}},{"type":"Feature","geometry":{"type":"LineString","coordinates":[[-87.54862,41.72357],[-87.54859,41.72354],[-87.54853,41.7235],[-87.54775,41.72293],[-87.54748,41.72274],[-87.5467,41.72218],[-87.54607,41.72173]]},"properties":{"kind":"rail","name":"Norfolk Southern"}},{"type":"Feature","geometry":{"type":"LineString","coordinates":[[-87.40992,41.63054],[-87.41028,41.63068],[-87.41092,41.63093],[-87.41179,41.63129],[-87.41309,41.63185],[-87.41309,41.63185],[-87.41323,41.63191],[-87.4149,41.63267],[-87.41498,41.6327],[-87.41649,41.63343],[-87.41654,41.63345],[-87.41789,41.63415],[-87.41817,41.6343],[-87.419,41.63475],[-87.41977,41.63519],[-87.4202,41.63544],[-87.42185,41.63647],[-87.42195,41.63654],[-87.42324,41.63741]]},"properties":{"kind":"rail","name":"Norfolk Southern"}},{"type":"Feature","geometry":{"type":"LineString","coordinates":[[-87.58538,41.65805],[-87.5805,41.65802],[-87.57322,41.65804],[-87.57158,41.65805],[-87.56847,41.6581],[-87.56734,41.65813],[-87.5621,41.65829],[-87.56135,41.65831],[-87.5607,41.65829],[-87.56003,41.6582],[-87.55979,41.65815],[-87.55977,41.65815],[-87.55975,41.65814],[-87.55954,41.65809],[-87.55902,41.65794],[-87.55849,41.65773],[-87.55797,41.65745],[-87.55751,41.65716],[-87.55512,41.65528],[-87.55495,41.65513],[-87.55108,41.65204],[-87.54781,41.64947],[-87.54597,41.64807],[-87.54361,41.64624]]},"properties":{"kind":"rail","name":"South Shore Line"}},{"type":"Feature","geometry":{"type":"LineString","coordinates":[[-87.68588,41.64778],[-87.68525,41.64557],[-87.68388,41.64078],[-87.68341,41.63918],[-87.68319,41.63847],[-87.68306,41.63814],[-87.68298,41.63794],[-87.68288,41.63774],[-87.68284,41.63766],[-87.68257,41.63721],[-87.68242,41.63696],[-87.68216,41.63662],[-87.68184,41.6362],[-87.68155,41.63588],[-87.68151,41.63585],[-87.68111,41.63547],[-87.68095,41.63533],[-87.68031,41.6348],[-87.67996,41.6345]]},"properties":{"kind":"rail","name":"CSX"}},{"type":"Feature","geometry":{"type":"LineString","coordinates":[[-87.60186,41.72911],[-87.60144,41.731],[-87.60113,41.73236],[-87.60063,41.73458],[-87.60058,41.73479],[-87.60053,41.73503],[-87.60038,41.73567],[-87.60014,41.73672],[-87.59967,41.73877],[-87.59877,41.74275],[-87.59847,41.74403],[-87.59808,41.7457]]},"properties":{"kind":"rail","name":"Canadian National"}},{"type":"Feature","geometry":{"type":"LineString","coordinates":[[-87.41166,41.6298],[-87.41144,41.62979],[-87.41044,41.62975],[-87.41036,41.62974],[-87.40959,41.62967],[-87.40935,41.62965],[-87.40871,41.62954],[-87.40853,41.62951],[-87.40796,41.62938],[-87.40766,41.62929],[-87.40718,41.62915],[-87.40716,41.62914],[-87.40693,41.62908],[-87.40667,41.62899]]},"properties":{"kind":"rail","name":"CSX"}},{"type":"Feature","geometry":{"type":"LineString","coordinates":[[-87.45496,41.61059],[-87.46124,41.61065],[-87.46146,41.61065],[-87.46177,41.61065],[-87.46182,41.61065],[-87.46196,41.61065],[-87.47353,41.61072],[-87.4752,41.61073],[-87.476,41.61075],[-87.47691,41.61088],[-87.47754,41.61104],[-87.47824,41.61128],[-87.47984,41.61205]]},"properties":{"kind":"rail","name":"South Shore Line"}},{"type":"Feature","geometry":{"type":"LineString","coordinates":[[-87.42301,41.60924],[-87.41646,41.6082],[-87.40471,41.60633],[-87.4016,41.60588],[-87.39988,41.60568],[-87.39764,41.60552],[-87.3943,41.60547]]},"properties":{"kind":"rail","name":"South Shore Line"}},{"type":"Feature","geometry":{"type":"LineString","coordinates":[[-87.44521,41.65517],[-87.44487,41.65494],[-87.44482,41.6549],[-87.44458,41.65473]]},"properties":{"kind":"rail","name":"Norfolk Southern"}},{"type":"Feature","geometry":{"type":"LineString","coordinates":[[-87.9144,41.71282],[-87.91304,41.71353],[-87.91074,41.71471],[-87.9099,41.71511],[-87.90956,41.71525],[-87.90877,41.71556],[-87.90823,41.71574],[-87.90724,41.71606],[-87.90521,41.71672],[-87.9012,41.71799],[-87.89412,41.72031],[-87.8936,41.72048],[-87.89356,41.72049],[-87.89267,41.72083],[-87.8925,41.7209],[-87.89221,41.72104],[-87.89167,41.72132],[-87.8916,41.72136],[-87.8907,41.72195],[-87.89065,41.722],[-87.89009,41.72247],[-87.88978,41.72273],[-87.88959,41.72291],[-87.88833,41.72409],[-87.88515,41.72706],[-87.88392,41.72822],[-87.87869,41.7331],[-87.87857,41.73323],[-87.87835,41.73342]]},"properties":{"kind":"rail","name":"Canadian National"}},{"type":"Feature","geometry":{"type":"LineString","coordinates":[[-87.73859,41.6044],[-87.73665,41.60601],[-87.73485,41.60751],[-87.73424,41.60801],[-87.73034,41.61124],[-87.72858,41.61269],[-87.72686,41.61411],[-87.72604,41.6148],[-87.72495,41.6157],[-87.72221,41.61797],[-87.7221,41.61806],[-87.71758,41.6218],[-87.716,41.62311],[-87.71291,41.62567],[-87.71213,41.62631]]},"properties":{"kind":"rail","name":"Metra"}},{"type":"Feature","geometry":{"type":"LineString","coordinates":[[-87.78311,41.57588],[-87.78077,41.5769],[-87.77826,41.57798],[-87.77476,41.57949],[-87.77166,41.58083],[-87.76501,41.5837],[-87.7646,41.58389],[-87.76432,41.58401],[-87.76361,41.58435],[-87.76314,41.58459],[-87.76293,41.5847],[-87.76237,41.58503],[-87.76227,41.58508],[-87.76164,41.58547],[-87.76143,41.58561],[-87.76108,41.58584],[-87.76062,41.58618],[-87.76053,41.58624],[-87.75995,41.5867],[-87.75974,41.58687],[-87.75866,41.58777],[-87.75797,41.58834],[-87.75557,41.59032],[-87.75238,41.59296],[-87.74906,41.59572],[-87.74603,41.59824],[-87.74403,41.5999],[-87.7412,41.60224],[-87.74001,41.60323],[-87.73859,41.6044]]},"properties":{"kind":"rail","name":"Metra"}},{"type":"Feature","geometry":{"type":"LineString","coordinates":[[-87.71213,41.62631],[-87.70992,41.62814],[-87.70441,41.6327],[-87.70415,41.63292],[-87.70384,41.63317],[-87.70374,41.63325],[-87.69877,41.63737],[-87.69842,41.63766],[-87.69833,41.63774]]},"properties":{"kind":"rail","name":"Metra"}},{"type":"Feature","geometry":{"type":"LineString","coordinates":[[-87.64308,41.61311],[-87.64245,41.61268],[-87.64231,41.61259],[-87.64225,41.61254],[-87.64215,41.61248],[-87.64175,41.61221],[-87.64168,41.61216],[-87.64166,41.61215],[-87.64157,41.61209],[-87.64157,41.61208],[-87.64127,41.61188],[-87.64113,41.61179],[-87.63889,41.61028]]},"properties":{"kind":"rail","name":"CSX"}},{"type":"Feature","geometry":{"type":"LineString","coordinates":[[-87.63889,41.61028],[-87.63653,41.60868],[-87.63617,41.60843],[-87.63575,41.60815],[-87.63347,41.60661]]},"properties":{"kind":"rail","name":"CSX"}},{"type":"Feature","geometry":{"type":"LineString","coordinates":[[-87.60353,41.6409],[-87.59782,41.64093],[-87.58824,41.64095],[-87.58766,41.64092],[-87.58707,41.64081],[-87.5864,41.64064],[-87.57851,41.63753],[-87.57635,41.63666],[-87.57579,41.63649],[-87.57521,41.63637],[-87.57467,41.6363],[-87.57422,41.63628],[-87.56987,41.63631],[-87.56867,41.63633],[-87.56288,41.63636],[-87.56241,41.63634],[-87.56187,41.6363],[-87.56133,41.63622],[-87.56087,41.63613],[-87.5604,41.63599],[-87.55925,41.63558],[-87.55054,41.63226],[-87.55045,41.63222]]},"properties":{"kind":"rail","name":"CSX"}},{"type":"Feature","geometry":{"type":"LineString","coordinates":[[-87.55045,41.63222],[-87.54993,41.63206],[-87.54961,41.63198],[-87.54891,41.63191]]},"properties":{"kind":"rail","name":"CSX"}},{"type":"Feature","geometry":{"type":"LineString","coordinates":[[-87.65037,41.61779],[-87.65111,41.61832],[-87.6517,41.61877],[-87.6518,41.61884],[-87.65206,41.61901],[-87.65257,41.61931],[-87.65529,41.62081],[-87.65599,41.62124],[-87.65635,41.62151],[-87.65671,41.62185],[-87.65694,41.62217],[-87.65726,41.62265],[-87.65759,41.62316],[-87.65787,41.62354],[-87.65823,41.62391],[-87.65858,41.62419],[-87.65881,41.62435],[-87.65909,41.62452],[-87.66086,41.62548],[-87.66225,41.62624],[-87.66281,41.62655]]},"properties":{"kind":"rail","name":"CSX"}},{"type":"Feature","geometry":{"type":"LineString","coordinates":[[-87.64159,41.61205],[-87.64157,41.61208],[-87.64155,41.61211],[-87.64126,41.61265],[-87.6408,41.61353],[-87.63925,41.61623]]},"properties":{"kind":"rail","name":"Canadian National"}},{"type":"Feature","geometry":{"type":"LineString","coordinates":[[-87.64178,41.61165],[-87.64173,41.61175],[-87.6417,41.61181],[-87.6417,41.61183],[-87.64159,41.61204],[-87.64159,41.61205]]},"properties":{"kind":"rail","name":"Canadian National"}},{"type":"Feature","geometry":{"type":"LineString","coordinates":[[-87.74356,41.88776],[-87.74355,41.88776],[-87.74308,41.88776],[-87.74061,41.88773],[-87.74054,41.88773]]},"properties":{"kind":"rail","name":"Union Pacific"}},{"type":"Feature","geometry":{"type":"LineString","coordinates":[[-87.76243,41.81048],[-87.75303,41.81344],[-87.74828,41.81494],[-87.74516,41.81592],[-87.74349,41.81645],[-87.74332,41.8165],[-87.73863,41.81798],[-87.73858,41.818]]},"properties":{"kind":"rail","name":"Canadian National"}},{"type":"Feature","geometry":{"type":"LineString","coordinates":[[-87.80144,41.79816],[-87.80072,41.79839],[-87.7997,41.79876],[-87.79723,41.79954],[-87.79641,41.7998],[-87.79158,41.80133],[-87.7802,41.80492],[-87.77034,41.80803]]},"properties":{"kind":"rail","name":"Canadian National"}},{"type":"Feature","geometry":{"type":"LineString","coordinates":[[-87.82511,41.7804],[-87.82388,41.78174],[-87.82386,41.78177],[-87.82383,41.7818]]},"properties":{"kind":"rail","name":"Canadian National"}},{"type":"Feature","geometry":{"type":"LineString","coordinates":[[-87.9544,41.7971],[-87.94668,41.79884],[-87.94655,41.79887],[-87.9454,41.79913]]},"properties":{"kind":"rail","name":"BNSF Railway"}},{"type":"Feature","geometry":{"type":"LineString","coordinates":[[-87.9765,41.79562],[-87.97533,41.79563],[-87.97472,41.79563],[-87.97052,41.79563],[-87.96872,41.79564],[-87.9675,41.79564],[-87.96564,41.79564],[-87.96421,41.79565],[-87.96329,41.79567],[-87.96246,41.79569],[-87.96219,41.7957],[-87.96184,41.79573],[-87.9607,41.79584],[-87.96025,41.7959],[-87.95944,41.79601],[-87.95871,41.79615],[-87.95831,41.79623],[-87.95787,41.79632],[-87.95687,41.79654],[-87.95467,41.79704],[-87.9544,41.7971]]},"properties":{"kind":"rail","name":"BNSF Railway"}},{"type":"Feature","geometry":{"type":"LineString","coordinates":[[-87.99393,41.79559],[-87.98521,41.79561],[-87.9765,41.79562]]},"properties":{"kind":"rail","name":"BNSF Railway"}},{"type":"Feature","geometry":{"type":"LineString","coordinates":[[-88.00987,41.79556],[-88.00687,41.79556],[-87.9984,41.79558],[-87.99469,41.79559],[-87.99393,41.79559]]},"properties":{"kind":"rail","name":"BNSF Railway"}},{"type":"Feature","geometry":{"type":"LineString","coordinates":[[-87.91437,41.7202],[-87.90994,41.72073],[-87.90918,41.72086],[-87.908,41.72112],[-87.90658,41.72154],[-87.90542,41.72199],[-87.90507,41.72217],[-87.90425,41.72257],[-87.90304,41.72328],[-87.90149,41.72426],[-87.90012,41.72513],[-87.89505,41.72834],[-87.88914,41.73209],[-87.88853,41.73252],[-87.88773,41.73309],[-87.88677,41.73376],[-87.88612,41.73422],[-87.88464,41.73527],[-87.88249,41.73679]]},"properties":{"kind":"rail","name":"BNSF Railway"}},{"type":"Feature","geometry":{"type":"LineString","coordinates":[[-87.95364,41.68933],[-87.94935,41.69098],[-87.94808,41.69155],[-87.94682,41.69222],[-87.94572,41.69289],[-87.94475,41.69356],[-87.94354,41.69454],[-87.93656,41.70063],[-87.93573,41.70131],[-87.93499,41.70189],[-87.93421,41.70243],[-87.93323,41.70304],[-87.93231,41.70355],[-87.92443,41.70763],[-87.92239,41.70868],[-87.92033,41.70973],[-87.9144,41.71282]]},"properties":{"kind":"rail","name":"Canadian National"}},{"type":"Feature","geometry":{"type":"LineString","coordinates":[[-87.99058,41.6771],[-87.98602,41.67837],[-87.97973,41.68013],[-87.97938,41.68024],[-87.97875,41.68043],[-87.97416,41.682],[-87.97169,41.68285],[-87.96943,41.68363],[-87.9683,41.68402],[-87.96262,41.68598],[-87.95983,41.68695],[-87.9585,41.68746],[-87.95756,41.68782]]},"properties":{"kind":"rail","name":"Canadian National"}},{"type":"Feature","geometry":{"type":"LineString","coordinates":[[-87.69062,41.89002],[-87.68826,41.88908]]},"properties":{"kind":"rail","name":"Metra"}},{"type":"Feature","geometry":{"type":"LineString","coordinates":[[-87.61231,41.62232],[-87.61224,41.60758]]},"properties":{"kind":"rail","name":"Union Pacific"}},{"type":"Feature","geometry":{"type":"LineString","coordinates":[[-87.63679,41.809],[-87.63631,41.8107],[-87.63616,41.81146],[-87.63611,41.81214],[-87.6362,41.81572],[-87.63611,41.81712]]},"properties":{"kind":"rail","name":"Metra"}},{"type":"Feature","geometry":{"type":"LineString","coordinates":[[-87.67015,41.88873],[-87.66951,41.88874],[-87.66708,41.88873],[-87.66372,41.88877],[-87.66302,41.88881]]},"properties":{"kind":"rail","name":"Union Pacific"}},{"type":"Feature","geometry":{"type":"LineString","coordinates":[[-87.65221,41.88846],[-87.6563,41.88844],[-87.65669,41.88844],[-87.65783,41.88847],[-87.65859,41.88849],[-87.65945,41.88854],[-87.66035,41.88859],[-87.66149,41.88865],[-87.66161,41.88866],[-87.66313,41.88864],[-87.66707,41.8886],[-87.66739,41.8886],[-87.6693,41.88861],[-87.66951,41.88861],[-87.67015,41.8886],[-87.67025,41.8886],[-87.67392,41.88854],[-87.67684,41.88849],[-87.68173,41.88842],[-87.68448,41.88837],[-87.68468,41.88838],[-87.68473,41.88838],[-87.68491,41.88839],[-87.68535,41.88843],[-87.68572,41.88847],[-87.68584,41.88848],[-87.68642,41.88853],[-87.68668,41.88856],[-87.68684,41.88858],[-87.68696,41.88861]]},"properties":{"kind":"rail","name":"Metra"}},{"type":"Feature","geometry":{"type":"LineString","coordinates":[[-87.6418,41.8895],[-87.64189,41.88956],[-87.64213,41.88971],[-87.64237,41.88981],[-87.6429,41.89],[-87.64291,41.89],[-87.64342,41.89012],[-87.64433,41.89041],[-87.64479,41.89063],[-87.64521,41.89093],[-87.64549,41.89117],[-87.64583,41.89151],[-87.64657,41.89224],[-87.64674,41.8924],[-87.64685,41.89251],[-87.64748,41.89317],[-87.65151,41.89722],[-87.65212,41.89764],[-87.65277,41.89799],[-87.65336,41.89822],[-87.65522,41.89864]]},"properties":{"kind":"rail","name":"Union Pacific"}},{"type":"Feature","geometry":{"type":"LineString","coordinates":[[-87.59247,41.76904],[-87.59248,41.76922],[-87.59253,41.76969],[-87.59259,41.77026],[-87.5926,41.77041],[-87.59265,41.7709],[-87.5926,41.77134]]},"properties":{"kind":"rail","name":"Metra"}},{"type":"Feature","geometry":{"type":"LineString","coordinates":[[-87.59547,41.75766],[-87.59541,41.75795],[-87.59524,41.7587],[-87.59444,41.76234],[-87.59442,41.76242],[-87.59419,41.7634],[-87.59409,41.76384],[-87.59402,41.76414],[-87.59359,41.76602],[-87.59319,41.76777],[-87.5931,41.76815],[-87.59289,41.76903],[-87.59259,41.77026],[-87.59259,41.77026],[-87.59255,41.7704],[-87.59253,41.77048],[-87.59209,41.77227],[-87.59187,41.77325]]},"properties":{"kind":"rail","name":"Canadian National"}},{"type":"Feature","geometry":{"type":"LineString","coordinates":[[-87.6283,41.7795],[-87.62824,41.77979],[-87.62823,41.77979],[-87.6282,41.77993],[-87.62817,41.78042],[-87.62816,41.78117],[-87.62824,41.78316],[-87.62832,41.78549]]},"properties":{"kind":"rail","name":"Metra"}},{"type":"Feature","geometry":{"type":"LineString","coordinates":[[-87.63384,41.73758],[-87.63384,41.73752],[-87.63383,41.73748],[-87.63379,41.736],[-87.63378,41.73522],[-87.63371,41.73479],[-87.63362,41.73441],[-87.63343,41.73388],[-87.63317,41.73337],[-87.63283,41.73288],[-87.63262,41.73263],[-87.63226,41.73225],[-87.63197,41.73198],[-87.63169,41.73178],[-87.63131,41.73152],[-87.63095,41.73129],[-87.63027,41.73097],[-87.62959,41.73072],[-87.62877,41.73049],[-87.62816,41.73039],[-87.62748,41.7303],[-87.6261,41.73025],[-87.62564,41.73024],[-87.62479,41.73023],[-87.62462,41.73023],[-87.62404,41.73021],[-87.62333,41.73017],[-87.62261,41.73011],[-87.62125,41.72993],[-87.62046,41.7298],[-87.6192,41.72955],[-87.61786,41.7292],[-87.61659,41.72882],[-87.61571,41.7285],[-87.6143,41.72791],[-87.60954,41.72557],[-87.60914,41.72537],[-87.60684,41.72421],[-87.60611,41.72389],[-87.60538,41.72363],[-87.60451,41.7234],[-87.60421,41.72333],[-87.60361,41.72321],[-87.60352,41.72319],[-87.60339,41.72318],[-87.60333,41.72317],[-87.60323,41.72316],[-87.60243,41.72307],[-87.60123,41.72304],[-87.59577,41.7231],[-87.59305,41.72316],[-87.59126,41.72319],[-87.59072,41.72319]]},"properties":{"kind":"rail","name":"Norfolk Southern"}},{"type":"Feature","geometry":{"type":"LineString","coordinates":[[-87.61834,41.65766],[-87.61884,41.6558],[-87.61918,41.65468],[-87.61958,41.65351],[-87.62017,41.65215],[-87.62055,41.65139],[-87.62083,41.65085],[-87.62113,41.65032],[-87.62199,41.64884],[-87.62207,41.64869],[-87.62208,41.64868],[-87.6221,41.64865],[-87.62222,41.64843],[-87.62308,41.64674],[-87.62417,41.64459],[-87.6249,41.64329],[-87.62611,41.64101],[-87.62631,41.64065],[-87.62631,41.64063],[-87.62635,41.64056],[-87.62636,41.64054],[-87.62656,41.64016],[-87.62717,41.63876]]},"properties":{"kind":"rail","name":"Canadian National"}},{"type":"Feature","geometry":{"type":"LineString","coordinates":[[-87.61215,41.64085],[-87.61172,41.64084],[-87.61016,41.64082],[-87.60913,41.64084],[-87.60792,41.64086]]},"properties":{"kind":"rail","name":"CSX"}},{"type":"Feature","geometry":{"type":"LineString","coordinates":[[-87.61232,41.63894],[-87.61231,41.63973],[-87.61231,41.63977],[-87.6123,41.64045],[-87.6123,41.64055],[-87.6123,41.64063],[-87.6123,41.64069],[-87.6123,41.64069],[-87.6123,41.64087],[-87.6123,41.64087],[-87.6123,41.641],[-87.61229,41.64211],[-87.61229,41.64263]]},"properties":{"kind":"rail","name":"Union Pacific"}},{"type":"Feature","geometry":{"type":"LineString","coordinates":[[-87.61636,41.8513],[-87.61555,41.8492],[-87.61518,41.84843],[-87.61387,41.84529],[-87.61357,41.84458],[-87.61321,41.84374]]},"properties":{"kind":"rail","name":"Metra"}},{"type":"Feature","geometry":{"type":"LineString","coordinates":[[-87.82383,41.7818],[-87.82383,41.7818],[-87.82367,41.78198],[-87.82261,41.78313]]},"properties":{"kind":"rail","name":"Canadian National"}},{"type":"Feature","geometry":{"type":"LineString","coordinates":[[-87.78172,41.836],[-87.78165,41.83601],[-87.78096,41.83617],[-87.78072,41.83623]]},"properties":{"kind":"rail","name":"BNSF Railway"}},{"type":"Feature","geometry":{"type":"LineString","coordinates":[[-87.78168,41.83596],[-87.78122,41.83582],[-87.78106,41.83578],[-87.78039,41.8356],[-87.78036,41.83559],[-87.77942,41.83537],[-87.77903,41.83528],[-87.77817,41.83509]]},"properties":{"kind":"rail","name":"Canadian National"}},{"type":"Feature","geometry":{"type":"LineString","coordinates":[[-87.64612,41.84798],[-87.64702,41.84757],[-87.64825,41.84696],[-87.64922,41.84647],[-87.65017,41.84605],[-87.65133,41.84567],[-87.65302,41.84522],[-87.6539,41.84491],[-87.65528,41.84427],[-87.65846,41.84273],[-87.65973,41.84211],[-87.6599,41.84202],[-87.66171,41.84115],[-87.66183,41.84109],[-87.66228,41.84087],[-87.6624,41.84082],[-87.6625,41.84078]]},"properties":{"kind":"rail","name":"Canadian National"}},{"type":"Feature","geometry":{"type":"LineString","coordinates":[[-87.739,41.84556],[-87.73822,41.84574],[-87.73812,41.84576],[-87.73747,41.84589]]},"properties":{"kind":"rail","name":"BNSF Railway"}},{"type":"Feature","geometry":{"type":"LineString","coordinates":[[-87.73965,41.84542],[-87.73965,41.84542],[-87.73964,41.84542],[-87.73951,41.84545],[-87.73922,41.84551],[-87.7392,41.84552],[-87.73916,41.84553],[-87.739,41.84556]]},"properties":{"kind":"rail","name":"BNSF Railway"}},{"type":"Feature","geometry":{"type":"LineString","coordinates":[[-87.71433,41.83332],[-87.714,41.83332]]},"properties":{"kind":"rail","name":"Canadian National"}},{"type":"Feature","geometry":{"type":"LineString","coordinates":[[-87.72604,41.82195],[-87.72462,41.8224],[-87.72414,41.82255],[-87.72405,41.82258],[-87.72396,41.82261],[-87.72083,41.82359],[-87.71508,41.82539],[-87.71501,41.82541],[-87.715,41.82541],[-87.71499,41.82541],[-87.71457,41.82553],[-87.71444,41.82557]]},"properties":{"kind":"rail","name":"Canadian National"}},{"type":"Feature","geometry":{"type":"LineString","coordinates":[[-87.73858,41.818],[-87.73853,41.81801],[-87.73852,41.81802],[-87.7385,41.81802],[-87.73738,41.81838],[-87.73637,41.81869]]},"properties":{"kind":"rail","name":"Canadian National"}},{"type":"Feature","geometry":{"type":"LineString","coordinates":[[-87.71364,41.80121],[-87.71372,41.80383],[-87.71373,41.80393],[-87.71373,41.80409],[-87.71374,41.80425],[-87.71382,41.80609]]},"properties":{"kind":"rail","name":"CSX"}},{"type":"Feature","geometry":{"type":"LineString","coordinates":[[-87.68791,41.85158],[-87.68791,41.85194],[-87.68796,41.85343],[-87.68802,41.85432],[-87.68802,41.85437],[-87.68804,41.85455],[-87.68804,41.85476],[-87.68804,41.85483],[-87.68804,41.85487],[-87.68809,41.85588],[-87.68809,41.85591],[-87.68811,41.85664],[-87.68812,41.85683],[-87.68812,41.85692],[-87.68813,41.857],[-87.68815,41.85782],[-87.68818,41.85863],[-87.68815,41.8589]]},"properties":{"kind":"rail","name":"CSX"}},{"type":"Feature","geometry":{"type":"LineString","coordinates":[[-87.68561,41.85746],[-87.68626,41.85726],[-87.68657,41.85718],[-87.687,41.85708],[-87.68799,41.85686],[-87.68812,41.85683],[-87.68931,41.85657],[-87.68993,41.85643]]},"properties":{"kind":"rail","name":"BNSF Railway"}},{"type":"Feature","geometry":{"type":"LineString","coordinates":[[-87.61222,41.60172],[-87.6122,41.59864],[-87.6122,41.59736],[-87.6122,41.5972]]},"properties":{"kind":"rail","name":"Union Pacific"}},{"type":"Feature","geometry":{"type":"LineString","coordinates":[[-87.67743,41.6548],[-87.67667,41.65552],[-87.676,41.65615]]},"properties":{"kind":"rail","name":"Metra"}},{"type":"Feature","geometry":{"type":"LineString","coordinates":[[-87.67996,41.6345],[-87.67987,41.63443],[-87.67923,41.63389],[-87.67912,41.6338],[-87.67849,41.63334],[-87.67801,41.63304],[-87.67766,41.63283],[-87.67735,41.63266],[-87.67237,41.62992],[-87.67216,41.6298],[-87.66573,41.62625],[-87.66556,41.62616],[-87.66145,41.6239],[-87.66088,41.62358],[-87.65917,41.62264],[-87.65599,41.62089],[-87.65429,41.61995],[-87.65037,41.61779]]},"properties":{"kind":"rail","name":"CSX"}},{"type":"Feature","geometry":{"type":"LineString","coordinates":[[-87.63925,41.61623],[-87.63915,41.61642],[-87.63857,41.6175],[-87.63744,41.61962],[-87.63591,41.62247],[-87.63582,41.62264],[-87.63418,41.6257],[-87.63388,41.62627],[-87.63333,41.6273],[-87.63319,41.62755],[-87.63197,41.62982],[-87.63106,41.6315],[-87.63098,41.63167],[-87.63069,41.6322],[-87.63003,41.63344],[-87.62898,41.6354],[-87.62837,41.63654],[-87.62808,41.63708],[-87.62717,41.63876]]},"properties":{"kind":"rail","name":"Canadian National"}},{"type":"Feature","geometry":{"type":"LineString","coordinates":[[-87.50806,41.63018],[-87.50765,41.63017],[-87.50374,41.63023],[-87.50115,41.63027],[-87.50096,41.63027]]},"properties":{"kind":"rail","name":"CSX"}},{"type":"Feature","geometry":{"type":"LineString","coordinates":[[-87.61165,41.76892],[-87.6115,41.76881],[-87.61049,41.76808],[-87.60713,41.76567],[-87.60555,41.76454],[-87.60238,41.76226],[-87.59814,41.75921]]},"properties":{"kind":"rail","name":"Norfolk Southern"}},{"type":"Feature","geometry":{"type":"LineString","coordinates":[[-87.62539,41.77836],[-87.62524,41.77828],[-87.62387,41.77757],[-87.62329,41.77725],[-87.62328,41.77724],[-87.62273,41.77688],[-87.62205,41.77639],[-87.6204,41.7752],[-87.6183,41.7737],[-87.617,41.77277],[-87.61553,41.77171],[-87.61305,41.76993],[-87.61165,41.76892]]},"properties":{"kind":"rail","name":"Norfolk Southern"}},{"type":"Feature","geometry":{"type":"LineString","coordinates":[[-87.6441,41.60725],[-87.64399,41.60755],[-87.64366,41.60814],[-87.64268,41.60994],[-87.64218,41.61089],[-87.64197,41.61127],[-87.64182,41.61157],[-87.64178,41.61165]]},"properties":{"kind":"rail","name":"Canadian National"}},{"type":"Feature","geometry":{"type":"LineString","coordinates":[[-87.57652,41.71124],[-87.57482,41.70944],[-87.5736,41.708],[-87.57177,41.706],[-87.56923,41.70326],[-87.5658,41.69944],[-87.56466,41.6978]]},"properties":{"kind":"rail","name":"Norfolk Southern"}},{"type":"Feature","geometry":{"type":"LineString","coordinates":[[-87.56466,41.6978],[-87.56451,41.69747],[-87.56443,41.69722],[-87.56441,41.69699],[-87.56438,41.69621],[-87.56443,41.69517]]},"properties":{"kind":"rail","name":"Norfolk Southern"}},{"type":"Feature","geometry":{"type":"LineString","coordinates":[[-87.56165,41.65962],[-87.5611,41.65919],[-87.55976,41.65815],[-87.55975,41.65814],[-87.55956,41.658],[-87.55928,41.65778],[-87.5591,41.65764],[-87.55827,41.65711]]},"properties":{"kind":"rail","name":"Norfolk Southern"}},{"type":"Feature","geometry":{"type":"LineString","coordinates":[[-87.52636,41.63225],[-87.52599,41.63196]]},"properties":{"kind":"rail","name":"Norfolk Southern"}},{"type":"Feature","geometry":{"type":"LineString","coordinates":[[-87.53274,41.6372],[-87.52704,41.63277]]},"properties":{"kind":"rail","name":"Norfolk Southern"}},{"type":"Feature","geometry":{"type":"LineString","coordinates":[[-87.67502,41.83784],[-87.6746,41.83788],[-87.67147,41.83796],[-87.67056,41.83801],[-87.66969,41.83809],[-87.66882,41.8383],[-87.66787,41.83859],[-87.66681,41.83896],[-87.66591,41.83929],[-87.6649,41.83972]]},"properties":{"kind":"rail","name":"Canadian National"}},{"type":"Feature","geometry":{"type":"LineString","coordinates":[[-87.6649,41.83972],[-87.66611,41.83913],[-87.66654,41.83887],[-87.66684,41.83868],[-87.66809,41.83781],[-87.66845,41.83756],[-87.66885,41.83728],[-87.66926,41.837],[-87.67051,41.83612],[-87.67348,41.83405],[-87.67357,41.83398],[-87.67399,41.8337],[-87.67439,41.83343],[-87.67532,41.83286],[-87.67644,41.83218],[-87.67773,41.83139],[-87.67947,41.83033],[-87.68012,41.82993],[-87.68251,41.82846],[-87.68359,41.82781],[-87.68391,41.82761],[-87.68423,41.82742],[-87.68439,41.82734],[-87.68457,41.82725],[-87.68465,41.82722],[-87.68495,41.82709],[-87.68499,41.82708],[-87.68519,41.827],[-87.68536,41.82694],[-87.68537,41.82693],[-87.68544,41.82691],[-87.68556,41.82687],[-87.68566,41.82684],[-87.68594,41.82677],[-87.68597,41.82676],[-87.68629,41.82672],[-87.68659,41.82668],[-87.68672,41.82667],[-87.68688,41.82665],[-87.68692,41.82665],[-87.68695,41.82665],[-87.68703,41.82664],[-87.68706,41.82664],[-87.68715,41.82663],[-87.68744,41.8266],[-87.68766,41.82659],[-87.6881,41.82657],[-87.68819,41.82657],[-87.68897,41.82655]]},"properties":{"kind":"rail","name":"Canadian National"}},{"type":"Feature","geometry":{"type":"LineString","coordinates":[[-87.64175,41.82174],[-87.64421,41.82171],[-87.64481,41.82169],[-87.64522,41.82176],[-87.64633,41.8221],[-87.64695,41.82223],[-87.64695,41.82223],[-87.64747,41.82225],[-87.65077,41.8222],[-87.65154,41.82219],[-87.65165,41.82219],[-87.65338,41.82218],[-87.65424,41.82224]]},"properties":{"kind":"rail","name":"Norfolk Southern"}},{"type":"Feature","geometry":{"type":"LineString","coordinates":[[-87.71444,41.82557],[-87.71431,41.8256],[-87.7143,41.8256],[-87.7143,41.8256],[-87.71424,41.82562],[-87.71375,41.82574],[-87.71372,41.82574],[-87.71287,41.8259],[-87.71268,41.82593],[-87.7124,41.82597]]},"properties":{"kind":"rail","name":"Canadian National"}},{"type":"Feature","geometry":{"type":"LineString","coordinates":[[-87.68736,41.83059],[-87.68742,41.83284],[-87.68742,41.83318],[-87.68742,41.83374],[-87.68743,41.8342],[-87.68743,41.83447],[-87.68744,41.83476],[-87.68745,41.83491],[-87.68748,41.83579],[-87.68748,41.83583],[-87.68748,41.83585],[-87.68748,41.83589],[-87.68749,41.83609],[-87.6875,41.8365],[-87.68761,41.84011],[-87.68761,41.84013],[-87.68761,41.8403],[-87.6876,41.84069],[-87.68759,41.84108],[-87.68746,41.84336],[-87.68746,41.84349],[-87.68746,41.84362],[-87.68746,41.84386],[-87.68746,41.84393],[-87.68751,41.84438],[-87.68754,41.84451],[-87.68759,41.84477],[-87.6876,41.84482],[-87.68771,41.84541],[-87.68771,41.84543],[-87.68776,41.84592],[-87.68778,41.84608],[-87.68779,41.84654],[-87.68779,41.84663],[-87.68781,41.84738],[-87.68783,41.84852],[-87.68788,41.85033],[-87.68788,41.85041],[-87.6879,41.85122],[-87.68791,41.85158]]},"properties":{"kind":"rail","name":"CSX"}},{"type":"Feature","geometry":{"type":"LineString","coordinates":[[-87.68699,41.82684],[-87.68717,41.82731],[-87.68723,41.82761],[-87.68726,41.82842],[-87.68731,41.83029],[-87.68733,41.83248],[-87.6873,41.83387],[-87.68733,41.83483],[-87.68734,41.83532],[-87.68735,41.83557],[-87.68735,41.83564],[-87.68737,41.83588],[-87.68737,41.83593],[-87.68737,41.83593],[-87.68737,41.83593],[-87.68737,41.83597],[-87.68738,41.83603],[-87.6874,41.83626],[-87.68749,41.8399],[-87.68728,41.84188],[-87.68728,41.84269],[-87.68728,41.8427],[-87.68731,41.84363],[-87.68732,41.84391],[-87.68733,41.84404],[-87.68742,41.84451],[-87.68759,41.8451],[-87.68767,41.84571],[-87.68768,41.84614],[-87.68769,41.84645],[-87.68777,41.85018],[-87.68785,41.85307]]},"properties":{"kind":"rail","name":"Norfolk Southern"}},{"type":"Feature","geometry":{"type":"LineString","coordinates":[[-87.68552,41.82439],[-87.68556,41.82444],[-87.68597,41.82504],[-87.68619,41.82533],[-87.68631,41.8255],[-87.6864,41.82562],[-87.68659,41.82595],[-87.6867,41.82617],[-87.68677,41.82634],[-87.68683,41.82647],[-87.68691,41.82662],[-87.68692,41.82665],[-87.68699,41.82684]]},"properties":{"kind":"rail","name":"Norfolk Southern"}},{"type":"Feature","geometry":{"type":"LineString","coordinates":[[-87.67966,41.80203],[-87.67971,41.80319],[-87.67973,41.80368],[-87.67972,41.80399],[-87.67971,41.80438],[-87.67969,41.80458],[-87.67969,41.80459],[-87.67967,41.80472],[-87.67967,41.80472],[-87.67965,41.80487],[-87.67965,41.80489],[-87.67964,41.80494],[-87.67963,41.80504],[-87.67958,41.80534],[-87.67953,41.80569],[-87.67951,41.80578],[-87.67945,41.80618],[-87.67944,41.80643],[-87.67943,41.80666],[-87.67943,41.80769],[-87.67943,41.80781],[-87.67946,41.80862],[-87.67949,41.80985],[-87.67957,41.81346],[-87.67957,41.81384],[-87.67959,41.81428],[-87.67962,41.81456],[-87.67962,41.81464],[-87.6797,41.81513],[-87.67988,41.81576],[-87.67994,41.81588],[-87.67997,41.81596],[-87.68001,41.81607],[-87.6801,41.81627],[-87.6803,41.81664],[-87.68049,41.81699],[-87.68079,41.81745],[-87.68383,41.82184],[-87.68427,41.82247],[-87.68449,41.8228],[-87.6846,41.82296],[-87.68476,41.82321],[-87.68556,41.82436],[-87.68616,41.82522],[-87.68619,41.82526],[-87.68624,41.82534],[-87.68651,41.82574],[-87.68652,41.82576],[-87.68676,41.82619],[-87.68678,41.82623],[-87.68695,41.82665],[-87.68704,41.82685],[-87.68712,41.82703],[-87.68723,41.82738],[-87.68731,41.82783]]},"properties":{"kind":"rail","name":"CSX"}},{"type":"Feature","geometry":{"type":"LineString","coordinates":[[-87.8203,41.66904],[-87.82179,41.66751],[-87.82427,41.66505],[-87.82919,41.66005],[-87.83012,41.65908],[-87.83644,41.6527],[-87.83804,41.65106],[-87.84375,41.64521],[-87.84883,41.64007],[-87.84954,41.63946],[-87.85016,41.63892],[-87.85077,41.6384],[-87.85215,41.63719],[-87.85363,41.63588]]},"properties":{"kind":"rail","name":"Metra"}},{"type":"Feature","geometry":{"type":"LineString","coordinates":[[-87.65205,41.67408],[-87.65302,41.67408],[-87.65358,41.67403],[-87.65408,41.67396],[-87.65474,41.67379],[-87.6553,41.6736],[-87.65571,41.67341],[-87.65605,41.67323],[-87.65605,41.67323],[-87.65649,41.67293],[-87.65951,41.6703]]},"properties":{"kind":"rail","name":"Metra"}},{"type":"Feature","geometry":{"type":"LineString","coordinates":[[-87.63975,41.67422],[-87.63975,41.67422],[-87.63936,41.67423],[-87.63697,41.67423],[-87.63577,41.67424],[-87.63454,41.67427],[-87.63335,41.67428],[-87.63214,41.6743],[-87.63145,41.67431]]},"properties":{"kind":"rail","name":"Metra"}},{"type":"Feature","geometry":{"type":"LineString","coordinates":[[-87.70019,41.75082],[-87.69737,41.75253],[-87.69467,41.75377],[-87.69388,41.75412]]},"properties":{"kind":"rail","name":"Metra"}},{"type":"Feature","geometry":{"type":"LineString","coordinates":[[-87.67865,41.75762],[-87.67855,41.75763],[-87.67533,41.75769],[-87.6742,41.7577]]},"properties":{"kind":"rail","name":"Belt Railway of Chicago"}},{"type":"Feature","geometry":{"type":"LineString","coordinates":[[-87.8576,41.81894],[-87.84991,41.82067]]},"properties":{"kind":"rail","name":"BNSF Railway"}},{"type":"Feature","geometry":{"type":"LineString","coordinates":[[-87.87839,41.81427],[-87.87569,41.81487],[-87.87464,41.81511],[-87.87232,41.81563],[-87.87054,41.81603]]},"properties":{"kind":"rail","name":"BNSF Railway"}},{"type":"Feature","geometry":{"type":"LineString","coordinates":[[-87.87835,41.73342],[-87.87742,41.73429],[-87.87681,41.73484],[-87.87627,41.73527],[-87.87565,41.73571],[-87.87462,41.73639],[-87.86629,41.74174],[-87.85804,41.74699],[-87.85605,41.74826],[-87.85585,41.74838],[-87.85465,41.74915],[-87.85334,41.75009],[-87.85246,41.7508],[-87.85171,41.75144],[-87.85126,41.75188],[-87.85061,41.75251],[-87.84892,41.75433],[-87.84884,41.75442],[-87.84691,41.75652],[-87.84637,41.75712],[-87.84585,41.75775],[-87.84208,41.76188],[-87.84101,41.76305],[-87.84073,41.76336]]},"properties":{"kind":"rail","name":"Canadian National"}},{"type":"Feature","geometry":{"type":"LineString","coordinates":[[-87.63145,41.67431],[-87.63095,41.67431],[-87.62974,41.67432],[-87.62855,41.67434],[-87.62737,41.67435],[-87.62495,41.67437],[-87.62375,41.67442],[-87.62255,41.67442],[-87.62157,41.67443]]},"properties":{"kind":"rail","name":"Metra"}},{"type":"Feature","geometry":{"type":"LineString","coordinates":[[-87.6422,41.67418],[-87.64189,41.67418],[-87.64175,41.67418],[-87.64059,41.6742],[-87.63995,41.67422],[-87.63975,41.67422]]},"properties":{"kind":"rail","name":"Metra"}},{"type":"Feature","geometry":{"type":"LineString","coordinates":[[-87.66068,41.66934],[-87.65976,41.67008],[-87.65951,41.6703]]},"properties":{"kind":"rail","name":"Metra"}},{"type":"Feature","geometry":{"type":"LineString","coordinates":[[-87.66856,41.66248],[-87.66815,41.66281],[-87.66698,41.66388],[-87.66603,41.66468],[-87.6658,41.66491],[-87.6655,41.66518]]},"properties":{"kind":"rail","name":"Metra"}},{"type":"Feature","geometry":{"type":"LineString","coordinates":[[-87.71277,41.74164],[-87.71218,41.7421],[-87.71187,41.74233],[-87.71167,41.74249],[-87.70849,41.74507],[-87.70494,41.7479],[-87.70375,41.74868]]},"properties":{"kind":"rail","name":"Metra"}},{"type":"Feature","geometry":{"type":"LineString","coordinates":[[-87.5763,41.76613],[-87.57507,41.76614],[-87.57384,41.76616],[-87.57264,41.76617],[-87.57141,41.76619],[-87.57056,41.7662],[-87.56976,41.76621],[-87.56814,41.76622],[-87.56763,41.76624],[-87.56725,41.76619],[-87.56693,41.76613],[-87.5665,41.76599],[-87.56615,41.76571],[-87.56561,41.76515]]},"properties":{"kind":"rail","name":"Metra"}},{"type":"Feature","geometry":{"type":"LineString","coordinates":[[-87.59814,41.75921],[-87.59675,41.75822],[-87.59576,41.7575],[-87.59576,41.7575],[-87.59561,41.75739],[-87.59554,41.75734],[-87.59547,41.75729],[-87.59538,41.75723]]},"properties":{"kind":"rail","name":"Norfolk Southern"}},{"type":"Feature","geometry":{"type":"LineString","coordinates":[[-87.68714,41.88846],[-87.6869,41.88846],[-87.68661,41.88847],[-87.68584,41.88848],[-87.68572,41.88848],[-87.68419,41.8885],[-87.68175,41.88854],[-87.67928,41.88858],[-87.67685,41.88862],[-87.6744,41.88866],[-87.67195,41.8887],[-87.67026,41.88872],[-87.67015,41.88873]]},"properties":{"kind":"rail","name":"Union Pacific"}},{"type":"Feature","geometry":{"type":"LineString","coordinates":[[-87.66302,41.88881],[-87.66224,41.88893],[-87.66085,41.88928],[-87.66033,41.88944],[-87.65961,41.88961],[-87.65895,41.88971],[-87.65837,41.88976],[-87.65739,41.88978],[-87.65577,41.88981],[-87.65457,41.88983],[-87.65341,41.88984],[-87.65223,41.88984],[-87.65111,41.88984],[-87.64991,41.88986],[-87.64926,41.88986],[-87.6489,41.88987],[-87.64872,41.88987],[-87.64759,41.88988]]},"properties":{"kind":"rail","name":"Union Pacific"}},{"type":"Feature","geometry":{"type":"LineString","coordinates":[[-87.67469,41.65725],[-87.67279,41.65884],[-87.67246,41.65915],[-87.67141,41.66007],[-87.67047,41.66086],[-87.67034,41.66095],[-87.66933,41.66185],[-87.66856,41.66248]]},"properties":{"kind":"rail","name":"Metra"}},{"type":"Feature","geometry":{"type":"LineString","coordinates":[[-87.68535,41.83653],[-87.68491,41.83667],[-87.68426,41.83686]]},"properties":{"kind":"rail","name":"Canadian National"}},{"type":"Feature","geometry":{"type":"LineString","coordinates":[[-87.63688,41.85002],[-87.63678,41.84909],[-87.63677,41.84856],[-87.63676,41.84818],[-87.63674,41.84736],[-87.63673,41.8472],[-87.63673,41.84707],[-87.63672,41.84676],[-87.63671,41.84638],[-87.6367,41.84597],[-87.6367,41.84577],[-87.63669,41.84551],[-87.63664,41.84361],[-87.63662,41.8427],[-87.6366,41.8418],[-87.63651,41.83818],[-87.63645,41.83565],[-87.63642,41.83454],[-87.63633,41.83088],[-87.63624,41.82725],[-87.63623,41.82687],[-87.6362,41.82541],[-87.63616,41.82379],[-87.63615,41.82359],[-87.63611,41.82197],[-87.63611,41.82182],[-87.6361,41.82168],[-87.63609,41.82105],[-87.63607,41.82045],[-87.63606,41.81973],[-87.63604,41.81907],[-87.63611,41.81831]]},"properties":{"kind":"rail","name":"Norfolk Southern"}},{"type":"Feature","geometry":{"type":"LineString","coordinates":[[-87.59187,41.77325],[-87.59146,41.77508],[-87.59104,41.7769],[-87.59062,41.77873],[-87.59021,41.78055],[-87.58915,41.78518],[-87.58896,41.78604],[-87.58891,41.78625],[-87.58855,41.78784],[-87.58771,41.79151],[-87.58753,41.79229],[-87.58739,41.79292],[-87.5873,41.79334],[-87.58719,41.79385],[-87.58706,41.79442],[-87.5869,41.79517],[-87.58686,41.79533],[-87.58677,41.79591],[-87.58675,41.79602],[-87.58665,41.79684],[-87.58661,41.79782],[-87.5866,41.798],[-87.58662,41.79887],[-87.58662,41.79914],[-87.58673,41.80025],[-87.58678,41.80055],[-87.58691,41.80132],[-87.587,41.80169],[-87.58719,41.80251],[-87.58721,41.8026],[-87.58762,41.80389],[-87.5879,41.80457],[-87.58802,41.80487],[-87.58847,41.8058],[-87.58848,41.80582],[-87.58895,41.80664],[-87.58904,41.80681],[-87.58959,41.80767],[-87.58973,41.80786],[-87.59121,41.80999],[-87.59472,41.81505],[-87.5962,41.81717],[-87.59684,41.81804],[-87.59937,41.82149],[-87.60004,41.82238],[-87.60196,41.82488],[-87.60586,41.82998],[-87.6068,41.83121],[-87.60755,41.83219],[-87.60784,41.83256],[-87.60814,41.83298],[-87.60841,41.8334],[-87.60841,41.8334],[-87.60866,41.83386],[-87.60888,41.83435],[-87.60956,41.83594],[-87.61066,41.83853]]},"properties":{"kind":"rail","name":"Canadian National"}},{"type":"Feature","geometry":{"type":"LineString","coordinates":[[-87.714,41.83332],[-87.7132,41.83334],[-87.71256,41.83335],[-87.70928,41.8334],[-87.70925,41.83339],[-87.70839,41.83336],[-87.70795,41.83334],[-87.7075,41.83329],[-87.70671,41.8332],[-87.70633,41.83313],[-87.7047,41.83285],[-87.70134,41.83227],[-87.70108,41.83223],[-87.70066,41.8322],[-87.70048,41.83219],[-87.70016,41.83219],[-87.70001,41.8322],[-87.69969,41.83223],[-87.69948,41.83225],[-87.69922,41.83229],[-87.69904,41.83231],[-87.69862,41.83242],[-87.69831,41.8325],[-87.69825,41.83252],[-87.69804,41.83258],[-87.69453,41.83367],[-87.69003,41.83509],[-87.68753,41.83588],[-87.68748,41.83589],[-87.68737,41.83593],[-87.68705,41.83602],[-87.68554,41.83648],[-87.68535,41.83653]]},"properties":{"kind":"rail","name":"Canadian National"}},{"type":"Feature","geometry":{"type":"LineString","coordinates":[[-87.68426,41.83686],[-87.6837,41.83699],[-87.68193,41.83733]]},"properties":{"kind":"rail","name":"Canadian National"}},{"type":"Feature","geometry":{"type":"LineString","coordinates":[[-87.7124,41.82597],[-87.71214,41.826],[-87.7117,41.82605],[-87.71111,41.82609],[-87.71078,41.82611],[-87.71063,41.82612],[-87.70938,41.82614],[-87.70452,41.82624],[-87.7029,41.82628]]},"properties":{"kind":"rail","name":"Canadian National"}},{"type":"Feature","geometry":{"type":"LineString","coordinates":[[-87.68736,41.83059],[-87.68736,41.83052],[-87.68736,41.83044],[-87.68736,41.8303],[-87.68736,41.83],[-87.68734,41.8288],[-87.68731,41.82783]]},"properties":{"kind":"rail","name":"CSX"}},{"type":"Feature","geometry":{"type":"LineString","coordinates":[[-87.58654,41.72219],[-87.58638,41.72206],[-87.58601,41.7217],[-87.58502,41.72073],[-87.5835,41.71912],[-87.58249,41.71797],[-87.57652,41.71124]]},"properties":{"kind":"rail","name":"Norfolk Southern"}},{"type":"Feature","geometry":{"type":"LineString","coordinates":[[-87.68811,41.86148],[-87.68808,41.85952]]},"properties":{"kind":"rail","name":"Norfolk Southern"}},{"type":"Feature","geometry":{"type":"LineString","coordinates":[[-87.68808,41.85952],[-87.68804,41.85879],[-87.688,41.85703],[-87.688,41.85694],[-87.68799,41.85686],[-87.68799,41.85659],[-87.68795,41.85569],[-87.68795,41.85567],[-87.68795,41.8556],[-87.6879,41.85437],[-87.6879,41.85433],[-87.68785,41.85307]]},"properties":{"kind":"rail","name":"Norfolk Southern"}},{"type":"Feature","geometry":{"type":"LineString","coordinates":[[-87.68822,41.86127],[-87.68821,41.86065],[-87.68815,41.8589]]},"properties":{"kind":"rail","name":"CSX"}},{"type":"Feature","geometry":{"type":"LineString","coordinates":[[-87.60186,41.72911],[-87.60192,41.72886],[-87.60199,41.72856],[-87.60238,41.72691],[-87.60278,41.72514]]},"properties":{"kind":"rail","name":"Canadian National"}},{"type":"Feature","geometry":{"type":"LineString","coordinates":[[-87.63061,41.86195],[-87.63066,41.86154],[-87.63072,41.86093],[-87.63082,41.86047],[-87.63083,41.86045],[-87.63084,41.86038],[-87.63085,41.86033],[-87.63085,41.86029],[-87.63089,41.86007],[-87.63085,41.85944]]},"properties":{"kind":"rail","name":"Metra"}},{"type":"Feature","geometry":{"type":"LineString","coordinates":[[-87.63085,41.85944],[-87.63085,41.85899],[-87.63082,41.85776],[-87.63082,41.85765],[-87.6308,41.8574],[-87.63079,41.85705],[-87.63077,41.85633],[-87.63069,41.85564],[-87.63063,41.8543],[-87.63055,41.85379],[-87.63013,41.85256],[-87.63003,41.85185],[-87.62995,41.85097],[-87.62993,41.84797],[-87.62982,41.84554],[-87.62973,41.84229]]},"properties":{"kind":"rail","name":"Metra"}},{"type":"Feature","geometry":{"type":"LineString","coordinates":[[-87.6649,41.83972],[-87.66415,41.84008],[-87.6625,41.84078]]},"properties":{"kind":"rail","name":"Canadian National"}},{"type":"Feature","geometry":{"type":"LineString","coordinates":[[-87.64713,41.86046],[-87.64607,41.86046],[-87.64551,41.86046],[-87.64496,41.86045],[-87.64472,41.86044],[-87.644,41.86044],[-87.64318,41.86041],[-87.64167,41.86039],[-87.64051,41.86033],[-87.63981,41.86029],[-87.63916,41.86026]]},"properties":{"kind":"rail","name":"BNSF Railway"}},{"type":"Feature","geometry":{"type":"LineString","coordinates":[[-87.62157,41.67443],[-87.62039,41.67445],[-87.61751,41.67445],[-87.6169,41.67451],[-87.61639,41.67461],[-87.61588,41.67482],[-87.61537,41.67508],[-87.61497,41.6754],[-87.61465,41.67575],[-87.61419,41.67631]]},"properties":{"kind":"rail","name":"Metra"}},{"type":"Feature","geometry":{"type":"LineString","coordinates":[[-87.59547,41.75766],[-87.59553,41.75738],[-87.59554,41.75734],[-87.59562,41.75698],[-87.59565,41.75683],[-87.59576,41.75634],[-87.59684,41.75162],[-87.5969,41.75134],[-87.59716,41.75017]]},"properties":{"kind":"rail","name":"Canadian National"}},{"type":"Feature","geometry":{"type":"LineString","coordinates":[[-87.61235,41.63504],[-87.61235,41.63605],[-87.61233,41.63822]]},"properties":{"kind":"rail","name":"Union Pacific"}},{"type":"Feature","geometry":{"type":"LineString","coordinates":[[-87.90119,41.80912],[-87.90048,41.80928],[-87.89867,41.80968],[-87.89809,41.80982],[-87.88911,41.81184],[-87.87956,41.814],[-87.87839,41.81427]]},"properties":{"kind":"rail","name":"BNSF Railway"}},{"type":"Feature","geometry":{"type":"LineString","coordinates":[[-87.92833,41.80299],[-87.92725,41.80323],[-87.92238,41.80433],[-87.92005,41.80486],[-87.91854,41.8052]]},"properties":{"kind":"rail","name":"BNSF Railway"}},{"type":"Feature","geometry":{"type":"LineString","coordinates":[[-87.9454,41.79913],[-87.94517,41.79918],[-87.94286,41.79971],[-87.93922,41.80053],[-87.93589,41.80128],[-87.93082,41.80243],[-87.92927,41.80277],[-87.92833,41.80299]]},"properties":{"kind":"rail","name":"BNSF Railway"}},{"type":"Feature","geometry":{"type":"LineString","coordinates":[[-87.61233,41.68385],[-87.61234,41.68384],[-87.6124,41.68356],[-87.61265,41.68246],[-87.61293,41.68133],[-87.61302,41.68094],[-87.61311,41.68053],[-87.61314,41.68042],[-87.61351,41.67885],[-87.61355,41.67865],[-87.61357,41.67857],[-87.6136,41.67844],[-87.61361,41.6784],[-87.61394,41.67694],[-87.61409,41.67632],[-87.61414,41.67607],[-87.61447,41.67462],[-87.61466,41.67382],[-87.6147,41.67361],[-87.61499,41.67238],[-87.61526,41.67117],[-87.61533,41.67089],[-87.61537,41.67068],[-87.61581,41.66873],[-87.61622,41.66694],[-87.61626,41.66676],[-87.61676,41.66458],[-87.61722,41.66256],[-87.61801,41.65908],[-87.61806,41.65887],[-87.61833,41.65772],[-87.61834,41.65766]]},"properties":{"kind":"rail","name":"Canadian National"}},{"type":"Feature","geometry":{"type":"LineString","coordinates":[[-87.74523,41.83285],[-87.74368,41.83287],[-87.74333,41.83288],[-87.74151,41.83291]]},"properties":{"kind":"rail","name":"Canadian National"}},{"type":"Feature","geometry":{"type":"LineString","coordinates":[[-87.86199,41.85937],[-87.8551,41.85736],[-87.85414,41.85712],[-87.85298,41.85678],[-87.85277,41.85672],[-87.84805,41.85534],[-87.84656,41.8549],[-87.84422,41.85422],[-87.83425,41.85131],[-87.83285,41.8509],[-87.82951,41.84993],[-87.82456,41.84848],[-87.81847,41.8467],[-87.81571,41.8459],[-87.81177,41.84475],[-87.80982,41.84417],[-87.80835,41.84374],[-87.80736,41.84346],[-87.80647,41.8432]]},"properties":{"kind":"rail","name":"Canadian National"}},{"type":"Feature","geometry":{"type":"LineString","coordinates":[[-87.67751,41.64693],[-87.67702,41.64689],[-87.67662,41.6468],[-87.67629,41.64671],[-87.67599,41.6466],[-87.67551,41.64637],[-87.67516,41.64615],[-87.67487,41.64593],[-87.67457,41.64564],[-87.67427,41.64527]]},"properties":{"kind":"rail","name":"CSX"}},{"type":"Feature","geometry":{"type":"LineString","coordinates":[[-87.5215,41.62802],[-87.52148,41.62799],[-87.52123,41.62749],[-87.52121,41.62746],[-87.52106,41.62704],[-87.52102,41.62692],[-87.52096,41.62661],[-87.52091,41.62635],[-87.52086,41.62582],[-87.52084,41.62566],[-87.52078,41.62503],[-87.52073,41.62448],[-87.52066,41.62392],[-87.52063,41.62367],[-87.52043,41.62283],[-87.52018,41.62172],[-87.52015,41.62159],[-87.52004,41.62114],[-87.52,41.62098],[-87.52,41.62096],[-87.51992,41.62062]]},"properties":{"kind":"rail","name":"Norfolk Southern"}},{"type":"Feature","geometry":{"type":"LineString","coordinates":[[-87.8736,41.60959],[-87.87315,41.61188],[-87.87289,41.61333],[-87.87273,41.61397],[-87.87245,41.61479],[-87.87208,41.61568],[-87.87065,41.6191],[-87.87046,41.61968],[-87.87014,41.62036],[-87.86993,41.62075],[-87.86927,41.62168],[-87.86896,41.62209],[-87.86823,41.62285],[-87.86739,41.6239],[-87.86653,41.62462],[-87.86451,41.62609],[-87.86346,41.62703],[-87.8633,41.62717],[-87.86165,41.62881],[-87.8599,41.63037],[-87.85947,41.63072],[-87.85753,41.63245]]},"properties":{"kind":"rail","name":"Metra"}},{"type":"Feature","geometry":{"type":"LineString","coordinates":[[-87.8203,41.66904],[-87.81817,41.67122],[-87.81612,41.67333],[-87.81449,41.67495],[-87.81274,41.6767],[-87.80952,41.67972],[-87.80899,41.6802],[-87.80718,41.68193]]},"properties":{"kind":"rail","name":"Metra"}},{"type":"Feature","geometry":{"type":"LineString","coordinates":[[-87.77612,41.70671],[-87.7735,41.70872],[-87.77333,41.70889],[-87.77295,41.70918],[-87.77205,41.70975],[-87.77161,41.71007],[-87.76979,41.71104],[-87.76875,41.71149],[-87.76728,41.71196],[-87.76015,41.71492],[-87.75536,41.71688],[-87.7518,41.71828],[-87.75046,41.71879],[-87.74872,41.71951]]},"properties":{"kind":"rail","name":"Metra"}},{"type":"Feature","geometry":{"type":"LineString","coordinates":[[-87.74872,41.71951],[-87.74759,41.71997],[-87.74387,41.72148],[-87.74089,41.72267],[-87.73527,41.72494],[-87.73369,41.72568],[-87.73283,41.72614],[-87.73194,41.72667],[-87.73078,41.72748],[-87.72848,41.72925],[-87.72145,41.73486],[-87.71428,41.74048],[-87.71303,41.74142],[-87.71277,41.74164]]},"properties":{"kind":"rail","name":"Metra"}},{"type":"Feature","geometry":{"type":"LineString","coordinates":[[-87.65205,41.67408],[-87.6442,41.67415],[-87.6422,41.67418]]},"properties":{"kind":"rail","name":"Metra"}},{"type":"Feature","geometry":{"type":"LineString","coordinates":[[-87.5252,41.63073],[-87.52507,41.6307],[-87.52494,41.63067],[-87.52471,41.63063],[-87.52443,41.63058],[-87.52424,41.63055],[-87.52415,41.63054],[-87.52398,41.63051],[-87.52362,41.63044],[-87.52323,41.6304],[-87.52298,41.63037],[-87.52261,41.63035],[-87.52223,41.63033],[-87.52142,41.63033],[-87.51849,41.63029],[-87.51724,41.63028]]},"properties":{"kind":"rail","name":"CSX"}},{"type":"Feature","geometry":{"type":"LineString","coordinates":[[-87.67197,41.64063],[-87.67191,41.63937],[-87.67191,41.63931],[-87.67191,41.63929],[-87.67183,41.63737]]},"properties":{"kind":"rail","name":"CSX"}},{"type":"Feature","geometry":{"type":"LineString","coordinates":[[-87.67183,41.63737],[-87.6717,41.6337],[-87.67164,41.6331],[-87.67155,41.63271],[-87.67138,41.63231],[-87.67112,41.63179],[-87.6708,41.63134],[-87.67036,41.63088],[-87.66992,41.63054],[-87.66948,41.63023],[-87.66573,41.62818],[-87.66461,41.62754],[-87.66329,41.62682],[-87.66281,41.62655]]},"properties":{"kind":"rail","name":"CSX"}},{"type":"Feature","geometry":{"type":"LineString","coordinates":[[-88.00338,41.67524],[-88.00268,41.67553],[-88.00229,41.67572],[-88.00205,41.67584],[-88.002,41.67587],[-88.00186,41.67596],[-88.00162,41.67611],[-88.00146,41.67623],[-88.00133,41.67633],[-88.00115,41.6765],[-88.00094,41.67671],[-88.00077,41.67692],[-88.00061,41.67713],[-88.00044,41.6774],[-88.00034,41.67759],[-88.0003,41.67768],[-88.00014,41.67809],[-88.0001,41.67828],[-88.00006,41.67844],[-88.00005,41.6785],[-87.99998,41.67891],[-87.99996,41.67908],[-87.99991,41.6794],[-87.99984,41.67979],[-87.99978,41.68023],[-87.99962,41.68096],[-87.99948,41.68142],[-87.99945,41.68154],[-87.99928,41.68202],[-87.99918,41.68223],[-87.9991,41.6824],[-87.999,41.68262],[-87.99877,41.68303],[-87.99866,41.68322],[-87.9985,41.68346],[-87.99828,41.68379],[-87.99828,41.68379],[-87.99801,41.68413],[-87.99786,41.68432],[-87.99749,41.68472],[-87.99735,41.68485],[-87.99696,41.68522],[-87.99663,41.68549],[-87.99639,41.68569],[-87.99633,41.68573],[-87.99629,41.68576]]},"properties":{"kind":"rail","name":"BNSF Railway"}},{"type":"Feature","geometry":{"type":"LineString","coordinates":[[-87.64759,41.88988],[-87.64594,41.88989],[-87.64553,41.88987],[-87.64436,41.8899]]},"properties":{"kind":"rail","name":"Union Pacific"}},{"type":"Feature","geometry":{"type":"LineString","coordinates":[[-87.63208,41.87154],[-87.63203,41.86989],[-87.6316,41.8676],[-87.6315,41.86728],[-87.63134,41.86686],[-87.63076,41.86557],[-87.63065,41.86528],[-87.63059,41.86489],[-87.63056,41.86394],[-87.63056,41.8633]]},"properties":{"kind":"rail","name":"Metra"}},{"type":"Feature","geometry":{"type":"LineString","coordinates":[[-87.63196,41.87517],[-87.63191,41.87279],[-87.63208,41.87154]]},"properties":{"kind":"rail","name":"Metra"}},{"type":"Feature","geometry":{"type":"LineString","coordinates":[[-87.65194,41.8604],[-87.65103,41.86037],[-87.64988,41.86038],[-87.64937,41.86039],[-87.64839,41.86044]]},"properties":{"kind":"rail","name":"BNSF Railway"}},{"type":"Feature","geometry":{"type":"LineString","coordinates":[[-87.68021,41.78657],[-87.68019,41.78587],[-87.68011,41.78219],[-87.68009,41.78196],[-87.68007,41.78169],[-87.68001,41.78131],[-87.67999,41.78118],[-87.67987,41.78072],[-87.67982,41.7806],[-87.67953,41.7798],[-87.67942,41.77951],[-87.67924,41.77906],[-87.67919,41.77891],[-87.67914,41.77874],[-87.67905,41.77834],[-87.67904,41.77827],[-87.67899,41.77771],[-87.67898,41.77766],[-87.67894,41.77595]]},"properties":{"kind":"rail","name":"CSX"}},{"type":"Feature","geometry":{"type":"LineString","coordinates":[[-87.62921,41.82303],[-87.62918,41.82238],[-87.62912,41.82061]]},"properties":{"kind":"rail","name":"Metra"}},{"type":"Feature","geometry":{"type":"LineString","coordinates":[[-87.62912,41.82061],[-87.62907,41.8192],[-87.62903,41.81643],[-87.62871,41.80638],[-87.62861,41.80189],[-87.62849,41.79731]]},"properties":{"kind":"rail","name":"Metra"}},{"type":"Feature","geometry":{"type":"LineString","coordinates":[[-87.54397,41.72016],[-87.54255,41.71914],[-87.54238,41.71902]]},"properties":{"kind":"rail","name":"Norfolk Southern"}},{"type":"Feature","geometry":{"type":"LineString","coordinates":[[-87.63698,41.86019],[-87.63693,41.86079],[-87.63693,41.8609],[-87.63693,41.86091],[-87.63693,41.8613],[-87.63693,41.86197],[-87.63701,41.86489],[-87.63705,41.86556],[-87.63728,41.86717],[-87.63739,41.868],[-87.63751,41.86881],[-87.63756,41.8691],[-87.63772,41.87017]]},"properties":{"kind":"rail","name":"Amtrak"}},{"type":"Feature","geometry":{"type":"LineString","coordinates":[[-87.82186,41.78384],[-87.82178,41.78395],[-87.81921,41.78675],[-87.81689,41.78928],[-87.81624,41.78998],[-87.81585,41.7904],[-87.81508,41.79116],[-87.81422,41.79193],[-87.81341,41.79258],[-87.81241,41.79332],[-87.81149,41.79394],[-87.81033,41.79464],[-87.80936,41.79519]]},"properties":{"kind":"rail","name":"Canadian National"}},{"type":"Feature","geometry":{"type":"LineString","coordinates":[[-87.65769,41.5821],[-87.65615,41.58497],[-87.65602,41.58521],[-87.64978,41.59688],[-87.64963,41.59716],[-87.64944,41.5975],[-87.64764,41.60088],[-87.64673,41.60259],[-87.64635,41.60329]]},"properties":{"kind":"rail","name":"Canadian National"}},{"type":"Feature","geometry":{"type":"LineString","coordinates":[[-87.60356,41.72172],[-87.60406,41.71957],[-87.60423,41.71885],[-87.60448,41.71774],[-87.60486,41.71611],[-87.60506,41.71519],[-87.60543,41.71357],[-87.60548,41.71338],[-87.60555,41.71305],[-87.60559,41.71286],[-87.60573,41.71227],[-87.60658,41.70856],[-87.60663,41.70833],[-87.60684,41.70742],[-87.60753,41.70437],[-87.60768,41.70371],[-87.60808,41.70197],[-87.60843,41.70043],[-87.60852,41.70005],[-87.60933,41.69648],[-87.60935,41.69639],[-87.61018,41.69277],[-87.61024,41.69252],[-87.61108,41.68916],[-87.61121,41.68866],[-87.61142,41.68768],[-87.61145,41.68756],[-87.61167,41.68679],[-87.61197,41.68553]]},"properties":{"kind":"rail","name":"Canadian National"}},{"type":"Feature","geometry":{"type":"LineString","coordinates":[[-87.8723,41.89134],[-87.8714,41.8914],[-87.86895,41.89149],[-87.86888,41.89149],[-87.86833,41.89149],[-87.86726,41.89146],[-87.8654,41.89132]]},"properties":{"kind":"rail","name":"Union Pacific"}},{"type":"Feature","geometry":{"type":"LineString","coordinates":[[-87.45496,41.61059],[-87.44706,41.61052],[-87.43828,41.61028]]},"properties":{"kind":"rail","name":"South Shore Line"}},{"type":"Feature","geometry":{"type":"LineString","coordinates":[[-87.63916,41.86026],[-87.63854,41.86023],[-87.63831,41.86021],[-87.63806,41.86017],[-87.63785,41.8601],[-87.63765,41.86],[-87.63744,41.85987],[-87.63729,41.85973],[-87.63716,41.85957],[-87.63709,41.85941],[-87.63707,41.85926],[-87.63704,41.85903]]},"properties":{"kind":"rail","name":"BNSF Railway"}},{"type":"Feature","geometry":{"type":"LineString","coordinates":[[-87.80047,41.88705],[-87.79862,41.88709],[-87.79711,41.8871],[-87.79448,41.88714],[-87.79274,41.88718],[-87.78955,41.88721],[-87.7879,41.88723],[-87.78467,41.88727],[-87.7814,41.88733],[-87.77978,41.88735],[-87.77653,41.88738],[-87.77487,41.88741]]},"properties":{"kind":"rail","name":"Union Pacific"}},{"type":"Feature","geometry":{"type":"LineString","coordinates":[[-87.61875,41.85765],[-87.61875,41.85765],[-87.6183,41.85675],[-87.61778,41.85568],[-87.61771,41.85552],[-87.61713,41.85413],[-87.61706,41.85398],[-87.61679,41.85335],[-87.61626,41.85207],[-87.6151,41.84933],[-87.61487,41.84868],[-87.61477,41.84834],[-87.61469,41.84808],[-87.61464,41.84794],[-87.61448,41.84739],[-87.61442,41.84723],[-87.61425,41.84673],[-87.61396,41.84603],[-87.61359,41.84517],[-87.61278,41.84352],[-87.61269,41.84331],[-87.61066,41.83853]]},"properties":{"kind":"rail","name":"Canadian National"}},{"type":"Feature","geometry":{"type":"LineString","coordinates":[[-87.80718,41.68193],[-87.80658,41.6825],[-87.80365,41.68531],[-87.8025,41.68638],[-87.80125,41.68739],[-87.79972,41.68859],[-87.79797,41.6899],[-87.79749,41.69026],[-87.79595,41.69146]]},"properties":{"kind":"rail","name":"Metra"}},{"type":"Feature","geometry":{"type":"LineString","coordinates":[[-87.79595,41.69146],[-87.78817,41.69748],[-87.78611,41.69904],[-87.78591,41.69921],[-87.78056,41.70332]]},"properties":{"kind":"rail","name":"Metra"}},{"type":"Feature","geometry":{"type":"LineString","coordinates":[[-87.66408,41.91068],[-87.66377,41.91018],[-87.66337,41.90961],[-87.66304,41.90922],[-87.66202,41.90821],[-87.6614,41.90753],[-87.66116,41.90721],[-87.66084,41.90664],[-87.66059,41.90605],[-87.66046,41.90542],[-87.66039,41.9046],[-87.66033,41.90346],[-87.66027,41.90286],[-87.66018,41.90249],[-87.65973,41.90159]]},"properties":{"kind":"rail","name":"Union Pacific"}},{"type":"Feature","geometry":{"type":"LineString","coordinates":[[-87.77034,41.80803],[-87.76807,41.80874],[-87.76574,41.80943],[-87.76278,41.81037],[-87.76243,41.81048]]},"properties":{"kind":"rail","name":"Canadian National"}},{"type":"Feature","geometry":{"type":"LineString","coordinates":[[-87.6704,41.9223],[-87.6702,41.92188],[-87.67003,41.92152],[-87.66899,41.91917],[-87.66845,41.91794],[-87.66805,41.91711]]},"properties":{"kind":"rail","name":"Union Pacific"}},{"type":"Feature","geometry":{"type":"LineString","coordinates":[[-87.63947,41.75507],[-87.63947,41.7557],[-87.63949,41.75599],[-87.6395,41.75613],[-87.63952,41.75622],[-87.63953,41.75627],[-87.63956,41.75639],[-87.63969,41.75666],[-87.63974,41.75677],[-87.63993,41.75703],[-87.63999,41.75711],[-87.64017,41.75729],[-87.6402,41.75732],[-87.64051,41.75756],[-87.64055,41.75758],[-87.64088,41.75777],[-87.64088,41.75777],[-87.64124,41.75791],[-87.64127,41.75793],[-87.64161,41.75801],[-87.64173,41.75804],[-87.64201,41.75807],[-87.6422,41.75809],[-87.64245,41.75809],[-87.64278,41.7581],[-87.65394,41.75793],[-87.65861,41.75786]]},"properties":{"kind":"rail","name":"Belt Railway of Chicago"}},{"type":"Feature","geometry":{"type":"LineString","coordinates":[[-87.63579,41.80914],[-87.63583,41.80962],[-87.63586,41.81109],[-87.63586,41.8111],[-87.63587,41.81145],[-87.63596,41.81562],[-87.63598,41.81673],[-87.636,41.81743]]},"properties":{"kind":"rail","name":"Norfolk Southern"}},{"type":"Feature","geometry":{"type":"LineString","coordinates":[[-87.83134,41.7736],[-87.83001,41.77505],[-87.8281,41.77714],[-87.82659,41.77879],[-87.82566,41.7798],[-87.82542,41.78006]]},"properties":{"kind":"rail","name":"Canadian National"}},{"type":"Feature","geometry":{"type":"LineString","coordinates":[[-87.63613,41.81914],[-87.63615,41.81979],[-87.63619,41.82022],[-87.63635,41.82111],[-87.63635,41.82118],[-87.63638,41.82172],[-87.63638,41.82182],[-87.6364,41.82263],[-87.63643,41.82407],[-87.63641,41.82473],[-87.63641,41.82485]]},"properties":{"kind":"rail","name":"Metra"}},{"type":"Feature","geometry":{"type":"LineString","coordinates":[[-87.70591,41.89647],[-87.70495,41.89593],[-87.70411,41.89552],[-87.70342,41.89519],[-87.70231,41.8947],[-87.70216,41.89463],[-87.70206,41.89458],[-87.70177,41.89445],[-87.7016,41.89438],[-87.70038,41.89387],[-87.69818,41.89302],[-87.69783,41.89289],[-87.69062,41.89002]]},"properties":{"kind":"rail","name":"Metra"}},{"type":"Feature","geometry":{"type":"LineString","coordinates":[[-87.99629,41.68576],[-87.99629,41.68576],[-87.99626,41.68578],[-87.99578,41.68613],[-87.99538,41.68639],[-87.99501,41.68662],[-87.99418,41.68709],[-87.99349,41.68743],[-87.99253,41.68784],[-87.99132,41.68827],[-87.98071,41.69181],[-87.97207,41.6947],[-87.97103,41.69505]]},"properties":{"kind":"rail","name":"BNSF Railway"}},{"type":"Feature","geometry":{"type":"LineString","coordinates":[[-87.86048,41.75816],[-87.86028,41.75863],[-87.85996,41.75919],[-87.85953,41.75981],[-87.85905,41.76038],[-87.85827,41.7613],[-87.85754,41.76225],[-87.85676,41.76316],[-87.8564,41.76353],[-87.856,41.76398],[-87.85514,41.76499],[-87.85216,41.76856],[-87.85127,41.76963]]},"properties":{"kind":"rail","name":"BNSF Railway"}},{"type":"Feature","geometry":{"type":"LineString","coordinates":[[-87.85083,41.77023],[-87.84977,41.77148],[-87.84784,41.77376],[-87.84747,41.77419],[-87.84724,41.77447],[-87.845,41.7771],[-87.84334,41.77906],[-87.84129,41.78148],[-87.83891,41.78428],[-87.83624,41.78743]]},"properties":{"kind":"rail","name":"BNSF Railway"}},{"type":"Feature","geometry":{"type":"LineString","coordinates":[[-87.80647,41.8432],[-87.80463,41.84266],[-87.80336,41.84229],[-87.80065,41.8415],[-87.79927,41.84109],[-87.79801,41.84073],[-87.79673,41.84035],[-87.79554,41.84],[-87.79371,41.83947],[-87.78919,41.83815],[-87.78421,41.8367],[-87.78309,41.83637],[-87.78177,41.83599],[-87.7817,41.83597],[-87.78168,41.83596]]},"properties":{"kind":"rail","name":"Canadian National"}},{"type":"Feature","geometry":{"type":"LineString","coordinates":[[-87.86199,41.85937],[-87.86614,41.86058],[-87.88874,41.86717],[-87.89355,41.8686],[-87.8975,41.86972]]},"properties":{"kind":"rail","name":"Canadian National"}},{"type":"Feature","geometry":{"type":"LineString","coordinates":[[-87.94016,41.88217],[-87.93962,41.88198],[-87.93728,41.88132],[-87.93514,41.88067],[-87.93375,41.88027],[-87.92048,41.87641]]},"properties":{"kind":"rail","name":"Canadian National"}},{"type":"Feature","geometry":{"type":"LineString","coordinates":[[-87.78056,41.70332],[-87.77937,41.70423],[-87.7792,41.70434],[-87.77905,41.70445]]},"properties":{"kind":"rail","name":"Metra"}},{"type":"Feature","geometry":{"type":"LineString","coordinates":[[-87.68479,41.64878],[-87.68432,41.64924],[-87.67944,41.65332],[-87.67892,41.6538],[-87.67839,41.65455],[-87.67799,41.65485]]},"properties":{"kind":"rail","name":"Metra"}},{"type":"Feature","geometry":{"type":"LineString","coordinates":[[-87.71188,41.74243],[-87.71187,41.74233],[-87.71185,41.74166],[-87.71183,41.74075],[-87.7118,41.73986],[-87.71179,41.73897],[-87.71169,41.73503],[-87.71159,41.73406],[-87.71136,41.73307],[-87.71102,41.73227],[-87.7105,41.73137],[-87.70977,41.73047],[-87.70732,41.728],[-87.70616,41.72683],[-87.70561,41.72626],[-87.70524,41.72592],[-87.70382,41.72447],[-87.70317,41.72381],[-87.70195,41.72254],[-87.70022,41.72085]]},"properties":{"kind":"rail","name":"CSX"}},{"type":"Feature","geometry":{"type":"LineString","coordinates":[[-87.7134,41.79388],[-87.71315,41.78521],[-87.71305,41.78177],[-87.71296,41.77882],[-87.71269,41.76881],[-87.71245,41.7608]]},"properties":{"kind":"rail","name":"CSX"}},{"type":"Feature","geometry":{"type":"LineString","coordinates":[[-87.68341,41.75756],[-87.68184,41.75758]]},"properties":{"kind":"rail","name":"Belt Railway of Chicago"}},{"type":"Feature","geometry":{"type":"LineString","coordinates":[[-87.82486,41.88689],[-87.82339,41.88682],[-87.82085,41.88683],[-87.82061,41.88684],[-87.82048,41.88684],[-87.81782,41.88686],[-87.81466,41.8869],[-87.80601,41.88699],[-87.80497,41.88701],[-87.80244,41.88703],[-87.80047,41.88705]]},"properties":{"kind":"rail","name":"Union Pacific"}},{"type":"Feature","geometry":{"type":"LineString","coordinates":[[-87.83061,41.88744],[-87.82727,41.8871],[-87.82543,41.88694],[-87.82486,41.88689]]},"properties":{"kind":"rail","name":"Union Pacific"}},{"type":"Feature","geometry":{"type":"LineString","coordinates":[[-87.66788,41.64808],[-87.66708,41.6482],[-87.66704,41.6482],[-87.66468,41.6487],[-87.6645,41.64874],[-87.66119,41.64934],[-87.66042,41.64948],[-87.65997,41.64956],[-87.65565,41.65022],[-87.65301,41.65068],[-87.65249,41.65074],[-87.65222,41.65076],[-87.65087,41.65079],[-87.65002,41.65075],[-87.64963,41.65074],[-87.64455,41.65018],[-87.64287,41.65],[-87.64109,41.64989],[-87.64071,41.64987],[-87.63947,41.64986],[-87.63735,41.64991],[-87.63605,41.64991],[-87.63328,41.64992]]},"properties":{"kind":"rail","name":"CSX"}},{"type":"Feature","geometry":{"type":"LineString","coordinates":[[-87.67045,41.64772],[-87.66955,41.64785],[-87.66788,41.64808]]},"properties":{"kind":"rail","name":"CSX"}},{"type":"Feature","geometry":{"type":"LineString","coordinates":[[-87.68464,41.64793],[-87.68431,41.64768],[-87.68395,41.64747],[-87.68355,41.64728],[-87.68314,41.64713],[-87.68273,41.64701],[-87.68231,41.64693],[-87.68193,41.64689],[-87.68145,41.64687],[-87.67974,41.6469],[-87.67824,41.64693],[-87.67774,41.64693],[-87.67751,41.64693]]},"properties":{"kind":"rail","name":"CSX"}},{"type":"Feature","geometry":{"type":"LineString","coordinates":[[-87.67751,41.64693],[-87.67704,41.64694],[-87.677,41.64694],[-87.67627,41.64699],[-87.67593,41.647],[-87.67519,41.64703],[-87.67452,41.6471],[-87.67356,41.64723],[-87.67195,41.64745],[-87.67045,41.64772]]},"properties":{"kind":"rail","name":"CSX"}},{"type":"Feature","geometry":{"type":"LineString","coordinates":[[-87.62905,41.77773],[-87.62843,41.77907],[-87.6283,41.77949],[-87.6283,41.7795]]},"properties":{"kind":"rail","name":"Metra"}},{"type":"Feature","geometry":{"type":"LineString","coordinates":[[-87.67979,41.79358],[-87.67984,41.79336],[-87.68008,41.79258],[-87.68017,41.79219],[-87.68024,41.79186],[-87.68029,41.79133],[-87.68032,41.79104],[-87.68033,41.79023],[-87.68031,41.78994],[-87.68029,41.78924],[-87.68027,41.78848],[-87.68021,41.78657]]},"properties":{"kind":"rail","name":"CSX"}},{"type":"Feature","geometry":{"type":"LineString","coordinates":[[-87.68184,41.75758],[-87.67869,41.75762],[-87.67865,41.75762]]},"properties":{"kind":"rail","name":"Belt Railway of Chicago"}},{"type":"Feature","geometry":{"type":"LineString","coordinates":[[-87.67854,41.75723],[-87.67849,41.75624],[-87.67836,41.75426],[-87.67825,41.75005]]},"properties":{"kind":"rail","name":"CSX"}},{"type":"Feature","geometry":{"type":"LineString","coordinates":[[-87.64175,41.82174],[-87.64144,41.82174],[-87.6413,41.82175],[-87.64098,41.82175],[-87.63966,41.82178],[-87.63903,41.82178]]},"properties":{"kind":"rail","name":"Norfolk Southern"}},{"type":"Feature","geometry":{"type":"LineString","coordinates":[[-87.64621,41.73235],[-87.64795,41.72774]]},"properties":{"kind":"rail","name":"Metra"}},{"type":"Feature","geometry":{"type":"LineString","coordinates":[[-87.64621,41.73235],[-87.64605,41.73289],[-87.64569,41.73404]]},"properties":{"kind":"rail","name":"Metra"}},{"type":"Feature","geometry":{"type":"LineString","coordinates":[[-87.64469,41.73658],[-87.64445,41.73714],[-87.64365,41.73922],[-87.64336,41.73997],[-87.64293,41.74115],[-87.64204,41.74357],[-87.64132,41.74543],[-87.64099,41.74627],[-87.64064,41.74717],[-87.64042,41.74774],[-87.63999,41.74899],[-87.63929,41.75084],[-87.63929,41.75086],[-87.63923,41.751],[-87.63917,41.75117],[-87.63906,41.75144],[-87.63904,41.75148],[-87.63894,41.75175],[-87.63865,41.75281],[-87.63731,41.7562],[-87.63661,41.75811],[-87.636,41.75997],[-87.63528,41.7618],[-87.63459,41.76359],[-87.63384,41.76557],[-87.63319,41.76735],[-87.63255,41.76906],[-87.63231,41.7697],[-87.63157,41.77168],[-87.63124,41.7726],[-87.63112,41.77289],[-87.63048,41.77478],[-87.63005,41.77575],[-87.6296,41.77661],[-87.62945,41.77694],[-87.62938,41.77711],[-87.62905,41.77773]]},"properties":{"kind":"rail","name":"Metra"}},{"type":"Feature","geometry":{"type":"LineString","coordinates":[[-87.52482,41.7045],[-87.52452,41.70427],[-87.5245,41.70425]]},"properties":{"kind":"rail","name":"Norfolk Southern"}},{"type":"Feature","geometry":{"type":"LineString","coordinates":[[-87.63947,41.75463],[-87.63947,41.75256],[-87.63947,41.75252],[-87.63945,41.75207],[-87.63937,41.75132],[-87.63935,41.75121],[-87.63929,41.75086],[-87.63928,41.75084],[-87.63921,41.7504],[-87.63918,41.75012],[-87.63909,41.74928],[-87.63904,41.74896]]},"properties":{"kind":"rail","name":"Belt Railway of Chicago"}},{"type":"Feature","geometry":{"type":"LineString","coordinates":[[-87.63904,41.74896],[-87.6389,41.74744],[-87.63884,41.74709],[-87.63882,41.747],[-87.63843,41.74552],[-87.63757,41.74227],[-87.6373,41.74125],[-87.63728,41.74115],[-87.63716,41.74083],[-87.63701,41.74051],[-87.63699,41.74048],[-87.63664,41.73989],[-87.63654,41.73977],[-87.63633,41.73949],[-87.63589,41.73899],[-87.63516,41.73818],[-87.63516,41.73817],[-87.63484,41.73775],[-87.63472,41.73756],[-87.63466,41.73746],[-87.63447,41.73709],[-87.63445,41.73706],[-87.63429,41.73665],[-87.63429,41.73665],[-87.6342,41.73631],[-87.6342,41.73629],[-87.63415,41.73603],[-87.63413,41.73586],[-87.63411,41.73566],[-87.63405,41.73474],[-87.63404,41.73456],[-87.63396,41.73277],[-87.63389,41.73133],[-87.63389,41.73125],[-87.6338,41.73001],[-87.6338,41.72998],[-87.6338,41.72998],[-87.63379,41.72996],[-87.63379,41.72995],[-87.6337,41.7264],[-87.63366,41.72512],[-87.63336,41.71383],[-87.63318,41.70728],[-87.63316,41.70639],[-87.63313,41.70537],[-87.63311,41.70448],[-87.63308,41.70357],[-87.63306,41.70287],[-87.63305,41.70252],[-87.63305,41.70224],[-87.63304,41.70202],[-87.63303,41.70156],[-87.63301,41.70077],[-87.63298,41.69994],[-87.63296,41.69892],[-87.63293,41.69794],[-87.63291,41.69705],[-87.63288,41.69613],[-87.63286,41.69527],[-87.63284,41.69447],[-87.63281,41.69348],[-87.6328,41.69306],[-87.63276,41.69256],[-87.63275,41.69244],[-87.63267,41.69198],[-87.63261,41.69174],[-87.63254,41.69148],[-87.63238,41.69092],[-87.63231,41.69075],[-87.63222,41.69052],[-87.63209,41.69026],[-87.632,41.69006],[-87.63182,41.68975],[-87.63176,41.68965],[-87.63143,41.68918],[-87.63123,41.68893],[-87.63114,41.68881],[-87.63079,41.68843],[-87.63076,41.6884],[-87.63046,41.68813],[-87.63021,41.68795],[-87.63008,41.68785],[-87.62946,41.68748],[-87.62896,41.68723],[-87.62772,41.68661],[-87.62678,41.68614],[-87.62553,41.68551],[-87.62497,41.68523],[-87.62414,41.68481],[-87.62411,41.6848],[-87.62283,41.68409],[-87.62185,41.68356],[-87.62163,41.68344],[-87.61988,41.68255],[-87.61814,41.68167],[-87.6167,41.68094],[-87.61581,41.68049],[-87.61534,41.68022],[-87.6153,41.6802],[-87.61489,41.67992],[-87.61457,41.67966],[-87.61446,41.67957],[-87.61408,41.67921],[-87.61391,41.67901],[-87.61381,41.67889],[-87.61379,41.67886],[-87.61375,41.67883],[-87.61365,41.67868],[-87.61362,41.67864],[-87.61357,41.67857],[-87.61354,41.67852],[-87.61348,41.67843],[-87.61347,41.67843],[-87.61328,41.67808],[-87.6131,41.67766],[-87.61306,41.67758],[-87.61293,41.67714],[-87.61285,41.67673],[-87.61285,41.67673],[-87.61282,41.67635],[-87.61279,41.67529],[-87.61279,41.67503],[-87.61276,41.67355],[-87.61263,41.66655],[-87.6125,41.65917],[-87.61247,41.658],[-87.61217,41.65377],[-87.61212,41.65314],[-87.61209,41.65204],[-87.61209,41.65195],[-87.61208,41.65108],[-87.61207,41.65025],[-87.61207,41.64939],[-87.61206,41.64912],[-87.61209,41.64818],[-87.6121,41.64807],[-87.61212,41.6478],[-87.61217,41.64742]]},"properties":{"kind":"rail","name":"Union Pacific"}},{"type":"Feature","geometry":{"type":"LineString","coordinates":[[-87.659,41.7322],[-87.65808,41.73222],[-87.6569,41.73223],[-87.65569,41.73225],[-87.6544,41.73228],[-87.65284,41.73227],[-87.65174,41.73233],[-87.65084,41.73235],[-87.6496,41.73232],[-87.64898,41.73226],[-87.64836,41.73222],[-87.64825,41.73223],[-87.64788,41.73226],[-87.64753,41.73234],[-87.64712,41.73249],[-87.64666,41.73273],[-87.64628,41.73305],[-87.64603,41.73336],[-87.64569,41.73404]]},"properties":{"kind":"rail","name":"Metra"}},{"type":"Feature","geometry":{"type":"LineString","coordinates":[[-87.66717,41.72798],[-87.66714,41.72851],[-87.66713,41.72863],[-87.66705,41.729],[-87.66686,41.72955],[-87.66662,41.72996],[-87.66637,41.73029],[-87.66612,41.73057],[-87.66572,41.73091],[-87.66534,41.73117],[-87.66487,41.73145],[-87.66415,41.73178],[-87.6635,41.73199],[-87.66284,41.73211],[-87.66229,41.73214],[-87.66055,41.73218],[-87.659,41.7322]]},"properties":{"kind":"rail","name":"Metra"}},{"type":"Feature","geometry":{"type":"LineString","coordinates":[[-87.67825,41.75005],[-87.67823,41.74946],[-87.6782,41.74849],[-87.67818,41.74751],[-87.67818,41.74742],[-87.67819,41.74714]]},"properties":{"kind":"rail","name":"CSX"}},{"type":"Feature","geometry":{"type":"LineString","coordinates":[[-87.68734,41.73548],[-87.68733,41.73512],[-87.68732,41.73425],[-87.68728,41.73308],[-87.68719,41.72895],[-87.68717,41.72821],[-87.68713,41.72684],[-87.6871,41.72538],[-87.68708,41.72467],[-87.68697,41.72091],[-87.68691,41.71926],[-87.68689,41.71838],[-87.68685,41.71726],[-87.68682,41.71635],[-87.68679,41.71545],[-87.68677,41.71464],[-87.68674,41.71387],[-87.68674,41.71364],[-87.68671,41.7127],[-87.68669,41.71185],[-87.68666,41.71088],[-87.68664,41.71014],[-87.68661,41.7092],[-87.68661,41.70916],[-87.6866,41.70866],[-87.68656,41.70745],[-87.68655,41.70715],[-87.68653,41.70639],[-87.6865,41.70555],[-87.68647,41.70452],[-87.68644,41.70373],[-87.6864,41.70269],[-87.68636,41.7015],[-87.68634,41.70086],[-87.68631,41.69998],[-87.68627,41.69904],[-87.68626,41.69864],[-87.68621,41.69719],[-87.68616,41.69537],[-87.68616,41.69526],[-87.6861,41.69353],[-87.68605,41.69176]]},"properties":{"kind":"rail","name":"CSX"}},{"type":"Feature","geometry":{"type":"LineString","coordinates":[[-87.71231,41.75602],[-87.71216,41.75215],[-87.71197,41.74645],[-87.71191,41.74346],[-87.71188,41.74252],[-87.71188,41.74243]]},"properties":{"kind":"rail","name":"CSX"}},{"type":"Feature","geometry":{"type":"LineString","coordinates":[[-87.67366,41.66961],[-87.6745,41.6653],[-87.67504,41.66236]]},"properties":{"kind":"rail","name":"Metra"}},{"type":"Feature","geometry":{"type":"LineString","coordinates":[[-87.67145,41.68498],[-87.6717,41.68287],[-87.67191,41.68107],[-87.67212,41.67936],[-87.67223,41.67858],[-87.67239,41.67731],[-87.67247,41.67659]]},"properties":{"kind":"rail","name":"Metra"}},{"type":"Feature","geometry":{"type":"LineString","coordinates":[[-87.676,41.65615],[-87.6749,41.65737],[-87.67391,41.65864],[-87.67325,41.65972],[-87.67261,41.66108],[-87.67201,41.66273],[-87.67071,41.66617],[-87.66986,41.66834],[-87.66945,41.66963],[-87.66945,41.66964],[-87.66805,41.67334]]},"properties":{"kind":"rail","name":"Metra"}},{"type":"Feature","geometry":{"type":"LineString","coordinates":[[-87.66805,41.67334],[-87.66725,41.67553],[-87.66697,41.67628],[-87.66652,41.6775],[-87.66375,41.68496],[-87.66204,41.68957],[-87.66108,41.69215],[-87.66034,41.69417],[-87.66002,41.69508],[-87.65967,41.69596],[-87.65839,41.69947],[-87.65704,41.70313],[-87.65636,41.70496],[-87.65609,41.70571]]},"properties":{"kind":"rail","name":"Metra"}},{"type":"Feature","geometry":{"type":"LineString","coordinates":[[-87.65609,41.70571],[-87.65562,41.70693],[-87.65519,41.70813],[-87.65486,41.709],[-87.65395,41.71143],[-87.65298,41.71409],[-87.65226,41.71597],[-87.65172,41.71753],[-87.65107,41.71925],[-87.65046,41.72092]]},"properties":{"kind":"rail","name":"Metra"}},{"type":"Feature","geometry":{"type":"LineString","coordinates":[[-87.64017,41.79438],[-87.63997,41.78656],[-87.63992,41.78589]]},"properties":{"kind":"rail","name":"Metra"}},{"type":"Feature","geometry":{"type":"LineString","coordinates":[[-87.63939,41.80513],[-87.63958,41.80495],[-87.63966,41.80486],[-87.63988,41.8046],[-87.63997,41.80445],[-87.64011,41.80422],[-87.6402,41.804],[-87.64027,41.80385],[-87.64032,41.80363],[-87.64036,41.80348],[-87.64038,41.80329],[-87.64039,41.80312],[-87.64029,41.79918],[-87.64023,41.7969],[-87.64022,41.79628],[-87.64021,41.79575],[-87.64019,41.79526],[-87.64017,41.79438]]},"properties":{"kind":"rail","name":"Metra"}},{"type":"Feature","geometry":{"type":"LineString","coordinates":[[-87.67626,41.65647],[-87.67605,41.6569],[-87.6756,41.6591],[-87.67525,41.66097],[-87.67515,41.66163]]},"properties":{"kind":"rail","name":"Metra"}},{"type":"Feature","geometry":{"type":"LineString","coordinates":[[-87.67862,41.76084],[-87.67858,41.75933],[-87.67857,41.75893],[-87.67856,41.75823],[-87.67856,41.75811],[-87.67855,41.75784],[-87.67855,41.75768],[-87.67855,41.75763],[-87.67855,41.75763],[-87.67855,41.75754],[-87.67855,41.75744],[-87.67855,41.75744],[-87.67854,41.75723]]},"properties":{"kind":"rail","name":"CSX"}},{"type":"Feature","geometry":{"type":"LineString","coordinates":[[-87.67427,41.64527],[-87.67399,41.64484],[-87.67255,41.64255],[-87.6724,41.64227],[-87.67222,41.64186],[-87.672,41.64103],[-87.67197,41.64063]]},"properties":{"kind":"rail","name":"CSX"}},{"type":"Feature","geometry":{"type":"LineString","coordinates":[[-87.63328,41.64992],[-87.62713,41.64993],[-87.62683,41.64991],[-87.62611,41.64984],[-87.6259,41.6498],[-87.62526,41.64966],[-87.62458,41.64946]]},"properties":{"kind":"rail","name":"CSX"}},{"type":"Feature","geometry":{"type":"LineString","coordinates":[[-87.62458,41.64946],[-87.62412,41.64933],[-87.6225,41.64885],[-87.62247,41.64883]]},"properties":{"kind":"rail","name":"CSX"}},{"type":"Feature","geometry":{"type":"LineString","coordinates":[[-87.62247,41.64883],[-87.62221,41.64874],[-87.62213,41.64871],[-87.62208,41.64869],[-87.62207,41.64869],[-87.622,41.64866],[-87.62168,41.64851],[-87.62157,41.64845],[-87.62132,41.64829],[-87.6211,41.64815],[-87.62064,41.6478]]},"properties":{"kind":"rail","name":"CSX"}},{"type":"Feature","geometry":{"type":"LineString","coordinates":[[-87.68605,41.69176],[-87.68599,41.68996],[-87.68593,41.68813],[-87.68588,41.6865],[-87.68587,41.68631],[-87.68584,41.68516],[-87.68582,41.68451],[-87.68579,41.68372],[-87.68578,41.6832],[-87.68576,41.68282],[-87.68574,41.68194],[-87.6857,41.68097],[-87.68566,41.6797],[-87.68565,41.67948],[-87.68567,41.67915],[-87.68567,41.67915],[-87.6857,41.67881],[-87.68571,41.67877],[-87.68577,41.67851],[-87.68584,41.67828],[-87.68584,41.67826],[-87.68597,41.67795],[-87.68612,41.67763],[-87.68631,41.67722],[-87.68709,41.67552],[-87.6879,41.67375],[-87.6887,41.672],[-87.68919,41.67095],[-87.68943,41.67041],[-87.68944,41.6704],[-87.68963,41.66985],[-87.68963,41.66984],[-87.68976,41.66926],[-87.68978,41.66908],[-87.68983,41.6687],[-87.68984,41.66815],[-87.68984,41.66812],[-87.68978,41.66638],[-87.68971,41.66445],[-87.68965,41.66258],[-87.68957,41.66053],[-87.68956,41.66025],[-87.68956,41.6602],[-87.68951,41.65989],[-87.68946,41.65964],[-87.68944,41.65958],[-87.68937,41.65937],[-87.68921,41.65896],[-87.68917,41.65888],[-87.68832,41.65707],[-87.68827,41.65696],[-87.68807,41.65649],[-87.68807,41.65647],[-87.68773,41.65533],[-87.68748,41.6545],[-87.68743,41.65432]]},"properties":{"kind":"rail","name":"CSX"}},{"type":"Feature","geometry":{"type":"LineString","coordinates":[[-87.6742,41.7577],[-87.66417,41.75782],[-87.66323,41.75783],[-87.66177,41.75781],[-87.65997,41.75784]]},"properties":{"kind":"rail","name":"Belt Railway of Chicago"}},{"type":"Feature","geometry":{"type":"LineString","coordinates":[[-87.65997,41.75784],[-87.6588,41.75785],[-87.65861,41.75786]]},"properties":{"kind":"rail","name":"Belt Railway of Chicago"}},{"type":"Feature","geometry":{"type":"LineString","coordinates":[[-87.53916,41.64217],[-87.53859,41.64173],[-87.53274,41.6372]]},"properties":{"kind":"rail","name":"Norfolk Southern"}},{"type":"Feature","geometry":{"type":"LineString","coordinates":[[-87.7029,41.82628],[-87.70205,41.8263],[-87.70107,41.82632],[-87.6947,41.82645],[-87.69438,41.82646]]},"properties":{"kind":"rail","name":"Canadian National"}},{"type":"Feature","geometry":{"type":"LineString","coordinates":[[-87.69438,41.82646],[-87.69283,41.82649]]},"properties":{"kind":"rail","name":"Canadian National"}},{"type":"Feature","geometry":{"type":"LineString","coordinates":[[-87.6866,41.86343],[-87.68716,41.86333],[-87.68745,41.86321],[-87.68776,41.863],[-87.68795,41.86277],[-87.68806,41.86246],[-87.68811,41.86148]]},"properties":{"kind":"rail","name":"Norfolk Southern"}},{"type":"Feature","geometry":{"type":"LineString","coordinates":[[-87.73637,41.81869],[-87.73617,41.81876],[-87.72814,41.82129],[-87.72604,41.82195]]},"properties":{"kind":"rail","name":"Canadian National"}},{"type":"Feature","geometry":{"type":"LineString","coordinates":[[-87.61384,41.64137],[-87.6133,41.64112],[-87.61297,41.64101],[-87.61259,41.64092],[-87.6123,41.64087],[-87.61226,41.64087],[-87.61225,41.64087],[-87.61218,41.64085],[-87.61215,41.64085]]},"properties":{"kind":"rail","name":"CSX"}},{"type":"Feature","geometry":{"type":"LineString","coordinates":[[-87.56423,41.68346],[-87.56418,41.68004],[-87.5642,41.67821],[-87.56424,41.67271],[-87.56428,41.66828],[-87.56431,41.66778]]},"properties":{"kind":"rail","name":"Norfolk Southern"}},{"type":"Feature","geometry":{"type":"LineString","coordinates":[[-87.56441,41.69428],[-87.56441,41.69419],[-87.56441,41.69398],[-87.56435,41.69344],[-87.56429,41.68864],[-87.56428,41.68812],[-87.56424,41.68493],[-87.56423,41.68346]]},"properties":{"kind":"rail","name":"Norfolk Southern"}},{"type":"Feature","geometry":{"type":"LineString","coordinates":[[-87.66035,41.82143],[-87.65988,41.82151],[-87.65873,41.82161],[-87.65833,41.82168],[-87.65638,41.82214],[-87.65605,41.8222],[-87.65579,41.82221],[-87.65424,41.82224]]},"properties":{"kind":"rail","name":"Norfolk Southern"}},{"type":"Feature","geometry":{"type":"LineString","coordinates":[[-87.63277,41.60615],[-87.63248,41.60596],[-87.63162,41.60543],[-87.63114,41.6051],[-87.62493,41.60092],[-87.62112,41.59835],[-87.61699,41.59556],[-87.61499,41.59422],[-87.61468,41.59401]]},"properties":{"kind":"rail","name":"CSX"}},{"type":"Feature","geometry":{"type":"LineString","coordinates":[[-87.61217,41.64742],[-87.61226,41.64676],[-87.61231,41.64612],[-87.61232,41.64593],[-87.61231,41.64457],[-87.61231,41.64423],[-87.61229,41.64263]]},"properties":{"kind":"rail","name":"Union Pacific"}},{"type":"Feature","geometry":{"type":"LineString","coordinates":[[-87.72068,41.83322],[-87.7205,41.83323],[-87.71736,41.83327],[-87.71448,41.83332],[-87.71448,41.83332],[-87.71433,41.83332]]},"properties":{"kind":"rail","name":"Canadian National"}},{"type":"Feature","geometry":{"type":"LineString","coordinates":[[-87.74151,41.83291],[-87.74103,41.83291],[-87.73949,41.83294],[-87.7392,41.83294],[-87.73919,41.83294],[-87.73884,41.83295],[-87.73884,41.83295],[-87.73882,41.83295],[-87.7387,41.83295],[-87.73725,41.83297],[-87.73705,41.83297],[-87.73652,41.83298]]},"properties":{"kind":"rail","name":"Canadian National"}},{"type":"Feature","geometry":{"type":"LineString","coordinates":[[-87.85571,41.89026],[-87.85205,41.88984],[-87.85166,41.8898]]},"properties":{"kind":"rail","name":"Union Pacific"}},{"type":"Feature","geometry":{"type":"LineString","coordinates":[[-87.77487,41.88741],[-87.77201,41.88745],[-87.76994,41.88748],[-87.76764,41.88751],[-87.76676,41.88754],[-87.76512,41.88755],[-87.76327,41.88757],[-87.76034,41.88762],[-87.75779,41.88764],[-87.75536,41.88769],[-87.75367,41.88773],[-87.75046,41.88774],[-87.74554,41.88776],[-87.74367,41.88776],[-87.74356,41.88776]]},"properties":{"kind":"rail","name":"Union Pacific"}},{"type":"Feature","geometry":{"type":"LineString","coordinates":[[-87.74054,41.88773],[-87.73991,41.88771],[-87.73972,41.88771],[-87.73815,41.88774],[-87.73175,41.8878],[-87.73014,41.88783]]},"properties":{"kind":"rail","name":"Union Pacific"}},{"type":"Feature","geometry":{"type":"LineString","coordinates":[[-87.72472,41.88795],[-87.72097,41.88804],[-87.71655,41.88808],[-87.71364,41.88812],[-87.7112,41.88817],[-87.70697,41.88826]]},"properties":{"kind":"rail","name":"Union Pacific"}},{"type":"Feature","geometry":{"type":"LineString","coordinates":[[-87.61233,41.68385],[-87.61235,41.68412],[-87.61238,41.68469]]},"properties":{"kind":"rail","name":"South Shore Line"}},{"type":"Feature","geometry":{"type":"LineString","coordinates":[[-87.73014,41.88783],[-87.72586,41.88792],[-87.72566,41.88792],[-87.72472,41.88795]]},"properties":{"kind":"rail","name":"Union Pacific"}},{"type":"Feature","geometry":{"type":"LineString","coordinates":[[-87.70697,41.88826],[-87.70635,41.88827],[-87.70223,41.88829],[-87.70144,41.88829],[-87.70114,41.88829]]},"properties":{"kind":"rail","name":"Union Pacific"}},{"type":"Feature","geometry":{"type":"LineString","coordinates":[[-87.69696,41.88831],[-87.69617,41.88832],[-87.69497,41.88834],[-87.69223,41.88837],[-87.68871,41.88843],[-87.688,41.88844],[-87.68714,41.88846]]},"properties":{"kind":"rail","name":"Union Pacific"}},{"type":"Feature","geometry":{"type":"LineString","coordinates":[[-87.69106,41.86698],[-87.691,41.8665],[-87.69087,41.866],[-87.69073,41.86563],[-87.69049,41.86521],[-87.6902,41.86483],[-87.68987,41.86447],[-87.68916,41.8639],[-87.68887,41.86368],[-87.68861,41.86342],[-87.68844,41.86316],[-87.6883,41.86282],[-87.68826,41.86247],[-87.68824,41.86173],[-87.68822,41.86127]]},"properties":{"kind":"rail","name":"CSX"}},{"type":"Feature","geometry":{"type":"LineString","coordinates":[[-87.5876,41.72283],[-87.58727,41.72269],[-87.58693,41.7225],[-87.58665,41.72229],[-87.58654,41.72219]]},"properties":{"kind":"rail","name":"Norfolk Southern"}},{"type":"Feature","geometry":{"type":"LineString","coordinates":[[-87.62273,41.8744],[-87.62265,41.87395],[-87.62264,41.87319],[-87.62263,41.87164]]},"properties":{"kind":"rail","name":"Metra"}},{"type":"Feature","geometry":{"type":"LineString","coordinates":[[-87.67894,41.77595],[-87.67894,41.77592],[-87.67885,41.77209],[-87.67881,41.77055],[-87.67877,41.7689],[-87.67874,41.76809],[-87.67873,41.76698],[-87.67868,41.76395],[-87.67867,41.76315],[-87.67866,41.76279]]},"properties":{"kind":"rail","name":"CSX"}},{"type":"Feature","geometry":{"type":"LineString","coordinates":[[-87.54079,41.71788],[-87.54032,41.71758],[-87.54011,41.71743],[-87.53931,41.71685],[-87.53841,41.71626],[-87.53767,41.71572],[-87.53686,41.71514],[-87.53648,41.71485],[-87.53528,41.71394],[-87.53496,41.7137],[-87.5349,41.71365],[-87.53427,41.71315],[-87.53351,41.71248],[-87.53198,41.71106],[-87.5297,41.70895],[-87.52928,41.70856],[-87.52879,41.70811]]},"properties":{"kind":"rail","name":"Norfolk Southern"}},{"type":"Feature","geometry":{"type":"LineString","coordinates":[[-87.60278,41.72514],[-87.60292,41.72455],[-87.60311,41.72369],[-87.60319,41.72335],[-87.6032,41.72331],[-87.6032,41.7233],[-87.60323,41.72316],[-87.60324,41.72314],[-87.60326,41.72305],[-87.60326,41.72304],[-87.60327,41.72299],[-87.60349,41.72203],[-87.60356,41.72172]]},"properties":{"kind":"rail","name":"Canadian National"}},{"type":"Feature","geometry":{"type":"LineString","coordinates":[[-87.63056,41.8633],[-87.63051,41.86268],[-87.63061,41.86195]]},"properties":{"kind":"rail","name":"Metra"}},{"type":"Feature","geometry":{"type":"LineString","coordinates":[[-87.68561,41.85746],[-87.68508,41.85768],[-87.68392,41.85805],[-87.68267,41.85845],[-87.68116,41.85885],[-87.67971,41.85911],[-87.67605,41.85963],[-87.67497,41.85978],[-87.67434,41.85985],[-87.67217,41.85972]]},"properties":{"kind":"rail","name":"BNSF Railway"}},{"type":"Feature","geometry":{"type":"LineString","coordinates":[[-87.73747,41.84589],[-87.73707,41.84597],[-87.73628,41.84613],[-87.73564,41.84628],[-87.73437,41.84657],[-87.73433,41.84658],[-87.731,41.84733],[-87.72951,41.84766],[-87.72762,41.84808],[-87.72468,41.84874],[-87.72426,41.84883],[-87.72086,41.84959],[-87.71985,41.84982],[-87.7186,41.8501],[-87.71737,41.85037],[-87.71618,41.85064],[-87.71496,41.85091],[-87.71411,41.8511],[-87.71378,41.85118],[-87.711,41.8518],[-87.71083,41.85184],[-87.70887,41.85228],[-87.70769,41.85254],[-87.7075,41.85258],[-87.70527,41.85308],[-87.70414,41.85333],[-87.7041,41.85334],[-87.70287,41.85362],[-87.70081,41.85408],[-87.70032,41.85419],[-87.70028,41.8542],[-87.69916,41.85445],[-87.69745,41.85483],[-87.69556,41.85525],[-87.69412,41.85557],[-87.69311,41.8558],[-87.69246,41.85595],[-87.69184,41.85605],[-87.69158,41.85611]]},"properties":{"kind":"rail","name":"BNSF Railway"}},{"type":"Feature","geometry":{"type":"LineString","coordinates":[[-87.74202,41.84489],[-87.74154,41.845],[-87.74078,41.84517],[-87.74014,41.84531],[-87.73965,41.84542]]},"properties":{"kind":"rail","name":"BNSF Railway"}},{"type":"Feature","geometry":{"type":"LineString","coordinates":[[-87.78072,41.83623],[-87.78023,41.83635],[-87.77938,41.83657],[-87.77832,41.83684],[-87.77695,41.83719],[-87.77435,41.83788],[-87.77395,41.83799],[-87.77342,41.83817],[-87.77245,41.83849],[-87.76848,41.83996],[-87.76741,41.84036],[-87.76731,41.84039],[-87.76657,41.84061],[-87.7658,41.84084],[-87.76535,41.84095],[-87.76423,41.84122],[-87.76143,41.84185],[-87.75679,41.84289],[-87.75607,41.84303],[-87.75495,41.84325],[-87.75386,41.84339],[-87.7534,41.84346],[-87.75155,41.84363]]},"properties":{"kind":"rail","name":"BNSF Railway"}},{"type":"Feature","geometry":{"type":"LineString","coordinates":[[-87.84323,41.82217],[-87.8415,41.82256],[-87.84114,41.82264],[-87.83615,41.82376],[-87.83435,41.82417],[-87.83314,41.82444]]},"properties":{"kind":"rail","name":"BNSF Railway"}},{"type":"Feature","geometry":{"type":"LineString","coordinates":[[-87.87054,41.81603],[-87.8697,41.81622],[-87.86638,41.81697],[-87.86444,41.81741],[-87.86437,41.81742],[-87.86428,41.81744],[-87.86272,41.81779],[-87.86199,41.81796],[-87.8608,41.81822],[-87.86008,41.81839],[-87.8576,41.81894]]},"properties":{"kind":"rail","name":"BNSF Railway"}},{"type":"Feature","geometry":{"type":"LineString","coordinates":[[-87.69283,41.82649],[-87.69228,41.8265],[-87.69206,41.8265],[-87.68983,41.82654],[-87.68897,41.82655]]},"properties":{"kind":"rail","name":"Canadian National"}},{"type":"Feature","geometry":{"type":"LineString","coordinates":[[-87.63521,41.78669],[-87.6352,41.78656],[-87.63517,41.78532],[-87.63516,41.78494],[-87.63513,41.78477],[-87.63509,41.78447],[-87.63509,41.78446],[-87.63501,41.78422],[-87.63495,41.78406],[-87.63484,41.78385],[-87.63478,41.78373],[-87.63466,41.78357],[-87.63452,41.78337],[-87.63444,41.78329],[-87.63425,41.78308],[-87.6341,41.78296],[-87.63396,41.78284],[-87.63366,41.78264],[-87.63352,41.78256],[-87.63282,41.78217],[-87.63265,41.78208],[-87.63205,41.78177],[-87.63204,41.78177],[-87.63189,41.78169],[-87.63173,41.78161],[-87.6315,41.78149],[-87.63125,41.78136],[-87.63105,41.78126],[-87.63105,41.78125],[-87.63077,41.78111],[-87.6306,41.78102],[-87.63016,41.78079],[-87.62869,41.78003],[-87.62845,41.77991],[-87.6283,41.77983],[-87.62823,41.77979],[-87.62823,41.77979],[-87.62793,41.77963],[-87.62662,41.77895],[-87.62576,41.77855],[-87.62539,41.77836]]},"properties":{"kind":"rail","name":"Norfolk Southern"}},{"type":"Feature","geometry":{"type":"LineString","coordinates":[[-87.63528,41.78936],[-87.63521,41.78669]]},"properties":{"kind":"rail","name":"Norfolk Southern"}},{"type":"Feature","geometry":{"type":"LineString","coordinates":[[-87.63541,41.79469],[-87.63541,41.79453],[-87.63541,41.79448],[-87.6354,41.79412],[-87.63531,41.79085],[-87.63528,41.78936]]},"properties":{"kind":"rail","name":"Norfolk Southern"}},{"type":"Feature","geometry":{"type":"LineString","coordinates":[[-87.637,41.85378],[-87.63698,41.85353],[-87.63692,41.853],[-87.6369,41.85186],[-87.6369,41.85172],[-87.63689,41.85091],[-87.63688,41.85006],[-87.63688,41.85002]]},"properties":{"kind":"rail","name":"Norfolk Southern"}},{"type":"Feature","geometry":{"type":"LineString","coordinates":[[-87.63703,41.85696],[-87.63703,41.85662],[-87.63702,41.85566],[-87.63702,41.85508]]},"properties":{"kind":"rail","name":"Amtrak"}},{"type":"Feature","geometry":{"type":"LineString","coordinates":[[-87.63704,41.85903],[-87.63703,41.85769],[-87.63703,41.85708],[-87.63703,41.85696]]},"properties":{"kind":"rail","name":"Amtrak"}},{"type":"Feature","geometry":{"type":"LineString","coordinates":[[-87.91854,41.8052],[-87.91773,41.80538],[-87.91757,41.80542]]},"properties":{"kind":"rail","name":"BNSF Railway"}},{"type":"Feature","geometry":{"type":"LineString","coordinates":[[-87.63688,41.85002],[-87.63693,41.84943],[-87.63695,41.84924],[-87.63695,41.84906],[-87.63693,41.84819],[-87.63687,41.84507],[-87.63683,41.84415],[-87.63674,41.84041],[-87.63669,41.83843],[-87.63638,41.82585],[-87.63641,41.82485]]},"properties":{"kind":"rail","name":"Metra"}},{"type":"Feature","geometry":{"type":"LineString","coordinates":[[-87.64635,41.60329],[-87.64559,41.60455],[-87.6451,41.6054]]},"properties":{"kind":"rail","name":"Canadian National"}},{"type":"Feature","geometry":{"type":"LineString","coordinates":[[-87.6451,41.6054],[-87.64418,41.6071],[-87.6441,41.60725]]},"properties":{"kind":"rail","name":"Canadian National"}},{"type":"Feature","geometry":{"type":"LineString","coordinates":[[-87.68193,41.83733],[-87.67903,41.83775],[-87.67795,41.83783],[-87.67647,41.83785],[-87.67564,41.83782],[-87.67502,41.83784]]},"properties":{"kind":"rail","name":"Canadian National"}},{"type":"Feature","geometry":{"type":"LineString","coordinates":[[-87.64612,41.84798],[-87.64592,41.84804],[-87.64561,41.84815],[-87.64512,41.84832],[-87.64408,41.84853],[-87.64398,41.84855],[-87.64383,41.84858],[-87.64372,41.84861],[-87.64313,41.84877],[-87.64268,41.84896],[-87.64129,41.84964],[-87.64062,41.85004],[-87.64023,41.85036],[-87.63995,41.85064],[-87.6397,41.85091],[-87.63933,41.85139]]},"properties":{"kind":"rail","name":"Canadian National"}},{"type":"Feature","geometry":{"type":"LineString","coordinates":[[-87.52879,41.70811],[-87.52581,41.70535],[-87.52531,41.70488],[-87.52482,41.7045]]},"properties":{"kind":"rail","name":"Norfolk Southern"}},{"type":"Feature","geometry":{"type":"LineString","coordinates":[[-87.52548,41.6308],[-87.52523,41.63074],[-87.5252,41.63073]]},"properties":{"kind":"rail","name":"CSX"}},{"type":"Feature","geometry":{"type":"LineString","coordinates":[[-87.68552,41.82439],[-87.68504,41.82379],[-87.68403,41.8223],[-87.68377,41.82198],[-87.6833,41.82158],[-87.68282,41.8213],[-87.68249,41.82115],[-87.68227,41.82103]]},"properties":{"kind":"rail","name":"Norfolk Southern"}},{"type":"Feature","geometry":{"type":"LineString","coordinates":[[-87.68227,41.82103],[-87.68139,41.82073],[-87.68079,41.82058],[-87.68012,41.82045],[-87.67919,41.82036],[-87.67833,41.82037],[-87.676,41.82054],[-87.67209,41.82093],[-87.67144,41.82097],[-87.67092,41.82092],[-87.66771,41.82037],[-87.66666,41.82016],[-87.6662,41.82012],[-87.66578,41.82013],[-87.66349,41.82047],[-87.6629,41.82062],[-87.6621,41.82089]]},"properties":{"kind":"rail","name":"Norfolk Southern"}},{"type":"Feature","geometry":{"type":"LineString","coordinates":[[-87.63992,41.78589],[-87.63984,41.78503],[-87.63978,41.78293],[-87.63968,41.77919],[-87.63968,41.77909],[-87.63968,41.77909],[-87.63966,41.77808],[-87.63961,41.77616],[-87.63956,41.77436],[-87.63951,41.77259],[-87.63947,41.77085],[-87.63944,41.76964],[-87.63944,41.76895],[-87.63944,41.76801],[-87.63942,41.76718],[-87.63936,41.76485]]},"properties":{"kind":"rail","name":"Metra"}},{"type":"Feature","geometry":{"type":"LineString","coordinates":[[-87.63939,41.80513],[-87.6392,41.80532],[-87.63908,41.80541],[-87.6387,41.80573],[-87.63825,41.80609],[-87.63817,41.80617],[-87.63788,41.80644],[-87.63783,41.8065],[-87.63756,41.80683],[-87.63753,41.80689],[-87.63734,41.80722],[-87.63727,41.80739],[-87.63713,41.80777],[-87.63704,41.8081],[-87.63679,41.809]]},"properties":{"kind":"rail","name":"Metra"}},{"type":"Feature","geometry":{"type":"LineString","coordinates":[[-87.63611,41.81831],[-87.63609,41.81794],[-87.6361,41.81772]]},"properties":{"kind":"rail","name":"Norfolk Southern"}},{"type":"Feature","geometry":{"type":"LineString","coordinates":[[-87.63613,41.81914],[-87.63613,41.81906],[-87.63611,41.81831]]},"properties":{"kind":"rail","name":"Metra"}},{"type":"Feature","geometry":{"type":"LineString","coordinates":[[-87.63903,41.82178],[-87.63819,41.82163],[-87.63766,41.82149],[-87.63723,41.82125],[-87.63686,41.82098],[-87.63652,41.8205],[-87.63636,41.82007],[-87.63613,41.81914]]},"properties":{"kind":"rail","name":"Norfolk Southern"}},{"type":"Feature","geometry":{"type":"LineString","coordinates":[[-87.54607,41.72173],[-87.54516,41.72107],[-87.54508,41.72101],[-87.54397,41.72016]]},"properties":{"kind":"rail","name":"Norfolk Southern"}},{"type":"Feature","geometry":{"type":"LineString","coordinates":[[-87.77817,41.83509],[-87.77718,41.83488],[-87.77573,41.83456],[-87.77321,41.83401],[-87.77077,41.83348],[-87.77001,41.83332]]},"properties":{"kind":"rail","name":"Canadian National"}},{"type":"Feature","geometry":{"type":"LineString","coordinates":[[-87.78429,41.83542],[-87.78313,41.83568],[-87.78177,41.83599],[-87.78172,41.836]]},"properties":{"kind":"rail","name":"BNSF Railway"}},{"type":"Feature","geometry":{"type":"LineString","coordinates":[[-87.74481,41.8443],[-87.7442,41.84442],[-87.74402,41.84445],[-87.74384,41.84448],[-87.74376,41.8445],[-87.74349,41.84456],[-87.74322,41.84462],[-87.74202,41.84489]]},"properties":{"kind":"rail","name":"BNSF Railway"}},{"type":"Feature","geometry":{"type":"LineString","coordinates":[[-87.64436,41.8899],[-87.64432,41.8899],[-87.64333,41.88992]]},"properties":{"kind":"rail","name":"Union Pacific"}},{"type":"Feature","geometry":{"type":"LineString","coordinates":[[-87.63734,41.86732],[-87.63733,41.86722],[-87.6371,41.86555],[-87.63705,41.86477],[-87.63698,41.86204],[-87.63699,41.8617],[-87.63702,41.86151],[-87.63708,41.86131],[-87.63722,41.86105],[-87.63733,41.86091],[-87.63734,41.8609],[-87.63747,41.86077],[-87.63767,41.86062],[-87.63792,41.86048],[-87.6382,41.86037],[-87.63848,41.8603],[-87.6387,41.86027],[-87.63916,41.86026]]},"properties":{"kind":"rail","name":"BNSF Railway"}},{"type":"Feature","geometry":{"type":"LineString","coordinates":[[-87.66849,41.91714],[-87.66814,41.91671],[-87.66779,41.91624],[-87.66773,41.91616],[-87.66706,41.91529]]},"properties":{"kind":"rail","name":"Union Pacific"}},{"type":"Feature","geometry":{"type":"LineString","coordinates":[[-87.61233,41.62872],[-87.61231,41.62381],[-87.61231,41.62232]]},"properties":{"kind":"rail","name":"Union Pacific"}},{"type":"Feature","geometry":{"type":"LineString","coordinates":[[-87.61233,41.68385],[-87.61228,41.68339],[-87.61199,41.68274],[-87.61016,41.67866],[-87.6098,41.67803],[-87.60939,41.67746],[-87.60221,41.66914]]},"properties":{"kind":"rail","name":"South Shore Line"}},{"type":"Feature","geometry":{"type":"LineString","coordinates":[[-87.60221,41.66914],[-87.59462,41.66037],[-87.59419,41.65998],[-87.59381,41.65966],[-87.59325,41.65927],[-87.59264,41.65892],[-87.59211,41.65869],[-87.59163,41.65851],[-87.59114,41.65836],[-87.5906,41.65822],[-87.58992,41.65812],[-87.58932,41.65805],[-87.58866,41.65804],[-87.58538,41.65805]]},"properties":{"kind":"rail","name":"South Shore Line"}},{"type":"Feature","geometry":{"type":"LineString","coordinates":[[-87.40667,41.62899],[-87.4062,41.62883],[-87.40603,41.62877],[-87.3994,41.62641],[-87.39557,41.62505],[-87.39404,41.6245],[-87.3908,41.62335]]},"properties":{"kind":"rail","name":"CSX"}},{"type":"Feature","geometry":{"type":"LineString","coordinates":[[-87.51724,41.63028],[-87.51361,41.63024],[-87.51253,41.63023],[-87.51153,41.63022],[-87.51126,41.63021],[-87.5088,41.63019],[-87.50806,41.63018]]},"properties":{"kind":"rail","name":"CSX"}},{"type":"Feature","geometry":{"type":"LineString","coordinates":[[-87.51992,41.62062],[-87.51989,41.62052],[-87.51985,41.62038],[-87.51977,41.6201],[-87.51971,41.61997],[-87.51956,41.61963],[-87.5195,41.61949],[-87.51934,41.61921],[-87.51919,41.61896],[-87.51913,41.61889],[-87.51893,41.61864],[-87.51879,41.61846],[-87.51865,41.61832],[-87.5184,41.61809],[-87.51828,41.61797],[-87.51805,41.6178],[-87.51767,41.61752],[-87.51751,41.61743],[-87.51688,41.61708],[-87.51618,41.61672],[-87.51485,41.61605],[-87.51374,41.61549],[-87.50888,41.61303],[-87.50632,41.61174],[-87.50333,41.61023],[-87.5,41.60855]]},"properties":{"kind":"rail","name":"Norfolk Southern"}},{"type":"Feature","geometry":{"type":"LineString","coordinates":[[-87.42306,41.61293],[-87.42304,41.61095],[-87.42304,41.61058],[-87.42304,41.61032],[-87.42303,41.60996],[-87.42303,41.60981],[-87.42303,41.60963],[-87.42303,41.60925],[-87.42303,41.60924],[-87.42302,41.60914],[-87.42302,41.60835],[-87.42301,41.60363]]},"properties":{"kind":"rail","name":"Canadian National"}},{"type":"Feature","geometry":{"type":"LineString","coordinates":[[-87.53648,41.64123],[-87.53604,41.64098],[-87.53499,41.64036],[-87.53422,41.63984],[-87.52825,41.63517],[-87.52742,41.63452]]},"properties":{"kind":"rail","name":"South Shore Line"}},{"type":"Feature","geometry":{"type":"LineString","coordinates":[[-87.52699,41.63417],[-87.52588,41.63328],[-87.52522,41.63273],[-87.52509,41.63262]]},"properties":{"kind":"rail","name":"South Shore Line"}},{"type":"Feature","geometry":{"type":"LineString","coordinates":[[-87.54891,41.63191],[-87.54877,41.63189],[-87.54831,41.63183],[-87.54791,41.63178],[-87.54762,41.63173],[-87.5469,41.63148]]},"properties":{"kind":"rail","name":"CSX"}},{"type":"Feature","geometry":{"type":"LineString","coordinates":[[-87.67113,41.85974],[-87.67106,41.85974],[-87.66925,41.85976],[-87.66924,41.85976],[-87.6689,41.85977]]},"properties":{"kind":"rail","name":"BNSF Railway"}},{"type":"Feature","geometry":{"type":"LineString","coordinates":[[-87.62263,41.87164],[-87.62253,41.87114],[-87.62246,41.87088]]},"properties":{"kind":"rail","name":"Metra"}},{"type":"Feature","geometry":{"type":"LineString","coordinates":[[-87.67217,41.85972],[-87.67113,41.85974]]},"properties":{"kind":"rail","name":"BNSF Railway"}},{"type":"Feature","geometry":{"type":"LineString","coordinates":[[-87.43279,41.61012],[-87.43251,41.61011],[-87.43204,41.61007],[-87.42678,41.60974],[-87.42562,41.60963],[-87.42526,41.60958],[-87.42493,41.60954],[-87.42447,41.60947],[-87.42307,41.60925],[-87.42303,41.60924],[-87.42301,41.60924]]},"properties":{"kind":"rail","name":"South Shore Line"}},{"type":"Feature","geometry":{"type":"LineString","coordinates":[[-87.61094,41.8384],[-87.60974,41.83574],[-87.60911,41.83418],[-87.60893,41.83378],[-87.60843,41.83299],[-87.60726,41.83135],[-87.60538,41.82896],[-87.60371,41.8267],[-87.60279,41.82545],[-87.60242,41.82495],[-87.60202,41.82443],[-87.6017,41.82404],[-87.60067,41.82273],[-87.59647,41.81707],[-87.59501,41.81487],[-87.59168,41.81017],[-87.59123,41.80954]]},"properties":{"kind":"rail","name":"Metra"}},{"type":"Feature","geometry":{"type":"LineString","coordinates":[[-87.63798,41.87192],[-87.6382,41.87335],[-87.63836,41.8741],[-87.63845,41.87484],[-87.63846,41.87539],[-87.63858,41.87767],[-87.63863,41.87862]]},"properties":{"kind":"rail","name":"Amtrak"}},{"type":"Feature","geometry":{"type":"LineString","coordinates":[[-87.61848,41.64574],[-87.61816,41.64544],[-87.61725,41.64457],[-87.61534,41.64274],[-87.6144,41.64183],[-87.61427,41.64171],[-87.61421,41.64166],[-87.61402,41.64151],[-87.61384,41.64137]]},"properties":{"kind":"rail","name":"CSX"}},{"type":"Feature","geometry":{"type":"LineString","coordinates":[[-87.63579,41.80914],[-87.63571,41.80867],[-87.6348,41.80489],[-87.63468,41.80433],[-87.63464,41.80416],[-87.63459,41.80344],[-87.63455,41.80187],[-87.63452,41.80074],[-87.63451,41.80035],[-87.63452,41.79988],[-87.63452,41.79967],[-87.63453,41.79953],[-87.63459,41.79907],[-87.6346,41.79898],[-87.63488,41.79752],[-87.63498,41.79698],[-87.63534,41.79551],[-87.63539,41.79512],[-87.6354,41.79503],[-87.63541,41.79469]]},"properties":{"kind":"rail","name":"Norfolk Southern"}},{"type":"Feature","geometry":{"type":"LineString","coordinates":[[-87.63947,41.75463],[-87.63936,41.75368],[-87.6392,41.75252],[-87.63904,41.75148],[-87.63899,41.75116],[-87.63866,41.7489],[-87.63851,41.74804],[-87.6384,41.74766],[-87.63814,41.74711]]},"properties":{"kind":"rail","name":"Norfolk Southern"}},{"type":"Feature","geometry":{"type":"LineString","coordinates":[[-87.63814,41.74711],[-87.63777,41.74643],[-87.6373,41.74552],[-87.63695,41.74489],[-87.63467,41.74046],[-87.63424,41.73961],[-87.63405,41.73914],[-87.63405,41.73913],[-87.63393,41.73865],[-87.63385,41.73808],[-87.63385,41.73778],[-87.63384,41.73758]]},"properties":{"kind":"rail","name":"Norfolk Southern"}},{"type":"Feature","geometry":{"type":"LineString","coordinates":[[-87.63798,41.87192],[-87.63783,41.87093],[-87.63772,41.87017]]},"properties":{"kind":"rail","name":"Amtrak"}},{"type":"Feature","geometry":{"type":"LineString","coordinates":[[-87.58883,41.72312],[-87.58861,41.72308],[-87.58838,41.72304],[-87.58821,41.723],[-87.58802,41.72296],[-87.5876,41.72283]]},"properties":{"kind":"rail","name":"Norfolk Southern"}},{"type":"Feature","geometry":{"type":"LineString","coordinates":[[-87.59072,41.72319],[-87.58947,41.72317],[-87.58883,41.72312]]},"properties":{"kind":"rail","name":"Norfolk Southern"}},{"type":"Feature","geometry":{"type":"LineString","coordinates":[[-87.49236,41.60469],[-87.48191,41.59941]]},"properties":{"kind":"rail","name":"Norfolk Southern"}},{"type":"Feature","geometry":{"type":"LineString","coordinates":[[-87.42301,41.60363],[-87.42301,41.60182],[-87.423,41.59902],[-87.423,41.59885],[-87.423,41.59885],[-87.423,41.59864]]},"properties":{"kind":"rail","name":"Canadian National"}},{"type":"Feature","geometry":{"type":"LineString","coordinates":[[-87.48399,41.63053],[-87.48359,41.63053],[-87.48223,41.63055],[-87.47982,41.63059]]},"properties":{"kind":"rail","name":"CSX"}},{"type":"Feature","geometry":{"type":"LineString","coordinates":[[-87.43955,41.6302],[-87.43281,41.63011],[-87.43237,41.6301],[-87.43199,41.6301],[-87.43169,41.63009],[-87.42214,41.62995]]},"properties":{"kind":"rail","name":"CSX"}},{"type":"Feature","geometry":{"type":"LineString","coordinates":[[-87.44458,41.65473],[-87.44421,41.65447],[-87.44378,41.65417],[-87.44285,41.65352],[-87.44263,41.65337],[-87.44255,41.65332],[-87.44242,41.65322],[-87.44164,41.65268],[-87.44057,41.65184],[-87.44028,41.65161],[-87.43951,41.65096],[-87.43693,41.64869],[-87.43677,41.64855],[-87.43649,41.64831],[-87.43436,41.64644],[-87.43291,41.64516],[-87.4314,41.64383],[-87.42904,41.64176],[-87.42798,41.64089],[-87.42744,41.64044],[-87.42625,41.63951],[-87.42598,41.63931],[-87.42493,41.63856],[-87.42324,41.63741]]},"properties":{"kind":"rail","name":"Norfolk Southern"}},{"type":"Feature","geometry":{"type":"LineString","coordinates":[[-87.4498,41.63035],[-87.43955,41.6302]]},"properties":{"kind":"rail","name":"CSX"}},{"type":"Feature","geometry":{"type":"LineString","coordinates":[[-87.50023,41.68682],[-87.49846,41.6857],[-87.49804,41.68544],[-87.49794,41.68539],[-87.49747,41.68515],[-87.49742,41.68513],[-87.49694,41.68494],[-87.49677,41.68487],[-87.49641,41.68476],[-87.49596,41.68463],[-87.49545,41.68451],[-87.49464,41.68431],[-87.49417,41.68419],[-87.49397,41.68414],[-87.49378,41.68407]]},"properties":{"kind":"rail","name":"Norfolk Southern"}},{"type":"Feature","geometry":{"type":"LineString","coordinates":[[-87.46135,41.63051],[-87.46001,41.6305],[-87.46,41.6305],[-87.45994,41.63049]]},"properties":{"kind":"rail","name":"CSX"}},{"type":"Feature","geometry":{"type":"LineString","coordinates":[[-87.40737,41.62905],[-87.40716,41.62914],[-87.40716,41.62915],[-87.40711,41.62917],[-87.40709,41.62918],[-87.40674,41.62933],[-87.40668,41.62936],[-87.4065,41.62943],[-87.4065,41.62943],[-87.40645,41.62946],[-87.4064,41.62948],[-87.40622,41.62954]]},"properties":{"kind":"rail","name":"Canadian National"}},{"type":"Feature","geometry":{"type":"LineString","coordinates":[[-87.45369,41.66107],[-87.45252,41.66028],[-87.45241,41.66021],[-87.45227,41.66011],[-87.45206,41.65996],[-87.45074,41.65902],[-87.45016,41.6586]]},"properties":{"kind":"rail","name":"Norfolk Southern"}},{"type":"Feature","geometry":{"type":"LineString","coordinates":[[-87.47389,41.6733],[-87.4669,41.6696],[-87.46536,41.66879],[-87.46439,41.66824],[-87.46411,41.66808],[-87.46324,41.66755],[-87.46291,41.66735],[-87.46202,41.66675],[-87.46194,41.6667],[-87.46116,41.66616],[-87.45795,41.66394],[-87.4566,41.663],[-87.45433,41.66151],[-87.45369,41.66107]]},"properties":{"kind":"rail","name":"Norfolk Southern"}},{"type":"Feature","geometry":{"type":"LineString","coordinates":[[-87.49392,41.63038],[-87.49047,41.63043],[-87.48399,41.63053]]},"properties":{"kind":"rail","name":"CSX"}},{"type":"Feature","geometry":{"type":"LineString","coordinates":[[-87.41504,41.62985],[-87.41171,41.62981],[-87.41166,41.6298]]},"properties":{"kind":"rail","name":"CSX"}},{"type":"Feature","geometry":{"type":"LineString","coordinates":[[-87.49967,41.63029],[-87.49937,41.6303]]},"properties":{"kind":"rail","name":"CSX"}},{"type":"Feature","geometry":{"type":"LineString","coordinates":[[-87.49937,41.6303],[-87.49392,41.63038]]},"properties":{"kind":"rail","name":"CSX"}},{"type":"Feature","geometry":{"type":"LineString","coordinates":[[-87.45016,41.6586],[-87.44954,41.65816],[-87.44639,41.65599],[-87.44567,41.65549],[-87.44521,41.65517]]},"properties":{"kind":"rail","name":"Norfolk Southern"}},{"type":"Feature","geometry":{"type":"LineString","coordinates":[[-87.40992,41.63054],[-87.40877,41.6301],[-87.40739,41.62961],[-87.40674,41.62938],[-87.40668,41.62936],[-87.40426,41.6285],[-87.40162,41.62756],[-87.39428,41.62494],[-87.39404,41.62486],[-87.39284,41.62443],[-87.38471,41.62154],[-87.37508,41.61811],[-87.3708,41.61658],[-87.36952,41.61613]]},"properties":{"kind":"rail","name":"Norfolk Southern"}},{"type":"Feature","geometry":{"type":"LineString","coordinates":[[-87.43828,41.61028],[-87.43655,41.61023],[-87.43279,41.61012]]},"properties":{"kind":"rail","name":"South Shore Line"}},{"type":"Feature","geometry":{"type":"LineString","coordinates":[[-87.51467,41.69545],[-87.51589,41.69617],[-87.51695,41.69699],[-87.51984,41.69938],[-87.52141,41.70088],[-87.52242,41.70206],[-87.52356,41.70325]]},"properties":{"kind":"rail","name":"Norfolk Southern"}},{"type":"Feature","geometry":{"type":"LineString","coordinates":[[-87.50753,41.69141],[-87.50623,41.69059],[-87.50491,41.68976],[-87.50149,41.68761],[-87.50023,41.68682]]},"properties":{"kind":"rail","name":"Norfolk Southern"}},{"type":"Feature","geometry":{"type":"LineString","coordinates":[[-87.51467,41.69545],[-87.51343,41.69459],[-87.51097,41.69323],[-87.50941,41.69231]]},"properties":{"kind":"rail","name":"Norfolk Southern"}},{"type":"Feature","geometry":{"type":"LineString","coordinates":[[-87.40622,41.62954],[-87.40586,41.62979],[-87.40564,41.62996],[-87.40544,41.63019],[-87.40532,41.63043],[-87.40528,41.63061],[-87.40526,41.63074],[-87.40526,41.63087],[-87.40533,41.6311],[-87.40544,41.63131],[-87.40567,41.63169]]},"properties":{"kind":"rail","name":"Canadian National"}},{"type":"Feature","geometry":{"type":"LineString","coordinates":[[-87.61233,41.63822],[-87.61232,41.63894]]},"properties":{"kind":"rail","name":"Union Pacific"}},{"type":"Feature","geometry":{"type":"LineString","coordinates":[[-87.56443,41.69517],[-87.56441,41.69428]]},"properties":{"kind":"rail","name":"Norfolk Southern"}},{"type":"Feature","geometry":{"type":"LineString","coordinates":[[-87.46135,41.63051],[-87.4649,41.63057],[-87.46634,41.63059],[-87.46641,41.63059],[-87.46824,41.63061],[-87.46857,41.63062],[-87.47054,41.63065],[-87.47123,41.63066],[-87.47169,41.63066],[-87.4719,41.63067],[-87.47191,41.63067],[-87.47194,41.63067],[-87.47343,41.63069],[-87.4741,41.63068],[-87.47551,41.63066],[-87.47617,41.63065],[-87.47803,41.63062],[-87.47982,41.63059]]},"properties":{"kind":"rail","name":"CSX"}},{"type":"Feature","geometry":{"type":"LineString","coordinates":[[-87.45994,41.63049],[-87.45989,41.63049],[-87.45981,41.63049],[-87.4598,41.63049],[-87.45964,41.63049]]},"properties":{"kind":"rail","name":"CSX"}},{"type":"Feature","geometry":{"type":"LineString","coordinates":[[-87.45964,41.63049],[-87.45959,41.63049],[-87.45445,41.63042],[-87.4498,41.63035]]},"properties":{"kind":"rail","name":"CSX"}},{"type":"Feature","geometry":{"type":"LineString","coordinates":[[-87.50074,41.63026],[-87.50052,41.63018],[-87.50008,41.62999],[-87.49969,41.6298],[-87.49921,41.62953],[-87.49828,41.62897],[-87.49614,41.6277],[-87.49454,41.62674],[-87.49392,41.62636],[-87.49351,41.62605],[-87.49311,41.62571],[-87.49274,41.62535],[-87.49244,41.625],[-87.49211,41.62456],[-87.49189,41.62421],[-87.49165,41.62374],[-87.49145,41.62325],[-87.4906,41.61974],[-87.4905,41.61937],[-87.49038,41.61902],[-87.49021,41.61861],[-87.48997,41.61815],[-87.48971,41.61776],[-87.48947,41.61745],[-87.48908,41.617],[-87.48873,41.61664],[-87.48825,41.61626],[-87.48763,41.61583],[-87.48657,41.61526],[-87.48069,41.61245],[-87.47984,41.61205]]},"properties":{"kind":"rail","name":"South Shore Line"}},{"type":"Feature","geometry":{"type":"LineString","coordinates":[[-87.5215,41.62802],[-87.52177,41.62842],[-87.52187,41.62856],[-87.52217,41.6289],[-87.52227,41.62901],[-87.52261,41.62932],[-87.52262,41.62933],[-87.52301,41.62965],[-87.52305,41.62968],[-87.52321,41.6298],[-87.52392,41.63036],[-87.52405,41.63046],[-87.52415,41.63054],[-87.52423,41.6306],[-87.52441,41.63074],[-87.52463,41.63091],[-87.52476,41.63101],[-87.52487,41.63109],[-87.52506,41.63124],[-87.52506,41.63124],[-87.52522,41.63136],[-87.52599,41.63196]]},"properties":{"kind":"rail","name":"Norfolk Southern"}},{"type":"Feature","geometry":{"type":"LineString","coordinates":[[-87.54594,41.63111],[-87.54529,41.63085],[-87.54492,41.63071],[-87.54458,41.63058],[-87.54423,41.63047],[-87.544,41.63039],[-87.54359,41.63031],[-87.54312,41.6302],[-87.54261,41.63014],[-87.54234,41.63012],[-87.54208,41.6301],[-87.53938,41.6301],[-87.53609,41.63014],[-87.53571,41.63016],[-87.53541,41.6302],[-87.53499,41.63029],[-87.53444,41.63047],[-87.53337,41.63095],[-87.53292,41.63114],[-87.53251,41.63127],[-87.53214,41.63136],[-87.53175,41.63143],[-87.53124,41.63148],[-87.53052,41.63148],[-87.52961,41.63146],[-87.52889,41.63138],[-87.5281,41.63126],[-87.52548,41.6308]]},"properties":{"kind":"rail","name":"CSX"}},{"type":"Feature","geometry":{"type":"LineString","coordinates":[[-87.637,41.85378],[-87.63701,41.85385],[-87.63701,41.85385],[-87.63701,41.85388],[-87.63701,41.85401],[-87.63701,41.8541],[-87.63701,41.85411],[-87.63701,41.85412],[-87.63701,41.85429],[-87.63702,41.85508]]},"properties":{"kind":"rail","name":"Norfolk Southern"}},{"type":"Feature","geometry":{"type":"LineString","coordinates":[[-87.69388,41.75412],[-87.6926,41.75469],[-87.68842,41.75654],[-87.68772,41.75678],[-87.68686,41.75699],[-87.68596,41.75713],[-87.68469,41.75733],[-87.684,41.75744],[-87.68339,41.75748],[-87.68272,41.7575],[-87.68122,41.7575],[-87.68036,41.7575]]},"properties":{"kind":"rail","name":"Metra"}},{"type":"Feature","geometry":{"type":"LineString","coordinates":[[-87.55753,41.65663],[-87.55625,41.65581],[-87.55612,41.65572],[-87.55126,41.65196],[-87.54958,41.65066],[-87.54821,41.64959],[-87.54739,41.64896],[-87.54507,41.64716],[-87.54486,41.64698],[-87.5446,41.64676],[-87.5439,41.64608]]},"properties":{"kind":"rail","name":"Norfolk Southern"}},{"type":"Feature","geometry":{"type":"LineString","coordinates":[[-87.65997,41.75784],[-87.66545,41.75764],[-87.66854,41.75762],[-87.67449,41.75755],[-87.6763,41.75748],[-87.67649,41.75748],[-87.67778,41.75746],[-87.67805,41.75745],[-87.67809,41.75745],[-87.67855,41.75744],[-87.67856,41.75744],[-87.67865,41.75744],[-87.6787,41.75744],[-87.67932,41.75744],[-87.68036,41.7575]]},"properties":{"kind":"rail","name":"Metra"}},{"type":"Feature","geometry":{"type":"LineString","coordinates":[[-87.94106,41.89964],[-87.93999,41.89952],[-87.93829,41.89934],[-87.93639,41.89913],[-87.93347,41.89881],[-87.93074,41.89858],[-87.93013,41.89852],[-87.92521,41.89797],[-87.92509,41.89796]]},"properties":{"kind":"rail","name":"Union Pacific"}},{"type":"Feature","geometry":{"type":"LineString","coordinates":[[-87.92509,41.89796],[-87.92262,41.89765],[-87.92147,41.89751],[-87.92058,41.89738],[-87.92057,41.89738]]},"properties":{"kind":"rail","name":"Union Pacific"}},{"type":"Feature","geometry":{"type":"LineString","coordinates":[[-87.68826,41.88908],[-87.68798,41.88897],[-87.68743,41.88875],[-87.68727,41.88869],[-87.68704,41.88862],[-87.68696,41.88861]]},"properties":{"kind":"rail","name":"Metra"}},{"type":"Feature","geometry":{"type":"LineString","coordinates":[[-87.91614,41.89629],[-87.91021,41.89471],[-87.90929,41.89447],[-87.90755,41.89407],[-87.90608,41.89381],[-87.9051,41.89366],[-87.90325,41.89344],[-87.9006,41.89317],[-87.89812,41.89291],[-87.89715,41.89282],[-87.8955,41.89265],[-87.89244,41.89232],[-87.88596,41.89165],[-87.88459,41.89152],[-87.88416,41.89149],[-87.88342,41.89145],[-87.88268,41.89143]]},"properties":{"kind":"rail","name":"Union Pacific"}},{"type":"Feature","geometry":{"type":"LineString","coordinates":[[-87.65037,41.61779],[-87.64978,41.61746],[-87.64925,41.61716],[-87.64853,41.61674],[-87.648,41.6164],[-87.64744,41.61605],[-87.64735,41.61599],[-87.64638,41.61533],[-87.64621,41.61522],[-87.64498,41.61439],[-87.64458,41.61412],[-87.64376,41.61357],[-87.64308,41.61311]]},"properties":{"kind":"rail","name":"CSX"}},{"type":"Feature","geometry":{"type":"LineString","coordinates":[[-87.68654,41.92793],[-87.6814,41.92497],[-87.67909,41.92363],[-87.6778,41.92292],[-87.67514,41.92143],[-87.67288,41.92014],[-87.67107,41.9191],[-87.67036,41.91869],[-87.67005,41.91849],[-87.66968,41.91823],[-87.6693,41.91793],[-87.6689,41.91757],[-87.66866,41.91734],[-87.66849,41.91714]]},"properties":{"kind":"rail","name":"Union Pacific"}},{"type":"Feature","geometry":{"type":"LineString","coordinates":[[-87.66805,41.91711],[-87.66775,41.91656],[-87.66754,41.91619],[-87.66706,41.91529]]},"properties":{"kind":"rail","name":"Union Pacific"}},{"type":"Feature","geometry":{"type":"LineString","coordinates":[[-87.6689,41.85977],[-87.66851,41.85977],[-87.66788,41.85978],[-87.66762,41.85978],[-87.66735,41.85979],[-87.66694,41.85982],[-87.66636,41.85984],[-87.66623,41.85985],[-87.66558,41.85989],[-87.66385,41.85992],[-87.66289,41.85993],[-87.66139,41.85996],[-87.65919,41.85999],[-87.65877,41.86],[-87.65791,41.86001],[-87.65714,41.86006],[-87.6568,41.86008],[-87.6565,41.86011],[-87.65619,41.86014],[-87.65603,41.86015],[-87.65465,41.86025],[-87.65441,41.86027],[-87.65305,41.86036],[-87.65271,41.86038],[-87.65255,41.86039],[-87.65207,41.8604],[-87.65194,41.8604]]},"properties":{"kind":"rail","name":"BNSF Railway"}},{"type":"Feature","geometry":{"type":"LineString","coordinates":[[-87.70022,41.72085],[-87.69955,41.72017],[-87.6986,41.71917],[-87.69807,41.71857],[-87.6977,41.71802],[-87.69734,41.71739],[-87.69697,41.71637],[-87.69678,41.71559],[-87.69673,41.71466],[-87.6967,41.71367],[-87.69668,41.71277],[-87.69664,41.71198],[-87.69661,41.71098],[-87.6966,41.71007],[-87.69652,41.70916],[-87.6965,41.70827],[-87.69648,41.70736],[-87.69646,41.7063],[-87.6962,41.69917],[-87.69593,41.69284],[-87.6959,41.69187],[-87.6958,41.68827],[-87.69563,41.68438],[-87.6954,41.67709],[-87.69511,41.6698],[-87.69504,41.66756],[-87.69494,41.66685],[-87.69478,41.6661],[-87.69459,41.66547],[-87.6939,41.66428],[-87.69348,41.66368],[-87.69261,41.66252],[-87.6899,41.65897],[-87.68919,41.65799],[-87.68872,41.65721],[-87.68839,41.65645],[-87.68805,41.65538],[-87.68793,41.65494],[-87.68725,41.65258],[-87.68706,41.65191],[-87.68696,41.65157],[-87.68673,41.65071],[-87.68671,41.65064],[-87.68658,41.65022],[-87.68637,41.64946]]},"properties":{"kind":"rail","name":"CSX"}},{"type":"Feature","geometry":{"type":"LineString","coordinates":[[-87.71245,41.7608],[-87.7124,41.75933],[-87.71239,41.75872],[-87.71236,41.75783],[-87.71234,41.75742],[-87.71234,41.75723],[-87.71234,41.75717],[-87.71231,41.75602]]},"properties":{"kind":"rail","name":"CSX"}},{"type":"Feature","geometry":{"type":"LineString","coordinates":[[-87.91757,41.80542],[-87.9167,41.80561],[-87.91548,41.80589],[-87.91351,41.80633],[-87.9112,41.80686],[-87.90814,41.80755],[-87.9019,41.80896],[-87.90119,41.80912]]},"properties":{"kind":"rail","name":"BNSF Railway"}},{"type":"Feature","geometry":{"type":"LineString","coordinates":[[-87.71364,41.80121],[-87.71363,41.80067],[-87.71343,41.79517],[-87.7134,41.79388]]},"properties":{"kind":"rail","name":"CSX"}},{"type":"Feature","geometry":{"type":"LineString","coordinates":[[-87.5245,41.70425],[-87.52445,41.70422],[-87.52445,41.70421],[-87.52396,41.70383],[-87.52383,41.70373],[-87.52379,41.70371],[-87.52309,41.70329],[-87.52261,41.70305],[-87.52086,41.70218],[-87.52078,41.70215],[-87.52015,41.7018],[-87.52002,41.70172],[-87.51944,41.70135],[-87.51894,41.70096],[-87.51886,41.7009],[-87.51815,41.70027],[-87.51622,41.69848],[-87.51606,41.69832],[-87.51551,41.6977],[-87.51547,41.69765],[-87.51493,41.69691],[-87.51458,41.69644],[-87.5143,41.69611],[-87.51415,41.69593],[-87.51394,41.69573],[-87.5135,41.6953],[-87.51327,41.69513],[-87.51278,41.69474],[-87.51269,41.69467],[-87.51057,41.69331],[-87.51003,41.69297],[-87.50846,41.69199],[-87.50753,41.69141]]},"properties":{"kind":"rail","name":"Norfolk Southern"}},{"type":"Feature","geometry":{"type":"LineString","coordinates":[[-87.77001,41.83332],[-87.76782,41.83284],[-87.76761,41.83281],[-87.76697,41.83271],[-87.7664,41.83265],[-87.7661,41.83262],[-87.76534,41.83258],[-87.76519,41.83257],[-87.76443,41.83256],[-87.76429,41.83256],[-87.7541,41.83272],[-87.74523,41.83285]]},"properties":{"kind":"rail","name":"Canadian National"}},{"type":"Feature","geometry":{"type":"LineString","coordinates":[[-87.6655,41.66518],[-87.66435,41.6662],[-87.66284,41.66745],[-87.66252,41.66773],[-87.66112,41.66898],[-87.66068,41.66934]]},"properties":{"kind":"rail","name":"Metra"}},{"type":"Feature","geometry":{"type":"LineString","coordinates":[[-87.97103,41.69505],[-87.96241,41.69793],[-87.956,41.70008],[-87.954,41.70081],[-87.95222,41.70155],[-87.95158,41.70185],[-87.95045,41.70238],[-87.94875,41.70325],[-87.9473,41.70408],[-87.94579,41.70503],[-87.94491,41.70562],[-87.94385,41.70638],[-87.93809,41.71081],[-87.93702,41.71154],[-87.93613,41.71208],[-87.93515,41.7126],[-87.93359,41.71336],[-87.93233,41.71395],[-87.92978,41.71514],[-87.9246,41.71757],[-87.92374,41.71794],[-87.92283,41.71834],[-87.92157,41.7188],[-87.9205,41.71913],[-87.91943,41.71941],[-87.91817,41.71968],[-87.91662,41.71992],[-87.91456,41.72017],[-87.91437,41.7202]]},"properties":{"kind":"rail","name":"BNSF Railway"}},{"type":"Feature","geometry":{"type":"LineString","coordinates":[[-87.64333,41.88992],[-87.6429,41.88988],[-87.64259,41.8898],[-87.64224,41.88968],[-87.6418,41.8895]]},"properties":{"kind":"rail","name":"Union Pacific"}},{"type":"Feature","geometry":{"type":"LineString","coordinates":[[-87.63247,41.87518],[-87.63243,41.8737],[-87.6324,41.87277],[-87.63208,41.87154]]},"properties":{"kind":"rail","name":"Metra"}},{"type":"Feature","geometry":{"type":"LineString","coordinates":[[-87.58763,41.79326],[-87.5876,41.79338],[-87.58748,41.79388],[-87.58704,41.79598],[-87.58694,41.79746],[-87.58693,41.79869],[-87.58702,41.80001]]},"properties":{"kind":"rail","name":"Metra"}},{"type":"Feature","geometry":{"type":"LineString","coordinates":[[-87.676,41.65615],[-87.6753,41.65676],[-87.67469,41.65725]]},"properties":{"kind":"rail","name":"Metra"}},{"type":"Feature","geometry":{"type":"LineString","coordinates":[[-87.68479,41.64878],[-87.68267,41.65045],[-87.68109,41.65176],[-87.68021,41.65248],[-87.67977,41.65282],[-87.67949,41.65303],[-87.67743,41.6548]]},"properties":{"kind":"rail","name":"Metra"}},{"type":"Feature","geometry":{"type":"LineString","coordinates":[[-87.5926,41.77134],[-87.59395,41.76576],[-87.59549,41.75866],[-87.59576,41.75751],[-87.59576,41.7575],[-87.59738,41.75042]]},"properties":{"kind":"rail","name":"Metra"}},{"type":"Feature","geometry":{"type":"LineString","coordinates":[[-87.82261,41.78313],[-87.82186,41.78384]]},"properties":{"kind":"rail","name":"Canadian National"}},{"type":"Feature","geometry":{"type":"LineString","coordinates":[[-87.66706,41.91529],[-87.66646,41.91435],[-87.66592,41.91351],[-87.66408,41.91068]]},"properties":{"kind":"rail","name":"Union Pacific"}},{"type":"Feature","geometry":{"type":"LineString","coordinates":[[-87.92048,41.87641],[-87.92048,41.87641],[-87.90224,41.8711],[-87.89804,41.86987],[-87.8975,41.86972]]},"properties":{"kind":"rail","name":"Canadian National"}},{"type":"Feature","geometry":{"type":"LineString","coordinates":[[-87.73652,41.83298],[-87.73639,41.83299],[-87.73297,41.83304]]},"properties":{"kind":"rail","name":"Canadian National"}},{"type":"Feature","geometry":{"type":"LineString","coordinates":[[-87.73297,41.83304],[-87.73043,41.83308],[-87.72656,41.83313]]},"properties":{"kind":"rail","name":"Canadian National"}},{"type":"Feature","geometry":{"type":"LineString","coordinates":[[-87.72656,41.83313],[-87.72068,41.83322]]},"properties":{"kind":"rail","name":"Canadian National"}},{"type":"Feature","geometry":{"type":"LineString","coordinates":[[-87.69158,41.85611],[-87.69107,41.85622],[-87.69027,41.85638],[-87.68993,41.85643]]},"properties":{"kind":"rail","name":"BNSF Railway"}},{"type":"Feature","geometry":{"type":"LineString","coordinates":[[-87.64839,41.86044],[-87.64713,41.86046]]},"properties":{"kind":"rail","name":"BNSF Railway"}},{"type":"Feature","geometry":{"type":"LineString","coordinates":[[-87.55827,41.65711],[-87.55753,41.65663]]},"properties":{"kind":"rail","name":"Norfolk Southern"}},{"type":"Feature","geometry":{"type":"LineString","coordinates":[[-87.52704,41.63277],[-87.52636,41.63225]]},"properties":{"kind":"rail","name":"Norfolk Southern"}},{"type":"Feature","geometry":{"type":"LineString","coordinates":[[-87.54361,41.64624],[-87.5422,41.64515],[-87.54197,41.64498],[-87.54124,41.64441],[-87.53981,41.64334],[-87.53944,41.64306]]},"properties":{"kind":"rail","name":"South Shore Line"}},{"type":"Feature","geometry":{"type":"LineString","coordinates":[[-87.59716,41.75017],[-87.5972,41.74983],[-87.59724,41.7496],[-87.5976,41.748],[-87.59761,41.74798],[-87.59764,41.74766],[-87.59767,41.74748],[-87.59784,41.74669],[-87.59788,41.74655],[-87.59804,41.74584],[-87.59808,41.7457]]},"properties":{"kind":"rail","name":"Canadian National"}},{"type":"Feature","geometry":{"type":"LineString","coordinates":[[-87.61419,41.67631],[-87.61549,41.67063],[-87.61714,41.66339],[-87.61866,41.65674],[-87.61887,41.65592],[-87.619,41.65539],[-87.61919,41.65481],[-87.61938,41.65422],[-87.61954,41.6538],[-87.61972,41.65332],[-87.62011,41.65249],[-87.62011,41.65248],[-87.62023,41.65226],[-87.62171,41.64949],[-87.62203,41.64888],[-87.62204,41.64887],[-87.62213,41.64871],[-87.62215,41.64866],[-87.62235,41.64828],[-87.62304,41.64693]]},"properties":{"kind":"rail","name":"Metra"}},{"type":"Feature","geometry":{"type":"LineString","coordinates":[[-87.64366,41.60841],[-87.64701,41.60216],[-87.6494,41.5977],[-87.65114,41.59444],[-87.65834,41.581]]},"properties":{"kind":"rail","name":"Metra"}},{"type":"Feature","geometry":{"type":"LineString","coordinates":[[-87.62973,41.84229],[-87.62962,41.83826],[-87.62944,41.83135]]},"properties":{"kind":"rail","name":"Metra"}},{"type":"Feature","geometry":{"type":"LineString","coordinates":[[-87.62816,41.78677],[-87.62832,41.78549]]},"properties":{"kind":"rail","name":"Metra"}},{"type":"Feature","geometry":{"type":"LineString","coordinates":[[-87.62849,41.79731],[-87.62838,41.79427],[-87.62829,41.79095],[-87.62821,41.78848],[-87.62816,41.78686],[-87.62816,41.78677]]},"properties":{"kind":"rail","name":"Metra"}},{"type":"Feature","geometry":{"type":"LineString","coordinates":[[-87.6361,41.81772],[-87.63611,41.81724],[-87.63611,41.81712]]},"properties":{"kind":"rail","name":"Metra"}},{"type":"Feature","geometry":{"type":"LineString","coordinates":[[-87.67819,41.74714],[-87.67819,41.7471],[-87.67825,41.74678],[-87.6783,41.74666],[-87.67836,41.74646],[-87.6785,41.74619],[-87.67852,41.74614],[-87.67873,41.74582],[-87.67874,41.74581],[-87.67898,41.74554],[-87.67905,41.74549],[-87.67933,41.74524],[-87.67948,41.74514],[-87.67968,41.74499],[-87.67998,41.74485],[-87.68,41.74484],[-87.68035,41.7447],[-87.68059,41.74463],[-87.68078,41.74458],[-87.68115,41.74451],[-87.68116,41.74451],[-87.68155,41.74448],[-87.68195,41.74447],[-87.68385,41.74444],[-87.68412,41.74443],[-87.68437,41.74442],[-87.68485,41.74435],[-87.68486,41.74435],[-87.68529,41.74424],[-87.6854,41.7442],[-87.68561,41.74413],[-87.68583,41.74404],[-87.68598,41.74397],[-87.68634,41.74375],[-87.68636,41.74373],[-87.68665,41.74352],[-87.6867,41.74347],[-87.68691,41.74326],[-87.68695,41.74321],[-87.68707,41.74304],[-87.68716,41.74292],[-87.68721,41.74285],[-87.68732,41.74265],[-87.68735,41.74258],[-87.68741,41.74237],[-87.68744,41.74227],[-87.68748,41.74204],[-87.68748,41.74202],[-87.6875,41.74161],[-87.6875,41.74161],[-87.68744,41.73997],[-87.68745,41.73905],[-87.68738,41.73647],[-87.68734,41.73548]]},"properties":{"kind":"rail","name":"CSX"}},{"type":"Feature","geometry":{"type":"LineString","coordinates":[[-87.62064,41.6478],[-87.62036,41.64757],[-87.62033,41.64754],[-87.62008,41.64729],[-87.61981,41.64701],[-87.6195,41.64672],[-87.61938,41.6466],[-87.61889,41.64614],[-87.61848,41.64574]]},"properties":{"kind":"rail","name":"Norfolk Southern"}},{"type":"Feature","geometry":{"type":"LineString","coordinates":[[-87.60792,41.64086],[-87.60603,41.64089]]},"properties":{"kind":"rail","name":"CSX"}},{"type":"Feature","geometry":{"type":"LineString","coordinates":[[-87.52356,41.70325],[-87.52386,41.70348],[-87.52446,41.70399],[-87.52452,41.70405]]},"properties":{"kind":"rail","name":"Norfolk Southern"}},{"type":"Feature","geometry":{"type":"LineString","coordinates":[[-87.50941,41.69231],[-87.50824,41.6917],[-87.50753,41.69141]]},"properties":{"kind":"rail","name":"Norfolk Southern"}},{"type":"Feature","geometry":{"type":"LineString","coordinates":[[-87.40649,41.63233],[-87.40598,41.63199],[-87.4058,41.63183],[-87.40567,41.63169]]},"properties":{"kind":"rail","name":"Canadian National"}},{"type":"Feature","geometry":{"type":"LineString","coordinates":[[-87.5439,41.64608],[-87.54275,41.64498],[-87.54263,41.64488],[-87.54244,41.64471],[-87.54227,41.64458],[-87.54217,41.64451],[-87.54216,41.6445],[-87.54216,41.6445],[-87.54131,41.64384],[-87.54085,41.64348],[-87.54064,41.64332],[-87.53972,41.6426],[-87.53916,41.64217]]},"properties":{"kind":"rail","name":"Norfolk Southern"}},{"type":"Feature","geometry":{"type":"LineString","coordinates":[[-87.56434,41.66444],[-87.5643,41.66364],[-87.5643,41.66361],[-87.56423,41.6631],[-87.56422,41.66304],[-87.56406,41.66251],[-87.56405,41.66245],[-87.56387,41.66202],[-87.56383,41.66195],[-87.5637,41.66172],[-87.56357,41.66151],[-87.56334,41.66118],[-87.56316,41.66096],[-87.56296,41.66072],[-87.56261,41.66039],[-87.56256,41.66035],[-87.56237,41.66019],[-87.56211,41.65998],[-87.56165,41.65962]]},"properties":{"kind":"rail","name":"Norfolk Southern"}},{"type":"Feature","geometry":{"type":"LineString","coordinates":[[-87.56431,41.66778],[-87.56434,41.66732],[-87.56435,41.66663],[-87.56436,41.66551],[-87.56436,41.66481],[-87.56434,41.66444]]},"properties":{"kind":"rail","name":"Norfolk Southern"}},{"type":"Feature","geometry":{"type":"LineString","coordinates":[[-87.54238,41.71902],[-87.54097,41.718],[-87.54079,41.71788]]},"properties":{"kind":"rail","name":"Norfolk Southern"}},{"type":"Feature","geometry":{"type":"LineString","coordinates":[[-87.52452,41.70405],[-87.52482,41.7045]]},"properties":{"kind":"rail","name":"Norfolk Southern"}},{"type":"Feature","geometry":{"type":"LineString","coordinates":[[-87.61235,41.63504],[-87.61236,41.63448],[-87.61233,41.62872]]},"properties":{"kind":"rail","name":"Union Pacific"}},{"type":"Feature","geometry":{"type":"LineString","coordinates":[[-87.61224,41.60758],[-87.61224,41.60704],[-87.61222,41.60172]]},"properties":{"kind":"rail","name":"Union Pacific"}},{"type":"Feature","geometry":{"type":"LineString","coordinates":[[-87.63947,41.75507],[-87.63947,41.75463]]},"properties":{"kind":"rail","name":"Belt Railway of Chicago"}},{"type":"Feature","geometry":{"type":"LineString","coordinates":[[-87.67966,41.80203],[-87.67962,41.80118],[-87.67953,41.79943],[-87.67952,41.79899],[-87.67948,41.7971]]},"properties":{"kind":"rail","name":"CSX"}},{"type":"Feature","geometry":{"type":"LineString","coordinates":[[-87.67948,41.7971],[-87.67947,41.79648],[-87.67945,41.7958],[-87.67948,41.79539],[-87.67953,41.79477],[-87.6796,41.79443],[-87.67971,41.79388],[-87.67979,41.79358]]},"properties":{"kind":"rail","name":"CSX"}},{"type":"Feature","geometry":{"type":"LineString","coordinates":[[-87.67866,41.76279],[-87.67863,41.76114],[-87.67862,41.76084]]},"properties":{"kind":"rail","name":"CSX"}},{"type":"Feature","geometry":{"type":"LineString","coordinates":[[-87.68637,41.64946],[-87.68635,41.6494],[-87.68591,41.64789],[-87.68591,41.64788],[-87.68588,41.64778]]},"properties":{"kind":"rail","name":"CSX"}},{"type":"Feature","geometry":{"type":"LineString","coordinates":[[-87.85127,41.76963],[-87.85083,41.77023]]},"properties":{"kind":"rail","name":"BNSF Railway"}},{"type":"Feature","geometry":{"type":"LineString","coordinates":[[-87.63698,41.86019],[-87.63704,41.85951],[-87.63704,41.85903]]},"properties":{"kind":"rail","name":"Amtrak"}},{"type":"Feature","geometry":{"type":"LineString","coordinates":[[-87.70375,41.74868],[-87.70239,41.74953],[-87.7019,41.74982],[-87.70108,41.75029],[-87.70019,41.75082]]},"properties":{"kind":"rail","name":"Metra"}},{"type":"Feature","geometry":{"type":"LineString","coordinates":[[-87.69833,41.63774],[-87.69817,41.63787],[-87.69801,41.63799]]},"properties":{"kind":"rail","name":"Metra"}},{"type":"Feature","geometry":{"type":"LineString","coordinates":[[-87.66717,41.72798],[-87.66718,41.7271],[-87.6673,41.72563],[-87.66742,41.72298],[-87.66752,41.72147]]},"properties":{"kind":"rail","name":"Metra"}},{"type":"Feature","geometry":{"type":"LineString","coordinates":[[-87.66752,41.72147],[-87.66747,41.71935],[-87.66741,41.71673],[-87.66732,41.71396],[-87.66733,41.7134]]},"properties":{"kind":"rail","name":"Metra"}},{"type":"Feature","geometry":{"type":"LineString","coordinates":[[-87.66733,41.7134],[-87.66734,41.71282],[-87.66753,41.71209],[-87.66832,41.71022],[-87.66852,41.70944],[-87.66889,41.70622]]},"properties":{"kind":"rail","name":"Metra"}},{"type":"Feature","geometry":{"type":"LineString","coordinates":[[-87.66889,41.70622],[-87.66929,41.70295],[-87.6698,41.6989]]},"properties":{"kind":"rail","name":"Metra"}},{"type":"Feature","geometry":{"type":"LineString","coordinates":[[-87.6698,41.6989],[-87.67018,41.69553],[-87.67041,41.6936],[-87.67054,41.69254]]},"properties":{"kind":"rail","name":"Metra"}},{"type":"Feature","geometry":{"type":"LineString","coordinates":[[-87.67054,41.69254],[-87.67107,41.68807],[-87.67145,41.68498]]},"properties":{"kind":"rail","name":"Metra"}},{"type":"Feature","geometry":{"type":"LineString","coordinates":[[-87.67619,41.65576],[-87.67469,41.65725]]},"properties":{"kind":"rail","name":"Metra"}},{"type":"Feature","geometry":{"type":"LineString","coordinates":[[-87.65046,41.72092],[-87.65029,41.72137],[-87.64966,41.72301],[-87.64824,41.72696],[-87.64795,41.72774]]},"properties":{"kind":"rail","name":"Metra"}},{"type":"Feature","geometry":{"type":"LineString","coordinates":[[-87.64569,41.73404],[-87.64543,41.73469],[-87.6451,41.73561],[-87.64469,41.73658]]},"properties":{"kind":"rail","name":"Metra"}},{"type":"Feature","geometry":{"type":"LineString","coordinates":[[-87.5,41.60855],[-87.49236,41.60469]]},"properties":{"kind":"rail","name":"Norfolk Southern"}},{"type":"Feature","geometry":{"type":"LineString","coordinates":[[-87.63936,41.76485],[-87.63938,41.76408],[-87.63935,41.76301],[-87.63935,41.7626],[-87.63941,41.76154],[-87.63945,41.76087],[-87.63948,41.76053],[-87.63949,41.76047],[-87.63955,41.76015],[-87.63955,41.76013],[-87.63966,41.75985],[-87.63967,41.75982],[-87.63983,41.75952],[-87.63986,41.75948],[-87.64004,41.75922],[-87.64014,41.75911],[-87.64028,41.75897],[-87.64042,41.75886],[-87.64057,41.75874],[-87.64076,41.75863],[-87.64089,41.75855],[-87.64117,41.75842],[-87.6412,41.75842],[-87.64146,41.75833],[-87.64176,41.75825],[-87.64179,41.75825],[-87.64206,41.7582],[-87.64222,41.75819],[-87.64244,41.75817],[-87.64265,41.75817],[-87.64288,41.75817],[-87.64595,41.75812],[-87.65093,41.75805],[-87.65152,41.75804],[-87.65394,41.758],[-87.65599,41.75797],[-87.65654,41.75795],[-87.65686,41.75795],[-87.65861,41.75786]]},"properties":{"kind":"rail","name":"Metra"}},{"type":"Feature","geometry":{"type":"LineString","coordinates":[[-87.65973,41.90159],[-87.65905,41.90067],[-87.65857,41.9002],[-87.65811,41.89984],[-87.6576,41.89953],[-87.65705,41.89925],[-87.65665,41.89907],[-87.65596,41.89883],[-87.65522,41.89864]]},"properties":{"kind":"rail","name":"Union Pacific"}},{"type":"Feature","geometry":{"type":"LineString","coordinates":[[-87.6361,41.81772],[-87.636,41.81743]]},"properties":{"kind":"rail","name":"Norfolk Southern"}},{"type":"Feature","geometry":{"type":"LineString","coordinates":[[-87.52742,41.63452],[-87.52699,41.63417]]},"properties":{"kind":"rail","name":"South Shore Line"}},{"type":"Feature","geometry":{"type":"LineString","coordinates":[[-87.53944,41.64306],[-87.53842,41.64235],[-87.53755,41.64183],[-87.53648,41.64123]]},"properties":{"kind":"rail","name":"South Shore Line"}},{"type":"Feature","geometry":{"type":"LineString","coordinates":[[-87.67799,41.65485],[-87.67712,41.65551],[-87.67665,41.65601],[-87.67626,41.65647]]},"properties":{"kind":"rail","name":"Metra"}},{"type":"Feature","geometry":{"type":"LineString","coordinates":[[-87.67515,41.66163],[-87.6751,41.66198],[-87.67504,41.66236]]},"properties":{"kind":"rail","name":"Metra"}},{"type":"Feature","geometry":{"type":"LineString","coordinates":[[-87.6621,41.82089],[-87.66067,41.82136],[-87.66035,41.82143]]},"properties":{"kind":"rail","name":"Norfolk Southern"}},{"type":"Feature","geometry":{"type":"LineString","coordinates":[[-87.85753,41.63245],[-87.85459,41.63504],[-87.85397,41.63558],[-87.85363,41.63588]]},"properties":{"kind":"rail","name":"Metra"}},{"type":"Feature","geometry":{"type":"LineString","coordinates":[[-88.00256,41.6738],[-88.00168,41.67393],[-88.00046,41.67415],[-87.99898,41.67455],[-87.9986,41.67468],[-87.99615,41.67547],[-87.99533,41.67574],[-87.99385,41.67618],[-87.99247,41.67657],[-87.99177,41.67676],[-87.99058,41.6771]]},"properties":{"kind":"rail","name":"Canadian National"}},{"type":"Feature","geometry":{"type":"LineString","coordinates":[[-87.95756,41.68782],[-87.95364,41.68933]]},"properties":{"kind":"rail","name":"Canadian National"}},{"type":"Feature","geometry":{"type":"LineString","coordinates":[[-87.60603,41.64089],[-87.60353,41.6409]]},"properties":{"kind":"rail","name":"CSX"}},{"type":"Feature","geometry":{"type":"LineString","coordinates":[[-87.84073,41.76336],[-87.83427,41.7704]]},"properties":{"kind":"rail","name":"Canadian National"}},{"type":"Feature","geometry":{"type":"LineString","coordinates":[[-87.82542,41.78006],[-87.82511,41.7804]]},"properties":{"kind":"rail","name":"Canadian National"}},{"type":"Feature","geometry":{"type":"LineString","coordinates":[[-87.83427,41.7704],[-87.83425,41.77042],[-87.83331,41.77145],[-87.83134,41.7736]]},"properties":{"kind":"rail","name":"Canadian National"}},{"type":"Feature","geometry":{"type":"LineString","coordinates":[[-87.42309,41.61562],[-87.42306,41.61293]]},"properties":{"kind":"rail","name":"Canadian National"}},{"type":"Feature","geometry":{"type":"LineString","coordinates":[[-87.42664,41.61987],[-87.42852,41.62069],[-87.42928,41.621],[-87.42981,41.62132],[-87.43028,41.62165],[-87.43062,41.622],[-87.43094,41.62239],[-87.43126,41.6229],[-87.43149,41.62344],[-87.43156,41.62394],[-87.43161,41.62524],[-87.43154,41.62583],[-87.43138,41.62643],[-87.43116,41.62696],[-87.43082,41.62744],[-87.43039,41.62797],[-87.42997,41.62828],[-87.42948,41.62864],[-87.42901,41.62893],[-87.42838,41.6292],[-87.4278,41.6294],[-87.42725,41.62955],[-87.42675,41.62964],[-87.4262,41.6297],[-87.42573,41.62974],[-87.42451,41.62973],[-87.41929,41.62965],[-87.41611,41.6296],[-87.41522,41.62954],[-87.41448,41.62937],[-87.41381,41.62915],[-87.4126,41.62865],[-87.41176,41.62844],[-87.41076,41.62834],[-87.40951,41.62843],[-87.40884,41.62856],[-87.40826,41.62866]]},"properties":{"kind":"rail","name":"Canadian National"}},{"type":"Feature","geometry":{"type":"LineString","coordinates":[[-87.40826,41.62866],[-87.40737,41.62905]]},"properties":{"kind":"rail","name":"Canadian National"}},{"type":"Feature","geometry":{"type":"LineString","coordinates":[[-87.91413,41.92974],[-87.91415,41.92934],[-87.91411,41.92821]]},"properties":{"kind":"rail","name":"Union Pacific"}},{"type":"Feature","geometry":{"type":"LineString","coordinates":[[-87.89726,42.04543],[-87.89649,42.04322],[-87.8955,42.04041],[-87.89533,42.03991],[-87.89483,42.03851],[-87.8947,42.03813],[-87.89454,42.03774]]},"properties":{"kind":"rail","name":"Canadian National"}},{"type":"Feature","geometry":{"type":"LineString","coordinates":[[-87.72131,41.91201],[-87.72118,41.91177],[-87.72115,41.91171],[-87.72075,41.91096],[-87.72064,41.91076],[-87.72046,41.91041],[-87.72019,41.90995],[-87.72011,41.90982],[-87.71955,41.90888],[-87.71935,41.90857],[-87.71915,41.90827],[-87.71905,41.90812],[-87.71816,41.90686],[-87.71778,41.90635],[-87.71756,41.90606],[-87.71701,41.90538],[-87.71629,41.90456],[-87.71573,41.90393],[-87.71454,41.90274],[-87.71446,41.90265],[-87.71328,41.90157],[-87.71326,41.90155],[-87.71238,41.90081],[-87.71157,41.90016],[-87.71151,41.90012],[-87.71049,41.89937],[-87.70983,41.89889],[-87.7093,41.89854],[-87.70892,41.8983],[-87.70854,41.89804],[-87.70807,41.89774],[-87.70712,41.89716],[-87.7066,41.89686],[-87.70591,41.89647]]},"properties":{"kind":"rail","name":"Metra"}},{"type":"Feature","geometry":{"type":"LineString","coordinates":[[-88.01869,41.88642],[-88.01836,41.88652],[-88.00856,41.8895],[-88.00607,41.89026],[-87.9986,41.89253],[-87.99353,41.89408],[-87.99326,41.89416],[-87.99296,41.89424],[-87.99187,41.89454],[-87.99065,41.89479],[-87.99048,41.89483],[-87.98867,41.89509],[-87.9885,41.89512],[-87.97907,41.89617],[-87.9775,41.89634]]},"properties":{"kind":"rail","name":"Union Pacific"}},{"type":"Feature","geometry":{"type":"LineString","coordinates":[[-87.72166,41.91271],[-87.72148,41.91235],[-87.72131,41.91201]]},"properties":{"kind":"rail","name":"Metra"}},{"type":"Feature","geometry":{"type":"LineString","coordinates":[[-87.9775,41.89634],[-87.96904,41.89729],[-87.96667,41.89755],[-87.96569,41.89766],[-87.96541,41.89769],[-87.96536,41.8977],[-87.96534,41.8977],[-87.96521,41.89771],[-87.96396,41.89785],[-87.9638,41.89787],[-87.95929,41.89837],[-87.9524,41.89914],[-87.94909,41.8995],[-87.9481,41.89961],[-87.94667,41.89972],[-87.94614,41.89976],[-87.94559,41.89978],[-87.9449,41.8998],[-87.9445,41.8998],[-87.94376,41.8998],[-87.94259,41.89977],[-87.94216,41.89974],[-87.9416,41.8997],[-87.94106,41.89964]]},"properties":{"kind":"rail","name":"Union Pacific"}},{"type":"Feature","geometry":{"type":"LineString","coordinates":[[-87.6704,41.9223],[-87.67056,41.92266],[-87.67098,41.92358],[-87.67165,41.92509],[-87.67224,41.92641],[-87.67268,41.92756],[-87.673,41.92871],[-87.67323,41.9299],[-87.67334,41.93071],[-87.67338,41.93166],[-87.67341,41.93234],[-87.67343,41.93293],[-87.67351,41.93587]]},"properties":{"kind":"rail","name":"Union Pacific"}},{"type":"Feature","geometry":{"type":"LineString","coordinates":[[-87.91411,41.92821],[-87.91348,41.91642],[-87.91357,41.91575],[-87.91471,41.91313],[-87.91499,41.91203]]},"properties":{"kind":"rail","name":"Union Pacific"}},{"type":"Feature","geometry":{"type":"LineString","coordinates":[[-87.86605,41.95421],[-87.86545,41.95255],[-87.86432,41.94935],[-87.86333,41.94677],[-87.86305,41.94598],[-87.86047,41.93868]]},"properties":{"kind":"rail","name":"Canadian National"}},{"type":"Feature","geometry":{"type":"LineString","coordinates":[[-87.90918,42.04321],[-87.90869,42.04345],[-87.9086,42.04349],[-87.90805,42.04373],[-87.9072,42.04402],[-87.90615,42.04438],[-87.89971,42.04656]]},"properties":{"kind":"rail","name":"Union Pacific"}},{"type":"Feature","geometry":{"type":"LineString","coordinates":[[-87.93892,41.99358],[-87.93877,41.99454],[-87.93854,41.99535],[-87.93803,41.99661],[-87.93781,41.99704],[-87.93761,41.99741],[-87.93698,41.9984],[-87.93651,41.99904],[-87.93571,42.00005],[-87.93545,42.00031],[-87.93493,42.00083],[-87.93469,42.00107],[-87.93437,42.00135],[-87.93377,42.00184],[-87.93296,42.00245]]},"properties":{"kind":"rail","name":"Union Pacific"}},{"type":"Feature","geometry":{"type":"LineString","coordinates":[[-87.7246,41.91363],[-87.72367,41.91363],[-87.72365,41.91363],[-87.72327,41.9136],[-87.72318,41.91358],[-87.72297,41.91355],[-87.72278,41.91349],[-87.72276,41.91348],[-87.72254,41.9134],[-87.72234,41.91331],[-87.72234,41.9133],[-87.72216,41.9132],[-87.72195,41.91303],[-87.72194,41.91302],[-87.72181,41.91288],[-87.72166,41.91271]]},"properties":{"kind":"rail","name":"CPKC"}},{"type":"Feature","geometry":{"type":"LineString","coordinates":[[-87.77689,42.0192],[-87.77457,42.01478],[-87.77309,42.01192],[-87.76957,42.00513],[-87.76693,42.00004],[-87.76577,41.99781]]},"properties":{"kind":"rail","name":"Metra"}},{"type":"Feature","geometry":{"type":"LineString","coordinates":[[-87.68011,42.03339],[-87.67996,42.03273],[-87.67976,42.03168],[-87.67904,42.02874],[-87.6787,42.02726],[-87.6774,42.02154],[-87.67691,42.01942],[-87.67653,42.0179],[-87.67637,42.01714],[-87.67615,42.01607],[-87.67604,42.01567],[-87.67587,42.01456],[-87.67574,42.01309],[-87.67569,42.01261],[-87.67565,42.01139],[-87.67561,42.01017],[-87.6756,42.00958]]},"properties":{"kind":"rail","name":"Union Pacific"}},{"type":"Feature","geometry":{"type":"LineString","coordinates":[[-87.69261,42.05732],[-87.6866,42.05023],[-87.68609,42.04958]]},"properties":{"kind":"rail","name":"Union Pacific"}},{"type":"Feature","geometry":{"type":"LineString","coordinates":[[-87.74602,41.96164],[-87.74443,41.96074],[-87.74374,41.96038],[-87.74274,41.95982],[-87.73998,41.95819]]},"properties":{"kind":"rail","name":"Union Pacific"}},{"type":"Feature","geometry":{"type":"LineString","coordinates":[[-87.72368,42.09455],[-87.7229,42.09361],[-87.72134,42.09171],[-87.72075,42.091],[-87.71995,42.08997],[-87.71684,42.08623]]},"properties":{"kind":"rail","name":"Union Pacific"}},{"type":"Feature","geometry":{"type":"LineString","coordinates":[[-87.73243,41.91356],[-87.73254,41.91356],[-87.73375,41.91355],[-87.73621,41.91352],[-87.73641,41.91352],[-87.73736,41.91353],[-87.73738,41.91353],[-87.73809,41.91356],[-87.73844,41.91358],[-87.7389,41.91363],[-87.7406,41.91382],[-87.74104,41.91387],[-87.74122,41.91389],[-87.74458,41.9143],[-87.74537,41.9144]]},"properties":{"kind":"rail","name":"Metra"}},{"type":"Feature","geometry":{"type":"LineString","coordinates":[[-87.91431,41.93634],[-87.91414,41.93065]]},"properties":{"kind":"rail","name":"Union Pacific"}},{"type":"Feature","geometry":{"type":"LineString","coordinates":[[-87.89971,42.04656],[-87.89962,42.04659],[-87.89957,42.0466],[-87.89953,42.04662],[-87.89837,42.04701]]},"properties":{"kind":"rail","name":"Union Pacific"}},{"type":"Feature","geometry":{"type":"LineString","coordinates":[[-87.9079,42.09236],[-87.90756,42.0916],[-87.90718,42.09072],[-87.90594,42.08788],[-87.90275,42.08057],[-87.90119,42.07701],[-87.90113,42.07684],[-87.901,42.07648],[-87.90088,42.07604],[-87.90085,42.07592],[-87.90077,42.07543],[-87.90076,42.07538],[-87.90073,42.07486],[-87.90073,42.07481],[-87.90072,42.07344],[-87.90067,42.07089],[-87.90068,42.06607],[-87.90068,42.0659],[-87.90072,42.06488]]},"properties":{"kind":"rail","name":"Canadian National"}},{"type":"Feature","geometry":{"type":"LineString","coordinates":[[-87.91462,41.94725],[-87.91472,41.94607],[-87.91467,41.94433],[-87.91452,41.94061],[-87.91431,41.93634]]},"properties":{"kind":"rail","name":"Union Pacific"}},{"type":"Feature","geometry":{"type":"LineString","coordinates":[[-87.87463,41.9787],[-87.87436,41.97797],[-87.87433,41.97785],[-87.87411,41.97712],[-87.87382,41.97602]]},"properties":{"kind":"rail","name":"Canadian National"}},{"type":"Feature","geometry":{"type":"LineString","coordinates":[[-87.76691,41.91672],[-87.76676,41.91672],[-87.7657,41.91672],[-87.76564,41.91672],[-87.76523,41.91671],[-87.76467,41.91669],[-87.76369,41.91661],[-87.76285,41.91654],[-87.76226,41.91646],[-87.7584,41.91599]]},"properties":{"kind":"rail","name":"Metra"}},{"type":"Feature","geometry":{"type":"LineString","coordinates":[[-87.9895,41.96734],[-87.98569,41.96603],[-87.98312,41.96515],[-87.97882,41.9637],[-87.97729,41.9632],[-87.976,41.96278],[-87.97519,41.9625]]},"properties":{"kind":"rail","name":"Metra"}},{"type":"Feature","geometry":{"type":"LineString","coordinates":[[-87.90105,42.04728],[-87.89959,42.04661],[-87.89959,42.04661],[-87.89957,42.0466],[-87.89952,42.04658],[-87.89888,42.0463],[-87.89736,42.04562],[-87.89732,42.0456],[-87.8973,42.04559],[-87.89721,42.04555],[-87.89649,42.04523],[-87.89203,42.0432],[-87.89135,42.04289],[-87.88934,42.04201],[-87.88786,42.04136],[-87.88671,42.04084]]},"properties":{"kind":"rail","name":"Union Pacific"}},{"type":"Feature","geometry":{"type":"LineString","coordinates":[[-87.87807,42.05408],[-87.87768,42.05427],[-87.87694,42.05468],[-87.8768,42.05476],[-87.87596,42.05528],[-87.87521,42.05579],[-87.87494,42.05599],[-87.87453,42.05629],[-87.8738,42.0569],[-87.87357,42.0571],[-87.87318,42.05745],[-87.87217,42.0585],[-87.87182,42.05885],[-87.86978,42.06099],[-87.86777,42.06311],[-87.86749,42.0634],[-87.86509,42.06592],[-87.86403,42.06703],[-87.86273,42.06839],[-87.8584,42.07294],[-87.85722,42.07418],[-87.85675,42.07468],[-87.85466,42.07687],[-87.85112,42.08058],[-87.84745,42.08443],[-87.84441,42.08762],[-87.84035,42.09187]]},"properties":{"kind":"rail","name":"Union Pacific"}},{"type":"Feature","geometry":{"type":"LineString","coordinates":[[-87.67484,41.98418],[-87.67481,41.98332],[-87.67476,41.97975],[-87.67474,41.97871]]},"properties":{"kind":"rail","name":"Union Pacific"}},{"type":"Feature","geometry":{"type":"LineString","coordinates":[[-87.86047,41.93868],[-87.85948,41.93589]]},"properties":{"kind":"rail","name":"Canadian National"}},{"type":"Feature","geometry":{"type":"LineString","coordinates":[[-87.91365,42.02906],[-87.91362,42.02358],[-87.91363,42.02325],[-87.91364,42.02262]]},"properties":{"kind":"rail","name":"Union Pacific"}},{"type":"Feature","geometry":{"type":"LineString","coordinates":[[-87.8215,42.11149],[-87.82048,42.10896],[-87.82019,42.10831],[-87.81981,42.10737],[-87.81916,42.10579],[-87.81906,42.10556],[-87.81574,42.09747]]},"properties":{"kind":"rail","name":"Metra"}},{"type":"Feature","geometry":{"type":"LineString","coordinates":[[-87.87382,41.97602],[-87.87352,41.97491],[-87.87342,41.97452],[-87.87301,41.97328],[-87.87204,41.97031],[-87.87181,41.96959],[-87.87178,41.9695],[-87.87161,41.96898],[-87.87119,41.96772],[-87.87118,41.96767],[-87.87102,41.96712],[-87.87095,41.96679],[-87.87078,41.96595],[-87.87026,41.96269]]},"properties":{"kind":"rail","name":"Canadian National"}},{"type":"Feature","geometry":{"type":"LineString","coordinates":[[-88.01412,41.97159],[-88.01307,41.97142],[-88.01216,41.97125],[-88.0108,41.97104],[-88.01024,41.97095],[-88.00909,41.97079],[-87.99934,41.96975]]},"properties":{"kind":"rail","name":"Metra"}},{"type":"Feature","geometry":{"type":"LineString","coordinates":[[-87.86547,41.93619],[-87.86271,41.93538],[-87.86234,41.93527],[-87.8618,41.93511],[-87.85927,41.93436],[-87.8589,41.93425]]},"properties":{"kind":"rail","name":"Metra"}},{"type":"Feature","geometry":{"type":"LineString","coordinates":[[-87.93902,41.99122],[-87.93905,41.9905],[-87.93911,41.98913]]},"properties":{"kind":"rail","name":"Union Pacific"}},{"type":"Feature","geometry":{"type":"LineString","coordinates":[[-87.71446,41.94376],[-87.71257,41.9427],[-87.70834,41.94026],[-87.70762,41.93984],[-87.70721,41.93962],[-87.7067,41.93935],[-87.70265,41.93706],[-87.69768,41.93418],[-87.69507,41.93271],[-87.69396,41.93213],[-87.68778,41.92864],[-87.68654,41.92793]]},"properties":{"kind":"rail","name":"Union Pacific"}},{"type":"Feature","geometry":{"type":"LineString","coordinates":[[-87.74728,41.96235],[-87.74672,41.96203]]},"properties":{"kind":"rail","name":"Union Pacific"}},{"type":"Feature","geometry":{"type":"LineString","coordinates":[[-87.88034,41.9948],[-87.88022,41.99444],[-87.87756,41.987],[-87.87724,41.98598],[-87.87724,41.98597]]},"properties":{"kind":"rail","name":"Canadian National"}},{"type":"Feature","geometry":{"type":"LineString","coordinates":[[-87.89761,42.04644],[-87.89747,42.04604],[-87.89732,42.0456],[-87.89731,42.04558],[-87.89728,42.04548],[-87.89726,42.04543]]},"properties":{"kind":"rail","name":"Canadian National"}},{"type":"Feature","geometry":{"type":"LineString","coordinates":[[-87.85633,42.02405],[-87.8552,42.0234],[-87.85162,42.0214],[-87.84074,42.01524],[-87.83336,42.01109],[-87.8317,42.01012]]},"properties":{"kind":"rail","name":"Union Pacific"}},{"type":"Feature","geometry":{"type":"LineString","coordinates":[[-87.68462,42.0477],[-87.68417,42.04706],[-87.68343,42.04596],[-87.68331,42.04572],[-87.68323,42.04556],[-87.68291,42.04486],[-87.68262,42.04411],[-87.68243,42.04361],[-87.68222,42.04265],[-87.68191,42.0412],[-87.68108,42.03755],[-87.68025,42.03401],[-87.68011,42.03339]]},"properties":{"kind":"rail","name":"Union Pacific"}},{"type":"Feature","geometry":{"type":"LineString","coordinates":[[-87.75557,41.97818],[-87.75499,41.97706],[-87.75404,41.97524],[-87.75301,41.97327],[-87.75214,41.97158],[-87.75125,41.96988],[-87.75119,41.96976],[-87.75026,41.96796],[-87.7489,41.96533],[-87.74838,41.96433],[-87.748,41.96361],[-87.74794,41.96349],[-87.74793,41.96347],[-87.74785,41.9633],[-87.74738,41.96241],[-87.74738,41.96241],[-87.74736,41.96237],[-87.74735,41.96234],[-87.74649,41.96069],[-87.7462,41.96013]]},"properties":{"kind":"rail","name":"Metra"}},{"type":"Feature","geometry":{"type":"LineString","coordinates":[[-87.7584,41.91599],[-87.75583,41.91568],[-87.75285,41.91531],[-87.74849,41.91478],[-87.74638,41.91452]]},"properties":{"kind":"rail","name":"Metra"}},{"type":"Feature","geometry":{"type":"LineString","coordinates":[[-87.93753,41.95634],[-87.93384,41.95578]]},"properties":{"kind":"rail","name":"Metra"}},{"type":"Feature","geometry":{"type":"LineString","coordinates":[[-87.72822,41.92537],[-87.72961,41.92806],[-87.7315,41.93172],[-87.7328,41.93422],[-87.73325,41.93509],[-87.73348,41.93555],[-87.73526,41.93898],[-87.73712,41.94258],[-87.739,41.94621],[-87.74018,41.94849]]},"properties":{"kind":"rail","name":"Metra"}},{"type":"Feature","geometry":{"type":"LineString","coordinates":[[-87.85422,41.92155],[-87.85388,41.92092],[-87.85292,41.91971],[-87.85203,41.91893],[-87.85004,41.91748],[-87.8493,41.9169],[-87.8473,41.91542],[-87.84726,41.91539],[-87.84004,41.91005],[-87.83782,41.90841],[-87.8376,41.90824],[-87.83493,41.90628],[-87.8327,41.90464],[-87.83188,41.90403],[-87.83123,41.90354],[-87.82592,41.89962],[-87.82381,41.89803],[-87.82306,41.89752],[-87.82204,41.89659],[-87.82161,41.89609],[-87.82116,41.8952],[-87.82092,41.89449],[-87.82084,41.89391]]},"properties":{"kind":"rail","name":"Canadian National"}},{"type":"Feature","geometry":{"type":"LineString","coordinates":[[-87.93296,42.00245],[-87.93279,42.00259],[-87.92945,42.00501],[-87.92485,42.00835],[-87.92142,42.01084],[-87.9207,42.01137],[-87.92008,42.01182],[-87.91888,42.01276],[-87.91887,42.01277],[-87.91872,42.0129],[-87.91826,42.01331],[-87.91777,42.01378],[-87.91754,42.01403],[-87.9172,42.01439],[-87.9167,42.01498],[-87.9162,42.01563],[-87.91602,42.01588],[-87.9158,42.0162],[-87.9155,42.01668],[-87.91541,42.01682],[-87.91514,42.0173],[-87.91507,42.01742],[-87.91483,42.01794],[-87.91455,42.01854],[-87.91443,42.01885],[-87.91429,42.01922],[-87.91413,42.01974],[-87.9141,42.01984],[-87.91394,42.02043],[-87.91383,42.02096],[-87.91378,42.02127],[-87.91371,42.02171],[-87.91371,42.02173],[-87.91365,42.02237],[-87.91364,42.02262]]},"properties":{"kind":"rail","name":"Union Pacific"}},{"type":"Feature","geometry":{"type":"LineString","coordinates":[[-87.79908,41.99167],[-87.79201,41.98769],[-87.78769,41.98522],[-87.78357,41.9829],[-87.77797,41.97974]]},"properties":{"kind":"rail","name":"Union Pacific"}},{"type":"Feature","geometry":{"type":"LineString","coordinates":[[-87.8148,41.92497],[-87.81432,41.92486],[-87.81403,41.92481],[-87.81359,41.92473],[-87.80918,41.92393],[-87.8078,41.92368],[-87.80702,41.92354],[-87.80623,41.92336],[-87.8059,41.92329],[-87.80494,41.92304],[-87.80491,41.92303],[-87.80438,41.92286],[-87.80373,41.92265],[-87.80313,41.92246],[-87.80252,41.92224],[-87.80161,41.92191]]},"properties":{"kind":"rail","name":"Metra"}},{"type":"Feature","geometry":{"type":"LineString","coordinates":[[-87.68609,42.04958],[-87.68523,42.0485],[-87.68462,42.0477]]},"properties":{"kind":"rail","name":"Union Pacific"}},{"type":"Feature","geometry":{"type":"LineString","coordinates":[[-87.8589,41.93425],[-87.85883,41.93423],[-87.85815,41.93407],[-87.85757,41.93395],[-87.85676,41.93385],[-87.85615,41.93381]]},"properties":{"kind":"rail","name":"Metra"}},{"type":"Feature","geometry":{"type":"LineString","coordinates":[[-87.76222,41.97082],[-87.75955,41.96929],[-87.75704,41.9679],[-87.75588,41.96723],[-87.75162,41.96478],[-87.75,41.96385],[-87.74738,41.96241],[-87.74736,41.9624],[-87.74733,41.96238],[-87.74728,41.96235]]},"properties":{"kind":"rail","name":"Union Pacific"}},{"type":"Feature","geometry":{"type":"LineString","coordinates":[[-87.74672,41.96203],[-87.74602,41.96164]]},"properties":{"kind":"rail","name":"Union Pacific"}},{"type":"Feature","geometry":{"type":"LineString","coordinates":[[-87.89309,42.04879],[-87.89309,42.04879],[-87.89001,42.04983],[-87.88682,42.0509],[-87.88284,42.05224],[-87.88162,42.05265],[-87.8816,42.05266],[-87.88036,42.05309],[-87.87991,42.05327],[-87.87939,42.05347],[-87.87847,42.05388],[-87.87842,42.05391],[-87.87807,42.05408]]},"properties":{"kind":"rail","name":"Union Pacific"}},{"type":"Feature","geometry":{"type":"LineString","coordinates":[[-87.72166,41.91271],[-87.72182,41.91301],[-87.72203,41.91341],[-87.72208,41.91352],[-87.72209,41.91353],[-87.72215,41.91364],[-87.72242,41.91416],[-87.72262,41.91455],[-87.72291,41.91511]]},"properties":{"kind":"rail","name":"Metra"}},{"type":"Feature","geometry":{"type":"LineString","coordinates":[[-87.91343,42.10515],[-87.91223,42.10242],[-87.91023,42.09783],[-87.90925,42.09546],[-87.90912,42.09516],[-87.90868,42.09415],[-87.9079,42.09236]]},"properties":{"kind":"rail","name":"Canadian National"}},{"type":"Feature","geometry":{"type":"LineString","coordinates":[[-87.81802,42.00242],[-87.81707,42.00187],[-87.80899,41.99726],[-87.80683,41.99605],[-87.80299,41.99389],[-87.79908,41.99167]]},"properties":{"kind":"rail","name":"Union Pacific"}},{"type":"Feature","geometry":{"type":"LineString","coordinates":[[-87.78508,42.03501],[-87.78376,42.03247],[-87.78064,42.02645],[-87.7792,42.02367],[-87.77792,42.0212],[-87.77691,42.01924],[-87.77689,42.0192]]},"properties":{"kind":"rail","name":"Metra"}},{"type":"Feature","geometry":{"type":"LineString","coordinates":[[-87.6756,42.00958],[-87.67558,42.00896],[-87.67555,42.00774],[-87.67552,42.00652],[-87.67549,42.0053],[-87.67526,41.99801],[-87.67517,41.99557],[-87.67514,41.99427],[-87.6751,41.99214],[-87.6749,41.98671],[-87.67484,41.98418]]},"properties":{"kind":"rail","name":"Union Pacific"}},{"type":"Feature","geometry":{"type":"LineString","coordinates":[[-87.73254,42.10515],[-87.73191,42.10437],[-87.73105,42.10334],[-87.7267,42.09808],[-87.72368,42.09455]]},"properties":{"kind":"rail","name":"Union Pacific"}},{"type":"Feature","geometry":{"type":"LineString","coordinates":[[-87.78584,41.9165],[-87.7858,41.9165],[-87.78522,41.91648],[-87.7848,41.91646],[-87.78018,41.91653]]},"properties":{"kind":"rail","name":"Metra"}},{"type":"Feature","geometry":{"type":"LineString","coordinates":[[-87.80586,42.07497],[-87.80474,42.07281],[-87.8041,42.07159],[-87.801,42.06562],[-87.8,42.0637],[-87.79973,42.06317],[-87.79751,42.05891],[-87.79723,42.05836]]},"properties":{"kind":"rail","name":"Metra"}},{"type":"Feature","geometry":{"type":"LineString","coordinates":[[-87.97074,41.90041],[-87.97028,41.90025],[-87.96986,41.90011],[-87.96901,41.89976],[-87.96895,41.89974],[-87.96778,41.89914],[-87.96774,41.89912],[-87.96536,41.89771],[-87.96534,41.8977],[-87.96514,41.89758],[-87.95942,41.89418],[-87.95932,41.89412],[-87.95543,41.89163],[-87.95327,41.89024],[-87.94902,41.88752],[-87.9465,41.88591],[-87.94219,41.88315],[-87.94218,41.88314],[-87.94139,41.8827],[-87.94107,41.88255],[-87.94096,41.8825],[-87.94043,41.88227],[-87.94016,41.88217]]},"properties":{"kind":"rail","name":"Canadian National"}},{"type":"Feature","geometry":{"type":"LineString","coordinates":[[-87.97424,42.07994],[-87.96681,42.07655],[-87.96163,42.07427],[-87.95966,42.07342],[-87.95661,42.07209],[-87.9437,42.06631],[-87.93794,42.0637],[-87.93676,42.06322]]},"properties":{"kind":"rail","name":"Union Pacific"}},{"type":"Feature","geometry":{"type":"LineString","coordinates":[[-87.71684,42.08623],[-87.7157,42.08486],[-87.71288,42.08153],[-87.7118,42.08024],[-87.71067,42.07892],[-87.70937,42.0774]]},"properties":{"kind":"rail","name":"Union Pacific"}},{"type":"Feature","geometry":{"type":"LineString","coordinates":[[-87.91982,41.95317],[-87.91969,41.95314],[-87.91603,41.95223],[-87.91494,41.95196],[-87.91494,41.95196],[-87.91485,41.95194],[-87.91206,41.95124],[-87.90823,41.95029],[-87.90445,41.94934],[-87.90152,41.94861],[-87.90101,41.94847],[-87.8999,41.94816],[-87.89878,41.94781],[-87.89863,41.94776],[-87.89792,41.94752],[-87.89741,41.94735],[-87.89673,41.94709],[-87.8961,41.94686],[-87.89516,41.94648],[-87.89477,41.94632],[-87.89052,41.94452],[-87.88812,41.94351],[-87.88754,41.94327],[-87.88723,41.94314],[-87.88582,41.94254]]},"properties":{"kind":"rail","name":"Metra"}},{"type":"Feature","geometry":{"type":"LineString","coordinates":[[-87.92045,41.95333],[-87.91982,41.95317]]},"properties":{"kind":"rail","name":"Metra"}},{"type":"Feature","geometry":{"type":"LineString","coordinates":[[-87.78907,41.91735],[-87.7882,41.91704],[-87.78755,41.91683],[-87.78746,41.9168],[-87.78685,41.91665],[-87.78684,41.91665],[-87.78616,41.91655],[-87.78584,41.9165]]},"properties":{"kind":"rail","name":"Metra"}},{"type":"Feature","geometry":{"type":"LineString","coordinates":[[-87.69814,42.06393],[-87.6974,42.06301],[-87.69496,42.0601],[-87.69432,42.05936],[-87.69422,42.05919],[-87.69399,42.05893],[-87.69261,42.05732]]},"properties":{"kind":"rail","name":"Union Pacific"}},{"type":"Feature","geometry":{"type":"LineString","coordinates":[[-87.97519,41.9625],[-87.97453,41.96227],[-87.97369,41.96201],[-87.97209,41.96164],[-87.97147,41.96152],[-87.96615,41.96068],[-87.96416,41.96037],[-87.95942,41.95967],[-87.9592,41.95964],[-87.95499,41.95897],[-87.94921,41.95813],[-87.946,41.95762],[-87.94431,41.9574],[-87.94256,41.95712],[-87.94182,41.957]]},"properties":{"kind":"rail","name":"Metra"}},{"type":"Feature","geometry":{"type":"LineString","coordinates":[[-87.74638,41.91452],[-87.74537,41.9144]]},"properties":{"kind":"rail","name":"Metra"}},{"type":"Feature","geometry":{"type":"LineString","coordinates":[[-87.85813,41.93233],[-87.85781,41.93155],[-87.85697,41.9292],[-87.85467,41.92248],[-87.85422,41.92155]]},"properties":{"kind":"rail","name":"Canadian National"}},{"type":"Feature","geometry":{"type":"LineString","coordinates":[[-87.88671,42.04084],[-87.88572,42.0404],[-87.88503,42.04008],[-87.88408,42.03964],[-87.88336,42.03927],[-87.88288,42.03901],[-87.88257,42.03884],[-87.88243,42.03876],[-87.88167,42.03833],[-87.87022,42.03189],[-87.86563,42.02928],[-87.86539,42.02914],[-87.85783,42.02489],[-87.85633,42.02405]]},"properties":{"kind":"rail","name":"Union Pacific"}},{"type":"Feature","geometry":{"type":"LineString","coordinates":[[-87.85615,41.93381],[-87.85528,41.93375],[-87.8514,41.93349],[-87.84904,41.93334],[-87.84809,41.93328],[-87.84629,41.93316],[-87.84516,41.93308],[-87.84473,41.93305],[-87.84424,41.93299],[-87.84378,41.93293],[-87.84358,41.93289],[-87.84281,41.93274],[-87.83645,41.93102]]},"properties":{"kind":"rail","name":"Metra"}},{"type":"Feature","geometry":{"type":"LineString","coordinates":[[-87.92703,41.95478],[-87.92549,41.95449],[-87.92449,41.95431],[-87.92369,41.95412],[-87.92275,41.9539],[-87.92046,41.95333],[-87.92045,41.95333]]},"properties":{"kind":"rail","name":"Metra"}},{"type":"Feature","geometry":{"type":"LineString","coordinates":[[-87.90072,42.06488],[-87.90074,42.06445],[-87.90074,42.0637],[-87.90075,42.05743],[-87.90075,42.05632],[-87.90072,42.05592],[-87.90069,42.05553],[-87.90064,42.05528],[-87.90059,42.05504],[-87.90026,42.05406],[-87.89994,42.05311],[-87.89985,42.05285],[-87.89897,42.05032]]},"properties":{"kind":"rail","name":"Canadian National"}},{"type":"Feature","geometry":{"type":"LineString","coordinates":[[-87.84035,42.09187],[-87.8376,42.09476],[-87.83409,42.09844],[-87.83079,42.1019],[-87.82931,42.10344],[-87.82899,42.10378]]},"properties":{"kind":"rail","name":"Union Pacific"}},{"type":"Feature","geometry":{"type":"LineString","coordinates":[[-87.76577,41.99781],[-87.7655,41.99728],[-87.76509,41.99649],[-87.76453,41.99542],[-87.76223,41.99097],[-87.76074,41.98811],[-87.75992,41.98653],[-87.75814,41.98312],[-87.75793,41.9827],[-87.75775,41.98236],[-87.75671,41.98037],[-87.75557,41.97818]]},"properties":{"kind":"rail","name":"Metra"}},{"type":"Feature","geometry":{"type":"LineString","coordinates":[[-87.91373,42.03601],[-87.91373,42.03611],[-87.91372,42.037],[-87.91371,42.03709],[-87.91367,42.03754],[-87.91363,42.03781],[-87.91359,42.03798],[-87.9135,42.03835],[-87.91348,42.03844],[-87.91331,42.03894],[-87.91312,42.03937],[-87.91311,42.03939],[-87.9129,42.03979],[-87.91285,42.03987],[-87.91257,42.04032],[-87.91228,42.04072],[-87.91228,42.04072],[-87.9119,42.04117],[-87.91154,42.04154],[-87.91153,42.04155],[-87.91119,42.04186],[-87.91114,42.04191],[-87.91029,42.04256],[-87.91029,42.04256],[-87.90993,42.04277],[-87.90947,42.04305],[-87.90928,42.04316],[-87.90918,42.04321]]},"properties":{"kind":"rail","name":"Union Pacific"}},{"type":"Feature","geometry":{"type":"LineString","coordinates":[[-87.77797,41.97974],[-87.77075,41.97566],[-87.76849,41.9744],[-87.76442,41.97208],[-87.76335,41.97146],[-87.76318,41.97136],[-87.76222,41.97082]]},"properties":{"kind":"rail","name":"Union Pacific"}},{"type":"Feature","geometry":{"type":"LineString","coordinates":[[-87.67474,41.97871],[-87.67465,41.97607],[-87.67459,41.97337],[-87.67448,41.96882],[-87.67446,41.96811]]},"properties":{"kind":"rail","name":"Union Pacific"}},{"type":"Feature","geometry":{"type":"LineString","coordinates":[[-87.91232,42.0523],[-87.91148,42.05192],[-87.90105,42.04728]]},"properties":{"kind":"rail","name":"Union Pacific"}},{"type":"Feature","geometry":{"type":"LineString","coordinates":[[-87.73243,41.91356],[-87.73133,41.91358],[-87.73009,41.91359],[-87.72889,41.91361],[-87.72767,41.91362],[-87.72644,41.91364],[-87.72584,41.91364],[-87.7246,41.91363]]},"properties":{"kind":"rail","name":"Metra"}},{"type":"Feature","geometry":{"type":"LineString","coordinates":[[-87.86605,41.95421],[-87.86606,41.95424],[-87.86637,41.95491],[-87.86674,41.95557],[-87.86698,41.95596],[-87.86704,41.95605],[-87.86735,41.95661],[-87.86785,41.95735]]},"properties":{"kind":"rail","name":"Canadian National"}},{"type":"Feature","geometry":{"type":"LineString","coordinates":[[-87.93902,41.99122],[-87.93904,41.99212],[-87.93902,41.99279],[-87.93894,41.99344],[-87.93892,41.99358]]},"properties":{"kind":"rail","name":"Union Pacific"}},{"type":"Feature","geometry":{"type":"LineString","coordinates":[[-87.89837,42.04701],[-87.89787,42.04718],[-87.89786,42.04718],[-87.89309,42.04879]]},"properties":{"kind":"rail","name":"Union Pacific"}},{"type":"Feature","geometry":{"type":"LineString","coordinates":[[-87.80161,41.92191],[-87.80068,41.92157],[-87.7998,41.92125],[-87.79885,41.9209],[-87.7951,41.91954],[-87.79441,41.91929]]},"properties":{"kind":"rail","name":"Metra"}},{"type":"Feature","geometry":{"type":"LineString","coordinates":[[-87.79723,42.05836],[-87.79682,42.05758],[-87.79681,42.05757],[-87.79607,42.05614],[-87.7956,42.05523],[-87.79438,42.05289],[-87.79304,42.0503],[-87.78814,42.04089],[-87.78737,42.03942],[-87.78592,42.03662],[-87.78508,42.03501]]},"properties":{"kind":"rail","name":"Metra"}},{"type":"Feature","geometry":{"type":"LineString","coordinates":[[-87.85948,41.93589],[-87.85922,41.93516],[-87.85905,41.93476],[-87.85883,41.93423],[-87.85878,41.93412],[-87.85878,41.93411]]},"properties":{"kind":"rail","name":"Canadian National"}},{"type":"Feature","geometry":{"type":"LineString","coordinates":[[-87.98412,42.08427],[-87.9829,42.08372],[-87.98169,42.08318],[-87.98047,42.08263],[-87.97424,42.07994]]},"properties":{"kind":"rail","name":"Union Pacific"}},{"type":"Feature","geometry":{"type":"LineString","coordinates":[[-87.91373,42.03601],[-87.91372,42.03565],[-87.91367,42.03501],[-87.91365,42.03057],[-87.91365,42.02906]]},"properties":{"kind":"rail","name":"Union Pacific"}},{"type":"Feature","geometry":{"type":"LineString","coordinates":[[-87.67446,41.96811],[-87.67444,41.96699],[-87.67433,41.96517]]},"properties":{"kind":"rail","name":"Union Pacific"}},{"type":"Feature","geometry":{"type":"LineString","coordinates":[[-87.87724,41.98597],[-87.87689,41.9848],[-87.87648,41.98357],[-87.87601,41.98231],[-87.87596,41.98219],[-87.87596,41.98219],[-87.87592,41.98207],[-87.87558,41.98118],[-87.87488,41.97938],[-87.87463,41.9787]]},"properties":{"kind":"rail","name":"Canadian National"}},{"type":"Feature","geometry":{"type":"LineString","coordinates":[[-87.70937,42.0774],[-87.7087,42.07661],[-87.70781,42.07552],[-87.70638,42.07377],[-87.70488,42.072],[-87.7023,42.06891],[-87.70017,42.06635],[-87.69848,42.06432],[-87.69814,42.06393]]},"properties":{"kind":"rail","name":"Union Pacific"}},{"type":"Feature","geometry":{"type":"LineString","coordinates":[[-87.79441,41.91929],[-87.79165,41.91829],[-87.78907,41.91735]]},"properties":{"kind":"rail","name":"Metra"}},{"type":"Feature","geometry":{"type":"LineString","coordinates":[[-87.67433,41.96517],[-87.67429,41.96333],[-87.67429,41.96153],[-87.67414,41.95788],[-87.67402,41.95423],[-87.67392,41.95057],[-87.67385,41.94714],[-87.67385,41.94693],[-87.67381,41.94508],[-87.67377,41.94388],[-87.67375,41.94326],[-87.67371,41.94144],[-87.67367,41.94054],[-87.67363,41.93963],[-87.67356,41.9378],[-87.67351,41.93598],[-87.67351,41.93587]]},"properties":{"kind":"rail","name":"Union Pacific"}},{"type":"Feature","geometry":{"type":"LineString","coordinates":[[-87.93384,41.95578],[-87.92937,41.95514],[-87.92864,41.95503],[-87.928,41.95493],[-87.92709,41.95479],[-87.92703,41.95478]]},"properties":{"kind":"rail","name":"Metra"}},{"type":"Feature","geometry":{"type":"LineString","coordinates":[[-87.72988,41.9525],[-87.72752,41.95117],[-87.72289,41.94853],[-87.71928,41.94648],[-87.71845,41.94601],[-87.71815,41.94583],[-87.71791,41.94569],[-87.71762,41.94553],[-87.71733,41.94537],[-87.71446,41.94376]]},"properties":{"kind":"rail","name":"Union Pacific"}},{"type":"Feature","geometry":{"type":"LineString","coordinates":[[-87.78018,41.91653],[-87.77544,41.9166],[-87.76691,41.91672]]},"properties":{"kind":"rail","name":"Metra"}},{"type":"Feature","geometry":{"type":"LineString","coordinates":[[-87.99934,41.96975],[-87.9982,41.96963],[-87.9968,41.96945],[-87.99535,41.96918],[-87.99443,41.96895],[-87.99335,41.96866],[-87.9895,41.96734]]},"properties":{"kind":"rail","name":"Metra"}},{"type":"Feature","geometry":{"type":"LineString","coordinates":[[-87.91414,41.93065],[-87.9141,41.93002],[-87.91413,41.92974]]},"properties":{"kind":"rail","name":"Union Pacific"}},{"type":"Feature","geometry":{"type":"LineString","coordinates":[[-87.89454,42.03774],[-87.89439,42.03738],[-87.89412,42.03663],[-87.89399,42.0362],[-87.89371,42.03525],[-87.89346,42.03437],[-87.8926,42.03132],[-87.89086,42.02511],[-87.89056,42.02405],[-87.89015,42.02263],[-87.88996,42.02201],[-87.8899,42.02184],[-87.88876,42.01863],[-87.88772,42.0157],[-87.88769,42.01562],[-87.8872,42.0143],[-87.88556,42.00965],[-87.88471,42.00726],[-87.88366,42.00428],[-87.883,42.00243],[-87.88227,42.00041],[-87.88209,41.99992],[-87.88121,41.99745],[-87.8812,41.99742],[-87.88094,41.99667],[-87.88034,41.9948]]},"properties":{"kind":"rail","name":"Canadian National"}},{"type":"Feature","geometry":{"type":"LineString","coordinates":[[-87.8317,42.01012],[-87.83082,42.00962],[-87.82132,42.00426],[-87.82119,42.00418],[-87.81802,42.00242]]},"properties":{"kind":"rail","name":"Union Pacific"}},{"type":"Feature","geometry":{"type":"LineString","coordinates":[[-88.00896,42.09542],[-88.00469,42.09351],[-87.99306,42.08833],[-87.991,42.08738],[-87.98922,42.08658],[-87.98412,42.08427]]},"properties":{"kind":"rail","name":"Union Pacific"}},{"type":"Feature","geometry":{"type":"LineString","coordinates":[[-87.7462,41.96013],[-87.744,41.95587],[-87.74275,41.95345],[-87.74258,41.95314],[-87.74254,41.95305],[-87.74253,41.95303],[-87.74056,41.94923],[-87.74018,41.94849]]},"properties":{"kind":"rail","name":"Metra"}},{"type":"Feature","geometry":{"type":"LineString","coordinates":[[-87.99206,41.90589],[-87.99153,41.90576],[-87.99112,41.90565],[-87.99065,41.90553],[-87.98979,41.90532],[-87.98836,41.90495],[-87.98682,41.90456],[-87.9852,41.90415],[-87.98368,41.90376],[-87.9788,41.90251],[-87.97245,41.9009],[-87.97119,41.90055],[-87.97107,41.90052],[-87.97074,41.90041]]},"properties":{"kind":"rail","name":"Canadian National"}},{"type":"Feature","geometry":{"type":"LineString","coordinates":[[-87.9162,42.05402],[-87.91532,42.05363],[-87.91232,42.0523]]},"properties":{"kind":"rail","name":"Union Pacific"}},{"type":"Feature","geometry":{"type":"LineString","coordinates":[[-87.89897,42.05032],[-87.89814,42.04795],[-87.89787,42.04718],[-87.89761,42.04644]]},"properties":{"kind":"rail","name":"Canadian National"}},{"type":"Feature","geometry":{"type":"LineString","coordinates":[[-87.85878,41.93411],[-87.85863,41.93372],[-87.85822,41.93266],[-87.85813,41.93233]]},"properties":{"kind":"rail","name":"Canadian National"}},{"type":"Feature","geometry":{"type":"LineString","coordinates":[[-87.83645,41.93102],[-87.82594,41.92817],[-87.82272,41.9273],[-87.8218,41.92703],[-87.82096,41.92678],[-87.81992,41.92645],[-87.81794,41.92581],[-87.8173,41.9256],[-87.8173,41.9256],[-87.81629,41.92531],[-87.81604,41.92524],[-87.81524,41.92506],[-87.8148,41.92497]]},"properties":{"kind":"rail","name":"Metra"}},{"type":"Feature","geometry":{"type":"LineString","coordinates":[[-87.86785,41.95735],[-87.86896,41.95902],[-87.86914,41.95931],[-87.86925,41.95949],[-87.86946,41.95986],[-87.86964,41.9602],[-87.86965,41.96023],[-87.86986,41.96076],[-87.86994,41.96103],[-87.87002,41.96128],[-87.87011,41.96174],[-87.87026,41.96269]]},"properties":{"kind":"rail","name":"Canadian National"}},{"type":"Feature","geometry":{"type":"LineString","coordinates":[[-87.81574,42.09747],[-87.81161,42.08739],[-87.80969,42.08273],[-87.80945,42.08214],[-87.80907,42.08126],[-87.8088,42.08067],[-87.80863,42.08031],[-87.80852,42.08009],[-87.80586,42.07497]]},"properties":{"kind":"rail","name":"Metra"}},{"type":"Feature","geometry":{"type":"LineString","coordinates":[[-87.94182,41.957],[-87.94106,41.95688],[-87.93957,41.95662],[-87.93753,41.95634]]},"properties":{"kind":"rail","name":"Metra"}},{"type":"Feature","geometry":{"type":"LineString","coordinates":[[-87.61224,41.68458],[-87.61116,41.68931],[-87.61041,41.69225],[-87.60509,41.71559],[-87.60402,41.72028],[-87.60336,41.72303],[-87.60335,41.72306],[-87.60333,41.72317],[-87.6033,41.72331],[-87.59769,41.74785],[-87.59716,41.75017]]},"properties":{"kind":"rail","name":"Canadian National"}},{"type":"Feature","geometry":{"type":"LineString","coordinates":[[-87.61269,41.68299],[-87.61241,41.68387],[-87.61236,41.68407],[-87.61235,41.68412],[-87.61225,41.68457],[-87.61224,41.68458]]},"properties":{"kind":"rail","name":"Canadian National"}},{"type":"Feature","geometry":{"type":"LineString","coordinates":[[-87.61197,41.68553],[-87.61224,41.68458]]},"properties":{"kind":"rail","name":"Canadian National"}},{"type":"Feature","geometry":{"type":"LineString","coordinates":[[-87.61269,41.68299],[-87.61279,41.6826],[-87.61341,41.67974],[-87.6136,41.67889],[-87.61365,41.67868],[-87.61419,41.67631]]},"properties":{"kind":"rail","name":"Canadian National"}},{"type":"Feature","geometry":{"type":"LineString","coordinates":[[-87.68506,41.64865],[-87.68518,41.64882],[-87.68591,41.64988],[-87.68595,41.64994],[-87.68617,41.6503],[-87.68622,41.65038],[-87.6864,41.65077],[-87.6864,41.65079],[-87.68653,41.65114],[-87.68661,41.65142],[-87.68674,41.6519],[-87.68694,41.65261],[-87.6874,41.65423],[-87.68743,41.65432]]},"properties":{"kind":"rail","name":"CSX"}},{"type":"Feature","geometry":{"type":"LineString","coordinates":[[-87.68365,41.85828],[-87.68667,41.85736],[-87.68769,41.85709],[-87.688,41.85703],[-87.68813,41.857],[-87.70068,41.85419],[-87.7329,41.84698]]},"properties":{"kind":"rail","name":"BNSF Railway"}},{"type":"Feature","geometry":{"type":"LineString","coordinates":[[-87.7329,41.84698],[-87.73922,41.84556],[-87.73963,41.84547],[-87.74376,41.84454],[-87.74505,41.8443],[-87.74632,41.84412],[-87.75155,41.84363]]},"properties":{"kind":"rail","name":"BNSF Railway"}},{"type":"Feature","geometry":{"type":"LineString","coordinates":[[-87.5469,41.63148],[-87.54658,41.63135],[-87.54594,41.63111]]},"properties":{"kind":"rail","name":"CSX"}},{"type":"Feature","geometry":{"type":"LineString","coordinates":[[-87.8654,41.89132],[-87.86533,41.89131],[-87.86521,41.8913],[-87.86393,41.89117],[-87.85976,41.89072],[-87.85655,41.89036],[-87.85571,41.89026]]},"properties":{"kind":"rail","name":"Union Pacific"}},{"type":"Feature","geometry":{"type":"LineString","coordinates":[[-87.88249,41.73679],[-87.88137,41.73758],[-87.88063,41.73803],[-87.87871,41.73909],[-87.87811,41.73945],[-87.87768,41.73976],[-87.87726,41.74012],[-87.87531,41.74199],[-87.87388,41.74339],[-87.87241,41.74482],[-87.87175,41.74546],[-87.86773,41.74937],[-87.86631,41.75076],[-87.86608,41.75098],[-87.86321,41.75377],[-87.86293,41.75405],[-87.86237,41.7546],[-87.86182,41.75528],[-87.86142,41.75593],[-87.86112,41.75654],[-87.86048,41.75816]]},"properties":{"kind":"rail","name":"BNSF Railway"}},{"type":"Feature","geometry":{"type":"LineString","coordinates":[[-87.83624,41.78743],[-87.83603,41.78767],[-87.83466,41.78928],[-87.83463,41.78933],[-87.83459,41.78938],[-87.83333,41.79085],[-87.83308,41.79115]]},"properties":{"kind":"rail","name":"BNSF Railway"}},{"type":"Feature","geometry":{"type":"LineString","coordinates":[[-87.77905,41.70445],[-87.77753,41.70564],[-87.77752,41.70565],[-87.77745,41.7057],[-87.77685,41.70617],[-87.77612,41.70671]]},"properties":{"kind":"rail","name":"Metra"}},{"type":"Feature","geometry":{"type":"LineString","coordinates":[[-87.65221,41.88846],[-87.65137,41.88847],[-87.65121,41.88847],[-87.65088,41.88844],[-87.65051,41.88841],[-87.65039,41.88839],[-87.64904,41.8882],[-87.64816,41.88808],[-87.64778,41.88805],[-87.64703,41.88799],[-87.64698,41.88799],[-87.64629,41.88799],[-87.64506,41.88801],[-87.64362,41.88802],[-87.64285,41.88803],[-87.64252,41.88803],[-87.64166,41.888],[-87.64099,41.88798],[-87.64087,41.88798],[-87.64086,41.88798],[-87.64086,41.88798],[-87.6407,41.88795],[-87.64063,41.88794],[-87.64047,41.88788],[-87.64039,41.88785],[-87.64019,41.88774],[-87.64018,41.88773],[-87.64005,41.88762],[-87.64004,41.88761],[-87.63989,41.88743],[-87.63927,41.88664],[-87.63927,41.88664],[-87.639,41.88637],[-87.63895,41.88631],[-87.63885,41.88616],[-87.63883,41.88613]]},"properties":{"kind":"rail","name":"Metra"}},{"type":"Feature","geometry":{"type":"LineString","coordinates":[[-87.80936,41.79519],[-87.80823,41.79575],[-87.80683,41.79637],[-87.80528,41.79694],[-87.80378,41.79743],[-87.8021,41.79796],[-87.8017,41.79808],[-87.80144,41.79816]]},"properties":{"kind":"rail","name":"Canadian National"}},{"type":"Feature","geometry":{"type":"LineString","coordinates":[[-88.01283,41.91144],[-88.01054,41.91077],[-88.00791,41.91],[-88.00607,41.90946],[-88.00598,41.90944],[-88.00385,41.9089],[-88.00132,41.90825],[-87.99797,41.9074],[-87.99639,41.907],[-87.99491,41.90662],[-87.99206,41.90589]]},"properties":{"kind":"rail","name":"Canadian National"}},{"type":"Feature","geometry":{"type":"LineString","coordinates":[[-87.73998,41.95819],[-87.73822,41.95719],[-87.73802,41.95708],[-87.73247,41.95395],[-87.73184,41.9536],[-87.72988,41.9525]]},"properties":{"kind":"rail","name":"Union Pacific"}},{"type":"Feature","geometry":{"type":"LineString","coordinates":[[-87.54765,41.72658],[-87.54769,41.72828],[-87.54777,41.7301],[-87.54784,41.73194],[-87.54786,41.73236],[-87.54812,41.73742],[-87.54824,41.73805]]},"properties":{"kind":"rail","name":"Metra"}},{"type":"Feature","geometry":{"type":"LineString","coordinates":[[-87.42214,41.62995],[-87.41623,41.62987],[-87.41504,41.62985]]},"properties":{"kind":"rail","name":"CSX"}},{"type":"Feature","geometry":{"type":"LineString","coordinates":[[-87.40622,41.62954],[-87.40579,41.62969],[-87.40562,41.62975],[-87.40523,41.62982],[-87.40485,41.62988],[-87.40471,41.62988],[-87.40435,41.62989],[-87.4042,41.62988],[-87.4039,41.62986],[-87.40365,41.62981],[-87.4035,41.62979],[-87.40315,41.62969],[-87.40304,41.62966],[-87.39938,41.62836],[-87.39405,41.62646],[-87.39188,41.62569],[-87.39185,41.62568],[-87.39077,41.62533],[-87.38905,41.62484],[-87.38892,41.6248],[-87.38767,41.62437],[-87.38736,41.62426],[-87.38651,41.62397],[-87.3865,41.62397],[-87.38647,41.62396],[-87.38645,41.62395]]},"properties":{"kind":"rail","name":"Canadian National"}},{"type":"Feature","geometry":{"type":"LineString","coordinates":[[-87.51549,41.631],[-87.51491,41.63099],[-87.51361,41.63097],[-87.51253,41.63094],[-87.51152,41.63091],[-87.51126,41.63091],[-87.50878,41.63089],[-87.50753,41.6309],[-87.5062,41.63093],[-87.50444,41.63095],[-87.50373,41.63092],[-87.50299,41.63084],[-87.5023,41.63072],[-87.50164,41.63056],[-87.50107,41.63039],[-87.50087,41.63031],[-87.50078,41.63028],[-87.50074,41.63026]]},"properties":{"kind":"rail","name":"South Shore Line"}},{"type":"Feature","geometry":{"type":"LineString","coordinates":[[-87.49378,41.68407],[-87.49334,41.68392],[-87.4932,41.68386],[-87.49274,41.68364],[-87.49258,41.68357],[-87.4916,41.68303],[-87.49106,41.68273],[-87.48892,41.68154],[-87.48667,41.6803],[-87.48579,41.67981],[-87.48445,41.67906],[-87.48279,41.67814],[-87.4788,41.67593],[-87.47707,41.67498],[-87.4761,41.67446],[-87.47459,41.67367],[-87.47389,41.6733]]},"properties":{"kind":"rail","name":"Norfolk Southern"}},{"type":"Feature","geometry":{"type":"LineString","coordinates":[[-87.68464,41.64793],[-87.68503,41.64858],[-87.68506,41.64865]]},"properties":{"kind":"rail","name":"CSX"}},{"type":"Feature","geometry":{"type":"LineString","coordinates":[[-87.61238,41.68469],[-87.61269,41.68299]]},"properties":{"kind":"rail","name":"Metra"}},{"type":"Feature","geometry":{"type":"LineString","coordinates":[[-87.61197,41.68553],[-87.61198,41.68544],[-87.61207,41.68501],[-87.61233,41.68385]]},"properties":{"kind":"rail","name":"Canadian National"}},{"type":"Feature","geometry":{"type":"LineString","coordinates":[[-87.91999,41.95468],[-87.92,41.95468],[-87.92029,41.95475],[-87.92106,41.95487],[-87.92151,41.95491],[-87.92202,41.95494],[-87.92285,41.95494],[-87.92524,41.95497],[-87.92583,41.95498],[-87.9266,41.955],[-87.92744,41.95506],[-87.92829,41.95515],[-87.9289,41.95523],[-87.93077,41.95551],[-87.93218,41.95573],[-87.93298,41.95587],[-87.93349,41.95601],[-87.93422,41.95624],[-87.93493,41.95657],[-87.93525,41.95672],[-87.93584,41.95712],[-87.93617,41.95735],[-87.93665,41.95779],[-87.93708,41.95828],[-87.93738,41.9587],[-87.93763,41.95907],[-87.9378,41.95959],[-87.93803,41.96051],[-87.93816,41.96106],[-87.93831,41.96206],[-87.93868,41.96443],[-87.93884,41.96545],[-87.93887,41.96687],[-87.93894,41.96876],[-87.93895,41.97039],[-87.93897,41.97137],[-87.93901,41.97387],[-87.93902,41.97892],[-87.93904,41.98463],[-87.93905,41.98655],[-87.93908,41.98794],[-87.93911,41.98913]]},"properties":{"kind":"rail","name":"Union Pacific"}},{"type":"Feature","geometry":{"type":"LineString","coordinates":[[-87.91462,41.94725],[-87.91487,41.94829],[-87.91495,41.94879],[-87.91514,41.95007],[-87.91518,41.95048],[-87.9152,41.95063],[-87.91521,41.95071],[-87.91525,41.95081],[-87.91543,41.95122],[-87.91568,41.95181],[-87.91603,41.95223],[-87.91614,41.95237],[-87.91656,41.95286],[-87.91677,41.95309],[-87.91716,41.9534],[-87.91752,41.95365],[-87.91789,41.95388],[-87.91854,41.9542],[-87.91934,41.95449],[-87.91968,41.95461],[-87.91999,41.95468]]},"properties":{"kind":"rail","name":"Union Pacific"}},{"type":"Feature","geometry":{"type":"LineString","coordinates":[[-87.62304,41.64693],[-87.62331,41.64641],[-87.62332,41.64639],[-87.62624,41.64094],[-87.6264,41.64065],[-87.62644,41.64057],[-87.62877,41.63621],[-87.63041,41.63316]]},"properties":{"kind":"rail","name":"Metra"}},{"type":"Feature","geometry":{"type":"LineString","coordinates":[[-87.60909,41.69957],[-87.61057,41.69279],[-87.61061,41.69263]]},"properties":{"kind":"rail","name":"Metra"}},{"type":"Feature","geometry":{"type":"LineString","coordinates":[[-87.60739,41.707],[-87.60857,41.70191],[-87.60909,41.69957]]},"properties":{"kind":"rail","name":"Metra"}},{"type":"Feature","geometry":{"type":"LineString","coordinates":[[-87.60382,41.72227],[-87.60387,41.72205],[-87.60739,41.707]]},"properties":{"kind":"rail","name":"Metra"}},{"type":"Feature","geometry":{"type":"LineString","coordinates":[[-87.60211,41.7297],[-87.60304,41.72569],[-87.60357,41.72338],[-87.60357,41.72335],[-87.60361,41.72321],[-87.60363,41.72311],[-87.60382,41.72227]]},"properties":{"kind":"rail","name":"Metra"}},{"type":"Feature","geometry":{"type":"LineString","coordinates":[[-87.6004,41.7371],[-87.6005,41.73663],[-87.60211,41.7297]]},"properties":{"kind":"rail","name":"Metra"}},{"type":"Feature","geometry":{"type":"LineString","coordinates":[[-87.59879,41.74421],[-87.6004,41.7371]]},"properties":{"kind":"rail","name":"Metra"}},{"type":"Feature","geometry":{"type":"LineString","coordinates":[[-87.59738,41.75042],[-87.59743,41.75021],[-87.59877,41.7443],[-87.59879,41.74421]]},"properties":{"kind":"rail","name":"Metra"}},{"type":"Feature","geometry":{"type":"LineString","coordinates":[[-87.5926,41.77134],[-87.59177,41.77511],[-87.59136,41.77696],[-87.59098,41.77878],[-87.59069,41.78005]]},"properties":{"kind":"rail","name":"Metra"}},{"type":"Feature","geometry":{"type":"LineString","coordinates":[[-87.58884,41.78817],[-87.58802,41.79152],[-87.58782,41.79236],[-87.58763,41.79326]]},"properties":{"kind":"rail","name":"Metra"}},{"type":"Feature","geometry":{"type":"LineString","coordinates":[[-87.54824,41.73805],[-87.54842,41.73895],[-87.54927,41.74072],[-87.54979,41.74141],[-87.55001,41.74162],[-87.55122,41.74275],[-87.55133,41.74298],[-87.55145,41.74348],[-87.55151,41.74466],[-87.55152,41.74533]]},"properties":{"kind":"rail","name":"Metra"}},{"type":"Feature","geometry":{"type":"LineString","coordinates":[[-87.5534,41.75284],[-87.55242,41.75192],[-87.55208,41.75159],[-87.55184,41.75129],[-87.55165,41.75086],[-87.55162,41.75008],[-87.55162,41.74921],[-87.5516,41.74828],[-87.55154,41.74645],[-87.55152,41.74533]]},"properties":{"kind":"rail","name":"Metra"}},{"type":"Feature","geometry":{"type":"LineString","coordinates":[[-87.55942,41.7584],[-87.5582,41.75728],[-87.55627,41.7555],[-87.55434,41.75372],[-87.5534,41.75284]]},"properties":{"kind":"rail","name":"Metra"}},{"type":"Feature","geometry":{"type":"LineString","coordinates":[[-87.56561,41.76515],[-87.56498,41.76449],[-87.56337,41.76268],[-87.56179,41.7609],[-87.56017,41.75909],[-87.56004,41.75897],[-87.55942,41.7584]]},"properties":{"kind":"rail","name":"Metra"}},{"type":"Feature","geometry":{"type":"LineString","coordinates":[[-87.62944,41.83135],[-87.62942,41.83098],[-87.62932,41.82731],[-87.62923,41.82344],[-87.62921,41.82303]]},"properties":{"kind":"rail","name":"Metra"}},{"type":"Feature","geometry":{"type":"LineString","coordinates":[[-87.59123,41.80954],[-87.58924,41.8067],[-87.58829,41.80464],[-87.58788,41.80359],[-87.5875,41.80256],[-87.5873,41.80157],[-87.58702,41.80001]]},"properties":{"kind":"rail","name":"Metra"}},{"type":"Feature","geometry":{"type":"LineString","coordinates":[[-87.61321,41.84374],[-87.61107,41.83869],[-87.61094,41.8384]]},"properties":{"kind":"rail","name":"Metra"}},{"type":"Feature","geometry":{"type":"LineString","coordinates":[[-87.61813,41.85827],[-87.61719,41.85609],[-87.61709,41.85563],[-87.61713,41.85413],[-87.61713,41.85395],[-87.61714,41.85346],[-87.61701,41.85266],[-87.61647,41.85158],[-87.61636,41.8513]]},"properties":{"kind":"rail","name":"Metra"}},{"type":"Feature","geometry":{"type":"LineString","coordinates":[[-87.62246,41.87088],[-87.6223,41.8705],[-87.62203,41.86989],[-87.62181,41.86936],[-87.62154,41.86876]]},"properties":{"kind":"rail","name":"Metra"}},{"type":"Feature","geometry":{"type":"LineString","coordinates":[[-87.62154,41.86876],[-87.621,41.86757],[-87.61984,41.86465]]},"properties":{"kind":"rail","name":"Metra"}},{"type":"Feature","geometry":{"type":"LineString","coordinates":[[-87.58735,41.76604],[-87.58676,41.76604],[-87.58631,41.76604],[-87.58593,41.76605],[-87.58476,41.76605],[-87.58366,41.76607],[-87.58243,41.76608],[-87.58122,41.76608],[-87.57935,41.7661],[-87.5763,41.76613]]},"properties":{"kind":"rail","name":"Metra"}},{"type":"Feature","geometry":{"type":"LineString","coordinates":[[-87.63041,41.63316],[-87.63396,41.62653],[-87.63582,41.62306]]},"properties":{"kind":"rail","name":"Metra"}},{"type":"Feature","geometry":{"type":"LineString","coordinates":[[-87.58735,41.76604],[-87.58943,41.76603],[-87.58955,41.76603],[-87.59004,41.76608],[-87.59045,41.76625],[-87.59098,41.76655],[-87.59123,41.76672],[-87.59156,41.76695],[-87.59193,41.76725],[-87.59221,41.76755],[-87.59233,41.76779],[-87.59243,41.76803],[-87.59246,41.76838],[-87.59247,41.76904]]},"properties":{"kind":"rail","name":"Metra"}},{"type":"Feature","geometry":{"type":"LineString","coordinates":[[-87.63582,41.62306],[-87.63613,41.62247],[-87.63624,41.62226],[-87.63716,41.62056],[-87.64164,41.61218],[-87.64165,41.61217],[-87.64166,41.61215],[-87.64175,41.61197],[-87.64178,41.61192],[-87.64366,41.60841]]},"properties":{"kind":"rail","name":"Metra"}},{"type":"Feature","geometry":{"type":"LineString","coordinates":[[-87.90246,41.5638],[-87.90188,41.56412],[-87.90116,41.56458],[-87.90017,41.56526],[-87.89873,41.56628],[-87.89645,41.56785],[-87.89126,41.57153],[-87.89094,41.57179],[-87.89064,41.57208],[-87.88999,41.57276],[-87.88958,41.57327],[-87.88923,41.57386],[-87.88535,41.58264],[-87.88495,41.5835],[-87.88452,41.58447],[-87.88405,41.58625],[-87.88296,41.5899],[-87.88233,41.59139],[-87.88198,41.59204],[-87.88158,41.59272],[-87.88058,41.59413],[-87.8799,41.59511],[-87.87844,41.59721],[-87.87774,41.59828],[-87.87697,41.59978],[-87.87652,41.60094],[-87.87436,41.60648],[-87.87389,41.60814],[-87.8736,41.60959]]},"properties":{"kind":"rail","name":"Metra"}},{"type":"Feature","geometry":{"type":"LineString","coordinates":[[-87.69801,41.63799],[-87.69724,41.63862],[-87.69451,41.64085]]},"properties":{"kind":"rail","name":"Metra"}},{"type":"Feature","geometry":{"type":"LineString","coordinates":[[-87.69451,41.64085],[-87.69304,41.64206],[-87.69187,41.643],[-87.68826,41.64596],[-87.6877,41.64642],[-87.68606,41.64775],[-87.68597,41.64783],[-87.68591,41.64788],[-87.68588,41.6479],[-87.6854,41.64828],[-87.68537,41.6483],[-87.68526,41.6484],[-87.68523,41.64842],[-87.68522,41.64843],[-87.68518,41.64845],[-87.68515,41.64849],[-87.68515,41.64849],[-87.68509,41.64853],[-87.68505,41.64856],[-87.68503,41.64858],[-87.68502,41.64859],[-87.68479,41.64878]]},"properties":{"kind":"rail","name":"Metra"}},{"type":"Feature","geometry":{"type":"LineString","coordinates":[[-87.88268,41.89143],[-87.8819,41.89141]]},"properties":{"kind":"rail","name":"Union Pacific"}},{"type":"Feature","geometry":{"type":"LineString","coordinates":[[-87.8819,41.89141],[-87.87503,41.89125],[-87.87377,41.89121],[-87.87255,41.8913],[-87.8723,41.89134]]},"properties":{"kind":"rail","name":"Union Pacific"}},{"type":"Feature","geometry":{"type":"LineString","coordinates":[[-87.75155,41.84363],[-87.75106,41.84364],[-87.75078,41.84366],[-87.75023,41.84371],[-87.74964,41.84376],[-87.74801,41.84391],[-87.74638,41.84407]]},"properties":{"kind":"rail","name":"BNSF Railway"}},{"type":"Feature","geometry":{"type":"LineString","coordinates":[[-87.74638,41.84407],[-87.74632,41.84408],[-87.74607,41.84412],[-87.74504,41.84426],[-87.74481,41.8443]]},"properties":{"kind":"rail","name":"BNSF Railway"}},{"type":"Feature","geometry":{"type":"LineString","coordinates":[[-87.67247,41.67659],[-87.6726,41.67559],[-87.67286,41.67405],[-87.6735,41.67048],[-87.67351,41.67041]]},"properties":{"kind":"rail","name":"Metra"}},{"type":"Feature","geometry":{"type":"LineString","coordinates":[[-87.67351,41.67041],[-87.67366,41.66961]]},"properties":{"kind":"rail","name":"Metra"}},{"type":"Feature","geometry":{"type":"LineString","coordinates":[[-87.88582,41.94254],[-87.88517,41.94227],[-87.88475,41.94209],[-87.88367,41.94166],[-87.88336,41.94155]]},"properties":{"kind":"rail","name":"Metra"}},{"type":"Feature","geometry":{"type":"LineString","coordinates":[[-87.88336,41.94155],[-87.88315,41.94148],[-87.8828,41.94135],[-87.88257,41.94127],[-87.88206,41.94111]]},"properties":{"kind":"rail","name":"Metra"}},{"type":"Feature","geometry":{"type":"LineString","coordinates":[[-87.93676,42.06322],[-87.93615,42.06296]]},"properties":{"kind":"rail","name":"Union Pacific"}},{"type":"Feature","geometry":{"type":"LineString","coordinates":[[-87.93615,42.06296],[-87.93535,42.06262],[-87.92461,42.05777],[-87.92127,42.05629],[-87.91663,42.05421],[-87.9162,42.05402]]},"properties":{"kind":"rail","name":"Union Pacific"}},{"type":"Feature","geometry":{"type":"LineString","coordinates":[[-87.72822,41.92537],[-87.72794,41.92483]]},"properties":{"kind":"rail","name":"Metra"}},{"type":"Feature","geometry":{"type":"LineString","coordinates":[[-87.72794,41.92483],[-87.72775,41.92447],[-87.7268,41.92263],[-87.72586,41.92081],[-87.72492,41.91899],[-87.72398,41.91717],[-87.72291,41.91511]]},"properties":{"kind":"rail","name":"Metra"}},{"type":"Feature","geometry":{"type":"LineString","coordinates":[[-87.88206,41.94111],[-87.8811,41.9408],[-87.87923,41.94025],[-87.87526,41.93908],[-87.87038,41.93764],[-87.86793,41.93692],[-87.86648,41.93649]]},"properties":{"kind":"rail","name":"Metra"}},{"type":"Feature","geometry":{"type":"LineString","coordinates":[[-87.86648,41.93649],[-87.86547,41.93619]]},"properties":{"kind":"rail","name":"Metra"}},{"type":"Feature","geometry":{"type":"LineString","coordinates":[[-87.61061,41.69263],[-87.61205,41.68614]]},"properties":{"kind":"rail","name":"Metra"}},{"type":"Feature","geometry":{"type":"LineString","coordinates":[[-87.61205,41.68614],[-87.61238,41.68469]]},"properties":{"kind":"rail","name":"Metra"}},{"type":"Feature","geometry":{"type":"LineString","coordinates":[[-87.59069,41.78005],[-87.59057,41.78056],[-87.58949,41.78522],[-87.58933,41.78607],[-87.58898,41.78761]]},"properties":{"kind":"rail","name":"Metra"}},{"type":"Feature","geometry":{"type":"LineString","coordinates":[[-87.58898,41.78761],[-87.58892,41.78787],[-87.58884,41.78817]]},"properties":{"kind":"rail","name":"Metra"}}]}