{"type":"FeatureCollection","features":[{"type":"Feature","geometry":{"type":"Point","coordinates":[-87.90141,42.00595]},"properties":{"name":"Class 6b Industrial - 895 W Upper Express Dr","incentiveClass":"Class 6b Industrial","classCode":"663","pin":"09321000128007","address":"895 W Upper Express Dr","zip":"","communityArea":"Ohare","reportUrl":"https://www.cookcountyassessoril.gov/pin/09321000128007"}},{"type":"Feature","geometry":{"type":"Point","coordinates":[-87.89195,41.99726]},"properties":{"name":"Class 6b Industrial - 837 Patton","incentiveClass":"Class 6b Industrial","classCode":"677","pin":"09324020058002","address":"837 Patton","zip":"","communityArea":"Ohare","reportUrl":"https://www.cookcountyassessoril.gov/pin/09324020058002"}},{"type":"Feature","geometry":{"type":"Point","coordinates":[-87.69046,42.00548]},"properties":{"name":"Class 9 Multifamily - 2410 W Pratt Blvd","incentiveClass":"Class 9 Multifamily","classCode":"997","pin":"10362300510000","address":"2410 W Pratt Blvd","zip":"60645","communityArea":"West Ridge","reportUrl":"https://www.cookcountyassessoril.gov/pin/10362300510000"}},{"type":"Feature","geometry":{"type":"Point","coordinates":[-87.6909,42.00528]},"properties":{"name":"Class 9 Multifamily - 2410 W Pratt Blvd","incentiveClass":"Class 9 Multifamily","classCode":"990","pin":"10362300520000","address":"2410 W Pratt Blvd","zip":"60645","communityArea":"West Ridge","reportUrl":"https://www.cookcountyassessoril.gov/pin/10362300520000"}},{"type":"Feature","geometry":{"type":"Point","coordinates":[-87.66914,42.01977]},"properties":{"name":"Class 9 Multifamily - 7611 N Bosworth Ave","incentiveClass":"Class 9 Multifamily","classCode":"915","pin":"11291060100000","address":"7611 N Bosworth Ave","zip":"60626","communityArea":"Rogers Park","reportUrl":"https://www.cookcountyassessoril.gov/pin/11291060100000"}},{"type":"Feature","geometry":{"type":"Point","coordinates":[-87.66914,42.01963]},"properties":{"name":"Class 9 Multifamily - 7605 N Bosworth Ave","incentiveClass":"Class 9 Multifamily","classCode":"915","pin":"11291060110000","address":"7605 N Bosworth Ave","zip":"60626","communityArea":"Rogers Park","reportUrl":"https://www.cookcountyassessoril.gov/pin/11291060110000"}},{"type":"Feature","geometry":{"type":"Point","coordinates":[-87.66914,42.01951]},"properties":{"name":"Class 9 Multifamily - 7605 N Bosworth Ave","incentiveClass":"Class 9 Multifamily","classCode":"918","pin":"11291060120000","address":"7605 N Bosworth Ave","zip":"60626","communityArea":"Rogers Park","reportUrl":"https://www.cookcountyassessoril.gov/pin/11291060120000"}},{"type":"Feature","geometry":{"type":"Point","coordinates":[-87.67226,42.01955]},"properties":{"name":"Class 9 Multifamily - 1632 W Howard St","incentiveClass":"Class 9 Multifamily","classCode":"918","pin":"11302180260000","address":"1632 W Howard St","zip":"60626","communityArea":"Rogers Park","reportUrl":"https://www.cookcountyassessoril.gov/pin/11302180260000"}},{"type":"Feature","geometry":{"type":"Point","coordinates":[-87.67225,42.01973]},"properties":{"name":"Class 9 Multifamily - 1632 W Howard St","incentiveClass":"Class 9 Multifamily","classCode":"918","pin":"11302180320000","address":"1632 W Howard St","zip":"60626","communityArea":"Rogers Park","reportUrl":"https://www.cookcountyassessoril.gov/pin/11302180320000"}},{"type":"Feature","geometry":{"type":"Point","coordinates":[-87.67229,42.01671]},"properties":{"name":"Class 9 Multifamily - 7415 N Paulina St","incentiveClass":"Class 9 Multifamily","classCode":"915","pin":"11304140010000","address":"7415 N Paulina St","zip":"60626","communityArea":"Rogers Park","reportUrl":"https://www.cookcountyassessoril.gov/pin/11304140010000"}},{"type":"Feature","geometry":{"type":"Point","coordinates":[-87.67854,42.01429]},"properties":{"name":"Class 9 Multifamily - 7318 N Wolcott Ave","incentiveClass":"Class 9 Multifamily","classCode":"996","pin":"11304170040000","address":"7318 N Wolcott Ave","zip":"60626","communityArea":"Rogers Park","reportUrl":"https://www.cookcountyassessoril.gov/pin/11304170040000"}},{"type":"Feature","geometry":{"type":"Point","coordinates":[-87.67866,42.01414]},"properties":{"name":"Class 9 Multifamily - 7312 N Wolcott Ave","incentiveClass":"Class 9 Multifamily","classCode":"996","pin":"11304170050000","address":"7312 N Wolcott Ave","zip":"60626","communityArea":"Rogers Park","reportUrl":"https://www.cookcountyassessoril.gov/pin/11304170050000"}},{"type":"Feature","geometry":{"type":"Point","coordinates":[-87.66522,42.01245]},"properties":{"name":"Class 9 Multifamily - 1341 W Touhy Ave","incentiveClass":"Class 9 Multifamily","classCode":"915","pin":"11321020020000","address":"1341 W Touhy Ave","zip":"60626","communityArea":"Rogers Park","reportUrl":"https://www.cookcountyassessoril.gov/pin/11321020020000"}},{"type":"Feature","geometry":{"type":"Point","coordinates":[-87.66665,42.00633]},"properties":{"name":"Class 9 Multifamily - 1421 W Farwell Ave","incentiveClass":"Class 9 Multifamily","classCode":"915","pin":"11321210050000","address":"1421 W Farwell Ave","zip":"60626","communityArea":"Rogers Park","reportUrl":"https://www.cookcountyassessoril.gov/pin/11321210050000"}},{"type":"Feature","geometry":{"type":"Point","coordinates":[-87.89629,41.99369]},"properties":{"name":"Class 6b Industrial - 836 Patton","incentiveClass":"Class 6b Industrial","classCode":"677","pin":"12051060078002","address":"836 Patton","zip":"","communityArea":"Ohare","reportUrl":"https://www.cookcountyassessoril.gov/pin/12051060078002"}},{"type":"Feature","geometry":{"type":"Point","coordinates":[-87.70719,41.99717]},"properties":{"name":"Class 9 Multifamily - 3101 W Devon Ave","incentiveClass":"Class 9 Multifamily","classCode":"918","pin":"13011010090000","address":"3101 W Devon Ave","zip":"60659","communityArea":"West Ridge","reportUrl":"https://www.cookcountyassessoril.gov/pin/13011010090000"}},{"type":"Feature","geometry":{"type":"Point","coordinates":[-87.70709,41.99717]},"properties":{"name":"Class 9 Multifamily - 3101 W Devon Ave","incentiveClass":"Class 9 Multifamily","classCode":"918","pin":"13011010100000","address":"3101 W Devon Ave","zip":"60659","communityArea":"West Ridge","reportUrl":"https://www.cookcountyassessoril.gov/pin/13011010100000"}},{"type":"Feature","geometry":{"type":"Point","coordinates":[-87.69985,41.99347]},"properties":{"name":"Class 9 Multifamily - 6126 N California Ave","incentiveClass":"Class 9 Multifamily","classCode":"991","pin":"13011210390000","address":"6126 N California Ave","zip":"60659","communityArea":"West Ridge","reportUrl":"https://www.cookcountyassessoril.gov/pin/13011210390000"}},{"type":"Feature","geometry":{"type":"Point","coordinates":[-87.73468,41.9857]},"properties":{"name":"Class 6b Industrial - 5746 N Tripp Ave","incentiveClass":"Class 6b Industrial","classCode":"670","pin":"13034040240000","address":"5746 N Tripp Ave","zip":"60646","communityArea":"North Park","reportUrl":"https://www.cookcountyassessoril.gov/pin/13034040240000"}},{"type":"Feature","geometry":{"type":"Point","coordinates":[-87.73461,41.98555]},"properties":{"name":"Class 6b Industrial - 5740 N Tripp Ave","incentiveClass":"Class 6b Industrial","classCode":"670","pin":"13034040250000","address":"5740 N Tripp Ave","zip":"60646","communityArea":"North Park","reportUrl":"https://www.cookcountyassessoril.gov/pin/13034040250000"}},{"type":"Feature","geometry":{"type":"Point","coordinates":[-87.73483,41.98507]},"properties":{"name":"Class 6b Industrial - 5730 N Tripp Ave","incentiveClass":"Class 6b Industrial","classCode":"663","pin":"13034040260000","address":"5730 N Tripp Ave","zip":"60646","communityArea":"North Park","reportUrl":"https://www.cookcountyassessoril.gov/pin/13034040260000"}},{"type":"Feature","geometry":{"type":"Point","coordinates":[-87.73496,41.9847]},"properties":{"name":"Class 6b Industrial - 5630 N Tripp Ave","incentiveClass":"Class 6b Industrial","classCode":"663","pin":"13034040290000","address":"5630 N Tripp Ave","zip":"","communityArea":"North Park","reportUrl":"https://www.cookcountyassessoril.gov/pin/13034040290000"}},{"type":"Feature","geometry":{"type":"Point","coordinates":[-87.7345,41.98603]},"properties":{"name":"Class 6b Industrial - 5748 N Tripp Ave","incentiveClass":"Class 6b Industrial","classCode":"670","pin":"13034050410000","address":"5748 N Tripp Ave","zip":"60646","communityArea":"North Park","reportUrl":"https://www.cookcountyassessoril.gov/pin/13034050410000"}},{"type":"Feature","geometry":{"type":"Point","coordinates":[-87.77586,41.97895]},"properties":{"name":"Class 6b Industrial - 5450 N Northwest Hwy","incentiveClass":"Class 6b Industrial","classCode":"663","pin":"13082160020000","address":"5450 N Northwest Hwy","zip":"60630","communityArea":"Jefferson Park","reportUrl":"https://www.cookcountyassessoril.gov/pin/13082160020000"}},{"type":"Feature","geometry":{"type":"Point","coordinates":[-87.77573,41.97872]},"properties":{"name":"Class 6b Industrial - 5450 N Northwest Hwy","incentiveClass":"Class 6b Industrial","classCode":"663","pin":"13082160030000","address":"5450 N Northwest Hwy","zip":"60630","communityArea":"Jefferson Park","reportUrl":"https://www.cookcountyassessoril.gov/pin/13082160030000"}},{"type":"Feature","geometry":{"type":"Point","coordinates":[-87.77559,41.97887]},"properties":{"name":"Class 6b Industrial - 5450 N Northwest Hwy","incentiveClass":"Class 6b Industrial","classCode":"663","pin":"13082160040000","address":"5450 N Northwest Hwy","zip":"60630","communityArea":"Jefferson Park","reportUrl":"https://www.cookcountyassessoril.gov/pin/13082160040000"}},{"type":"Feature","geometry":{"type":"Point","coordinates":[-87.77544,41.9789]},"properties":{"name":"Class 6b Industrial - 5450 N Northwest Hwy","incentiveClass":"Class 6b Industrial","classCode":"663","pin":"13082160050000","address":"5450 N Northwest Hwy","zip":"60630","communityArea":"Jefferson Park","reportUrl":"https://www.cookcountyassessoril.gov/pin/13082160050000"}},{"type":"Feature","geometry":{"type":"Point","coordinates":[-87.77541,41.97872]},"properties":{"name":"Class 6b Industrial - 5450 N Northwest Hwy","incentiveClass":"Class 6b Industrial","classCode":"663","pin":"13082160060000","address":"5450 N Northwest Hwy","zip":"60630","communityArea":"Jefferson Park","reportUrl":"https://www.cookcountyassessoril.gov/pin/13082160060000"}},{"type":"Feature","geometry":{"type":"Point","coordinates":[-87.77527,41.97864]},"properties":{"name":"Class 6b Industrial - 5450 N Northwest Hwy","incentiveClass":"Class 6b Industrial","classCode":"663","pin":"13082160070000","address":"5450 N Northwest Hwy","zip":"60630","communityArea":"Jefferson Park","reportUrl":"https://www.cookcountyassessoril.gov/pin/13082160070000"}},{"type":"Feature","geometry":{"type":"Point","coordinates":[-87.77512,41.97855]},"properties":{"name":"Class 6b Industrial - 5450 N Northwest Hwy","incentiveClass":"Class 6b Industrial","classCode":"663","pin":"13082160080000","address":"5450 N Northwest Hwy","zip":"60630","communityArea":"Jefferson Park","reportUrl":"https://www.cookcountyassessoril.gov/pin/13082160080000"}},{"type":"Feature","geometry":{"type":"Point","coordinates":[-87.77497,41.97847]},"properties":{"name":"Class 6b Industrial - 5450 N Northwest Hwy","incentiveClass":"Class 6b Industrial","classCode":"663","pin":"13082160090000","address":"5450 N Northwest Hwy","zip":"60630","communityArea":"Jefferson Park","reportUrl":"https://www.cookcountyassessoril.gov/pin/13082160090000"}},{"type":"Feature","geometry":{"type":"Point","coordinates":[-87.77614,41.97913]},"properties":{"name":"Class 6b Industrial - 5446 N Northwest Hwy","incentiveClass":"Class 6b Industrial","classCode":"663","pin":"13082160370000","address":"5446 N Northwest Hwy","zip":"60630","communityArea":"Jefferson Park","reportUrl":"https://www.cookcountyassessoril.gov/pin/13082160370000"}},{"type":"Feature","geometry":{"type":"Point","coordinates":[-87.77735,41.97982]},"properties":{"name":"Class C Contamination Remediation - 5492 N Northwest Hwy","incentiveClass":"Class C Contamination Remediation","classCode":"638","pin":"13082160380000","address":"5492 N Northwest Hwy","zip":"60630","communityArea":"Jefferson Park","reportUrl":"https://www.cookcountyassessoril.gov/pin/13082160380000"}},{"type":"Feature","geometry":{"type":"Point","coordinates":[-87.77651,41.97934]},"properties":{"name":"Class 6b Industrial - 5450 N Northwest Hwy","incentiveClass":"Class 6b Industrial","classCode":"670","pin":"13082160390000","address":"5450 N Northwest Hwy","zip":"60630","communityArea":"Jefferson Park","reportUrl":"https://www.cookcountyassessoril.gov/pin/13082160390000"}},{"type":"Feature","geometry":{"type":"Point","coordinates":[-87.77912,41.97308]},"properties":{"name":"Class 9 Multifamily - 6019 W Higgins Ave","incentiveClass":"Class 9 Multifamily","classCode":"915","pin":"13083130020000","address":"6019 W Higgins Ave","zip":"60630","communityArea":"Jefferson Park","reportUrl":"https://www.cookcountyassessoril.gov/pin/13083130020000"}},{"type":"Feature","geometry":{"type":"Point","coordinates":[-87.71133,41.9704]},"properties":{"name":"Class 9 Multifamily - 4900 N Spaulding Ave","incentiveClass":"Class 9 Multifamily","classCode":"915","pin":"13114210260000","address":"4900 N Spaulding Ave","zip":"60625","communityArea":"Albany Park","reportUrl":"https://www.cookcountyassessoril.gov/pin/13114210260000"}},{"type":"Feature","geometry":{"type":"Point","coordinates":[-87.71236,41.96868]},"properties":{"name":"Class 9 Multifamily - 3336 W Lawrence Ave","incentiveClass":"Class 9 Multifamily","classCode":"918","pin":"13114280230000","address":"3336 W Lawrence Ave","zip":"60625","communityArea":"Albany Park","reportUrl":"https://www.cookcountyassessoril.gov/pin/13114280230000"}},{"type":"Feature","geometry":{"type":"Point","coordinates":[-87.70522,41.97047]},"properties":{"name":"Class 9 Multifamily - 4900 N Whipple St","incentiveClass":"Class 9 Multifamily","classCode":"913","pin":"13123110350000","address":"4900 N Whipple St","zip":"60625","communityArea":"Albany Park","reportUrl":"https://www.cookcountyassessoril.gov/pin/13123110350000"}},{"type":"Feature","geometry":{"type":"Point","coordinates":[-87.70572,41.9698]},"properties":{"name":"Class 9 Multifamily - 3048 W Gunnison St","incentiveClass":"Class 9 Multifamily","classCode":"915","pin":"13123140020000","address":"3048 W Gunnison St","zip":"60625","communityArea":"Albany Park","reportUrl":"https://www.cookcountyassessoril.gov/pin/13123140020000"}},{"type":"Feature","geometry":{"type":"Point","coordinates":[-87.70138,41.96825]},"properties":{"name":"Class 7a Commercial - 2901 W Lawrence Ave","incentiveClass":"Class 7a Commercial","classCode":"792","pin":"13131050090000","address":"2901 W Lawrence Ave","zip":"60625","communityArea":"Albany Park","reportUrl":"https://www.cookcountyassessoril.gov/pin/13131050090000"}},{"type":"Feature","geometry":{"type":"Point","coordinates":[-87.71099,41.96493]},"properties":{"name":"Class 9 Multifamily - 3300 W Wilson Ave","incentiveClass":"Class 9 Multifamily","classCode":"915","pin":"13142110360000","address":"3300 W Wilson Ave","zip":"60625","communityArea":"Albany Park","reportUrl":"https://www.cookcountyassessoril.gov/pin/13142110360000"}},{"type":"Feature","geometry":{"type":"Point","coordinates":[-87.72048,41.95423]},"properties":{"name":"Class 9 Multifamily - 4022 N Elston Ave","incentiveClass":"Class 9 Multifamily","classCode":"997","pin":"13143310300000","address":"4022 N Elston Ave","zip":"60618","communityArea":"Irving Park","reportUrl":"https://www.cookcountyassessoril.gov/pin/13143310300000"}},{"type":"Feature","geometry":{"type":"Point","coordinates":[-87.74393,41.95684]},"properties":{"name":"Class 6b Industrial - 4150 N Knox Ave","incentiveClass":"Class 6b Industrial","classCode":"663","pin":"13153060300000","address":"4150 N Knox Ave","zip":"60641","communityArea":"Irving Park","reportUrl":"https://www.cookcountyassessoril.gov/pin/13153060300000"}},{"type":"Feature","geometry":{"type":"Point","coordinates":[-87.74359,41.95617]},"properties":{"name":"Class 6b Industrial - 4112 N Knox Ave","incentiveClass":"Class 6b Industrial","classCode":"663","pin":"13153060340000","address":"4112 N Knox Ave","zip":"60641","communityArea":"Irving Park","reportUrl":"https://www.cookcountyassessoril.gov/pin/13153060340000"}},{"type":"Feature","geometry":{"type":"Point","coordinates":[-87.74494,41.9562]},"properties":{"name":"Class 9 Multifamily - 4117 N Kilpatrick Ave","incentiveClass":"Class 9 Multifamily","classCode":"997","pin":"13153120240000","address":"4117 N Kilpatrick Ave","zip":"60641","communityArea":"Portage Park","reportUrl":"https://www.cookcountyassessoril.gov/pin/13153120240000"}},{"type":"Feature","geometry":{"type":"Point","coordinates":[-87.79442,41.95898]},"properties":{"name":"Class 6b Industrial - 6701 W Forest Preserve Dr","incentiveClass":"Class 6b Industrial","classCode":"663","pin":"13184090450000","address":"6701 W Forest Preserve Dr","zip":"60634","communityArea":"Dunning","reportUrl":"https://www.cookcountyassessoril.gov/pin/13184090450000"}},{"type":"Feature","geometry":{"type":"Point","coordinates":[-87.79255,41.9585]},"properties":{"name":"Class 6b Industrial - 4311 N Normandy Ave","incentiveClass":"Class 6b Industrial","classCode":"663","pin":"13184090600000","address":"4311 N Normandy Ave","zip":"60634","communityArea":"Dunning","reportUrl":"https://www.cookcountyassessoril.gov/pin/13184090600000"}},{"type":"Feature","geometry":{"type":"Point","coordinates":[-87.79317,41.95956]},"properties":{"name":"Class 6b Industrial - 4455 N Normandy Ave","incentiveClass":"Class 6b Industrial","classCode":"663B","pin":"13184090640000","address":"4455 N Normandy Ave","zip":"","communityArea":"Dunning","reportUrl":"https://www.cookcountyassessoril.gov/pin/13184090640000"}},{"type":"Feature","geometry":{"type":"Point","coordinates":[-87.7924,41.95954]},"properties":{"name":"Class 6b Industrial - 4453 N Normandy Ave","incentiveClass":"Class 6b Industrial","classCode":"663B","pin":"13184090650000","address":"4453 N Normandy Ave","zip":"","communityArea":"Dunning","reportUrl":"https://www.cookcountyassessoril.gov/pin/13184090650000"}},{"type":"Feature","geometry":{"type":"Point","coordinates":[-87.79249,41.95721]},"properties":{"name":"Class 6b Industrial - 4221 N Normandy Ave","incentiveClass":"Class 6b Industrial","classCode":"663","pin":"13184090900000","address":"4221 N Normandy Ave","zip":"60634","communityArea":"Dunning","reportUrl":"https://www.cookcountyassessoril.gov/pin/13184090900000"}},{"type":"Feature","geometry":{"type":"Point","coordinates":[-87.76645,41.94721]},"properties":{"name":"Class 7b Commercial - 3611 N Central Ave","incentiveClass":"Class 7b Commercial","classCode":"767","pin":"13211240420000","address":"3611 N Central Ave","zip":"60634","communityArea":"Portage Park","reportUrl":"https://www.cookcountyassessoril.gov/pin/13211240420000"}},{"type":"Feature","geometry":{"type":"Point","coordinates":[-87.70872,41.94434]},"properties":{"name":"Class 7b Commercial - 3444 N Kedzie Ave","incentiveClass":"Class 7b Commercial","classCode":"767","pin":"13234020270000","address":"3444 N Kedzie Ave","zip":"60618","communityArea":"Avondale","reportUrl":"https://www.cookcountyassessoril.gov/pin/13234020270000"}},{"type":"Feature","geometry":{"type":"Point","coordinates":[-87.7105,41.94336]},"properties":{"name":"Class 6b Industrial - 3313 W Newport Ave","incentiveClass":"Class 6b Industrial","classCode":"663A","pin":"13234020340000","address":"3313 W Newport Ave","zip":"60618","communityArea":"Avondale","reportUrl":"https://www.cookcountyassessoril.gov/pin/13234020340000"}},{"type":"Feature","geometry":{"type":"Point","coordinates":[-87.71055,41.9439]},"properties":{"name":"Class 6b Industrial - 3322 W Newport Ave","incentiveClass":"Class 6b Industrial","classCode":"663A","pin":"13234020360000","address":"3322 W Newport Ave","zip":"60618","communityArea":"Avondale","reportUrl":"https://www.cookcountyassessoril.gov/pin/13234020360000"}},{"type":"Feature","geometry":{"type":"Point","coordinates":[-87.7106,41.94372]},"properties":{"name":"Class 6b Industrial - 3316 W Newport Ave","incentiveClass":"Class 6b Industrial","classCode":"663A","pin":"13234020400000","address":"3316 W Newport Ave","zip":"60618","communityArea":"Avondale","reportUrl":"https://www.cookcountyassessoril.gov/pin/13234020400000"}},{"type":"Feature","geometry":{"type":"Point","coordinates":[-87.70967,41.94392]},"properties":{"name":"Class 7b Commercial - 3444 N Kedzie Ave","incentiveClass":"Class 7b Commercial","classCode":"767","pin":"13234020770000","address":"3444 N Kedzie Ave","zip":"60618","communityArea":"Avondale","reportUrl":"https://www.cookcountyassessoril.gov/pin/13234020770000"}},{"type":"Feature","geometry":{"type":"Point","coordinates":[-87.70864,41.94392]},"properties":{"name":"Class 7b Commercial - 3444 N Kedzie Ave","incentiveClass":"Class 7b Commercial","classCode":"767","pin":"13234020780000","address":"3444 N Kedzie Ave","zip":"60618","communityArea":"Avondale","reportUrl":"https://www.cookcountyassessoril.gov/pin/13234020780000"}},{"type":"Feature","geometry":{"type":"Point","coordinates":[-87.70988,41.94344]},"properties":{"name":"Class 7b Commercial - 3444 N Kedzie Ave","incentiveClass":"Class 7b Commercial","classCode":"767","pin":"13234020790000","address":"3444 N Kedzie Ave","zip":"60618","communityArea":"Avondale","reportUrl":"https://www.cookcountyassessoril.gov/pin/13234020790000"}},{"type":"Feature","geometry":{"type":"Point","coordinates":[-87.70882,41.94356]},"properties":{"name":"Class 7b Commercial - 3444 N Kedzie Ave","incentiveClass":"Class 7b Commercial","classCode":"767","pin":"13234020800000","address":"3444 N Kedzie Ave","zip":"60618","communityArea":"Avondale","reportUrl":"https://www.cookcountyassessoril.gov/pin/13234020800000"}},{"type":"Feature","geometry":{"type":"Point","coordinates":[-87.70852,41.94215]},"properties":{"name":"Class 6b Industrial - 3340 N Kedzie Ave","incentiveClass":"Class 6b Industrial","classCode":"663","pin":"13234110040000","address":"3340 N Kedzie Ave","zip":"60618","communityArea":"Avondale","reportUrl":"https://www.cookcountyassessoril.gov/pin/13234110040000"}},{"type":"Feature","geometry":{"type":"Point","coordinates":[-87.71149,41.94286]},"properties":{"name":"Class 6b Industrial - 3400 N Kimball Ave","incentiveClass":"Class 6b Industrial","classCode":"670A","pin":"13234110130000","address":"3400 N Kimball Ave","zip":"60618","communityArea":"Avondale","reportUrl":"https://www.cookcountyassessoril.gov/pin/13234110130000"}},{"type":"Feature","geometry":{"type":"Point","coordinates":[-87.69754,41.94249]},"properties":{"name":"Class C Contamination Remediation - 3325 N California Ave","incentiveClass":"Class C Contamination Remediation","classCode":"638","pin":"13244040080000","address":"3325 N California Ave","zip":"60618","communityArea":"Avondale","reportUrl":"https://www.cookcountyassessoril.gov/pin/13244040080000"}},{"type":"Feature","geometry":{"type":"Point","coordinates":[-87.69753,41.94207]},"properties":{"name":"Class C Contamination Remediation - 3289 N California Ave","incentiveClass":"Class C Contamination Remediation","classCode":"654","pin":"13244040090000","address":"3289 N California Ave","zip":"60618","communityArea":"Avondale","reportUrl":"https://www.cookcountyassessoril.gov/pin/13244040090000"}},{"type":"Feature","geometry":{"type":"Point","coordinates":[-87.69728,41.94228]},"properties":{"name":"Class C Contamination Remediation - 2749 W Roscoe St","incentiveClass":"Class C Contamination Remediation","classCode":"654","pin":"13244040110000","address":"2749 W Roscoe St","zip":"60618","communityArea":"Avondale","reportUrl":"https://www.cookcountyassessoril.gov/pin/13244040110000"}},{"type":"Feature","geometry":{"type":"Point","coordinates":[-87.69689,41.94228]},"properties":{"name":"Class C Contamination Remediation - 2745 W Roscoe St","incentiveClass":"Class C Contamination Remediation","classCode":"638","pin":"13244040120000","address":"2745 W Roscoe St","zip":"60618","communityArea":"Avondale","reportUrl":"https://www.cookcountyassessoril.gov/pin/13244040120000"}},{"type":"Feature","geometry":{"type":"Point","coordinates":[-87.69193,41.93751]},"properties":{"name":"Class 6b Industrial - 3057 N Rockwell St","incentiveClass":"Class 6b Industrial","classCode":"663","pin":"13252130260000","address":"3057 N Rockwell St","zip":"60618","communityArea":"Avondale","reportUrl":"https://www.cookcountyassessoril.gov/pin/13252130260000"}},{"type":"Feature","geometry":{"type":"Point","coordinates":[-87.69161,41.93708]},"properties":{"name":"Class 6b Industrial - 3057 N Rockwell St","incentiveClass":"Class 6b Industrial","classCode":"663","pin":"13252130270000","address":"3057 N Rockwell St","zip":"60618","communityArea":"Avondale","reportUrl":"https://www.cookcountyassessoril.gov/pin/13252130270000"}},{"type":"Feature","geometry":{"type":"Point","coordinates":[-87.68882,41.9337]},"properties":{"name":"Class 6b Industrial - 2419 W George St","incentiveClass":"Class 6b Industrial","classCode":"663","pin":"13252300440000","address":"2419 W George St","zip":"60618","communityArea":"Avondale","reportUrl":"https://www.cookcountyassessoril.gov/pin/13252300440000"}},{"type":"Feature","geometry":{"type":"Point","coordinates":[-87.72051,41.93672]},"properties":{"name":"Class 9 Multifamily - 3066 N Milwaukee Ave","incentiveClass":"Class 9 Multifamily","classCode":"991","pin":"13261150010000","address":"3066 N Milwaukee Ave","zip":"60618","communityArea":"Avondale","reportUrl":"https://www.cookcountyassessoril.gov/pin/13261150010000"}},{"type":"Feature","geometry":{"type":"Point","coordinates":[-87.72042,41.93667]},"properties":{"name":"Class 9 Multifamily - 3064 N Milwaukee Ave","incentiveClass":"Class 9 Multifamily","classCode":"991","pin":"13261150020000","address":"3064 N Milwaukee Ave","zip":"60618","communityArea":"Avondale","reportUrl":"https://www.cookcountyassessoril.gov/pin/13261150020000"}},{"type":"Feature","geometry":{"type":"Point","coordinates":[-87.72035,41.93663]},"properties":{"name":"Class 9 Multifamily - 3062 N Milwaukee Ave","incentiveClass":"Class 9 Multifamily","classCode":"991","pin":"13261150030000","address":"3062 N Milwaukee Ave","zip":"60618","communityArea":"Avondale","reportUrl":"https://www.cookcountyassessoril.gov/pin/13261150030000"}},{"type":"Feature","geometry":{"type":"Point","coordinates":[-87.72028,41.93658]},"properties":{"name":"Class 9 Multifamily - 3060 N Milwaukee Ave","incentiveClass":"Class 9 Multifamily","classCode":"991","pin":"13261150040000","address":"3060 N Milwaukee Ave","zip":"60618","communityArea":"Avondale","reportUrl":"https://www.cookcountyassessoril.gov/pin/13261150040000"}},{"type":"Feature","geometry":{"type":"Point","coordinates":[-87.713,41.93219]},"properties":{"name":"Class 9 Multifamily - 2800 N Milwaukee Ave","incentiveClass":"Class 9 Multifamily","classCode":"997","pin":"13262250150000","address":"2800 N Milwaukee Ave","zip":"60618","communityArea":"Avondale","reportUrl":"https://www.cookcountyassessoril.gov/pin/13262250150000"}},{"type":"Feature","geometry":{"type":"Point","coordinates":[-87.7128,41.93214]},"properties":{"name":"Class 9 Multifamily - 2800 N Milwaukee Ave","incentiveClass":"Class 9 Multifamily","classCode":"997","pin":"13262250160000","address":"2800 N Milwaukee Ave","zip":"60618","communityArea":"Avondale","reportUrl":"https://www.cookcountyassessoril.gov/pin/13262250160000"}},{"type":"Feature","geometry":{"type":"Point","coordinates":[-87.71128,41.9295]},"properties":{"name":"Class 9 Multifamily - 2636 N Spaulding Ave","incentiveClass":"Class 9 Multifamily","classCode":"915","pin":"13264130280000","address":"2636 N Spaulding Ave","zip":"60647","communityArea":"Logan Square","reportUrl":"https://www.cookcountyassessoril.gov/pin/13264130280000"}},{"type":"Feature","geometry":{"type":"Point","coordinates":[-87.72887,41.93313]},"properties":{"name":"Class 8 Industrial/Commercial - 4029 W George St","incentiveClass":"Class 8 Industrial/Commercial","classCode":"893","pin":"13272280170000","address":"4029 W George St","zip":"60641","communityArea":"Avondale","reportUrl":"https://www.cookcountyassessoril.gov/pin/13272280170000"}},{"type":"Feature","geometry":{"type":"Point","coordinates":[-87.73084,41.93339]},"properties":{"name":"Class 8 Industrial/Commercial - 4141 W George St","incentiveClass":"Class 8 Industrial/Commercial","classCode":"897","pin":"13272280180000","address":"4141 W George St","zip":"60641","communityArea":"Avondale","reportUrl":"https://www.cookcountyassessoril.gov/pin/13272280180000"}},{"type":"Feature","geometry":{"type":"Point","coordinates":[-87.73204,41.93338]},"properties":{"name":"Class 8 Industrial/Commercial - 4141 W George St","incentiveClass":"Class 8 Industrial/Commercial","classCode":"890","pin":"13272280190000","address":"4141 W George St","zip":"60641","communityArea":"Avondale","reportUrl":"https://www.cookcountyassessoril.gov/pin/13272280190000"}},{"type":"Feature","geometry":{"type":"Point","coordinates":[-87.72969,41.93246]},"properties":{"name":"Class 8 Industrial/Commercial - Unknown","incentiveClass":"Class 8 Industrial/Commercial","classCode":"899A","pin":"13272280271001","address":"Unknown","zip":"","communityArea":"Avondale","reportUrl":"https://www.cookcountyassessoril.gov/pin/13272280271001"}},{"type":"Feature","geometry":{"type":"Point","coordinates":[-87.72969,41.93246]},"properties":{"name":"Class 8 Industrial/Commercial - Unknown","incentiveClass":"Class 8 Industrial/Commercial","classCode":"889","pin":"13272280271002","address":"Unknown","zip":"","communityArea":"Avondale","reportUrl":"https://www.cookcountyassessoril.gov/pin/13272280271002"}},{"type":"Feature","geometry":{"type":"Point","coordinates":[-87.72969,41.93246]},"properties":{"name":"Class 8 Industrial/Commercial - Unknown","incentiveClass":"Class 8 Industrial/Commercial","classCode":"889","pin":"13272280271003","address":"Unknown","zip":"","communityArea":"Avondale","reportUrl":"https://www.cookcountyassessoril.gov/pin/13272280271003"}},{"type":"Feature","geometry":{"type":"Point","coordinates":[-87.72969,41.93246]},"properties":{"name":"Class 8 Industrial/Commercial - Unknown","incentiveClass":"Class 8 Industrial/Commercial","classCode":"889","pin":"13272280271004","address":"Unknown","zip":"","communityArea":"Avondale","reportUrl":"https://www.cookcountyassessoril.gov/pin/13272280271004"}},{"type":"Feature","geometry":{"type":"Point","coordinates":[-87.72969,41.93246]},"properties":{"name":"Class 8 Industrial/Commercial - Unknown","incentiveClass":"Class 8 Industrial/Commercial","classCode":"889","pin":"13272280271005","address":"Unknown","zip":"","communityArea":"Avondale","reportUrl":"https://www.cookcountyassessoril.gov/pin/13272280271005"}},{"type":"Feature","geometry":{"type":"Point","coordinates":[-87.72969,41.93246]},"properties":{"name":"Class 8 Industrial/Commercial - Unknown","incentiveClass":"Class 8 Industrial/Commercial","classCode":"899","pin":"13272280271006","address":"Unknown","zip":"","communityArea":"Avondale","reportUrl":"https://www.cookcountyassessoril.gov/pin/13272280271006"}},{"type":"Feature","geometry":{"type":"Point","coordinates":[-87.72969,41.93246]},"properties":{"name":"Class 8 Industrial/Commercial - Unknown","incentiveClass":"Class 8 Industrial/Commercial","classCode":"899","pin":"13272280271007","address":"Unknown","zip":"","communityArea":"Avondale","reportUrl":"https://www.cookcountyassessoril.gov/pin/13272280271007"}},{"type":"Feature","geometry":{"type":"Point","coordinates":[-87.72969,41.93246]},"properties":{"name":"Class 8 Industrial/Commercial - Unknown","incentiveClass":"Class 8 Industrial/Commercial","classCode":"899","pin":"13272280271009","address":"Unknown","zip":"","communityArea":"Avondale","reportUrl":"https://www.cookcountyassessoril.gov/pin/13272280271009"}},{"type":"Feature","geometry":{"type":"Point","coordinates":[-87.72969,41.93246]},"properties":{"name":"Class 8 Industrial/Commercial - Unknown","incentiveClass":"Class 8 Industrial/Commercial","classCode":"899","pin":"13272280271010","address":"Unknown","zip":"","communityArea":"Avondale","reportUrl":"https://www.cookcountyassessoril.gov/pin/13272280271010"}},{"type":"Feature","geometry":{"type":"Point","coordinates":[-87.72969,41.93246]},"properties":{"name":"Class 8 Industrial/Commercial - Unknown","incentiveClass":"Class 8 Industrial/Commercial","classCode":"899","pin":"13272280271013","address":"Unknown","zip":"","communityArea":"Avondale","reportUrl":"https://www.cookcountyassessoril.gov/pin/13272280271013"}},{"type":"Feature","geometry":{"type":"Point","coordinates":[-87.7322,41.93397]},"properties":{"name":"Class 8 Industrial/Commercial - 2916 N Kearsarge Ave","incentiveClass":"Class 8 Industrial/Commercial","classCode":"893","pin":"13272290050000","address":"2916 N Kearsarge Ave","zip":"60641","communityArea":"Avondale","reportUrl":"https://www.cookcountyassessoril.gov/pin/13272290050000"}},{"type":"Feature","geometry":{"type":"Point","coordinates":[-87.73069,41.93111]},"properties":{"name":"Class 8 Industrial/Commercial - 4126 W Parker Ave","incentiveClass":"Class 8 Industrial/Commercial","classCode":"897","pin":"13274030170000","address":"4126 W Parker Ave","zip":"","communityArea":"Logan Square","reportUrl":"https://www.cookcountyassessoril.gov/pin/13274030170000"}},{"type":"Feature","geometry":{"type":"Point","coordinates":[-87.73033,41.93148]},"properties":{"name":"Class 8 Industrial/Commercial - 4119 W Diversey Ave","incentiveClass":"Class 8 Industrial/Commercial","classCode":"897","pin":"13274030280000","address":"4119 W Diversey Ave","zip":"60639","communityArea":"Logan Square","reportUrl":"https://www.cookcountyassessoril.gov/pin/13274030280000"}},{"type":"Feature","geometry":{"type":"Point","coordinates":[-87.72998,41.93111]},"properties":{"name":"Class 8 Industrial/Commercial - 4112 W Parker Ave","incentiveClass":"Class 8 Industrial/Commercial","classCode":"897","pin":"13274030290000","address":"4112 W Parker Ave","zip":"","communityArea":"Logan Square","reportUrl":"https://www.cookcountyassessoril.gov/pin/13274030290000"}},{"type":"Feature","geometry":{"type":"Point","coordinates":[-87.729,41.9315]},"properties":{"name":"Class 8 Industrial/Commercial - 4051 W Diversey Ave","incentiveClass":"Class 8 Industrial/Commercial","classCode":"831","pin":"13274040530000","address":"4051 W Diversey Ave","zip":"60639","communityArea":"Logan Square","reportUrl":"https://www.cookcountyassessoril.gov/pin/13274040530000"}},{"type":"Feature","geometry":{"type":"Point","coordinates":[-87.72836,41.93128]},"properties":{"name":"Class 8 Industrial/Commercial - 4027 W Diversey Ave","incentiveClass":"Class 8 Industrial/Commercial","classCode":"831","pin":"13274040540000","address":"4027 W Diversey Ave","zip":"60639","communityArea":"Logan Square","reportUrl":"https://www.cookcountyassessoril.gov/pin/13274040540000"}},{"type":"Feature","geometry":{"type":"Point","coordinates":[-87.75406,41.93847]},"properties":{"name":"Class 9 Multifamily - 5059 W Belmont Ave","incentiveClass":"Class 9 Multifamily","classCode":"914","pin":"13282010010000","address":"5059 W Belmont Ave","zip":"60641","communityArea":"Belmont Cragin","reportUrl":"https://www.cookcountyassessoril.gov/pin/13282010010000"}},{"type":"Feature","geometry":{"type":"Point","coordinates":[-87.75396,41.93847]},"properties":{"name":"Class 9 Multifamily - 5057 W Belmont Ave","incentiveClass":"Class 9 Multifamily","classCode":"914","pin":"13282010020000","address":"5057 W Belmont Ave","zip":"60641","communityArea":"Belmont Cragin","reportUrl":"https://www.cookcountyassessoril.gov/pin/13282010020000"}},{"type":"Feature","geometry":{"type":"Point","coordinates":[-87.75387,41.93847]},"properties":{"name":"Class 9 Multifamily - 5053 W Belmont Ave","incentiveClass":"Class 9 Multifamily","classCode":"990","pin":"13282010030000","address":"5053 W Belmont Ave","zip":"60641","communityArea":"Belmont Cragin","reportUrl":"https://www.cookcountyassessoril.gov/pin/13282010030000"}},{"type":"Feature","geometry":{"type":"Point","coordinates":[-87.76492,41.93103]},"properties":{"name":"Class 9 Multifamily - 5525 W Diversey Ave","incentiveClass":"Class 9 Multifamily","classCode":"915","pin":"13283000590000","address":"5525 W Diversey Ave","zip":"60639","communityArea":"Belmont Cragin","reportUrl":"https://www.cookcountyassessoril.gov/pin/13283000590000"}},{"type":"Feature","geometry":{"type":"Point","coordinates":[-87.7977,41.92321]},"properties":{"name":"Class 9 Multifamily - 6863 W Fullerton Ave","incentiveClass":"Class 9 Multifamily","classCode":"997","pin":"13311040100000","address":"6863 W Fullerton Ave","zip":"","communityArea":"Montclare","reportUrl":"https://www.cookcountyassessoril.gov/pin/13311040100000"}},{"type":"Feature","geometry":{"type":"Point","coordinates":[-87.79756,41.92321]},"properties":{"name":"Class 9 Multifamily - 6859 W Fullerton Ave","incentiveClass":"Class 9 Multifamily","classCode":"997","pin":"13311040110000","address":"6859 W Fullerton Ave","zip":"","communityArea":"Montclare","reportUrl":"https://www.cookcountyassessoril.gov/pin/13311040110000"}},{"type":"Feature","geometry":{"type":"Point","coordinates":[-87.79734,41.92321]},"properties":{"name":"Class 9 Multifamily - 6853 W Fullerton Ave","incentiveClass":"Class 9 Multifamily","classCode":"997","pin":"13311040120000","address":"6853 W Fullerton Ave","zip":"","communityArea":"Montclare","reportUrl":"https://www.cookcountyassessoril.gov/pin/13311040120000"}},{"type":"Feature","geometry":{"type":"Point","coordinates":[-87.79107,41.92039]},"properties":{"name":"Class 9 Multifamily - 2383 N Normandy Ave","incentiveClass":"Class 9 Multifamily","classCode":"991","pin":"13312050650000","address":"2383 N Normandy Ave","zip":"60707","communityArea":"Montclare","reportUrl":"https://www.cookcountyassessoril.gov/pin/13312050650000"}},{"type":"Feature","geometry":{"type":"Point","coordinates":[-87.78801,41.91545]},"properties":{"name":"Class 6b Industrial - 6460 W Cortland St","incentiveClass":"Class 6b Industrial","classCode":"663A","pin":"13314250040000","address":"6460 W Cortland St","zip":"60707","communityArea":"Austin","reportUrl":"https://www.cookcountyassessoril.gov/pin/13314250040000"}},{"type":"Feature","geometry":{"type":"Point","coordinates":[-87.7806,41.91119]},"properties":{"name":"Class 9 Multifamily - 1700 N Melvina Ave","incentiveClass":"Class 9 Multifamily","classCode":"914","pin":"13323100360000","address":"1700 N Melvina Ave","zip":"60639","communityArea":"Austin","reportUrl":"https://www.cookcountyassessoril.gov/pin/13323100360000"}},{"type":"Feature","geometry":{"type":"Point","coordinates":[-87.75805,41.91705]},"properties":{"name":"Class 6b Industrial - 5255 W Grand Ave","incentiveClass":"Class 6b Industrial","classCode":"663","pin":"13331160230000","address":"5255 W Grand Ave","zip":"60639","communityArea":"Belmont Cragin","reportUrl":"https://www.cookcountyassessoril.gov/pin/13331160230000"}},{"type":"Feature","geometry":{"type":"Point","coordinates":[-87.75957,41.90975]},"properties":{"name":"Class 9 Multifamily - 5334 W North Ave","incentiveClass":"Class 9 Multifamily","classCode":"918","pin":"13333230370000","address":"5334 W North Ave","zip":"60639","communityArea":"Austin","reportUrl":"https://www.cookcountyassessoril.gov/pin/13333230370000"}},{"type":"Feature","geometry":{"type":"Point","coordinates":[-87.75015,41.91592]},"properties":{"name":"Class 6b Industrial - 4922 W Grand Ave","incentiveClass":"Class 6b Industrial","classCode":"663","pin":"13334010370000","address":"4922 W Grand Ave","zip":"60639","communityArea":"Belmont Cragin","reportUrl":"https://www.cookcountyassessoril.gov/pin/13334010370000"}},{"type":"Feature","geometry":{"type":"Point","coordinates":[-87.75008,41.91584]},"properties":{"name":"Class 6b Industrial - 4920 W Grand Ave","incentiveClass":"Class 6b Industrial","classCode":"663","pin":"13334010380000","address":"4920 W Grand Ave","zip":"60639","communityArea":"Belmont Cragin","reportUrl":"https://www.cookcountyassessoril.gov/pin/13334010380000"}},{"type":"Feature","geometry":{"type":"Point","coordinates":[-87.74998,41.91582]},"properties":{"name":"Class 6b Industrial - 4918 W Grand Ave","incentiveClass":"Class 6b Industrial","classCode":"663","pin":"13334010390000","address":"4918 W Grand Ave","zip":"60639","communityArea":"Belmont Cragin","reportUrl":"https://www.cookcountyassessoril.gov/pin/13334010390000"}},{"type":"Feature","geometry":{"type":"Point","coordinates":[-87.74988,41.9158]},"properties":{"name":"Class 6b Industrial - 4914 W Grand Ave","incentiveClass":"Class 6b Industrial","classCode":"663","pin":"13334010400000","address":"4914 W Grand Ave","zip":"60639","communityArea":"Belmont Cragin","reportUrl":"https://www.cookcountyassessoril.gov/pin/13334010400000"}},{"type":"Feature","geometry":{"type":"Point","coordinates":[-87.74977,41.91579]},"properties":{"name":"Class 6b Industrial - 4912 W Grand Ave","incentiveClass":"Class 6b Industrial","classCode":"663","pin":"13334010410000","address":"4912 W Grand Ave","zip":"60639","communityArea":"Belmont Cragin","reportUrl":"https://www.cookcountyassessoril.gov/pin/13334010410000"}},{"type":"Feature","geometry":{"type":"Point","coordinates":[-87.74967,41.91577]},"properties":{"name":"Class 6b Industrial - 4910 W Grand Ave","incentiveClass":"Class 6b Industrial","classCode":"663","pin":"13334010420000","address":"4910 W Grand Ave","zip":"60639","communityArea":"Belmont Cragin","reportUrl":"https://www.cookcountyassessoril.gov/pin/13334010420000"}},{"type":"Feature","geometry":{"type":"Point","coordinates":[-87.74961,41.91569]},"properties":{"name":"Class 6b Industrial - 4906 W Grand Ave","incentiveClass":"Class 6b Industrial","classCode":"663","pin":"13334010430000","address":"4906 W Grand Ave","zip":"60639","communityArea":"Belmont Cragin","reportUrl":"https://www.cookcountyassessoril.gov/pin/13334010430000"}},{"type":"Feature","geometry":{"type":"Point","coordinates":[-87.74955,41.91557]},"properties":{"name":"Class 6b Industrial - 4900 W Grand Ave","incentiveClass":"Class 6b Industrial","classCode":"663","pin":"13334010440000","address":"4900 W Grand Ave","zip":"60639","communityArea":"Belmont Cragin","reportUrl":"https://www.cookcountyassessoril.gov/pin/13334010440000"}},{"type":"Feature","geometry":{"type":"Point","coordinates":[-87.74112,41.91673]},"properties":{"name":"Class 6b Industrial - 4549 W Armitage Ave","incentiveClass":"Class 6b Industrial","classCode":"670","pin":"13343020010000","address":"4549 W Armitage Ave","zip":"60639","communityArea":"Hermosa","reportUrl":"https://www.cookcountyassessoril.gov/pin/13343020010000"}},{"type":"Feature","geometry":{"type":"Point","coordinates":[-87.74053,41.91673]},"properties":{"name":"Class 6b Industrial - 4545 W Armitage Ave","incentiveClass":"Class 6b Industrial","classCode":"663","pin":"13343020270000","address":"4545 W Armitage Ave","zip":"60639","communityArea":"Hermosa","reportUrl":"https://www.cookcountyassessoril.gov/pin/13343020270000"}},{"type":"Feature","geometry":{"type":"Point","coordinates":[-87.74012,41.91675]},"properties":{"name":"Class C Contamination Remediation - 4535 W Armitage Ave","incentiveClass":"Class C Contamination Remediation","classCode":"638","pin":"13343020280000","address":"4535 W Armitage Ave","zip":"60639","communityArea":"Hermosa","reportUrl":"https://www.cookcountyassessoril.gov/pin/13343020280000"}},{"type":"Feature","geometry":{"type":"Point","coordinates":[-87.73711,41.91502]},"properties":{"name":"Class 6b Industrial - 1856 N Kostner Ave","incentiveClass":"Class 6b Industrial","classCode":"663B","pin":"13343070030000","address":"1856 N Kostner Ave","zip":"60639","communityArea":"Hermosa","reportUrl":"https://www.cookcountyassessoril.gov/pin/13343070030000"}},{"type":"Feature","geometry":{"type":"Point","coordinates":[-87.73754,41.91439]},"properties":{"name":"Class 6b Industrial - 4419 W Cortland St","incentiveClass":"Class 6b Industrial","classCode":"663B","pin":"13343070090000","address":"4419 W Cortland St","zip":"60639","communityArea":"Hermosa","reportUrl":"https://www.cookcountyassessoril.gov/pin/13343070090000"}},{"type":"Feature","geometry":{"type":"Point","coordinates":[-87.73692,41.91451]},"properties":{"name":"Class 6b Industrial - 1830 N Kostner Ave","incentiveClass":"Class 6b Industrial","classCode":"663B","pin":"13343070100000","address":"1830 N Kostner Ave","zip":"60639","communityArea":"Hermosa","reportUrl":"https://www.cookcountyassessoril.gov/pin/13343070100000"}},{"type":"Feature","geometry":{"type":"Point","coordinates":[-87.73709,41.91381]},"properties":{"name":"Class 6b Industrial - 1800 N Kostner Ave","incentiveClass":"Class 6b Industrial","classCode":"663B","pin":"13343070110000","address":"1800 N Kostner Ave","zip":"60639","communityArea":"Hermosa","reportUrl":"https://www.cookcountyassessoril.gov/pin/13343070110000"}},{"type":"Feature","geometry":{"type":"Point","coordinates":[-87.73324,41.91011]},"properties":{"name":"Class 9 Multifamily - 4250 W North Ave","incentiveClass":"Class 9 Multifamily","classCode":"918","pin":"13344250300000","address":"4250 W North Ave","zip":"60639","communityArea":"Humboldt Park","reportUrl":"https://www.cookcountyassessoril.gov/pin/13344250300000"}},{"type":"Feature","geometry":{"type":"Point","coordinates":[-87.7173,41.92029]},"properties":{"name":"Class 9 Multifamily - 3608 W Shakespeare Ave","incentiveClass":"Class 9 Multifamily","classCode":"915","pin":"13351200410000","address":"3608 W Shakespeare Ave","zip":"60647","communityArea":"Logan Square","reportUrl":"https://www.cookcountyassessoril.gov/pin/13351200410000"}},{"type":"Feature","geometry":{"type":"Point","coordinates":[-87.71708,41.92029]},"properties":{"name":"Class 9 Multifamily - 3600 W Shakespeare Ave","incentiveClass":"Class 9 Multifamily","classCode":"915","pin":"13351200420000","address":"3600 W Shakespeare Ave","zip":"60647","communityArea":"Logan Square","reportUrl":"https://www.cookcountyassessoril.gov/pin/13351200420000"}},{"type":"Feature","geometry":{"type":"Point","coordinates":[-87.72081,41.91766]},"properties":{"name":"Class 9 Multifamily - 3759 W Mclean Ave","incentiveClass":"Class 9 Multifamily","classCode":"997","pin":"13351270460000","address":"3759 W Mclean Ave","zip":"60647","communityArea":"Logan Square","reportUrl":"https://www.cookcountyassessoril.gov/pin/13351270460000"}},{"type":"Feature","geometry":{"type":"Point","coordinates":[-87.70769,41.91995]},"properties":{"name":"Class 9 Multifamily - 2100 N Kedzie Ave","incentiveClass":"Class 9 Multifamily","classCode":"915","pin":"13352260340000","address":"2100 N Kedzie Ave","zip":"","communityArea":"Logan Square","reportUrl":"https://www.cookcountyassessoril.gov/pin/13352260340000"}},{"type":"Feature","geometry":{"type":"Point","coordinates":[-87.71499,41.91887]},"properties":{"name":"Class 9 Multifamily - 3535 W Dickens Ave","incentiveClass":"Class 9 Multifamily","classCode":"915","pin":"13352280010000","address":"3535 W Dickens Ave","zip":"60647","communityArea":"Logan Square","reportUrl":"https://www.cookcountyassessoril.gov/pin/13352280010000"}},{"type":"Feature","geometry":{"type":"Point","coordinates":[-87.70846,41.91764]},"properties":{"name":"Class 9 Multifamily - 3232 W Armitage Ave","incentiveClass":"Class 9 Multifamily","classCode":"915","pin":"13352360210000","address":"3232 W Armitage Ave","zip":"60647","communityArea":"Logan Square","reportUrl":"https://www.cookcountyassessoril.gov/pin/13352360210000"}},{"type":"Feature","geometry":{"type":"Point","coordinates":[-87.70836,41.91765]},"properties":{"name":"Class 9 Multifamily - 3230 W Armitage Ave","incentiveClass":"Class 9 Multifamily","classCode":"915","pin":"13352360220000","address":"3230 W Armitage Ave","zip":"60647","communityArea":"Logan Square","reportUrl":"https://www.cookcountyassessoril.gov/pin/13352360220000"}},{"type":"Feature","geometry":{"type":"Point","coordinates":[-87.70827,41.91767]},"properties":{"name":"Class 9 Multifamily - 3230 W Armitage Ave","incentiveClass":"Class 9 Multifamily","classCode":"915","pin":"13352360230000","address":"3230 W Armitage Ave","zip":"60647","communityArea":"Logan Square","reportUrl":"https://www.cookcountyassessoril.gov/pin/13352360230000"}},{"type":"Feature","geometry":{"type":"Point","coordinates":[-87.72096,41.91567]},"properties":{"name":"Class 9 Multifamily - 3744 W Cortland St","incentiveClass":"Class 9 Multifamily","classCode":"915","pin":"13353030380000","address":"3744 W Cortland St","zip":"60647","communityArea":"Logan Square","reportUrl":"https://www.cookcountyassessoril.gov/pin/13353030380000"}},{"type":"Feature","geometry":{"type":"Point","coordinates":[-87.72087,41.91567]},"properties":{"name":"Class 9 Multifamily - 3742 W Cortland St","incentiveClass":"Class 9 Multifamily","classCode":"915","pin":"13353030390000","address":"3742 W Cortland St","zip":"60647","communityArea":"Logan Square","reportUrl":"https://www.cookcountyassessoril.gov/pin/13353030390000"}},{"type":"Feature","geometry":{"type":"Point","coordinates":[-87.72077,41.91567]},"properties":{"name":"Class 9 Multifamily - 3740 W Cortland St","incentiveClass":"Class 9 Multifamily","classCode":"915","pin":"13353030400000","address":"3740 W Cortland St","zip":"60647","communityArea":"Logan Square","reportUrl":"https://www.cookcountyassessoril.gov/pin/13353030400000"}},{"type":"Feature","geometry":{"type":"Point","coordinates":[-87.72068,41.91567]},"properties":{"name":"Class 9 Multifamily - 3736 W Cortland St","incentiveClass":"Class 9 Multifamily","classCode":"915","pin":"13353030410000","address":"3736 W Cortland St","zip":"60647","communityArea":"Logan Square","reportUrl":"https://www.cookcountyassessoril.gov/pin/13353030410000"}},{"type":"Feature","geometry":{"type":"Point","coordinates":[-87.72058,41.91567]},"properties":{"name":"Class 9 Multifamily - 3734 W Cortland St","incentiveClass":"Class 9 Multifamily","classCode":"915","pin":"13353030420000","address":"3734 W Cortland St","zip":"60647","communityArea":"Logan Square","reportUrl":"https://www.cookcountyassessoril.gov/pin/13353030420000"}},{"type":"Feature","geometry":{"type":"Point","coordinates":[-87.71879,41.91153]},"properties":{"name":"Class 9 Multifamily - 3653 W Wabansia Ave","incentiveClass":"Class 9 Multifamily","classCode":"915","pin":"13353270010000","address":"3653 W Wabansia Ave","zip":"60647","communityArea":"Humboldt Park","reportUrl":"https://www.cookcountyassessoril.gov/pin/13353270010000"}},{"type":"Feature","geometry":{"type":"Point","coordinates":[-87.71868,41.91115]},"properties":{"name":"Class 9 Multifamily - 1637 N Lawndale Ave","incentiveClass":"Class 9 Multifamily","classCode":"990","pin":"13353270120000","address":"1637 N Lawndale Ave","zip":"60647","communityArea":"Humboldt Park","reportUrl":"https://www.cookcountyassessoril.gov/pin/13353270120000"}},{"type":"Feature","geometry":{"type":"Point","coordinates":[-87.71868,41.91108]},"properties":{"name":"Class 9 Multifamily - 1635 N Lawndale Ave","incentiveClass":"Class 9 Multifamily","classCode":"990","pin":"13353270130000","address":"1635 N Lawndale Ave","zip":"60647","communityArea":"Humboldt Park","reportUrl":"https://www.cookcountyassessoril.gov/pin/13353270130000"}},{"type":"Feature","geometry":{"type":"Point","coordinates":[-87.71336,41.91703]},"properties":{"name":"Class 9 Multifamily - 3435 W Armitage Ave","incentiveClass":"Class 9 Multifamily","classCode":"991","pin":"13354020010000","address":"3435 W Armitage Ave","zip":"60647","communityArea":"Logan Square","reportUrl":"https://www.cookcountyassessoril.gov/pin/13354020010000"}},{"type":"Feature","geometry":{"type":"Point","coordinates":[-87.71327,41.91703]},"properties":{"name":"Class 9 Multifamily - 3433 W Armitage Ave","incentiveClass":"Class 9 Multifamily","classCode":"991","pin":"13354020020000","address":"3433 W Armitage Ave","zip":"60647","communityArea":"Logan Square","reportUrl":"https://www.cookcountyassessoril.gov/pin/13354020020000"}},{"type":"Feature","geometry":{"type":"Point","coordinates":[-87.71309,41.91703]},"properties":{"name":"Class 9 Multifamily - 3431 W Armitage Ave","incentiveClass":"Class 9 Multifamily","classCode":"991","pin":"13354020030000","address":"3431 W Armitage Ave","zip":"60647","communityArea":"Logan Square","reportUrl":"https://www.cookcountyassessoril.gov/pin/13354020030000"}},{"type":"Feature","geometry":{"type":"Point","coordinates":[-87.71231,41.9158]},"properties":{"name":"Class 9 Multifamily - 3408 W Cortland St","incentiveClass":"Class 9 Multifamily","classCode":"990","pin":"13354020430000","address":"3408 W Cortland St","zip":"60647","communityArea":"Logan Square","reportUrl":"https://www.cookcountyassessoril.gov/pin/13354020430000"}},{"type":"Feature","geometry":{"type":"Point","coordinates":[-87.71213,41.91581]},"properties":{"name":"Class 9 Multifamily - 3402 W Cortland St","incentiveClass":"Class 9 Multifamily","classCode":"915","pin":"13354020440000","address":"3402 W Cortland St","zip":"60647","communityArea":"Logan Square","reportUrl":"https://www.cookcountyassessoril.gov/pin/13354020440000"}},{"type":"Feature","geometry":{"type":"Point","coordinates":[-87.71426,41.91405]},"properties":{"name":"Class 9 Multifamily - 1808 N Saint Louis Ave","incentiveClass":"Class 9 Multifamily","classCode":"915","pin":"13354070370000","address":"1808 N Saint Louis Ave","zip":"60647","communityArea":"Logan Square","reportUrl":"https://www.cookcountyassessoril.gov/pin/13354070370000"}},{"type":"Feature","geometry":{"type":"Point","coordinates":[-87.71262,41.91406]},"properties":{"name":"Class 9 Multifamily - 1825 N Saint Louis Ave","incentiveClass":"Class 9 Multifamily","classCode":"915","pin":"13354080250000","address":"1825 N Saint Louis Ave","zip":"60647","communityArea":"Logan Square","reportUrl":"https://www.cookcountyassessoril.gov/pin/13354080250000"}},{"type":"Feature","geometry":{"type":"Point","coordinates":[-87.71062,41.91349]},"properties":{"name":"Class 9 Multifamily - 1752 N Spaulding Ave","incentiveClass":"Class 9 Multifamily","classCode":"991","pin":"13354150250000","address":"1752 N Spaulding Ave","zip":"60647","communityArea":"Humboldt Park","reportUrl":"https://www.cookcountyassessoril.gov/pin/13354150250000"}},{"type":"Feature","geometry":{"type":"Point","coordinates":[-87.71062,41.91336]},"properties":{"name":"Class 9 Multifamily - 1750 N Spaulding Ave","incentiveClass":"Class 9 Multifamily","classCode":"991","pin":"13354150260000","address":"1750 N Spaulding Ave","zip":"60647","communityArea":"Humboldt Park","reportUrl":"https://www.cookcountyassessoril.gov/pin/13354150260000"}},{"type":"Feature","geometry":{"type":"Point","coordinates":[-87.71062,41.9133]},"properties":{"name":"Class 9 Multifamily - 1746 N Spaulding Ave","incentiveClass":"Class 9 Multifamily","classCode":"991","pin":"13354150270000","address":"1746 N Spaulding Ave","zip":"60647","communityArea":"Humboldt Park","reportUrl":"https://www.cookcountyassessoril.gov/pin/13354150270000"}},{"type":"Feature","geometry":{"type":"Point","coordinates":[-87.71061,41.91323]},"properties":{"name":"Class 9 Multifamily - 1744 N Spaulding Ave","incentiveClass":"Class 9 Multifamily","classCode":"991","pin":"13354150280000","address":"1744 N Spaulding Ave","zip":"60647","communityArea":"Humboldt Park","reportUrl":"https://www.cookcountyassessoril.gov/pin/13354150280000"}},{"type":"Feature","geometry":{"type":"Point","coordinates":[-87.70341,41.92354]},"properties":{"name":"Class 9 Multifamily - 3026 W Belden Ave","incentiveClass":"Class 9 Multifamily","classCode":"915","pin":"13361040110000","address":"3026 W Belden Ave","zip":"60647","communityArea":"Logan Square","reportUrl":"https://www.cookcountyassessoril.gov/pin/13361040110000"}},{"type":"Feature","geometry":{"type":"Point","coordinates":[-87.70348,41.92297]},"properties":{"name":"Class 9 Multifamily - 3029 W Belden Ave","incentiveClass":"Class 9 Multifamily","classCode":"915","pin":"13361060320000","address":"3029 W Belden Ave","zip":"60647","communityArea":"Logan Square","reportUrl":"https://www.cookcountyassessoril.gov/pin/13361060320000"}},{"type":"Feature","geometry":{"type":"Point","coordinates":[-87.70244,41.92217]},"properties":{"name":"Class 9 Multifamily - 22112 N Sacramento Ave","incentiveClass":"Class 9 Multifamily","classCode":"915","pin":"13361080420000","address":"22112 N Sacramento Ave","zip":"","communityArea":"Logan Square","reportUrl":"https://www.cookcountyassessoril.gov/pin/13361080420000"}},{"type":"Feature","geometry":{"type":"Point","coordinates":[-87.70652,41.92179]},"properties":{"name":"Class 9 Multifamily - 3126 W Palmer St","incentiveClass":"Class 9 Multifamily","classCode":"915","pin":"13361080430000","address":"3126 W Palmer St","zip":"60647","communityArea":"Logan Square","reportUrl":"https://www.cookcountyassessoril.gov/pin/13361080430000"}},{"type":"Feature","geometry":{"type":"Point","coordinates":[-87.68942,41.91834]},"properties":{"name":"Class 9 Multifamily - 2031 N Milwaukee Ave","incentiveClass":"Class 9 Multifamily","classCode":"991","pin":"13362250430000","address":"2031 N Milwaukee Ave","zip":"60647","communityArea":"Logan Square","reportUrl":"https://www.cookcountyassessoril.gov/pin/13362250430000"}},{"type":"Feature","geometry":{"type":"Point","coordinates":[-87.68955,41.91849]},"properties":{"name":"Class 9 Multifamily - 2035 N Milwaukee Ave","incentiveClass":"Class 9 Multifamily","classCode":"991","pin":"13362250440000","address":"2035 N Milwaukee Ave","zip":"60647","communityArea":"Logan Square","reportUrl":"https://www.cookcountyassessoril.gov/pin/13362250440000"}},{"type":"Feature","geometry":{"type":"Point","coordinates":[-87.68891,41.91972]},"properties":{"name":"Class 9 Multifamily - 2079 N Campbell Ave","incentiveClass":"Class 9 Multifamily","classCode":"991","pin":"13362260010000","address":"2079 N Campbell Ave","zip":"","communityArea":"Logan Square","reportUrl":"https://www.cookcountyassessoril.gov/pin/13362260010000"}},{"type":"Feature","geometry":{"type":"Point","coordinates":[-87.68878,41.91948]},"properties":{"name":"Class 9 Multifamily - 2065 N Campbell Ave","incentiveClass":"Class 9 Multifamily","classCode":"991","pin":"13362260100000","address":"2065 N Campbell Ave","zip":"","communityArea":"Logan Square","reportUrl":"https://www.cookcountyassessoril.gov/pin/13362260100000"}},{"type":"Feature","geometry":{"type":"Point","coordinates":[-87.68877,41.91921]},"properties":{"name":"Class 9 Multifamily - 2061 N Campbell Ave","incentiveClass":"Class 9 Multifamily","classCode":"991","pin":"13362260110000","address":"2061 N Campbell Ave","zip":"60647","communityArea":"Logan Square","reportUrl":"https://www.cookcountyassessoril.gov/pin/13362260110000"}},{"type":"Feature","geometry":{"type":"Point","coordinates":[-87.68885,41.91884]},"properties":{"name":"Class 9 Multifamily - 2037 N Campbell Ave","incentiveClass":"Class 9 Multifamily","classCode":"990","pin":"13362260120000","address":"2037 N Campbell Ave","zip":"60647","communityArea":"Logan Square","reportUrl":"https://www.cookcountyassessoril.gov/pin/13362260120000"}},{"type":"Feature","geometry":{"type":"Point","coordinates":[-87.70285,41.91666]},"properties":{"name":"Class 9 Multifamily - 1930 N Humboldt Blvd","incentiveClass":"Class 9 Multifamily","classCode":"915","pin":"13363030240000","address":"1930 N Humboldt Blvd","zip":"60647","communityArea":"Logan Square","reportUrl":"https://www.cookcountyassessoril.gov/pin/13363030240000"}},{"type":"Feature","geometry":{"type":"Point","coordinates":[-87.70135,41.91717]},"properties":{"name":"Class 9 Multifamily - 1953 N Humboldt Blvd","incentiveClass":"Class 9 Multifamily","classCode":"915","pin":"13363040020000","address":"1953 N Humboldt Blvd","zip":"60647","communityArea":"Logan Square","reportUrl":"https://www.cookcountyassessoril.gov/pin/13363040020000"}},{"type":"Feature","geometry":{"type":"Point","coordinates":[-87.70262,41.91238]},"properties":{"name":"Class 9 Multifamily - 1704 N Humboldt Blvd","incentiveClass":"Class 9 Multifamily","classCode":"997","pin":"13363190370000","address":"1704 N Humboldt Blvd","zip":"60647","communityArea":"Humboldt Park","reportUrl":"https://www.cookcountyassessoril.gov/pin/13363190370000"}},{"type":"Feature","geometry":{"type":"Point","coordinates":[-87.70262,41.91214]},"properties":{"name":"Class 9 Multifamily - 1700 N Humboldt Blvd","incentiveClass":"Class 9 Multifamily","classCode":"915","pin":"13363190380000","address":"1700 N Humboldt Blvd","zip":"60647","communityArea":"Humboldt Park","reportUrl":"https://www.cookcountyassessoril.gov/pin/13363190380000"}},{"type":"Feature","geometry":{"type":"Point","coordinates":[-87.70122,41.91293]},"properties":{"name":"Class 9 Multifamily - 1727 N Humboldt Blvd","incentiveClass":"Class 9 Multifamily","classCode":"915","pin":"13363200350000","address":"1727 N Humboldt Blvd","zip":"60647","communityArea":"West Town","reportUrl":"https://www.cookcountyassessoril.gov/pin/13363200350000"}},{"type":"Feature","geometry":{"type":"Point","coordinates":[-87.7049,41.91182]},"properties":{"name":"Class 9 Multifamily - 1656 N Albany Ave","incentiveClass":"Class 9 Multifamily","classCode":"915","pin":"13363250160000","address":"1656 N Albany Ave","zip":"60647","communityArea":"Humboldt Park","reportUrl":"https://www.cookcountyassessoril.gov/pin/13363250160000"}},{"type":"Feature","geometry":{"type":"Point","coordinates":[-87.70119,41.91216]},"properties":{"name":"Class 9 Multifamily - 1667 N Humboldt Blvd","incentiveClass":"Class 9 Multifamily","classCode":"914","pin":"13363280010000","address":"1667 N Humboldt Blvd","zip":"60647","communityArea":"West Town","reportUrl":"https://www.cookcountyassessoril.gov/pin/13363280010000"}},{"type":"Feature","geometry":{"type":"Point","coordinates":[-87.70119,41.91205]},"properties":{"name":"Class 9 Multifamily - 1663 N Humboldt Blvd","incentiveClass":"Class 9 Multifamily","classCode":"914","pin":"13363280020000","address":"1663 N Humboldt Blvd","zip":"60647","communityArea":"West Town","reportUrl":"https://www.cookcountyassessoril.gov/pin/13363280020000"}},{"type":"Feature","geometry":{"type":"Point","coordinates":[-87.69424,41.91192]},"properties":{"name":"Class 9 Multifamily - 1655 N Washtenaw Ave","incentiveClass":"Class 9 Multifamily","classCode":"915","pin":"13364270010000","address":"1655 N Washtenaw Ave","zip":"60647","communityArea":"West Town","reportUrl":"https://www.cookcountyassessoril.gov/pin/13364270010000"}},{"type":"Feature","geometry":{"type":"Point","coordinates":[-87.69434,41.91056]},"properties":{"name":"Class 9 Multifamily - 2656 W North Ave","incentiveClass":"Class 9 Multifamily","classCode":"991","pin":"13364270320000","address":"2656 W North Ave","zip":"60647","communityArea":"West Town","reportUrl":"https://www.cookcountyassessoril.gov/pin/13364270320000"}},{"type":"Feature","geometry":{"type":"Point","coordinates":[-87.69385,41.91057]},"properties":{"name":"Class 9 Multifamily - 2644 W North Ave","incentiveClass":"Class 9 Multifamily","classCode":"991","pin":"13364270350000","address":"2644 W North Ave","zip":"60647","communityArea":"West Town","reportUrl":"https://www.cookcountyassessoril.gov/pin/13364270350000"}},{"type":"Feature","geometry":{"type":"Point","coordinates":[-87.69377,41.91057]},"properties":{"name":"Class 9 Multifamily - 2642 W North Ave","incentiveClass":"Class 9 Multifamily","classCode":"991","pin":"13364270360000","address":"2642 W North Ave","zip":"60647","communityArea":"West Town","reportUrl":"https://www.cookcountyassessoril.gov/pin/13364270360000"}},{"type":"Feature","geometry":{"type":"Point","coordinates":[-87.69368,41.91057]},"properties":{"name":"Class 9 Multifamily - 2638 W North Ave","incentiveClass":"Class 9 Multifamily","classCode":"991","pin":"13364270370000","address":"2638 W North Ave","zip":"60647","communityArea":"West Town","reportUrl":"https://www.cookcountyassessoril.gov/pin/13364270370000"}},{"type":"Feature","geometry":{"type":"Point","coordinates":[-87.69359,41.91057]},"properties":{"name":"Class 9 Multifamily - 2636 W North Ave","incentiveClass":"Class 9 Multifamily","classCode":"991","pin":"13364270380000","address":"2636 W North Ave","zip":"60647","communityArea":"West Town","reportUrl":"https://www.cookcountyassessoril.gov/pin/13364270380000"}},{"type":"Feature","geometry":{"type":"Point","coordinates":[-87.6935,41.91057]},"properties":{"name":"Class 9 Multifamily - 2634 W North Ave 2n","incentiveClass":"Class 9 Multifamily","classCode":"991","pin":"13364270390000","address":"2634 W North Ave 2n","zip":"60647","communityArea":"West Town","reportUrl":"https://www.cookcountyassessoril.gov/pin/13364270390000"}},{"type":"Feature","geometry":{"type":"Point","coordinates":[-87.65643,41.99039]},"properties":{"name":"Class 9 Multifamily - 5943 N Kenmore Ave","incentiveClass":"Class 9 Multifamily","classCode":"991","pin":"14052140130000","address":"5943 N Kenmore Ave","zip":"60660","communityArea":"Edgewater","reportUrl":"https://www.cookcountyassessoril.gov/pin/14052140130000"}},{"type":"Feature","geometry":{"type":"Point","coordinates":[-87.65642,41.99025]},"properties":{"name":"Class 9 Multifamily - 5941 N Kenmore Ave","incentiveClass":"Class 9 Multifamily","classCode":"991","pin":"14052140140000","address":"5941 N Kenmore Ave","zip":"60660","communityArea":"Edgewater","reportUrl":"https://www.cookcountyassessoril.gov/pin/14052140140000"}},{"type":"Feature","geometry":{"type":"Point","coordinates":[-87.66163,41.98481]},"properties":{"name":"Class 9 Multifamily - 5643 N Ridge Ave","incentiveClass":"Class 9 Multifamily","classCode":"915","pin":"14053230340000","address":"5643 N Ridge Ave","zip":"60660","communityArea":"Edgewater","reportUrl":"https://www.cookcountyassessoril.gov/pin/14053230340000"}},{"type":"Feature","geometry":{"type":"Point","coordinates":[-87.65568,41.98585]},"properties":{"name":"Class 9 Multifamily - 5716 N Sheridan Rd","incentiveClass":"Class 9 Multifamily","classCode":"991","pin":"14054060210000","address":"5716 N Sheridan Rd","zip":"60660","communityArea":"Edgewater","reportUrl":"https://www.cookcountyassessoril.gov/pin/14054060210000"}},{"type":"Feature","geometry":{"type":"Point","coordinates":[-87.65762,41.98385]},"properties":{"name":"Class 9 Multifamily - 1062 W Bryn Mawr Ave","incentiveClass":"Class 9 Multifamily","classCode":"991","pin":"14054090080000","address":"1062 W Bryn Mawr Ave","zip":"60660","communityArea":"Edgewater","reportUrl":"https://www.cookcountyassessoril.gov/pin/14054090080000"}},{"type":"Feature","geometry":{"type":"Point","coordinates":[-87.67591,41.99126]},"properties":{"name":"Class 9 Multifamily - 1818 W Peterson Ave","incentiveClass":"Class 9 Multifamily","classCode":"990","pin":"14062250070000","address":"1818 W Peterson Ave","zip":"60660","communityArea":"West Ridge","reportUrl":"https://www.cookcountyassessoril.gov/pin/14062250070000"}},{"type":"Feature","geometry":{"type":"Point","coordinates":[-87.67638,41.99102]},"properties":{"name":"Class 9 Multifamily - 1818 W Peterson Ave","incentiveClass":"Class 9 Multifamily","classCode":"990","pin":"14062250090000","address":"1818 W Peterson Ave","zip":"60660","communityArea":"West Ridge","reportUrl":"https://www.cookcountyassessoril.gov/pin/14062250090000"}},{"type":"Feature","geometry":{"type":"Point","coordinates":[-87.67585,41.99102]},"properties":{"name":"Class 9 Multifamily - 1818 W Peterson Ave","incentiveClass":"Class 9 Multifamily","classCode":"991","pin":"14062250100000","address":"1818 W Peterson Ave","zip":"60660","communityArea":"West Ridge","reportUrl":"https://www.cookcountyassessoril.gov/pin/14062250100000"}},{"type":"Feature","geometry":{"type":"Point","coordinates":[-87.67449,41.99045]},"properties":{"name":"Class 9 Multifamily - 5969 N Ravenswood Ave","incentiveClass":"Class 9 Multifamily","classCode":"991","pin":"14064000010000","address":"5969 N Ravenswood Ave","zip":"60660","communityArea":"Edgewater","reportUrl":"https://www.cookcountyassessoril.gov/pin/14064000010000"}},{"type":"Feature","geometry":{"type":"Point","coordinates":[-87.67428,41.99045]},"properties":{"name":"Class 9 Multifamily - 1763 W Peterson Ave","incentiveClass":"Class 9 Multifamily","classCode":"991","pin":"14064000020000","address":"1763 W Peterson Ave","zip":"60660","communityArea":"Edgewater","reportUrl":"https://www.cookcountyassessoril.gov/pin/14064000020000"}},{"type":"Feature","geometry":{"type":"Point","coordinates":[-87.67357,41.99048]},"properties":{"name":"Class 9 Multifamily - 1747 W Peterson Ave","incentiveClass":"Class 9 Multifamily","classCode":"915","pin":"14064000080000","address":"1747 W Peterson Ave","zip":"60660","communityArea":"Edgewater","reportUrl":"https://www.cookcountyassessoril.gov/pin/14064000080000"}},{"type":"Feature","geometry":{"type":"Point","coordinates":[-87.67346,41.99048]},"properties":{"name":"Class 9 Multifamily - 1747 W Peterson Ave","incentiveClass":"Class 9 Multifamily","classCode":"915","pin":"14064000090000","address":"1747 W Peterson Ave","zip":"60660","communityArea":"Edgewater","reportUrl":"https://www.cookcountyassessoril.gov/pin/14064000090000"}},{"type":"Feature","geometry":{"type":"Point","coordinates":[-87.67336,41.99048]},"properties":{"name":"Class 9 Multifamily - 1743 W Peterson Ave","incentiveClass":"Class 9 Multifamily","classCode":"915","pin":"14064000100000","address":"1743 W Peterson Ave","zip":"60660","communityArea":"Edgewater","reportUrl":"https://www.cookcountyassessoril.gov/pin/14064000100000"}},{"type":"Feature","geometry":{"type":"Point","coordinates":[-87.67426,41.98939]},"properties":{"name":"Class 9 Multifamily - 5927 N Ravenswood Ave","incentiveClass":"Class 9 Multifamily","classCode":"915","pin":"14064000130000","address":"5927 N Ravenswood Ave","zip":"60660","communityArea":"Edgewater","reportUrl":"https://www.cookcountyassessoril.gov/pin/14064000130000"}},{"type":"Feature","geometry":{"type":"Point","coordinates":[-87.67428,41.98999]},"properties":{"name":"Class 9 Multifamily - 5963 N Ravenswood Ave","incentiveClass":"Class 9 Multifamily","classCode":"915","pin":"14064000410000","address":"5963 N Ravenswood Ave","zip":"60660","communityArea":"Edgewater","reportUrl":"https://www.cookcountyassessoril.gov/pin/14064000410000"}},{"type":"Feature","geometry":{"type":"Point","coordinates":[-87.67427,41.98966]},"properties":{"name":"Class 9 Multifamily - 5943 N Ravenswood Ave","incentiveClass":"Class 9 Multifamily","classCode":"915","pin":"14064000420000","address":"5943 N Ravenswood Ave","zip":"60660","communityArea":"Edgewater","reportUrl":"https://www.cookcountyassessoril.gov/pin/14064000420000"}},{"type":"Feature","geometry":{"type":"Point","coordinates":[-87.67406,41.99046]},"properties":{"name":"Class 9 Multifamily - 1765 W Peterson Ave","incentiveClass":"Class 9 Multifamily","classCode":"991","pin":"14064000450000","address":"1765 W Peterson Ave","zip":"60660","communityArea":"Edgewater","reportUrl":"https://www.cookcountyassessoril.gov/pin/14064000450000"}},{"type":"Feature","geometry":{"type":"Point","coordinates":[-87.66039,41.9803]},"properties":{"name":"Class 6b Industrial - 5408 N Broadway St","incentiveClass":"Class 6b Industrial","classCode":"663","pin":"14081130290000","address":"5408 N Broadway St","zip":"60640","communityArea":"Edgewater","reportUrl":"https://www.cookcountyassessoril.gov/pin/14081130290000"}},{"type":"Feature","geometry":{"type":"Point","coordinates":[-87.65701,41.98345]},"properties":{"name":"Class 9 Multifamily - 5550 N Kenmore Ave","incentiveClass":"Class 9 Multifamily","classCode":"991","pin":"14082010080000","address":"5550 N Kenmore Ave","zip":"60640","communityArea":"Edgewater","reportUrl":"https://www.cookcountyassessoril.gov/pin/14082010080000"}},{"type":"Feature","geometry":{"type":"Point","coordinates":[-87.657,41.98324]},"properties":{"name":"Class 9 Multifamily - 5546 N Kenmore Ave","incentiveClass":"Class 9 Multifamily","classCode":"990","pin":"14082010090000","address":"5546 N Kenmore Ave","zip":"60640","communityArea":"Edgewater","reportUrl":"https://www.cookcountyassessoril.gov/pin/14082010090000"}},{"type":"Feature","geometry":{"type":"Point","coordinates":[-87.657,41.98311]},"properties":{"name":"Class 9 Multifamily - 5540 N Kenmore Ave","incentiveClass":"Class 9 Multifamily","classCode":"990","pin":"14082010100000","address":"5540 N Kenmore Ave","zip":"60640","communityArea":"Edgewater","reportUrl":"https://www.cookcountyassessoril.gov/pin/14082010100000"}},{"type":"Feature","geometry":{"type":"Point","coordinates":[-87.65829,41.97903]},"properties":{"name":"Class 9 Multifamily - 5326 N Winthrop Ave","incentiveClass":"Class 9 Multifamily","classCode":"991","pin":"14082070120000","address":"5326 N Winthrop Ave","zip":"60640","communityArea":"Edgewater","reportUrl":"https://www.cookcountyassessoril.gov/pin/14082070120000"}},{"type":"Feature","geometry":{"type":"Point","coordinates":[-87.65396,41.97561]},"properties":{"name":"Class 9 Multifamily - 932 W Winona St","incentiveClass":"Class 9 Multifamily","classCode":"991","pin":"14084030160000","address":"932 W Winona St","zip":"60640","communityArea":"Uptown","reportUrl":"https://www.cookcountyassessoril.gov/pin/14084030160000"}},{"type":"Feature","geometry":{"type":"Point","coordinates":[-87.65377,41.97561]},"properties":{"name":"Class 9 Multifamily - 928 W Winona St","incentiveClass":"Class 9 Multifamily","classCode":"991","pin":"14084030170000","address":"928 W Winona St","zip":"60640","communityArea":"Uptown","reportUrl":"https://www.cookcountyassessoril.gov/pin/14084030170000"}},{"type":"Feature","geometry":{"type":"Point","coordinates":[-87.65818,41.97494]},"properties":{"name":"Class 9 Multifamily - 5054 N Winthrop Ave","incentiveClass":"Class 9 Multifamily","classCode":"915","pin":"14084040160000","address":"5054 N Winthrop Ave","zip":"60640","communityArea":"Uptown","reportUrl":"https://www.cookcountyassessoril.gov/pin/14084040160000"}},{"type":"Feature","geometry":{"type":"Point","coordinates":[-87.65531,41.97215]},"properties":{"name":"Class 9 Multifamily - 4918 N Sheridan Rd","incentiveClass":"Class 9 Multifamily","classCode":"991","pin":"14084110180000","address":"4918 N Sheridan Rd","zip":"60640","communityArea":"Uptown","reportUrl":"https://www.cookcountyassessoril.gov/pin/14084110180000"}},{"type":"Feature","geometry":{"type":"Point","coordinates":[-87.65531,41.97201]},"properties":{"name":"Class 9 Multifamily - 4914 N Sheridan Rd","incentiveClass":"Class 9 Multifamily","classCode":"991","pin":"14084110190000","address":"4914 N Sheridan Rd","zip":"60640","communityArea":"Uptown","reportUrl":"https://www.cookcountyassessoril.gov/pin/14084110190000"}},{"type":"Feature","geometry":{"type":"Point","coordinates":[-87.6553,41.9718]},"properties":{"name":"Class 9 Multifamily - 4900 N Sheridan Rd","incentiveClass":"Class 9 Multifamily","classCode":"991","pin":"14084110200000","address":"4900 N Sheridan Rd","zip":"60640","communityArea":"Uptown","reportUrl":"https://www.cookcountyassessoril.gov/pin/14084110200000"}},{"type":"Feature","geometry":{"type":"Point","coordinates":[-87.65724,41.96952]},"properties":{"name":"Class 9 Multifamily - 4813 N Winthrop Ave","incentiveClass":"Class 9 Multifamily","classCode":"915","pin":"14084150170000","address":"4813 N Winthrop Ave","zip":"60640","communityArea":"Uptown","reportUrl":"https://www.cookcountyassessoril.gov/pin/14084150170000"}},{"type":"Feature","geometry":{"type":"Point","coordinates":[-87.65121,41.97032]},"properties":{"name":"Class 7a Commercial - 822 W Gunnison St","incentiveClass":"Class 7a Commercial","classCode":"790","pin":"14084180460000","address":"822 W Gunnison St","zip":"60640","communityArea":"Uptown","reportUrl":"https://www.cookcountyassessoril.gov/pin/14084180460000"}},{"type":"Feature","geometry":{"type":"Point","coordinates":[-87.65109,41.97033]},"properties":{"name":"Class 7a Commercial - 818 W Gunnison St","incentiveClass":"Class 7a Commercial","classCode":"790","pin":"14084180470000","address":"818 W Gunnison St","zip":"60640","communityArea":"Uptown","reportUrl":"https://www.cookcountyassessoril.gov/pin/14084180470000"}},{"type":"Feature","geometry":{"type":"Point","coordinates":[-87.65093,41.97033]},"properties":{"name":"Class 7a Commercial - 812 W Gunnison St","incentiveClass":"Class 7a Commercial","classCode":"797","pin":"14084180480000","address":"812 W Gunnison St","zip":"60640","communityArea":"Uptown","reportUrl":"https://www.cookcountyassessoril.gov/pin/14084180480000"}},{"type":"Feature","geometry":{"type":"Point","coordinates":[-87.65075,41.97033]},"properties":{"name":"Class 7a Commercial - 806 W Gunnison St","incentiveClass":"Class 7a Commercial","classCode":"797","pin":"14084180490000","address":"806 W Gunnison St","zip":"60640","communityArea":"Uptown","reportUrl":"https://www.cookcountyassessoril.gov/pin/14084180490000"}},{"type":"Feature","geometry":{"type":"Point","coordinates":[-87.6504,41.97033]},"properties":{"name":"Class 7a Commercial - 800 W Gunnison St","incentiveClass":"Class 7a Commercial","classCode":"797","pin":"14084180500000","address":"800 W Gunnison St","zip":"60640","communityArea":"Uptown","reportUrl":"https://www.cookcountyassessoril.gov/pin/14084180500000"}},{"type":"Feature","geometry":{"type":"Point","coordinates":[-87.65235,41.96939]},"properties":{"name":"Class 7a Commercial - 854 W Lawrence Ave","incentiveClass":"Class 7a Commercial","classCode":"717","pin":"14084190290000","address":"854 W Lawrence Ave","zip":"60640","communityArea":"Uptown","reportUrl":"https://www.cookcountyassessoril.gov/pin/14084190290000"}},{"type":"Feature","geometry":{"type":"Point","coordinates":[-87.65207,41.9694]},"properties":{"name":"Class 7a Commercial - 850 W Lawrence Ave","incentiveClass":"Class 7a Commercial","classCode":"790","pin":"14084190300000","address":"850 W Lawrence Ave","zip":"60640","communityArea":"Uptown","reportUrl":"https://www.cookcountyassessoril.gov/pin/14084190300000"}},{"type":"Feature","geometry":{"type":"Point","coordinates":[-87.6518,41.9694]},"properties":{"name":"Class 7a Commercial - 840 W Lawrence Ave","incentiveClass":"Class 7a Commercial","classCode":"790","pin":"14084190310000","address":"840 W Lawrence Ave","zip":"60640","communityArea":"Uptown","reportUrl":"https://www.cookcountyassessoril.gov/pin/14084190310000"}},{"type":"Feature","geometry":{"type":"Point","coordinates":[-87.66238,41.96828]},"properties":{"name":"Class 9 Multifamily - 4735 N Malden St","incentiveClass":"Class 9 Multifamily","classCode":"915","pin":"14171040050000","address":"4735 N Malden St","zip":"60640","communityArea":"Uptown","reportUrl":"https://www.cookcountyassessoril.gov/pin/14171040050000"}},{"type":"Feature","geometry":{"type":"Point","coordinates":[-87.66004,41.96697]},"properties":{"name":"Class 9 Multifamily - 4650 N Racine Ave","incentiveClass":"Class 9 Multifamily","classCode":"991","pin":"14171110120000","address":"4650 N Racine Ave","zip":"60640","communityArea":"Uptown","reportUrl":"https://www.cookcountyassessoril.gov/pin/14171110120000"}},{"type":"Feature","geometry":{"type":"Point","coordinates":[-87.6614,41.96478]},"properties":{"name":"Class 9 Multifamily - 4540 N Magnolia Ave","incentiveClass":"Class 9 Multifamily","classCode":"991","pin":"14171170100000","address":"4540 N Magnolia Ave","zip":"60640","communityArea":"Uptown","reportUrl":"https://www.cookcountyassessoril.gov/pin/14171170100000"}},{"type":"Feature","geometry":{"type":"Point","coordinates":[-87.6614,41.96464]},"properties":{"name":"Class 9 Multifamily - 4536 N Magnolia Ave","incentiveClass":"Class 9 Multifamily","classCode":"991","pin":"14171170110000","address":"4536 N Magnolia Ave","zip":"60640","communityArea":"Uptown","reportUrl":"https://www.cookcountyassessoril.gov/pin/14171170110000"}},{"type":"Feature","geometry":{"type":"Point","coordinates":[-87.66136,41.96252]},"properties":{"name":"Class 9 Multifamily - 4426 N Magnolia Ave","incentiveClass":"Class 9 Multifamily","classCode":"915","pin":"14171240150000","address":"4426 N Magnolia Ave","zip":"60640","communityArea":"Uptown","reportUrl":"https://www.cookcountyassessoril.gov/pin/14171240150000"}},{"type":"Feature","geometry":{"type":"Point","coordinates":[-87.66136,41.96227]},"properties":{"name":"Class 9 Multifamily - 4414 N Magnolia Ave","incentiveClass":"Class 9 Multifamily","classCode":"915","pin":"14171240160000","address":"4414 N Magnolia Ave","zip":"60640","communityArea":"Uptown","reportUrl":"https://www.cookcountyassessoril.gov/pin/14171240160000"}},{"type":"Feature","geometry":{"type":"Point","coordinates":[-87.65354,41.9685]},"properties":{"name":"Class 9 Multifamily - 920 W Lakeside Pl","incentiveClass":"Class 9 Multifamily","classCode":"991","pin":"14172050420000","address":"920 W Lakeside Pl","zip":"60640","communityArea":"Uptown","reportUrl":"https://www.cookcountyassessoril.gov/pin/14172050420000"}},{"type":"Feature","geometry":{"type":"Point","coordinates":[-87.65066,41.96798]},"properties":{"name":"Class 9 Multifamily - 809 W Lakeside Pl","incentiveClass":"Class 9 Multifamily","classCode":"915","pin":"14172060240000","address":"809 W Lakeside Pl","zip":"60640","communityArea":"Uptown","reportUrl":"https://www.cookcountyassessoril.gov/pin/14172060240000"}},{"type":"Feature","geometry":{"type":"Point","coordinates":[-87.65038,41.96799]},"properties":{"name":"Class 7a Commercial - 4720 N Clarendon Ave","incentiveClass":"Class 7a Commercial","classCode":"797","pin":"14172060520000","address":"4720 N Clarendon Ave","zip":"60640","communityArea":"Uptown","reportUrl":"https://www.cookcountyassessoril.gov/pin/14172060520000"}},{"type":"Feature","geometry":{"type":"Point","coordinates":[-87.65164,41.96668]},"properties":{"name":"Class 9 Multifamily - 826 W Eastwood Ave","incentiveClass":"Class 9 Multifamily","classCode":"991","pin":"14172130240000","address":"826 W Eastwood Ave","zip":"60640","communityArea":"Uptown","reportUrl":"https://www.cookcountyassessoril.gov/pin/14172130240000"}},{"type":"Feature","geometry":{"type":"Point","coordinates":[-87.65644,41.96255]},"properties":{"name":"Class 9 Multifamily - 4420 N Broadway St","incentiveClass":"Class 9 Multifamily","classCode":"997","pin":"14172170380000","address":"4420 N Broadway St","zip":"60640","communityArea":"Uptown","reportUrl":"https://www.cookcountyassessoril.gov/pin/14172170380000"}},{"type":"Feature","geometry":{"type":"Point","coordinates":[-87.65644,41.96255]},"properties":{"name":"Class 9 Multifamily - 931 W Leland Ave","incentiveClass":"Class 9 Multifamily","classCode":"991","pin":"14172170390000","address":"931 W Leland Ave","zip":"60640","communityArea":"Uptown","reportUrl":"https://www.cookcountyassessoril.gov/pin/14172170390000"}},{"type":"Feature","geometry":{"type":"Point","coordinates":[-87.65072,41.9652]},"properties":{"name":"Class 9 Multifamily - 4550 N Clarendon Ave","incentiveClass":"Class 9 Multifamily","classCode":"997","pin":"14172210090000","address":"4550 N Clarendon Ave","zip":"60640","communityArea":"Uptown","reportUrl":"https://www.cookcountyassessoril.gov/pin/14172210090000"}},{"type":"Feature","geometry":{"type":"Point","coordinates":[-87.65037,41.96529]},"properties":{"name":"Class 9 Multifamily - 4550 N Clarendon Ave","incentiveClass":"Class 9 Multifamily","classCode":"997","pin":"14172210100000","address":"4550 N Clarendon Ave","zip":"60640","communityArea":"Uptown","reportUrl":"https://www.cookcountyassessoril.gov/pin/14172210100000"}},{"type":"Feature","geometry":{"type":"Point","coordinates":[-87.65036,41.9651]},"properties":{"name":"Class 9 Multifamily - 4550 N Clarendon Ave","incentiveClass":"Class 9 Multifamily","classCode":"997","pin":"14172210110000","address":"4550 N Clarendon Ave","zip":"60640","communityArea":"Uptown","reportUrl":"https://www.cookcountyassessoril.gov/pin/14172210110000"}},{"type":"Feature","geometry":{"type":"Point","coordinates":[-87.65037,41.96493]},"properties":{"name":"Class 9 Multifamily - 4550 N Clarendon Ave","incentiveClass":"Class 9 Multifamily","classCode":"997","pin":"14172210120000","address":"4550 N Clarendon Ave","zip":"60640","communityArea":"Uptown","reportUrl":"https://www.cookcountyassessoril.gov/pin/14172210120000"}},{"type":"Feature","geometry":{"type":"Point","coordinates":[-87.65087,41.96472]},"properties":{"name":"Class 9 Multifamily - 4550 N Clarendon Ave","incentiveClass":"Class 9 Multifamily","classCode":"997","pin":"14172210250000","address":"4550 N Clarendon Ave","zip":"60640","communityArea":"Uptown","reportUrl":"https://www.cookcountyassessoril.gov/pin/14172210250000"}},{"type":"Feature","geometry":{"type":"Point","coordinates":[-87.65076,41.96472]},"properties":{"name":"Class 9 Multifamily - 4550 N Clarendon Ave","incentiveClass":"Class 9 Multifamily","classCode":"997","pin":"14172210260000","address":"4550 N Clarendon Ave","zip":"60640","communityArea":"Uptown","reportUrl":"https://www.cookcountyassessoril.gov/pin/14172210260000"}},{"type":"Feature","geometry":{"type":"Point","coordinates":[-87.65064,41.96472]},"properties":{"name":"Class 9 Multifamily - 4550 N Clarendon Ave","incentiveClass":"Class 9 Multifamily","classCode":"997","pin":"14172210270000","address":"4550 N Clarendon Ave","zip":"60640","communityArea":"Uptown","reportUrl":"https://www.cookcountyassessoril.gov/pin/14172210270000"}},{"type":"Feature","geometry":{"type":"Point","coordinates":[-87.65035,41.96473]},"properties":{"name":"Class 9 Multifamily - 4550 N Clarendon Ave","incentiveClass":"Class 9 Multifamily","classCode":"997","pin":"14172210280000","address":"4550 N Clarendon Ave","zip":"60640","communityArea":"Uptown","reportUrl":"https://www.cookcountyassessoril.gov/pin/14172210280000"}},{"type":"Feature","geometry":{"type":"Point","coordinates":[-87.65078,41.96493]},"properties":{"name":"Class 9 Multifamily - 4550 N Clarendon Ave","incentiveClass":"Class 9 Multifamily","classCode":"997","pin":"14172210290000","address":"4550 N Clarendon Ave","zip":"60640","communityArea":"Uptown","reportUrl":"https://www.cookcountyassessoril.gov/pin/14172210290000"}},{"type":"Feature","geometry":{"type":"Point","coordinates":[-87.65095,41.96519]},"properties":{"name":"Class 9 Multifamily - 4550 N Clarendon Ave","incentiveClass":"Class 9 Multifamily","classCode":"997","pin":"14172210320000","address":"4550 N Clarendon Ave","zip":"60640","communityArea":"Uptown","reportUrl":"https://www.cookcountyassessoril.gov/pin/14172210320000"}},{"type":"Feature","geometry":{"type":"Point","coordinates":[-87.65214,41.96394]},"properties":{"name":"Class 9 Multifamily - 852 W Sunnyside Ave","incentiveClass":"Class 9 Multifamily","classCode":"915","pin":"14172230140000","address":"852 W Sunnyside Ave","zip":"60640","communityArea":"Uptown","reportUrl":"https://www.cookcountyassessoril.gov/pin/14172230140000"}},{"type":"Feature","geometry":{"type":"Point","coordinates":[-87.65033,41.9641]},"properties":{"name":"Class 9 Multifamily - 4510 N Clarendon Ave","incentiveClass":"Class 9 Multifamily","classCode":"991","pin":"14172230180000","address":"4510 N Clarendon Ave","zip":"60640","communityArea":"Uptown","reportUrl":"https://www.cookcountyassessoril.gov/pin/14172230180000"}},{"type":"Feature","geometry":{"type":"Point","coordinates":[-87.65032,41.96396]},"properties":{"name":"Class 9 Multifamily - 4500 N Clarendon Ave","incentiveClass":"Class 9 Multifamily","classCode":"991","pin":"14172230190000","address":"4500 N Clarendon Ave","zip":"60640","communityArea":"Uptown","reportUrl":"https://www.cookcountyassessoril.gov/pin/14172230190000"}},{"type":"Feature","geometry":{"type":"Point","coordinates":[-87.65032,41.96382]},"properties":{"name":"Class 9 Multifamily - 4502 N Clarendon Ave","incentiveClass":"Class 9 Multifamily","classCode":"991","pin":"14172230240000","address":"4502 N Clarendon Ave","zip":"60640","communityArea":"Uptown","reportUrl":"https://www.cookcountyassessoril.gov/pin/14172230240000"}},{"type":"Feature","geometry":{"type":"Point","coordinates":[-87.65864,41.96238]},"properties":{"name":"Class 9 Multifamily - 4414 N Clifton Ave","incentiveClass":"Class 9 Multifamily","classCode":"915","pin":"14172240160000","address":"4414 N Clifton Ave","zip":"60640","communityArea":"Uptown","reportUrl":"https://www.cookcountyassessoril.gov/pin/14172240160000"}},{"type":"Feature","geometry":{"type":"Point","coordinates":[-87.65187,41.96338]},"properties":{"name":"Class 9 Multifamily - 847 W Sunnyside Ave","incentiveClass":"Class 9 Multifamily","classCode":"915","pin":"14172270020000","address":"847 W Sunnyside Ave","zip":"60640","communityArea":"Uptown","reportUrl":"https://www.cookcountyassessoril.gov/pin/14172270020000"}},{"type":"Feature","geometry":{"type":"Point","coordinates":[-87.65291,41.96206]},"properties":{"name":"Class 9 Multifamily - 912 W Montrose Ave","incentiveClass":"Class 9 Multifamily","classCode":"915","pin":"14172280200000","address":"912 W Montrose Ave","zip":"60613","communityArea":"Uptown","reportUrl":"https://www.cookcountyassessoril.gov/pin/14172280200000"}},{"type":"Feature","geometry":{"type":"Point","coordinates":[-87.66879,41.96134]},"properties":{"name":"Class 9 Multifamily - 4349 N Ashland Ave","incentiveClass":"Class 9 Multifamily","classCode":"915","pin":"14173000010000","address":"4349 N Ashland Ave","zip":"60613","communityArea":"Lake View","reportUrl":"https://www.cookcountyassessoril.gov/pin/14173000010000"}},{"type":"Feature","geometry":{"type":"Point","coordinates":[-87.65665,41.96051]},"properties":{"name":"Class 9 Multifamily - 4324 N Kenmore Ave","incentiveClass":"Class 9 Multifamily","classCode":"915","pin":"14174010110000","address":"4324 N Kenmore Ave","zip":"60613","communityArea":"Uptown","reportUrl":"https://www.cookcountyassessoril.gov/pin/14174010110000"}},{"type":"Feature","geometry":{"type":"Point","coordinates":[-87.65656,41.95739]},"properties":{"name":"Class 9 Multifamily - 4130 N Kenmore Ave","incentiveClass":"Class 9 Multifamily","classCode":"915","pin":"14174010280000","address":"4130 N Kenmore Ave","zip":"60613","communityArea":"Uptown","reportUrl":"https://www.cookcountyassessoril.gov/pin/14174010280000"}},{"type":"Feature","geometry":{"type":"Point","coordinates":[-87.65331,41.9598]},"properties":{"name":"Class 9 Multifamily - 4247 N Broadway St","incentiveClass":"Class 9 Multifamily","classCode":"915","pin":"14174090130000","address":"4247 N Broadway St","zip":"60613","communityArea":"Uptown","reportUrl":"https://www.cookcountyassessoril.gov/pin/14174090130000"}},{"type":"Feature","geometry":{"type":"Point","coordinates":[-87.65311,41.95951]},"properties":{"name":"Class 9 Multifamily - 4233 N Broadway St","incentiveClass":"Class 9 Multifamily","classCode":"915","pin":"14174090140000","address":"4233 N Broadway St","zip":"60613","communityArea":"Uptown","reportUrl":"https://www.cookcountyassessoril.gov/pin/14174090140000"}},{"type":"Feature","geometry":{"type":"Point","coordinates":[-87.6529,41.9592]},"properties":{"name":"Class 9 Multifamily - 4215 N Broadway St","incentiveClass":"Class 9 Multifamily","classCode":"915","pin":"14174090150000","address":"4215 N Broadway St","zip":"60613","communityArea":"Uptown","reportUrl":"https://www.cookcountyassessoril.gov/pin/14174090150000"}},{"type":"Feature","geometry":{"type":"Point","coordinates":[-87.65278,41.95901]},"properties":{"name":"Class 9 Multifamily - 4213 N Broadway St","incentiveClass":"Class 9 Multifamily","classCode":"990","pin":"14174090160000","address":"4213 N Broadway St","zip":"60613","communityArea":"Uptown","reportUrl":"https://www.cookcountyassessoril.gov/pin/14174090160000"}},{"type":"Feature","geometry":{"type":"Point","coordinates":[-87.65278,41.95888]},"properties":{"name":"Class 9 Multifamily - 4207 N Broadway St","incentiveClass":"Class 9 Multifamily","classCode":"990","pin":"14174090260000","address":"4207 N Broadway St","zip":"60613","communityArea":"Uptown","reportUrl":"https://www.cookcountyassessoril.gov/pin/14174090260000"}},{"type":"Feature","geometry":{"type":"Point","coordinates":[-87.65237,41.95867]},"properties":{"name":"Class 9 Multifamily - 866 W Buena Ave","incentiveClass":"Class 9 Multifamily","classCode":"990","pin":"14174090310000","address":"866 W Buena Ave","zip":"60613","communityArea":"Uptown","reportUrl":"https://www.cookcountyassessoril.gov/pin/14174090310000"}},{"type":"Feature","geometry":{"type":"Point","coordinates":[-87.65224,41.9587]},"properties":{"name":"Class 9 Multifamily - 860 W Buena Ave","incentiveClass":"Class 9 Multifamily","classCode":"990","pin":"14174090320000","address":"860 W Buena Ave","zip":"60613","communityArea":"Uptown","reportUrl":"https://www.cookcountyassessoril.gov/pin/14174090320000"}},{"type":"Feature","geometry":{"type":"Point","coordinates":[-87.65278,41.9586]},"properties":{"name":"Class 9 Multifamily - 870 W Buena Ave","incentiveClass":"Class 9 Multifamily","classCode":"990","pin":"14174090350000","address":"870 W Buena Ave","zip":"60613","communityArea":"Uptown","reportUrl":"https://www.cookcountyassessoril.gov/pin/14174090350000"}},{"type":"Feature","geometry":{"type":"Point","coordinates":[-87.6525,41.95865]},"properties":{"name":"Class 9 Multifamily - 862 W Buena Ave","incentiveClass":"Class 9 Multifamily","classCode":"990","pin":"14174090360000","address":"862 W Buena Ave","zip":"60613","communityArea":"Uptown","reportUrl":"https://www.cookcountyassessoril.gov/pin/14174090360000"}},{"type":"Feature","geometry":{"type":"Point","coordinates":[-87.65283,41.95872]},"properties":{"name":"Class 9 Multifamily - 4203 N Broadway St","incentiveClass":"Class 9 Multifamily","classCode":"990","pin":"14174090370000","address":"4203 N Broadway St","zip":"60613","communityArea":"Uptown","reportUrl":"https://www.cookcountyassessoril.gov/pin/14174090370000"}},{"type":"Feature","geometry":{"type":"Point","coordinates":[-87.65251,41.95882]},"properties":{"name":"Class 9 Multifamily - 4205 N Broadway St","incentiveClass":"Class 9 Multifamily","classCode":"990","pin":"14174090380000","address":"4205 N Broadway St","zip":"60613","communityArea":"Uptown","reportUrl":"https://www.cookcountyassessoril.gov/pin/14174090380000"}},{"type":"Feature","geometry":{"type":"Point","coordinates":[-87.67502,41.96757]},"properties":{"name":"Class 7a Commercial - 4710 Ravenswood","incentiveClass":"Class 7a Commercial","classCode":"792B","pin":"14182020400000","address":"4710 Ravenswood","zip":"60640","communityArea":"Lincoln Square","reportUrl":"https://www.cookcountyassessoril.gov/pin/14182020400000"}},{"type":"Feature","geometry":{"type":"Point","coordinates":[-87.66982,41.96546]},"properties":{"name":"Class 9 Multifamily - 4600 N Ashland Ave","incentiveClass":"Class 9 Multifamily","classCode":"915","pin":"14182110170000","address":"4600 N Ashland Ave","zip":"60640","communityArea":"Uptown","reportUrl":"https://www.cookcountyassessoril.gov/pin/14182110170000"}},{"type":"Feature","geometry":{"type":"Point","coordinates":[-87.66981,41.96492]},"properties":{"name":"Class 9 Multifamily - 4546 N Ashland Ave","incentiveClass":"Class 9 Multifamily","classCode":"915","pin":"14182170130000","address":"4546 N Ashland Ave","zip":"60640","communityArea":"Uptown","reportUrl":"https://www.cookcountyassessoril.gov/pin/14182170130000"}},{"type":"Feature","geometry":{"type":"Point","coordinates":[-87.66976,41.96291]},"properties":{"name":"Class 9 Multifamily - 4440 N Ashland Ave","incentiveClass":"Class 9 Multifamily","classCode":"915","pin":"14182230130000","address":"4440 N Ashland Ave","zip":"60640","communityArea":"Uptown","reportUrl":"https://www.cookcountyassessoril.gov/pin/14182230130000"}},{"type":"Feature","geometry":{"type":"Point","coordinates":[-87.66975,41.96264]},"properties":{"name":"Class 9 Multifamily - 4436 N Ashland Ave","incentiveClass":"Class 9 Multifamily","classCode":"915","pin":"14182230140000","address":"4436 N Ashland Ave","zip":"60640","communityArea":"Uptown","reportUrl":"https://www.cookcountyassessoril.gov/pin/14182230140000"}},{"type":"Feature","geometry":{"type":"Point","coordinates":[-87.66975,41.96243]},"properties":{"name":"Class 9 Multifamily - 4424 N Ashland Ave","incentiveClass":"Class 9 Multifamily","classCode":"990","pin":"14182230150000","address":"4424 N Ashland Ave","zip":"60640","communityArea":"Uptown","reportUrl":"https://www.cookcountyassessoril.gov/pin/14182230150000"}},{"type":"Feature","geometry":{"type":"Point","coordinates":[-87.65556,41.94818]},"properties":{"name":"Class 7a Commercial - 1060 W Waveland  Ave","incentiveClass":"Class 7a Commercial","classCode":"797","pin":"14202270030000","address":"1060 W Waveland  Ave","zip":"60613","communityArea":"Lake View","reportUrl":"https://www.cookcountyassessoril.gov/pin/14202270030000"}},{"type":"Feature","geometry":{"type":"Point","coordinates":[-87.65479,41.94747]},"properties":{"name":"Class 7a Commercial - 1060 W Waveland  Ave","incentiveClass":"Class 7a Commercial","classCode":"797","pin":"14202270040000","address":"1060 W Waveland  Ave","zip":"60613","communityArea":"Lake View","reportUrl":"https://www.cookcountyassessoril.gov/pin/14202270040000"}},{"type":"Feature","geometry":{"type":"Point","coordinates":[-87.64984,41.94763]},"properties":{"name":"Class 9 Multifamily - 3600 N Halsted St","incentiveClass":"Class 9 Multifamily","classCode":"997","pin":"14202300160000","address":"3600 N Halsted St","zip":"60613","communityArea":"Lake View","reportUrl":"https://www.cookcountyassessoril.gov/pin/14202300160000"}},{"type":"Feature","geometry":{"type":"Point","coordinates":[-87.64985,41.94795]},"properties":{"name":"Class 9 Multifamily - 3600 N Halsted St","incentiveClass":"Class 9 Multifamily","classCode":"997","pin":"14202300200000","address":"3600 N Halsted St","zip":"60613","communityArea":"Lake View","reportUrl":"https://www.cookcountyassessoril.gov/pin/14202300200000"}},{"type":"Feature","geometry":{"type":"Point","coordinates":[-87.66702,41.94037]},"properties":{"name":"Class 9 Multifamily - 1511 W Melrose St","incentiveClass":"Class 9 Multifamily","classCode":"991","pin":"14203280470000","address":"1511 W Melrose St","zip":"60657","communityArea":"Lake View","reportUrl":"https://www.cookcountyassessoril.gov/pin/14203280470000"}},{"type":"Feature","geometry":{"type":"Point","coordinates":[-87.65447,41.9403]},"properties":{"name":"Class 9 Multifamily - 3208 N Sheffield Ave","incentiveClass":"Class 9 Multifamily","classCode":"997","pin":"14204240390000","address":"3208 N Sheffield Ave","zip":"60657","communityArea":"Lake View","reportUrl":"https://www.cookcountyassessoril.gov/pin/14204240390000"}},{"type":"Feature","geometry":{"type":"Point","coordinates":[-87.64434,41.93308]},"properties":{"name":"Class 9 Multifamily - 600 W Diversey Pky","incentiveClass":"Class 9 Multifamily","classCode":"991","pin":"14281210070000","address":"600 W Diversey Pky","zip":"60614","communityArea":"Lake View","reportUrl":"https://www.cookcountyassessoril.gov/pin/14281210070000"}},{"type":"Feature","geometry":{"type":"Point","coordinates":[-87.64383,41.93321]},"properties":{"name":"Class 9 Multifamily - 600 W Diversey Pky","incentiveClass":"Class 9 Multifamily","classCode":"991","pin":"14281220030000","address":"600 W Diversey Pky","zip":"60614","communityArea":"Lake View","reportUrl":"https://www.cookcountyassessoril.gov/pin/14281220030000"}},{"type":"Feature","geometry":{"type":"Point","coordinates":[-87.64104,41.93261]},"properties":{"name":"Class 9 Multifamily - 2757 N Pine Grove Ave","incentiveClass":"Class 9 Multifamily","classCode":"991","pin":"14283100010000","address":"2757 N Pine Grove Ave","zip":"60614","communityArea":"Lincoln Park","reportUrl":"https://www.cookcountyassessoril.gov/pin/14283100010000"}},{"type":"Feature","geometry":{"type":"Point","coordinates":[-87.66671,41.93946]},"properties":{"name":"Class 9 Multifamily - 1501 W Belmont Ave","incentiveClass":"Class 9 Multifamily","classCode":"991","pin":"14291000430000","address":"1501 W Belmont Ave","zip":"60657","communityArea":"Lake View","reportUrl":"https://www.cookcountyassessoril.gov/pin/14291000430000"}},{"type":"Feature","geometry":{"type":"Point","coordinates":[-87.68266,41.93345]},"properties":{"name":"Class 9 Multifamily - 2810 N Leavitt St","incentiveClass":"Class 9 Multifamily","classCode":"991","pin":"14301230060000","address":"2810 N Leavitt St","zip":"60618","communityArea":"North Center","reportUrl":"https://www.cookcountyassessoril.gov/pin/14301230060000"}},{"type":"Feature","geometry":{"type":"Point","coordinates":[-87.68141,41.93375]},"properties":{"name":"Class 9 Multifamily - 2986 N Clybourn Ave","incentiveClass":"Class 9 Multifamily","classCode":"991","pin":"14301230080000","address":"2986 N Clybourn Ave","zip":"60618","communityArea":"North Center","reportUrl":"https://www.cookcountyassessoril.gov/pin/14301230080000"}},{"type":"Feature","geometry":{"type":"Point","coordinates":[-87.67946,41.93285]},"properties":{"name":"Class 9 Multifamily - 2846 N Clybourn Ave","incentiveClass":"Class 9 Multifamily","classCode":"991","pin":"14301230100000","address":"2846 N Clybourn Ave","zip":"60618","communityArea":"North Center","reportUrl":"https://www.cookcountyassessoril.gov/pin/14301230100000"}},{"type":"Feature","geometry":{"type":"Point","coordinates":[-87.67848,41.92635]},"properties":{"name":"Class C Contamination Remediation - 2445 N Elston Ave","incentiveClass":"Class C Contamination Remediation","classCode":"638","pin":"14303010060000","address":"2445 N Elston Ave","zip":"60647","communityArea":"Logan Square","reportUrl":"https://www.cookcountyassessoril.gov/pin/14303010060000"}},{"type":"Feature","geometry":{"type":"Point","coordinates":[-87.67831,41.92619]},"properties":{"name":"Class C Contamination Remediation - 2445 N Elston Ave","incentiveClass":"Class C Contamination Remediation","classCode":"638","pin":"14303010080000","address":"2445 N Elston Ave","zip":"60647","communityArea":"Logan Square","reportUrl":"https://www.cookcountyassessoril.gov/pin/14303010080000"}},{"type":"Feature","geometry":{"type":"Point","coordinates":[-87.67822,41.92604]},"properties":{"name":"Class C Contamination Remediation - 2445 N Elston Ave","incentiveClass":"Class C Contamination Remediation","classCode":"638","pin":"14303010090000","address":"2445 N Elston Ave","zip":"60647","communityArea":"Logan Square","reportUrl":"https://www.cookcountyassessoril.gov/pin/14303010090000"}},{"type":"Feature","geometry":{"type":"Point","coordinates":[-87.6785,41.92656]},"properties":{"name":"Class C Contamination Remediation - 2501 N Elston Ave","incentiveClass":"Class C Contamination Remediation","classCode":"654","pin":"14303010310000","address":"2501 N Elston Ave","zip":"60647","communityArea":"Logan Square","reportUrl":"https://www.cookcountyassessoril.gov/pin/14303010310000"}},{"type":"Feature","geometry":{"type":"Point","coordinates":[-87.67968,41.92754]},"properties":{"name":"Class 7a Commercial - 2501 N Elston Ave","incentiveClass":"Class 7a Commercial","classCode":"797A","pin":"14303010330000","address":"2501 N Elston Ave","zip":"60647","communityArea":"Logan Square","reportUrl":"https://www.cookcountyassessoril.gov/pin/14303010330000"}},{"type":"Feature","geometry":{"type":"Point","coordinates":[-87.67871,41.92701]},"properties":{"name":"Class 7a Commercial - 2501 N Elston Ave","incentiveClass":"Class 7a Commercial","classCode":"790A","pin":"14303010340000","address":"2501 N Elston Ave","zip":"60647","communityArea":"Logan Square","reportUrl":"https://www.cookcountyassessoril.gov/pin/14303010340000"}},{"type":"Feature","geometry":{"type":"Point","coordinates":[-87.67852,41.93153]},"properties":{"name":"Class 9 Multifamily - 2737 N Hoyne Ave","incentiveClass":"Class 9 Multifamily","classCode":"991","pin":"14303020250000","address":"2737 N Hoyne Ave","zip":"60647","communityArea":"Lincoln Park","reportUrl":"https://www.cookcountyassessoril.gov/pin/14303020250000"}},{"type":"Feature","geometry":{"type":"Point","coordinates":[-87.67855,41.93117]},"properties":{"name":"Class 9 Multifamily - 2737 N Hoyne Ave","incentiveClass":"Class 9 Multifamily","classCode":"991","pin":"14303020270000","address":"2737 N Hoyne Ave","zip":"60647","communityArea":"Lincoln Park","reportUrl":"https://www.cookcountyassessoril.gov/pin/14303020270000"}},{"type":"Feature","geometry":{"type":"Point","coordinates":[-87.68123,41.92657]},"properties":{"name":"Class C Contamination Remediation - 2500 N Elston Ave","incentiveClass":"Class C Contamination Remediation","classCode":"638","pin":"14303190390000","address":"2500 N Elston Ave","zip":"60647","communityArea":"Logan Square","reportUrl":"https://www.cookcountyassessoril.gov/pin/14303190390000"}},{"type":"Feature","geometry":{"type":"Point","coordinates":[-87.68152,41.92636]},"properties":{"name":"Class C Contamination Remediation - 2500 N Elston Ave","incentiveClass":"Class C Contamination Remediation","classCode":"654","pin":"14303190400000","address":"2500 N Elston Ave","zip":"60647","communityArea":"Logan Square","reportUrl":"https://www.cookcountyassessoril.gov/pin/14303190400000"}},{"type":"Feature","geometry":{"type":"Point","coordinates":[-87.68053,41.92671]},"properties":{"name":"Class C Contamination Remediation - 2500 N Elston Ave","incentiveClass":"Class C Contamination Remediation","classCode":"654","pin":"14303190410000","address":"2500 N Elston Ave","zip":"60647","communityArea":"Logan Square","reportUrl":"https://www.cookcountyassessoril.gov/pin/14303190410000"}},{"type":"Feature","geometry":{"type":"Point","coordinates":[-87.68085,41.92619]},"properties":{"name":"Class C Contamination Remediation - 2500 N Elston Ave","incentiveClass":"Class C Contamination Remediation","classCode":"638","pin":"14303190420000","address":"2500 N Elston Ave","zip":"60647","communityArea":"Logan Square","reportUrl":"https://www.cookcountyassessoril.gov/pin/14303190420000"}},{"type":"Feature","geometry":{"type":"Point","coordinates":[-87.6797,41.9261]},"properties":{"name":"Class C Contamination Remediation - 2444 N Elston Ave","incentiveClass":"Class C Contamination Remediation","classCode":"638","pin":"14303190460000","address":"2444 N Elston Ave","zip":"60647","communityArea":"Logan Square","reportUrl":"https://www.cookcountyassessoril.gov/pin/14303190460000"}},{"type":"Feature","geometry":{"type":"Point","coordinates":[-87.67908,41.9255]},"properties":{"name":"Class C Contamination Remediation - 2020 W Fullerton Ave","incentiveClass":"Class C Contamination Remediation","classCode":"638","pin":"14303190470000","address":"2020 W Fullerton Ave","zip":"60647","communityArea":"Logan Square","reportUrl":"https://www.cookcountyassessoril.gov/pin/14303190470000"}},{"type":"Feature","geometry":{"type":"Point","coordinates":[-87.68047,41.92608]},"properties":{"name":"Class C Contamination Remediation - 2484 N Elston Ave","incentiveClass":"Class C Contamination Remediation","classCode":"654","pin":"14303190490000","address":"2484 N Elston Ave","zip":"60647","communityArea":"Logan Square","reportUrl":"https://www.cookcountyassessoril.gov/pin/14303190490000"}},{"type":"Feature","geometry":{"type":"Point","coordinates":[-87.68047,41.92608]},"properties":{"name":"Class C Contamination Remediation - 2484 N Elston Ave","incentiveClass":"Class C Contamination Remediation","classCode":"654","pin":"14303190500000","address":"2484 N Elston Ave","zip":"60647","communityArea":"Logan Square","reportUrl":"https://www.cookcountyassessoril.gov/pin/14303190500000"}},{"type":"Feature","geometry":{"type":"Point","coordinates":[-87.68041,41.92587]},"properties":{"name":"Class C Contamination Remediation - 2484 N Elston Ave","incentiveClass":"Class C Contamination Remediation","classCode":"654","pin":"14303190510000","address":"2484 N Elston Ave","zip":"60647","communityArea":"Logan Square","reportUrl":"https://www.cookcountyassessoril.gov/pin/14303190510000"}},{"type":"Feature","geometry":{"type":"Point","coordinates":[-87.6804,41.92565]},"properties":{"name":"Class C Contamination Remediation - 2484 N Elston Ave","incentiveClass":"Class C Contamination Remediation","classCode":"654","pin":"14303190520000","address":"2484 N Elston Ave","zip":"60647","communityArea":"Logan Square","reportUrl":"https://www.cookcountyassessoril.gov/pin/14303190520000"}},{"type":"Feature","geometry":{"type":"Point","coordinates":[-87.68078,41.92559]},"properties":{"name":"Class C Contamination Remediation - 2484 N Elston Ave","incentiveClass":"Class C Contamination Remediation","classCode":"654","pin":"14303190530000","address":"2484 N Elston Ave","zip":"60647","communityArea":"Logan Square","reportUrl":"https://www.cookcountyassessoril.gov/pin/14303190530000"}},{"type":"Feature","geometry":{"type":"Point","coordinates":[-87.67429,41.92123]},"properties":{"name":"Class C Contamination Remediation - 1825 W Webster Ave","incentiveClass":"Class C Contamination Remediation","classCode":"638A","pin":"14312100010000","address":"1825 W Webster Ave","zip":"60614","communityArea":"Logan Square","reportUrl":"https://www.cookcountyassessoril.gov/pin/14312100010000"}},{"type":"Feature","geometry":{"type":"Point","coordinates":[-87.67396,41.92119]},"properties":{"name":"Class C Contamination Remediation - 1825 W Webster Ave","incentiveClass":"Class C Contamination Remediation","classCode":"638A","pin":"14312100290000","address":"1825 W Webster Ave","zip":"60614","communityArea":"Logan Square","reportUrl":"https://www.cookcountyassessoril.gov/pin/14312100290000"}},{"type":"Feature","geometry":{"type":"Point","coordinates":[-87.67381,41.92119]},"properties":{"name":"Class C Contamination Remediation - 1825 W Webster Ave","incentiveClass":"Class C Contamination Remediation","classCode":"638A","pin":"14312100300000","address":"1825 W Webster Ave","zip":"60614","communityArea":"Logan Square","reportUrl":"https://www.cookcountyassessoril.gov/pin/14312100300000"}},{"type":"Feature","geometry":{"type":"Point","coordinates":[-87.67372,41.9212]},"properties":{"name":"Class C Contamination Remediation - 1825 W Webster Ave","incentiveClass":"Class C Contamination Remediation","classCode":"638A","pin":"14312100310000","address":"1825 W Webster Ave","zip":"60614","communityArea":"Logan Square","reportUrl":"https://www.cookcountyassessoril.gov/pin/14312100310000"}},{"type":"Feature","geometry":{"type":"Point","coordinates":[-87.67337,41.92121]},"properties":{"name":"Class C Contamination Remediation - 1825 W Webster Ave","incentiveClass":"Class C Contamination Remediation","classCode":"654A","pin":"14312100350000","address":"1825 W Webster Ave","zip":"60614","communityArea":"Logan Square","reportUrl":"https://www.cookcountyassessoril.gov/pin/14312100350000"}},{"type":"Feature","geometry":{"type":"Point","coordinates":[-87.67375,41.92095]},"properties":{"name":"Class C Contamination Remediation - 1825 W Webster Ave","incentiveClass":"Class C Contamination Remediation","classCode":"638A","pin":"14312100370000","address":"1825 W Webster Ave","zip":"60614","communityArea":"Logan Square","reportUrl":"https://www.cookcountyassessoril.gov/pin/14312100370000"}},{"type":"Feature","geometry":{"type":"Point","coordinates":[-87.67363,41.9208]},"properties":{"name":"Class C Contamination Remediation - 1825 W Webster Ave","incentiveClass":"Class C Contamination Remediation","classCode":"654A","pin":"14312100380000","address":"1825 W Webster Ave","zip":"60614","communityArea":"Logan Square","reportUrl":"https://www.cookcountyassessoril.gov/pin/14312100380000"}},{"type":"Feature","geometry":{"type":"Point","coordinates":[-87.67317,41.92083]},"properties":{"name":"Class C Contamination Remediation - 1825 W Webster Ave","incentiveClass":"Class C Contamination Remediation","classCode":"654A","pin":"14312100440000","address":"1825 W Webster Ave","zip":"60614","communityArea":"Logan Square","reportUrl":"https://www.cookcountyassessoril.gov/pin/14312100440000"}},{"type":"Feature","geometry":{"type":"Point","coordinates":[-87.67316,41.92076]},"properties":{"name":"Class C Contamination Remediation - 1825 W Webster Ave","incentiveClass":"Class C Contamination Remediation","classCode":"654A","pin":"14312100450000","address":"1825 W Webster Ave","zip":"60614","communityArea":"Logan Square","reportUrl":"https://www.cookcountyassessoril.gov/pin/14312100450000"}},{"type":"Feature","geometry":{"type":"Point","coordinates":[-87.67312,41.9207]},"properties":{"name":"Class C Contamination Remediation - 1825 W Webster Ave","incentiveClass":"Class C Contamination Remediation","classCode":"654A","pin":"14312100460000","address":"1825 W Webster Ave","zip":"60614","communityArea":"Logan Square","reportUrl":"https://www.cookcountyassessoril.gov/pin/14312100460000"}},{"type":"Feature","geometry":{"type":"Point","coordinates":[-87.67304,41.92061]},"properties":{"name":"Class C Contamination Remediation - 1825 W Webster Ave","incentiveClass":"Class C Contamination Remediation","classCode":"654A","pin":"14312100470000","address":"1825 W Webster Ave","zip":"60614","communityArea":"Logan Square","reportUrl":"https://www.cookcountyassessoril.gov/pin/14312100470000"}},{"type":"Feature","geometry":{"type":"Point","coordinates":[-87.67358,41.9212]},"properties":{"name":"Class C Contamination Remediation - 1825 W Webster Ave","incentiveClass":"Class C Contamination Remediation","classCode":"638A","pin":"14312100630000","address":"1825 W Webster Ave","zip":"60614","communityArea":"Logan Square","reportUrl":"https://www.cookcountyassessoril.gov/pin/14312100630000"}},{"type":"Feature","geometry":{"type":"Point","coordinates":[-87.67817,41.91062]},"properties":{"name":"Class 7a Commercial - 1600 N Milwaukee Ave","incentiveClass":"Class 7a Commercial","classCode":"729","pin":"14313330370000","address":"1600 N Milwaukee Ave","zip":"60647","communityArea":"West Town","reportUrl":"https://www.cookcountyassessoril.gov/pin/14313330370000"}},{"type":"Feature","geometry":{"type":"Point","coordinates":[-87.67056,41.91348]},"properties":{"name":"Class 9 Multifamily - 1724 N Paulina St","incentiveClass":"Class 9 Multifamily","classCode":"991","pin":"14314210210000","address":"1724 N Paulina St","zip":"60622","communityArea":"West Town","reportUrl":"https://www.cookcountyassessoril.gov/pin/14314210210000"}},{"type":"Feature","geometry":{"type":"Point","coordinates":[-87.6673,41.92412]},"properties":{"name":"Class 9 Multifamily - 2303 N Clybourn Ave","incentiveClass":"Class 9 Multifamily","classCode":"991","pin":"14321000090000","address":"2303 N Clybourn Ave","zip":"60614","communityArea":"Lincoln Park","reportUrl":"https://www.cookcountyassessoril.gov/pin/14321000090000"}},{"type":"Feature","geometry":{"type":"Point","coordinates":[-87.66732,41.92461]},"properties":{"name":"Class 9 Multifamily - 2303 N Clybourn Ave","incentiveClass":"Class 9 Multifamily","classCode":"996","pin":"14321000100000","address":"2303 N Clybourn Ave","zip":"60614","communityArea":"Lincoln Park","reportUrl":"https://www.cookcountyassessoril.gov/pin/14321000100000"}},{"type":"Feature","geometry":{"type":"Point","coordinates":[-87.66765,41.92469]},"properties":{"name":"Class 9 Multifamily - 1543 W Fullerton Ave","incentiveClass":"Class 9 Multifamily","classCode":"991","pin":"14321000110000","address":"1543 W Fullerton Ave","zip":"60614","communityArea":"Lincoln Park","reportUrl":"https://www.cookcountyassessoril.gov/pin/14321000110000"}},{"type":"Feature","geometry":{"type":"Point","coordinates":[-87.66663,41.91921]},"properties":{"name":"Class 6b Industrial - 2015 N Mendell St","incentiveClass":"Class 6b Industrial","classCode":"663","pin":"14321150030000","address":"2015 N Mendell St","zip":"60614","communityArea":"Logan Square","reportUrl":"https://www.cookcountyassessoril.gov/pin/14321150030000"}},{"type":"Feature","geometry":{"type":"Point","coordinates":[-87.66637,41.91894]},"properties":{"name":"Class 6b Industrial - 2017 N Mendell St","incentiveClass":"Class 6b Industrial","classCode":"663","pin":"14321150150000","address":"2017 N Mendell St","zip":"60614","communityArea":"Logan Square","reportUrl":"https://www.cookcountyassessoril.gov/pin/14321150150000"}},{"type":"Feature","geometry":{"type":"Point","coordinates":[-87.66292,41.91412]},"properties":{"name":"Class 6b Industrial - 1435 W Willow St","incentiveClass":"Class 6b Industrial","classCode":"663A","pin":"14323090100000","address":"1435 W Willow St","zip":"60642","communityArea":"West Town","reportUrl":"https://www.cookcountyassessoril.gov/pin/14323090100000"}},{"type":"Feature","geometry":{"type":"Point","coordinates":[-87.66279,41.91417]},"properties":{"name":"Class 6b Industrial - 1431 W Willow St","incentiveClass":"Class 6b Industrial","classCode":"663A","pin":"14323090110000","address":"1431 W Willow St","zip":"60642","communityArea":"West Town","reportUrl":"https://www.cookcountyassessoril.gov/pin/14323090110000"}},{"type":"Feature","geometry":{"type":"Point","coordinates":[-87.66271,41.9142]},"properties":{"name":"Class 6b Industrial - 1429 W Willow St","incentiveClass":"Class 6b Industrial","classCode":"663A","pin":"14323090120000","address":"1429 W Willow St","zip":"60642","communityArea":"West Town","reportUrl":"https://www.cookcountyassessoril.gov/pin/14323090120000"}},{"type":"Feature","geometry":{"type":"Point","coordinates":[-87.66264,41.91423]},"properties":{"name":"Class 6b Industrial - 1427 W Willow St","incentiveClass":"Class 6b Industrial","classCode":"663A","pin":"14323090130000","address":"1427 W Willow St","zip":"60642","communityArea":"West Town","reportUrl":"https://www.cookcountyassessoril.gov/pin/14323090130000"}},{"type":"Feature","geometry":{"type":"Point","coordinates":[-87.66256,41.91426]},"properties":{"name":"Class 6b Industrial - 1423 W Willow St","incentiveClass":"Class 6b Industrial","classCode":"663A","pin":"14323090140000","address":"1423 W Willow St","zip":"60642","communityArea":"West Town","reportUrl":"https://www.cookcountyassessoril.gov/pin/14323090140000"}},{"type":"Feature","geometry":{"type":"Point","coordinates":[-87.66244,41.91431]},"properties":{"name":"Class 6b Industrial - 1419 W Willow St","incentiveClass":"Class 6b Industrial","classCode":"670A","pin":"14323090150000","address":"1419 W Willow St","zip":"60642","communityArea":"West Town","reportUrl":"https://www.cookcountyassessoril.gov/pin/14323090150000"}},{"type":"Feature","geometry":{"type":"Point","coordinates":[-87.66334,41.91395]},"properties":{"name":"Class 6b Industrial - 1449 W Willow St","incentiveClass":"Class 6b Industrial","classCode":"663A","pin":"14323090240000","address":"1449 W Willow St","zip":"60642","communityArea":"West Town","reportUrl":"https://www.cookcountyassessoril.gov/pin/14323090240000"}},{"type":"Feature","geometry":{"type":"Point","coordinates":[-87.63682,41.92173]},"properties":{"name":"Class 9 Multifamily - 2150 N Lincoln Park West","incentiveClass":"Class 9 Multifamily","classCode":"991","pin":"14332060290000","address":"2150 N Lincoln Park West","zip":"60614","communityArea":"Lincoln Park","reportUrl":"https://www.cookcountyassessoril.gov/pin/14332060290000"}},{"type":"Feature","geometry":{"type":"Point","coordinates":[-87.69471,41.90504]},"properties":{"name":"Class 9 Multifamily - 1300 N Washtenaw Ave","incentiveClass":"Class 9 Multifamily","classCode":"915","pin":"16012220410000","address":"1300 N Washtenaw Ave","zip":"60622","communityArea":"West Town","reportUrl":"https://www.cookcountyassessoril.gov/pin/16012220410000"}},{"type":"Feature","geometry":{"type":"Point","coordinates":[-87.69768,41.90261]},"properties":{"name":"Class 9 Multifamily - 2819 W Division St","incentiveClass":"Class 9 Multifamily","classCode":"915","pin":"16013040030000","address":"2819 W Division St","zip":"60622","communityArea":"West Town","reportUrl":"https://www.cookcountyassessoril.gov/pin/16013040030000"}},{"type":"Feature","geometry":{"type":"Point","coordinates":[-87.69769,41.89942]},"properties":{"name":"Class 9 Multifamily - 1003 N Mozart St","incentiveClass":"Class 9 Multifamily","classCode":"915","pin":"16013120150000","address":"1003 N Mozart St","zip":"60622","communityArea":"West Town","reportUrl":"https://www.cookcountyassessoril.gov/pin/16013120150000"}},{"type":"Feature","geometry":{"type":"Point","coordinates":[-87.70141,41.89901]},"properties":{"name":"Class 9 Multifamily - 929 N Sacramento Blvd","incentiveClass":"Class 9 Multifamily","classCode":"915","pin":"16013140010000","address":"929 N Sacramento Blvd","zip":"60622","communityArea":"West Town","reportUrl":"https://www.cookcountyassessoril.gov/pin/16013140010000"}},{"type":"Feature","geometry":{"type":"Point","coordinates":[-87.7014,41.89843]},"properties":{"name":"Class 9 Multifamily - 915 N Sacramento Blvd","incentiveClass":"Class 9 Multifamily","classCode":"915","pin":"16013140060000","address":"915 N Sacramento Blvd","zip":"60622","communityArea":"West Town","reportUrl":"https://www.cookcountyassessoril.gov/pin/16013140060000"}},{"type":"Feature","geometry":{"type":"Point","coordinates":[-87.70139,41.89819]},"properties":{"name":"Class 9 Multifamily - 901 N Sacramento Blvd","incentiveClass":"Class 9 Multifamily","classCode":"914","pin":"16013140080000","address":"901 N Sacramento Blvd","zip":"60622","communityArea":"West Town","reportUrl":"https://www.cookcountyassessoril.gov/pin/16013140080000"}},{"type":"Feature","geometry":{"type":"Point","coordinates":[-87.70012,41.89909]},"properties":{"name":"Class 9 Multifamily - 935 N Richmond St","incentiveClass":"Class 9 Multifamily","classCode":"915","pin":"16013150010000","address":"935 N Richmond St","zip":"60622","communityArea":"West Town","reportUrl":"https://www.cookcountyassessoril.gov/pin/16013150010000"}},{"type":"Feature","geometry":{"type":"Point","coordinates":[-87.6996,41.89906]},"properties":{"name":"Class 9 Multifamily - 2901 N Francisco Ave","incentiveClass":"Class 9 Multifamily","classCode":"915","pin":"16013150150000","address":"2901 N Francisco Ave","zip":"","communityArea":"West Town","reportUrl":"https://www.cookcountyassessoril.gov/pin/16013150150000"}},{"type":"Feature","geometry":{"type":"Point","coordinates":[-87.69839,41.89914]},"properties":{"name":"Class 9 Multifamily - 934 N Mozart St","incentiveClass":"Class 9 Multifamily","classCode":"915","pin":"16013160140000","address":"934 N Mozart St","zip":"60622","communityArea":"West Town","reportUrl":"https://www.cookcountyassessoril.gov/pin/16013160140000"}},{"type":"Feature","geometry":{"type":"Point","coordinates":[-87.69655,41.90262]},"properties":{"name":"Class 9 Multifamily - 2751 W Division St","incentiveClass":"Class 9 Multifamily","classCode":"918","pin":"16014000010000","address":"2751 W Division St","zip":"60622","communityArea":"West Town","reportUrl":"https://www.cookcountyassessoril.gov/pin/16014000010000"}},{"type":"Feature","geometry":{"type":"Point","coordinates":[-87.69632,41.90263]},"properties":{"name":"Class 9 Multifamily - 2749 W Division St","incentiveClass":"Class 9 Multifamily","classCode":"918","pin":"16014000020000","address":"2749 W Division St","zip":"60622","communityArea":"West Town","reportUrl":"https://www.cookcountyassessoril.gov/pin/16014000020000"}},{"type":"Feature","geometry":{"type":"Point","coordinates":[-87.72632,41.90947]},"properties":{"name":"Class 9 Multifamily - 3949 W North Ave","incentiveClass":"Class 9 Multifamily","classCode":"991","pin":"16021000010000","address":"3949 W North Ave","zip":"60647","communityArea":"Humboldt Park","reportUrl":"https://www.cookcountyassessoril.gov/pin/16021000010000"}},{"type":"Feature","geometry":{"type":"Point","coordinates":[-87.72611,41.90957]},"properties":{"name":"Class 9 Multifamily - 3949 W North Ave","incentiveClass":"Class 9 Multifamily","classCode":"991","pin":"16021000020000","address":"3949 W North Ave","zip":"60647","communityArea":"Humboldt Park","reportUrl":"https://www.cookcountyassessoril.gov/pin/16021000020000"}},{"type":"Feature","geometry":{"type":"Point","coordinates":[-87.72586,41.90958]},"properties":{"name":"Class 9 Multifamily - 3949 W North Ave","incentiveClass":"Class 9 Multifamily","classCode":"991","pin":"16021000030000","address":"3949 W North Ave","zip":"60647","communityArea":"Humboldt Park","reportUrl":"https://www.cookcountyassessoril.gov/pin/16021000030000"}},{"type":"Feature","geometry":{"type":"Point","coordinates":[-87.72568,41.90959]},"properties":{"name":"Class 9 Multifamily - 3949 W North Ave","incentiveClass":"Class 9 Multifamily","classCode":"991","pin":"16021000040000","address":"3949 W North Ave","zip":"60647","communityArea":"Humboldt Park","reportUrl":"https://www.cookcountyassessoril.gov/pin/16021000040000"}},{"type":"Feature","geometry":{"type":"Point","coordinates":[-87.70889,41.90309]},"properties":{"name":"Class 9 Multifamily - 3254 W Division St","incentiveClass":"Class 9 Multifamily","classCode":"990","pin":"16022280200000","address":"3254 W Division St","zip":"60651","communityArea":"Humboldt Park","reportUrl":"https://www.cookcountyassessoril.gov/pin/16022280200000"}},{"type":"Feature","geometry":{"type":"Point","coordinates":[-87.7088,41.90309]},"properties":{"name":"Class 9 Multifamily - 3250 W Division St","incentiveClass":"Class 9 Multifamily","classCode":"918","pin":"16022280210000","address":"3250 W Division St","zip":"60651","communityArea":"Humboldt Park","reportUrl":"https://www.cookcountyassessoril.gov/pin/16022280210000"}},{"type":"Feature","geometry":{"type":"Point","coordinates":[-87.7087,41.90309]},"properties":{"name":"Class 9 Multifamily - 3246 W Division St","incentiveClass":"Class 9 Multifamily","classCode":"918","pin":"16022280220000","address":"3246 W Division St","zip":"60651","communityArea":"Humboldt Park","reportUrl":"https://www.cookcountyassessoril.gov/pin/16022280220000"}},{"type":"Feature","geometry":{"type":"Point","coordinates":[-87.70861,41.90309]},"properties":{"name":"Class 9 Multifamily - 3244 W Division St","incentiveClass":"Class 9 Multifamily","classCode":"918","pin":"16022280230000","address":"3244 W Division St","zip":"60651","communityArea":"Humboldt Park","reportUrl":"https://www.cookcountyassessoril.gov/pin/16022280230000"}},{"type":"Feature","geometry":{"type":"Point","coordinates":[-87.70811,41.9031]},"properties":{"name":"Class 9 Multifamily - 3232 W Division St","incentiveClass":"Class 9 Multifamily","classCode":"918","pin":"16022280270000","address":"3232 W Division St","zip":"60651","communityArea":"Humboldt Park","reportUrl":"https://www.cookcountyassessoril.gov/pin/16022280270000"}},{"type":"Feature","geometry":{"type":"Point","coordinates":[-87.70797,41.9031]},"properties":{"name":"Class 9 Multifamily - 3228 W Division St","incentiveClass":"Class 9 Multifamily","classCode":"918","pin":"16022280280000","address":"3228 W Division St","zip":"60651","communityArea":"Humboldt Park","reportUrl":"https://www.cookcountyassessoril.gov/pin/16022280280000"}},{"type":"Feature","geometry":{"type":"Point","coordinates":[-87.70788,41.9031]},"properties":{"name":"Class 9 Multifamily - 3226 W Division St","incentiveClass":"Class 9 Multifamily","classCode":"918","pin":"16022280290000","address":"3226 W Division St","zip":"60651","communityArea":"Humboldt Park","reportUrl":"https://www.cookcountyassessoril.gov/pin/16022280290000"}},{"type":"Feature","geometry":{"type":"Point","coordinates":[-87.70779,41.9031]},"properties":{"name":"Class 9 Multifamily - 3222 W Division St","incentiveClass":"Class 9 Multifamily","classCode":"918","pin":"16022280300000","address":"3222 W Division St","zip":"60651","communityArea":"Humboldt Park","reportUrl":"https://www.cookcountyassessoril.gov/pin/16022280300000"}},{"type":"Feature","geometry":{"type":"Point","coordinates":[-87.70769,41.9031]},"properties":{"name":"Class 9 Multifamily - 3220 W Division St","incentiveClass":"Class 9 Multifamily","classCode":"990","pin":"16022280310000","address":"3220 W Division St","zip":"60651","communityArea":"Humboldt Park","reportUrl":"https://www.cookcountyassessoril.gov/pin/16022280310000"}},{"type":"Feature","geometry":{"type":"Point","coordinates":[-87.72463,41.8992]},"properties":{"name":"Class 9 Multifamily - 3916 W Augusta Ave","incentiveClass":"Class 9 Multifamily","classCode":"914","pin":"16023100190000","address":"3916 W Augusta Ave","zip":"60651","communityArea":"Humboldt Park","reportUrl":"https://www.cookcountyassessoril.gov/pin/16023100190000"}},{"type":"Feature","geometry":{"type":"Point","coordinates":[-87.72091,41.8974]},"properties":{"name":"Class 9 Multifamily - 901 N Hamlin Ave","incentiveClass":"Class 9 Multifamily","classCode":"915","pin":"16023210230000","address":"901 N Hamlin Ave","zip":"60651","communityArea":"Humboldt Park","reportUrl":"https://www.cookcountyassessoril.gov/pin/16023210230000"}},{"type":"Feature","geometry":{"type":"Point","coordinates":[-87.72684,41.909]},"properties":{"name":"Class 9 Multifamily - 1528 N Pulaski Rd","incentiveClass":"Class 9 Multifamily","classCode":"918","pin":"16032100260000","address":"1528 N Pulaski Rd","zip":"60651","communityArea":"Humboldt Park","reportUrl":"https://www.cookcountyassessoril.gov/pin/16032100260000"}},{"type":"Feature","geometry":{"type":"Point","coordinates":[-87.74037,41.89751]},"properties":{"name":"Class 6b Industrial - 4545 W Augusta Blvd","incentiveClass":"Class 6b Industrial","classCode":"663","pin":"16033160110000","address":"4545 W Augusta Blvd","zip":"60651","communityArea":"Humboldt Park","reportUrl":"https://www.cookcountyassessoril.gov/pin/16033160110000"}},{"type":"Feature","geometry":{"type":"Point","coordinates":[-87.73919,41.89792]},"properties":{"name":"Class 6b Industrial - 4501 W Augusta Ave","incentiveClass":"Class 6b Industrial","classCode":"663","pin":"16033160130000","address":"4501 W Augusta Ave","zip":"60651","communityArea":"Humboldt Park","reportUrl":"https://www.cookcountyassessoril.gov/pin/16033160130000"}},{"type":"Feature","geometry":{"type":"Point","coordinates":[-87.7402,41.89582]},"properties":{"name":"Class 6b Industrial - 4534 W Chicago Ave","incentiveClass":"Class 6b Industrial","classCode":"670","pin":"16033200080000","address":"4534 W Chicago Ave","zip":"60651","communityArea":"Humboldt Park","reportUrl":"https://www.cookcountyassessoril.gov/pin/16033200080000"}},{"type":"Feature","geometry":{"type":"Point","coordinates":[-87.73383,41.89863]},"properties":{"name":"Class 9 Multifamily - 4305 W Augusta Blvd","incentiveClass":"Class 9 Multifamily","classCode":"914","pin":"16034160220000","address":"4305 W Augusta Blvd","zip":"60651","communityArea":"Humboldt Park","reportUrl":"https://www.cookcountyassessoril.gov/pin/16034160220000"}},{"type":"Feature","geometry":{"type":"Point","coordinates":[-87.75802,41.90248]},"properties":{"name":"Class 9 Multifamily - 5260 W Division St","incentiveClass":"Class 9 Multifamily","classCode":"918","pin":"16041320160000","address":"5260 W Division St","zip":"60651","communityArea":"Austin","reportUrl":"https://www.cookcountyassessoril.gov/pin/16041320160000"}},{"type":"Feature","geometry":{"type":"Point","coordinates":[-87.77036,41.88821]},"properties":{"name":"Class 9 Multifamily - 5808 W Lake St","incentiveClass":"Class 9 Multifamily","classCode":"915","pin":"16082250160000","address":"5808 W Lake St","zip":"60644","communityArea":"Austin","reportUrl":"https://www.cookcountyassessoril.gov/pin/16082250160000"}},{"type":"Feature","geometry":{"type":"Point","coordinates":[-87.77032,41.88585]},"properties":{"name":"Class 9 Multifamily - 300 N Menard Ave","incentiveClass":"Class 9 Multifamily","classCode":"915","pin":"16084020280000","address":"300 N Menard Ave","zip":"60644","communityArea":"Austin","reportUrl":"https://www.cookcountyassessoril.gov/pin/16084020280000"}},{"type":"Feature","geometry":{"type":"Point","coordinates":[-87.77233,41.8836]},"properties":{"name":"Class 9 Multifamily - 148 N Mayfield Ave","incentiveClass":"Class 9 Multifamily","classCode":"915","pin":"16084130080000","address":"148 N Mayfield Ave","zip":"60644","communityArea":"Austin","reportUrl":"https://www.cookcountyassessoril.gov/pin/16084130080000"}},{"type":"Feature","geometry":{"type":"Point","coordinates":[-87.76868,41.88282]},"properties":{"name":"Class 9 Multifamily - 120 N Waller Ave","incentiveClass":"Class 9 Multifamily","classCode":"915","pin":"16084150280000","address":"120 N Waller Ave","zip":"60644","communityArea":"Austin","reportUrl":"https://www.cookcountyassessoril.gov/pin/16084150280000"}},{"type":"Feature","geometry":{"type":"Point","coordinates":[-87.76489,41.89443]},"properties":{"name":"Class 9 Multifamily - 751 N Central Ave","incentiveClass":"Class 9 Multifamily","classCode":"915","pin":"16091000030000","address":"751 N Central Ave","zip":"60644","communityArea":"Austin","reportUrl":"https://www.cookcountyassessoril.gov/pin/16091000030000"}},{"type":"Feature","geometry":{"type":"Point","coordinates":[-87.76488,41.89425]},"properties":{"name":"Class 9 Multifamily - 743 N Central Ave","incentiveClass":"Class 9 Multifamily","classCode":"915","pin":"16091000040000","address":"743 N Central Ave","zip":"60644","communityArea":"Austin","reportUrl":"https://www.cookcountyassessoril.gov/pin/16091000040000"}},{"type":"Feature","geometry":{"type":"Point","coordinates":[-87.76495,41.89318]},"properties":{"name":"Class 9 Multifamily - 709 N Central Ave","incentiveClass":"Class 9 Multifamily","classCode":"915","pin":"16091000120000","address":"709 N Central Ave","zip":"60644","communityArea":"Austin","reportUrl":"https://www.cookcountyassessoril.gov/pin/16091000120000"}},{"type":"Feature","geometry":{"type":"Point","coordinates":[-87.7639,41.89014]},"properties":{"name":"Class 9 Multifamily - 542 N Pine Ave","incentiveClass":"Class 9 Multifamily","classCode":"915","pin":"16091140210000","address":"542 N Pine Ave","zip":"60644","communityArea":"Austin","reportUrl":"https://www.cookcountyassessoril.gov/pin/16091140210000"}},{"type":"Feature","geometry":{"type":"Point","coordinates":[-87.76298,41.89061]},"properties":{"name":"Class 9 Multifamily - 563 N Pine Ave","incentiveClass":"Class 9 Multifamily","classCode":"915","pin":"16091150030000","address":"563 N Pine Ave","zip":"60644","communityArea":"Austin","reportUrl":"https://www.cookcountyassessoril.gov/pin/16091150030000"}},{"type":"Feature","geometry":{"type":"Point","coordinates":[-87.76297,41.89041]},"properties":{"name":"Class 9 Multifamily - 551 N Pine Ave","incentiveClass":"Class 9 Multifamily","classCode":"915","pin":"16091150040000","address":"551 N Pine Ave","zip":"60644","communityArea":"Austin","reportUrl":"https://www.cookcountyassessoril.gov/pin/16091150040000"}},{"type":"Feature","geometry":{"type":"Point","coordinates":[-87.76297,41.89026]},"properties":{"name":"Class 9 Multifamily - 545 N Pine Ave","incentiveClass":"Class 9 Multifamily","classCode":"915","pin":"16091150050000","address":"545 N Pine Ave","zip":"60644","communityArea":"Austin","reportUrl":"https://www.cookcountyassessoril.gov/pin/16091150050000"}},{"type":"Feature","geometry":{"type":"Point","coordinates":[-87.76296,41.89013]},"properties":{"name":"Class 9 Multifamily - 541 N Pine Ave","incentiveClass":"Class 9 Multifamily","classCode":"915","pin":"16091150060000","address":"541 N Pine Ave","zip":"60644","communityArea":"Austin","reportUrl":"https://www.cookcountyassessoril.gov/pin/16091150060000"}},{"type":"Feature","geometry":{"type":"Point","coordinates":[-87.76451,41.88371]},"properties":{"name":"Class 9 Multifamily - 149 N Central Ave","incentiveClass":"Class 9 Multifamily","classCode":"915","pin":"16093140040000","address":"149 N Central Ave","zip":"60644","communityArea":"Austin","reportUrl":"https://www.cookcountyassessoril.gov/pin/16093140040000"}},{"type":"Feature","geometry":{"type":"Point","coordinates":[-87.7612,41.88258]},"properties":{"name":"Class 9 Multifamily - 5416 W Washington Blvd","incentiveClass":"Class 9 Multifamily","classCode":"915","pin":"16093160200000","address":"5416 W Washington Blvd","zip":"60644","communityArea":"Austin","reportUrl":"https://www.cookcountyassessoril.gov/pin/16093160200000"}},{"type":"Feature","geometry":{"type":"Point","coordinates":[-87.76205,41.88199]},"properties":{"name":"Class 9 Multifamily - 5439 W Washington St","incentiveClass":"Class 9 Multifamily","classCode":"915","pin":"16093190170000","address":"5439 W Washington St","zip":"","communityArea":"Austin","reportUrl":"https://www.cookcountyassessoril.gov/pin/16093190170000"}},{"type":"Feature","geometry":{"type":"Point","coordinates":[-87.75842,41.8814]},"properties":{"name":"Class 9 Multifamily - 31 N Lorel Ave","incentiveClass":"Class 9 Multifamily","classCode":"915","pin":"16093220070000","address":"31 N Lorel Ave","zip":"60644","communityArea":"Austin","reportUrl":"https://www.cookcountyassessoril.gov/pin/16093220070000"}},{"type":"Feature","geometry":{"type":"Point","coordinates":[-87.75171,41.88212]},"properties":{"name":"Class 9 Multifamily - 5032 W Washington Blvd","incentiveClass":"Class 9 Multifamily","classCode":"915","pin":"16094220210000","address":"5032 W Washington Blvd","zip":"60644","communityArea":"Austin","reportUrl":"https://www.cookcountyassessoril.gov/pin/16094220210000"}},{"type":"Feature","geometry":{"type":"Point","coordinates":[-87.75069,41.88083]},"properties":{"name":"Class 9 Multifamily - 5000 W Madison St","incentiveClass":"Class 9 Multifamily","classCode":"918","pin":"16094260280000","address":"5000 W Madison St","zip":"60644","communityArea":"Austin","reportUrl":"https://www.cookcountyassessoril.gov/pin/16094260280000"}},{"type":"Feature","geometry":{"type":"Point","coordinates":[-87.74212,41.89437]},"properties":{"name":"Class 6b Industrial - 4624 W Superior St","incentiveClass":"Class 6b Industrial","classCode":"663","pin":"16101010250000","address":"4624 W Superior St","zip":"60644","communityArea":"Austin","reportUrl":"https://www.cookcountyassessoril.gov/pin/16101010250000"}},{"type":"Feature","geometry":{"type":"Point","coordinates":[-87.74203,41.89438]},"properties":{"name":"Class 6b Industrial - 4622 W Superior St","incentiveClass":"Class 6b Industrial","classCode":"663","pin":"16101010260000","address":"4622 W Superior St","zip":"60644","communityArea":"Austin","reportUrl":"https://www.cookcountyassessoril.gov/pin/16101010260000"}},{"type":"Feature","geometry":{"type":"Point","coordinates":[-87.74194,41.89438]},"properties":{"name":"Class 6b Industrial - 4620 W Superior St 2","incentiveClass":"Class 6b Industrial","classCode":"663","pin":"16101010270000","address":"4620 W Superior St 2","zip":"60644","communityArea":"Austin","reportUrl":"https://www.cookcountyassessoril.gov/pin/16101010270000"}},{"type":"Feature","geometry":{"type":"Point","coordinates":[-87.74184,41.89438]},"properties":{"name":"Class 6b Industrial - 4616 W Superior St","incentiveClass":"Class 6b Industrial","classCode":"663","pin":"16101010280000","address":"4616 W Superior St","zip":"60644","communityArea":"Austin","reportUrl":"https://www.cookcountyassessoril.gov/pin/16101010280000"}},{"type":"Feature","geometry":{"type":"Point","coordinates":[-87.72881,41.89086]},"properties":{"name":"Class 6b Industrial - 4100 W Ferdinand St","incentiveClass":"Class 6b Industrial","classCode":"663","pin":"16102020020000","address":"4100 W Ferdinand St","zip":"60624","communityArea":"Humboldt Park","reportUrl":"https://www.cookcountyassessoril.gov/pin/16102020020000"}},{"type":"Feature","geometry":{"type":"Point","coordinates":[-87.74326,41.88409]},"properties":{"name":"Class 9 Multifamily - 4701 W Maypole Ave","incentiveClass":"Class 9 Multifamily","classCode":"915","pin":"16103180140000","address":"4701 W Maypole Ave","zip":"60644","communityArea":"Austin","reportUrl":"https://www.cookcountyassessoril.gov/pin/16103180140000"}},{"type":"Feature","geometry":{"type":"Point","coordinates":[-87.73173,41.88746]},"properties":{"name":"Class 6b Industrial - 4223 W Kinzie St","incentiveClass":"Class 6b Industrial","classCode":"663","pin":"16104010100000","address":"4223 W Kinzie St","zip":"60624","communityArea":"West Garfield Park","reportUrl":"https://www.cookcountyassessoril.gov/pin/16104010100000"}},{"type":"Feature","geometry":{"type":"Point","coordinates":[-87.73159,41.88746]},"properties":{"name":"Class 6b Industrial - 4219 W Kinzie St","incentiveClass":"Class 6b Industrial","classCode":"663","pin":"16104010110000","address":"4219 W Kinzie St","zip":"60624","communityArea":"West Garfield Park","reportUrl":"https://www.cookcountyassessoril.gov/pin/16104010110000"}},{"type":"Feature","geometry":{"type":"Point","coordinates":[-87.7315,41.88747]},"properties":{"name":"Class 6b Industrial - 4217 W Kinzie St","incentiveClass":"Class 6b Industrial","classCode":"663","pin":"16104010120000","address":"4217 W Kinzie St","zip":"60624","communityArea":"West Garfield Park","reportUrl":"https://www.cookcountyassessoril.gov/pin/16104010120000"}},{"type":"Feature","geometry":{"type":"Point","coordinates":[-87.72976,41.88603]},"properties":{"name":"Class 6b Industrial - 4136 W Lake St","incentiveClass":"Class 6b Industrial","classCode":"663","pin":"16104060320000","address":"4136 W Lake St","zip":"60624","communityArea":"West Garfield Park","reportUrl":"https://www.cookcountyassessoril.gov/pin/16104060320000"}},{"type":"Feature","geometry":{"type":"Point","coordinates":[-87.72944,41.88601]},"properties":{"name":"Class 6b Industrial - 4128 W Lake St","incentiveClass":"Class 6b Industrial","classCode":"663","pin":"16104060350000","address":"4128 W Lake St","zip":"60624","communityArea":"West Garfield Park","reportUrl":"https://www.cookcountyassessoril.gov/pin/16104060350000"}},{"type":"Feature","geometry":{"type":"Point","coordinates":[-87.72935,41.88601]},"properties":{"name":"Class 6b Industrial - 4126 W Lake St","incentiveClass":"Class 6b Industrial","classCode":"663","pin":"16104060360000","address":"4126 W Lake St","zip":"60624","communityArea":"West Garfield Park","reportUrl":"https://www.cookcountyassessoril.gov/pin/16104060360000"}},{"type":"Feature","geometry":{"type":"Point","coordinates":[-87.72926,41.886]},"properties":{"name":"Class 6b Industrial - 4122 W Lake St","incentiveClass":"Class 6b Industrial","classCode":"663","pin":"16104060370000","address":"4122 W Lake St","zip":"60624","communityArea":"West Garfield Park","reportUrl":"https://www.cookcountyassessoril.gov/pin/16104060370000"}},{"type":"Feature","geometry":{"type":"Point","coordinates":[-87.72912,41.88599]},"properties":{"name":"Class 6b Industrial - 4118 W Lake St","incentiveClass":"Class 6b Industrial","classCode":"663","pin":"16104060380000","address":"4118 W Lake St","zip":"60624","communityArea":"West Garfield Park","reportUrl":"https://www.cookcountyassessoril.gov/pin/16104060380000"}},{"type":"Feature","geometry":{"type":"Point","coordinates":[-87.72958,41.88602]},"properties":{"name":"Class 6b Industrial - 4132 W Lake St","incentiveClass":"Class 6b Industrial","classCode":"663","pin":"16104060460000","address":"4132 W Lake St","zip":"60624","communityArea":"West Garfield Park","reportUrl":"https://www.cookcountyassessoril.gov/pin/16104060460000"}},{"type":"Feature","geometry":{"type":"Point","coordinates":[-87.73093,41.88237]},"properties":{"name":"Class 9 Multifamily - 4200 W Washington Blvd","incentiveClass":"Class 9 Multifamily","classCode":"915","pin":"16104190380000","address":"4200 W Washington Blvd","zip":"60624","communityArea":"West Garfield Park","reportUrl":"https://www.cookcountyassessoril.gov/pin/16104190380000"}},{"type":"Feature","geometry":{"type":"Point","coordinates":[-87.7141,41.8912]},"properties":{"name":"Class 9 Multifamily - 530 N Saint Louis Ave","incentiveClass":"Class 9 Multifamily","classCode":"915","pin":"16112170200000","address":"530 N Saint Louis Ave","zip":"60624","communityArea":"Humboldt Park","reportUrl":"https://www.cookcountyassessoril.gov/pin/16112170200000"}},{"type":"Feature","geometry":{"type":"Point","coordinates":[-87.71409,41.89113]},"properties":{"name":"Class 9 Multifamily - 528 N Saint Louis Ave","incentiveClass":"Class 9 Multifamily","classCode":"915","pin":"16112170210000","address":"528 N Saint Louis Ave","zip":"60624","communityArea":"Humboldt Park","reportUrl":"https://www.cookcountyassessoril.gov/pin/16112170210000"}},{"type":"Feature","geometry":{"type":"Point","coordinates":[-87.71409,41.89106]},"properties":{"name":"Class 9 Multifamily - 526 N Saint Louis Ave","incentiveClass":"Class 9 Multifamily","classCode":"915","pin":"16112170220000","address":"526 N Saint Louis Ave","zip":"60624","communityArea":"Humboldt Park","reportUrl":"https://www.cookcountyassessoril.gov/pin/16112170220000"}},{"type":"Feature","geometry":{"type":"Point","coordinates":[-87.71409,41.89099]},"properties":{"name":"Class 9 Multifamily - 522 N Saint Louis Ave","incentiveClass":"Class 9 Multifamily","classCode":"915","pin":"16112170230000","address":"522 N Saint Louis Ave","zip":"60624","communityArea":"Humboldt Park","reportUrl":"https://www.cookcountyassessoril.gov/pin/16112170230000"}},{"type":"Feature","geometry":{"type":"Point","coordinates":[-87.71288,41.89136]},"properties":{"name":"Class 9 Multifamily - 536 N Trumbull Ave","incentiveClass":"Class 9 Multifamily","classCode":"915","pin":"16112180180000","address":"536 N Trumbull Ave","zip":"60624","communityArea":"Humboldt Park","reportUrl":"https://www.cookcountyassessoril.gov/pin/16112180180000"}},{"type":"Feature","geometry":{"type":"Point","coordinates":[-87.71288,41.89129]},"properties":{"name":"Class 9 Multifamily - 532 N Trumbull Ave","incentiveClass":"Class 9 Multifamily","classCode":"915","pin":"16112180190000","address":"532 N Trumbull Ave","zip":"60624","communityArea":"Humboldt Park","reportUrl":"https://www.cookcountyassessoril.gov/pin/16112180190000"}},{"type":"Feature","geometry":{"type":"Point","coordinates":[-87.71288,41.89119]},"properties":{"name":"Class 9 Multifamily - 536 N Trumbull Ave","incentiveClass":"Class 9 Multifamily","classCode":"915","pin":"16112180200000","address":"536 N Trumbull Ave","zip":"60624","communityArea":"Humboldt Park","reportUrl":"https://www.cookcountyassessoril.gov/pin/16112180200000"}},{"type":"Feature","geometry":{"type":"Point","coordinates":[-87.71287,41.8911]},"properties":{"name":"Class 9 Multifamily - 526 N Trumbull Ave","incentiveClass":"Class 9 Multifamily","classCode":"915","pin":"16112180210000","address":"526 N Trumbull Ave","zip":"60624","communityArea":"Humboldt Park","reportUrl":"https://www.cookcountyassessoril.gov/pin/16112180210000"}},{"type":"Feature","geometry":{"type":"Point","coordinates":[-87.71095,41.89153]},"properties":{"name":"Class 9 Multifamily - 541 N Homan Ave","incentiveClass":"Class 9 Multifamily","classCode":"991","pin":"16112200020000","address":"541 N Homan Ave","zip":"60624","communityArea":"Humboldt Park","reportUrl":"https://www.cookcountyassessoril.gov/pin/16112200020000"}},{"type":"Feature","geometry":{"type":"Point","coordinates":[-87.71094,41.89139]},"properties":{"name":"Class 9 Multifamily - 537 N Homan Ave","incentiveClass":"Class 9 Multifamily","classCode":"991","pin":"16112200030000","address":"537 N Homan Ave","zip":"60624","communityArea":"Humboldt Park","reportUrl":"https://www.cookcountyassessoril.gov/pin/16112200030000"}},{"type":"Feature","geometry":{"type":"Point","coordinates":[-87.71055,41.89156]},"properties":{"name":"Class 9 Multifamily - 3343 W Ohio St","incentiveClass":"Class 9 Multifamily","classCode":"991","pin":"16112200040000","address":"3343 W Ohio St","zip":"60624","communityArea":"Humboldt Park","reportUrl":"https://www.cookcountyassessoril.gov/pin/16112200040000"}},{"type":"Feature","geometry":{"type":"Point","coordinates":[-87.71037,41.89156]},"properties":{"name":"Class 9 Multifamily - 3339 W Ohio St","incentiveClass":"Class 9 Multifamily","classCode":"991","pin":"16112200050000","address":"3339 W Ohio St","zip":"60624","communityArea":"Humboldt Park","reportUrl":"https://www.cookcountyassessoril.gov/pin/16112200050000"}},{"type":"Feature","geometry":{"type":"Point","coordinates":[-87.71094,41.89126]},"properties":{"name":"Class 9 Multifamily - 531 N Homan Ave","incentiveClass":"Class 9 Multifamily","classCode":"991","pin":"16112200060000","address":"531 N Homan Ave","zip":"60624","communityArea":"Humboldt Park","reportUrl":"https://www.cookcountyassessoril.gov/pin/16112200060000"}},{"type":"Feature","geometry":{"type":"Point","coordinates":[-87.72207,41.8811]},"properties":{"name":"Class 9 Multifamily - 3826 W Madison St","incentiveClass":"Class 9 Multifamily","classCode":"990","pin":"16113120270000","address":"3826 W Madison St","zip":"60624","communityArea":"West Garfield Park","reportUrl":"https://www.cookcountyassessoril.gov/pin/16113120270000"}},{"type":"Feature","geometry":{"type":"Point","coordinates":[-87.72136,41.88111]},"properties":{"name":"Class 9 Multifamily - 3812 W Madison St","incentiveClass":"Class 9 Multifamily","classCode":"991","pin":"16113120320000","address":"3812 W Madison St","zip":"60624","communityArea":"West Garfield Park","reportUrl":"https://www.cookcountyassessoril.gov/pin/16113120320000"}},{"type":"Feature","geometry":{"type":"Point","coordinates":[-87.72112,41.88128]},"properties":{"name":"Class 9 Multifamily - 12 N Hamlin Ave","incentiveClass":"Class 9 Multifamily","classCode":"991","pin":"16113120330000","address":"12 N Hamlin Ave","zip":"60624","communityArea":"West Garfield Park","reportUrl":"https://www.cookcountyassessoril.gov/pin/16113120330000"}},{"type":"Feature","geometry":{"type":"Point","coordinates":[-87.72112,41.88106]},"properties":{"name":"Class 9 Multifamily - 3800 W Madison St","incentiveClass":"Class 9 Multifamily","classCode":"991","pin":"16113120340000","address":"3800 W Madison St","zip":"60624","communityArea":"West Garfield Park","reportUrl":"https://www.cookcountyassessoril.gov/pin/16113120340000"}},{"type":"Feature","geometry":{"type":"Point","coordinates":[-87.70899,41.88672]},"properties":{"name":"Class 9 Multifamily - 3302 W Fulton St 6","incentiveClass":"Class 9 Multifamily","classCode":"915","pin":"16114050620000","address":"3302 W Fulton St 6","zip":"60624","communityArea":"East Garfield Park","reportUrl":"https://www.cookcountyassessoril.gov/pin/16114050620000"}},{"type":"Feature","geometry":{"type":"Point","coordinates":[-87.71059,41.88314]},"properties":{"name":"Class 9 Multifamily - 113 N Homan Ave","incentiveClass":"Class 9 Multifamily","classCode":"991","pin":"16114130010000","address":"113 N Homan Ave","zip":"","communityArea":"East Garfield Park","reportUrl":"https://www.cookcountyassessoril.gov/pin/16114130010000"}},{"type":"Feature","geometry":{"type":"Point","coordinates":[-87.71033,41.88336]},"properties":{"name":"Class 9 Multifamily - 3341 W Maypole Ave","incentiveClass":"Class 9 Multifamily","classCode":"991","pin":"16114130020000","address":"3341 W Maypole Ave","zip":"60624","communityArea":"East Garfield Park","reportUrl":"https://www.cookcountyassessoril.gov/pin/16114130020000"}},{"type":"Feature","geometry":{"type":"Point","coordinates":[-87.7044,41.89401]},"properties":{"name":"Class 9 Multifamily - 3102 W Huron St","incentiveClass":"Class 9 Multifamily","classCode":"913","pin":"16121010400000","address":"3102 W Huron St","zip":"60612","communityArea":"Humboldt Park","reportUrl":"https://www.cookcountyassessoril.gov/pin/16121010400000"}},{"type":"Feature","geometry":{"type":"Point","coordinates":[-87.69647,41.89537]},"properties":{"name":"Class 6b Industrial - 2757 W Chicago Ave","incentiveClass":"Class 6b Industrial","classCode":"677","pin":"16122000010000","address":"2757 W Chicago Ave","zip":"60622","communityArea":"West Town","reportUrl":"https://www.cookcountyassessoril.gov/pin/16122000010000"}},{"type":"Feature","geometry":{"type":"Point","coordinates":[-87.69542,41.8953]},"properties":{"name":"Class 6b Industrial - 2727 W Chicago Ave","incentiveClass":"Class 6b Industrial","classCode":"663","pin":"16122000210000","address":"2727 W Chicago Ave","zip":"60622","communityArea":"West Town","reportUrl":"https://www.cookcountyassessoril.gov/pin/16122000210000"}},{"type":"Feature","geometry":{"type":"Point","coordinates":[-87.7024,41.88806]},"properties":{"name":"Class 6b Industrial - 3023 W Kinzie St","incentiveClass":"Class 6b Industrial","classCode":"663","pin":"16123010190000","address":"3023 W Kinzie St","zip":"","communityArea":"East Garfield Park","reportUrl":"https://www.cookcountyassessoril.gov/pin/16123010190000"}},{"type":"Feature","geometry":{"type":"Point","coordinates":[-87.70233,41.88806]},"properties":{"name":"Class 6b Industrial - 3021 W Kinzie St","incentiveClass":"Class 6b Industrial","classCode":"663","pin":"16123010200000","address":"3021 W Kinzie St","zip":"","communityArea":"East Garfield Park","reportUrl":"https://www.cookcountyassessoril.gov/pin/16123010200000"}},{"type":"Feature","geometry":{"type":"Point","coordinates":[-87.70226,41.88807]},"properties":{"name":"Class 6b Industrial - 3019 W Kinzie St","incentiveClass":"Class 6b Industrial","classCode":"663","pin":"16123010210000","address":"3019 W Kinzie St","zip":"","communityArea":"East Garfield Park","reportUrl":"https://www.cookcountyassessoril.gov/pin/16123010210000"}},{"type":"Feature","geometry":{"type":"Point","coordinates":[-87.70187,41.88791]},"properties":{"name":"Class 6b Industrial - 3000 W Carroll Ave","incentiveClass":"Class 6b Industrial","classCode":"663","pin":"16123010250000","address":"3000 W Carroll Ave","zip":"60612","communityArea":"East Garfield Park","reportUrl":"https://www.cookcountyassessoril.gov/pin/16123010250000"}},{"type":"Feature","geometry":{"type":"Point","coordinates":[-87.69847,41.88756]},"properties":{"name":"Class 6b Industrial - 335 N Francisco Ave","incentiveClass":"Class 6b Industrial","classCode":"663","pin":"16123070230000","address":"335 N Francisco Ave","zip":"60612","communityArea":"East Garfield Park","reportUrl":"https://www.cookcountyassessoril.gov/pin/16123070230000"}},{"type":"Feature","geometry":{"type":"Point","coordinates":[-87.6985,41.88728]},"properties":{"name":"Class 6b Industrial - 317 N Francisco Ave","incentiveClass":"Class 6b Industrial","classCode":"663","pin":"16123070240000","address":"317 N Francisco Ave","zip":"60612","communityArea":"East Garfield Park","reportUrl":"https://www.cookcountyassessoril.gov/pin/16123070240000"}},{"type":"Feature","geometry":{"type":"Point","coordinates":[-87.70486,41.88127]},"properties":{"name":"Class 9 Multifamily - 3128 W Madison St","incentiveClass":"Class 9 Multifamily","classCode":"990","pin":"16123280240000","address":"3128 W Madison St","zip":"60612","communityArea":"East Garfield Park","reportUrl":"https://www.cookcountyassessoril.gov/pin/16123280240000"}},{"type":"Feature","geometry":{"type":"Point","coordinates":[-87.70432,41.88127]},"properties":{"name":"Class 9 Multifamily - 3112 W Madison St","incentiveClass":"Class 9 Multifamily","classCode":"915","pin":"16123280270000","address":"3112 W Madison St","zip":"60612","communityArea":"East Garfield Park","reportUrl":"https://www.cookcountyassessoril.gov/pin/16123280270000"}},{"type":"Feature","geometry":{"type":"Point","coordinates":[-87.7033,41.88129]},"properties":{"name":"Class 9 Multifamily - 3054 W Madison St","incentiveClass":"Class 9 Multifamily","classCode":"915","pin":"16123290500000","address":"3054 W Madison St","zip":"60612","communityArea":"East Garfield Park","reportUrl":"https://www.cookcountyassessoril.gov/pin/16123290500000"}},{"type":"Feature","geometry":{"type":"Point","coordinates":[-87.68708,41.88143]},"properties":{"name":"Class 9 Multifamily - 2408 W Madison St","incentiveClass":"Class 9 Multifamily","classCode":"990","pin":"16124280270000","address":"2408 W Madison St","zip":"60612","communityArea":"Near West Side","reportUrl":"https://www.cookcountyassessoril.gov/pin/16124280270000"}},{"type":"Feature","geometry":{"type":"Point","coordinates":[-87.68674,41.88143]},"properties":{"name":"Class 9 Multifamily - 2402 W Madison St","incentiveClass":"Class 9 Multifamily","classCode":"918","pin":"16124280280000","address":"2402 W Madison St","zip":"60612","communityArea":"Near West Side","reportUrl":"https://www.cookcountyassessoril.gov/pin/16124280280000"}},{"type":"Feature","geometry":{"type":"Point","coordinates":[-87.70487,41.8806]},"properties":{"name":"Class 9 Multifamily - 3147 W Madison St","incentiveClass":"Class 9 Multifamily","classCode":"915","pin":"16131000630000","address":"3147 W Madison St","zip":"60612","communityArea":"East Garfield Park","reportUrl":"https://www.cookcountyassessoril.gov/pin/16131000630000"}},{"type":"Feature","geometry":{"type":"Point","coordinates":[-87.70431,41.88061]},"properties":{"name":"Class 9 Multifamily - 3145 W Madison St","incentiveClass":"Class 9 Multifamily","classCode":"915","pin":"16131000640000","address":"3145 W Madison St","zip":"60612","communityArea":"East Garfield Park","reportUrl":"https://www.cookcountyassessoril.gov/pin/16131000640000"}},{"type":"Feature","geometry":{"type":"Point","coordinates":[-87.70371,41.88063]},"properties":{"name":"Class 9 Multifamily - 3123 W Madison St","incentiveClass":"Class 9 Multifamily","classCode":"915","pin":"16131000650000","address":"3123 W Madison St","zip":"60612","communityArea":"East Garfield Park","reportUrl":"https://www.cookcountyassessoril.gov/pin/16131000650000"}},{"type":"Feature","geometry":{"type":"Point","coordinates":[-87.70323,41.88076]},"properties":{"name":"Class 9 Multifamily - 3109 W Madison St","incentiveClass":"Class 9 Multifamily","classCode":"990","pin":"16131000660000","address":"3109 W Madison St","zip":"60612","communityArea":"East Garfield Park","reportUrl":"https://www.cookcountyassessoril.gov/pin/16131000660000"}},{"type":"Feature","geometry":{"type":"Point","coordinates":[-87.70494,41.88005]},"properties":{"name":"Class 9 Multifamily - 3150 W Monroe St","incentiveClass":"Class 9 Multifamily","classCode":"990","pin":"16131000670000","address":"3150 W Monroe St","zip":"60612","communityArea":"East Garfield Park","reportUrl":"https://www.cookcountyassessoril.gov/pin/16131000670000"}},{"type":"Feature","geometry":{"type":"Point","coordinates":[-87.70472,41.88005]},"properties":{"name":"Class 9 Multifamily - 3148 W Monroe St","incentiveClass":"Class 9 Multifamily","classCode":"990","pin":"16131000680000","address":"3148 W Monroe St","zip":"60612","communityArea":"East Garfield Park","reportUrl":"https://www.cookcountyassessoril.gov/pin/16131000680000"}},{"type":"Feature","geometry":{"type":"Point","coordinates":[-87.70433,41.88006]},"properties":{"name":"Class 9 Multifamily - 3140 W Monroe St","incentiveClass":"Class 9 Multifamily","classCode":"990","pin":"16131000690000","address":"3140 W Monroe St","zip":"60612","communityArea":"East Garfield Park","reportUrl":"https://www.cookcountyassessoril.gov/pin/16131000690000"}},{"type":"Feature","geometry":{"type":"Point","coordinates":[-87.69084,41.87677]},"properties":{"name":"Class 9 Multifamily - 2635 W Van Buren St","incentiveClass":"Class 9 Multifamily","classCode":"915","pin":"16132180010000","address":"2635 W Van Buren St","zip":"","communityArea":"Near West Side","reportUrl":"https://www.cookcountyassessoril.gov/pin/16132180010000"}},{"type":"Feature","geometry":{"type":"Point","coordinates":[-87.69033,41.87677]},"properties":{"name":"Class 9 Multifamily - 2635 W Van Buren St","incentiveClass":"Class 9 Multifamily","classCode":"915","pin":"16132180030000","address":"2635 W Van Buren St","zip":"","communityArea":"Near West Side","reportUrl":"https://www.cookcountyassessoril.gov/pin/16132180030000"}},{"type":"Feature","geometry":{"type":"Point","coordinates":[-87.70046,41.86728]},"properties":{"name":"Class 9 Multifamily - 1131 S Sacramento Blvd","incentiveClass":"Class 9 Multifamily","classCode":"915","pin":"16133280120000","address":"1131 S Sacramento Blvd","zip":"60612","communityArea":"North Lawndale","reportUrl":"https://www.cookcountyassessoril.gov/pin/16133280120000"}},{"type":"Feature","geometry":{"type":"Point","coordinates":[-87.69735,41.8668]},"properties":{"name":"Class 9 Multifamily - 2834 W Roosevelt Rd","incentiveClass":"Class 9 Multifamily","classCode":"918","pin":"16133300280000","address":"2834 W Roosevelt Rd","zip":"60612","communityArea":"North Lawndale","reportUrl":"https://www.cookcountyassessoril.gov/pin/16133300280000"}},{"type":"Feature","geometry":{"type":"Point","coordinates":[-87.69442,41.86859]},"properties":{"name":"Class 6b Industrial - 1017 S Fairfield Ave","incentiveClass":"Class 6b Industrial","classCode":"663","pin":"16134220020000","address":"1017 S Fairfield Ave","zip":"","communityArea":"North Lawndale","reportUrl":"https://www.cookcountyassessoril.gov/pin/16134220020000"}},{"type":"Feature","geometry":{"type":"Point","coordinates":[-87.69442,41.86838]},"properties":{"name":"Class 6b Industrial - 1029 S Fairfield Ave","incentiveClass":"Class 6b Industrial","classCode":"663","pin":"16134220030000","address":"1029 S Fairfield Ave","zip":"","communityArea":"North Lawndale","reportUrl":"https://www.cookcountyassessoril.gov/pin/16134220030000"}},{"type":"Feature","geometry":{"type":"Point","coordinates":[-87.6944,41.86736]},"properties":{"name":"Class 6b Industrial - 2700 W Roosevelt Rd","incentiveClass":"Class 6b Industrial","classCode":"663","pin":"16134220050000","address":"2700 W Roosevelt Rd","zip":"60608","communityArea":"North Lawndale","reportUrl":"https://www.cookcountyassessoril.gov/pin/16134220050000"}},{"type":"Feature","geometry":{"type":"Point","coordinates":[-87.6944,41.86686]},"properties":{"name":"Class 6b Industrial - 2716 W Roosevelt Rd","incentiveClass":"Class 6b Industrial","classCode":"663","pin":"16134220110000","address":"2716 W Roosevelt Rd","zip":"60608","communityArea":"North Lawndale","reportUrl":"https://www.cookcountyassessoril.gov/pin/16134220110000"}},{"type":"Feature","geometry":{"type":"Point","coordinates":[-87.69385,41.86685]},"properties":{"name":"Class 6b Industrial - 2700 W Roosevelt Rd","incentiveClass":"Class 6b Industrial","classCode":"663","pin":"16134220120000","address":"2700 W Roosevelt Rd","zip":"60608","communityArea":"North Lawndale","reportUrl":"https://www.cookcountyassessoril.gov/pin/16134220120000"}},{"type":"Feature","geometry":{"type":"Point","coordinates":[-87.69442,41.86824]},"properties":{"name":"Class 6b Industrial - 1101 S Fairfield Ave","incentiveClass":"Class 6b Industrial","classCode":"663","pin":"16134220130000","address":"1101 S Fairfield Ave","zip":"","communityArea":"North Lawndale","reportUrl":"https://www.cookcountyassessoril.gov/pin/16134220130000"}},{"type":"Feature","geometry":{"type":"Point","coordinates":[-87.69441,41.8679]},"properties":{"name":"Class 6b Industrial - 1117 S Fairfield Ave","incentiveClass":"Class 6b Industrial","classCode":"663","pin":"16134220140000","address":"1117 S Fairfield Ave","zip":"","communityArea":"North Lawndale","reportUrl":"https://www.cookcountyassessoril.gov/pin/16134220140000"}},{"type":"Feature","geometry":{"type":"Point","coordinates":[-87.72338,41.87916]},"properties":{"name":"Class 9 Multifamily - 3900 W Wilcox St","incentiveClass":"Class 9 Multifamily","classCode":"915","pin":"16141020320000","address":"3900 W Wilcox St","zip":"60624","communityArea":"West Garfield Park","reportUrl":"https://www.cookcountyassessoril.gov/pin/16141020320000"}},{"type":"Feature","geometry":{"type":"Point","coordinates":[-87.72102,41.87485]},"properties":{"name":"Class 9 Multifamily - 410 S Hamlin Blvd","incentiveClass":"Class 9 Multifamily","classCode":"915","pin":"16141130260000","address":"410 S Hamlin Blvd","zip":"60624","communityArea":"West Garfield Park","reportUrl":"https://www.cookcountyassessoril.gov/pin/16141130260000"}},{"type":"Feature","geometry":{"type":"Point","coordinates":[-87.71525,41.87982]},"properties":{"name":"Class 9 Multifamily - 3542 W Monroe St","incentiveClass":"Class 9 Multifamily","classCode":"915","pin":"16142000270000","address":"3542 W Monroe St","zip":"60624","communityArea":"East Garfield Park","reportUrl":"https://www.cookcountyassessoril.gov/pin/16142000270000"}},{"type":"Feature","geometry":{"type":"Point","coordinates":[-87.71547,41.87754]},"properties":{"name":"Class 9 Multifamily - 217 S Central Park Blvd","incentiveClass":"Class 9 Multifamily","classCode":"915","pin":"16142080040000","address":"217 S Central Park Blvd","zip":"60624","communityArea":"East Garfield Park","reportUrl":"https://www.cookcountyassessoril.gov/pin/16142080040000"}},{"type":"Feature","geometry":{"type":"Point","coordinates":[-87.71547,41.87693]},"properties":{"name":"Class 9 Multifamily - 3555 W Jackson Blvd","incentiveClass":"Class 9 Multifamily","classCode":"915","pin":"16142140010000","address":"3555 W Jackson Blvd","zip":"60624","communityArea":"East Garfield Park","reportUrl":"https://www.cookcountyassessoril.gov/pin/16142140010000"}},{"type":"Feature","geometry":{"type":"Point","coordinates":[-87.71456,41.87639]},"properties":{"name":"Class 9 Multifamily - 3536 W Fifth Ave","incentiveClass":"Class 9 Multifamily","classCode":"915","pin":"16142140240000","address":"3536 W Fifth Ave","zip":"60624","communityArea":"East Garfield Park","reportUrl":"https://www.cookcountyassessoril.gov/pin/16142140240000"}},{"type":"Feature","geometry":{"type":"Point","coordinates":[-87.71386,41.87649]},"properties":{"name":"Class 9 Multifamily - 3512 W Fifth Ave","incentiveClass":"Class 9 Multifamily","classCode":"915","pin":"16142140280000","address":"3512 W Fifth Ave","zip":"60624","communityArea":"East Garfield Park","reportUrl":"https://www.cookcountyassessoril.gov/pin/16142140280000"}},{"type":"Feature","geometry":{"type":"Point","coordinates":[-87.71368,41.87652]},"properties":{"name":"Class 9 Multifamily - 3514 W Fifth Ave","incentiveClass":"Class 9 Multifamily","classCode":"915","pin":"16142140290000","address":"3514 W Fifth Ave","zip":"60624","communityArea":"East Garfield Park","reportUrl":"https://www.cookcountyassessoril.gov/pin/16142140290000"}},{"type":"Feature","geometry":{"type":"Point","coordinates":[-87.71413,41.87645]},"properties":{"name":"Class 9 Multifamily - 3522 W Fifth Ave","incentiveClass":"Class 9 Multifamily","classCode":"915","pin":"16142140300000","address":"3522 W Fifth Ave","zip":"60624","communityArea":"East Garfield Park","reportUrl":"https://www.cookcountyassessoril.gov/pin/16142140300000"}},{"type":"Feature","geometry":{"type":"Point","coordinates":[-87.71324,41.87567]},"properties":{"name":"Class 9 Multifamily - 3502 W Van Buren St","incentiveClass":"Class 9 Multifamily","classCode":"915","pin":"16142160350000","address":"3502 W Van Buren St","zip":"60624","communityArea":"East Garfield Park","reportUrl":"https://www.cookcountyassessoril.gov/pin/16142160350000"}},{"type":"Feature","geometry":{"type":"Point","coordinates":[-87.71831,41.87109]},"properties":{"name":"Class 9 Multifamily - 3700 W Polk St","incentiveClass":"Class 9 Multifamily","classCode":"915","pin":"16143110260000","address":"3700 W Polk St","zip":"60624","communityArea":"East Garfield Park","reportUrl":"https://www.cookcountyassessoril.gov/pin/16143110260000"}},{"type":"Feature","geometry":{"type":"Point","coordinates":[-87.71935,41.87005]},"properties":{"name":"Class 9 Multifamily - 823 S Independence Blvd","incentiveClass":"Class 9 Multifamily","classCode":"915","pin":"16143150060000","address":"823 S Independence Blvd","zip":"60624","communityArea":"East Garfield Park","reportUrl":"https://www.cookcountyassessoril.gov/pin/16143150060000"}},{"type":"Feature","geometry":{"type":"Point","coordinates":[-87.71914,41.87005]},"properties":{"name":"Class 9 Multifamily - 823 S Independence Blvd","incentiveClass":"Class 9 Multifamily","classCode":"915","pin":"16143150110000","address":"823 S Independence Blvd","zip":"60624","communityArea":"East Garfield Park","reportUrl":"https://www.cookcountyassessoril.gov/pin/16143150110000"}},{"type":"Feature","geometry":{"type":"Point","coordinates":[-87.71565,41.86693]},"properties":{"name":"Class 9 Multifamily - 3601 W Grenshaw St","incentiveClass":"Class 9 Multifamily","classCode":"915","pin":"16143280390000","address":"3601 W Grenshaw St","zip":"60624","communityArea":"North Lawndale","reportUrl":"https://www.cookcountyassessoril.gov/pin/16143280390000"}},{"type":"Feature","geometry":{"type":"Point","coordinates":[-87.74253,41.88024]},"properties":{"name":"Class 9 Multifamily - 4657 W Madison St","incentiveClass":"Class 9 Multifamily","classCode":"918","pin":"16151010360000","address":"4657 W Madison St","zip":"60644","communityArea":"Austin","reportUrl":"https://www.cookcountyassessoril.gov/pin/16151010360000"}},{"type":"Feature","geometry":{"type":"Point","coordinates":[-87.73511,41.87632]},"properties":{"name":"Class 9 Multifamily - 4356 W Gladys Ave","incentiveClass":"Class 9 Multifamily","classCode":"915","pin":"16152160220000","address":"4356 W Gladys Ave","zip":"60624","communityArea":"West Garfield Park","reportUrl":"https://www.cookcountyassessoril.gov/pin/16152160220000"}},{"type":"Feature","geometry":{"type":"Point","coordinates":[-87.72694,41.8759]},"properties":{"name":"Class 9 Multifamily - 4037 W Gladys Ave","incentiveClass":"Class 9 Multifamily","classCode":"915","pin":"16152230090000","address":"4037 W Gladys Ave","zip":"60624","communityArea":"West Garfield Park","reportUrl":"https://www.cookcountyassessoril.gov/pin/16152230090000"}},{"type":"Feature","geometry":{"type":"Point","coordinates":[-87.7268,41.8759]},"properties":{"name":"Class 9 Multifamily - 4031 W Gladys Ave","incentiveClass":"Class 9 Multifamily","classCode":"915","pin":"16152230100000","address":"4031 W Gladys Ave","zip":"60624","communityArea":"West Garfield Park","reportUrl":"https://www.cookcountyassessoril.gov/pin/16152230100000"}},{"type":"Feature","geometry":{"type":"Point","coordinates":[-87.74132,41.87]},"properties":{"name":"Class 6b Industrial - 4647 W Polk St","incentiveClass":"Class 6b Industrial","classCode":"663","pin":"16153110260000","address":"4647 W Polk St","zip":"60644","communityArea":"Austin","reportUrl":"https://www.cookcountyassessoril.gov/pin/16153110260000"}},{"type":"Feature","geometry":{"type":"Point","coordinates":[-87.7359,41.86813]},"properties":{"name":"Class 6b Industrial - 1034 S Kostner Ave","incentiveClass":"Class 6b Industrial","classCode":"663B","pin":"16153250030000","address":"1034 S Kostner Ave","zip":"60624","communityArea":"North Lawndale","reportUrl":"https://www.cookcountyassessoril.gov/pin/16153250030000"}},{"type":"Feature","geometry":{"type":"Point","coordinates":[-87.73691,41.86812]},"properties":{"name":"Class 6b Industrial - 4446 W Fillmore St","incentiveClass":"Class 6b Industrial","classCode":"670B","pin":"16153250050000","address":"4446 W Fillmore St","zip":"","communityArea":"North Lawndale","reportUrl":"https://www.cookcountyassessoril.gov/pin/16153250050000"}},{"type":"Feature","geometry":{"type":"Point","coordinates":[-87.76446,41.87808]},"properties":{"name":"Class 9 Multifamily - 145 S Central Ave","incentiveClass":"Class 9 Multifamily","classCode":"915","pin":"16161060010000","address":"145 S Central Ave","zip":"60644","communityArea":"Austin","reportUrl":"https://www.cookcountyassessoril.gov/pin/16161060010000"}},{"type":"Feature","geometry":{"type":"Point","coordinates":[-87.74902,41.87828]},"properties":{"name":"Class 9 Multifamily - 4941 W Adams St","incentiveClass":"Class 9 Multifamily","classCode":"915","pin":"16162080010000","address":"4941 W Adams St","zip":"60644","communityArea":"Austin","reportUrl":"https://www.cookcountyassessoril.gov/pin/16162080010000"}},{"type":"Feature","geometry":{"type":"Point","coordinates":[-87.74829,41.87829]},"properties":{"name":"Class 9 Multifamily - 4923 W Adams St","incentiveClass":"Class 9 Multifamily","classCode":"915","pin":"16162080040000","address":"4923 W Adams St","zip":"60644","communityArea":"Austin","reportUrl":"https://www.cookcountyassessoril.gov/pin/16162080040000"}},{"type":"Feature","geometry":{"type":"Point","coordinates":[-87.74901,41.8779]},"properties":{"name":"Class 9 Multifamily - 4940 W Quincy St","incentiveClass":"Class 9 Multifamily","classCode":"915","pin":"16162080370000","address":"4940 W Quincy St","zip":"60644","communityArea":"Austin","reportUrl":"https://www.cookcountyassessoril.gov/pin/16162080370000"}},{"type":"Feature","geometry":{"type":"Point","coordinates":[-87.7486,41.87791]},"properties":{"name":"Class 9 Multifamily - 4938 W Quincy St","incentiveClass":"Class 9 Multifamily","classCode":"915","pin":"16162080380000","address":"4938 W Quincy St","zip":"60644","communityArea":"Austin","reportUrl":"https://www.cookcountyassessoril.gov/pin/16162080380000"}},{"type":"Feature","geometry":{"type":"Point","coordinates":[-87.74819,41.87791]},"properties":{"name":"Class 9 Multifamily - 4918 W Quincy St","incentiveClass":"Class 9 Multifamily","classCode":"915","pin":"16162080390000","address":"4918 W Quincy St","zip":"60644","communityArea":"Austin","reportUrl":"https://www.cookcountyassessoril.gov/pin/16162080390000"}},{"type":"Feature","geometry":{"type":"Point","coordinates":[-87.74899,41.87738]},"properties":{"name":"Class 9 Multifamily - 4943 W Quincy St","incentiveClass":"Class 9 Multifamily","classCode":"915","pin":"16162110010000","address":"4943 W Quincy St","zip":"60644","communityArea":"Austin","reportUrl":"https://www.cookcountyassessoril.gov/pin/16162110010000"}},{"type":"Feature","geometry":{"type":"Point","coordinates":[-87.7653,41.87957]},"properties":{"name":"Class 9 Multifamily - 16 S Central Ave","incentiveClass":"Class 9 Multifamily","classCode":"915","pin":"16172050310000","address":"16 S Central Ave","zip":"60644","communityArea":"Austin","reportUrl":"https://www.cookcountyassessoril.gov/pin/16172050310000"}},{"type":"Feature","geometry":{"type":"Point","coordinates":[-87.72833,41.86081]},"properties":{"name":"Class 9 Multifamily - 4118 W 15th St","incentiveClass":"Class 9 Multifamily","classCode":"915","pin":"16222200220000","address":"4118 W 15th St","zip":"60623","communityArea":"North Lawndale","reportUrl":"https://www.cookcountyassessoril.gov/pin/16222200220000"}},{"type":"Feature","geometry":{"type":"Point","coordinates":[-87.72825,41.85567]},"properties":{"name":"Class 9 Multifamily - 1840 S Karlov Ave","incentiveClass":"Class 9 Multifamily","classCode":"915","pin":"16224110140000","address":"1840 S Karlov Ave","zip":"60623","communityArea":"North Lawndale","reportUrl":"https://www.cookcountyassessoril.gov/pin/16224110140000"}},{"type":"Feature","geometry":{"type":"Point","coordinates":[-87.72101,41.86103]},"properties":{"name":"Class 9 Multifamily - 1453 S Avers Ave","incentiveClass":"Class 9 Multifamily","classCode":"915","pin":"16231170180000","address":"1453 S Avers Ave","zip":"60623","communityArea":"North Lawndale","reportUrl":"https://www.cookcountyassessoril.gov/pin/16231170180000"}},{"type":"Feature","geometry":{"type":"Point","coordinates":[-87.71561,41.86094]},"properties":{"name":"Class 9 Multifamily - 3604 S Central Park Ave","incentiveClass":"Class 9 Multifamily","classCode":"918","pin":"16231210320000","address":"3604 S Central Park Ave","zip":"","communityArea":"North Lawndale","reportUrl":"https://www.cookcountyassessoril.gov/pin/16231210320000"}},{"type":"Feature","geometry":{"type":"Point","coordinates":[-87.71733,41.86038]},"properties":{"name":"Class 9 Multifamily - 1511 S Lawndale Ave","incentiveClass":"Class 9 Multifamily","classCode":"915","pin":"16231280040000","address":"1511 S Lawndale Ave","zip":"60623","communityArea":"North Lawndale","reportUrl":"https://www.cookcountyassessoril.gov/pin/16231280040000"}},{"type":"Feature","geometry":{"type":"Point","coordinates":[-87.71511,41.86438]},"properties":{"name":"Class 9 Multifamily - 1259 S Central Park Ave","incentiveClass":"Class 9 Multifamily","classCode":"915","pin":"16232020200000","address":"1259 S Central Park Ave","zip":"60623","communityArea":"North Lawndale","reportUrl":"https://www.cookcountyassessoril.gov/pin/16232020200000"}},{"type":"Feature","geometry":{"type":"Point","coordinates":[-87.70699,41.8633]},"properties":{"name":"Class 9 Multifamily - 3234 W Douglas Blvd","incentiveClass":"Class 9 Multifamily","classCode":"915","pin":"16232120340000","address":"3234 W Douglas Blvd","zip":"60623","communityArea":"North Lawndale","reportUrl":"https://www.cookcountyassessoril.gov/pin/16232120340000"}},{"type":"Feature","geometry":{"type":"Point","coordinates":[-87.70612,41.86331]},"properties":{"name":"Class 9 Multifamily - 3214 W Douglas Blvd","incentiveClass":"Class 9 Multifamily","classCode":"915","pin":"16232130270000","address":"3214 W Douglas Blvd","zip":"60623","communityArea":"North Lawndale","reportUrl":"https://www.cookcountyassessoril.gov/pin/16232130270000"}},{"type":"Feature","geometry":{"type":"Point","coordinates":[-87.70713,41.86216]},"properties":{"name":"Class 9 Multifamily - 3241 W Douglas Blvd","incentiveClass":"Class 9 Multifamily","classCode":"915","pin":"16232200060000","address":"3241 W Douglas Blvd","zip":"60623","communityArea":"North Lawndale","reportUrl":"https://www.cookcountyassessoril.gov/pin/16232200060000"}},{"type":"Feature","geometry":{"type":"Point","coordinates":[-87.70647,41.86216]},"properties":{"name":"Class 9 Multifamily - 3219 W Douglas Blvd","incentiveClass":"Class 9 Multifamily","classCode":"915","pin":"16232210410000","address":"3219 W Douglas Blvd","zip":"60623","communityArea":"North Lawndale","reportUrl":"https://www.cookcountyassessoril.gov/pin/16232210410000"}},{"type":"Feature","geometry":{"type":"Point","coordinates":[-87.72396,41.85516]},"properties":{"name":"Class 9 Multifamily - 3944 W 19th St","incentiveClass":"Class 9 Multifamily","classCode":"915","pin":"16233080430000","address":"3944 W 19th St","zip":"60623","communityArea":"North Lawndale","reportUrl":"https://www.cookcountyassessoril.gov/pin/16233080430000"}},{"type":"Feature","geometry":{"type":"Point","coordinates":[-87.70518,41.86102]},"properties":{"name":"Class 9 Multifamily - 1501 S Kedzie Ave","incentiveClass":"Class 9 Multifamily","classCode":"915","pin":"16241050010000","address":"1501 S Kedzie Ave","zip":"60623","communityArea":"North Lawndale","reportUrl":"https://www.cookcountyassessoril.gov/pin/16241050010000"}},{"type":"Feature","geometry":{"type":"Point","coordinates":[-87.69372,41.86591]},"properties":{"name":"Class 9 Multifamily - 1218 S Washtenaw Ave","incentiveClass":"Class 9 Multifamily","classCode":"997","pin":"16242010140000","address":"1218 S Washtenaw Ave","zip":"60608","communityArea":"North Lawndale","reportUrl":"https://www.cookcountyassessoril.gov/pin/16242010140000"}},{"type":"Feature","geometry":{"type":"Point","coordinates":[-87.69372,41.86584]},"properties":{"name":"Class 9 Multifamily - 1218 S Washtenaw Ave","incentiveClass":"Class 9 Multifamily","classCode":"997","pin":"16242010150000","address":"1218 S Washtenaw Ave","zip":"60608","communityArea":"North Lawndale","reportUrl":"https://www.cookcountyassessoril.gov/pin/16242010150000"}},{"type":"Feature","geometry":{"type":"Point","coordinates":[-87.69288,41.86587]},"properties":{"name":"Class 9 Multifamily - 2642 W 12th Pl","incentiveClass":"Class 9 Multifamily","classCode":"997","pin":"16242020110000","address":"2642 W 12th Pl","zip":"60608","communityArea":"North Lawndale","reportUrl":"https://www.cookcountyassessoril.gov/pin/16242020110000"}},{"type":"Feature","geometry":{"type":"Point","coordinates":[-87.69278,41.86587]},"properties":{"name":"Class 9 Multifamily - 2642 W 12th Pl","incentiveClass":"Class 9 Multifamily","classCode":"997","pin":"16242020120000","address":"2642 W 12th Pl","zip":"60608","communityArea":"North Lawndale","reportUrl":"https://www.cookcountyassessoril.gov/pin/16242020120000"}},{"type":"Feature","geometry":{"type":"Point","coordinates":[-87.69269,41.86587]},"properties":{"name":"Class 9 Multifamily - 2642 W 12th Pl","incentiveClass":"Class 9 Multifamily","classCode":"997","pin":"16242020130000","address":"2642 W 12th Pl","zip":"60608","communityArea":"North Lawndale","reportUrl":"https://www.cookcountyassessoril.gov/pin/16242020130000"}},{"type":"Feature","geometry":{"type":"Point","coordinates":[-87.6926,41.86587]},"properties":{"name":"Class 9 Multifamily - 2642 W 12th Pl","incentiveClass":"Class 9 Multifamily","classCode":"997","pin":"16242020140000","address":"2642 W 12th Pl","zip":"60608","communityArea":"North Lawndale","reportUrl":"https://www.cookcountyassessoril.gov/pin/16242020140000"}},{"type":"Feature","geometry":{"type":"Point","coordinates":[-87.69422,41.86432]},"properties":{"name":"Class 9 Multifamily - 1315 S Fairfield Ave","incentiveClass":"Class 9 Multifamily","classCode":"997","pin":"16242070180000","address":"1315 S Fairfield Ave","zip":"60608","communityArea":"North Lawndale","reportUrl":"https://www.cookcountyassessoril.gov/pin/16242070180000"}},{"type":"Feature","geometry":{"type":"Point","coordinates":[-87.69413,41.86427]},"properties":{"name":"Class 9 Multifamily - 1317 S Fairfield Ave","incentiveClass":"Class 9 Multifamily","classCode":"997","pin":"16242070190000","address":"1317 S Fairfield Ave","zip":"60608","communityArea":"North Lawndale","reportUrl":"https://www.cookcountyassessoril.gov/pin/16242070190000"}},{"type":"Feature","geometry":{"type":"Point","coordinates":[-87.69443,41.86428]},"properties":{"name":"Class 9 Multifamily - 1315 S Fairfield Ave","incentiveClass":"Class 9 Multifamily","classCode":"997","pin":"16242070200000","address":"1315 S Fairfield Ave","zip":"60608","communityArea":"North Lawndale","reportUrl":"https://www.cookcountyassessoril.gov/pin/16242070200000"}},{"type":"Feature","geometry":{"type":"Point","coordinates":[-87.69423,41.86422]},"properties":{"name":"Class 9 Multifamily - 1321 S Fairfield Ave","incentiveClass":"Class 9 Multifamily","classCode":"997","pin":"16242070210000","address":"1321 S Fairfield Ave","zip":"60608","communityArea":"North Lawndale","reportUrl":"https://www.cookcountyassessoril.gov/pin/16242070210000"}},{"type":"Feature","geometry":{"type":"Point","coordinates":[-87.69421,41.86414]},"properties":{"name":"Class 9 Multifamily - 1319 S Fairfield Ave","incentiveClass":"Class 9 Multifamily","classCode":"997","pin":"16242070220000","address":"1319 S Fairfield Ave","zip":"60608","communityArea":"North Lawndale","reportUrl":"https://www.cookcountyassessoril.gov/pin/16242070220000"}},{"type":"Feature","geometry":{"type":"Point","coordinates":[-87.69374,41.86555]},"properties":{"name":"Class 9 Multifamily - 2707 W 12th Pl","incentiveClass":"Class 9 Multifamily","classCode":"997","pin":"16242070410000","address":"2707 W 12th Pl","zip":"60608","communityArea":"North Lawndale","reportUrl":"https://www.cookcountyassessoril.gov/pin/16242070410000"}},{"type":"Feature","geometry":{"type":"Point","coordinates":[-87.69373,41.86548]},"properties":{"name":"Class 9 Multifamily - 1232 S Washtenaw Ave","incentiveClass":"Class 9 Multifamily","classCode":"997","pin":"16242070420000","address":"1232 S Washtenaw Ave","zip":"60608","communityArea":"North Lawndale","reportUrl":"https://www.cookcountyassessoril.gov/pin/16242070420000"}},{"type":"Feature","geometry":{"type":"Point","coordinates":[-87.69373,41.86542]},"properties":{"name":"Class 9 Multifamily - 1236 S Washtenaw Ave","incentiveClass":"Class 9 Multifamily","classCode":"997","pin":"16242070430000","address":"1236 S Washtenaw Ave","zip":"60608","communityArea":"North Lawndale","reportUrl":"https://www.cookcountyassessoril.gov/pin/16242070430000"}},{"type":"Feature","geometry":{"type":"Point","coordinates":[-87.69373,41.86535]},"properties":{"name":"Class 9 Multifamily - 1238 S Washtenaw Ave","incentiveClass":"Class 9 Multifamily","classCode":"997","pin":"16242070440000","address":"1238 S Washtenaw Ave","zip":"60608","communityArea":"North Lawndale","reportUrl":"https://www.cookcountyassessoril.gov/pin/16242070440000"}},{"type":"Feature","geometry":{"type":"Point","coordinates":[-87.69373,41.86528]},"properties":{"name":"Class 9 Multifamily - 1240 S Washtenaw Ave","incentiveClass":"Class 9 Multifamily","classCode":"997","pin":"16242070450000","address":"1240 S Washtenaw Ave","zip":"60608","communityArea":"North Lawndale","reportUrl":"https://www.cookcountyassessoril.gov/pin/16242070450000"}},{"type":"Feature","geometry":{"type":"Point","coordinates":[-87.69373,41.86522]},"properties":{"name":"Class 9 Multifamily - 1242 S Washtenaw Ave","incentiveClass":"Class 9 Multifamily","classCode":"997","pin":"16242070460000","address":"1242 S Washtenaw Ave","zip":"60608","communityArea":"North Lawndale","reportUrl":"https://www.cookcountyassessoril.gov/pin/16242070460000"}},{"type":"Feature","geometry":{"type":"Point","coordinates":[-87.69371,41.86468]},"properties":{"name":"Class 9 Multifamily - 1264 S Washtenaw Ave","incentiveClass":"Class 9 Multifamily","classCode":"997","pin":"16242070520000","address":"1264 S Washtenaw Ave","zip":"60608","communityArea":"North Lawndale","reportUrl":"https://www.cookcountyassessoril.gov/pin/16242070520000"}},{"type":"Feature","geometry":{"type":"Point","coordinates":[-87.69371,41.86457]},"properties":{"name":"Class 9 Multifamily - 1302 S Washtenaw Ave","incentiveClass":"Class 9 Multifamily","classCode":"997","pin":"16242070530000","address":"1302 S Washtenaw Ave","zip":"60608","communityArea":"North Lawndale","reportUrl":"https://www.cookcountyassessoril.gov/pin/16242070530000"}},{"type":"Feature","geometry":{"type":"Point","coordinates":[-87.6937,41.86446]},"properties":{"name":"Class 9 Multifamily - 1304 S Washtenaw Ave","incentiveClass":"Class 9 Multifamily","classCode":"997","pin":"16242070540000","address":"1304 S Washtenaw Ave","zip":"60608","communityArea":"North Lawndale","reportUrl":"https://www.cookcountyassessoril.gov/pin/16242070540000"}},{"type":"Feature","geometry":{"type":"Point","coordinates":[-87.69022,41.86212]},"properties":{"name":"Class C Contamination Remediation - 2600 W 16th St","incentiveClass":"Class C Contamination Remediation","classCode":"638A","pin":"16242190010000","address":"2600 W 16th St","zip":"60608","communityArea":"North Lawndale","reportUrl":"https://www.cookcountyassessoril.gov/pin/16242190010000"}},{"type":"Feature","geometry":{"type":"Point","coordinates":[-87.68938,41.86211]},"properties":{"name":"Class C Contamination Remediation - 2530 W 15th St","incentiveClass":"Class C Contamination Remediation","classCode":"638A","pin":"16242190020000","address":"2530 W 15th St","zip":"60608","communityArea":"North Lawndale","reportUrl":"https://www.cookcountyassessoril.gov/pin/16242190020000"}},{"type":"Feature","geometry":{"type":"Point","coordinates":[-87.68917,41.86315]},"properties":{"name":"Class C Contamination Remediation - 2543 W Ogden Ave","incentiveClass":"Class C Contamination Remediation","classCode":"654A","pin":"16242190120000","address":"2543 W Ogden Ave","zip":"","communityArea":"North Lawndale","reportUrl":"https://www.cookcountyassessoril.gov/pin/16242190120000"}},{"type":"Feature","geometry":{"type":"Point","coordinates":[-87.69182,41.86084]},"properties":{"name":"Class C Contamination Remediation - 2625 W 15th St","incentiveClass":"Class C Contamination Remediation","classCode":"654A","pin":"16242220110000","address":"2625 W 15th St","zip":"60608","communityArea":"North Lawndale","reportUrl":"https://www.cookcountyassessoril.gov/pin/16242220110000"}},{"type":"Feature","geometry":{"type":"Point","coordinates":[-87.69169,41.86084]},"properties":{"name":"Class C Contamination Remediation - 2621 W 15th St","incentiveClass":"Class C Contamination Remediation","classCode":"654A","pin":"16242220120000","address":"2621 W 15th St","zip":"60608","communityArea":"North Lawndale","reportUrl":"https://www.cookcountyassessoril.gov/pin/16242220120000"}},{"type":"Feature","geometry":{"type":"Point","coordinates":[-87.6916,41.86084]},"properties":{"name":"Class C Contamination Remediation - 2617 W 15th St","incentiveClass":"Class C Contamination Remediation","classCode":"654A","pin":"16242220130000","address":"2617 W 15th St","zip":"60608","communityArea":"North Lawndale","reportUrl":"https://www.cookcountyassessoril.gov/pin/16242220130000"}},{"type":"Feature","geometry":{"type":"Point","coordinates":[-87.69151,41.86084]},"properties":{"name":"Class C Contamination Remediation - 2615 W 15th St","incentiveClass":"Class C Contamination Remediation","classCode":"654A","pin":"16242220140000","address":"2615 W 15th St","zip":"60608","communityArea":"North Lawndale","reportUrl":"https://www.cookcountyassessoril.gov/pin/16242220140000"}},{"type":"Feature","geometry":{"type":"Point","coordinates":[-87.69141,41.86046]},"properties":{"name":"Class C Contamination Remediation - 2612 W 15th Pl","incentiveClass":"Class C Contamination Remediation","classCode":"654A","pin":"16242220310000","address":"2612 W 15th Pl","zip":"60608","communityArea":"North Lawndale","reportUrl":"https://www.cookcountyassessoril.gov/pin/16242220310000"}},{"type":"Feature","geometry":{"type":"Point","coordinates":[-87.69114,41.86046]},"properties":{"name":"Class C Contamination Remediation - 2600 W 15th Pl","incentiveClass":"Class C Contamination Remediation","classCode":"654A","pin":"16242220370000","address":"2600 W 15th Pl","zip":"60608","communityArea":"North Lawndale","reportUrl":"https://www.cookcountyassessoril.gov/pin/16242220370000"}},{"type":"Feature","geometry":{"type":"Point","coordinates":[-87.69115,41.86085]},"properties":{"name":"Class C Contamination Remediation - 2601 W 15th St","incentiveClass":"Class C Contamination Remediation","classCode":"654A","pin":"16242220380000","address":"2601 W 15th St","zip":"60608","communityArea":"North Lawndale","reportUrl":"https://www.cookcountyassessoril.gov/pin/16242220380000"}},{"type":"Feature","geometry":{"type":"Point","coordinates":[-87.69005,41.8603]},"properties":{"name":"Class C Contamination Remediation - 2558 W 16th St","incentiveClass":"Class C Contamination Remediation","classCode":"638A","pin":"16242230010000","address":"2558 W 16th St","zip":"60608","communityArea":"North Lawndale","reportUrl":"https://www.cookcountyassessoril.gov/pin/16242230010000"}},{"type":"Feature","geometry":{"type":"Point","coordinates":[-87.68909,41.8609]},"properties":{"name":"Class C Contamination Remediation - 2519 W 15th St","incentiveClass":"Class C Contamination Remediation","classCode":"638A","pin":"16242230020000","address":"2519 W 15th St","zip":"60608","communityArea":"North Lawndale","reportUrl":"https://www.cookcountyassessoril.gov/pin/16242230020000"}},{"type":"Feature","geometry":{"type":"Point","coordinates":[-87.68899,41.86001]},"properties":{"name":"Class C Contamination Remediation - 2508 W 16th St","incentiveClass":"Class C Contamination Remediation","classCode":"638A","pin":"16242230040000","address":"2508 W 16th St","zip":"60608","communityArea":"North Lawndale","reportUrl":"https://www.cookcountyassessoril.gov/pin/16242230040000"}},{"type":"Feature","geometry":{"type":"Point","coordinates":[-87.689,41.86077]},"properties":{"name":"Class C Contamination Remediation - 2515 W 15th St","incentiveClass":"Class C Contamination Remediation","classCode":"654A","pin":"16242230060000","address":"2515 W 15th St","zip":"60608","communityArea":"North Lawndale","reportUrl":"https://www.cookcountyassessoril.gov/pin/16242230060000"}},{"type":"Feature","geometry":{"type":"Point","coordinates":[-87.69276,41.86532]},"properties":{"name":"Class 9 Multifamily - 1235 S Washtenaw Ave","incentiveClass":"Class 9 Multifamily","classCode":"997","pin":"16242280010000","address":"1235 S Washtenaw Ave","zip":"60608","communityArea":"North Lawndale","reportUrl":"https://www.cookcountyassessoril.gov/pin/16242280010000"}},{"type":"Feature","geometry":{"type":"Point","coordinates":[-87.69292,41.85914]},"properties":{"name":"Class C Contamination Remediation - 1601 S Washtenaw Ave","incentiveClass":"Class C Contamination Remediation","classCode":"654A","pin":"16244020010000","address":"1601 S Washtenaw Ave","zip":"","communityArea":"North Lawndale","reportUrl":"https://www.cookcountyassessoril.gov/pin/16244020010000"}},{"type":"Feature","geometry":{"type":"Point","coordinates":[-87.69292,41.85907]},"properties":{"name":"Class C Contamination Remediation - 1603 S Washtenaw Ave","incentiveClass":"Class C Contamination Remediation","classCode":"654A","pin":"16244020020000","address":"1603 S Washtenaw Ave","zip":"","communityArea":"North Lawndale","reportUrl":"https://www.cookcountyassessoril.gov/pin/16244020020000"}},{"type":"Feature","geometry":{"type":"Point","coordinates":[-87.69292,41.85901]},"properties":{"name":"Class C Contamination Remediation - 1607 S Washtenaw Ave","incentiveClass":"Class C Contamination Remediation","classCode":"654A","pin":"16244020030000","address":"1607 S Washtenaw Ave","zip":"","communityArea":"North Lawndale","reportUrl":"https://www.cookcountyassessoril.gov/pin/16244020030000"}},{"type":"Feature","geometry":{"type":"Point","coordinates":[-87.69292,41.85894]},"properties":{"name":"Class C Contamination Remediation - 1609 S Washtenaw Ave","incentiveClass":"Class C Contamination Remediation","classCode":"654A","pin":"16244020040000","address":"1609 S Washtenaw Ave","zip":"","communityArea":"North Lawndale","reportUrl":"https://www.cookcountyassessoril.gov/pin/16244020040000"}},{"type":"Feature","geometry":{"type":"Point","coordinates":[-87.69291,41.85886]},"properties":{"name":"Class C Contamination Remediation - 1611 S Washtenaw Ave","incentiveClass":"Class C Contamination Remediation","classCode":"654A","pin":"16244020050000","address":"1611 S Washtenaw Ave","zip":"","communityArea":"North Lawndale","reportUrl":"https://www.cookcountyassessoril.gov/pin/16244020050000"}},{"type":"Feature","geometry":{"type":"Point","coordinates":[-87.69291,41.85877]},"properties":{"name":"Class C Contamination Remediation - 1617 S Washtenaw Ave","incentiveClass":"Class C Contamination Remediation","classCode":"654A","pin":"16244020060000","address":"1617 S Washtenaw Ave","zip":"","communityArea":"North Lawndale","reportUrl":"https://www.cookcountyassessoril.gov/pin/16244020060000"}},{"type":"Feature","geometry":{"type":"Point","coordinates":[-87.69291,41.85869]},"properties":{"name":"Class C Contamination Remediation - 1621 S Washtenaw Ave","incentiveClass":"Class C Contamination Remediation","classCode":"654A","pin":"16244020070000","address":"1621 S Washtenaw Ave","zip":"","communityArea":"North Lawndale","reportUrl":"https://www.cookcountyassessoril.gov/pin/16244020070000"}},{"type":"Feature","geometry":{"type":"Point","coordinates":[-87.69291,41.85862]},"properties":{"name":"Class C Contamination Remediation - 1623 S Washtenaw Ave","incentiveClass":"Class C Contamination Remediation","classCode":"654A","pin":"16244020080000","address":"1623 S Washtenaw Ave","zip":"","communityArea":"North Lawndale","reportUrl":"https://www.cookcountyassessoril.gov/pin/16244020080000"}},{"type":"Feature","geometry":{"type":"Point","coordinates":[-87.6929,41.85855]},"properties":{"name":"Class C Contamination Remediation - 1625 S Washtenaw Ave","incentiveClass":"Class C Contamination Remediation","classCode":"654A","pin":"16244020090000","address":"1625 S Washtenaw Ave","zip":"","communityArea":"North Lawndale","reportUrl":"https://www.cookcountyassessoril.gov/pin/16244020090000"}},{"type":"Feature","geometry":{"type":"Point","coordinates":[-87.6929,41.85844]},"properties":{"name":"Class C Contamination Remediation - 1627 S Washtenaw Ave","incentiveClass":"Class C Contamination Remediation","classCode":"654A","pin":"16244020100000","address":"1627 S Washtenaw Ave","zip":"","communityArea":"North Lawndale","reportUrl":"https://www.cookcountyassessoril.gov/pin/16244020100000"}},{"type":"Feature","geometry":{"type":"Point","coordinates":[-87.69113,41.85902]},"properties":{"name":"Class C Contamination Remediation - 1610 S Rockwell St","incentiveClass":"Class C Contamination Remediation","classCode":"637A","pin":"16244020250000","address":"1610 S Rockwell St","zip":"","communityArea":"North Lawndale","reportUrl":"https://www.cookcountyassessoril.gov/pin/16244020250000"}},{"type":"Feature","geometry":{"type":"Point","coordinates":[-87.69212,41.85901]},"properties":{"name":"Class C Contamination Remediation - 2641 W 16th St","incentiveClass":"Class C Contamination Remediation","classCode":"654A","pin":"16244020470000","address":"2641 W 16th St","zip":"60608","communityArea":"North Lawndale","reportUrl":"https://www.cookcountyassessoril.gov/pin/16244020470000"}},{"type":"Feature","geometry":{"type":"Point","coordinates":[-87.69174,41.8586]},"properties":{"name":"Class C Contamination Remediation - 2620 W 17th St","incentiveClass":"Class C Contamination Remediation","classCode":"654A","pin":"16244020480000","address":"2620 W 17th St","zip":"","communityArea":"North Lawndale","reportUrl":"https://www.cookcountyassessoril.gov/pin/16244020480000"}},{"type":"Feature","geometry":{"type":"Point","coordinates":[-87.6919,41.85791]},"properties":{"name":"Class C Contamination Remediation - 2607 W 17th St","incentiveClass":"Class C Contamination Remediation","classCode":"638A","pin":"16244030550000","address":"2607 W 17th St","zip":"60608","communityArea":"North Lawndale","reportUrl":"https://www.cookcountyassessoril.gov/pin/16244030550000"}},{"type":"Feature","geometry":{"type":"Point","coordinates":[-87.68963,41.85836]},"properties":{"name":"Class C Contamination Remediation - 2540 W 18th St","incentiveClass":"Class C Contamination Remediation","classCode":"638A","pin":"16244040030000","address":"2540 W 18th St","zip":"","communityArea":"North Lawndale","reportUrl":"https://www.cookcountyassessoril.gov/pin/16244040030000"}},{"type":"Feature","geometry":{"type":"Point","coordinates":[-87.69133,41.85673]},"properties":{"name":"Class C Contamination Remediation - 2606 W 18th Pl","incentiveClass":"Class C Contamination Remediation","classCode":"638A","pin":"16244090380000","address":"2606 W 18th Pl","zip":"","communityArea":"North Lawndale","reportUrl":"https://www.cookcountyassessoril.gov/pin/16244090380000"}},{"type":"Feature","geometry":{"type":"Point","coordinates":[-87.6925,41.85671]},"properties":{"name":"Class C Contamination Remediation - 2658 W 18th St","incentiveClass":"Class C Contamination Remediation","classCode":"638A","pin":"16244090390000","address":"2658 W 18th St","zip":"","communityArea":"North Lawndale","reportUrl":"https://www.cookcountyassessoril.gov/pin/16244090390000"}},{"type":"Feature","geometry":{"type":"Point","coordinates":[-87.69188,41.85722]},"properties":{"name":"Class C Contamination Remediation - 2601 W 18th St","incentiveClass":"Class C Contamination Remediation","classCode":"638A","pin":"16244090400000","address":"2601 W 18th St","zip":"","communityArea":"North Lawndale","reportUrl":"https://www.cookcountyassessoril.gov/pin/16244090400000"}},{"type":"Feature","geometry":{"type":"Point","coordinates":[-87.69225,41.85628]},"properties":{"name":"Class C Contamination Remediation - 2655 W 18th St","incentiveClass":"Class C Contamination Remediation","classCode":"638A","pin":"16244100010000","address":"2655 W 18th St","zip":"","communityArea":"North Lawndale","reportUrl":"https://www.cookcountyassessoril.gov/pin/16244100010000"}},{"type":"Feature","geometry":{"type":"Point","coordinates":[-87.68865,41.85715]},"properties":{"name":"Class C Contamination Remediation - 2511 W 18th St","incentiveClass":"Class C Contamination Remediation","classCode":"654A","pin":"16244110060000","address":"2511 W 18th St","zip":"","communityArea":"North Lawndale","reportUrl":"https://www.cookcountyassessoril.gov/pin/16244110060000"}},{"type":"Feature","geometry":{"type":"Point","coordinates":[-87.68996,41.85712]},"properties":{"name":"Class C Contamination Remediation - 2533 W 18th St","incentiveClass":"Class C Contamination Remediation","classCode":"654A","pin":"16244110070000","address":"2533 W 18th St","zip":"60623","communityArea":"North Lawndale","reportUrl":"https://www.cookcountyassessoril.gov/pin/16244110070000"}},{"type":"Feature","geometry":{"type":"Point","coordinates":[-87.69045,41.8568]},"properties":{"name":"Class C Contamination Remediation - 2533 W 18th St","incentiveClass":"Class C Contamination Remediation","classCode":"654A","pin":"16244110080000","address":"2533 W 18th St","zip":"60623","communityArea":"North Lawndale","reportUrl":"https://www.cookcountyassessoril.gov/pin/16244110080000"}},{"type":"Feature","geometry":{"type":"Point","coordinates":[-87.68748,41.85338]},"properties":{"name":"Class 6b Industrial - 2441 W 21st Pl","incentiveClass":"Class 6b Industrial","classCode":"663","pin":"16244260010000","address":"2441 W 21st Pl","zip":"60608","communityArea":"Lower West Side","reportUrl":"https://www.cookcountyassessoril.gov/pin/16244260010000"}},{"type":"Feature","geometry":{"type":"Point","coordinates":[-87.68692,41.85358]},"properties":{"name":"Class 6b Industrial - 2421 W 21st St","incentiveClass":"Class 6b Industrial","classCode":"663","pin":"16244260020000","address":"2421 W 21st St","zip":"60608","communityArea":"Lower West Side","reportUrl":"https://www.cookcountyassessoril.gov/pin/16244260020000"}},{"type":"Feature","geometry":{"type":"Point","coordinates":[-87.68656,41.85358]},"properties":{"name":"Class 6b Industrial - 2419 W 21st St","incentiveClass":"Class 6b Industrial","classCode":"663","pin":"16244260030000","address":"2419 W 21st St","zip":"60608","communityArea":"Lower West Side","reportUrl":"https://www.cookcountyassessoril.gov/pin/16244260030000"}},{"type":"Feature","geometry":{"type":"Point","coordinates":[-87.68647,41.85358]},"properties":{"name":"Class 6b Industrial - 2417 W 21st St","incentiveClass":"Class 6b Industrial","classCode":"663","pin":"16244260040000","address":"2417 W 21st St","zip":"60608","communityArea":"Lower West Side","reportUrl":"https://www.cookcountyassessoril.gov/pin/16244260040000"}},{"type":"Feature","geometry":{"type":"Point","coordinates":[-87.68639,41.85358]},"properties":{"name":"Class 6b Industrial - 2415 W 21st St","incentiveClass":"Class 6b Industrial","classCode":"663","pin":"16244260050000","address":"2415 W 21st St","zip":"60608","communityArea":"Lower West Side","reportUrl":"https://www.cookcountyassessoril.gov/pin/16244260050000"}},{"type":"Feature","geometry":{"type":"Point","coordinates":[-87.68708,41.8532]},"properties":{"name":"Class 6b Industrial - 2432 W 21st Pl","incentiveClass":"Class 6b Industrial","classCode":"670","pin":"16244260060000","address":"2432 W 21st Pl","zip":"60608","communityArea":"Lower West Side","reportUrl":"https://www.cookcountyassessoril.gov/pin/16244260060000"}},{"type":"Feature","geometry":{"type":"Point","coordinates":[-87.68699,41.8532]},"properties":{"name":"Class 6b Industrial - 2430 W 21st Pl","incentiveClass":"Class 6b Industrial","classCode":"670","pin":"16244260070000","address":"2430 W 21st Pl","zip":"60608","communityArea":"Lower West Side","reportUrl":"https://www.cookcountyassessoril.gov/pin/16244260070000"}},{"type":"Feature","geometry":{"type":"Point","coordinates":[-87.68691,41.85321]},"properties":{"name":"Class 6b Industrial - 2428 W 21st Pl","incentiveClass":"Class 6b Industrial","classCode":"670","pin":"16244260080000","address":"2428 W 21st Pl","zip":"60608","communityArea":"Lower West Side","reportUrl":"https://www.cookcountyassessoril.gov/pin/16244260080000"}},{"type":"Feature","geometry":{"type":"Point","coordinates":[-87.68682,41.85321]},"properties":{"name":"Class 6b Industrial - 2426 W 21st Pl","incentiveClass":"Class 6b Industrial","classCode":"670","pin":"16244260090000","address":"2426 W 21st Pl","zip":"60608","communityArea":"Lower West Side","reportUrl":"https://www.cookcountyassessoril.gov/pin/16244260090000"}},{"type":"Feature","geometry":{"type":"Point","coordinates":[-87.68664,41.85321]},"properties":{"name":"Class 6b Industrial - 2422 W 21st Pl","incentiveClass":"Class 6b Industrial","classCode":"663","pin":"16244260100000","address":"2422 W 21st Pl","zip":"60608","communityArea":"Lower West Side","reportUrl":"https://www.cookcountyassessoril.gov/pin/16244260100000"}},{"type":"Feature","geometry":{"type":"Point","coordinates":[-87.68647,41.85321]},"properties":{"name":"Class 6b Industrial - 2416 W 21st Pl","incentiveClass":"Class 6b Industrial","classCode":"670","pin":"16244260110000","address":"2416 W 21st Pl","zip":"60608","communityArea":"Lower West Side","reportUrl":"https://www.cookcountyassessoril.gov/pin/16244260110000"}},{"type":"Feature","geometry":{"type":"Point","coordinates":[-87.68638,41.85321]},"properties":{"name":"Class 6b Industrial - 2414 W 21st Pl","incentiveClass":"Class 6b Industrial","classCode":"670","pin":"16244260120000","address":"2414 W 21st Pl","zip":"60608","communityArea":"Lower West Side","reportUrl":"https://www.cookcountyassessoril.gov/pin/16244260120000"}},{"type":"Feature","geometry":{"type":"Point","coordinates":[-87.68715,41.8532]},"properties":{"name":"Class 6b Industrial - 2434 W 21st Pl","incentiveClass":"Class 6b Industrial","classCode":"670","pin":"16244260240000","address":"2434 W 21st Pl","zip":"60608","communityArea":"Lower West Side","reportUrl":"https://www.cookcountyassessoril.gov/pin/16244260240000"}},{"type":"Feature","geometry":{"type":"Point","coordinates":[-87.68847,41.85811]},"properties":{"name":"Class C Contamination Remediation - 2504 W 18th St","incentiveClass":"Class C Contamination Remediation","classCode":"638A","pin":"16245040170000","address":"2504 W 18th St","zip":"","communityArea":"North Lawndale","reportUrl":"https://www.cookcountyassessoril.gov/pin/16245040170000"}},{"type":"Feature","geometry":{"type":"Point","coordinates":[-87.68894,41.84862]},"properties":{"name":"Class C Contamination Remediation - 2500 W 24th St","incentiveClass":"Class C Contamination Remediation","classCode":"638","pin":"16252080090000","address":"2500 W 24th St","zip":"60608","communityArea":"South Lawndale","reportUrl":"https://www.cookcountyassessoril.gov/pin/16252080090000"}},{"type":"Feature","geometry":{"type":"Point","coordinates":[-87.68828,41.84851]},"properties":{"name":"Class C Contamination Remediation - 2500 W 24th St","incentiveClass":"Class C Contamination Remediation","classCode":"654","pin":"16252080100000","address":"2500 W 24th St","zip":"60608","communityArea":"South Lawndale","reportUrl":"https://www.cookcountyassessoril.gov/pin/16252080100000"}},{"type":"Feature","geometry":{"type":"Point","coordinates":[-87.68962,41.84759]},"properties":{"name":"Class 6b Industrial - 2425 S Rockwell St","incentiveClass":"Class 6b Industrial","classCode":"663","pin":"16252140010000","address":"2425 S Rockwell St","zip":"60608","communityArea":"South Lawndale","reportUrl":"https://www.cookcountyassessoril.gov/pin/16252140010000"}},{"type":"Feature","geometry":{"type":"Point","coordinates":[-87.68905,41.84773]},"properties":{"name":"Class 6b Industrial - 2425 S Rockwell St","incentiveClass":"Class 6b Industrial","classCode":"663","pin":"16252140020000","address":"2425 S Rockwell St","zip":"60608","communityArea":"South Lawndale","reportUrl":"https://www.cookcountyassessoril.gov/pin/16252140020000"}},{"type":"Feature","geometry":{"type":"Point","coordinates":[-87.68869,41.84724]},"properties":{"name":"Class 6b Industrial - 2510 W 25th St","incentiveClass":"Class 6b Industrial","classCode":"663","pin":"16252140030000","address":"2510 W 25th St","zip":"60608","communityArea":"South Lawndale","reportUrl":"https://www.cookcountyassessoril.gov/pin/16252140030000"}},{"type":"Feature","geometry":{"type":"Point","coordinates":[-87.72992,41.84846]},"properties":{"name":"Class 6b Industrial - 4207 W Ogden Ave","incentiveClass":"Class 6b Industrial","classCode":"663","pin":"16272090030000","address":"4207 W Ogden Ave","zip":"60623","communityArea":"North Lawndale","reportUrl":"https://www.cookcountyassessoril.gov/pin/16272090030000"}},{"type":"Feature","geometry":{"type":"Point","coordinates":[-87.72754,41.84721]},"properties":{"name":"Class 9 Multifamily - 4126 W 24th Pl","incentiveClass":"Class 9 Multifamily","classCode":"915","pin":"16272170140000","address":"4126 W 24th Pl","zip":"60623","communityArea":"South Lawndale","reportUrl":"https://www.cookcountyassessoril.gov/pin/16272170140000"}},{"type":"Feature","geometry":{"type":"Point","coordinates":[-87.73671,41.83156]},"properties":{"name":"Class 6b Industrial - 4331 W 31st St","incentiveClass":"Class 6b Industrial","classCode":"663","pin":"16341030120000","address":"4331 W 31st St","zip":"60623","communityArea":"South Lawndale","reportUrl":"https://www.cookcountyassessoril.gov/pin/16341030120000"}},{"type":"Feature","geometry":{"type":"Point","coordinates":[-87.73318,41.83583]},"properties":{"name":"Class 6b Industrial - 3130 S Kolin Ave","incentiveClass":"Class 6b Industrial","classCode":"663","pin":"16342000090000","address":"3130 S Kolin Ave","zip":"60623","communityArea":"South Lawndale","reportUrl":"https://www.cookcountyassessoril.gov/pin/16342000090000"}},{"type":"Feature","geometry":{"type":"Point","coordinates":[-87.73246,41.8357]},"properties":{"name":"Class 6b Industrial - 3125 S Kolin Ave","incentiveClass":"Class 6b Industrial","classCode":"663","pin":"16342000150000","address":"3125 S Kolin Ave","zip":"60623","communityArea":"South Lawndale","reportUrl":"https://www.cookcountyassessoril.gov/pin/16342000150000"}},{"type":"Feature","geometry":{"type":"Point","coordinates":[-87.73318,41.83569]},"properties":{"name":"Class 6b Industrial - 3136 S Kolin Ave","incentiveClass":"Class 6b Industrial","classCode":"663","pin":"16342000320000","address":"3136 S Kolin Ave","zip":"60623","communityArea":"South Lawndale","reportUrl":"https://www.cookcountyassessoril.gov/pin/16342000320000"}},{"type":"Feature","geometry":{"type":"Point","coordinates":[-87.72668,41.83187]},"properties":{"name":"Class 6b Industrial - 3348 S Pulaski Rd","incentiveClass":"Class 6b Industrial","classCode":"663","pin":"16342100020000","address":"3348 S Pulaski Rd","zip":"60623","communityArea":"South Lawndale","reportUrl":"https://www.cookcountyassessoril.gov/pin/16342100020000"}},{"type":"Feature","geometry":{"type":"Point","coordinates":[-87.72562,41.83257]},"properties":{"name":"Class 6b Industrial - 3340 S Pulaski Rd","incentiveClass":"Class 6b Industrial","classCode":"670","pin":"16342100070000","address":"3340 S Pulaski Rd","zip":"60623","communityArea":"South Lawndale","reportUrl":"https://www.cookcountyassessoril.gov/pin/16342100070000"}},{"type":"Feature","geometry":{"type":"Point","coordinates":[-87.73098,41.82759]},"properties":{"name":"Class 6b Industrial - 4250 W 36th St","incentiveClass":"Class 6b Industrial","classCode":"663","pin":"16344000230000","address":"4250 W 36th St","zip":"60632","communityArea":"South Lawndale","reportUrl":"https://www.cookcountyassessoril.gov/pin/16344000230000"}},{"type":"Feature","geometry":{"type":"Point","coordinates":[-87.72783,41.83258]},"properties":{"name":"Class 6b Industrial - PIN 16345010170000","incentiveClass":"Class 6b Industrial","classCode":"670","pin":"16345010170000","address":"","zip":"","communityArea":"South Lawndale","reportUrl":"https://www.cookcountyassessoril.gov/pin/16345010170000"}},{"type":"Feature","geometry":{"type":"Point","coordinates":[-87.7215,41.83111]},"properties":{"name":"Class 6b Industrial - 3501 S Pulaski Ave 0","incentiveClass":"Class 6b Industrial","classCode":"663","pin":"16351180020000","address":"3501 S Pulaski Ave 0","zip":"60623","communityArea":"South Lawndale","reportUrl":"https://www.cookcountyassessoril.gov/pin/16351180020000"}},{"type":"Feature","geometry":{"type":"Point","coordinates":[-87.71401,41.83636]},"properties":{"name":"Class 6b Industrial - 3535 W 31st St","incentiveClass":"Class 6b Industrial","classCode":"663B","pin":"16352000010000","address":"3535 W 31st St","zip":"60623","communityArea":"South Lawndale","reportUrl":"https://www.cookcountyassessoril.gov/pin/16352000010000"}},{"type":"Feature","geometry":{"type":"Point","coordinates":[-87.71336,41.83654]},"properties":{"name":"Class 6b Industrial - 3535 W 31st St","incentiveClass":"Class 6b Industrial","classCode":"663B","pin":"16352000020000","address":"3535 W 31st St","zip":"60623","communityArea":"South Lawndale","reportUrl":"https://www.cookcountyassessoril.gov/pin/16352000020000"}},{"type":"Feature","geometry":{"type":"Point","coordinates":[-87.7127,41.83664]},"properties":{"name":"Class 6b Industrial - 3535 W 31st St","incentiveClass":"Class 6b Industrial","classCode":"670B","pin":"16352000070000","address":"3535 W 31st St","zip":"60623","communityArea":"South Lawndale","reportUrl":"https://www.cookcountyassessoril.gov/pin/16352000070000"}},{"type":"Feature","geometry":{"type":"Point","coordinates":[-87.72189,41.82855]},"properties":{"name":"Class 6b Industrial - 3501 S Pulaski Rd 0","incentiveClass":"Class 6b Industrial","classCode":"663","pin":"16353000390000","address":"3501 S Pulaski Rd 0","zip":"60623","communityArea":"South Lawndale","reportUrl":"https://www.cookcountyassessoril.gov/pin/16353000390000"}},{"type":"Feature","geometry":{"type":"Point","coordinates":[-87.70516,41.82572]},"properties":{"name":"Class 6b Industrial - 3700 S Kedzie Ave","incentiveClass":"Class 6b Industrial","classCode":"663","pin":"16354060030000","address":"3700 S Kedzie Ave","zip":"60632","communityArea":"Brighton Park","reportUrl":"https://www.cookcountyassessoril.gov/pin/16354060030000"}},{"type":"Feature","geometry":{"type":"Point","coordinates":[-87.69473,41.83706]},"properties":{"name":"Class 6b Industrial - 2759 W 31st St","incentiveClass":"Class 6b Industrial","classCode":"663","pin":"16362000010000","address":"2759 W 31st St","zip":"","communityArea":"South Lawndale","reportUrl":"https://www.cookcountyassessoril.gov/pin/16362000010000"}},{"type":"Feature","geometry":{"type":"Point","coordinates":[-87.69448,41.83706]},"properties":{"name":"Class 6b Industrial - 2749 W 31st St","incentiveClass":"Class 6b Industrial","classCode":"663","pin":"16362000020000","address":"2749 W 31st St","zip":"60608","communityArea":"South Lawndale","reportUrl":"https://www.cookcountyassessoril.gov/pin/16362000020000"}},{"type":"Feature","geometry":{"type":"Point","coordinates":[-87.69345,41.8371]},"properties":{"name":"Class 6b Industrial - 2705 W 31st St","incentiveClass":"Class 6b Industrial","classCode":"663","pin":"16362000030000","address":"2705 W 31st St","zip":"60608","communityArea":"South Lawndale","reportUrl":"https://www.cookcountyassessoril.gov/pin/16362000030000"}},{"type":"Feature","geometry":{"type":"Point","coordinates":[-87.69072,41.82412]},"properties":{"name":"Class C Contamination Remediation - 2620 W Pershing Rd","incentiveClass":"Class C Contamination Remediation","classCode":"638","pin":"16364240160000","address":"2620 W Pershing Rd","zip":"60632","communityArea":"Brighton Park","reportUrl":"https://www.cookcountyassessoril.gov/pin/16364240160000"}},{"type":"Feature","geometry":{"type":"Point","coordinates":[-87.69091,41.82329]},"properties":{"name":"Class C Contamination Remediation - 2630 W Pershing Rd","incentiveClass":"Class C Contamination Remediation","classCode":"638","pin":"16364240170000","address":"2630 W Pershing Rd","zip":"60632","communityArea":"Brighton Park","reportUrl":"https://www.cookcountyassessoril.gov/pin/16364240170000"}},{"type":"Feature","geometry":{"type":"Point","coordinates":[-87.64321,41.91077]},"properties":{"name":"Class 9 Multifamily - 557 W North Ave","incentiveClass":"Class 9 Multifamily","classCode":"918","pin":"17041080010000","address":"557 W North Ave","zip":"60610","communityArea":"Near North Side","reportUrl":"https://www.cookcountyassessoril.gov/pin/17041080010000"}},{"type":"Feature","geometry":{"type":"Point","coordinates":[-87.64307,41.91077]},"properties":{"name":"Class 9 Multifamily - 553 W North Ave","incentiveClass":"Class 9 Multifamily","classCode":"918","pin":"17041080020000","address":"553 W North Ave","zip":"60610","communityArea":"Near North Side","reportUrl":"https://www.cookcountyassessoril.gov/pin/17041080020000"}},{"type":"Feature","geometry":{"type":"Point","coordinates":[-87.64298,41.91077]},"properties":{"name":"Class 9 Multifamily - 551 W North Ave","incentiveClass":"Class 9 Multifamily","classCode":"918","pin":"17041080030000","address":"551 W North Ave","zip":"60610","communityArea":"Near North Side","reportUrl":"https://www.cookcountyassessoril.gov/pin/17041080030000"}},{"type":"Feature","geometry":{"type":"Point","coordinates":[-87.64285,41.91077]},"properties":{"name":"Class 9 Multifamily - 547 W North Ave","incentiveClass":"Class 9 Multifamily","classCode":"918","pin":"17041080040000","address":"547 W North Ave","zip":"60610","communityArea":"Near North Side","reportUrl":"https://www.cookcountyassessoril.gov/pin/17041080040000"}},{"type":"Feature","geometry":{"type":"Point","coordinates":[-87.64265,41.91077]},"properties":{"name":"Class 9 Multifamily - 539 W North Ave","incentiveClass":"Class 9 Multifamily","classCode":"918","pin":"17041080050000","address":"539 W North Ave","zip":"60610","communityArea":"Near North Side","reportUrl":"https://www.cookcountyassessoril.gov/pin/17041080050000"}},{"type":"Feature","geometry":{"type":"Point","coordinates":[-87.64242,41.91078]},"properties":{"name":"Class 9 Multifamily - 535 W North Ave","incentiveClass":"Class 9 Multifamily","classCode":"918","pin":"17041080060000","address":"535 W North Ave","zip":"60610","communityArea":"Near North Side","reportUrl":"https://www.cookcountyassessoril.gov/pin/17041080060000"}},{"type":"Feature","geometry":{"type":"Point","coordinates":[-87.64744,41.90827]},"properties":{"name":"Class C Contamination Remediation - 1457 N Halsted St","incentiveClass":"Class C Contamination Remediation","classCode":"638","pin":"17041120570000","address":"1457 N Halsted St","zip":"60642","communityArea":"Near North Side","reportUrl":"https://www.cookcountyassessoril.gov/pin/17041120570000"}},{"type":"Feature","geometry":{"type":"Point","coordinates":[-87.6477,41.90911]},"properties":{"name":"Class C Contamination Remediation - 1538 N Clybourn Ave","incentiveClass":"Class C Contamination Remediation","classCode":"638","pin":"17041120580000","address":"1538 N Clybourn Ave","zip":"60610","communityArea":"Near North Side","reportUrl":"https://www.cookcountyassessoril.gov/pin/17041120580000"}},{"type":"Feature","geometry":{"type":"Point","coordinates":[-87.64655,41.90828]},"properties":{"name":"Class C Contamination Remediation - 1500 N Clybourn Ave","incentiveClass":"Class C Contamination Remediation","classCode":"638","pin":"17041120590000","address":"1500 N Clybourn Ave","zip":"60610","communityArea":"Near North Side","reportUrl":"https://www.cookcountyassessoril.gov/pin/17041120590000"}},{"type":"Feature","geometry":{"type":"Point","coordinates":[-87.64783,41.90802]},"properties":{"name":"Class C Contamination Remediation - 1457 N Halsted St","incentiveClass":"Class C Contamination Remediation","classCode":"638","pin":"17041120600000","address":"1457 N Halsted St","zip":"60642","communityArea":"Near North Side","reportUrl":"https://www.cookcountyassessoril.gov/pin/17041120600000"}},{"type":"Feature","geometry":{"type":"Point","coordinates":[-87.64783,41.90809]},"properties":{"name":"Class C Contamination Remediation - 1457 N Halsted St","incentiveClass":"Class C Contamination Remediation","classCode":"638","pin":"17041120650000","address":"1457 N Halsted St","zip":"60642","communityArea":"Near North Side","reportUrl":"https://www.cookcountyassessoril.gov/pin/17041120650000"}},{"type":"Feature","geometry":{"type":"Point","coordinates":[-87.64696,41.90783]},"properties":{"name":"Class C Contamination Remediation - 710 W Schiller St","incentiveClass":"Class C Contamination Remediation","classCode":"638","pin":"17041120660000","address":"710 W Schiller St","zip":"","communityArea":"Near North Side","reportUrl":"https://www.cookcountyassessoril.gov/pin/17041120660000"}},{"type":"Feature","geometry":{"type":"Point","coordinates":[-87.64801,41.9096]},"properties":{"name":"Class C Contamination Remediation - 1534 N Clybourn Ave","incentiveClass":"Class C Contamination Remediation","classCode":"638","pin":"17041120670000","address":"1534 N Clybourn Ave","zip":"60610","communityArea":"Near North Side","reportUrl":"https://www.cookcountyassessoril.gov/pin/17041120670000"}},{"type":"Feature","geometry":{"type":"Point","coordinates":[-87.64747,41.90858]},"properties":{"name":"Class C Contamination Remediation - 1457 N Halsted St","incentiveClass":"Class C Contamination Remediation","classCode":"638","pin":"17041120680000","address":"1457 N Halsted St","zip":"60642","communityArea":"Near North Side","reportUrl":"https://www.cookcountyassessoril.gov/pin/17041120680000"}},{"type":"Feature","geometry":{"type":"Point","coordinates":[-87.64595,41.90778]},"properties":{"name":"Class C Contamination Remediation - 1500 N Clybourn Ave","incentiveClass":"Class C Contamination Remediation","classCode":"638","pin":"17041120690000","address":"1500 N Clybourn Ave","zip":"60610","communityArea":"Near North Side","reportUrl":"https://www.cookcountyassessoril.gov/pin/17041120690000"}},{"type":"Feature","geometry":{"type":"Point","coordinates":[-87.6391,41.90828]},"properties":{"name":"Class 9 Multifamily - 1450 N Sedgwick St","incentiveClass":"Class 9 Multifamily","classCode":"991","pin":"17041240010000","address":"1450 N Sedgwick St","zip":"60610","communityArea":"Near North Side","reportUrl":"https://www.cookcountyassessoril.gov/pin/17041240010000"}},{"type":"Feature","geometry":{"type":"Point","coordinates":[-87.63907,41.90728]},"properties":{"name":"Class 9 Multifamily - 1350 N Sedgwick St","incentiveClass":"Class 9 Multifamily","classCode":"991","pin":"17041240020000","address":"1350 N Sedgwick St","zip":"60610","communityArea":"Near North Side","reportUrl":"https://www.cookcountyassessoril.gov/pin/17041240020000"}},{"type":"Feature","geometry":{"type":"Point","coordinates":[-87.63933,41.90703]},"properties":{"name":"Class 9 Multifamily - 1360 N Sedgwick St","incentiveClass":"Class 9 Multifamily","classCode":"991","pin":"17041240030000","address":"1360 N Sedgwick St","zip":"60610","communityArea":"Near North Side","reportUrl":"https://www.cookcountyassessoril.gov/pin/17041240030000"}},{"type":"Feature","geometry":{"type":"Point","coordinates":[-87.63885,41.90703]},"properties":{"name":"Class 9 Multifamily - 1350 N Sedgwick St","incentiveClass":"Class 9 Multifamily","classCode":"991","pin":"17041240040000","address":"1350 N Sedgwick St","zip":"60610","communityArea":"Near North Side","reportUrl":"https://www.cookcountyassessoril.gov/pin/17041240040000"}},{"type":"Feature","geometry":{"type":"Point","coordinates":[-87.63906,41.90674]},"properties":{"name":"Class 9 Multifamily - 1350 N Sedgwick St","incentiveClass":"Class 9 Multifamily","classCode":"991","pin":"17041240050000","address":"1350 N Sedgwick St","zip":"60610","communityArea":"Near North Side","reportUrl":"https://www.cookcountyassessoril.gov/pin/17041240050000"}},{"type":"Feature","geometry":{"type":"Point","coordinates":[-87.64013,41.90604]},"properties":{"name":"Class 9 Multifamily - 425 W Sullivan St","incentiveClass":"Class 9 Multifamily","classCode":"997","pin":"17041320440000","address":"425 W Sullivan St","zip":"","communityArea":"Near North Side","reportUrl":"https://www.cookcountyassessoril.gov/pin/17041320440000"}},{"type":"Feature","geometry":{"type":"Point","coordinates":[-87.63965,41.9063]},"properties":{"name":"Class 9 Multifamily - 429 W Evergreen Ave","incentiveClass":"Class 9 Multifamily","classCode":"915","pin":"17041320450000","address":"429 W Evergreen Ave","zip":"60610","communityArea":"Near North Side","reportUrl":"https://www.cookcountyassessoril.gov/pin/17041320450000"}},{"type":"Feature","geometry":{"type":"Point","coordinates":[-87.64016,41.90584]},"properties":{"name":"Class 9 Multifamily - 447 W Sullivan St","incentiveClass":"Class 9 Multifamily","classCode":"990","pin":"17041330590000","address":"447 W Sullivan St","zip":"","communityArea":"Near North Side","reportUrl":"https://www.cookcountyassessoril.gov/pin/17041330590000"}},{"type":"Feature","geometry":{"type":"Point","coordinates":[-87.64062,41.90566]},"properties":{"name":"Class 9 Multifamily - 1301 N Cleveland Ave","incentiveClass":"Class 9 Multifamily","classCode":"915","pin":"17041330600000","address":"1301 N Cleveland Ave","zip":"60610","communityArea":"Near North Side","reportUrl":"https://www.cookcountyassessoril.gov/pin/17041330600000"}},{"type":"Feature","geometry":{"type":"Point","coordinates":[-87.64046,41.90548]},"properties":{"name":"Class 9 Multifamily - 450 W Goethe St","incentiveClass":"Class 9 Multifamily","classCode":"915","pin":"17041330610000","address":"450 W Goethe St","zip":"60610","communityArea":"Near North Side","reportUrl":"https://www.cookcountyassessoril.gov/pin/17041330610000"}},{"type":"Feature","geometry":{"type":"Point","coordinates":[-87.6407,41.90431]},"properties":{"name":"Class 9 Multifamily - 1224 N Clybourn Ave","incentiveClass":"Class 9 Multifamily","classCode":"991","pin":"17041420020000","address":"1224 N Clybourn Ave","zip":"60610","communityArea":"Near North Side","reportUrl":"https://www.cookcountyassessoril.gov/pin/17041420020000"}},{"type":"Feature","geometry":{"type":"Point","coordinates":[-87.64058,41.9042]},"properties":{"name":"Class 9 Multifamily - 1220 N Clybourn Ave","incentiveClass":"Class 9 Multifamily","classCode":"991","pin":"17041420040000","address":"1220 N Clybourn Ave","zip":"60610","communityArea":"Near North Side","reportUrl":"https://www.cookcountyassessoril.gov/pin/17041420040000"}},{"type":"Feature","geometry":{"type":"Point","coordinates":[-87.64042,41.90413]},"properties":{"name":"Class 9 Multifamily - 1216 N Clybourn Ave","incentiveClass":"Class 9 Multifamily","classCode":"991","pin":"17041420060000","address":"1216 N Clybourn Ave","zip":"60610","communityArea":"Near North Side","reportUrl":"https://www.cookcountyassessoril.gov/pin/17041420060000"}},{"type":"Feature","geometry":{"type":"Point","coordinates":[-87.64039,41.90402]},"properties":{"name":"Class 9 Multifamily - 1214 N Clybourn Ave","incentiveClass":"Class 9 Multifamily","classCode":"991","pin":"17041420070000","address":"1214 N Clybourn Ave","zip":"60610","communityArea":"Near North Side","reportUrl":"https://www.cookcountyassessoril.gov/pin/17041420070000"}},{"type":"Feature","geometry":{"type":"Point","coordinates":[-87.64095,41.90401]},"properties":{"name":"Class 9 Multifamily - 468 W Division St","incentiveClass":"Class 9 Multifamily","classCode":"991","pin":"17041420080000","address":"468 W Division St","zip":"","communityArea":"Near North Side","reportUrl":"https://www.cookcountyassessoril.gov/pin/17041420080000"}},{"type":"Feature","geometry":{"type":"Point","coordinates":[-87.64082,41.904]},"properties":{"name":"Class 9 Multifamily - 464 W Division St","incentiveClass":"Class 9 Multifamily","classCode":"991","pin":"17041420090000","address":"464 W Division St","zip":"60610","communityArea":"Near North Side","reportUrl":"https://www.cookcountyassessoril.gov/pin/17041420090000"}},{"type":"Feature","geometry":{"type":"Point","coordinates":[-87.6407,41.90398]},"properties":{"name":"Class 9 Multifamily - 462 W Division St","incentiveClass":"Class 9 Multifamily","classCode":"991","pin":"17041420100000","address":"462 W Division St","zip":"60610","communityArea":"Near North Side","reportUrl":"https://www.cookcountyassessoril.gov/pin/17041420100000"}},{"type":"Feature","geometry":{"type":"Point","coordinates":[-87.64051,41.90396]},"properties":{"name":"Class 9 Multifamily - 428 W Division St","incentiveClass":"Class 9 Multifamily","classCode":"991","pin":"17041420110000","address":"428 W Division St","zip":"60610","communityArea":"Near North Side","reportUrl":"https://www.cookcountyassessoril.gov/pin/17041420110000"}},{"type":"Feature","geometry":{"type":"Point","coordinates":[-87.64031,41.904]},"properties":{"name":"Class 9 Multifamily - 1212 N Clybourn Ave","incentiveClass":"Class 9 Multifamily","classCode":"991","pin":"17041420120000","address":"1212 N Clybourn Ave","zip":"60610","communityArea":"Near North Side","reportUrl":"https://www.cookcountyassessoril.gov/pin/17041420120000"}},{"type":"Feature","geometry":{"type":"Point","coordinates":[-87.64013,41.90394]},"properties":{"name":"Class 9 Multifamily - 442 W Division St","incentiveClass":"Class 9 Multifamily","classCode":"991","pin":"17041420130000","address":"442 W Division St","zip":"60610","communityArea":"Near North Side","reportUrl":"https://www.cookcountyassessoril.gov/pin/17041420130000"}},{"type":"Feature","geometry":{"type":"Point","coordinates":[-87.64049,41.90416]},"properties":{"name":"Class 9 Multifamily - 1218 N Clybourn Ave","incentiveClass":"Class 9 Multifamily","classCode":"991","pin":"17041420140000","address":"1218 N Clybourn Ave","zip":"60610","communityArea":"Near North Side","reportUrl":"https://www.cookcountyassessoril.gov/pin/17041420140000"}},{"type":"Feature","geometry":{"type":"Point","coordinates":[-87.64059,41.90397]},"properties":{"name":"Class 9 Multifamily - 460 W Division St","incentiveClass":"Class 9 Multifamily","classCode":"991","pin":"17041420150000","address":"460 W Division St","zip":"60610","communityArea":"Near North Side","reportUrl":"https://www.cookcountyassessoril.gov/pin/17041420150000"}},{"type":"Feature","geometry":{"type":"Point","coordinates":[-87.63357,41.90967]},"properties":{"name":"Class 9 Multifamily - 1512 N La Salle St","incentiveClass":"Class 9 Multifamily","classCode":"991","pin":"17042040270000","address":"1512 N La Salle St","zip":"60610","communityArea":"Near North Side","reportUrl":"https://www.cookcountyassessoril.gov/pin/17042040270000"}},{"type":"Feature","geometry":{"type":"Point","coordinates":[-87.63047,41.90601]},"properties":{"name":"Class 7a Commercial - 1306 N Dearborn St","incentiveClass":"Class 7a Commercial","classCode":"791","pin":"17042170440000","address":"1306 N Dearborn St","zip":"60610","communityArea":"Near North Side","reportUrl":"https://www.cookcountyassessoril.gov/pin/17042170440000"}},{"type":"Feature","geometry":{"type":"Point","coordinates":[-87.63342,41.90484]},"properties":{"name":"Class 9 Multifamily - 1232 N La Salle St","incentiveClass":"Class 9 Multifamily","classCode":"991","pin":"17042210290000","address":"1232 N La Salle St","zip":"60610","communityArea":"Near North Side","reportUrl":"https://www.cookcountyassessoril.gov/pin/17042210290000"}},{"type":"Feature","geometry":{"type":"Point","coordinates":[-87.6407,41.90345]},"properties":{"name":"Class 9 Multifamily - 465 W Division St","incentiveClass":"Class 9 Multifamily","classCode":"991","pin":"17043060300000","address":"465 W Division St","zip":"60610","communityArea":"Near North Side","reportUrl":"https://www.cookcountyassessoril.gov/pin/17043060300000"}},{"type":"Feature","geometry":{"type":"Point","coordinates":[-87.64059,41.90312]},"properties":{"name":"Class 9 Multifamily - 1143 N Cleveland Ave","incentiveClass":"Class 9 Multifamily","classCode":"991","pin":"17043060400000","address":"1143 N Cleveland Ave","zip":"60610","communityArea":"Near North Side","reportUrl":"https://www.cookcountyassessoril.gov/pin/17043060400000"}},{"type":"Feature","geometry":{"type":"Point","coordinates":[-87.64065,41.90312]},"properties":{"name":"Class 9 Multifamily - 1141 N Cleveland Ave","incentiveClass":"Class 9 Multifamily","classCode":"991","pin":"17043060410000","address":"1141 N Cleveland Ave","zip":"60610","communityArea":"Near North Side","reportUrl":"https://www.cookcountyassessoril.gov/pin/17043060410000"}},{"type":"Feature","geometry":{"type":"Point","coordinates":[-87.6407,41.90312]},"properties":{"name":"Class 9 Multifamily - 1139 N Cleveland Ave","incentiveClass":"Class 9 Multifamily","classCode":"991","pin":"17043060420000","address":"1139 N Cleveland Ave","zip":"60610","communityArea":"Near North Side","reportUrl":"https://www.cookcountyassessoril.gov/pin/17043060420000"}},{"type":"Feature","geometry":{"type":"Point","coordinates":[-87.64076,41.90312]},"properties":{"name":"Class 9 Multifamily - 1137 N Cleveland Ave","incentiveClass":"Class 9 Multifamily","classCode":"991","pin":"17043060430000","address":"1137 N Cleveland Ave","zip":"60610","communityArea":"Near North Side","reportUrl":"https://www.cookcountyassessoril.gov/pin/17043060430000"}},{"type":"Feature","geometry":{"type":"Point","coordinates":[-87.64083,41.90312]},"properties":{"name":"Class 9 Multifamily - 1135 N Cleveland Ave","incentiveClass":"Class 9 Multifamily","classCode":"991","pin":"17043060440000","address":"1135 N Cleveland Ave","zip":"60610","communityArea":"Near North Side","reportUrl":"https://www.cookcountyassessoril.gov/pin/17043060440000"}},{"type":"Feature","geometry":{"type":"Point","coordinates":[-87.6409,41.90312]},"properties":{"name":"Class 9 Multifamily - 1133 N Cleveland Ave","incentiveClass":"Class 9 Multifamily","classCode":"991","pin":"17043060450000","address":"1133 N Cleveland Ave","zip":"60610","communityArea":"Near North Side","reportUrl":"https://www.cookcountyassessoril.gov/pin/17043060450000"}},{"type":"Feature","geometry":{"type":"Point","coordinates":[-87.64096,41.90312]},"properties":{"name":"Class 9 Multifamily - 1131 N Cleveland Ave","incentiveClass":"Class 9 Multifamily","classCode":"991","pin":"17043060460000","address":"1131 N Cleveland Ave","zip":"60610","communityArea":"Near North Side","reportUrl":"https://www.cookcountyassessoril.gov/pin/17043060460000"}},{"type":"Feature","geometry":{"type":"Point","coordinates":[-87.64104,41.90312]},"properties":{"name":"Class 9 Multifamily - 1129 N Cleveland Ave","incentiveClass":"Class 9 Multifamily","classCode":"991","pin":"17043060470000","address":"1129 N Cleveland Ave","zip":"60610","communityArea":"Near North Side","reportUrl":"https://www.cookcountyassessoril.gov/pin/17043060470000"}},{"type":"Feature","geometry":{"type":"Point","coordinates":[-87.64264,41.90077]},"properties":{"name":"Class 9 Multifamily - 544 W Oak St","incentiveClass":"Class 9 Multifamily","classCode":"991","pin":"17043180320000","address":"544 W Oak St","zip":"60610","communityArea":"Near North Side","reportUrl":"https://www.cookcountyassessoril.gov/pin/17043180320000"}},{"type":"Feature","geometry":{"type":"Point","coordinates":[-87.66588,41.90367]},"properties":{"name":"Class 7a Commercial - 1520 W Division St","incentiveClass":"Class 7a Commercial","classCode":"792","pin":"17051161020000","address":"1520 W Division St","zip":"60642","communityArea":"West Town","reportUrl":"https://www.cookcountyassessoril.gov/pin/17051161020000"}},{"type":"Feature","geometry":{"type":"Point","coordinates":[-87.65152,41.91012]},"properties":{"name":"Class C Contamination Remediation - 1548 N Fremont St","incentiveClass":"Class C Contamination Remediation","classCode":"638B","pin":"17052080170000","address":"1548 N Fremont St","zip":"60642","communityArea":"Near North Side","reportUrl":"https://www.cookcountyassessoril.gov/pin/17052080170000"}},{"type":"Feature","geometry":{"type":"Point","coordinates":[-87.6513,41.91012]},"properties":{"name":"Class C Contamination Remediation - 1548 N Fremont St","incentiveClass":"Class C Contamination Remediation","classCode":"654B","pin":"17052080180000","address":"1548 N Fremont St","zip":"60642","communityArea":"Near North Side","reportUrl":"https://www.cookcountyassessoril.gov/pin/17052080180000"}},{"type":"Feature","geometry":{"type":"Point","coordinates":[-87.65177,41.91011]},"properties":{"name":"Class C Contamination Remediation - 1548 N Fremont St","incentiveClass":"Class C Contamination Remediation","classCode":"638B","pin":"17052080230000","address":"1548 N Fremont St","zip":"60642","communityArea":"Near North Side","reportUrl":"https://www.cookcountyassessoril.gov/pin/17052080230000"}},{"type":"Feature","geometry":{"type":"Point","coordinates":[-87.65,41.90684]},"properties":{"name":"Class C Contamination Remediation - 1415 N Dayton St","incentiveClass":"Class C Contamination Remediation","classCode":"638B","pin":"17052210010000","address":"1415 N Dayton St","zip":"60642","communityArea":"Near North Side","reportUrl":"https://www.cookcountyassessoril.gov/pin/17052210010000"}},{"type":"Feature","geometry":{"type":"Point","coordinates":[-87.68183,41.90617]},"properties":{"name":"Class 9 Multifamily - 1339 N Leavitt St","incentiveClass":"Class 9 Multifamily","classCode":"996","pin":"17061180120000","address":"1339 N Leavitt St","zip":"60622","communityArea":"West Town","reportUrl":"https://www.cookcountyassessoril.gov/pin/17061180120000"}},{"type":"Feature","geometry":{"type":"Point","coordinates":[-87.68183,41.90607]},"properties":{"name":"Class 9 Multifamily - 1335 N Leavitt St","incentiveClass":"Class 9 Multifamily","classCode":"996","pin":"17061180130000","address":"1335 N Leavitt St","zip":"60622","communityArea":"West Town","reportUrl":"https://www.cookcountyassessoril.gov/pin/17061180130000"}},{"type":"Feature","geometry":{"type":"Point","coordinates":[-87.68195,41.90379]},"properties":{"name":"Class 9 Multifamily - 1215 N Leavitt St","incentiveClass":"Class 9 Multifamily","classCode":"915","pin":"17061280010000","address":"1215 N Leavitt St","zip":"60622","communityArea":"West Town","reportUrl":"https://www.cookcountyassessoril.gov/pin/17061280010000"}},{"type":"Feature","geometry":{"type":"Point","coordinates":[-87.6818,41.90379]},"properties":{"name":"Class 9 Multifamily - 2153 W Crystal St","incentiveClass":"Class 9 Multifamily","classCode":"990","pin":"17061280020000","address":"2153 W Crystal St","zip":"60622","communityArea":"West Town","reportUrl":"https://www.cookcountyassessoril.gov/pin/17061280020000"}},{"type":"Feature","geometry":{"type":"Point","coordinates":[-87.67684,41.90898]},"properties":{"name":"Class 9 Multifamily - 1527 N Wicker Park Ave","incentiveClass":"Class 9 Multifamily","classCode":"997","pin":"17062070220000","address":"1527 N Wicker Park Ave","zip":"60622","communityArea":"West Town","reportUrl":"https://www.cookcountyassessoril.gov/pin/17062070220000"}},{"type":"Feature","geometry":{"type":"Point","coordinates":[-87.6689,41.90511]},"properties":{"name":"Class 7a Commercial - 1279 N Milwaukee Ave","incentiveClass":"Class 7a Commercial","classCode":"797","pin":"17062320520000","address":"1279 N Milwaukee Ave","zip":"60622","communityArea":"West Town","reportUrl":"https://www.cookcountyassessoril.gov/pin/17062320520000"}},{"type":"Feature","geometry":{"type":"Point","coordinates":[-87.66871,41.90524]},"properties":{"name":"Class 7a Commercial - 1279 N Milwaukee Ave","incentiveClass":"Class 7a Commercial","classCode":"797","pin":"17062320530000","address":"1279 N Milwaukee Ave","zip":"60622","communityArea":"West Town","reportUrl":"https://www.cookcountyassessoril.gov/pin/17062320530000"}},{"type":"Feature","geometry":{"type":"Point","coordinates":[-87.66901,41.90527]},"properties":{"name":"Class 7a Commercial - 1279 N Milwaukee Ave","incentiveClass":"Class 7a Commercial","classCode":"797","pin":"17062320540000","address":"1279 N Milwaukee Ave","zip":"60622","communityArea":"West Town","reportUrl":"https://www.cookcountyassessoril.gov/pin/17062320540000"}},{"type":"Feature","geometry":{"type":"Point","coordinates":[-87.68489,41.88779]},"properties":{"name":"Class 6b Industrial - 345 N Oakley Blvd","incentiveClass":"Class 6b Industrial","classCode":"663A","pin":"17073010500000","address":"345 N Oakley Blvd","zip":"60612","communityArea":"Near West Side","reportUrl":"https://www.cookcountyassessoril.gov/pin/17073010500000"}},{"type":"Feature","geometry":{"type":"Point","coordinates":[-87.68454,41.88769]},"properties":{"name":"Class 6b Industrial - 334 N Oakley Blvd","incentiveClass":"Class 6b Industrial","classCode":"663A","pin":"17073010510000","address":"334 N Oakley Blvd","zip":"60612","communityArea":"Near West Side","reportUrl":"https://www.cookcountyassessoril.gov/pin/17073010510000"}},{"type":"Feature","geometry":{"type":"Point","coordinates":[-87.68584,41.88517]},"properties":{"name":"Class 6b Industrial - 2301 W Walnut St","incentiveClass":"Class 6b Industrial","classCode":"663","pin":"17073120400000","address":"2301 W Walnut St","zip":"60612","communityArea":"Near West Side","reportUrl":"https://www.cookcountyassessoril.gov/pin/17073120400000"}},{"type":"Feature","geometry":{"type":"Point","coordinates":[-87.68315,41.88446]},"properties":{"name":"Class 9 Multifamily - 144 N Bell Ave","incentiveClass":"Class 9 Multifamily","classCode":"996","pin":"17073210370000","address":"144 N Bell Ave","zip":"60612","communityArea":"Near West Side","reportUrl":"https://www.cookcountyassessoril.gov/pin/17073210370000"}},{"type":"Feature","geometry":{"type":"Point","coordinates":[-87.68241,41.88448]},"properties":{"name":"Class 9 Multifamily - 145 N Bell Ave","incentiveClass":"Class 9 Multifamily","classCode":"996","pin":"17073210380000","address":"145 N Bell Ave","zip":"60612","communityArea":"Near West Side","reportUrl":"https://www.cookcountyassessoril.gov/pin/17073210380000"}},{"type":"Feature","geometry":{"type":"Point","coordinates":[-87.68192,41.88453]},"properties":{"name":"Class 9 Multifamily - 156 N Leavitt St","incentiveClass":"Class 9 Multifamily","classCode":"996","pin":"17073210390000","address":"156 N Leavitt St","zip":"60612","communityArea":"Near West Side","reportUrl":"https://www.cookcountyassessoril.gov/pin/17073210390000"}},{"type":"Feature","geometry":{"type":"Point","coordinates":[-87.68191,41.88421]},"properties":{"name":"Class 9 Multifamily - 2206 N Leavitt St","incentiveClass":"Class 9 Multifamily","classCode":"996","pin":"17073210400000","address":"2206 N Leavitt St","zip":"60647","communityArea":"Near West Side","reportUrl":"https://www.cookcountyassessoril.gov/pin/17073210400000"}},{"type":"Feature","geometry":{"type":"Point","coordinates":[-87.68368,41.88419]},"properties":{"name":"Class 9 Multifamily - 137 N Oakley Blvd","incentiveClass":"Class 9 Multifamily","classCode":"996","pin":"17073210430000","address":"137 N Oakley Blvd","zip":"60612","communityArea":"Near West Side","reportUrl":"https://www.cookcountyassessoril.gov/pin/17073210430000"}},{"type":"Feature","geometry":{"type":"Point","coordinates":[-87.68343,41.88369]},"properties":{"name":"Class 9 Multifamily - 2239 W Maypole Ave","incentiveClass":"Class 9 Multifamily","classCode":"996","pin":"17073210440000","address":"2239 W Maypole Ave","zip":"60612","communityArea":"Near West Side","reportUrl":"https://www.cookcountyassessoril.gov/pin/17073210440000"}},{"type":"Feature","geometry":{"type":"Point","coordinates":[-87.68223,41.8837]},"properties":{"name":"Class 9 Multifamily - 2211 W Maypole Ave","incentiveClass":"Class 9 Multifamily","classCode":"996","pin":"17073210460000","address":"2211 W Maypole Ave","zip":"60612","communityArea":"Near West Side","reportUrl":"https://www.cookcountyassessoril.gov/pin/17073210460000"}},{"type":"Feature","geometry":{"type":"Point","coordinates":[-87.66817,41.88755]},"properties":{"name":"Class 6b Industrial - 1621 W Carroll Ave","incentiveClass":"Class 6b Industrial","classCode":"663","pin":"17074070050000","address":"1621 W Carroll Ave","zip":"60612","communityArea":"Near West Side","reportUrl":"https://www.cookcountyassessoril.gov/pin/17074070050000"}},{"type":"Feature","geometry":{"type":"Point","coordinates":[-87.66796,41.88756]},"properties":{"name":"Class 6b Industrial - 1621 W Carroll Ave","incentiveClass":"Class 6b Industrial","classCode":"663","pin":"17074070060000","address":"1621 W Carroll Ave","zip":"60612","communityArea":"Near West Side","reportUrl":"https://www.cookcountyassessoril.gov/pin/17074070060000"}},{"type":"Feature","geometry":{"type":"Point","coordinates":[-87.67585,41.88563]},"properties":{"name":"Class 6b Industrial - 1937 W Walnut St","incentiveClass":"Class 6b Industrial","classCode":"663","pin":"17074120080000","address":"1937 W Walnut St","zip":"60612","communityArea":"Near West Side","reportUrl":"https://www.cookcountyassessoril.gov/pin/17074120080000"}},{"type":"Feature","geometry":{"type":"Point","coordinates":[-87.67573,41.88564]},"properties":{"name":"Class 6b Industrial - 1935 W Walnut St","incentiveClass":"Class 6b Industrial","classCode":"663","pin":"17074120090000","address":"1935 W Walnut St","zip":"60612","communityArea":"Near West Side","reportUrl":"https://www.cookcountyassessoril.gov/pin/17074120090000"}},{"type":"Feature","geometry":{"type":"Point","coordinates":[-87.6756,41.88564]},"properties":{"name":"Class 6b Industrial - 1931 W Walnut St","incentiveClass":"Class 6b Industrial","classCode":"663","pin":"17074120100000","address":"1931 W Walnut St","zip":"60612","communityArea":"Near West Side","reportUrl":"https://www.cookcountyassessoril.gov/pin/17074120100000"}},{"type":"Feature","geometry":{"type":"Point","coordinates":[-87.67548,41.88563]},"properties":{"name":"Class 6b Industrial - 1929 W Walnut St 1","incentiveClass":"Class 6b Industrial","classCode":"663","pin":"17074120110000","address":"1929 W Walnut St 1","zip":"60612","communityArea":"Near West Side","reportUrl":"https://www.cookcountyassessoril.gov/pin/17074120110000"}},{"type":"Feature","geometry":{"type":"Point","coordinates":[-87.67157,41.88582]},"properties":{"name":"Class C Contamination Remediation - 221 N Wood St","incentiveClass":"Class C Contamination Remediation","classCode":"638","pin":"17074140010000","address":"221 N Wood St","zip":"60612","communityArea":"Near West Side","reportUrl":"https://www.cookcountyassessoril.gov/pin/17074140010000"}},{"type":"Feature","geometry":{"type":"Point","coordinates":[-87.6713,41.88582]},"properties":{"name":"Class C Contamination Remediation - 221 N Wood St","incentiveClass":"Class C Contamination Remediation","classCode":"638","pin":"17074140020000","address":"221 N Wood St","zip":"60612","communityArea":"Near West Side","reportUrl":"https://www.cookcountyassessoril.gov/pin/17074140020000"}},{"type":"Feature","geometry":{"type":"Point","coordinates":[-87.67111,41.88583]},"properties":{"name":"Class C Contamination Remediation - 221 N Wood St","incentiveClass":"Class C Contamination Remediation","classCode":"638","pin":"17074140030000","address":"221 N Wood St","zip":"60612","communityArea":"Near West Side","reportUrl":"https://www.cookcountyassessoril.gov/pin/17074140030000"}},{"type":"Feature","geometry":{"type":"Point","coordinates":[-87.67098,41.88583]},"properties":{"name":"Class C Contamination Remediation - 221 N Wood St","incentiveClass":"Class C Contamination Remediation","classCode":"638","pin":"17074140040000","address":"221 N Wood St","zip":"60612","communityArea":"Near West Side","reportUrl":"https://www.cookcountyassessoril.gov/pin/17074140040000"}},{"type":"Feature","geometry":{"type":"Point","coordinates":[-87.67088,41.88583]},"properties":{"name":"Class C Contamination Remediation - 221 N Wood St","incentiveClass":"Class C Contamination Remediation","classCode":"638","pin":"17074140050000","address":"221 N Wood St","zip":"60612","communityArea":"Near West Side","reportUrl":"https://www.cookcountyassessoril.gov/pin/17074140050000"}},{"type":"Feature","geometry":{"type":"Point","coordinates":[-87.67079,41.88583]},"properties":{"name":"Class C Contamination Remediation - 221 N Wood St","incentiveClass":"Class C Contamination Remediation","classCode":"638","pin":"17074140060000","address":"221 N Wood St","zip":"60612","communityArea":"Near West Side","reportUrl":"https://www.cookcountyassessoril.gov/pin/17074140060000"}},{"type":"Feature","geometry":{"type":"Point","coordinates":[-87.6707,41.88583]},"properties":{"name":"Class C Contamination Remediation - 1731 W Walnut St","incentiveClass":"Class C Contamination Remediation","classCode":"638","pin":"17074140070000","address":"1731 W Walnut St","zip":"60612","communityArea":"Near West Side","reportUrl":"https://www.cookcountyassessoril.gov/pin/17074140070000"}},{"type":"Feature","geometry":{"type":"Point","coordinates":[-87.67056,41.88583]},"properties":{"name":"Class C Contamination Remediation - 1727 W Walnut St","incentiveClass":"Class C Contamination Remediation","classCode":"638","pin":"17074140080000","address":"1727 W Walnut St","zip":"60612","communityArea":"Near West Side","reportUrl":"https://www.cookcountyassessoril.gov/pin/17074140080000"}},{"type":"Feature","geometry":{"type":"Point","coordinates":[-87.67549,41.88446]},"properties":{"name":"Class 9 Multifamily - 1951 W Lake St","incentiveClass":"Class 9 Multifamily","classCode":"991","pin":"17074160420000","address":"1951 W Lake St","zip":"60612","communityArea":"Near West Side","reportUrl":"https://www.cookcountyassessoril.gov/pin/17074160420000"}},{"type":"Feature","geometry":{"type":"Point","coordinates":[-87.67227,41.88485]},"properties":{"name":"Class 9 Multifamily - 1805 W Lake St","incentiveClass":"Class 9 Multifamily","classCode":"997","pin":"17074170400000","address":"1805 W Lake St","zip":"60612","communityArea":"Near West Side","reportUrl":"https://www.cookcountyassessoril.gov/pin/17074170400000"}},{"type":"Feature","geometry":{"type":"Point","coordinates":[-87.67385,41.88481]},"properties":{"name":"Class 9 Multifamily - 1847 W Lake St","incentiveClass":"Class 9 Multifamily","classCode":"997","pin":"17074170530000","address":"1847 W Lake St","zip":"60612","communityArea":"Near West Side","reportUrl":"https://www.cookcountyassessoril.gov/pin/17074170530000"}},{"type":"Feature","geometry":{"type":"Point","coordinates":[-87.67305,41.88442]},"properties":{"name":"Class 9 Multifamily - 1820 W Maypole Ave","incentiveClass":"Class 9 Multifamily","classCode":"997","pin":"17074170560000","address":"1820 W Maypole Ave","zip":"60612","communityArea":"Near West Side","reportUrl":"https://www.cookcountyassessoril.gov/pin/17074170560000"}},{"type":"Feature","geometry":{"type":"Point","coordinates":[-87.67635,41.88383]},"properties":{"name":"Class 9 Multifamily - 1959 W Maypole Ave","incentiveClass":"Class 9 Multifamily","classCode":"918","pin":"17074210450000","address":"1959 W Maypole Ave","zip":"60612","communityArea":"Near West Side","reportUrl":"https://www.cookcountyassessoril.gov/pin/17074210450000"}},{"type":"Feature","geometry":{"type":"Point","coordinates":[-87.67234,41.88389]},"properties":{"name":"Class 9 Multifamily - 1807 W Maypole Ave","incentiveClass":"Class 9 Multifamily","classCode":"997","pin":"17074220390000","address":"1807 W Maypole Ave","zip":"60612","communityArea":"Near West Side","reportUrl":"https://www.cookcountyassessoril.gov/pin/17074220390000"}},{"type":"Feature","geometry":{"type":"Point","coordinates":[-87.67374,41.88386]},"properties":{"name":"Class 9 Multifamily - 1837 W Maypole Ave","incentiveClass":"Class 9 Multifamily","classCode":"997","pin":"17074220430000","address":"1837 W Maypole Ave","zip":"60612","communityArea":"Near West Side","reportUrl":"https://www.cookcountyassessoril.gov/pin/17074220430000"}},{"type":"Feature","geometry":{"type":"Point","coordinates":[-87.67395,41.88346]},"properties":{"name":"Class 9 Multifamily - 1854 W Washington Blvd","incentiveClass":"Class 9 Multifamily","classCode":"997","pin":"17074220440000","address":"1854 W Washington Blvd","zip":"60612","communityArea":"Near West Side","reportUrl":"https://www.cookcountyassessoril.gov/pin/17074220440000"}},{"type":"Feature","geometry":{"type":"Point","coordinates":[-87.67305,41.88347]},"properties":{"name":"Class 9 Multifamily - 1820 W Washington Blvd","incentiveClass":"Class 9 Multifamily","classCode":"997","pin":"17074220460000","address":"1820 W Washington Blvd","zip":"60612","communityArea":"Near West Side","reportUrl":"https://www.cookcountyassessoril.gov/pin/17074220460000"}},{"type":"Feature","geometry":{"type":"Point","coordinates":[-87.67213,41.88349]},"properties":{"name":"Class 9 Multifamily - 1804 W Washington Blvd","incentiveClass":"Class 9 Multifamily","classCode":"997","pin":"17074220480000","address":"1804 W Washington Blvd","zip":"60612","communityArea":"Near West Side","reportUrl":"https://www.cookcountyassessoril.gov/pin/17074220480000"}},{"type":"Feature","geometry":{"type":"Point","coordinates":[-87.67147,41.88371]},"properties":{"name":"Class 9 Multifamily - 121 N Wood St","incentiveClass":"Class 9 Multifamily","classCode":"996","pin":"17074230140000","address":"121 N Wood St","zip":"60612","communityArea":"Near West Side","reportUrl":"https://www.cookcountyassessoril.gov/pin/17074230140000"}},{"type":"Feature","geometry":{"type":"Point","coordinates":[-87.67095,41.88446]},"properties":{"name":"Class 9 Multifamily - 1742 W Maypole Ave","incentiveClass":"Class 9 Multifamily","classCode":"996","pin":"17074230160000","address":"1742 W Maypole Ave","zip":"60612","communityArea":"Near West Side","reportUrl":"https://www.cookcountyassessoril.gov/pin/17074230160000"}},{"type":"Feature","geometry":{"type":"Point","coordinates":[-87.67097,41.88485]},"properties":{"name":"Class 9 Multifamily - 150 N Hermitage Ave","incentiveClass":"Class 9 Multifamily","classCode":"996","pin":"17074230170000","address":"150 N Hermitage Ave","zip":"60612","communityArea":"Near West Side","reportUrl":"https://www.cookcountyassessoril.gov/pin/17074230170000"}},{"type":"Feature","geometry":{"type":"Point","coordinates":[-87.67149,41.88479]},"properties":{"name":"Class 9 Multifamily - 155 N Wood St","incentiveClass":"Class 9 Multifamily","classCode":"991","pin":"17074230180000","address":"155 N Wood St","zip":"60612","communityArea":"Near West Side","reportUrl":"https://www.cookcountyassessoril.gov/pin/17074230180000"}},{"type":"Feature","geometry":{"type":"Point","coordinates":[-87.66917,41.883]},"properties":{"name":"Class 9 Multifamily - 1659 W Washington Blvd","incentiveClass":"Class 9 Multifamily","classCode":"991","pin":"17074300010000","address":"1659 W Washington Blvd","zip":"60612","communityArea":"Near West Side","reportUrl":"https://www.cookcountyassessoril.gov/pin/17074300010000"}},{"type":"Feature","geometry":{"type":"Point","coordinates":[-87.66906,41.883]},"properties":{"name":"Class 9 Multifamily - 1655 W Washington Blvd","incentiveClass":"Class 9 Multifamily","classCode":"991","pin":"17074300020000","address":"1655 W Washington Blvd","zip":"60612","communityArea":"Near West Side","reportUrl":"https://www.cookcountyassessoril.gov/pin/17074300020000"}},{"type":"Feature","geometry":{"type":"Point","coordinates":[-87.66897,41.883]},"properties":{"name":"Class 9 Multifamily - 1653 W Washington Blvd","incentiveClass":"Class 9 Multifamily","classCode":"991","pin":"17074300030000","address":"1653 W Washington Blvd","zip":"60612","communityArea":"Near West Side","reportUrl":"https://www.cookcountyassessoril.gov/pin/17074300030000"}},{"type":"Feature","geometry":{"type":"Point","coordinates":[-87.6689,41.88301]},"properties":{"name":"Class 9 Multifamily - 1651 W Washington Blvd","incentiveClass":"Class 9 Multifamily","classCode":"991","pin":"17074300040000","address":"1651 W Washington Blvd","zip":"60612","communityArea":"Near West Side","reportUrl":"https://www.cookcountyassessoril.gov/pin/17074300040000"}},{"type":"Feature","geometry":{"type":"Point","coordinates":[-87.66883,41.88301]},"properties":{"name":"Class 9 Multifamily - 1649 W Washington Blvd","incentiveClass":"Class 9 Multifamily","classCode":"991","pin":"17074300050000","address":"1649 W Washington Blvd","zip":"60612","communityArea":"Near West Side","reportUrl":"https://www.cookcountyassessoril.gov/pin/17074300050000"}},{"type":"Feature","geometry":{"type":"Point","coordinates":[-87.66873,41.88301]},"properties":{"name":"Class 9 Multifamily - 1647 W Washington Blvd","incentiveClass":"Class 9 Multifamily","classCode":"991","pin":"17074300060000","address":"1647 W Washington Blvd","zip":"60612","communityArea":"Near West Side","reportUrl":"https://www.cookcountyassessoril.gov/pin/17074300060000"}},{"type":"Feature","geometry":{"type":"Point","coordinates":[-87.66862,41.88301]},"properties":{"name":"Class 9 Multifamily - 1643 W Washington Blvd","incentiveClass":"Class 9 Multifamily","classCode":"991","pin":"17074300070000","address":"1643 W Washington Blvd","zip":"60612","communityArea":"Near West Side","reportUrl":"https://www.cookcountyassessoril.gov/pin/17074300070000"}},{"type":"Feature","geometry":{"type":"Point","coordinates":[-87.66853,41.88301]},"properties":{"name":"Class 9 Multifamily - 1641 W Washington Blvd","incentiveClass":"Class 9 Multifamily","classCode":"991","pin":"17074300080000","address":"1641 W Washington Blvd","zip":"60612","communityArea":"Near West Side","reportUrl":"https://www.cookcountyassessoril.gov/pin/17074300080000"}},{"type":"Feature","geometry":{"type":"Point","coordinates":[-87.66846,41.88301]},"properties":{"name":"Class 9 Multifamily - 1639 W Washington Blvd","incentiveClass":"Class 9 Multifamily","classCode":"991","pin":"17074300090000","address":"1639 W Washington Blvd","zip":"60612","communityArea":"Near West Side","reportUrl":"https://www.cookcountyassessoril.gov/pin/17074300090000"}},{"type":"Feature","geometry":{"type":"Point","coordinates":[-87.66838,41.88301]},"properties":{"name":"Class 9 Multifamily - 1637 W Washington Blvd","incentiveClass":"Class 9 Multifamily","classCode":"991","pin":"17074300100000","address":"1637 W Washington Blvd","zip":"60612","communityArea":"Near West Side","reportUrl":"https://www.cookcountyassessoril.gov/pin/17074300100000"}},{"type":"Feature","geometry":{"type":"Point","coordinates":[-87.66193,41.89456]},"properties":{"name":"Class 9 Multifamily - 1360 W Huron St","incentiveClass":"Class 9 Multifamily","classCode":"913","pin":"17081030380000","address":"1360 W Huron St","zip":"60642","communityArea":"West Town","reportUrl":"https://www.cookcountyassessoril.gov/pin/17081030380000"}},{"type":"Feature","geometry":{"type":"Point","coordinates":[-87.66185,41.89456]},"properties":{"name":"Class 9 Multifamily - 1358 W Huron St","incentiveClass":"Class 9 Multifamily","classCode":"913","pin":"17081030390000","address":"1358 W Huron St","zip":"60642","communityArea":"West Town","reportUrl":"https://www.cookcountyassessoril.gov/pin/17081030390000"}},{"type":"Feature","geometry":{"type":"Point","coordinates":[-87.66168,41.89457]},"properties":{"name":"Class 9 Multifamily - 1354 W Huron St","incentiveClass":"Class 9 Multifamily","classCode":"913","pin":"17081030400000","address":"1354 W Huron St","zip":"60642","communityArea":"West Town","reportUrl":"https://www.cookcountyassessoril.gov/pin/17081030400000"}},{"type":"Feature","geometry":{"type":"Point","coordinates":[-87.66151,41.89457]},"properties":{"name":"Class 9 Multifamily - 1350 W Huron St","incentiveClass":"Class 9 Multifamily","classCode":"913","pin":"17081030410000","address":"1350 W Huron St","zip":"60642","communityArea":"West Town","reportUrl":"https://www.cookcountyassessoril.gov/pin/17081030410000"}},{"type":"Feature","geometry":{"type":"Point","coordinates":[-87.66219,41.8873]},"properties":{"name":"Class 6b Industrial - 321 N Loomis St","incentiveClass":"Class 6b Industrial","classCode":"663A","pin":"17083110010000","address":"321 N Loomis St","zip":"60607","communityArea":"Near West Side","reportUrl":"https://www.cookcountyassessoril.gov/pin/17083110010000"}},{"type":"Feature","geometry":{"type":"Point","coordinates":[-87.66217,41.8872]},"properties":{"name":"Class 6b Industrial - 319 N Loomis St","incentiveClass":"Class 6b Industrial","classCode":"663A","pin":"17083110020000","address":"319 N Loomis St","zip":"60607","communityArea":"Near West Side","reportUrl":"https://www.cookcountyassessoril.gov/pin/17083110020000"}},{"type":"Feature","geometry":{"type":"Point","coordinates":[-87.66217,41.88714]},"properties":{"name":"Class 6b Industrial - 317 N Loomis St","incentiveClass":"Class 6b Industrial","classCode":"670A","pin":"17083110030000","address":"317 N Loomis St","zip":"60607","communityArea":"Near West Side","reportUrl":"https://www.cookcountyassessoril.gov/pin/17083110030000"}},{"type":"Feature","geometry":{"type":"Point","coordinates":[-87.66218,41.88707]},"properties":{"name":"Class 6b Industrial - 315 N Loomis St","incentiveClass":"Class 6b Industrial","classCode":"670A","pin":"17083110040000","address":"315 N Loomis St","zip":"60607","communityArea":"Near West Side","reportUrl":"https://www.cookcountyassessoril.gov/pin/17083110040000"}},{"type":"Feature","geometry":{"type":"Point","coordinates":[-87.6537,41.88721]},"properties":{"name":"Class 7a Commercial - 312 N Carpenter St","incentiveClass":"Class 7a Commercial","classCode":"792","pin":"17084100150000","address":"312 N Carpenter St","zip":"60607","communityArea":"Near West Side","reportUrl":"https://www.cookcountyassessoril.gov/pin/17084100150000"}},{"type":"Feature","geometry":{"type":"Point","coordinates":[-87.65536,41.88645]},"properties":{"name":"Class 7a Commercial - 1115 W Fulton St","incentiveClass":"Class 7a Commercial","classCode":"792","pin":"17084200010000","address":"1115 W Fulton St","zip":"","communityArea":"Near West Side","reportUrl":"https://www.cookcountyassessoril.gov/pin/17084200010000"}},{"type":"Feature","geometry":{"type":"Point","coordinates":[-87.6551,41.88645]},"properties":{"name":"Class 7a Commercial - 1115 W Fulton Market","incentiveClass":"Class 7a Commercial","classCode":"792","pin":"17084200020000","address":"1115 W Fulton Market","zip":"60607","communityArea":"Near West Side","reportUrl":"https://www.cookcountyassessoril.gov/pin/17084200020000"}},{"type":"Feature","geometry":{"type":"Point","coordinates":[-87.65135,41.8865]},"properties":{"name":"Class 7a Commercial - 939 W Fulton St","incentiveClass":"Class 7a Commercial","classCode":"792","pin":"17084230020000","address":"939 W Fulton St","zip":"","communityArea":"Near West Side","reportUrl":"https://www.cookcountyassessoril.gov/pin/17084230020000"}},{"type":"Feature","geometry":{"type":"Point","coordinates":[-87.65043,41.88537]},"properties":{"name":"Class 7a Commercial - 913 W Lake St","incentiveClass":"Class 7a Commercial","classCode":"792","pin":"17084320020000","address":"913 W Lake St","zip":"60607","communityArea":"Near West Side","reportUrl":"https://www.cookcountyassessoril.gov/pin/17084320020000"}},{"type":"Feature","geometry":{"type":"Point","coordinates":[-87.65059,41.88465]},"properties":{"name":"Class 7a Commercial - 918 W Randolph St","incentiveClass":"Class 7a Commercial","classCode":"792","pin":"17084320080000","address":"918 W Randolph St","zip":"60607","communityArea":"Near West Side","reportUrl":"https://www.cookcountyassessoril.gov/pin/17084320080000"}},{"type":"Feature","geometry":{"type":"Point","coordinates":[-87.6505,41.88465]},"properties":{"name":"Class 7a Commercial - 916 W Randolph St","incentiveClass":"Class 7a Commercial","classCode":"792","pin":"17084320090000","address":"916 W Randolph St","zip":"60607","communityArea":"Near West Side","reportUrl":"https://www.cookcountyassessoril.gov/pin/17084320090000"}},{"type":"Feature","geometry":{"type":"Point","coordinates":[-87.65041,41.88465]},"properties":{"name":"Class 7a Commercial - 912 W Randolph St","incentiveClass":"Class 7a Commercial","classCode":"792","pin":"17084320100000","address":"912 W Randolph St","zip":"60607","communityArea":"Near West Side","reportUrl":"https://www.cookcountyassessoril.gov/pin/17084320100000"}},{"type":"Feature","geometry":{"type":"Point","coordinates":[-87.65067,41.88506]},"properties":{"name":"Class 7a Commercial - 924 W Randolph St","incentiveClass":"Class 7a Commercial","classCode":"792","pin":"17084320150000","address":"924 W Randolph St","zip":"60607","communityArea":"Near West Side","reportUrl":"https://www.cookcountyassessoril.gov/pin/17084320150000"}},{"type":"Feature","geometry":{"type":"Point","coordinates":[-87.65038,41.88406]},"properties":{"name":"Class 7a Commercial - 911 W Randolph St","incentiveClass":"Class 7a Commercial","classCode":"792","pin":"17084400030000","address":"911 W Randolph St","zip":"60607","communityArea":"Near West Side","reportUrl":"https://www.cookcountyassessoril.gov/pin/17084400030000"}},{"type":"Feature","geometry":{"type":"Point","coordinates":[-87.63007,41.89367]},"properties":{"name":"Class 7a Commercial - 640 N Dearborn St","incentiveClass":"Class 7a Commercial","classCode":"791","pin":"17092260080000","address":"640 N Dearborn St","zip":"60654","communityArea":"Near North Side","reportUrl":"https://www.cookcountyassessoril.gov/pin/17092260080000"}},{"type":"Feature","geometry":{"type":"Point","coordinates":[-87.63006,41.8935]},"properties":{"name":"Class 7a Commercial - 50 W Ontario St","incentiveClass":"Class 7a Commercial","classCode":"791","pin":"17092260140000","address":"50 W Ontario St","zip":"60654","communityArea":"Near North Side","reportUrl":"https://www.cookcountyassessoril.gov/pin/17092260140000"}},{"type":"Feature","geometry":{"type":"Point","coordinates":[-87.63293,41.891]},"properties":{"name":"Class 7a Commercial - 500 N La Salle St","incentiveClass":"Class 7a Commercial","classCode":"792","pin":"17092450140000","address":"500 N La Salle St","zip":"60654","communityArea":"Near North Side","reportUrl":"https://www.cookcountyassessoril.gov/pin/17092450140000"}},{"type":"Feature","geometry":{"type":"Point","coordinates":[-87.63013,41.89027]},"properties":{"name":"Class 7a Commercial - 54 W Hubbard St","incentiveClass":"Class 7a Commercial","classCode":"791","pin":"17092540090000","address":"54 W Hubbard St","zip":"60654","communityArea":"Near North Side","reportUrl":"https://www.cookcountyassessoril.gov/pin/17092540090000"}},{"type":"Feature","geometry":{"type":"Point","coordinates":[-87.64674,41.88536]},"properties":{"name":"Class 9 Multifamily - 727 W Lake St","incentiveClass":"Class 9 Multifamily","classCode":"991","pin":"17093180030000","address":"727 W Lake St","zip":"60661","communityArea":"Near West Side","reportUrl":"https://www.cookcountyassessoril.gov/pin/17093180030000"}},{"type":"Feature","geometry":{"type":"Point","coordinates":[-87.62482,41.88989]},"properties":{"name":"Class 7a Commercial - 422 N Michigan Ave","incentiveClass":"Class 7a Commercial","classCode":"791B","pin":"17101330040000","address":"422 N Michigan Ave","zip":"60611","communityArea":"Near North Side","reportUrl":"https://www.cookcountyassessoril.gov/pin/17101330040000"}},{"type":"Feature","geometry":{"type":"Point","coordinates":[-87.62482,41.88989]},"properties":{"name":"Class 7a Commercial - 422 Michigan","incentiveClass":"Class 7a Commercial","classCode":"791B","pin":"17101330050000","address":"422 Michigan","zip":"60611","communityArea":"Near North Side","reportUrl":"https://www.cookcountyassessoril.gov/pin/17101330050000"}},{"type":"Feature","geometry":{"type":"Point","coordinates":[-87.62482,41.88989]},"properties":{"name":"Class 7a Commercial - 422 Michigan","incentiveClass":"Class 7a Commercial","classCode":"791B","pin":"17101330060000","address":"422 Michigan","zip":"60611","communityArea":"Near North Side","reportUrl":"https://www.cookcountyassessoril.gov/pin/17101330060000"}},{"type":"Feature","geometry":{"type":"Point","coordinates":[-87.62482,41.88989]},"properties":{"name":"Class 7a Commercial - 422 Michigan","incentiveClass":"Class 7a Commercial","classCode":"791B","pin":"17101330070000","address":"422 Michigan","zip":"60611","communityArea":"Near North Side","reportUrl":"https://www.cookcountyassessoril.gov/pin/17101330070000"}},{"type":"Feature","geometry":{"type":"Point","coordinates":[-87.62482,41.88989]},"properties":{"name":"Class 7a Commercial - 422 Michigan","incentiveClass":"Class 7a Commercial","classCode":"791B","pin":"17101330080000","address":"422 Michigan","zip":"60611","communityArea":"Near North Side","reportUrl":"https://www.cookcountyassessoril.gov/pin/17101330080000"}},{"type":"Feature","geometry":{"type":"Point","coordinates":[-87.62482,41.88989]},"properties":{"name":"Class 7a Commercial - 422 Michigan","incentiveClass":"Class 7a Commercial","classCode":"791A","pin":"17101330090000","address":"422 Michigan","zip":"60611","communityArea":"Near North Side","reportUrl":"https://www.cookcountyassessoril.gov/pin/17101330090000"}},{"type":"Feature","geometry":{"type":"Point","coordinates":[-87.62749,41.88844]},"properties":{"name":"Class 7a Commercial - 330 N Wabash Ave","incentiveClass":"Class 7a Commercial","classCode":"797A","pin":"17101350420000","address":"330 N Wabash Ave","zip":"60611","communityArea":"Near North Side","reportUrl":"https://www.cookcountyassessoril.gov/pin/17101350420000"}},{"type":"Feature","geometry":{"type":"Point","coordinates":[-87.62755,41.88896]},"properties":{"name":"Class 7a Commercial - 330 N Wabash Ave","incentiveClass":"Class 7a Commercial","classCode":"797A","pin":"17101350430000","address":"330 N Wabash Ave","zip":"60611","communityArea":"Near North Side","reportUrl":"https://www.cookcountyassessoril.gov/pin/17101350430000"}},{"type":"Feature","geometry":{"type":"Point","coordinates":[-87.62749,41.88844]},"properties":{"name":"Class 7a Commercial - 330 N Wabash Ave","incentiveClass":"Class 7a Commercial","classCode":"797A","pin":"17101350440000","address":"330 N Wabash Ave","zip":"60611","communityArea":"Near North Side","reportUrl":"https://www.cookcountyassessoril.gov/pin/17101350440000"}},{"type":"Feature","geometry":{"type":"Point","coordinates":[-87.62755,41.88896]},"properties":{"name":"Class 7a Commercial - 330 N Wabash Ave","incentiveClass":"Class 7a Commercial","classCode":"797A","pin":"17101350450000","address":"330 N Wabash Ave","zip":"60611","communityArea":"Near North Side","reportUrl":"https://www.cookcountyassessoril.gov/pin/17101350450000"}},{"type":"Feature","geometry":{"type":"Point","coordinates":[-87.6249,41.88944]},"properties":{"name":"Class 7a Commercial - 400 N Michigan Ave","incentiveClass":"Class 7a Commercial","classCode":"791B","pin":"17101370030000","address":"400 N Michigan Ave","zip":"60611","communityArea":"Near North Side","reportUrl":"https://www.cookcountyassessoril.gov/pin/17101370030000"}},{"type":"Feature","geometry":{"type":"Point","coordinates":[-87.62496,41.88943]},"properties":{"name":"Class 7a Commercial - 400 N Michigan Ave","incentiveClass":"Class 7a Commercial","classCode":"791B","pin":"17101370040000","address":"400 N Michigan Ave","zip":"60611","communityArea":"Near North Side","reportUrl":"https://www.cookcountyassessoril.gov/pin/17101370040000"}},{"type":"Feature","geometry":{"type":"Point","coordinates":[-87.62543,41.88703]},"properties":{"name":"Class 7a Commercial - 68 E Wacker Pl","incentiveClass":"Class 7a Commercial","classCode":"729A","pin":"17103000160000","address":"68 E Wacker Pl","zip":"60601","communityArea":"Loop","reportUrl":"https://www.cookcountyassessoril.gov/pin/17103000160000"}},{"type":"Feature","geometry":{"type":"Point","coordinates":[-87.62519,41.88787]},"properties":{"name":"Class 7a Commercial - 85 E Wacker Dr","incentiveClass":"Class 7a Commercial","classCode":"797","pin":"17103000260000","address":"85 E Wacker Dr","zip":"60601","communityArea":"Loop","reportUrl":"https://www.cookcountyassessoril.gov/pin/17103000260000"}},{"type":"Feature","geometry":{"type":"Point","coordinates":[-87.62489,41.88796]},"properties":{"name":"Class 7a Commercial - 85 E Wacker Dr","incentiveClass":"Class 7a Commercial","classCode":"797","pin":"17103000270000","address":"85 E Wacker Dr","zip":"60601","communityArea":"Loop","reportUrl":"https://www.cookcountyassessoril.gov/pin/17103000270000"}},{"type":"Feature","geometry":{"type":"Point","coordinates":[-87.62519,41.88787]},"properties":{"name":"Class 7a Commercial - 85 E Wacker Dr","incentiveClass":"Class 7a Commercial","classCode":"797","pin":"17103000280000","address":"85 E Wacker Dr","zip":"60601","communityArea":"Loop","reportUrl":"https://www.cookcountyassessoril.gov/pin/17103000280000"}},{"type":"Feature","geometry":{"type":"Point","coordinates":[-87.62489,41.88796]},"properties":{"name":"Class 7a Commercial - 85 E Wacker Dr","incentiveClass":"Class 7a Commercial","classCode":"797","pin":"17103000290000","address":"85 E Wacker Dr","zip":"60601","communityArea":"Loop","reportUrl":"https://www.cookcountyassessoril.gov/pin/17103000290000"}},{"type":"Feature","geometry":{"type":"Point","coordinates":[-87.6242,41.88789]},"properties":{"name":"Class 7a Commercial - 333 N Michigan Ave","incentiveClass":"Class 7a Commercial","classCode":"791","pin":"17103010010000","address":"333 N Michigan Ave","zip":"60601","communityArea":"Loop","reportUrl":"https://www.cookcountyassessoril.gov/pin/17103010010000"}},{"type":"Feature","geometry":{"type":"Point","coordinates":[-87.62419,41.88762]},"properties":{"name":"Class 7a Commercial - 333 N Michigan Ave","incentiveClass":"Class 7a Commercial","classCode":"791","pin":"17103010030000","address":"333 N Michigan Ave","zip":"60601","communityArea":"Loop","reportUrl":"https://www.cookcountyassessoril.gov/pin/17103010030000"}},{"type":"Feature","geometry":{"type":"Point","coordinates":[-87.62427,41.88709]},"properties":{"name":"Class 7a Commercial - 307 N Michigan Ave","incentiveClass":"Class 7a Commercial","classCode":"791B","pin":"17103010060000","address":"307 N Michigan Ave","zip":"60601","communityArea":"Loop","reportUrl":"https://www.cookcountyassessoril.gov/pin/17103010060000"}},{"type":"Feature","geometry":{"type":"Point","coordinates":[-87.6242,41.88709]},"properties":{"name":"Class 7a Commercial - 307 N Michigan Ave","incentiveClass":"Class 7a Commercial","classCode":"791B","pin":"17103010070000","address":"307 N Michigan Ave","zip":"60601","communityArea":"Loop","reportUrl":"https://www.cookcountyassessoril.gov/pin/17103010070000"}},{"type":"Feature","geometry":{"type":"Point","coordinates":[-87.62411,41.88709]},"properties":{"name":"Class 7a Commercial - 311 N Michigan Ave","incentiveClass":"Class 7a Commercial","classCode":"791B","pin":"17103010080000","address":"311 N Michigan Ave","zip":"60601","communityArea":"Loop","reportUrl":"https://www.cookcountyassessoril.gov/pin/17103010080000"}},{"type":"Feature","geometry":{"type":"Point","coordinates":[-87.62602,41.88606]},"properties":{"name":"Class 7a Commercial - 203 N Wabash Ave","incentiveClass":"Class 7a Commercial","classCode":"729A","pin":"17103030070000","address":"203 N Wabash Ave","zip":"60601","communityArea":"Loop","reportUrl":"https://www.cookcountyassessoril.gov/pin/17103030070000"}},{"type":"Feature","geometry":{"type":"Point","coordinates":[-87.62723,41.88386]},"properties":{"name":"Class 7a Commercial - 111 N State St","incentiveClass":"Class 7a Commercial","classCode":"797","pin":"17103080070000","address":"111 N State St","zip":"60602","communityArea":"Loop","reportUrl":"https://www.cookcountyassessoril.gov/pin/17103080070000"}},{"type":"Feature","geometry":{"type":"Point","coordinates":[-87.6267,41.88419]},"properties":{"name":"Class 7a Commercial - 111 N State St","incentiveClass":"Class 7a Commercial","classCode":"797","pin":"17103080080000","address":"111 N State St","zip":"60602","communityArea":"Loop","reportUrl":"https://www.cookcountyassessoril.gov/pin/17103080080000"}},{"type":"Feature","geometry":{"type":"Point","coordinates":[-87.62668,41.88371]},"properties":{"name":"Class 7a Commercial - 111 N State St","incentiveClass":"Class 7a Commercial","classCode":"797","pin":"17103080090000","address":"111 N State St","zip":"60602","communityArea":"Loop","reportUrl":"https://www.cookcountyassessoril.gov/pin/17103080090000"}},{"type":"Feature","geometry":{"type":"Point","coordinates":[-87.62668,41.88348]},"properties":{"name":"Class 7a Commercial - 111 N State St","incentiveClass":"Class 7a Commercial","classCode":"797","pin":"17103080100000","address":"111 N State St","zip":"60602","communityArea":"Loop","reportUrl":"https://www.cookcountyassessoril.gov/pin/17103080100000"}},{"type":"Feature","geometry":{"type":"Point","coordinates":[-87.62723,41.88386]},"properties":{"name":"Class 7a Commercial - 111 N State St","incentiveClass":"Class 7a Commercial","classCode":"797","pin":"17103080110000","address":"111 N State St","zip":"60602","communityArea":"Loop","reportUrl":"https://www.cookcountyassessoril.gov/pin/17103080110000"}},{"type":"Feature","geometry":{"type":"Point","coordinates":[-87.6267,41.88419]},"properties":{"name":"Class 7a Commercial - 111 N State St","incentiveClass":"Class 7a Commercial","classCode":"797","pin":"17103080120000","address":"111 N State St","zip":"60602","communityArea":"Loop","reportUrl":"https://www.cookcountyassessoril.gov/pin/17103080120000"}},{"type":"Feature","geometry":{"type":"Point","coordinates":[-87.62668,41.88356]},"properties":{"name":"Class 7a Commercial - 111 N State St","incentiveClass":"Class 7a Commercial","classCode":"797","pin":"17103080130000","address":"111 N State St","zip":"60602","communityArea":"Loop","reportUrl":"https://www.cookcountyassessoril.gov/pin/17103080130000"}},{"type":"Feature","geometry":{"type":"Point","coordinates":[-87.62668,41.88348]},"properties":{"name":"Class 7a Commercial - 111 N State St","incentiveClass":"Class 7a Commercial","classCode":"797","pin":"17103080140000","address":"111 N State St","zip":"60602","communityArea":"Loop","reportUrl":"https://www.cookcountyassessoril.gov/pin/17103080140000"}},{"type":"Feature","geometry":{"type":"Point","coordinates":[-87.62739,41.88416]},"properties":{"name":"Class 7a Commercial - 111 N State St","incentiveClass":"Class 7a Commercial","classCode":"797","pin":"17103080150000","address":"111 N State St","zip":"60602","communityArea":"Loop","reportUrl":"https://www.cookcountyassessoril.gov/pin/17103080150000"}},{"type":"Feature","geometry":{"type":"Point","coordinates":[-87.62738,41.88361]},"properties":{"name":"Class 7a Commercial - 111 N State St","incentiveClass":"Class 7a Commercial","classCode":"797","pin":"17103080160000","address":"111 N State St","zip":"60602","communityArea":"Loop","reportUrl":"https://www.cookcountyassessoril.gov/pin/17103080160000"}},{"type":"Feature","geometry":{"type":"Point","coordinates":[-87.62738,41.88361]},"properties":{"name":"Class 7a Commercial - 111 N State St","incentiveClass":"Class 7a Commercial","classCode":"797","pin":"17103080170000","address":"111 N State St","zip":"60602","communityArea":"Loop","reportUrl":"https://www.cookcountyassessoril.gov/pin/17103080170000"}},{"type":"Feature","geometry":{"type":"Point","coordinates":[-87.62668,41.88348]},"properties":{"name":"Class 7a Commercial - 111 N State St","incentiveClass":"Class 7a Commercial","classCode":"797","pin":"17103080180000","address":"111 N State St","zip":"60602","communityArea":"Loop","reportUrl":"https://www.cookcountyassessoril.gov/pin/17103080180000"}},{"type":"Feature","geometry":{"type":"Point","coordinates":[-87.62703,41.88348]},"properties":{"name":"Class 7a Commercial - 111 N State St","incentiveClass":"Class 7a Commercial","classCode":"797","pin":"17103080190000","address":"111 N State St","zip":"60602","communityArea":"Loop","reportUrl":"https://www.cookcountyassessoril.gov/pin/17103080190000"}},{"type":"Feature","geometry":{"type":"Point","coordinates":[-87.6275,41.88385]},"properties":{"name":"Class 7a Commercial - 111 N State St","incentiveClass":"Class 7a Commercial","classCode":"797","pin":"17103080200000","address":"111 N State St","zip":"60602","communityArea":"Loop","reportUrl":"https://www.cookcountyassessoril.gov/pin/17103080200000"}},{"type":"Feature","geometry":{"type":"Point","coordinates":[-87.62641,41.88389]},"properties":{"name":"Class 7a Commercial - 111 N State St","incentiveClass":"Class 7a Commercial","classCode":"797","pin":"17103080210000","address":"111 N State St","zip":"60602","communityArea":"Loop","reportUrl":"https://www.cookcountyassessoril.gov/pin/17103080210000"}},{"type":"Feature","geometry":{"type":"Point","coordinates":[-87.62657,41.88429]},"properties":{"name":"Class 7a Commercial - 111 N State St","incentiveClass":"Class 7a Commercial","classCode":"797","pin":"17103080220000","address":"111 N State St","zip":"60602","communityArea":"Loop","reportUrl":"https://www.cookcountyassessoril.gov/pin/17103080220000"}},{"type":"Feature","geometry":{"type":"Point","coordinates":[-87.62653,41.88345]},"properties":{"name":"Class 7a Commercial - 111 N State St","incentiveClass":"Class 7a Commercial","classCode":"797","pin":"17103080230000","address":"111 N State St","zip":"60602","communityArea":"Loop","reportUrl":"https://www.cookcountyassessoril.gov/pin/17103080230000"}},{"type":"Feature","geometry":{"type":"Point","coordinates":[-87.6275,41.88385]},"properties":{"name":"Class 7a Commercial - 111 N State St","incentiveClass":"Class 7a Commercial","classCode":"797","pin":"17103080240000","address":"111 N State St","zip":"60602","communityArea":"Loop","reportUrl":"https://www.cookcountyassessoril.gov/pin/17103080240000"}},{"type":"Feature","geometry":{"type":"Point","coordinates":[-87.62641,41.88389]},"properties":{"name":"Class 7a Commercial - 111 N State St","incentiveClass":"Class 7a Commercial","classCode":"797","pin":"17103080250000","address":"111 N State St","zip":"60602","communityArea":"Loop","reportUrl":"https://www.cookcountyassessoril.gov/pin/17103080250000"}},{"type":"Feature","geometry":{"type":"Point","coordinates":[-87.62657,41.88429]},"properties":{"name":"Class 7a Commercial - 111 N State St","incentiveClass":"Class 7a Commercial","classCode":"797","pin":"17103080260000","address":"111 N State St","zip":"60602","communityArea":"Loop","reportUrl":"https://www.cookcountyassessoril.gov/pin/17103080260000"}},{"type":"Feature","geometry":{"type":"Point","coordinates":[-87.62653,41.88345]},"properties":{"name":"Class 7a Commercial - 111 N State St","incentiveClass":"Class 7a Commercial","classCode":"797","pin":"17103080270000","address":"111 N State St","zip":"60602","communityArea":"Loop","reportUrl":"https://www.cookcountyassessoril.gov/pin/17103080270000"}},{"type":"Feature","geometry":{"type":"Point","coordinates":[-87.62745,41.88382]},"properties":{"name":"Class 7a Commercial - 111 N State St","incentiveClass":"Class 7a Commercial","classCode":"797","pin":"17103080280000","address":"111 N State St","zip":"60602","communityArea":"Loop","reportUrl":"https://www.cookcountyassessoril.gov/pin/17103080280000"}},{"type":"Feature","geometry":{"type":"Point","coordinates":[-87.6266,41.88365]},"properties":{"name":"Class 7a Commercial - 111 N State St","incentiveClass":"Class 7a Commercial","classCode":"797","pin":"17103080290000","address":"111 N State St","zip":"60602","communityArea":"Loop","reportUrl":"https://www.cookcountyassessoril.gov/pin/17103080290000"}},{"type":"Feature","geometry":{"type":"Point","coordinates":[-87.62641,41.88389]},"properties":{"name":"Class 7a Commercial - 111 N State St","incentiveClass":"Class 7a Commercial","classCode":"797","pin":"17103080300000","address":"111 N State St","zip":"60602","communityArea":"Loop","reportUrl":"https://www.cookcountyassessoril.gov/pin/17103080300000"}},{"type":"Feature","geometry":{"type":"Point","coordinates":[-87.62657,41.88429]},"properties":{"name":"Class 7a Commercial - 111 N State St","incentiveClass":"Class 7a Commercial","classCode":"797","pin":"17103080310000","address":"111 N State St","zip":"60602","communityArea":"Loop","reportUrl":"https://www.cookcountyassessoril.gov/pin/17103080310000"}},{"type":"Feature","geometry":{"type":"Point","coordinates":[-87.62723,41.88386]},"properties":{"name":"Class 7a Commercial - 111 N State St","incentiveClass":"Class 7a Commercial","classCode":"797","pin":"17103080320000","address":"111 N State St","zip":"60602","communityArea":"Loop","reportUrl":"https://www.cookcountyassessoril.gov/pin/17103080320000"}},{"type":"Feature","geometry":{"type":"Point","coordinates":[-87.6267,41.88419]},"properties":{"name":"Class 7a Commercial - 111 N State St","incentiveClass":"Class 7a Commercial","classCode":"797","pin":"17103080330000","address":"111 N State St","zip":"60602","communityArea":"Loop","reportUrl":"https://www.cookcountyassessoril.gov/pin/17103080330000"}},{"type":"Feature","geometry":{"type":"Point","coordinates":[-87.62668,41.88356]},"properties":{"name":"Class 7a Commercial - 111 N State St","incentiveClass":"Class 7a Commercial","classCode":"797","pin":"17103080340000","address":"111 N State St","zip":"60602","communityArea":"Loop","reportUrl":"https://www.cookcountyassessoril.gov/pin/17103080340000"}},{"type":"Feature","geometry":{"type":"Point","coordinates":[-87.62723,41.88386]},"properties":{"name":"Class 7a Commercial - 111 N State St","incentiveClass":"Class 7a Commercial","classCode":"797","pin":"17103080350000","address":"111 N State St","zip":"60602","communityArea":"Loop","reportUrl":"https://www.cookcountyassessoril.gov/pin/17103080350000"}},{"type":"Feature","geometry":{"type":"Point","coordinates":[-87.6267,41.88419]},"properties":{"name":"Class 7a Commercial - 111 N State St","incentiveClass":"Class 7a Commercial","classCode":"797","pin":"17103080360000","address":"111 N State St","zip":"60602","communityArea":"Loop","reportUrl":"https://www.cookcountyassessoril.gov/pin/17103080360000"}},{"type":"Feature","geometry":{"type":"Point","coordinates":[-87.62668,41.88356]},"properties":{"name":"Class 7a Commercial - 111 N State St","incentiveClass":"Class 7a Commercial","classCode":"797","pin":"17103080370000","address":"111 N State St","zip":"60602","communityArea":"Loop","reportUrl":"https://www.cookcountyassessoril.gov/pin/17103080370000"}},{"type":"Feature","geometry":{"type":"Point","coordinates":[-87.62724,41.88388]},"properties":{"name":"Class 7a Commercial - 24 E Washington St","incentiveClass":"Class 7a Commercial","classCode":"797","pin":"17103080380000","address":"24 E Washington St","zip":"60602","communityArea":"Loop","reportUrl":"https://www.cookcountyassessoril.gov/pin/17103080380000"}},{"type":"Feature","geometry":{"type":"Point","coordinates":[-87.6267,41.88419]},"properties":{"name":"Class 7a Commercial - 24 E Washington St","incentiveClass":"Class 7a Commercial","classCode":"797","pin":"17103080390000","address":"24 E Washington St","zip":"60602","communityArea":"Loop","reportUrl":"https://www.cookcountyassessoril.gov/pin/17103080390000"}},{"type":"Feature","geometry":{"type":"Point","coordinates":[-87.62668,41.88371]},"properties":{"name":"Class 7a Commercial - 24 E Washington St","incentiveClass":"Class 7a Commercial","classCode":"797","pin":"17103080400000","address":"24 E Washington St","zip":"60602","communityArea":"Loop","reportUrl":"https://www.cookcountyassessoril.gov/pin/17103080400000"}},{"type":"Feature","geometry":{"type":"Point","coordinates":[-87.62703,41.88348]},"properties":{"name":"Class 7a Commercial - 24 E Washington St","incentiveClass":"Class 7a Commercial","classCode":"797","pin":"17103080410000","address":"24 E Washington St","zip":"60602","communityArea":"Loop","reportUrl":"https://www.cookcountyassessoril.gov/pin/17103080410000"}},{"type":"Feature","geometry":{"type":"Point","coordinates":[-87.62668,41.88348]},"properties":{"name":"Class 7a Commercial - 24 E Washington St","incentiveClass":"Class 7a Commercial","classCode":"797","pin":"17103080420000","address":"24 E Washington St","zip":"60602","communityArea":"Loop","reportUrl":"https://www.cookcountyassessoril.gov/pin/17103080420000"}},{"type":"Feature","geometry":{"type":"Point","coordinates":[-87.62709,41.88377]},"properties":{"name":"Class 7a Commercial - 24 E Washington St","incentiveClass":"Class 7a Commercial","classCode":"797","pin":"17103080430000","address":"24 E Washington St","zip":"60602","communityArea":"Loop","reportUrl":"https://www.cookcountyassessoril.gov/pin/17103080430000"}},{"type":"Feature","geometry":{"type":"Point","coordinates":[-87.62703,41.88373]},"properties":{"name":"Class 7a Commercial - 24 E Washington St","incentiveClass":"Class 7a Commercial","classCode":"797","pin":"17103080440000","address":"24 E Washington St","zip":"60602","communityArea":"Loop","reportUrl":"https://www.cookcountyassessoril.gov/pin/17103080440000"}},{"type":"Feature","geometry":{"type":"Point","coordinates":[-87.62703,41.88363]},"properties":{"name":"Class 7a Commercial - 24 E Washington St","incentiveClass":"Class 7a Commercial","classCode":"797","pin":"17103080450000","address":"24 E Washington St","zip":"60602","communityArea":"Loop","reportUrl":"https://www.cookcountyassessoril.gov/pin/17103080450000"}},{"type":"Feature","geometry":{"type":"Point","coordinates":[-87.62709,41.88373]},"properties":{"name":"Class 7a Commercial - 24 E Washington St","incentiveClass":"Class 7a Commercial","classCode":"797","pin":"17103080460000","address":"24 E Washington St","zip":"60602","communityArea":"Loop","reportUrl":"https://www.cookcountyassessoril.gov/pin/17103080460000"}},{"type":"Feature","geometry":{"type":"Point","coordinates":[-87.62703,41.88373]},"properties":{"name":"Class 7a Commercial - 24 E Washington St","incentiveClass":"Class 7a Commercial","classCode":"797","pin":"17103080470000","address":"24 E Washington St","zip":"60602","communityArea":"Loop","reportUrl":"https://www.cookcountyassessoril.gov/pin/17103080470000"}},{"type":"Feature","geometry":{"type":"Point","coordinates":[-87.62704,41.88376]},"properties":{"name":"Class 7a Commercial - 24 E Washington St","incentiveClass":"Class 7a Commercial","classCode":"797","pin":"17103080480000","address":"24 E Washington St","zip":"60602","communityArea":"Loop","reportUrl":"https://www.cookcountyassessoril.gov/pin/17103080480000"}},{"type":"Feature","geometry":{"type":"Point","coordinates":[-87.62714,41.88403]},"properties":{"name":"Class 7a Commercial - 24 E Washington St","incentiveClass":"Class 7a Commercial","classCode":"797","pin":"17103080490000","address":"24 E Washington St","zip":"60602","communityArea":"Loop","reportUrl":"https://www.cookcountyassessoril.gov/pin/17103080490000"}},{"type":"Feature","geometry":{"type":"Point","coordinates":[-87.62714,41.88403]},"properties":{"name":"Class 7a Commercial - 24 E Washington St","incentiveClass":"Class 7a Commercial","classCode":"797","pin":"17103080500000","address":"24 E Washington St","zip":"60602","communityArea":"Loop","reportUrl":"https://www.cookcountyassessoril.gov/pin/17103080500000"}},{"type":"Feature","geometry":{"type":"Point","coordinates":[-87.62747,41.8828]},"properties":{"name":"Class 7a Commercial - 17 N State St","incentiveClass":"Class 7a Commercial","classCode":"791A","pin":"17103110020000","address":"17 N State St","zip":"60602","communityArea":"Loop","reportUrl":"https://www.cookcountyassessoril.gov/pin/17103110020000"}},{"type":"Feature","geometry":{"type":"Point","coordinates":[-87.62736,41.88274]},"properties":{"name":"Class 7a Commercial - 17 N State St","incentiveClass":"Class 7a Commercial","classCode":"791A","pin":"17103110040000","address":"17 N State St","zip":"60602","communityArea":"Loop","reportUrl":"https://www.cookcountyassessoril.gov/pin/17103110040000"}},{"type":"Feature","geometry":{"type":"Point","coordinates":[-87.62735,41.88264]},"properties":{"name":"Class 7a Commercial - 17 N State St","incentiveClass":"Class 7a Commercial","classCode":"791A","pin":"17103110050000","address":"17 N State St","zip":"60602","communityArea":"Loop","reportUrl":"https://www.cookcountyassessoril.gov/pin/17103110050000"}},{"type":"Feature","geometry":{"type":"Point","coordinates":[-87.62665,41.88265]},"properties":{"name":"Class 7a Commercial - 16 N Wabash Ave","incentiveClass":"Class 7a Commercial","classCode":"791A","pin":"17103110100000","address":"16 N Wabash Ave","zip":"60602","communityArea":"Loop","reportUrl":"https://www.cookcountyassessoril.gov/pin/17103110100000"}},{"type":"Feature","geometry":{"type":"Point","coordinates":[-87.62719,41.8828]},"properties":{"name":"Class 7a Commercial - 17 N State St","incentiveClass":"Class 7a Commercial","classCode":"791A","pin":"17103110140000","address":"17 N State St","zip":"60602","communityArea":"Loop","reportUrl":"https://www.cookcountyassessoril.gov/pin/17103110140000"}},{"type":"Feature","geometry":{"type":"Point","coordinates":[-87.627,41.88238]},"properties":{"name":"Class 7a Commercial - 30 E Madison St","incentiveClass":"Class 7a Commercial","classCode":"797A","pin":"17103110150000","address":"30 E Madison St","zip":"60602","communityArea":"Loop","reportUrl":"https://www.cookcountyassessoril.gov/pin/17103110150000"}},{"type":"Feature","geometry":{"type":"Point","coordinates":[-87.627,41.88238]},"properties":{"name":"Class 7a Commercial - 30 E Madison St","incentiveClass":"Class 7a Commercial","classCode":"797A","pin":"17103110160000","address":"30 E Madison St","zip":"60602","communityArea":"Loop","reportUrl":"https://www.cookcountyassessoril.gov/pin/17103110160000"}},{"type":"Feature","geometry":{"type":"Point","coordinates":[-87.62719,41.8824]},"properties":{"name":"Class 7a Commercial - 30 E Madison St","incentiveClass":"Class 7a Commercial","classCode":"797A","pin":"17103110170000","address":"30 E Madison St","zip":"60602","communityArea":"Loop","reportUrl":"https://www.cookcountyassessoril.gov/pin/17103110170000"}},{"type":"Feature","geometry":{"type":"Point","coordinates":[-87.62664,41.88238]},"properties":{"name":"Class 7a Commercial - 30 E Madison St","incentiveClass":"Class 7a Commercial","classCode":"797A","pin":"17103110180000","address":"30 E Madison St","zip":"60602","communityArea":"Loop","reportUrl":"https://www.cookcountyassessoril.gov/pin/17103110180000"}},{"type":"Feature","geometry":{"type":"Point","coordinates":[-87.62707,41.8824]},"properties":{"name":"Class 7a Commercial - 30 E Madison St","incentiveClass":"Class 7a Commercial","classCode":"797A","pin":"17103110190000","address":"30 E Madison St","zip":"60602","communityArea":"Loop","reportUrl":"https://www.cookcountyassessoril.gov/pin/17103110190000"}},{"type":"Feature","geometry":{"type":"Point","coordinates":[-87.62665,41.88248]},"properties":{"name":"Class 7a Commercial - 30 E Madison St","incentiveClass":"Class 7a Commercial","classCode":"797A","pin":"17103110200000","address":"30 E Madison St","zip":"60602","communityArea":"Loop","reportUrl":"https://www.cookcountyassessoril.gov/pin/17103110200000"}},{"type":"Feature","geometry":{"type":"Point","coordinates":[-87.62723,41.88238]},"properties":{"name":"Class 7a Commercial - 30 E Madison St","incentiveClass":"Class 7a Commercial","classCode":"797A","pin":"17103110210000","address":"30 E Madison St","zip":"60602","communityArea":"Loop","reportUrl":"https://www.cookcountyassessoril.gov/pin/17103110210000"}},{"type":"Feature","geometry":{"type":"Point","coordinates":[-87.62731,41.88236]},"properties":{"name":"Class 7a Commercial - 30 E Madison St","incentiveClass":"Class 7a Commercial","classCode":"797A","pin":"17103110220000","address":"30 E Madison St","zip":"60602","communityArea":"Loop","reportUrl":"https://www.cookcountyassessoril.gov/pin/17103110220000"}},{"type":"Feature","geometry":{"type":"Point","coordinates":[-87.62683,41.88245]},"properties":{"name":"Class 7a Commercial - 1 N State St","incentiveClass":"Class 7a Commercial","classCode":"797A","pin":"17103110230000","address":"1 N State St","zip":"60602","communityArea":"Loop","reportUrl":"https://www.cookcountyassessoril.gov/pin/17103110230000"}},{"type":"Feature","geometry":{"type":"Point","coordinates":[-87.62688,41.88256]},"properties":{"name":"Class 7a Commercial - 30 E Madison St","incentiveClass":"Class 7a Commercial","classCode":"797A","pin":"17103110240000","address":"30 E Madison St","zip":"60602","communityArea":"Loop","reportUrl":"https://www.cookcountyassessoril.gov/pin/17103110240000"}},{"type":"Feature","geometry":{"type":"Point","coordinates":[-87.62731,41.8822]},"properties":{"name":"Class 7a Commercial - 30 E Madison St","incentiveClass":"Class 7a Commercial","classCode":"797A","pin":"17103110250000","address":"30 E Madison St","zip":"60602","communityArea":"Loop","reportUrl":"https://www.cookcountyassessoril.gov/pin/17103110250000"}},{"type":"Feature","geometry":{"type":"Point","coordinates":[-87.62642,41.88256]},"properties":{"name":"Class 7a Commercial - 30 E Madison St","incentiveClass":"Class 7a Commercial","classCode":"797A","pin":"17103110260000","address":"30 E Madison St","zip":"60602","communityArea":"Loop","reportUrl":"https://www.cookcountyassessoril.gov/pin/17103110260000"}},{"type":"Feature","geometry":{"type":"Point","coordinates":[-87.62738,41.8822]},"properties":{"name":"Class 7a Commercial - 30 E Madison St","incentiveClass":"Class 7a Commercial","classCode":"797A","pin":"17103110270000","address":"30 E Madison St","zip":"60602","communityArea":"Loop","reportUrl":"https://www.cookcountyassessoril.gov/pin/17103110270000"}},{"type":"Feature","geometry":{"type":"Point","coordinates":[-87.62701,41.8825]},"properties":{"name":"Class 7a Commercial - 30 E Madison St","incentiveClass":"Class 7a Commercial","classCode":"797A","pin":"17103110280000","address":"30 E Madison St","zip":"60602","communityArea":"Loop","reportUrl":"https://www.cookcountyassessoril.gov/pin/17103110280000"}},{"type":"Feature","geometry":{"type":"Point","coordinates":[-87.627,41.88257]},"properties":{"name":"Class 7a Commercial - 30 E Madison St","incentiveClass":"Class 7a Commercial","classCode":"797A","pin":"17103110290000","address":"30 E Madison St","zip":"60602","communityArea":"Loop","reportUrl":"https://www.cookcountyassessoril.gov/pin/17103110290000"}},{"type":"Feature","geometry":{"type":"Point","coordinates":[-87.62699,41.88219]},"properties":{"name":"Class 7a Commercial - 30 E Madison St","incentiveClass":"Class 7a Commercial","classCode":"797A","pin":"17103110300000","address":"30 E Madison St","zip":"60602","communityArea":"Loop","reportUrl":"https://www.cookcountyassessoril.gov/pin/17103110300000"}},{"type":"Feature","geometry":{"type":"Point","coordinates":[-87.62664,41.88238]},"properties":{"name":"Class 7a Commercial - 30 E Madison St","incentiveClass":"Class 7a Commercial","classCode":"797A","pin":"17103110310000","address":"30 E Madison St","zip":"60602","communityArea":"Loop","reportUrl":"https://www.cookcountyassessoril.gov/pin/17103110310000"}},{"type":"Feature","geometry":{"type":"Point","coordinates":[-87.62663,41.88238]},"properties":{"name":"Class 7a Commercial - 30 E Madison St","incentiveClass":"Class 7a Commercial","classCode":"797A","pin":"17103110320000","address":"30 E Madison St","zip":"60602","communityArea":"Loop","reportUrl":"https://www.cookcountyassessoril.gov/pin/17103110320000"}},{"type":"Feature","geometry":{"type":"Point","coordinates":[-87.62699,41.88238]},"properties":{"name":"Class 7a Commercial - 30 E Madison St","incentiveClass":"Class 7a Commercial","classCode":"797A","pin":"17103110330000","address":"30 E Madison St","zip":"60602","communityArea":"Loop","reportUrl":"https://www.cookcountyassessoril.gov/pin/17103110330000"}},{"type":"Feature","geometry":{"type":"Point","coordinates":[-87.62666,41.88247]},"properties":{"name":"Class 7a Commercial - 30 E Madison St","incentiveClass":"Class 7a Commercial","classCode":"797A","pin":"17103110340000","address":"30 E Madison St","zip":"60602","communityArea":"Loop","reportUrl":"https://www.cookcountyassessoril.gov/pin/17103110340000"}},{"type":"Feature","geometry":{"type":"Point","coordinates":[-87.62684,41.88242]},"properties":{"name":"Class 7a Commercial - 30 E Madison St","incentiveClass":"Class 7a Commercial","classCode":"797A","pin":"17103110350000","address":"30 E Madison St","zip":"60602","communityArea":"Loop","reportUrl":"https://www.cookcountyassessoril.gov/pin/17103110350000"}},{"type":"Feature","geometry":{"type":"Point","coordinates":[-87.62684,41.88256]},"properties":{"name":"Class 7a Commercial - 30 E Madison St","incentiveClass":"Class 7a Commercial","classCode":"797A","pin":"17103110360000","address":"30 E Madison St","zip":"60602","communityArea":"Loop","reportUrl":"https://www.cookcountyassessoril.gov/pin/17103110360000"}},{"type":"Feature","geometry":{"type":"Point","coordinates":[-87.627,41.88254]},"properties":{"name":"Class 7a Commercial - 30 E Madison St","incentiveClass":"Class 7a Commercial","classCode":"797A","pin":"17103110370000","address":"30 E Madison St","zip":"60602","communityArea":"Loop","reportUrl":"https://www.cookcountyassessoril.gov/pin/17103110370000"}},{"type":"Feature","geometry":{"type":"Point","coordinates":[-87.627,41.88254]},"properties":{"name":"Class 7a Commercial - 30 E Madison St","incentiveClass":"Class 7a Commercial","classCode":"797A","pin":"17103110380000","address":"30 E Madison St","zip":"60602","communityArea":"Loop","reportUrl":"https://www.cookcountyassessoril.gov/pin/17103110380000"}},{"type":"Feature","geometry":{"type":"Point","coordinates":[-87.62728,41.88244]},"properties":{"name":"Class 7a Commercial - 30 E Madison St","incentiveClass":"Class 7a Commercial","classCode":"797A","pin":"17103110390000","address":"30 E Madison St","zip":"60602","communityArea":"Loop","reportUrl":"https://www.cookcountyassessoril.gov/pin/17103110390000"}},{"type":"Feature","geometry":{"type":"Point","coordinates":[-87.62728,41.88244]},"properties":{"name":"Class 7a Commercial - 30 E Madison St","incentiveClass":"Class 7a Commercial","classCode":"797A","pin":"17103110400000","address":"30 E Madison St","zip":"60602","communityArea":"Loop","reportUrl":"https://www.cookcountyassessoril.gov/pin/17103110400000"}},{"type":"Feature","geometry":{"type":"Point","coordinates":[-87.62709,41.88251]},"properties":{"name":"Class 7a Commercial - 30 E Madison St","incentiveClass":"Class 7a Commercial","classCode":"797A","pin":"17103110410000","address":"30 E Madison St","zip":"60602","communityArea":"Loop","reportUrl":"https://www.cookcountyassessoril.gov/pin/17103110410000"}},{"type":"Feature","geometry":{"type":"Point","coordinates":[-87.62709,41.88251]},"properties":{"name":"Class 7a Commercial - 30 E Madison St","incentiveClass":"Class 7a Commercial","classCode":"797A","pin":"17103110420000","address":"30 E Madison St","zip":"60602","communityArea":"Loop","reportUrl":"https://www.cookcountyassessoril.gov/pin/17103110420000"}},{"type":"Feature","geometry":{"type":"Point","coordinates":[-87.6268,41.88242]},"properties":{"name":"Class 7a Commercial - 30 E Madison St","incentiveClass":"Class 7a Commercial","classCode":"797A","pin":"17103110430000","address":"30 E Madison St","zip":"60602","communityArea":"Loop","reportUrl":"https://www.cookcountyassessoril.gov/pin/17103110430000"}},{"type":"Feature","geometry":{"type":"Point","coordinates":[-87.62679,41.88242]},"properties":{"name":"Class 7a Commercial - 30 E Madison St","incentiveClass":"Class 7a Commercial","classCode":"797A","pin":"17103110440000","address":"30 E Madison St","zip":"60602","communityArea":"Loop","reportUrl":"https://www.cookcountyassessoril.gov/pin/17103110440000"}},{"type":"Feature","geometry":{"type":"Point","coordinates":[-87.62721,41.88225]},"properties":{"name":"Class 7a Commercial - 30 E Madison St","incentiveClass":"Class 7a Commercial","classCode":"797A","pin":"17103110450000","address":"30 E Madison St","zip":"60602","communityArea":"Loop","reportUrl":"https://www.cookcountyassessoril.gov/pin/17103110450000"}},{"type":"Feature","geometry":{"type":"Point","coordinates":[-87.62721,41.88225]},"properties":{"name":"Class 7a Commercial - 30 E Madison St","incentiveClass":"Class 7a Commercial","classCode":"797A","pin":"17103110460000","address":"30 E Madison St","zip":"60602","communityArea":"Loop","reportUrl":"https://www.cookcountyassessoril.gov/pin/17103110460000"}},{"type":"Feature","geometry":{"type":"Point","coordinates":[-87.62688,41.88242]},"properties":{"name":"Class 7a Commercial - 30 E Madison St","incentiveClass":"Class 7a Commercial","classCode":"797A","pin":"17103110470000","address":"30 E Madison St","zip":"60602","communityArea":"Loop","reportUrl":"https://www.cookcountyassessoril.gov/pin/17103110470000"}},{"type":"Feature","geometry":{"type":"Point","coordinates":[-87.62688,41.88242]},"properties":{"name":"Class 7a Commercial - 30 E Madison St","incentiveClass":"Class 7a Commercial","classCode":"797A","pin":"17103110480000","address":"30 E Madison St","zip":"60602","communityArea":"Loop","reportUrl":"https://www.cookcountyassessoril.gov/pin/17103110480000"}},{"type":"Feature","geometry":{"type":"Point","coordinates":[-87.62721,41.88248]},"properties":{"name":"Class 7a Commercial - 30 E Madison St","incentiveClass":"Class 7a Commercial","classCode":"797A","pin":"17103110490000","address":"30 E Madison St","zip":"60602","communityArea":"Loop","reportUrl":"https://www.cookcountyassessoril.gov/pin/17103110490000"}},{"type":"Feature","geometry":{"type":"Point","coordinates":[-87.62721,41.88248]},"properties":{"name":"Class 7a Commercial - 30 E Madison St","incentiveClass":"Class 7a Commercial","classCode":"797A","pin":"17103110500000","address":"30 E Madison St","zip":"60602","communityArea":"Loop","reportUrl":"https://www.cookcountyassessoril.gov/pin/17103110500000"}},{"type":"Feature","geometry":{"type":"Point","coordinates":[-87.62718,41.8824]},"properties":{"name":"Class 7a Commercial - 30 E Madison St","incentiveClass":"Class 7a Commercial","classCode":"797A","pin":"17103110590000","address":"30 E Madison St","zip":"60602","communityArea":"Loop","reportUrl":"https://www.cookcountyassessoril.gov/pin/17103110590000"}},{"type":"Feature","geometry":{"type":"Point","coordinates":[-87.62498,41.88298]},"properties":{"name":"Class 7a Commercial - 30 N Michigan Ave","incentiveClass":"Class 7a Commercial","classCode":"791","pin":"17103120060000","address":"30 N Michigan Ave","zip":"60602","communityArea":"Loop","reportUrl":"https://www.cookcountyassessoril.gov/pin/17103120060000"}},{"type":"Feature","geometry":{"type":"Point","coordinates":[-87.62519,41.88188]},"properties":{"name":"Class 7b Commercial - 71 E Madison St","incentiveClass":"Class 7b Commercial","classCode":"748","pin":"17151010080000","address":"71 E Madison St","zip":"60602","communityArea":"Loop","reportUrl":"https://www.cookcountyassessoril.gov/pin/17151010080000"}},{"type":"Feature","geometry":{"type":"Point","coordinates":[-87.62497,41.88166]},"properties":{"name":"Class 7b Commercial - 12 S Michigan Ave","incentiveClass":"Class 7b Commercial","classCode":"748","pin":"17151010100000","address":"12 S Michigan Ave","zip":"60603","communityArea":"Loop","reportUrl":"https://www.cookcountyassessoril.gov/pin/17151010100000"}},{"type":"Feature","geometry":{"type":"Point","coordinates":[-87.62475,41.87156]},"properties":{"name":"Class 7a Commercial - 800 Michigan","incentiveClass":"Class 7a Commercial","classCode":"729","pin":"17153050520000","address":"800 Michigan","zip":"","communityArea":"Loop","reportUrl":"https://www.cookcountyassessoril.gov/pin/17153050520000"}},{"type":"Feature","geometry":{"type":"Point","coordinates":[-87.62475,41.87156]},"properties":{"name":"Class 7a Commercial - 800 Michigan","incentiveClass":"Class 7a Commercial","classCode":"797","pin":"17153050530000","address":"800 Michigan","zip":"","communityArea":"Loop","reportUrl":"https://www.cookcountyassessoril.gov/pin/17153050530000"}},{"type":"Feature","geometry":{"type":"Point","coordinates":[-87.62475,41.87156]},"properties":{"name":"Class 7a Commercial - 800 Michigan","incentiveClass":"Class 7a Commercial","classCode":"797","pin":"17153050540000","address":"800 Michigan","zip":"","communityArea":"Loop","reportUrl":"https://www.cookcountyassessoril.gov/pin/17153050540000"}},{"type":"Feature","geometry":{"type":"Point","coordinates":[-87.62475,41.87156]},"properties":{"name":"Class 7a Commercial - 800 Michigan","incentiveClass":"Class 7a Commercial","classCode":"797","pin":"17153050550000","address":"800 Michigan","zip":"","communityArea":"Loop","reportUrl":"https://www.cookcountyassessoril.gov/pin/17153050550000"}},{"type":"Feature","geometry":{"type":"Point","coordinates":[-87.62475,41.87156]},"properties":{"name":"Class 7a Commercial - 800 Michigan","incentiveClass":"Class 7a Commercial","classCode":"797","pin":"17153050560000","address":"800 Michigan","zip":"","communityArea":"Loop","reportUrl":"https://www.cookcountyassessoril.gov/pin/17153050560000"}},{"type":"Feature","geometry":{"type":"Point","coordinates":[-87.62475,41.87156]},"properties":{"name":"Class 7a Commercial - 800 Michigan","incentiveClass":"Class 7a Commercial","classCode":"797","pin":"17153050570000","address":"800 Michigan","zip":"","communityArea":"Loop","reportUrl":"https://www.cookcountyassessoril.gov/pin/17153050570000"}},{"type":"Feature","geometry":{"type":"Point","coordinates":[-87.62475,41.87156]},"properties":{"name":"Class 7a Commercial - 800 Michigan","incentiveClass":"Class 7a Commercial","classCode":"797","pin":"17153050600000","address":"800 Michigan","zip":"","communityArea":"Loop","reportUrl":"https://www.cookcountyassessoril.gov/pin/17153050600000"}},{"type":"Feature","geometry":{"type":"Point","coordinates":[-87.63867,41.8756]},"properties":{"name":"Class 7a Commercial - 433 W Van Buren St","incentiveClass":"Class 7a Commercial","classCode":"791","pin":"17161300010000","address":"433 W Van Buren St","zip":"60607","communityArea":"Near West Side","reportUrl":"https://www.cookcountyassessoril.gov/pin/17161300010000"}},{"type":"Feature","geometry":{"type":"Point","coordinates":[-87.63207,41.88173]},"properties":{"name":"Class 7a Commercial - 11 S La Salle St","incentiveClass":"Class 7a Commercial","classCode":"797","pin":"17162040350000","address":"11 S La Salle St","zip":"60603","communityArea":"Loop","reportUrl":"https://www.cookcountyassessoril.gov/pin/17162040350000"}},{"type":"Feature","geometry":{"type":"Point","coordinates":[-87.6321,41.88181]},"properties":{"name":"Class 7a Commercial - 11 S La Salle St","incentiveClass":"Class 7a Commercial","classCode":"797","pin":"17162040360000","address":"11 S La Salle St","zip":"60603","communityArea":"Loop","reportUrl":"https://www.cookcountyassessoril.gov/pin/17162040360000"}},{"type":"Feature","geometry":{"type":"Point","coordinates":[-87.63205,41.88157]},"properties":{"name":"Class 7a Commercial - 11 S La Salle St","incentiveClass":"Class 7a Commercial","classCode":"729","pin":"17162040370000","address":"11 S La Salle St","zip":"60603","communityArea":"Loop","reportUrl":"https://www.cookcountyassessoril.gov/pin/17162040370000"}},{"type":"Feature","geometry":{"type":"Point","coordinates":[-87.63183,41.88177]},"properties":{"name":"Class 7a Commercial - 135 W Madison St","incentiveClass":"Class 7a Commercial","classCode":"797","pin":"17162040420000","address":"135 W Madison St","zip":"60602","communityArea":"Loop","reportUrl":"https://www.cookcountyassessoril.gov/pin/17162040420000"}},{"type":"Feature","geometry":{"type":"Point","coordinates":[-87.63181,41.88174]},"properties":{"name":"Class 7a Commercial - 11 S La Salle St","incentiveClass":"Class 7a Commercial","classCode":"729","pin":"17162040430000","address":"11 S La Salle St","zip":"60603","communityArea":"Loop","reportUrl":"https://www.cookcountyassessoril.gov/pin/17162040430000"}},{"type":"Feature","geometry":{"type":"Point","coordinates":[-87.629,41.88107]},"properties":{"name":"Class 7a Commercial - 30 W Monroe St","incentiveClass":"Class 7a Commercial","classCode":"791B","pin":"17162060170000","address":"30 W Monroe St","zip":"60603","communityArea":"Loop","reportUrl":"https://www.cookcountyassessoril.gov/pin/17162060170000"}},{"type":"Feature","geometry":{"type":"Point","coordinates":[-87.63033,41.87978]},"properties":{"name":"Class 7a Commercial - 125 S Clark St","incentiveClass":"Class 7a Commercial","classCode":"791","pin":"17162120180000","address":"125 S Clark St","zip":"60603","communityArea":"Loop","reportUrl":"https://www.cookcountyassessoril.gov/pin/17162120180000"}},{"type":"Feature","geometry":{"type":"Point","coordinates":[-87.63488,41.87842]},"properties":{"name":"Class 7a Commercial - 226 W Jackson Blvd","incentiveClass":"Class 7a Commercial","classCode":"729","pin":"17162190010000","address":"226 W Jackson Blvd","zip":"60606","communityArea":"Loop","reportUrl":"https://www.cookcountyassessoril.gov/pin/17162190010000"}},{"type":"Feature","geometry":{"type":"Point","coordinates":[-87.64005,41.86919]},"properties":{"name":"Class C Contamination Remediation - 501 W Taylor St","incentiveClass":"Class C Contamination Remediation","classCode":"638A","pin":"17163250190000","address":"501 W Taylor St","zip":"60607","communityArea":"Near West Side","reportUrl":"https://www.cookcountyassessoril.gov/pin/17163250190000"}},{"type":"Feature","geometry":{"type":"Point","coordinates":[-87.64003,41.8687]},"properties":{"name":"Class C Contamination Remediation - 513 W Taylor St","incentiveClass":"Class C Contamination Remediation","classCode":"638A","pin":"17163330290000","address":"513 W Taylor St","zip":"60607","communityArea":"Near West Side","reportUrl":"https://www.cookcountyassessoril.gov/pin/17163330290000"}},{"type":"Feature","geometry":{"type":"Point","coordinates":[-87.64029,41.86841]},"properties":{"name":"Class C Contamination Remediation - 1121 S Clinton St","incentiveClass":"Class C Contamination Remediation","classCode":"638A","pin":"17163330350000","address":"1121 S Clinton St","zip":"60607","communityArea":"Near West Side","reportUrl":"https://www.cookcountyassessoril.gov/pin/17163330350000"}},{"type":"Feature","geometry":{"type":"Point","coordinates":[-87.6397,41.86842]},"properties":{"name":"Class C Contamination Remediation - 1120 S Canal St","incentiveClass":"Class C Contamination Remediation","classCode":"638A","pin":"17163330360000","address":"1120 S Canal St","zip":"60607","communityArea":"Near West Side","reportUrl":"https://www.cookcountyassessoril.gov/pin/17163330360000"}},{"type":"Feature","geometry":{"type":"Point","coordinates":[-87.66111,41.87746]},"properties":{"name":"Class 9 Multifamily - 1335 W Jackson Blvd","incentiveClass":"Class 9 Multifamily","classCode":"915","pin":"17171160100000","address":"1335 W Jackson Blvd","zip":"60607","communityArea":"Near West Side","reportUrl":"https://www.cookcountyassessoril.gov/pin/17171160100000"}},{"type":"Feature","geometry":{"type":"Point","coordinates":[-87.66093,41.87746]},"properties":{"name":"Class 9 Multifamily - 1335 W Jackson Blvd","incentiveClass":"Class 9 Multifamily","classCode":"915","pin":"17171160110000","address":"1335 W Jackson Blvd","zip":"60607","communityArea":"Near West Side","reportUrl":"https://www.cookcountyassessoril.gov/pin/17171160110000"}},{"type":"Feature","geometry":{"type":"Point","coordinates":[-87.66079,41.87746]},"properties":{"name":"Class 9 Multifamily - 1335 W Jackson Blvd","incentiveClass":"Class 9 Multifamily","classCode":"915","pin":"17171160120000","address":"1335 W Jackson Blvd","zip":"60607","communityArea":"Near West Side","reportUrl":"https://www.cookcountyassessoril.gov/pin/17171160120000"}},{"type":"Feature","geometry":{"type":"Point","coordinates":[-87.66089,41.87709]},"properties":{"name":"Class 9 Multifamily - 319 S Loomis St","incentiveClass":"Class 9 Multifamily","classCode":"915","pin":"17171160240000","address":"319 S Loomis St","zip":"60607","communityArea":"Near West Side","reportUrl":"https://www.cookcountyassessoril.gov/pin/17171160240000"}},{"type":"Feature","geometry":{"type":"Point","coordinates":[-87.66156,41.87671]},"properties":{"name":"Class 9 Multifamily - 329 S Loomis St","incentiveClass":"Class 9 Multifamily","classCode":"915","pin":"17171160270000","address":"329 S Loomis St","zip":"60607","communityArea":"Near West Side","reportUrl":"https://www.cookcountyassessoril.gov/pin/17171160270000"}},{"type":"Feature","geometry":{"type":"Point","coordinates":[-87.65979,41.87711]},"properties":{"name":"Class 9 Multifamily - 318 S Throop St","incentiveClass":"Class 9 Multifamily","classCode":"991","pin":"17171160410000","address":"318 S Throop St","zip":"60607","communityArea":"Near West Side","reportUrl":"https://www.cookcountyassessoril.gov/pin/17171160410000"}},{"type":"Feature","geometry":{"type":"Point","coordinates":[-87.66046,41.87673]},"properties":{"name":"Class 9 Multifamily - 1334 W Van Buren St","incentiveClass":"Class 9 Multifamily","classCode":"991","pin":"17171160460000","address":"1334 W Van Buren St","zip":"60607","communityArea":"Near West Side","reportUrl":"https://www.cookcountyassessoril.gov/pin/17171160460000"}},{"type":"Feature","geometry":{"type":"Point","coordinates":[-87.66015,41.87747]},"properties":{"name":"Class 9 Multifamily - 1315 W Jackson Blvd","incentiveClass":"Class 9 Multifamily","classCode":"991","pin":"17171160470000","address":"1315 W Jackson Blvd","zip":"60607","communityArea":"Near West Side","reportUrl":"https://www.cookcountyassessoril.gov/pin/17171160470000"}},{"type":"Feature","geometry":{"type":"Point","coordinates":[-87.66162,41.87745]},"properties":{"name":"Class 9 Multifamily - 301 S Loomis St","incentiveClass":"Class 9 Multifamily","classCode":"915","pin":"17171160480000","address":"301 S Loomis St","zip":"60607","communityArea":"Near West Side","reportUrl":"https://www.cookcountyassessoril.gov/pin/17171160480000"}},{"type":"Feature","geometry":{"type":"Point","coordinates":[-87.66134,41.87745]},"properties":{"name":"Class 9 Multifamily - 1351 W Jackson Blvd","incentiveClass":"Class 9 Multifamily","classCode":"915","pin":"17171160490000","address":"1351 W Jackson Blvd","zip":"60607","communityArea":"Near West Side","reportUrl":"https://www.cookcountyassessoril.gov/pin/17171160490000"}},{"type":"Feature","geometry":{"type":"Point","coordinates":[-87.66069,41.86982]},"properties":{"name":"Class 9 Multifamily - 1346 Taylor","incentiveClass":"Class 9 Multifamily","classCode":"997","pin":"17173220138002","address":"1346 Taylor","zip":"60607","communityArea":"Near West Side","reportUrl":"https://www.cookcountyassessoril.gov/pin/17173220138002"}},{"type":"Feature","geometry":{"type":"Point","coordinates":[-87.67845,41.87721]},"properties":{"name":"Class 9 Multifamily - 2045 W Jackson Blvd","incentiveClass":"Class 9 Multifamily","classCode":"991","pin":"17181250340000","address":"2045 W Jackson Blvd","zip":"60612","communityArea":"Near West Side","reportUrl":"https://www.cookcountyassessoril.gov/pin/17181250340000"}},{"type":"Feature","geometry":{"type":"Point","coordinates":[-87.67809,41.87723]},"properties":{"name":"Class 9 Multifamily - 2045 W Jackson Blvd","incentiveClass":"Class 9 Multifamily","classCode":"991","pin":"17181250360000","address":"2045 W Jackson Blvd","zip":"60612","communityArea":"Near West Side","reportUrl":"https://www.cookcountyassessoril.gov/pin/17181250360000"}},{"type":"Feature","geometry":{"type":"Point","coordinates":[-87.67873,41.87719]},"properties":{"name":"Class 9 Multifamily - 2045 W Jackson Blvd","incentiveClass":"Class 9 Multifamily","classCode":"991","pin":"17181250420000","address":"2045 W Jackson Blvd","zip":"60612","communityArea":"Near West Side","reportUrl":"https://www.cookcountyassessoril.gov/pin/17181250420000"}},{"type":"Feature","geometry":{"type":"Point","coordinates":[-87.67275,41.87383]},"properties":{"name":"Class 7a Commercial - 1800 Harrison","incentiveClass":"Class 7a Commercial","classCode":"729","pin":"17184030050000","address":"1800 Harrison","zip":"","communityArea":"Near West Side","reportUrl":"https://www.cookcountyassessoril.gov/pin/17184030050000"}},{"type":"Feature","geometry":{"type":"Point","coordinates":[-87.67336,41.87387]},"properties":{"name":"Class 7a Commercial - 1800 Harrison","incentiveClass":"Class 7a Commercial","classCode":"797","pin":"17184030060000","address":"1800 Harrison","zip":"","communityArea":"Near West Side","reportUrl":"https://www.cookcountyassessoril.gov/pin/17184030060000"}},{"type":"Feature","geometry":{"type":"Point","coordinates":[-87.65556,41.8667]},"properties":{"name":"Class 9 Multifamily - 1133 W Roosevelt Rd","incentiveClass":"Class 9 Multifamily","classCode":"913","pin":"17202000660000","address":"1133 W Roosevelt Rd","zip":"60608","communityArea":"Near West Side","reportUrl":"https://www.cookcountyassessoril.gov/pin/17202000660000"}},{"type":"Feature","geometry":{"type":"Point","coordinates":[-87.65477,41.86671]},"properties":{"name":"Class 9 Multifamily - 1105 W Roosevelt Rd","incentiveClass":"Class 9 Multifamily","classCode":"913","pin":"17202000670000","address":"1105 W Roosevelt Rd","zip":"60608","communityArea":"Near West Side","reportUrl":"https://www.cookcountyassessoril.gov/pin/17202000670000"}},{"type":"Feature","geometry":{"type":"Point","coordinates":[-87.65256,41.86441]},"properties":{"name":"Class 9 Multifamily - 1025 W Maxwell St","incentiveClass":"Class 9 Multifamily","classCode":"915","pin":"17202110370000","address":"1025 W Maxwell St","zip":"60608","communityArea":"Near West Side","reportUrl":"https://www.cookcountyassessoril.gov/pin/17202110370000"}},{"type":"Feature","geometry":{"type":"Point","coordinates":[-87.65484,41.86437]},"properties":{"name":"Class 9 Multifamily - 1353 S Blue Island Ave","incentiveClass":"Class 9 Multifamily","classCode":"915","pin":"17202110410000","address":"1353 S Blue Island Ave","zip":"60608","communityArea":"Near West Side","reportUrl":"https://www.cookcountyassessoril.gov/pin/17202110410000"}},{"type":"Feature","geometry":{"type":"Point","coordinates":[-87.65264,41.86402]},"properties":{"name":"Class 9 Multifamily - 1026 W 14th St","incentiveClass":"Class 9 Multifamily","classCode":"915","pin":"17202130880000","address":"1026 W 14th St","zip":"60608","communityArea":"Near West Side","reportUrl":"https://www.cookcountyassessoril.gov/pin/17202130880000"}},{"type":"Feature","geometry":{"type":"Point","coordinates":[-87.65284,41.86364]},"properties":{"name":"Class 9 Multifamily - 1036 W 14th St","incentiveClass":"Class 9 Multifamily","classCode":"915","pin":"17202130900000","address":"1036 W 14th St","zip":"60608","communityArea":"Near West Side","reportUrl":"https://www.cookcountyassessoril.gov/pin/17202130900000"}},{"type":"Feature","geometry":{"type":"Point","coordinates":[-87.65469,41.86383]},"properties":{"name":"Class 9 Multifamily - 1357 S Blue Island Ave","incentiveClass":"Class 9 Multifamily","classCode":"915","pin":"17202130940000","address":"1357 S Blue Island Ave","zip":"60608","communityArea":"Near West Side","reportUrl":"https://www.cookcountyassessoril.gov/pin/17202130940000"}},{"type":"Feature","geometry":{"type":"Point","coordinates":[-87.65146,41.86448]},"properties":{"name":"Class 9 Multifamily - 1330 S Morgan St","incentiveClass":"Class 9 Multifamily","classCode":"915","pin":"17202140160000","address":"1330 S Morgan St","zip":"60608","communityArea":"Near West Side","reportUrl":"https://www.cookcountyassessoril.gov/pin/17202140160000"}},{"type":"Feature","geometry":{"type":"Point","coordinates":[-87.65145,41.86391]},"properties":{"name":"Class 9 Multifamily - 1330 S Morgan St","incentiveClass":"Class 9 Multifamily","classCode":"915","pin":"17202140200000","address":"1330 S Morgan St","zip":"60608","communityArea":"Near West Side","reportUrl":"https://www.cookcountyassessoril.gov/pin/17202140200000"}},{"type":"Feature","geometry":{"type":"Point","coordinates":[-87.65139,41.86307]},"properties":{"name":"Class 9 Multifamily - 1007 W 14th St","incentiveClass":"Class 9 Multifamily","classCode":"996","pin":"17202200610000","address":"1007 W 14th St","zip":"60608","communityArea":"Near West Side","reportUrl":"https://www.cookcountyassessoril.gov/pin/17202200610000"}},{"type":"Feature","geometry":{"type":"Point","coordinates":[-87.65125,41.86258]},"properties":{"name":"Class 9 Multifamily - 1004 W 14th Pl","incentiveClass":"Class 9 Multifamily","classCode":"990","pin":"17202200620000","address":"1004 W 14th Pl","zip":"60608","communityArea":"Near West Side","reportUrl":"https://www.cookcountyassessoril.gov/pin/17202200620000"}},{"type":"Feature","geometry":{"type":"Point","coordinates":[-87.65279,41.86305]},"properties":{"name":"Class 9 Multifamily - 1023 W 14th St","incentiveClass":"Class 9 Multifamily","classCode":"996","pin":"17202200650000","address":"1023 W 14th St","zip":"60608","communityArea":"Near West Side","reportUrl":"https://www.cookcountyassessoril.gov/pin/17202200650000"}},{"type":"Feature","geometry":{"type":"Point","coordinates":[-87.64956,41.85772]},"properties":{"name":"Class C Contamination Remediation - 917 W 18th St","incentiveClass":"Class C Contamination Remediation","classCode":"668","pin":"17204140020000","address":"917 W 18th St","zip":"60608","communityArea":"Lower West Side","reportUrl":"https://www.cookcountyassessoril.gov/pin/17204140020000"}},{"type":"Feature","geometry":{"type":"Point","coordinates":[-87.64022,41.85911]},"properties":{"name":"Class 6b Industrial - 1701 S Clinton St","incentiveClass":"Class 6b Industrial","classCode":"670","pin":"17213070830000","address":"1701 S Clinton St","zip":"60616","communityArea":"Lower West Side","reportUrl":"https://www.cookcountyassessoril.gov/pin/17213070830000"}},{"type":"Feature","geometry":{"type":"Point","coordinates":[-87.64063,41.85918]},"properties":{"name":"Class 6b Industrial - 1629 S Clinton St","incentiveClass":"Class 6b Industrial","classCode":"677","pin":"17213070840000","address":"1629 S Clinton St","zip":"60616","communityArea":"Lower West Side","reportUrl":"https://www.cookcountyassessoril.gov/pin/17213070840000"}},{"type":"Feature","geometry":{"type":"Point","coordinates":[-87.64025,41.85948]},"properties":{"name":"Class 6b Industrial - 1701 S Clinton St","incentiveClass":"Class 6b Industrial","classCode":"670","pin":"17213070910000","address":"1701 S Clinton St","zip":"60616","communityArea":"Lower West Side","reportUrl":"https://www.cookcountyassessoril.gov/pin/17213070910000"}},{"type":"Feature","geometry":{"type":"Point","coordinates":[-87.64067,41.85971]},"properties":{"name":"Class 6b Industrial - 1701 S Clinton St","incentiveClass":"Class 6b Industrial","classCode":"677","pin":"17213070920000","address":"1701 S Clinton St","zip":"60616","communityArea":"Lower West Side","reportUrl":"https://www.cookcountyassessoril.gov/pin/17213070920000"}},{"type":"Feature","geometry":{"type":"Point","coordinates":[-87.6376,41.85697]},"properties":{"name":"Class 6b Industrial - 1902 S Lumber St","incentiveClass":"Class 6b Industrial","classCode":"663","pin":"17213270120000","address":"1902 S Lumber St","zip":"60616","communityArea":"Lower West Side","reportUrl":"https://www.cookcountyassessoril.gov/pin/17213270120000"}},{"type":"Feature","geometry":{"type":"Point","coordinates":[-87.62362,41.86622]},"properties":{"name":"Class 9 Multifamily - 1255 S Michigan Ave","incentiveClass":"Class 9 Multifamily","classCode":"991","pin":"17221020240000","address":"1255 S Michigan Ave","zip":"60605","communityArea":"Near South Side","reportUrl":"https://www.cookcountyassessoril.gov/pin/17221020240000"}},{"type":"Feature","geometry":{"type":"Point","coordinates":[-87.62334,41.85258]},"properties":{"name":"Class 7b Commercial - 2207 S Michigan Ave","incentiveClass":"Class 7b Commercial","classCode":"748","pin":"17271020010000","address":"2207 S Michigan Ave","zip":"60616","communityArea":"Near South Side","reportUrl":"https://www.cookcountyassessoril.gov/pin/17271020010000"}},{"type":"Feature","geometry":{"type":"Point","coordinates":[-87.62271,41.85261]},"properties":{"name":"Class 7b Commercial - 123 E Cermak St","incentiveClass":"Class 7b Commercial","classCode":"748","pin":"17271020270000","address":"123 E Cermak St","zip":"60616","communityArea":"Near South Side","reportUrl":"https://www.cookcountyassessoril.gov/pin/17271020270000"}},{"type":"Feature","geometry":{"type":"Point","coordinates":[-87.62006,41.84597]},"properties":{"name":"Class 9 Multifamily - 300 E 26th St","incentiveClass":"Class 9 Multifamily","classCode":"991","pin":"17271290960000","address":"300 E 26th St","zip":"60616","communityArea":"Near South Side","reportUrl":"https://www.cookcountyassessoril.gov/pin/17271290960000"}},{"type":"Feature","geometry":{"type":"Point","coordinates":[-87.62097,41.8447]},"properties":{"name":"Class 9 Multifamily - 2631 S Prairie Ave","incentiveClass":"Class 9 Multifamily","classCode":"991","pin":"17273051150000","address":"2631 S Prairie Ave","zip":"60616","communityArea":"Douglas","reportUrl":"https://www.cookcountyassessoril.gov/pin/17273051150000"}},{"type":"Feature","geometry":{"type":"Point","coordinates":[-87.64781,41.85144]},"properties":{"name":"Class 6b Industrial - 2300 S Halsted St","incentiveClass":"Class 6b Industrial","classCode":"663A","pin":"17292020040000","address":"2300 S Halsted St","zip":"60608","communityArea":"Lower West Side","reportUrl":"https://www.cookcountyassessoril.gov/pin/17292020040000"}},{"type":"Feature","geometry":{"type":"Point","coordinates":[-87.64774,41.85144]},"properties":{"name":"Class 6b Industrial - 2300 S Halsted St","incentiveClass":"Class 6b Industrial","classCode":"663A","pin":"17292020050000","address":"2300 S Halsted St","zip":"60608","communityArea":"Lower West Side","reportUrl":"https://www.cookcountyassessoril.gov/pin/17292020050000"}},{"type":"Feature","geometry":{"type":"Point","coordinates":[-87.64766,41.85144]},"properties":{"name":"Class 6b Industrial - 2300 S Halsted St","incentiveClass":"Class 6b Industrial","classCode":"663A","pin":"17292020060000","address":"2300 S Halsted St","zip":"60608","communityArea":"Lower West Side","reportUrl":"https://www.cookcountyassessoril.gov/pin/17292020060000"}},{"type":"Feature","geometry":{"type":"Point","coordinates":[-87.64752,41.85103]},"properties":{"name":"Class 6b Industrial - 2300 S Halsted St","incentiveClass":"Class 6b Industrial","classCode":"663A","pin":"17292020400000","address":"2300 S Halsted St","zip":"60608","communityArea":"Lower West Side","reportUrl":"https://www.cookcountyassessoril.gov/pin/17292020400000"}},{"type":"Feature","geometry":{"type":"Point","coordinates":[-87.64753,41.85144]},"properties":{"name":"Class 6b Industrial - 2300 S Halsted St","incentiveClass":"Class 6b Industrial","classCode":"663A","pin":"17292020440000","address":"2300 S Halsted St","zip":"60608","communityArea":"Lower West Side","reportUrl":"https://www.cookcountyassessoril.gov/pin/17292020440000"}},{"type":"Feature","geometry":{"type":"Point","coordinates":[-87.64794,41.85051]},"properties":{"name":"Class 6b Industrial - 2300 S Halsted St","incentiveClass":"Class 6b Industrial","classCode":"663A","pin":"17292030220000","address":"2300 S Halsted St","zip":"60608","communityArea":"Lower West Side","reportUrl":"https://www.cookcountyassessoril.gov/pin/17292030220000"}},{"type":"Feature","geometry":{"type":"Point","coordinates":[-87.6475,41.85043]},"properties":{"name":"Class 6b Industrial - 837 W 23rd St","incentiveClass":"Class 6b Industrial","classCode":"670A","pin":"17292030230000","address":"837 W 23rd St","zip":"","communityArea":"Lower West Side","reportUrl":"https://www.cookcountyassessoril.gov/pin/17292030230000"}},{"type":"Feature","geometry":{"type":"Point","coordinates":[-87.66543,41.84119]},"properties":{"name":"Class 6b Industrial - 2841 S Ashland Ave","incentiveClass":"Class 6b Industrial","classCode":"670","pin":"17293080010000","address":"2841 S Ashland Ave","zip":"60608","communityArea":"Lower West Side","reportUrl":"https://www.cookcountyassessoril.gov/pin/17293080010000"}},{"type":"Feature","geometry":{"type":"Point","coordinates":[-87.66537,41.84096]},"properties":{"name":"Class 6b Industrial - 2951 S Ashland Ave","incentiveClass":"Class 6b Industrial","classCode":"670","pin":"17293080020000","address":"2951 S Ashland Ave","zip":"","communityArea":"Lower West Side","reportUrl":"https://www.cookcountyassessoril.gov/pin/17293080020000"}},{"type":"Feature","geometry":{"type":"Point","coordinates":[-87.66525,41.84032]},"properties":{"name":"Class 6b Industrial - 2801 S Ashland Ave","incentiveClass":"Class 6b Industrial","classCode":"663","pin":"17293080030000","address":"2801 S Ashland Ave","zip":"0","communityArea":"Lower West Side","reportUrl":"https://www.cookcountyassessoril.gov/pin/17293080030000"}},{"type":"Feature","geometry":{"type":"Point","coordinates":[-87.65878,41.84167]},"properties":{"name":"Class 9 Multifamily - 2928 S Archer Ave","incentiveClass":"Class 9 Multifamily","classCode":"990","pin":"17293110180000","address":"2928 S Archer Ave","zip":"60608","communityArea":"Bridgeport","reportUrl":"https://www.cookcountyassessoril.gov/pin/17293110180000"}},{"type":"Feature","geometry":{"type":"Point","coordinates":[-87.65927,41.84144]},"properties":{"name":"Class 9 Multifamily - 2928 S Archer Ave","incentiveClass":"Class 9 Multifamily","classCode":"991","pin":"17293110360000","address":"2928 S Archer Ave","zip":"60608","communityArea":"Bridgeport","reportUrl":"https://www.cookcountyassessoril.gov/pin/17293110360000"}},{"type":"Feature","geometry":{"type":"Point","coordinates":[-87.67502,41.84346]},"properties":{"name":"Class 6b Industrial - 2639 S Damen Ave","incentiveClass":"Class 6b Industrial","classCode":"663","pin":"17302080050000","address":"2639 S Damen Ave","zip":"60608","communityArea":"Lower West Side","reportUrl":"https://www.cookcountyassessoril.gov/pin/17302080050000"}},{"type":"Feature","geometry":{"type":"Point","coordinates":[-87.67503,41.84265]},"properties":{"name":"Class 6b Industrial - 2639 S Damen Ave","incentiveClass":"Class 6b Industrial","classCode":"663","pin":"17302080060000","address":"2639 S Damen Ave","zip":"60608","communityArea":"Lower West Side","reportUrl":"https://www.cookcountyassessoril.gov/pin/17302080060000"}},{"type":"Feature","geometry":{"type":"Point","coordinates":[-87.67142,41.84718]},"properties":{"name":"Class 6b Industrial - 2400 S Wood St","incentiveClass":"Class 6b Industrial","classCode":"663","pin":"17302090130000","address":"2400 S Wood St","zip":"60608","communityArea":"Lower West Side","reportUrl":"https://www.cookcountyassessoril.gov/pin/17302090130000"}},{"type":"Feature","geometry":{"type":"Point","coordinates":[-87.67141,41.84555]},"properties":{"name":"Class 6b Industrial - 2500 S Wood St","incentiveClass":"Class 6b Industrial","classCode":"663","pin":"17302090140000","address":"2500 S Wood St","zip":"","communityArea":"Lower West Side","reportUrl":"https://www.cookcountyassessoril.gov/pin/17302090140000"}},{"type":"Feature","geometry":{"type":"Point","coordinates":[-87.66957,41.8501]},"properties":{"name":"Class 6b Industrial - 2300 S Blue Island Ave","incentiveClass":"Class 6b Industrial","classCode":"663","pin":"17302100170000","address":"2300 S Blue Island Ave","zip":"60608","communityArea":"Lower West Side","reportUrl":"https://www.cookcountyassessoril.gov/pin/17302100170000"}},{"type":"Feature","geometry":{"type":"Point","coordinates":[-87.66954,41.84891]},"properties":{"name":"Class 6b Industrial - 2401 S Wood St","incentiveClass":"Class 6b Industrial","classCode":"663","pin":"17302100270000","address":"2401 S Wood St","zip":"60608","communityArea":"Lower West Side","reportUrl":"https://www.cookcountyassessoril.gov/pin/17302100270000"}},{"type":"Feature","geometry":{"type":"Point","coordinates":[-87.68412,41.84056]},"properties":{"name":"Class 6b Industrial - 2801 S Western Ave","incentiveClass":"Class 6b Industrial","classCode":"663","pin":"17303000360000","address":"2801 S Western Ave","zip":"60608","communityArea":"Lower West Side","reportUrl":"https://www.cookcountyassessoril.gov/pin/17303000360000"}},{"type":"Feature","geometry":{"type":"Point","coordinates":[-87.68302,41.84058]},"properties":{"name":"Class 6b Industrial - 2801 S Western Ave","incentiveClass":"Class 6b Industrial","classCode":"663","pin":"17303000370000","address":"2801 S Western Ave","zip":"60608","communityArea":"Lower West Side","reportUrl":"https://www.cookcountyassessoril.gov/pin/17303000370000"}},{"type":"Feature","geometry":{"type":"Point","coordinates":[-87.68411,41.83994]},"properties":{"name":"Class 6b Industrial - 2801 S Western Ave","incentiveClass":"Class 6b Industrial","classCode":"663","pin":"17303000380000","address":"2801 S Western Ave","zip":"60608","communityArea":"Lower West Side","reportUrl":"https://www.cookcountyassessoril.gov/pin/17303000380000"}},{"type":"Feature","geometry":{"type":"Point","coordinates":[-87.683,41.83996]},"properties":{"name":"Class 6b Industrial - 2801 S Western Ave","incentiveClass":"Class 6b Industrial","classCode":"663","pin":"17303000390000","address":"2801 S Western Ave","zip":"60608","communityArea":"Lower West Side","reportUrl":"https://www.cookcountyassessoril.gov/pin/17303000390000"}},{"type":"Feature","geometry":{"type":"Point","coordinates":[-87.68176,41.84067]},"properties":{"name":"Class 6b Industrial - 2801 S Western Ave","incentiveClass":"Class 6b Industrial","classCode":"663","pin":"17303000420000","address":"2801 S Western Ave","zip":"60608","communityArea":"Lower West Side","reportUrl":"https://www.cookcountyassessoril.gov/pin/17303000420000"}},{"type":"Feature","geometry":{"type":"Point","coordinates":[-87.68252,41.83997]},"properties":{"name":"Class 6b Industrial - 2801 S Western Ave","incentiveClass":"Class 6b Industrial","classCode":"663","pin":"17303000430000","address":"2801 S Western Ave","zip":"60608","communityArea":"Lower West Side","reportUrl":"https://www.cookcountyassessoril.gov/pin/17303000430000"}},{"type":"Feature","geometry":{"type":"Point","coordinates":[-87.67924,41.8452]},"properties":{"name":"Class 6b Industrial - 2760 S Hoyne Ave","incentiveClass":"Class 6b Industrial","classCode":"663","pin":"17303000640000","address":"2760 S Hoyne Ave","zip":"","communityArea":"Lower West Side","reportUrl":"https://www.cookcountyassessoril.gov/pin/17303000640000"}},{"type":"Feature","geometry":{"type":"Point","coordinates":[-87.67692,41.83917]},"properties":{"name":"Class 6b Industrial - 2930 S Damen Ave","incentiveClass":"Class 6b Industrial","classCode":"670A","pin":"17303010210000","address":"2930 S Damen Ave","zip":"","communityArea":"Lower West Side","reportUrl":"https://www.cookcountyassessoril.gov/pin/17303010210000"}},{"type":"Feature","geometry":{"type":"Point","coordinates":[-87.67988,41.83838]},"properties":{"name":"Class 6b Industrial - 2920 S Damen Ave","incentiveClass":"Class 6b Industrial","classCode":"670A","pin":"17303010220000","address":"2920 S Damen Ave","zip":"","communityArea":"Lower West Side","reportUrl":"https://www.cookcountyassessoril.gov/pin/17303010220000"}},{"type":"Feature","geometry":{"type":"Point","coordinates":[-87.67291,41.83995]},"properties":{"name":"Class 6b Industrial - 2931 W Cermak Rd","incentiveClass":"Class 6b Industrial","classCode":"670A","pin":"17304000190000","address":"2931 W Cermak Rd","zip":"60623","communityArea":"Lower West Side","reportUrl":"https://www.cookcountyassessoril.gov/pin/17304000190000"}},{"type":"Feature","geometry":{"type":"Point","coordinates":[-87.67367,41.83933]},"properties":{"name":"Class 6b Industrial - 1802 W Cermak Rd","incentiveClass":"Class 6b Industrial","classCode":"663A","pin":"17304000200000","address":"1802 W Cermak Rd","zip":"60608","communityArea":"Lower West Side","reportUrl":"https://www.cookcountyassessoril.gov/pin/17304000200000"}},{"type":"Feature","geometry":{"type":"Point","coordinates":[-87.66893,41.84208]},"properties":{"name":"Class 6b Industrial - 2800 Ashland Ave","incentiveClass":"Class 6b Industrial","classCode":"677","pin":"17304000240000","address":"2800 Ashland Ave","zip":"60608","communityArea":"Lower West Side","reportUrl":"https://www.cookcountyassessoril.gov/pin/17304000240000"}},{"type":"Feature","geometry":{"type":"Point","coordinates":[-87.66676,41.84292]},"properties":{"name":"Class 6b Industrial - 2800 Ashland Ave","incentiveClass":"Class 6b Industrial","classCode":"670","pin":"17304000250000","address":"2800 Ashland Ave","zip":"60608","communityArea":"Lower West Side","reportUrl":"https://www.cookcountyassessoril.gov/pin/17304000250000"}},{"type":"Feature","geometry":{"type":"Point","coordinates":[-87.66928,41.84302]},"properties":{"name":"Class 6b Industrial - 2800 Ashland Ave","incentiveClass":"Class 6b Industrial","classCode":"670","pin":"17304000260000","address":"2800 Ashland Ave","zip":"60608","communityArea":"Lower West Side","reportUrl":"https://www.cookcountyassessoril.gov/pin/17304000260000"}},{"type":"Feature","geometry":{"type":"Point","coordinates":[-87.67306,41.83868]},"properties":{"name":"Class 6b Industrial - 1800 S Damen Ave","incentiveClass":"Class 6b Industrial","classCode":"663","pin":"17304010230000","address":"1800 S Damen Ave","zip":"","communityArea":"Lower West Side","reportUrl":"https://www.cookcountyassessoril.gov/pin/17304010230000"}},{"type":"Feature","geometry":{"type":"Point","coordinates":[-87.66869,41.83019]},"properties":{"name":"Class 6b Industrial - 1719 W 35th St","incentiveClass":"Class 6b Industrial","classCode":"663","pin":"17314050030000","address":"1719 W 35th St","zip":"60609","communityArea":"Mckinley Park","reportUrl":"https://www.cookcountyassessoril.gov/pin/17314050030000"}},{"type":"Feature","geometry":{"type":"Point","coordinates":[-87.65294,41.83092]},"properties":{"name":"Class 7b Commercial - 1042 W 35th St","incentiveClass":"Class 7b Commercial","classCode":"765","pin":"17322250250000","address":"1042 W 35th St","zip":"60609","communityArea":"Bridgeport","reportUrl":"https://www.cookcountyassessoril.gov/pin/17322250250000"}},{"type":"Feature","geometry":{"type":"Point","coordinates":[-87.652,41.83093]},"properties":{"name":"Class 7b Commercial - 1008 35th","incentiveClass":"Class 7b Commercial","classCode":"767","pin":"17322250450000","address":"1008 35th","zip":"60609","communityArea":"Bridgeport","reportUrl":"https://www.cookcountyassessoril.gov/pin/17322250450000"}},{"type":"Feature","geometry":{"type":"Point","coordinates":[-87.652,41.83093]},"properties":{"name":"Class 7b Commercial - 1008 35th","incentiveClass":"Class 7b Commercial","classCode":"767","pin":"17322250460000","address":"1008 35th","zip":"60609","communityArea":"Bridgeport","reportUrl":"https://www.cookcountyassessoril.gov/pin/17322250460000"}},{"type":"Feature","geometry":{"type":"Point","coordinates":[-87.66438,41.82647]},"properties":{"name":"Class 6b Industrial - 3711 S Ashland Ave","incentiveClass":"Class 6b Industrial","classCode":"670","pin":"17323000500000","address":"3711 S Ashland Ave","zip":"60609","communityArea":"Mckinley Park","reportUrl":"https://www.cookcountyassessoril.gov/pin/17323000500000"}},{"type":"Feature","geometry":{"type":"Point","coordinates":[-87.66445,41.82628]},"properties":{"name":"Class 6b Industrial - 3713 S Ashland Ave","incentiveClass":"Class 6b Industrial","classCode":"670","pin":"17323000510000","address":"3713 S Ashland Ave","zip":"60609","communityArea":"Mckinley Park","reportUrl":"https://www.cookcountyassessoril.gov/pin/17323000510000"}},{"type":"Feature","geometry":{"type":"Point","coordinates":[-87.66431,41.82593]},"properties":{"name":"Class 6b Industrial - 3737 S Ashland Ave","incentiveClass":"Class 6b Industrial","classCode":"663","pin":"17323000520000","address":"3737 S Ashland Ave","zip":"60609","communityArea":"Mckinley Park","reportUrl":"https://www.cookcountyassessoril.gov/pin/17323000520000"}},{"type":"Feature","geometry":{"type":"Point","coordinates":[-87.66435,41.82542]},"properties":{"name":"Class 6b Industrial - 3737 S Ashland Ave","incentiveClass":"Class 6b Industrial","classCode":"663","pin":"17323001160000","address":"3737 S Ashland Ave","zip":"60609","communityArea":"Mckinley Park","reportUrl":"https://www.cookcountyassessoril.gov/pin/17323001160000"}},{"type":"Feature","geometry":{"type":"Point","coordinates":[-87.66337,41.82595]},"properties":{"name":"Class 6b Industrial - 1500 W Pershing Rd","incentiveClass":"Class 6b Industrial","classCode":"670","pin":"17323001830000","address":"1500 W Pershing Rd","zip":"60609","communityArea":"Mckinley Park","reportUrl":"https://www.cookcountyassessoril.gov/pin/17323001830000"}},{"type":"Feature","geometry":{"type":"Point","coordinates":[-87.6522,41.82606]},"properties":{"name":"Class 6b Industrial - 3700 S Morgan St","incentiveClass":"Class 6b Industrial","classCode":"663","pin":"17324001560000","address":"3700 S Morgan St","zip":"60609","communityArea":"Bridgeport","reportUrl":"https://www.cookcountyassessoril.gov/pin/17324001560000"}},{"type":"Feature","geometry":{"type":"Point","coordinates":[-87.65384,41.82621]},"properties":{"name":"Class 6b Industrial - 1109 W 37th St","incentiveClass":"Class 6b Industrial","classCode":"670","pin":"17324001570000","address":"1109 W 37th St","zip":"60609","communityArea":"Bridgeport","reportUrl":"https://www.cookcountyassessoril.gov/pin/17324001570000"}},{"type":"Feature","geometry":{"type":"Point","coordinates":[-87.64797,41.82399]},"properties":{"name":"Class 6b Industrial - 900 W Pershing Rd","incentiveClass":"Class 6b Industrial","classCode":"663","pin":"17324210050000","address":"900 W Pershing Rd","zip":"60609","communityArea":"Bridgeport","reportUrl":"https://www.cookcountyassessoril.gov/pin/17324210050000"}},{"type":"Feature","geometry":{"type":"Point","coordinates":[-87.64874,41.82398]},"properties":{"name":"Class 6b Industrial - 920 W Pershing Rd","incentiveClass":"Class 6b Industrial","classCode":"663","pin":"17324210070000","address":"920 W Pershing Rd","zip":"60609","communityArea":"Bridgeport","reportUrl":"https://www.cookcountyassessoril.gov/pin/17324210070000"}},{"type":"Feature","geometry":{"type":"Point","coordinates":[-87.64559,41.82379]},"properties":{"name":"Class 7a Commercial - 3849 S Halsted St","incentiveClass":"Class 7a Commercial","classCode":"728","pin":"17333210420000","address":"3849 S Halsted St","zip":"60609","communityArea":"Bridgeport","reportUrl":"https://www.cookcountyassessoril.gov/pin/17333210420000"}},{"type":"Feature","geometry":{"type":"Point","coordinates":[-87.64506,41.82363]},"properties":{"name":"Class 7a Commercial - 3855 S Halsted St","incentiveClass":"Class 7a Commercial","classCode":"728","pin":"17333210440000","address":"3855 S Halsted St","zip":"60609","communityArea":"Bridgeport","reportUrl":"https://www.cookcountyassessoril.gov/pin/17333210440000"}},{"type":"Feature","geometry":{"type":"Point","coordinates":[-87.61837,41.82603]},"properties":{"name":"Class 9 Multifamily - 3748 S Calumet Ave","incentiveClass":"Class 9 Multifamily","classCode":"990","pin":"17343180490000","address":"3748 S Calumet Ave","zip":"60653","communityArea":"Douglas","reportUrl":"https://www.cookcountyassessoril.gov/pin/17343180490000"}},{"type":"Feature","geometry":{"type":"Point","coordinates":[-87.61837,41.82585]},"properties":{"name":"Class 9 Multifamily - 320 E 38th St","incentiveClass":"Class 9 Multifamily","classCode":"990","pin":"17343180520000","address":"320 E 38th St","zip":"","communityArea":"Douglas","reportUrl":"https://www.cookcountyassessoril.gov/pin/17343180520000"}},{"type":"Feature","geometry":{"type":"Point","coordinates":[-87.61828,41.82585]},"properties":{"name":"Class 9 Multifamily - 322 E 38th St","incentiveClass":"Class 9 Multifamily","classCode":"990","pin":"17343180530000","address":"322 E 38th St","zip":"","communityArea":"Douglas","reportUrl":"https://www.cookcountyassessoril.gov/pin/17343180530000"}},{"type":"Feature","geometry":{"type":"Point","coordinates":[-87.61818,41.82585]},"properties":{"name":"Class 9 Multifamily - 324 E 38th St","incentiveClass":"Class 9 Multifamily","classCode":"990","pin":"17343180540000","address":"324 E 38th St","zip":"","communityArea":"Douglas","reportUrl":"https://www.cookcountyassessoril.gov/pin/17343180540000"}},{"type":"Feature","geometry":{"type":"Point","coordinates":[-87.61851,41.82584]},"properties":{"name":"Class 9 Multifamily - 314 E 38th St","incentiveClass":"Class 9 Multifamily","classCode":"990","pin":"17343180600000","address":"314 E 38th St","zip":"60653","communityArea":"Douglas","reportUrl":"https://www.cookcountyassessoril.gov/pin/17343180600000"}},{"type":"Feature","geometry":{"type":"Point","coordinates":[-87.61763,41.8259]},"properties":{"name":"Class 9 Multifamily - 3750 S King Dr","incentiveClass":"Class 9 Multifamily","classCode":"991","pin":"17343190170000","address":"3750 S King Dr","zip":"60653","communityArea":"Douglas","reportUrl":"https://www.cookcountyassessoril.gov/pin/17343190170000"}},{"type":"Feature","geometry":{"type":"Point","coordinates":[-87.60975,41.83098]},"properties":{"name":"Class 9 Multifamily - 3500 S Ellis Ave","incentiveClass":"Class 9 Multifamily","classCode":"990","pin":"17344060020000","address":"3500 S Ellis Ave","zip":"","communityArea":"Oakland","reportUrl":"https://www.cookcountyassessoril.gov/pin/17344060020000"}},{"type":"Feature","geometry":{"type":"Point","coordinates":[-87.60964,41.82998]},"properties":{"name":"Class 9 Multifamily - 3555 S Cottage Grove Ave","incentiveClass":"Class 9 Multifamily","classCode":"990","pin":"17344060090000","address":"3555 S Cottage Grove Ave","zip":"60653","communityArea":"Oakland","reportUrl":"https://www.cookcountyassessoril.gov/pin/17344060090000"}},{"type":"Feature","geometry":{"type":"Point","coordinates":[-87.60961,41.82993]},"properties":{"name":"Class 9 Multifamily - 3555 S Cottage Grove Ave","incentiveClass":"Class 9 Multifamily","classCode":"990","pin":"17344060100000","address":"3555 S Cottage Grove Ave","zip":"60653","communityArea":"Oakland","reportUrl":"https://www.cookcountyassessoril.gov/pin/17344060100000"}},{"type":"Feature","geometry":{"type":"Point","coordinates":[-87.60958,41.82988]},"properties":{"name":"Class 9 Multifamily - 3555 S Cottage Grove Ave","incentiveClass":"Class 9 Multifamily","classCode":"991","pin":"17344060110000","address":"3555 S Cottage Grove Ave","zip":"60653","communityArea":"Oakland","reportUrl":"https://www.cookcountyassessoril.gov/pin/17344060110000"}},{"type":"Feature","geometry":{"type":"Point","coordinates":[-87.60955,41.82983]},"properties":{"name":"Class 9 Multifamily - 3555 S Cottage Grove Ave","incentiveClass":"Class 9 Multifamily","classCode":"991","pin":"17344060120000","address":"3555 S Cottage Grove Ave","zip":"60653","communityArea":"Oakland","reportUrl":"https://www.cookcountyassessoril.gov/pin/17344060120000"}},{"type":"Feature","geometry":{"type":"Point","coordinates":[-87.60953,41.82978]},"properties":{"name":"Class 9 Multifamily - 3555 S Cottage Grove Ave","incentiveClass":"Class 9 Multifamily","classCode":"991","pin":"17344060130000","address":"3555 S Cottage Grove Ave","zip":"60653","communityArea":"Oakland","reportUrl":"https://www.cookcountyassessoril.gov/pin/17344060130000"}},{"type":"Feature","geometry":{"type":"Point","coordinates":[-87.6095,41.82973]},"properties":{"name":"Class 9 Multifamily - 3555 S Cottage Grove Ave","incentiveClass":"Class 9 Multifamily","classCode":"991","pin":"17344060140000","address":"3555 S Cottage Grove Ave","zip":"60653","communityArea":"Oakland","reportUrl":"https://www.cookcountyassessoril.gov/pin/17344060140000"}},{"type":"Feature","geometry":{"type":"Point","coordinates":[-87.60947,41.82968]},"properties":{"name":"Class 9 Multifamily - 3555 S Cottage Grove Ave","incentiveClass":"Class 9 Multifamily","classCode":"991","pin":"17344060150000","address":"3555 S Cottage Grove Ave","zip":"60653","communityArea":"Oakland","reportUrl":"https://www.cookcountyassessoril.gov/pin/17344060150000"}},{"type":"Feature","geometry":{"type":"Point","coordinates":[-87.60945,41.82963]},"properties":{"name":"Class 9 Multifamily - 3555 S Cottage Grove Ave","incentiveClass":"Class 9 Multifamily","classCode":"990","pin":"17344060160000","address":"3555 S Cottage Grove Ave","zip":"60653","communityArea":"Oakland","reportUrl":"https://www.cookcountyassessoril.gov/pin/17344060160000"}},{"type":"Feature","geometry":{"type":"Point","coordinates":[-87.60942,41.82958]},"properties":{"name":"Class 9 Multifamily - 3555 S Cottage Grove Ave","incentiveClass":"Class 9 Multifamily","classCode":"990","pin":"17344060170000","address":"3555 S Cottage Grove Ave","zip":"60653","communityArea":"Oakland","reportUrl":"https://www.cookcountyassessoril.gov/pin/17344060170000"}},{"type":"Feature","geometry":{"type":"Point","coordinates":[-87.60939,41.82953]},"properties":{"name":"Class 9 Multifamily - 3555 S Cottage Grove Ave","incentiveClass":"Class 9 Multifamily","classCode":"990","pin":"17344060180000","address":"3555 S Cottage Grove Ave","zip":"60653","communityArea":"Oakland","reportUrl":"https://www.cookcountyassessoril.gov/pin/17344060180000"}},{"type":"Feature","geometry":{"type":"Point","coordinates":[-87.6091,41.82952]},"properties":{"name":"Class 9 Multifamily - 3565 S Ellis Ave","incentiveClass":"Class 9 Multifamily","classCode":"990","pin":"17344060190000","address":"3565 S Ellis Ave","zip":"","communityArea":"Oakland","reportUrl":"https://www.cookcountyassessoril.gov/pin/17344060190000"}},{"type":"Feature","geometry":{"type":"Point","coordinates":[-87.60931,41.82933]},"properties":{"name":"Class 9 Multifamily - 3573 S Cottage Grove Ave","incentiveClass":"Class 9 Multifamily","classCode":"990","pin":"17344060200000","address":"3573 S Cottage Grove Ave","zip":"60653","communityArea":"Oakland","reportUrl":"https://www.cookcountyassessoril.gov/pin/17344060200000"}},{"type":"Feature","geometry":{"type":"Point","coordinates":[-87.60934,41.83032]},"properties":{"name":"Class 9 Multifamily - 3535 S Cottage Grove Ave","incentiveClass":"Class 9 Multifamily","classCode":"915","pin":"17344060270000","address":"3535 S Cottage Grove Ave","zip":"","communityArea":"Oakland","reportUrl":"https://www.cookcountyassessoril.gov/pin/17344060270000"}},{"type":"Feature","geometry":{"type":"Point","coordinates":[-87.60931,41.83027]},"properties":{"name":"Class 9 Multifamily - 3535 S Cottage Grove Ave","incentiveClass":"Class 9 Multifamily","classCode":"915","pin":"17344060280000","address":"3535 S Cottage Grove Ave","zip":"","communityArea":"Oakland","reportUrl":"https://www.cookcountyassessoril.gov/pin/17344060280000"}},{"type":"Feature","geometry":{"type":"Point","coordinates":[-87.60929,41.83023]},"properties":{"name":"Class 9 Multifamily - 3535 S Cottage Grove Ave","incentiveClass":"Class 9 Multifamily","classCode":"915","pin":"17344060290000","address":"3535 S Cottage Grove Ave","zip":"","communityArea":"Oakland","reportUrl":"https://www.cookcountyassessoril.gov/pin/17344060290000"}},{"type":"Feature","geometry":{"type":"Point","coordinates":[-87.60926,41.83018]},"properties":{"name":"Class 9 Multifamily - 3535 S Cottage Grove Ave","incentiveClass":"Class 9 Multifamily","classCode":"915","pin":"17344060300000","address":"3535 S Cottage Grove Ave","zip":"","communityArea":"Oakland","reportUrl":"https://www.cookcountyassessoril.gov/pin/17344060300000"}},{"type":"Feature","geometry":{"type":"Point","coordinates":[-87.60922,41.83013]},"properties":{"name":"Class 9 Multifamily - 3535 S Cottage Grove Ave","incentiveClass":"Class 9 Multifamily","classCode":"915","pin":"17344060310000","address":"3535 S Cottage Grove Ave","zip":"","communityArea":"Oakland","reportUrl":"https://www.cookcountyassessoril.gov/pin/17344060310000"}},{"type":"Feature","geometry":{"type":"Point","coordinates":[-87.60918,41.83006]},"properties":{"name":"Class 9 Multifamily - 3555 S Cottage Grove Ave","incentiveClass":"Class 9 Multifamily","classCode":"990","pin":"17344060320000","address":"3555 S Cottage Grove Ave","zip":"","communityArea":"Oakland","reportUrl":"https://www.cookcountyassessoril.gov/pin/17344060320000"}},{"type":"Feature","geometry":{"type":"Point","coordinates":[-87.60914,41.82999]},"properties":{"name":"Class 9 Multifamily - 3555 S Cottage Grove Ave","incentiveClass":"Class 9 Multifamily","classCode":"990","pin":"17344060330000","address":"3555 S Cottage Grove Ave","zip":"","communityArea":"Oakland","reportUrl":"https://www.cookcountyassessoril.gov/pin/17344060330000"}},{"type":"Feature","geometry":{"type":"Point","coordinates":[-87.6091,41.82991]},"properties":{"name":"Class 9 Multifamily - 3555 S Cottage Grove Ave","incentiveClass":"Class 9 Multifamily","classCode":"991","pin":"17344060340000","address":"3555 S Cottage Grove Ave","zip":"","communityArea":"Oakland","reportUrl":"https://www.cookcountyassessoril.gov/pin/17344060340000"}},{"type":"Feature","geometry":{"type":"Point","coordinates":[-87.60906,41.82985]},"properties":{"name":"Class 9 Multifamily - 3555 S Cottage Grove Ave","incentiveClass":"Class 9 Multifamily","classCode":"991","pin":"17344060350000","address":"3555 S Cottage Grove Ave","zip":"","communityArea":"Oakland","reportUrl":"https://www.cookcountyassessoril.gov/pin/17344060350000"}},{"type":"Feature","geometry":{"type":"Point","coordinates":[-87.60902,41.82978]},"properties":{"name":"Class 9 Multifamily - 3555 S Cottage Grove Ave","incentiveClass":"Class 9 Multifamily","classCode":"991","pin":"17344060360000","address":"3555 S Cottage Grove Ave","zip":"","communityArea":"Oakland","reportUrl":"https://www.cookcountyassessoril.gov/pin/17344060360000"}},{"type":"Feature","geometry":{"type":"Point","coordinates":[-87.60898,41.82973]},"properties":{"name":"Class 9 Multifamily - 3555 S Cottage Grove Ave","incentiveClass":"Class 9 Multifamily","classCode":"991","pin":"17344060370000","address":"3555 S Cottage Grove Ave","zip":"","communityArea":"Oakland","reportUrl":"https://www.cookcountyassessoril.gov/pin/17344060370000"}},{"type":"Feature","geometry":{"type":"Point","coordinates":[-87.60895,41.82967]},"properties":{"name":"Class 9 Multifamily - 3555 S Cottage Grove Ave","incentiveClass":"Class 9 Multifamily","classCode":"997","pin":"17344060380000","address":"3555 S Cottage Grove Ave","zip":"","communityArea":"Oakland","reportUrl":"https://www.cookcountyassessoril.gov/pin/17344060380000"}},{"type":"Feature","geometry":{"type":"Point","coordinates":[-87.60888,41.82947]},"properties":{"name":"Class 9 Multifamily - 3560 S Ellis Ave","incentiveClass":"Class 9 Multifamily","classCode":"990","pin":"17344060390000","address":"3560 S Ellis Ave","zip":"","communityArea":"Oakland","reportUrl":"https://www.cookcountyassessoril.gov/pin/17344060390000"}},{"type":"Feature","geometry":{"type":"Point","coordinates":[-87.60944,41.83049]},"properties":{"name":"Class 9 Multifamily - 3515 S Cottage Grove Ave","incentiveClass":"Class 9 Multifamily","classCode":"915","pin":"17344060400000","address":"3515 S Cottage Grove Ave","zip":"","communityArea":"Oakland","reportUrl":"https://www.cookcountyassessoril.gov/pin/17344060400000"}},{"type":"Feature","geometry":{"type":"Point","coordinates":[-87.61016,41.83093]},"properties":{"name":"Class 9 Multifamily - 3555 S Cottage Grove Ave","incentiveClass":"Class 9 Multifamily","classCode":"990","pin":"17344060430000","address":"3555 S Cottage Grove Ave","zip":"","communityArea":"Oakland","reportUrl":"https://www.cookcountyassessoril.gov/pin/17344060430000"}},{"type":"Feature","geometry":{"type":"Point","coordinates":[-87.60991,41.83048]},"properties":{"name":"Class 9 Multifamily - 3515 S Cottage Grove Ave","incentiveClass":"Class 9 Multifamily","classCode":"991","pin":"17344060480000","address":"3515 S Cottage Grove Ave","zip":"","communityArea":"Oakland","reportUrl":"https://www.cookcountyassessoril.gov/pin/17344060480000"}},{"type":"Feature","geometry":{"type":"Point","coordinates":[-87.60977,41.83023]},"properties":{"name":"Class 9 Multifamily - 3445 S Cottage Grove Ave","incentiveClass":"Class 9 Multifamily","classCode":"990","pin":"17344060490000","address":"3445 S Cottage Grove Ave","zip":"","communityArea":"Oakland","reportUrl":"https://www.cookcountyassessoril.gov/pin/17344060490000"}},{"type":"Feature","geometry":{"type":"Point","coordinates":[-87.6096,41.83075]},"properties":{"name":"Class 9 Multifamily - 3515 S Cottage Grove Ave","incentiveClass":"Class 9 Multifamily","classCode":"991","pin":"17344060500000","address":"3515 S Cottage Grove Ave","zip":"","communityArea":"Oakland","reportUrl":"https://www.cookcountyassessoril.gov/pin/17344060500000"}},{"type":"Feature","geometry":{"type":"Point","coordinates":[-87.60999,41.83064]},"properties":{"name":"Class 9 Multifamily - 3515 S Cottage Grove Ave","incentiveClass":"Class 9 Multifamily","classCode":"991","pin":"17344060510000","address":"3515 S Cottage Grove Ave","zip":"60653","communityArea":"Oakland","reportUrl":"https://www.cookcountyassessoril.gov/pin/17344060510000"}},{"type":"Feature","geometry":{"type":"Point","coordinates":[-87.60909,41.83096]},"properties":{"name":"Class 9 Multifamily - 3500 S Lake Park Ave","incentiveClass":"Class 9 Multifamily","classCode":"991","pin":"17344070010000","address":"3500 S Lake Park Ave","zip":"60616","communityArea":"Oakland","reportUrl":"https://www.cookcountyassessoril.gov/pin/17344070010000"}},{"type":"Feature","geometry":{"type":"Point","coordinates":[-87.60896,41.83075]},"properties":{"name":"Class 9 Multifamily - 3517 S Ellis Ave","incentiveClass":"Class 9 Multifamily","classCode":"990","pin":"17344070020000","address":"3517 S Ellis Ave","zip":"","communityArea":"Oakland","reportUrl":"https://www.cookcountyassessoril.gov/pin/17344070020000"}},{"type":"Feature","geometry":{"type":"Point","coordinates":[-87.60881,41.83079]},"properties":{"name":"Class 9 Multifamily - 3555 S Cottage Grove Av","incentiveClass":"Class 9 Multifamily","classCode":"990","pin":"17344070030000","address":"3555 S Cottage Grove Av","zip":"60616","communityArea":"Oakland","reportUrl":"https://www.cookcountyassessoril.gov/pin/17344070030000"}},{"type":"Feature","geometry":{"type":"Point","coordinates":[-87.60891,41.83096]},"properties":{"name":"Class 9 Multifamily - 3500 S Lake Park Av","incentiveClass":"Class 9 Multifamily","classCode":"991","pin":"17344070040000","address":"3500 S Lake Park Av","zip":"60616","communityArea":"Oakland","reportUrl":"https://www.cookcountyassessoril.gov/pin/17344070040000"}},{"type":"Feature","geometry":{"type":"Point","coordinates":[-87.60858,41.8305]},"properties":{"name":"Class 9 Multifamily - 3516 S Lake Park Ave","incentiveClass":"Class 9 Multifamily","classCode":"915","pin":"17344070170000","address":"3516 S Lake Park Ave","zip":"","communityArea":"Oakland","reportUrl":"https://www.cookcountyassessoril.gov/pin/17344070170000"}},{"type":"Feature","geometry":{"type":"Point","coordinates":[-87.60851,41.8304]},"properties":{"name":"Class 9 Multifamily - 3526 S Lake Park Ave","incentiveClass":"Class 9 Multifamily","classCode":"915","pin":"17344070180000","address":"3526 S Lake Park Ave","zip":"","communityArea":"Oakland","reportUrl":"https://www.cookcountyassessoril.gov/pin/17344070180000"}},{"type":"Feature","geometry":{"type":"Point","coordinates":[-87.60819,41.83067]},"properties":{"name":"Class 9 Multifamily - 3555 S Cottage Grove Ave","incentiveClass":"Class 9 Multifamily","classCode":"990","pin":"17344070250000","address":"3555 S Cottage Grove Ave","zip":"60653","communityArea":"Oakland","reportUrl":"https://www.cookcountyassessoril.gov/pin/17344070250000"}},{"type":"Feature","geometry":{"type":"Point","coordinates":[-87.60811,41.83057]},"properties":{"name":"Class 9 Multifamily - 3526 S Lake Park Ave","incentiveClass":"Class 9 Multifamily","classCode":"915","pin":"17344070260000","address":"3526 S Lake Park Ave","zip":"60653","communityArea":"Oakland","reportUrl":"https://www.cookcountyassessoril.gov/pin/17344070260000"}},{"type":"Feature","geometry":{"type":"Point","coordinates":[-87.60851,41.83026]},"properties":{"name":"Class 9 Multifamily - 3530 S Lake Park Ave","incentiveClass":"Class 9 Multifamily","classCode":"915","pin":"17344070320000","address":"3530 S Lake Park Ave","zip":"","communityArea":"Oakland","reportUrl":"https://www.cookcountyassessoril.gov/pin/17344070320000"}},{"type":"Feature","geometry":{"type":"Point","coordinates":[-87.60811,41.83043]},"properties":{"name":"Class 9 Multifamily - 3526 S Lake Park Ave","incentiveClass":"Class 9 Multifamily","classCode":"915","pin":"17344070330000","address":"3526 S Lake Park Ave","zip":"60653","communityArea":"Oakland","reportUrl":"https://www.cookcountyassessoril.gov/pin/17344070330000"}},{"type":"Feature","geometry":{"type":"Point","coordinates":[-87.60854,41.83094]},"properties":{"name":"Class 9 Multifamily - 3500 S Lake Park Ave","incentiveClass":"Class 9 Multifamily","classCode":"991","pin":"17344070350000","address":"3500 S Lake Park Ave","zip":"60653","communityArea":"Oakland","reportUrl":"https://www.cookcountyassessoril.gov/pin/17344070350000"}},{"type":"Feature","geometry":{"type":"Point","coordinates":[-87.60864,41.83065]},"properties":{"name":"Class 9 Multifamily - 3516 S Lake Park Ave","incentiveClass":"Class 9 Multifamily","classCode":"915","pin":"17344070360000","address":"3516 S Lake Park Ave","zip":"","communityArea":"Oakland","reportUrl":"https://www.cookcountyassessoril.gov/pin/17344070360000"}},{"type":"Feature","geometry":{"type":"Point","coordinates":[-87.60801,41.8303]},"properties":{"name":"Class 9 Multifamily - 3526 S Lake Park Ave","incentiveClass":"Class 9 Multifamily","classCode":"915","pin":"17344070380000","address":"3526 S Lake Park Ave","zip":"60653","communityArea":"Oakland","reportUrl":"https://www.cookcountyassessoril.gov/pin/17344070380000"}},{"type":"Feature","geometry":{"type":"Point","coordinates":[-87.60793,41.8302]},"properties":{"name":"Class 9 Multifamily - 3544 S Lake Park Ave","incentiveClass":"Class 9 Multifamily","classCode":"915","pin":"17344070390000","address":"3544 S Lake Park Ave","zip":"","communityArea":"Oakland","reportUrl":"https://www.cookcountyassessoril.gov/pin/17344070390000"}},{"type":"Feature","geometry":{"type":"Point","coordinates":[-87.60789,41.83015]},"properties":{"name":"Class 9 Multifamily - 3544 S Lake Park Ave","incentiveClass":"Class 9 Multifamily","classCode":"915","pin":"17344070400000","address":"3544 S Lake Park Ave","zip":"","communityArea":"Oakland","reportUrl":"https://www.cookcountyassessoril.gov/pin/17344070400000"}},{"type":"Feature","geometry":{"type":"Point","coordinates":[-87.60785,41.83009]},"properties":{"name":"Class 9 Multifamily - 3544 S Lake Park Ave","incentiveClass":"Class 9 Multifamily","classCode":"915","pin":"17344070410000","address":"3544 S Lake Park Ave","zip":"","communityArea":"Oakland","reportUrl":"https://www.cookcountyassessoril.gov/pin/17344070410000"}},{"type":"Feature","geometry":{"type":"Point","coordinates":[-87.60831,41.82996]},"properties":{"name":"Class 9 Multifamily - 3530 S Lake Park Ave","incentiveClass":"Class 9 Multifamily","classCode":"915","pin":"17344070420000","address":"3530 S Lake Park Ave","zip":"","communityArea":"Oakland","reportUrl":"https://www.cookcountyassessoril.gov/pin/17344070420000"}},{"type":"Feature","geometry":{"type":"Point","coordinates":[-87.60846,41.83018]},"properties":{"name":"Class 9 Multifamily - 3530 S Lake Park Ave","incentiveClass":"Class 9 Multifamily","classCode":"915","pin":"17344070430000","address":"3530 S Lake Park Ave","zip":"60653","communityArea":"Oakland","reportUrl":"https://www.cookcountyassessoril.gov/pin/17344070430000"}},{"type":"Feature","geometry":{"type":"Point","coordinates":[-87.60842,41.83013]},"properties":{"name":"Class 9 Multifamily - 3530 S Lake Park Ave","incentiveClass":"Class 9 Multifamily","classCode":"915","pin":"17344070440000","address":"3530 S Lake Park Ave","zip":"60653","communityArea":"Oakland","reportUrl":"https://www.cookcountyassessoril.gov/pin/17344070440000"}},{"type":"Feature","geometry":{"type":"Point","coordinates":[-87.60838,41.83007]},"properties":{"name":"Class 9 Multifamily - 3530 S Lake Park Ave","incentiveClass":"Class 9 Multifamily","classCode":"915","pin":"17344070450000","address":"3530 S Lake Park Ave","zip":"60653","communityArea":"Oakland","reportUrl":"https://www.cookcountyassessoril.gov/pin/17344070450000"}},{"type":"Feature","geometry":{"type":"Point","coordinates":[-87.60822,41.82983]},"properties":{"name":"Class 9 Multifamily - 3544 S Lake Park Ave","incentiveClass":"Class 9 Multifamily","classCode":"915","pin":"17344070460000","address":"3544 S Lake Park Ave","zip":"","communityArea":"Oakland","reportUrl":"https://www.cookcountyassessoril.gov/pin/17344070460000"}},{"type":"Feature","geometry":{"type":"Point","coordinates":[-87.6078,41.83001]},"properties":{"name":"Class 9 Multifamily - 3544 S Lake Park Ave","incentiveClass":"Class 9 Multifamily","classCode":"915","pin":"17344070470000","address":"3544 S Lake Park Ave","zip":"60653","communityArea":"Oakland","reportUrl":"https://www.cookcountyassessoril.gov/pin/17344070470000"}},{"type":"Feature","geometry":{"type":"Point","coordinates":[-87.7171,41.80972]},"properties":{"name":"Class 6b Industrial - 3642 W 47th St","incentiveClass":"Class 6b Industrial","classCode":"663","pin":"19023140050000","address":"3642 W 47th St","zip":"","communityArea":"Archer Heights","reportUrl":"https://www.cookcountyassessoril.gov/pin/19023140050000"}},{"type":"Feature","geometry":{"type":"Point","coordinates":[-87.73033,41.81568]},"properties":{"name":"Class 6b Industrial - 4237 W 42nd Pl","incentiveClass":"Class 6b Industrial","classCode":"663","pin":"19032000310000","address":"4237 W 42nd Pl","zip":"60632","communityArea":"Archer Heights","reportUrl":"https://www.cookcountyassessoril.gov/pin/19032000310000"}},{"type":"Feature","geometry":{"type":"Point","coordinates":[-87.72971,41.81565]},"properties":{"name":"Class 6b Industrial - 4235 W District Blvd","incentiveClass":"Class 6b Industrial","classCode":"663A","pin":"19032000320000","address":"4235 W District Blvd","zip":"60632","communityArea":"Archer Heights","reportUrl":"https://www.cookcountyassessoril.gov/pin/19032000320000"}},{"type":"Feature","geometry":{"type":"Point","coordinates":[-87.72684,41.81991]},"properties":{"name":"Class 6b Industrial - 4100 W 41st St","incentiveClass":"Class 6b Industrial","classCode":"663","pin":"19032010180000","address":"4100 W 41st St","zip":"","communityArea":"Archer Heights","reportUrl":"https://www.cookcountyassessoril.gov/pin/19032010180000"}},{"type":"Feature","geometry":{"type":"Point","coordinates":[-87.72567,41.81981]},"properties":{"name":"Class 6b Industrial - 4040 W 40th St","incentiveClass":"Class 6b Industrial","classCode":"663B","pin":"19032010190000","address":"4040 W 40th St","zip":"60632","communityArea":"Archer Heights","reportUrl":"https://www.cookcountyassessoril.gov/pin/19032010190000"}},{"type":"Feature","geometry":{"type":"Point","coordinates":[-87.72564,41.82054]},"properties":{"name":"Class 6b Industrial - 4040 W 40th St","incentiveClass":"Class 6b Industrial","classCode":"663B","pin":"19032010440000","address":"4040 W 40th St","zip":"60632","communityArea":"Archer Heights","reportUrl":"https://www.cookcountyassessoril.gov/pin/19032010440000"}},{"type":"Feature","geometry":{"type":"Point","coordinates":[-87.73659,41.81568]},"properties":{"name":"Class 6b Industrial - 4501 W 42nd Pl","incentiveClass":"Class 6b Industrial","classCode":"663","pin":"19034001520000","address":"4501 W 42nd Pl","zip":"60632","communityArea":"Archer Heights","reportUrl":"https://www.cookcountyassessoril.gov/pin/19034001520000"}},{"type":"Feature","geometry":{"type":"Point","coordinates":[-87.72924,41.81463]},"properties":{"name":"Class 6b Industrial - 4302 S Tripp Ave","incentiveClass":"Class 6b Industrial","classCode":"670B","pin":"19034001550000","address":"4302 S Tripp Ave","zip":"60632","communityArea":"Archer Heights","reportUrl":"https://www.cookcountyassessoril.gov/pin/19034001550000"}},{"type":"Feature","geometry":{"type":"Point","coordinates":[-87.73313,41.80826]},"properties":{"name":"Class 6b Industrial - 4340 W 47th St","incentiveClass":"Class 6b Industrial","classCode":"663","pin":"19034002000000","address":"4340 W 47th St","zip":"60632","communityArea":"Archer Heights","reportUrl":"https://www.cookcountyassessoril.gov/pin/19034002000000"}},{"type":"Feature","geometry":{"type":"Point","coordinates":[-87.72902,41.81447]},"properties":{"name":"Class 6b Industrial - 4322 S Keeler Ave","incentiveClass":"Class 6b Industrial","classCode":"670","pin":"19034010130000","address":"4322 S Keeler Ave","zip":"60632","communityArea":"Archer Heights","reportUrl":"https://www.cookcountyassessoril.gov/pin/19034010130000"}},{"type":"Feature","geometry":{"type":"Point","coordinates":[-87.73616,41.79998]},"properties":{"name":"Class 7a Commercial - 5232 S Archer Ave","incentiveClass":"Class 7a Commercial","classCode":"790","pin":"19103040090000","address":"5232 S Archer Ave","zip":"","communityArea":"Archer Heights","reportUrl":"https://www.cookcountyassessoril.gov/pin/19103040090000"}},{"type":"Feature","geometry":{"type":"Point","coordinates":[-87.73607,41.79999]},"properties":{"name":"Class 7a Commercial - 5230 S Archer Ave","incentiveClass":"Class 7a Commercial","classCode":"790","pin":"19103040100000","address":"5230 S Archer Ave","zip":"","communityArea":"Archer Heights","reportUrl":"https://www.cookcountyassessoril.gov/pin/19103040100000"}},{"type":"Feature","geometry":{"type":"Point","coordinates":[-87.73597,41.79999]},"properties":{"name":"Class 7a Commercial - 5228 S Archer Ave","incentiveClass":"Class 7a Commercial","classCode":"790","pin":"19103040110000","address":"5228 S Archer Ave","zip":"","communityArea":"Archer Heights","reportUrl":"https://www.cookcountyassessoril.gov/pin/19103040110000"}},{"type":"Feature","geometry":{"type":"Point","coordinates":[-87.73583,41.80001]},"properties":{"name":"Class 7a Commercial - 5224 S Archer Ave","incentiveClass":"Class 7a Commercial","classCode":"790","pin":"19103040120000","address":"5224 S Archer Ave","zip":"","communityArea":"Archer Heights","reportUrl":"https://www.cookcountyassessoril.gov/pin/19103040120000"}},{"type":"Feature","geometry":{"type":"Point","coordinates":[-87.73538,41.80014]},"properties":{"name":"Class 7a Commercial - 5220 S Archer Ave","incentiveClass":"Class 7a Commercial","classCode":"717","pin":"19103050010000","address":"5220 S Archer Ave","zip":"60632","communityArea":"Archer Heights","reportUrl":"https://www.cookcountyassessoril.gov/pin/19103050010000"}},{"type":"Feature","geometry":{"type":"Point","coordinates":[-87.73523,41.80016]},"properties":{"name":"Class 7a Commercial - 5218 S Archer Ave","incentiveClass":"Class 7a Commercial","classCode":"717","pin":"19103050020000","address":"5218 S Archer Ave","zip":"60632","communityArea":"Archer Heights","reportUrl":"https://www.cookcountyassessoril.gov/pin/19103050020000"}},{"type":"Feature","geometry":{"type":"Point","coordinates":[-87.73514,41.80017]},"properties":{"name":"Class 7a Commercial - 5216 S Archer Ave","incentiveClass":"Class 7a Commercial","classCode":"717","pin":"19103050030000","address":"5216 S Archer Ave","zip":"60632","communityArea":"Archer Heights","reportUrl":"https://www.cookcountyassessoril.gov/pin/19103050030000"}},{"type":"Feature","geometry":{"type":"Point","coordinates":[-87.71559,41.80275]},"properties":{"name":"Class 9 Multifamily - 3642 W 50th St","incentiveClass":"Class 9 Multifamily","classCode":"915","pin":"19111240120000","address":"3642 W 50th St","zip":"60632","communityArea":"West Elsdon","reportUrl":"https://www.cookcountyassessoril.gov/pin/19111240120000"}},{"type":"Feature","geometry":{"type":"Point","coordinates":[-87.71497,41.80338]},"properties":{"name":"Class 9 Multifamily - 3630 W 49th Pl","incentiveClass":"Class 9 Multifamily","classCode":"913","pin":"19111240130000","address":"3630 W 49th Pl","zip":"60632","communityArea":"West Elsdon","reportUrl":"https://www.cookcountyassessoril.gov/pin/19111240130000"}},{"type":"Feature","geometry":{"type":"Point","coordinates":[-87.71462,41.80307]},"properties":{"name":"Class 9 Multifamily - 3629 W 49th Pl","incentiveClass":"Class 9 Multifamily","classCode":"913","pin":"19111270010000","address":"3629 W 49th Pl","zip":"60632","communityArea":"West Elsdon","reportUrl":"https://www.cookcountyassessoril.gov/pin/19111270010000"}},{"type":"Feature","geometry":{"type":"Point","coordinates":[-87.71461,41.80273]},"properties":{"name":"Class 9 Multifamily - 3616 W 50th St","incentiveClass":"Class 9 Multifamily","classCode":"913","pin":"19111270020000","address":"3616 W 50th St","zip":"60632","communityArea":"West Elsdon","reportUrl":"https://www.cookcountyassessoril.gov/pin/19111270020000"}},{"type":"Feature","geometry":{"type":"Point","coordinates":[-87.70664,41.80271]},"properties":{"name":"Class 6b Industrial - 4931 S St Louis Ave","incentiveClass":"Class 6b Industrial","classCode":"670","pin":"19112020060000","address":"4931 S St Louis Ave","zip":"","communityArea":"Gage Park","reportUrl":"https://www.cookcountyassessoril.gov/pin/19112020060000"}},{"type":"Feature","geometry":{"type":"Point","coordinates":[-87.70857,41.80327]},"properties":{"name":"Class 6b Industrial - 5000 S Homan Ave","incentiveClass":"Class 6b Industrial","classCode":"663","pin":"19112020120000","address":"5000 S Homan Ave","zip":"60632","communityArea":"Gage Park","reportUrl":"https://www.cookcountyassessoril.gov/pin/19112020120000"}},{"type":"Feature","geometry":{"type":"Point","coordinates":[-87.71039,41.8032]},"properties":{"name":"Class 6b Industrial - 4963 S Homan Ave","incentiveClass":"Class 6b Industrial","classCode":"663","pin":"19112020170000","address":"4963 S Homan Ave","zip":"","communityArea":"Gage Park","reportUrl":"https://www.cookcountyassessoril.gov/pin/19112020170000"}},{"type":"Feature","geometry":{"type":"Point","coordinates":[-87.71137,41.80301]},"properties":{"name":"Class 6b Industrial - 4963 S St Louis Ave","incentiveClass":"Class 6b Industrial","classCode":"671","pin":"19112020190000","address":"4963 S St Louis Ave","zip":"","communityArea":"Gage Park","reportUrl":"https://www.cookcountyassessoril.gov/pin/19112020190000"}},{"type":"Feature","geometry":{"type":"Point","coordinates":[-87.71228,41.80171]},"properties":{"name":"Class 6b Industrial - 3480 W 51st St","incentiveClass":"Class 6b Industrial","classCode":"671","pin":"19112020230000","address":"3480 W 51st St","zip":"60632","communityArea":"Gage Park","reportUrl":"https://www.cookcountyassessoril.gov/pin/19112020230000"}},{"type":"Feature","geometry":{"type":"Point","coordinates":[-87.71225,41.79874]},"properties":{"name":"Class 6b Industrial - 3507 W 51st St","incentiveClass":"Class 6b Industrial","classCode":"663","pin":"19114000110000","address":"3507 W 51st St","zip":"60632","communityArea":"Gage Park","reportUrl":"https://www.cookcountyassessoril.gov/pin/19114000110000"}},{"type":"Feature","geometry":{"type":"Point","coordinates":[-87.70304,41.80677]},"properties":{"name":"Class 6b Industrial - 4747 S Kedzie Ave","incentiveClass":"Class 6b Industrial","classCode":"663","pin":"19121000050000","address":"4747 S Kedzie Ave","zip":"60632","communityArea":"Brighton Park","reportUrl":"https://www.cookcountyassessoril.gov/pin/19121000050000"}},{"type":"Feature","geometry":{"type":"Point","coordinates":[-87.70305,41.80634]},"properties":{"name":"Class 6b Industrial - 4801 S Kedzie Ave","incentiveClass":"Class 6b Industrial","classCode":"663","pin":"19121000290000","address":"4801 S Kedzie Ave","zip":"","communityArea":"Brighton Park","reportUrl":"https://www.cookcountyassessoril.gov/pin/19121000290000"}},{"type":"Feature","geometry":{"type":"Point","coordinates":[-87.7013,41.80477]},"properties":{"name":"Class 6b Industrial - 3150 W 48th Pl","incentiveClass":"Class 6b Industrial","classCode":"663","pin":"19121000460000","address":"3150 W 48th Pl","zip":"","communityArea":"Brighton Park","reportUrl":"https://www.cookcountyassessoril.gov/pin/19121000460000"}},{"type":"Feature","geometry":{"type":"Point","coordinates":[-87.70183,41.80587]},"properties":{"name":"Class 6b Industrial - 3150 W 48th Pl","incentiveClass":"Class 6b Industrial","classCode":"663","pin":"19121000470000","address":"3150 W 48th Pl","zip":"","communityArea":"Brighton Park","reportUrl":"https://www.cookcountyassessoril.gov/pin/19121000470000"}},{"type":"Feature","geometry":{"type":"Point","coordinates":[-87.7026,41.80489]},"properties":{"name":"Class 6b Industrial - 3150 W 48th Pl","incentiveClass":"Class 6b Industrial","classCode":"663","pin":"19121000480000","address":"3150 W 48th Pl","zip":"60632","communityArea":"Brighton Park","reportUrl":"https://www.cookcountyassessoril.gov/pin/19121000480000"}},{"type":"Feature","geometry":{"type":"Point","coordinates":[-87.69665,41.8066]},"properties":{"name":"Class 6b Industrial - 2859 W 47th Pl","incentiveClass":"Class 6b Industrial","classCode":"670","pin":"19121010330000","address":"2859 W 47th Pl","zip":"60632","communityArea":"Brighton Park","reportUrl":"https://www.cookcountyassessoril.gov/pin/19121010330000"}},{"type":"Feature","geometry":{"type":"Point","coordinates":[-87.69619,41.80667]},"properties":{"name":"Class 6b Industrial - 2847 W 47th Pl","incentiveClass":"Class 6b Industrial","classCode":"663","pin":"19121010590000","address":"2847 W 47th Pl","zip":"60632","communityArea":"Brighton Park","reportUrl":"https://www.cookcountyassessoril.gov/pin/19121010590000"}},{"type":"Feature","geometry":{"type":"Point","coordinates":[-87.69015,41.80693]},"properties":{"name":"Class 6b Industrial - 4743 S Talman Ave","incentiveClass":"Class 6b Industrial","classCode":"663","pin":"19122030420000","address":"4743 S Talman Ave","zip":"60632","communityArea":"Brighton Park","reportUrl":"https://www.cookcountyassessoril.gov/pin/19122030420000"}},{"type":"Feature","geometry":{"type":"Point","coordinates":[-87.69066,41.78115]},"properties":{"name":"Class 9 Multifamily - 2650 W 62nd St","incentiveClass":"Class 9 Multifamily","classCode":"915","pin":"19134180400000","address":"2650 W 62nd St","zip":"60629","communityArea":"Chicago Lawn","reportUrl":"https://www.cookcountyassessoril.gov/pin/19134180400000"}},{"type":"Feature","geometry":{"type":"Point","coordinates":[-87.79331,41.78168]},"properties":{"name":"Class 6b Industrial - 6045 S New England Ave","incentiveClass":"Class 6b Industrial","classCode":"670A","pin":"19183030050000","address":"6045 S New England Ave","zip":"60638","communityArea":"Clearing","reportUrl":"https://www.cookcountyassessoril.gov/pin/19183030050000"}},{"type":"Feature","geometry":{"type":"Point","coordinates":[-87.79329,41.78124]},"properties":{"name":"Class 6b Industrial - 6055 S New England Ave","incentiveClass":"Class 6b Industrial","classCode":"670A","pin":"19183030060000","address":"6055 S New England Ave","zip":"60638","communityArea":"Clearing","reportUrl":"https://www.cookcountyassessoril.gov/pin/19183030060000"}},{"type":"Feature","geometry":{"type":"Point","coordinates":[-87.79325,41.78022]},"properties":{"name":"Class 6b Industrial - 6850 W 62nd St","incentiveClass":"Class 6b Industrial","classCode":"663A","pin":"19183030070000","address":"6850 W 62nd St","zip":"60638","communityArea":"Clearing","reportUrl":"https://www.cookcountyassessoril.gov/pin/19183030070000"}},{"type":"Feature","geometry":{"type":"Point","coordinates":[-87.74175,41.77376]},"properties":{"name":"Class 7a Commercial - 6541 S Cicero Ave","incentiveClass":"Class 7a Commercial","classCode":"717","pin":"19221120480000","address":"6541 S Cicero Ave","zip":"60638","communityArea":"Clearing","reportUrl":"https://www.cookcountyassessoril.gov/pin/19221120480000"}},{"type":"Feature","geometry":{"type":"Point","coordinates":[-87.7223,41.77398]},"properties":{"name":"Class 7a Commercial - 6545 S Pulaski Rd","incentiveClass":"Class 7a Commercial","classCode":"717","pin":"19231200010000","address":"6545 S Pulaski Rd","zip":"60629","communityArea":"West Lawn","reportUrl":"https://www.cookcountyassessoril.gov/pin/19231200010000"}},{"type":"Feature","geometry":{"type":"Point","coordinates":[-87.7223,41.77389]},"properties":{"name":"Class 7a Commercial - 6537 S Pulaski Rd","incentiveClass":"Class 7a Commercial","classCode":"717","pin":"19231200020000","address":"6537 S Pulaski Rd","zip":"60629","communityArea":"West Lawn","reportUrl":"https://www.cookcountyassessoril.gov/pin/19231200020000"}},{"type":"Feature","geometry":{"type":"Point","coordinates":[-87.7223,41.77381]},"properties":{"name":"Class 7a Commercial - 6541 S Pulaski Rd","incentiveClass":"Class 7a Commercial","classCode":"717","pin":"19231200030000","address":"6541 S Pulaski Rd","zip":"60629","communityArea":"West Lawn","reportUrl":"https://www.cookcountyassessoril.gov/pin/19231200030000"}},{"type":"Feature","geometry":{"type":"Point","coordinates":[-87.7223,41.77373]},"properties":{"name":"Class 7a Commercial - 6543 S Pulaski Rd","incentiveClass":"Class 7a Commercial","classCode":"717","pin":"19231200040000","address":"6543 S Pulaski Rd","zip":"60629","communityArea":"West Lawn","reportUrl":"https://www.cookcountyassessoril.gov/pin/19231200040000"}},{"type":"Feature","geometry":{"type":"Point","coordinates":[-87.7223,41.77365]},"properties":{"name":"Class 7a Commercial - 6545 S Pulaski Rd","incentiveClass":"Class 7a Commercial","classCode":"717","pin":"19231200050000","address":"6545 S Pulaski Rd","zip":"60629","communityArea":"West Lawn","reportUrl":"https://www.cookcountyassessoril.gov/pin/19231200050000"}},{"type":"Feature","geometry":{"type":"Point","coordinates":[-87.72229,41.77357]},"properties":{"name":"Class 7a Commercial - 6549 S Pulaski Rd","incentiveClass":"Class 7a Commercial","classCode":"790","pin":"19231200060000","address":"6549 S Pulaski Rd","zip":"60629","communityArea":"West Lawn","reportUrl":"https://www.cookcountyassessoril.gov/pin/19231200060000"}},{"type":"Feature","geometry":{"type":"Point","coordinates":[-87.72229,41.7735]},"properties":{"name":"Class 7a Commercial - 6553 S Pulaski Rd","incentiveClass":"Class 7a Commercial","classCode":"790","pin":"19231200070000","address":"6553 S Pulaski Rd","zip":"60629","communityArea":"West Lawn","reportUrl":"https://www.cookcountyassessoril.gov/pin/19231200070000"}},{"type":"Feature","geometry":{"type":"Point","coordinates":[-87.72229,41.77337]},"properties":{"name":"Class 7a Commercial - 6557 S Pulaski Rd","incentiveClass":"Class 7a Commercial","classCode":"790","pin":"19231200080000","address":"6557 S Pulaski Rd","zip":"60629","communityArea":"West Lawn","reportUrl":"https://www.cookcountyassessoril.gov/pin/19231200080000"}},{"type":"Feature","geometry":{"type":"Point","coordinates":[-87.68755,41.77539]},"properties":{"name":"Class 9 Multifamily - 6504 S Maplewood Ave","incentiveClass":"Class 9 Multifamily","classCode":"914","pin":"19242200210000","address":"6504 S Maplewood Ave","zip":"60629","communityArea":"Chicago Lawn","reportUrl":"https://www.cookcountyassessoril.gov/pin/19242200210000"}},{"type":"Feature","geometry":{"type":"Point","coordinates":[-87.70075,41.75621]},"properties":{"name":"Class 6b Industrial - 7501 S Troy St","incentiveClass":"Class 6b Industrial","classCode":"670","pin":"19253010010000","address":"7501 S Troy St","zip":"","communityArea":"Ashburn","reportUrl":"https://www.cookcountyassessoril.gov/pin/19253010010000"}},{"type":"Feature","geometry":{"type":"Point","coordinates":[-87.69953,41.75623]},"properties":{"name":"Class 6b Industrial - 7501 S Albany Ave","incentiveClass":"Class 6b Industrial","classCode":"670","pin":"19253020010000","address":"7501 S Albany Ave","zip":"","communityArea":"Ashburn","reportUrl":"https://www.cookcountyassessoril.gov/pin/19253020010000"}},{"type":"Feature","geometry":{"type":"Point","coordinates":[-87.69831,41.75625]},"properties":{"name":"Class 6b Industrial - 7558 S Sacramento Ave","incentiveClass":"Class 6b Industrial","classCode":"670","pin":"19253030010000","address":"7558 S Sacramento Ave","zip":"","communityArea":"Ashburn","reportUrl":"https://www.cookcountyassessoril.gov/pin/19253030010000"}},{"type":"Feature","geometry":{"type":"Point","coordinates":[-87.69709,41.75626]},"properties":{"name":"Class 6b Industrial - 2850 W Columbus Ave","incentiveClass":"Class 6b Industrial","classCode":"663","pin":"19253040020000","address":"2850 W Columbus Ave","zip":"60652","communityArea":"Ashburn","reportUrl":"https://www.cookcountyassessoril.gov/pin/19253040020000"}},{"type":"Feature","geometry":{"type":"Point","coordinates":[-87.69586,41.75617]},"properties":{"name":"Class 6b Industrial - 2850 W Columbus Ave","incentiveClass":"Class 6b Industrial","classCode":"663","pin":"19253050020000","address":"2850 W Columbus Ave","zip":"60652","communityArea":"Ashburn","reportUrl":"https://www.cookcountyassessoril.gov/pin/19253050020000"}},{"type":"Feature","geometry":{"type":"Point","coordinates":[-87.69464,41.75618]},"properties":{"name":"Class 6b Industrial - 2850 W Columbus Ave","incentiveClass":"Class 6b Industrial","classCode":"663","pin":"19253060020000","address":"2850 W Columbus Ave","zip":"60652","communityArea":"Ashburn","reportUrl":"https://www.cookcountyassessoril.gov/pin/19253060020000"}},{"type":"Feature","geometry":{"type":"Point","coordinates":[-87.69347,41.75619]},"properties":{"name":"Class 6b Industrial - 2850 W Columbus Ave","incentiveClass":"Class 6b Industrial","classCode":"663","pin":"19253070030000","address":"2850 W Columbus Ave","zip":"60652","communityArea":"Ashburn","reportUrl":"https://www.cookcountyassessoril.gov/pin/19253070030000"}},{"type":"Feature","geometry":{"type":"Point","coordinates":[-87.7009,41.75505]},"properties":{"name":"Class 6b Industrial - 7601 S Troy St","incentiveClass":"Class 6b Industrial","classCode":"670","pin":"19253100020000","address":"7601 S Troy St","zip":"","communityArea":"Ashburn","reportUrl":"https://www.cookcountyassessoril.gov/pin/19253100020000"}},{"type":"Feature","geometry":{"type":"Point","coordinates":[-87.70089,41.75459]},"properties":{"name":"Class 6b Industrial - 7620 S Troy St","incentiveClass":"Class 6b Industrial","classCode":"670","pin":"19253100030000","address":"7620 S Troy St","zip":"","communityArea":"Ashburn","reportUrl":"https://www.cookcountyassessoril.gov/pin/19253100030000"}},{"type":"Feature","geometry":{"type":"Point","coordinates":[-87.70087,41.75418]},"properties":{"name":"Class 6b Industrial - 7631 S Troy St","incentiveClass":"Class 6b Industrial","classCode":"670","pin":"19253100040000","address":"7631 S Troy St","zip":"","communityArea":"Ashburn","reportUrl":"https://www.cookcountyassessoril.gov/pin/19253100040000"}},{"type":"Feature","geometry":{"type":"Point","coordinates":[-87.70016,41.75434]},"properties":{"name":"Class 6b Industrial - 7623 S Albany Ave","incentiveClass":"Class 6b Industrial","classCode":"670","pin":"19253100050000","address":"7623 S Albany Ave","zip":"","communityArea":"Ashburn","reportUrl":"https://www.cookcountyassessoril.gov/pin/19253100050000"}},{"type":"Feature","geometry":{"type":"Point","coordinates":[-87.70017,41.75497]},"properties":{"name":"Class 6b Industrial - 7601 S Albany Ave","incentiveClass":"Class 6b Industrial","classCode":"670","pin":"19253100060000","address":"7601 S Albany Ave","zip":"","communityArea":"Ashburn","reportUrl":"https://www.cookcountyassessoril.gov/pin/19253100060000"}},{"type":"Feature","geometry":{"type":"Point","coordinates":[-87.70086,41.75377]},"properties":{"name":"Class 6b Industrial - 7601 S Albany Ave","incentiveClass":"Class 6b Industrial","classCode":"670","pin":"19253100080000","address":"7601 S Albany Ave","zip":"","communityArea":"Ashburn","reportUrl":"https://www.cookcountyassessoril.gov/pin/19253100080000"}},{"type":"Feature","geometry":{"type":"Point","coordinates":[-87.70014,41.75382]},"properties":{"name":"Class 6b Industrial - 7659 S Albany Ave","incentiveClass":"Class 6b Industrial","classCode":"663","pin":"19253100090000","address":"7659 S Albany Ave","zip":"","communityArea":"Ashburn","reportUrl":"https://www.cookcountyassessoril.gov/pin/19253100090000"}},{"type":"Feature","geometry":{"type":"Point","coordinates":[-87.69932,41.75383]},"properties":{"name":"Class 6b Industrial - 3046 W 77th St","incentiveClass":"Class 6b Industrial","classCode":"663","pin":"19253100100000","address":"3046 W 77th St","zip":"60652","communityArea":"Ashburn","reportUrl":"https://www.cookcountyassessoril.gov/pin/19253100100000"}},{"type":"Feature","geometry":{"type":"Point","coordinates":[-87.69935,41.75469]},"properties":{"name":"Class 6b Industrial - 3033 W 76th St","incentiveClass":"Class 6b Industrial","classCode":"670","pin":"19253100120000","address":"3033 W 76th St","zip":"","communityArea":"Ashburn","reportUrl":"https://www.cookcountyassessoril.gov/pin/19253100120000"}},{"type":"Feature","geometry":{"type":"Point","coordinates":[-87.6983,41.75471]},"properties":{"name":"Class 6b Industrial - 7602 S Sacramento Ave","incentiveClass":"Class 6b Industrial","classCode":"670","pin":"19253100130000","address":"7602 S Sacramento Ave","zip":"","communityArea":"Ashburn","reportUrl":"https://www.cookcountyassessoril.gov/pin/19253100130000"}},{"type":"Feature","geometry":{"type":"Point","coordinates":[-87.6986,41.75384]},"properties":{"name":"Class 6b Industrial - 3012 W 77th St","incentiveClass":"Class 6b Industrial","classCode":"670","pin":"19253100140000","address":"3012 W 77th St","zip":"60652","communityArea":"Ashburn","reportUrl":"https://www.cookcountyassessoril.gov/pin/19253100140000"}},{"type":"Feature","geometry":{"type":"Point","coordinates":[-87.69796,41.75385]},"properties":{"name":"Class 6b Industrial - 3012 W 77th St","incentiveClass":"Class 6b Industrial","classCode":"670","pin":"19253100150000","address":"3012 W 77th St","zip":"60652","communityArea":"Ashburn","reportUrl":"https://www.cookcountyassessoril.gov/pin/19253100150000"}},{"type":"Feature","geometry":{"type":"Point","coordinates":[-87.69704,41.75449]},"properties":{"name":"Class 6b Industrial - 2850 W Columbus Ave","incentiveClass":"Class 6b Industrial","classCode":"663","pin":"19253120040000","address":"2850 W Columbus Ave","zip":"60652","communityArea":"Ashburn","reportUrl":"https://www.cookcountyassessoril.gov/pin/19253120040000"}},{"type":"Feature","geometry":{"type":"Point","coordinates":[-87.69583,41.75452]},"properties":{"name":"Class 6b Industrial - 2850 W Columbus Ave","incentiveClass":"Class 6b Industrial","classCode":"663","pin":"19253130010000","address":"2850 W Columbus Ave","zip":"60652","communityArea":"Ashburn","reportUrl":"https://www.cookcountyassessoril.gov/pin/19253130010000"}},{"type":"Feature","geometry":{"type":"Point","coordinates":[-87.69464,41.75474]},"properties":{"name":"Class 6b Industrial - 2850 W Columbus Ave","incentiveClass":"Class 6b Industrial","classCode":"663","pin":"19253140010000","address":"2850 W Columbus Ave","zip":"60652","communityArea":"Ashburn","reportUrl":"https://www.cookcountyassessoril.gov/pin/19253140010000"}},{"type":"Feature","geometry":{"type":"Point","coordinates":[-87.6935,41.755]},"properties":{"name":"Class 6b Industrial - 2850 W Columbus Ave","incentiveClass":"Class 6b Industrial","classCode":"663","pin":"19253150010000","address":"2850 W Columbus Ave","zip":"60652","communityArea":"Ashburn","reportUrl":"https://www.cookcountyassessoril.gov/pin/19253150010000"}},{"type":"Feature","geometry":{"type":"Point","coordinates":[-87.71807,41.75815]},"properties":{"name":"Class 6b Industrial - 3790 W 74th St","incentiveClass":"Class 6b Industrial","classCode":"670","pin":"19261160160000","address":"3790 W 74th St","zip":"60629","communityArea":"Ashburn","reportUrl":"https://www.cookcountyassessoril.gov/pin/19261160160000"}},{"type":"Feature","geometry":{"type":"Point","coordinates":[-87.70343,41.73631]},"properties":{"name":"Class 7a Commercial - 3250 W 87th St","incentiveClass":"Class 7a Commercial","classCode":"730","pin":"19354210970000","address":"3250 W 87th St","zip":"60652","communityArea":"Ashburn","reportUrl":"https://www.cookcountyassessoril.gov/pin/19354210970000"}},{"type":"Feature","geometry":{"type":"Point","coordinates":[-87.69322,41.74959]},"properties":{"name":"Class 9 Multifamily - 2815 W 79th St","incentiveClass":"Class 9 Multifamily","classCode":"997","pin":"19361070560000","address":"2815 W 79th St","zip":"60652","communityArea":"Ashburn","reportUrl":"https://www.cookcountyassessoril.gov/pin/19361070560000"}},{"type":"Feature","geometry":{"type":"Point","coordinates":[-87.69233,41.74963]},"properties":{"name":"Class 9 Multifamily - 2751 W 79th St","incentiveClass":"Class 9 Multifamily","classCode":"990","pin":"19362000530000","address":"2751 W 79th St","zip":"60652","communityArea":"Ashburn","reportUrl":"https://www.cookcountyassessoril.gov/pin/19362000530000"}},{"type":"Feature","geometry":{"type":"Point","coordinates":[-87.60201,41.81931]},"properties":{"name":"Class 9 Multifamily - 4119 S Ellis Ave","incentiveClass":"Class 9 Multifamily","classCode":"915","pin":"20021160010000","address":"4119 S Ellis Ave","zip":"60653","communityArea":"Oakland","reportUrl":"https://www.cookcountyassessoril.gov/pin/20021160010000"}},{"type":"Feature","geometry":{"type":"Point","coordinates":[-87.59887,41.81418]},"properties":{"name":"Class 9 Multifamily - 4433 S Greenwood Ave","incentiveClass":"Class 9 Multifamily","classCode":"915","pin":"20023090070000","address":"4433 S Greenwood Ave","zip":"60653","communityArea":"Kenwood","reportUrl":"https://www.cookcountyassessoril.gov/pin/20023090070000"}},{"type":"Feature","geometry":{"type":"Point","coordinates":[-87.59893,41.81411]},"properties":{"name":"Class 9 Multifamily - 4431 S Greenwood Ave","incentiveClass":"Class 9 Multifamily","classCode":"914","pin":"20023090080000","address":"4431 S Greenwood Ave","zip":"60653","communityArea":"Kenwood","reportUrl":"https://www.cookcountyassessoril.gov/pin/20023090080000"}},{"type":"Feature","geometry":{"type":"Point","coordinates":[-87.59891,41.81397]},"properties":{"name":"Class 9 Multifamily - 4437 S Greenwood Ave","incentiveClass":"Class 9 Multifamily","classCode":"915","pin":"20023090090000","address":"4437 S Greenwood Ave","zip":"60653","communityArea":"Kenwood","reportUrl":"https://www.cookcountyassessoril.gov/pin/20023090090000"}},{"type":"Feature","geometry":{"type":"Point","coordinates":[-87.60503,41.81301]},"properties":{"name":"Class 9 Multifamily - 4500 S Drexel Blvd","incentiveClass":"Class 9 Multifamily","classCode":"915","pin":"20023110110000","address":"4500 S Drexel Blvd","zip":"60653","communityArea":"Kenwood","reportUrl":"https://www.cookcountyassessoril.gov/pin/20023110110000"}},{"type":"Feature","geometry":{"type":"Point","coordinates":[-87.59557,41.81119]},"properties":{"name":"Class 9 Multifamily - 1236 E 46th St","incentiveClass":"Class 9 Multifamily","classCode":"915","pin":"20024020220000","address":"1236 E 46th St","zip":"60653","communityArea":"Kenwood","reportUrl":"https://www.cookcountyassessoril.gov/pin/20024020220000"}},{"type":"Feature","geometry":{"type":"Point","coordinates":[-87.59284,41.8107]},"properties":{"name":"Class 9 Multifamily - 4651 S Lake Park Ave","incentiveClass":"Class 9 Multifamily","classCode":"915","pin":"20024050510000","address":"4651 S Lake Park Ave","zip":"60653","communityArea":"Kenwood","reportUrl":"https://www.cookcountyassessoril.gov/pin/20024050510000"}},{"type":"Feature","geometry":{"type":"Point","coordinates":[-87.59275,41.81061]},"properties":{"name":"Class 9 Multifamily - 4655 S Lake Park Ave","incentiveClass":"Class 9 Multifamily","classCode":"915","pin":"20024050520000","address":"4655 S Lake Park Ave","zip":"60653","communityArea":"Kenwood","reportUrl":"https://www.cookcountyassessoril.gov/pin/20024050520000"}},{"type":"Feature","geometry":{"type":"Point","coordinates":[-87.59265,41.8105]},"properties":{"name":"Class 9 Multifamily - 4659 S Lake Park Ave","incentiveClass":"Class 9 Multifamily","classCode":"915","pin":"20024050530000","address":"4659 S Lake Park Ave","zip":"60653","communityArea":"Kenwood","reportUrl":"https://www.cookcountyassessoril.gov/pin/20024050530000"}},{"type":"Feature","geometry":{"type":"Point","coordinates":[-87.62207,41.82353]},"properties":{"name":"Class 9 Multifamily - 3908 S Indiana Ave","incentiveClass":"Class 9 Multifamily","classCode":"996","pin":"20031020260000","address":"3908 S Indiana Ave","zip":"60653","communityArea":"Grand Boulevard","reportUrl":"https://www.cookcountyassessoril.gov/pin/20031020260000"}},{"type":"Feature","geometry":{"type":"Point","coordinates":[-87.62207,41.82332]},"properties":{"name":"Class 9 Multifamily - 3906 S Indiana Ave","incentiveClass":"Class 9 Multifamily","classCode":"997","pin":"20031020270000","address":"3906 S Indiana Ave","zip":"60653","communityArea":"Grand Boulevard","reportUrl":"https://www.cookcountyassessoril.gov/pin/20031020270000"}},{"type":"Feature","geometry":{"type":"Point","coordinates":[-87.62207,41.8232]},"properties":{"name":"Class 9 Multifamily - 3904 S Indiana Ave","incentiveClass":"Class 9 Multifamily","classCode":"997","pin":"20031020280000","address":"3904 S Indiana Ave","zip":"60653","communityArea":"Grand Boulevard","reportUrl":"https://www.cookcountyassessoril.gov/pin/20031020280000"}},{"type":"Feature","geometry":{"type":"Point","coordinates":[-87.62206,41.82306]},"properties":{"name":"Class 9 Multifamily - 3900 S Indiana Ave","incentiveClass":"Class 9 Multifamily","classCode":"997","pin":"20031020290000","address":"3900 S Indiana Ave","zip":"60653","communityArea":"Grand Boulevard","reportUrl":"https://www.cookcountyassessoril.gov/pin/20031020290000"}},{"type":"Feature","geometry":{"type":"Point","coordinates":[-87.62098,41.81855]},"properties":{"name":"Class 9 Multifamily - 4155 S Indiana Ave","incentiveClass":"Class 9 Multifamily","classCode":"913","pin":"20031150160000","address":"4155 S Indiana Ave","zip":"60653","communityArea":"Grand Boulevard","reportUrl":"https://www.cookcountyassessoril.gov/pin/20031150160000"}},{"type":"Feature","geometry":{"type":"Point","coordinates":[-87.62036,41.81994]},"properties":{"name":"Class 9 Multifamily - 4102 S Prairie Ave","incentiveClass":"Class 9 Multifamily","classCode":"996","pin":"20031150380000","address":"4102 S Prairie Ave","zip":"60653","communityArea":"Grand Boulevard","reportUrl":"https://www.cookcountyassessoril.gov/pin/20031150380000"}},{"type":"Feature","geometry":{"type":"Point","coordinates":[-87.62035,41.81972]},"properties":{"name":"Class 9 Multifamily - 4104 S Prairie Ave","incentiveClass":"Class 9 Multifamily","classCode":"997","pin":"20031150390000","address":"4104 S Prairie Ave","zip":"60653","communityArea":"Grand Boulevard","reportUrl":"https://www.cookcountyassessoril.gov/pin/20031150390000"}},{"type":"Feature","geometry":{"type":"Point","coordinates":[-87.62035,41.81958]},"properties":{"name":"Class 9 Multifamily - 4106 S Prairie Ave","incentiveClass":"Class 9 Multifamily","classCode":"997","pin":"20031150400000","address":"4106 S Prairie Ave","zip":"60653","communityArea":"Grand Boulevard","reportUrl":"https://www.cookcountyassessoril.gov/pin/20031150400000"}},{"type":"Feature","geometry":{"type":"Point","coordinates":[-87.62034,41.81945]},"properties":{"name":"Class 9 Multifamily - 4108 S Prairie Ave","incentiveClass":"Class 9 Multifamily","classCode":"997","pin":"20031150410000","address":"4108 S Prairie Ave","zip":"60653","communityArea":"Grand Boulevard","reportUrl":"https://www.cookcountyassessoril.gov/pin/20031150410000"}},{"type":"Feature","geometry":{"type":"Point","coordinates":[-87.62034,41.81931]},"properties":{"name":"Class 9 Multifamily - 4110 S Prairie Ave","incentiveClass":"Class 9 Multifamily","classCode":"997","pin":"20031150420000","address":"4110 S Prairie Ave","zip":"60653","communityArea":"Grand Boulevard","reportUrl":"https://www.cookcountyassessoril.gov/pin/20031150420000"}},{"type":"Feature","geometry":{"type":"Point","coordinates":[-87.62034,41.81917]},"properties":{"name":"Class 9 Multifamily - 4112 S Prairie Ave","incentiveClass":"Class 9 Multifamily","classCode":"997","pin":"20031150430000","address":"4112 S Prairie Ave","zip":"60653","communityArea":"Grand Boulevard","reportUrl":"https://www.cookcountyassessoril.gov/pin/20031150430000"}},{"type":"Feature","geometry":{"type":"Point","coordinates":[-87.62033,41.81904]},"properties":{"name":"Class 9 Multifamily - 4114 S Prairie Ave","incentiveClass":"Class 9 Multifamily","classCode":"997","pin":"20031150440000","address":"4114 S Prairie Ave","zip":"60653","communityArea":"Grand Boulevard","reportUrl":"https://www.cookcountyassessoril.gov/pin/20031150440000"}},{"type":"Feature","geometry":{"type":"Point","coordinates":[-87.62033,41.8189]},"properties":{"name":"Class 9 Multifamily - 4116 S Prairie Ave","incentiveClass":"Class 9 Multifamily","classCode":"997","pin":"20031150450000","address":"4116 S Prairie Ave","zip":"60653","communityArea":"Grand Boulevard","reportUrl":"https://www.cookcountyassessoril.gov/pin/20031150450000"}},{"type":"Feature","geometry":{"type":"Point","coordinates":[-87.62033,41.81876]},"properties":{"name":"Class 9 Multifamily - 4118 S Prairie Ave","incentiveClass":"Class 9 Multifamily","classCode":"997","pin":"20031150460000","address":"4118 S Prairie Ave","zip":"60653","communityArea":"Grand Boulevard","reportUrl":"https://www.cookcountyassessoril.gov/pin/20031150460000"}},{"type":"Feature","geometry":{"type":"Point","coordinates":[-87.61944,41.81966]},"properties":{"name":"Class 9 Multifamily - 4113 S Prairie Ave","incentiveClass":"Class 9 Multifamily","classCode":"913","pin":"20031160030000","address":"4113 S Prairie Ave","zip":"60653","communityArea":"Grand Boulevard","reportUrl":"https://www.cookcountyassessoril.gov/pin/20031160030000"}},{"type":"Feature","geometry":{"type":"Point","coordinates":[-87.61944,41.81952]},"properties":{"name":"Class 9 Multifamily - 4123 S Prairie Ave","incentiveClass":"Class 9 Multifamily","classCode":"913","pin":"20031160040000","address":"4123 S Prairie Ave","zip":"60653","communityArea":"Grand Boulevard","reportUrl":"https://www.cookcountyassessoril.gov/pin/20031160040000"}},{"type":"Feature","geometry":{"type":"Point","coordinates":[-87.61943,41.81937]},"properties":{"name":"Class 9 Multifamily - 4127 S Prairie Ave","incentiveClass":"Class 9 Multifamily","classCode":"913","pin":"20031160050000","address":"4127 S Prairie Ave","zip":"60653","communityArea":"Grand Boulevard","reportUrl":"https://www.cookcountyassessoril.gov/pin/20031160050000"}},{"type":"Feature","geometry":{"type":"Point","coordinates":[-87.61943,41.81922]},"properties":{"name":"Class 9 Multifamily - 4131 S Prairie Ave","incentiveClass":"Class 9 Multifamily","classCode":"913","pin":"20031160060000","address":"4131 S Prairie Ave","zip":"60653","communityArea":"Grand Boulevard","reportUrl":"https://www.cookcountyassessoril.gov/pin/20031160060000"}},{"type":"Feature","geometry":{"type":"Point","coordinates":[-87.62582,41.81732]},"properties":{"name":"Class 9 Multifamily - 4235 S State St","incentiveClass":"Class 9 Multifamily","classCode":"913","pin":"20031180060000","address":"4235 S State St","zip":"60609","communityArea":"Grand Boulevard","reportUrl":"https://www.cookcountyassessoril.gov/pin/20031180060000"}},{"type":"Feature","geometry":{"type":"Point","coordinates":[-87.62581,41.81717]},"properties":{"name":"Class 9 Multifamily - 4237 S State St","incentiveClass":"Class 9 Multifamily","classCode":"913","pin":"20031180070000","address":"4237 S State St","zip":"60609","communityArea":"Grand Boulevard","reportUrl":"https://www.cookcountyassessoril.gov/pin/20031180070000"}},{"type":"Feature","geometry":{"type":"Point","coordinates":[-87.62581,41.8169]},"properties":{"name":"Class 9 Multifamily - 4249 S State St","incentiveClass":"Class 9 Multifamily","classCode":"913","pin":"20031180090000","address":"4249 S State St","zip":"60609","communityArea":"Grand Boulevard","reportUrl":"https://www.cookcountyassessoril.gov/pin/20031180090000"}},{"type":"Feature","geometry":{"type":"Point","coordinates":[-87.62517,41.818]},"properties":{"name":"Class 9 Multifamily - 4238 S Wabash Ave","incentiveClass":"Class 9 Multifamily","classCode":"997","pin":"20031180360000","address":"4238 S Wabash Ave","zip":"60653","communityArea":"Grand Boulevard","reportUrl":"https://www.cookcountyassessoril.gov/pin/20031180360000"}},{"type":"Feature","geometry":{"type":"Point","coordinates":[-87.62517,41.81788]},"properties":{"name":"Class 9 Multifamily - 4238 S Wabash Ave","incentiveClass":"Class 9 Multifamily","classCode":"997","pin":"20031180370000","address":"4238 S Wabash Ave","zip":"60653","communityArea":"Grand Boulevard","reportUrl":"https://www.cookcountyassessoril.gov/pin/20031180370000"}},{"type":"Feature","geometry":{"type":"Point","coordinates":[-87.62517,41.81774]},"properties":{"name":"Class 9 Multifamily - 4238 S Wabash Ave","incentiveClass":"Class 9 Multifamily","classCode":"997","pin":"20031180380000","address":"4238 S Wabash Ave","zip":"60653","communityArea":"Grand Boulevard","reportUrl":"https://www.cookcountyassessoril.gov/pin/20031180380000"}},{"type":"Feature","geometry":{"type":"Point","coordinates":[-87.62516,41.8176]},"properties":{"name":"Class 9 Multifamily - 4238 S Wabash Ave","incentiveClass":"Class 9 Multifamily","classCode":"997","pin":"20031180390000","address":"4238 S Wabash Ave","zip":"60653","communityArea":"Grand Boulevard","reportUrl":"https://www.cookcountyassessoril.gov/pin/20031180390000"}},{"type":"Feature","geometry":{"type":"Point","coordinates":[-87.62516,41.81746]},"properties":{"name":"Class 9 Multifamily - 4238 S Wabash Ave","incentiveClass":"Class 9 Multifamily","classCode":"997","pin":"20031180400000","address":"4238 S Wabash Ave","zip":"60653","communityArea":"Grand Boulevard","reportUrl":"https://www.cookcountyassessoril.gov/pin/20031180400000"}},{"type":"Feature","geometry":{"type":"Point","coordinates":[-87.62515,41.81733]},"properties":{"name":"Class 9 Multifamily - 4238 S Wabash Ave","incentiveClass":"Class 9 Multifamily","classCode":"997","pin":"20031180410000","address":"4238 S Wabash Ave","zip":"60653","communityArea":"Grand Boulevard","reportUrl":"https://www.cookcountyassessoril.gov/pin/20031180410000"}},{"type":"Feature","geometry":{"type":"Point","coordinates":[-87.62515,41.81719]},"properties":{"name":"Class 9 Multifamily - 4238 S Wabash Ave","incentiveClass":"Class 9 Multifamily","classCode":"997","pin":"20031180420000","address":"4238 S Wabash Ave","zip":"60653","communityArea":"Grand Boulevard","reportUrl":"https://www.cookcountyassessoril.gov/pin/20031180420000"}},{"type":"Feature","geometry":{"type":"Point","coordinates":[-87.6242,41.81735]},"properties":{"name":"Class 9 Multifamily - 4227 S Wabash Ave","incentiveClass":"Class 9 Multifamily","classCode":"913","pin":"20031190080000","address":"4227 S Wabash Ave","zip":"60653","communityArea":"Grand Boulevard","reportUrl":"https://www.cookcountyassessoril.gov/pin/20031190080000"}},{"type":"Feature","geometry":{"type":"Point","coordinates":[-87.62254,41.81699]},"properties":{"name":"Class 9 Multifamily - 4243 S Michigan Ave","incentiveClass":"Class 9 Multifamily","classCode":"913","pin":"20031200120000","address":"4243 S Michigan Ave","zip":"60653","communityArea":"Grand Boulevard","reportUrl":"https://www.cookcountyassessoril.gov/pin/20031200120000"}},{"type":"Feature","geometry":{"type":"Point","coordinates":[-87.62254,41.81676]},"properties":{"name":"Class 9 Multifamily - 4251 S Michigan Ave","incentiveClass":"Class 9 Multifamily","classCode":"915","pin":"20031200130000","address":"4251 S Michigan Ave","zip":"60653","communityArea":"Grand Boulevard","reportUrl":"https://www.cookcountyassessoril.gov/pin/20031200130000"}},{"type":"Feature","geometry":{"type":"Point","coordinates":[-87.62199,41.81701]},"properties":{"name":"Class 9 Multifamily - 4240 S Indiana Ave","incentiveClass":"Class 9 Multifamily","classCode":"913","pin":"20031200250000","address":"4240 S Indiana Ave","zip":"60653","communityArea":"Grand Boulevard","reportUrl":"https://www.cookcountyassessoril.gov/pin/20031200250000"}},{"type":"Feature","geometry":{"type":"Point","coordinates":[-87.62187,41.81681]},"properties":{"name":"Class 9 Multifamily - 4250 S Indiana Ave","incentiveClass":"Class 9 Multifamily","classCode":"915","pin":"20031200260000","address":"4250 S Indiana Ave","zip":"60653","communityArea":"Grand Boulevard","reportUrl":"https://www.cookcountyassessoril.gov/pin/20031200260000"}},{"type":"Feature","geometry":{"type":"Point","coordinates":[-87.62096,41.81756]},"properties":{"name":"Class 9 Multifamily - 4227 S Indiana Ave","incentiveClass":"Class 9 Multifamily","classCode":"913","pin":"20031210110000","address":"4227 S Indiana Ave","zip":"60653","communityArea":"Grand Boulevard","reportUrl":"https://www.cookcountyassessoril.gov/pin/20031210110000"}},{"type":"Feature","geometry":{"type":"Point","coordinates":[-87.62096,41.81749]},"properties":{"name":"Class 9 Multifamily - 4229 S Indiana Ave","incentiveClass":"Class 9 Multifamily","classCode":"913","pin":"20031210120000","address":"4229 S Indiana Ave","zip":"60653","communityArea":"Grand Boulevard","reportUrl":"https://www.cookcountyassessoril.gov/pin/20031210120000"}},{"type":"Feature","geometry":{"type":"Point","coordinates":[-87.62095,41.81742]},"properties":{"name":"Class 9 Multifamily - 4231 S Indiana Ave","incentiveClass":"Class 9 Multifamily","classCode":"913","pin":"20031210130000","address":"4231 S Indiana Ave","zip":"60653","communityArea":"Grand Boulevard","reportUrl":"https://www.cookcountyassessoril.gov/pin/20031210130000"}},{"type":"Feature","geometry":{"type":"Point","coordinates":[-87.62095,41.81735]},"properties":{"name":"Class 9 Multifamily - 4233 S Indiana Ave","incentiveClass":"Class 9 Multifamily","classCode":"913","pin":"20031210140000","address":"4233 S Indiana Ave","zip":"60653","communityArea":"Grand Boulevard","reportUrl":"https://www.cookcountyassessoril.gov/pin/20031210140000"}},{"type":"Feature","geometry":{"type":"Point","coordinates":[-87.62031,41.81822]},"properties":{"name":"Class 9 Multifamily - 4200 S Prairie Ave","incentiveClass":"Class 9 Multifamily","classCode":"997","pin":"20031210190000","address":"4200 S Prairie Ave","zip":"60653","communityArea":"Grand Boulevard","reportUrl":"https://www.cookcountyassessoril.gov/pin/20031210190000"}},{"type":"Feature","geometry":{"type":"Point","coordinates":[-87.62031,41.81811]},"properties":{"name":"Class 9 Multifamily - 4204 S Prairie Ave","incentiveClass":"Class 9 Multifamily","classCode":"997","pin":"20031210200000","address":"4204 S Prairie Ave","zip":"60653","communityArea":"Grand Boulevard","reportUrl":"https://www.cookcountyassessoril.gov/pin/20031210200000"}},{"type":"Feature","geometry":{"type":"Point","coordinates":[-87.62031,41.81802]},"properties":{"name":"Class 9 Multifamily - 4206 S Prairie Ave","incentiveClass":"Class 9 Multifamily","classCode":"997","pin":"20031210210000","address":"4206 S Prairie Ave","zip":"60653","communityArea":"Grand Boulevard","reportUrl":"https://www.cookcountyassessoril.gov/pin/20031210210000"}},{"type":"Feature","geometry":{"type":"Point","coordinates":[-87.62031,41.81792]},"properties":{"name":"Class 9 Multifamily - 4210 S Prairie Ave","incentiveClass":"Class 9 Multifamily","classCode":"997","pin":"20031210220000","address":"4210 S Prairie Ave","zip":"60653","communityArea":"Grand Boulevard","reportUrl":"https://www.cookcountyassessoril.gov/pin/20031210220000"}},{"type":"Feature","geometry":{"type":"Point","coordinates":[-87.62029,41.81723]},"properties":{"name":"Class 9 Multifamily - 4234 S Prairie Ave","incentiveClass":"Class 9 Multifamily","classCode":"996","pin":"20031210310000","address":"4234 S Prairie Ave","zip":"60653","communityArea":"Grand Boulevard","reportUrl":"https://www.cookcountyassessoril.gov/pin/20031210310000"}},{"type":"Feature","geometry":{"type":"Point","coordinates":[-87.62029,41.8175]},"properties":{"name":"Class 9 Multifamily - 4220 S Prairie Ave","incentiveClass":"Class 9 Multifamily","classCode":"996","pin":"20031210430000","address":"4220 S Prairie Ave","zip":"60653","communityArea":"Grand Boulevard","reportUrl":"https://www.cookcountyassessoril.gov/pin/20031210430000"}},{"type":"Feature","geometry":{"type":"Point","coordinates":[-87.61545,41.82052]},"properties":{"name":"Class 9 Multifamily - 4021 Martin Luther King Jr Dr","incentiveClass":"Class 9 Multifamily","classCode":"991","pin":"20032090670000","address":"4021 Martin Luther King Jr Dr","zip":"","communityArea":"Grand Boulevard","reportUrl":"https://www.cookcountyassessoril.gov/pin/20032090670000"}},{"type":"Feature","geometry":{"type":"Point","coordinates":[-87.61578,41.82086]},"properties":{"name":"Class 9 Multifamily - 417 E 40th St","incentiveClass":"Class 9 Multifamily","classCode":"991","pin":"20032090800000","address":"417 E 40th St","zip":"60653","communityArea":"Grand Boulevard","reportUrl":"https://www.cookcountyassessoril.gov/pin/20032090800000"}},{"type":"Feature","geometry":{"type":"Point","coordinates":[-87.61616,41.81687]},"properties":{"name":"Class 9 Multifamily - 4257 S King Dr","incentiveClass":"Class 9 Multifamily","classCode":"991","pin":"20032220080000","address":"4257 S King Dr","zip":"60653","communityArea":"Grand Boulevard","reportUrl":"https://www.cookcountyassessoril.gov/pin/20032220080000"}},{"type":"Feature","geometry":{"type":"Point","coordinates":[-87.62237,41.81625]},"properties":{"name":"Class 9 Multifamily - 109 E 43rd St Rear","incentiveClass":"Class 9 Multifamily","classCode":"918","pin":"20033020280000","address":"109 E 43rd St Rear","zip":"60653","communityArea":"Grand Boulevard","reportUrl":"https://www.cookcountyassessoril.gov/pin/20033020280000"}},{"type":"Feature","geometry":{"type":"Point","coordinates":[-87.62332,41.81088]},"properties":{"name":"Class 9 Multifamily - 4602 S Michigan Ave","incentiveClass":"Class 9 Multifamily","classCode":"915","pin":"20033190090000","address":"4602 S Michigan Ave","zip":"60653","communityArea":"Grand Boulevard","reportUrl":"https://www.cookcountyassessoril.gov/pin/20033190090000"}},{"type":"Feature","geometry":{"type":"Point","coordinates":[-87.62325,41.81063]},"properties":{"name":"Class 9 Multifamily - 4612 S Michigan Ave","incentiveClass":"Class 9 Multifamily","classCode":"915","pin":"20033190110000","address":"4612 S Michigan Ave","zip":"60653","communityArea":"Grand Boulevard","reportUrl":"https://www.cookcountyassessoril.gov/pin/20033190110000"}},{"type":"Feature","geometry":{"type":"Point","coordinates":[-87.62372,41.8101]},"properties":{"name":"Class 9 Multifamily - 4625 S Michigan Ave","incentiveClass":"Class 9 Multifamily","classCode":"997","pin":"20033190120000","address":"4625 S Michigan Ave","zip":"60653","communityArea":"Grand Boulevard","reportUrl":"https://www.cookcountyassessoril.gov/pin/20033190120000"}},{"type":"Feature","geometry":{"type":"Point","coordinates":[-87.62372,41.8101]},"properties":{"name":"Class 9 Multifamily - 4625 S Michigan Ave","incentiveClass":"Class 9 Multifamily","classCode":"997","pin":"20033190130000","address":"4625 S Michigan Ave","zip":"60653","communityArea":"Grand Boulevard","reportUrl":"https://www.cookcountyassessoril.gov/pin/20033190130000"}},{"type":"Feature","geometry":{"type":"Point","coordinates":[-87.63788,41.82019]},"properties":{"name":"Class 6b Industrial - 4049 S Normal Ave","incentiveClass":"Class 6b Industrial","classCode":"663","pin":"20041110030000","address":"4049 S Normal Ave","zip":"60609","communityArea":"New City","reportUrl":"https://www.cookcountyassessoril.gov/pin/20041110030000"}},{"type":"Feature","geometry":{"type":"Point","coordinates":[-87.63792,41.8209]},"properties":{"name":"Class 6b Industrial - 4049 S Normal Ave","incentiveClass":"Class 6b Industrial","classCode":"663","pin":"20041110100000","address":"4049 S Normal Ave","zip":"60609","communityArea":"New City","reportUrl":"https://www.cookcountyassessoril.gov/pin/20041110100000"}},{"type":"Feature","geometry":{"type":"Point","coordinates":[-87.62886,41.821]},"properties":{"name":"Class 9 Multifamily - 4008 S Federal St","incentiveClass":"Class 9 Multifamily","classCode":"997","pin":"20042140440000","address":"4008 S Federal St","zip":"60609","communityArea":"Grand Boulevard","reportUrl":"https://www.cookcountyassessoril.gov/pin/20042140440000"}},{"type":"Feature","geometry":{"type":"Point","coordinates":[-87.62881,41.82003]},"properties":{"name":"Class 9 Multifamily - 4112 S Federal St","incentiveClass":"Class 9 Multifamily","classCode":"990","pin":"20042140520000","address":"4112 S Federal St","zip":"","communityArea":"Grand Boulevard","reportUrl":"https://www.cookcountyassessoril.gov/pin/20042140520000"}},{"type":"Feature","geometry":{"type":"Point","coordinates":[-87.62826,41.82165]},"properties":{"name":"Class 9 Multifamily - 4001 S Federal St","incentiveClass":"Class 9 Multifamily","classCode":"997","pin":"20042150920000","address":"4001 S Federal St","zip":"60609","communityArea":"Grand Boulevard","reportUrl":"https://www.cookcountyassessoril.gov/pin/20042150920000"}},{"type":"Feature","geometry":{"type":"Point","coordinates":[-87.62825,41.82099]},"properties":{"name":"Class 9 Multifamily - 4017 S Federal St","incentiveClass":"Class 9 Multifamily","classCode":"997","pin":"20042150980000","address":"4017 S Federal St","zip":"60609","communityArea":"Grand Boulevard","reportUrl":"https://www.cookcountyassessoril.gov/pin/20042150980000"}},{"type":"Feature","geometry":{"type":"Point","coordinates":[-87.62781,41.82158]},"properties":{"name":"Class 9 Multifamily - 4000 S Dearborn St","incentiveClass":"Class 9 Multifamily","classCode":"997","pin":"20042150990000","address":"4000 S Dearborn St","zip":"60609","communityArea":"Grand Boulevard","reportUrl":"https://www.cookcountyassessoril.gov/pin/20042150990000"}},{"type":"Feature","geometry":{"type":"Point","coordinates":[-87.6278,41.82105]},"properties":{"name":"Class 9 Multifamily - 4008 S Dearborn St","incentiveClass":"Class 9 Multifamily","classCode":"997","pin":"20042151010000","address":"4008 S Dearborn St","zip":"60609","communityArea":"Grand Boulevard","reportUrl":"https://www.cookcountyassessoril.gov/pin/20042151010000"}},{"type":"Feature","geometry":{"type":"Point","coordinates":[-87.62787,41.82067]},"properties":{"name":"Class 9 Multifamily - 4022 S Dearborn St","incentiveClass":"Class 9 Multifamily","classCode":"997","pin":"20042151040000","address":"4022 S Dearborn St","zip":"60609","communityArea":"Grand Boulevard","reportUrl":"https://www.cookcountyassessoril.gov/pin/20042151040000"}},{"type":"Feature","geometry":{"type":"Point","coordinates":[-87.62811,41.82137]},"properties":{"name":"Class 9 Multifamily - 4005 S Federal St","incentiveClass":"Class 9 Multifamily","classCode":"990","pin":"20042151050000","address":"4005 S Federal St","zip":"60609","communityArea":"Grand Boulevard","reportUrl":"https://www.cookcountyassessoril.gov/pin/20042151050000"}},{"type":"Feature","geometry":{"type":"Point","coordinates":[-87.62811,41.82127]},"properties":{"name":"Class 9 Multifamily - 4013 S Federal St","incentiveClass":"Class 9 Multifamily","classCode":"990","pin":"20042151060000","address":"4013 S Federal St","zip":"60609","communityArea":"Grand Boulevard","reportUrl":"https://www.cookcountyassessoril.gov/pin/20042151060000"}},{"type":"Feature","geometry":{"type":"Point","coordinates":[-87.6272,41.82113]},"properties":{"name":"Class 9 Multifamily - 4019 S Dearborn St","incentiveClass":"Class 9 Multifamily","classCode":"997","pin":"20042160850000","address":"4019 S Dearborn St","zip":"60609","communityArea":"Grand Boulevard","reportUrl":"https://www.cookcountyassessoril.gov/pin/20042160850000"}},{"type":"Feature","geometry":{"type":"Point","coordinates":[-87.62675,41.82126]},"properties":{"name":"Class 9 Multifamily - 4022 S State St","incentiveClass":"Class 9 Multifamily","classCode":"997","pin":"20042160910000","address":"4022 S State St","zip":"60609","communityArea":"Grand Boulevard","reportUrl":"https://www.cookcountyassessoril.gov/pin/20042160910000"}},{"type":"Feature","geometry":{"type":"Point","coordinates":[-87.62783,41.8202]},"properties":{"name":"Class 9 Multifamily - 4102 S Dearborn St","incentiveClass":"Class 9 Multifamily","classCode":"997","pin":"20042260030000","address":"4102 S Dearborn St","zip":"","communityArea":"Grand Boulevard","reportUrl":"https://www.cookcountyassessoril.gov/pin/20042260030000"}},{"type":"Feature","geometry":{"type":"Point","coordinates":[-87.6282,41.81979]},"properties":{"name":"Class 9 Multifamily - 4109 S Federal St","incentiveClass":"Class 9 Multifamily","classCode":"997","pin":"20042260040000","address":"4109 S Federal St","zip":"60609","communityArea":"Grand Boulevard","reportUrl":"https://www.cookcountyassessoril.gov/pin/20042260040000"}},{"type":"Feature","geometry":{"type":"Point","coordinates":[-87.62797,41.8194]},"properties":{"name":"Class 9 Multifamily - 4133 S Federal St","incentiveClass":"Class 9 Multifamily","classCode":"997","pin":"20042260100000","address":"4133 S Federal St","zip":"60609","communityArea":"Grand Boulevard","reportUrl":"https://www.cookcountyassessoril.gov/pin/20042260100000"}},{"type":"Feature","geometry":{"type":"Point","coordinates":[-87.6271,41.816]},"properties":{"name":"Class 9 Multifamily - 4307 S Dearborn St","incentiveClass":"Class 9 Multifamily","classCode":"997","pin":"20044050390000","address":"4307 S Dearborn St","zip":"60609","communityArea":"Grand Boulevard","reportUrl":"https://www.cookcountyassessoril.gov/pin/20044050390000"}},{"type":"Feature","geometry":{"type":"Point","coordinates":[-87.62703,41.81533]},"properties":{"name":"Class 9 Multifamily - 4331 S Dearborn St","incentiveClass":"Class 9 Multifamily","classCode":"997","pin":"20044130350000","address":"4331 S Dearborn St","zip":"60609","communityArea":"Grand Boulevard","reportUrl":"https://www.cookcountyassessoril.gov/pin/20044130350000"}},{"type":"Feature","geometry":{"type":"Point","coordinates":[-87.6266,41.81519]},"properties":{"name":"Class 9 Multifamily - 4337 S Dearborn St","incentiveClass":"Class 9 Multifamily","classCode":"997","pin":"20044130360000","address":"4337 S Dearborn St","zip":"60609","communityArea":"Grand Boulevard","reportUrl":"https://www.cookcountyassessoril.gov/pin/20044130360000"}},{"type":"Feature","geometry":{"type":"Point","coordinates":[-87.62783,41.81443]},"properties":{"name":"Class 9 Multifamily - 31 W 44th St","incentiveClass":"Class 9 Multifamily","classCode":"997","pin":"20044200770000","address":"31 W 44th St","zip":"60609","communityArea":"Grand Boulevard","reportUrl":"https://www.cookcountyassessoril.gov/pin/20044200770000"}},{"type":"Feature","geometry":{"type":"Point","coordinates":[-87.627,41.81388]},"properties":{"name":"Class 9 Multifamily - 4413 S Dearborn St","incentiveClass":"Class 9 Multifamily","classCode":"997","pin":"20044220230000","address":"4413 S Dearborn St","zip":"60609","communityArea":"Grand Boulevard","reportUrl":"https://www.cookcountyassessoril.gov/pin/20044220230000"}},{"type":"Feature","geometry":{"type":"Point","coordinates":[-87.62664,41.81377]},"properties":{"name":"Class 9 Multifamily - 4404 S State St","incentiveClass":"Class 9 Multifamily","classCode":"997","pin":"20044220240000","address":"4404 S State St","zip":"60609","communityArea":"Grand Boulevard","reportUrl":"https://www.cookcountyassessoril.gov/pin/20044220240000"}},{"type":"Feature","geometry":{"type":"Point","coordinates":[-87.62771,41.816]},"properties":{"name":"Class 9 Multifamily - 4310 S Dearborn St","incentiveClass":"Class 9 Multifamily","classCode":"997","pin":"20044500010000","address":"4310 S Dearborn St","zip":"60609","communityArea":"Grand Boulevard","reportUrl":"https://www.cookcountyassessoril.gov/pin/20044500010000"}},{"type":"Feature","geometry":{"type":"Point","coordinates":[-87.65843,41.82022]},"properties":{"name":"Class C Contamination Remediation - 4121 S Packers Ave","incentiveClass":"Class C Contamination Remediation","classCode":"654","pin":"20051020110000","address":"4121 S Packers Ave","zip":"60609","communityArea":"New City","reportUrl":"https://www.cookcountyassessoril.gov/pin/20051020110000"}},{"type":"Feature","geometry":{"type":"Point","coordinates":[-87.65756,41.82006]},"properties":{"name":"Class C Contamination Remediation - 4121 S Packers Ave","incentiveClass":"Class C Contamination Remediation","classCode":"638","pin":"20051020120000","address":"4121 S Packers Ave","zip":"60609","communityArea":"New City","reportUrl":"https://www.cookcountyassessoril.gov/pin/20051020120000"}},{"type":"Feature","geometry":{"type":"Point","coordinates":[-87.65917,41.82043]},"properties":{"name":"Class C Contamination Remediation - 4121 S Packers Ave","incentiveClass":"Class C Contamination Remediation","classCode":"654","pin":"20051020190000","address":"4121 S Packers Ave","zip":"60609","communityArea":"New City","reportUrl":"https://www.cookcountyassessoril.gov/pin/20051020190000"}},{"type":"Feature","geometry":{"type":"Point","coordinates":[-87.65714,41.81964]},"properties":{"name":"Class C Contamination Remediation - 4121 S Packers Ave","incentiveClass":"Class C Contamination Remediation","classCode":"654","pin":"20051020230000","address":"4121 S Packers Ave","zip":"60609","communityArea":"New City","reportUrl":"https://www.cookcountyassessoril.gov/pin/20051020230000"}},{"type":"Feature","geometry":{"type":"Point","coordinates":[-87.65816,41.81961]},"properties":{"name":"Class C Contamination Remediation - 4121 S Packers Ave","incentiveClass":"Class C Contamination Remediation","classCode":"654","pin":"20051020240000","address":"4121 S Packers Ave","zip":"60609","communityArea":"New City","reportUrl":"https://www.cookcountyassessoril.gov/pin/20051020240000"}},{"type":"Feature","geometry":{"type":"Point","coordinates":[-87.6581,41.81965]},"properties":{"name":"Class C Contamination Remediation - 4121 S Packers Ave","incentiveClass":"Class C Contamination Remediation","classCode":"638","pin":"20051020250000","address":"4121 S Packers Ave","zip":"60609","communityArea":"New City","reportUrl":"https://www.cookcountyassessoril.gov/pin/20051020250000"}},{"type":"Feature","geometry":{"type":"Point","coordinates":[-87.65845,41.82085]},"properties":{"name":"Class C Contamination Remediation - 4121 S Packers Ave","incentiveClass":"Class C Contamination Remediation","classCode":"654","pin":"20051020270000","address":"4121 S Packers Ave","zip":"60609","communityArea":"New City","reportUrl":"https://www.cookcountyassessoril.gov/pin/20051020270000"}},{"type":"Feature","geometry":{"type":"Point","coordinates":[-87.65675,41.82148]},"properties":{"name":"Class 6b Industrial - 4000 S Racine Ave","incentiveClass":"Class 6b Industrial","classCode":"663","pin":"20051020330000","address":"4000 S Racine Ave","zip":"60609","communityArea":"New City","reportUrl":"https://www.cookcountyassessoril.gov/pin/20051020330000"}},{"type":"Feature","geometry":{"type":"Point","coordinates":[-87.65629,41.82076]},"properties":{"name":"Class 6b Industrial - 4028 S Racine Ave","incentiveClass":"Class 6b Industrial","classCode":"663","pin":"20051020380000","address":"4028 S Racine Ave","zip":"60609","communityArea":"New City","reportUrl":"https://www.cookcountyassessoril.gov/pin/20051020380000"}},{"type":"Feature","geometry":{"type":"Point","coordinates":[-87.65788,41.82047]},"properties":{"name":"Class C Contamination Remediation - 4121 S Packers Ave","incentiveClass":"Class C Contamination Remediation","classCode":"638","pin":"20051020460000","address":"4121 S Packers Ave","zip":"60609","communityArea":"New City","reportUrl":"https://www.cookcountyassessoril.gov/pin/20051020460000"}},{"type":"Feature","geometry":{"type":"Point","coordinates":[-87.65713,41.82087]},"properties":{"name":"Class 6b Industrial - 3938 S Racine Ave","incentiveClass":"Class 6b Industrial","classCode":"663","pin":"20051020480000","address":"3938 S Racine Ave","zip":"60609","communityArea":"New City","reportUrl":"https://www.cookcountyassessoril.gov/pin/20051020480000"}},{"type":"Feature","geometry":{"type":"Point","coordinates":[-87.6584,41.81912]},"properties":{"name":"Class C Contamination Remediation - 4121 S Packers Ave","incentiveClass":"Class C Contamination Remediation","classCode":"638","pin":"20051060010000","address":"4121 S Packers Ave","zip":"60609","communityArea":"New City","reportUrl":"https://www.cookcountyassessoril.gov/pin/20051060010000"}},{"type":"Feature","geometry":{"type":"Point","coordinates":[-87.65759,41.81899]},"properties":{"name":"Class C Contamination Remediation - 4121 S Packers Ave","incentiveClass":"Class C Contamination Remediation","classCode":"638","pin":"20051060030000","address":"4121 S Packers Ave","zip":"60609","communityArea":"New City","reportUrl":"https://www.cookcountyassessoril.gov/pin/20051060030000"}},{"type":"Feature","geometry":{"type":"Point","coordinates":[-87.65815,41.81918]},"properties":{"name":"Class C Contamination Remediation - 4121 S Packers Ave","incentiveClass":"Class C Contamination Remediation","classCode":"638","pin":"20051060060000","address":"4121 S Packers Ave","zip":"60609","communityArea":"New City","reportUrl":"https://www.cookcountyassessoril.gov/pin/20051060060000"}},{"type":"Feature","geometry":{"type":"Point","coordinates":[-87.65803,41.81921]},"properties":{"name":"Class C Contamination Remediation - 4121 S Packers Ave","incentiveClass":"Class C Contamination Remediation","classCode":"638","pin":"20051060070000","address":"4121 S Packers Ave","zip":"60609","communityArea":"New City","reportUrl":"https://www.cookcountyassessoril.gov/pin/20051060070000"}},{"type":"Feature","geometry":{"type":"Point","coordinates":[-87.6583,41.81862]},"properties":{"name":"Class C Contamination Remediation - 4121 S Packers Ave","incentiveClass":"Class C Contamination Remediation","classCode":"654","pin":"20051060080000","address":"4121 S Packers Ave","zip":"60609","communityArea":"New City","reportUrl":"https://www.cookcountyassessoril.gov/pin/20051060080000"}},{"type":"Feature","geometry":{"type":"Point","coordinates":[-87.65752,41.81778]},"properties":{"name":"Class C Contamination Remediation - 4155 S Packers Ave","incentiveClass":"Class C Contamination Remediation","classCode":"654","pin":"20051100060000","address":"4155 S Packers Ave","zip":"60609","communityArea":"New City","reportUrl":"https://www.cookcountyassessoril.gov/pin/20051100060000"}},{"type":"Feature","geometry":{"type":"Point","coordinates":[-87.65825,41.81795]},"properties":{"name":"Class C Contamination Remediation - 4141 S Packers Ave","incentiveClass":"Class C Contamination Remediation","classCode":"654","pin":"20051100090000","address":"4141 S Packers Ave","zip":"60609","communityArea":"New City","reportUrl":"https://www.cookcountyassessoril.gov/pin/20051100090000"}},{"type":"Feature","geometry":{"type":"Point","coordinates":[-87.65752,41.81818]},"properties":{"name":"Class C Contamination Remediation - 1301 W Exchange Ave","incentiveClass":"Class C Contamination Remediation","classCode":"654","pin":"20051100120000","address":"1301 W Exchange Ave","zip":"","communityArea":"New City","reportUrl":"https://www.cookcountyassessoril.gov/pin/20051100120000"}},{"type":"Feature","geometry":{"type":"Point","coordinates":[-87.66448,41.81651]},"properties":{"name":"Class 6b Industrial - 1556 W 43rd St","incentiveClass":"Class 6b Industrial","classCode":"663","pin":"20051110170000","address":"1556 W 43rd St","zip":"60609","communityArea":"New City","reportUrl":"https://www.cookcountyassessoril.gov/pin/20051110170000"}},{"type":"Feature","geometry":{"type":"Point","coordinates":[-87.66343,41.81649]},"properties":{"name":"Class 6b Industrial - 4225 S Ashland Ave","incentiveClass":"Class 6b Industrial","classCode":"663","pin":"20051120010000","address":"4225 S Ashland Ave","zip":"60609","communityArea":"New City","reportUrl":"https://www.cookcountyassessoril.gov/pin/20051120010000"}},{"type":"Feature","geometry":{"type":"Point","coordinates":[-87.66272,41.8165]},"properties":{"name":"Class 6b Industrial - 1516 S Ashland Ave","incentiveClass":"Class 6b Industrial","classCode":"663","pin":"20051120100000","address":"1516 S Ashland Ave","zip":"60608","communityArea":"New City","reportUrl":"https://www.cookcountyassessoril.gov/pin/20051120100000"}},{"type":"Feature","geometry":{"type":"Point","coordinates":[-87.64688,41.82157]},"properties":{"name":"Class 6b Industrial - 830 W 40th St","incentiveClass":"Class 6b Industrial","classCode":"663","pin":"20052000390000","address":"830 W 40th St","zip":"60609","communityArea":"New City","reportUrl":"https://www.cookcountyassessoril.gov/pin/20052000390000"}},{"type":"Feature","geometry":{"type":"Point","coordinates":[-87.6486,41.82258]},"properties":{"name":"Class 6b Industrial - 811 W Pershing Rd","incentiveClass":"Class 6b Industrial","classCode":"663","pin":"20052001610000","address":"811 W Pershing Rd","zip":"60609","communityArea":"New City","reportUrl":"https://www.cookcountyassessoril.gov/pin/20052001610000"}},{"type":"Feature","geometry":{"type":"Point","coordinates":[-87.64715,41.82295]},"properties":{"name":"Class 6b Industrial - 815 W Pershing Rd","incentiveClass":"Class 6b Industrial","classCode":"663","pin":"20052001630000","address":"815 W Pershing Rd","zip":"60609","communityArea":"New City","reportUrl":"https://www.cookcountyassessoril.gov/pin/20052001630000"}},{"type":"Feature","geometry":{"type":"Point","coordinates":[-87.65254,41.81735]},"properties":{"name":"Class 6b Industrial - 1032 W 43rd St","incentiveClass":"Class 6b Industrial","classCode":"663","pin":"20052001650000","address":"1032 W 43rd St","zip":"60609","communityArea":"New City","reportUrl":"https://www.cookcountyassessoril.gov/pin/20052001650000"}},{"type":"Feature","geometry":{"type":"Point","coordinates":[-87.66326,41.81536]},"properties":{"name":"Class 6b Industrial - 1515 W 43rd St","incentiveClass":"Class 6b Industrial","classCode":"670","pin":"20053000190000","address":"1515 W 43rd St","zip":"60609","communityArea":"New City","reportUrl":"https://www.cookcountyassessoril.gov/pin/20053000190000"}},{"type":"Feature","geometry":{"type":"Point","coordinates":[-87.66103,41.81552]},"properties":{"name":"Class 6b Industrial - 1405 W 44th St","incentiveClass":"Class 6b Industrial","classCode":"670","pin":"20053000200000","address":"1405 W 44th St","zip":"60620","communityArea":"New City","reportUrl":"https://www.cookcountyassessoril.gov/pin/20053000200000"}},{"type":"Feature","geometry":{"type":"Point","coordinates":[-87.66105,41.81475]},"properties":{"name":"Class 6b Industrial - 1400 W 44th St","incentiveClass":"Class 6b Industrial","classCode":"663","pin":"20053000210000","address":"1400 W 44th St","zip":"","communityArea":"New City","reportUrl":"https://www.cookcountyassessoril.gov/pin/20053000210000"}},{"type":"Feature","geometry":{"type":"Point","coordinates":[-87.66134,41.81316]},"properties":{"name":"Class 6b Industrial - 1415 W 44th St","incentiveClass":"Class 6b Industrial","classCode":"663","pin":"20053000240000","address":"1415 W 44th St","zip":"60609","communityArea":"New City","reportUrl":"https://www.cookcountyassessoril.gov/pin/20053000240000"}},{"type":"Feature","geometry":{"type":"Point","coordinates":[-87.66252,41.8149]},"properties":{"name":"Class 6b Industrial - 1451 W 43rd St","incentiveClass":"Class 6b Industrial","classCode":"663","pin":"20053000300000","address":"1451 W 43rd St","zip":"","communityArea":"New City","reportUrl":"https://www.cookcountyassessoril.gov/pin/20053000300000"}},{"type":"Feature","geometry":{"type":"Point","coordinates":[-87.65776,41.81545]},"properties":{"name":"Class 6b Industrial - 4301 S Packers Ave","incentiveClass":"Class 6b Industrial","classCode":"663B","pin":"20053020090000","address":"4301 S Packers Ave","zip":"60609","communityArea":"New City","reportUrl":"https://www.cookcountyassessoril.gov/pin/20053020090000"}},{"type":"Feature","geometry":{"type":"Point","coordinates":[-87.65881,41.8102]},"properties":{"name":"Class 6b Industrial - 4600 S Packers Ave","incentiveClass":"Class 6b Industrial","classCode":"670","pin":"20053110060000","address":"4600 S Packers Ave","zip":"60609","communityArea":"New City","reportUrl":"https://www.cookcountyassessoril.gov/pin/20053110060000"}},{"type":"Feature","geometry":{"type":"Point","coordinates":[-87.6592,41.81194]},"properties":{"name":"Class 6b Industrial - 450 S Packers Ave","incentiveClass":"Class 6b Industrial","classCode":"663","pin":"20053110070000","address":"450 S Packers Ave","zip":"","communityArea":"New City","reportUrl":"https://www.cookcountyassessoril.gov/pin/20053110070000"}},{"type":"Feature","geometry":{"type":"Point","coordinates":[-87.65956,41.81162]},"properties":{"name":"Class 6b Industrial - 4501 S Loomis St","incentiveClass":"Class 6b Industrial","classCode":"663","pin":"20053110080000","address":"4501 S Loomis St","zip":"","communityArea":"New City","reportUrl":"https://www.cookcountyassessoril.gov/pin/20053110080000"}},{"type":"Feature","geometry":{"type":"Point","coordinates":[-87.65972,41.81223]},"properties":{"name":"Class 6b Industrial - 4501 S Loomis St","incentiveClass":"Class 6b Industrial","classCode":"663","pin":"20053110100000","address":"4501 S Loomis St","zip":"","communityArea":"New City","reportUrl":"https://www.cookcountyassessoril.gov/pin/20053110100000"}},{"type":"Feature","geometry":{"type":"Point","coordinates":[-87.65941,41.81065]},"properties":{"name":"Class 6b Industrial - 4600 S Packers Ave","incentiveClass":"Class 6b Industrial","classCode":"663","pin":"20053110110000","address":"4600 S Packers Ave","zip":"60609","communityArea":"New City","reportUrl":"https://www.cookcountyassessoril.gov/pin/20053110110000"}},{"type":"Feature","geometry":{"type":"Point","coordinates":[-87.65916,41.81103]},"properties":{"name":"Class 6b Industrial - 4600 S Packers Ave","incentiveClass":"Class 6b Industrial","classCode":"663","pin":"20053110130000","address":"4600 S Packers Ave","zip":"60609","communityArea":"New City","reportUrl":"https://www.cookcountyassessoril.gov/pin/20053110130000"}},{"type":"Feature","geometry":{"type":"Point","coordinates":[-87.6531,41.81076]},"properties":{"name":"Class 6b Industrial - 4545 S Racine Ave","incentiveClass":"Class 6b Industrial","classCode":"663","pin":"20054000170000","address":"4545 S Racine Ave","zip":"60609","communityArea":"New City","reportUrl":"https://www.cookcountyassessoril.gov/pin/20054000170000"}},{"type":"Feature","geometry":{"type":"Point","coordinates":[-87.65152,41.81064]},"properties":{"name":"Class 6b Industrial - 4551 S Racine Ave","incentiveClass":"Class 6b Industrial","classCode":"670","pin":"20054000180000","address":"4551 S Racine Ave","zip":"60609","communityArea":"New City","reportUrl":"https://www.cookcountyassessoril.gov/pin/20054000180000"}},{"type":"Feature","geometry":{"type":"Point","coordinates":[-87.65486,41.81066]},"properties":{"name":"Class 6b Industrial - 4629 S Racine Ave","incentiveClass":"Class 6b Industrial","classCode":"670","pin":"20054000240000","address":"4629 S Racine Ave","zip":"60609","communityArea":"New City","reportUrl":"https://www.cookcountyassessoril.gov/pin/20054000240000"}},{"type":"Feature","geometry":{"type":"Point","coordinates":[-87.65435,41.81033]},"properties":{"name":"Class 6b Industrial - 4555 S Racine Ave","incentiveClass":"Class 6b Industrial","classCode":"670","pin":"20054000280000","address":"4555 S Racine Ave","zip":"60609","communityArea":"New City","reportUrl":"https://www.cookcountyassessoril.gov/pin/20054000280000"}},{"type":"Feature","geometry":{"type":"Point","coordinates":[-87.65494,41.81009]},"properties":{"name":"Class 6b Industrial - 4555 S Racine Ave","incentiveClass":"Class 6b Industrial","classCode":"670","pin":"20054000300000","address":"4555 S Racine Ave","zip":"60609","communityArea":"New City","reportUrl":"https://www.cookcountyassessoril.gov/pin/20054000300000"}},{"type":"Feature","geometry":{"type":"Point","coordinates":[-87.67786,41.8133]},"properties":{"name":"Class 6b Industrial - 2075 W 43rd St","incentiveClass":"Class 6b Industrial","classCode":"663","pin":"20063010180000","address":"2075 W 43rd St","zip":"60609","communityArea":"New City","reportUrl":"https://www.cookcountyassessoril.gov/pin/20063010180000"}},{"type":"Feature","geometry":{"type":"Point","coordinates":[-87.67563,41.81311]},"properties":{"name":"Class 6b Industrial - 2075 W 43rd St","incentiveClass":"Class 6b Industrial","classCode":"670","pin":"20063010190000","address":"2075 W 43rd St","zip":"60609","communityArea":"New City","reportUrl":"https://www.cookcountyassessoril.gov/pin/20063010190000"}},{"type":"Feature","geometry":{"type":"Point","coordinates":[-87.67911,41.80887]},"properties":{"name":"Class 6b Industrial - 2075 W 43rd St","incentiveClass":"Class 6b Industrial","classCode":"670","pin":"20063030300000","address":"2075 W 43rd St","zip":"60609","communityArea":"New City","reportUrl":"https://www.cookcountyassessoril.gov/pin/20063030300000"}},{"type":"Feature","geometry":{"type":"Point","coordinates":[-87.67771,41.81097]},"properties":{"name":"Class 6b Industrial - 2075 W 43rd St","incentiveClass":"Class 6b Industrial","classCode":"670","pin":"20063030310000","address":"2075 W 43rd St","zip":"60609","communityArea":"New City","reportUrl":"https://www.cookcountyassessoril.gov/pin/20063030310000"}},{"type":"Feature","geometry":{"type":"Point","coordinates":[-87.67938,41.81187]},"properties":{"name":"Class 6b Industrial - 2075 W 43rd St","incentiveClass":"Class 6b Industrial","classCode":"670","pin":"20065020030000","address":"2075 W 43rd St","zip":"60609","communityArea":"New City","reportUrl":"https://www.cookcountyassessoril.gov/pin/20065020030000"}},{"type":"Feature","geometry":{"type":"Point","coordinates":[-87.66532,41.80704]},"properties":{"name":"Class 7a Commercial - 4748 S Ashland Ave","incentiveClass":"Class 7a Commercial","classCode":"792B","pin":"20072070600000","address":"4748 S Ashland Ave","zip":"60609","communityArea":"New City","reportUrl":"https://www.cookcountyassessoril.gov/pin/20072070600000"}},{"type":"Feature","geometry":{"type":"Point","coordinates":[-87.67492,41.80097]},"properties":{"name":"Class 7a Commercial - 5100 S Damen Ave","incentiveClass":"Class 7a Commercial","classCode":"728","pin":"20073030390000","address":"5100 S Damen Ave","zip":"60609","communityArea":"New City","reportUrl":"https://www.cookcountyassessoril.gov/pin/20073030390000"}},{"type":"Feature","geometry":{"type":"Point","coordinates":[-87.66073,41.79438]},"properties":{"name":"Class 9 Multifamily - 1422 W Garfield Blvd","incentiveClass":"Class 9 Multifamily","classCode":"991","pin":"20083190350000","address":"1422 W Garfield Blvd","zip":"60609","communityArea":"New City","reportUrl":"https://www.cookcountyassessoril.gov/pin/20083190350000"}},{"type":"Feature","geometry":{"type":"Point","coordinates":[-87.61238,41.80372]},"properties":{"name":"Class 9 Multifamily - 541 E 50th St","incentiveClass":"Class 9 Multifamily","classCode":"915","pin":"20102240010000","address":"541 E 50th St","zip":"60615","communityArea":"Grand Boulevard","reportUrl":"https://www.cookcountyassessoril.gov/pin/20102240010000"}},{"type":"Feature","geometry":{"type":"Point","coordinates":[-87.61227,41.80372]},"properties":{"name":"Class 9 Multifamily - 541 E 50th St","incentiveClass":"Class 9 Multifamily","classCode":"915","pin":"20102240020000","address":"541 E 50th St","zip":"60615","communityArea":"Grand Boulevard","reportUrl":"https://www.cookcountyassessoril.gov/pin/20102240020000"}},{"type":"Feature","geometry":{"type":"Point","coordinates":[-87.61535,41.80258]},"properties":{"name":"Class 9 Multifamily - 5033 S South Park Ave","incentiveClass":"Class 9 Multifamily","classCode":"997","pin":"20102270010000","address":"5033 S South Park Ave","zip":"","communityArea":"Grand Boulevard","reportUrl":"https://www.cookcountyassessoril.gov/pin/20102270010000"}},{"type":"Feature","geometry":{"type":"Point","coordinates":[-87.60814,41.80291]},"properties":{"name":"Class 9 Multifamily - 709 E 50th Pl","incentiveClass":"Class 9 Multifamily","classCode":"915","pin":"20102320090000","address":"709 E 50th Pl","zip":"60615","communityArea":"Grand Boulevard","reportUrl":"https://www.cookcountyassessoril.gov/pin/20102320090000"}},{"type":"Feature","geometry":{"type":"Point","coordinates":[-87.60761,41.8025]},"properties":{"name":"Class 9 Multifamily - 728 E 51st St","incentiveClass":"Class 9 Multifamily","classCode":"915","pin":"20102320220000","address":"728 E 51st St","zip":"60615","communityArea":"Grand Boulevard","reportUrl":"https://www.cookcountyassessoril.gov/pin/20102320220000"}},{"type":"Feature","geometry":{"type":"Point","coordinates":[-87.62031,41.79505]},"properties":{"name":"Class 9 Multifamily - 5447 S Indiana Ave","incentiveClass":"Class 9 Multifamily","classCode":"915","pin":"20103140130000","address":"5447 S Indiana Ave","zip":"60615","communityArea":"Washington Park","reportUrl":"https://www.cookcountyassessoril.gov/pin/20103140130000"}},{"type":"Feature","geometry":{"type":"Point","coordinates":[-87.61985,41.79508]},"properties":{"name":"Class 9 Multifamily - 220 E Garfield Blvd","incentiveClass":"Class 9 Multifamily","classCode":"991","pin":"20103140240000","address":"220 E Garfield Blvd","zip":"60615","communityArea":"Washington Park","reportUrl":"https://www.cookcountyassessoril.gov/pin/20103140240000"}},{"type":"Feature","geometry":{"type":"Point","coordinates":[-87.61954,41.79506]},"properties":{"name":"Class 9 Multifamily - 226 E Garfield Blvd","incentiveClass":"Class 9 Multifamily","classCode":"915","pin":"20103140250000","address":"226 E Garfield Blvd","zip":"60615","communityArea":"Washington Park","reportUrl":"https://www.cookcountyassessoril.gov/pin/20103140250000"}},{"type":"Feature","geometry":{"type":"Point","coordinates":[-87.60486,41.8082]},"properties":{"name":"Class 9 Multifamily - 4742 S Drexel Blvd","incentiveClass":"Class 9 Multifamily","classCode":"915","pin":"20111000460000","address":"4742 S Drexel Blvd","zip":"60615","communityArea":"Kenwood","reportUrl":"https://www.cookcountyassessoril.gov/pin/20111000460000"}},{"type":"Feature","geometry":{"type":"Point","coordinates":[-87.60305,41.8081]},"properties":{"name":"Class 9 Multifamily - 4746 S Ingleside Ave","incentiveClass":"Class 9 Multifamily","classCode":"915","pin":"20111010150000","address":"4746 S Ingleside Ave","zip":"60615","communityArea":"Kenwood","reportUrl":"https://www.cookcountyassessoril.gov/pin/20111010150000"}},{"type":"Feature","geometry":{"type":"Point","coordinates":[-87.60251,41.80844]},"properties":{"name":"Class 9 Multifamily - 4737 S Ingleside Ave","incentiveClass":"Class 9 Multifamily","classCode":"915","pin":"20111020060000","address":"4737 S Ingleside Ave","zip":"60615","communityArea":"Kenwood","reportUrl":"https://www.cookcountyassessoril.gov/pin/20111020060000"}},{"type":"Feature","geometry":{"type":"Point","coordinates":[-87.60587,41.80737]},"properties":{"name":"Class 9 Multifamily - 4801 S Cottage Grove Ave","incentiveClass":"Class 9 Multifamily","classCode":"990","pin":"20111050820000","address":"4801 S Cottage Grove Ave","zip":"60615","communityArea":"Kenwood","reportUrl":"https://www.cookcountyassessoril.gov/pin/20111050820000"}},{"type":"Feature","geometry":{"type":"Point","coordinates":[-87.60584,41.80625]},"properties":{"name":"Class 9 Multifamily - 4859 S Cottage Grove Ave","incentiveClass":"Class 9 Multifamily","classCode":"990","pin":"20111050830000","address":"4859 S Cottage Grove Ave","zip":"60615","communityArea":"Kenwood","reportUrl":"https://www.cookcountyassessoril.gov/pin/20111050830000"}},{"type":"Feature","geometry":{"type":"Point","coordinates":[-87.60609,41.80681]},"properties":{"name":"Class 9 Multifamily - 4801 S Cottage Grove Ave","incentiveClass":"Class 9 Multifamily","classCode":"991","pin":"20111050840000","address":"4801 S Cottage Grove Ave","zip":"60615","communityArea":"Kenwood","reportUrl":"https://www.cookcountyassessoril.gov/pin/20111050840000"}},{"type":"Feature","geometry":{"type":"Point","coordinates":[-87.60321,41.80698]},"properties":{"name":"Class 9 Multifamily - 4825 S Drexel Blvd","incentiveClass":"Class 9 Multifamily","classCode":"991","pin":"20111060040000","address":"4825 S Drexel Blvd","zip":"60615","communityArea":"Kenwood","reportUrl":"https://www.cookcountyassessoril.gov/pin/20111060040000"}},{"type":"Feature","geometry":{"type":"Point","coordinates":[-87.60331,41.80536]},"properties":{"name":"Class 9 Multifamily - 4915 S Drexel Blvd","incentiveClass":"Class 9 Multifamily","classCode":"915","pin":"20111100020000","address":"4915 S Drexel Blvd","zip":"60615","communityArea":"Kenwood","reportUrl":"https://www.cookcountyassessoril.gov/pin/20111100020000"}},{"type":"Feature","geometry":{"type":"Point","coordinates":[-87.6033,41.80515]},"properties":{"name":"Class 9 Multifamily - 4927 S Drexel Blvd","incentiveClass":"Class 9 Multifamily","classCode":"991","pin":"20111100030000","address":"4927 S Drexel Blvd","zip":"60615","communityArea":"Kenwood","reportUrl":"https://www.cookcountyassessoril.gov/pin/20111100030000"}},{"type":"Feature","geometry":{"type":"Point","coordinates":[-87.60547,41.7981]},"properties":{"name":"Class 9 Multifamily - 5314 S Maryland Ave","incentiveClass":"Class 9 Multifamily","classCode":"996","pin":"20113130230000","address":"5314 S Maryland Ave","zip":"60615","communityArea":"Hyde Park","reportUrl":"https://www.cookcountyassessoril.gov/pin/20113130230000"}},{"type":"Feature","geometry":{"type":"Point","coordinates":[-87.6058,41.79804]},"properties":{"name":"Class 9 Multifamily - 5301 S Cottage Grove Ave","incentiveClass":"Class 9 Multifamily","classCode":"991","pin":"20113130240000","address":"5301 S Cottage Grove Ave","zip":"60615","communityArea":"Hyde Park","reportUrl":"https://www.cookcountyassessoril.gov/pin/20113130240000"}},{"type":"Feature","geometry":{"type":"Point","coordinates":[-87.60567,41.79744]},"properties":{"name":"Class 9 Multifamily - 5337 S Cottage Grove Ave","incentiveClass":"Class 9 Multifamily","classCode":"991","pin":"20113130250000","address":"5337 S Cottage Grove Ave","zip":"60615","communityArea":"Hyde Park","reportUrl":"https://www.cookcountyassessoril.gov/pin/20113130250000"}},{"type":"Feature","geometry":{"type":"Point","coordinates":[-87.60476,41.79704]},"properties":{"name":"Class 9 Multifamily - 5357 S Maryland Ave","incentiveClass":"Class 9 Multifamily","classCode":"990","pin":"20113140150000","address":"5357 S Maryland Ave","zip":"60615","communityArea":"Hyde Park","reportUrl":"https://www.cookcountyassessoril.gov/pin/20113140150000"}},{"type":"Feature","geometry":{"type":"Point","coordinates":[-87.60424,41.79698]},"properties":{"name":"Class 9 Multifamily - 5356 S Drexel Ave","incentiveClass":"Class 9 Multifamily","classCode":"990","pin":"20113140320000","address":"5356 S Drexel Ave","zip":"60615","communityArea":"Hyde Park","reportUrl":"https://www.cookcountyassessoril.gov/pin/20113140320000"}},{"type":"Feature","geometry":{"type":"Point","coordinates":[-87.58947,41.79851]},"properties":{"name":"Class 9 Multifamily - 5332 S Harper Ave","incentiveClass":"Class 9 Multifamily","classCode":"991","pin":"20114170190000","address":"5332 S Harper Ave","zip":"60615","communityArea":"Hyde Park","reportUrl":"https://www.cookcountyassessoril.gov/pin/20114170190000"}},{"type":"Feature","geometry":{"type":"Point","coordinates":[-87.60489,41.78281]},"properties":{"name":"Class 9 Multifamily - 6140 S Drexel Blvd","incentiveClass":"Class 9 Multifamily","classCode":"991","pin":"20143070160000","address":"6140 S Drexel Blvd","zip":"60637","communityArea":"Woodlawn","reportUrl":"https://www.cookcountyassessoril.gov/pin/20143070160000"}},{"type":"Feature","geometry":{"type":"Point","coordinates":[-87.6049,41.78343]},"properties":{"name":"Class 9 Multifamily - 6118 S Drexel Blvd","incentiveClass":"Class 9 Multifamily","classCode":"990","pin":"20143070200000","address":"6118 S Drexel Blvd","zip":"60637","communityArea":"Woodlawn","reportUrl":"https://www.cookcountyassessoril.gov/pin/20143070200000"}},{"type":"Feature","geometry":{"type":"Point","coordinates":[-87.59671,41.7833]},"properties":{"name":"Class 9 Multifamily - 6128 S Woodlawn Ave","incentiveClass":"Class 9 Multifamily","classCode":"915","pin":"20143120180000","address":"6128 S Woodlawn Ave","zip":"60637","communityArea":"Woodlawn","reportUrl":"https://www.cookcountyassessoril.gov/pin/20143120180000"}},{"type":"Feature","geometry":{"type":"Point","coordinates":[-87.60553,41.78135]},"properties":{"name":"Class 9 Multifamily - 6227 S Cottage Grove Ave","incentiveClass":"Class 9 Multifamily","classCode":"915","pin":"20143130190000","address":"6227 S Cottage Grove Ave","zip":"60637","communityArea":"Woodlawn","reportUrl":"https://www.cookcountyassessoril.gov/pin/20143130190000"}},{"type":"Feature","geometry":{"type":"Point","coordinates":[-87.60019,41.78203]},"properties":{"name":"Class 9 Multifamily - 1019 E 62nd St","incentiveClass":"Class 9 Multifamily","classCode":"991","pin":"20143160110000","address":"1019 E 62nd St","zip":"60637","communityArea":"Woodlawn","reportUrl":"https://www.cookcountyassessoril.gov/pin/20143160110000"}},{"type":"Feature","geometry":{"type":"Point","coordinates":[-87.59742,41.78157]},"properties":{"name":"Class 9 Multifamily - 6219 S University Ave","incentiveClass":"Class 9 Multifamily","classCode":"915","pin":"20143180300000","address":"6219 S University Ave","zip":"60637","communityArea":"Woodlawn","reportUrl":"https://www.cookcountyassessoril.gov/pin/20143180300000"}},{"type":"Feature","geometry":{"type":"Point","coordinates":[-87.62293,41.79409]},"properties":{"name":"Class 9 Multifamily - 5504 S Michigan Ave","incentiveClass":"Class 9 Multifamily","classCode":"918","pin":"20151010080000","address":"5504 S Michigan Ave","zip":"60637","communityArea":"Washington Park","reportUrl":"https://www.cookcountyassessoril.gov/pin/20151010080000"}},{"type":"Feature","geometry":{"type":"Point","coordinates":[-87.62293,41.79386]},"properties":{"name":"Class 9 Multifamily - 5504 S Michigan Ave","incentiveClass":"Class 9 Multifamily","classCode":"918","pin":"20151010090000","address":"5504 S Michigan Ave","zip":"60637","communityArea":"Washington Park","reportUrl":"https://www.cookcountyassessoril.gov/pin/20151010090000"}},{"type":"Feature","geometry":{"type":"Point","coordinates":[-87.62292,41.79372]},"properties":{"name":"Class 9 Multifamily - 5504 S Michigan Ave","incentiveClass":"Class 9 Multifamily","classCode":"918","pin":"20151010100000","address":"5504 S Michigan Ave","zip":"60637","communityArea":"Washington Park","reportUrl":"https://www.cookcountyassessoril.gov/pin/20151010100000"}},{"type":"Feature","geometry":{"type":"Point","coordinates":[-87.62292,41.79358]},"properties":{"name":"Class 9 Multifamily - 5504 S Michigan Ave","incentiveClass":"Class 9 Multifamily","classCode":"918","pin":"20151010110000","address":"5504 S Michigan Ave","zip":"60637","communityArea":"Washington Park","reportUrl":"https://www.cookcountyassessoril.gov/pin/20151010110000"}},{"type":"Feature","geometry":{"type":"Point","coordinates":[-87.61948,41.79359]},"properties":{"name":"Class 9 Multifamily - 5520 S Prairie Ave","incentiveClass":"Class 9 Multifamily","classCode":"915","pin":"20151050140000","address":"5520 S Prairie Ave","zip":"60637","communityArea":"Washington Park","reportUrl":"https://www.cookcountyassessoril.gov/pin/20151050140000"}},{"type":"Feature","geometry":{"type":"Point","coordinates":[-87.61875,41.79361]},"properties":{"name":"Class 9 Multifamily - 5525 S Prairie Ave","incentiveClass":"Class 9 Multifamily","classCode":"914","pin":"20151060010000","address":"5525 S Prairie Ave","zip":"60637","communityArea":"Washington Park","reportUrl":"https://www.cookcountyassessoril.gov/pin/20151060010000"}},{"type":"Feature","geometry":{"type":"Point","coordinates":[-87.61867,41.79322]},"properties":{"name":"Class 9 Multifamily - 5535 S Prairie Ave","incentiveClass":"Class 9 Multifamily","classCode":"914","pin":"20151060080000","address":"5535 S Prairie Ave","zip":"60637","communityArea":"Washington Park","reportUrl":"https://www.cookcountyassessoril.gov/pin/20151060080000"}},{"type":"Feature","geometry":{"type":"Point","coordinates":[-87.61843,41.79362]},"properties":{"name":"Class 9 Multifamily - 5525 S Prairie Ave","incentiveClass":"Class 9 Multifamily","classCode":"914","pin":"20151060240000","address":"5525 S Prairie Ave","zip":"60637","communityArea":"Washington Park","reportUrl":"https://www.cookcountyassessoril.gov/pin/20151060240000"}},{"type":"Feature","geometry":{"type":"Point","coordinates":[-87.61771,41.79363]},"properties":{"name":"Class 9 Multifamily - 333 E 55th Pl","incentiveClass":"Class 9 Multifamily","classCode":"915","pin":"20151060280000","address":"333 E 55th Pl","zip":"60637","communityArea":"Washington Park","reportUrl":"https://www.cookcountyassessoril.gov/pin/20151060280000"}},{"type":"Feature","geometry":{"type":"Point","coordinates":[-87.61763,41.79324]},"properties":{"name":"Class 9 Multifamily - 338 E 55th St","incentiveClass":"Class 9 Multifamily","classCode":"915","pin":"20151060290000","address":"338 E 55th St","zip":"","communityArea":"Washington Park","reportUrl":"https://www.cookcountyassessoril.gov/pin/20151060290000"}},{"type":"Feature","geometry":{"type":"Point","coordinates":[-87.62287,41.79183]},"properties":{"name":"Class 9 Multifamily - 5630 S Michigan Ave","incentiveClass":"Class 9 Multifamily","classCode":"915","pin":"20151080320000","address":"5630 S Michigan Ave","zip":"60637","communityArea":"Washington Park","reportUrl":"https://www.cookcountyassessoril.gov/pin/20151080320000"}},{"type":"Feature","geometry":{"type":"Point","coordinates":[-87.61795,41.79274]},"properties":{"name":"Class 9 Multifamily - 5600 S Calumet Ave","incentiveClass":"Class 9 Multifamily","classCode":"914","pin":"20151110130000","address":"5600 S Calumet Ave","zip":"60637","communityArea":"Washington Park","reportUrl":"https://www.cookcountyassessoril.gov/pin/20151110130000"}},{"type":"Feature","geometry":{"type":"Point","coordinates":[-87.61794,41.79242]},"properties":{"name":"Class 9 Multifamily - 5620 S Calumet Ave","incentiveClass":"Class 9 Multifamily","classCode":"914","pin":"20151110140000","address":"5620 S Calumet Ave","zip":"60637","communityArea":"Washington Park","reportUrl":"https://www.cookcountyassessoril.gov/pin/20151110140000"}},{"type":"Feature","geometry":{"type":"Point","coordinates":[-87.61785,41.79002]},"properties":{"name":"Class 9 Multifamily - 5730 S Calumet Ave","incentiveClass":"Class 9 Multifamily","classCode":"915","pin":"20151170210000","address":"5730 S Calumet Ave","zip":"60637","communityArea":"Washington Park","reportUrl":"https://www.cookcountyassessoril.gov/pin/20151170210000"}},{"type":"Feature","geometry":{"type":"Point","coordinates":[-87.62339,41.78647]},"properties":{"name":"Class 9 Multifamily - 5921 S Wabash Ave","incentiveClass":"Class 9 Multifamily","classCode":"915","pin":"20153010050000","address":"5921 S Wabash Ave","zip":"60637","communityArea":"Washington Park","reportUrl":"https://www.cookcountyassessoril.gov/pin/20153010050000"}},{"type":"Feature","geometry":{"type":"Point","coordinates":[-87.62338,41.78579]},"properties":{"name":"Class 9 Multifamily - 46 E 60th St","incentiveClass":"Class 9 Multifamily","classCode":"997","pin":"20153010080000","address":"46 E 60th St","zip":"60637","communityArea":"Washington Park","reportUrl":"https://www.cookcountyassessoril.gov/pin/20153010080000"}},{"type":"Feature","geometry":{"type":"Point","coordinates":[-87.62176,41.78612]},"properties":{"name":"Class 9 Multifamily - 5943 S Michigan Ave","incentiveClass":"Class 9 Multifamily","classCode":"997","pin":"20153020050000","address":"5943 S Michigan Ave","zip":"60637","communityArea":"Washington Park","reportUrl":"https://www.cookcountyassessoril.gov/pin/20153020050000"}},{"type":"Feature","geometry":{"type":"Point","coordinates":[-87.62176,41.78598]},"properties":{"name":"Class 9 Multifamily - 5951 S Michigan Ave","incentiveClass":"Class 9 Multifamily","classCode":"997","pin":"20153020060000","address":"5951 S Michigan Ave","zip":"60637","communityArea":"Washington Park","reportUrl":"https://www.cookcountyassessoril.gov/pin/20153020060000"}},{"type":"Feature","geometry":{"type":"Point","coordinates":[-87.62175,41.78581]},"properties":{"name":"Class 9 Multifamily - 5953 S Michigan Ave","incentiveClass":"Class 9 Multifamily","classCode":"997","pin":"20153020070000","address":"5953 S Michigan Ave","zip":"60637","communityArea":"Washington Park","reportUrl":"https://www.cookcountyassessoril.gov/pin/20153020070000"}},{"type":"Feature","geometry":{"type":"Point","coordinates":[-87.62015,41.7859]},"properties":{"name":"Class 9 Multifamily - 5947 S Indiana Ave","incentiveClass":"Class 9 Multifamily","classCode":"915","pin":"20153030220000","address":"5947 S Indiana Ave","zip":"60637","communityArea":"Washington Park","reportUrl":"https://www.cookcountyassessoril.gov/pin/20153030220000"}},{"type":"Feature","geometry":{"type":"Point","coordinates":[-87.62013,41.78493]},"properties":{"name":"Class 9 Multifamily - 6015 S Indiana Ave","incentiveClass":"Class 9 Multifamily","classCode":"915","pin":"20153090020000","address":"6015 S Indiana Ave","zip":"60637","communityArea":"Washington Park","reportUrl":"https://www.cookcountyassessoril.gov/pin/20153090020000"}},{"type":"Feature","geometry":{"type":"Point","coordinates":[-87.61946,41.78438]},"properties":{"name":"Class 9 Multifamily - 6034 S Prairie Ave","incentiveClass":"Class 9 Multifamily","classCode":"915","pin":"20153090200000","address":"6034 S Prairie Ave","zip":"60637","communityArea":"Washington Park","reportUrl":"https://www.cookcountyassessoril.gov/pin/20153090200000"}},{"type":"Feature","geometry":{"type":"Point","coordinates":[-87.62017,41.78546]},"properties":{"name":"Class 9 Multifamily - 201 E 60th St","incentiveClass":"Class 9 Multifamily","classCode":"997","pin":"20153090290000","address":"201 E 60th St","zip":"60637","communityArea":"Washington Park","reportUrl":"https://www.cookcountyassessoril.gov/pin/20153090290000"}},{"type":"Feature","geometry":{"type":"Point","coordinates":[-87.61872,41.78408]},"properties":{"name":"Class 9 Multifamily - 6049 S Prairie Ave","incentiveClass":"Class 9 Multifamily","classCode":"997","pin":"20153100130000","address":"6049 S Prairie Ave","zip":"60637","communityArea":"Washington Park","reportUrl":"https://www.cookcountyassessoril.gov/pin/20153100130000"}},{"type":"Feature","geometry":{"type":"Point","coordinates":[-87.61861,41.78409]},"properties":{"name":"Class 9 Multifamily - 302 E 61st St","incentiveClass":"Class 9 Multifamily","classCode":"997","pin":"20153100140000","address":"302 E 61st St","zip":"60637","communityArea":"Washington Park","reportUrl":"https://www.cookcountyassessoril.gov/pin/20153100140000"}},{"type":"Feature","geometry":{"type":"Point","coordinates":[-87.61849,41.78409]},"properties":{"name":"Class 9 Multifamily - 304 E 61st St","incentiveClass":"Class 9 Multifamily","classCode":"997","pin":"20153100150000","address":"304 E 61st St","zip":"60637","communityArea":"Washington Park","reportUrl":"https://www.cookcountyassessoril.gov/pin/20153100150000"}},{"type":"Feature","geometry":{"type":"Point","coordinates":[-87.61839,41.78409]},"properties":{"name":"Class 9 Multifamily - 308 E 61st St","incentiveClass":"Class 9 Multifamily","classCode":"997","pin":"20153100160000","address":"308 E 61st St","zip":"60637","communityArea":"Washington Park","reportUrl":"https://www.cookcountyassessoril.gov/pin/20153100160000"}},{"type":"Feature","geometry":{"type":"Point","coordinates":[-87.61826,41.78409]},"properties":{"name":"Class 9 Multifamily - 310 E 61st St","incentiveClass":"Class 9 Multifamily","classCode":"997","pin":"20153100170000","address":"310 E 61st St","zip":"60637","communityArea":"Washington Park","reportUrl":"https://www.cookcountyassessoril.gov/pin/20153100170000"}},{"type":"Feature","geometry":{"type":"Point","coordinates":[-87.62429,41.78343]},"properties":{"name":"Class 9 Multifamily - 6106 S Wabash Ave","incentiveClass":"Class 9 Multifamily","classCode":"914","pin":"20153120430000","address":"6106 S Wabash Ave","zip":"60637","communityArea":"Washington Park","reportUrl":"https://www.cookcountyassessoril.gov/pin/20153120430000"}},{"type":"Feature","geometry":{"type":"Point","coordinates":[-87.62335,41.78357]},"properties":{"name":"Class 9 Multifamily - 6101 S Wabash Ave","incentiveClass":"Class 9 Multifamily","classCode":"997","pin":"20153130010000","address":"6101 S Wabash Ave","zip":"60637","communityArea":"Washington Park","reportUrl":"https://www.cookcountyassessoril.gov/pin/20153130010000"}},{"type":"Feature","geometry":{"type":"Point","coordinates":[-87.62304,41.78357]},"properties":{"name":"Class 9 Multifamily - 63 E 61st St","incentiveClass":"Class 9 Multifamily","classCode":"990","pin":"20153130020000","address":"63 E 61st St","zip":"60637","communityArea":"Washington Park","reportUrl":"https://www.cookcountyassessoril.gov/pin/20153130020000"}},{"type":"Feature","geometry":{"type":"Point","coordinates":[-87.62329,41.78344]},"properties":{"name":"Class 9 Multifamily - 6103 S Wabash Ave","incentiveClass":"Class 9 Multifamily","classCode":"997","pin":"20153130030000","address":"6103 S Wabash Ave","zip":"60637","communityArea":"Washington Park","reportUrl":"https://www.cookcountyassessoril.gov/pin/20153130030000"}},{"type":"Feature","geometry":{"type":"Point","coordinates":[-87.62329,41.78335]},"properties":{"name":"Class 9 Multifamily - 6105 S Wabash Ave","incentiveClass":"Class 9 Multifamily","classCode":"997","pin":"20153130040000","address":"6105 S Wabash Ave","zip":"60637","communityArea":"Washington Park","reportUrl":"https://www.cookcountyassessoril.gov/pin/20153130040000"}},{"type":"Feature","geometry":{"type":"Point","coordinates":[-87.62329,41.78327]},"properties":{"name":"Class 9 Multifamily - 6111 S Wabash Ave","incentiveClass":"Class 9 Multifamily","classCode":"997","pin":"20153130050000","address":"6111 S Wabash Ave","zip":"60637","communityArea":"Washington Park","reportUrl":"https://www.cookcountyassessoril.gov/pin/20153130050000"}},{"type":"Feature","geometry":{"type":"Point","coordinates":[-87.62328,41.78274]},"properties":{"name":"Class 9 Multifamily - 6141 S Wabash Ave","incentiveClass":"Class 9 Multifamily","classCode":"915","pin":"20153130090000","address":"6141 S Wabash Ave","zip":"60637","communityArea":"Washington Park","reportUrl":"https://www.cookcountyassessoril.gov/pin/20153130090000"}},{"type":"Feature","geometry":{"type":"Point","coordinates":[-87.62327,41.78261]},"properties":{"name":"Class 9 Multifamily - 6141 S Wabash Ave","incentiveClass":"Class 9 Multifamily","classCode":"915","pin":"20153130100000","address":"6141 S Wabash Ave","zip":"60637","communityArea":"Washington Park","reportUrl":"https://www.cookcountyassessoril.gov/pin/20153130100000"}},{"type":"Feature","geometry":{"type":"Point","coordinates":[-87.62327,41.78242]},"properties":{"name":"Class 9 Multifamily - 6145 S Wabash Ave","incentiveClass":"Class 9 Multifamily","classCode":"915","pin":"20153130110000","address":"6145 S Wabash Ave","zip":"60637","communityArea":"Washington Park","reportUrl":"https://www.cookcountyassessoril.gov/pin/20153130110000"}},{"type":"Feature","geometry":{"type":"Point","coordinates":[-87.62261,41.78353]},"properties":{"name":"Class 9 Multifamily - 6102 S Michigan Ave","incentiveClass":"Class 9 Multifamily","classCode":"915","pin":"20153130320000","address":"6102 S Michigan Ave","zip":"60637","communityArea":"Washington Park","reportUrl":"https://www.cookcountyassessoril.gov/pin/20153130320000"}},{"type":"Feature","geometry":{"type":"Point","coordinates":[-87.62267,41.78344]},"properties":{"name":"Class 9 Multifamily - 6108 S Michigan Ave","incentiveClass":"Class 9 Multifamily","classCode":"915","pin":"20153130330000","address":"6108 S Michigan Ave","zip":"60637","communityArea":"Washington Park","reportUrl":"https://www.cookcountyassessoril.gov/pin/20153130330000"}},{"type":"Feature","geometry":{"type":"Point","coordinates":[-87.62266,41.78337]},"properties":{"name":"Class 9 Multifamily - 6106 S Michigan Ave","incentiveClass":"Class 9 Multifamily","classCode":"915","pin":"20153130340000","address":"6106 S Michigan Ave","zip":"60637","communityArea":"Washington Park","reportUrl":"https://www.cookcountyassessoril.gov/pin/20153130340000"}},{"type":"Feature","geometry":{"type":"Point","coordinates":[-87.62266,41.7833]},"properties":{"name":"Class 9 Multifamily - 6108 S Michigan Ave","incentiveClass":"Class 9 Multifamily","classCode":"915","pin":"20153130350000","address":"6108 S Michigan Ave","zip":"60637","communityArea":"Washington Park","reportUrl":"https://www.cookcountyassessoril.gov/pin/20153130350000"}},{"type":"Feature","geometry":{"type":"Point","coordinates":[-87.62266,41.7832]},"properties":{"name":"Class 9 Multifamily - 6114 S Michigan Ave","incentiveClass":"Class 9 Multifamily","classCode":"915","pin":"20153130360000","address":"6114 S Michigan Ave","zip":"60637","communityArea":"Washington Park","reportUrl":"https://www.cookcountyassessoril.gov/pin/20153130360000"}},{"type":"Feature","geometry":{"type":"Point","coordinates":[-87.62263,41.78188]},"properties":{"name":"Class 9 Multifamily - 6160 S Michigan Ave","incentiveClass":"Class 9 Multifamily","classCode":"914","pin":"20153130470000","address":"6160 S Michigan Ave","zip":"60637","communityArea":"Washington Park","reportUrl":"https://www.cookcountyassessoril.gov/pin/20153130470000"}},{"type":"Feature","geometry":{"type":"Point","coordinates":[-87.62326,41.78223]},"properties":{"name":"Class 9 Multifamily - 6145 S Wabash Ave","incentiveClass":"Class 9 Multifamily","classCode":"915","pin":"20153130660000","address":"6145 S Wabash Ave","zip":"60637","communityArea":"Washington Park","reportUrl":"https://www.cookcountyassessoril.gov/pin/20153130660000"}},{"type":"Feature","geometry":{"type":"Point","coordinates":[-87.6228,41.78362]},"properties":{"name":"Class 9 Multifamily - 63 E 61st St","incentiveClass":"Class 9 Multifamily","classCode":"997","pin":"20153130690000","address":"63 E 61st St","zip":"60637","communityArea":"Washington Park","reportUrl":"https://www.cookcountyassessoril.gov/pin/20153130690000"}},{"type":"Feature","geometry":{"type":"Point","coordinates":[-87.62254,41.78362]},"properties":{"name":"Class 9 Multifamily - 6100 S Michigan Ave","incentiveClass":"Class 9 Multifamily","classCode":"915","pin":"20153130700000","address":"6100 S Michigan Ave","zip":"60637","communityArea":"Washington Park","reportUrl":"https://www.cookcountyassessoril.gov/pin/20153130700000"}},{"type":"Feature","geometry":{"type":"Point","coordinates":[-87.61979,41.78339]},"properties":{"name":"Class 9 Multifamily - 219 E 61st St","incentiveClass":"Class 9 Multifamily","classCode":"997","pin":"20153150040000","address":"219 E 61st St","zip":"60637","communityArea":"Washington Park","reportUrl":"https://www.cookcountyassessoril.gov/pin/20153150040000"}},{"type":"Feature","geometry":{"type":"Point","coordinates":[-87.62007,41.78248]},"properties":{"name":"Class 9 Multifamily - 6145 S Indiana Ave","incentiveClass":"Class 9 Multifamily","classCode":"997","pin":"20153150080000","address":"6145 S Indiana Ave","zip":"60637","communityArea":"Washington Park","reportUrl":"https://www.cookcountyassessoril.gov/pin/20153150080000"}},{"type":"Feature","geometry":{"type":"Point","coordinates":[-87.61936,41.78365]},"properties":{"name":"Class 9 Multifamily - 227 E 61st St","incentiveClass":"Class 9 Multifamily","classCode":"997","pin":"20153150350000","address":"227 E 61st St","zip":"60637","communityArea":"Washington Park","reportUrl":"https://www.cookcountyassessoril.gov/pin/20153150350000"}},{"type":"Feature","geometry":{"type":"Point","coordinates":[-87.61936,41.78345]},"properties":{"name":"Class 9 Multifamily - 6106 S Prairie Ave","incentiveClass":"Class 9 Multifamily","classCode":"997","pin":"20153150360000","address":"6106 S Prairie Ave","zip":"60637","communityArea":"Washington Park","reportUrl":"https://www.cookcountyassessoril.gov/pin/20153150360000"}},{"type":"Feature","geometry":{"type":"Point","coordinates":[-87.61936,41.7833]},"properties":{"name":"Class 9 Multifamily - 6116 S Prairie Ave","incentiveClass":"Class 9 Multifamily","classCode":"997","pin":"20153150370000","address":"6116 S Prairie Ave","zip":"60637","communityArea":"Washington Park","reportUrl":"https://www.cookcountyassessoril.gov/pin/20153150370000"}},{"type":"Feature","geometry":{"type":"Point","coordinates":[-87.61935,41.78323]},"properties":{"name":"Class 9 Multifamily - 6116 S Prairie Ave","incentiveClass":"Class 9 Multifamily","classCode":"997","pin":"20153150380000","address":"6116 S Prairie Ave","zip":"60637","communityArea":"Washington Park","reportUrl":"https://www.cookcountyassessoril.gov/pin/20153150380000"}},{"type":"Feature","geometry":{"type":"Point","coordinates":[-87.61935,41.78313]},"properties":{"name":"Class 9 Multifamily - 6118 S Prairie Ave","incentiveClass":"Class 9 Multifamily","classCode":"997","pin":"20153150390000","address":"6118 S Prairie Ave","zip":"60637","communityArea":"Washington Park","reportUrl":"https://www.cookcountyassessoril.gov/pin/20153150390000"}},{"type":"Feature","geometry":{"type":"Point","coordinates":[-87.61935,41.78302]},"properties":{"name":"Class 9 Multifamily - 6124 S Prairie Ave","incentiveClass":"Class 9 Multifamily","classCode":"997","pin":"20153150400000","address":"6124 S Prairie Ave","zip":"60637","communityArea":"Washington Park","reportUrl":"https://www.cookcountyassessoril.gov/pin/20153150400000"}},{"type":"Feature","geometry":{"type":"Point","coordinates":[-87.61481,41.78225]},"properties":{"name":"Class 9 Multifamily - 6156 S Vernon Ave","incentiveClass":"Class 9 Multifamily","classCode":"915","pin":"20154080260000","address":"6156 S Vernon Ave","zip":"60637","communityArea":"Woodlawn","reportUrl":"https://www.cookcountyassessoril.gov/pin/20154080260000"}},{"type":"Feature","geometry":{"type":"Point","coordinates":[-87.61291,41.78232]},"properties":{"name":"Class 9 Multifamily - 6159 S Eberhart Ave","incentiveClass":"Class 9 Multifamily","classCode":"915","pin":"20154100130000","address":"6159 S Eberhart Ave","zip":"60637","communityArea":"Woodlawn","reportUrl":"https://www.cookcountyassessoril.gov/pin/20154100130000"}},{"type":"Feature","geometry":{"type":"Point","coordinates":[-87.61048,41.78238]},"properties":{"name":"Class 9 Multifamily - 6153 S Saint Lawrence Ave","incentiveClass":"Class 9 Multifamily","classCode":"915","pin":"20154120150000","address":"6153 S Saint Lawrence Ave","zip":"60637","communityArea":"Woodlawn","reportUrl":"https://www.cookcountyassessoril.gov/pin/20154120150000"}},{"type":"Feature","geometry":{"type":"Point","coordinates":[-87.6148,41.78189]},"properties":{"name":"Class 9 Multifamily - 6200 S Vernon Ave","incentiveClass":"Class 9 Multifamily","classCode":"915","pin":"20154160090000","address":"6200 S Vernon Ave","zip":"60637","communityArea":"Woodlawn","reportUrl":"https://www.cookcountyassessoril.gov/pin/20154160090000"}},{"type":"Feature","geometry":{"type":"Point","coordinates":[-87.6129,41.78192]},"properties":{"name":"Class 9 Multifamily - 6201 S Eberhart Ave","incentiveClass":"Class 9 Multifamily","classCode":"915","pin":"20154180010000","address":"6201 S Eberhart Ave","zip":"60637","communityArea":"Woodlawn","reportUrl":"https://www.cookcountyassessoril.gov/pin/20154180010000"}},{"type":"Feature","geometry":{"type":"Point","coordinates":[-87.6124,41.78193]},"properties":{"name":"Class 9 Multifamily - 6200 S Rhodes Ave","incentiveClass":"Class 9 Multifamily","classCode":"915","pin":"20154180150000","address":"6200 S Rhodes Ave","zip":"60637","communityArea":"Woodlawn","reportUrl":"https://www.cookcountyassessoril.gov/pin/20154180150000"}},{"type":"Feature","geometry":{"type":"Point","coordinates":[-87.60807,41.78184]},"properties":{"name":"Class 9 Multifamily - 6215 S Langley Ave","incentiveClass":"Class 9 Multifamily","classCode":"915","pin":"20154220020000","address":"6215 S Langley Ave","zip":"60637","communityArea":"Woodlawn","reportUrl":"https://www.cookcountyassessoril.gov/pin/20154220020000"}},{"type":"Feature","geometry":{"type":"Point","coordinates":[-87.60635,41.78126]},"properties":{"name":"Class 9 Multifamily - 6200 S Cottage Grove Ave","incentiveClass":"Class 9 Multifamily","classCode":"915","pin":"20154230360000","address":"6200 S Cottage Grove Ave","zip":"60637","communityArea":"Woodlawn","reportUrl":"https://www.cookcountyassessoril.gov/pin/20154230360000"}},{"type":"Feature","geometry":{"type":"Point","coordinates":[-87.65099,41.79357]},"properties":{"name":"Class 9 Multifamily - 1023 W Garfield Blvd","incentiveClass":"Class 9 Multifamily","classCode":"915","pin":"20172030010000","address":"1023 W Garfield Blvd","zip":"60621","communityArea":"Englewood","reportUrl":"https://www.cookcountyassessoril.gov/pin/20172030010000"}},{"type":"Feature","geometry":{"type":"Point","coordinates":[-87.66089,41.76885]},"properties":{"name":"Class 9 Multifamily - 1450 W 69th St","incentiveClass":"Class 9 Multifamily","classCode":"997","pin":"20203100490000","address":"1450 W 69th St","zip":"60636","communityArea":"West Englewood","reportUrl":"https://www.cookcountyassessoril.gov/pin/20203100490000"}},{"type":"Feature","geometry":{"type":"Point","coordinates":[-87.63377,41.77784]},"properties":{"name":"Class 9 Multifamily - 6400 S Harvard Ave","incentiveClass":"Class 9 Multifamily","classCode":"915","pin":"20212040170000","address":"6400 S Harvard Ave","zip":"60621","communityArea":"Englewood","reportUrl":"https://www.cookcountyassessoril.gov/pin/20212040170000"}},{"type":"Feature","geometry":{"type":"Point","coordinates":[-87.6313,41.7747]},"properties":{"name":"Class 9 Multifamily - 6565 S Yale Ave","incentiveClass":"Class 9 Multifamily","classCode":"991","pin":"20212100150000","address":"6565 S Yale Ave","zip":"60621","communityArea":"Englewood","reportUrl":"https://www.cookcountyassessoril.gov/pin/20212100150000"}},{"type":"Feature","geometry":{"type":"Point","coordinates":[-87.6271,41.76828]},"properties":{"name":"Class 9 Multifamily - 6900 S Lafayette Ave","incentiveClass":"Class 9 Multifamily","classCode":"990","pin":"20214160260000","address":"6900 S Lafayette Ave","zip":"60621","communityArea":"Greater Grand Crossing","reportUrl":"https://www.cookcountyassessoril.gov/pin/20214160260000"}},{"type":"Feature","geometry":{"type":"Point","coordinates":[-87.62715,41.76811]},"properties":{"name":"Class 9 Multifamily - 6932 S Vincennes Ave","incentiveClass":"Class 9 Multifamily","classCode":"991","pin":"20214160280000","address":"6932 S Vincennes Ave","zip":"60621","communityArea":"Greater Grand Crossing","reportUrl":"https://www.cookcountyassessoril.gov/pin/20214160280000"}},{"type":"Feature","geometry":{"type":"Point","coordinates":[-87.62717,41.76804]},"properties":{"name":"Class 9 Multifamily - 6938 S Vincennes Ave","incentiveClass":"Class 9 Multifamily","classCode":"991","pin":"20214160290000","address":"6938 S Vincennes Ave","zip":"60621","communityArea":"Greater Grand Crossing","reportUrl":"https://www.cookcountyassessoril.gov/pin/20214160290000"}},{"type":"Feature","geometry":{"type":"Point","coordinates":[-87.62719,41.76797]},"properties":{"name":"Class 9 Multifamily - 6940 S Vincennes Ave","incentiveClass":"Class 9 Multifamily","classCode":"991","pin":"20214160300000","address":"6940 S Vincennes Ave","zip":"60621","communityArea":"Greater Grand Crossing","reportUrl":"https://www.cookcountyassessoril.gov/pin/20214160300000"}},{"type":"Feature","geometry":{"type":"Point","coordinates":[-87.62721,41.7679]},"properties":{"name":"Class 9 Multifamily - 6942 S Vincennes Ave","incentiveClass":"Class 9 Multifamily","classCode":"991","pin":"20214160310000","address":"6942 S Vincennes Ave","zip":"60621","communityArea":"Greater Grand Crossing","reportUrl":"https://www.cookcountyassessoril.gov/pin/20214160310000"}},{"type":"Feature","geometry":{"type":"Point","coordinates":[-87.62724,41.76783]},"properties":{"name":"Class 9 Multifamily - 6950 S Vincennes Ave","incentiveClass":"Class 9 Multifamily","classCode":"991","pin":"20214160320000","address":"6950 S Vincennes Ave","zip":"60621","communityArea":"Greater Grand Crossing","reportUrl":"https://www.cookcountyassessoril.gov/pin/20214160320000"}},{"type":"Feature","geometry":{"type":"Point","coordinates":[-87.62726,41.76776]},"properties":{"name":"Class 9 Multifamily - 6948 S Vincennes Ave","incentiveClass":"Class 9 Multifamily","classCode":"991","pin":"20214160330000","address":"6948 S Vincennes Ave","zip":"60621","communityArea":"Greater Grand Crossing","reportUrl":"https://www.cookcountyassessoril.gov/pin/20214160330000"}},{"type":"Feature","geometry":{"type":"Point","coordinates":[-87.62736,41.76745]},"properties":{"name":"Class 9 Multifamily - 6960 S Vincennes Ave","incentiveClass":"Class 9 Multifamily","classCode":"990","pin":"20214160370000","address":"6960 S Vincennes Ave","zip":"60621","communityArea":"Greater Grand Crossing","reportUrl":"https://www.cookcountyassessoril.gov/pin/20214160370000"}},{"type":"Feature","geometry":{"type":"Point","coordinates":[-87.61471,41.77794]},"properties":{"name":"Class 9 Multifamily - 6412 S Vernon Ave","incentiveClass":"Class 9 Multifamily","classCode":"915","pin":"20222080400000","address":"6412 S Vernon Ave","zip":"60637","communityArea":"Woodlawn","reportUrl":"https://www.cookcountyassessoril.gov/pin/20222080400000"}},{"type":"Feature","geometry":{"type":"Point","coordinates":[-87.6055,41.77977]},"properties":{"name":"Class 9 Multifamily - 6315 S Cottage Grove Ave","incentiveClass":"Class 9 Multifamily","classCode":"991","pin":"20231000040000","address":"6315 S Cottage Grove Ave","zip":"60637","communityArea":"Woodlawn","reportUrl":"https://www.cookcountyassessoril.gov/pin/20231000040000"}},{"type":"Feature","geometry":{"type":"Point","coordinates":[-87.60498,41.77981]},"properties":{"name":"Class 9 Multifamily - 6314 S Maryland Ave","incentiveClass":"Class 9 Multifamily","classCode":"990","pin":"20231000070000","address":"6314 S Maryland Ave","zip":"60637","communityArea":"Woodlawn","reportUrl":"https://www.cookcountyassessoril.gov/pin/20231000070000"}},{"type":"Feature","geometry":{"type":"Point","coordinates":[-87.60497,41.77694]},"properties":{"name":"Class 9 Multifamily - 6458 S Maryland Ave","incentiveClass":"Class 9 Multifamily","classCode":"915","pin":"20231020230000","address":"6458 S Maryland Ave","zip":"60637","communityArea":"Woodlawn","reportUrl":"https://www.cookcountyassessoril.gov/pin/20231020230000"}},{"type":"Feature","geometry":{"type":"Point","coordinates":[-87.59345,41.77719]},"properties":{"name":"Class 9 Multifamily - 6446 S Kenwood Ave","incentiveClass":"Class 9 Multifamily","classCode":"915","pin":"20232120360000","address":"6446 S Kenwood Ave","zip":"60637","communityArea":"Woodlawn","reportUrl":"https://www.cookcountyassessoril.gov/pin/20232120360000"}},{"type":"Feature","geometry":{"type":"Point","coordinates":[-87.58872,41.76811]},"properties":{"name":"Class 9 Multifamily - 1446 E 70th St","incentiveClass":"Class 9 Multifamily","classCode":"996","pin":"20234170210000","address":"1446 E 70th St","zip":"60637","communityArea":"South Shore","reportUrl":"https://www.cookcountyassessoril.gov/pin/20234170210000"}},{"type":"Feature","geometry":{"type":"Point","coordinates":[-87.5875,41.76812]},"properties":{"name":"Class 9 Multifamily - 1506 E 70th St","incentiveClass":"Class 9 Multifamily","classCode":"996","pin":"20234180090000","address":"1506 E 70th St","zip":"60637","communityArea":"South Shore","reportUrl":"https://www.cookcountyassessoril.gov/pin/20234180090000"}},{"type":"Feature","geometry":{"type":"Point","coordinates":[-87.5877,41.76812]},"properties":{"name":"Class 9 Multifamily - 6959 E 70th St","incentiveClass":"Class 9 Multifamily","classCode":"996","pin":"20234180200000","address":"6959 E 70th St","zip":"","communityArea":"South Shore","reportUrl":"https://www.cookcountyassessoril.gov/pin/20234180200000"}},{"type":"Feature","geometry":{"type":"Point","coordinates":[-87.58732,41.76812]},"properties":{"name":"Class 9 Multifamily - 1512 E 70th St","incentiveClass":"Class 9 Multifamily","classCode":"996","pin":"20234180210000","address":"1512 E 70th St","zip":"60637","communityArea":"South Shore","reportUrl":"https://www.cookcountyassessoril.gov/pin/20234180210000"}},{"type":"Feature","geometry":{"type":"Point","coordinates":[-87.58236,41.76742]},"properties":{"name":"Class 9 Multifamily - 7015 S East End Ave","incentiveClass":"Class 9 Multifamily","classCode":"990","pin":"20243250060000","address":"7015 S East End Ave","zip":"60649","communityArea":"South Shore","reportUrl":"https://www.cookcountyassessoril.gov/pin/20243250060000"}},{"type":"Feature","geometry":{"type":"Point","coordinates":[-87.5817,41.7675]},"properties":{"name":"Class 9 Multifamily - 7010 S Cregier Ave","incentiveClass":"Class 9 Multifamily","classCode":"915","pin":"20243250200000","address":"7010 S Cregier Ave","zip":"60649","communityArea":"South Shore","reportUrl":"https://www.cookcountyassessoril.gov/pin/20243250200000"}},{"type":"Feature","geometry":{"type":"Point","coordinates":[-87.5817,41.76736]},"properties":{"name":"Class 9 Multifamily - 7016 S Cregier Ave","incentiveClass":"Class 9 Multifamily","classCode":"915","pin":"20243250210000","address":"7016 S Cregier Ave","zip":"60649","communityArea":"South Shore","reportUrl":"https://www.cookcountyassessoril.gov/pin/20243250210000"}},{"type":"Feature","geometry":{"type":"Point","coordinates":[-87.57816,41.76671]},"properties":{"name":"Class 9 Multifamily - 7040 S Euclid Ave","incentiveClass":"Class 9 Multifamily","classCode":"915","pin":"20243280090000","address":"7040 S Euclid Ave","zip":"60649","communityArea":"South Shore","reportUrl":"https://www.cookcountyassessoril.gov/pin/20243280090000"}},{"type":"Feature","geometry":{"type":"Point","coordinates":[-87.57817,41.76656]},"properties":{"name":"Class 9 Multifamily - 7044 S Euclid Ave","incentiveClass":"Class 9 Multifamily","classCode":"915","pin":"20243280100000","address":"7044 S Euclid Ave","zip":"60649","communityArea":"South Shore","reportUrl":"https://www.cookcountyassessoril.gov/pin/20243280100000"}},{"type":"Feature","geometry":{"type":"Point","coordinates":[-87.57429,41.76924]},"properties":{"name":"Class 9 Multifamily - 6916 S Clyde Ave","incentiveClass":"Class 9 Multifamily","classCode":"915","pin":"20244150140000","address":"6916 S Clyde Ave","zip":"60649","communityArea":"South Shore","reportUrl":"https://www.cookcountyassessoril.gov/pin/20244150140000"}},{"type":"Feature","geometry":{"type":"Point","coordinates":[-87.57427,41.76866]},"properties":{"name":"Class 9 Multifamily - 6938 S Clyde Ave","incentiveClass":"Class 9 Multifamily","classCode":"915","pin":"20244150160000","address":"6938 S Clyde Ave","zip":"60649","communityArea":"South Shore","reportUrl":"https://www.cookcountyassessoril.gov/pin/20244150160000"}},{"type":"Feature","geometry":{"type":"Point","coordinates":[-87.57427,41.76849]},"properties":{"name":"Class 9 Multifamily - 6944 S Clyde Ave","incentiveClass":"Class 9 Multifamily","classCode":"915","pin":"20244150170000","address":"6944 S Clyde Ave","zip":"60649","communityArea":"South Shore","reportUrl":"https://www.cookcountyassessoril.gov/pin/20244150170000"}},{"type":"Feature","geometry":{"type":"Point","coordinates":[-87.56938,41.76848]},"properties":{"name":"Class 9 Multifamily - 6947 S Crandon Ave","incentiveClass":"Class 9 Multifamily","classCode":"915","pin":"20244190160000","address":"6947 S Crandon Ave","zip":"60649","communityArea":"South Shore","reportUrl":"https://www.cookcountyassessoril.gov/pin/20244190160000"}},{"type":"Feature","geometry":{"type":"Point","coordinates":[-87.57544,41.76672]},"properties":{"name":"Class 9 Multifamily - 7038 S Chappel Ave","incentiveClass":"Class 9 Multifamily","classCode":"915","pin":"20244210180000","address":"7038 S Chappel Ave","zip":"60649","communityArea":"South Shore","reportUrl":"https://www.cookcountyassessoril.gov/pin/20244210180000"}},{"type":"Feature","geometry":{"type":"Point","coordinates":[-87.56751,41.7674]},"properties":{"name":"Class 9 Multifamily - 2358 E 70th Pl","incentiveClass":"Class 9 Multifamily","classCode":"915","pin":"20244270060000","address":"2358 E 70th Pl","zip":"60649","communityArea":"South Shore","reportUrl":"https://www.cookcountyassessoril.gov/pin/20244270060000"}},{"type":"Feature","geometry":{"type":"Point","coordinates":[-87.57776,41.76551]},"properties":{"name":"Class 9 Multifamily - 7117 S Euclid Ave","incentiveClass":"Class 9 Multifamily","classCode":"914","pin":"20251090040000","address":"7117 S Euclid Ave","zip":"60649","communityArea":"South Shore","reportUrl":"https://www.cookcountyassessoril.gov/pin/20251090040000"}},{"type":"Feature","geometry":{"type":"Point","coordinates":[-87.58395,41.76409]},"properties":{"name":"Class 9 Multifamily - 1647 E 72nd St","incentiveClass":"Class 9 Multifamily","classCode":"914","pin":"20251130170000","address":"1647 E 72nd St","zip":"60649","communityArea":"South Shore","reportUrl":"https://www.cookcountyassessoril.gov/pin/20251130170000"}},{"type":"Feature","geometry":{"type":"Point","coordinates":[-87.58133,41.7613]},"properties":{"name":"Class 9 Multifamily - 1751 E 73rd Pl","incentiveClass":"Class 9 Multifamily","classCode":"915","pin":"20251260040000","address":"1751 E 73rd Pl","zip":"60649","communityArea":"South Shore","reportUrl":"https://www.cookcountyassessoril.gov/pin/20251260040000"}},{"type":"Feature","geometry":{"type":"Point","coordinates":[-87.57219,41.76407]},"properties":{"name":"Class 9 Multifamily - 7201 S Merrill Ave","incentiveClass":"Class 9 Multifamily","classCode":"915","pin":"20252090010000","address":"7201 S Merrill Ave","zip":"60649","communityArea":"South Shore","reportUrl":"https://www.cookcountyassessoril.gov/pin/20252090010000"}},{"type":"Feature","geometry":{"type":"Point","coordinates":[-87.59543,41.75441]},"properties":{"name":"Class 9 Multifamily - 1210 E 78th St","incentiveClass":"Class 9 Multifamily","classCode":"997","pin":"20264170450000","address":"1210 E 78th St","zip":"60619","communityArea":"Avalon Park","reportUrl":"https://www.cookcountyassessoril.gov/pin/20264170450000"}},{"type":"Feature","geometry":{"type":"Point","coordinates":[-87.59548,41.75362]},"properties":{"name":"Class 9 Multifamily - 1200 E 78th St","incentiveClass":"Class 9 Multifamily","classCode":"997","pin":"20264170460000","address":"1200 E 78th St","zip":"60619","communityArea":"Avalon Park","reportUrl":"https://www.cookcountyassessoril.gov/pin/20264170460000"}},{"type":"Feature","geometry":{"type":"Point","coordinates":[-87.61631,41.76222]},"properties":{"name":"Class 9 Multifamily - 7255 S Calumet Ave","incentiveClass":"Class 9 Multifamily","classCode":"915","pin":"20271110170000","address":"7255 S Calumet Ave","zip":"60619","communityArea":"Greater Grand Crossing","reportUrl":"https://www.cookcountyassessoril.gov/pin/20271110170000"}},{"type":"Feature","geometry":{"type":"Point","coordinates":[-87.61428,41.76041]},"properties":{"name":"Class 9 Multifamily - 7358 S Vernon Ave","incentiveClass":"Class 9 Multifamily","classCode":"914","pin":"20272160330000","address":"7358 S Vernon Ave","zip":"60619","communityArea":"Greater Grand Crossing","reportUrl":"https://www.cookcountyassessoril.gov/pin/20272160330000"}},{"type":"Feature","geometry":{"type":"Point","coordinates":[-87.63061,41.76337]},"properties":{"name":"Class 9 Multifamily - 7201 S Yale Ave","incentiveClass":"Class 9 Multifamily","classCode":"915","pin":"20282110010000","address":"7201 S Yale Ave","zip":"60621","communityArea":"Greater Grand Crossing","reportUrl":"https://www.cookcountyassessoril.gov/pin/20282110010000"}},{"type":"Feature","geometry":{"type":"Point","coordinates":[-87.63002,41.75887]},"properties":{"name":"Class 9 Multifamily - 7434 S Wentworth Ave","incentiveClass":"Class 9 Multifamily","classCode":"914","pin":"20282260250000","address":"7434 S Wentworth Ave","zip":"60621","communityArea":"Greater Grand Crossing","reportUrl":"https://www.cookcountyassessoril.gov/pin/20282260250000"}},{"type":"Feature","geometry":{"type":"Point","coordinates":[-87.63003,41.75879]},"properties":{"name":"Class 9 Multifamily - 7436 S Wentworth Ave","incentiveClass":"Class 9 Multifamily","classCode":"914","pin":"20282260260000","address":"7436 S Wentworth Ave","zip":"60621","communityArea":"Greater Grand Crossing","reportUrl":"https://www.cookcountyassessoril.gov/pin/20282260260000"}},{"type":"Feature","geometry":{"type":"Point","coordinates":[-87.63004,41.75871]},"properties":{"name":"Class 9 Multifamily - 7440 S Wentworth Ave","incentiveClass":"Class 9 Multifamily","classCode":"914","pin":"20282260270000","address":"7440 S Wentworth Ave","zip":"60621","communityArea":"Greater Grand Crossing","reportUrl":"https://www.cookcountyassessoril.gov/pin/20282260270000"}},{"type":"Feature","geometry":{"type":"Point","coordinates":[-87.63004,41.75864]},"properties":{"name":"Class 9 Multifamily - 7442 S Wentworth Ave","incentiveClass":"Class 9 Multifamily","classCode":"914","pin":"20282260280000","address":"7442 S Wentworth Ave","zip":"60621","communityArea":"Greater Grand Crossing","reportUrl":"https://www.cookcountyassessoril.gov/pin/20282260280000"}},{"type":"Feature","geometry":{"type":"Point","coordinates":[-87.62999,41.75842]},"properties":{"name":"Class 9 Multifamily - 206 W 75th St","incentiveClass":"Class 9 Multifamily","classCode":"990","pin":"20282260350000","address":"206 W 75th St","zip":"60621","communityArea":"Greater Grand Crossing","reportUrl":"https://www.cookcountyassessoril.gov/pin/20282260350000"}},{"type":"Feature","geometry":{"type":"Point","coordinates":[-87.62984,41.75842]},"properties":{"name":"Class 9 Multifamily - 200 W 75th St","incentiveClass":"Class 9 Multifamily","classCode":"990","pin":"20282260360000","address":"200 W 75th St","zip":"60621","communityArea":"Greater Grand Crossing","reportUrl":"https://www.cookcountyassessoril.gov/pin/20282260360000"}},{"type":"Feature","geometry":{"type":"Point","coordinates":[-87.62941,41.75843]},"properties":{"name":"Class 9 Multifamily - 158 W 75th St","incentiveClass":"Class 9 Multifamily","classCode":"990","pin":"20282270330000","address":"158 W 75th St","zip":"60621","communityArea":"Greater Grand Crossing","reportUrl":"https://www.cookcountyassessoril.gov/pin/20282270330000"}},{"type":"Feature","geometry":{"type":"Point","coordinates":[-87.62925,41.75843]},"properties":{"name":"Class 9 Multifamily - 152 W 75th St","incentiveClass":"Class 9 Multifamily","classCode":"996","pin":"20282270340000","address":"152 W 75th St","zip":"60621","communityArea":"Greater Grand Crossing","reportUrl":"https://www.cookcountyassessoril.gov/pin/20282270340000"}},{"type":"Feature","geometry":{"type":"Point","coordinates":[-87.62913,41.75843]},"properties":{"name":"Class 9 Multifamily - 108 W 75th St","incentiveClass":"Class 9 Multifamily","classCode":"996","pin":"20282270350000","address":"108 W 75th St","zip":"60621","communityArea":"Greater Grand Crossing","reportUrl":"https://www.cookcountyassessoril.gov/pin/20282270350000"}},{"type":"Feature","geometry":{"type":"Point","coordinates":[-87.62904,41.75844]},"properties":{"name":"Class 9 Multifamily - 146 W 75th St","incentiveClass":"Class 9 Multifamily","classCode":"996","pin":"20282270360000","address":"146 W 75th St","zip":"60621","communityArea":"Greater Grand Crossing","reportUrl":"https://www.cookcountyassessoril.gov/pin/20282270360000"}},{"type":"Feature","geometry":{"type":"Point","coordinates":[-87.62893,41.75844]},"properties":{"name":"Class 9 Multifamily - 144 W 75th St","incentiveClass":"Class 9 Multifamily","classCode":"996","pin":"20282270370000","address":"144 W 75th St","zip":"60621","communityArea":"Greater Grand Crossing","reportUrl":"https://www.cookcountyassessoril.gov/pin/20282270370000"}},{"type":"Feature","geometry":{"type":"Point","coordinates":[-87.62884,41.75844]},"properties":{"name":"Class 9 Multifamily - 140 W 75th St","incentiveClass":"Class 9 Multifamily","classCode":"996","pin":"20282270380000","address":"140 W 75th St","zip":"60621","communityArea":"Greater Grand Crossing","reportUrl":"https://www.cookcountyassessoril.gov/pin/20282270380000"}},{"type":"Feature","geometry":{"type":"Point","coordinates":[-87.62875,41.75844]},"properties":{"name":"Class 9 Multifamily - 138 W 75th St","incentiveClass":"Class 9 Multifamily","classCode":"990","pin":"20282270390000","address":"138 W 75th St","zip":"60621","communityArea":"Greater Grand Crossing","reportUrl":"https://www.cookcountyassessoril.gov/pin/20282270390000"}},{"type":"Feature","geometry":{"type":"Point","coordinates":[-87.62866,41.75844]},"properties":{"name":"Class 9 Multifamily - 136 W 75th St","incentiveClass":"Class 9 Multifamily","classCode":"990","pin":"20282270400000","address":"136 W 75th St","zip":"60621","communityArea":"Greater Grand Crossing","reportUrl":"https://www.cookcountyassessoril.gov/pin/20282270400000"}},{"type":"Feature","geometry":{"type":"Point","coordinates":[-87.62849,41.75844]},"properties":{"name":"Class 9 Multifamily - 130 W 75th St","incentiveClass":"Class 9 Multifamily","classCode":"990","pin":"20282270410000","address":"130 W 75th St","zip":"60621","communityArea":"Greater Grand Crossing","reportUrl":"https://www.cookcountyassessoril.gov/pin/20282270410000"}},{"type":"Feature","geometry":{"type":"Point","coordinates":[-87.62825,41.75845]},"properties":{"name":"Class 9 Multifamily - 124 W 75th St","incentiveClass":"Class 9 Multifamily","classCode":"996","pin":"20282270420000","address":"124 W 75th St","zip":"60621","communityArea":"Greater Grand Crossing","reportUrl":"https://www.cookcountyassessoril.gov/pin/20282270420000"}},{"type":"Feature","geometry":{"type":"Point","coordinates":[-87.62774,41.75845]},"properties":{"name":"Class 9 Multifamily - 7455 S Perry Ave","incentiveClass":"Class 9 Multifamily","classCode":"996","pin":"20282280340000","address":"7455 S Perry Ave","zip":"60621","communityArea":"Greater Grand Crossing","reportUrl":"https://www.cookcountyassessoril.gov/pin/20282280340000"}},{"type":"Feature","geometry":{"type":"Point","coordinates":[-87.62742,41.75846]},"properties":{"name":"Class 9 Multifamily - 102 W 75th St","incentiveClass":"Class 9 Multifamily","classCode":"990","pin":"20282280360000","address":"102 W 75th St","zip":"60621","communityArea":"Greater Grand Crossing","reportUrl":"https://www.cookcountyassessoril.gov/pin/20282280360000"}},{"type":"Feature","geometry":{"type":"Point","coordinates":[-87.62732,41.75846]},"properties":{"name":"Class 9 Multifamily - 62 W 75th St","incentiveClass":"Class 9 Multifamily","classCode":"990","pin":"20282280370000","address":"62 W 75th St","zip":"60621","communityArea":"Greater Grand Crossing","reportUrl":"https://www.cookcountyassessoril.gov/pin/20282280370000"}},{"type":"Feature","geometry":{"type":"Point","coordinates":[-87.62714,41.75846]},"properties":{"name":"Class 9 Multifamily - 58 W 75th St","incentiveClass":"Class 9 Multifamily","classCode":"996","pin":"20282280390000","address":"58 W 75th St","zip":"60621","communityArea":"Greater Grand Crossing","reportUrl":"https://www.cookcountyassessoril.gov/pin/20282280390000"}},{"type":"Feature","geometry":{"type":"Point","coordinates":[-87.627,41.75847]},"properties":{"name":"Class 9 Multifamily - 54 W 75th St","incentiveClass":"Class 9 Multifamily","classCode":"996","pin":"20282280400000","address":"54 W 75th St","zip":"60621","communityArea":"Greater Grand Crossing","reportUrl":"https://www.cookcountyassessoril.gov/pin/20282280400000"}},{"type":"Feature","geometry":{"type":"Point","coordinates":[-87.62672,41.75847]},"properties":{"name":"Class 9 Multifamily - 52 W 75th St","incentiveClass":"Class 9 Multifamily","classCode":"996","pin":"20282280410000","address":"52 W 75th St","zip":"60621","communityArea":"Greater Grand Crossing","reportUrl":"https://www.cookcountyassessoril.gov/pin/20282280410000"}},{"type":"Feature","geometry":{"type":"Point","coordinates":[-87.64626,41.75621]},"properties":{"name":"Class 9 Multifamily - 7549 S Peoria St","incentiveClass":"Class 9 Multifamily","classCode":"915","pin":"20294060170000","address":"7549 S Peoria St","zip":"60620","communityArea":"Auburn Gresham","reportUrl":"https://www.cookcountyassessoril.gov/pin/20294060170000"}},{"type":"Feature","geometry":{"type":"Point","coordinates":[-87.67246,41.75902]},"properties":{"name":"Class 6b Industrial - 1915 W 74th St","incentiveClass":"Class 6b Industrial","classCode":"663B","pin":"20302240160000","address":"1915 W 74th St","zip":"60636","communityArea":"West Englewood","reportUrl":"https://www.cookcountyassessoril.gov/pin/20302240160000"}},{"type":"Feature","geometry":{"type":"Point","coordinates":[-87.67153,41.75877]},"properties":{"name":"Class 6b Industrial - 1911 W 74th St","incentiveClass":"Class 6b Industrial","classCode":"670B","pin":"20302240170000","address":"1911 W 74th St","zip":"60636","communityArea":"West Englewood","reportUrl":"https://www.cookcountyassessoril.gov/pin/20302240170000"}},{"type":"Feature","geometry":{"type":"Point","coordinates":[-87.67245,41.75848]},"properties":{"name":"Class 6b Industrial - 1911 W 74th St","incentiveClass":"Class 6b Industrial","classCode":"663B","pin":"20302240180000","address":"1911 W 74th St","zip":"60636","communityArea":"West Englewood","reportUrl":"https://www.cookcountyassessoril.gov/pin/20302240180000"}},{"type":"Feature","geometry":{"type":"Point","coordinates":[-87.68074,41.75217]},"properties":{"name":"Class 6b Industrial - 2310 W 78th St","incentiveClass":"Class 6b Industrial","classCode":"663","pin":"20303080040000","address":"2310 W 78th St","zip":"60620","communityArea":"Ashburn","reportUrl":"https://www.cookcountyassessoril.gov/pin/20303080040000"}},{"type":"Feature","geometry":{"type":"Point","coordinates":[-87.68098,41.75244]},"properties":{"name":"Class 6b Industrial - 7739 S Claremont Ave","incentiveClass":"Class 6b Industrial","classCode":"663","pin":"20303080090000","address":"7739 S Claremont Ave","zip":"60620","communityArea":"Ashburn","reportUrl":"https://www.cookcountyassessoril.gov/pin/20303080090000"}},{"type":"Feature","geometry":{"type":"Point","coordinates":[-87.68099,41.75278]},"properties":{"name":"Class 6b Industrial - 7735 S Claremont Ave","incentiveClass":"Class 6b Industrial","classCode":"663","pin":"20303080110000","address":"7735 S Claremont Ave","zip":"60620","communityArea":"Ashburn","reportUrl":"https://www.cookcountyassessoril.gov/pin/20303080110000"}},{"type":"Feature","geometry":{"type":"Point","coordinates":[-87.66683,41.75416]},"properties":{"name":"Class 9 Multifamily - 7655 S Hermitage Ave","incentiveClass":"Class 9 Multifamily","classCode":"915","pin":"20304170180000","address":"7655 S Hermitage Ave","zip":"60620","communityArea":"Auburn Gresham","reportUrl":"https://www.cookcountyassessoril.gov/pin/20304170180000"}},{"type":"Feature","geometry":{"type":"Point","coordinates":[-87.64119,41.74872]},"properties":{"name":"Class 9 Multifamily - 8001 S Union Ave","incentiveClass":"Class 9 Multifamily","classCode":"914","pin":"20331100010000","address":"8001 S Union Ave","zip":"60620","communityArea":"Auburn Gresham","reportUrl":"https://www.cookcountyassessoril.gov/pin/20331100010000"}},{"type":"Feature","geometry":{"type":"Point","coordinates":[-87.62619,41.73978]},"properties":{"name":"Class 7b Commercial - 57 W 85th St","incentiveClass":"Class 7b Commercial","classCode":"767","pin":"20334110260000","address":"57 W 85th St","zip":"60620","communityArea":"Chatham","reportUrl":"https://www.cookcountyassessoril.gov/pin/20334110260000"}},{"type":"Feature","geometry":{"type":"Point","coordinates":[-87.62667,41.73938]},"properties":{"name":"Class 7b Commercial - 57 W 95th St","incentiveClass":"Class 7b Commercial","classCode":"767","pin":"20334110410000","address":"57 W 95th St","zip":"60628","communityArea":"Chatham","reportUrl":"https://www.cookcountyassessoril.gov/pin/20334110410000"}},{"type":"Feature","geometry":{"type":"Point","coordinates":[-87.60971,41.75056]},"properties":{"name":"Class 9 Multifamily - 7917 S Saint Lawrence Ave","incentiveClass":"Class 9 Multifamily","classCode":"915","pin":"20342040100000","address":"7917 S Saint Lawrence Ave","zip":"60619","communityArea":"Chatham","reportUrl":"https://www.cookcountyassessoril.gov/pin/20342040100000"}},{"type":"Feature","geometry":{"type":"Point","coordinates":[-87.60677,41.73888]},"properties":{"name":"Class 7a Commercial - 8560 S Cottage Grove Ave","incentiveClass":"Class 7a Commercial","classCode":"717","pin":"20344130610000","address":"8560 S Cottage Grove Ave","zip":"60619","communityArea":"Chatham","reportUrl":"https://www.cookcountyassessoril.gov/pin/20344130610000"}},{"type":"Feature","geometry":{"type":"Point","coordinates":[-87.60064,41.74968]},"properties":{"name":"Class 9 Multifamily - 7956 S Ellis Ave","incentiveClass":"Class 9 Multifamily","classCode":"915","pin":"20351030350000","address":"7956 S Ellis Ave","zip":"60619","communityArea":"Chatham","reportUrl":"https://www.cookcountyassessoril.gov/pin/20351030350000"}},{"type":"Feature","geometry":{"type":"Point","coordinates":[-87.56037,41.76447]},"properties":{"name":"Class 9 Multifamily - 7263 S South Shore Dr","incentiveClass":"Class 9 Multifamily","classCode":"915","pin":"21301080250000","address":"7263 S South Shore Dr","zip":"60649","communityArea":"South Shore","reportUrl":"https://www.cookcountyassessoril.gov/pin/21301080250000"}},{"type":"Feature","geometry":{"type":"Point","coordinates":[-87.56054,41.76465]},"properties":{"name":"Class 9 Multifamily - 7259 S South Shore Dr","incentiveClass":"Class 9 Multifamily","classCode":"990","pin":"21301080360000","address":"7259 S South Shore Dr","zip":"60649","communityArea":"South Shore","reportUrl":"https://www.cookcountyassessoril.gov/pin/21301080360000"}},{"type":"Feature","geometry":{"type":"Point","coordinates":[-87.55737,41.76016]},"properties":{"name":"Class 9 Multifamily - 7500 S South Shore Dr","incentiveClass":"Class 9 Multifamily","classCode":"991","pin":"21302010260000","address":"7500 S South Shore Dr","zip":"60649","communityArea":"South Shore","reportUrl":"https://www.cookcountyassessoril.gov/pin/21302010260000"}},{"type":"Feature","geometry":{"type":"Point","coordinates":[-87.5571,41.7599]},"properties":{"name":"Class 9 Multifamily - 7512 S South Shore Dr","incentiveClass":"Class 9 Multifamily","classCode":"991","pin":"21302010270000","address":"7512 S South Shore Dr","zip":"60649","communityArea":"South Shore","reportUrl":"https://www.cookcountyassessoril.gov/pin/21302010270000"}},{"type":"Feature","geometry":{"type":"Point","coordinates":[-87.55398,41.75706]},"properties":{"name":"Class 9 Multifamily - 2890 E 77th St","incentiveClass":"Class 9 Multifamily","classCode":"914","pin":"21304040400000","address":"2890 E 77th St","zip":"60649","communityArea":"South Shore","reportUrl":"https://www.cookcountyassessoril.gov/pin/21304040400000"}},{"type":"Feature","geometry":{"type":"Point","coordinates":[-87.58375,41.7244]},"properties":{"name":"Class 9 Multifamily - 9401 S Stoney Island Ave","incentiveClass":"Class 9 Multifamily","classCode":"997","pin":"25013240390000","address":"9401 S Stoney Island Ave","zip":"60617","communityArea":"Calumet Heights","reportUrl":"https://www.cookcountyassessoril.gov/pin/25013240390000"}},{"type":"Feature","geometry":{"type":"Point","coordinates":[-87.64748,41.72612]},"properties":{"name":"Class 6b Industrial - 9206 S Sangamon St","incentiveClass":"Class 6b Industrial","classCode":"663","pin":"25054040060000","address":"9206 S Sangamon St","zip":"60620","communityArea":"Washington Heights","reportUrl":"https://www.cookcountyassessoril.gov/pin/25054040060000"}},{"type":"Feature","geometry":{"type":"Point","coordinates":[-87.64745,41.72526]},"properties":{"name":"Class 6b Industrial - 9202 S Sangamon St","incentiveClass":"Class 6b Industrial","classCode":"663","pin":"25054040070000","address":"9202 S Sangamon St","zip":"60620","communityArea":"Washington Heights","reportUrl":"https://www.cookcountyassessoril.gov/pin/25054040070000"}},{"type":"Feature","geometry":{"type":"Point","coordinates":[-87.64675,41.72776]},"properties":{"name":"Class 6b Industrial - 900 W 91st St","incentiveClass":"Class 6b Industrial","classCode":"670","pin":"25054040080000","address":"900 W 91st St","zip":"","communityArea":"Washington Heights","reportUrl":"https://www.cookcountyassessoril.gov/pin/25054040080000"}},{"type":"Feature","geometry":{"type":"Point","coordinates":[-87.64809,41.72583]},"properties":{"name":"Class 6b Industrial - 9200 S Sangamon St","incentiveClass":"Class 6b Industrial","classCode":"670","pin":"25054040090000","address":"9200 S Sangamon St","zip":"60620","communityArea":"Washington Heights","reportUrl":"https://www.cookcountyassessoril.gov/pin/25054040090000"}},{"type":"Feature","geometry":{"type":"Point","coordinates":[-87.64527,41.7287]},"properties":{"name":"Class 6b Industrial - 9100 S Green St","incentiveClass":"Class 6b Industrial","classCode":"670","pin":"25054040100000","address":"9100 S Green St","zip":"60620","communityArea":"Washington Heights","reportUrl":"https://www.cookcountyassessoril.gov/pin/25054040100000"}},{"type":"Feature","geometry":{"type":"Point","coordinates":[-87.64786,41.72329]},"properties":{"name":"Class 6b Industrial - 954 W 94th St","incentiveClass":"Class 6b Industrial","classCode":"670","pin":"25054160040000","address":"954 W 94th St","zip":"60620","communityArea":"Washington Heights","reportUrl":"https://www.cookcountyassessoril.gov/pin/25054160040000"}},{"type":"Feature","geometry":{"type":"Point","coordinates":[-87.6482,41.72328]},"properties":{"name":"Class 6b Industrial - 1000 W 94th St","incentiveClass":"Class 6b Industrial","classCode":"663","pin":"25054160110000","address":"1000 W 94th St","zip":"60620","communityArea":"Washington Heights","reportUrl":"https://www.cookcountyassessoril.gov/pin/25054160110000"}},{"type":"Feature","geometry":{"type":"Point","coordinates":[-87.64743,41.72428]},"properties":{"name":"Class 6b Industrial - 9320 S Sangamon St","incentiveClass":"Class 6b Industrial","classCode":"663","pin":"25054160120000","address":"9320 S Sangamon St","zip":"60620","communityArea":"Washington Heights","reportUrl":"https://www.cookcountyassessoril.gov/pin/25054160120000"}},{"type":"Feature","geometry":{"type":"Point","coordinates":[-87.64809,41.72383]},"properties":{"name":"Class 6b Industrial - 954 W 94th St","incentiveClass":"Class 6b Industrial","classCode":"663","pin":"25054160150000","address":"954 W 94th St","zip":"60620","communityArea":"Washington Heights","reportUrl":"https://www.cookcountyassessoril.gov/pin/25054160150000"}},{"type":"Feature","geometry":{"type":"Point","coordinates":[-87.6481,41.72422]},"properties":{"name":"Class 6b Industrial - 9316 S Sangamon St","incentiveClass":"Class 6b Industrial","classCode":"663","pin":"25054160160000","address":"9316 S Sangamon St","zip":"60620","communityArea":"Washington Heights","reportUrl":"https://www.cookcountyassessoril.gov/pin/25054160160000"}},{"type":"Feature","geometry":{"type":"Point","coordinates":[-87.6481,41.72455]},"properties":{"name":"Class 6b Industrial - 9310 S Sangamon St","incentiveClass":"Class 6b Industrial","classCode":"663","pin":"25054160180000","address":"9310 S Sangamon St","zip":"60620","communityArea":"Washington Heights","reportUrl":"https://www.cookcountyassessoril.gov/pin/25054160180000"}},{"type":"Feature","geometry":{"type":"Point","coordinates":[-87.64873,41.72409]},"properties":{"name":"Class 6b Industrial - 9400 S Genoa Ave","incentiveClass":"Class 6b Industrial","classCode":"670","pin":"25054160210000","address":"9400 S Genoa Ave","zip":"","communityArea":"Washington Heights","reportUrl":"https://www.cookcountyassessoril.gov/pin/25054160210000"}},{"type":"Feature","geometry":{"type":"Point","coordinates":[-87.60011,41.71436]},"properties":{"name":"Class 6b Industrial - 1001 E 99th St","incentiveClass":"Class 6b Industrial","classCode":"663B","pin":"25113000270000","address":"1001 E 99th St","zip":"60628","communityArea":"Pullman","reportUrl":"https://www.cookcountyassessoril.gov/pin/25113000270000"}},{"type":"Feature","geometry":{"type":"Point","coordinates":[-87.59792,41.7144]},"properties":{"name":"Class 6b Industrial - 1015 E 99th St","incentiveClass":"Class 6b Industrial","classCode":"670B","pin":"25113000390000","address":"1015 E 99th St","zip":"60628","communityArea":"Pullman","reportUrl":"https://www.cookcountyassessoril.gov/pin/25113000390000"}},{"type":"Feature","geometry":{"type":"Point","coordinates":[-87.59865,41.7144]},"properties":{"name":"Class 6b Industrial - 1017 E 99th St","incentiveClass":"Class 6b Industrial","classCode":"670B","pin":"25113000400000","address":"1017 E 99th St","zip":"60628","communityArea":"Pullman","reportUrl":"https://www.cookcountyassessoril.gov/pin/25113000400000"}},{"type":"Feature","geometry":{"type":"Point","coordinates":[-87.5805,41.72116]},"properties":{"name":"Class 9 Multifamily - 9510 S Constance Ave","incentiveClass":"Class 9 Multifamily","classCode":"914","pin":"25121000390000","address":"9510 S Constance Ave","zip":"60617","communityArea":"South Deering","reportUrl":"https://www.cookcountyassessoril.gov/pin/25121000390000"}},{"type":"Feature","geometry":{"type":"Point","coordinates":[-87.59757,41.70714]},"properties":{"name":"Class 6b Industrial - 1031 E 103rd St","incentiveClass":"Class 6b Industrial","classCode":"663","pin":"25141000050000","address":"1031 E 103rd St","zip":"60628","communityArea":"Pullman","reportUrl":"https://www.cookcountyassessoril.gov/pin/25141000050000"}},{"type":"Feature","geometry":{"type":"Point","coordinates":[-87.59906,41.70698]},"properties":{"name":"Class 6b Industrial - 1001 E 103rd St","incentiveClass":"Class 6b Industrial","classCode":"663","pin":"25141000100000","address":"1001 E 103rd St","zip":"60628","communityArea":"Pullman","reportUrl":"https://www.cookcountyassessoril.gov/pin/25141000100000"}},{"type":"Feature","geometry":{"type":"Point","coordinates":[-87.59853,41.70687]},"properties":{"name":"Class 6b Industrial - 1011 E 103rd St","incentiveClass":"Class 6b Industrial","classCode":"663","pin":"25141000160000","address":"1011 E 103rd St","zip":"60628","communityArea":"Pullman","reportUrl":"https://www.cookcountyassessoril.gov/pin/25141000160000"}},{"type":"Feature","geometry":{"type":"Point","coordinates":[-87.59811,41.70678]},"properties":{"name":"Class 6b Industrial - 1031 E 103rd St","incentiveClass":"Class 6b Industrial","classCode":"663","pin":"25141000360000","address":"1031 E 103rd St","zip":"60628","communityArea":"Pullman","reportUrl":"https://www.cookcountyassessoril.gov/pin/25141000360000"}},{"type":"Feature","geometry":{"type":"Point","coordinates":[-87.5978,41.70649]},"properties":{"name":"Class 6b Industrial - 1031 E 103rd St","incentiveClass":"Class 6b Industrial","classCode":"663","pin":"25141000370000","address":"1031 E 103rd St","zip":"60628","communityArea":"Pullman","reportUrl":"https://www.cookcountyassessoril.gov/pin/25141000370000"}},{"type":"Feature","geometry":{"type":"Point","coordinates":[-87.59831,41.70154]},"properties":{"name":"Class 6b Industrial - 10646 S Woodlawn Ave","incentiveClass":"Class 6b Industrial","classCode":"663","pin":"25141000560000","address":"10646 S Woodlawn Ave","zip":"","communityArea":"Pullman","reportUrl":"https://www.cookcountyassessoril.gov/pin/25141000560000"}},{"type":"Feature","geometry":{"type":"Point","coordinates":[-87.60406,41.70074]},"properties":{"name":"Class 6b Industrial - 700 E 107th St","incentiveClass":"Class 6b Industrial","classCode":"663","pin":"25152290040000","address":"700 E 107th St","zip":"60628","communityArea":"Pullman","reportUrl":"https://www.cookcountyassessoril.gov/pin/25152290040000"}},{"type":"Feature","geometry":{"type":"Point","coordinates":[-87.60502,41.69842]},"properties":{"name":"Class 6b Industrial - 10701 S Langley Ave","incentiveClass":"Class 6b Industrial","classCode":"663","pin":"25154060470000","address":"10701 S Langley Ave","zip":"60628","communityArea":"Pullman","reportUrl":"https://www.cookcountyassessoril.gov/pin/25154060470000"}},{"type":"Feature","geometry":{"type":"Point","coordinates":[-87.62628,41.69282]},"properties":{"name":"Class 7a Commercial - 108 W 111th St","incentiveClass":"Class 7a Commercial","classCode":"792","pin":"25164290260000","address":"108 W 111th St","zip":"60628","communityArea":"Roseland","reportUrl":"https://www.cookcountyassessoril.gov/pin/25164290260000"}},{"type":"Feature","geometry":{"type":"Point","coordinates":[-87.62616,41.69282]},"properties":{"name":"Class 7a Commercial - 104 W 111th St","incentiveClass":"Class 7a Commercial","classCode":"792","pin":"25164290270000","address":"104 W 111th St","zip":"60628","communityArea":"Roseland","reportUrl":"https://www.cookcountyassessoril.gov/pin/25164290270000"}},{"type":"Feature","geometry":{"type":"Point","coordinates":[-87.62603,41.69282]},"properties":{"name":"Class 7a Commercial - 100 W 111th St","incentiveClass":"Class 7a Commercial","classCode":"792","pin":"25164290280000","address":"100 W 111th St","zip":"60628","communityArea":"Roseland","reportUrl":"https://www.cookcountyassessoril.gov/pin/25164290280000"}},{"type":"Feature","geometry":{"type":"Point","coordinates":[-87.62682,41.69281]},"properties":{"name":"Class 7a Commercial - 120 W 111th St","incentiveClass":"Class 7a Commercial","classCode":"792","pin":"25164290350000","address":"120 W 111th St","zip":"60628","communityArea":"Roseland","reportUrl":"https://www.cookcountyassessoril.gov/pin/25164290350000"}},{"type":"Feature","geometry":{"type":"Point","coordinates":[-87.68087,41.69721]},"properties":{"name":"Class 7a Commercial - 10801 S Western Ave","incentiveClass":"Class 7a Commercial","classCode":"792","pin":"25183040560000","address":"10801 S Western Ave","zip":"60643","communityArea":"Morgan Park","reportUrl":"https://www.cookcountyassessoril.gov/pin/25183040560000"}},{"type":"Feature","geometry":{"type":"Point","coordinates":[-87.64307,41.67898]},"properties":{"name":"Class 9 Multifamily - 825 W 118th St","incentiveClass":"Class 9 Multifamily","classCode":"991","pin":"25204220450000","address":"825 W 118th St","zip":"60643","communityArea":"West Pullman","reportUrl":"https://www.cookcountyassessoril.gov/pin/25204220450000"}},{"type":"Feature","geometry":{"type":"Point","coordinates":[-87.62203,41.68962]},"properties":{"name":"Class 9 Multifamily - 23 E 112th Pl","incentiveClass":"Class 9 Multifamily","classCode":"990","pin":"25221060090000","address":"23 E 112th Pl","zip":"60628","communityArea":"Roseland","reportUrl":"https://www.cookcountyassessoril.gov/pin/25221060090000"}},{"type":"Feature","geometry":{"type":"Point","coordinates":[-87.60146,41.69087]},"properties":{"name":"Class 6b Industrial - 875 E 112th St","incentiveClass":"Class 6b Industrial","classCode":"663B","pin":"25231020090000","address":"875 E 112th St","zip":"60628","communityArea":"Pullman","reportUrl":"https://www.cookcountyassessoril.gov/pin/25231020090000"}},{"type":"Feature","geometry":{"type":"Point","coordinates":[-87.61733,41.67414]},"properties":{"name":"Class 9 Multifamily - 12101 S Indiana Ave","incentiveClass":"Class 9 Multifamily","classCode":"914","pin":"25271210460000","address":"12101 S Indiana Ave","zip":"60628","communityArea":"West Pullman","reportUrl":"https://www.cookcountyassessoril.gov/pin/25271210460000"}},{"type":"Feature","geometry":{"type":"Point","coordinates":[-87.61732,41.67371]},"properties":{"name":"Class 9 Multifamily - 12117 S Indiana Ave","incentiveClass":"Class 9 Multifamily","classCode":"915","pin":"25271210520000","address":"12117 S Indiana Ave","zip":"60628","communityArea":"West Pullman","reportUrl":"https://www.cookcountyassessoril.gov/pin/25271210520000"}},{"type":"Feature","geometry":{"type":"Point","coordinates":[-87.61533,41.67415]},"properties":{"name":"Class 9 Multifamily - 12112 S Front Ave","incentiveClass":"Class 9 Multifamily","classCode":"914","pin":"25271210530000","address":"12112 S Front Ave","zip":"60628","communityArea":"West Pullman","reportUrl":"https://www.cookcountyassessoril.gov/pin/25271210530000"}},{"type":"Feature","geometry":{"type":"Point","coordinates":[-87.61542,41.67378]},"properties":{"name":"Class 9 Multifamily - 240 E 121st Pl","incentiveClass":"Class 9 Multifamily","classCode":"914","pin":"25271210540000","address":"240 E 121st Pl","zip":"60628","communityArea":"West Pullman","reportUrl":"https://www.cookcountyassessoril.gov/pin/25271210540000"}},{"type":"Feature","geometry":{"type":"Point","coordinates":[-87.61589,41.67383]},"properties":{"name":"Class 9 Multifamily - 244 E 121st Pl","incentiveClass":"Class 9 Multifamily","classCode":"914","pin":"25271210550000","address":"244 E 121st Pl","zip":"60628","communityArea":"West Pullman","reportUrl":"https://www.cookcountyassessoril.gov/pin/25271210550000"}},{"type":"Feature","geometry":{"type":"Point","coordinates":[-87.61624,41.67382]},"properties":{"name":"Class 9 Multifamily - 236 E 121st Pl","incentiveClass":"Class 9 Multifamily","classCode":"914","pin":"25271210560000","address":"236 E 121st Pl","zip":"60628","communityArea":"West Pullman","reportUrl":"https://www.cookcountyassessoril.gov/pin/25271210560000"}},{"type":"Feature","geometry":{"type":"Point","coordinates":[-87.61656,41.67382]},"properties":{"name":"Class 9 Multifamily - 226 E 121st Pl","incentiveClass":"Class 9 Multifamily","classCode":"914","pin":"25271210570000","address":"226 E 121st Pl","zip":"60628","communityArea":"West Pullman","reportUrl":"https://www.cookcountyassessoril.gov/pin/25271210570000"}},{"type":"Feature","geometry":{"type":"Point","coordinates":[-87.61687,41.67381]},"properties":{"name":"Class 9 Multifamily - 216 E 121st Pl","incentiveClass":"Class 9 Multifamily","classCode":"914","pin":"25271210580000","address":"216 E 121st Pl","zip":"60628","communityArea":"West Pullman","reportUrl":"https://www.cookcountyassessoril.gov/pin/25271210580000"}},{"type":"Feature","geometry":{"type":"Point","coordinates":[-87.61669,41.67416]},"properties":{"name":"Class 9 Multifamily - 223 E 121st St","incentiveClass":"Class 9 Multifamily","classCode":"915","pin":"25271210590000","address":"223 E 121st St","zip":"60628","communityArea":"West Pullman","reportUrl":"https://www.cookcountyassessoril.gov/pin/25271210590000"}},{"type":"Feature","geometry":{"type":"Point","coordinates":[-87.61599,41.67422]},"properties":{"name":"Class 9 Multifamily - 239 E 121st St","incentiveClass":"Class 9 Multifamily","classCode":"914","pin":"25271210600000","address":"239 E 121st St","zip":"60628","communityArea":"West Pullman","reportUrl":"https://www.cookcountyassessoril.gov/pin/25271210600000"}},{"type":"Feature","geometry":{"type":"Point","coordinates":[-87.64142,41.67443]},"properties":{"name":"Class 9 Multifamily - 12035 S Halsted St","incentiveClass":"Class 9 Multifamily","classCode":"990","pin":"25281080430000","address":"12035 S Halsted St","zip":"60628","communityArea":"West Pullman","reportUrl":"https://www.cookcountyassessoril.gov/pin/25281080430000"}},{"type":"Feature","geometry":{"type":"Point","coordinates":[-87.64044,41.67469]},"properties":{"name":"Class 9 Multifamily - 12045 S Emerald Ave","incentiveClass":"Class 9 Multifamily","classCode":"991","pin":"25281090100000","address":"12045 S Emerald Ave","zip":"60628","communityArea":"West Pullman","reportUrl":"https://www.cookcountyassessoril.gov/pin/25281090100000"}},{"type":"Feature","geometry":{"type":"Point","coordinates":[-87.63306,41.67559]},"properties":{"name":"Class 9 Multifamily - 12015 S Eggleston Ave","incentiveClass":"Class 9 Multifamily","classCode":"915","pin":"25281150040000","address":"12015 S Eggleston Ave","zip":"60628","communityArea":"West Pullman","reportUrl":"https://www.cookcountyassessoril.gov/pin/25281150040000"}},{"type":"Feature","geometry":{"type":"Point","coordinates":[-87.65394,41.67676]},"properties":{"name":"Class 6b Industrial - 1321 W 119th St","incentiveClass":"Class 6b Industrial","classCode":"663","pin":"25291010260000","address":"1321 W 119th St","zip":"60643","communityArea":"West Pullman","reportUrl":"https://www.cookcountyassessoril.gov/pin/25291010260000"}},{"type":"Feature","geometry":{"type":"Point","coordinates":[-87.54471,41.72794]},"properties":{"name":"Class 9 Multifamily - 3251 E 92nd St","incentiveClass":"Class 9 Multifamily","classCode":"991","pin":"26051150380000","address":"3251 E 92nd St","zip":"60617","communityArea":"South Chicago","reportUrl":"https://www.cookcountyassessoril.gov/pin/26051150380000"}},{"type":"Feature","geometry":{"type":"Point","coordinates":[-87.54508,41.72722]},"properties":{"name":"Class 9 Multifamily - 9233 S Burley Ave","incentiveClass":"Class 9 Multifamily","classCode":"991","pin":"26051150390000","address":"9233 S Burley Ave","zip":"60617","communityArea":"South Chicago","reportUrl":"https://www.cookcountyassessoril.gov/pin/26051150390000"}},{"type":"Feature","geometry":{"type":"Point","coordinates":[-87.54083,41.7292]},"properties":{"name":"Class 6b Industrial - 9145 S Harbor Ave","incentiveClass":"Class 6b Industrial","classCode":"663","pin":"26051170020000","address":"9145 S Harbor Ave","zip":"60617","communityArea":"South Chicago","reportUrl":"https://www.cookcountyassessoril.gov/pin/26051170020000"}},{"type":"Feature","geometry":{"type":"Point","coordinates":[-87.54151,41.72871]},"properties":{"name":"Class 6b Industrial - 9165 S Harbor Ave","incentiveClass":"Class 6b Industrial","classCode":"663","pin":"26051170180000","address":"9165 S Harbor Ave","zip":"60617","communityArea":"South Chicago","reportUrl":"https://www.cookcountyassessoril.gov/pin/26051170180000"}},{"type":"Feature","geometry":{"type":"Point","coordinates":[-87.54036,41.72934]},"properties":{"name":"Class 6b Industrial - 9105 S Harbor Ave","incentiveClass":"Class 6b Industrial","classCode":"663","pin":"26051170240000","address":"9105 S Harbor Ave","zip":"60617","communityArea":"South Chicago","reportUrl":"https://www.cookcountyassessoril.gov/pin/26051170240000"}},{"type":"Feature","geometry":{"type":"Point","coordinates":[-87.55217,41.70514]},"properties":{"name":"Class 6b Industrial - 10459 S Muskegon Ave","incentiveClass":"Class 6b Industrial","classCode":"663","pin":"26073140080000","address":"10459 S Muskegon Ave","zip":"60617","communityArea":"South Deering","reportUrl":"https://www.cookcountyassessoril.gov/pin/26073140080000"}},{"type":"Feature","geometry":{"type":"Point","coordinates":[-87.55284,41.70444]},"properties":{"name":"Class 6b Industrial - 2900 E 106th St","incentiveClass":"Class 6b Industrial","classCode":"663","pin":"26073140100000","address":"2900 E 106th St","zip":"60617","communityArea":"South Deering","reportUrl":"https://www.cookcountyassessoril.gov/pin/26073140100000"}},{"type":"Feature","geometry":{"type":"Point","coordinates":[-87.55406,41.70501]},"properties":{"name":"Class 6b Industrial - 10459 S Muskegon Ave","incentiveClass":"Class 6b Industrial","classCode":"663","pin":"26073140120000","address":"10459 S Muskegon Ave","zip":"60617","communityArea":"South Deering","reportUrl":"https://www.cookcountyassessoril.gov/pin/26073140120000"}},{"type":"Feature","geometry":{"type":"Point","coordinates":[-87.5521,41.70412]},"properties":{"name":"Class 6b Industrial - 10511 S Muskegon Ave","incentiveClass":"Class 6b Industrial","classCode":"663","pin":"26073140150000","address":"10511 S Muskegon Ave","zip":"","communityArea":"South Deering","reportUrl":"https://www.cookcountyassessoril.gov/pin/26073140150000"}},{"type":"Feature","geometry":{"type":"Point","coordinates":[-87.52774,41.70381]},"properties":{"name":"Class 7b Commercial - 3940 E 106th St","incentiveClass":"Class 7b Commercial","classCode":"767","pin":"26084070490000","address":"3940 E 106th St","zip":"60617","communityArea":"East Side","reportUrl":"https://www.cookcountyassessoril.gov/pin/26084070490000"}},{"type":"Feature","geometry":{"type":"Point","coordinates":[-87.52796,41.70308]},"properties":{"name":"Class 7a Commercial - 3930 E 106th St","incentiveClass":"Class 7a Commercial","classCode":"717","pin":"26084070510000","address":"3930 E 106th St","zip":"60617","communityArea":"East Side","reportUrl":"https://www.cookcountyassessoril.gov/pin/26084070510000"}},{"type":"Feature","geometry":{"type":"Point","coordinates":[-87.55062,41.68164]},"properties":{"name":"Class 6b Industrial - 2700 E 118th St","incentiveClass":"Class 6b Industrial","classCode":"663A","pin":"26191020160000","address":"2700 E 118th St","zip":"","communityArea":"South Deering","reportUrl":"https://www.cookcountyassessoril.gov/pin/26191020160000"}},{"type":"Feature","geometry":{"type":"Point","coordinates":[-87.54627,41.68394]},"properties":{"name":"Class 6b Industrial - 3200 E 116th St","incentiveClass":"Class 6b Industrial","classCode":"663A","pin":"26192000140000","address":"3200 E 116th St","zip":"","communityArea":"South Deering","reportUrl":"https://www.cookcountyassessoril.gov/pin/26192000140000"}},{"type":"Feature","geometry":{"type":"Point","coordinates":[-87.542,41.68432]},"properties":{"name":"Class 6b Industrial - 3200 E 116th St","incentiveClass":"Class 6b Industrial","classCode":"663","pin":"26192000280000","address":"3200 E 116th St","zip":"","communityArea":"East Side","reportUrl":"https://www.cookcountyassessoril.gov/pin/26192000280000"}},{"type":"Feature","geometry":{"type":"Point","coordinates":[-87.54467,41.68465]},"properties":{"name":"Class 6b Industrial - 3200 E 116th St","incentiveClass":"Class 6b Industrial","classCode":"670","pin":"26192000320000","address":"3200 E 116th St","zip":"60617","communityArea":"East Side","reportUrl":"https://www.cookcountyassessoril.gov/pin/26192000320000"}},{"type":"Feature","geometry":{"type":"Point","coordinates":[-87.54135,41.68411]},"properties":{"name":"Class 6b Industrial - 11600 S Avenue O","incentiveClass":"Class 6b Industrial","classCode":"663","pin":"26192000390000","address":"11600 S Avenue O","zip":"60617","communityArea":"East Side","reportUrl":"https://www.cookcountyassessoril.gov/pin/26192000390000"}},{"type":"Feature","geometry":{"type":"Point","coordinates":[-87.54406,41.68416]},"properties":{"name":"Class 6b Industrial - 3313 E 117th St","incentiveClass":"Class 6b Industrial","classCode":"670","pin":"26192000410000","address":"3313 E 117th St","zip":"60617","communityArea":"East Side","reportUrl":"https://www.cookcountyassessoril.gov/pin/26192000410000"}},{"type":"Feature","geometry":{"type":"Point","coordinates":[-87.5454,41.68228]},"properties":{"name":"Class 6b Industrial - 3235 E 117th St","incentiveClass":"Class 6b Industrial","classCode":"670A","pin":"26192010080000","address":"3235 E 117th St","zip":"","communityArea":"South Deering","reportUrl":"https://www.cookcountyassessoril.gov/pin/26192010080000"}},{"type":"Feature","geometry":{"type":"Point","coordinates":[-87.54535,41.68405]},"properties":{"name":"Class 6b Industrial - 3234 E 117th St","incentiveClass":"Class 6b Industrial","classCode":"670A","pin":"26192010110000","address":"3234 E 117th St","zip":"","communityArea":"South Deering","reportUrl":"https://www.cookcountyassessoril.gov/pin/26192010110000"}},{"type":"Feature","geometry":{"type":"Point","coordinates":[-87.54755,41.68217]},"properties":{"name":"Class 6b Industrial - 3026 E 117th St","incentiveClass":"Class 6b Industrial","classCode":"663A","pin":"26192010140000","address":"3026 E 117th St","zip":"","communityArea":"South Deering","reportUrl":"https://www.cookcountyassessoril.gov/pin/26192010140000"}},{"type":"Feature","geometry":{"type":"Point","coordinates":[-87.54472,41.68125]},"properties":{"name":"Class 6b Industrial - 11751 S Burley Ave","incentiveClass":"Class 6b Industrial","classCode":"670","pin":"26192060180000","address":"11751 S Burley Ave","zip":"60617","communityArea":"Hegewisch","reportUrl":"https://www.cookcountyassessoril.gov/pin/26192060180000"}},{"type":"Feature","geometry":{"type":"Point","coordinates":[-87.5447,41.68118]},"properties":{"name":"Class 6b Industrial - 11753 S Burley Ave","incentiveClass":"Class 6b Industrial","classCode":"670","pin":"26192060190000","address":"11753 S Burley Ave","zip":"60617","communityArea":"Hegewisch","reportUrl":"https://www.cookcountyassessoril.gov/pin/26192060190000"}},{"type":"Feature","geometry":{"type":"Point","coordinates":[-87.54465,41.68111]},"properties":{"name":"Class 6b Industrial - 11755 S Burley Ave","incentiveClass":"Class 6b Industrial","classCode":"670","pin":"26192060200000","address":"11755 S Burley Ave","zip":"60617","communityArea":"Hegewisch","reportUrl":"https://www.cookcountyassessoril.gov/pin/26192060200000"}},{"type":"Feature","geometry":{"type":"Point","coordinates":[-87.54461,41.68105]},"properties":{"name":"Class 6b Industrial - 11757 S Burley Ave","incentiveClass":"Class 6b Industrial","classCode":"670","pin":"26192060210000","address":"11757 S Burley Ave","zip":"60617","communityArea":"Hegewisch","reportUrl":"https://www.cookcountyassessoril.gov/pin/26192060210000"}},{"type":"Feature","geometry":{"type":"Point","coordinates":[-87.54472,41.68207]},"properties":{"name":"Class 6b Industrial - 11721 S Burley Ave","incentiveClass":"Class 6b Industrial","classCode":"670","pin":"26192060420000","address":"11721 S Burley Ave","zip":"60617","communityArea":"Hegewisch","reportUrl":"https://www.cookcountyassessoril.gov/pin/26192060420000"}},{"type":"Feature","geometry":{"type":"Point","coordinates":[-87.54472,41.68182]},"properties":{"name":"Class 6b Industrial - 11729 S Burley Ave","incentiveClass":"Class 6b Industrial","classCode":"670","pin":"26192060430000","address":"11729 S Burley Ave","zip":"60617","communityArea":"Hegewisch","reportUrl":"https://www.cookcountyassessoril.gov/pin/26192060430000"}},{"type":"Feature","geometry":{"type":"Point","coordinates":[-87.54427,41.6819]},"properties":{"name":"Class 6b Industrial - 11726 S Buffalo Ave","incentiveClass":"Class 6b Industrial","classCode":"663","pin":"26192060440000","address":"11726 S Buffalo Ave","zip":"0","communityArea":"Hegewisch","reportUrl":"https://www.cookcountyassessoril.gov/pin/26192060440000"}},{"type":"Feature","geometry":{"type":"Point","coordinates":[-87.54427,41.68153]},"properties":{"name":"Class 6b Industrial - 11734 S Buffalo Ave","incentiveClass":"Class 6b Industrial","classCode":"663","pin":"26192060450000","address":"11734 S Buffalo Ave","zip":"0","communityArea":"Hegewisch","reportUrl":"https://www.cookcountyassessoril.gov/pin/26192060450000"}},{"type":"Feature","geometry":{"type":"Point","coordinates":[-87.54427,41.68119]},"properties":{"name":"Class 6b Industrial - 11756 S Buffalo Ave","incentiveClass":"Class 6b Industrial","classCode":"663","pin":"26192060460000","address":"11756 S Buffalo Ave","zip":"60617","communityArea":"Hegewisch","reportUrl":"https://www.cookcountyassessoril.gov/pin/26192060460000"}},{"type":"Feature","geometry":{"type":"Point","coordinates":[-87.54428,41.68225]},"properties":{"name":"Class 6b Industrial - 11712 S Buffalo Ave","incentiveClass":"Class 6b Industrial","classCode":"670","pin":"26192060470000","address":"11712 S Buffalo Ave","zip":"0","communityArea":"Hegewisch","reportUrl":"https://www.cookcountyassessoril.gov/pin/26192060470000"}},{"type":"Feature","geometry":{"type":"Point","coordinates":[-87.54472,41.68145]},"properties":{"name":"Class 6b Industrial - 11739 S Burley Ave","incentiveClass":"Class 6b Industrial","classCode":"670","pin":"26192060480000","address":"11739 S Burley Ave","zip":"60617","communityArea":"Hegewisch","reportUrl":"https://www.cookcountyassessoril.gov/pin/26192060480000"}},{"type":"Feature","geometry":{"type":"Point","coordinates":[-87.54472,41.68237]},"properties":{"name":"Class 6b Industrial - 11707 S Burley Ave","incentiveClass":"Class 6b Industrial","classCode":"670","pin":"26192060490000","address":"11707 S Burley Ave","zip":"60617","communityArea":"Hegewisch","reportUrl":"https://www.cookcountyassessoril.gov/pin/26192060490000"}},{"type":"Feature","geometry":{"type":"Point","coordinates":[-87.54369,41.68184]},"properties":{"name":"Class 6b Industrial - 11701 S Buffalo Ave","incentiveClass":"Class 6b Industrial","classCode":"663","pin":"26192070010000","address":"11701 S Buffalo Ave","zip":"0","communityArea":"Hegewisch","reportUrl":"https://www.cookcountyassessoril.gov/pin/26192070010000"}},{"type":"Feature","geometry":{"type":"Point","coordinates":[-87.54243,41.68186]},"properties":{"name":"Class 6b Industrial - 11701 S Buffalo Ave","incentiveClass":"Class 6b Industrial","classCode":"663","pin":"26192070020000","address":"11701 S Buffalo Ave","zip":"","communityArea":"Hegewisch","reportUrl":"https://www.cookcountyassessoril.gov/pin/26192070020000"}},{"type":"Feature","geometry":{"type":"Point","coordinates":[-87.54083,41.68244]},"properties":{"name":"Class 6b Industrial - 11701 S Buffalo Ave","incentiveClass":"Class 6b Industrial","classCode":"670","pin":"26192070030000","address":"11701 S Buffalo Ave","zip":"","communityArea":"Hegewisch","reportUrl":"https://www.cookcountyassessoril.gov/pin/26192070030000"}},{"type":"Feature","geometry":{"type":"Point","coordinates":[-87.5409,41.68163]},"properties":{"name":"Class 6b Industrial - 3408 E 118th St","incentiveClass":"Class 6b Industrial","classCode":"663","pin":"26192070040000","address":"3408 E 118th St","zip":"60617","communityArea":"Hegewisch","reportUrl":"https://www.cookcountyassessoril.gov/pin/26192070040000"}},{"type":"Feature","geometry":{"type":"Point","coordinates":[-87.54866,41.67939]},"properties":{"name":"Class 6b Industrial - 3215 E 118th St","incentiveClass":"Class 6b Industrial","classCode":"663A","pin":"26193010080000","address":"3215 E 118th St","zip":"","communityArea":"South Deering","reportUrl":"https://www.cookcountyassessoril.gov/pin/26193010080000"}},{"type":"Feature","geometry":{"type":"Point","coordinates":[-87.54142,41.67854]},"properties":{"name":"Class 6b Industrial - 12004 S Avenue O","incentiveClass":"Class 6b Industrial","classCode":"663","pin":"26194000170000","address":"12004 S Avenue O","zip":"","communityArea":"Hegewisch","reportUrl":"https://www.cookcountyassessoril.gov/pin/26194000170000"}},{"type":"Feature","geometry":{"type":"Point","coordinates":[-87.54321,41.6777]},"properties":{"name":"Class 6b Industrial - 12004 Avenue O","incentiveClass":"Class 6b Industrial","classCode":"663","pin":"26194000190000","address":"12004 Avenue O","zip":"60633","communityArea":"Hegewisch","reportUrl":"https://www.cookcountyassessoril.gov/pin/26194000190000"}},{"type":"Feature","geometry":{"type":"Point","coordinates":[-87.54364,41.67547]},"properties":{"name":"Class 6b Industrial - 12004 Avenue O","incentiveClass":"Class 6b Industrial","classCode":"663","pin":"26194000200000","address":"12004 Avenue O","zip":"60633","communityArea":"Hegewisch","reportUrl":"https://www.cookcountyassessoril.gov/pin/26194000200000"}},{"type":"Feature","geometry":{"type":"Point","coordinates":[-87.54075,41.67566]},"properties":{"name":"Class 6b Industrial - 12004 Avenue O","incentiveClass":"Class 6b Industrial","classCode":"670","pin":"26194000210000","address":"12004 Avenue O","zip":"60633","communityArea":"Hegewisch","reportUrl":"https://www.cookcountyassessoril.gov/pin/26194000210000"}},{"type":"Feature","geometry":{"type":"Point","coordinates":[-87.55313,41.6696]},"properties":{"name":"Class 6b Industrial - 2924 E 126th St","incentiveClass":"Class 6b Industrial","classCode":"663","pin":"26301000510000","address":"2924 E 126th St","zip":"60633","communityArea":"South Deering","reportUrl":"https://www.cookcountyassessoril.gov/pin/26301000510000"}},{"type":"Feature","geometry":{"type":"Point","coordinates":[-87.54758,41.66857]},"properties":{"name":"Class 6b Industrial - 12625 S Carondolet Ave","incentiveClass":"Class 6b Industrial","classCode":"663","pin":"26302000140000","address":"12625 S Carondolet Ave","zip":"","communityArea":"South Deering","reportUrl":"https://www.cookcountyassessoril.gov/pin/26302000140000"}},{"type":"Feature","geometry":{"type":"Point","coordinates":[-87.54721,41.67297]},"properties":{"name":"Class 6b Industrial - 12144 Avenue O","incentiveClass":"Class 6b Industrial","classCode":"670","pin":"26302000160000","address":"12144 Avenue O","zip":"60633","communityArea":"South Deering","reportUrl":"https://www.cookcountyassessoril.gov/pin/26302000160000"}},{"type":"Feature","geometry":{"type":"Point","coordinates":[-87.54239,41.67288]},"properties":{"name":"Class 6b Industrial - 12144 Avenue O","incentiveClass":"Class 6b Industrial","classCode":"663","pin":"26302010130000","address":"12144 Avenue O","zip":"60633","communityArea":"Hegewisch","reportUrl":"https://www.cookcountyassessoril.gov/pin/26302010130000"}},{"type":"Feature","geometry":{"type":"Point","coordinates":[-87.54316,41.66892]},"properties":{"name":"Class 6b Industrial - 12519 S Burley Ave","incentiveClass":"Class 6b Industrial","classCode":"663","pin":"26302040010000","address":"12519 S Burley Ave","zip":"60633","communityArea":"Hegewisch","reportUrl":"https://www.cookcountyassessoril.gov/pin/26302040010000"}},{"type":"Feature","geometry":{"type":"Point","coordinates":[-87.541,41.669]},"properties":{"name":"Class 6b Industrial - 3400 E 126th St","incentiveClass":"Class 6b Industrial","classCode":"663","pin":"26302040020000","address":"3400 E 126th St","zip":"60633","communityArea":"Hegewisch","reportUrl":"https://www.cookcountyassessoril.gov/pin/26302040020000"}},{"type":"Feature","geometry":{"type":"Point","coordinates":[-87.54794,41.64598]},"properties":{"name":"Class 6b Industrial - 13535 S Torrence Ave","incentiveClass":"Class 6b Industrial","classCode":"663","pin":"26313030340000","address":"13535 S Torrence Ave","zip":"60633","communityArea":"Hegewisch","reportUrl":"https://www.cookcountyassessoril.gov/pin/26313030340000"}}]}