{"type":"FeatureCollection","features":[{"type":"Feature","geometry":{"type":"Polygon","coordinates":[[[-87.71479,41.84439],[-87.71479,41.84416],[-87.71478,41.84403],[-87.71478,41.84394],[-87.71475,41.84292],[-87.71475,41.84279],[-87.71475,41.84256],[-87.71474,41.84219],[-87.71473,41.84199],[-87.71471,41.84109],[-87.7147,41.84073],[-87.71469,41.84036],[-87.71466,41.83926],[-87.71465,41.83889],[-87.71464,41.83853],[-87.71461,41.83743],[-87.7146,41.83706],[-87.71435,41.83707],[-87.71429,41.83707],[-87.71399,41.83707],[-87.71368,41.83708],[-87.71362,41.83708],[-87.71338,41.83709],[-87.71313,41.83709],[-87.71307,41.83709],[-87.71277,41.8371],[-87.71245,41.8371],[-87.71238,41.83711],[-87.71213,41.83711],[-87.71189,41.83711],[-87.71184,41.83712],[-87.71154,41.83712],[-87.71124,41.83713],[-87.71117,41.83713],[-87.71093,41.83713],[-87.71069,41.83713],[-87.71063,41.83714],[-87.71032,41.83714],[-87.71002,41.83715],[-87.70996,41.83715],[-87.70972,41.83715],[-87.70972,41.83743],[-87.70972,41.83752],[-87.70975,41.83861],[-87.70976,41.83898],[-87.70977,41.83934],[-87.70981,41.84044],[-87.70982,41.84081],[-87.70983,41.84117],[-87.70986,41.84227],[-87.70987,41.84263],[-87.70988,41.843],[-87.70989,41.84332],[-87.70991,41.844],[-87.70991,41.84409],[-87.70991,41.84412],[-87.70992,41.84446],[-87.71016,41.84445],[-87.71022,41.84445],[-87.71052,41.84445],[-87.71083,41.84445],[-87.71089,41.84444],[-87.71114,41.84444],[-87.71138,41.84444],[-87.71144,41.84444],[-87.71175,41.84443],[-87.71205,41.84443],[-87.71211,41.84442],[-87.71236,41.84442],[-87.7126,41.84441],[-87.71262,41.84441],[-87.71297,41.84441],[-87.71327,41.84441],[-87.71333,41.84441],[-87.71357,41.84441],[-87.71382,41.8444],[-87.71388,41.8444],[-87.71418,41.8444],[-87.71449,41.8444],[-87.71455,41.8444],[-87.71479,41.84439]]]},"properties":{"name":"Coal Closure Energy Community","category":"coal_closure","tractGeoid":"17031301600","county":"Cook County, Illinois","qualification":"Adjoins a coal closure tract","vintage":"2024.1"}},{"type":"Feature","geometry":{"type":"Polygon","coordinates":[[[-87.72446,41.84057],[-87.72445,41.8402],[-87.72442,41.8391],[-87.72441,41.83873],[-87.72439,41.83836],[-87.72438,41.83802],[-87.72436,41.83732],[-87.72436,41.83726],[-87.72436,41.8371],[-87.72436,41.83689],[-87.72411,41.83689],[-87.72405,41.83689],[-87.72375,41.8369],[-87.72344,41.8369],[-87.72338,41.83691],[-87.72314,41.83691],[-87.72289,41.83691],[-87.72283,41.83692],[-87.72253,41.83692],[-87.72222,41.83693],[-87.72216,41.83693],[-87.72191,41.83693],[-87.72167,41.83694],[-87.72161,41.83694],[-87.72131,41.83694],[-87.721,41.83695],[-87.72094,41.83695],[-87.72069,41.83695],[-87.72045,41.83696],[-87.72039,41.83696],[-87.72009,41.83696],[-87.71978,41.83697],[-87.71972,41.83697],[-87.71947,41.83698],[-87.71923,41.83698],[-87.71917,41.83698],[-87.71887,41.83699],[-87.71856,41.83699],[-87.7185,41.83699],[-87.71825,41.837],[-87.71801,41.837],[-87.71795,41.837],[-87.71764,41.83701],[-87.71734,41.83701],[-87.71728,41.83701],[-87.71704,41.83702],[-87.71679,41.83702],[-87.71673,41.83703],[-87.71642,41.83703],[-87.71612,41.83704],[-87.71606,41.83704],[-87.71582,41.83704],[-87.71557,41.83704],[-87.71551,41.83705],[-87.71521,41.83705],[-87.7149,41.83706],[-87.71484,41.83706],[-87.7146,41.83706],[-87.71461,41.83743],[-87.71464,41.83853],[-87.71465,41.83889],[-87.71466,41.83926],[-87.71469,41.84036],[-87.7147,41.84073],[-87.71494,41.84073],[-87.715,41.84073],[-87.71531,41.84072],[-87.71561,41.84072],[-87.71567,41.84071],[-87.71592,41.84071],[-87.71616,41.84071],[-87.71622,41.84071],[-87.71653,41.8407],[-87.71683,41.8407],[-87.71689,41.84069],[-87.71714,41.84069],[-87.71738,41.84069],[-87.71744,41.84069],[-87.71775,41.84068],[-87.71805,41.84068],[-87.71812,41.84067],[-87.71836,41.84067],[-87.7186,41.84067],[-87.71866,41.84067],[-87.71897,41.84066],[-87.71927,41.84066],[-87.71934,41.84065],[-87.71958,41.84065],[-87.71982,41.84065],[-87.71988,41.84065],[-87.72019,41.84064],[-87.72049,41.84064],[-87.72055,41.84063],[-87.72079,41.84063],[-87.72104,41.84063],[-87.7211,41.84063],[-87.72141,41.84062],[-87.72171,41.84062],[-87.72177,41.84062],[-87.72202,41.84061],[-87.72226,41.84061],[-87.72232,41.84061],[-87.72262,41.8406],[-87.72293,41.8406],[-87.72299,41.8406],[-87.72323,41.84059],[-87.72348,41.84059],[-87.72354,41.84059],[-87.72384,41.84058],[-87.72415,41.84058],[-87.72421,41.84058],[-87.72446,41.84057]]]},"properties":{"name":"Coal Closure Energy Community","category":"coal_closure","tractGeoid":"17031301702","county":"Cook County, Illinois","qualification":"Adjoins a coal closure tract","vintage":"2024.1"}},{"type":"Feature","geometry":{"type":"Polygon","coordinates":[[[-87.7392,41.84548],[-87.73916,41.84405],[-87.73915,41.84243],[-87.73914,41.84203],[-87.73911,41.84083],[-87.7391,41.84043],[-87.73906,41.83978],[-87.73895,41.8378],[-87.73891,41.83714],[-87.73916,41.83673],[-87.73901,41.83673],[-87.73896,41.83673],[-87.73855,41.83673],[-87.7384,41.83673],[-87.73803,41.83674],[-87.73801,41.83674],[-87.73692,41.83675],[-87.73656,41.83676],[-87.73618,41.83676],[-87.73606,41.83676],[-87.73457,41.83678],[-87.73408,41.83678],[-87.73383,41.83678],[-87.73339,41.83679],[-87.7331,41.83679],[-87.73286,41.83679],[-87.73262,41.8368],[-87.73246,41.8368],[-87.73189,41.83681],[-87.73164,41.83681],[-87.73165,41.83702],[-87.73165,41.83718],[-87.73166,41.83724],[-87.73168,41.83794],[-87.73169,41.83828],[-87.7317,41.83865],[-87.73145,41.83865],[-87.73139,41.83865],[-87.73109,41.83866],[-87.73114,41.84049],[-87.73119,41.84233],[-87.73123,41.84369],[-87.73179,41.84369],[-87.73184,41.8437],[-87.73186,41.84416],[-87.73169,41.84416],[-87.73121,41.84417],[-87.73105,41.84417],[-87.73105,41.84435],[-87.73106,41.8444],[-87.73106,41.84464],[-87.73107,41.84486],[-87.73107,41.8449],[-87.73107,41.84508],[-87.73108,41.84527],[-87.73108,41.84531],[-87.73109,41.84554],[-87.73109,41.84577],[-87.73109,41.84581],[-87.7311,41.846],[-87.7311,41.84618],[-87.73111,41.84623],[-87.73111,41.84646],[-87.73112,41.84668],[-87.73112,41.84673],[-87.73113,41.84691],[-87.73113,41.84699],[-87.73112,41.84724],[-87.73112,41.84732],[-87.73134,41.84727],[-87.73198,41.84712],[-87.7322,41.84707],[-87.73231,41.84704],[-87.73263,41.84696],[-87.73274,41.84694],[-87.73283,41.84692],[-87.73309,41.84686],[-87.73318,41.84684],[-87.73321,41.84683],[-87.73328,41.84682],[-87.73331,41.84681],[-87.73436,41.84657],[-87.73827,41.84569],[-87.73846,41.84565],[-87.73902,41.84552],[-87.7392,41.84548]]]},"properties":{"name":"Coal Closure Energy Community","category":"coal_closure","tractGeoid":"17031301801","county":"Cook County, Illinois","qualification":"Adjoins a coal closure tract","vintage":"2024.1"}},{"type":"Feature","geometry":{"type":"Polygon","coordinates":[[[-87.7317,41.83865],[-87.73169,41.83828],[-87.73168,41.83794],[-87.73166,41.83724],[-87.73165,41.83718],[-87.73165,41.83702],[-87.73164,41.83681],[-87.7314,41.83681],[-87.73067,41.83682],[-87.73043,41.83682],[-87.73019,41.83682],[-87.72946,41.83683],[-87.72922,41.83683],[-87.72897,41.83684],[-87.72888,41.83684],[-87.72824,41.83684],[-87.72822,41.83684],[-87.728,41.83685],[-87.72776,41.83685],[-87.72703,41.83686],[-87.72679,41.83686],[-87.72655,41.83686],[-87.72582,41.83687],[-87.72557,41.83687],[-87.72533,41.83688],[-87.7246,41.83689],[-87.72436,41.83689],[-87.72436,41.8371],[-87.72436,41.83726],[-87.72436,41.83732],[-87.72438,41.83802],[-87.72439,41.83836],[-87.72441,41.83873],[-87.72442,41.8391],[-87.72445,41.8402],[-87.72446,41.84057],[-87.72446,41.84094],[-87.72449,41.84205],[-87.7245,41.84242],[-87.72475,41.84241],[-87.72501,41.84241],[-87.72511,41.84241],[-87.72541,41.84241],[-87.72548,41.8424],[-87.72572,41.8424],[-87.72596,41.8424],[-87.72602,41.8424],[-87.72632,41.84239],[-87.72663,41.84239],[-87.72669,41.84239],[-87.72694,41.84239],[-87.72718,41.84238],[-87.72724,41.84238],[-87.72754,41.84238],[-87.72785,41.84237],[-87.72791,41.84237],[-87.72815,41.84237],[-87.72839,41.84237],[-87.72845,41.84237],[-87.72876,41.84236],[-87.72906,41.84236],[-87.72912,41.84236],[-87.72937,41.84235],[-87.72961,41.84235],[-87.72967,41.84235],[-87.72998,41.84235],[-87.73028,41.84234],[-87.73034,41.84234],[-87.73058,41.84234],[-87.73083,41.84233],[-87.73089,41.84233],[-87.73119,41.84233],[-87.73114,41.84049],[-87.73109,41.83866],[-87.73139,41.83865],[-87.73145,41.83865],[-87.7317,41.83865]]]},"properties":{"name":"Coal Closure Energy Community","category":"coal_closure","tractGeoid":"17031301803","county":"Cook County, Illinois","qualification":"Adjoins a coal closure tract","vintage":"2024.1"}},{"type":"Feature","geometry":{"type":"Polygon","coordinates":[[[-87.64671,41.85992],[-87.6467,41.8596],[-87.6467,41.85954],[-87.64669,41.85915],[-87.64668,41.85875],[-87.64667,41.85867],[-87.64666,41.85835],[-87.64666,41.8583],[-87.64666,41.85815],[-87.64665,41.8581],[-87.64665,41.85803],[-87.64665,41.85797],[-87.64665,41.85783],[-87.64665,41.85776],[-87.64664,41.85755],[-87.64663,41.85714],[-87.64662,41.85701],[-87.64662,41.85674],[-87.64661,41.85656],[-87.64661,41.85646],[-87.6466,41.85637],[-87.6466,41.85619],[-87.6466,41.856],[-87.64659,41.85568],[-87.64659,41.85563],[-87.64658,41.85536],[-87.64657,41.85525],[-87.64656,41.85492],[-87.64656,41.85481],[-87.64656,41.85474],[-87.64656,41.85469],[-87.64656,41.85467],[-87.64655,41.85444],[-87.64655,41.85433],[-87.64654,41.85421],[-87.64654,41.85416],[-87.64654,41.85401],[-87.64654,41.85396],[-87.64653,41.85386],[-87.64652,41.85356],[-87.64652,41.85346],[-87.64652,41.8533],[-87.64652,41.85327],[-87.64651,41.85309],[-87.64651,41.85287],[-87.6465,41.85282],[-87.6465,41.85265],[-87.646,41.85266],[-87.64595,41.85266],[-87.64583,41.85267],[-87.64576,41.85267],[-87.64572,41.85267],[-87.64567,41.85267],[-87.64564,41.85267],[-87.64561,41.85267],[-87.64553,41.85267],[-87.64546,41.85267],[-87.64542,41.85267],[-87.64538,41.85267],[-87.6453,41.85267],[-87.64529,41.85267],[-87.64519,41.85267],[-87.64507,41.85267],[-87.64503,41.85267],[-87.645,41.85267],[-87.64497,41.85267],[-87.64488,41.85267],[-87.64477,41.85268],[-87.64475,41.85268],[-87.64469,41.85268],[-87.64462,41.85268],[-87.64455,41.85268],[-87.64447,41.85268],[-87.64403,41.85268],[-87.64389,41.85268],[-87.64347,41.85269],[-87.64325,41.8527],[-87.64261,41.85271],[-87.64221,41.85271],[-87.64219,41.85271],[-87.64179,41.85271],[-87.64171,41.85277],[-87.64172,41.85307],[-87.64175,41.85396],[-87.64176,41.85426],[-87.64176,41.85442],[-87.64178,41.85487],[-87.64178,41.85503],[-87.64179,41.85516],[-87.64179,41.85543],[-87.6418,41.85554],[-87.6418,41.85567],[-87.64181,41.85589],[-87.64182,41.85612],[-87.64183,41.85656],[-87.64184,41.85667],[-87.64184,41.85678],[-87.64185,41.85695],[-87.64185,41.85699],[-87.64186,41.8572],[-87.64186,41.85741],[-87.64186,41.85746],[-87.64187,41.85763],[-87.64188,41.85782],[-87.64188,41.858],[-87.64188,41.85804],[-87.64188,41.8581],[-87.6419,41.85871],[-87.64193,41.85952],[-87.64193,41.8596],[-87.64194,41.8598],[-87.64195,41.85999],[-87.64214,41.85999],[-87.64274,41.85998],[-87.64294,41.85998],[-87.64336,41.85997],[-87.64387,41.85997],[-87.64395,41.85997],[-87.64397,41.85997],[-87.64406,41.85996],[-87.6441,41.85996],[-87.64423,41.85996],[-87.64437,41.85996],[-87.64447,41.85996],[-87.6446,41.85996],[-87.64465,41.85996],[-87.64484,41.85996],[-87.64488,41.85996],[-87.64491,41.85995],[-87.64523,41.85994],[-87.64527,41.85994],[-87.64537,41.85994],[-87.64579,41.85993],[-87.6462,41.85993],[-87.64635,41.85992],[-87.64646,41.85992],[-87.64659,41.85992],[-87.64671,41.85992]]]},"properties":{"name":"Coal Closure Energy Community","category":"coal_closure","tractGeoid":"17031310200","county":"Cook County, Illinois","qualification":"Adjoins a coal closure tract","vintage":"2024.1"}},{"type":"Feature","geometry":{"type":"Polygon","coordinates":[[[-87.65157,41.85803],[-87.65157,41.85789],[-87.65157,41.85784],[-87.65156,41.85764],[-87.65156,41.8575],[-87.65156,41.85749],[-87.65155,41.85735],[-87.65155,41.85722],[-87.65155,41.85721],[-87.65155,41.85706],[-87.65154,41.85687],[-87.65154,41.85681],[-87.65154,41.85667],[-87.65153,41.85648],[-87.65153,41.85639],[-87.65152,41.85628],[-87.65152,41.85597],[-87.65151,41.85566],[-87.6515,41.85556],[-87.6515,41.85547],[-87.65149,41.85528],[-87.65149,41.85514],[-87.65149,41.85509],[-87.65148,41.85489],[-87.65148,41.85474],[-87.65148,41.85472],[-87.65147,41.85459],[-87.65147,41.85445],[-87.65147,41.85443],[-87.65147,41.85427],[-87.65146,41.85408],[-87.65146,41.85403],[-87.65145,41.85389],[-87.65142,41.85258],[-87.65133,41.85258],[-87.65129,41.85258],[-87.65076,41.85259],[-87.65046,41.85259],[-87.65022,41.85259],[-87.65016,41.85259],[-87.64987,41.8526],[-87.64951,41.8526],[-87.64933,41.8526],[-87.64927,41.8526],[-87.6492,41.8526],[-87.64898,41.85261],[-87.64891,41.85261],[-87.64875,41.85261],[-87.64829,41.85262],[-87.64814,41.85262],[-87.64781,41.85263],[-87.6475,41.85263],[-87.64706,41.85264],[-87.64683,41.85265],[-87.64678,41.85265],[-87.6465,41.85265],[-87.6465,41.85282],[-87.64651,41.85287],[-87.64651,41.85309],[-87.64652,41.85327],[-87.64652,41.8533],[-87.64652,41.85346],[-87.64652,41.85356],[-87.64653,41.85386],[-87.64654,41.85396],[-87.64654,41.85401],[-87.64654,41.85416],[-87.64654,41.85421],[-87.64655,41.85433],[-87.64655,41.85444],[-87.64656,41.85467],[-87.64656,41.85469],[-87.64656,41.85474],[-87.64656,41.85481],[-87.64656,41.85492],[-87.64657,41.85525],[-87.64658,41.85536],[-87.64659,41.85563],[-87.64659,41.85568],[-87.6466,41.856],[-87.6466,41.85619],[-87.6466,41.85637],[-87.64661,41.85646],[-87.64661,41.85656],[-87.64662,41.85674],[-87.64662,41.85701],[-87.64663,41.85714],[-87.64664,41.85755],[-87.64665,41.85776],[-87.64665,41.85783],[-87.64665,41.85797],[-87.64665,41.85803],[-87.64665,41.8581],[-87.64666,41.85815],[-87.64666,41.8583],[-87.64666,41.85835],[-87.64667,41.85867],[-87.64668,41.85875],[-87.64669,41.85915],[-87.6467,41.85954],[-87.6467,41.8596],[-87.64671,41.85992],[-87.64768,41.85991],[-87.64879,41.85989],[-87.649,41.85989],[-87.6496,41.85988],[-87.6498,41.85988],[-87.64993,41.85987],[-87.65031,41.85987],[-87.65037,41.85987],[-87.65043,41.85987],[-87.65049,41.85987],[-87.65051,41.85986],[-87.65053,41.85986],[-87.65075,41.85986],[-87.65083,41.85986],[-87.65095,41.85986],[-87.65094,41.85966],[-87.65094,41.85949],[-87.65094,41.85947],[-87.65092,41.85901],[-87.65091,41.85845],[-87.6509,41.8584],[-87.6509,41.85824],[-87.6509,41.85804],[-87.65103,41.85804],[-87.65144,41.85803],[-87.65157,41.85803]]]},"properties":{"name":"Coal Closure Energy Community","category":"coal_closure","tractGeoid":"17031310300","county":"Cook County, Illinois","qualification":"Adjoins a coal closure tract","vintage":"2024.1"}},{"type":"Feature","geometry":{"type":"Polygon","coordinates":[[[-87.65344,41.85982],[-87.65343,41.85964],[-87.65342,41.85909],[-87.65342,41.85891],[-87.65341,41.85873],[-87.65341,41.85868],[-87.6534,41.85846],[-87.6534,41.85823],[-87.6534,41.85818],[-87.65339,41.858],[-87.65336,41.858],[-87.65325,41.85801],[-87.65322,41.85801],[-87.65321,41.85787],[-87.6532,41.85746],[-87.6532,41.85733],[-87.65319,41.85719],[-87.65318,41.85678],[-87.65318,41.85665],[-87.65317,41.85651],[-87.65317,41.85646],[-87.65317,41.85626],[-87.65316,41.85611],[-87.65316,41.85609],[-87.65316,41.85595],[-87.65315,41.85581],[-87.65315,41.8558],[-87.65315,41.85565],[-87.65314,41.85545],[-87.65314,41.85539],[-87.65314,41.85525],[-87.65313,41.85511],[-87.65313,41.85506],[-87.65313,41.85487],[-87.65312,41.85471],[-87.65312,41.8547],[-87.65312,41.85456],[-87.65311,41.85442],[-87.65311,41.8544],[-87.65311,41.85425],[-87.6531,41.85405],[-87.6531,41.854],[-87.6531,41.85386],[-87.65309,41.8536],[-87.65307,41.85306],[-87.65307,41.85281],[-87.65306,41.85255],[-87.65273,41.85256],[-87.65254,41.85256],[-87.6521,41.85257],[-87.65174,41.85258],[-87.65154,41.85258],[-87.65142,41.85258],[-87.65145,41.85389],[-87.65146,41.85403],[-87.65146,41.85408],[-87.65147,41.85427],[-87.65147,41.85443],[-87.65147,41.85445],[-87.65147,41.85459],[-87.65148,41.85472],[-87.65148,41.85474],[-87.65148,41.85489],[-87.65149,41.85509],[-87.65149,41.85514],[-87.65149,41.85528],[-87.6515,41.85547],[-87.6515,41.85556],[-87.65151,41.85566],[-87.65152,41.85597],[-87.65152,41.85628],[-87.65153,41.85639],[-87.65153,41.85648],[-87.65154,41.85667],[-87.65154,41.85681],[-87.65154,41.85687],[-87.65155,41.85706],[-87.65155,41.85721],[-87.65155,41.85722],[-87.65155,41.85735],[-87.65156,41.85749],[-87.65156,41.8575],[-87.65156,41.85764],[-87.65157,41.85784],[-87.65157,41.85789],[-87.65157,41.85803],[-87.65144,41.85803],[-87.65103,41.85804],[-87.6509,41.85804],[-87.6509,41.85824],[-87.6509,41.8584],[-87.65091,41.85845],[-87.65092,41.85901],[-87.65094,41.85947],[-87.65094,41.85949],[-87.65094,41.85966],[-87.65095,41.85986],[-87.65121,41.85985],[-87.65199,41.85984],[-87.65225,41.85984],[-87.65249,41.85983],[-87.65255,41.85983],[-87.65285,41.85983],[-87.65314,41.85982],[-87.6532,41.85982],[-87.65344,41.85982]]]},"properties":{"name":"Coal Closure Energy Community","category":"coal_closure","tractGeoid":"17031310400","county":"Cook County, Illinois","qualification":"Adjoins a coal closure tract","vintage":"2024.1"}},{"type":"Feature","geometry":{"type":"Polygon","coordinates":[[[-87.65643,41.85796],[-87.65643,41.85769],[-87.6564,41.85687],[-87.65639,41.8566],[-87.65639,41.85651],[-87.65638,41.85623],[-87.65638,41.85614],[-87.65637,41.8561],[-87.65637,41.85596],[-87.65637,41.85592],[-87.65636,41.85578],[-87.65635,41.85535],[-87.65635,41.85521],[-87.65635,41.85503],[-87.65633,41.8545],[-87.65633,41.85432],[-87.65632,41.85422],[-87.65632,41.85394],[-87.65631,41.85391],[-87.65631,41.85381],[-87.6563,41.8536],[-87.65628,41.85298],[-87.65628,41.85278],[-87.65628,41.85249],[-87.65608,41.8525],[-87.65577,41.8525],[-87.65536,41.85251],[-87.65469,41.85253],[-87.65306,41.85255],[-87.65307,41.85281],[-87.65307,41.85306],[-87.65309,41.8536],[-87.6531,41.85386],[-87.6531,41.854],[-87.6531,41.85405],[-87.65311,41.85425],[-87.65311,41.8544],[-87.65311,41.85442],[-87.65312,41.85456],[-87.65312,41.8547],[-87.65312,41.85471],[-87.65313,41.85487],[-87.65313,41.85506],[-87.65313,41.85511],[-87.65314,41.85525],[-87.65314,41.85539],[-87.65314,41.85545],[-87.65315,41.85565],[-87.65315,41.8558],[-87.65315,41.85581],[-87.65316,41.85595],[-87.65316,41.85609],[-87.65316,41.85611],[-87.65317,41.85626],[-87.65317,41.85646],[-87.65317,41.85651],[-87.65318,41.85665],[-87.65318,41.85678],[-87.65319,41.85719],[-87.6532,41.85733],[-87.6532,41.85746],[-87.65321,41.85787],[-87.65322,41.85801],[-87.65325,41.85801],[-87.65336,41.858],[-87.65339,41.858],[-87.65356,41.858],[-87.65368,41.858],[-87.65373,41.858],[-87.65403,41.858],[-87.65432,41.858],[-87.65456,41.85799],[-87.65459,41.85799],[-87.65485,41.85799],[-87.65512,41.85798],[-87.65517,41.85798],[-87.65538,41.85798],[-87.65561,41.85797],[-87.65584,41.85797],[-87.6559,41.85797],[-87.65612,41.85797],[-87.65617,41.85797],[-87.65643,41.85796]]]},"properties":{"name":"Coal Closure Energy Community","category":"coal_closure","tractGeoid":"17031310500","county":"Cook County, Illinois","qualification":"Adjoins a coal closure tract","vintage":"2024.1"}},{"type":"Feature","geometry":{"type":"Polygon","coordinates":[[[-87.66381,41.85965],[-87.66381,41.85947],[-87.66381,41.85943],[-87.6638,41.8592],[-87.66379,41.85898],[-87.66379,41.85893],[-87.66379,41.85875],[-87.66379,41.85857],[-87.66379,41.85852],[-87.66378,41.8583],[-87.66378,41.85807],[-87.66377,41.85802],[-87.66377,41.85784],[-87.66376,41.85766],[-87.66376,41.85761],[-87.66376,41.85738],[-87.66375,41.85716],[-87.66375,41.85712],[-87.66374,41.85694],[-87.66374,41.85676],[-87.66374,41.85671],[-87.66373,41.85648],[-87.66373,41.85625],[-87.66372,41.85621],[-87.66372,41.85603],[-87.66372,41.85585],[-87.66371,41.8558],[-87.66371,41.85557],[-87.6637,41.85535],[-87.6637,41.85531],[-87.6637,41.85513],[-87.6637,41.85508],[-87.66369,41.85495],[-87.66369,41.8549],[-87.66369,41.85476],[-87.66367,41.85435],[-87.66367,41.85422],[-87.66366,41.85405],[-87.66366,41.85403],[-87.66365,41.85348],[-87.66364,41.85329],[-87.66364,41.85311],[-87.66362,41.85257],[-87.66362,41.85239],[-87.66313,41.85239],[-87.66166,41.85242],[-87.66117,41.85243],[-87.66068,41.85243],[-87.66027,41.85244],[-87.6592,41.85246],[-87.65871,41.85246],[-87.6575,41.85248],[-87.6569,41.85249],[-87.65628,41.85249],[-87.65628,41.85278],[-87.65628,41.85298],[-87.6563,41.8536],[-87.65631,41.85381],[-87.65631,41.85391],[-87.65632,41.85394],[-87.65632,41.85422],[-87.65633,41.85432],[-87.65633,41.8545],[-87.65635,41.85503],[-87.65635,41.85521],[-87.65635,41.85535],[-87.65636,41.85578],[-87.65637,41.85592],[-87.65637,41.85596],[-87.65637,41.8561],[-87.65638,41.85614],[-87.65638,41.85623],[-87.65639,41.85651],[-87.65639,41.8566],[-87.6564,41.85687],[-87.65643,41.85769],[-87.65643,41.85796],[-87.65617,41.85797],[-87.65612,41.85797],[-87.6559,41.85797],[-87.65584,41.85797],[-87.65561,41.85797],[-87.65538,41.85798],[-87.65517,41.85798],[-87.65512,41.85798],[-87.65485,41.85799],[-87.65459,41.85799],[-87.65456,41.85799],[-87.65432,41.858],[-87.65403,41.858],[-87.65373,41.858],[-87.65368,41.858],[-87.65356,41.858],[-87.65339,41.858],[-87.6534,41.85818],[-87.6534,41.85823],[-87.6534,41.85846],[-87.65341,41.85868],[-87.65341,41.85873],[-87.65342,41.85891],[-87.65342,41.85909],[-87.65343,41.85964],[-87.65344,41.85982],[-87.65374,41.85982],[-87.65404,41.85981],[-87.65526,41.85979],[-87.65587,41.85978],[-87.65648,41.85977],[-87.65673,41.85977],[-87.65679,41.85977],[-87.6571,41.85976],[-87.6574,41.85976],[-87.65746,41.85976],[-87.65771,41.85975],[-87.65795,41.85975],[-87.65802,41.85975],[-87.65832,41.85974],[-87.65863,41.85974],[-87.65869,41.85974],[-87.65893,41.85973],[-87.65906,41.85973],[-87.65945,41.85973],[-87.65958,41.85972],[-87.65994,41.85972],[-87.65997,41.85972],[-87.66037,41.85971],[-87.66087,41.8597],[-87.66102,41.8597],[-87.66138,41.8597],[-87.66164,41.85969],[-87.66187,41.85969],[-87.66189,41.85969],[-87.66285,41.85967],[-87.66333,41.85966],[-87.66381,41.85965]]]},"properties":{"name":"Coal Closure Energy Community","category":"coal_closure","tractGeoid":"17031310600","county":"Cook County, Illinois","qualification":"Adjoins a coal closure tract","vintage":"2024.1"}},{"type":"Feature","geometry":{"type":"Polygon","coordinates":[[[-87.6662,41.85961],[-87.6662,41.85943],[-87.66619,41.85889],[-87.66618,41.85871],[-87.66618,41.85853],[-87.66617,41.85832],[-87.66615,41.85798],[-87.66614,41.8578],[-87.66614,41.85762],[-87.66613,41.85707],[-87.66613,41.85689],[-87.66612,41.85671],[-87.66611,41.85616],[-87.6661,41.85598],[-87.66609,41.85582],[-87.66609,41.8558],[-87.66608,41.85525],[-87.66608,41.85507],[-87.66607,41.85489],[-87.66606,41.85435],[-87.66606,41.85417],[-87.66604,41.85331],[-87.66603,41.8531],[-87.66602,41.85284],[-87.66603,41.85257],[-87.66603,41.85252],[-87.66603,41.85234],[-87.66577,41.85234],[-87.66555,41.85235],[-87.66451,41.85237],[-87.6641,41.85238],[-87.66362,41.85239],[-87.66362,41.85257],[-87.66364,41.85311],[-87.66364,41.85329],[-87.66365,41.85348],[-87.66366,41.85403],[-87.66366,41.85405],[-87.66367,41.85422],[-87.66367,41.85435],[-87.66369,41.85476],[-87.66369,41.8549],[-87.66369,41.85495],[-87.6637,41.85508],[-87.6637,41.85513],[-87.6637,41.85531],[-87.6637,41.85535],[-87.66371,41.85557],[-87.66371,41.8558],[-87.66372,41.85585],[-87.66372,41.85603],[-87.66372,41.85621],[-87.66373,41.85625],[-87.66373,41.85648],[-87.66374,41.85671],[-87.66374,41.85676],[-87.66374,41.85694],[-87.66375,41.85712],[-87.66375,41.85716],[-87.66376,41.85738],[-87.66376,41.85761],[-87.66376,41.85766],[-87.66377,41.85784],[-87.66377,41.85802],[-87.66378,41.85807],[-87.66378,41.8583],[-87.66379,41.85852],[-87.66379,41.85857],[-87.66379,41.85875],[-87.66379,41.85893],[-87.66379,41.85898],[-87.6638,41.8592],[-87.66381,41.85943],[-87.66381,41.85947],[-87.66381,41.85965],[-87.66429,41.85965],[-87.66572,41.85962],[-87.66583,41.85962],[-87.66591,41.85962],[-87.6662,41.85961]]]},"properties":{"name":"Coal Closure Energy Community","category":"coal_closure","tractGeoid":"17031310700","county":"Cook County, Illinois","qualification":"Adjoins a coal closure tract","vintage":"2024.1"}},{"type":"Feature","geometry":{"type":"Polygon","coordinates":[[[-87.67115,41.85955],[-87.67114,41.85937],[-87.67114,41.85932],[-87.67114,41.8591],[-87.67113,41.85887],[-87.67113,41.85883],[-87.67113,41.85865],[-87.67112,41.85846],[-87.67112,41.85842],[-87.67112,41.85819],[-87.67111,41.85796],[-87.67111,41.85791],[-87.6711,41.85773],[-87.6711,41.85755],[-87.6711,41.85751],[-87.67109,41.85728],[-87.67109,41.85705],[-87.67108,41.857],[-87.67108,41.85682],[-87.67107,41.85664],[-87.67107,41.85659],[-87.67107,41.85636],[-87.67106,41.85614],[-87.67106,41.85609],[-87.67105,41.85591],[-87.67105,41.85573],[-87.67105,41.85568],[-87.67104,41.85546],[-87.67103,41.85523],[-87.67103,41.85518],[-87.67103,41.855],[-87.67103,41.85492],[-87.67102,41.8547],[-87.67102,41.85462],[-87.67102,41.85457],[-87.67102,41.85455],[-87.67102,41.85451],[-87.67101,41.85419],[-87.67101,41.85415],[-87.671,41.85408],[-87.67099,41.854],[-87.67099,41.8539],[-87.67099,41.85378],[-87.67099,41.85363],[-87.67098,41.8534],[-87.67098,41.85335],[-87.67098,41.85317],[-87.67097,41.85299],[-87.67097,41.85294],[-87.67096,41.85271],[-87.67095,41.85248],[-87.67095,41.85244],[-87.67094,41.85226],[-87.67045,41.85226],[-87.66995,41.85227],[-87.66899,41.85228],[-87.6685,41.85229],[-87.66801,41.8523],[-87.6668,41.85232],[-87.66652,41.85233],[-87.66603,41.85234],[-87.66603,41.85252],[-87.66603,41.85257],[-87.66602,41.85284],[-87.66603,41.8531],[-87.66604,41.85331],[-87.66606,41.85417],[-87.66606,41.85435],[-87.66607,41.85489],[-87.66608,41.85507],[-87.66608,41.85525],[-87.66609,41.8558],[-87.66609,41.85582],[-87.6661,41.85598],[-87.66611,41.85616],[-87.66612,41.85671],[-87.66613,41.85689],[-87.66613,41.85707],[-87.66614,41.85762],[-87.66614,41.8578],[-87.66615,41.85798],[-87.66617,41.85832],[-87.66618,41.85853],[-87.66618,41.85871],[-87.66619,41.85889],[-87.6662,41.85943],[-87.6662,41.85961],[-87.66634,41.85961],[-87.66675,41.85961],[-87.66689,41.85961],[-87.66725,41.8596],[-87.66835,41.85959],[-87.66871,41.85959],[-87.66882,41.85958],[-87.66917,41.85958],[-87.66921,41.85958],[-87.66928,41.85958],[-87.66965,41.85957],[-87.66995,41.85957],[-87.67062,41.85956],[-87.67077,41.85956],[-87.67088,41.85956],[-87.67115,41.85955]]]},"properties":{"name":"Coal Closure Energy Community","category":"coal_closure","tractGeoid":"17031310800","county":"Cook County, Illinois","qualification":"Adjoins a coal closure tract","vintage":"2024.1"}},{"type":"Feature","geometry":{"type":"Polygon","coordinates":[[[-87.6785,41.85895],[-87.67849,41.8589],[-87.67846,41.85876],[-87.67845,41.85872],[-87.67845,41.85867],[-87.67844,41.85855],[-87.67844,41.85851],[-87.67846,41.85849],[-87.67847,41.85847],[-87.67847,41.85835],[-87.67846,41.85809],[-87.67846,41.85787],[-87.67846,41.85782],[-87.67845,41.85764],[-87.67845,41.85746],[-87.67845,41.85741],[-87.67844,41.85718],[-87.67843,41.85696],[-87.67843,41.85691],[-87.67842,41.85673],[-87.67842,41.85661],[-87.67841,41.85655],[-87.67841,41.85627],[-87.6784,41.85604],[-87.6784,41.856],[-87.6784,41.85581],[-87.67839,41.85563],[-87.67839,41.85558],[-87.67839,41.85535],[-87.67838,41.85513],[-87.67838,41.85508],[-87.67837,41.8549],[-87.67837,41.85483],[-87.67836,41.85461],[-87.67836,41.85454],[-87.67836,41.85451],[-87.67836,41.85445],[-87.67836,41.85443],[-87.67836,41.85422],[-87.67835,41.8541],[-87.67835,41.85398],[-87.67834,41.8538],[-87.67834,41.85376],[-87.67834,41.85353],[-87.67833,41.8533],[-87.67833,41.85325],[-87.67832,41.85307],[-87.67832,41.85288],[-87.67832,41.85284],[-87.67831,41.8526],[-87.6783,41.85237],[-87.6783,41.85233],[-87.6783,41.85214],[-87.67781,41.85215],[-87.67634,41.85218],[-87.67585,41.85218],[-87.67536,41.85219],[-87.67389,41.85221],[-87.6734,41.85222],[-87.67291,41.85223],[-87.67143,41.85225],[-87.67094,41.85226],[-87.67095,41.85244],[-87.67095,41.85248],[-87.67096,41.85271],[-87.67097,41.85294],[-87.67097,41.85299],[-87.67098,41.85317],[-87.67098,41.85335],[-87.67098,41.8534],[-87.67099,41.85363],[-87.67099,41.85378],[-87.67099,41.8539],[-87.67099,41.854],[-87.671,41.85408],[-87.67101,41.85415],[-87.67101,41.85419],[-87.67102,41.85451],[-87.67102,41.85455],[-87.67102,41.85457],[-87.67102,41.85462],[-87.67102,41.8547],[-87.67103,41.85492],[-87.67103,41.855],[-87.67103,41.85518],[-87.67103,41.85523],[-87.67104,41.85546],[-87.67105,41.85568],[-87.67105,41.85573],[-87.67105,41.85591],[-87.67106,41.85609],[-87.67106,41.85614],[-87.67107,41.85636],[-87.67107,41.85659],[-87.67107,41.85664],[-87.67108,41.85682],[-87.67108,41.857],[-87.67109,41.85705],[-87.67109,41.85728],[-87.6711,41.85751],[-87.6711,41.85755],[-87.6711,41.85773],[-87.67111,41.85791],[-87.67111,41.85796],[-87.67112,41.85819],[-87.67112,41.85842],[-87.67112,41.85846],[-87.67113,41.85865],[-87.67113,41.85883],[-87.67113,41.85887],[-87.67114,41.8591],[-87.67114,41.85932],[-87.67114,41.85937],[-87.67115,41.85955],[-87.67135,41.85954],[-87.67164,41.85954],[-87.67238,41.85953],[-87.67308,41.85952],[-87.67311,41.85952],[-87.6736,41.85952],[-87.67384,41.8595],[-87.67455,41.85944],[-87.67479,41.85942],[-87.67504,41.85939],[-87.6758,41.85932],[-87.67605,41.85929],[-87.67654,41.85922],[-87.67801,41.85902],[-87.6785,41.85895]]]},"properties":{"name":"Coal Closure Energy Community","category":"coal_closure","tractGeoid":"17031310900","county":"Cook County, Illinois","qualification":"Adjoins a coal closure tract","vintage":"2024.1"}},{"type":"Feature","geometry":{"type":"Polygon","coordinates":[[[-87.63514,41.85777],[-87.63511,41.85777],[-87.63503,41.85777],[-87.635,41.85777],[-87.63487,41.85776],[-87.63475,41.85776],[-87.63438,41.85776],[-87.63401,41.85776],[-87.63377,41.85777],[-87.63372,41.85777],[-87.63354,41.85777],[-87.63302,41.85778],[-87.63285,41.85778],[-87.63266,41.85778],[-87.63212,41.85779],[-87.63209,41.85779],[-87.63191,41.85778],[-87.63168,41.85777],[-87.63149,41.85777],[-87.63141,41.85776],[-87.63137,41.85777],[-87.631,41.85777],[-87.63093,41.85777],[-87.6308,41.85777],[-87.63077,41.85778],[-87.63068,41.85778],[-87.63066,41.85778],[-87.63034,41.85778],[-87.63023,41.85779],[-87.63023,41.85776],[-87.63023,41.8577],[-87.63023,41.85768],[-87.63023,41.85765],[-87.63023,41.85762],[-87.63023,41.85757],[-87.63022,41.85744],[-87.63021,41.8568],[-87.6302,41.85659],[-87.63018,41.85592],[-87.63016,41.85542],[-87.63016,41.85513],[-87.63015,41.85474],[-87.63014,41.85421],[-87.63014,41.85413],[-87.63013,41.85409],[-87.63013,41.85403],[-87.63013,41.85385],[-87.63013,41.85379],[-87.63012,41.85362],[-87.63012,41.85352],[-87.63011,41.85331],[-87.63009,41.85312],[-87.63007,41.85295],[-87.62993,41.85295],[-87.62961,41.85295],[-87.6295,41.85295],[-87.62936,41.85296],[-87.62892,41.85297],[-87.62854,41.85298],[-87.62832,41.85299],[-87.62823,41.85299],[-87.62812,41.85298],[-87.62794,41.85298],[-87.62786,41.85298],[-87.62785,41.85298],[-87.6278,41.85298],[-87.62766,41.85297],[-87.62724,41.85296],[-87.6271,41.85295],[-87.6271,41.85321],[-87.62711,41.854],[-87.62711,41.85408],[-87.62712,41.85426],[-87.62712,41.8545],[-87.62713,41.85466],[-87.62714,41.85476],[-87.62715,41.85521],[-87.62715,41.85545],[-87.62716,41.85567],[-87.62717,41.85604],[-87.62717,41.85634],[-87.62718,41.85656],[-87.62717,41.85658],[-87.62714,41.85666],[-87.62713,41.85669],[-87.62711,41.85677],[-87.62711,41.85692],[-87.62711,41.8571],[-87.62713,41.85745],[-87.62713,41.85764],[-87.62713,41.85775],[-87.62713,41.85779],[-87.62713,41.85783],[-87.62713,41.85785],[-87.62713,41.85788],[-87.62713,41.8579],[-87.62713,41.85811],[-87.62713,41.85819],[-87.62715,41.85878],[-87.62716,41.85901],[-87.62716,41.85925],[-87.62717,41.85967],[-87.62719,41.85995],[-87.62719,41.86019],[-87.6272,41.8603],[-87.6272,41.86064],[-87.6272,41.86067],[-87.62721,41.86075],[-87.62721,41.86081],[-87.62721,41.86099],[-87.62721,41.86107],[-87.62722,41.8615],[-87.62723,41.86162],[-87.62723,41.86172],[-87.62723,41.86196],[-87.62724,41.86242],[-87.62729,41.86406],[-87.62728,41.86427],[-87.62728,41.8644],[-87.62731,41.86541],[-87.62731,41.86575],[-87.62732,41.8661],[-87.62733,41.86656],[-87.62734,41.86717],[-87.62734,41.86726],[-87.62734,41.86731],[-87.62734,41.86735],[-87.62734,41.86742],[-87.62734,41.86748],[-87.62743,41.86748],[-87.6275,41.86748],[-87.62761,41.86748],[-87.62764,41.86748],[-87.62821,41.86748],[-87.62826,41.86748],[-87.62847,41.86748],[-87.62864,41.86748],[-87.62871,41.86748],[-87.62914,41.86747],[-87.6293,41.86747],[-87.62933,41.86746],[-87.62942,41.86746],[-87.62945,41.86746],[-87.62965,41.86746],[-87.63024,41.86744],[-87.63044,41.86744],[-87.63066,41.86744],[-87.63133,41.86743],[-87.63156,41.86743],[-87.63185,41.86743],[-87.63217,41.86743],[-87.63251,41.86742],[-87.63267,41.86741],[-87.63273,41.86741],[-87.63302,41.86741],[-87.63312,41.8674],[-87.63325,41.8674],[-87.63344,41.8674],[-87.63354,41.86739],[-87.63379,41.86739],[-87.63396,41.86739],[-87.63438,41.86738],[-87.63454,41.86737],[-87.63473,41.86737],[-87.6348,41.86737],[-87.63478,41.86727],[-87.63465,41.86611],[-87.63456,41.86528],[-87.63456,41.86372],[-87.63458,41.86242],[-87.63458,41.86231],[-87.63453,41.86111],[-87.63453,41.8609],[-87.63453,41.86082],[-87.63451,41.86016],[-87.63451,41.85994],[-87.6345,41.85947],[-87.63449,41.85908],[-87.63463,41.8587],[-87.63488,41.85851],[-87.63498,41.85821],[-87.63514,41.85777]]]},"properties":{"name":"Coal Closure Energy Community","category":"coal_closure","tractGeoid":"17031330200","county":"Cook County, Illinois","qualification":"Adjoins a coal closure tract","vintage":"2024.1"}},{"type":"Feature","geometry":{"type":"Polygon","coordinates":[[[-87.54293,41.72391],[-87.54293,41.72386],[-87.54292,41.72287],[-87.54289,41.72287],[-87.54277,41.72287],[-87.54274,41.72287],[-87.54257,41.72287],[-87.5404,41.7229],[-87.54005,41.7229],[-87.53999,41.7229],[-87.53893,41.72292],[-87.53869,41.72292],[-87.53796,41.72293],[-87.53771,41.72293],[-87.53748,41.72294],[-87.53712,41.72294],[-87.53678,41.72295],[-87.53655,41.72295],[-87.53648,41.72287],[-87.53624,41.72257],[-87.53598,41.72226],[-87.5355,41.72167],[-87.53542,41.72157],[-87.53529,41.72141],[-87.53529,41.72136],[-87.53529,41.721],[-87.5353,41.72086],[-87.53529,41.72012],[-87.53529,41.71992],[-87.53529,41.71956],[-87.53529,41.7192],[-87.53529,41.71812],[-87.53529,41.71776],[-87.53529,41.71737],[-87.53529,41.71684],[-87.53528,41.71625],[-87.53528,41.71621],[-87.53528,41.71583],[-87.53528,41.7156],[-87.53528,41.71492],[-87.53528,41.71482],[-87.53528,41.7147],[-87.53528,41.71453],[-87.53529,41.71432],[-87.53529,41.7141],[-87.53529,41.71404],[-87.53529,41.71395],[-87.53528,41.71388],[-87.53528,41.71386],[-87.53528,41.71364],[-87.53528,41.71355],[-87.53528,41.71349],[-87.53528,41.71347],[-87.53528,41.71344],[-87.53528,41.7134],[-87.53528,41.71332],[-87.53528,41.71328],[-87.53528,41.71323],[-87.53528,41.71316],[-87.53528,41.71314],[-87.53528,41.71312],[-87.53528,41.71307],[-87.53528,41.7129],[-87.53528,41.71282],[-87.53528,41.71275],[-87.53528,41.71254],[-87.53528,41.71242],[-87.53528,41.71209],[-87.53528,41.71198],[-87.53528,41.71159],[-87.53529,41.71044],[-87.53529,41.71005],[-87.53529,41.70969],[-87.53529,41.70859],[-87.53529,41.70822],[-87.53505,41.70822],[-87.53467,41.70822],[-87.53433,41.70822],[-87.53408,41.70823],[-87.53384,41.70823],[-87.53348,41.70823],[-87.53312,41.70823],[-87.53287,41.70823],[-87.53263,41.70823],[-87.53227,41.70823],[-87.53191,41.70823],[-87.53167,41.70823],[-87.53148,41.70823],[-87.53109,41.70823],[-87.53094,41.70823],[-87.53076,41.70823],[-87.53068,41.70823],[-87.53058,41.70823],[-87.53048,41.70823],[-87.53046,41.70823],[-87.53046,41.70821],[-87.53046,41.70811],[-87.53046,41.70797],[-87.53046,41.70766],[-87.53046,41.70743],[-87.53046,41.70671],[-87.53046,41.70639],[-87.53022,41.70639],[-87.52985,41.70639],[-87.52949,41.70639],[-87.52935,41.70639],[-87.52925,41.70639],[-87.52911,41.70639],[-87.52868,41.70639],[-87.52864,41.70639],[-87.52859,41.70639],[-87.52847,41.70641],[-87.52648,41.70455],[-87.52651,41.70437],[-87.52651,41.70415],[-87.52652,41.70386],[-87.52653,41.70343],[-87.52653,41.70299],[-87.52653,41.7027],[-87.52638,41.7027],[-87.52591,41.70269],[-87.52575,41.70269],[-87.52549,41.70269],[-87.52472,41.70269],[-87.52447,41.70269],[-87.52447,41.70277],[-87.52447,41.70288],[-87.52447,41.70293],[-87.52448,41.70314],[-87.52447,41.70331],[-87.52445,41.70405],[-87.52432,41.70661],[-87.52422,41.70752],[-87.5242,41.7079],[-87.52417,41.70832],[-87.52421,41.71256],[-87.52424,41.71699],[-87.52424,41.71728],[-87.52432,41.71822],[-87.52433,41.71833],[-87.52421,41.71952],[-87.52417,41.72186],[-87.52416,41.72245],[-87.52416,41.72297],[-87.52416,41.72314],[-87.52415,41.72383],[-87.524,41.73514],[-87.52504,41.73469],[-87.5273,41.73374],[-87.52818,41.73335],[-87.52922,41.73289],[-87.52945,41.7328],[-87.53014,41.73251],[-87.53037,41.73242],[-87.53161,41.73189],[-87.5336,41.73104],[-87.53532,41.73022],[-87.53655,41.72964],[-87.53711,41.72944],[-87.53877,41.72885],[-87.53933,41.72865],[-87.53973,41.7284],[-87.54093,41.72767],[-87.54134,41.72743],[-87.54197,41.72666],[-87.54218,41.72639],[-87.54226,41.72615],[-87.54251,41.7253],[-87.54277,41.72445],[-87.54293,41.72391]]]},"properties":{"name":"Coal Closure Energy Community","category":"coal_closure","tractGeoid":"17031520100","county":"Cook County, Illinois","qualification":"Adjoins a coal closure tract","vintage":"2024.1"}},{"type":"Feature","geometry":{"type":"Polygon","coordinates":[[[-87.53529,41.70822],[-87.53529,41.70786],[-87.53529,41.70775],[-87.53529,41.70743],[-87.53529,41.70676],[-87.53529,41.7064],[-87.53529,41.70603],[-87.53529,41.70494],[-87.53529,41.70457],[-87.53529,41.70421],[-87.53529,41.70311],[-87.53529,41.70274],[-87.53529,41.70238],[-87.53529,41.70227],[-87.53529,41.70129],[-87.53529,41.70093],[-87.53529,41.70057],[-87.53529,41.69947],[-87.53529,41.69911],[-87.53504,41.69911],[-87.53468,41.69911],[-87.53432,41.69911],[-87.53408,41.69911],[-87.53384,41.69911],[-87.53348,41.6991],[-87.53311,41.6991],[-87.53287,41.69909],[-87.53263,41.69909],[-87.53226,41.69908],[-87.53191,41.69908],[-87.53166,41.69909],[-87.53142,41.69909],[-87.53106,41.69909],[-87.5307,41.69909],[-87.53046,41.69909],[-87.53022,41.69908],[-87.52986,41.69908],[-87.52956,41.69908],[-87.52949,41.69908],[-87.52925,41.69907],[-87.5291,41.69907],[-87.52886,41.69906],[-87.52865,41.69906],[-87.52862,41.69906],[-87.52851,41.69906],[-87.52844,41.69906],[-87.52825,41.69906],[-87.52818,41.69906],[-87.52795,41.69906],[-87.5276,41.69906],[-87.52723,41.69906],[-87.527,41.69906],[-87.52675,41.69906],[-87.52639,41.69905],[-87.52602,41.69905],[-87.52578,41.69905],[-87.52554,41.69905],[-87.52517,41.69905],[-87.52481,41.69905],[-87.52457,41.69904],[-87.52455,41.70076],[-87.52454,41.70088],[-87.52447,41.70269],[-87.52472,41.70269],[-87.52549,41.70269],[-87.52575,41.70269],[-87.52591,41.70269],[-87.52638,41.7027],[-87.52653,41.7027],[-87.52653,41.70299],[-87.52653,41.70343],[-87.52652,41.70386],[-87.52651,41.70415],[-87.52651,41.70437],[-87.52648,41.70455],[-87.52847,41.70641],[-87.52859,41.70639],[-87.52864,41.70639],[-87.52868,41.70639],[-87.52911,41.70639],[-87.52925,41.70639],[-87.52935,41.70639],[-87.52949,41.70639],[-87.52985,41.70639],[-87.53022,41.70639],[-87.53046,41.70639],[-87.53046,41.70671],[-87.53046,41.70743],[-87.53046,41.70766],[-87.53046,41.70797],[-87.53046,41.70811],[-87.53046,41.70821],[-87.53046,41.70823],[-87.53048,41.70823],[-87.53058,41.70823],[-87.53068,41.70823],[-87.53076,41.70823],[-87.53094,41.70823],[-87.53109,41.70823],[-87.53148,41.70823],[-87.53167,41.70823],[-87.53191,41.70823],[-87.53227,41.70823],[-87.53263,41.70823],[-87.53287,41.70823],[-87.53312,41.70823],[-87.53348,41.70823],[-87.53384,41.70823],[-87.53408,41.70823],[-87.53433,41.70822],[-87.53467,41.70822],[-87.53505,41.70822],[-87.53529,41.70822]]]},"properties":{"name":"Coal Closure Energy Community","category":"coal_closure","tractGeoid":"17031520400","county":"Cook County, Illinois","qualification":"Adjoins a coal closure tract","vintage":"2024.1"}},{"type":"Feature","geometry":{"type":"Polygon","coordinates":[[[-87.53529,41.69766],[-87.53529,41.6973],[-87.53529,41.69694],[-87.53529,41.69585],[-87.53529,41.69548],[-87.53529,41.69512],[-87.53529,41.69403],[-87.53529,41.69367],[-87.53529,41.69331],[-87.53529,41.69225],[-87.53529,41.69221],[-87.53529,41.69185],[-87.53529,41.69149],[-87.53529,41.6904],[-87.53529,41.69003],[-87.53529,41.68967],[-87.53529,41.68858],[-87.53529,41.68822],[-87.53528,41.68786],[-87.53528,41.68677],[-87.53528,41.68641],[-87.53527,41.68604],[-87.53527,41.68495],[-87.53526,41.68458],[-87.53526,41.68455],[-87.53526,41.68444],[-87.53526,41.68441],[-87.53502,41.68441],[-87.53466,41.68442],[-87.5343,41.68443],[-87.53406,41.68444],[-87.53382,41.68444],[-87.53345,41.68444],[-87.53309,41.68444],[-87.53285,41.68444],[-87.53261,41.68443],[-87.53224,41.68443],[-87.53189,41.68443],[-87.53165,41.68442],[-87.5314,41.68447],[-87.53066,41.68461],[-87.53042,41.68466],[-87.5304,41.68501],[-87.53036,41.68605],[-87.53035,41.6864],[-87.53035,41.68679],[-87.53035,41.68797],[-87.53035,41.68821],[-87.53035,41.68836],[-87.53035,41.68905],[-87.53035,41.69114],[-87.53035,41.69183],[-87.53018,41.69183],[-87.52965,41.69183],[-87.52948,41.69183],[-87.52924,41.69183],[-87.52851,41.69183],[-87.52827,41.69183],[-87.52802,41.69183],[-87.52729,41.69182],[-87.52705,41.69182],[-87.52681,41.69182],[-87.52608,41.69182],[-87.52583,41.69182],[-87.5256,41.69181],[-87.5249,41.69181],[-87.52467,41.69181],[-87.52463,41.69334],[-87.52464,41.69362],[-87.52464,41.69379],[-87.52461,41.69514],[-87.52462,41.69543],[-87.52463,41.69724],[-87.52457,41.69904],[-87.52481,41.69905],[-87.52517,41.69905],[-87.52554,41.69905],[-87.52578,41.69905],[-87.52602,41.69905],[-87.52639,41.69905],[-87.52675,41.69906],[-87.527,41.69906],[-87.52723,41.69906],[-87.5276,41.69906],[-87.52795,41.69906],[-87.52818,41.69906],[-87.52825,41.69906],[-87.52844,41.69906],[-87.52851,41.69906],[-87.52862,41.69906],[-87.52865,41.69906],[-87.52886,41.69906],[-87.5291,41.69907],[-87.52925,41.69907],[-87.52949,41.69908],[-87.52956,41.69908],[-87.52986,41.69908],[-87.53022,41.69908],[-87.53046,41.69909],[-87.5307,41.69909],[-87.53106,41.69909],[-87.53142,41.69909],[-87.53166,41.69909],[-87.53191,41.69908],[-87.53226,41.69908],[-87.53263,41.69909],[-87.53287,41.69909],[-87.53311,41.6991],[-87.53348,41.6991],[-87.53384,41.69911],[-87.53408,41.69911],[-87.53432,41.69911],[-87.53468,41.69911],[-87.53504,41.69911],[-87.53529,41.69911],[-87.53529,41.69875],[-87.53529,41.69766]]]},"properties":{"name":"Coal Closure Energy Community","category":"coal_closure","tractGeoid":"17031520500","county":"Cook County, Illinois","qualification":"Adjoins a coal closure tract","vintage":"2024.1"}},{"type":"Feature","geometry":{"type":"Polygon","coordinates":[[[-87.54959,41.65144],[-87.54959,41.65133],[-87.54936,41.65115],[-87.54904,41.6509],[-87.54868,41.65062],[-87.54845,41.65044],[-87.5482,41.65025],[-87.54786,41.64998],[-87.54745,41.64967],[-87.54719,41.64947],[-87.54695,41.64929],[-87.54661,41.64902],[-87.54623,41.64873],[-87.54599,41.64855],[-87.54589,41.64847],[-87.5456,41.64823],[-87.5455,41.64816],[-87.54504,41.6478],[-87.54374,41.64679],[-87.54369,41.64675],[-87.54351,41.64661],[-87.54324,41.64639],[-87.54297,41.64618],[-87.54272,41.64599],[-87.54216,41.64556],[-87.54189,41.64535],[-87.54162,41.64513],[-87.54131,41.64489],[-87.54082,41.64452],[-87.54079,41.6445],[-87.54051,41.64429],[-87.5404,41.6443],[-87.54004,41.64432],[-87.53992,41.64433],[-87.5397,41.64437],[-87.53902,41.6445],[-87.53879,41.64454],[-87.53873,41.64454],[-87.53854,41.64454],[-87.53848,41.64454],[-87.53594,41.64455],[-87.52961,41.6446],[-87.52835,41.6446],[-87.52708,41.64461],[-87.5258,41.64462],[-87.52578,41.64461],[-87.5257,41.64459],[-87.52568,41.64458],[-87.52565,41.64459],[-87.52557,41.64463],[-87.52555,41.64464],[-87.52552,41.64464],[-87.52543,41.64464],[-87.5254,41.64464],[-87.525,41.64464],[-87.52485,41.6473],[-87.5249,41.64729],[-87.5248,41.65012],[-87.52484,41.65015],[-87.5248,41.6514],[-87.52479,41.65375],[-87.5248,41.65453],[-87.5248,41.65564],[-87.52475,41.65674],[-87.52475,41.65724],[-87.52475,41.65871],[-87.52475,41.65921],[-87.52475,41.66044],[-87.52476,41.66174],[-87.52486,41.66759],[-87.52485,41.66789],[-87.52479,41.67199],[-87.52476,41.67353],[-87.52479,41.67374],[-87.52485,41.67544],[-87.52485,41.67649],[-87.52483,41.68096],[-87.52475,41.68174],[-87.52481,41.68642],[-87.52482,41.68695],[-87.52467,41.69181],[-87.5249,41.69181],[-87.5256,41.69181],[-87.52583,41.69182],[-87.52608,41.69182],[-87.52681,41.69182],[-87.52705,41.69182],[-87.52729,41.69182],[-87.52802,41.69183],[-87.52827,41.69183],[-87.52851,41.69183],[-87.52924,41.69183],[-87.52948,41.69183],[-87.52965,41.69183],[-87.53018,41.69183],[-87.53035,41.69183],[-87.53035,41.69114],[-87.53035,41.68905],[-87.53035,41.68836],[-87.53035,41.68821],[-87.53035,41.68797],[-87.53035,41.68679],[-87.53035,41.6864],[-87.53036,41.68605],[-87.5304,41.68501],[-87.53042,41.68466],[-87.53066,41.68461],[-87.5314,41.68447],[-87.53165,41.68442],[-87.53189,41.68443],[-87.53224,41.68443],[-87.53261,41.68443],[-87.53285,41.68444],[-87.53309,41.68444],[-87.53345,41.68444],[-87.53382,41.68444],[-87.53406,41.68444],[-87.5343,41.68443],[-87.53466,41.68442],[-87.53502,41.68441],[-87.53526,41.68441],[-87.5355,41.68441],[-87.53587,41.68442],[-87.53623,41.68442],[-87.53647,41.68442],[-87.53671,41.68443],[-87.53707,41.68444],[-87.53743,41.68444],[-87.53767,41.68445],[-87.53791,41.68445],[-87.53864,41.68444],[-87.53888,41.68444],[-87.53913,41.68444],[-87.53947,41.68445],[-87.53988,41.68445],[-87.54013,41.68446],[-87.54013,41.68413],[-87.54012,41.68313],[-87.54012,41.6828],[-87.54032,41.68283],[-87.54036,41.68282],[-87.54048,41.68282],[-87.54106,41.68281],[-87.5413,41.68281],[-87.54138,41.68281],[-87.54164,41.6828],[-87.54173,41.6828],[-87.54192,41.6828],[-87.542,41.6828],[-87.5428,41.68281],[-87.54287,41.68281],[-87.54306,41.68281],[-87.5432,41.68281],[-87.54322,41.68281],[-87.5437,41.68281],[-87.54386,41.68281],[-87.54408,41.68281],[-87.54429,41.68281],[-87.54462,41.6828],[-87.54475,41.68279],[-87.54487,41.68278],[-87.5449,41.68278],[-87.54492,41.68276],[-87.54495,41.68273],[-87.54499,41.68273],[-87.5451,41.68274],[-87.54513,41.68274],[-87.54513,41.68238],[-87.54512,41.6813],[-87.54512,41.68094],[-87.54512,41.67952],[-87.54513,41.67526],[-87.54513,41.67383],[-87.54539,41.67267],[-87.54618,41.66919],[-87.54644,41.66802],[-87.54644,41.66779],[-87.54643,41.66708],[-87.54643,41.66684],[-87.54643,41.66669],[-87.54644,41.66656],[-87.54646,41.66571],[-87.54646,41.66558],[-87.54646,41.66543],[-87.54646,41.66527],[-87.54645,41.6648],[-87.54645,41.66465],[-87.54645,41.66429],[-87.54644,41.66321],[-87.54644,41.66285],[-87.54642,41.66246],[-87.54638,41.66163],[-87.54634,41.6613],[-87.54629,41.66112],[-87.54622,41.66093],[-87.54608,41.66063],[-87.54599,41.66049],[-87.54584,41.66025],[-87.54564,41.65996],[-87.54537,41.65968],[-87.545,41.65941],[-87.5446,41.65912],[-87.54484,41.65925],[-87.54502,41.65934],[-87.54553,41.65966],[-87.54576,41.65981],[-87.54604,41.65997],[-87.54688,41.66045],[-87.54716,41.66061],[-87.54728,41.66068],[-87.54764,41.66088],[-87.54776,41.66094],[-87.54784,41.66099],[-87.5481,41.66113],[-87.54819,41.66117],[-87.54846,41.66133],[-87.54928,41.66179],[-87.54955,41.66194],[-87.54955,41.66186],[-87.54955,41.66175],[-87.54956,41.66174],[-87.54955,41.66118],[-87.54955,41.66099],[-87.54955,41.66063],[-87.54955,41.65964],[-87.54955,41.65954],[-87.54955,41.65918],[-87.54955,41.65881],[-87.54955,41.65772],[-87.54956,41.65735],[-87.54956,41.65699],[-87.54956,41.65589],[-87.54956,41.65552],[-87.54957,41.65515],[-87.54957,41.65406],[-87.54958,41.65369],[-87.54958,41.65333],[-87.54958,41.65223],[-87.54959,41.65186],[-87.54959,41.65176],[-87.54959,41.65144]]]},"properties":{"name":"Coal Closure Energy Community","category":"coal_closure","tractGeoid":"17031550100","county":"Cook County, Illinois","qualification":"Adjoins a coal closure tract","vintage":"2024.1"}},{"type":"Feature","geometry":{"type":"Polygon","coordinates":[[[-87.74503,41.81721],[-87.74504,41.81713],[-87.74503,41.81705],[-87.74499,41.81684],[-87.74498,41.81679],[-87.74496,41.81671],[-87.74496,41.81662],[-87.74496,41.81656],[-87.74496,41.81634],[-87.74496,41.81625],[-87.74469,41.81634],[-87.74465,41.81635],[-87.74405,41.81656],[-87.74383,41.81664],[-87.74372,41.81666],[-87.74363,41.81668],[-87.74348,41.81673],[-87.74348,41.81668],[-87.74348,41.81654],[-87.74349,41.81652],[-87.74349,41.81649],[-87.74348,41.81642],[-87.74348,41.81618],[-87.74345,41.81525],[-87.74344,41.81494],[-87.74343,41.81457],[-87.74342,41.81347],[-87.74341,41.81324],[-87.74341,41.8131],[-87.7434,41.81292],[-87.74339,41.81274],[-87.74337,41.81197],[-87.74335,41.81165],[-87.74333,41.81128],[-87.74333,41.81092],[-87.74332,41.81058],[-87.7433,41.80982],[-87.7433,41.80945],[-87.74329,41.80909],[-87.74326,41.80809],[-87.74325,41.80799],[-87.74323,41.80762],[-87.74316,41.80763],[-87.74308,41.80764],[-87.74292,41.80765],[-87.74255,41.80766],[-87.74241,41.80766],[-87.74218,41.80765],[-87.74209,41.80765],[-87.74194,41.80765],[-87.74169,41.80765],[-87.74096,41.80766],[-87.74072,41.80766],[-87.74047,41.80766],[-87.73974,41.80767],[-87.73949,41.80768],[-87.73924,41.80768],[-87.73847,41.80769],[-87.73841,41.80769],[-87.73834,41.80769],[-87.73821,41.80769],[-87.73822,41.80806],[-87.73825,41.80917],[-87.73826,41.80954],[-87.73827,41.8099],[-87.73831,41.81098],[-87.73832,41.81134],[-87.73846,41.81311],[-87.7385,41.815],[-87.73854,41.81804],[-87.73854,41.81815],[-87.73854,41.81833],[-87.73854,41.81844],[-87.73854,41.81847],[-87.73854,41.81858],[-87.73854,41.81872],[-87.73854,41.8188],[-87.73854,41.81882],[-87.73854,41.81945],[-87.73854,41.81967],[-87.73855,41.81984],[-87.73858,41.82037],[-87.73859,41.82055],[-87.7386,41.8207],[-87.73862,41.82085],[-87.73864,41.82107],[-87.73864,41.82114],[-87.73866,41.82129],[-87.73866,41.82146],[-87.73866,41.82197],[-87.73866,41.82214],[-87.73918,41.82216],[-87.74074,41.82222],[-87.74098,41.82223],[-87.74126,41.82224],[-87.74172,41.82223],[-87.74204,41.82222],[-87.74309,41.82219],[-87.74355,41.82217],[-87.74383,41.82214],[-87.74467,41.82203],[-87.7447,41.82202],[-87.74475,41.82199],[-87.7449,41.82199],[-87.74495,41.82199],[-87.74497,41.82165],[-87.74502,41.82062],[-87.74504,41.82028],[-87.74504,41.82015],[-87.74504,41.8201],[-87.74502,41.81997],[-87.74498,41.81954],[-87.74496,41.81936],[-87.74496,41.81921],[-87.74496,41.81911],[-87.74496,41.81887],[-87.74496,41.81878],[-87.74496,41.81875],[-87.74496,41.81863],[-87.74496,41.81842],[-87.74496,41.81776],[-87.74496,41.81754],[-87.74498,41.81746],[-87.74503,41.81721]]]},"properties":{"name":"Coal Closure Energy Community","category":"coal_closure","tractGeoid":"17031560100","county":"Cook County, Illinois","qualification":"Adjoins a coal closure tract","vintage":"2024.1"}},{"type":"Feature","geometry":{"type":"Polygon","coordinates":[[[-87.72406,41.82314],[-87.72406,41.8231],[-87.72406,41.82304],[-87.72406,41.823],[-87.72405,41.82279],[-87.72405,41.82274],[-87.72405,41.82263],[-87.72405,41.82258],[-87.72405,41.82255],[-87.72404,41.82226],[-87.72402,41.8217],[-87.72402,41.82159],[-87.72402,41.82122],[-87.72402,41.82111],[-87.72402,41.82109],[-87.72399,41.81997],[-87.72398,41.81959],[-87.72397,41.81933],[-87.72397,41.81909],[-87.72397,41.81896],[-87.72397,41.81882],[-87.72396,41.81856],[-87.72396,41.81843],[-87.72395,41.81813],[-87.72393,41.81772],[-87.72393,41.81751],[-87.72392,41.81733],[-87.72392,41.81724],[-87.72391,41.81694],[-87.72391,41.81683],[-87.7239,41.81648],[-87.7239,41.81637],[-87.72389,41.81614],[-87.72388,41.81551],[-87.72388,41.81544],[-87.72387,41.8152],[-87.72385,41.81484],[-87.72381,41.81374],[-87.7238,41.81337],[-87.72378,41.81301],[-87.72376,41.81241],[-87.72375,41.81228],[-87.72374,41.81191],[-87.72373,41.81155],[-87.72371,41.81118],[-87.72367,41.81008],[-87.72366,41.80971],[-87.72364,41.80935],[-87.72361,41.80834],[-87.7236,41.80825],[-87.72359,41.80789],[-87.72358,41.80752],[-87.72358,41.80743],[-87.72356,41.80679],[-87.72355,41.80642],[-87.72353,41.80605],[-87.72329,41.80605],[-87.72292,41.80606],[-87.72255,41.80606],[-87.72231,41.80606],[-87.72232,41.80627],[-87.72232,41.80638],[-87.72232,41.80643],[-87.72235,41.80744],[-87.72235,41.80753],[-87.72237,41.8079],[-87.72216,41.8079],[-87.72113,41.80791],[-87.72088,41.80791],[-87.72014,41.80792],[-87.71989,41.80792],[-87.71965,41.80793],[-87.71928,41.80793],[-87.71892,41.80794],[-87.71868,41.80794],[-87.71844,41.80794],[-87.71807,41.80795],[-87.7177,41.80795],[-87.71746,41.80796],[-87.71721,41.80796],[-87.71685,41.80796],[-87.71648,41.80797],[-87.71624,41.80797],[-87.71583,41.80798],[-87.7146,41.80799],[-87.71419,41.808],[-87.71413,41.808],[-87.71397,41.808],[-87.71394,41.808],[-87.71388,41.808],[-87.71388,41.80804],[-87.71388,41.80815],[-87.71388,41.80819],[-87.71391,41.80891],[-87.714,41.81106],[-87.71403,41.81178],[-87.71405,41.81249],[-87.71409,41.81462],[-87.71411,41.81533],[-87.71416,41.81675],[-87.71431,41.82102],[-87.71432,41.82146],[-87.71433,41.82244],[-87.71432,41.82264],[-87.7143,41.82322],[-87.71429,41.82341],[-87.71428,41.82357],[-87.71427,41.82404],[-87.71427,41.8242],[-87.71427,41.8245],[-87.71428,41.82489],[-87.71429,41.82538],[-87.71429,41.82567],[-87.7143,41.82578],[-87.71432,41.82606],[-87.71432,41.82609],[-87.71432,41.8262],[-87.71458,41.82612],[-87.71501,41.82598],[-87.71535,41.82587],[-87.71561,41.8258],[-87.71601,41.82567],[-87.71642,41.82554],[-87.7172,41.8253],[-87.71759,41.82517],[-87.71787,41.82508],[-87.71855,41.82487],[-87.71889,41.82477],[-87.71908,41.82471],[-87.71932,41.82463],[-87.72012,41.82438],[-87.72161,41.82391],[-87.72169,41.82388],[-87.72277,41.82355],[-87.72283,41.82353],[-87.7235,41.82332],[-87.72406,41.82314]]]},"properties":{"name":"Coal Closure Energy Community","category":"coal_closure","tractGeoid":"17031570100","county":"Cook County, Illinois","qualification":"Adjoins a coal closure tract","vintage":"2024.1"}},{"type":"Feature","geometry":{"type":"Polygon","coordinates":[[[-87.73854,41.81858],[-87.73854,41.81847],[-87.73854,41.81844],[-87.73854,41.81833],[-87.73854,41.81815],[-87.73854,41.81804],[-87.7385,41.815],[-87.73846,41.81311],[-87.73832,41.81134],[-87.73831,41.81098],[-87.73827,41.8099],[-87.73826,41.80954],[-87.73825,41.80917],[-87.73822,41.80806],[-87.73821,41.80769],[-87.738,41.80769],[-87.73737,41.8077],[-87.73716,41.80771],[-87.73697,41.80771],[-87.73689,41.80771],[-87.73609,41.80772],[-87.73582,41.80772],[-87.73558,41.80772],[-87.73521,41.80773],[-87.73485,41.80773],[-87.7346,41.80774],[-87.73436,41.80774],[-87.73399,41.80775],[-87.73362,41.80775],[-87.73338,41.80775],[-87.73318,41.80776],[-87.73258,41.80776],[-87.73239,41.80777],[-87.73236,41.80777],[-87.73216,41.80777],[-87.73109,41.80778],[-87.73095,41.80779],[-87.73091,41.80779],[-87.7298,41.8078],[-87.72971,41.8078],[-87.72947,41.8078],[-87.72873,41.80781],[-87.72848,41.80782],[-87.72824,41.80782],[-87.7275,41.80783],[-87.72726,41.80783],[-87.72702,41.80784],[-87.72628,41.80785],[-87.72604,41.80785],[-87.72579,41.80785],[-87.72506,41.80786],[-87.72481,41.80786],[-87.7247,41.80786],[-87.72457,41.80787],[-87.7242,41.80788],[-87.72384,41.80789],[-87.72359,41.80789],[-87.7236,41.80825],[-87.72361,41.80834],[-87.72364,41.80935],[-87.72366,41.80971],[-87.72367,41.81008],[-87.72371,41.81118],[-87.72373,41.81155],[-87.72374,41.81191],[-87.72375,41.81228],[-87.72376,41.81241],[-87.72378,41.81301],[-87.7238,41.81337],[-87.72381,41.81374],[-87.72385,41.81484],[-87.72387,41.8152],[-87.72388,41.81544],[-87.72388,41.81551],[-87.72389,41.81614],[-87.7239,41.81637],[-87.7239,41.81648],[-87.72391,41.81683],[-87.72391,41.81694],[-87.72392,41.81724],[-87.72392,41.81733],[-87.72393,41.81751],[-87.72393,41.81772],[-87.72395,41.81813],[-87.72396,41.81843],[-87.72396,41.81856],[-87.72397,41.81882],[-87.72397,41.81896],[-87.72397,41.81909],[-87.72397,41.81933],[-87.72398,41.81959],[-87.72399,41.81997],[-87.72402,41.82109],[-87.72402,41.82111],[-87.72402,41.82122],[-87.72402,41.82159],[-87.72402,41.8217],[-87.72404,41.82226],[-87.72405,41.82255],[-87.72405,41.82258],[-87.72405,41.82263],[-87.72405,41.82274],[-87.72405,41.82279],[-87.72406,41.823],[-87.72406,41.82304],[-87.72406,41.8231],[-87.72406,41.82314],[-87.72453,41.82299],[-87.72545,41.8227],[-87.72651,41.82237],[-87.72663,41.82233],[-87.72739,41.82209],[-87.72872,41.82167],[-87.72898,41.82159],[-87.73103,41.82095],[-87.73176,41.82072],[-87.7318,41.82071],[-87.73312,41.82029],[-87.73414,41.81997],[-87.73519,41.81964],[-87.73548,41.81955],[-87.73646,41.81924],[-87.73719,41.81901],[-87.73772,41.81885],[-87.73829,41.81866],[-87.73854,41.81858]]]},"properties":{"name":"Coal Closure Energy Community","category":"coal_closure","tractGeoid":"17031570200","county":"Cook County, Illinois","qualification":"Adjoins a coal closure tract","vintage":"2024.1"}},{"type":"Feature","geometry":{"type":"Polygon","coordinates":[[[-87.70465,41.82924],[-87.70465,41.82919],[-87.70465,41.82916],[-87.70465,41.8291],[-87.70464,41.82902],[-87.70464,41.82891],[-87.70464,41.82883],[-87.70464,41.82879],[-87.70463,41.82865],[-87.70463,41.8286],[-87.70463,41.82849],[-87.70462,41.82826],[-87.70459,41.82818],[-87.70456,41.82809],[-87.70456,41.82796],[-87.70456,41.8279],[-87.70454,41.82736],[-87.70454,41.82717],[-87.70453,41.82699],[-87.70452,41.82652],[-87.70451,41.82642],[-87.70451,41.82635],[-87.70451,41.82629],[-87.70451,41.82624],[-87.70451,41.82619],[-87.7045,41.82605],[-87.70449,41.82552],[-87.70449,41.82551],[-87.70448,41.82532],[-87.70448,41.82514],[-87.70446,41.82459],[-87.70445,41.82441],[-87.70445,41.82423],[-87.70443,41.82369],[-87.70443,41.82351],[-87.70442,41.82332],[-87.70441,41.82277],[-87.70441,41.82272],[-87.70441,41.82269],[-87.70445,41.8226],[-87.70396,41.82261],[-87.70393,41.82261],[-87.7038,41.82261],[-87.70257,41.82263],[-87.7025,41.82263],[-87.70201,41.82265],[-87.70152,41.82266],[-87.70134,41.82266],[-87.70012,41.82269],[-87.70004,41.82269],[-87.69954,41.8227],[-87.69905,41.82271],[-87.69758,41.82273],[-87.69709,41.82274],[-87.6966,41.82275],[-87.6952,41.82278],[-87.69512,41.82278],[-87.69463,41.82279],[-87.69462,41.82296],[-87.69462,41.82298],[-87.69463,41.82352],[-87.69464,41.82371],[-87.69464,41.82389],[-87.69466,41.82415],[-87.69466,41.82444],[-87.69467,41.82462],[-87.69467,41.8248],[-87.69469,41.82535],[-87.69469,41.82553],[-87.6947,41.82567],[-87.69471,41.82609],[-87.69471,41.82623],[-87.69472,41.82628],[-87.69472,41.82643],[-87.69472,41.82648],[-87.69472,41.82659],[-87.69472,41.82665],[-87.69474,41.82717],[-87.69475,41.82735],[-87.69475,41.82753],[-87.69476,41.82809],[-87.69477,41.82828],[-87.69477,41.82844],[-87.69478,41.82869],[-87.69479,41.82893],[-87.6948,41.8291],[-87.69483,41.82918],[-87.69485,41.82927],[-87.69485,41.82929],[-87.69486,41.82982],[-87.69486,41.82988],[-87.69486,41.82993],[-87.69486,41.83008],[-87.69487,41.83033],[-87.69487,41.83036],[-87.69489,41.8307],[-87.69494,41.83119],[-87.69494,41.83125],[-87.69494,41.83147],[-87.69495,41.83163],[-87.69495,41.83176],[-87.69496,41.83205],[-87.69496,41.83212],[-87.69497,41.83215],[-87.69497,41.83224],[-87.69497,41.83229],[-87.69525,41.8322],[-87.69548,41.83213],[-87.697,41.83165],[-87.6975,41.83149],[-87.69851,41.83117],[-87.69967,41.83081],[-87.70063,41.8305],[-87.70152,41.83022],[-87.70228,41.82999],[-87.70253,41.82991],[-87.70295,41.82978],[-87.70409,41.82942],[-87.70423,41.82937],[-87.70453,41.82928],[-87.70459,41.82926],[-87.70465,41.82924]]]},"properties":{"name":"Coal Closure Energy Community","category":"coal_closure","tractGeoid":"17031580200","county":"Cook County, Illinois","qualification":"Adjoins a coal closure tract","vintage":"2024.1"}},{"type":"Feature","geometry":{"type":"Polygon","coordinates":[[[-87.71432,41.82264],[-87.71433,41.82244],[-87.71432,41.82244],[-87.71383,41.82247],[-87.71342,41.82247],[-87.71218,41.82249],[-87.71176,41.8225],[-87.71146,41.8225],[-87.71056,41.82251],[-87.71026,41.82252],[-87.71007,41.82252],[-87.7095,41.82253],[-87.70931,41.82253],[-87.70882,41.82254],[-87.70735,41.82256],[-87.70686,41.82256],[-87.70637,41.82257],[-87.70625,41.82257],[-87.70501,41.82259],[-87.70493,41.82259],[-87.70445,41.8226],[-87.70441,41.82269],[-87.70441,41.82272],[-87.70441,41.82277],[-87.70442,41.82332],[-87.70443,41.82351],[-87.70443,41.82369],[-87.70445,41.82423],[-87.70445,41.82441],[-87.70446,41.82459],[-87.70448,41.82514],[-87.70448,41.82532],[-87.70449,41.82551],[-87.70449,41.82552],[-87.7045,41.82605],[-87.70451,41.82619],[-87.70451,41.82624],[-87.70451,41.82629],[-87.70451,41.82635],[-87.70451,41.82642],[-87.70452,41.82652],[-87.70453,41.82699],[-87.70454,41.82717],[-87.70454,41.82736],[-87.70456,41.8279],[-87.70456,41.82796],[-87.70456,41.82809],[-87.70459,41.82818],[-87.70462,41.82826],[-87.70463,41.82849],[-87.70463,41.8286],[-87.70463,41.82865],[-87.70464,41.82879],[-87.70464,41.82883],[-87.70464,41.82891],[-87.70464,41.82902],[-87.70465,41.8291],[-87.70465,41.82916],[-87.70465,41.82919],[-87.70465,41.82924],[-87.70483,41.82918],[-87.70536,41.82902],[-87.70554,41.82896],[-87.70596,41.82883],[-87.70683,41.82856],[-87.70714,41.82846],[-87.70721,41.82844],[-87.70762,41.82831],[-87.70797,41.8282],[-87.70801,41.82819],[-87.709,41.82787],[-87.70934,41.82776],[-87.70978,41.82762],[-87.71034,41.82745],[-87.71333,41.82651],[-87.71432,41.8262],[-87.71432,41.82609],[-87.71432,41.82606],[-87.7143,41.82578],[-87.71429,41.82567],[-87.71429,41.82538],[-87.71428,41.82489],[-87.71427,41.8245],[-87.71427,41.8242],[-87.71427,41.82404],[-87.71428,41.82357],[-87.71429,41.82341],[-87.7143,41.82322],[-87.71432,41.82264]]]},"properties":{"name":"Coal Closure Energy Community","category":"coal_closure","tractGeoid":"17031580300","county":"Cook County, Illinois","qualification":"Adjoins a coal closure tract","vintage":"2024.1"}},{"type":"Feature","geometry":{"type":"Polygon","coordinates":[[[-87.66082,41.84593],[-87.66078,41.84586],[-87.66077,41.84584],[-87.66076,41.8458],[-87.6607,41.84567],[-87.66068,41.84562],[-87.66065,41.84555],[-87.66059,41.84543],[-87.66056,41.84536],[-87.6603,41.84486],[-87.66027,41.84482],[-87.66014,41.84467],[-87.66,41.8445],[-87.65975,41.84421],[-87.65957,41.844],[-87.65943,41.84384],[-87.65923,41.84361],[-87.65915,41.84351],[-87.65883,41.84314],[-87.65868,41.84297],[-87.65864,41.84291],[-87.65862,41.84289],[-87.6585,41.84275],[-87.65844,41.84268],[-87.65841,41.84264],[-87.65837,41.84259],[-87.65831,41.84252],[-87.65829,41.8425],[-87.65826,41.84246],[-87.65819,41.84238],[-87.65815,41.84234],[-87.65813,41.84231],[-87.6581,41.84228],[-87.65798,41.84214],[-87.65784,41.84197],[-87.65774,41.84185],[-87.65768,41.84179],[-87.65737,41.84144],[-87.65732,41.84138],[-87.65626,41.84016],[-87.65591,41.83975],[-87.65563,41.83942],[-87.6556,41.83939],[-87.65467,41.8383],[-87.65436,41.83794],[-87.6542,41.83795],[-87.65374,41.83795],[-87.65359,41.83796],[-87.65351,41.83796],[-87.65326,41.83796],[-87.65318,41.83796],[-87.65304,41.83796],[-87.65261,41.83797],[-87.65247,41.83797],[-87.65224,41.83797],[-87.65154,41.83798],[-87.6513,41.83799],[-87.65127,41.83799],[-87.65118,41.83799],[-87.65115,41.83799],[-87.65105,41.83799],[-87.65075,41.83799],[-87.65065,41.83799],[-87.6504,41.838],[-87.65008,41.838],[-87.64966,41.83801],[-87.64941,41.83801],[-87.64984,41.8385],[-87.65092,41.83976],[-87.6511,41.83997],[-87.65152,41.84046],[-87.65169,41.84066],[-87.65221,41.84126],[-87.65238,41.84145],[-87.65273,41.84186],[-87.65378,41.84309],[-87.65384,41.84316],[-87.65413,41.8435],[-87.65422,41.8436],[-87.65437,41.84378],[-87.65444,41.84386],[-87.65446,41.84389],[-87.65448,41.84391],[-87.6545,41.84392],[-87.65456,41.84399],[-87.65457,41.84401],[-87.65464,41.84409],[-87.6547,41.84416],[-87.65485,41.84434],[-87.65486,41.84435],[-87.65492,41.84442],[-87.65496,41.84447],[-87.65508,41.84461],[-87.65511,41.84465],[-87.6557,41.84532],[-87.65589,41.84555],[-87.65605,41.84574],[-87.65636,41.8461],[-87.65641,41.84615],[-87.65654,41.84632],[-87.6567,41.84652],[-87.65692,41.84671],[-87.65758,41.84731],[-87.65781,41.84751],[-87.65785,41.84756],[-87.658,41.84769],[-87.65805,41.84773],[-87.65836,41.84756],[-87.65863,41.84741],[-87.65868,41.84739],[-87.65885,41.8473],[-87.66027,41.84631],[-87.66082,41.84593]]]},"properties":{"name":"Coal Closure Energy Community","category":"coal_closure","tractGeoid":"17031600600","county":"Cook County, Illinois","qualification":"Adjoins a coal closure tract","vintage":"2024.1"}},{"type":"Feature","geometry":{"type":"Polygon","coordinates":[[[-87.66498,41.84171],[-87.66499,41.84147],[-87.66493,41.84128],[-87.66482,41.84106],[-87.66469,41.84085],[-87.66466,41.8407],[-87.66461,41.84039],[-87.66447,41.83978],[-87.66445,41.83966],[-87.66445,41.83961],[-87.66437,41.83938],[-87.66432,41.83932],[-87.66431,41.8393],[-87.66426,41.83921],[-87.6642,41.83913],[-87.66402,41.83885],[-87.66397,41.83876],[-87.66391,41.83867],[-87.66352,41.83807],[-87.66335,41.83779],[-87.66324,41.83762],[-87.66316,41.83722],[-87.66307,41.83693],[-87.66226,41.836],[-87.66172,41.83538],[-87.66173,41.83565],[-87.66174,41.83588],[-87.66181,41.83737],[-87.66182,41.83751],[-87.66186,41.83786],[-87.66181,41.83785],[-87.66166,41.83784],[-87.66126,41.83785],[-87.66106,41.83785],[-87.66086,41.83786],[-87.66081,41.83786],[-87.66069,41.83786],[-87.66065,41.83786],[-87.66038,41.83786],[-87.66026,41.83786],[-87.65999,41.83787],[-87.65959,41.83787],[-87.65933,41.83787],[-87.65915,41.83788],[-87.65904,41.83788],[-87.65862,41.83788],[-87.65861,41.83788],[-87.65845,41.83789],[-87.65813,41.83789],[-87.6572,41.8379],[-87.65689,41.83791],[-87.65672,41.83791],[-87.6562,41.83792],[-87.65603,41.83792],[-87.65596,41.83792],[-87.65575,41.83792],[-87.65568,41.83793],[-87.65551,41.83793],[-87.65541,41.83793],[-87.65498,41.83794],[-87.65481,41.83794],[-87.65472,41.83794],[-87.65445,41.83794],[-87.65436,41.83794],[-87.65467,41.8383],[-87.6556,41.83939],[-87.65563,41.83942],[-87.65591,41.83975],[-87.65626,41.84016],[-87.65732,41.84138],[-87.65737,41.84144],[-87.65768,41.84179],[-87.65774,41.84185],[-87.65784,41.84197],[-87.65798,41.84214],[-87.6581,41.84228],[-87.65813,41.84231],[-87.65815,41.84234],[-87.65819,41.84238],[-87.65826,41.84246],[-87.65829,41.8425],[-87.65831,41.84252],[-87.65837,41.84259],[-87.65841,41.84264],[-87.65844,41.84268],[-87.6585,41.84275],[-87.65862,41.84289],[-87.65864,41.84291],[-87.65868,41.84297],[-87.65883,41.84314],[-87.65915,41.84351],[-87.65923,41.84361],[-87.65943,41.84384],[-87.65957,41.844],[-87.65975,41.84421],[-87.66,41.8445],[-87.66014,41.84467],[-87.66027,41.84482],[-87.6603,41.84486],[-87.66056,41.84536],[-87.66059,41.84543],[-87.66065,41.84555],[-87.66068,41.84562],[-87.6607,41.84567],[-87.66076,41.8458],[-87.66077,41.84584],[-87.66078,41.84586],[-87.66082,41.84593],[-87.66155,41.84545],[-87.66178,41.84534],[-87.66315,41.84469],[-87.66445,41.84462],[-87.66447,41.84435],[-87.66447,41.8443],[-87.66448,41.84428],[-87.66447,41.84419],[-87.66436,41.8434],[-87.6643,41.84296],[-87.66434,41.84271],[-87.66442,41.84257],[-87.66482,41.84208],[-87.66496,41.84185],[-87.66498,41.84171]]]},"properties":{"name":"Coal Closure Energy Community","category":"coal_closure","tractGeoid":"17031600700","county":"Cook County, Illinois","qualification":"Adjoins a coal closure tract","vintage":"2024.1"}},{"type":"Feature","geometry":{"type":"Polygon","coordinates":[[[-87.75396,41.84439],[-87.75396,41.84438],[-87.75395,41.8443],[-87.75395,41.84421],[-87.75394,41.84393],[-87.75393,41.84384],[-87.75393,41.84373],[-87.75391,41.84339],[-87.75391,41.84336],[-87.7539,41.84328],[-87.7539,41.84326],[-87.75389,41.84319],[-87.75389,41.84317],[-87.75387,41.84278],[-87.75383,41.84213],[-87.7538,41.84162],[-87.75378,41.84123],[-87.75377,41.84116],[-87.75376,41.84094],[-87.75376,41.84087],[-87.75375,41.84075],[-87.75374,41.84047],[-87.75373,41.84037],[-87.75373,41.84025],[-87.75373,41.84019],[-87.75373,41.84017],[-87.75372,41.84003],[-87.75372,41.83998],[-87.75372,41.83984],[-87.75372,41.83969],[-87.75371,41.83941],[-87.75371,41.83927],[-87.75372,41.83909],[-87.75374,41.8389],[-87.75371,41.8388],[-87.75368,41.83869],[-87.75368,41.83855],[-87.75368,41.83853],[-87.75368,41.83836],[-87.75367,41.83818],[-87.75367,41.83813],[-87.75367,41.83791],[-87.75367,41.83768],[-87.75367,41.83763],[-87.75366,41.83745],[-87.75366,41.83727],[-87.75366,41.83722],[-87.75366,41.83699],[-87.75365,41.83676],[-87.75365,41.83672],[-87.75365,41.83654],[-87.75365,41.83635],[-87.75365,41.83631],[-87.75364,41.83608],[-87.75364,41.83585],[-87.75364,41.8358],[-87.75364,41.83562],[-87.75363,41.83544],[-87.75363,41.83539],[-87.75362,41.83517],[-87.75362,41.83494],[-87.75362,41.83489],[-87.75361,41.83471],[-87.75361,41.83453],[-87.75361,41.83448],[-87.7536,41.83425],[-87.75359,41.83403],[-87.75359,41.83398],[-87.75359,41.8338],[-87.75358,41.83362],[-87.75358,41.83352],[-87.75359,41.83334],[-87.7536,41.83311],[-87.7536,41.83308],[-87.7536,41.8329],[-87.7536,41.83287],[-87.7536,41.83276],[-87.7536,41.83273],[-87.7536,41.83269],[-87.75359,41.83267],[-87.75359,41.83262],[-87.75359,41.83258],[-87.75359,41.83254],[-87.75359,41.83252],[-87.75359,41.83251],[-87.75359,41.83247],[-87.75358,41.83219],[-87.75357,41.83183],[-87.75354,41.83166],[-87.75353,41.83135],[-87.75352,41.83106],[-87.75351,41.83069],[-87.7535,41.83019],[-87.75351,41.82956],[-87.75351,41.82918],[-87.75331,41.82914],[-87.75154,41.82918],[-87.74559,41.82929],[-87.74361,41.82932],[-87.74359,41.82789],[-87.74357,41.82673],[-87.74356,41.82548],[-87.74355,41.82528],[-87.74356,41.8236],[-87.74356,41.82274],[-87.74356,41.8225],[-87.74355,41.82217],[-87.74309,41.82219],[-87.74204,41.82222],[-87.74172,41.82223],[-87.74126,41.82224],[-87.74098,41.82223],[-87.74074,41.82222],[-87.73918,41.82216],[-87.73866,41.82214],[-87.73866,41.8222],[-87.73867,41.82237],[-87.73867,41.82242],[-87.73867,41.82247],[-87.73866,41.8226],[-87.73866,41.82264],[-87.7387,41.82401],[-87.7388,41.82813],[-87.73884,41.8295],[-87.73884,41.83008],[-87.73882,41.83181],[-87.73882,41.83239],[-87.73882,41.8325],[-87.73882,41.83282],[-87.73882,41.83293],[-87.73885,41.83361],[-87.73888,41.83429],[-87.73895,41.83497],[-87.73906,41.83565],[-87.73917,41.83633],[-87.73916,41.83641],[-87.73916,41.83665],[-87.73916,41.83673],[-87.73891,41.83714],[-87.73895,41.8378],[-87.73906,41.83978],[-87.7391,41.84043],[-87.73911,41.84083],[-87.73914,41.84203],[-87.73915,41.84243],[-87.73916,41.84405],[-87.7392,41.84548],[-87.73923,41.84599],[-87.73925,41.84598],[-87.73927,41.84597],[-87.73956,41.84587],[-87.7396,41.84585],[-87.73967,41.84584],[-87.73979,41.84581],[-87.74012,41.84573],[-87.74238,41.84516],[-87.74255,41.84516],[-87.74286,41.8451],[-87.74341,41.84495],[-87.74373,41.84488],[-87.74401,41.84485],[-87.74405,41.84485],[-87.74414,41.84484],[-87.7442,41.84484],[-87.7443,41.84483],[-87.74448,41.84482],[-87.74455,41.84481],[-87.74464,41.84481],[-87.74475,41.84481],[-87.74495,41.84481],[-87.74501,41.84482],[-87.74598,41.84488],[-87.74613,41.84488],[-87.74626,41.84488],[-87.74651,41.84486],[-87.747,41.84483],[-87.74707,41.84482],[-87.74787,41.84481],[-87.7482,41.84481],[-87.7485,41.84478],[-87.74865,41.84477],[-87.74898,41.84466],[-87.74898,41.84494],[-87.74913,41.84484],[-87.74916,41.84483],[-87.74926,41.84483],[-87.74945,41.84482],[-87.75093,41.8448],[-87.75143,41.84479],[-87.75189,41.84478],[-87.75327,41.84476],[-87.75373,41.84476],[-87.75378,41.84476],[-87.75386,41.84475],[-87.75391,41.84475],[-87.75396,41.84475],[-87.75396,41.84466],[-87.75396,41.84439]]]},"properties":{"name":"Coal Closure Energy Community","category":"coal_closure","tractGeoid":"17031814200","county":"Cook County, Illinois","qualification":"Adjoins a coal closure tract","vintage":"2024.1"}},{"type":"Feature","geometry":{"type":"Polygon","coordinates":[[[-87.56408,41.64464],[-87.56407,41.64453],[-87.56406,41.64428],[-87.56405,41.64404],[-87.56401,41.64306],[-87.56398,41.64226],[-87.56398,41.64224],[-87.56396,41.64173],[-87.56395,41.64164],[-87.56394,41.64129],[-87.56393,41.64123],[-87.56391,41.64083],[-87.56389,41.64037],[-87.56388,41.64026],[-87.56386,41.63992],[-87.56384,41.63952],[-87.56377,41.63833],[-87.56375,41.63794],[-87.56375,41.63762],[-87.56376,41.63667],[-87.56376,41.63635],[-87.56376,41.63632],[-87.56376,41.63622],[-87.56376,41.63619],[-87.56381,41.636],[-87.56394,41.63546],[-87.56399,41.63527],[-87.56402,41.63525],[-87.56403,41.63524],[-87.56403,41.63519],[-87.56403,41.63497],[-87.56404,41.6345],[-87.56406,41.63436],[-87.56405,41.63408],[-87.56405,41.63399],[-87.56405,41.6338],[-87.56404,41.63366],[-87.56404,41.63355],[-87.56404,41.6333],[-87.56403,41.63221],[-87.56403,41.63185],[-87.56403,41.63166],[-87.56403,41.63139],[-87.56403,41.63112],[-87.56403,41.63094],[-87.56403,41.63076],[-87.56403,41.63048],[-87.56402,41.63022],[-87.56402,41.63004],[-87.56383,41.63004],[-87.56378,41.63004],[-87.56306,41.63004],[-87.56282,41.63004],[-87.56258,41.63004],[-87.56214,41.63004],[-87.56186,41.63003],[-87.56162,41.63003],[-87.56138,41.63003],[-87.56066,41.63002],[-87.56042,41.63002],[-87.56018,41.63002],[-87.55981,41.63002],[-87.55946,41.63001],[-87.55922,41.63001],[-87.55897,41.63001],[-87.5586,41.63001],[-87.55821,41.63],[-87.55796,41.63],[-87.5577,41.63],[-87.55695,41.62999],[-87.5567,41.62999],[-87.55645,41.62999],[-87.55569,41.62998],[-87.55544,41.62998],[-87.55521,41.62998],[-87.55451,41.62997],[-87.55428,41.62997],[-87.55418,41.62997],[-87.55394,41.62996],[-87.55357,41.62996],[-87.55321,41.62996],[-87.55297,41.62996],[-87.55273,41.62996],[-87.55236,41.62996],[-87.55203,41.62996],[-87.55179,41.62996],[-87.55155,41.62996],[-87.5513,41.62996],[-87.55116,41.62997],[-87.54983,41.62997],[-87.54969,41.62997],[-87.54934,41.62998],[-87.54916,41.62998],[-87.5489,41.62998],[-87.54863,41.62997],[-87.54845,41.62996],[-87.54837,41.62996],[-87.54815,41.62994],[-87.54807,41.62993],[-87.54735,41.62999],[-87.54519,41.63018],[-87.54447,41.63025],[-87.54445,41.63028],[-87.54444,41.63031],[-87.54445,41.63039],[-87.54445,41.63042],[-87.54445,41.63044],[-87.54445,41.63049],[-87.54445,41.63051],[-87.54444,41.63096],[-87.54443,41.63098],[-87.54442,41.6315],[-87.54439,41.63326],[-87.54438,41.63353],[-87.54432,41.63354],[-87.54373,41.63357],[-87.54344,41.63359],[-87.54245,41.63364],[-87.54181,41.63321],[-87.53989,41.63193],[-87.53925,41.6315],[-87.53815,41.63135],[-87.53484,41.63091],[-87.53374,41.63076],[-87.5335,41.63064],[-87.53279,41.63027],[-87.53255,41.63014],[-87.532,41.63014],[-87.53034,41.63014],[-87.52979,41.63014],[-87.5288,41.63014],[-87.52775,41.63014],[-87.52583,41.63021],[-87.52506,41.63022],[-87.52506,41.63081],[-87.52506,41.63126],[-87.52507,41.63258],[-87.52508,41.63299],[-87.52509,41.63547],[-87.52506,41.63729],[-87.52506,41.63805],[-87.52506,41.63929],[-87.525,41.64464],[-87.5254,41.64464],[-87.52543,41.64464],[-87.52552,41.64464],[-87.52555,41.64464],[-87.52557,41.64463],[-87.52565,41.64459],[-87.52568,41.64458],[-87.5257,41.64459],[-87.52578,41.64461],[-87.5258,41.64462],[-87.52708,41.64461],[-87.52835,41.6446],[-87.52961,41.6446],[-87.53594,41.64455],[-87.53848,41.64454],[-87.53854,41.64454],[-87.53873,41.64454],[-87.53879,41.64454],[-87.53902,41.6445],[-87.5397,41.64437],[-87.53992,41.64433],[-87.54004,41.64432],[-87.5404,41.6443],[-87.54051,41.64429],[-87.54068,41.64433],[-87.54116,41.64443],[-87.54132,41.64447],[-87.54133,41.64447],[-87.54138,41.64446],[-87.54139,41.64446],[-87.54154,41.64446],[-87.542,41.64447],[-87.54215,41.64448],[-87.54218,41.64449],[-87.54225,41.64454],[-87.54228,41.64456],[-87.54235,41.64456],[-87.54256,41.64455],[-87.54263,41.64454],[-87.54267,41.64456],[-87.54279,41.6446],[-87.54283,41.64462],[-87.54386,41.64459],[-87.54533,41.64455],[-87.54697,41.64452],[-87.54801,41.6445],[-87.54887,41.64451],[-87.54978,41.64452],[-87.55148,41.64453],[-87.55235,41.64454],[-87.55349,41.64454],[-87.55629,41.64455],[-87.55693,41.64455],[-87.55807,41.64456],[-87.55813,41.64456],[-87.5583,41.64456],[-87.55836,41.64456],[-87.55855,41.64456],[-87.55913,41.64456],[-87.55932,41.64456],[-87.55962,41.6446],[-87.56053,41.64473],[-87.5609,41.64473],[-87.56202,41.64475],[-87.56239,41.64476],[-87.56252,41.64474],[-87.56292,41.6447],[-87.56306,41.64469],[-87.56326,41.64468],[-87.56387,41.64465],[-87.56408,41.64464]]]},"properties":{"name":"Coal Closure Energy Community","category":"coal_closure","tractGeoid":"17031825700","county":"Cook County, Illinois","qualification":"Adjoins a coal closure tract","vintage":"2024.1"}},{"type":"Feature","geometry":{"type":"Polygon","coordinates":[[[-87.73916,41.83641],[-87.73917,41.83633],[-87.73906,41.83565],[-87.73895,41.83497],[-87.73888,41.83429],[-87.73885,41.83361],[-87.73882,41.83293],[-87.73882,41.83282],[-87.73882,41.8325],[-87.73882,41.83239],[-87.73882,41.83181],[-87.73884,41.83008],[-87.73884,41.8295],[-87.7388,41.82813],[-87.7387,41.82401],[-87.73866,41.82264],[-87.73866,41.8226],[-87.73867,41.82247],[-87.73867,41.82242],[-87.73867,41.82237],[-87.73866,41.8222],[-87.73866,41.82214],[-87.73866,41.82197],[-87.73866,41.82146],[-87.73866,41.82129],[-87.73864,41.82114],[-87.73864,41.82107],[-87.73862,41.82085],[-87.7386,41.8207],[-87.73859,41.82055],[-87.73858,41.82037],[-87.73855,41.81984],[-87.73854,41.81967],[-87.73854,41.81945],[-87.73854,41.81882],[-87.73854,41.8188],[-87.73854,41.81872],[-87.73854,41.81858],[-87.73829,41.81866],[-87.73772,41.81885],[-87.73719,41.81901],[-87.73646,41.81924],[-87.73548,41.81955],[-87.73519,41.81964],[-87.73414,41.81997],[-87.73312,41.82029],[-87.7318,41.82071],[-87.73176,41.82072],[-87.73103,41.82095],[-87.72898,41.82159],[-87.72872,41.82167],[-87.72739,41.82209],[-87.72663,41.82233],[-87.72651,41.82237],[-87.72545,41.8227],[-87.72453,41.82299],[-87.72406,41.82314],[-87.7235,41.82332],[-87.72283,41.82353],[-87.72277,41.82355],[-87.72169,41.82388],[-87.72161,41.82391],[-87.72012,41.82438],[-87.71932,41.82463],[-87.71908,41.82471],[-87.71889,41.82477],[-87.71855,41.82487],[-87.71787,41.82508],[-87.71759,41.82517],[-87.7172,41.8253],[-87.71642,41.82554],[-87.71601,41.82567],[-87.71561,41.8258],[-87.71535,41.82587],[-87.71501,41.82598],[-87.71458,41.82612],[-87.71432,41.8262],[-87.71333,41.82651],[-87.71034,41.82745],[-87.70978,41.82762],[-87.70934,41.82776],[-87.709,41.82787],[-87.70801,41.82819],[-87.70797,41.8282],[-87.70762,41.82831],[-87.70721,41.82844],[-87.70714,41.82846],[-87.70683,41.82856],[-87.70596,41.82883],[-87.70554,41.82896],[-87.70536,41.82902],[-87.70483,41.82918],[-87.70465,41.82924],[-87.70465,41.82927],[-87.70465,41.82933],[-87.70466,41.82937],[-87.70466,41.8294],[-87.70466,41.82947],[-87.70466,41.82948],[-87.70467,41.82988],[-87.70468,41.82995],[-87.70462,41.83002],[-87.70462,41.83006],[-87.70462,41.83018],[-87.70463,41.83022],[-87.70463,41.83027],[-87.70463,41.83033],[-87.70463,41.83035],[-87.70463,41.83041],[-87.70464,41.83046],[-87.70464,41.83062],[-87.70466,41.8311],[-87.70466,41.83123],[-87.70466,41.83126],[-87.70467,41.83141],[-87.70467,41.83145],[-87.70467,41.83164],[-87.70468,41.83168],[-87.70468,41.83185],[-87.70468,41.832],[-87.70468,41.83217],[-87.70468,41.8322],[-87.70469,41.83268],[-87.7047,41.83279],[-87.7047,41.83286],[-87.7047,41.83288],[-87.7047,41.83302],[-87.70472,41.8335],[-87.70472,41.83364],[-87.70472,41.83366],[-87.70472,41.83369],[-87.70474,41.83403],[-87.70474,41.83406],[-87.70477,41.83527],[-87.70477,41.83532],[-87.70478,41.83567],[-87.70479,41.83592],[-87.70479,41.83598],[-87.70482,41.83693],[-87.70483,41.83724],[-87.70532,41.83723],[-87.70676,41.8372],[-87.70679,41.8372],[-87.70728,41.83719],[-87.70765,41.83719],[-87.70848,41.83717],[-87.70874,41.83717],[-87.7091,41.83716],[-87.70914,41.83717],[-87.70923,41.83716],[-87.7096,41.83715],[-87.70972,41.83715],[-87.70996,41.83715],[-87.71002,41.83715],[-87.71032,41.83714],[-87.71063,41.83714],[-87.71069,41.83713],[-87.71093,41.83713],[-87.71117,41.83713],[-87.71124,41.83713],[-87.71154,41.83712],[-87.71184,41.83712],[-87.71189,41.83711],[-87.71213,41.83711],[-87.71238,41.83711],[-87.71245,41.8371],[-87.71277,41.8371],[-87.71307,41.83709],[-87.71313,41.83709],[-87.71338,41.83709],[-87.71362,41.83708],[-87.71368,41.83708],[-87.71399,41.83707],[-87.71429,41.83707],[-87.71435,41.83707],[-87.7146,41.83706],[-87.71484,41.83706],[-87.7149,41.83706],[-87.71521,41.83705],[-87.71551,41.83705],[-87.71557,41.83704],[-87.71582,41.83704],[-87.71606,41.83704],[-87.71612,41.83704],[-87.71642,41.83703],[-87.71673,41.83703],[-87.71679,41.83702],[-87.71704,41.83702],[-87.71728,41.83701],[-87.71734,41.83701],[-87.71764,41.83701],[-87.71795,41.837],[-87.71801,41.837],[-87.71825,41.837],[-87.7185,41.83699],[-87.71856,41.83699],[-87.71887,41.83699],[-87.71917,41.83698],[-87.71923,41.83698],[-87.71947,41.83698],[-87.71972,41.83697],[-87.71978,41.83697],[-87.72009,41.83696],[-87.72039,41.83696],[-87.72045,41.83696],[-87.72069,41.83695],[-87.72094,41.83695],[-87.721,41.83695],[-87.72131,41.83694],[-87.72161,41.83694],[-87.72167,41.83694],[-87.72191,41.83693],[-87.72216,41.83693],[-87.72222,41.83693],[-87.72253,41.83692],[-87.72283,41.83692],[-87.72289,41.83691],[-87.72314,41.83691],[-87.72338,41.83691],[-87.72344,41.8369],[-87.72375,41.8369],[-87.72405,41.83689],[-87.72411,41.83689],[-87.72436,41.83689],[-87.7246,41.83689],[-87.72533,41.83688],[-87.72557,41.83687],[-87.72582,41.83687],[-87.72655,41.83686],[-87.72679,41.83686],[-87.72703,41.83686],[-87.72776,41.83685],[-87.728,41.83685],[-87.72822,41.83684],[-87.72824,41.83684],[-87.72888,41.83684],[-87.72897,41.83684],[-87.72922,41.83683],[-87.72946,41.83683],[-87.73019,41.83682],[-87.73043,41.83682],[-87.73067,41.83682],[-87.7314,41.83681],[-87.73164,41.83681],[-87.73189,41.83681],[-87.73246,41.8368],[-87.73262,41.8368],[-87.73286,41.83679],[-87.7331,41.83679],[-87.73339,41.83679],[-87.73383,41.83678],[-87.73408,41.83678],[-87.73457,41.83678],[-87.73606,41.83676],[-87.73618,41.83676],[-87.73656,41.83676],[-87.73692,41.83675],[-87.73801,41.83674],[-87.73803,41.83674],[-87.7384,41.83673],[-87.73855,41.83673],[-87.73896,41.83673],[-87.73901,41.83673],[-87.73916,41.83673],[-87.73916,41.83665],[-87.73916,41.83641]]]},"properties":{"name":"Coal Closure Energy Community","category":"coal_closure","tractGeoid":"17031830500","county":"Cook County, Illinois","qualification":"Retired coal-fired generator tract","vintage":"2024.1"}},{"type":"Feature","geometry":{"type":"Polygon","coordinates":[[[-87.65805,41.84773],[-87.658,41.84769],[-87.65785,41.84756],[-87.65781,41.84751],[-87.65758,41.84731],[-87.65692,41.84671],[-87.6567,41.84652],[-87.65654,41.84632],[-87.65641,41.84615],[-87.65636,41.8461],[-87.65605,41.84574],[-87.65589,41.84555],[-87.6557,41.84532],[-87.65511,41.84465],[-87.65508,41.84461],[-87.65496,41.84447],[-87.65492,41.84442],[-87.65486,41.84435],[-87.65485,41.84434],[-87.6547,41.84416],[-87.65464,41.84409],[-87.65457,41.84401],[-87.65456,41.84399],[-87.6545,41.84392],[-87.65448,41.84391],[-87.65446,41.84389],[-87.65444,41.84386],[-87.65437,41.84378],[-87.65422,41.8436],[-87.65413,41.8435],[-87.65384,41.84316],[-87.65378,41.84309],[-87.65273,41.84186],[-87.65238,41.84145],[-87.65221,41.84126],[-87.65169,41.84066],[-87.65152,41.84046],[-87.6511,41.83997],[-87.65092,41.83976],[-87.64984,41.8385],[-87.64941,41.83801],[-87.64927,41.83801],[-87.64885,41.83802],[-87.64879,41.83802],[-87.64871,41.83802],[-87.64859,41.83802],[-87.64823,41.83803],[-87.64811,41.83803],[-87.64735,41.83804],[-87.64694,41.83805],[-87.64628,41.83805],[-87.64632,41.83974],[-87.64633,41.83987],[-87.64633,41.8399],[-87.64633,41.8401],[-87.64634,41.84023],[-87.64636,41.84131],[-87.64637,41.84146],[-87.64637,41.84166],[-87.64638,41.84203],[-87.64641,41.84315],[-87.64642,41.84352],[-87.64642,41.84372],[-87.64643,41.84428],[-87.64643,41.84432],[-87.64644,41.84452],[-87.64644,41.84468],[-87.64645,41.84494],[-87.64645,41.84517],[-87.64645,41.84533],[-87.64621,41.84534],[-87.64585,41.84534],[-87.64548,41.84535],[-87.64544,41.84535],[-87.64524,41.84535],[-87.64493,41.84535],[-87.64475,41.84536],[-87.64421,41.84536],[-87.64403,41.84537],[-87.64387,41.84537],[-87.64343,41.84538],[-87.64338,41.84538],[-87.64322,41.84538],[-87.64314,41.84538],[-87.6429,41.84538],[-87.64282,41.84538],[-87.64257,41.84539],[-87.64221,41.84539],[-87.64183,41.8454],[-87.64159,41.8454],[-87.64159,41.84558],[-87.64159,41.84565],[-87.64159,41.84586],[-87.6416,41.84613],[-87.64161,41.84631],[-87.6416,41.84634],[-87.64158,41.84642],[-87.64157,41.84645],[-87.64156,41.84656],[-87.64156,41.84657],[-87.64153,41.84687],[-87.64152,41.84698],[-87.64152,41.84701],[-87.64152,41.84706],[-87.64152,41.8471],[-87.64151,41.84714],[-87.64152,41.84716],[-87.64154,41.84722],[-87.64155,41.84725],[-87.6416,41.8473],[-87.64173,41.84742],[-87.64195,41.84764],[-87.64206,41.84776],[-87.64209,41.8478],[-87.64211,41.84781],[-87.64217,41.84786],[-87.64218,41.84788],[-87.64225,41.84794],[-87.64243,41.84812],[-87.6426,41.84819],[-87.64269,41.84824],[-87.64308,41.84844],[-87.64324,41.84853],[-87.64326,41.84855],[-87.64333,41.8486],[-87.64336,41.84861],[-87.6434,41.84866],[-87.64344,41.8487],[-87.6435,41.84877],[-87.64353,41.84882],[-87.64357,41.84887],[-87.64364,41.84896],[-87.64375,41.84912],[-87.6438,41.84921],[-87.64384,41.84926],[-87.64388,41.84934],[-87.64396,41.84948],[-87.64403,41.84947],[-87.64412,41.84945],[-87.64417,41.84944],[-87.64422,41.84944],[-87.64424,41.84943],[-87.64432,41.84943],[-87.64443,41.84942],[-87.64451,41.84941],[-87.64456,41.84941],[-87.64461,41.84941],[-87.6449,41.84938],[-87.64542,41.84935],[-87.64609,41.84928],[-87.64625,41.84926],[-87.64648,41.8492],[-87.64701,41.84905],[-87.64862,41.8486],[-87.64879,41.84856],[-87.64901,41.8485],[-87.64915,41.84845],[-87.6493,41.84841],[-87.64968,41.84829],[-87.64975,41.84828],[-87.64991,41.84827],[-87.65039,41.84826],[-87.65065,41.84825],[-87.65253,41.84803],[-87.65378,41.848],[-87.65446,41.84805],[-87.65543,41.84818],[-87.65599,41.84825],[-87.65641,41.84827],[-87.65677,41.84826],[-87.65708,41.84819],[-87.65805,41.84773]]]},"properties":{"name":"Coal Closure Energy Community","category":"coal_closure","tractGeoid":"17031840200","county":"Cook County, Illinois","qualification":"Adjoins a coal closure tract","vintage":"2024.1"}},{"type":"Feature","geometry":{"type":"Polygon","coordinates":[[[-87.68745,41.83464],[-87.68745,41.83452],[-87.68744,41.83412],[-87.68742,41.83256],[-87.68741,41.83204],[-87.6874,41.83186],[-87.68737,41.83133],[-87.68735,41.83115],[-87.68736,41.83097],[-87.68736,41.83043],[-87.68736,41.83025],[-87.68735,41.82988],[-87.68732,41.82878],[-87.68731,41.82842],[-87.68731,41.82827],[-87.6873,41.82783],[-87.68729,41.82768],[-87.68725,41.82746],[-87.68725,41.82744],[-87.68714,41.8271],[-87.68704,41.82684],[-87.68695,41.82664],[-87.6862,41.82519],[-87.68623,41.82517],[-87.68626,41.82515],[-87.68633,41.82511],[-87.68645,41.82504],[-87.68648,41.82502],[-87.68651,41.825],[-87.68654,41.82498],[-87.68664,41.82491],[-87.68667,41.82489],[-87.68637,41.82459],[-87.68629,41.82451],[-87.6862,41.82443],[-87.68615,41.82436],[-87.68614,41.82432],[-87.68613,41.8242],[-87.68613,41.82417],[-87.68609,41.82339],[-87.68608,41.82332],[-87.68607,41.82303],[-87.68609,41.82296],[-87.68551,41.82298],[-87.68545,41.82298],[-87.68506,41.82299],[-87.6849,41.823],[-87.68485,41.82301],[-87.6848,41.82301],[-87.68468,41.82301],[-87.68444,41.82301],[-87.68436,41.82301],[-87.68425,41.82301],[-87.68435,41.82629],[-87.68436,41.82641],[-87.68436,41.82649],[-87.68438,41.82711],[-87.68438,41.82721],[-87.68438,41.82731],[-87.68438,41.8274],[-87.68439,41.82742],[-87.68439,41.82754],[-87.6844,41.82824],[-87.68441,41.82847],[-87.68441,41.82863],[-87.68443,41.82913],[-87.68443,41.8293],[-87.68444,41.8295],[-87.68446,41.8301],[-87.68446,41.8303],[-87.68371,41.8303],[-87.68316,41.83031],[-87.68261,41.83031],[-87.68237,41.83032],[-87.68163,41.83033],[-87.68139,41.83033],[-87.68114,41.83033],[-87.68078,41.83034],[-87.68041,41.83034],[-87.68017,41.83034],[-87.68013,41.83034],[-87.68,41.83035],[-87.67996,41.83035],[-87.67985,41.83035],[-87.67969,41.83035],[-87.67956,41.83035],[-87.67951,41.83035],[-87.67944,41.83035],[-87.6794,41.83035],[-87.67938,41.83035],[-87.67919,41.83036],[-87.67907,41.83036],[-87.67871,41.83036],[-87.67806,41.83037],[-87.67773,41.83037],[-87.67748,41.83037],[-87.67675,41.83038],[-87.67665,41.83038],[-87.67651,41.83038],[-87.67626,41.83039],[-87.6759,41.83039],[-87.67553,41.83039],[-87.67529,41.8304],[-87.67529,41.83058],[-87.67529,41.83087],[-87.6753,41.83113],[-87.6753,41.83123],[-87.6753,41.83131],[-87.67531,41.83141],[-87.67531,41.83161],[-87.67532,41.83172],[-87.67532,41.83183],[-87.67532,41.8319],[-87.67533,41.83214],[-87.67533,41.83221],[-87.67534,41.83234],[-87.67534,41.83244],[-87.67535,41.8327],[-87.67535,41.83272],[-87.67535,41.83282],[-87.67535,41.83284],[-87.67535,41.83286],[-87.67535,41.83293],[-87.67535,41.83306],[-87.67537,41.83379],[-87.67538,41.83403],[-87.67538,41.83414],[-87.67539,41.83439],[-87.67542,41.83549],[-87.67543,41.83585],[-87.67543,41.83602],[-87.67544,41.83645],[-87.67544,41.83652],[-87.67544,41.83668],[-87.67544,41.83673],[-87.67544,41.83676],[-87.67544,41.83683],[-87.67544,41.83687],[-87.67545,41.83692],[-87.67545,41.83697],[-87.67545,41.83706],[-87.67545,41.83712],[-87.67545,41.83714],[-87.67545,41.83717],[-87.67595,41.83716],[-87.67745,41.83714],[-87.67784,41.83713],[-87.67795,41.83713],[-87.67813,41.83712],[-87.67865,41.83711],[-87.67868,41.83711],[-87.67882,41.8371],[-87.6791,41.83708],[-87.67911,41.83708],[-87.67953,41.83702],[-87.67992,41.83695],[-87.68001,41.83694],[-87.68019,41.8369],[-87.6804,41.83685],[-87.68065,41.8368],[-87.68106,41.83667],[-87.68108,41.83667],[-87.68262,41.83619],[-87.6837,41.83585],[-87.68458,41.83556],[-87.68466,41.83553],[-87.68491,41.83545],[-87.68499,41.83542],[-87.68523,41.83534],[-87.68533,41.83531],[-87.68548,41.83526],[-87.68696,41.83479],[-87.68745,41.83464]]]},"properties":{"name":"Coal Closure Energy Community","category":"coal_closure","tractGeoid":"17031840300","county":"Cook County, Illinois","qualification":"Adjoins a coal closure tract","vintage":"2024.1"}},{"type":"Feature","geometry":{"type":"Polygon","coordinates":[[[-87.67545,41.83712],[-87.67545,41.83706],[-87.67545,41.83697],[-87.67545,41.83692],[-87.67544,41.83687],[-87.67544,41.83683],[-87.67544,41.83676],[-87.67544,41.83673],[-87.67544,41.83668],[-87.67544,41.83652],[-87.67544,41.83645],[-87.67543,41.83602],[-87.67543,41.83585],[-87.67542,41.83549],[-87.67539,41.83439],[-87.67538,41.83414],[-87.67538,41.83403],[-87.67537,41.83379],[-87.67535,41.83306],[-87.67535,41.83293],[-87.67535,41.83286],[-87.67535,41.83284],[-87.67535,41.83282],[-87.67535,41.83272],[-87.67535,41.8327],[-87.67534,41.83244],[-87.67534,41.83234],[-87.67533,41.83221],[-87.67533,41.83214],[-87.67532,41.8319],[-87.67532,41.83183],[-87.67532,41.83172],[-87.67531,41.83161],[-87.67531,41.83141],[-87.6753,41.83131],[-87.6753,41.83123],[-87.6753,41.83113],[-87.67529,41.83087],[-87.67529,41.83058],[-87.67529,41.8304],[-87.67504,41.8304],[-87.67431,41.83041],[-87.67407,41.83041],[-87.67382,41.83041],[-87.67309,41.83042],[-87.67285,41.83043],[-87.6726,41.83043],[-87.67187,41.83044],[-87.67163,41.83044],[-87.67138,41.83044],[-87.67102,41.83045],[-87.67065,41.83045],[-87.6704,41.83045],[-87.67016,41.83046],[-87.66975,41.83046],[-87.66943,41.83046],[-87.66918,41.83047],[-87.66894,41.83047],[-87.6682,41.83048],[-87.66796,41.83048],[-87.66771,41.83048],[-87.66698,41.83049],[-87.66691,41.83049],[-87.66674,41.8305],[-87.66651,41.8305],[-87.66641,41.8305],[-87.66612,41.8305],[-87.66581,41.83051],[-87.66557,41.83051],[-87.66532,41.83051],[-87.66491,41.83052],[-87.66456,41.83052],[-87.66431,41.83053],[-87.66413,41.83053],[-87.66361,41.83053],[-87.66343,41.83054],[-87.66322,41.83054],[-87.66257,41.83055],[-87.66236,41.83055],[-87.66216,41.83055],[-87.66157,41.83056],[-87.66137,41.83056],[-87.66064,41.83057],[-87.6602,41.83057],[-87.65928,41.83059],[-87.65924,41.83059],[-87.65804,41.8306],[-87.65773,41.8306],[-87.65753,41.83061],[-87.65733,41.83061],[-87.65738,41.83124],[-87.65746,41.83134],[-87.65759,41.8315],[-87.65795,41.83185],[-87.65968,41.83367],[-87.66022,41.83416],[-87.66095,41.83466],[-87.66172,41.83538],[-87.66226,41.836],[-87.66307,41.83693],[-87.66316,41.83722],[-87.66324,41.83762],[-87.66335,41.83779],[-87.66352,41.83807],[-87.66391,41.83867],[-87.66397,41.83876],[-87.66402,41.83885],[-87.6642,41.83913],[-87.66426,41.83921],[-87.66454,41.83905],[-87.66456,41.83904],[-87.66546,41.83851],[-87.66578,41.83834],[-87.66596,41.83824],[-87.66603,41.8382],[-87.66624,41.8381],[-87.66652,41.83798],[-87.6668,41.83786],[-87.66708,41.83777],[-87.66717,41.83774],[-87.66719,41.83773],[-87.66737,41.83768],[-87.66745,41.83765],[-87.66753,41.83763],[-87.66764,41.8376],[-87.66784,41.83755],[-87.66791,41.83754],[-87.66847,41.83743],[-87.66849,41.83742],[-87.66855,41.83741],[-87.66871,41.83739],[-87.66882,41.83737],[-87.66883,41.83737],[-87.66914,41.83735],[-87.66921,41.83734],[-87.66934,41.83733],[-87.66949,41.83732],[-87.66959,41.83732],[-87.67027,41.8373],[-87.67032,41.8373],[-87.67057,41.83729],[-87.67094,41.83729],[-87.67105,41.83728],[-87.67251,41.83724],[-87.67297,41.83723],[-87.673,41.83723],[-87.67349,41.83721],[-87.67455,41.83719],[-87.67496,41.83718],[-87.67545,41.83717],[-87.67545,41.83714],[-87.67545,41.83712]]]},"properties":{"name":"Coal Closure Energy Community","category":"coal_closure","tractGeoid":"17031840400","county":"Cook County, Illinois","qualification":"Adjoins a coal closure tract","vintage":"2024.1"}},{"type":"Feature","geometry":{"type":"Polygon","coordinates":[[[-87.70992,41.84446],[-87.70991,41.84412],[-87.70991,41.84409],[-87.70991,41.844],[-87.70989,41.84332],[-87.70988,41.843],[-87.70987,41.84263],[-87.70986,41.84227],[-87.70983,41.84117],[-87.70982,41.84081],[-87.70981,41.84044],[-87.70977,41.83934],[-87.70976,41.83898],[-87.70975,41.83861],[-87.70972,41.83752],[-87.70972,41.83743],[-87.70972,41.83715],[-87.7096,41.83715],[-87.70923,41.83716],[-87.70914,41.83717],[-87.7091,41.83716],[-87.70874,41.83717],[-87.70848,41.83717],[-87.70765,41.83719],[-87.70728,41.83719],[-87.70679,41.8372],[-87.70676,41.8372],[-87.70532,41.83723],[-87.70483,41.83724],[-87.70484,41.8376],[-87.70487,41.8387],[-87.70488,41.83906],[-87.70488,41.83917],[-87.70489,41.83948],[-87.7049,41.83959],[-87.7049,41.83985],[-87.70493,41.84062],[-87.70494,41.84088],[-87.70495,41.84125],[-87.70498,41.84234],[-87.70499,41.8427],[-87.705,41.84307],[-87.70502,41.84371],[-87.70504,41.84416],[-87.70505,41.84453],[-87.70529,41.84452],[-87.70535,41.84452],[-87.70565,41.84452],[-87.70596,41.84451],[-87.70602,41.84451],[-87.70626,41.84451],[-87.70651,41.8445],[-87.70657,41.8445],[-87.70687,41.8445],[-87.70718,41.8445],[-87.70724,41.84449],[-87.70748,41.84449],[-87.70772,41.84449],[-87.70778,41.84449],[-87.70809,41.84448],[-87.70839,41.84448],[-87.70845,41.84448],[-87.70869,41.84447],[-87.70894,41.84447],[-87.709,41.84447],[-87.7093,41.84447],[-87.70961,41.84446],[-87.70967,41.84446],[-87.70992,41.84446]]]},"properties":{"name":"Coal Closure Energy Community","category":"coal_closure","tractGeoid":"17031840800","county":"Cook County, Illinois","qualification":"Adjoins a coal closure tract","vintage":"2024.1"}},{"type":"Feature","geometry":{"type":"Polygon","coordinates":[[[-87.64396,41.84948],[-87.64388,41.84934],[-87.64384,41.84926],[-87.6438,41.84921],[-87.64375,41.84912],[-87.64364,41.84896],[-87.64357,41.84887],[-87.64353,41.84882],[-87.6435,41.84877],[-87.64344,41.8487],[-87.6434,41.84866],[-87.64336,41.84861],[-87.64333,41.8486],[-87.64326,41.84855],[-87.64324,41.84853],[-87.64308,41.84844],[-87.64269,41.84824],[-87.6426,41.84819],[-87.64243,41.84812],[-87.64225,41.84794],[-87.64218,41.84788],[-87.64217,41.84786],[-87.64211,41.84781],[-87.64209,41.8478],[-87.64206,41.84776],[-87.64195,41.84764],[-87.64173,41.84742],[-87.6416,41.8473],[-87.64155,41.84725],[-87.64154,41.84722],[-87.64152,41.84716],[-87.64151,41.84714],[-87.64152,41.8471],[-87.64152,41.84706],[-87.64152,41.84701],[-87.64152,41.84698],[-87.64153,41.84687],[-87.64156,41.84657],[-87.64156,41.84656],[-87.64157,41.84645],[-87.64158,41.84642],[-87.6416,41.84634],[-87.64161,41.84631],[-87.64128,41.84631],[-87.64046,41.84633],[-87.64031,41.84633],[-87.63999,41.84633],[-87.63993,41.84633],[-87.63973,41.84631],[-87.63926,41.84619],[-87.63913,41.84616],[-87.63836,41.84594],[-87.63832,41.84609],[-87.6383,41.84617],[-87.63825,41.84634],[-87.63808,41.84634],[-87.63804,41.84635],[-87.63788,41.84635],[-87.63712,41.84637],[-87.63702,41.84637],[-87.63698,41.84637],[-87.63693,41.84638],[-87.63688,41.84638],[-87.63677,41.84638],[-87.63673,41.84638],[-87.6367,41.84638],[-87.63668,41.84638],[-87.63661,41.84638],[-87.63658,41.84638],[-87.63622,41.84638],[-87.63619,41.84638],[-87.63571,41.84639],[-87.63503,41.8464],[-87.63464,41.8464],[-87.63463,41.84622],[-87.63462,41.84595],[-87.63462,41.84569],[-87.63462,41.8456],[-87.63461,41.84552],[-87.63455,41.84552],[-87.63435,41.84551],[-87.63429,41.84551],[-87.63404,41.84551],[-87.63364,41.84551],[-87.63331,41.84552],[-87.63307,41.84552],[-87.63284,41.84552],[-87.63247,41.84553],[-87.63237,41.84553],[-87.63214,41.84553],[-87.6319,41.84554],[-87.63184,41.84554],[-87.63181,41.84554],[-87.63161,41.84554],[-87.63158,41.84554],[-87.6315,41.84554],[-87.63109,41.84554],[-87.63093,41.84555],[-87.63067,41.84555],[-87.63035,41.84556],[-87.63,41.84555],[-87.62995,41.84555],[-87.62992,41.84555],[-87.62979,41.84555],[-87.62933,41.84556],[-87.62917,41.84556],[-87.62918,41.84578],[-87.62919,41.84614],[-87.6292,41.84645],[-87.6292,41.84659],[-87.62919,41.84663],[-87.62917,41.84664],[-87.62916,41.84665],[-87.62921,41.84667],[-87.62936,41.84675],[-87.62941,41.84677],[-87.62939,41.84697],[-87.62938,41.84707],[-87.62939,41.84716],[-87.62945,41.84763],[-87.62922,41.84779],[-87.62923,41.84783],[-87.62923,41.84797],[-87.62923,41.84807],[-87.62924,41.84872],[-87.62926,41.8489],[-87.62926,41.84893],[-87.62927,41.84922],[-87.62927,41.84944],[-87.62928,41.8495],[-87.62928,41.84998],[-87.62928,41.8501],[-87.62929,41.85032],[-87.62929,41.85047],[-87.6293,41.85093],[-87.62931,41.85108],[-87.62932,41.85146],[-87.62933,41.85201],[-87.62935,41.85258],[-87.62935,41.8528],[-87.62936,41.85296],[-87.6295,41.85295],[-87.62961,41.85295],[-87.62993,41.85295],[-87.63007,41.85295],[-87.63009,41.85312],[-87.63011,41.85331],[-87.63012,41.85352],[-87.63012,41.85362],[-87.63013,41.85379],[-87.63013,41.85385],[-87.63013,41.85403],[-87.63013,41.85409],[-87.63014,41.85413],[-87.63014,41.85421],[-87.63015,41.85474],[-87.63016,41.85513],[-87.63016,41.85542],[-87.63018,41.85592],[-87.6302,41.85659],[-87.63021,41.8568],[-87.63022,41.85744],[-87.63023,41.85757],[-87.63023,41.85762],[-87.63023,41.85765],[-87.63023,41.85768],[-87.63023,41.8577],[-87.63023,41.85776],[-87.63023,41.85779],[-87.63034,41.85778],[-87.63066,41.85778],[-87.63068,41.85778],[-87.63077,41.85778],[-87.6308,41.85777],[-87.63093,41.85777],[-87.631,41.85777],[-87.63137,41.85777],[-87.63141,41.85776],[-87.63149,41.85777],[-87.63168,41.85777],[-87.63191,41.85778],[-87.63209,41.85779],[-87.63212,41.85779],[-87.63266,41.85778],[-87.63285,41.85778],[-87.63302,41.85778],[-87.63354,41.85777],[-87.63372,41.85777],[-87.63377,41.85777],[-87.63401,41.85776],[-87.63438,41.85776],[-87.63475,41.85776],[-87.63487,41.85776],[-87.635,41.85777],[-87.63503,41.85777],[-87.63511,41.85777],[-87.63514,41.85777],[-87.63516,41.85769],[-87.6353,41.8573],[-87.63533,41.85723],[-87.63563,41.85668],[-87.63614,41.85618],[-87.63636,41.85604],[-87.63645,41.85597],[-87.63689,41.85561],[-87.63721,41.85534],[-87.63746,41.85515],[-87.6382,41.85492],[-87.63833,41.85484],[-87.63869,41.85464],[-87.63915,41.85438],[-87.63917,41.85437],[-87.63964,41.85381],[-87.63978,41.85367],[-87.64016,41.85315],[-87.64047,41.85272],[-87.64067,41.85244],[-87.64089,41.85214],[-87.64161,41.8512],[-87.64221,41.85042],[-87.64251,41.85003],[-87.64271,41.84991],[-87.64325,41.8496],[-87.64396,41.84948]]]},"properties":{"name":"Coal Closure Energy Community","category":"coal_closure","tractGeoid":"17031841100","county":"Cook County, Illinois","qualification":"Adjoins a coal closure tract","vintage":"2024.1"}},{"type":"Feature","geometry":{"type":"Polygon","coordinates":[[[-87.68822,41.85934],[-87.68821,41.85911],[-87.68819,41.8584],[-87.68818,41.85817],[-87.68818,41.85804],[-87.68818,41.85767],[-87.68818,41.85754],[-87.68818,41.85742],[-87.68818,41.85705],[-87.68818,41.85692],[-87.68816,41.8565],[-87.68814,41.8557],[-87.68812,41.85524],[-87.68812,41.85517],[-87.68809,41.85483],[-87.68809,41.85479],[-87.68808,41.85469],[-87.68808,41.85466],[-87.68807,41.85461],[-87.68806,41.85448],[-87.68806,41.85444],[-87.68806,41.85432],[-87.68804,41.85398],[-87.68803,41.85386],[-87.68799,41.85293],[-87.68806,41.85284],[-87.68796,41.85204],[-87.68796,41.85202],[-87.68788,41.85202],[-87.68771,41.85202],[-87.68749,41.85202],[-87.68626,41.85204],[-87.68611,41.85204],[-87.68595,41.85204],[-87.68565,41.85204],[-87.68515,41.85204],[-87.68504,41.85204],[-87.68436,41.85205],[-87.68378,41.85206],[-87.68368,41.85206],[-87.68319,41.85207],[-87.68295,41.85207],[-87.68222,41.85208],[-87.68198,41.85209],[-87.68173,41.85209],[-87.68099,41.8521],[-87.68075,41.85211],[-87.68026,41.85211],[-87.67879,41.85214],[-87.6783,41.85214],[-87.6783,41.85233],[-87.6783,41.85237],[-87.67831,41.8526],[-87.67832,41.85284],[-87.67832,41.85288],[-87.67832,41.85307],[-87.67833,41.85325],[-87.67833,41.8533],[-87.67834,41.85353],[-87.67834,41.85376],[-87.67834,41.8538],[-87.67835,41.85398],[-87.67835,41.8541],[-87.67836,41.85422],[-87.67836,41.85443],[-87.67836,41.85445],[-87.67836,41.85451],[-87.67836,41.85454],[-87.67836,41.85461],[-87.67837,41.85483],[-87.67837,41.8549],[-87.67838,41.85508],[-87.67838,41.85513],[-87.67839,41.85535],[-87.67839,41.85558],[-87.67839,41.85563],[-87.6784,41.85581],[-87.6784,41.856],[-87.6784,41.85604],[-87.67841,41.85627],[-87.67841,41.85655],[-87.67842,41.85661],[-87.67842,41.85673],[-87.67843,41.85691],[-87.67843,41.85696],[-87.67844,41.85718],[-87.67845,41.85741],[-87.67845,41.85746],[-87.67845,41.85764],[-87.67846,41.85782],[-87.67846,41.85787],[-87.67846,41.85809],[-87.67847,41.85835],[-87.67847,41.85847],[-87.67846,41.85849],[-87.67844,41.85851],[-87.67844,41.85855],[-87.67845,41.85867],[-87.67845,41.85872],[-87.67846,41.85876],[-87.67849,41.8589],[-87.6785,41.85895],[-87.67906,41.85891],[-87.68073,41.8588],[-87.68129,41.85876],[-87.68147,41.85876],[-87.682,41.85877],[-87.68218,41.85877],[-87.68291,41.85889],[-87.68511,41.85925],[-87.68584,41.85937],[-87.68632,41.85937],[-87.68743,41.85935],[-87.68775,41.85935],[-87.68791,41.85935],[-87.68808,41.85935],[-87.68822,41.85934]]]},"properties":{"name":"Coal Closure Energy Community","category":"coal_closure","tractGeoid":"17031841200","county":"Cook County, Illinois","qualification":"Adjoins a coal closure tract","vintage":"2024.1"}},{"type":"Feature","geometry":{"type":"Polygon","coordinates":[[[-87.68796,41.85202],[-87.68793,41.85093],[-87.68791,41.85019],[-87.6879,41.84983],[-87.68787,41.84874],[-87.68786,41.84837],[-87.68785,41.84801],[-87.68783,41.84692],[-87.68782,41.84656],[-87.68781,41.84621],[-87.6878,41.84602],[-87.68776,41.84565],[-87.68769,41.84515],[-87.68769,41.84512],[-87.68762,41.8448],[-87.68762,41.84479],[-87.68761,41.84476],[-87.68761,41.84475],[-87.68756,41.84453],[-87.68752,41.84433],[-87.68747,41.84397],[-87.68746,41.84387],[-87.68745,41.84365],[-87.68748,41.84297],[-87.68756,41.84094],[-87.68759,41.84027],[-87.6876,41.83989],[-87.68762,41.83875],[-87.68762,41.83838],[-87.68762,41.83834],[-87.68762,41.83823],[-87.68762,41.8382],[-87.68762,41.83808],[-87.68762,41.83773],[-87.68762,41.83762],[-87.68762,41.83752],[-87.68761,41.83724],[-87.68761,41.83715],[-87.68761,41.83713],[-87.68759,41.83701],[-87.68756,41.83681],[-87.68753,41.83662],[-87.68752,41.83648],[-87.6875,41.83636],[-87.68747,41.83597],[-87.68746,41.83584],[-87.68746,41.8356],[-87.68746,41.83488],[-87.68746,41.83479],[-87.68745,41.83464],[-87.68696,41.83479],[-87.68548,41.83526],[-87.68533,41.83531],[-87.68523,41.83534],[-87.68499,41.83542],[-87.68491,41.83545],[-87.68466,41.83553],[-87.68458,41.83556],[-87.6837,41.83585],[-87.68262,41.83619],[-87.68108,41.83667],[-87.68106,41.83667],[-87.68065,41.8368],[-87.6804,41.83685],[-87.68019,41.8369],[-87.68001,41.83694],[-87.67992,41.83695],[-87.67953,41.83702],[-87.67911,41.83708],[-87.6791,41.83708],[-87.67882,41.8371],[-87.67868,41.83711],[-87.67865,41.83711],[-87.67813,41.83712],[-87.67795,41.83713],[-87.67797,41.83718],[-87.67798,41.8372],[-87.678,41.8373],[-87.678,41.83733],[-87.67802,41.83738],[-87.67804,41.83752],[-87.67807,41.83788],[-87.67809,41.83792],[-87.67814,41.83803],[-87.67816,41.83806],[-87.67815,41.83816],[-87.67812,41.83844],[-87.67812,41.83854],[-87.67812,41.83862],[-87.67812,41.83889],[-87.67813,41.83897],[-87.67812,41.8391],[-87.6781,41.83947],[-87.67809,41.83959],[-87.67808,41.83968],[-87.67808,41.83972],[-87.67807,41.83988],[-87.67806,41.83995],[-87.67806,41.84004],[-87.67806,41.84011],[-87.67806,41.84012],[-87.67807,41.84027],[-87.67808,41.84035],[-87.67808,41.84043],[-87.6779,41.8406],[-87.67789,41.84066],[-87.67785,41.84073],[-87.67785,41.84084],[-87.67786,41.84096],[-87.67788,41.84107],[-87.67788,41.84124],[-87.67788,41.84139],[-87.67785,41.84154],[-87.67781,41.84166],[-87.67775,41.84178],[-87.67776,41.84185],[-87.6778,41.84189],[-87.67784,41.842],[-87.67794,41.84216],[-87.67803,41.84236],[-87.67815,41.8425],[-87.67813,41.84269],[-87.67807,41.84328],[-87.67805,41.84347],[-87.67806,41.8441],[-87.67807,41.84466],[-87.6781,41.84599],[-87.67811,41.84605],[-87.67814,41.84662],[-87.67814,41.84664],[-87.67815,41.8467],[-87.67815,41.84672],[-87.67816,41.8469],[-87.67817,41.84744],[-87.67818,41.84762],[-87.67818,41.8478],[-87.67818,41.84786],[-87.67819,41.8481],[-87.6782,41.84831],[-87.6782,41.84835],[-87.6782,41.84853],[-87.67821,41.84871],[-87.67821,41.84876],[-87.67822,41.849],[-87.67822,41.84921],[-87.67822,41.84925],[-87.67823,41.84943],[-87.67823,41.84961],[-87.67823,41.84969],[-87.67824,41.84994],[-87.67825,41.85014],[-87.67825,41.85015],[-87.67825,41.85033],[-87.67825,41.85051],[-87.67826,41.85056],[-87.67826,41.85078],[-87.67827,41.85101],[-87.67827,41.85106],[-87.67827,41.85124],[-87.67828,41.85142],[-87.67828,41.85146],[-87.67829,41.85169],[-87.67829,41.85192],[-87.67829,41.85196],[-87.6783,41.85214],[-87.67879,41.85214],[-87.68026,41.85211],[-87.68075,41.85211],[-87.68099,41.8521],[-87.68173,41.85209],[-87.68198,41.85209],[-87.68222,41.85208],[-87.68295,41.85207],[-87.68319,41.85207],[-87.68368,41.85206],[-87.68378,41.85206],[-87.68436,41.85205],[-87.68504,41.85204],[-87.68515,41.85204],[-87.68565,41.85204],[-87.68595,41.85204],[-87.68611,41.85204],[-87.68626,41.85204],[-87.68749,41.85202],[-87.68771,41.85202],[-87.68788,41.85202],[-87.68796,41.85202]]]},"properties":{"name":"Coal Closure Energy Community","category":"coal_closure","tractGeoid":"17031841300","county":"Cook County, Illinois","qualification":"Adjoins a coal closure tract","vintage":"2024.1"}},{"type":"Feature","geometry":{"type":"Polygon","coordinates":[[[-87.65188,41.87661],[-87.65188,41.87649],[-87.65187,41.87613],[-87.65187,41.87601],[-87.65186,41.87596],[-87.65186,41.87594],[-87.65186,41.87587],[-87.65186,41.87583],[-87.65186,41.87579],[-87.65186,41.87573],[-87.65186,41.87564],[-87.65185,41.87561],[-87.65185,41.87555],[-87.65185,41.87553],[-87.65185,41.87533],[-87.65184,41.87524],[-87.65184,41.87519],[-87.65184,41.87512],[-87.65184,41.87496],[-87.65183,41.87477],[-87.65182,41.87448],[-87.65182,41.87442],[-87.65181,41.87432],[-87.65181,41.87407],[-87.6518,41.87352],[-87.65177,41.8732],[-87.65167,41.87313],[-87.65167,41.87307],[-87.65131,41.87285],[-87.65129,41.87277],[-87.65125,41.87268],[-87.65127,41.87268],[-87.65129,41.87265],[-87.65129,41.87259],[-87.65128,41.8725],[-87.65127,41.87221],[-87.65126,41.87211],[-87.65126,41.87206],[-87.65126,41.87192],[-87.65125,41.87176],[-87.65124,41.87143],[-87.65124,41.87116],[-87.65123,41.87086],[-87.65122,41.87057],[-87.6512,41.86998],[-87.6512,41.86991],[-87.65119,41.86988],[-87.65114,41.86979],[-87.65113,41.86966],[-87.65113,41.86952],[-87.65113,41.8693],[-87.65112,41.86903],[-87.65109,41.86838],[-87.65107,41.86758],[-87.65105,41.86709],[-87.65104,41.86661],[-87.651,41.8655],[-87.65099,41.86517],[-87.65098,41.86469],[-87.65097,41.86446],[-87.65095,41.86374],[-87.65094,41.86351],[-87.65093,41.86326],[-87.65092,41.86262],[-87.65091,41.86253],[-87.6509,41.86229],[-87.65089,41.86224],[-87.65089,41.86216],[-87.65089,41.86209],[-87.65089,41.86204],[-87.65088,41.86197],[-87.65088,41.86176],[-87.65088,41.8617],[-87.65087,41.86158],[-87.65087,41.86125],[-87.65087,41.86113],[-87.65086,41.86108],[-87.65086,41.86102],[-87.65086,41.86097],[-87.65086,41.86091],[-87.65085,41.86058],[-87.65085,41.86053],[-87.65085,41.86049],[-87.65085,41.86044],[-87.65084,41.86038],[-87.65084,41.86033],[-87.65084,41.8603],[-87.65084,41.86027],[-87.65084,41.86018],[-87.65084,41.86009],[-87.65083,41.86003],[-87.65083,41.86],[-87.65083,41.85989],[-87.65083,41.85986],[-87.65075,41.85986],[-87.65053,41.85986],[-87.65051,41.85986],[-87.65049,41.85987],[-87.65043,41.85987],[-87.65037,41.85987],[-87.65031,41.85987],[-87.64993,41.85987],[-87.6498,41.85988],[-87.6496,41.85988],[-87.649,41.85989],[-87.64879,41.85989],[-87.64768,41.85991],[-87.64671,41.85992],[-87.64659,41.85992],[-87.64646,41.85992],[-87.64635,41.85992],[-87.6462,41.85993],[-87.64579,41.85993],[-87.64537,41.85994],[-87.64527,41.85994],[-87.64523,41.85994],[-87.64491,41.85995],[-87.64488,41.85996],[-87.64484,41.85996],[-87.64465,41.85996],[-87.6446,41.85996],[-87.64447,41.85996],[-87.64437,41.85996],[-87.64423,41.85996],[-87.6441,41.85996],[-87.64406,41.85996],[-87.64397,41.85997],[-87.64395,41.85997],[-87.64387,41.85997],[-87.64336,41.85997],[-87.64294,41.85998],[-87.64274,41.85998],[-87.64214,41.85999],[-87.64195,41.85999],[-87.64175,41.85999],[-87.64126,41.86],[-87.64115,41.86],[-87.64095,41.86],[-87.64085,41.86],[-87.64056,41.86],[-87.64047,41.86],[-87.64018,41.86001],[-87.63931,41.86002],[-87.63902,41.86003],[-87.63901,41.85979],[-87.63899,41.85909],[-87.63898,41.85885],[-87.63897,41.8587],[-87.63896,41.85823],[-87.63896,41.85807],[-87.63895,41.85799],[-87.63894,41.85775],[-87.63894,41.85767],[-87.63871,41.85768],[-87.63801,41.85769],[-87.63777,41.85769],[-87.63766,41.85772],[-87.63762,41.85773],[-87.63756,41.85773],[-87.63723,41.85774],[-87.63715,41.85774],[-87.637,41.85774],[-87.63696,41.85774],[-87.63691,41.85774],[-87.63683,41.85775],[-87.63659,41.85775],[-87.63651,41.85776],[-87.63623,41.85777],[-87.6362,41.85777],[-87.63571,41.85777],[-87.63562,41.85777],[-87.63559,41.85777],[-87.63541,41.85777],[-87.63518,41.85777],[-87.63514,41.85777],[-87.63498,41.85821],[-87.63488,41.85851],[-87.63463,41.8587],[-87.63449,41.85908],[-87.6345,41.85947],[-87.63451,41.85994],[-87.63451,41.86016],[-87.63453,41.86082],[-87.63453,41.8609],[-87.63453,41.86111],[-87.63458,41.86231],[-87.63458,41.86242],[-87.63456,41.86372],[-87.63456,41.86528],[-87.63465,41.86611],[-87.63478,41.86727],[-87.6348,41.86737],[-87.63485,41.86782],[-87.63485,41.86786],[-87.63506,41.86917],[-87.63507,41.86921],[-87.63512,41.86963],[-87.63519,41.87011],[-87.63524,41.87051],[-87.6354,41.87155],[-87.63544,41.87181],[-87.63549,41.87203],[-87.63561,41.87251],[-87.63574,41.87304],[-87.63578,41.87327],[-87.63593,41.87397],[-87.63603,41.87441],[-87.63604,41.87446],[-87.63613,41.87474],[-87.63618,41.87491],[-87.63663,41.87547],[-87.63671,41.87557],[-87.63677,41.87564],[-87.63681,41.8757],[-87.63686,41.87576],[-87.63698,41.87589],[-87.63715,41.87608],[-87.63731,41.87656],[-87.63738,41.87681],[-87.6375,41.87681],[-87.63786,41.8768],[-87.63788,41.8768],[-87.63793,41.8768],[-87.63798,41.8768],[-87.63831,41.8768],[-87.6393,41.87678],[-87.63963,41.87678],[-87.63967,41.87678],[-87.63979,41.87678],[-87.63984,41.87678],[-87.64007,41.87677],[-87.64017,41.87677],[-87.64049,41.87677],[-87.64076,41.87676],[-87.64079,41.87676],[-87.64103,41.87676],[-87.64133,41.87676],[-87.64177,41.87675],[-87.64221,41.87674],[-87.6425,41.87674],[-87.6428,41.87674],[-87.64323,41.87673],[-87.64367,41.87673],[-87.64397,41.87672],[-87.64452,41.87672],[-87.64508,41.87671],[-87.64525,41.87671],[-87.64534,41.8767],[-87.64546,41.8767],[-87.64559,41.8767],[-87.64562,41.8767],[-87.64571,41.8767],[-87.64595,41.8767],[-87.64643,41.87669],[-87.64658,41.87669],[-87.64677,41.87669],[-87.64705,41.87668],[-87.64721,41.87668],[-87.64744,41.87668],[-87.64771,41.87667],[-87.64814,41.87667],[-87.64837,41.87666],[-87.64861,41.87666],[-87.64896,41.87665],[-87.64931,41.87665],[-87.64954,41.87664],[-87.64978,41.87664],[-87.64984,41.87664],[-87.65013,41.87664],[-87.65042,41.87663],[-87.65047,41.87663],[-87.65071,41.87663],[-87.65094,41.87662],[-87.65164,41.87661],[-87.65188,41.87661]]]},"properties":{"name":"Coal Closure Energy Community","category":"coal_closure","tractGeoid":"17031841900","county":"Cook County, Illinois","qualification":"Adjoins a coal closure tract","vintage":"2024.1"}},{"type":"Feature","geometry":{"type":"Polygon","coordinates":[[[-87.6783,41.85214],[-87.67829,41.85196],[-87.67829,41.85192],[-87.67829,41.85169],[-87.67828,41.85146],[-87.67828,41.85142],[-87.67827,41.85124],[-87.67827,41.85106],[-87.67827,41.85101],[-87.67826,41.85078],[-87.67826,41.85056],[-87.67825,41.85051],[-87.67825,41.85033],[-87.67825,41.85015],[-87.67825,41.85014],[-87.67824,41.84994],[-87.67823,41.84969],[-87.67823,41.84961],[-87.67823,41.84943],[-87.67822,41.84925],[-87.67822,41.84921],[-87.67822,41.849],[-87.67821,41.84876],[-87.67821,41.84871],[-87.6782,41.84853],[-87.6782,41.84835],[-87.6782,41.84831],[-87.67819,41.8481],[-87.67818,41.84786],[-87.67818,41.8478],[-87.67818,41.84762],[-87.67817,41.84744],[-87.67816,41.8469],[-87.67815,41.84672],[-87.67815,41.8467],[-87.67814,41.84664],[-87.67814,41.84662],[-87.67811,41.84605],[-87.6781,41.84599],[-87.67807,41.84466],[-87.67806,41.8441],[-87.67805,41.84347],[-87.67807,41.84328],[-87.67813,41.84269],[-87.67815,41.8425],[-87.67803,41.84236],[-87.67794,41.84216],[-87.67784,41.842],[-87.6778,41.84189],[-87.67776,41.84185],[-87.67775,41.84178],[-87.67781,41.84166],[-87.67785,41.84154],[-87.67788,41.84139],[-87.67788,41.84124],[-87.67788,41.84107],[-87.67786,41.84096],[-87.67785,41.84084],[-87.67785,41.84073],[-87.67789,41.84066],[-87.6779,41.8406],[-87.67808,41.84043],[-87.67808,41.84035],[-87.67807,41.84027],[-87.67806,41.84012],[-87.67806,41.84011],[-87.67806,41.84004],[-87.67806,41.83995],[-87.67807,41.83988],[-87.67808,41.83972],[-87.67808,41.83968],[-87.67809,41.83959],[-87.6781,41.83947],[-87.67812,41.8391],[-87.67813,41.83897],[-87.67812,41.83889],[-87.67812,41.83862],[-87.67812,41.83854],[-87.67812,41.83844],[-87.67815,41.83816],[-87.67816,41.83806],[-87.67814,41.83803],[-87.67809,41.83792],[-87.67807,41.83788],[-87.67804,41.83752],[-87.67802,41.83738],[-87.678,41.83733],[-87.678,41.8373],[-87.67798,41.8372],[-87.67797,41.83718],[-87.67795,41.83713],[-87.67784,41.83713],[-87.67745,41.83714],[-87.67595,41.83716],[-87.67545,41.83717],[-87.67496,41.83718],[-87.67455,41.83719],[-87.67349,41.83721],[-87.673,41.83723],[-87.67297,41.83723],[-87.67251,41.83724],[-87.67105,41.83728],[-87.67094,41.83729],[-87.67057,41.83729],[-87.67032,41.8373],[-87.67027,41.8373],[-87.66959,41.83732],[-87.66949,41.83732],[-87.66934,41.83733],[-87.66921,41.83734],[-87.66914,41.83735],[-87.66883,41.83737],[-87.66882,41.83737],[-87.66871,41.83739],[-87.66855,41.83741],[-87.66849,41.83742],[-87.66847,41.83743],[-87.66791,41.83754],[-87.66784,41.83755],[-87.66764,41.8376],[-87.66753,41.83763],[-87.66745,41.83765],[-87.66737,41.83768],[-87.66719,41.83773],[-87.66717,41.83774],[-87.66708,41.83777],[-87.6668,41.83786],[-87.66652,41.83798],[-87.66624,41.8381],[-87.66603,41.8382],[-87.66596,41.83824],[-87.66578,41.83834],[-87.66546,41.83851],[-87.66456,41.83904],[-87.66454,41.83905],[-87.66426,41.83921],[-87.66431,41.8393],[-87.66432,41.83932],[-87.66437,41.83938],[-87.66445,41.83961],[-87.66445,41.83966],[-87.66447,41.83978],[-87.66461,41.84039],[-87.66466,41.8407],[-87.66469,41.84085],[-87.66482,41.84106],[-87.66493,41.84128],[-87.66499,41.84147],[-87.66498,41.84171],[-87.66496,41.84185],[-87.66482,41.84208],[-87.66442,41.84257],[-87.66434,41.84271],[-87.6643,41.84296],[-87.66436,41.8434],[-87.66447,41.84419],[-87.66448,41.84428],[-87.66447,41.8443],[-87.66447,41.84435],[-87.66445,41.84462],[-87.66315,41.84469],[-87.66178,41.84534],[-87.66155,41.84545],[-87.66082,41.84593],[-87.66027,41.84631],[-87.65885,41.8473],[-87.65868,41.84739],[-87.65863,41.84741],[-87.65836,41.84756],[-87.65805,41.84773],[-87.65708,41.84819],[-87.65677,41.84826],[-87.65641,41.84827],[-87.65599,41.84825],[-87.65543,41.84818],[-87.65446,41.84805],[-87.65378,41.848],[-87.65253,41.84803],[-87.65065,41.84825],[-87.65039,41.84826],[-87.64991,41.84827],[-87.64975,41.84828],[-87.64968,41.84829],[-87.6493,41.84841],[-87.64915,41.84845],[-87.64901,41.8485],[-87.64879,41.84856],[-87.64862,41.8486],[-87.64701,41.84905],[-87.64648,41.8492],[-87.64625,41.84926],[-87.64609,41.84928],[-87.64542,41.84935],[-87.6449,41.84938],[-87.64461,41.84941],[-87.64456,41.84941],[-87.64451,41.84941],[-87.64443,41.84942],[-87.64432,41.84943],[-87.64424,41.84943],[-87.64422,41.84944],[-87.64417,41.84944],[-87.64412,41.84945],[-87.64403,41.84947],[-87.64396,41.84948],[-87.64325,41.8496],[-87.64271,41.84991],[-87.64251,41.85003],[-87.64221,41.85042],[-87.64161,41.8512],[-87.64089,41.85214],[-87.64067,41.85244],[-87.64047,41.85272],[-87.64016,41.85315],[-87.63978,41.85367],[-87.63964,41.85381],[-87.63917,41.85437],[-87.63915,41.85438],[-87.63869,41.85464],[-87.63833,41.85484],[-87.6382,41.85492],[-87.63746,41.85515],[-87.63721,41.85534],[-87.63689,41.85561],[-87.63645,41.85597],[-87.63636,41.85604],[-87.63614,41.85618],[-87.63563,41.85668],[-87.63533,41.85723],[-87.6353,41.8573],[-87.63516,41.85769],[-87.63514,41.85777],[-87.63518,41.85777],[-87.63541,41.85777],[-87.63559,41.85777],[-87.63562,41.85777],[-87.63571,41.85777],[-87.6362,41.85777],[-87.63623,41.85777],[-87.63651,41.85776],[-87.63659,41.85775],[-87.63683,41.85775],[-87.63691,41.85774],[-87.63696,41.85774],[-87.637,41.85774],[-87.63715,41.85774],[-87.63723,41.85774],[-87.63756,41.85773],[-87.63762,41.85773],[-87.63766,41.85772],[-87.63777,41.85769],[-87.63801,41.85769],[-87.63871,41.85768],[-87.63894,41.85767],[-87.63894,41.85775],[-87.63895,41.85799],[-87.63896,41.85807],[-87.63896,41.85823],[-87.63897,41.8587],[-87.63898,41.85885],[-87.63899,41.85909],[-87.63901,41.85979],[-87.63902,41.86003],[-87.63931,41.86002],[-87.64018,41.86001],[-87.64047,41.86],[-87.64056,41.86],[-87.64085,41.86],[-87.64095,41.86],[-87.64115,41.86],[-87.64126,41.86],[-87.64175,41.85999],[-87.64195,41.85999],[-87.64194,41.8598],[-87.64193,41.8596],[-87.64193,41.85952],[-87.6419,41.85871],[-87.64188,41.8581],[-87.64188,41.85804],[-87.64188,41.858],[-87.64188,41.85782],[-87.64187,41.85763],[-87.64186,41.85746],[-87.64186,41.85741],[-87.64186,41.8572],[-87.64185,41.85699],[-87.64185,41.85695],[-87.64184,41.85678],[-87.64184,41.85667],[-87.64183,41.85656],[-87.64182,41.85612],[-87.64181,41.85589],[-87.6418,41.85567],[-87.6418,41.85554],[-87.64179,41.85543],[-87.64179,41.85516],[-87.64178,41.85503],[-87.64178,41.85487],[-87.64176,41.85442],[-87.64176,41.85426],[-87.64175,41.85396],[-87.64172,41.85307],[-87.64171,41.85277],[-87.64179,41.85271],[-87.64219,41.85271],[-87.64221,41.85271],[-87.64261,41.85271],[-87.64325,41.8527],[-87.64347,41.85269],[-87.64389,41.85268],[-87.64403,41.85268],[-87.64447,41.85268],[-87.64455,41.85268],[-87.64462,41.85268],[-87.64469,41.85268],[-87.64475,41.85268],[-87.64477,41.85268],[-87.64488,41.85267],[-87.64497,41.85267],[-87.645,41.85267],[-87.64503,41.85267],[-87.64507,41.85267],[-87.64519,41.85267],[-87.64529,41.85267],[-87.6453,41.85267],[-87.64538,41.85267],[-87.64542,41.85267],[-87.64546,41.85267],[-87.64553,41.85267],[-87.64561,41.85267],[-87.64564,41.85267],[-87.64567,41.85267],[-87.64572,41.85267],[-87.64576,41.85267],[-87.64583,41.85267],[-87.64595,41.85266],[-87.646,41.85266],[-87.6465,41.85265],[-87.64678,41.85265],[-87.64683,41.85265],[-87.64706,41.85264],[-87.6475,41.85263],[-87.64781,41.85263],[-87.64814,41.85262],[-87.64829,41.85262],[-87.64875,41.85261],[-87.64891,41.85261],[-87.64898,41.85261],[-87.6492,41.8526],[-87.64927,41.8526],[-87.64933,41.8526],[-87.64951,41.8526],[-87.64987,41.8526],[-87.65016,41.85259],[-87.65022,41.85259],[-87.65046,41.85259],[-87.65076,41.85259],[-87.65129,41.85258],[-87.65133,41.85258],[-87.65142,41.85258],[-87.65154,41.85258],[-87.65174,41.85258],[-87.6521,41.85257],[-87.65254,41.85256],[-87.65273,41.85256],[-87.65306,41.85255],[-87.65469,41.85253],[-87.65536,41.85251],[-87.65577,41.8525],[-87.65608,41.8525],[-87.65628,41.85249],[-87.6569,41.85249],[-87.6575,41.85248],[-87.65871,41.85246],[-87.6592,41.85246],[-87.66027,41.85244],[-87.66068,41.85243],[-87.66117,41.85243],[-87.66166,41.85242],[-87.66313,41.85239],[-87.66362,41.85239],[-87.6641,41.85238],[-87.66451,41.85237],[-87.66555,41.85235],[-87.66577,41.85234],[-87.66603,41.85234],[-87.66652,41.85233],[-87.6668,41.85232],[-87.66801,41.8523],[-87.6685,41.85229],[-87.66899,41.85228],[-87.66995,41.85227],[-87.67045,41.85226],[-87.67094,41.85226],[-87.67143,41.85225],[-87.67291,41.85223],[-87.6734,41.85222],[-87.67389,41.85221],[-87.67536,41.85219],[-87.67585,41.85218],[-87.67634,41.85218],[-87.67781,41.85215],[-87.6783,41.85214]]]},"properties":{"name":"Coal Closure Energy Community","category":"coal_closure","tractGeoid":"17031843200","county":"Cook County, Illinois","qualification":"Retired coal-fired generator tract","vintage":"2024.1"}},{"type":"Feature","geometry":{"type":"Polygon","coordinates":[[[-87.70505,41.84453],[-87.70504,41.84416],[-87.70502,41.84371],[-87.705,41.84307],[-87.70499,41.8427],[-87.70498,41.84234],[-87.70495,41.84125],[-87.70494,41.84088],[-87.70493,41.84062],[-87.7049,41.83985],[-87.7049,41.83959],[-87.70489,41.83948],[-87.70488,41.83917],[-87.70488,41.83906],[-87.70487,41.8387],[-87.70484,41.8376],[-87.70483,41.83724],[-87.70482,41.83693],[-87.70479,41.83598],[-87.70479,41.83592],[-87.70478,41.83567],[-87.70477,41.83532],[-87.70477,41.83527],[-87.70474,41.83406],[-87.70474,41.83403],[-87.70472,41.83369],[-87.70472,41.83366],[-87.70472,41.83364],[-87.70472,41.8335],[-87.7047,41.83302],[-87.7047,41.83288],[-87.7047,41.83286],[-87.7047,41.83279],[-87.70469,41.83268],[-87.70468,41.8322],[-87.70468,41.83217],[-87.70468,41.832],[-87.70468,41.83185],[-87.70468,41.83168],[-87.70467,41.83164],[-87.70467,41.83145],[-87.70467,41.83141],[-87.70466,41.83126],[-87.70466,41.83123],[-87.70466,41.8311],[-87.70464,41.83062],[-87.70464,41.83046],[-87.70463,41.83041],[-87.70463,41.83035],[-87.70463,41.83033],[-87.70463,41.83027],[-87.70463,41.83022],[-87.70462,41.83018],[-87.70462,41.83006],[-87.70462,41.83002],[-87.70468,41.82995],[-87.70467,41.82988],[-87.70466,41.82948],[-87.70466,41.82947],[-87.70466,41.8294],[-87.70466,41.82937],[-87.70465,41.82933],[-87.70465,41.82927],[-87.70465,41.82924],[-87.70459,41.82926],[-87.70453,41.82928],[-87.70423,41.82937],[-87.70409,41.82942],[-87.70295,41.82978],[-87.70253,41.82991],[-87.70228,41.82999],[-87.70152,41.83022],[-87.70063,41.8305],[-87.69967,41.83081],[-87.69851,41.83117],[-87.6975,41.83149],[-87.697,41.83165],[-87.69548,41.83213],[-87.69525,41.8322],[-87.69497,41.83229],[-87.69487,41.83232],[-87.6948,41.83234],[-87.6945,41.83243],[-87.69373,41.83268],[-87.69291,41.83294],[-87.69244,41.83309],[-87.69075,41.83362],[-87.69026,41.83377],[-87.68998,41.83385],[-87.68895,41.83417],[-87.68873,41.83424],[-87.68861,41.83428],[-87.68824,41.83439],[-87.68811,41.83443],[-87.68798,41.83447],[-87.68759,41.8346],[-87.68745,41.83464],[-87.68746,41.83479],[-87.68746,41.83488],[-87.68746,41.8356],[-87.68746,41.83584],[-87.68747,41.83597],[-87.6875,41.83636],[-87.68752,41.83648],[-87.68753,41.83662],[-87.68756,41.83681],[-87.68759,41.83701],[-87.68761,41.83713],[-87.68761,41.83715],[-87.68761,41.83724],[-87.68762,41.83752],[-87.68762,41.83762],[-87.68762,41.83773],[-87.68762,41.83808],[-87.68762,41.8382],[-87.68762,41.83823],[-87.68762,41.83834],[-87.68762,41.83838],[-87.68762,41.83875],[-87.6876,41.83989],[-87.68759,41.84027],[-87.68756,41.84094],[-87.68748,41.84297],[-87.68745,41.84365],[-87.68746,41.84387],[-87.68747,41.84397],[-87.68752,41.84433],[-87.68756,41.84453],[-87.68761,41.84475],[-87.68761,41.84476],[-87.68762,41.84479],[-87.68762,41.8448],[-87.68767,41.8448],[-87.6878,41.8448],[-87.68801,41.8448],[-87.68816,41.84479],[-87.68894,41.84479],[-87.6898,41.84477],[-87.69034,41.84476],[-87.69083,41.84476],[-87.69107,41.84475],[-87.6918,41.84474],[-87.6923,41.84474],[-87.6928,41.84473],[-87.69317,41.84472],[-87.69429,41.84471],[-87.69467,41.84471],[-87.69478,41.84471],[-87.69493,41.84471],[-87.69511,41.8447],[-87.69522,41.8447],[-87.69556,41.84469],[-87.69572,41.84469],[-87.69586,41.84469],[-87.6972,41.84467],[-87.6977,41.84467],[-87.6987,41.84459],[-87.69906,41.84454],[-87.69936,41.84448],[-87.69967,41.8444],[-87.69987,41.84434],[-87.70002,41.8443],[-87.70014,41.84426],[-87.70015,41.84439],[-87.70015,41.84462],[-87.70029,41.84461],[-87.7004,41.84461],[-87.70081,41.8446],[-87.70112,41.8446],[-87.70137,41.84459],[-87.70161,41.84459],[-87.70231,41.84458],[-87.70235,41.84458],[-87.70259,41.84456],[-87.70268,41.84455],[-87.70283,41.84455],[-87.7032,41.84455],[-87.70351,41.84454],[-87.70357,41.84454],[-87.70382,41.84454],[-87.70406,41.84453],[-87.70412,41.84453],[-87.70443,41.84453],[-87.70474,41.84453],[-87.7048,41.84453],[-87.70505,41.84453]]]},"properties":{"name":"Coal Closure Energy Community","category":"coal_closure","tractGeoid":"17031843500","county":"Cook County, Illinois","qualification":"Adjoins a coal closure tract","vintage":"2024.1"}},{"type":"Feature","geometry":{"type":"Polygon","coordinates":[[[-87.4282,41.6],[-87.4286,41.6001],[-87.42884,41.60016],[-87.42998,41.60045],[-87.43052,41.60059],[-87.43213,41.601],[-87.43236,41.60106],[-87.43248,41.60109],[-87.4325,41.60109],[-87.43267,41.60112],[-87.43267,41.60108],[-87.43267,41.60085],[-87.43267,41.6008],[-87.43267,41.60014],[-87.43268,41.6],[-87.4282,41.6]]]},"properties":{"name":"Coal Closure Energy Community","category":"coal_closure","tractGeoid":"18089010302","county":"Lake County, Indiana","qualification":"Adjoins a coal closure tract","vintage":"2024.1"}},{"type":"Feature","geometry":{"type":"Polygon","coordinates":[[[-87.43351,41.6508],[-87.43346,41.65061],[-87.43333,41.65015],[-87.43314,41.64986],[-87.43313,41.64972],[-87.43312,41.64898],[-87.43311,41.64863],[-87.43311,41.64832],[-87.4331,41.64809],[-87.4331,41.64786],[-87.43309,41.64752],[-87.43309,41.64736],[-87.43309,41.64727],[-87.43309,41.64714],[-87.43309,41.64701],[-87.43309,41.64699],[-87.43308,41.64664],[-87.43308,41.64655],[-87.43308,41.64649],[-87.43307,41.64626],[-87.43307,41.64621],[-87.43307,41.64604],[-87.43307,41.64588],[-87.43306,41.64555],[-87.43305,41.64544],[-87.43302,41.64496],[-87.43299,41.64473],[-87.43293,41.64416],[-87.43293,41.64407],[-87.43292,41.64404],[-87.4329,41.64381],[-87.43291,41.6437],[-87.43242,41.64277],[-87.43222,41.64226],[-87.43209,41.64173],[-87.43202,41.6413],[-87.43194,41.64073],[-87.43192,41.64057],[-87.43197,41.64001],[-87.43198,41.6397],[-87.43199,41.63888],[-87.432,41.63846],[-87.432,41.63842],[-87.432,41.63832],[-87.432,41.63828],[-87.432,41.63806],[-87.432,41.6374],[-87.432,41.63718],[-87.43201,41.63703],[-87.43204,41.63658],[-87.43204,41.63651],[-87.43205,41.63644],[-87.43205,41.63641],[-87.43205,41.63635],[-87.43205,41.63633],[-87.43205,41.63623],[-87.43206,41.63603],[-87.43207,41.63583],[-87.4321,41.63517],[-87.43212,41.63489],[-87.43213,41.63447],[-87.43217,41.63322],[-87.43218,41.6328],[-87.43219,41.63259],[-87.4322,41.63241],[-87.43222,41.63195],[-87.43223,41.63174],[-87.43223,41.63167],[-87.43224,41.63148],[-87.43224,41.63142],[-87.43225,41.63116],[-87.43225,41.63113],[-87.43228,41.63039],[-87.43229,41.63013],[-87.4323,41.62987],[-87.43232,41.62957],[-87.43233,41.62908],[-87.43233,41.629],[-87.43233,41.62882],[-87.43234,41.62864],[-87.43234,41.62854],[-87.43235,41.62762],[-87.43235,41.62738],[-87.43235,41.62629],[-87.43235,41.62626],[-87.43235,41.62605],[-87.43232,41.62401],[-87.43232,41.62369],[-87.4323,41.62281],[-87.43227,41.6215],[-87.43225,41.62053],[-87.4322,41.61846],[-87.43218,41.61758],[-87.43218,41.61755],[-87.43218,41.6175],[-87.43218,41.61749],[-87.43218,41.61745],[-87.43217,41.61731],[-87.43217,41.61725],[-87.43216,41.61699],[-87.43216,41.6167],[-87.43215,41.61622],[-87.43214,41.61596],[-87.43213,41.61539],[-87.43212,41.61492],[-87.43212,41.6146],[-87.43213,41.61437],[-87.43216,41.6141],[-87.43221,41.61382],[-87.43224,41.61367],[-87.43226,41.61358],[-87.4323,41.61342],[-87.4323,41.61338],[-87.43232,41.61334],[-87.43236,41.61311],[-87.43239,41.61298],[-87.43242,41.61285],[-87.43246,41.61267],[-87.43249,41.61255],[-87.43256,41.61222],[-87.43262,41.61181],[-87.43266,41.61147],[-87.43269,41.61113],[-87.43269,41.61084],[-87.4327,41.61078],[-87.43269,41.61047],[-87.43269,41.61039],[-87.43269,41.61026],[-87.43269,41.61024],[-87.43268,41.61016],[-87.43268,41.61013],[-87.43266,41.60952],[-87.43263,41.60845],[-87.43263,41.60768],[-87.43264,41.60707],[-87.43264,41.60652],[-87.43267,41.60489],[-87.43268,41.60435],[-87.43268,41.60422],[-87.4327,41.60383],[-87.43271,41.60371],[-87.43271,41.60368],[-87.4327,41.60359],[-87.43271,41.60356],[-87.43267,41.60136],[-87.43267,41.60116],[-87.43267,41.60114],[-87.43267,41.60112],[-87.4325,41.60109],[-87.43248,41.60109],[-87.43236,41.60106],[-87.43213,41.601],[-87.43052,41.60059],[-87.42998,41.60045],[-87.42884,41.60016],[-87.4286,41.6001],[-87.4282,41.6],[-87.4,41.6],[-87.4,41.64867],[-87.40459,41.65022],[-87.40469,41.6502],[-87.41161,41.64876],[-87.41929,41.65291],[-87.42392,41.65542],[-87.4306,41.65177],[-87.43351,41.6508]]]},"properties":{"name":"Coal Closure Energy Community","category":"coal_closure","tractGeoid":"18089010304","county":"Lake County, Indiana","qualification":"Retired coal-fired generator tract","vintage":"2024.1"}},{"type":"Feature","geometry":{"type":"Polygon","coordinates":[[[-87.5086,41.67053],[-87.5086,41.67047],[-87.50841,41.67048],[-87.50807,41.67047],[-87.50799,41.67047],[-87.50787,41.67044],[-87.50774,41.67039],[-87.50766,41.67037],[-87.50757,41.67036],[-87.50748,41.67037],[-87.5074,41.6704],[-87.50733,41.67044],[-87.50705,41.67074],[-87.50571,41.67231],[-87.50493,41.67304],[-87.5049,41.67303],[-87.50464,41.67318],[-87.50432,41.67333],[-87.50403,41.67345],[-87.50397,41.67348],[-87.50377,41.67355],[-87.50374,41.67356],[-87.50372,41.67357],[-87.50343,41.67366],[-87.50313,41.67374],[-87.50295,41.67378],[-87.50283,41.6738],[-87.5027,41.67383],[-87.50263,41.67384],[-87.50253,41.67386],[-87.50245,41.67386],[-87.50217,41.6739],[-87.50206,41.67391],[-87.50186,41.67392],[-87.50172,41.67392],[-87.50155,41.67393],[-87.50148,41.67393],[-87.50139,41.67393],[-87.50129,41.67393],[-87.50071,41.67393],[-87.50059,41.67393],[-87.50052,41.67393],[-87.50008,41.67393],[-87.49911,41.67394],[-87.49905,41.67394],[-87.49883,41.67395],[-87.49866,41.67397],[-87.49849,41.67397],[-87.49829,41.67396],[-87.49812,41.67395],[-87.49794,41.67395],[-87.49732,41.67398],[-87.49689,41.674],[-87.49637,41.67401],[-87.49589,41.67402],[-87.49546,41.67399],[-87.4951,41.67403],[-87.49489,41.67401],[-87.49468,41.674],[-87.49419,41.67402],[-87.49348,41.67403],[-87.49358,41.67413],[-87.49363,41.67417],[-87.49393,41.67445],[-87.49404,41.67455],[-87.49429,41.67479],[-87.49505,41.67549],[-87.49531,41.67573],[-87.4958,41.67572],[-87.49634,41.67572],[-87.49726,41.6757],[-87.49774,41.67569],[-87.49823,41.67569],[-87.4997,41.67566],[-87.5002,41.67566],[-87.5002,41.67584],[-87.5002,41.67638],[-87.5002,41.67656],[-87.5002,41.67675],[-87.5002,41.67704],[-87.5002,41.67731],[-87.5002,41.6775],[-87.5002,41.67768],[-87.5002,41.67794],[-87.5002,41.67822],[-87.50021,41.6784],[-87.50021,41.67858],[-87.50021,41.67882],[-87.50021,41.67913],[-87.50021,41.67931],[-87.50025,41.68029],[-87.50024,41.68045],[-87.50022,41.68095],[-87.50021,41.68101],[-87.50022,41.68111],[-87.50022,41.68147],[-87.50022,41.68256],[-87.50022,41.68292],[-87.50022,41.68328],[-87.50023,41.68437],[-87.50023,41.68473],[-87.50023,41.68508],[-87.50023,41.68613],[-87.50024,41.68648],[-87.50024,41.68654],[-87.50024,41.68669],[-87.50024,41.68675],[-87.50142,41.68757],[-87.50239,41.68817],[-87.50493,41.68979],[-87.50853,41.69191],[-87.50853,41.69166],[-87.50853,41.68815],[-87.50853,41.68806],[-87.50853,41.68803],[-87.50853,41.68792],[-87.50853,41.68663],[-87.50853,41.68629],[-87.50854,41.68468],[-87.50854,41.68432],[-87.50854,41.68322],[-87.50855,41.68285],[-87.50855,41.68249],[-87.50855,41.6814],[-87.50856,41.68104],[-87.50856,41.68067],[-87.50856,41.67956],[-87.50856,41.67919],[-87.50857,41.67883],[-87.50857,41.67871],[-87.50857,41.67775],[-87.50857,41.6774],[-87.50857,41.67702],[-87.50858,41.6759],[-87.50858,41.67553],[-87.50858,41.67516],[-87.50859,41.67408],[-87.50859,41.67371],[-87.50859,41.67334],[-87.50859,41.67308],[-87.5086,41.67117],[-87.5086,41.67053]]]},"properties":{"name":"Coal Closure Energy Community","category":"coal_closure","tractGeoid":"18089020100","county":"Lake County, Indiana","qualification":"Adjoins a coal closure tract","vintage":"2024.1"}},{"type":"Feature","geometry":{"type":"Polygon","coordinates":[[[-87.52255,41.679],[-87.52251,41.6772],[-87.52228,41.67532],[-87.52179,41.67344],[-87.52155,41.67278],[-87.52149,41.67263],[-87.5173,41.66098],[-87.51704,41.66096],[-87.5169,41.66095],[-87.51613,41.66093],[-87.51504,41.66092],[-87.51437,41.66091],[-87.5143,41.66091],[-87.51392,41.66091],[-87.51257,41.6609],[-87.51212,41.66089],[-87.51142,41.66089],[-87.50934,41.66089],[-87.50899,41.6609],[-87.50865,41.66093],[-87.50646,41.66116],[-87.50553,41.66118],[-87.5055,41.66118],[-87.49603,41.6613],[-87.49536,41.66131],[-87.49353,41.66134],[-87.49287,41.66135],[-87.49261,41.66136],[-87.49182,41.66137],[-87.49156,41.66137],[-87.49143,41.66138],[-87.49134,41.66137],[-87.49121,41.66136],[-87.49069,41.66131],[-87.49048,41.66129],[-87.49048,41.66137],[-87.49048,41.6628],[-87.49048,41.66309],[-87.49048,41.66345],[-87.49049,41.66454],[-87.49049,41.6649],[-87.49073,41.6649],[-87.49109,41.66489],[-87.49144,41.66489],[-87.49168,41.66489],[-87.49168,41.66525],[-87.49168,41.66634],[-87.49168,41.66671],[-87.49145,41.66671],[-87.49108,41.66671],[-87.49073,41.66671],[-87.4905,41.66671],[-87.49051,41.66848],[-87.49059,41.66851],[-87.49057,41.66939],[-87.49053,41.67105],[-87.49053,41.6713],[-87.49054,41.67184],[-87.49054,41.67207],[-87.49056,41.67305],[-87.49056,41.67347],[-87.49056,41.67365],[-87.49056,41.67402],[-87.49057,41.67419],[-87.49057,41.67435],[-87.49069,41.6743],[-87.49082,41.67426],[-87.49094,41.67423],[-87.49107,41.6742],[-87.4912,41.67418],[-87.49133,41.67416],[-87.49146,41.67416],[-87.49159,41.67415],[-87.49289,41.67413],[-87.49297,41.67413],[-87.49307,41.67413],[-87.49341,41.67413],[-87.49358,41.67413],[-87.49348,41.67403],[-87.49419,41.67402],[-87.49468,41.674],[-87.49489,41.67401],[-87.4951,41.67403],[-87.49546,41.67399],[-87.49589,41.67402],[-87.49637,41.67401],[-87.49689,41.674],[-87.49732,41.67398],[-87.49794,41.67395],[-87.49812,41.67395],[-87.49829,41.67396],[-87.49849,41.67397],[-87.49866,41.67397],[-87.49883,41.67395],[-87.49905,41.67394],[-87.49911,41.67394],[-87.50008,41.67393],[-87.50052,41.67393],[-87.50059,41.67393],[-87.50071,41.67393],[-87.50129,41.67393],[-87.50139,41.67393],[-87.50148,41.67393],[-87.50155,41.67393],[-87.50172,41.67392],[-87.50186,41.67392],[-87.50206,41.67391],[-87.50217,41.6739],[-87.50245,41.67386],[-87.50253,41.67386],[-87.50263,41.67384],[-87.5027,41.67383],[-87.50283,41.6738],[-87.50295,41.67378],[-87.50313,41.67374],[-87.50343,41.67366],[-87.50372,41.67357],[-87.50374,41.67356],[-87.50377,41.67355],[-87.50397,41.67348],[-87.50403,41.67345],[-87.50432,41.67333],[-87.50464,41.67318],[-87.5049,41.67303],[-87.50493,41.67304],[-87.50571,41.67231],[-87.50705,41.67074],[-87.50733,41.67044],[-87.5074,41.6704],[-87.50748,41.67037],[-87.50757,41.67036],[-87.50766,41.67037],[-87.50774,41.67039],[-87.50787,41.67044],[-87.50799,41.67047],[-87.50807,41.67047],[-87.50841,41.67048],[-87.5086,41.67047],[-87.5086,41.67053],[-87.5086,41.67117],[-87.50859,41.67308],[-87.50859,41.67334],[-87.50859,41.67371],[-87.50859,41.67408],[-87.50858,41.67516],[-87.50858,41.67553],[-87.50858,41.6759],[-87.50857,41.67702],[-87.50857,41.6774],[-87.50857,41.67775],[-87.50857,41.67871],[-87.50857,41.67883],[-87.50856,41.67919],[-87.50856,41.67956],[-87.50856,41.68067],[-87.50856,41.68104],[-87.50855,41.6814],[-87.50855,41.68249],[-87.50855,41.68285],[-87.50854,41.68322],[-87.50854,41.68432],[-87.50854,41.68468],[-87.50853,41.68629],[-87.50853,41.68663],[-87.50853,41.68792],[-87.51128,41.69052],[-87.51269,41.69182],[-87.51284,41.69195],[-87.51329,41.69234],[-87.51332,41.69237],[-87.51344,41.69247],[-87.5136,41.69263],[-87.51364,41.69266],[-87.51408,41.6931],[-87.51424,41.69326],[-87.5143,41.6933],[-87.51445,41.69345],[-87.5145,41.6935],[-87.51475,41.69373],[-87.51551,41.69442],[-87.51555,41.69446],[-87.51576,41.69466],[-87.51592,41.6948],[-87.5164,41.69525],[-87.51656,41.69539],[-87.51666,41.69548],[-87.51688,41.69569],[-87.51768,41.69643],[-87.51785,41.69658],[-87.51817,41.69687],[-87.51837,41.69704],[-87.51855,41.6972],[-87.51968,41.6982],[-87.52006,41.69854],[-87.52007,41.69852],[-87.5201,41.69848],[-87.52011,41.69847],[-87.52074,41.69761],[-87.52091,41.69739],[-87.52097,41.6973],[-87.52112,41.69705],[-87.52126,41.69679],[-87.52138,41.69652],[-87.52148,41.69625],[-87.52157,41.69598],[-87.52163,41.69571],[-87.52168,41.69543],[-87.52173,41.69467],[-87.52173,41.69464],[-87.52178,41.69357],[-87.52189,41.69181],[-87.52189,41.69177],[-87.52191,41.69044],[-87.52194,41.68797],[-87.52196,41.68714],[-87.52199,41.68608],[-87.52204,41.68501],[-87.52211,41.68395],[-87.52219,41.68286],[-87.52229,41.68175],[-87.52234,41.68125],[-87.52255,41.679]]]},"properties":{"name":"Coal Closure Energy Community","category":"coal_closure","tractGeoid":"18089020200","county":"Lake County, Indiana","qualification":"Adjoins a coal closure tract","vintage":"2024.1"}},{"type":"Feature","geometry":{"type":"Polygon","coordinates":[[[-87.52509,41.63547],[-87.52508,41.63299],[-87.52466,41.63269],[-87.52458,41.63266],[-87.52449,41.63264],[-87.52439,41.63263],[-87.52431,41.63263],[-87.52381,41.63262],[-87.52248,41.63261],[-87.52221,41.63261],[-87.5214,41.63261],[-87.52113,41.6326],[-87.52086,41.6326],[-87.52005,41.63259],[-87.51992,41.63259],[-87.51979,41.63258],[-87.51964,41.63256],[-87.51952,41.63251],[-87.51873,41.63223],[-87.51859,41.63218],[-87.51847,41.63214],[-87.51832,41.6321],[-87.51827,41.63209],[-87.51823,41.63209],[-87.51751,41.63208],[-87.51727,41.63208],[-87.51703,41.63207],[-87.51632,41.63206],[-87.51608,41.63206],[-87.51482,41.63204],[-87.51458,41.63204],[-87.51424,41.63203],[-87.51386,41.63203],[-87.51362,41.63203],[-87.51254,41.63201],[-87.51136,41.632],[-87.51109,41.632],[-87.51043,41.63199],[-87.51027,41.63199],[-87.51,41.63198],[-87.50876,41.63197],[-87.50851,41.63197],[-87.50777,41.63198],[-87.50753,41.63199],[-87.50727,41.63199],[-87.5065,41.632],[-87.50624,41.63201],[-87.50598,41.63201],[-87.5052,41.63202],[-87.50494,41.63203],[-87.5047,41.63203],[-87.50399,41.63204],[-87.50376,41.63205],[-87.50365,41.63205],[-87.50332,41.63206],[-87.5032,41.63207],[-87.50309,41.63207],[-87.50307,41.63207],[-87.50293,41.63207],[-87.50271,41.6321],[-87.50253,41.63212],[-87.50132,41.63209],[-87.50012,41.63211],[-87.49819,41.63214],[-87.49746,41.63215],[-87.49479,41.63219],[-87.49239,41.63222],[-87.49051,41.63225],[-87.49046,41.63225],[-87.49045,41.63277],[-87.49045,41.63432],[-87.49045,41.63484],[-87.49044,41.63577],[-87.49043,41.63857],[-87.49043,41.63951],[-87.49047,41.63977],[-87.49047,41.64314],[-87.49047,41.64325],[-87.49047,41.64346],[-87.49047,41.64358],[-87.49047,41.64422],[-87.49047,41.64428],[-87.49048,41.64635],[-87.49048,41.64646],[-87.49048,41.64658],[-87.49048,41.64677],[-87.49048,41.64704],[-87.49048,41.64713],[-87.49048,41.6504],[-87.49048,41.65322],[-87.49048,41.65402],[-87.49048,41.65413],[-87.49048,41.65442],[-87.49048,41.65568],[-87.49048,41.65597],[-87.49048,41.65622],[-87.49048,41.65714],[-87.49048,41.65734],[-87.49048,41.6574],[-87.49048,41.65749],[-87.49048,41.65757],[-87.49048,41.65759],[-87.49048,41.65766],[-87.49048,41.65769],[-87.49048,41.66119],[-87.49048,41.66128],[-87.49048,41.66129],[-87.49069,41.66131],[-87.49121,41.66136],[-87.49134,41.66137],[-87.49143,41.66138],[-87.49156,41.66137],[-87.49182,41.66137],[-87.49261,41.66136],[-87.49287,41.66135],[-87.49353,41.66134],[-87.49536,41.66131],[-87.49603,41.6613],[-87.5055,41.66118],[-87.50553,41.66118],[-87.50646,41.66116],[-87.50865,41.66093],[-87.50899,41.6609],[-87.50934,41.66089],[-87.51142,41.66089],[-87.51212,41.66089],[-87.51257,41.6609],[-87.51392,41.66091],[-87.5143,41.66091],[-87.51437,41.66091],[-87.51504,41.66092],[-87.51613,41.66093],[-87.5169,41.66095],[-87.51704,41.66096],[-87.5173,41.66098],[-87.52149,41.67263],[-87.52155,41.67278],[-87.52179,41.67344],[-87.52228,41.67532],[-87.52251,41.6772],[-87.52255,41.679],[-87.52234,41.68125],[-87.52229,41.68175],[-87.52219,41.68286],[-87.52211,41.68395],[-87.52204,41.68501],[-87.52199,41.68608],[-87.52196,41.68714],[-87.52194,41.68797],[-87.52191,41.69044],[-87.52189,41.69177],[-87.52189,41.69181],[-87.52178,41.69357],[-87.52173,41.69464],[-87.52173,41.69467],[-87.52168,41.69543],[-87.52163,41.69571],[-87.52157,41.69598],[-87.52148,41.69625],[-87.52138,41.69652],[-87.52126,41.69679],[-87.52112,41.69705],[-87.52097,41.6973],[-87.52091,41.69739],[-87.52074,41.69761],[-87.52011,41.69847],[-87.5201,41.69848],[-87.52007,41.69852],[-87.52006,41.69854],[-87.51968,41.6982],[-87.51855,41.6972],[-87.51837,41.69704],[-87.51817,41.69687],[-87.51785,41.69658],[-87.51768,41.69643],[-87.51688,41.69569],[-87.51666,41.69548],[-87.51656,41.69539],[-87.5164,41.69525],[-87.51592,41.6948],[-87.51576,41.69466],[-87.51555,41.69446],[-87.51551,41.69442],[-87.51475,41.69373],[-87.5145,41.6935],[-87.51445,41.69345],[-87.5143,41.6933],[-87.51424,41.69326],[-87.51408,41.6931],[-87.51364,41.69266],[-87.5136,41.69263],[-87.51344,41.69247],[-87.51332,41.69237],[-87.51329,41.69234],[-87.51284,41.69195],[-87.51269,41.69182],[-87.51128,41.69052],[-87.50853,41.68792],[-87.50853,41.68803],[-87.50853,41.68806],[-87.50853,41.68815],[-87.50853,41.69166],[-87.50853,41.69191],[-87.50493,41.68979],[-87.50239,41.68817],[-87.50142,41.68757],[-87.50024,41.68675],[-87.50026,41.68689],[-87.50026,41.68695],[-87.50027,41.68792],[-87.50027,41.68799],[-87.50027,41.68805],[-87.50027,41.68811],[-87.50027,41.68813],[-87.50028,41.68828],[-87.50028,41.68844],[-87.50028,41.68845],[-87.50028,41.68862],[-87.50028,41.68877],[-87.50029,41.68922],[-87.50031,41.68923],[-87.50032,41.68925],[-87.49912,41.69064],[-87.49549,41.69482],[-87.49429,41.69622],[-87.49726,41.69789],[-87.50024,41.69956],[-87.50112,41.70006],[-87.50178,41.70043],[-87.50542,41.70612],[-87.51774,41.71633],[-87.52074,41.71881],[-87.52424,41.71699],[-87.52421,41.71256],[-87.52417,41.70832],[-87.5242,41.7079],[-87.52422,41.70752],[-87.52432,41.70661],[-87.52445,41.70405],[-87.52447,41.70331],[-87.52448,41.70314],[-87.52447,41.70293],[-87.52447,41.70288],[-87.52447,41.70277],[-87.52447,41.70269],[-87.52454,41.70088],[-87.52455,41.70076],[-87.52457,41.69904],[-87.52463,41.69724],[-87.52462,41.69543],[-87.52461,41.69514],[-87.52464,41.69379],[-87.52464,41.69362],[-87.52463,41.69334],[-87.52467,41.69181],[-87.52482,41.68695],[-87.52481,41.68642],[-87.52475,41.68174],[-87.52483,41.68096],[-87.52485,41.67649],[-87.52485,41.67544],[-87.52479,41.67374],[-87.52476,41.67353],[-87.52479,41.67199],[-87.52485,41.66789],[-87.52486,41.66759],[-87.52476,41.66174],[-87.52475,41.66044],[-87.52475,41.65921],[-87.52475,41.65871],[-87.52475,41.65724],[-87.52475,41.65674],[-87.5248,41.65564],[-87.5248,41.65453],[-87.52479,41.65375],[-87.5248,41.6514],[-87.52484,41.65015],[-87.5248,41.65012],[-87.5249,41.64729],[-87.52485,41.6473],[-87.525,41.64464],[-87.52506,41.63929],[-87.52506,41.63805],[-87.52506,41.63729],[-87.52509,41.63547]]]},"properties":{"name":"Coal Closure Energy Community","category":"coal_closure","tractGeoid":"18089020300","county":"Lake County, Indiana","qualification":"Retired coal-fired generator tract","vintage":"2024.1"}},{"type":"Feature","geometry":{"type":"Polygon","coordinates":[[[-87.52508,41.63299],[-87.52507,41.63258],[-87.52506,41.63126],[-87.52506,41.63081],[-87.52506,41.63022],[-87.52506,41.62947],[-87.52506,41.62898],[-87.52508,41.62595],[-87.52272,41.62554],[-87.52088,41.62534],[-87.52086,41.62534],[-87.52082,41.62533],[-87.5208,41.62533],[-87.52026,41.62517],[-87.51862,41.62468],[-87.51853,41.62465],[-87.51813,41.62441],[-87.51783,41.62427],[-87.51694,41.62387],[-87.51664,41.62373],[-87.51642,41.62364],[-87.51575,41.62338],[-87.51552,41.62329],[-87.51509,41.62309],[-87.51415,41.62268],[-87.51377,41.62257],[-87.51331,41.62245],[-87.51242,41.62205],[-87.50974,41.62085],[-87.50885,41.62046],[-87.50759,41.62005],[-87.50381,41.61885],[-87.50291,41.61856],[-87.50255,41.61844],[-87.50203,41.61859],[-87.50049,41.61902],[-87.50018,41.61911],[-87.49997,41.61908],[-87.49943,41.61906],[-87.4992,41.61906],[-87.49856,41.61903],[-87.49838,41.61901],[-87.49822,41.61896],[-87.49811,41.61886],[-87.49805,41.61874],[-87.49805,41.61864],[-87.49805,41.61839],[-87.49803,41.61827],[-87.49796,41.61812],[-87.49768,41.6178],[-87.49759,41.61774],[-87.49745,41.61763],[-87.49731,41.6175],[-87.49723,41.61745],[-87.49722,41.61741],[-87.49712,41.61735],[-87.4969,41.61718],[-87.49628,41.61683],[-87.49626,41.61681],[-87.49611,41.61676],[-87.4958,41.61661],[-87.49572,41.61657],[-87.49557,41.61654],[-87.49536,41.61647],[-87.49531,41.61647],[-87.49528,41.61644],[-87.49515,41.61639],[-87.49512,41.6164],[-87.49508,41.61638],[-87.4949,41.61634],[-87.49487,41.61632],[-87.49463,41.61628],[-87.49449,41.61623],[-87.49446,41.61623],[-87.49393,41.61614],[-87.49367,41.61613],[-87.49309,41.61614],[-87.49261,41.61613],[-87.49226,41.61616],[-87.49177,41.61623],[-87.49113,41.61635],[-87.49084,41.61644],[-87.49069,41.61656],[-87.49067,41.6169],[-87.49067,41.61721],[-87.49068,41.61755],[-87.49067,41.61775],[-87.49065,41.61793],[-87.49061,41.61797],[-87.49037,41.61799],[-87.49044,41.61924],[-87.49031,41.61936],[-87.49033,41.61941],[-87.4904,41.6197],[-87.49045,41.61997],[-87.4903,41.61998],[-87.49022,41.61998],[-87.49042,41.62071],[-87.49042,41.62084],[-87.49043,41.62127],[-87.49045,41.62318],[-87.49045,41.62355],[-87.49046,41.62463],[-87.49046,41.625],[-87.49046,41.62509],[-87.49046,41.62538],[-87.49047,41.62548],[-87.49047,41.62575],[-87.49047,41.62592],[-87.49047,41.62638],[-87.49047,41.62655],[-87.49047,41.62682],[-87.49047,41.6269],[-87.49047,41.62715],[-87.49047,41.62723],[-87.49047,41.62741],[-87.49047,41.62795],[-87.49047,41.62812],[-87.49047,41.62831],[-87.49048,41.62889],[-87.49048,41.62908],[-87.49048,41.62921],[-87.49048,41.62953],[-87.49048,41.62966],[-87.49048,41.6297],[-87.49048,41.62979],[-87.49048,41.62983],[-87.49047,41.63035],[-87.49047,41.63037],[-87.49047,41.63042],[-87.49047,41.63043],[-87.49047,41.63044],[-87.49047,41.63048],[-87.49047,41.63049],[-87.49047,41.63067],[-87.49047,41.63116],[-87.49047,41.63137],[-87.49046,41.63174],[-87.49046,41.63209],[-87.49046,41.63225],[-87.49051,41.63225],[-87.49239,41.63222],[-87.49479,41.63219],[-87.49746,41.63215],[-87.49819,41.63214],[-87.50012,41.63211],[-87.50132,41.63209],[-87.50253,41.63212],[-87.50271,41.6321],[-87.50293,41.63207],[-87.50307,41.63207],[-87.50309,41.63207],[-87.5032,41.63207],[-87.50332,41.63206],[-87.50365,41.63205],[-87.50376,41.63205],[-87.50399,41.63204],[-87.5047,41.63203],[-87.50494,41.63203],[-87.5052,41.63202],[-87.50598,41.63201],[-87.50624,41.63201],[-87.5065,41.632],[-87.50727,41.63199],[-87.50753,41.63199],[-87.50777,41.63198],[-87.50851,41.63197],[-87.50876,41.63197],[-87.51,41.63198],[-87.51027,41.63199],[-87.51043,41.63199],[-87.51109,41.632],[-87.51136,41.632],[-87.51254,41.63201],[-87.51362,41.63203],[-87.51386,41.63203],[-87.51424,41.63203],[-87.51458,41.63204],[-87.51482,41.63204],[-87.51608,41.63206],[-87.51632,41.63206],[-87.51703,41.63207],[-87.51727,41.63208],[-87.51751,41.63208],[-87.51823,41.63209],[-87.51827,41.63209],[-87.51832,41.6321],[-87.51847,41.63214],[-87.51859,41.63218],[-87.51873,41.63223],[-87.51952,41.63251],[-87.51964,41.63256],[-87.51979,41.63258],[-87.51992,41.63259],[-87.52005,41.63259],[-87.52086,41.6326],[-87.52113,41.6326],[-87.5214,41.63261],[-87.52221,41.63261],[-87.52248,41.63261],[-87.52381,41.63262],[-87.52431,41.63263],[-87.52439,41.63263],[-87.52449,41.63264],[-87.52458,41.63266],[-87.52466,41.63269],[-87.52508,41.63299]]]},"properties":{"name":"Coal Closure Energy Community","category":"coal_closure","tractGeoid":"18089020400","county":"Lake County, Indiana","qualification":"Adjoins a coal closure tract","vintage":"2024.1"}},{"type":"Feature","geometry":{"type":"Polygon","coordinates":[[[-87.43268,41.6],[-87.43267,41.60014],[-87.43267,41.6008],[-87.43267,41.60085],[-87.43267,41.60108],[-87.43267,41.60112],[-87.43267,41.60114],[-87.43267,41.60116],[-87.43267,41.60136],[-87.43271,41.60356],[-87.4327,41.60359],[-87.43271,41.60368],[-87.43271,41.60371],[-87.4327,41.60383],[-87.43268,41.60422],[-87.43268,41.60435],[-87.43267,41.60489],[-87.43264,41.60652],[-87.43264,41.60707],[-87.43263,41.60768],[-87.43263,41.60845],[-87.43266,41.60952],[-87.43268,41.61013],[-87.43268,41.61016],[-87.43269,41.61024],[-87.43269,41.61026],[-87.43269,41.61039],[-87.43269,41.61047],[-87.4327,41.61078],[-87.43269,41.61084],[-87.43269,41.61113],[-87.43266,41.61147],[-87.43262,41.61181],[-87.43256,41.61222],[-87.43249,41.61255],[-87.43246,41.61267],[-87.43242,41.61285],[-87.43239,41.61298],[-87.43236,41.61311],[-87.43248,41.61312],[-87.4326,41.61313],[-87.4326,41.61304],[-87.43264,41.61304],[-87.43272,41.61303],[-87.43274,41.61303],[-87.43283,41.61303],[-87.43292,41.61305],[-87.43302,41.61304],[-87.43313,41.61303],[-87.43326,41.61302],[-87.43339,41.61303],[-87.43351,41.61305],[-87.43366,41.61307],[-87.43377,41.6131],[-87.43392,41.61311],[-87.43408,41.61314],[-87.43418,41.61316],[-87.4343,41.61322],[-87.43432,41.61323],[-87.43437,41.61323],[-87.43442,41.61322],[-87.43444,41.61322],[-87.43449,41.6132],[-87.43458,41.61316],[-87.43469,41.61314],[-87.43475,41.61315],[-87.43486,41.61317],[-87.435,41.61319],[-87.43512,41.61318],[-87.43521,41.61319],[-87.43524,41.61319],[-87.43656,41.61325],[-87.43673,41.61323],[-87.43751,41.61309],[-87.43796,41.61292],[-87.43809,41.61293],[-87.43816,41.61291],[-87.43824,41.61288],[-87.43832,41.61285],[-87.43839,41.61282],[-87.43844,41.6128],[-87.43847,41.61279],[-87.43855,41.61277],[-87.43864,41.61274],[-87.43874,41.61272],[-87.43885,41.61269],[-87.43894,41.61268],[-87.43908,41.61267],[-87.43921,41.61265],[-87.43934,41.61262],[-87.43951,41.61259],[-87.43993,41.61256],[-87.44041,41.61244],[-87.44053,41.61242],[-87.44066,41.61239],[-87.4408,41.61237],[-87.44092,41.61236],[-87.44105,41.61233],[-87.4412,41.61232],[-87.44132,41.61229],[-87.44151,41.61226],[-87.44169,41.61223],[-87.44186,41.6122],[-87.44203,41.61216],[-87.44222,41.61214],[-87.44231,41.61213],[-87.44247,41.6121],[-87.44263,41.61208],[-87.44282,41.61205],[-87.44298,41.61202],[-87.44312,41.612],[-87.4433,41.61196],[-87.44346,41.61193],[-87.44361,41.61188],[-87.44381,41.61182],[-87.444,41.61173],[-87.44415,41.61167],[-87.44417,41.61167],[-87.44436,41.6116],[-87.44455,41.61154],[-87.44473,41.61148],[-87.44488,41.61143],[-87.44503,41.6114],[-87.44512,41.61136],[-87.44521,41.61132],[-87.44532,41.61131],[-87.44541,41.61129],[-87.44543,41.61129],[-87.44552,41.61127],[-87.44564,41.61124],[-87.44579,41.61122],[-87.44586,41.61121],[-87.44589,41.61121],[-87.446,41.61121],[-87.4461,41.6112],[-87.44621,41.6112],[-87.44623,41.61121],[-87.44638,41.6112],[-87.44651,41.61121],[-87.44662,41.6112],[-87.44677,41.61121],[-87.4469,41.61121],[-87.44696,41.61121],[-87.44702,41.61121],[-87.44713,41.61121],[-87.44728,41.61122],[-87.44743,41.61122],[-87.44758,41.61123],[-87.44772,41.61123],[-87.44786,41.61123],[-87.44799,41.61123],[-87.44811,41.61123],[-87.44824,41.61123],[-87.44834,41.61122],[-87.44845,41.61122],[-87.44858,41.61123],[-87.44872,41.61124],[-87.44885,41.61124],[-87.449,41.61126],[-87.44915,41.61127],[-87.44924,41.61128],[-87.44928,41.61129],[-87.44938,41.61131],[-87.44948,41.61133],[-87.4496,41.61136],[-87.4497,41.61139],[-87.4498,41.61139],[-87.4499,41.61144],[-87.45001,41.61145],[-87.4501,41.61147],[-87.45018,41.61149],[-87.45023,41.61154],[-87.45032,41.61161],[-87.45038,41.61167],[-87.45045,41.61172],[-87.45054,41.61177],[-87.45065,41.61184],[-87.45075,41.6119],[-87.45085,41.61197],[-87.45093,41.61203],[-87.45098,41.61208],[-87.45102,41.61211],[-87.45106,41.61214],[-87.45113,41.61221],[-87.45118,41.61225],[-87.45123,41.61231],[-87.45133,41.61242],[-87.45139,41.6125],[-87.45146,41.61262],[-87.45155,41.61272],[-87.4516,41.6128],[-87.45165,41.61286],[-87.45171,41.61293],[-87.45175,41.61302],[-87.45178,41.6131],[-87.45182,41.6132],[-87.45184,41.61324],[-87.45192,41.61341],[-87.45192,41.61343],[-87.45202,41.61398],[-87.45213,41.61426],[-87.45232,41.61451],[-87.45275,41.61496],[-87.4537,41.61576],[-87.45389,41.61589],[-87.45486,41.61639],[-87.45495,41.61644],[-87.4555,41.6167],[-87.45565,41.61679],[-87.45599,41.61692],[-87.45641,41.61702],[-87.45657,41.61706],[-87.45687,41.61711],[-87.45731,41.61712],[-87.45808,41.61705],[-87.45837,41.61701],[-87.4587,41.61692],[-87.45906,41.61681],[-87.45956,41.61656],[-87.45975,41.6164],[-87.45989,41.61626],[-87.46015,41.61584],[-87.46028,41.61559],[-87.46052,41.61506],[-87.46088,41.61454],[-87.46115,41.61422],[-87.46128,41.6141],[-87.46132,41.61407],[-87.46143,41.61401],[-87.46151,41.61396],[-87.46151,41.61392],[-87.46151,41.61332],[-87.4615,41.61304],[-87.46147,41.61139],[-87.46146,41.61089],[-87.46146,41.61077],[-87.46146,41.61066],[-87.46146,41.61057],[-87.46145,41.6103],[-87.46145,41.6102],[-87.46145,41.61015],[-87.46145,41.61],[-87.46144,41.60995],[-87.46144,41.6099],[-87.46144,41.60975],[-87.46144,41.6097],[-87.46145,41.6088],[-87.46148,41.60612],[-87.46148,41.60564],[-87.46149,41.60523],[-87.4618,41.6052],[-87.46193,41.6052],[-87.46234,41.60517],[-87.46272,41.60511],[-87.46302,41.60507],[-87.46307,41.60504],[-87.46327,41.60485],[-87.46388,41.60427],[-87.46408,41.60408],[-87.46435,41.60383],[-87.46518,41.60309],[-87.46546,41.60284],[-87.46595,41.60237],[-87.46598,41.60235],[-87.46627,41.60193],[-87.46652,41.60137],[-87.46656,41.60092],[-87.46659,41.60051],[-87.4666,41.60035],[-87.46662,41.6],[-87.43268,41.6]]]},"properties":{"name":"Coal Closure Energy Community","category":"coal_closure","tractGeoid":"18089021000","county":"Lake County, Indiana","qualification":"Adjoins a coal closure tract","vintage":"2024.1"}},{"type":"Feature","geometry":{"type":"Polygon","coordinates":[[[-87.44517,41.64932],[-87.44506,41.64925],[-87.44296,41.64779],[-87.44268,41.64759],[-87.44165,41.64687],[-87.44062,41.64615],[-87.44054,41.6461],[-87.44031,41.64594],[-87.44024,41.64588],[-87.43903,41.64504],[-87.4381,41.6444],[-87.43795,41.64429],[-87.43781,41.64419],[-87.43658,41.64334],[-87.43537,41.64249],[-87.43506,41.64227],[-87.43482,41.64211],[-87.43411,41.64161],[-87.43389,41.64146],[-87.43388,41.64145],[-87.43351,41.6412],[-87.43337,41.6411],[-87.43296,41.64084],[-87.43284,41.64076],[-87.43281,41.64075],[-87.43273,41.64072],[-87.43262,41.6407],[-87.43233,41.64065],[-87.43199,41.64059],[-87.43192,41.64057],[-87.43194,41.64073],[-87.43202,41.6413],[-87.43209,41.64173],[-87.43222,41.64226],[-87.43242,41.64277],[-87.43291,41.6437],[-87.4329,41.64381],[-87.43292,41.64404],[-87.43293,41.64407],[-87.43293,41.64416],[-87.43299,41.64473],[-87.43302,41.64496],[-87.43305,41.64544],[-87.43306,41.64555],[-87.43307,41.64588],[-87.43307,41.64604],[-87.43307,41.64621],[-87.43307,41.64626],[-87.43308,41.64649],[-87.43308,41.64655],[-87.43308,41.64664],[-87.43309,41.64699],[-87.43309,41.64701],[-87.43309,41.64714],[-87.43309,41.64727],[-87.43309,41.64736],[-87.43418,41.64812],[-87.43452,41.64836],[-87.43512,41.64879],[-87.43584,41.64926],[-87.43627,41.64955],[-87.4371,41.65008],[-87.43809,41.65072],[-87.43892,41.6513],[-87.44141,41.65303],[-87.4421,41.65351],[-87.44214,41.65354],[-87.44217,41.65356],[-87.4422,41.65358],[-87.44224,41.65361],[-87.44232,41.65355],[-87.44256,41.65336],[-87.44263,41.6533],[-87.44279,41.65319],[-87.44304,41.65301],[-87.44311,41.65297],[-87.44318,41.65292],[-87.44323,41.65288],[-87.44326,41.65285],[-87.4433,41.65283],[-87.44333,41.6528],[-87.44342,41.65273],[-87.44344,41.65272],[-87.4435,41.65268],[-87.44352,41.65267],[-87.44359,41.65259],[-87.44367,41.65252],[-87.44392,41.6523],[-87.44401,41.65222],[-87.44414,41.65211],[-87.44426,41.65197],[-87.44431,41.6519],[-87.44433,41.65176],[-87.44431,41.65158],[-87.44424,41.65141],[-87.44416,41.65128],[-87.44405,41.65116],[-87.44385,41.65106],[-87.44356,41.65101],[-87.44332,41.65103],[-87.44312,41.6511],[-87.44326,41.65088],[-87.4434,41.65067],[-87.44347,41.65066],[-87.4435,41.65065],[-87.44358,41.65062],[-87.44365,41.65056],[-87.44371,41.65051],[-87.44382,41.65042],[-87.44415,41.65015],[-87.44426,41.65006],[-87.44517,41.64932]]]},"properties":{"name":"Coal Closure Energy Community","category":"coal_closure","tractGeoid":"18089030100","county":"Lake County, Indiana","qualification":"Adjoins a coal closure tract","vintage":"2024.1"}},{"type":"Feature","geometry":{"type":"Polygon","coordinates":[[[-87.47134,41.64645],[-87.4713,41.64626],[-87.47119,41.64578],[-87.47122,41.64567],[-87.47128,41.64547],[-87.47126,41.64542],[-87.47122,41.64531],[-87.47121,41.64524],[-87.47118,41.64496],[-87.47113,41.64475],[-87.47105,41.64454],[-87.47101,41.6444],[-87.47102,41.64425],[-87.47107,41.64143],[-87.47107,41.6414],[-87.47113,41.64123],[-87.47114,41.64115],[-87.47114,41.64055],[-87.47112,41.64052],[-87.47108,41.64045],[-87.47106,41.64038],[-87.47106,41.64034],[-87.47106,41.63967],[-87.47107,41.6396],[-87.4711,41.63953],[-87.47114,41.63946],[-87.47119,41.6394],[-87.4712,41.63937],[-87.4712,41.6393],[-87.47121,41.63926],[-87.47119,41.63923],[-87.47118,41.63921],[-87.47116,41.63915],[-87.47113,41.63901],[-87.47113,41.63893],[-87.47114,41.63765],[-87.47114,41.63728],[-87.4711,41.63233],[-87.47108,41.63093],[-87.47108,41.63068],[-87.47108,41.63041],[-87.47108,41.6296],[-87.47108,41.62933],[-87.47108,41.62914],[-87.47108,41.62858],[-87.47108,41.62839],[-87.47108,41.62784],[-87.47107,41.62617],[-87.47107,41.62562],[-87.47107,41.62503],[-87.47108,41.625],[-87.47114,41.62475],[-87.47115,41.62472],[-87.47119,41.62429],[-87.47112,41.62308],[-87.4711,41.62211],[-87.4711,41.6217],[-87.47108,41.62131],[-87.47107,41.62123],[-87.47106,41.6211],[-87.47108,41.62099],[-87.47108,41.62096],[-87.47107,41.62085],[-87.47107,41.62084],[-87.47109,41.62064],[-87.47111,41.62057],[-87.47113,41.62046],[-87.47113,41.62032],[-87.47114,41.62017],[-87.47113,41.61996],[-87.47114,41.61966],[-87.47114,41.61957],[-87.47114,41.61943],[-87.47113,41.61927],[-87.47113,41.61914],[-87.47111,41.619],[-87.47104,41.61883],[-87.47103,41.61881],[-87.471,41.61869],[-87.47095,41.61851],[-87.47094,41.61844],[-87.47091,41.61838],[-87.47089,41.61832],[-87.47088,41.61827],[-87.47086,41.61824],[-87.4707,41.61816],[-87.47066,41.61814],[-87.47041,41.61797],[-87.47025,41.61789],[-87.47022,41.61787],[-87.47017,41.61785],[-87.47015,41.61784],[-87.46995,41.61778],[-87.46971,41.61766],[-87.46947,41.61758],[-87.46913,41.61744],[-87.46909,41.61742],[-87.46906,41.6174],[-87.46897,41.61736],[-87.46894,41.61734],[-87.46887,41.61728],[-87.46879,41.61724],[-87.46867,41.61713],[-87.4686,41.61708],[-87.46851,41.617],[-87.46834,41.61683],[-87.46829,41.61676],[-87.46826,41.61674],[-87.46818,41.61665],[-87.46805,41.61654],[-87.46792,41.6164],[-87.46789,41.61637],[-87.46788,41.61633],[-87.46786,41.6163],[-87.4678,41.6162],[-87.46776,41.6161],[-87.46774,41.61607],[-87.46771,41.61604],[-87.46769,41.616],[-87.46762,41.61587],[-87.46759,41.61577],[-87.46757,41.6157],[-87.46755,41.61556],[-87.46749,41.6155],[-87.46742,41.61545],[-87.4674,41.61534],[-87.46738,41.61527],[-87.46736,41.61517],[-87.46728,41.61492],[-87.46721,41.61468],[-87.46711,41.61452],[-87.46691,41.61415],[-87.46686,41.61409],[-87.46673,41.61395],[-87.4666,41.61384],[-87.46653,41.61379],[-87.46647,41.61374],[-87.46639,41.61369],[-87.4663,41.61361],[-87.46626,41.61359],[-87.46622,41.61357],[-87.46608,41.61353],[-87.466,41.6135],[-87.4659,41.61348],[-87.46555,41.61336],[-87.46537,41.61331],[-87.4651,41.61325],[-87.46491,41.61321],[-87.46463,41.61316],[-87.46439,41.61314],[-87.46429,41.61314],[-87.46401,41.61317],[-87.46368,41.61321],[-87.46349,41.61326],[-87.46314,41.61338],[-87.46302,41.61343],[-87.46298,41.61345],[-87.46294,41.61348],[-87.46286,41.61353],[-87.4627,41.61366],[-87.46265,41.61372],[-87.46258,41.61377],[-87.46251,41.61382],[-87.46244,41.61387],[-87.4624,41.61389],[-87.46232,41.61392],[-87.46227,41.61394],[-87.46214,41.61397],[-87.46187,41.61405],[-87.46184,41.61406],[-87.46179,41.61409],[-87.4616,41.6142],[-87.46151,41.61396],[-87.46151,41.61425],[-87.46154,41.61898],[-87.4615,41.61933],[-87.46126,41.62078],[-87.46124,41.62088],[-87.46133,41.62093],[-87.46145,41.62097],[-87.46155,41.62099],[-87.46165,41.621],[-87.46165,41.62282],[-87.46192,41.62282],[-87.46274,41.62282],[-87.46301,41.62282],[-87.46301,41.62319],[-87.46302,41.62431],[-87.46302,41.62442],[-87.46302,41.62468],[-87.4633,41.62469],[-87.46414,41.62471],[-87.46443,41.62471],[-87.46443,41.62481],[-87.4644,41.62503],[-87.4644,41.62516],[-87.46442,41.6265],[-87.46442,41.62694],[-87.46469,41.62694],[-87.46548,41.62693],[-87.46575,41.62693],[-87.46575,41.62722],[-87.46575,41.62807],[-87.46576,41.62835],[-87.46577,41.62854],[-87.46581,41.6291],[-87.46583,41.62929],[-87.46555,41.62929],[-87.46472,41.62928],[-87.46445,41.62927],[-87.46417,41.62927],[-87.46334,41.62926],[-87.46306,41.62926],[-87.46278,41.62925],[-87.46195,41.62924],[-87.46168,41.62924],[-87.46137,41.62923],[-87.46046,41.62922],[-87.46015,41.62922],[-87.46011,41.62948],[-87.46008,41.6297],[-87.46004,41.63025],[-87.46003,41.63051],[-87.45994,41.63083],[-87.45994,41.63088],[-87.45994,41.63102],[-87.45994,41.63107],[-87.45997,41.63268],[-87.46002,41.63629],[-87.46004,41.63752],[-87.46006,41.63913],[-87.45992,41.63913],[-87.45919,41.63912],[-87.45687,41.6391],[-87.45567,41.63909],[-87.45453,41.63907],[-87.45454,41.63914],[-87.4545,41.6409],[-87.45451,41.64245],[-87.45452,41.6427],[-87.45476,41.6427],[-87.45547,41.64271],[-87.45571,41.64271],[-87.45572,41.64307],[-87.45573,41.64416],[-87.45574,41.64452],[-87.45598,41.64453],[-87.45672,41.64453],[-87.45696,41.64454],[-87.45696,41.64476],[-87.45698,41.64545],[-87.45698,41.64568],[-87.4568,41.64581],[-87.45625,41.6462],[-87.45606,41.64633],[-87.45577,41.64654],[-87.4549,41.64717],[-87.45461,41.64738],[-87.45453,41.64743],[-87.45429,41.6476],[-87.45421,41.64766],[-87.45405,41.64766],[-87.45359,41.64767],[-87.45344,41.64767],[-87.45319,41.64768],[-87.45246,41.64769],[-87.45221,41.64769],[-87.45162,41.6477],[-87.4515,41.6477],[-87.45113,41.64771],[-87.45101,41.64771],[-87.45102,41.64803],[-87.45103,41.649],[-87.45104,41.64932],[-87.45146,41.64963],[-87.45228,41.65012],[-87.45241,41.6502],[-87.45309,41.65072],[-87.45316,41.65077],[-87.45318,41.65079],[-87.45325,41.65084],[-87.45327,41.65086],[-87.45328,41.65087],[-87.45331,41.65089],[-87.45333,41.6509],[-87.45335,41.65092],[-87.45332,41.65093],[-87.45326,41.65098],[-87.45323,41.65099],[-87.45303,41.65114],[-87.45196,41.6519],[-87.45186,41.65197],[-87.45167,41.6521],[-87.45147,41.65221],[-87.45144,41.65223],[-87.45121,41.65236],[-87.45096,41.65247],[-87.45071,41.65258],[-87.45045,41.65268],[-87.45022,41.65275],[-87.45019,41.65276],[-87.44992,41.65284],[-87.44978,41.65287],[-87.44973,41.65289],[-87.44964,41.65291],[-87.44959,41.65292],[-87.44954,41.65293],[-87.44936,41.65297],[-87.4491,41.65301],[-87.44908,41.65301],[-87.44777,41.6532],[-87.44733,41.65326],[-87.44705,41.6533],[-87.44687,41.65333],[-87.44653,41.65336],[-87.44627,41.65338],[-87.44602,41.65338],[-87.44577,41.65338],[-87.44551,41.65336],[-87.44526,41.65333],[-87.44513,41.65331],[-87.44501,41.65329],[-87.44497,41.65328],[-87.44478,41.65323],[-87.44467,41.6532],[-87.44457,41.65318],[-87.44437,41.65312],[-87.44431,41.65309],[-87.44418,41.65304],[-87.444,41.65296],[-87.44382,41.65287],[-87.44378,41.65284],[-87.44371,41.6528],[-87.44361,41.65273],[-87.44352,41.65267],[-87.4435,41.65268],[-87.44344,41.65272],[-87.44342,41.65273],[-87.44333,41.6528],[-87.4433,41.65283],[-87.44326,41.65285],[-87.44323,41.65288],[-87.44318,41.65292],[-87.44311,41.65297],[-87.44304,41.65301],[-87.44279,41.65319],[-87.44263,41.6533],[-87.44256,41.65336],[-87.44232,41.65355],[-87.44224,41.65361],[-87.4422,41.65358],[-87.44217,41.65356],[-87.44214,41.65354],[-87.4421,41.65351],[-87.44141,41.65303],[-87.43892,41.6513],[-87.43809,41.65072],[-87.4371,41.65008],[-87.43627,41.64955],[-87.43584,41.64926],[-87.43512,41.64879],[-87.43452,41.64836],[-87.43418,41.64812],[-87.43309,41.64736],[-87.43309,41.64752],[-87.4331,41.64786],[-87.4331,41.64809],[-87.43311,41.64832],[-87.43311,41.64863],[-87.43312,41.64898],[-87.43313,41.64972],[-87.43314,41.64986],[-87.43333,41.65015],[-87.43346,41.65061],[-87.43351,41.6508],[-87.4306,41.65177],[-87.42392,41.65542],[-87.42098,41.65733],[-87.41804,41.65924],[-87.40017,41.67563],[-87.4,41.67609],[-87.4,41.67738],[-87.41713,41.68952],[-87.41738,41.68931],[-87.41814,41.68866],[-87.41839,41.68845],[-87.42203,41.68526],[-87.43293,41.67568],[-87.43657,41.67249],[-87.44253,41.66738],[-87.45182,41.6604],[-87.45191,41.66033],[-87.45193,41.66032],[-87.45203,41.66023],[-87.45218,41.66013],[-87.45224,41.66009],[-87.45227,41.66008],[-87.4523,41.66006],[-87.45237,41.66002],[-87.4524,41.66001],[-87.45243,41.66],[-87.45249,41.65998],[-87.45254,41.65996],[-87.45257,41.65996],[-87.45343,41.65946],[-87.45581,41.65773],[-87.4559,41.65767],[-87.45593,41.65765],[-87.45606,41.65759],[-87.45609,41.65757],[-87.45611,41.65754],[-87.45613,41.6575],[-87.45613,41.65747],[-87.45613,41.65737],[-87.45613,41.65732],[-87.45612,41.65729],[-87.45613,41.65726],[-87.45625,41.65715],[-87.45635,41.65707],[-87.45653,41.65695],[-87.45659,41.65689],[-87.45666,41.65685],[-87.45667,41.65684],[-87.45676,41.65676],[-87.45687,41.65669],[-87.45706,41.65658],[-87.45727,41.65644],[-87.45764,41.65627],[-87.45772,41.65623],[-87.4582,41.65592],[-87.45835,41.65584],[-87.45842,41.65579],[-87.45848,41.65573],[-87.45855,41.65568],[-87.45863,41.65563],[-87.459,41.65542],[-87.45911,41.65534],[-87.4593,41.65524],[-87.4594,41.65516],[-87.45982,41.65481],[-87.45999,41.65468],[-87.46017,41.65456],[-87.46046,41.6544],[-87.46086,41.65417],[-87.46097,41.6541],[-87.46112,41.65401],[-87.46137,41.65385],[-87.46151,41.65375],[-87.46174,41.65356],[-87.46188,41.65346],[-87.46198,41.65338],[-87.46212,41.65329],[-87.46239,41.65308],[-87.46267,41.65288],[-87.46293,41.65267],[-87.46297,41.65265],[-87.46326,41.65252],[-87.46354,41.65238],[-87.46391,41.65215],[-87.46405,41.65205],[-87.46467,41.6516],[-87.46495,41.65135],[-87.46498,41.65133],[-87.46505,41.65125],[-87.46515,41.65116],[-87.46517,41.65114],[-87.46519,41.65111],[-87.46523,41.65106],[-87.46547,41.6508],[-87.46552,41.65074],[-87.46565,41.65054],[-87.46568,41.6505],[-87.46575,41.65038],[-87.4659,41.65034],[-87.46621,41.65025],[-87.4666,41.6501],[-87.46693,41.64995],[-87.46716,41.64982],[-87.46723,41.64977],[-87.46763,41.64946],[-87.46768,41.6494],[-87.46775,41.64931],[-87.46777,41.64928],[-87.46782,41.64914],[-87.46785,41.64907],[-87.4679,41.64901],[-87.46796,41.64895],[-87.46828,41.64871],[-87.46836,41.64866],[-87.46858,41.6485],[-87.46865,41.64845],[-87.46919,41.64805],[-87.47081,41.64686],[-87.47088,41.64682],[-87.47098,41.64674],[-87.47108,41.64667],[-87.47124,41.64653],[-87.47134,41.64645]]]},"properties":{"name":"Coal Closure Energy Community","category":"coal_closure","tractGeoid":"18089030300","county":"Lake County, Indiana","qualification":"Adjoins a coal closure tract","vintage":"2024.1"}},{"type":"Feature","geometry":{"type":"Polygon","coordinates":[[[-87.49048,41.65757],[-87.49048,41.65749],[-87.49048,41.6574],[-87.49048,41.65734],[-87.49048,41.65714],[-87.49048,41.65622],[-87.49048,41.65597],[-87.49048,41.65568],[-87.49048,41.65442],[-87.49048,41.65413],[-87.49048,41.65402],[-87.49048,41.65322],[-87.49048,41.6504],[-87.49048,41.64713],[-87.49048,41.64704],[-87.49048,41.64677],[-87.49048,41.64658],[-87.49048,41.64646],[-87.49048,41.64635],[-87.49047,41.64428],[-87.49047,41.64422],[-87.49047,41.64358],[-87.49047,41.64346],[-87.49047,41.64325],[-87.49047,41.64314],[-87.49047,41.63977],[-87.49043,41.63951],[-87.49017,41.6395],[-87.4894,41.6395],[-87.48914,41.63949],[-87.48907,41.63949],[-87.48887,41.63949],[-87.4888,41.63949],[-87.48858,41.63949],[-87.48793,41.63948],[-87.48772,41.63948],[-87.48745,41.63948],[-87.48665,41.63947],[-87.48638,41.63947],[-87.48611,41.63947],[-87.48529,41.63946],[-87.48502,41.63946],[-87.48474,41.63945],[-87.48391,41.63945],[-87.48363,41.63944],[-87.48335,41.63944],[-87.48253,41.63943],[-87.48225,41.63943],[-87.48197,41.63943],[-87.48114,41.63942],[-87.48086,41.63942],[-87.48079,41.63942],[-87.48061,41.63941],[-87.47975,41.6394],[-87.47947,41.6394],[-87.47919,41.6394],[-87.47835,41.63939],[-87.47807,41.63939],[-87.47676,41.63937],[-87.4762,41.63937],[-87.47619,41.63846],[-87.47617,41.63756],[-87.47655,41.63756],[-87.47768,41.63757],[-87.47806,41.63757],[-87.47834,41.63757],[-87.47918,41.63758],[-87.47946,41.63758],[-87.47946,41.63722],[-87.47945,41.63613],[-87.47945,41.63577],[-87.47945,41.63541],[-87.47944,41.63432],[-87.47944,41.63396],[-87.47944,41.6336],[-87.47944,41.63251],[-87.47944,41.63214],[-87.47972,41.63214],[-87.48058,41.63215],[-87.48078,41.63216],[-87.48083,41.63216],[-87.48083,41.63191],[-87.48083,41.63118],[-87.48084,41.63093],[-87.48083,41.6309],[-87.48083,41.63082],[-87.48083,41.63079],[-87.48083,41.63075],[-87.48083,41.63063],[-87.48083,41.63059],[-87.48083,41.63044],[-87.48083,41.62999],[-87.48083,41.62984],[-87.48083,41.62971],[-87.48083,41.62934],[-87.48083,41.62921],[-87.48083,41.62884],[-87.48083,41.62772],[-87.48083,41.62735],[-87.48082,41.62687],[-87.48081,41.62542],[-87.48081,41.62494],[-87.4808,41.62457],[-87.4808,41.62348],[-87.4808,41.62312],[-87.48079,41.62276],[-87.48078,41.62168],[-87.48077,41.62132],[-87.48077,41.62092],[-87.48077,41.61974],[-87.48077,41.61934],[-87.48077,41.61926],[-87.48076,41.61901],[-87.48076,41.61893],[-87.48075,41.61806],[-87.48072,41.61545],[-87.48071,41.61458],[-87.4807,41.61437],[-87.48067,41.61435],[-87.4803,41.61423],[-87.47985,41.61409],[-87.47901,41.61394],[-87.47828,41.61393],[-87.47775,41.61393],[-87.47673,41.61413],[-87.4759,41.61437],[-87.47514,41.61481],[-87.47437,41.61547],[-87.47399,41.61617],[-87.47368,41.61678],[-87.47328,41.61728],[-87.47291,41.61753],[-87.47199,41.6178],[-87.47162,41.61788],[-87.47113,41.618],[-87.47086,41.61824],[-87.47088,41.61827],[-87.47089,41.61832],[-87.47091,41.61838],[-87.47094,41.61844],[-87.47095,41.61851],[-87.471,41.61869],[-87.47103,41.61881],[-87.47104,41.61883],[-87.47111,41.619],[-87.47113,41.61914],[-87.47113,41.61927],[-87.47114,41.61943],[-87.47114,41.61957],[-87.47114,41.61966],[-87.47113,41.61996],[-87.47114,41.62017],[-87.47113,41.62032],[-87.47113,41.62046],[-87.47111,41.62057],[-87.47109,41.62064],[-87.47107,41.62084],[-87.47107,41.62085],[-87.47108,41.62096],[-87.47108,41.62099],[-87.47106,41.6211],[-87.47107,41.62123],[-87.47108,41.62131],[-87.4711,41.6217],[-87.4711,41.62211],[-87.47112,41.62308],[-87.47119,41.62429],[-87.47115,41.62472],[-87.47114,41.62475],[-87.47108,41.625],[-87.47107,41.62503],[-87.47107,41.62562],[-87.47107,41.62617],[-87.47108,41.62784],[-87.47108,41.62839],[-87.47108,41.62858],[-87.47108,41.62914],[-87.47108,41.62933],[-87.47108,41.6296],[-87.47108,41.63041],[-87.47108,41.63068],[-87.47108,41.63093],[-87.4711,41.63233],[-87.47114,41.63728],[-87.47114,41.63765],[-87.47113,41.63893],[-87.47113,41.63901],[-87.47116,41.63915],[-87.47118,41.63921],[-87.47119,41.63923],[-87.47121,41.63926],[-87.4712,41.6393],[-87.4712,41.63937],[-87.47119,41.6394],[-87.47114,41.63946],[-87.4711,41.63953],[-87.47107,41.6396],[-87.47106,41.63967],[-87.47106,41.64034],[-87.47106,41.64038],[-87.47108,41.64045],[-87.47112,41.64052],[-87.47114,41.64055],[-87.47114,41.64115],[-87.47113,41.64123],[-87.47107,41.6414],[-87.47107,41.64143],[-87.47102,41.64425],[-87.47101,41.6444],[-87.47105,41.64454],[-87.47113,41.64475],[-87.47118,41.64496],[-87.47121,41.64524],[-87.47122,41.64531],[-87.47126,41.64542],[-87.47128,41.64547],[-87.47122,41.64567],[-87.47119,41.64578],[-87.4713,41.64626],[-87.47134,41.64645],[-87.47124,41.64653],[-87.47108,41.64667],[-87.47098,41.64674],[-87.47088,41.64682],[-87.47081,41.64686],[-87.46919,41.64805],[-87.46865,41.64845],[-87.46858,41.6485],[-87.46836,41.64866],[-87.46828,41.64871],[-87.46796,41.64895],[-87.4679,41.64901],[-87.46785,41.64907],[-87.46782,41.64914],[-87.46777,41.64928],[-87.46775,41.64931],[-87.46768,41.6494],[-87.46763,41.64946],[-87.46723,41.64977],[-87.46716,41.64982],[-87.46693,41.64995],[-87.4666,41.6501],[-87.46621,41.65025],[-87.4659,41.65034],[-87.46575,41.65038],[-87.46568,41.6505],[-87.46565,41.65054],[-87.46552,41.65074],[-87.46547,41.6508],[-87.46523,41.65106],[-87.46519,41.65111],[-87.46517,41.65114],[-87.46515,41.65116],[-87.46505,41.65125],[-87.46498,41.65133],[-87.46495,41.65135],[-87.46467,41.6516],[-87.46405,41.65205],[-87.46391,41.65215],[-87.46354,41.65238],[-87.46326,41.65252],[-87.46297,41.65265],[-87.46293,41.65267],[-87.46267,41.65288],[-87.46239,41.65308],[-87.46212,41.65329],[-87.46198,41.65338],[-87.46188,41.65346],[-87.46174,41.65356],[-87.46151,41.65375],[-87.46137,41.65385],[-87.46112,41.65401],[-87.46097,41.6541],[-87.46086,41.65417],[-87.46046,41.6544],[-87.46017,41.65456],[-87.45999,41.65468],[-87.45982,41.65481],[-87.4594,41.65516],[-87.4593,41.65524],[-87.45911,41.65534],[-87.459,41.65542],[-87.45863,41.65563],[-87.45855,41.65568],[-87.45848,41.65573],[-87.45842,41.65579],[-87.45835,41.65584],[-87.4582,41.65592],[-87.45772,41.65623],[-87.45764,41.65627],[-87.45727,41.65644],[-87.45706,41.65658],[-87.45687,41.65669],[-87.45676,41.65676],[-87.45667,41.65684],[-87.45666,41.65685],[-87.45659,41.65689],[-87.45653,41.65695],[-87.45635,41.65707],[-87.45625,41.65715],[-87.45613,41.65726],[-87.45612,41.65729],[-87.45613,41.65732],[-87.45613,41.65737],[-87.45613,41.65747],[-87.45613,41.6575],[-87.45611,41.65754],[-87.45609,41.65757],[-87.45606,41.65759],[-87.45593,41.65765],[-87.4559,41.65767],[-87.45581,41.65773],[-87.45343,41.65946],[-87.45257,41.65996],[-87.45254,41.65996],[-87.45249,41.65998],[-87.45243,41.66],[-87.4524,41.66001],[-87.45237,41.66002],[-87.4523,41.66006],[-87.45227,41.66008],[-87.45224,41.66009],[-87.45218,41.66013],[-87.45203,41.66023],[-87.45193,41.66032],[-87.45191,41.66033],[-87.45182,41.6604],[-87.44253,41.66738],[-87.43657,41.67249],[-87.43293,41.67568],[-87.42203,41.68526],[-87.41839,41.68845],[-87.41814,41.68866],[-87.41738,41.68931],[-87.41713,41.68952],[-87.41794,41.68974],[-87.42206,41.6926],[-87.42404,41.69136],[-87.42406,41.69137],[-87.42439,41.69145],[-87.42657,41.69204],[-87.43063,41.69312],[-87.43979,41.6892],[-87.45348,41.68271],[-87.45462,41.68216],[-87.46253,41.68529],[-87.4625,41.68389],[-87.46241,41.67971],[-87.46239,41.6785],[-87.46223,41.67858],[-87.46223,41.67839],[-87.46223,41.67777],[-87.46223,41.67767],[-87.46221,41.67573],[-87.46221,41.67526],[-87.46218,41.66905],[-87.46217,41.66831],[-87.46291,41.66831],[-87.46319,41.66832],[-87.46348,41.66832],[-87.46378,41.66832],[-87.46403,41.66832],[-87.46407,41.66832],[-87.46432,41.66832],[-87.46437,41.66832],[-87.46449,41.66832],[-87.46467,41.66832],[-87.46484,41.66832],[-87.46609,41.66833],[-87.46673,41.66833],[-87.4671,41.66833],[-87.46732,41.66833],[-87.46805,41.66834],[-87.46881,41.66833],[-87.46883,41.66833],[-87.46996,41.66833],[-87.47065,41.66833],[-87.4709,41.66833],[-87.47096,41.66834],[-87.47111,41.66834],[-87.47148,41.66835],[-87.47164,41.66835],[-87.47175,41.66835],[-87.4721,41.66836],[-87.47233,41.66836],[-87.4724,41.66836],[-87.47244,41.66836],[-87.47255,41.66836],[-87.47645,41.6684],[-87.47642,41.66599],[-87.47642,41.66576],[-87.47644,41.66474],[-87.47785,41.66475],[-87.47811,41.66472],[-87.48018,41.66478],[-87.48099,41.66481],[-87.481,41.66408],[-87.48103,41.66189],[-87.48104,41.66117],[-87.48104,41.6604],[-87.48104,41.65811],[-87.48105,41.65753],[-87.48191,41.65754],[-87.48201,41.65754],[-87.48205,41.65754],[-87.48222,41.65754],[-87.48455,41.65757],[-87.48572,41.65759],[-87.48881,41.65763],[-87.48899,41.65763],[-87.48905,41.65764],[-87.48945,41.65759],[-87.49048,41.65759],[-87.49048,41.65757]]]},"properties":{"name":"Coal Closure Energy Community","category":"coal_closure","tractGeoid":"18089030400","county":"Lake County, Indiana","qualification":"Adjoins a coal closure tract","vintage":"2024.1"}},{"type":"Feature","geometry":{"type":"Polygon","coordinates":[[[-87.49048,41.62966],[-87.49048,41.62953],[-87.49048,41.62921],[-87.49048,41.62908],[-87.49048,41.62889],[-87.49047,41.62831],[-87.49047,41.62812],[-87.49047,41.62795],[-87.49047,41.62741],[-87.49047,41.62723],[-87.4902,41.62724],[-87.48939,41.62724],[-87.48912,41.62724],[-87.48772,41.62725],[-87.48697,41.62726],[-87.48636,41.62727],[-87.48608,41.62727],[-87.48525,41.62728],[-87.48497,41.62729],[-87.4847,41.62729],[-87.48387,41.6273],[-87.48359,41.62731],[-87.48331,41.62731],[-87.48249,41.62733],[-87.48221,41.62733],[-87.48193,41.62733],[-87.4811,41.62735],[-87.48083,41.62735],[-87.48083,41.62772],[-87.48083,41.62884],[-87.48083,41.62921],[-87.48083,41.62934],[-87.48083,41.62971],[-87.48083,41.62984],[-87.48083,41.62999],[-87.48083,41.63044],[-87.48083,41.63059],[-87.48083,41.63063],[-87.48083,41.63075],[-87.48083,41.63079],[-87.48083,41.63082],[-87.48083,41.6309],[-87.48084,41.63093],[-87.48083,41.63118],[-87.48083,41.63191],[-87.48083,41.63216],[-87.48078,41.63216],[-87.48058,41.63215],[-87.47972,41.63214],[-87.47944,41.63214],[-87.47944,41.63251],[-87.47944,41.6336],[-87.47944,41.63396],[-87.47944,41.63432],[-87.47945,41.63541],[-87.47945,41.63577],[-87.47945,41.63613],[-87.47946,41.63722],[-87.47946,41.63758],[-87.47918,41.63758],[-87.47834,41.63757],[-87.47806,41.63757],[-87.47768,41.63757],[-87.47655,41.63756],[-87.47617,41.63756],[-87.47619,41.63846],[-87.4762,41.63937],[-87.47676,41.63937],[-87.47807,41.63939],[-87.47835,41.63939],[-87.47919,41.6394],[-87.47947,41.6394],[-87.47975,41.6394],[-87.48061,41.63941],[-87.48079,41.63942],[-87.48086,41.63942],[-87.48114,41.63942],[-87.48197,41.63943],[-87.48225,41.63943],[-87.48253,41.63943],[-87.48335,41.63944],[-87.48363,41.63944],[-87.48391,41.63945],[-87.48474,41.63945],[-87.48502,41.63946],[-87.48529,41.63946],[-87.48611,41.63947],[-87.48638,41.63947],[-87.48665,41.63947],[-87.48745,41.63948],[-87.48772,41.63948],[-87.48793,41.63948],[-87.48858,41.63949],[-87.4888,41.63949],[-87.48887,41.63949],[-87.48907,41.63949],[-87.48914,41.63949],[-87.4894,41.6395],[-87.49017,41.6395],[-87.49043,41.63951],[-87.49043,41.63857],[-87.49044,41.63577],[-87.49045,41.63484],[-87.49045,41.63432],[-87.49045,41.63277],[-87.49046,41.63225],[-87.49046,41.63209],[-87.49046,41.63174],[-87.49047,41.63137],[-87.49047,41.63116],[-87.49047,41.63067],[-87.49047,41.63049],[-87.49047,41.63048],[-87.49047,41.63044],[-87.49047,41.63043],[-87.49047,41.63042],[-87.49047,41.63037],[-87.49047,41.63035],[-87.49048,41.62983],[-87.49048,41.62979],[-87.49048,41.6297],[-87.49048,41.62966]]]},"properties":{"name":"Coal Closure Energy Community","category":"coal_closure","tractGeoid":"18089030500","county":"Lake County, Indiana","qualification":"Adjoins a coal closure tract","vintage":"2024.1"}},{"type":"Feature","geometry":{"type":"Polygon","coordinates":[[[-87.46583,41.62929],[-87.46581,41.6291],[-87.46577,41.62854],[-87.46576,41.62835],[-87.46575,41.62807],[-87.46575,41.62722],[-87.46575,41.62693],[-87.46548,41.62693],[-87.46469,41.62694],[-87.46442,41.62694],[-87.46442,41.6265],[-87.4644,41.62516],[-87.4644,41.62503],[-87.46443,41.62481],[-87.46443,41.62471],[-87.46414,41.62471],[-87.4633,41.62469],[-87.46302,41.62468],[-87.46302,41.62442],[-87.46302,41.62431],[-87.46301,41.62319],[-87.46301,41.62282],[-87.46274,41.62282],[-87.46192,41.62282],[-87.46165,41.62282],[-87.46165,41.621],[-87.46155,41.62099],[-87.46145,41.62097],[-87.46133,41.62093],[-87.46124,41.62088],[-87.46126,41.62078],[-87.4615,41.61933],[-87.46154,41.61898],[-87.46151,41.61425],[-87.46151,41.61396],[-87.46143,41.61401],[-87.46132,41.61407],[-87.46128,41.6141],[-87.46115,41.61422],[-87.46088,41.61454],[-87.46052,41.61506],[-87.46028,41.61559],[-87.46015,41.61584],[-87.45989,41.61626],[-87.45975,41.6164],[-87.45956,41.61656],[-87.45906,41.61681],[-87.4587,41.61692],[-87.45837,41.61701],[-87.45808,41.61705],[-87.45731,41.61712],[-87.45687,41.61711],[-87.45657,41.61706],[-87.45641,41.61702],[-87.45599,41.61692],[-87.45565,41.61679],[-87.4555,41.6167],[-87.45495,41.61644],[-87.45486,41.61639],[-87.45389,41.61589],[-87.4537,41.61576],[-87.45275,41.61496],[-87.45232,41.61451],[-87.45213,41.61426],[-87.45202,41.61398],[-87.45192,41.61343],[-87.45192,41.61341],[-87.45184,41.61324],[-87.45182,41.6132],[-87.45178,41.6131],[-87.45175,41.61302],[-87.45171,41.61293],[-87.45165,41.61286],[-87.4516,41.6128],[-87.45155,41.61272],[-87.45146,41.61262],[-87.45139,41.6125],[-87.45133,41.61242],[-87.45123,41.61231],[-87.45118,41.61225],[-87.45113,41.61221],[-87.45106,41.61214],[-87.45102,41.61211],[-87.45098,41.61208],[-87.45093,41.61203],[-87.45085,41.61197],[-87.45075,41.6119],[-87.45065,41.61184],[-87.45054,41.61177],[-87.45045,41.61172],[-87.45038,41.61167],[-87.45032,41.61161],[-87.45023,41.61154],[-87.45018,41.61149],[-87.4501,41.61147],[-87.45001,41.61145],[-87.4499,41.61144],[-87.4498,41.61139],[-87.4497,41.61139],[-87.4496,41.61136],[-87.44948,41.61133],[-87.44938,41.61131],[-87.44928,41.61129],[-87.44924,41.61128],[-87.44915,41.61127],[-87.449,41.61126],[-87.44885,41.61124],[-87.44872,41.61124],[-87.44858,41.61123],[-87.44845,41.61122],[-87.44834,41.61122],[-87.44824,41.61123],[-87.44811,41.61123],[-87.44799,41.61123],[-87.44786,41.61123],[-87.44772,41.61123],[-87.44758,41.61123],[-87.44743,41.61122],[-87.44728,41.61122],[-87.44713,41.61121],[-87.44702,41.61121],[-87.44696,41.61121],[-87.4469,41.61121],[-87.44677,41.61121],[-87.44662,41.6112],[-87.44651,41.61121],[-87.44638,41.6112],[-87.44623,41.61121],[-87.44621,41.6112],[-87.4461,41.6112],[-87.446,41.61121],[-87.44589,41.61121],[-87.44586,41.61121],[-87.44579,41.61122],[-87.44564,41.61124],[-87.44552,41.61127],[-87.44543,41.61129],[-87.44541,41.61129],[-87.44532,41.61131],[-87.44521,41.61132],[-87.44512,41.61136],[-87.44503,41.6114],[-87.44488,41.61143],[-87.44473,41.61148],[-87.44455,41.61154],[-87.44436,41.6116],[-87.44417,41.61167],[-87.44415,41.61167],[-87.444,41.61173],[-87.44381,41.61182],[-87.44361,41.61188],[-87.44346,41.61193],[-87.4433,41.61196],[-87.44312,41.612],[-87.44298,41.61202],[-87.44282,41.61205],[-87.44263,41.61208],[-87.44247,41.6121],[-87.44231,41.61213],[-87.44222,41.61214],[-87.44203,41.61216],[-87.44186,41.6122],[-87.44169,41.61223],[-87.44151,41.61226],[-87.44132,41.61229],[-87.4412,41.61232],[-87.44105,41.61233],[-87.44092,41.61236],[-87.4408,41.61237],[-87.44066,41.61239],[-87.44053,41.61242],[-87.44041,41.61244],[-87.43993,41.61256],[-87.43951,41.61259],[-87.43934,41.61262],[-87.43921,41.61265],[-87.43908,41.61267],[-87.43894,41.61268],[-87.43885,41.61269],[-87.43874,41.61272],[-87.43864,41.61274],[-87.43855,41.61277],[-87.43847,41.61279],[-87.43844,41.6128],[-87.43839,41.61282],[-87.43832,41.61285],[-87.43824,41.61288],[-87.43816,41.61291],[-87.43809,41.61293],[-87.43796,41.61292],[-87.43751,41.61309],[-87.43673,41.61323],[-87.43656,41.61325],[-87.43524,41.61319],[-87.43521,41.61319],[-87.43512,41.61318],[-87.435,41.61319],[-87.43486,41.61317],[-87.43475,41.61315],[-87.43469,41.61314],[-87.43458,41.61316],[-87.43449,41.6132],[-87.43444,41.61322],[-87.43442,41.61322],[-87.43437,41.61323],[-87.43432,41.61323],[-87.4343,41.61322],[-87.43418,41.61316],[-87.43408,41.61314],[-87.43392,41.61311],[-87.43377,41.6131],[-87.43366,41.61307],[-87.43351,41.61305],[-87.43339,41.61303],[-87.43326,41.61302],[-87.43313,41.61303],[-87.43302,41.61304],[-87.43292,41.61305],[-87.43283,41.61303],[-87.43274,41.61303],[-87.43272,41.61303],[-87.43264,41.61304],[-87.4326,41.61304],[-87.4326,41.61313],[-87.43248,41.61312],[-87.43236,41.61311],[-87.43232,41.61334],[-87.4323,41.61338],[-87.4323,41.61342],[-87.43226,41.61358],[-87.43224,41.61367],[-87.43221,41.61382],[-87.43216,41.6141],[-87.43213,41.61437],[-87.43212,41.6146],[-87.43212,41.61492],[-87.43213,41.61539],[-87.43214,41.61596],[-87.43215,41.61622],[-87.43216,41.6167],[-87.43216,41.61699],[-87.43217,41.61725],[-87.43217,41.61731],[-87.43218,41.61745],[-87.43218,41.61749],[-87.43218,41.6175],[-87.43218,41.61755],[-87.43218,41.61758],[-87.4322,41.61846],[-87.43225,41.62053],[-87.43227,41.6215],[-87.4323,41.62281],[-87.43232,41.62369],[-87.43232,41.62401],[-87.43235,41.62605],[-87.43235,41.62626],[-87.43235,41.62629],[-87.43235,41.62738],[-87.43235,41.62762],[-87.43234,41.62854],[-87.43234,41.62864],[-87.43233,41.62882],[-87.43233,41.629],[-87.43233,41.62908],[-87.43232,41.62957],[-87.4323,41.62987],[-87.43229,41.63013],[-87.4326,41.63013],[-87.43285,41.63014],[-87.4334,41.63014],[-87.43365,41.63014],[-87.43555,41.63014],[-87.43656,41.63015],[-87.44125,41.63025],[-87.44529,41.63031],[-87.4482,41.63035],[-87.45205,41.63043],[-87.45324,41.63044],[-87.45444,41.63044],[-87.45444,41.63174],[-87.45444,41.63191],[-87.45444,41.63211],[-87.45445,41.63323],[-87.45445,41.6336],[-87.45445,41.63397],[-87.45446,41.63507],[-87.45446,41.63544],[-87.45455,41.63545],[-87.4547,41.63545],[-87.45542,41.63545],[-87.45566,41.63545],[-87.45566,41.63581],[-87.45566,41.63691],[-87.45566,41.63728],[-87.45566,41.63773],[-87.45567,41.63909],[-87.45687,41.6391],[-87.45919,41.63912],[-87.45992,41.63913],[-87.46006,41.63913],[-87.46004,41.63752],[-87.46002,41.63629],[-87.45997,41.63268],[-87.45994,41.63107],[-87.45994,41.63102],[-87.45994,41.63088],[-87.45994,41.63083],[-87.46003,41.63051],[-87.46004,41.63025],[-87.46008,41.6297],[-87.46011,41.62948],[-87.46015,41.62922],[-87.46046,41.62922],[-87.46137,41.62923],[-87.46168,41.62924],[-87.46195,41.62924],[-87.46278,41.62925],[-87.46306,41.62926],[-87.46334,41.62926],[-87.46417,41.62927],[-87.46445,41.62927],[-87.46472,41.62928],[-87.46555,41.62929],[-87.46583,41.62929]]]},"properties":{"name":"Coal Closure Energy Community","category":"coal_closure","tractGeoid":"18089030700","county":"Lake County, Indiana","qualification":"Adjoins a coal closure tract","vintage":"2024.1"}},{"type":"Feature","geometry":{"type":"Polygon","coordinates":[[[-87.45445,41.6336],[-87.45445,41.63323],[-87.45444,41.63211],[-87.45444,41.63191],[-87.45444,41.63174],[-87.45444,41.63044],[-87.45324,41.63044],[-87.45205,41.63043],[-87.4482,41.63035],[-87.44529,41.63031],[-87.44125,41.63025],[-87.43656,41.63015],[-87.43555,41.63014],[-87.43365,41.63014],[-87.4334,41.63014],[-87.43285,41.63014],[-87.4326,41.63013],[-87.43229,41.63013],[-87.43228,41.63039],[-87.43225,41.63113],[-87.43225,41.63116],[-87.43224,41.63142],[-87.43224,41.63148],[-87.43223,41.63167],[-87.43223,41.63174],[-87.43222,41.63195],[-87.4322,41.63241],[-87.43219,41.63259],[-87.43218,41.6328],[-87.43217,41.63322],[-87.43213,41.63447],[-87.43212,41.63489],[-87.4321,41.63517],[-87.43207,41.63583],[-87.43206,41.63603],[-87.43205,41.63623],[-87.43205,41.63633],[-87.43205,41.63635],[-87.43205,41.63641],[-87.43205,41.63644],[-87.43204,41.63651],[-87.43204,41.63658],[-87.43201,41.63703],[-87.432,41.63718],[-87.432,41.6374],[-87.432,41.63806],[-87.432,41.63828],[-87.432,41.63832],[-87.432,41.63842],[-87.432,41.63846],[-87.43199,41.63888],[-87.43198,41.6397],[-87.43197,41.64001],[-87.43192,41.64057],[-87.43199,41.64059],[-87.43233,41.64065],[-87.43262,41.6407],[-87.43273,41.64072],[-87.43281,41.64075],[-87.43284,41.64076],[-87.43296,41.64084],[-87.43337,41.6411],[-87.43351,41.6412],[-87.43388,41.64145],[-87.43389,41.64146],[-87.43411,41.64161],[-87.43482,41.64211],[-87.43506,41.64227],[-87.43537,41.64249],[-87.43536,41.64243],[-87.43657,41.64245],[-87.43778,41.64247],[-87.43778,41.64211],[-87.43776,41.64102],[-87.43775,41.64066],[-87.438,41.64067],[-87.43872,41.64068],[-87.43897,41.64068],[-87.43915,41.64068],[-87.43969,41.64069],[-87.43987,41.64069],[-87.44013,41.6407],[-87.4407,41.6407],[-87.44134,41.64071],[-87.44137,41.64252],[-87.44141,41.64434],[-87.44165,41.64434],[-87.44236,41.64435],[-87.4426,41.64436],[-87.44283,41.64436],[-87.44354,41.64437],[-87.44378,41.64437],[-87.44401,41.64438],[-87.44473,41.64439],[-87.44497,41.64439],[-87.44521,41.64439],[-87.44594,41.6444],[-87.44618,41.64441],[-87.44738,41.64442],[-87.44735,41.6426],[-87.44734,41.64224],[-87.44733,41.64116],[-87.44732,41.6408],[-87.44732,41.64045],[-87.4473,41.6394],[-87.4473,41.63905],[-87.44729,41.63899],[-87.44729,41.63893],[-87.44729,41.63888],[-87.44729,41.63838],[-87.44729,41.63822],[-87.44728,41.63801],[-87.44728,41.63738],[-87.44727,41.63717],[-87.44727,41.63681],[-87.44726,41.63573],[-87.44725,41.63538],[-87.44725,41.63501],[-87.44724,41.63391],[-87.44723,41.63354],[-87.44757,41.63354],[-87.44859,41.63355],[-87.44892,41.63355],[-87.44908,41.63356],[-87.44954,41.63356],[-87.4497,41.63356],[-87.45017,41.63356],[-87.45159,41.63358],[-87.45206,41.63358],[-87.45229,41.63358],[-87.453,41.63359],[-87.45323,41.63359],[-87.45347,41.63359],[-87.45421,41.6336],[-87.45445,41.6336]]]},"properties":{"name":"Coal Closure Energy Community","category":"coal_closure","tractGeoid":"18089030900","county":"Lake County, Indiana","qualification":"Adjoins a coal closure tract","vintage":"2024.1"}},{"type":"Feature","geometry":{"type":"Polygon","coordinates":[[[-87.50032,41.68925],[-87.50031,41.68923],[-87.50029,41.68922],[-87.50028,41.68877],[-87.50028,41.68862],[-87.50028,41.68845],[-87.50028,41.68844],[-87.50028,41.68828],[-87.50027,41.68813],[-87.50027,41.68811],[-87.50027,41.68805],[-87.50027,41.68799],[-87.50027,41.68792],[-87.50026,41.68695],[-87.50026,41.68689],[-87.50024,41.68675],[-87.50024,41.68669],[-87.50024,41.68654],[-87.50024,41.68648],[-87.5,41.68635],[-87.4997,41.68617],[-87.4993,41.68593],[-87.49907,41.68579],[-87.49884,41.68565],[-87.49849,41.68543],[-87.49814,41.68521],[-87.49791,41.68506],[-87.49767,41.68491],[-87.49733,41.68469],[-87.49696,41.68445],[-87.49673,41.6843],[-87.4965,41.68415],[-87.49613,41.68393],[-87.4958,41.68373],[-87.49557,41.68358],[-87.49556,41.68346],[-87.49556,41.68311],[-87.49556,41.68299],[-87.49532,41.68299],[-87.49497,41.68299],[-87.49462,41.683],[-87.49447,41.683],[-87.49438,41.683],[-87.49438,41.68287],[-87.49438,41.68247],[-87.49438,41.68233],[-87.49411,41.68216],[-87.49331,41.68166],[-87.49304,41.68149],[-87.49278,41.68133],[-87.49199,41.68083],[-87.49172,41.68067],[-87.49132,41.68042],[-87.4906,41.67997],[-87.49051,41.67991],[-87.49049,41.6799],[-87.49013,41.67967],[-87.48979,41.67942],[-87.48984,41.67941],[-87.49061,41.67942],[-87.49061,41.67923],[-87.4906,41.67898],[-87.4906,41.67889],[-87.4906,41.67866],[-87.4906,41.67846],[-87.4906,41.67827],[-87.4906,41.67799],[-87.49059,41.6777],[-87.49059,41.67751],[-87.49059,41.67734],[-87.49059,41.67684],[-87.49059,41.67667],[-87.49058,41.67649],[-87.49058,41.67625],[-87.49058,41.67596],[-87.49058,41.67579],[-87.49106,41.67578],[-87.49241,41.67577],[-87.4925,41.67577],[-87.49299,41.67576],[-87.49298,41.67558],[-87.49298,41.67504],[-87.49298,41.67486],[-87.49298,41.67469],[-87.49297,41.67443],[-87.49297,41.67434],[-87.49297,41.67418],[-87.49297,41.67413],[-87.49289,41.67413],[-87.49159,41.67415],[-87.49146,41.67416],[-87.49133,41.67416],[-87.4912,41.67418],[-87.49107,41.6742],[-87.49094,41.67423],[-87.49082,41.67426],[-87.49069,41.6743],[-87.49057,41.67435],[-87.49057,41.67419],[-87.49056,41.67402],[-87.49056,41.67365],[-87.49056,41.67347],[-87.49056,41.67305],[-87.49054,41.67207],[-87.49054,41.67184],[-87.49053,41.6713],[-87.49053,41.67105],[-87.49057,41.66939],[-87.49059,41.66851],[-87.49051,41.66848],[-87.4905,41.66671],[-87.49073,41.66671],[-87.49108,41.66671],[-87.49145,41.66671],[-87.49168,41.66671],[-87.49168,41.66634],[-87.49168,41.66525],[-87.49168,41.66489],[-87.49144,41.66489],[-87.49109,41.66489],[-87.49073,41.6649],[-87.49049,41.6649],[-87.49049,41.66454],[-87.49048,41.66345],[-87.49048,41.66309],[-87.49048,41.6628],[-87.49048,41.66137],[-87.49048,41.66129],[-87.49048,41.66128],[-87.49048,41.66119],[-87.49048,41.65769],[-87.49048,41.65766],[-87.49048,41.65759],[-87.48945,41.65759],[-87.48905,41.65764],[-87.48899,41.65763],[-87.48881,41.65763],[-87.48572,41.65759],[-87.48455,41.65757],[-87.48222,41.65754],[-87.48205,41.65754],[-87.48201,41.65754],[-87.48191,41.65754],[-87.48105,41.65753],[-87.48104,41.65811],[-87.48104,41.6604],[-87.48104,41.66117],[-87.48103,41.66189],[-87.481,41.66408],[-87.48099,41.66481],[-87.48018,41.66478],[-87.47811,41.66472],[-87.47785,41.66475],[-87.47644,41.66474],[-87.47642,41.66576],[-87.47642,41.66599],[-87.47645,41.6684],[-87.47255,41.66836],[-87.47244,41.66836],[-87.4724,41.66836],[-87.47233,41.66836],[-87.4721,41.66836],[-87.47175,41.66835],[-87.47164,41.66835],[-87.47148,41.66835],[-87.47111,41.66834],[-87.47096,41.66834],[-87.4709,41.66833],[-87.47065,41.66833],[-87.46996,41.66833],[-87.46883,41.66833],[-87.46881,41.66833],[-87.46805,41.66834],[-87.46732,41.66833],[-87.4671,41.66833],[-87.46673,41.66833],[-87.46609,41.66833],[-87.46484,41.66832],[-87.46467,41.66832],[-87.46449,41.66832],[-87.46437,41.66832],[-87.46432,41.66832],[-87.46407,41.66832],[-87.46403,41.66832],[-87.46378,41.66832],[-87.46348,41.66832],[-87.46319,41.66832],[-87.46291,41.66831],[-87.46217,41.66831],[-87.46218,41.66905],[-87.46221,41.67526],[-87.46221,41.67573],[-87.46223,41.67767],[-87.46223,41.67777],[-87.46223,41.67839],[-87.46223,41.67858],[-87.46239,41.6785],[-87.46241,41.67971],[-87.4625,41.68389],[-87.46253,41.68529],[-87.46716,41.68687],[-87.47885,41.69086],[-87.48115,41.69128],[-87.48597,41.69217],[-87.48733,41.69243],[-87.48775,41.69265],[-87.49265,41.69533],[-87.49429,41.69622],[-87.49549,41.69482],[-87.49912,41.69064],[-87.50032,41.68925]]]},"properties":{"name":"Coal Closure Energy Community","category":"coal_closure","tractGeoid":"18089040100","county":"Lake County, Indiana","qualification":"Adjoins a coal closure tract","vintage":"2024.1"}},{"type":"Feature","geometry":{"type":"Polygon","coordinates":[[[-87.52433,41.71833],[-87.52432,41.71822],[-87.52424,41.71728],[-87.52424,41.71699],[-87.52074,41.71881],[-87.51774,41.71633],[-87.50542,41.70612],[-87.50178,41.70043],[-87.50112,41.70006],[-87.50024,41.69956],[-87.49726,41.69789],[-87.49429,41.69622],[-87.49265,41.69533],[-87.48775,41.69265],[-87.48733,41.69243],[-87.48597,41.69217],[-87.48115,41.69128],[-87.47885,41.69086],[-87.46716,41.68687],[-87.46253,41.68529],[-87.45462,41.68216],[-87.45348,41.68271],[-87.43979,41.6892],[-87.43063,41.69312],[-87.42657,41.69204],[-87.42439,41.69145],[-87.42406,41.69137],[-87.42404,41.69136],[-87.42206,41.6926],[-87.41794,41.68974],[-87.41713,41.68952],[-87.4,41.67738],[-87.4,41.67609],[-87.40017,41.67563],[-87.41804,41.65924],[-87.42098,41.65733],[-87.42392,41.65542],[-87.41929,41.65291],[-87.41161,41.64876],[-87.40469,41.6502],[-87.40459,41.65022],[-87.4,41.64867],[-87.4,41.76029],[-87.44424,41.76035],[-87.50005,41.76043],[-87.50005,41.76037],[-87.50005,41.7602],[-87.50005,41.76015],[-87.50008,41.76015],[-87.501,41.76014],[-87.50194,41.76013],[-87.50479,41.7601],[-87.51895,41.75996],[-87.52367,41.75991],[-87.5239,41.74277],[-87.52395,41.73896],[-87.524,41.73514],[-87.52415,41.72383],[-87.52416,41.72314],[-87.52416,41.72297],[-87.52416,41.72245],[-87.52417,41.72186],[-87.52421,41.71952],[-87.52433,41.71833]]]},"properties":{"name":"Coal Closure Energy Community","category":"coal_closure","tractGeoid":"18089990000","county":"Lake County, Indiana","qualification":"Adjoins a coal closure tract","vintage":"2024.1"}},{"type":"Feature","geometry":{"type":"Polygon","coordinates":[[[-88,42.1],[-88,41.99267],[-87.99988,41.99267],[-87.99978,41.99267],[-87.99958,41.99268],[-87.99896,41.99268],[-87.99876,41.99269],[-87.99864,41.99269],[-87.99829,41.99269],[-87.99827,41.99269],[-87.99817,41.99269],[-87.99815,41.99269],[-87.9981,41.99269],[-87.99808,41.99269],[-87.9979,41.99269],[-87.99736,41.9927],[-87.99718,41.9927],[-87.99715,41.9927],[-87.99682,41.9927],[-87.99543,41.99272],[-87.99519,41.99273],[-87.99514,41.99272],[-87.99509,41.99272],[-87.99445,41.99273],[-87.99426,41.99273],[-87.99423,41.99273],[-87.99417,41.99273],[-87.99411,41.99273],[-87.99408,41.99273],[-87.99402,41.99273],[-87.99386,41.99273],[-87.9938,41.99274],[-87.99361,41.99274],[-87.99339,41.99274],[-87.99303,41.99274],[-87.99283,41.99274],[-87.9923,41.99275],[-87.9907,41.99277],[-87.99017,41.99277],[-87.98994,41.99277],[-87.98966,41.99277],[-87.98925,41.99278],[-87.98902,41.99278],[-87.98901,41.99278],[-87.98896,41.99278],[-87.98895,41.99278],[-87.98886,41.99278],[-87.98861,41.99279],[-87.98853,41.99279],[-87.98845,41.99279],[-87.9882,41.9928],[-87.98812,41.99279],[-87.98785,41.9928],[-87.98767,41.9928],[-87.98744,41.9928],[-87.98735,41.9928],[-87.98706,41.9928],[-87.98704,41.9928],[-87.98678,41.99281],[-87.9866,41.99281],[-87.98606,41.99282],[-87.98588,41.99282],[-87.98576,41.99282],[-87.98557,41.99282],[-87.98542,41.99282],[-87.9853,41.99282],[-87.98527,41.99282],[-87.98519,41.99282],[-87.98516,41.99283],[-87.98513,41.99283],[-87.98506,41.99283],[-87.98502,41.99283],[-87.98499,41.99283],[-87.98496,41.99283],[-87.98492,41.99283],[-87.98488,41.99283],[-87.98485,41.99283],[-87.98477,41.99283],[-87.98456,41.99283],[-87.98448,41.99283],[-87.98436,41.99283],[-87.98401,41.99284],[-87.98389,41.99284],[-87.9838,41.99284],[-87.98354,41.99284],[-87.98345,41.99284],[-87.98342,41.99284],[-87.98313,41.99285],[-87.98312,41.99285],[-87.98279,41.99285],[-87.98218,41.99285],[-87.98186,41.99286],[-87.9818,41.99286],[-87.98162,41.99286],[-87.98156,41.99286],[-87.9812,41.99286],[-87.98011,41.99287],[-87.97974,41.99288],[-87.9797,41.99288],[-87.97959,41.99288],[-87.97955,41.99288],[-87.97935,41.99288],[-87.97885,41.99289],[-87.97877,41.99289],[-87.97858,41.99289],[-87.97839,41.9929],[-87.97783,41.9929],[-87.97764,41.99291],[-87.97761,41.99291],[-87.97751,41.99291],[-87.97747,41.99291],[-87.97741,41.99291],[-87.97732,41.99291],[-87.97686,41.99292],[-87.97671,41.99292],[-87.9766,41.99292],[-87.97645,41.99292],[-87.97569,41.99294],[-87.97544,41.99294],[-87.97448,41.99295],[-87.9719,41.99299],[-87.9716,41.99299],[-87.97064,41.993],[-87.97058,41.993],[-87.97041,41.99301],[-87.97036,41.99301],[-87.97017,41.99301],[-87.96959,41.99302],[-87.96957,41.99302],[-87.96943,41.99302],[-87.96939,41.99303],[-87.96927,41.99303],[-87.96889,41.99303],[-87.96876,41.99303],[-87.96813,41.99304],[-87.96625,41.99307],[-87.96562,41.99308],[-87.96532,41.99309],[-87.9644,41.9931],[-87.96409,41.9931],[-87.96401,41.9931],[-87.96378,41.99311],[-87.9637,41.99311],[-87.96323,41.99311],[-87.96181,41.99314],[-87.96134,41.99314],[-87.96095,41.99315],[-87.95976,41.99317],[-87.95947,41.99317],[-87.95937,41.99317],[-87.95924,41.99318],[-87.95919,41.99318],[-87.9585,41.99319],[-87.95657,41.99321],[-87.95624,41.99321],[-87.95514,41.99322],[-87.95507,41.99322],[-87.95504,41.99322],[-87.95455,41.99325],[-87.95383,41.99327],[-87.95379,41.99327],[-87.95366,41.99327],[-87.95362,41.99327],[-87.95358,41.99327],[-87.95345,41.99328],[-87.95341,41.99328],[-87.95315,41.99328],[-87.9529,41.99329],[-87.95237,41.9933],[-87.95212,41.9933],[-87.95185,41.99331],[-87.95103,41.99332],[-87.95076,41.99332],[-87.95043,41.99333],[-87.94946,41.99335],[-87.94913,41.99335],[-87.9488,41.99336],[-87.9478,41.99338],[-87.94747,41.99339],[-87.94743,41.99339],[-87.94731,41.99339],[-87.94727,41.99339],[-87.94718,41.99339],[-87.94701,41.99339],[-87.94657,41.9934],[-87.94623,41.99341],[-87.94597,41.99341],[-87.94556,41.99342],[-87.94432,41.99344],[-87.94391,41.99345],[-87.94353,41.99346],[-87.94237,41.99347],[-87.94199,41.99348],[-87.94189,41.99348],[-87.94162,41.99348],[-87.94153,41.99348],[-87.93995,41.99349],[-87.93897,41.99352],[-87.93893,41.99352],[-87.9387,41.99353],[-87.93864,41.99353],[-87.9386,41.99354],[-87.93855,41.99354],[-87.93813,41.99355],[-87.93707,41.99357],[-87.9361,41.99359],[-87.93184,41.99367],[-87.93144,41.99368],[-87.93079,41.99369],[-87.9302,41.99371],[-87.92125,41.99389],[-87.92048,41.99389],[-87.92042,41.98724],[-87.92042,41.98664],[-87.92041,41.98518],[-87.92039,41.9827],[-87.92037,41.98227],[-87.92038,41.98184],[-87.92038,41.98159],[-87.92036,41.97937],[-87.92035,41.97908],[-87.92023,41.97185],[-87.92019,41.96902],[-87.92015,41.96661],[-87.92013,41.96573],[-87.92012,41.9648],[-87.92013,41.96361],[-87.92013,41.96355],[-87.92013,41.96297],[-87.92014,41.96289],[-87.92016,41.96035],[-87.92018,41.9589],[-87.92018,41.95843],[-87.92018,41.95827],[-87.92018,41.95817],[-87.92018,41.95806],[-87.92019,41.95613],[-87.92019,41.95563],[-87.9202,41.95523],[-87.9202,41.95404],[-87.9202,41.95373],[-87.9202,41.95335],[-87.9202,41.95332],[-87.9202,41.95327],[-87.9202,41.95322],[-87.9202,41.95318],[-87.92021,41.95256],[-87.92021,41.95247],[-87.92021,41.95239],[-87.92021,41.95229],[-87.92021,41.95227],[-87.92021,41.95222],[-87.92021,41.95218],[-87.92021,41.95214],[-87.92021,41.95208],[-87.92021,41.952],[-87.92021,41.95179],[-87.92021,41.95128],[-87.92021,41.95123],[-87.92021,41.9512],[-87.92022,41.95015],[-87.92022,41.94976],[-87.92022,41.94966],[-87.92022,41.94905],[-87.92022,41.94902],[-87.92022,41.94884],[-87.92024,41.94808],[-87.92024,41.94711],[-87.92025,41.94647],[-87.92025,41.94645],[-87.92025,41.94639],[-87.92025,41.94637],[-87.92025,41.94633],[-87.92025,41.94621],[-87.92025,41.94617],[-87.92025,41.94576],[-87.92025,41.94454],[-87.92025,41.94413],[-87.92025,41.94393],[-87.92025,41.94344],[-87.92025,41.94333],[-87.92025,41.94313],[-87.92025,41.94283],[-87.92025,41.94191],[-87.92026,41.94161],[-87.92026,41.94158],[-87.92026,41.94148],[-87.92026,41.94145],[-87.92026,41.94128],[-87.92026,41.94078],[-87.92026,41.94061],[-87.92026,41.93988],[-87.92026,41.93771],[-87.92026,41.93698],[-87.92026,41.93686],[-87.92027,41.93648],[-87.92027,41.93635],[-87.92027,41.93624],[-87.92027,41.93615],[-87.92027,41.93595],[-87.92027,41.93592],[-87.92027,41.93588],[-87.92027,41.93581],[-87.92027,41.9357],[-87.92027,41.93535],[-87.92027,41.93524],[-87.92028,41.93447],[-87.92029,41.93297],[-87.92029,41.93216],[-87.92029,41.93139],[-87.92029,41.93138],[-87.92029,41.93132],[-87.92029,41.93131],[-87.92029,41.93125],[-87.9203,41.93087],[-87.92029,41.9301],[-87.92029,41.93003],[-87.92032,41.92866],[-87.92032,41.92666],[-87.92031,41.9266],[-87.92032,41.92621],[-87.92032,41.92585],[-87.92033,41.92529],[-87.92033,41.92513],[-87.92033,41.92511],[-87.92033,41.92497],[-87.92033,41.92494],[-87.92033,41.92487],[-87.92033,41.92468],[-87.92033,41.92462],[-87.92033,41.92452],[-87.92033,41.92421],[-87.92033,41.92411],[-87.92034,41.9236],[-87.92035,41.92233],[-87.92035,41.92208],[-87.92035,41.92157],[-87.92035,41.92151],[-87.92035,41.9213],[-87.92035,41.92124],[-87.92035,41.92085],[-87.92035,41.9197],[-87.92035,41.91931],[-87.92036,41.91893],[-87.92036,41.91802],[-87.92036,41.91778],[-87.92037,41.91757],[-87.92037,41.91742],[-87.92037,41.91739],[-87.92037,41.91734],[-87.92037,41.91719],[-87.92037,41.91714],[-87.92037,41.91697],[-87.92037,41.91647],[-87.92037,41.9163],[-87.92038,41.91585],[-87.92041,41.91456],[-87.9204,41.9145],[-87.92039,41.91416],[-87.9204,41.91404],[-87.92042,41.91379],[-87.92042,41.91346],[-87.92041,41.91303],[-87.92041,41.91265],[-87.9204,41.91143],[-87.92041,41.90978],[-87.92042,41.90846],[-87.92043,41.90728],[-87.92043,41.90704],[-87.92043,41.90693],[-87.92043,41.90685],[-87.92043,41.90681],[-87.92043,41.90671],[-87.92043,41.90653],[-87.92043,41.90645],[-87.92043,41.90625],[-87.92043,41.9054],[-87.92043,41.90505],[-87.92044,41.90402],[-87.92044,41.9029],[-87.92045,41.90211],[-87.92046,41.90198],[-87.92056,41.90113],[-87.92057,41.90067],[-87.92057,41.90048],[-87.92057,41.90024],[-87.92057,41.8999],[-87.92057,41.8997],[-87.92056,41.89946],[-87.92056,41.8991],[-87.92056,41.89905],[-87.92056,41.8988],[-87.92056,41.89855],[-87.92057,41.89787],[-87.92057,41.8976],[-87.92057,41.89745],[-87.92057,41.89741],[-87.92057,41.89737],[-87.92057,41.89732],[-87.92057,41.89716],[-87.92057,41.89693],[-87.92058,41.89483],[-87.9206,41.89351],[-87.9206,41.8933],[-87.9206,41.89312],[-87.92061,41.89208],[-87.92061,41.89079],[-87.92062,41.89025],[-87.92062,41.89015],[-87.92062,41.89003],[-87.92063,41.88991],[-87.92063,41.88986],[-87.92063,41.88981],[-87.92063,41.88976],[-87.92063,41.88975],[-87.92062,41.88971],[-87.92063,41.8897],[-87.92063,41.88962],[-87.92063,41.88953],[-87.92063,41.88911],[-87.92063,41.88902],[-87.92062,41.88886],[-87.92062,41.88881],[-87.92062,41.88868],[-87.92062,41.88863],[-87.92061,41.88825],[-87.92061,41.88802],[-87.92062,41.88749],[-87.92063,41.88708],[-87.92063,41.8867],[-87.92064,41.88661],[-87.92064,41.88659],[-87.92064,41.88633],[-87.92064,41.88629],[-87.92064,41.88624],[-87.92063,41.88595],[-87.92062,41.88506],[-87.92062,41.88488],[-87.92062,41.88476],[-87.92062,41.88466],[-87.92062,41.88435],[-87.92062,41.88425],[-87.92062,41.88401],[-87.92062,41.88396],[-87.92061,41.88343],[-87.92061,41.88332],[-87.92061,41.88309],[-87.92061,41.88306],[-87.92061,41.88299],[-87.92061,41.88296],[-87.92061,41.88291],[-87.92061,41.88276],[-87.92061,41.88271],[-87.92061,41.88239],[-87.92061,41.88233],[-87.92062,41.88212],[-87.92062,41.88161],[-87.92063,41.88138],[-87.92062,41.88118],[-87.92061,41.88108],[-87.92054,41.8808],[-87.92051,41.88068],[-87.92051,41.88003],[-87.92051,41.87998],[-87.92051,41.87981],[-87.92051,41.87875],[-87.92051,41.87824],[-87.92051,41.87692],[-87.92051,41.87686],[-87.92051,41.87659],[-87.9205,41.87642],[-87.92049,41.87621],[-87.92049,41.87609],[-87.92049,41.87571],[-87.92049,41.87558],[-87.92049,41.87547],[-87.92049,41.87515],[-87.92049,41.87504],[-87.92049,41.87495],[-87.92048,41.87465],[-87.92048,41.87455],[-87.92048,41.87426],[-87.92047,41.87341],[-87.92046,41.87312],[-87.92052,41.87288],[-87.92051,41.87074],[-87.92049,41.86956],[-87.92049,41.86952],[-87.92049,41.86873],[-87.9205,41.86837],[-87.92049,41.86806],[-87.92048,41.86784],[-87.92047,41.8676],[-87.92047,41.86747],[-87.92046,41.8672],[-87.92044,41.86675],[-87.92042,41.8661],[-87.92042,41.86592],[-87.92042,41.86448],[-87.92042,41.86414],[-87.92042,41.86404],[-87.92038,41.86322],[-87.92038,41.86317],[-87.92038,41.86313],[-87.92038,41.86309],[-87.92037,41.86294],[-87.92034,41.86217],[-87.92032,41.86196],[-87.92032,41.86188],[-87.92031,41.86179],[-87.92031,41.86177],[-87.9203,41.86161],[-87.92022,41.86087],[-87.9202,41.86069],[-87.91979,41.85707],[-87.91973,41.85671],[-87.91952,41.85539],[-87.9194,41.85405],[-87.91935,41.8521],[-87.91932,41.84928],[-87.91924,41.84769],[-87.91924,41.84762],[-87.91922,41.84724],[-87.91923,41.84635],[-87.91924,41.84605],[-87.91936,41.84488],[-87.91941,41.84453],[-87.91945,41.84424],[-87.91945,41.84421],[-87.91945,41.84418],[-87.91945,41.84417],[-87.91946,41.84415],[-87.91946,41.84412],[-87.91946,41.8441],[-87.91947,41.84401],[-87.91949,41.84383],[-87.9195,41.84375],[-87.91951,41.84366],[-87.91952,41.84354],[-87.91952,41.84352],[-87.91956,41.84325],[-87.91957,41.84319],[-87.91958,41.84308],[-87.91973,41.84145],[-87.9198,41.84056],[-87.91977,41.83961],[-87.91959,41.83847],[-87.91922,41.83669],[-87.91909,41.83602],[-87.91906,41.83547],[-87.91902,41.83465],[-87.91902,41.83447],[-87.91896,41.83316],[-87.91896,41.83314],[-87.91895,41.83295],[-87.91894,41.83269],[-87.91889,41.83161],[-87.91887,41.83128],[-87.91879,41.82955],[-87.91879,41.82945],[-87.91875,41.82869],[-87.91874,41.82855],[-87.91864,41.82642],[-87.91862,41.82586],[-87.91862,41.82579],[-87.91861,41.82567],[-87.9186,41.82549],[-87.9186,41.82541],[-87.91859,41.82528],[-87.91857,41.82472],[-87.91851,41.82353],[-87.91848,41.82296],[-87.91848,41.82279],[-87.91847,41.82273],[-87.91829,41.81873],[-87.91828,41.81853],[-87.91826,41.81804],[-87.91825,41.81788],[-87.91824,41.81769],[-87.91823,41.81728],[-87.91822,41.81713],[-87.91821,41.81694],[-87.91819,41.81646],[-87.91812,41.81503],[-87.9181,41.81455],[-87.91806,41.81377],[-87.91799,41.81224],[-87.91794,41.81125],[-87.91792,41.81066],[-87.91787,41.80972],[-87.91787,41.80967],[-87.91786,41.80936],[-87.91781,41.8084],[-87.9178,41.80808],[-87.9178,41.80803],[-87.91779,41.8079],[-87.91778,41.80778],[-87.91775,41.80686],[-87.91774,41.80662],[-87.91774,41.80656],[-87.91772,41.80636],[-87.91769,41.80578],[-87.91768,41.80565],[-87.91769,41.80561],[-87.91768,41.80552],[-87.91768,41.80541],[-87.91768,41.80539],[-87.91768,41.80536],[-87.91767,41.80519],[-87.91766,41.80496],[-87.91764,41.80475],[-87.91763,41.80452],[-87.91762,41.80425],[-87.91762,41.8041],[-87.91761,41.80395],[-87.9176,41.80384],[-87.9176,41.80378],[-87.9176,41.8036],[-87.9176,41.80352],[-87.91759,41.80341],[-87.91759,41.80324],[-87.91757,41.8027],[-87.91755,41.80252],[-87.91754,41.80245],[-87.91754,41.8024],[-87.91754,41.8021],[-87.91754,41.80206],[-87.91753,41.80194],[-87.91752,41.80161],[-87.91748,41.80064],[-87.91747,41.80031],[-87.91746,41.8002],[-87.91745,41.79987],[-87.91744,41.79976],[-87.91743,41.79971],[-87.91743,41.7996],[-87.91743,41.79929],[-87.91742,41.79912],[-87.91742,41.79896],[-87.91741,41.79883],[-87.9174,41.79871],[-87.9174,41.79867],[-87.91737,41.79794],[-87.91736,41.79769],[-87.91736,41.79763],[-87.91735,41.79743],[-87.91735,41.79737],[-87.91735,41.79724],[-87.91733,41.79685],[-87.91732,41.79672],[-87.91732,41.79665],[-87.91731,41.79647],[-87.91731,41.7964],[-87.9173,41.79609],[-87.91727,41.79552],[-87.91726,41.79516],[-87.91726,41.795],[-87.91725,41.79485],[-87.91724,41.79449],[-87.91719,41.79342],[-87.91718,41.79306],[-87.91717,41.79293],[-87.91715,41.79253],[-87.91714,41.7924],[-87.91713,41.79216],[-87.9171,41.79147],[-87.91709,41.79124],[-87.91708,41.79107],[-87.91708,41.79102],[-87.91706,41.79038],[-87.91705,41.79016],[-87.91705,41.79014],[-87.91705,41.79006],[-87.91705,41.79004],[-87.91704,41.78992],[-87.91703,41.78956],[-87.91702,41.78944],[-87.91701,41.78921],[-87.917,41.78896],[-87.91695,41.78784],[-87.91695,41.78772],[-87.91694,41.78753],[-87.91692,41.78706],[-87.91692,41.78671],[-87.91692,41.78668],[-87.91688,41.7858],[-87.91688,41.78557],[-87.91688,41.7852],[-87.91685,41.78445],[-87.91679,41.78321],[-87.91674,41.78215],[-87.91673,41.78192],[-87.91673,41.78174],[-87.91672,41.78168],[-87.91672,41.78162],[-87.91669,41.78079],[-87.91669,41.78077],[-87.91669,41.78074],[-87.91666,41.78023],[-87.91666,41.78018],[-87.91662,41.77914],[-87.91662,41.7791],[-87.91662,41.77897],[-87.91662,41.77892],[-87.91661,41.77824],[-87.91657,41.77776],[-87.91654,41.77699],[-87.91651,41.77612],[-87.91646,41.7748],[-87.91639,41.773],[-87.91637,41.7727],[-87.91634,41.77182],[-87.91633,41.77152],[-87.91631,41.7711],[-87.91626,41.76985],[-87.91625,41.76948],[-87.91625,41.76944],[-87.91621,41.7685],[-87.91616,41.76707],[-87.91613,41.76604],[-87.91603,41.7638],[-87.91593,41.76066],[-87.91592,41.76031],[-87.91588,41.75896],[-87.91584,41.75781],[-87.91584,41.75767],[-87.91583,41.75725],[-87.91582,41.75711],[-87.91582,41.75704],[-87.91582,41.75684],[-87.91582,41.75681],[-87.91581,41.75673],[-87.91581,41.75668],[-87.91581,41.7566],[-87.91581,41.75644],[-87.9158,41.75638],[-87.9158,41.75633],[-87.91579,41.75596],[-87.91579,41.75588],[-87.91578,41.75565],[-87.91575,41.75524],[-87.91572,41.75447],[-87.91569,41.75347],[-87.91569,41.75324],[-87.91568,41.75297],[-87.91567,41.75276],[-87.91564,41.75251],[-87.91564,41.75241],[-87.91562,41.75209],[-87.91561,41.75174],[-87.91558,41.75112],[-87.91557,41.75078],[-87.91556,41.75066],[-87.91556,41.75065],[-87.91556,41.75062],[-87.91556,41.7506],[-87.91555,41.75036],[-87.91555,41.75033],[-87.91555,41.7503],[-87.91553,41.74988],[-87.91554,41.74951],[-87.91553,41.74922],[-87.91552,41.74894],[-87.91552,41.7489],[-87.91548,41.74795],[-87.91547,41.74763],[-87.91546,41.74725],[-87.91543,41.74644],[-87.91542,41.7461],[-87.9154,41.74586],[-87.91542,41.74572],[-87.91543,41.74544],[-87.91542,41.74534],[-87.9154,41.74487],[-87.91536,41.74419],[-87.91534,41.74381],[-87.91533,41.74375],[-87.91533,41.74369],[-87.91532,41.74356],[-87.91532,41.7435],[-87.91531,41.74337],[-87.9153,41.74299],[-87.91528,41.74254],[-87.91527,41.7423],[-87.91524,41.74147],[-87.91522,41.74101],[-87.91522,41.74099],[-87.91521,41.74097],[-87.91522,41.74092],[-87.91521,41.7409],[-87.9152,41.74068],[-87.9152,41.74061],[-87.9152,41.74058],[-87.9152,41.74049],[-87.91519,41.74046],[-87.91519,41.74043],[-87.91519,41.74035],[-87.91519,41.74032],[-87.91518,41.7401],[-87.91517,41.73944],[-87.91516,41.73922],[-87.91515,41.73918],[-87.91515,41.73905],[-87.91515,41.73901],[-87.91514,41.7389],[-87.91513,41.73856],[-87.91512,41.73845],[-87.91512,41.73826],[-87.91511,41.73813],[-87.91512,41.7381],[-87.9151,41.73767],[-87.91509,41.73748],[-87.91509,41.73744],[-87.91508,41.73735],[-87.91508,41.73732],[-87.91508,41.73719],[-87.91507,41.73701],[-87.91506,41.7368],[-87.91506,41.73667],[-87.91505,41.73648],[-87.91504,41.73591],[-87.91503,41.73572],[-87.91502,41.73554],[-87.915,41.735],[-87.91499,41.73482],[-87.91498,41.73458],[-87.91497,41.73436],[-87.91496,41.73386],[-87.91496,41.73363],[-87.91495,41.73353],[-87.91494,41.73323],[-87.91494,41.73313],[-87.91494,41.73307],[-87.91494,41.73299],[-87.91493,41.73292],[-87.91493,41.73287],[-87.91493,41.73286],[-87.91493,41.73282],[-87.91493,41.73281],[-87.91492,41.73262],[-87.91491,41.73247],[-87.91489,41.73147],[-87.91489,41.73114],[-87.91489,41.73099],[-87.91489,41.73088],[-87.91487,41.73055],[-87.91487,41.73041],[-87.91484,41.72973],[-87.9148,41.72878],[-87.91477,41.7277],[-87.91476,41.72703],[-87.91475,41.72685],[-87.91473,41.72632],[-87.91473,41.72631],[-87.91472,41.72613],[-87.91472,41.72612],[-87.91471,41.72606],[-87.91471,41.72604],[-87.91471,41.72602],[-87.91471,41.72594],[-87.91471,41.72592],[-87.9147,41.7259],[-87.9147,41.72582],[-87.9147,41.7258],[-87.9147,41.72568],[-87.91468,41.72534],[-87.91468,41.72531],[-87.91468,41.72522],[-87.91464,41.72466],[-87.91463,41.72435],[-87.91462,41.72407],[-87.91462,41.7239],[-87.91461,41.72378],[-87.91453,41.72253],[-87.91451,41.72231],[-87.91449,41.72213],[-87.91447,41.72177],[-87.91446,41.72146],[-87.91444,41.72114],[-87.91444,41.721],[-87.91444,41.72097],[-87.91443,41.72086],[-87.91443,41.7208],[-87.91442,41.72071],[-87.91442,41.72062],[-87.9144,41.7202],[-87.9144,41.72003],[-87.91429,41.71731],[-87.91428,41.71702],[-87.91427,41.71689],[-87.91427,41.71675],[-87.91427,41.71662],[-87.91427,41.71661],[-87.91472,41.7166],[-87.91514,41.71659],[-87.91533,41.71655],[-87.91562,41.71649],[-87.91628,41.71632],[-87.91686,41.71617],[-87.9169,41.71617],[-87.91694,41.71616],[-87.91701,41.71615],[-87.91709,41.71615],[-87.91717,41.71615],[-87.91724,41.71616],[-87.91732,41.71617],[-87.91739,41.71619],[-87.91746,41.71622],[-87.91762,41.71628],[-87.91772,41.71633],[-87.91781,41.71638],[-87.91782,41.71638],[-87.9179,41.71643],[-87.91796,41.71647],[-87.91801,41.71651],[-87.91804,41.71653],[-87.91808,41.71655],[-87.91812,41.71657],[-87.91817,41.71658],[-87.91821,41.71658],[-87.91826,41.71658],[-87.9183,41.71657],[-87.91841,41.71654],[-87.91853,41.71652],[-87.91867,41.71649],[-87.91882,41.71647],[-87.91897,41.71646],[-87.91907,41.71646],[-87.91918,41.71647],[-87.9193,41.71647],[-87.91941,41.71649],[-87.91953,41.71651],[-87.91964,41.71653],[-87.91981,41.71654],[-87.91998,41.71655],[-87.92014,41.71654],[-87.92031,41.71653],[-87.92046,41.71652],[-87.92061,41.7165],[-87.92076,41.71647],[-87.92087,41.71645],[-87.92098,41.71642],[-87.92108,41.71641],[-87.92118,41.71639],[-87.92127,41.71636],[-87.92136,41.71633],[-87.92145,41.71629],[-87.92154,41.71625],[-87.92162,41.7162],[-87.92169,41.71614],[-87.92176,41.71609],[-87.92182,41.71602],[-87.92187,41.71596],[-87.92192,41.71589],[-87.92208,41.71571],[-87.92226,41.71554],[-87.92243,41.71536],[-87.92261,41.7152],[-87.92262,41.71519],[-87.92279,41.71502],[-87.92297,41.71485],[-87.92316,41.71469],[-87.92335,41.71453],[-87.9236,41.71431],[-87.92385,41.71408],[-87.92408,41.71385],[-87.92464,41.71324],[-87.9247,41.71318],[-87.92484,41.71306],[-87.92492,41.713],[-87.92501,41.71295],[-87.92509,41.71291],[-87.92518,41.71286],[-87.92529,41.71283],[-87.9254,41.7128],[-87.9255,41.71278],[-87.92562,41.71276],[-87.92573,41.71275],[-87.92584,41.71274],[-87.92595,41.71274],[-87.92609,41.71276],[-87.92623,41.71277],[-87.92635,41.71277],[-87.92648,41.71277],[-87.9266,41.71277],[-87.92672,41.71276],[-87.92682,41.71275],[-87.92685,41.71275],[-87.92693,41.71274],[-87.92702,41.71272],[-87.9271,41.7127],[-87.92717,41.71268],[-87.92724,41.71264],[-87.92731,41.7126],[-87.92737,41.71256],[-87.92742,41.71251],[-87.92747,41.71245],[-87.92771,41.71223],[-87.92795,41.71201],[-87.92826,41.71177],[-87.92834,41.7117],[-87.92847,41.7116],[-87.92871,41.71138],[-87.92895,41.71116],[-87.92902,41.71109],[-87.92926,41.71087],[-87.92936,41.71078],[-87.92943,41.71071],[-87.92969,41.71051],[-87.92995,41.7103],[-87.93004,41.71023],[-87.93007,41.71021],[-87.93009,41.71019],[-87.93018,41.71014],[-87.93029,41.71007],[-87.93036,41.71003],[-87.93042,41.71],[-87.93059,41.70991],[-87.9306,41.7099],[-87.93065,41.70988],[-87.93067,41.70987],[-87.93072,41.70985],[-87.93093,41.70976],[-87.93115,41.70968],[-87.93137,41.70959],[-87.93159,41.70951],[-87.93181,41.70943],[-87.93194,41.70938],[-87.93208,41.70934],[-87.93222,41.7093],[-87.93226,41.70929],[-87.93236,41.70926],[-87.93288,41.70905],[-87.93351,41.70886],[-87.93353,41.70886],[-87.93357,41.70884],[-87.93371,41.70878],[-87.93385,41.70871],[-87.93398,41.70863],[-87.93411,41.70855],[-87.93423,41.70846],[-87.93435,41.70837],[-87.93442,41.70831],[-87.93449,41.70825],[-87.93461,41.70813],[-87.93472,41.70801],[-87.93483,41.70788],[-87.93492,41.70776],[-87.93502,41.70763],[-87.9351,41.7075],[-87.93518,41.70737],[-87.93525,41.70723],[-87.93531,41.70711],[-87.93536,41.70698],[-87.93541,41.70685],[-87.93546,41.70672],[-87.93552,41.70659],[-87.93559,41.70646],[-87.93566,41.70634],[-87.93575,41.70622],[-87.93584,41.7061],[-87.93594,41.70598],[-87.93605,41.70587],[-87.93616,41.70576],[-87.93628,41.70566],[-87.93641,41.70557],[-87.93657,41.70545],[-87.93677,41.70531],[-87.93697,41.70518],[-87.93717,41.70506],[-87.93738,41.70493],[-87.9376,41.70482],[-87.93782,41.7047],[-87.93804,41.7046],[-87.93827,41.7045],[-87.9385,41.7044],[-87.93874,41.70431],[-87.93892,41.70424],[-87.9391,41.70418],[-87.93928,41.70412],[-87.93947,41.70407],[-87.93965,41.704],[-87.93983,41.70393],[-87.94,41.70386],[-87.94022,41.70379],[-87.94043,41.70371],[-87.94053,41.70367],[-87.94058,41.70365],[-87.94064,41.70363],[-87.94066,41.70362],[-87.94085,41.70354],[-87.94106,41.70345],[-87.94128,41.70336],[-87.9414,41.7033],[-87.9415,41.70325],[-87.9416,41.70318],[-87.9417,41.70311],[-87.94179,41.70304],[-87.94187,41.70297],[-87.94195,41.70289],[-87.94203,41.7028],[-87.94209,41.70272],[-87.94213,41.70266],[-87.94216,41.7026],[-87.94218,41.70254],[-87.94219,41.70247],[-87.9422,41.70241],[-87.94219,41.70234],[-87.94217,41.70228],[-87.94215,41.70222],[-87.9421,41.70211],[-87.94206,41.702],[-87.94203,41.70189],[-87.942,41.70178],[-87.94199,41.70167],[-87.94198,41.70156],[-87.94198,41.70144],[-87.94198,41.70136],[-87.94198,41.70125],[-87.94198,41.70122],[-87.94198,41.70116],[-87.942,41.70106],[-87.94202,41.70097],[-87.94205,41.70088],[-87.94207,41.70081],[-87.94212,41.7007],[-87.94214,41.70062],[-87.94215,41.7006],[-87.94217,41.70054],[-87.9422,41.7004],[-87.94223,41.70026],[-87.94225,41.70012],[-87.94226,41.69998],[-87.94227,41.69984],[-87.94226,41.6997],[-87.94226,41.69962],[-87.94225,41.69956],[-87.94223,41.69942],[-87.94223,41.69937],[-87.94222,41.69932],[-87.94221,41.69924],[-87.94221,41.69917],[-87.94222,41.69911],[-87.94224,41.69905],[-87.94227,41.69898],[-87.94231,41.69893],[-87.94236,41.69887],[-87.943,41.69855],[-87.94311,41.6985],[-87.94328,41.69841],[-87.94333,41.69838],[-87.94344,41.69831],[-87.94359,41.69822],[-87.94374,41.69811],[-87.94408,41.69786],[-87.94429,41.6977],[-87.94449,41.69755],[-87.94499,41.69719],[-87.94514,41.69708],[-87.9459,41.69651],[-87.94629,41.69622],[-87.94723,41.69552],[-87.94738,41.69542],[-87.94753,41.69532],[-87.94769,41.69523],[-87.94785,41.69514],[-87.94802,41.69506],[-87.94819,41.69498],[-87.94837,41.69491],[-87.94855,41.69484],[-87.94873,41.69479],[-87.94988,41.69445],[-87.9502,41.69435],[-87.95145,41.69398],[-87.95159,41.69394],[-87.95197,41.69383],[-87.95214,41.69378],[-87.95224,41.69375],[-87.95232,41.69373],[-87.95237,41.69372],[-87.9525,41.69369],[-87.95269,41.69365],[-87.95355,41.69349],[-87.95509,41.69319],[-87.9553,41.69315],[-87.9554,41.69313],[-87.9555,41.6931],[-87.95559,41.69307],[-87.95568,41.69303],[-87.95576,41.69299],[-87.95584,41.69294],[-87.95591,41.69289],[-87.95787,41.69137],[-87.95797,41.69129],[-87.95808,41.69122],[-87.95819,41.69116],[-87.95831,41.69109],[-87.95844,41.69104],[-87.96063,41.6901],[-87.96079,41.69003],[-87.96094,41.68996],[-87.96109,41.68988],[-87.96124,41.6898],[-87.96173,41.68953],[-87.96225,41.68923],[-87.96668,41.68675],[-87.96701,41.68677],[-87.96738,41.68678],[-87.96769,41.68678],[-87.96832,41.68677],[-87.96836,41.68677],[-87.96869,41.68675],[-87.96885,41.68674],[-87.96902,41.68674],[-87.96918,41.68675],[-87.96934,41.68677],[-87.96949,41.68679],[-87.96965,41.68682],[-87.9698,41.68685],[-87.96995,41.6869],[-87.9701,41.68694],[-87.97024,41.687],[-87.97039,41.68706],[-87.97053,41.6871],[-87.97068,41.68715],[-87.97078,41.68717],[-87.97084,41.68718],[-87.97099,41.68721],[-87.97115,41.68723],[-87.97121,41.68724],[-87.97131,41.68725],[-87.97147,41.68726],[-87.97163,41.68726],[-87.97176,41.68725],[-87.97179,41.68725],[-87.97195,41.68724],[-87.97218,41.68721],[-87.97241,41.68718],[-87.97263,41.68714],[-87.97285,41.68709],[-87.97307,41.68704],[-87.97329,41.68698],[-87.9735,41.68691],[-87.97371,41.68684],[-87.97392,41.68676],[-87.97406,41.68671],[-87.9742,41.68667],[-87.97435,41.68663],[-87.97449,41.6866],[-87.97465,41.68657],[-87.9748,41.68655],[-87.97495,41.68654],[-87.97511,41.68654],[-87.97527,41.68654],[-87.97544,41.68655],[-87.97561,41.68657],[-87.97578,41.68659],[-87.97595,41.68662],[-87.97612,41.68666],[-87.97616,41.68667],[-87.97627,41.68669],[-87.97642,41.68674],[-87.97649,41.68676],[-87.97657,41.68679],[-87.97672,41.68684],[-87.97679,41.68687],[-87.97686,41.6869],[-87.97704,41.68697],[-87.97722,41.68704],[-87.9774,41.6871],[-87.97759,41.68715],[-87.97778,41.6872],[-87.97798,41.68724],[-87.97817,41.68727],[-87.97837,41.6873],[-87.97857,41.68732],[-87.97877,41.68733],[-87.97897,41.68734],[-87.97917,41.68734],[-87.9793,41.68733],[-87.97937,41.68733],[-87.97942,41.68733],[-87.97957,41.68732],[-87.97977,41.6873],[-87.97996,41.68727],[-87.98015,41.68724],[-87.98017,41.68724],[-87.98025,41.68723],[-87.98033,41.68721],[-87.98048,41.68718],[-87.98063,41.68714],[-87.98077,41.68709],[-87.98091,41.68704],[-87.98105,41.68698],[-87.98118,41.68692],[-87.98128,41.68687],[-87.98131,41.68685],[-87.98144,41.68678],[-87.98155,41.6867],[-87.98166,41.68662],[-87.98176,41.68654],[-87.98185,41.68645],[-87.98194,41.68636],[-87.98202,41.68627],[-87.98206,41.68622],[-87.98209,41.68618],[-87.98216,41.68609],[-87.9833,41.68606],[-87.98507,41.68602],[-87.98634,41.68599],[-87.98702,41.68598],[-87.98717,41.68597],[-87.98736,41.68597],[-87.98781,41.68596],[-87.98799,41.68596],[-87.98967,41.68592],[-87.98983,41.68591],[-87.99141,41.68588],[-87.99573,41.6858],[-87.99636,41.68579],[-87.99651,41.68579],[-87.99683,41.68578],[-87.99925,41.68574],[-87.99935,41.68574],[-87.99971,41.68573],[-88,41.68572],[-88,41.64201],[-87.99924,41.64203],[-87.99684,41.64208],[-87.99606,41.6421],[-87.98926,41.64226],[-87.98848,41.64227],[-87.98653,41.64231],[-87.98545,41.64233],[-87.98412,41.64235],[-87.98269,41.64238],[-87.9818,41.64243],[-87.98174,41.64244],[-87.98113,41.64247],[-87.98006,41.64254],[-87.97982,41.64256],[-87.97924,41.64256],[-87.97804,41.64256],[-87.97722,41.6426],[-87.97677,41.64259],[-87.97641,41.64258],[-87.97556,41.64261],[-87.97272,41.64261],[-87.97266,41.64261],[-87.97039,41.64266],[-87.97035,41.64267],[-87.97007,41.64267],[-87.96805,41.64272],[-87.96554,41.64277],[-87.96278,41.64284],[-87.96159,41.64286],[-87.95908,41.64292],[-87.95614,41.64299],[-87.95078,41.64311],[-87.9506,41.64311],[-87.94117,41.64333],[-87.94082,41.64334],[-87.93693,41.64343],[-87.93692,41.64342],[-87.9318,41.64354],[-87.93161,41.64354],[-87.93146,41.64354],[-87.93143,41.64354],[-87.93134,41.64355],[-87.93129,41.64355],[-87.93011,41.64357],[-87.92957,41.64358],[-87.924,41.64369],[-87.92214,41.64373],[-87.92178,41.64374],[-87.92067,41.64376],[-87.92024,41.64377],[-87.91194,41.64394],[-87.91192,41.64355],[-87.9119,41.64184],[-87.91189,41.6409],[-87.91185,41.64007],[-87.9118,41.63867],[-87.9118,41.63853],[-87.91177,41.63738],[-87.91176,41.63701],[-87.91175,41.63688],[-87.91175,41.63672],[-87.91174,41.63636],[-87.91172,41.63593],[-87.91169,41.63507],[-87.91168,41.63478],[-87.91168,41.63449],[-87.91167,41.63427],[-87.91166,41.63354],[-87.91164,41.63319],[-87.91164,41.63307],[-87.9116,41.63151],[-87.91159,41.63139],[-87.91158,41.6309],[-87.91155,41.62942],[-87.91151,41.62848],[-87.91151,41.62834],[-87.91151,41.6282],[-87.91142,41.62647],[-87.91141,41.62625],[-87.91141,41.62618],[-87.9114,41.62605],[-87.91138,41.6255],[-87.91136,41.62477],[-87.91135,41.62442],[-87.91131,41.62326],[-87.91131,41.62314],[-87.91129,41.6228],[-87.91128,41.62251],[-87.91127,41.62218],[-87.91126,41.62203],[-87.91124,41.62152],[-87.91122,41.62059],[-87.91117,41.61954],[-87.91118,41.61949],[-87.91118,41.61938],[-87.91118,41.61935],[-87.91113,41.61863],[-87.91111,41.61816],[-87.911,41.61491],[-87.91096,41.61355],[-87.91091,41.61141],[-87.91091,41.61131],[-87.9109,41.61118],[-87.9109,41.6108],[-87.91089,41.61068],[-87.91087,41.60984],[-87.91085,41.60943],[-87.91083,41.60856],[-87.91079,41.60759],[-87.91079,41.60738],[-87.91079,41.60731],[-87.91077,41.60648],[-87.91076,41.6062],[-87.91074,41.60537],[-87.91069,41.60375],[-87.91068,41.60347],[-87.91067,41.60318],[-87.91065,41.60254],[-87.91063,41.60171],[-87.91062,41.60161],[-87.91061,41.60143],[-87.9106,41.60124],[-87.91051,41.60059],[-87.91049,41.60049],[-87.91049,41.60045],[-87.91047,41.60031],[-87.91043,41.6],[-87.52524,41.6],[-87.52525,41.60036],[-87.52524,41.60076],[-87.52526,41.60106],[-87.52525,41.60137],[-87.52523,41.60202],[-87.52523,41.60332],[-87.52523,41.6042],[-87.52523,41.60508],[-87.52522,41.60596],[-87.52522,41.60683],[-87.52522,41.60771],[-87.52521,41.60859],[-87.5252,41.60947],[-87.5252,41.6099],[-87.52519,41.61034],[-87.52517,41.61121],[-87.52515,41.61209],[-87.52514,41.6126],[-87.52514,41.61296],[-87.52514,41.61384],[-87.52512,41.61468],[-87.52512,41.61553],[-87.52513,41.61578],[-87.52514,41.61681],[-87.52515,41.61736],[-87.52513,41.61892],[-87.52514,41.61917],[-87.52514,41.62052],[-87.52514,41.6206],[-87.52514,41.62062],[-87.52514,41.62066],[-87.52514,41.6208],[-87.52514,41.62093],[-87.52511,41.62177],[-87.52512,41.62261],[-87.52508,41.62306],[-87.52508,41.62312],[-87.52512,41.62532],[-87.52508,41.62595],[-87.52506,41.62898],[-87.52506,41.62947],[-87.52506,41.63022],[-87.52506,41.63081],[-87.52506,41.63126],[-87.52507,41.63258],[-87.52508,41.63299],[-87.52509,41.63547],[-87.52506,41.63729],[-87.52506,41.63805],[-87.52506,41.63929],[-87.525,41.64464],[-87.52485,41.6473],[-87.5249,41.64729],[-87.5248,41.65012],[-87.52484,41.65015],[-87.5248,41.6514],[-87.52479,41.65375],[-87.5248,41.65453],[-87.5248,41.65564],[-87.52475,41.65674],[-87.52475,41.65724],[-87.52475,41.65871],[-87.52475,41.65921],[-87.52475,41.66044],[-87.52476,41.66174],[-87.52486,41.66759],[-87.52485,41.66789],[-87.52479,41.67199],[-87.52476,41.67353],[-87.52479,41.67374],[-87.52485,41.67544],[-87.52485,41.67649],[-87.52483,41.68096],[-87.52475,41.68174],[-87.52481,41.68642],[-87.52482,41.68695],[-87.52467,41.69181],[-87.52463,41.69334],[-87.52464,41.69362],[-87.52464,41.69379],[-87.52461,41.69514],[-87.52462,41.69543],[-87.52463,41.69724],[-87.52457,41.69904],[-87.52455,41.70076],[-87.52454,41.70088],[-87.52447,41.70269],[-87.52447,41.70277],[-87.52447,41.70288],[-87.52447,41.70293],[-87.52448,41.70314],[-87.52447,41.70331],[-87.52445,41.70405],[-87.52432,41.70661],[-87.52422,41.70752],[-87.5242,41.7079],[-87.52417,41.70832],[-87.52421,41.71256],[-87.52424,41.71699],[-87.52424,41.71728],[-87.52432,41.71822],[-87.52433,41.71833],[-87.52421,41.71952],[-87.52417,41.72186],[-87.52416,41.72245],[-87.52416,41.72297],[-87.52416,41.72314],[-87.52415,41.72383],[-87.524,41.73514],[-87.52395,41.73896],[-87.5239,41.74277],[-87.52367,41.75991],[-87.51895,41.75996],[-87.50479,41.7601],[-87.50194,41.76013],[-87.501,41.76014],[-87.50008,41.76015],[-87.50005,41.76015],[-87.50005,41.7602],[-87.50005,41.76037],[-87.50005,41.76043],[-87.44424,41.76035],[-87.4,41.76029],[-87.4,42.1],[-88,42.1]]]},"properties":{"name":"MSA Energy Community","category":"msa","county":"Cook County, Illinois","msa":"Chicago-Naperville-Elgin, IL-IN-WI","qualification":"MSA meets the fossil fuel employment and unemployment-rate tests (clipped to map area)","vintage":"2024.1"}},{"type":"Feature","geometry":{"type":"Polygon","coordinates":[[[-88,41.68572],[-87.99971,41.68573],[-87.99935,41.68574],[-87.99925,41.68574],[-87.99683,41.68578],[-87.99651,41.68579],[-87.99636,41.68579],[-87.99573,41.6858],[-87.99141,41.68588],[-87.98983,41.68591],[-87.98967,41.68592],[-87.98799,41.68596],[-87.98781,41.68596],[-87.98736,41.68597],[-87.98717,41.68597],[-87.98702,41.68598],[-87.98634,41.68599],[-87.98507,41.68602],[-87.9833,41.68606],[-87.98216,41.68609],[-87.98209,41.68618],[-87.98206,41.68622],[-87.98202,41.68627],[-87.98194,41.68636],[-87.98185,41.68645],[-87.98176,41.68654],[-87.98166,41.68662],[-87.98155,41.6867],[-87.98144,41.68678],[-87.98131,41.68685],[-87.98128,41.68687],[-87.98118,41.68692],[-87.98105,41.68698],[-87.98091,41.68704],[-87.98077,41.68709],[-87.98063,41.68714],[-87.98048,41.68718],[-87.98033,41.68721],[-87.98025,41.68723],[-87.98017,41.68724],[-87.98015,41.68724],[-87.97996,41.68727],[-87.97977,41.6873],[-87.97957,41.68732],[-87.97942,41.68733],[-87.97937,41.68733],[-87.9793,41.68733],[-87.97917,41.68734],[-87.97897,41.68734],[-87.97877,41.68733],[-87.97857,41.68732],[-87.97837,41.6873],[-87.97817,41.68727],[-87.97798,41.68724],[-87.97778,41.6872],[-87.97759,41.68715],[-87.9774,41.6871],[-87.97722,41.68704],[-87.97704,41.68697],[-87.97686,41.6869],[-87.97679,41.68687],[-87.97672,41.68684],[-87.97657,41.68679],[-87.97649,41.68676],[-87.97642,41.68674],[-87.97627,41.68669],[-87.97616,41.68667],[-87.97612,41.68666],[-87.97595,41.68662],[-87.97578,41.68659],[-87.97561,41.68657],[-87.97544,41.68655],[-87.97527,41.68654],[-87.97511,41.68654],[-87.97495,41.68654],[-87.9748,41.68655],[-87.97465,41.68657],[-87.97449,41.6866],[-87.97435,41.68663],[-87.9742,41.68667],[-87.97406,41.68671],[-87.97392,41.68676],[-87.97371,41.68684],[-87.9735,41.68691],[-87.97329,41.68698],[-87.97307,41.68704],[-87.97285,41.68709],[-87.97263,41.68714],[-87.97241,41.68718],[-87.97218,41.68721],[-87.97195,41.68724],[-87.97179,41.68725],[-87.97176,41.68725],[-87.97163,41.68726],[-87.97147,41.68726],[-87.97131,41.68725],[-87.97121,41.68724],[-87.97115,41.68723],[-87.97099,41.68721],[-87.97084,41.68718],[-87.97078,41.68717],[-87.97068,41.68715],[-87.97053,41.6871],[-87.97039,41.68706],[-87.97024,41.687],[-87.9701,41.68694],[-87.96995,41.6869],[-87.9698,41.68685],[-87.96965,41.68682],[-87.96949,41.68679],[-87.96934,41.68677],[-87.96918,41.68675],[-87.96902,41.68674],[-87.96885,41.68674],[-87.96869,41.68675],[-87.96836,41.68677],[-87.96832,41.68677],[-87.96769,41.68678],[-87.96738,41.68678],[-87.96701,41.68677],[-87.96668,41.68675],[-87.96225,41.68923],[-87.96173,41.68953],[-87.96124,41.6898],[-87.96109,41.68988],[-87.96094,41.68996],[-87.96079,41.69003],[-87.96063,41.6901],[-87.95844,41.69104],[-87.95831,41.69109],[-87.95819,41.69116],[-87.95808,41.69122],[-87.95797,41.69129],[-87.95787,41.69137],[-87.95591,41.69289],[-87.95584,41.69294],[-87.95576,41.69299],[-87.95568,41.69303],[-87.95559,41.69307],[-87.9555,41.6931],[-87.9554,41.69313],[-87.9553,41.69315],[-87.95509,41.69319],[-87.95355,41.69349],[-87.95269,41.69365],[-87.9525,41.69369],[-87.95237,41.69372],[-87.95232,41.69373],[-87.95224,41.69375],[-87.95214,41.69378],[-87.95197,41.69383],[-87.95159,41.69394],[-87.95145,41.69398],[-87.9502,41.69435],[-87.94988,41.69445],[-87.94873,41.69479],[-87.94855,41.69484],[-87.94837,41.69491],[-87.94819,41.69498],[-87.94802,41.69506],[-87.94785,41.69514],[-87.94769,41.69523],[-87.94753,41.69532],[-87.94738,41.69542],[-87.94723,41.69552],[-87.94629,41.69622],[-87.9459,41.69651],[-87.94514,41.69708],[-87.94499,41.69719],[-87.94449,41.69755],[-87.94429,41.6977],[-87.94408,41.69786],[-87.94374,41.69811],[-87.94359,41.69822],[-87.94344,41.69831],[-87.94333,41.69838],[-87.94328,41.69841],[-87.94311,41.6985],[-87.943,41.69855],[-87.94236,41.69887],[-87.94231,41.69893],[-87.94227,41.69898],[-87.94224,41.69905],[-87.94222,41.69911],[-87.94221,41.69917],[-87.94221,41.69924],[-87.94222,41.69932],[-87.94223,41.69937],[-87.94223,41.69942],[-87.94225,41.69956],[-87.94226,41.69962],[-87.94226,41.6997],[-87.94227,41.69984],[-87.94226,41.69998],[-87.94225,41.70012],[-87.94223,41.70026],[-87.9422,41.7004],[-87.94217,41.70054],[-87.94215,41.7006],[-87.94214,41.70062],[-87.94212,41.7007],[-87.94207,41.70081],[-87.94205,41.70088],[-87.94202,41.70097],[-87.942,41.70106],[-87.94198,41.70116],[-87.94198,41.70122],[-87.94198,41.70125],[-87.94198,41.70136],[-87.94198,41.70144],[-87.94198,41.70156],[-87.94199,41.70167],[-87.942,41.70178],[-87.94203,41.70189],[-87.94206,41.702],[-87.9421,41.70211],[-87.94215,41.70222],[-87.94217,41.70228],[-87.94219,41.70234],[-87.9422,41.70241],[-87.94219,41.70247],[-87.94218,41.70254],[-87.94216,41.7026],[-87.94213,41.70266],[-87.94209,41.70272],[-87.94203,41.7028],[-87.94195,41.70289],[-87.94187,41.70297],[-87.94179,41.70304],[-87.9417,41.70311],[-87.9416,41.70318],[-87.9415,41.70325],[-87.9414,41.7033],[-87.94128,41.70336],[-87.94106,41.70345],[-87.94085,41.70354],[-87.94066,41.70362],[-87.94064,41.70363],[-87.94058,41.70365],[-87.94053,41.70367],[-87.94043,41.70371],[-87.94022,41.70379],[-87.94,41.70386],[-87.93983,41.70393],[-87.93965,41.704],[-87.93947,41.70407],[-87.93928,41.70412],[-87.9391,41.70418],[-87.93892,41.70424],[-87.93874,41.70431],[-87.9385,41.7044],[-87.93827,41.7045],[-87.93804,41.7046],[-87.93782,41.7047],[-87.9376,41.70482],[-87.93738,41.70493],[-87.93717,41.70506],[-87.93697,41.70518],[-87.93677,41.70531],[-87.93657,41.70545],[-87.93641,41.70557],[-87.93628,41.70566],[-87.93616,41.70576],[-87.93605,41.70587],[-87.93594,41.70598],[-87.93584,41.7061],[-87.93575,41.70622],[-87.93566,41.70634],[-87.93559,41.70646],[-87.93552,41.70659],[-87.93546,41.70672],[-87.93541,41.70685],[-87.93536,41.70698],[-87.93531,41.70711],[-87.93525,41.70723],[-87.93518,41.70737],[-87.9351,41.7075],[-87.93502,41.70763],[-87.93492,41.70776],[-87.93483,41.70788],[-87.93472,41.70801],[-87.93461,41.70813],[-87.93449,41.70825],[-87.93442,41.70831],[-87.93435,41.70837],[-87.93423,41.70846],[-87.93411,41.70855],[-87.93398,41.70863],[-87.93385,41.70871],[-87.93371,41.70878],[-87.93357,41.70884],[-87.93353,41.70886],[-87.93351,41.70886],[-87.93288,41.70905],[-87.93236,41.70926],[-87.93226,41.70929],[-87.93222,41.7093],[-87.93208,41.70934],[-87.93194,41.70938],[-87.93181,41.70943],[-87.93159,41.70951],[-87.93137,41.70959],[-87.93115,41.70968],[-87.93093,41.70976],[-87.93072,41.70985],[-87.93067,41.70987],[-87.93065,41.70988],[-87.9306,41.7099],[-87.93059,41.70991],[-87.93042,41.71],[-87.93036,41.71003],[-87.93029,41.71007],[-87.93018,41.71014],[-87.93009,41.71019],[-87.93007,41.71021],[-87.93004,41.71023],[-87.92995,41.7103],[-87.92969,41.71051],[-87.92943,41.71071],[-87.92936,41.71078],[-87.92926,41.71087],[-87.92902,41.71109],[-87.92895,41.71116],[-87.92871,41.71138],[-87.92847,41.7116],[-87.92834,41.7117],[-87.92826,41.71177],[-87.92795,41.71201],[-87.92771,41.71223],[-87.92747,41.71245],[-87.92742,41.71251],[-87.92737,41.71256],[-87.92731,41.7126],[-87.92724,41.71264],[-87.92717,41.71268],[-87.9271,41.7127],[-87.92702,41.71272],[-87.92693,41.71274],[-87.92685,41.71275],[-87.92682,41.71275],[-87.92672,41.71276],[-87.9266,41.71277],[-87.92648,41.71277],[-87.92635,41.71277],[-87.92623,41.71277],[-87.92609,41.71276],[-87.92595,41.71274],[-87.92584,41.71274],[-87.92573,41.71275],[-87.92562,41.71276],[-87.9255,41.71278],[-87.9254,41.7128],[-87.92529,41.71283],[-87.92518,41.71286],[-87.92509,41.71291],[-87.92501,41.71295],[-87.92492,41.713],[-87.92484,41.71306],[-87.9247,41.71318],[-87.92464,41.71324],[-87.92408,41.71385],[-87.92385,41.71408],[-87.9236,41.71431],[-87.92335,41.71453],[-87.92316,41.71469],[-87.92297,41.71485],[-87.92279,41.71502],[-87.92262,41.71519],[-87.92261,41.7152],[-87.92243,41.71536],[-87.92226,41.71554],[-87.92208,41.71571],[-87.92192,41.71589],[-87.92187,41.71596],[-87.92182,41.71602],[-87.92176,41.71609],[-87.92169,41.71614],[-87.92162,41.7162],[-87.92154,41.71625],[-87.92145,41.71629],[-87.92136,41.71633],[-87.92127,41.71636],[-87.92118,41.71639],[-87.92108,41.71641],[-87.92098,41.71642],[-87.92087,41.71645],[-87.92076,41.71647],[-87.92061,41.7165],[-87.92046,41.71652],[-87.92031,41.71653],[-87.92014,41.71654],[-87.91998,41.71655],[-87.91981,41.71654],[-87.91964,41.71653],[-87.91953,41.71651],[-87.91941,41.71649],[-87.9193,41.71647],[-87.91918,41.71647],[-87.91907,41.71646],[-87.91897,41.71646],[-87.91882,41.71647],[-87.91867,41.71649],[-87.91853,41.71652],[-87.91841,41.71654],[-87.9183,41.71657],[-87.91826,41.71658],[-87.91821,41.71658],[-87.91817,41.71658],[-87.91812,41.71657],[-87.91808,41.71655],[-87.91804,41.71653],[-87.91801,41.71651],[-87.91796,41.71647],[-87.9179,41.71643],[-87.91782,41.71638],[-87.91781,41.71638],[-87.91772,41.71633],[-87.91762,41.71628],[-87.91746,41.71622],[-87.91739,41.71619],[-87.91732,41.71617],[-87.91724,41.71616],[-87.91717,41.71615],[-87.91709,41.71615],[-87.91701,41.71615],[-87.91694,41.71616],[-87.9169,41.71617],[-87.91686,41.71617],[-87.91628,41.71632],[-87.91562,41.71649],[-87.91533,41.71655],[-87.91514,41.71659],[-87.91472,41.7166],[-87.91427,41.71661],[-87.91427,41.71662],[-87.91427,41.71675],[-87.91427,41.71689],[-87.91428,41.71702],[-87.91429,41.71731],[-87.9144,41.72003],[-87.9144,41.7202],[-87.91442,41.72062],[-87.91442,41.72071],[-87.91443,41.7208],[-87.91443,41.72086],[-87.91444,41.72097],[-87.91444,41.721],[-87.91444,41.72114],[-87.91446,41.72146],[-87.91447,41.72177],[-87.91449,41.72213],[-87.91451,41.72231],[-87.91453,41.72253],[-87.91461,41.72378],[-87.91462,41.7239],[-87.91462,41.72407],[-87.91463,41.72435],[-87.91464,41.72466],[-87.91468,41.72522],[-87.91468,41.72531],[-87.91468,41.72534],[-87.9147,41.72568],[-87.9147,41.7258],[-87.9147,41.72582],[-87.9147,41.7259],[-87.91471,41.72592],[-87.91471,41.72594],[-87.91471,41.72602],[-87.91471,41.72604],[-87.91471,41.72606],[-87.91472,41.72612],[-87.91472,41.72613],[-87.91473,41.72631],[-87.91473,41.72632],[-87.91475,41.72685],[-87.91476,41.72703],[-87.91477,41.7277],[-87.9148,41.72878],[-87.91484,41.72973],[-87.91487,41.73041],[-87.91487,41.73055],[-87.91489,41.73088],[-87.91489,41.73099],[-87.91489,41.73114],[-87.91489,41.73147],[-87.91491,41.73247],[-87.91492,41.73262],[-87.91493,41.73281],[-87.91493,41.73282],[-87.91493,41.73286],[-87.91493,41.73287],[-87.91493,41.73292],[-87.91494,41.73299],[-87.91494,41.73307],[-87.91494,41.73313],[-87.91494,41.73323],[-87.91495,41.73353],[-87.91496,41.73363],[-87.91496,41.73386],[-87.91497,41.73436],[-87.91498,41.73458],[-87.91499,41.73482],[-87.915,41.735],[-87.91502,41.73554],[-87.91503,41.73572],[-87.91504,41.73591],[-87.91505,41.73648],[-87.91506,41.73667],[-87.91506,41.7368],[-87.91507,41.73701],[-87.91508,41.73719],[-87.91508,41.73732],[-87.91508,41.73735],[-87.91509,41.73744],[-87.91509,41.73748],[-87.9151,41.73767],[-87.91512,41.7381],[-87.91511,41.73813],[-87.91512,41.73826],[-87.91512,41.73845],[-87.91513,41.73856],[-87.91514,41.7389],[-87.91515,41.73901],[-87.91515,41.73905],[-87.91515,41.73918],[-87.91516,41.73922],[-87.91517,41.73944],[-87.91518,41.7401],[-87.91519,41.74032],[-87.91519,41.74035],[-87.91519,41.74043],[-87.91519,41.74046],[-87.9152,41.74049],[-87.9152,41.74058],[-87.9152,41.74061],[-87.9152,41.74068],[-87.91521,41.7409],[-87.91522,41.74092],[-87.91521,41.74097],[-87.91522,41.74099],[-87.91522,41.74101],[-87.91524,41.74147],[-87.91527,41.7423],[-87.91528,41.74254],[-87.9153,41.74299],[-87.91531,41.74337],[-87.91532,41.7435],[-87.91532,41.74356],[-87.91533,41.74369],[-87.91533,41.74375],[-87.91534,41.74381],[-87.91536,41.74419],[-87.9154,41.74487],[-87.91542,41.74534],[-87.91543,41.74544],[-87.91542,41.74572],[-87.9154,41.74586],[-87.91542,41.7461],[-87.91543,41.74644],[-87.91546,41.74725],[-87.91547,41.74763],[-87.91548,41.74795],[-87.91552,41.7489],[-87.91552,41.74894],[-87.91553,41.74922],[-87.91554,41.74951],[-87.91553,41.74988],[-87.91555,41.7503],[-87.91555,41.75033],[-87.91555,41.75036],[-87.91556,41.7506],[-87.91556,41.75062],[-87.91556,41.75065],[-87.91556,41.75066],[-87.91557,41.75078],[-87.91558,41.75112],[-87.91561,41.75174],[-87.91562,41.75209],[-87.91564,41.75241],[-87.91564,41.75251],[-87.91567,41.75276],[-87.91568,41.75297],[-87.91569,41.75324],[-87.91569,41.75347],[-87.91572,41.75447],[-87.91575,41.75524],[-87.91578,41.75565],[-87.91579,41.75588],[-87.91579,41.75596],[-87.9158,41.75633],[-87.9158,41.75638],[-87.91581,41.75644],[-87.91581,41.7566],[-87.91581,41.75668],[-87.91581,41.75673],[-87.91582,41.75681],[-87.91582,41.75684],[-87.91582,41.75704],[-87.91582,41.75711],[-87.91583,41.75725],[-87.91584,41.75767],[-87.91584,41.75781],[-87.91588,41.75896],[-87.91592,41.76031],[-87.91593,41.76066],[-87.91603,41.7638],[-87.91613,41.76604],[-87.91616,41.76707],[-87.91621,41.7685],[-87.91625,41.76944],[-87.91625,41.76948],[-87.91626,41.76985],[-87.91631,41.7711],[-87.91633,41.77152],[-87.91634,41.77182],[-87.91637,41.7727],[-87.91639,41.773],[-87.91646,41.7748],[-87.91651,41.77612],[-87.91654,41.77699],[-87.91657,41.77776],[-87.91661,41.77824],[-87.91662,41.77892],[-87.91662,41.77897],[-87.91662,41.7791],[-87.91662,41.77914],[-87.91666,41.78018],[-87.91666,41.78023],[-87.91669,41.78074],[-87.91669,41.78077],[-87.91669,41.78079],[-87.91672,41.78162],[-87.91672,41.78168],[-87.91673,41.78174],[-87.91673,41.78192],[-87.91674,41.78215],[-87.91679,41.78321],[-87.91685,41.78445],[-87.91688,41.7852],[-87.91688,41.78557],[-87.91688,41.7858],[-87.91692,41.78668],[-87.91692,41.78671],[-87.91692,41.78706],[-87.91694,41.78753],[-87.91695,41.78772],[-87.91695,41.78784],[-87.917,41.78896],[-87.91701,41.78921],[-87.91702,41.78944],[-87.91703,41.78956],[-87.91704,41.78992],[-87.91705,41.79004],[-87.91705,41.79006],[-87.91705,41.79014],[-87.91705,41.79016],[-87.91706,41.79038],[-87.91708,41.79102],[-87.91708,41.79107],[-87.91709,41.79124],[-87.9171,41.79147],[-87.91713,41.79216],[-87.91714,41.7924],[-87.91715,41.79253],[-87.91717,41.79293],[-87.91718,41.79306],[-87.91719,41.79342],[-87.91724,41.79449],[-87.91725,41.79485],[-87.91726,41.795],[-87.91726,41.79516],[-87.91727,41.79552],[-87.9173,41.79609],[-87.91731,41.7964],[-87.91731,41.79647],[-87.91732,41.79665],[-87.91732,41.79672],[-87.91733,41.79685],[-87.91735,41.79724],[-87.91735,41.79737],[-87.91735,41.79743],[-87.91736,41.79763],[-87.91736,41.79769],[-87.91737,41.79794],[-87.9174,41.79867],[-87.9174,41.79871],[-87.91741,41.79883],[-87.91742,41.79896],[-87.91742,41.79912],[-87.91743,41.79929],[-87.91743,41.7996],[-87.91743,41.79971],[-87.91744,41.79976],[-87.91745,41.79987],[-87.91746,41.8002],[-87.91747,41.80031],[-87.91748,41.80064],[-87.91752,41.80161],[-87.91753,41.80194],[-87.91754,41.80206],[-87.91754,41.8021],[-87.91754,41.8024],[-87.91754,41.80245],[-87.91755,41.80252],[-87.91757,41.8027],[-87.91759,41.80324],[-87.91759,41.80341],[-87.9176,41.80352],[-87.9176,41.8036],[-87.9176,41.80378],[-87.9176,41.80384],[-87.91761,41.80395],[-87.91762,41.8041],[-87.91762,41.80425],[-87.91763,41.80452],[-87.91764,41.80475],[-87.91766,41.80496],[-87.91767,41.80519],[-87.91768,41.80536],[-87.91768,41.80539],[-87.91768,41.80541],[-87.91768,41.80552],[-87.91769,41.80561],[-87.91768,41.80565],[-87.91769,41.80578],[-87.91772,41.80636],[-87.91774,41.80656],[-87.91774,41.80662],[-87.91775,41.80686],[-87.91778,41.80778],[-87.91779,41.8079],[-87.9178,41.80803],[-87.9178,41.80808],[-87.91781,41.8084],[-87.91786,41.80936],[-87.91787,41.80967],[-87.91787,41.80972],[-87.91792,41.81066],[-87.91794,41.81125],[-87.91799,41.81224],[-87.91806,41.81377],[-87.9181,41.81455],[-87.91812,41.81503],[-87.91819,41.81646],[-87.91821,41.81694],[-87.91822,41.81713],[-87.91823,41.81728],[-87.91824,41.81769],[-87.91825,41.81788],[-87.91826,41.81804],[-87.91828,41.81853],[-87.91829,41.81873],[-87.91847,41.82273],[-87.91848,41.82279],[-87.91848,41.82296],[-87.91851,41.82353],[-87.91857,41.82472],[-87.91859,41.82528],[-87.9186,41.82541],[-87.9186,41.82549],[-87.91861,41.82567],[-87.91862,41.82579],[-87.91862,41.82586],[-87.91864,41.82642],[-87.91874,41.82855],[-87.91875,41.82869],[-87.91879,41.82945],[-87.91879,41.82955],[-87.91887,41.83128],[-87.91889,41.83161],[-87.91894,41.83269],[-87.91895,41.83295],[-87.91896,41.83314],[-87.91896,41.83316],[-87.91902,41.83447],[-87.91902,41.83465],[-87.91906,41.83547],[-87.91909,41.83602],[-87.91922,41.83669],[-87.91959,41.83847],[-87.91977,41.83961],[-87.9198,41.84056],[-87.91973,41.84145],[-87.91958,41.84308],[-87.91957,41.84319],[-87.91956,41.84325],[-87.91952,41.84352],[-87.91952,41.84354],[-87.91951,41.84366],[-87.9195,41.84375],[-87.91949,41.84383],[-87.91947,41.84401],[-87.91946,41.8441],[-87.91946,41.84412],[-87.91946,41.84415],[-87.91945,41.84417],[-87.91945,41.84418],[-87.91945,41.84421],[-87.91945,41.84424],[-87.91941,41.84453],[-87.91936,41.84488],[-87.91924,41.84605],[-87.91923,41.84635],[-87.91922,41.84724],[-87.91924,41.84762],[-87.91924,41.84769],[-87.91932,41.84928],[-87.91935,41.8521],[-87.9194,41.85405],[-87.91952,41.85539],[-87.91973,41.85671],[-87.91979,41.85707],[-87.9202,41.86069],[-87.92022,41.86087],[-87.9203,41.86161],[-87.92031,41.86177],[-87.92031,41.86179],[-87.92032,41.86188],[-87.92032,41.86196],[-87.92034,41.86217],[-87.92037,41.86294],[-87.92038,41.86309],[-87.92038,41.86313],[-87.92038,41.86317],[-87.92038,41.86322],[-87.92042,41.86404],[-87.92042,41.86414],[-87.92042,41.86448],[-87.92042,41.86592],[-87.92042,41.8661],[-87.92044,41.86675],[-87.92046,41.8672],[-87.92047,41.86747],[-87.92047,41.8676],[-87.92048,41.86784],[-87.92049,41.86806],[-87.9205,41.86837],[-87.92049,41.86873],[-87.92049,41.86952],[-87.92049,41.86956],[-87.92051,41.87074],[-87.92052,41.87288],[-87.92046,41.87312],[-87.92047,41.87341],[-87.92048,41.87426],[-87.92048,41.87455],[-87.92048,41.87465],[-87.92049,41.87495],[-87.92049,41.87504],[-87.92049,41.87515],[-87.92049,41.87547],[-87.92049,41.87558],[-87.92049,41.87571],[-87.92049,41.87609],[-87.92049,41.87621],[-87.9205,41.87642],[-87.92051,41.87659],[-87.92051,41.87686],[-87.92051,41.87692],[-87.92051,41.87824],[-87.92051,41.87875],[-87.92051,41.87981],[-87.92051,41.87998],[-87.92051,41.88003],[-87.92051,41.88068],[-87.92054,41.8808],[-87.92061,41.88108],[-87.92062,41.88118],[-87.92063,41.88138],[-87.92062,41.88161],[-87.92062,41.88212],[-87.92061,41.88233],[-87.92061,41.88239],[-87.92061,41.88271],[-87.92061,41.88276],[-87.92061,41.88291],[-87.92061,41.88296],[-87.92061,41.88299],[-87.92061,41.88306],[-87.92061,41.88309],[-87.92061,41.88332],[-87.92061,41.88343],[-87.92062,41.88396],[-87.92062,41.88401],[-87.92062,41.88425],[-87.92062,41.88435],[-87.92062,41.88466],[-87.92062,41.88476],[-87.92062,41.88488],[-87.92062,41.88506],[-87.92063,41.88595],[-87.92064,41.88624],[-87.92064,41.88629],[-87.92064,41.88633],[-87.92064,41.88659],[-87.92064,41.88661],[-87.92063,41.8867],[-87.92063,41.88708],[-87.92062,41.88749],[-87.92061,41.88802],[-87.92061,41.88825],[-87.92062,41.88863],[-87.92062,41.88868],[-87.92062,41.88881],[-87.92062,41.88886],[-87.92063,41.88902],[-87.92063,41.88911],[-87.92063,41.88953],[-87.92063,41.88962],[-87.92063,41.8897],[-87.92062,41.88971],[-87.92063,41.88975],[-87.92063,41.88976],[-87.92063,41.88981],[-87.92063,41.88986],[-87.92063,41.88991],[-87.92062,41.89003],[-87.92062,41.89015],[-87.92062,41.89025],[-87.92061,41.89079],[-87.92061,41.89208],[-87.9206,41.89312],[-87.9206,41.8933],[-87.9206,41.89351],[-87.92058,41.89483],[-87.92057,41.89693],[-87.92057,41.89716],[-87.92057,41.89732],[-87.92057,41.89737],[-87.92057,41.89741],[-87.92057,41.89745],[-87.92057,41.8976],[-87.92057,41.89787],[-87.92056,41.89855],[-87.92056,41.8988],[-87.92056,41.89905],[-87.92056,41.8991],[-87.92056,41.89946],[-87.92057,41.8997],[-87.92057,41.8999],[-87.92057,41.90024],[-87.92057,41.90048],[-87.92057,41.90067],[-87.92056,41.90113],[-87.92046,41.90198],[-87.92045,41.90211],[-87.92044,41.9029],[-87.92044,41.90402],[-87.92043,41.90505],[-87.92043,41.9054],[-87.92043,41.90625],[-87.92043,41.90645],[-87.92043,41.90653],[-87.92043,41.90671],[-87.92043,41.90681],[-87.92043,41.90685],[-87.92043,41.90693],[-87.92043,41.90704],[-87.92043,41.90728],[-87.92042,41.90846],[-87.92041,41.90978],[-87.9204,41.91143],[-87.92041,41.91265],[-87.92041,41.91303],[-87.92042,41.91346],[-87.92042,41.91379],[-87.9204,41.91404],[-87.92039,41.91416],[-87.9204,41.9145],[-87.92041,41.91456],[-87.92038,41.91585],[-87.92037,41.9163],[-87.92037,41.91647],[-87.92037,41.91697],[-87.92037,41.91714],[-87.92037,41.91719],[-87.92037,41.91734],[-87.92037,41.91739],[-87.92037,41.91742],[-87.92037,41.91757],[-87.92036,41.91778],[-87.92036,41.91802],[-87.92036,41.91893],[-87.92035,41.91931],[-87.92035,41.9197],[-87.92035,41.92085],[-87.92035,41.92124],[-87.92035,41.9213],[-87.92035,41.92151],[-87.92035,41.92157],[-87.92035,41.92208],[-87.92035,41.92233],[-87.92034,41.9236],[-87.92033,41.92411],[-87.92033,41.92421],[-87.92033,41.92452],[-87.92033,41.92462],[-87.92033,41.92468],[-87.92033,41.92487],[-87.92033,41.92494],[-87.92033,41.92497],[-87.92033,41.92511],[-87.92033,41.92513],[-87.92033,41.92529],[-87.92032,41.92585],[-87.92032,41.92621],[-87.92031,41.9266],[-87.92032,41.92666],[-87.92032,41.92866],[-87.92029,41.93003],[-87.92029,41.9301],[-87.9203,41.93087],[-87.92029,41.93125],[-87.92029,41.93131],[-87.92029,41.93132],[-87.92029,41.93138],[-87.92029,41.93139],[-87.92029,41.93216],[-87.92029,41.93297],[-87.92028,41.93447],[-87.92027,41.93524],[-87.92027,41.93535],[-87.92027,41.9357],[-87.92027,41.93581],[-87.92027,41.93588],[-87.92027,41.93592],[-87.92027,41.93595],[-87.92027,41.93615],[-87.92027,41.93624],[-87.92027,41.93635],[-87.92027,41.93648],[-87.92026,41.93686],[-87.92026,41.93698],[-87.92026,41.93771],[-87.92026,41.93988],[-87.92026,41.94061],[-87.92026,41.94078],[-87.92026,41.94128],[-87.92026,41.94145],[-87.92026,41.94148],[-87.92026,41.94158],[-87.92026,41.94161],[-87.92025,41.94191],[-87.92025,41.94283],[-87.92025,41.94313],[-87.92025,41.94333],[-87.92025,41.94344],[-87.92025,41.94393],[-87.92025,41.94413],[-87.92025,41.94454],[-87.92025,41.94576],[-87.92025,41.94617],[-87.92025,41.94621],[-87.92025,41.94633],[-87.92025,41.94637],[-87.92025,41.94639],[-87.92025,41.94645],[-87.92025,41.94647],[-87.92024,41.94711],[-87.92024,41.94808],[-87.92022,41.94884],[-87.92022,41.94902],[-87.92022,41.94905],[-87.92022,41.94966],[-87.92022,41.94976],[-87.92022,41.95015],[-87.92021,41.9512],[-87.92021,41.95123],[-87.92021,41.95128],[-87.92021,41.95179],[-87.92021,41.952],[-87.92021,41.95208],[-87.92021,41.95214],[-87.92021,41.95218],[-87.92021,41.95222],[-87.92021,41.95227],[-87.92021,41.95229],[-87.92021,41.95239],[-87.92021,41.95247],[-87.92021,41.95256],[-87.9202,41.95318],[-87.9202,41.95322],[-87.9202,41.95327],[-87.9202,41.95332],[-87.9202,41.95335],[-87.9202,41.95373],[-87.9202,41.95404],[-87.9202,41.95523],[-87.92019,41.95563],[-87.92019,41.95613],[-87.92018,41.95806],[-87.92018,41.95817],[-87.92018,41.95827],[-87.92018,41.95843],[-87.92018,41.9589],[-87.92016,41.96035],[-87.92014,41.96289],[-87.92013,41.96297],[-87.92013,41.96355],[-87.92013,41.96361],[-87.92012,41.9648],[-87.92013,41.96573],[-87.92015,41.96661],[-87.92019,41.96902],[-87.92023,41.97185],[-87.92035,41.97908],[-87.92036,41.97937],[-87.92038,41.98159],[-87.92038,41.98184],[-87.92037,41.98227],[-87.92039,41.9827],[-87.92041,41.98518],[-87.92042,41.98664],[-87.92042,41.98724],[-87.92048,41.99389],[-87.92125,41.99389],[-87.9302,41.99371],[-87.93079,41.99369],[-87.93144,41.99368],[-87.93184,41.99367],[-87.9361,41.99359],[-87.93707,41.99357],[-87.93813,41.99355],[-87.93855,41.99354],[-87.9386,41.99354],[-87.93864,41.99353],[-87.9387,41.99353],[-87.93893,41.99352],[-87.93897,41.99352],[-87.93995,41.99349],[-87.94153,41.99348],[-87.94162,41.99348],[-87.94189,41.99348],[-87.94199,41.99348],[-87.94237,41.99347],[-87.94353,41.99346],[-87.94391,41.99345],[-87.94432,41.99344],[-87.94556,41.99342],[-87.94597,41.99341],[-87.94623,41.99341],[-87.94657,41.9934],[-87.94701,41.99339],[-87.94718,41.99339],[-87.94727,41.99339],[-87.94731,41.99339],[-87.94743,41.99339],[-87.94747,41.99339],[-87.9478,41.99338],[-87.9488,41.99336],[-87.94913,41.99335],[-87.94946,41.99335],[-87.95043,41.99333],[-87.95076,41.99332],[-87.95103,41.99332],[-87.95185,41.99331],[-87.95212,41.9933],[-87.95237,41.9933],[-87.9529,41.99329],[-87.95315,41.99328],[-87.95341,41.99328],[-87.95345,41.99328],[-87.95358,41.99327],[-87.95362,41.99327],[-87.95366,41.99327],[-87.95379,41.99327],[-87.95383,41.99327],[-87.95455,41.99325],[-87.95504,41.99322],[-87.95507,41.99322],[-87.95514,41.99322],[-87.95624,41.99321],[-87.95657,41.99321],[-87.9585,41.99319],[-87.95919,41.99318],[-87.95924,41.99318],[-87.95937,41.99317],[-87.95947,41.99317],[-87.95976,41.99317],[-87.96095,41.99315],[-87.96134,41.99314],[-87.96181,41.99314],[-87.96323,41.99311],[-87.9637,41.99311],[-87.96378,41.99311],[-87.96401,41.9931],[-87.96409,41.9931],[-87.9644,41.9931],[-87.96532,41.99309],[-87.96562,41.99308],[-87.96625,41.99307],[-87.96813,41.99304],[-87.96876,41.99303],[-87.96889,41.99303],[-87.96927,41.99303],[-87.96939,41.99303],[-87.96943,41.99302],[-87.96957,41.99302],[-87.96959,41.99302],[-87.97017,41.99301],[-87.97036,41.99301],[-87.97041,41.99301],[-87.97058,41.993],[-87.97064,41.993],[-87.9716,41.99299],[-87.9719,41.99299],[-87.97448,41.99295],[-87.97544,41.99294],[-87.97569,41.99294],[-87.97645,41.99292],[-87.9766,41.99292],[-87.97671,41.99292],[-87.97686,41.99292],[-87.97732,41.99291],[-87.97741,41.99291],[-87.97747,41.99291],[-87.97751,41.99291],[-87.97761,41.99291],[-87.97764,41.99291],[-87.97783,41.9929],[-87.97839,41.9929],[-87.97858,41.99289],[-87.97877,41.99289],[-87.97885,41.99289],[-87.97935,41.99288],[-87.97955,41.99288],[-87.97959,41.99288],[-87.9797,41.99288],[-87.97974,41.99288],[-87.98011,41.99287],[-87.9812,41.99286],[-87.98156,41.99286],[-87.98162,41.99286],[-87.9818,41.99286],[-87.98186,41.99286],[-87.98218,41.99285],[-87.98279,41.99285],[-87.98312,41.99285],[-87.98313,41.99285],[-87.98342,41.99284],[-87.98345,41.99284],[-87.98354,41.99284],[-87.9838,41.99284],[-87.98389,41.99284],[-87.98401,41.99284],[-87.98436,41.99283],[-87.98448,41.99283],[-87.98456,41.99283],[-87.98477,41.99283],[-87.98485,41.99283],[-87.98488,41.99283],[-87.98492,41.99283],[-87.98496,41.99283],[-87.98499,41.99283],[-87.98502,41.99283],[-87.98506,41.99283],[-87.98513,41.99283],[-87.98516,41.99283],[-87.98519,41.99282],[-87.98527,41.99282],[-87.9853,41.99282],[-87.98542,41.99282],[-87.98557,41.99282],[-87.98576,41.99282],[-87.98588,41.99282],[-87.98606,41.99282],[-87.9866,41.99281],[-87.98678,41.99281],[-87.98704,41.9928],[-87.98706,41.9928],[-87.98735,41.9928],[-87.98744,41.9928],[-87.98767,41.9928],[-87.98785,41.9928],[-87.98812,41.99279],[-87.9882,41.9928],[-87.98845,41.99279],[-87.98853,41.99279],[-87.98861,41.99279],[-87.98886,41.99278],[-87.98895,41.99278],[-87.98896,41.99278],[-87.98901,41.99278],[-87.98902,41.99278],[-87.98925,41.99278],[-87.98966,41.99277],[-87.98994,41.99277],[-87.99017,41.99277],[-87.9907,41.99277],[-87.9923,41.99275],[-87.99283,41.99274],[-87.99303,41.99274],[-87.99339,41.99274],[-87.99361,41.99274],[-87.9938,41.99274],[-87.99386,41.99273],[-87.99402,41.99273],[-87.99408,41.99273],[-87.99411,41.99273],[-87.99417,41.99273],[-87.99423,41.99273],[-87.99426,41.99273],[-87.99445,41.99273],[-87.99509,41.99272],[-87.99514,41.99272],[-87.99519,41.99273],[-87.99543,41.99272],[-87.99682,41.9927],[-87.99715,41.9927],[-87.99718,41.9927],[-87.99736,41.9927],[-87.9979,41.99269],[-87.99808,41.99269],[-87.9981,41.99269],[-87.99815,41.99269],[-87.99817,41.99269],[-87.99827,41.99269],[-87.99829,41.99269],[-87.99864,41.99269],[-87.99876,41.99269],[-87.99896,41.99268],[-87.99958,41.99268],[-87.99978,41.99267],[-87.99988,41.99267],[-88,41.99267],[-88,41.68572]]]},"properties":{"name":"MSA Energy Community","category":"msa","county":"DuPage County, Illinois","msa":"Chicago-Naperville-Elgin, IL-IN-WI","qualification":"MSA meets the fossil fuel employment and unemployment-rate tests (clipped to map area)","vintage":"2024.1"}},{"type":"Feature","geometry":{"type":"Polygon","coordinates":[[[-88,41.6],[-87.91043,41.6],[-87.91047,41.60031],[-87.91049,41.60045],[-87.91049,41.60049],[-87.91051,41.60059],[-87.9106,41.60124],[-87.91061,41.60143],[-87.91062,41.60161],[-87.91063,41.60171],[-87.91065,41.60254],[-87.91067,41.60318],[-87.91068,41.60347],[-87.91069,41.60375],[-87.91074,41.60537],[-87.91076,41.6062],[-87.91077,41.60648],[-87.91079,41.60731],[-87.91079,41.60738],[-87.91079,41.60759],[-87.91083,41.60856],[-87.91085,41.60943],[-87.91087,41.60984],[-87.91089,41.61068],[-87.9109,41.6108],[-87.9109,41.61118],[-87.91091,41.61131],[-87.91091,41.61141],[-87.91096,41.61355],[-87.911,41.61491],[-87.91111,41.61816],[-87.91113,41.61863],[-87.91118,41.61935],[-87.91118,41.61938],[-87.91118,41.61949],[-87.91117,41.61954],[-87.91122,41.62059],[-87.91124,41.62152],[-87.91126,41.62203],[-87.91127,41.62218],[-87.91128,41.62251],[-87.91129,41.6228],[-87.91131,41.62314],[-87.91131,41.62326],[-87.91135,41.62442],[-87.91136,41.62477],[-87.91138,41.6255],[-87.9114,41.62605],[-87.91141,41.62618],[-87.91141,41.62625],[-87.91142,41.62647],[-87.91151,41.6282],[-87.91151,41.62834],[-87.91151,41.62848],[-87.91155,41.62942],[-87.91158,41.6309],[-87.91159,41.63139],[-87.9116,41.63151],[-87.91164,41.63307],[-87.91164,41.63319],[-87.91166,41.63354],[-87.91167,41.63427],[-87.91168,41.63449],[-87.91168,41.63478],[-87.91169,41.63507],[-87.91172,41.63593],[-87.91174,41.63636],[-87.91175,41.63672],[-87.91175,41.63688],[-87.91176,41.63701],[-87.91177,41.63738],[-87.9118,41.63853],[-87.9118,41.63867],[-87.91185,41.64007],[-87.91189,41.6409],[-87.9119,41.64184],[-87.91192,41.64355],[-87.91194,41.64394],[-87.92024,41.64377],[-87.92067,41.64376],[-87.92178,41.64374],[-87.92214,41.64373],[-87.924,41.64369],[-87.92957,41.64358],[-87.93011,41.64357],[-87.93129,41.64355],[-87.93134,41.64355],[-87.93143,41.64354],[-87.93146,41.64354],[-87.93161,41.64354],[-87.9318,41.64354],[-87.93692,41.64342],[-87.93693,41.64343],[-87.94082,41.64334],[-87.94117,41.64333],[-87.9506,41.64311],[-87.95078,41.64311],[-87.95614,41.64299],[-87.95908,41.64292],[-87.96159,41.64286],[-87.96278,41.64284],[-87.96554,41.64277],[-87.96805,41.64272],[-87.97007,41.64267],[-87.97035,41.64267],[-87.97039,41.64266],[-87.97266,41.64261],[-87.97272,41.64261],[-87.97556,41.64261],[-87.97641,41.64258],[-87.97677,41.64259],[-87.97722,41.6426],[-87.97804,41.64256],[-87.97924,41.64256],[-87.97982,41.64256],[-87.98006,41.64254],[-87.98113,41.64247],[-87.98174,41.64244],[-87.9818,41.64243],[-87.98269,41.64238],[-87.98412,41.64235],[-87.98545,41.64233],[-87.98653,41.64231],[-87.98848,41.64227],[-87.98926,41.64226],[-87.99606,41.6421],[-87.99684,41.64208],[-87.99924,41.64203],[-88,41.64201],[-88,41.6]]]},"properties":{"name":"MSA Energy Community","category":"msa","county":"Will County, Illinois","msa":"Chicago-Naperville-Elgin, IL-IN-WI","qualification":"MSA meets the fossil fuel employment and unemployment-rate tests (clipped to map area)","vintage":"2024.1"}},{"type":"Feature","geometry":{"type":"Polygon","coordinates":[[[-87.4,41.6],[-87.4,41.76029],[-87.44424,41.76035],[-87.50005,41.76043],[-87.50005,41.76037],[-87.50005,41.7602],[-87.50005,41.76015],[-87.50008,41.76015],[-87.501,41.76014],[-87.50194,41.76013],[-87.50479,41.7601],[-87.51895,41.75996],[-87.52367,41.75991],[-87.5239,41.74277],[-87.52395,41.73896],[-87.524,41.73514],[-87.52415,41.72383],[-87.52416,41.72314],[-87.52416,41.72297],[-87.52416,41.72245],[-87.52417,41.72186],[-87.52421,41.71952],[-87.52433,41.71833],[-87.52432,41.71822],[-87.52424,41.71728],[-87.52424,41.71699],[-87.52421,41.71256],[-87.52417,41.70832],[-87.5242,41.7079],[-87.52422,41.70752],[-87.52432,41.70661],[-87.52445,41.70405],[-87.52447,41.70331],[-87.52448,41.70314],[-87.52447,41.70293],[-87.52447,41.70288],[-87.52447,41.70277],[-87.52447,41.70269],[-87.52454,41.70088],[-87.52455,41.70076],[-87.52457,41.69904],[-87.52463,41.69724],[-87.52462,41.69543],[-87.52461,41.69514],[-87.52464,41.69379],[-87.52464,41.69362],[-87.52463,41.69334],[-87.52467,41.69181],[-87.52482,41.68695],[-87.52481,41.68642],[-87.52475,41.68174],[-87.52483,41.68096],[-87.52485,41.67649],[-87.52485,41.67544],[-87.52479,41.67374],[-87.52476,41.67353],[-87.52479,41.67199],[-87.52485,41.66789],[-87.52486,41.66759],[-87.52476,41.66174],[-87.52475,41.66044],[-87.52475,41.65921],[-87.52475,41.65871],[-87.52475,41.65724],[-87.52475,41.65674],[-87.5248,41.65564],[-87.5248,41.65453],[-87.52479,41.65375],[-87.5248,41.6514],[-87.52484,41.65015],[-87.5248,41.65012],[-87.5249,41.64729],[-87.52485,41.6473],[-87.525,41.64464],[-87.52506,41.63929],[-87.52506,41.63805],[-87.52506,41.63729],[-87.52509,41.63547],[-87.52508,41.63299],[-87.52507,41.63258],[-87.52506,41.63126],[-87.52506,41.63081],[-87.52506,41.63022],[-87.52506,41.62947],[-87.52506,41.62898],[-87.52508,41.62595],[-87.52512,41.62532],[-87.52508,41.62312],[-87.52508,41.62306],[-87.52512,41.62261],[-87.52511,41.62177],[-87.52514,41.62093],[-87.52514,41.6208],[-87.52514,41.62066],[-87.52514,41.62062],[-87.52514,41.6206],[-87.52514,41.62052],[-87.52514,41.61917],[-87.52513,41.61892],[-87.52515,41.61736],[-87.52514,41.61681],[-87.52513,41.61578],[-87.52512,41.61553],[-87.52512,41.61468],[-87.52514,41.61384],[-87.52514,41.61296],[-87.52514,41.6126],[-87.52515,41.61209],[-87.52517,41.61121],[-87.52519,41.61034],[-87.5252,41.6099],[-87.5252,41.60947],[-87.52521,41.60859],[-87.52522,41.60771],[-87.52522,41.60683],[-87.52522,41.60596],[-87.52523,41.60508],[-87.52523,41.6042],[-87.52523,41.60332],[-87.52523,41.60202],[-87.52525,41.60137],[-87.52526,41.60106],[-87.52524,41.60076],[-87.52525,41.60036],[-87.52524,41.6],[-87.4,41.6]]]},"properties":{"name":"MSA Energy Community","category":"msa","county":"Lake County, Indiana","msa":"Chicago-Naperville-Elgin, IL-IN-WI","qualification":"MSA meets the fossil fuel employment and unemployment-rate tests (clipped to map area)","vintage":"2024.1"}}]}