{"type":"FeatureCollection","features":[{"type":"Feature","geometry":{"type":"Polygon","coordinates":[[[-87.6568045,41.9509784],[-87.656856,41.9509771],[-87.6568584,41.9510858],[-87.6568584,41.9510859],[-87.6568603,41.951174],[-87.6568608,41.9511966],[-87.6568923,41.9526427],[-87.6568945,41.952745],[-87.6568118,41.9527456],[-87.6567475,41.9527458],[-87.6567088,41.9527463],[-87.6566201,41.9527475],[-87.6565681,41.9527482],[-87.6565319,41.9527487],[-87.6564436,41.9527498],[-87.6563555,41.952751],[-87.6563339,41.9527513],[-87.6562672,41.9527522],[-87.6562562,41.9526506],[-87.6562529,41.9525328],[-87.6562513,41.9524753],[-87.6562494,41.9524068],[-87.6562475,41.9523382],[-87.6562456,41.9522697],[-87.6562437,41.952201],[-87.6562418,41.9521325],[-87.6562401,41.9520732],[-87.6562399,41.9520639],[-87.6562382,41.9520025],[-87.656238,41.9519952],[-87.656236,41.9519267],[-87.6562341,41.9518581],[-87.6562323,41.9517895],[-87.6562303,41.9517209],[-87.6562284,41.9516523],[-87.6562275,41.9516199],[-87.6562265,41.9515838],[-87.6562246,41.9515153],[-87.6562242,41.951501],[-87.6562236,41.9514808],[-87.656223,41.9514584],[-87.6562227,41.9514466],[-87.6562208,41.951378],[-87.6562188,41.9513067],[-87.6562166,41.9512272],[-87.656216,41.9512066],[-87.6562125,41.951096],[-87.656209,41.9509871],[-87.6562144,41.950987],[-87.6562284,41.9509868],[-87.6562587,41.9509863],[-87.6563193,41.9509854],[-87.6564102,41.950984],[-87.656423,41.9509838],[-87.6565011,41.9509826],[-87.6565594,41.9509817],[-87.656592,41.9509812],[-87.6566061,41.950981],[-87.6566356,41.9509805],[-87.656675,41.9509799],[-87.6567092,41.9509794],[-87.6568045,41.9509784]]]},"properties":{"id":"HD-1","name":"Alta Vista Terrace","designationDate":"1971-09-15","nationalRegister":"Listed","source":"data.cityofchicago.org/d/zidz-sdfj"}},{"type":"Feature","geometry":{"type":"Polygon","coordinates":[[[-87.6248066,41.8968101],[-87.624821,41.8975398],[-87.6241328,41.8975452],[-87.6228227,41.8975666],[-87.6228159,41.8968286],[-87.6248066,41.8968101]]]},"properties":{"id":"HD-23","name":"Old Chicago Water Tower Extension","designationDate":"1981-06-10","nationalRegister":"Listed","source":"data.cityofchicago.org/d/zidz-sdfj"}},{"type":"Feature","geometry":{"type":"Polygon","coordinates":[[[-87.6270291,41.9103071],[-87.627027,41.9102385],[-87.6270248,41.91017],[-87.6270227,41.9101014],[-87.6270216,41.910064],[-87.6270413,41.9100325],[-87.62704,41.9099915],[-87.627028,41.909602],[-87.626994,41.9096025],[-87.6269792,41.9095098],[-87.6269651,41.9094217],[-87.6269472,41.9093071],[-87.6269366,41.9092393],[-87.6269346,41.9092262],[-87.6269261,41.9091715],[-87.6269155,41.9091039],[-87.6269049,41.9090361],[-87.6268944,41.9089684],[-87.6268837,41.9089007],[-87.6268732,41.908833],[-87.6268648,41.9087793],[-87.6268626,41.9087652],[-87.626852,41.9086975],[-87.6268437,41.9086441],[-87.6268415,41.9086298],[-87.6268309,41.908562],[-87.6268203,41.9084943],[-87.6268098,41.9084265],[-87.6268078,41.9084143],[-87.6267992,41.9083588],[-87.6267886,41.9082911],[-87.6267781,41.9082234],[-87.6267674,41.9081556],[-87.6267568,41.9080879],[-87.6267463,41.9080202],[-87.6267357,41.9079524],[-87.6267251,41.9078847],[-87.6267162,41.9078309],[-87.626707,41.9077752],[-87.6270005,41.9077703],[-87.6271363,41.907768],[-87.6270852,41.9075405],[-87.6269935,41.9075421],[-87.6269806,41.9075422],[-87.6269604,41.907452],[-87.6269314,41.9073228],[-87.6269775,41.907322],[-87.6269343,41.9071294],[-87.626879,41.9068833],[-87.6267219,41.9068861],[-87.626533,41.9068894],[-87.6265247,41.9067988],[-87.6265164,41.9067085],[-87.6265061,41.9065975],[-87.6265007,41.9065408],[-87.6264957,41.9064865],[-87.6264907,41.9064334],[-87.6264854,41.9063755],[-87.6264751,41.9062644],[-87.6264647,41.9061534],[-87.6264544,41.9060424],[-87.6264441,41.9059325],[-87.6264357,41.9058427],[-87.6264271,41.9057516],[-87.6264444,41.9057513],[-87.626584,41.9057491],[-87.6265839,41.905749],[-87.6265376,41.9053904],[-87.6265099,41.9053908],[-87.6264679,41.9053916],[-87.626463,41.9053423],[-87.6264508,41.9052232],[-87.6264398,41.9051167],[-87.6264263,41.9049857],[-87.626426,41.9049857],[-87.6264207,41.9048931],[-87.6264156,41.9048048],[-87.6264061,41.9047321],[-87.6264011,41.9046947],[-87.6263965,41.9046593],[-87.6263866,41.9045847],[-87.6263731,41.9044821],[-87.6263721,41.9044745],[-87.6263691,41.9044514],[-87.626359,41.9043744],[-87.6263188,41.90407],[-87.6263071,41.9039801],[-87.626295,41.9038893],[-87.6263577,41.9038883],[-87.6264215,41.9038872],[-87.6264327,41.903887],[-87.6264258,41.9036585],[-87.6264852,41.9036576],[-87.6265084,41.9036572],[-87.6265463,41.9036566],[-87.6265908,41.9036558],[-87.6266141,41.9036554],[-87.6266733,41.9036545],[-87.6267336,41.9036535],[-87.6267942,41.9036525],[-87.6268554,41.9036514],[-87.6268768,41.9036511],[-87.6268825,41.903651],[-87.6268944,41.9036508],[-87.6269096,41.9036506],[-87.6269304,41.9036502],[-87.6269992,41.9036491],[-87.6270436,41.9036484],[-87.6270657,41.903648],[-87.6270847,41.9036477],[-87.6270847,41.903648],[-87.6270967,41.9037632],[-87.6271083,41.903875],[-87.6271083,41.9038754],[-87.6271748,41.9038743],[-87.627202,41.9038738],[-87.6272045,41.9039654],[-87.6272072,41.9040549],[-87.6272171,41.90438],[-87.6272172,41.9043805],[-87.6272909,41.9043792],[-87.6273548,41.9043782],[-87.6273646,41.904378],[-87.6274383,41.9043767],[-87.6274657,41.9043763],[-87.6275119,41.9043754],[-87.6275857,41.9043742],[-87.6276481,41.9043731],[-87.6276593,41.9043729],[-87.627733,41.9043717],[-87.6277642,41.9043712],[-87.6278067,41.9043704],[-87.6278804,41.9043691],[-87.6279133,41.9043686],[-87.6279543,41.9043679],[-87.6280204,41.904367],[-87.6280217,41.904411],[-87.6280228,41.904446],[-87.6280248,41.9045126],[-87.6280262,41.9045561],[-87.6280271,41.9045874],[-87.6280295,41.9046662],[-87.6280329,41.9047765],[-87.6280368,41.9048669],[-87.6280406,41.9049576],[-87.6280422,41.9050085],[-87.6280444,41.9050803],[-87.6280463,41.9051416],[-87.6280482,41.905203],[-87.6280501,41.9052645],[-87.6280509,41.9052915],[-87.6280519,41.9053258],[-87.6280545,41.9054081],[-87.6280587,41.9055456],[-87.6280622,41.9056582],[-87.6280642,41.905726],[-87.6280682,41.9058214],[-87.6280717,41.905907],[-87.628074,41.9059813],[-87.628074,41.905983],[-87.6280741,41.9059849],[-87.6280759,41.9060434],[-87.6280808,41.9062025],[-87.6280845,41.9063213],[-87.6280869,41.9064004],[-87.6280874,41.9064162],[-87.6280882,41.9064412],[-87.6280883,41.9064469],[-87.6280887,41.9064566],[-87.6280895,41.9064848],[-87.6280903,41.9065096],[-87.6280913,41.9065432],[-87.6280918,41.9065605],[-87.6280926,41.9065883],[-87.6280938,41.9066263],[-87.6280955,41.9066808],[-87.6280976,41.9067739],[-87.6281,41.9068619],[-87.6276411,41.90687],[-87.6276412,41.90687],[-87.6276901,41.9070881],[-87.6276944,41.9071075],[-87.6277238,41.9072383],[-87.6277321,41.9072753],[-87.6277391,41.9073065],[-87.6277881,41.9075248],[-87.62784,41.907756],[-87.62784,41.907756],[-87.6279092,41.9077549],[-87.628149,41.9077508],[-87.6281506,41.9078085],[-87.6281519,41.9078605],[-87.6281522,41.9078721],[-87.6281544,41.9079433],[-87.6281555,41.9079784],[-87.6281565,41.9080122],[-87.6281586,41.9080812],[-87.6281608,41.9081501],[-87.6281629,41.9082189],[-87.6281646,41.9082738],[-87.628165,41.9082861],[-87.628165,41.9082879],[-87.6281672,41.9083568],[-87.628168,41.9083833],[-87.6281688,41.908411],[-87.628169,41.9084171],[-87.6281693,41.9084257],[-87.6281714,41.9084947],[-87.6281735,41.9085636],[-87.6281738,41.9085746],[-87.6281739,41.908577],[-87.6281756,41.9086326],[-87.628176,41.9086466],[-87.6281764,41.9086594],[-87.628177,41.9086801],[-87.6281777,41.9087015],[-87.6281785,41.908728],[-87.6281799,41.9087704],[-87.6281806,41.9087939],[-87.628182,41.9088394],[-87.628182,41.9088398],[-87.6281824,41.9088515],[-87.6281841,41.9089083],[-87.6281843,41.9089151],[-87.6281848,41.9089338],[-87.6281856,41.9089573],[-87.6281862,41.9089772],[-87.6281869,41.9089988],[-87.6281878,41.9090299],[-87.628188,41.9090363],[-87.6281883,41.9090461],[-87.6281904,41.909115],[-87.6281914,41.9091468],[-87.6281925,41.909184],[-87.6281946,41.9092529],[-87.6281968,41.9093218],[-87.628198,41.9093616],[-87.6281993,41.9094035],[-87.628202,41.9094906],[-87.6282049,41.9095846],[-87.6282077,41.9096767],[-87.6282098,41.9097454],[-87.6282119,41.9098142],[-87.6282138,41.9098733],[-87.6282141,41.9098829],[-87.6282162,41.9099515],[-87.6282164,41.90996],[-87.6282167,41.9099687],[-87.6282175,41.9099934],[-87.6282183,41.9100203],[-87.6282192,41.9100511],[-87.6282204,41.910089],[-87.6282222,41.9101471],[-87.6282225,41.9101577],[-87.6282236,41.9101952],[-87.6282246,41.9102263],[-87.6282255,41.9102567],[-87.6282263,41.9102812],[-87.6282263,41.9102814],[-87.6282376,41.9102896],[-87.628245,41.9102949],[-87.6284369,41.910292],[-87.6287042,41.9102881],[-87.6288577,41.9102859],[-87.628998,41.910284],[-87.6289992,41.9103219],[-87.6290066,41.9105593],[-87.6290087,41.910628],[-87.6290108,41.9106967],[-87.6290129,41.9107653],[-87.6290149,41.9108306],[-87.629015,41.910834],[-87.6290171,41.9109027],[-87.6290192,41.9109714],[-87.6290213,41.9110401],[-87.6290241,41.9111321],[-87.6290276,41.9112208],[-87.629031,41.9113064],[-87.6288546,41.911309],[-87.627057,41.911328],[-87.6270564,41.9112658],[-87.6270561,41.9112426],[-87.6270552,41.911156],[-87.6270523,41.9110613],[-87.6270502,41.9109927],[-87.6270481,41.9109242],[-87.6270459,41.9108555],[-87.6270438,41.9107869],[-87.6270425,41.9107451],[-87.6270417,41.9107185],[-87.6270396,41.9106498],[-87.6270375,41.9105813],[-87.6270363,41.9105403],[-87.6270354,41.9105127],[-87.6270333,41.9104442],[-87.6270312,41.9103756],[-87.6270291,41.9103071]]]},"properties":{"id":"HD-4","name":"Astor Street","designationDate":"1975-12-19","nationalRegister":"Listed","source":"data.cityofchicago.org/d/zidz-sdfj"}},{"type":"Feature","geometry":{"type":"Polygon","coordinates":[[[-87.6499713,41.9252624],[-87.6499654,41.9250579],[-87.6499496,41.9250582],[-87.6499417,41.9250583],[-87.6498844,41.9250593],[-87.6498844,41.925059],[-87.6498791,41.9248759],[-87.649863,41.9243197],[-87.6498341,41.9242888],[-87.6498338,41.9242885],[-87.6498788,41.9242419],[-87.649908,41.9242117],[-87.6499082,41.9242115],[-87.6499031,41.9240399],[-87.6498934,41.923703],[-87.6498934,41.9237029],[-87.6499137,41.9237025],[-87.6500269,41.9237009],[-87.6500751,41.9237002],[-87.6501486,41.9236991],[-87.6502213,41.923698],[-87.6502224,41.923698],[-87.6502964,41.9236968],[-87.6503523,41.923696],[-87.6504081,41.9236952],[-87.6505312,41.9236933],[-87.6505987,41.9236923],[-87.6506796,41.9236911],[-87.6507319,41.9236903],[-87.6507604,41.9236899],[-87.6508415,41.9236886],[-87.6508794,41.9236881],[-87.6509212,41.9236875],[-87.6510581,41.9236854],[-87.6511243,41.9236844],[-87.651126,41.9236844],[-87.651153,41.923684],[-87.6511738,41.9236837],[-87.6511738,41.923684],[-87.6511919,41.9243077],[-87.6511618,41.9243503],[-87.6511658,41.9244034],[-87.651195,41.9244291],[-87.6511954,41.9244294],[-87.6511989,41.9245506],[-87.6511999,41.9245847],[-87.6511621,41.92462],[-87.6511648,41.9247043],[-87.6512045,41.9247424],[-87.6512119,41.924997],[-87.651212,41.925001],[-87.651212,41.9250011],[-87.6521322,41.9249853],[-87.6523824,41.924981],[-87.6523891,41.9252095],[-87.6523919,41.925305],[-87.6523919,41.9253054],[-87.6523672,41.9253058],[-87.6523607,41.9253059],[-87.6523555,41.925306],[-87.6523295,41.9253065],[-87.6522396,41.925308],[-87.6521594,41.9253094],[-87.6521033,41.9253104],[-87.652079,41.9253108],[-87.6520361,41.9253115],[-87.6519986,41.9253122],[-87.6519767,41.9253126],[-87.6519183,41.9253136],[-87.6517983,41.9253156],[-87.651677,41.9253177],[-87.6516095,41.9253189],[-87.6515968,41.9253191],[-87.6515882,41.9253192],[-87.6515157,41.9253205],[-87.6514347,41.9253219],[-87.6514147,41.9253222],[-87.6513544,41.9253233],[-87.6512988,41.9253242],[-87.6512214,41.9253256],[-87.6511946,41.925326],[-87.6511805,41.9253263],[-87.6511718,41.9253264],[-87.6511414,41.9253269],[-87.6511057,41.9253275],[-87.6509696,41.9253299],[-87.6509392,41.9253304],[-87.6508887,41.9253313],[-87.6508561,41.9253318],[-87.6508077,41.9253327],[-87.6507344,41.9253339],[-87.6507269,41.925334],[-87.650646,41.9253354],[-87.6505878,41.9253364],[-87.6505652,41.9253368],[-87.6504459,41.9253389],[-87.6503271,41.9253409],[-87.6503162,41.9253411],[-87.6502462,41.9253423],[-87.6502004,41.9253431],[-87.6501648,41.9253438],[-87.650111,41.9253447],[-87.650084,41.9253452],[-87.6500677,41.9253454],[-87.6500031,41.9253465],[-87.6499753,41.925347],[-87.6499738,41.925347],[-87.6499713,41.9252624]]]},"properties":{"id":"HD-18","name":"McCormick Row House","designationDate":"1977-05-04","nationalRegister":"Not Listed","source":"data.cityofchicago.org/d/zidz-sdfj"}},{"type":"Feature","geometry":{"type":"Polygon","coordinates":[[[-87.6644562,41.8782669],[-87.6644543,41.8781988],[-87.6644525,41.8781308],[-87.6644516,41.8780978],[-87.6644497,41.8780265],[-87.6644423,41.8777549],[-87.6644375,41.8775738],[-87.6644283,41.8772309],[-87.6644279,41.8772144],[-87.6646116,41.8772112],[-87.6647035,41.8772095],[-87.6647956,41.8772079],[-87.6648876,41.8772063],[-87.664977,41.8772047],[-87.6649734,41.8770464],[-87.6650627,41.8770448],[-87.6651557,41.8770432],[-87.6652478,41.8770416],[-87.6653399,41.8770399],[-87.6654319,41.8770383],[-87.665524,41.8770366],[-87.6656161,41.877035],[-87.6656775,41.8770339],[-87.665739,41.8770328],[-87.6658005,41.8770317],[-87.6658925,41.87703],[-87.6659322,41.8770294],[-87.6659477,41.8770292],[-87.665947,41.8770049],[-87.6664939,41.8769954],[-87.666861,41.876989],[-87.6668616,41.8770106],[-87.6668646,41.8771166],[-87.6668649,41.8771273],[-87.6668692,41.8772773],[-87.6668765,41.8775305],[-87.6668817,41.8777116],[-87.6668832,41.8777652],[-87.6668848,41.8778188],[-87.6668863,41.8778724],[-87.6668879,41.877926],[-87.6668896,41.8779864],[-87.6668931,41.8781102],[-87.6668966,41.8782338],[-87.6668972,41.878252],[-87.6665301,41.8782581],[-87.6660142,41.8782673],[-87.6659831,41.8782679],[-87.6659834,41.8782775],[-87.6659866,41.8783887],[-87.6659873,41.878415],[-87.6659909,41.8785414],[-87.6665379,41.8785316],[-87.666905,41.878525],[-87.6669067,41.8785834],[-87.666909,41.8786659],[-87.6669098,41.8786934],[-87.666913,41.8788033],[-87.666918,41.878984],[-87.666551,41.8789904],[-87.6662178,41.8789959],[-87.6661439,41.8789971],[-87.66607,41.8789983],[-87.6659962,41.8789995],[-87.6659375,41.8790005],[-87.6658493,41.879002],[-87.6657612,41.8790034],[-87.665673,41.8790048],[-87.6656621,41.8790051],[-87.6655813,41.8790064],[-87.6654894,41.8790079],[-87.6653985,41.8790094],[-87.6653069,41.8790109],[-87.665214,41.8790124],[-87.6651222,41.8790139],[-87.6650305,41.8790154],[-87.6649386,41.879017],[-87.6648505,41.8790184],[-87.6647624,41.8790199],[-87.6646742,41.8790213],[-87.6645861,41.8790228],[-87.6644767,41.8790246],[-87.664234,41.879029],[-87.6642295,41.8788474],[-87.6642202,41.8785045],[-87.6642198,41.8784881],[-87.6642194,41.8784716],[-87.6642175,41.8784015],[-87.6642163,41.8783567],[-87.6642154,41.8783232],[-87.6644576,41.878318],[-87.6644562,41.8782669]]]},"properties":{"id":"HD-14","name":"Jackson Boulevard","designationDate":"1977-07-30","nationalRegister":"Not Listed","source":"data.cityofchicago.org/d/zidz-sdfj"}},{"type":"Feature","geometry":{"type":"Polygon","coordinates":[[[-87.6466478,41.9596561],[-87.6466475,41.9596529],[-87.6466474,41.9596512],[-87.6466473,41.9596496],[-87.646647,41.9596453],[-87.6466467,41.9596423],[-87.6466464,41.9596376],[-87.6466462,41.959635],[-87.646646,41.9596333],[-87.6466456,41.9596277],[-87.646645,41.9596203],[-87.6466449,41.9596194],[-87.6466443,41.959613],[-87.646644,41.9596088],[-87.6466437,41.9596057],[-87.646643,41.9595984],[-87.6466428,41.9595966],[-87.6466423,41.9595911],[-87.646642,41.9595883],[-87.6466416,41.9595838],[-87.6466408,41.9595765],[-87.64664,41.9595692],[-87.6466397,41.9595673],[-87.6466391,41.9595619],[-87.6466383,41.9595547],[-87.6466373,41.9595474],[-87.6466364,41.9595401],[-87.6466355,41.9595327],[-87.6466345,41.9595255],[-87.6466334,41.9595182],[-87.6466324,41.9595109],[-87.6466313,41.9595036],[-87.6466302,41.9594963],[-87.6466291,41.9594891],[-87.646628,41.9594818],[-87.6466279,41.9594813],[-87.6466268,41.9594745],[-87.6466255,41.9594673],[-87.6466247,41.9594623],[-87.6466243,41.95946],[-87.646623,41.9594528],[-87.6466228,41.9594516],[-87.6466217,41.9594455],[-87.646621,41.9594417],[-87.6466204,41.9594382],[-87.646619,41.959431],[-87.6466188,41.9594301],[-87.6466176,41.9594237],[-87.6466165,41.9594177],[-87.6466162,41.9594165],[-87.6466158,41.9594145],[-87.6466148,41.9594092],[-87.6466138,41.9594049],[-87.6466132,41.959402],[-87.6466124,41.9593981],[-87.6466118,41.9593947],[-87.6466113,41.9593926],[-87.6466102,41.9593875],[-87.6466095,41.9593841],[-87.6466087,41.9593803],[-87.6466074,41.9593745],[-87.6466071,41.9593731],[-87.6466055,41.9593658],[-87.6466043,41.9593609],[-87.6466038,41.9593586],[-87.6466021,41.9593514],[-87.6466019,41.9593505],[-87.6466004,41.9593442],[-87.6465995,41.9593405],[-87.6465986,41.959337],[-87.6465969,41.9593298],[-87.6465966,41.9593287],[-87.646595,41.9593226],[-87.646595,41.9593222],[-87.6465948,41.9593216],[-87.6465941,41.9593187],[-87.6465884,41.9592964],[-87.6465825,41.959273],[-87.646582,41.9592711],[-87.6465756,41.959246],[-87.646571,41.9592284],[-87.6465691,41.9592207],[-87.6465668,41.9592119],[-87.6465626,41.9591955],[-87.646556,41.9591703],[-87.6465549,41.9591661],[-87.6465494,41.9591451],[-87.6465442,41.959125],[-87.6465429,41.9591199],[-87.6465412,41.9591135],[-87.6465362,41.9590947],[-87.646533,41.9590826],[-87.6465296,41.9590695],[-87.6465229,41.9590443],[-87.6465195,41.9590316],[-87.6465162,41.9590191],[-87.6465145,41.9590128],[-87.6465095,41.958994],[-87.6465061,41.9589813],[-87.646506,41.958981],[-87.6465901,41.9589803],[-87.6467515,41.9589787],[-87.6469616,41.9589762],[-87.6471317,41.9589743],[-87.6471952,41.9589735],[-87.6472603,41.9589728],[-87.6473027,41.9589723],[-87.6473157,41.9589721],[-87.6473706,41.9589715],[-87.647481,41.9589701],[-87.6474932,41.95897],[-87.6474993,41.9589699],[-87.6475913,41.9589688],[-87.6476832,41.9589677],[-87.6477004,41.9589675],[-87.6477198,41.9589673],[-87.6477444,41.958967],[-87.6477752,41.9589666],[-87.6478672,41.9589655],[-87.6479444,41.9589646],[-87.6479505,41.9589645],[-87.6479591,41.9589644],[-87.6480511,41.9589633],[-87.648143,41.9589622],[-87.6482349,41.9589611],[-87.6483269,41.95896],[-87.648343,41.9589598],[-87.6484189,41.9589589],[-87.6486026,41.9589567],[-87.6486946,41.9589556],[-87.6487402,41.958955],[-87.6487866,41.9589544],[-87.6488785,41.9589533],[-87.6489704,41.9589522],[-87.6490624,41.9589511],[-87.649156,41.95895],[-87.6492214,41.9589492],[-87.6492461,41.9589489],[-87.6493381,41.9589478],[-87.6493478,41.9589477],[-87.649376,41.9589474],[-87.6494085,41.958947],[-87.64943,41.9589467],[-87.6495226,41.9589457],[-87.6496029,41.9589447],[-87.6497058,41.9589435],[-87.6497058,41.958943],[-87.6497017,41.958813],[-87.6496944,41.9585812],[-87.6496915,41.9584894],[-87.649689,41.9584],[-87.6498122,41.9583985],[-87.6499315,41.958397],[-87.6499315,41.9583974],[-87.6502075,41.958394],[-87.6502133,41.9583939],[-87.6503915,41.9583917],[-87.6504711,41.9583907],[-87.6505755,41.9583894],[-87.6505976,41.9583892],[-87.6507595,41.9583871],[-87.650825,41.9583863],[-87.6509436,41.9583848],[-87.6509986,41.9583841],[-87.6511276,41.9583825],[-87.6512195,41.9583814],[-87.6512909,41.9583804],[-87.6513959,41.9583791],[-87.651416,41.9583789],[-87.6514551,41.9584669],[-87.651496,41.9585591],[-87.6517069,41.9590344],[-87.6517358,41.9590994],[-87.6517662,41.9591678],[-87.6518242,41.9592986],[-87.6521749,41.9591738],[-87.652365,41.9591062],[-87.6523709,41.9591154],[-87.6524124,41.9591806],[-87.6524412,41.9592257],[-87.6524439,41.95923],[-87.6524466,41.9592342],[-87.6524558,41.9592487],[-87.6524624,41.959259],[-87.6518924,41.9594522],[-87.6519402,41.9595599],[-87.6519554,41.9595941],[-87.6519825,41.959655],[-87.6518558,41.9596565],[-87.6517282,41.959658],[-87.65172,41.9596581],[-87.6512869,41.9596632],[-87.6511864,41.9596644],[-87.6510737,41.9596658],[-87.6509929,41.9596667],[-87.6506325,41.959671],[-87.6506279,41.9596711],[-87.6505223,41.9596723],[-87.6504456,41.9596733],[-87.6503384,41.9596745],[-87.6501546,41.9596767],[-87.649971,41.9596789],[-87.6499709,41.9596789],[-87.6498513,41.9596763],[-87.6497281,41.9596737],[-87.649544,41.9596765],[-87.6494359,41.9596782],[-87.64936,41.9596794],[-87.6491759,41.9596822],[-87.6491588,41.9596825],[-87.6491391,41.9596828],[-87.6490099,41.9596848],[-87.6489918,41.9596851],[-87.6489254,41.9596861],[-87.6488078,41.9596879],[-87.6486238,41.9596908],[-87.6484507,41.9596935],[-87.6484397,41.9596937],[-87.6482557,41.9596965],[-87.6481535,41.9596981],[-87.6480716,41.9596994],[-87.6479181,41.9597018],[-87.6479026,41.959702],[-87.6479006,41.959702],[-87.6478876,41.9597023],[-87.6477036,41.9597051],[-87.6475669,41.9597073],[-87.6475195,41.959708],[-87.6473355,41.9597109],[-87.6471514,41.9597137],[-87.6468958,41.9597177],[-87.6467371,41.95972],[-87.6466531,41.959721],[-87.6466509,41.9596885],[-87.6466499,41.9596749],[-87.6466495,41.9596721],[-87.6466492,41.9596697],[-87.6466491,41.9596689],[-87.646649,41.9596675],[-87.6466488,41.9596657],[-87.6466486,41.9596645],[-87.6466484,41.9596625],[-87.646648,41.9596593],[-87.646648,41.9596584],[-87.6466478,41.9596561]]]},"properties":{"id":"HD-13","name":"Hutchinson Street","designationDate":"1977-08-31","nationalRegister":"Listed","source":"data.cityofchicago.org/d/zidz-sdfj"}},{"type":"Feature","geometry":{"type":"Polygon","coordinates":[[[-87.6426091,41.9223443],[-87.6426298,41.922344],[-87.6426308,41.9223772],[-87.6426311,41.922385],[-87.642642,41.9227278],[-87.6427304,41.9227268],[-87.6428188,41.9227258],[-87.6429072,41.9227248],[-87.6429957,41.9227238],[-87.6430842,41.9227227],[-87.6431731,41.9227217],[-87.6432277,41.9227211],[-87.6432318,41.922721],[-87.643271,41.9227206],[-87.643689,41.9227158],[-87.6436892,41.9227158],[-87.6436871,41.9226491],[-87.6436853,41.9225906],[-87.643685,41.9225825],[-87.6436834,41.922533],[-87.6438081,41.9225309],[-87.6439259,41.9225294],[-87.6440793,41.9225271],[-87.6441646,41.9225258],[-87.6441648,41.922526],[-87.6441795,41.9225506],[-87.6442053,41.9225938],[-87.6442054,41.9225938],[-87.6442065,41.9225929],[-87.644212,41.9225887],[-87.644229,41.9226171],[-87.6442527,41.9226567],[-87.6442631,41.9226742],[-87.6442934,41.9227248],[-87.6442934,41.9227248],[-87.6442942,41.9227241],[-87.6443076,41.9227137],[-87.6443238,41.9227408],[-87.644361,41.922803],[-87.6443622,41.9228051],[-87.6443643,41.9228085],[-87.6443658,41.9228111],[-87.6444049,41.9228763],[-87.644449,41.9229502],[-87.6444895,41.9230179],[-87.6445133,41.9230576],[-87.64453,41.9230856],[-87.6445435,41.9231081],[-87.6445706,41.9231534],[-87.6446111,41.9232212],[-87.6446128,41.9232239],[-87.6446182,41.923233],[-87.6446183,41.9232331],[-87.6447255,41.9232315],[-87.6448555,41.9232295],[-87.6449392,41.9232282],[-87.6449595,41.9232279],[-87.6449597,41.923228],[-87.6449729,41.9232374],[-87.6450054,41.9232606],[-87.6450395,41.9232849],[-87.6450751,41.9233103],[-87.6451061,41.9233324],[-87.6451726,41.9233799],[-87.645233,41.9234231],[-87.6452518,41.9234365],[-87.6452995,41.9234705],[-87.6453333,41.9234947],[-87.6453694,41.9235204],[-87.6453966,41.9235398],[-87.6454326,41.9235655],[-87.6454466,41.9235754],[-87.6454634,41.9235874],[-87.6457457,41.9235832],[-87.6459806,41.9235796],[-87.6461489,41.9235772],[-87.646273,41.9235751],[-87.646396,41.923573],[-87.6464014,41.923667],[-87.6464067,41.9237618],[-87.6464151,41.9238895],[-87.6464169,41.923968],[-87.6464235,41.9242558],[-87.646425,41.9243244],[-87.6464265,41.924389],[-87.6464296,41.9245255],[-87.6464322,41.9246351],[-87.6464347,41.9247447],[-87.6464372,41.9248544],[-87.6464397,41.924964],[-87.6464418,41.9250567],[-87.6464422,41.9250736],[-87.6464464,41.9252565],[-87.6464498,41.9254026],[-87.64645,41.9254026],[-87.646443,41.9254915],[-87.6464364,41.9255839],[-87.6464423,41.9257533],[-87.6464498,41.9259698],[-87.6464504,41.9259875],[-87.6464514,41.9260138],[-87.6464531,41.9260634],[-87.6462545,41.9260674],[-87.6459235,41.9260724],[-87.6458867,41.9260729],[-87.6457031,41.9260757],[-87.645593,41.9260774],[-87.6454826,41.9260791],[-87.6453725,41.9260808],[-87.6452624,41.9260825],[-87.6451526,41.9260841],[-87.6450332,41.9260859],[-87.644914,41.9260878],[-87.6447855,41.9260897],[-87.6446644,41.9260916],[-87.6445433,41.9260934],[-87.6444185,41.9260953],[-87.6440491,41.926101],[-87.6439706,41.926103],[-87.6439022,41.9261047],[-87.6435323,41.9261111],[-87.64344,41.9261127],[-87.6433479,41.9261142],[-87.6432556,41.9261158],[-87.6431634,41.9261174],[-87.6430139,41.9261199],[-87.6428645,41.9261224],[-87.6425694,41.9261275],[-87.642385,41.9261306],[-87.6422927,41.9261322],[-87.6422005,41.9261337],[-87.6419238,41.9261385],[-87.6418304,41.9261401],[-87.6417517,41.9261428],[-87.6417118,41.9260749],[-87.64171,41.926072],[-87.6417078,41.9260682],[-87.6416608,41.9259881],[-87.6416149,41.9259101],[-87.6415197,41.9257483],[-87.6414945,41.9257053],[-87.6414684,41.9256608],[-87.640759,41.9256725],[-87.640756,41.9255805],[-87.6407527,41.9254915],[-87.6407499,41.9254065],[-87.6407473,41.9253261],[-87.6407424,41.925178],[-87.6408047,41.9251582],[-87.6408302,41.92515],[-87.6408777,41.9251349],[-87.6408171,41.9250343],[-87.6408127,41.9250268],[-87.6407971,41.9250009],[-87.640764,41.924946],[-87.6407639,41.9249459],[-87.6407528,41.9249273],[-87.6407516,41.9249254],[-87.6406935,41.9248289],[-87.6406896,41.9248223],[-87.6406861,41.9248166],[-87.6406772,41.9248018],[-87.6406636,41.9247791],[-87.6406472,41.9247519],[-87.6406205,41.9247076],[-87.6406186,41.9247044],[-87.6406085,41.9246876],[-87.640603,41.9246784],[-87.6406027,41.9246708],[-87.6406022,41.9246529],[-87.6406017,41.9246364],[-87.6406005,41.924598],[-87.6405985,41.9245292],[-87.6405981,41.9245156],[-87.6405972,41.9244846],[-87.640597,41.9244778],[-87.6405937,41.9243784],[-87.6405833,41.9240616],[-87.6405762,41.9238427],[-87.6405684,41.9237515],[-87.6405612,41.9236618],[-87.6404678,41.9236646],[-87.6404602,41.9233329],[-87.6405681,41.9233296],[-87.6406419,41.9233285],[-87.6406602,41.9233282],[-87.6407335,41.9233271],[-87.640762,41.9233267],[-87.640825,41.9233258],[-87.6408251,41.9233258],[-87.6408249,41.9232818],[-87.6408237,41.9232447],[-87.6408143,41.9229559],[-87.6408108,41.9228611],[-87.640808,41.922776],[-87.6407715,41.922775],[-87.6407653,41.9225864],[-87.6407606,41.9224418],[-87.6407606,41.9224418],[-87.6407325,41.9224257],[-87.640669,41.9224266],[-87.6405775,41.9224278],[-87.6405106,41.9224288],[-87.6404862,41.9224291],[-87.6403947,41.9224303],[-87.640349,41.922431],[-87.6403033,41.9224316],[-87.6402119,41.9224329],[-87.6401564,41.9224336],[-87.6401205,41.9224341],[-87.6400291,41.9224354],[-87.6399785,41.9224361],[-87.6399377,41.9224366],[-87.6398463,41.9224379],[-87.6398132,41.9224384],[-87.6397548,41.9224392],[-87.6396635,41.9224405],[-87.6396128,41.9224412],[-87.6396125,41.9224412],[-87.639604,41.9224465],[-87.6395722,41.9224664],[-87.6395841,41.9227899],[-87.639582,41.9228803],[-87.63958,41.922971],[-87.63958,41.922971],[-87.6395797,41.922971],[-87.6395209,41.9229718],[-87.6390971,41.922977],[-87.6388885,41.9229796],[-87.638855,41.92298],[-87.6388528,41.9229207],[-87.6388436,41.9226822],[-87.6388309,41.9223377],[-87.6388204,41.9220524],[-87.6388201,41.9220524],[-87.6386949,41.9220541],[-87.638645,41.9220548],[-87.6386415,41.9219643],[-87.6386383,41.9218738],[-87.6386363,41.9218184],[-87.6386342,41.9217613],[-87.6386337,41.9217472],[-87.6386326,41.9217181],[-87.638632,41.9217032],[-87.638632,41.9217031],[-87.6386319,41.9217007],[-87.6386299,41.9216467],[-87.6386299,41.9216449],[-87.6386291,41.9216245],[-87.6386283,41.9216015],[-87.6386522,41.921586],[-87.6385936,41.9215867],[-87.6385714,41.921587],[-87.6385459,41.9215873],[-87.6385113,41.9215626],[-87.6384919,41.9215487],[-87.6384882,41.9215461],[-87.6384871,41.9215165],[-87.6384857,41.9214785],[-87.6384835,41.9214206],[-87.638483,41.9214073],[-87.6384804,41.9213359],[-87.6384783,41.9212785],[-87.638478,41.9212781],[-87.6384776,41.9212774],[-87.6384712,41.9212668],[-87.638435,41.9212067],[-87.6383989,41.9211466],[-87.6383628,41.9210865],[-87.6383267,41.9210265],[-87.6383247,41.9210231],[-87.6382906,41.9209664],[-87.6382632,41.9209209],[-87.6382544,41.9209063],[-87.6382183,41.9208462],[-87.6381821,41.9207861],[-87.6381461,41.920726],[-87.6381361,41.9207095],[-87.6381099,41.9206659],[-87.6380738,41.920606],[-87.6380376,41.9205458],[-87.6380015,41.9204858],[-87.6379886,41.9204643],[-87.6379654,41.9204257],[-87.6379293,41.9203656],[-87.6378931,41.9203056],[-87.6378585,41.9202479],[-87.6378492,41.920248],[-87.6378397,41.9202481],[-87.637681,41.9202502],[-87.6376771,41.9201612],[-87.6376734,41.9200692],[-87.6376693,41.9199528],[-87.6376654,41.9198415],[-87.6376581,41.9196332],[-87.6376573,41.9196106],[-87.6376547,41.9195338],[-87.6376528,41.919482],[-87.6376513,41.9194381],[-87.6376487,41.9193645],[-87.6376479,41.9193429],[-87.6376447,41.9192517],[-87.6376377,41.9190525],[-87.6376364,41.919016],[-87.6376353,41.9189834],[-87.6376331,41.9189196],[-87.6376329,41.9189143],[-87.6376328,41.9189102],[-87.6376305,41.9188452],[-87.6376284,41.9187871],[-87.637628,41.9187871],[-87.637627,41.918743],[-87.6377099,41.9187421],[-87.6378032,41.9187408],[-87.6378938,41.9187396],[-87.6379755,41.9187386],[-87.63798,41.9187385],[-87.6379847,41.9187385],[-87.6380754,41.9187373],[-87.6380946,41.918737],[-87.6381163,41.9187367],[-87.6381646,41.9187361],[-87.6381661,41.9187361],[-87.6381669,41.918736],[-87.6381847,41.9187358],[-87.6382219,41.9187353],[-87.6382387,41.9187351],[-87.638301,41.918734],[-87.6383017,41.9187535],[-87.638302,41.9187535],[-87.6385355,41.9187505],[-87.6386984,41.9187483],[-87.6388283,41.9187464],[-87.6389409,41.918745],[-87.6389415,41.9187613],[-87.6389422,41.9187816],[-87.638943,41.9188041],[-87.6389446,41.9188475],[-87.6389467,41.9189037],[-87.638947,41.9189133],[-87.6389473,41.9189204],[-87.6389495,41.9189791],[-87.6389519,41.9190449],[-87.6389546,41.9191182],[-87.6389569,41.9191786],[-87.6389584,41.9192205],[-87.6389591,41.9192389],[-87.6389614,41.9193012],[-87.6389711,41.9195654],[-87.6389807,41.9198243],[-87.6389878,41.9200163],[-87.6389891,41.9200519],[-87.639294,41.920048],[-87.6403784,41.9200338],[-87.6404701,41.9200326],[-87.6410085,41.9200255],[-87.6411842,41.9200234],[-87.6413024,41.9200216],[-87.641345,41.920021],[-87.641466,41.9201073],[-87.6415964,41.9202003],[-87.6417992,41.9203453],[-87.6418334,41.9203698],[-87.6418528,41.9203837],[-87.6418606,41.9203893],[-87.641866,41.9203931],[-87.641933,41.9204409],[-87.6419331,41.920441],[-87.6419506,41.9204535],[-87.6419542,41.9205748],[-87.6419587,41.92071],[-87.6419612,41.9207857],[-87.6419632,41.9208477],[-87.6419641,41.9208751],[-87.6419681,41.9209975],[-87.6419699,41.9210534],[-87.6419704,41.9210663],[-87.6419711,41.9210894],[-87.6419713,41.9210941],[-87.6419717,41.9211076],[-87.6419725,41.9211318],[-87.6419732,41.9211535],[-87.6419737,41.9211688],[-87.6419746,41.9211962],[-87.6419789,41.921327],[-87.6419828,41.9214471],[-87.641984,41.9214846],[-87.6419952,41.921827],[-87.6419952,41.9218274],[-87.642087,41.9218262],[-87.6421619,41.9218251],[-87.6421734,41.9219123],[-87.6421763,41.9220061],[-87.6421872,41.92235],[-87.6421872,41.9223501],[-87.6422159,41.9223497],[-87.6422757,41.9223489],[-87.642364,41.9223477],[-87.6423643,41.9223477],[-87.6425671,41.9223449],[-87.6426091,41.9223443]]]},"properties":{"id":"HD-19","name":"Mid North","designationDate":"1977-08-31","nationalRegister":"Not Listed","source":"data.cityofchicago.org/d/zidz-sdfj"}},{"type":"Feature","geometry":{"type":"Polygon","coordinates":[[[-87.6346255,41.9133014],[-87.6346239,41.9132516],[-87.6346227,41.913213],[-87.634622,41.9131916],[-87.6345925,41.913192],[-87.6345782,41.9131922],[-87.6345586,41.9131925],[-87.6345389,41.9131928],[-87.6344718,41.9131938],[-87.6344046,41.9131949],[-87.6343375,41.9131959],[-87.6342707,41.9131969],[-87.6342675,41.9131042],[-87.6342644,41.9130089],[-87.6342632,41.9129758],[-87.634262,41.912893],[-87.634261,41.9128112],[-87.6344671,41.912808],[-87.6346096,41.9128059],[-87.6347616,41.9128036],[-87.6349034,41.9128014],[-87.6352618,41.912796],[-87.6353268,41.912795],[-87.6353248,41.9127319],[-87.6353228,41.9126685],[-87.6353207,41.9126051],[-87.6353186,41.9125416],[-87.6353168,41.9124781],[-87.6357325,41.912472],[-87.6361285,41.9124663],[-87.6361271,41.9124022],[-87.6361269,41.9123906],[-87.6361265,41.9123789],[-87.6361244,41.912315],[-87.636148,41.9123146],[-87.6361472,41.9122871],[-87.6361457,41.912239],[-87.6361443,41.9121942],[-87.6361432,41.9121606],[-87.6361421,41.9121279],[-87.6361407,41.9120822],[-87.6361393,41.9120396],[-87.6361383,41.9120063],[-87.6364563,41.912],[-87.6365648,41.9119979],[-87.6365626,41.9119296],[-87.6365575,41.9117705],[-87.6365564,41.911736],[-87.6366775,41.9117344],[-87.636683,41.9117343],[-87.6367528,41.9117332],[-87.636777,41.9117329],[-87.6367812,41.9117328],[-87.6367989,41.9117325],[-87.6368906,41.911731],[-87.6370037,41.9117293],[-87.6371167,41.9117275],[-87.6371815,41.9117264],[-87.6372298,41.9117257],[-87.6373428,41.9117239],[-87.6373889,41.9117232],[-87.6374578,41.9117221],[-87.637569,41.9117203],[-87.6376113,41.9117197],[-87.637682,41.9117185],[-87.6377944,41.9117168],[-87.6378885,41.9117153],[-87.6379056,41.911715],[-87.6380143,41.9117133],[-87.6380837,41.911712],[-87.6380829,41.9116868],[-87.6384817,41.9116807],[-87.6384796,41.9116117],[-87.6384775,41.9115426],[-87.6384763,41.9115031],[-87.6384753,41.9114736],[-87.638475,41.9114627],[-87.6384747,41.911452],[-87.638717,41.911447],[-87.6391761,41.9114392],[-87.6391912,41.911439],[-87.6392014,41.9114388],[-87.6392995,41.9114372],[-87.6393483,41.9114364],[-87.6393914,41.9114357],[-87.6394337,41.9114351],[-87.6394832,41.9114343],[-87.6395307,41.9114335],[-87.639575,41.9114328],[-87.6396866,41.911431],[-87.639817,41.9114283],[-87.6399291,41.911426],[-87.6399233,41.9112319],[-87.6400791,41.9112296],[-87.6401818,41.911228],[-87.6403016,41.9112263],[-87.6403588,41.9112254],[-87.6403782,41.9112251],[-87.6404444,41.9112241],[-87.640595,41.9112218],[-87.6407416,41.9112197],[-87.6407606,41.9112194],[-87.6408921,41.9112174],[-87.6408974,41.9113697],[-87.6408981,41.9113896],[-87.6408983,41.9113969],[-87.6408997,41.911437],[-87.6410306,41.9114349],[-87.6411422,41.9114335],[-87.6412896,41.9114311],[-87.6414557,41.9114287],[-87.641509,41.9114295],[-87.641566,41.91143],[-87.6418022,41.911427],[-87.6418759,41.9114253],[-87.6420828,41.9114224],[-87.6421147,41.9114219],[-87.6422376,41.9114179],[-87.642357,41.9114141],[-87.6423582,41.9114552],[-87.6423601,41.911522],[-87.642362,41.9115876],[-87.6423621,41.9115916],[-87.6423638,41.9116515],[-87.6423657,41.9117155],[-87.6423663,41.9117391],[-87.6423675,41.9117794],[-87.6423693,41.9118433],[-87.6423705,41.9118838],[-87.6423711,41.9119072],[-87.642373,41.9119712],[-87.6423731,41.9119743],[-87.6423748,41.9120351],[-87.6423766,41.912099],[-87.6423776,41.9121346],[-87.6423784,41.9121629],[-87.6423803,41.9122269],[-87.6423821,41.9122908],[-87.6423827,41.912314],[-87.6423839,41.9123547],[-87.6423858,41.9124187],[-87.6423876,41.9124826],[-87.642389,41.9125302],[-87.6423894,41.9125465],[-87.6423912,41.9126104],[-87.6423931,41.9126743],[-87.6423938,41.9126977],[-87.6423949,41.9127382],[-87.642398,41.9128269],[-87.642401,41.912919],[-87.6422904,41.9129208],[-87.6421584,41.9129228],[-87.6420878,41.9129238],[-87.6420702,41.9129241],[-87.6419821,41.9129255],[-87.6419057,41.9129267],[-87.6418939,41.9129269],[-87.6418894,41.912927],[-87.6418637,41.9129274],[-87.6418057,41.9129283],[-87.641756,41.9129291],[-87.6417176,41.9129297],[-87.6416588,41.9129307],[-87.6413856,41.9129351],[-87.6411939,41.9129382],[-87.6411553,41.9129388],[-87.6410984,41.9129399],[-87.6410936,41.9129401],[-87.6409515,41.912942],[-87.6409557,41.9130792],[-87.6409578,41.9131478],[-87.6409599,41.9132164],[-87.6409605,41.9132356],[-87.6409612,41.9132629],[-87.6409619,41.9132822],[-87.6409619,41.913285],[-87.6406967,41.9132891],[-87.6405069,41.913292],[-87.6404319,41.9132936],[-87.6404339,41.9133585],[-87.640434,41.9133621],[-87.640436,41.9134307],[-87.6404381,41.9134993],[-87.6404386,41.9135153],[-87.640439,41.9135268],[-87.6404393,41.9135385],[-87.6404402,41.9135679],[-87.6404422,41.9136365],[-87.6404433,41.9136722],[-87.6404441,41.9136973],[-87.6404443,41.9137051],[-87.6404463,41.9137737],[-87.6404467,41.9137841],[-87.6404468,41.9137899],[-87.6404473,41.9138065],[-87.6404484,41.9138422],[-87.6404496,41.9138839],[-87.6404499,41.913893],[-87.64045,41.9138958],[-87.6404502,41.9139012],[-87.6404503,41.9139066],[-87.6404507,41.9139176],[-87.640451,41.913928],[-87.640451,41.9139298],[-87.6404474,41.9139331],[-87.6404293,41.9139495],[-87.6404171,41.9139605],[-87.6404008,41.9139753],[-87.6403988,41.9139772],[-87.640346,41.914027],[-87.640257,41.9140287],[-87.6401493,41.9140307],[-87.6400726,41.9140321],[-87.640011,41.9140332],[-87.6398956,41.9140354],[-87.6397686,41.9140377],[-87.6395371,41.914042],[-87.6395392,41.9141106],[-87.6395412,41.9141791],[-87.6395434,41.9142477],[-87.6395455,41.9143163],[-87.6395467,41.9143551],[-87.6395476,41.9143849],[-87.6395497,41.9144534],[-87.6395528,41.9145542],[-87.6395542,41.9146],[-87.639558,41.914726],[-87.6394472,41.9147268],[-87.6388228,41.9147296],[-87.6388238,41.9147662],[-87.638824,41.9147735],[-87.6388243,41.9147846],[-87.6388258,41.9148394],[-87.6388275,41.9149025],[-87.6388285,41.9149384],[-87.6388293,41.9149657],[-87.638831,41.9150287],[-87.6388311,41.9150326],[-87.6388317,41.915053],[-87.6387158,41.9150549],[-87.6385893,41.9150567],[-87.63849,41.9150583],[-87.6384345,41.9150591],[-87.6383988,41.9150597],[-87.6383364,41.9150607],[-87.6381971,41.9150629],[-87.6381316,41.9150639],[-87.638127,41.915064],[-87.6381271,41.9150668],[-87.6381277,41.9150879],[-87.638128,41.9151],[-87.6381283,41.9151132],[-87.6381287,41.9151252],[-87.6381288,41.9151303],[-87.6381299,41.915169],[-87.6381307,41.9151967],[-87.6381314,41.9152226],[-87.6381325,41.915263],[-87.6381326,41.9152667],[-87.6381327,41.9152685],[-87.6381335,41.9152986],[-87.6381343,41.9153293],[-87.6381354,41.915368],[-87.6381362,41.9153957],[-87.638138,41.915462],[-87.6381382,41.9154675],[-87.6381388,41.9154921],[-87.6381398,41.9155283],[-87.6381408,41.915567],[-87.6381416,41.9155946],[-87.6381424,41.9156225],[-87.6381435,41.9156609],[-87.6381436,41.9156638],[-87.6381437,41.9156664],[-87.6381445,41.9156968],[-87.6381453,41.9157273],[-87.6381464,41.9157659],[-87.6381471,41.9157936],[-87.6381489,41.9158569],[-87.638149,41.9158601],[-87.6381491,41.9158654],[-87.6381498,41.9158908],[-87.6381508,41.9159262],[-87.6381518,41.9159608],[-87.6381526,41.9159926],[-87.6381539,41.9160374],[-87.6381541,41.9160456],[-87.6381004,41.9160966],[-87.638036,41.9161578],[-87.6380224,41.916158],[-87.6380098,41.9161582],[-87.6379828,41.9161586],[-87.6379176,41.9161596],[-87.6378354,41.9161609],[-87.6378255,41.9161611],[-87.6378154,41.9161612],[-87.6377333,41.9161625],[-87.6376411,41.916164],[-87.6376428,41.9162365],[-87.6376475,41.9164384],[-87.637653,41.916528],[-87.637658,41.916619],[-87.6376228,41.9166192],[-87.6374747,41.9166205],[-87.6374066,41.916621],[-87.6373151,41.9166216],[-87.6371688,41.9166226],[-87.6367332,41.9166254],[-87.6366245,41.9166262],[-87.6364389,41.9166363],[-87.6363205,41.9166428],[-87.6361906,41.9166497],[-87.6361123,41.916651],[-87.6360217,41.9166525],[-87.6359369,41.9166539],[-87.6359311,41.916654],[-87.6359252,41.9166541],[-87.6358404,41.9166555],[-87.635745,41.9166571],[-87.6356703,41.9166584],[-87.6356054,41.9166594],[-87.63555,41.9166604],[-87.6355219,41.9166608],[-87.6354641,41.916567],[-87.6354113,41.9164814],[-87.635399,41.9164613],[-87.6353669,41.9164091],[-87.6353435,41.916371],[-87.6353302,41.9163493],[-87.6352935,41.9162896],[-87.6352639,41.9162415],[-87.635251,41.9162205],[-87.6352086,41.9161514],[-87.6352059,41.916147],[-87.6352364,41.9161236],[-87.6353521,41.9160345],[-87.6353841,41.9160099],[-87.6353629,41.9159942],[-87.6353315,41.9159715],[-87.6352681,41.9159255],[-87.6352657,41.9159237],[-87.6352503,41.9159126],[-87.6351998,41.915876],[-87.6350208,41.9157462],[-87.6349975,41.9157293],[-87.6349883,41.9157226],[-87.6348471,41.9156203],[-87.6348148,41.9155969],[-87.6347827,41.9155736],[-87.634723,41.915531],[-87.6347214,41.915482],[-87.634719,41.9154082],[-87.6347136,41.9152409],[-87.6347116,41.9151762],[-87.6347105,41.9151428],[-87.6347095,41.9151116],[-87.6347074,41.9150469],[-87.6347011,41.9148529],[-87.6346859,41.9148089],[-87.6346728,41.914771],[-87.6346708,41.9147109],[-87.6346692,41.9146608],[-87.634667,41.9145917],[-87.6346661,41.9145641],[-87.6346648,41.9145227],[-87.6346639,41.9144949],[-87.6346632,41.9144728],[-87.6346604,41.9143844],[-87.6346582,41.9143159],[-87.6346568,41.9142739],[-87.6346552,41.9142254],[-87.6346541,41.9141909],[-87.6346515,41.9141095],[-87.6346509,41.914092],[-87.6346494,41.9140449],[-87.6346461,41.9139393],[-87.6346434,41.9138555],[-87.634641,41.9137827],[-87.634636,41.9136275],[-87.6346356,41.9136146],[-87.6346338,41.9135584],[-87.6346331,41.9135355],[-87.6346323,41.9135114],[-87.634632,41.9135035],[-87.6346316,41.9134893],[-87.6346279,41.9133743],[-87.6346271,41.9133511],[-87.6346269,41.913343],[-87.6346255,41.9133014]]]},"properties":{"id":"HD-25","name":"Old Town Triangle","designationDate":"1977-09-28","nationalRegister":"Listed","source":"data.cityofchicago.org/d/zidz-sdfj"}},{"type":"Feature","geometry":{"type":"Polygon","coordinates":[[[-87.6037248,41.807656],[-87.6037289,41.8078361],[-87.6032815,41.807841],[-87.6032228,41.8078416],[-87.6031339,41.8078425],[-87.6030633,41.8078433],[-87.6029926,41.8078441],[-87.6028722,41.8078454],[-87.6026669,41.8078476],[-87.6025681,41.8078487],[-87.602489,41.8078496],[-87.6024097,41.8078505],[-87.6023171,41.8078515],[-87.6022584,41.8078521],[-87.6019543,41.8078555],[-87.6018102,41.807857],[-87.6018126,41.8079868],[-87.6018153,41.808124],[-87.601818,41.8082611],[-87.6018207,41.8083983],[-87.6018233,41.8085355],[-87.6018249,41.8086201],[-87.6018266,41.8087048],[-87.6018282,41.8087894],[-87.6018299,41.8088741],[-87.6018316,41.8089587],[-87.6018324,41.8090009],[-87.601539,41.8090101],[-87.6013695,41.8090121],[-87.6013557,41.8090123],[-87.6011723,41.8090144],[-87.6009889,41.8090166],[-87.6008056,41.8090187],[-87.6006222,41.8090209],[-87.6004737,41.8090226],[-87.6002994,41.8090247],[-87.6001161,41.8090268],[-87.5999327,41.809029],[-87.5997493,41.8090311],[-87.599566,41.8090333],[-87.599375,41.8090355],[-87.5993779,41.8092001],[-87.5993801,41.8093236],[-87.599138,41.8093247],[-87.5987286,41.809326],[-87.5987257,41.8091577],[-87.5986156,41.8091589],[-87.598524,41.80916],[-87.5985193,41.8088993],[-87.5983972,41.8089007],[-87.5983213,41.8089016],[-87.5980356,41.808905],[-87.5980368,41.8089725],[-87.5977727,41.8089755],[-87.597406,41.8089798],[-87.5974113,41.8092745],[-87.5974124,41.8093393],[-87.5969539,41.8093447],[-87.5969527,41.8092799],[-87.5969473,41.8089852],[-87.5969461,41.8089177],[-87.5969451,41.808861],[-87.596703,41.8088621],[-87.5965772,41.8088634],[-87.5965038,41.8088642],[-87.5964305,41.808865],[-87.5963571,41.8088658],[-87.5962837,41.8088665],[-87.5962104,41.8088673],[-87.596137,41.8088681],[-87.5960636,41.8088689],[-87.5960134,41.8088694],[-87.5959903,41.8088697],[-87.5959829,41.8088697],[-87.5958226,41.8088714],[-87.5958216,41.8088165],[-87.5953232,41.8088218],[-87.595322,41.8087533],[-87.5950799,41.8087562],[-87.594634,41.8087616],[-87.5942821,41.8087658],[-87.5942818,41.8087307],[-87.5940302,41.8087327],[-87.59403,41.8087224],[-87.5939628,41.8087226],[-87.5939193,41.8087234],[-87.5937491,41.8087253],[-87.593749,41.8086727],[-87.5936824,41.808677],[-87.5936836,41.8088276],[-87.5936432,41.8088281],[-87.5932141,41.8088334],[-87.5931958,41.8088337],[-87.5931773,41.8088339],[-87.5931755,41.8086418],[-87.5931741,41.8085046],[-87.5931731,41.8084058],[-87.593172,41.8082988],[-87.5929996,41.8083009],[-87.5929886,41.808301],[-87.5928272,41.8083029],[-87.5926547,41.8083049],[-87.5926032,41.8082918],[-87.5926025,41.8082232],[-87.5926018,41.8081546],[-87.5926012,41.808086],[-87.5925999,41.8079625],[-87.5920762,41.8079678],[-87.5920696,41.8077878],[-87.5920658,41.807582],[-87.592062,41.8073762],[-87.5920545,41.806963],[-87.5920533,41.8069026],[-87.5920507,41.8067572],[-87.5920494,41.8066885],[-87.5920433,41.8063565],[-87.5920395,41.8061507],[-87.592036,41.80597],[-87.5917941,41.8059725],[-87.591244,41.8059789],[-87.5906904,41.8059854],[-87.5906881,41.8058592],[-87.5906856,41.8057221],[-87.5906849,41.8056818],[-87.5912384,41.8056752],[-87.5912367,41.8055783],[-87.5912366,41.8055742],[-87.5912361,41.8055522],[-87.5912344,41.805459],[-87.5912341,41.8054411],[-87.5912316,41.805304],[-87.5912291,41.8051668],[-87.5912266,41.8050295],[-87.5912241,41.8048924],[-87.5912232,41.8048466],[-87.5912228,41.8048238],[-87.5912224,41.8048008],[-87.5912216,41.8047551],[-87.5912191,41.804618],[-87.5912166,41.8044807],[-87.591214,41.8043387],[-87.5912106,41.8041575],[-87.5912084,41.8040368],[-87.5912077,41.8040005],[-87.5912061,41.8039128],[-87.5912059,41.803899],[-87.5912052,41.8038634],[-87.5912033,41.8037618],[-87.5912008,41.8036246],[-87.5911983,41.8034875],[-87.5906507,41.8034952],[-87.5906493,41.8034347],[-87.590648,41.8033764],[-87.5906466,41.8033181],[-87.5906453,41.8032598],[-87.5906439,41.8032015],[-87.5906426,41.8031432],[-87.5906413,41.8030827],[-87.5906392,41.8029922],[-87.591189,41.802985],[-87.5911882,41.802937],[-87.5917383,41.8029299],[-87.5917358,41.8027927],[-87.5917332,41.8026554],[-87.5917314,41.8025568],[-87.5919735,41.8025549],[-87.5920652,41.8025538],[-87.5921569,41.8025528],[-87.5922485,41.8025516],[-87.5923402,41.8025506],[-87.5924319,41.8025495],[-87.5925236,41.8025484],[-87.5926153,41.8025473],[-87.5927067,41.8025463],[-87.5927984,41.8025451],[-87.5928901,41.8025441],[-87.5929818,41.802543],[-87.5930735,41.8025419],[-87.5931652,41.8025408],[-87.5932569,41.8025397],[-87.5933486,41.8025386],[-87.5934403,41.8025375],[-87.593532,41.8025365],[-87.5936237,41.8025354],[-87.5936695,41.8025348],[-87.5937154,41.8025343],[-87.5938071,41.8025332],[-87.5938988,41.8025321],[-87.5939903,41.802531],[-87.594082,41.80253],[-87.5941737,41.8025289],[-87.5942654,41.8025278],[-87.5943112,41.8025272],[-87.5943571,41.8025267],[-87.5944488,41.8025256],[-87.5945405,41.8025245],[-87.5946323,41.8025234],[-87.594724,41.8025224],[-87.5948157,41.8025212],[-87.5949073,41.8025202],[-87.5950045,41.802519],[-87.5950077,41.802519],[-87.595096,41.8025179],[-87.5951879,41.8025168],[-87.5952796,41.8025158],[-87.5953713,41.8025147],[-87.5954629,41.8025136],[-87.5955546,41.8025125],[-87.5956463,41.8025114],[-87.5957379,41.8025103],[-87.5958296,41.8025092],[-87.5959212,41.8025082],[-87.5960129,41.802507],[-87.5961046,41.802506],[-87.5961963,41.8025049],[-87.5962879,41.8025038],[-87.5963796,41.8025027],[-87.5964713,41.8025016],[-87.5965868,41.8025002],[-87.5968288,41.8024977],[-87.5972835,41.802493],[-87.5979225,41.8024862],[-87.5980981,41.8024844],[-87.5982814,41.8024825],[-87.5983076,41.8024822],[-87.5984647,41.8024805],[-87.5986481,41.8024786],[-87.5988314,41.8024767],[-87.5990147,41.8024748],[-87.5992567,41.8024723],[-87.5998092,41.8024665],[-87.5999925,41.8024646],[-87.6000415,41.8024641],[-87.6001576,41.8024628],[-87.6002492,41.8024619],[-87.6003225,41.8024611],[-87.6004547,41.8024597],[-87.6004875,41.8024593],[-87.6006489,41.8024576],[-87.6006599,41.8024575],[-87.6008139,41.8024559],[-87.6008653,41.8024554],[-87.6012913,41.8024509],[-87.6014154,41.8024496],[-87.6017088,41.8024465],[-87.6020755,41.8024427],[-87.6024423,41.8024388],[-87.6024454,41.8026081],[-87.6024484,41.8027728],[-87.602451,41.8029103],[-87.602524,41.8029095],[-87.6025251,41.8029629],[-87.6025257,41.8029915],[-87.6025263,41.8030208],[-87.6025268,41.8030459],[-87.6025273,41.8030704],[-87.6025279,41.8030988],[-87.6025284,41.8031224],[-87.6025289,41.8031503],[-87.6025296,41.803181],[-87.6025301,41.8032071],[-87.6025302,41.8032089],[-87.6025306,41.8032327],[-87.6025307,41.8032373],[-87.6025311,41.803255],[-87.6025316,41.8032801],[-87.6025321,41.8033052],[-87.6025327,41.8033331],[-87.6025332,41.8033582],[-87.6025335,41.8033745],[-87.602535,41.8034184],[-87.6026663,41.8034169],[-87.6028458,41.8034149],[-87.6028583,41.804025],[-87.6028645,41.8042061],[-87.602847,41.8042063],[-87.602682,41.8042082],[-87.6025995,41.8042091],[-87.602517,41.8042101],[-87.602352,41.8042119],[-87.6022933,41.8042136],[-87.6022957,41.8043467],[-87.602297,41.8044154],[-87.6022983,41.8044838],[-87.6022995,41.8045526],[-87.6023011,41.8046322],[-87.6023025,41.8047118],[-87.6023036,41.8047694],[-87.6023047,41.804827],[-87.602306,41.8048956],[-87.6023073,41.8049642],[-87.6023085,41.8050328],[-87.6023093,41.805074],[-87.6023679,41.8050732],[-87.6025329,41.8050712],[-87.6025512,41.805071],[-87.6026888,41.8050694],[-87.602698,41.8050693],[-87.6028629,41.8050674],[-87.6028774,41.8058453],[-87.6029506,41.8058435],[-87.603684,41.805835],[-87.6036881,41.8060171],[-87.6036942,41.8062915],[-87.6037004,41.8065659],[-87.6037066,41.8068403],[-87.6027079,41.8068519],[-87.602714,41.8071237],[-87.602717,41.8072609],[-87.602718,41.8073048],[-87.6037167,41.8072938],[-87.6037208,41.8074749],[-87.6037248,41.807656]]]},"properties":{"id":"HD-16","name":"Kenwood","designationDate":"1979-06-29","nationalRegister":"Pending","source":"data.cityofchicago.org/d/zidz-sdfj"}},{"type":"Feature","geometry":{"type":"Polygon","coordinates":[[[-87.6206518,41.8580149],[-87.6200907,41.8580226],[-87.6200896,41.8578415],[-87.6200846,41.8576056],[-87.6200819,41.8574794],[-87.6202681,41.8574768],[-87.6204541,41.8574742],[-87.6206403,41.8574717],[-87.6206398,41.857447],[-87.6206383,41.8573811],[-87.620637,41.8573153],[-87.6206356,41.8572495],[-87.6206342,41.8571836],[-87.6206326,41.8571094],[-87.6206308,41.8570244],[-87.620629,41.8569393],[-87.6206258,41.8567885],[-87.6206238,41.8566952],[-87.620623,41.8566595],[-87.6206221,41.8566129],[-87.6206188,41.8564605],[-87.6206156,41.8563083],[-87.6206144,41.8562548],[-87.6199612,41.8562639],[-87.6199245,41.8562644],[-87.6198879,41.8562648],[-87.6198858,41.8561659],[-87.6198836,41.856055],[-87.619957,41.8560546],[-87.6206101,41.8560468],[-87.6206071,41.8559064],[-87.6206042,41.8557711],[-87.6206027,41.8556997],[-87.6206011,41.855627],[-87.620597,41.855446],[-87.6208395,41.8554426],[-87.6214918,41.8554336],[-87.6214888,41.8552965],[-87.6214865,41.855191],[-87.6215599,41.8551898],[-87.6216405,41.8551887],[-87.6217212,41.8551876],[-87.6217837,41.8551867],[-87.6218023,41.8552002],[-87.6218075,41.8554293],[-87.621812,41.8556103],[-87.6215674,41.8556137],[-87.6214939,41.8556147],[-87.6208434,41.8556237],[-87.6208449,41.8556962],[-87.6208547,41.8561574],[-87.6208564,41.8562338],[-87.6208579,41.8563102],[-87.6208594,41.8563788],[-87.6208609,41.8564474],[-87.6208623,41.856516],[-87.6208638,41.8565846],[-87.6215079,41.8565758],[-87.6215072,41.856541],[-87.6215953,41.8565403],[-87.6221164,41.8565331],[-87.6224836,41.856533],[-87.6224842,41.8565595],[-87.6224851,41.8566016],[-87.6224857,41.8566286],[-87.6224872,41.8566976],[-87.6224887,41.8567665],[-87.6224896,41.8568084],[-87.6224903,41.8568355],[-87.622492,41.8569159],[-87.6224991,41.8572371],[-87.6225033,41.8574238],[-87.622505,41.8575008],[-87.622506,41.8575446],[-87.6225072,41.8575986],[-87.6225083,41.8576507],[-87.6225095,41.8577021],[-87.6225107,41.8577542],[-87.6225118,41.8578082],[-87.622516,41.857989],[-87.6221488,41.8579943],[-87.6216204,41.8580016],[-87.6216204,41.8580017],[-87.621547,41.8580026],[-87.620894,41.8580116],[-87.6206518,41.8580149]]]},"properties":{"id":"HD-36","name":"Prairie Avenue","designationDate":"1979-12-27","nationalRegister":"Listed","source":"data.cityofchicago.org/d/zidz-sdfj"}},{"type":"Feature","geometry":{"type":"Polygon","coordinates":[[[-87.6247814,41.8968059],[-87.6247975,41.8975391],[-87.6218894,41.8975707],[-87.6218754,41.8968376],[-87.6247814,41.8968059]]]},"properties":{"id":"HD-54","name":"Old Chicago Water Tower Extension","designationDate":"1981-06-10","nationalRegister":"Unknown","source":"data.cityofchicago.org/d/zidz-sdfj"}},{"type":"Feature","geometry":{"type":"Polygon","coordinates":[[[-87.662769,41.703516],[-87.6628569,41.7035146],[-87.6629155,41.7035137],[-87.6630907,41.7035109],[-87.6630981,41.7035107],[-87.6632808,41.7035079],[-87.663372,41.7035064],[-87.6634636,41.7035049],[-87.6636463,41.703502],[-87.6637379,41.7035005],[-87.6638291,41.703499],[-87.6640118,41.7034961],[-87.6641946,41.7034932],[-87.664208,41.703493],[-87.6643284,41.7034911],[-87.6643728,41.7034903],[-87.6643832,41.7034902],[-87.6644562,41.703489],[-87.6645266,41.7034879],[-87.6645364,41.7034877],[-87.6645947,41.7034868],[-87.6647683,41.703484],[-87.6647771,41.7034839],[-87.6649514,41.7034811],[-87.6649594,41.703481],[-87.6649879,41.7034805],[-87.6651344,41.7034781],[-87.6651418,41.703478],[-87.6653175,41.7034752],[-87.6653241,41.7034751],[-87.6654609,41.7034729],[-87.6655005,41.7034723],[-87.6655065,41.7034722],[-87.6655977,41.7034707],[-87.6656836,41.7034694],[-87.6657344,41.7034686],[-87.6658667,41.7034664],[-87.6658712,41.7034663],[-87.6659952,41.7034644],[-87.6660497,41.7034635],[-87.6661192,41.7034624],[-87.6662328,41.7034605],[-87.6662359,41.7034605],[-87.6662432,41.7034604],[-87.6663672,41.7034584],[-87.6664158,41.7034576],[-87.6664912,41.7034564],[-87.6665696,41.7034551],[-87.6666007,41.7034547],[-87.6666152,41.7034544],[-87.6667234,41.7034527],[-87.6667392,41.7034524],[-87.6668765,41.7034502],[-87.6671441,41.7034551],[-87.6671482,41.7035934],[-87.6671524,41.7037316],[-87.6671566,41.7038699],[-87.6671579,41.7039138],[-87.667162,41.7040496],[-87.6671664,41.7041962],[-87.6671705,41.704332],[-87.6671712,41.704356],[-87.666904,41.7043599],[-87.6667497,41.7043623],[-87.6666249,41.7043642],[-87.6665956,41.7043647],[-87.6664414,41.7043671],[-87.6662578,41.7043699],[-87.6660742,41.7043728],[-87.6659457,41.7043748],[-87.6658976,41.7043756],[-87.6658907,41.7043757],[-87.6657146,41.7043785],[-87.6657214,41.7046048],[-87.6655385,41.7046076],[-87.6653555,41.7046106],[-87.6651725,41.7046135],[-87.6651657,41.704387],[-87.6651564,41.7043872],[-87.6650975,41.7043881],[-87.6649827,41.7043899],[-87.6649895,41.7046164],[-87.6649208,41.7046175],[-87.6648065,41.7046193],[-87.6647373,41.7046204],[-87.6647305,41.7043938],[-87.664547,41.7043967],[-87.6645538,41.7046233],[-87.6644406,41.7046251],[-87.6643995,41.7046258],[-87.6642577,41.704628],[-87.6642159,41.7046287],[-87.6640747,41.7046309],[-87.6640324,41.7046316],[-87.6638917,41.7046338],[-87.6638489,41.7046345],[-87.663842,41.7044078],[-87.6636585,41.7044106],[-87.6636653,41.7046374],[-87.6635257,41.7046396],[-87.6634817,41.7046404],[-87.6632931,41.7046433],[-87.6631098,41.7046463],[-87.662922,41.7046492],[-87.6629192,41.7045596],[-87.6629151,41.7044222],[-87.6627408,41.7044249],[-87.6622295,41.7044329],[-87.6622175,41.7044331],[-87.661924,41.704434],[-87.6619298,41.7043533],[-87.6619344,41.7042909],[-87.6619355,41.7041331],[-87.661936,41.7040645],[-87.6619336,41.7040235],[-87.6619273,41.7039129],[-87.6619265,41.7038992],[-87.661923,41.7038383],[-87.6619153,41.7037755],[-87.6618986,41.7036384],[-87.6618954,41.7036129],[-87.6618797,41.7035291],[-87.6621745,41.7035255],[-87.6622007,41.7035251],[-87.662769,41.703516]]]},"properties":{"id":"HD-31","name":"Walter Burley Griffin Place","designationDate":"1981-11-13","nationalRegister":"Not Listed","source":"data.cityofchicago.org/d/zidz-sdfj"}},{"type":"Feature","geometry":{"type":"Polygon","coordinates":[[[-87.66884,41.715766],[-87.6688344,41.715585],[-87.6688304,41.7154484],[-87.6688272,41.7153392],[-87.6688264,41.7153118],[-87.6688224,41.7151752],[-87.6688185,41.7150385],[-87.6688145,41.7149019],[-87.6688105,41.7147652],[-87.6688065,41.7146286],[-87.6688025,41.714492],[-87.6687985,41.7143553],[-87.668797,41.7143035],[-87.6687945,41.7142187],[-87.6687906,41.7140821],[-87.6687874,41.7139739],[-87.668782,41.7137736],[-87.6687786,41.7136362],[-87.6687753,41.7134986],[-87.6687719,41.7133612],[-87.6687702,41.7132925],[-87.6687685,41.7132237],[-87.6687651,41.7130862],[-87.6687618,41.7129487],[-87.6687583,41.7128112],[-87.6687549,41.7126738],[-87.6687516,41.7125362],[-87.6687482,41.7123988],[-87.6687448,41.7122613],[-87.6687415,41.7121265],[-87.6687549,41.7119615],[-87.6687867,41.711797],[-87.6688185,41.7116325],[-87.6688502,41.711468],[-87.6688819,41.7113035],[-87.6689136,41.7111391],[-87.6689454,41.7109745],[-87.6689772,41.71081],[-87.6690089,41.7106455],[-87.6690233,41.7105708],[-87.6690355,41.7105178],[-87.6690483,41.7104797],[-87.6690702,41.7104147],[-87.6691189,41.710315],[-87.669199,41.710149],[-87.6693861,41.7101461],[-87.6694237,41.7100315],[-87.669456,41.7099329],[-87.6694712,41.7098984],[-87.6695283,41.7097693],[-87.6695853,41.7096402],[-87.6696424,41.7095111],[-87.6696994,41.709382],[-87.6697564,41.709253],[-87.6698134,41.7091238],[-87.6698836,41.708965],[-87.6699406,41.7088359],[-87.6699716,41.7087],[-87.6700025,41.7085641],[-87.6700335,41.7084281],[-87.6700644,41.7082922],[-87.6700954,41.7081563],[-87.6701126,41.7080808],[-87.6701361,41.7080231],[-87.6701903,41.7078906],[-87.6702444,41.7077579],[-87.6702986,41.7076254],[-87.6703001,41.7076214],[-87.6703957,41.7073873],[-87.6704901,41.7071562],[-87.670514,41.7070977],[-87.6705538,41.7066557],[-87.6705703,41.7064742],[-87.6706573,41.7060723],[-87.670662,41.7060506],[-87.6706761,41.7059857],[-87.6706892,41.7059147],[-87.6707146,41.7057786],[-87.6707216,41.7057411],[-87.670734,41.7056423],[-87.6707512,41.7055056],[-87.6707525,41.7054952],[-87.6707609,41.7053686],[-87.6707689,41.7052485],[-87.670769,41.7052316],[-87.6707699,41.7050943],[-87.6707706,41.7050016],[-87.6707682,41.7049571],[-87.6707607,41.7048145],[-87.6707576,41.7047548],[-87.6707484,41.7046721],[-87.6707327,41.70453],[-87.6707313,41.7045174],[-87.6707248,41.7044598],[-87.670717,41.7043909],[-87.6707013,41.7042512],[-87.6707009,41.704247],[-87.670693,41.7041115],[-87.670685,41.7039758],[-87.670685,41.7039716],[-87.6706845,41.7038333],[-87.6706839,41.7037045],[-87.6706843,41.7036949],[-87.6706898,41.7035567],[-87.6706909,41.7035299],[-87.6706935,41.7034194],[-87.670696,41.7033134],[-87.6706955,41.7032823],[-87.6706955,41.7032792],[-87.6706979,41.7031471],[-87.6706989,41.703095],[-87.6707078,41.7029869],[-87.6707342,41.7028053],[-87.6707609,41.7026874],[-87.6707753,41.7026238],[-87.6707963,41.7025515],[-87.6708059,41.7025188],[-87.670834,41.7024163],[-87.6708554,41.7023385],[-87.6708665,41.7022802],[-87.6708903,41.7021563],[-87.6708918,41.7021435],[-87.670907,41.7020066],[-87.6709108,41.7019728],[-87.6709141,41.7018686],[-87.6709167,41.7017888],[-87.6709162,41.7017601],[-87.6709156,41.7017296],[-87.6709128,41.7015915],[-87.67091,41.7014534],[-87.6709072,41.7013153],[-87.6709043,41.7011772],[-87.6703546,41.7011385],[-87.6703712,41.7010018],[-87.6709015,41.7010391],[-87.6708987,41.700901],[-87.6708958,41.7007629],[-87.6708944,41.7006948],[-87.670893,41.7006248],[-87.6708902,41.7004867],[-87.6708874,41.7003486],[-87.6708845,41.7002105],[-87.6708843,41.7001992],[-87.6708865,41.7000724],[-87.6708876,41.7000026],[-87.6708938,41.6999349],[-87.6709055,41.6998063],[-87.6709069,41.6997978],[-87.6709298,41.699661],[-87.6709381,41.6996112],[-87.6709573,41.6995321],[-87.670985,41.6994177],[-87.6709872,41.6994105],[-87.6710173,41.6993113],[-87.6710811,41.6991288],[-87.6711266,41.6990009],[-87.6711439,41.6989417],[-87.6711617,41.698881],[-87.6711823,41.6987587],[-87.6711877,41.6986507],[-87.6711883,41.6986367],[-87.6711872,41.6986204],[-87.6711809,41.6985305],[-87.6711797,41.6985142],[-87.6711738,41.6984831],[-87.6711566,41.6983927],[-87.6711548,41.6983859],[-87.6711461,41.6983461],[-87.6711161,41.698209],[-87.6711144,41.6982009],[-87.6710964,41.6980718],[-87.6710885,41.6980146],[-87.6710836,41.6979345],[-87.6710771,41.6978274],[-87.6710777,41.6977969],[-87.6710801,41.6976593],[-87.6710804,41.69764],[-87.6710918,41.6975214],[-87.6710983,41.6974531],[-87.6711028,41.6974275],[-87.6711105,41.6973834],[-87.6711224,41.6973158],[-87.6711308,41.6972673],[-87.6711365,41.6972453],[-87.6711718,41.6971069],[-87.6711778,41.6970832],[-87.6712263,41.6969394],[-87.6712391,41.6969015],[-87.6713101,41.6967332],[-87.6713145,41.6967228],[-87.6713449,41.6966595],[-87.6713727,41.6965956],[-87.6714011,41.6965307],[-87.6714111,41.6964995],[-87.6714168,41.6964814],[-87.6714417,41.6964035],[-87.6714432,41.6963989],[-87.6714707,41.6962657],[-87.6714841,41.6961299],[-87.6714847,41.6960373],[-87.6714843,41.6960259],[-87.6714827,41.695971],[-87.671479,41.6958485],[-87.6714747,41.6957114],[-87.6714706,41.6955749],[-87.6714679,41.6954843],[-87.6714651,41.6953938],[-87.6714616,41.695278],[-87.6717544,41.695274],[-87.6722318,41.6952679],[-87.6729461,41.6952587],[-87.6729434,41.695463],[-87.6729416,41.6955998],[-87.6729398,41.6957366],[-87.6731228,41.6957344],[-87.673121,41.6958712],[-87.6731188,41.6960356],[-87.6731171,41.6961725],[-87.672934,41.6961746],[-87.6729326,41.6962855],[-87.6727519,41.6962876],[-87.6727424,41.6967165],[-87.672926,41.6967922],[-87.6730462,41.6968418],[-87.6730547,41.6970959],[-87.6730612,41.697301],[-87.6728195,41.697303],[-87.6723267,41.6973119],[-87.6723367,41.697449],[-87.6723388,41.6974764],[-87.6723418,41.6975175],[-87.6723468,41.6975861],[-87.6723569,41.697723],[-87.6722455,41.697725],[-87.6722502,41.6978622],[-87.6722549,41.6979994],[-87.6722587,41.6981118],[-87.6722596,41.6981365],[-87.6722642,41.6982736],[-87.6722688,41.6984108],[-87.6722735,41.698548],[-87.6722782,41.6986851],[-87.6722829,41.6988215],[-87.6722852,41.6988909],[-87.6722918,41.6990854],[-87.6728757,41.6990737],[-87.672918,41.6990729],[-87.6729252,41.6993198],[-87.6729293,41.6994485],[-87.6729337,41.6995868],[-87.672939,41.6997512],[-87.6729425,41.6998607],[-87.6729469,41.6999977],[-87.6729512,41.7001345],[-87.6729599,41.7004084],[-87.6729687,41.7006823],[-87.6729708,41.700748],[-87.6729773,41.7009493],[-87.672983,41.7011304],[-87.6729916,41.7014012],[-87.6729917,41.701404],[-87.672996,41.7015393],[-87.6730004,41.7016745],[-87.673009,41.7019452],[-87.6730116,41.7020264],[-87.6730164,41.7021751],[-87.6730177,41.7022157],[-87.6730211,41.7023239],[-87.6730263,41.7024862],[-87.6730351,41.7027609],[-87.6730409,41.702942],[-87.6730472,41.7031396],[-87.6730496,41.7032164],[-87.6730516,41.7032768],[-87.673056,41.7034139],[-87.6730584,41.7034907],[-87.6730606,41.7035595],[-87.673065,41.7036965],[-87.6730672,41.7037651],[-87.6730694,41.7038337],[-87.6730759,41.7040395],[-87.6730803,41.7041769],[-87.6730847,41.7043141],[-87.6730891,41.7044514],[-87.6730936,41.7045941],[-87.6730994,41.7047751],[-87.6731065,41.7049972],[-87.6731083,41.705052],[-87.6731118,41.7051618],[-87.673117,41.7053264],[-87.673668,41.705316],[-87.673671,41.705426],[-87.673676,41.705563],[-87.6731249,41.7055733],[-87.6731258,41.7056007],[-87.6731302,41.7057379],[-87.6731346,41.7058751],[-87.6731368,41.7059437],[-87.6731412,41.7060809],[-87.6731433,41.7061494],[-87.6731467,41.7062542],[-87.673697,41.706244],[-87.6737014,41.7063984],[-87.6737019,41.7064169],[-87.673709,41.706598],[-87.6736476,41.7065991],[-87.6734646,41.7066025],[-87.6732816,41.7066058],[-87.6730987,41.7066092],[-87.6729158,41.7066126],[-87.6727328,41.706616],[-87.6725499,41.7066193],[-87.6724036,41.706622],[-87.6722078,41.7066256],[-87.6722262,41.7067142],[-87.6722588,41.7068004],[-87.6723054,41.706883],[-87.6723649,41.7069607],[-87.6724145,41.7070102],[-87.6724368,41.7070324],[-87.6725198,41.707097],[-87.672543,41.7071124],[-87.6725641,41.7071121],[-87.6727469,41.7071088],[-87.67293,41.7071055],[-87.6731129,41.7071022],[-87.6732958,41.7070989],[-87.6734789,41.7070956],[-87.6736617,41.7070923],[-87.6738448,41.707089],[-87.6738515,41.7073032],[-87.6738523,41.7073471],[-87.6738557,41.707465],[-87.6738195,41.7074845],[-87.6742009,41.7075871],[-87.6741425,41.7076005],[-87.6734466,41.7077602],[-87.6734613,41.7077763],[-87.6735417,41.7078808],[-87.6735496,41.7078911],[-87.6736213,41.7080054],[-87.6736248,41.708011],[-87.6736862,41.7081346],[-87.6736965,41.7081609],[-87.6734447,41.7081645],[-87.6732777,41.7081675],[-87.6730961,41.7081708],[-87.6729146,41.708174],[-87.6728638,41.708175],[-87.6727331,41.7081773],[-87.6725516,41.7081805],[-87.6723701,41.7081838],[-87.672381,41.708549],[-87.6723823,41.708587],[-87.6722004,41.7085907],[-87.6720185,41.7085944],[-87.6720179,41.708575],[-87.6720053,41.7085744],[-87.6718768,41.7085685],[-87.6717709,41.7085636],[-87.6716931,41.7085599],[-87.6715871,41.7085551],[-87.6715241,41.7085522],[-87.6715094,41.7085515],[-87.6714786,41.70855],[-87.6713589,41.7085445],[-87.6712615,41.70854],[-87.6711892,41.7085367],[-87.671019,41.7085288],[-87.6710028,41.7087203],[-87.6710016,41.7087342],[-87.6706588,41.708718],[-87.6706188,41.7088938],[-87.6705713,41.709073],[-87.6701003,41.7090509],[-87.6699612,41.7093656],[-87.6699417,41.7094098],[-87.6698254,41.7096731],[-87.67062,41.709661],[-87.6706243,41.7098109],[-87.6706333,41.7101263],[-87.670638,41.710291],[-87.6705254,41.7102927],[-87.6700093,41.7103009],[-87.6699906,41.7105061],[-87.6699719,41.7107116],[-87.6700229,41.7107107],[-87.669865,41.711533],[-87.6699826,41.711531],[-87.6704147,41.7115238],[-87.6706574,41.71152],[-87.6706515,41.7115854],[-87.6706375,41.7117403],[-87.6706205,41.7119299],[-87.670624,41.712095],[-87.6703827,41.7120987],[-87.669796,41.7121086],[-87.6697668,41.7121091],[-87.6697702,41.712244],[-87.6697755,41.7124501],[-87.6697808,41.7126562],[-87.6697851,41.712828],[-87.6697878,41.7129339],[-87.6697895,41.7129998],[-87.669793,41.7131372],[-87.6697947,41.7132059],[-87.6697971,41.7132996],[-87.6698,41.7134121],[-87.6698053,41.7136181],[-87.6698088,41.7137556],[-87.669814,41.7139559],[-87.6698377,41.7139555],[-87.6698416,41.7140866],[-87.6698453,41.7142153],[-87.6698533,41.7144881],[-87.6698541,41.7145164],[-87.6698613,41.7147622],[-87.6699716,41.7147604],[-87.6699753,41.7148966],[-87.6699789,41.715034],[-87.669983,41.7152994],[-87.6698546,41.7153014],[-87.6698586,41.7154379],[-87.6698624,41.7155695],[-87.6698669,41.7157506],[-87.6698247,41.7157512],[-87.6697661,41.7157521],[-87.6691326,41.7157617],[-87.66884,41.715766]]]},"properties":{"id":"HD-17","name":"Longwood Drive","designationDate":"1981-11-13","nationalRegister":"Pending","source":"data.cityofchicago.org/d/zidz-sdfj"}},{"type":"Feature","geometry":{"type":"Polygon","coordinates":[[[-87.7250454,41.949575],[-87.7225532,41.9481628],[-87.7224899,41.9481269],[-87.7224288,41.9480923],[-87.7224259,41.9479904],[-87.722422,41.947861],[-87.7224225,41.9478613],[-87.7224151,41.9476054],[-87.7224132,41.9475368],[-87.7224112,41.9474682],[-87.7224092,41.9473996],[-87.7224072,41.9473309],[-87.7224052,41.9472623],[-87.7224032,41.9471936],[-87.7224013,41.947125],[-87.7223993,41.9470563],[-87.7223973,41.9469877],[-87.7223953,41.946919],[-87.722394,41.9468751],[-87.7223842,41.9465321],[-87.7223815,41.9464414],[-87.722379,41.946351],[-87.722379,41.946351],[-87.7223791,41.946351],[-87.7225041,41.9463495],[-87.7226217,41.9463479],[-87.7227133,41.9463467],[-87.7227493,41.9463462],[-87.7228053,41.9463455],[-87.7228973,41.9463442],[-87.7229733,41.9463432],[-87.7229892,41.946343],[-87.7230812,41.9463418],[-87.7231731,41.9463406],[-87.7232191,41.9463399],[-87.7232306,41.9463398],[-87.7232651,41.9463393],[-87.723357,41.9463381],[-87.7233973,41.9463375],[-87.7234491,41.9463369],[-87.7235411,41.9463357],[-87.7235669,41.9463353],[-87.7235778,41.9463351],[-87.723633,41.9463344],[-87.723725,41.9463332],[-87.7237902,41.9463323],[-87.7238169,41.946332],[-87.7238262,41.9463318],[-87.7238629,41.9463313],[-87.7238862,41.946331],[-87.7239089,41.9463307],[-87.7239429,41.9463302],[-87.7240009,41.9463295],[-87.7240928,41.9463283],[-87.7241848,41.9463271],[-87.7242097,41.9463267],[-87.7242767,41.9463258],[-87.7243687,41.9463246],[-87.7243881,41.9463243],[-87.7243993,41.9463242],[-87.7244607,41.9463234],[-87.7244864,41.946323],[-87.724522,41.9463225],[-87.7245452,41.9463222],[-87.7245527,41.9463221],[-87.7245984,41.9463215],[-87.7246446,41.9463209],[-87.7247366,41.9463197],[-87.7247777,41.9463191],[-87.7248282,41.9463184],[-87.7249517,41.9463165],[-87.7250708,41.946315],[-87.7250708,41.9463152],[-87.7251077,41.9463147],[-87.7251789,41.9463137],[-87.7252159,41.9463132],[-87.7252708,41.9463125],[-87.7253627,41.9463113],[-87.7254546,41.94631],[-87.7254555,41.94631],[-87.7255466,41.9463088],[-87.7256385,41.9463076],[-87.7256861,41.946307],[-87.7257304,41.9463064],[-87.7258224,41.9463051],[-87.7258687,41.9463045],[-87.7259143,41.9463039],[-87.7260062,41.9463027],[-87.7260448,41.9463022],[-87.7260982,41.9463015],[-87.7261901,41.9463002],[-87.726274,41.9462991],[-87.7262821,41.946299],[-87.7263739,41.9462978],[-87.7264659,41.9462965],[-87.7265192,41.9462958],[-87.7265385,41.9462955],[-87.7265579,41.9462953],[-87.7266497,41.9462941],[-87.7266534,41.946294],[-87.7266659,41.9462938],[-87.7267578,41.9462926],[-87.726817,41.946292],[-87.726819,41.946381],[-87.7268211,41.946473],[-87.726823,41.9465388],[-87.7268246,41.9465922],[-87.726825,41.9466046],[-87.7268262,41.9466446],[-87.726827,41.9466733],[-87.7268283,41.9467175],[-87.726829,41.9467419],[-87.7268293,41.9467542],[-87.726831,41.9468106],[-87.726833,41.9468792],[-87.726835,41.9469478],[-87.7268367,41.9470047],[-87.726837,41.9470163],[-87.7268372,41.9470211],[-87.7268391,41.9470851],[-87.7268411,41.9471537],[-87.7268431,41.9472223],[-87.7268452,41.947291],[-87.7268472,41.9473596],[-87.7268492,41.9474282],[-87.7268512,41.9474969],[-87.7268532,41.9475654],[-87.7268552,41.9476341],[-87.7268572,41.9477027],[-87.7268593,41.9477713],[-87.7268613,41.94784],[-87.7268633,41.9479086],[-87.7268653,41.947977],[-87.7268654,41.9479773],[-87.727326,41.947971],[-87.727326,41.9479711],[-87.7273281,41.9480396],[-87.72733,41.948106],[-87.7273323,41.9481896],[-87.727335,41.9482871],[-87.7273354,41.9482871],[-87.7273374,41.9483557],[-87.7273384,41.9483879],[-87.7273395,41.948424],[-87.7273395,41.9484243],[-87.7271441,41.9484269],[-87.7268787,41.9484305],[-87.7268807,41.9484992],[-87.7268827,41.9485678],[-87.7268848,41.9486364],[-87.7268868,41.9487049],[-87.7268888,41.9487736],[-87.7268908,41.9488422],[-87.7268928,41.9489108],[-87.7268948,41.9489795],[-87.7268969,41.9490481],[-87.7268989,41.9491167],[-87.7269009,41.9491853],[-87.726903,41.949254],[-87.7269049,41.9493225],[-87.7269069,41.9493911],[-87.7269074,41.9494053],[-87.726909,41.9494598],[-87.7269103,41.9495042],[-87.726911,41.9495283],[-87.7269116,41.9495479],[-87.726913,41.949597],[-87.7269151,41.9496657],[-87.7269171,41.9497342],[-87.7269191,41.9498029],[-87.7269211,41.9498716],[-87.7269231,41.94994],[-87.7269233,41.9499456],[-87.7269251,41.9500087],[-87.7269272,41.9500773],[-87.7269292,41.9501459],[-87.7269299,41.9501708],[-87.7269308,41.9502008],[-87.726931,41.9502074],[-87.7269312,41.9502146],[-87.7269333,41.9502832],[-87.726934,41.9503107],[-87.726934,41.9503109],[-87.726934,41.950311],[-87.7269353,41.9503518],[-87.7269373,41.9504195],[-87.7269409,41.9505506],[-87.7269439,41.9506507],[-87.7250454,41.949575]]]},"properties":{"id":"HD-30","name":"Villa","designationDate":"1983-11-23","nationalRegister":"Listed","source":"data.cityofchicago.org/d/zidz-sdfj"}},{"type":"Feature","geometry":{"type":"Polygon","coordinates":[[[-87.6239864,41.9009201],[-87.6239827,41.9009512],[-87.6239814,41.9009569],[-87.6239403,41.9011022],[-87.6238723,41.9013449],[-87.6238239,41.9015131],[-87.6237943,41.9016161],[-87.6237519,41.9017633],[-87.623704,41.9019367],[-87.6237021,41.9019429],[-87.6236651,41.9020611],[-87.6236194,41.9020243],[-87.6235575,41.9019744],[-87.6235224,41.9019461],[-87.6235142,41.9019395],[-87.6234572,41.9018995],[-87.6233783,41.9018441],[-87.6231531,41.9017126],[-87.6229959,41.9016329],[-87.6228653,41.9015772],[-87.6226995,41.9015061],[-87.6226254,41.9014743],[-87.6223324,41.9013937],[-87.6220469,41.9013243],[-87.621746,41.901283],[-87.6214073,41.9012527],[-87.6211287,41.9012341],[-87.6206843,41.9012201],[-87.6203757,41.9012013],[-87.6202923,41.9011941],[-87.6202152,41.9011821],[-87.6201175,41.9011583],[-87.6200302,41.9011308],[-87.6199323,41.9010915],[-87.6198354,41.9010449],[-87.6197585,41.9010039],[-87.6196819,41.9009476],[-87.6196806,41.9009463],[-87.6196411,41.9009068],[-87.6195139,41.900779],[-87.6193176,41.9004743],[-87.6196197,41.9004534],[-87.6196197,41.9004533],[-87.6200167,41.9004467],[-87.6201523,41.9004445],[-87.6202878,41.9004423],[-87.6202884,41.9004668],[-87.6204501,41.9004641],[-87.6206338,41.9004611],[-87.6206924,41.9004601],[-87.6207822,41.9004586],[-87.6208175,41.900458],[-87.6210013,41.900455],[-87.6211849,41.900452],[-87.6213687,41.9004489],[-87.6215524,41.9004458],[-87.6216747,41.9004438],[-87.6219832,41.9004387],[-87.6220413,41.9004377],[-87.6224713,41.9004306],[-87.6224647,41.9001314],[-87.6226484,41.9001284],[-87.622832,41.9001253],[-87.622866,41.9001247],[-87.6230156,41.9001223],[-87.6231992,41.9001192],[-87.6233829,41.9001162],[-87.6235665,41.9001131],[-87.6237501,41.9001101],[-87.6239337,41.900107],[-87.6239406,41.9004062],[-87.6239476,41.9007054],[-87.6239362,41.9008272],[-87.6239864,41.9009201]]]},"properties":{"id":"HD-9","name":"East Lake Shore Drive","designationDate":"1985-04-18","nationalRegister":"Not Listed","source":"data.cityofchicago.org/d/zidz-sdfj"}},{"type":"Feature","geometry":{"type":"Polygon","coordinates":[[[-87.6199185,41.83172],[-87.619917,41.8316514],[-87.6199156,41.8315828],[-87.6199141,41.8315142],[-87.6199126,41.831443],[-87.6199112,41.8313755],[-87.619911,41.8313671],[-87.6199097,41.8313064],[-87.6199082,41.831238],[-87.6199068,41.8311698],[-87.6199697,41.8311678],[-87.6199886,41.8311676],[-87.6200451,41.831167],[-87.6200942,41.8311665],[-87.6201453,41.8311659],[-87.6204233,41.831163],[-87.6204263,41.8311643],[-87.6206654,41.8311605],[-87.6206657,41.8311772],[-87.6206669,41.8312332],[-87.6206684,41.8313011],[-87.6206698,41.8313689],[-87.6206713,41.8314367],[-87.6206727,41.8315045],[-87.6207164,41.8315041],[-87.6207841,41.8315034],[-87.6208452,41.8315027],[-87.6209044,41.8315021],[-87.6209956,41.8315012],[-87.6210083,41.831501],[-87.6210354,41.8315007],[-87.6210518,41.8315006],[-87.6210851,41.8315002],[-87.6210996,41.8315001],[-87.6211058,41.8315],[-87.6211117,41.8314999],[-87.6211257,41.8314998],[-87.6211288,41.8314999],[-87.6211303,41.8315702],[-87.6211309,41.8315969],[-87.6211317,41.8316367],[-87.6211333,41.8317105],[-87.6211346,41.8317724],[-87.6211375,41.8319081],[-87.6211395,41.8320034],[-87.6211425,41.8321482],[-87.6211432,41.8321794],[-87.621148,41.8324106],[-87.6211518,41.8325865],[-87.621155,41.8327367],[-87.621156,41.8327846],[-87.6211613,41.8330316],[-87.6211643,41.8331745],[-87.6211688,41.8331745],[-87.6211756,41.8335004],[-87.6211753,41.8336416],[-87.6211889,41.8342983],[-87.6211958,41.8346282],[-87.6212034,41.8348092],[-87.6212216,41.8356316],[-87.621235,41.8362378],[-87.6212379,41.836367],[-87.6212428,41.8364586],[-87.6212373,41.8365493],[-87.620713,41.8365531],[-87.6207158,41.8366446],[-87.6210264,41.8366424],[-87.6210278,41.8367069],[-87.6210293,41.8367762],[-87.621047,41.836776],[-87.6210456,41.8367138],[-87.6210452,41.8366992],[-87.621044,41.8366422],[-87.6212109,41.8366402],[-87.6212205,41.8370789],[-87.6212236,41.8372161],[-87.6212405,41.8379706],[-87.6212414,41.838009],[-87.6211423,41.8380102],[-87.6210432,41.8380113],[-87.6210065,41.8380117],[-87.6209441,41.8380124],[-87.620845,41.8380136],[-87.6207446,41.8380148],[-87.6205135,41.8380175],[-87.6204131,41.8380186],[-87.6203014,41.8380199],[-87.6202046,41.838021],[-87.6201079,41.8380222],[-87.6200113,41.8380233],[-87.6199604,41.8380251],[-87.6199592,41.8379691],[-87.6195867,41.8379734],[-87.6193518,41.8379757],[-87.6188927,41.837981],[-87.6188406,41.8379819],[-87.6188402,41.8379612],[-87.6188389,41.837899],[-87.6188388,41.8378925],[-87.6188381,41.8378654],[-87.6188373,41.8378239],[-87.6188359,41.8377552],[-87.6188085,41.8377555],[-87.6188074,41.8377555],[-87.6188072,41.8377555],[-87.6185801,41.8377583],[-87.6183768,41.8377606],[-87.6181347,41.8377634],[-87.6181321,41.8377634],[-87.6181321,41.8377621],[-87.618094,41.8377626],[-87.6180879,41.8377626],[-87.6180862,41.8377626],[-87.617676,41.837769],[-87.6176745,41.8377004],[-87.6176734,41.8376456],[-87.6176731,41.8376291],[-87.6176715,41.8375602],[-87.6176678,41.8375193],[-87.6176672,41.8374919],[-87.6176658,41.8374233],[-87.6176643,41.8373547],[-87.6176636,41.8373204],[-87.6176659,41.8372886],[-87.6176643,41.8372201],[-87.6176629,41.8371514],[-87.6176614,41.8370796],[-87.6176607,41.837043],[-87.61766,41.8370111],[-87.6176593,41.8369834],[-87.6176585,41.8369455],[-87.617658,41.8369236],[-87.6176541,41.8368743],[-87.6176538,41.8368613],[-87.6176527,41.8368056],[-87.6176526,41.8368015],[-87.6176513,41.8367416],[-87.6176512,41.836737],[-87.61765,41.8366808],[-87.6176476,41.8365023],[-87.6176432,41.8364311],[-87.6176418,41.8363625],[-87.6176404,41.8363008],[-87.6176403,41.836294],[-87.6176391,41.8362391],[-87.6176388,41.8362254],[-87.6176377,41.8361705],[-87.6176374,41.8361569],[-87.6176365,41.8361157],[-87.6176363,41.8361038],[-87.6176354,41.8360608],[-87.6176352,41.8360534],[-87.6176342,41.836006],[-87.617634,41.8359971],[-87.6176329,41.8359456],[-87.6176318,41.8358946],[-87.6176315,41.8358781],[-87.6176305,41.8358332],[-87.61763,41.8358095],[-87.6176286,41.8357409],[-87.6176271,41.8356724],[-87.6176257,41.8356038],[-87.6176242,41.8355351],[-87.6176228,41.8354666],[-87.6176246,41.8354158],[-87.6176228,41.8353321],[-87.6176216,41.8352712],[-87.6176174,41.8352149],[-87.6176192,41.8351603],[-87.617618,41.835103],[-87.6176168,41.8350458],[-87.6176126,41.8349859],[-87.6176111,41.8349173],[-87.6176127,41.834853],[-87.6176111,41.8347625],[-87.6181926,41.8347558],[-87.618191,41.834664],[-87.6181903,41.8346652],[-87.6181873,41.8346639],[-87.6181451,41.8346657],[-87.6181459,41.8346644],[-87.6180297,41.834667],[-87.6179108,41.8346684],[-87.6176093,41.8346718],[-87.617605,41.8346092],[-87.6176038,41.8345527],[-87.6176026,41.8344965],[-87.6176014,41.8344402],[-87.6176003,41.8343875],[-87.6175991,41.8343307],[-87.6175977,41.8342649],[-87.6175974,41.8342484],[-87.6175963,41.8341992],[-87.6175958,41.8341798],[-87.6175949,41.8341335],[-87.6175944,41.8341113],[-87.6175935,41.8340676],[-87.6175921,41.8340012],[-87.6175884,41.8340013],[-87.6175873,41.8339433],[-87.617586,41.8338831],[-87.6175848,41.8338228],[-87.6175835,41.8337629],[-87.6175824,41.8337027],[-87.6175811,41.8336424],[-87.6175799,41.8335821],[-87.6175782,41.8334972],[-87.6175764,41.8334122],[-87.6175747,41.8333273],[-87.6175736,41.8332725],[-87.617573,41.8332423],[-87.6175713,41.8331583],[-87.6175701,41.8331003],[-87.6175695,41.8330725],[-87.6175689,41.833044],[-87.6175678,41.8329876],[-87.6175667,41.8329327],[-87.6175661,41.8329026],[-87.6175656,41.8328797],[-87.6175644,41.8328177],[-87.6175638,41.8327887],[-87.6175627,41.8327327],[-87.6175644,41.8326777],[-87.6175824,41.8326775],[-87.617606,41.8326773],[-87.6177514,41.8326757],[-87.6178179,41.832675],[-87.6178613,41.8326746],[-87.6179021,41.8326741],[-87.6179579,41.8326736],[-87.6179963,41.8326731],[-87.6180274,41.8326728],[-87.6180268,41.832643],[-87.6180262,41.8326183],[-87.618025,41.8325582],[-87.6180247,41.8325476],[-87.6180235,41.8324896],[-87.6180221,41.8324211],[-87.6180207,41.8323527],[-87.6180191,41.8322813],[-87.6180177,41.8322132],[-87.6180163,41.8321472],[-87.6180148,41.8320787],[-87.6180133,41.8320074],[-87.618012,41.8319417],[-87.6180105,41.8318732],[-87.6180094,41.8318216],[-87.6182515,41.8318216],[-87.6187094,41.8318163],[-87.618768,41.8318152],[-87.6188033,41.8318148],[-87.6192242,41.83181],[-87.6192238,41.8317935],[-87.6194659,41.8317933],[-87.6199194,41.8317885],[-87.6199195,41.8317885],[-87.6199195,41.8317885],[-87.61992,41.8317885],[-87.6199185,41.83172]]]},"properties":{"id":"HD-8","name":"Calumet-Giles-Prairie","designationDate":"1988-07-13","nationalRegister":"Not Listed","source":"data.cityofchicago.org/d/zidz-sdfj"}},{"type":"Feature","geometry":{"type":"MultiPolygon","coordinates":[[[[-87.6264108,41.9100418],[-87.6270413,41.9100325],[-87.6270216,41.910064],[-87.6270227,41.9101014],[-87.6270248,41.91017],[-87.627027,41.9102385],[-87.6270291,41.9103071],[-87.6270312,41.9103756],[-87.6270333,41.9104442],[-87.6270354,41.9105127],[-87.6270363,41.9105403],[-87.6264279,41.9105493],[-87.626427,41.9105217],[-87.6264247,41.9104532],[-87.6264223,41.9103846],[-87.62642,41.9103161],[-87.6264177,41.9102475],[-87.6264153,41.9101789],[-87.6264131,41.9101104],[-87.6264108,41.9100418]]],[[[-87.6256933,41.905389],[-87.6256925,41.9054098],[-87.6256917,41.9054306],[-87.6256876,41.9055415],[-87.6256858,41.9055893],[-87.6256835,41.9056524],[-87.6256814,41.9057079],[-87.6256793,41.9057633],[-87.625611,41.9057643],[-87.625473,41.9057665],[-87.6254674,41.9057432],[-87.6254598,41.9057117],[-87.6254564,41.9056977],[-87.6254464,41.9056565],[-87.6254313,41.9055941],[-87.6254196,41.9055461],[-87.6253929,41.9054358],[-87.6253829,41.9053944],[-87.6253831,41.9053944],[-87.625693,41.9053891],[-87.6256933,41.905389]]]]},"properties":{"id":"HD-28","name":"Seven Houses on Lake Shore Drive","designationDate":"1989-06-28","nationalRegister":"Not Listed","source":"data.cityofchicago.org/d/zidz-sdfj"}},{"type":"Feature","geometry":{"type":"Polygon","coordinates":[[[-87.7662929,41.9970303],[-87.7662778,41.9970229],[-87.7661244,41.9969481],[-87.7660739,41.9969234],[-87.7659707,41.9968731],[-87.7658173,41.9967982],[-87.7656637,41.9967233],[-87.7655664,41.9966759],[-87.765519,41.9966528],[-87.7655164,41.9966598],[-87.7655015,41.9967],[-87.7655012,41.9966995],[-87.7653494,41.9964311],[-87.76521,41.9961397],[-87.7651509,41.9960161],[-87.7650748,41.995857],[-87.7649989,41.9956985],[-87.7649793,41.9956574],[-87.7649769,41.9956529],[-87.7649527,41.9956063],[-87.7647826,41.9952788],[-87.7647128,41.9951442],[-87.7647395,41.9950722],[-87.7647622,41.9950109],[-87.764764,41.9950061],[-87.764766,41.9950008],[-87.7647886,41.9949399],[-87.7648086,41.9948859],[-87.7648131,41.9948739],[-87.7648168,41.9948638],[-87.7648377,41.9948077],[-87.7648588,41.9947509],[-87.7648622,41.9947416],[-87.7648725,41.9947138],[-87.7648867,41.9946754],[-87.7648916,41.9946624],[-87.7649113,41.9946093],[-87.7649421,41.9945264],[-87.7649548,41.9944921],[-87.7649918,41.9943921],[-87.7650224,41.99431],[-87.7650423,41.9942565],[-87.765047,41.9942439],[-87.7650715,41.9941777],[-87.7650961,41.9941116],[-87.7651206,41.9940455],[-87.7651301,41.9940199],[-87.7651451,41.9939794],[-87.7651625,41.9939328],[-87.7651697,41.9939133],[-87.7651786,41.9938893],[-87.7651942,41.9938471],[-87.7652071,41.9938126],[-87.7652188,41.9937811],[-87.7652295,41.9937522],[-87.7652433,41.993715],[-87.7652589,41.993673],[-87.7652679,41.9936489],[-87.7652757,41.9936277],[-87.7652924,41.9935828],[-87.7653059,41.9935462],[-87.7653169,41.9935167],[-87.765329,41.993484],[-87.7653414,41.9934505],[-87.765366,41.9933844],[-87.7653738,41.9933634],[-87.7653906,41.9933183],[-87.7654064,41.9932756],[-87.7654151,41.9932522],[-87.7654229,41.9932311],[-87.7654396,41.9931861],[-87.7654572,41.9931387],[-87.7654642,41.9931199],[-87.7654719,41.9930993],[-87.7654887,41.9930539],[-87.7655038,41.9930132],[-87.7655133,41.9929877],[-87.7655624,41.9928555],[-87.7656305,41.9926719],[-87.7657494,41.9926107],[-87.7658483,41.99256],[-87.7663917,41.992814],[-87.766544,41.9928851],[-87.7665935,41.9929082],[-87.7668552,41.9930305],[-87.7672362,41.9932086],[-87.7675513,41.9933559],[-87.767629,41.9933921],[-87.7678041,41.993474],[-87.7680973,41.9936109],[-87.7681115,41.993638],[-87.7681191,41.9936525],[-87.7681255,41.9936633],[-87.7681354,41.9936802],[-87.7681993,41.9937711],[-87.7682188,41.9937928],[-87.7682759,41.9938564],[-87.7683621,41.9939333],[-87.7683641,41.9939351],[-87.7683641,41.9939351],[-87.7684632,41.9940063],[-87.7685719,41.9940693],[-87.7686889,41.9941233],[-87.7687581,41.9941488],[-87.7688466,41.9941815],[-87.7688954,41.9941954],[-87.7690032,41.9942261],[-87.7690127,41.9942285],[-87.7692125,41.9942612],[-87.7694149,41.9942832],[-87.7694185,41.9942835],[-87.7696205,41.9942954],[-87.769679,41.9942989],[-87.769715,41.9942996],[-87.769911,41.9943034],[-87.7700823,41.994309],[-87.7700823,41.994309],[-87.7702524,41.9943256],[-87.7703134,41.9943345],[-87.770332,41.9943372],[-87.7703884,41.9943492],[-87.7704615,41.9943649],[-87.7705861,41.9944029],[-87.7707044,41.9944509],[-87.7707322,41.9944641],[-87.7708364,41.9945228],[-87.7709012,41.9945679],[-87.7709157,41.9945779],[-87.7709585,41.9946158],[-87.7709816,41.9946361],[-87.7709821,41.9946367],[-87.7709867,41.9946415],[-87.7710384,41.9947082],[-87.7710389,41.9947089],[-87.7710389,41.9947089],[-87.7710778,41.994781],[-87.7711028,41.9948566],[-87.7711068,41.9948861],[-87.7711133,41.994934],[-87.7711129,41.9949412],[-87.7712445,41.9949632],[-87.7712975,41.9949717],[-87.7712688,41.9950184],[-87.7712668,41.9950217],[-87.7712466,41.9950546],[-87.7712082,41.9951422],[-87.7711952,41.9951719],[-87.7711916,41.9951805],[-87.7711866,41.9951923],[-87.7711885,41.9952172],[-87.7711885,41.9952174],[-87.7711653,41.9952283],[-87.7711652,41.9952502],[-87.7711537,41.9952753],[-87.7711395,41.9953065],[-87.7711267,41.9953299],[-87.7711098,41.9955839],[-87.7711112,41.9956185],[-87.7711133,41.9956686],[-87.7711211,41.9957235],[-87.7711218,41.9957392],[-87.7711228,41.9957611],[-87.7711255,41.9957981],[-87.7711413,41.9958268],[-87.7711432,41.9958302],[-87.771143,41.9958549],[-87.7711429,41.9958647],[-87.7711425,41.9958708],[-87.7711405,41.9959008],[-87.7711496,41.9959297],[-87.7711548,41.9959463],[-87.7711712,41.9959824],[-87.771175,41.9959898],[-87.7711939,41.9960265],[-87.7712077,41.9960433],[-87.7712146,41.9960517],[-87.7712145,41.9960617],[-87.7712144,41.9960705],[-87.7712184,41.9960901],[-87.7712251,41.9960998],[-87.7712309,41.9961082],[-87.7712328,41.9961349],[-87.7712487,41.9961791],[-87.7712587,41.9962177],[-87.7712875,41.9962577],[-87.7712976,41.9962834],[-87.771311,41.9963324],[-87.7713275,41.9963526],[-87.7713552,41.9963865],[-87.7713686,41.9964047],[-87.7713875,41.9964304],[-87.7714248,41.9964871],[-87.771425,41.9964872],[-87.7714195,41.9965037],[-87.7712428,41.9970366],[-87.7709964,41.9970278],[-87.7709438,41.9970264],[-87.770829,41.9970234],[-87.7704795,41.9970193],[-87.7703601,41.9970179],[-87.7701514,41.9970189],[-87.770111,41.9970191],[-87.7700831,41.9970197],[-87.7696204,41.9970296],[-87.7693609,41.9970396],[-87.7688715,41.9970669],[-87.7687367,41.997076],[-87.7682592,41.997108],[-87.7680469,41.9971222],[-87.7680285,41.9971232],[-87.7680049,41.9971245],[-87.7680008,41.9971247],[-87.7675727,41.9971487],[-87.7672543,41.9971659],[-87.7672341,41.997167],[-87.7670268,41.9971785],[-87.7668925,41.9971859],[-87.7667724,41.9971925],[-87.7665367,41.9971489],[-87.7665366,41.9971492],[-87.7662929,41.9970303]]]},"properties":{"id":"HD-24","name":"Old Edgebrook","designationDate":"1989-10-24","nationalRegister":"Not Listed","source":"data.cityofchicago.org/d/zidz-sdfj"}},{"type":"Feature","geometry":{"type":"Polygon","coordinates":[[[-87.6396263,41.9278354],[-87.6396574,41.9278883],[-87.6397112,41.9278706],[-87.6396487,41.9277643],[-87.639582,41.9276508],[-87.6393687,41.927721],[-87.6393136,41.9277392],[-87.639305,41.9275085],[-87.6393,41.927372],[-87.6399127,41.9271673],[-87.6399468,41.9271559],[-87.6400167,41.9271325],[-87.6398692,41.9268809],[-87.64009,41.9268718],[-87.6401942,41.9268376],[-87.6402275,41.9268267],[-87.6402783,41.92681],[-87.6403623,41.9267825],[-87.6404464,41.926755],[-87.6404597,41.9267506],[-87.6405304,41.9267274],[-87.6406145,41.9266998],[-87.6406985,41.9266722],[-87.6407825,41.9266446],[-87.6408046,41.9266815],[-87.6408984,41.926838],[-87.6408147,41.926866],[-87.6407309,41.926894],[-87.640647,41.926922],[-87.6407106,41.927039],[-87.6408316,41.9272409],[-87.6408685,41.9272288],[-87.6409158,41.9272133],[-87.6409455,41.9272036],[-87.6409747,41.9272533],[-87.6409859,41.9272724],[-87.6410288,41.9273453],[-87.6410747,41.9274234],[-87.6412152,41.9273773],[-87.6412473,41.9274321],[-87.641283,41.927493],[-87.6414117,41.9277153],[-87.6413727,41.927728],[-87.6412801,41.9277585],[-87.6412213,41.9277778],[-87.6410699,41.9278274],[-87.6409089,41.9278802],[-87.6407503,41.9279322],[-87.640606,41.9279796],[-87.6404815,41.9280204],[-87.6404677,41.9280249],[-87.6404083,41.9280445],[-87.6403972,41.9280481],[-87.6403489,41.9280639],[-87.6403131,41.9280757],[-87.6402895,41.9280834],[-87.6402222,41.9281055],[-87.640192,41.9281154],[-87.6401347,41.9281342],[-87.6401212,41.9281385],[-87.6399909,41.9279168],[-87.6399305,41.9279366],[-87.6397959,41.9279808],[-87.6397752,41.9279875],[-87.6395871,41.9280492],[-87.6393287,41.928134],[-87.6393199,41.9279978],[-87.6393207,41.9279303],[-87.6396263,41.9278354]]]},"properties":{"id":"HD-2","name":"Arlington & Roslyn","designationDate":"1989-11-15","nationalRegister":"Not Listed","source":"data.cityofchicago.org/d/zidz-sdfj"}},{"type":"Feature","geometry":{"type":"Polygon","coordinates":[[[-87.6314451,41.898645],[-87.6314462,41.8986862],[-87.6314469,41.8987119],[-87.631447,41.8987174],[-87.6314481,41.8987547],[-87.63145,41.8988233],[-87.6314519,41.8988919],[-87.6314539,41.8989605],[-87.6314557,41.8990291],[-87.6314576,41.8990977],[-87.6314597,41.8991741],[-87.6314647,41.8993552],[-87.6314685,41.8994895],[-87.6314686,41.8994937],[-87.6314705,41.8995629],[-87.6314724,41.8996322],[-87.6314743,41.8997013],[-87.6314763,41.8997705],[-87.6314782,41.8998397],[-87.6314801,41.8999089],[-87.631482,41.8999782],[-87.6314839,41.9000473],[-87.6314859,41.9001165],[-87.6297305,41.9001461],[-87.6297268,41.9000134],[-87.6294752,41.9000169],[-87.6292916,41.9000195],[-87.629105,41.9000221],[-87.629097,41.8998282],[-87.629089,41.8995643],[-87.6291659,41.8995634],[-87.6291659,41.8995428],[-87.6291735,41.8995427],[-87.6291678,41.8993395],[-87.6291605,41.8993394],[-87.6291586,41.8992353],[-87.6291607,41.8990198],[-87.6296985,41.8990122],[-87.6296945,41.8988718],[-87.6296906,41.8987346],[-87.6296887,41.898665],[-87.6299825,41.8986626],[-87.6300788,41.8986614],[-87.6301751,41.8986602],[-87.6302713,41.8986591],[-87.6303676,41.8986579],[-87.6304639,41.8986568],[-87.6305602,41.8986556],[-87.6306565,41.8986544],[-87.6307527,41.8986533],[-87.6308324,41.8986523],[-87.6309121,41.8986514],[-87.6309918,41.8986505],[-87.6310715,41.8986495],[-87.6311512,41.8986485],[-87.6314451,41.898645]]]},"properties":{"id":"HD-33","name":"Washington Square Extension","designationDate":"2002-07-10","nationalRegister":"Not Listed","source":"data.cityofchicago.org/d/zidz-sdfj"}},{"type":"Feature","geometry":{"type":"Polygon","coordinates":[[[-87.6809701,41.9108361],[-87.6809639,41.9105073],[-87.6809627,41.910418],[-87.6809618,41.9103262],[-87.6810021,41.9103254],[-87.6810326,41.9103249],[-87.6811018,41.9103236],[-87.6811298,41.9103231],[-87.6812231,41.9103214],[-87.6812596,41.9103207],[-87.6813184,41.9103195],[-87.681366,41.9103187],[-87.6814137,41.9103178],[-87.6815018,41.9103161],[-87.681509,41.910316],[-87.6816087,41.9103141],[-87.6816036,41.9101306],[-87.6815967,41.9098854],[-87.6815789,41.9098721],[-87.6815684,41.9098722],[-87.6814967,41.9098736],[-87.6814355,41.9098747],[-87.6814013,41.9098753],[-87.6813182,41.9098768],[-87.681306,41.909877],[-87.6812108,41.9098787],[-87.6811668,41.9098795],[-87.6811175,41.9098804],[-87.6810203,41.9098821],[-87.6809787,41.9098829],[-87.680925,41.9098839],[-87.6808298,41.9098856],[-87.6807712,41.9098866],[-87.6807345,41.9098873],[-87.6806828,41.9098882],[-87.680651,41.9098889],[-87.6806464,41.9098926],[-87.6806335,41.9099028],[-87.6806374,41.9100404],[-87.6806398,41.910129],[-87.6805738,41.9101301],[-87.6803223,41.9101346],[-87.6800256,41.91014],[-87.6799014,41.9101431],[-87.6797832,41.9101458],[-87.6797821,41.9101043],[-87.6797814,41.91008],[-87.6792309,41.9100903],[-87.6791621,41.9100911],[-87.6791575,41.909932],[-87.6791395,41.9099186],[-87.6790572,41.9099202],[-87.6789617,41.9099219],[-87.6788663,41.9099236],[-87.6787692,41.9099253],[-87.6786755,41.909927],[-87.6785802,41.9099287],[-87.6784848,41.9099304],[-87.6783893,41.9099322],[-87.6783908,41.9098863],[-87.6783781,41.9094428],[-87.6782828,41.9094445],[-87.6782259,41.9094455],[-87.6781813,41.9094464],[-87.6781157,41.909448],[-87.6781132,41.9093577],[-87.6781103,41.9092665],[-87.6781082,41.9091979],[-87.6781063,41.9091294],[-87.6781062,41.9091245],[-87.6781061,41.9091211],[-87.6781052,41.9090916],[-87.6781044,41.9090635],[-87.6781025,41.9089977],[-87.6781006,41.9089318],[-87.6780989,41.9088727],[-87.6780987,41.908866],[-87.6780968,41.9088],[-87.6780962,41.908778],[-87.6781809,41.908777],[-87.6782624,41.9087755],[-87.6783555,41.9087739],[-87.6783578,41.9087738],[-87.6784338,41.9087724],[-87.6784534,41.9087721],[-87.6785488,41.9087703],[-87.6786444,41.9087685],[-87.6787203,41.9087672],[-87.6787398,41.9087668],[-87.6788078,41.9087656],[-87.6788352,41.9087651],[-87.6789306,41.9087633],[-87.6789689,41.9087626],[-87.6790261,41.9087616],[-87.6790903,41.9087604],[-87.6791078,41.9087601],[-87.6791258,41.908746],[-87.679123,41.9086484],[-87.6791133,41.9083147],[-87.6791108,41.908223],[-87.6791083,41.9081337],[-87.6790963,41.9077017],[-87.6790943,41.9076304],[-87.6790824,41.9072016],[-87.6790794,41.9071082],[-87.6790765,41.9070205],[-87.6790722,41.9068676],[-87.679064,41.9065839],[-87.6790621,41.9065126],[-87.6790518,41.9061534],[-87.6790496,41.9060738],[-87.6789629,41.9060749],[-87.6789493,41.9060751],[-87.6789398,41.9060752],[-87.6788538,41.9060765],[-87.6787583,41.9060779],[-87.6787205,41.9060784],[-87.6786627,41.9060793],[-87.6786183,41.9060799],[-87.6785671,41.9060807],[-87.6784868,41.9060818],[-87.6784716,41.906082],[-87.6784625,41.9060822],[-87.6783762,41.9060835],[-87.6782806,41.9060849],[-87.6782419,41.9060854],[-87.6781852,41.9060863],[-87.6781301,41.9060871],[-87.6780849,41.9060879],[-87.6780918,41.9063297],[-87.6780257,41.9063309],[-87.6778827,41.9063336],[-87.6774746,41.9063415],[-87.6774752,41.9063662],[-87.6774772,41.9064349],[-87.6774793,41.9065064],[-87.6774801,41.9065357],[-87.6774812,41.9065724],[-87.6774831,41.9066384],[-87.677485,41.9067044],[-87.677487,41.9067758],[-87.6774891,41.9068445],[-87.6774911,41.9069133],[-87.677493,41.9069821],[-87.677495,41.9070508],[-87.6774975,41.9071376],[-87.6775002,41.9072319],[-87.6775021,41.9072982],[-87.6775041,41.9073668],[-87.677506,41.9074326],[-87.6775079,41.9074985],[-87.6775098,41.9075644],[-87.6775117,41.9076307],[-87.6775136,41.9076961],[-87.6775155,41.9077619],[-87.6775175,41.9078278],[-87.6775194,41.9078936],[-87.6775213,41.9079595],[-87.6775221,41.9079889],[-87.6775232,41.9080253],[-87.6775251,41.9080939],[-87.6775271,41.9081625],[-87.6775299,41.9082524],[-87.6775326,41.9083436],[-87.6775344,41.9084121],[-87.6775364,41.9084807],[-87.6775383,41.9085466],[-87.6775393,41.9085804],[-87.6775402,41.9086125],[-87.6775421,41.9086783],[-87.677544,41.9087441],[-87.6775459,41.90881],[-87.6775478,41.9088759],[-87.6775497,41.9089417],[-87.6775506,41.9089725],[-87.6775516,41.9090076],[-87.6775535,41.9090734],[-87.6775552,41.909131],[-87.6775554,41.9091393],[-87.6775574,41.9092078],[-87.6775594,41.9092764],[-87.677562,41.9093684],[-87.6775619,41.9094595],[-87.6775639,41.9095307],[-87.677566,41.9096018],[-87.677568,41.9096701],[-87.6775695,41.9097242],[-87.6774459,41.9096428],[-87.6774467,41.9096696],[-87.6773513,41.9096087],[-87.6773243,41.9096319],[-87.677324,41.9096201],[-87.6772623,41.9095808],[-87.6771925,41.9095362],[-87.6771225,41.9094916],[-87.6770527,41.909447],[-87.6769829,41.9094025],[-87.6769131,41.909358],[-87.6768432,41.9093134],[-87.6767735,41.9092689],[-87.6767035,41.9092242],[-87.6766337,41.9091797],[-87.6765639,41.9091352],[-87.676494,41.9090906],[-87.6764242,41.909046],[-87.6763544,41.9090015],[-87.6762846,41.9089569],[-87.6762147,41.9089124],[-87.6761449,41.9088678],[-87.6760751,41.9088232],[-87.6760053,41.9087787],[-87.6759354,41.9087341],[-87.6758656,41.9086895],[-87.6757957,41.908645],[-87.6756113,41.9085274],[-87.6755415,41.9084828],[-87.6754717,41.9084383],[-87.6754018,41.9083937],[-87.675332,41.9083491],[-87.6752621,41.9083046],[-87.6751923,41.9082601],[-87.6751225,41.9082155],[-87.6750526,41.9081709],[-87.6749828,41.9081264],[-87.674913,41.9080818],[-87.6748431,41.9080373],[-87.6747733,41.9079927],[-87.6747034,41.9079481],[-87.6746336,41.9079036],[-87.6745638,41.9078591],[-87.6744939,41.9078145],[-87.6744241,41.9077699],[-87.6743543,41.9077254],[-87.6742845,41.9076808],[-87.6742147,41.9076363],[-87.6741239,41.9075749],[-87.6740303,41.9075186],[-87.6739605,41.907474],[-87.6738906,41.9074295],[-87.6738208,41.9073849],[-87.6737511,41.9073404],[-87.6736811,41.9072958],[-87.6736106,41.9072507],[-87.6735435,41.9072079],[-87.6734702,41.9071612],[-87.6734035,41.9071186],[-87.6733368,41.907076],[-87.67327,41.9070335],[-87.6731978,41.9069873],[-87.6731162,41.9070581],[-87.6730288,41.9069947],[-87.6729367,41.9069362],[-87.6728653,41.9068906],[-87.6727951,41.9068459],[-87.672725,41.9068011],[-87.6726549,41.9067564],[-87.6725848,41.9067116],[-87.6725147,41.9066669],[-87.6724681,41.9066372],[-87.6724446,41.9066222],[-87.6723746,41.9065775],[-87.6723043,41.9065327],[-87.6722343,41.9064879],[-87.6721642,41.9064432],[-87.6722155,41.9064142],[-87.6723133,41.9063327],[-87.6724584,41.9062115],[-87.6724931,41.9061825],[-87.6725076,41.9061703],[-87.6725887,41.9061021],[-87.6726689,41.906035],[-87.6726738,41.9060382],[-87.6727389,41.9060795],[-87.6727783,41.9061045],[-87.6728089,41.9061239],[-87.6729119,41.9060345],[-87.6731084,41.905864],[-87.6731469,41.9058308],[-87.6731844,41.9058546],[-87.6732781,41.9059141],[-87.6733481,41.9059585],[-87.6734344,41.9060134],[-87.6737614,41.9062209],[-87.6738521,41.9062785],[-87.6739461,41.9063382],[-87.6739316,41.9063508],[-87.6739243,41.9063572],[-87.6738644,41.9064091],[-87.6738044,41.9064612],[-87.6739656,41.906564],[-87.6739962,41.9065835],[-87.6741126,41.9066578],[-87.6741296,41.9066686],[-87.6741744,41.906697],[-87.6741823,41.9066902],[-87.6742042,41.9066712],[-87.6742298,41.9066491],[-87.6742343,41.9066452],[-87.6742594,41.9066236],[-87.6742643,41.9066193],[-87.6742943,41.9065934],[-87.6743545,41.9065415],[-87.6743719,41.9065265],[-87.6744146,41.9064896],[-87.6744746,41.9064377],[-87.6745347,41.9063858],[-87.6745948,41.9063339],[-87.6745975,41.9063315],[-87.6746548,41.906282],[-87.674715,41.9062302],[-87.674775,41.9061782],[-87.6748351,41.9061263],[-87.6748954,41.9060742],[-87.6749553,41.9060226],[-87.6750153,41.9059707],[-87.6750754,41.9059188],[-87.6751355,41.9058669],[-87.6751955,41.9058151],[-87.6752388,41.9057777],[-87.6752557,41.9057631],[-87.6753249,41.9057033],[-87.6754479,41.9055971],[-87.6755243,41.9055307],[-87.6755748,41.9054872],[-87.6756268,41.9054863],[-87.6756492,41.9054859],[-87.6756597,41.9054858],[-87.6757373,41.9054845],[-87.6758255,41.905483],[-87.6758289,41.9054829],[-87.6759136,41.9054815],[-87.6759959,41.9054802],[-87.6760018,41.9054801],[-87.6760089,41.9054799],[-87.6760899,41.9054786],[-87.6761548,41.9054775],[-87.6761781,41.9054771],[-87.6762014,41.9054767],[-87.6762662,41.9054756],[-87.6763314,41.9054746],[-87.6763544,41.9054742],[-87.6763821,41.9054737],[-87.6764425,41.9054727],[-87.6764915,41.9054719],[-87.6765307,41.9054711],[-87.6765296,41.905435],[-87.6765199,41.9051048],[-87.6765172,41.9050135],[-87.6765147,41.9049237],[-87.6765636,41.9049229],[-87.6766029,41.9049223],[-87.6766499,41.9049215],[-87.6766912,41.9049208],[-87.6766817,41.9045949],[-87.6766801,41.9045373],[-87.6766708,41.9042206],[-87.6766682,41.9041287],[-87.6766657,41.90404],[-87.6767245,41.9040386],[-87.6767867,41.9040376],[-87.6768549,41.9040364],[-87.6771653,41.9040313],[-87.6772844,41.9040292],[-87.6774076,41.9040272],[-87.6776202,41.9040238],[-87.6778024,41.9040208],[-87.6778607,41.90402],[-87.6778637,41.9041088],[-87.6778665,41.9042009],[-87.6778744,41.9044805],[-87.6778758,41.9045288],[-87.6779082,41.9045283],[-87.677964,41.9045273],[-87.6780334,41.9045262],[-87.6780499,41.904526],[-87.6780523,41.9045259],[-87.6780651,41.9045257],[-87.6781405,41.9045245],[-87.6782211,41.9045231],[-87.6782287,41.904523],[-87.678317,41.9045215],[-87.6784068,41.90452],[-87.6784097,41.90452],[-87.6785007,41.9045185],[-87.6785941,41.9045169],[-87.678603,41.9045168],[-87.678686,41.9045154],[-87.6787662,41.9045141],[-87.6787778,41.9045139],[-87.6787895,41.9045137],[-87.6788698,41.9045124],[-87.6789396,41.9045112],[-87.6789615,41.9045109],[-87.6789864,41.9045105],[-87.679054,41.9045094],[-87.6790475,41.9042835],[-87.6790446,41.9041815],[-87.6790416,41.9040871],[-87.6790388,41.9040001],[-87.6790978,41.9039992],[-87.6795003,41.9039927],[-87.6796074,41.9039909],[-87.6797262,41.9039889],[-87.6798498,41.9039869],[-87.6803148,41.9039788],[-87.6803737,41.903978],[-87.6803761,41.9040655],[-87.6803786,41.9041588],[-87.6803876,41.904474],[-87.6804064,41.9044875],[-87.6804787,41.9044862],[-87.680515,41.9044856],[-87.6805706,41.9044847],[-87.6806357,41.9044836],[-87.6806624,41.9044832],[-87.6806859,41.9044828],[-87.6807542,41.9044817],[-87.6808058,41.9044808],[-87.6808365,41.9044803],[-87.680846,41.9044801],[-87.6808583,41.9044799],[-87.6809378,41.9044785],[-87.6810294,41.904477],[-87.6811215,41.9044754],[-87.6811898,41.9044743],[-87.6812158,41.9044738],[-87.6812425,41.9044734],[-87.681305,41.9044724],[-87.6813682,41.9044713],[-87.6813969,41.9044708],[-87.6814295,41.9044703],[-87.6814887,41.9044693],[-87.6815401,41.9044684],[-87.6815805,41.9044677],[-87.6816403,41.9044667],[-87.681676,41.9044661],[-87.6817126,41.9044655],[-87.6819059,41.9044623],[-87.6820654,41.9044596],[-87.6821835,41.9044581],[-87.6823078,41.904456],[-87.6823091,41.904503],[-87.6823109,41.9045692],[-87.6823127,41.9046354],[-87.6823146,41.9047009],[-87.6823164,41.9047669],[-87.6823183,41.9048331],[-87.6823209,41.9049197],[-87.6823235,41.9050141],[-87.6823241,41.9050438],[-87.6823252,41.9050827],[-87.6823271,41.9051513],[-87.682329,41.90522],[-87.6823309,41.9052886],[-87.6823329,41.9053572],[-87.6823347,41.9054258],[-87.6822113,41.90543],[-87.6820925,41.9054336],[-87.6820312,41.9054346],[-87.6820005,41.9054352],[-87.6819661,41.9054357],[-87.6819085,41.9054367],[-87.681858,41.9054375],[-87.6818166,41.9054382],[-87.68177,41.905439],[-87.6817246,41.9054397],[-87.6816847,41.9054404],[-87.6816326,41.9054413],[-87.6815736,41.9054423],[-87.6815406,41.9054428],[-87.6815416,41.9054758],[-87.6815522,41.9058555],[-87.6815546,41.9059427],[-87.6815578,41.9060365],[-87.6815597,41.9061068],[-87.6815617,41.9061754],[-87.6815618,41.9061796],[-87.6815635,41.9062413],[-87.6815653,41.9063072],[-87.6815661,41.9063359],[-87.6815672,41.9063732],[-87.681569,41.9064391],[-87.6815708,41.906505],[-87.6815717,41.9065381],[-87.6815727,41.9065709],[-87.6815745,41.9066369],[-87.6815764,41.9067027],[-87.681577,41.9067263],[-87.6815782,41.9067687],[-87.68158,41.9068345],[-87.6815801,41.9068373],[-87.6815819,41.9069032],[-87.6815839,41.9069724],[-87.6815865,41.907063],[-87.6815891,41.9071535],[-87.681591,41.9072228],[-87.6815929,41.9072915],[-87.6815948,41.9073574],[-87.6815956,41.9073884],[-87.6815966,41.9074233],[-87.6815984,41.9074893],[-87.6816003,41.9075552],[-87.6816013,41.9075927],[-87.6816021,41.9076211],[-87.6816039,41.907687],[-87.6816057,41.9077529],[-87.6816072,41.9078028],[-87.6816076,41.9078188],[-87.6816095,41.9078847],[-87.6816113,41.9079506],[-87.6816122,41.9079823],[-87.6816132,41.9080193],[-87.6816151,41.908088],[-87.6821662,41.9080779],[-87.682287,41.9080755],[-87.6824086,41.908073],[-87.6824089,41.9080863],[-87.6824102,41.9081323],[-87.6824122,41.9082015],[-87.6824141,41.9082709],[-87.682416,41.9083399],[-87.6824179,41.9084091],[-87.6824199,41.9084782],[-87.6826902,41.9084733],[-87.6828792,41.9084698],[-87.6829379,41.9084687],[-87.6832524,41.9084628],[-87.6833973,41.9084601],[-87.6835152,41.9084581],[-87.6836397,41.908456],[-87.6836422,41.9085459],[-87.6836448,41.9086367],[-87.683679,41.9098734],[-87.6836796,41.9098937],[-87.6836797,41.9098981],[-87.6836808,41.9099419],[-87.6836902,41.9102794],[-87.6836923,41.9103724],[-87.6836947,41.91046],[-87.6835703,41.9104621],[-87.6834526,41.9104642],[-87.6834094,41.9104649],[-87.6833608,41.9104657],[-87.6832843,41.9104669],[-87.6832726,41.9104671],[-87.6831844,41.9104684],[-87.6831203,41.9104695],[-87.6830963,41.9104698],[-87.683062,41.9104704],[-87.6830081,41.9104712],[-87.682979,41.9104717],[-87.68292,41.9104726],[-87.6828318,41.9104739],[-87.6828265,41.910474],[-87.6827437,41.9104754],[-87.6827517,41.9107902],[-87.6827528,41.910832],[-87.6827647,41.9108319],[-87.682841,41.9108306],[-87.6828921,41.9108298],[-87.6829291,41.9108293],[-87.6830047,41.9108281],[-87.6830062,41.9108857],[-87.6830069,41.9109187],[-87.6830074,41.9109406],[-87.6830083,41.910981],[-87.6830089,41.9110092],[-87.6830093,41.9110311],[-87.6830103,41.9110778],[-87.6830116,41.9111376],[-87.6830118,41.9111464],[-87.683012,41.9111551],[-87.6830133,41.911215],[-87.6830145,41.9112684],[-87.6830148,41.9112836],[-87.6830151,41.9112981],[-87.6830163,41.9113522],[-87.6830176,41.9114114],[-87.6830178,41.9114208],[-87.683018,41.911431],[-87.6830193,41.9114894],[-87.6830205,41.9115447],[-87.6830208,41.9115579],[-87.6830211,41.911573],[-87.6830223,41.9116266],[-87.6830235,41.9116858],[-87.6830237,41.9116952],[-87.6830239,41.9117034],[-87.6830252,41.9117638],[-87.6830265,41.9118205],[-87.6830268,41.9118323],[-87.683027,41.9118429],[-87.6830275,41.9118667],[-87.6830283,41.911901],[-87.6830287,41.9119223],[-87.6830292,41.9119449],[-87.6830297,41.9119691],[-87.6830298,41.9119744],[-87.6830311,41.9120273],[-87.6830311,41.9120313],[-87.6830312,41.9120382],[-87.6830327,41.9121067],[-87.6830346,41.9121918],[-87.6830228,41.912192],[-87.682995,41.9121924],[-87.6829845,41.9121926],[-87.6829763,41.9121927],[-87.6829291,41.9121934],[-87.6828664,41.9121944],[-87.6827563,41.9121962],[-87.6826753,41.9121975],[-87.6826461,41.9121979],[-87.6825139,41.9122],[-87.6825139,41.9122031],[-87.6825142,41.912215],[-87.682389,41.9122171],[-87.6822717,41.912219],[-87.6820407,41.912222],[-87.6820104,41.9122229],[-87.6820067,41.912223],[-87.6818275,41.912226],[-87.6817207,41.912227],[-87.6816805,41.912228],[-87.6814966,41.912231],[-87.6814149,41.9122322],[-87.6814048,41.9122324],[-87.6813696,41.9122329],[-87.6813274,41.9122336],[-87.6813153,41.9122257],[-87.6813128,41.9122241],[-87.6812933,41.9122115],[-87.6812199,41.9121639],[-87.6811269,41.9121035],[-87.6810562,41.9120577],[-87.6810339,41.9120432],[-87.6809892,41.9120143],[-87.6809412,41.9119831],[-87.6809292,41.9119753],[-87.6809166,41.9119671],[-87.6808454,41.9119159],[-87.6808242,41.9119006],[-87.6807299,41.9118328],[-87.6807044,41.9118165],[-87.6806724,41.9117962],[-87.6806115,41.9117574],[-87.6805184,41.9116983],[-87.6804255,41.9116392],[-87.6804127,41.9116311],[-87.6804031,41.911625],[-87.6803355,41.9115821],[-87.680266,41.911538],[-87.6802486,41.9115269],[-87.6801557,41.9114678],[-87.6800628,41.9114088],[-87.6799698,41.9113497],[-87.6799134,41.9113138],[-87.6798878,41.9112975],[-87.6798118,41.9112492],[-87.6798083,41.911247],[-87.6797376,41.911202],[-87.6797031,41.9111801],[-87.6797767,41.9111789],[-87.6798753,41.9111772],[-87.6799655,41.9111757],[-87.6799603,41.9109884],[-87.6799578,41.9108968],[-87.6799573,41.9108796],[-87.6799566,41.9108529],[-87.6800011,41.910852],[-87.6800484,41.9108514],[-87.6802349,41.9108483],[-87.6802926,41.9108473],[-87.6803268,41.9108468],[-87.6803661,41.9108461],[-87.6804187,41.9108452],[-87.6804571,41.9108446],[-87.6805106,41.9108437],[-87.6805759,41.9108426],[-87.6806025,41.9108422],[-87.6806263,41.9108418],[-87.6806944,41.9108406],[-87.6807727,41.9108393],[-87.6807863,41.9108391],[-87.6808009,41.9108389],[-87.6808782,41.9108376],[-87.6809635,41.9108362],[-87.6809701,41.9108361]],[[-87.6749809,41.9069772],[-87.6749006,41.9070463],[-87.6748412,41.9070975],[-87.6749842,41.907095],[-87.6750022,41.9070947],[-87.6751945,41.9070913],[-87.6752987,41.9070892],[-87.6752976,41.9070526],[-87.6752878,41.9067131],[-87.6752281,41.9067644],[-87.6751862,41.9068005],[-87.6751524,41.9068296],[-87.6749809,41.9069772]]]},"properties":{"id":"HD-35","name":"Wicker Park","designationDate":"1991-04-12","nationalRegister":"Listed","source":"data.cityofchicago.org/d/zidz-sdfj"}},{"type":"Feature","geometry":{"type":"Polygon","coordinates":[[[-87.6155864,41.8056696],[-87.6155277,41.8056705],[-87.615172,41.8056762],[-87.614952,41.8056797],[-87.6145963,41.8056854],[-87.6145376,41.8056863],[-87.6145337,41.8055491],[-87.6145299,41.8054119],[-87.614526,41.8052747],[-87.6145221,41.8051376],[-87.6145202,41.805069],[-87.6145183,41.8050004],[-87.6145163,41.8049318],[-87.6145144,41.8048632],[-87.6145125,41.8047946],[-87.6145105,41.804726],[-87.6145086,41.8046574],[-87.6145071,41.8046025],[-87.6145055,41.8045476],[-87.614504,41.8044928],[-87.6145028,41.8044516],[-87.6145009,41.804383],[-87.6144989,41.8043144],[-87.614495,41.8041772],[-87.6144913,41.8040439],[-87.614486,41.8038629],[-87.614551,41.8038618],[-87.6145487,41.8037719],[-87.6145469,41.8037034],[-87.6145452,41.8036348],[-87.6145434,41.8035663],[-87.6145417,41.8034997],[-87.6145509,41.8034995],[-87.6151009,41.8034908],[-87.615235,41.8034886],[-87.6155615,41.8034834],[-87.6155634,41.8035547],[-87.6155652,41.8036259],[-87.6155662,41.8036644],[-87.615567,41.8036973],[-87.6155688,41.8037686],[-87.6155708,41.8038455],[-87.615577,41.8040266],[-87.6155401,41.8040272],[-87.6155423,41.8041058],[-87.6155446,41.8041854],[-87.6155468,41.8042649],[-87.615549,41.8043445],[-87.6155513,41.804424],[-87.6155535,41.8045022],[-87.6155556,41.8045776],[-87.6155568,41.8046188],[-87.6155595,41.8047148],[-87.6155633,41.804852],[-87.6155672,41.8049891],[-87.6155711,41.8051263],[-87.615573,41.8051949],[-87.6155749,41.8052635],[-87.6155768,41.8053309],[-87.6155788,41.8053987],[-87.6155807,41.8054659],[-87.6155826,41.805533],[-87.6155827,41.8055394],[-87.6155846,41.8056046],[-87.6155864,41.8056696]]]},"properties":{"id":"HD-32","name":"Washington Park Court","designationDate":"1991-10-02","nationalRegister":"Unknown","source":"data.cityofchicago.org/d/zidz-sdfj"}},{"type":"Feature","geometry":{"type":"MultiPolygon","coordinates":[[[[-87.599835,41.8181024],[-87.6002383,41.8180982],[-87.600248,41.8181145],[-87.6002635,41.8181408],[-87.6003044,41.8182101],[-87.6003429,41.8182754],[-87.6003814,41.8183407],[-87.6004198,41.8184059],[-87.6004584,41.8184712],[-87.6004969,41.8185365],[-87.6005354,41.8186018],[-87.6005724,41.8186645],[-87.6006095,41.8187273],[-87.6006479,41.8187925],[-87.6006865,41.8188578],[-87.600725,41.8189231],[-87.6007635,41.8189884],[-87.600802,41.8190536],[-87.6008405,41.8191189],[-87.6008745,41.8191766],[-87.6009101,41.8192368],[-87.6009457,41.8192971],[-87.6009812,41.8193573],[-87.6010797,41.8195243],[-87.6006821,41.8195288],[-87.6006464,41.8194687],[-87.6006106,41.8194085],[-87.6005749,41.8193483],[-87.6005391,41.8192881],[-87.6005049,41.8192305],[-87.6004662,41.8191653],[-87.6004275,41.8191001],[-87.6003887,41.8190349],[-87.60035,41.8189696],[-87.6003113,41.8189044],[-87.6002726,41.8188393],[-87.6002354,41.8187766],[-87.6001982,41.8187139],[-87.6001595,41.8186487],[-87.6001207,41.8185835],[-87.600082,41.8185183],[-87.6000433,41.8184531],[-87.6000045,41.8183878],[-87.5999658,41.8183227],[-87.5999247,41.8182534],[-87.5998447,41.8181187],[-87.599835,41.8181024]]],[[[-87.6023884,41.8190791],[-87.603031,41.8189597],[-87.603048,41.819011],[-87.6030624,41.8190544],[-87.6030772,41.8190993],[-87.6030972,41.8191595],[-87.6031214,41.8192325],[-87.6031362,41.8192774],[-87.6031507,41.819321],[-87.6031654,41.8193657],[-87.6031813,41.8194137],[-87.6031972,41.8194617],[-87.6032131,41.8195096],[-87.603229,41.8195576],[-87.6032448,41.8196055],[-87.6032537,41.8196322],[-87.6031967,41.8196428],[-87.6032031,41.8196642],[-87.6032168,41.8197098],[-87.6026336,41.8198181],[-87.6026186,41.8197727],[-87.6026027,41.8197248],[-87.6025868,41.8196769],[-87.6025708,41.8196289],[-87.6025549,41.819581],[-87.602539,41.819533],[-87.6025231,41.8194851],[-87.6025083,41.8194403],[-87.6024938,41.8193968],[-87.602479,41.819352],[-87.6024547,41.8192789],[-87.6024348,41.8192188],[-87.6024199,41.8191739],[-87.6024054,41.8191304],[-87.6023884,41.8190791]]],[[[-87.601104,41.8181057],[-87.6012312,41.8181044],[-87.601232,41.8182144],[-87.6012327,41.8182884],[-87.6012329,41.8183102],[-87.6012658,41.8183259],[-87.6013257,41.8183546],[-87.6013276,41.8183554],[-87.6013307,41.8183618],[-87.601363,41.8184262],[-87.6013952,41.8184906],[-87.6014274,41.8185549],[-87.6014596,41.8186192],[-87.6014919,41.8186836],[-87.6015241,41.818748],[-87.6015563,41.8188123],[-87.6015798,41.8188594],[-87.6016033,41.8189063],[-87.6016269,41.8189533],[-87.601653,41.8190054],[-87.6016787,41.8190569],[-87.6016852,41.8190699],[-87.6017045,41.8191084],[-87.6017174,41.8191342],[-87.6017303,41.8191599],[-87.6017496,41.8191985],[-87.6017561,41.8192114],[-87.6017818,41.8192629],[-87.601814,41.8193272],[-87.601844,41.819387],[-87.6018475,41.8195228],[-87.6016633,41.8195237],[-87.6016252,41.8194594],[-87.6015908,41.8194012],[-87.6015537,41.8193384],[-87.601524,41.8192882],[-87.6015166,41.8192757],[-87.6014943,41.819238],[-87.6014795,41.8192129],[-87.6014647,41.8191878],[-87.6014424,41.8191502],[-87.6014351,41.8191377],[-87.6014053,41.8190874],[-87.6013753,41.8190366],[-87.6013482,41.8189908],[-87.6013212,41.818945],[-87.601294,41.8188991],[-87.6012569,41.8188364],[-87.6012198,41.8187736],[-87.6011827,41.8187109],[-87.6011457,41.8186482],[-87.6011086,41.8185855],[-87.6010714,41.8185227],[-87.6010344,41.8184599],[-87.6010299,41.8184525],[-87.6010059,41.8184119],[-87.6009928,41.8183896],[-87.600982,41.8183713],[-87.6009453,41.8183093],[-87.6008859,41.8182089],[-87.6008266,41.8181086],[-87.601104,41.8181057]]],[[[-87.6048222,41.8277485],[-87.6053554,41.8275581],[-87.6055366,41.8277967],[-87.6056305,41.8279204],[-87.6051214,41.8281402],[-87.6050042,41.8279867],[-87.6048222,41.8277485]]],[[[-87.6006543,41.8187082],[-87.6008735,41.8186357],[-87.6009032,41.8186859],[-87.6009403,41.8187486],[-87.6009551,41.8187738],[-87.6009848,41.818824],[-87.6009946,41.8188405],[-87.6010332,41.8189059],[-87.6010718,41.8189712],[-87.6011104,41.8190365],[-87.6011491,41.8191018],[-87.6011877,41.8191671],[-87.6012263,41.8192324],[-87.6012649,41.8192977],[-87.6013035,41.819363],[-87.6013421,41.8194283],[-87.6013967,41.8195207],[-87.6011354,41.8195237],[-87.6011221,41.8195011],[-87.6010835,41.8194357],[-87.601045,41.8193705],[-87.6010065,41.8193052],[-87.6009679,41.8192398],[-87.6009294,41.8191745],[-87.6008908,41.8191092],[-87.6008523,41.8190439],[-87.6008137,41.8189785],[-87.6007752,41.8189132],[-87.6007654,41.8188966],[-87.6007357,41.8188464],[-87.6007209,41.8188212],[-87.6006839,41.8187585],[-87.6006543,41.8187082]]],[[[-87.6022273,41.8196758],[-87.6022839,41.8196752],[-87.6023437,41.8198554],[-87.6022311,41.8198568],[-87.6021724,41.8198575],[-87.6021136,41.8198582],[-87.602055,41.8198589],[-87.6019963,41.8198596],[-87.6019367,41.8198603],[-87.6018789,41.8198611],[-87.6018202,41.8198617],[-87.6017615,41.8198625],[-87.6017029,41.8198632],[-87.6016442,41.8198639],[-87.6015855,41.8198646],[-87.6015268,41.8198653],[-87.601468,41.819866],[-87.6014094,41.8198667],[-87.6013507,41.8198675],[-87.601292,41.8198681],[-87.6012516,41.8198686],[-87.601233,41.8198551],[-87.6012296,41.8196873],[-87.6012883,41.8196866],[-87.601347,41.8196859],[-87.6014057,41.8196853],[-87.6014643,41.8196846],[-87.601523,41.8196839],[-87.6015817,41.8196833],[-87.6016404,41.8196826],[-87.6016991,41.8196819],[-87.6017578,41.8196813],[-87.6018165,41.8196806],[-87.6018752,41.8196799],[-87.6019312,41.8196792],[-87.6019339,41.8196793],[-87.6019925,41.8196786],[-87.6020512,41.8196779],[-87.6021099,41.8196772],[-87.6021686,41.8196765],[-87.6022273,41.8196758]]],[[[-87.6032273,41.8192763],[-87.6041975,41.8192272],[-87.6042046,41.8192873],[-87.6042116,41.8193474],[-87.6042209,41.8194261],[-87.6032912,41.8194706],[-87.6032663,41.819395],[-87.6032468,41.8193357],[-87.6032273,41.8192763]]],[[[-87.6032496,41.820826],[-87.6038447,41.820616],[-87.6039225,41.8207405],[-87.6039381,41.8207654],[-87.6040003,41.820865],[-87.6034052,41.821075],[-87.603343,41.8209754],[-87.6033274,41.8209505],[-87.6032496,41.820826]]],[[[-87.6032641,41.8180826],[-87.6033374,41.8180818],[-87.6033454,41.8184934],[-87.6032721,41.8184942],[-87.6032062,41.8184949],[-87.6031328,41.8184957],[-87.6030706,41.8184964],[-87.6029973,41.8184972],[-87.6029707,41.8184975],[-87.6028355,41.8180872],[-87.6029892,41.8180856],[-87.6030625,41.8180848],[-87.6031248,41.8180841],[-87.6031981,41.8180833],[-87.6032641,41.8180826]]],[[[-87.6034856,41.8188086],[-87.6041435,41.8187656],[-87.6041505,41.8188258],[-87.6041576,41.8188859],[-87.6041658,41.8189564],[-87.6041751,41.8190357],[-87.6035176,41.8190817],[-87.603508,41.8189995],[-87.6034997,41.8189289],[-87.6034926,41.8188688],[-87.6034856,41.8188086]]],[[[-87.6025076,41.8225856],[-87.6025855,41.8225581],[-87.6031097,41.822373],[-87.6031462,41.82243],[-87.6031954,41.8225066],[-87.6032256,41.8225537],[-87.6032919,41.8225303],[-87.6033205,41.8225748],[-87.602652,41.8228108],[-87.6026234,41.8227662],[-87.6025933,41.8227192],[-87.602544,41.8226425],[-87.6025076,41.8225856]]],[[[-87.6047444,41.8176075],[-87.6053561,41.8175993],[-87.6053585,41.8176576],[-87.6053591,41.8176739],[-87.6053607,41.8177127],[-87.6053619,41.8177423],[-87.6053629,41.8177674],[-87.6053646,41.8178107],[-87.6053649,41.8178166],[-87.6053673,41.8178768],[-87.6047768,41.8178847],[-87.6047698,41.8178246],[-87.604769,41.8178187],[-87.604764,41.8177754],[-87.6047611,41.8177503],[-87.6047576,41.8177208],[-87.6047531,41.817682],[-87.6047512,41.8176657],[-87.6047444,41.8176075]]],[[[-87.6019136,41.8191026],[-87.6020834,41.8190711],[-87.6021054,41.8191376],[-87.6021275,41.8192042],[-87.6021496,41.8192708],[-87.6021726,41.8193401],[-87.602201,41.8194256],[-87.6022326,41.8195208],[-87.6019911,41.819522],[-87.6019264,41.8195223],[-87.6018841,41.8195226],[-87.6018796,41.8193488],[-87.6018578,41.8193052],[-87.6018346,41.8192587],[-87.6018021,41.819194],[-87.6017698,41.8191294],[-87.6019136,41.8191026]]],[[[-87.6052521,41.8223818],[-87.605667,41.8222354],[-87.6057217,41.8223223],[-87.6057528,41.822372],[-87.6057685,41.8223968],[-87.605784,41.8224216],[-87.6058154,41.8224713],[-87.6053491,41.8226325],[-87.6053195,41.8225856],[-87.6053039,41.8225608],[-87.6052883,41.8225359],[-87.6052571,41.8224863],[-87.6053068,41.8224688],[-87.6052521,41.8223818]]],[[[-87.6003036,41.818114],[-87.6005635,41.8181113],[-87.6005997,41.8181725],[-87.6006391,41.8182391],[-87.6006784,41.8183056],[-87.6007177,41.8183721],[-87.6007325,41.8183972],[-87.6007696,41.81846],[-87.6007993,41.8185102],[-87.6005802,41.8185827],[-87.6005505,41.8185324],[-87.6005135,41.8184697],[-87.6004987,41.8184446],[-87.6004594,41.818378],[-87.6004202,41.8183115],[-87.600381,41.818245],[-87.6003036,41.818114]]],[[[-87.6043928,41.8255672],[-87.6049882,41.8253621],[-87.6050173,41.8254118],[-87.6050482,41.8254644],[-87.6050774,41.8255142],[-87.6044859,41.8257182],[-87.6044554,41.8256686],[-87.6044233,41.8256166],[-87.6043928,41.8255672]]],[[[-87.6064764,41.828667],[-87.6066735,41.8285822],[-87.6067334,41.8286601],[-87.6068353,41.8286164],[-87.6067754,41.8285385],[-87.6068136,41.828522],[-87.6069947,41.8287577],[-87.6066574,41.8289025],[-87.6064764,41.828667]]],[[[-87.6044306,41.8227173],[-87.6050945,41.8224882],[-87.6051311,41.8225464],[-87.6051544,41.8225832],[-87.6051677,41.8226046],[-87.6045039,41.822834],[-87.6044698,41.8227802],[-87.6044672,41.8227759],[-87.6044306,41.8227173]]],[[[-87.6062953,41.8274106],[-87.6068415,41.827224],[-87.6068715,41.8272712],[-87.6069013,41.8273183],[-87.6069312,41.8273653],[-87.606391,41.8275498],[-87.6063591,41.8275034],[-87.6063271,41.827457],[-87.6062953,41.8274106]]],[[[-87.6031314,41.8235579],[-87.6037997,41.8233221],[-87.6038164,41.8233479],[-87.6038349,41.8233768],[-87.6038704,41.8234322],[-87.6032016,41.8236674],[-87.6031665,41.8236127],[-87.6031623,41.8236062],[-87.6031314,41.8235579]]],[[[-87.6036379,41.8230696],[-87.604251,41.8228578],[-87.6042898,41.8229199],[-87.6043248,41.8229758],[-87.6037133,41.8231871],[-87.6036775,41.8231314],[-87.6036411,41.8230746],[-87.6036379,41.8230696]]],[[[-87.6012556,41.8205029],[-87.6018228,41.8203028],[-87.601848,41.8203443],[-87.6018607,41.8203652],[-87.6018732,41.8203858],[-87.6018987,41.8204277],[-87.6013293,41.8206286],[-87.601323,41.8206179],[-87.6013046,41.8205866],[-87.6012983,41.8205758],[-87.6012924,41.8205657],[-87.6012862,41.8205551],[-87.6012801,41.8205447],[-87.6012733,41.820533],[-87.6012556,41.8205029]]],[[[-87.6073268,41.8297733],[-87.6076612,41.8296296],[-87.6076947,41.8296733],[-87.6077274,41.8297158],[-87.607761,41.8297595],[-87.6077965,41.8298057],[-87.6074621,41.8299493],[-87.6074266,41.8299031],[-87.6073931,41.8298595],[-87.6073603,41.8298169],[-87.6073268,41.8297733]]],[[[-87.6061934,41.8217833],[-87.6060617,41.821574],[-87.606496,41.8215771],[-87.6065017,41.8217855],[-87.6061934,41.8217833]]],[[[-87.6019606,41.8206461],[-87.6020188,41.8206256],[-87.6020439,41.8206668],[-87.6020468,41.8206717],[-87.6020534,41.8206826],[-87.6020743,41.8207168],[-87.601964,41.8207557],[-87.6014995,41.8209196],[-87.6014793,41.8208852],[-87.6014729,41.8208742],[-87.6014701,41.8208693],[-87.6014458,41.8208278],[-87.6019606,41.8206461]]],[[[-87.6025163,41.8183268],[-87.6028039,41.8182735],[-87.6028126,41.8183001],[-87.6028259,41.8183401],[-87.6021829,41.8184596],[-87.6021695,41.8184196],[-87.6021607,41.8183929],[-87.6025163,41.8183268]]],[[[-87.6082131,41.8289636],[-87.608663,41.8288138],[-87.6086898,41.8288603],[-87.6082422,41.8290094],[-87.6082131,41.8289636]]]]},"properties":{"id":"HD-22","name":"Oakland","designationDate":"1992-03-25","nationalRegister":"Not Listed","source":"data.cityofchicago.org/d/zidz-sdfj"}},{"type":"Feature","geometry":{"type":"MultiPolygon","coordinates":[[[[-87.6071706,41.6936299],[-87.6071479,41.6929403],[-87.6071022,41.6929408],[-87.6063002,41.6929494],[-87.6062636,41.6929497],[-87.605644,41.6929563],[-87.605461,41.692958],[-87.605442,41.692959],[-87.6054395,41.6928228],[-87.6054367,41.6926841],[-87.6054337,41.6925248],[-87.6054303,41.6923456],[-87.6054274,41.6921938],[-87.6054248,41.6920548],[-87.6054067,41.6911059],[-87.6053936,41.690414],[-87.6053724,41.689291],[-87.605372,41.689291],[-87.6053689,41.6891099],[-87.6053406,41.6876167],[-87.6053617,41.6874808],[-87.6053647,41.6874613],[-87.6053869,41.6872994],[-87.6053871,41.6872994],[-87.6061946,41.6872907],[-87.6064608,41.6872879],[-87.6064506,41.6867752],[-87.6064426,41.6863696],[-87.6064344,41.6859523],[-87.6064944,41.6859076],[-87.6065246,41.6858851],[-87.606525,41.685885],[-87.6069455,41.685879],[-87.6070647,41.6858775],[-87.6070647,41.6858775],[-87.6071871,41.6858756],[-87.6073038,41.6858739],[-87.6073951,41.6858726],[-87.6074431,41.6858719],[-87.6074864,41.6858713],[-87.6075776,41.68587],[-87.6075919,41.6858698],[-87.6076689,41.6858687],[-87.6077054,41.6858682],[-87.6077602,41.6858674],[-87.6078513,41.6858661],[-87.6078812,41.6858657],[-87.6079426,41.6858648],[-87.607967,41.6858645],[-87.6080339,41.6858635],[-87.6081264,41.6858622],[-87.6081508,41.6858618],[-87.6083924,41.6858599],[-87.6085098,41.6858587],[-87.6086018,41.6858578],[-87.6086938,41.6858568],[-87.6087858,41.6858559],[-87.6088779,41.685855],[-87.6088971,41.6858548],[-87.6089698,41.6858541],[-87.6090618,41.6858532],[-87.6091539,41.6858522],[-87.6092458,41.6858513],[-87.6093637,41.6858501],[-87.6093637,41.68585],[-87.6094785,41.685849],[-87.609605,41.685848],[-87.6096061,41.6858915],[-87.6096084,41.686009],[-87.60961,41.6860936],[-87.6096102,41.6861029],[-87.6096116,41.6861783],[-87.6096126,41.6862277],[-87.6096133,41.6862647],[-87.6096168,41.6864459],[-87.6096186,41.6865409],[-87.60962,41.6866122],[-87.60962,41.6866154],[-87.6096202,41.6866232],[-87.6096209,41.6866619],[-87.6096218,41.6867055],[-87.6096228,41.6867612],[-87.6096231,41.6867767],[-87.6096233,41.6867877],[-87.6096242,41.6868326],[-87.6096248,41.6868645],[-87.6096249,41.6868699],[-87.6096265,41.6869522],[-87.6096278,41.6870182],[-87.6096281,41.6870345],[-87.6096285,41.6870549],[-87.6096297,41.6871167],[-87.609631,41.6871843],[-87.6096323,41.6872538],[-87.6096365,41.6874729],[-87.6096372,41.687509],[-87.6096373,41.687515],[-87.6096378,41.6875394],[-87.6096385,41.6875777],[-87.609639,41.6876039],[-87.6096391,41.6876061],[-87.6096393,41.6876174],[-87.6096399,41.6876463],[-87.6096409,41.6877054],[-87.609641,41.6877105],[-87.6096411,41.6877149],[-87.6096425,41.6877836],[-87.6096428,41.6878012],[-87.6096429,41.6878049],[-87.6096438,41.6878522],[-87.609644,41.6878639],[-87.6096443,41.6878794],[-87.6096451,41.6879208],[-87.6096454,41.6879327],[-87.6096458,41.6879539],[-87.609646,41.6879674],[-87.6096464,41.6879895],[-87.6096471,41.6880285],[-87.6096474,41.6880411],[-87.6096478,41.6880581],[-87.6096486,41.688103],[-87.609649,41.6881261],[-87.609649,41.6881267],[-87.6096504,41.6881954],[-87.6096505,41.6881985],[-87.6096505,41.6882024],[-87.6096517,41.688264],[-87.609652,41.6882794],[-87.6096524,41.6883018],[-87.609653,41.6883326],[-87.6096531,41.6883344],[-87.6096543,41.6884012],[-87.6096579,41.6884012],[-87.6100796,41.6883966],[-87.6100791,41.6883688],[-87.6100791,41.688367],[-87.6101375,41.6883659],[-87.6107104,41.6883589],[-87.610855,41.6883571],[-87.6110085,41.688355],[-87.610828,41.6891432],[-87.6100413,41.692577],[-87.6100001,41.6927566],[-87.6099652,41.6929099],[-87.609381,41.695472],[-87.6092344,41.6954764],[-87.6090817,41.6954815],[-87.6085311,41.6954874],[-87.6084929,41.6954878],[-87.6075426,41.6954979],[-87.60726,41.6955008],[-87.6072323,41.6955012],[-87.6072121,41.6948883],[-87.6072095,41.6948074],[-87.6071937,41.694328],[-87.6071706,41.6936299]]],[[[-87.6060269,41.6981701],[-87.6060066,41.6974942],[-87.6060065,41.6974887],[-87.6059798,41.6965972],[-87.605971,41.696305],[-87.6061231,41.6963054],[-87.6072859,41.6962867],[-87.6073767,41.6962852],[-87.6074267,41.6978017],[-87.6077732,41.6977957],[-87.6077596,41.6981422],[-87.6084776,41.6981306],[-87.6086279,41.6981335],[-87.6087736,41.6981362],[-87.6087321,41.698318],[-87.608599,41.6989015],[-87.6083499,41.6999939],[-87.6083292,41.7000847],[-87.6083085,41.7001756],[-87.6080104,41.7001798],[-87.607916,41.7001811],[-87.6077599,41.7001833],[-87.6077322,41.7001837],[-87.6074853,41.7001872],[-87.6074959,41.7005301],[-87.6074972,41.700574],[-87.6074994,41.7006425],[-87.6075015,41.7007112],[-87.6075036,41.7007797],[-87.6075057,41.7008482],[-87.6075079,41.7009168],[-87.60751,41.7009853],[-87.6075121,41.7010539],[-87.6075143,41.7011224],[-87.6075149,41.7011434],[-87.6075164,41.701191],[-87.6075177,41.7012328],[-87.6075185,41.7012595],[-87.6075207,41.7013281],[-87.6075211,41.7013424],[-87.6075229,41.7014021],[-87.6075245,41.7014521],[-87.6075252,41.7014762],[-87.6075279,41.7015601],[-87.6075291,41.7015976],[-87.6075364,41.7018342],[-87.60754,41.702015],[-87.6072981,41.7020189],[-87.6069319,41.7020241],[-87.6068734,41.702025],[-87.6064158,41.7020316],[-87.606174,41.702035],[-87.6061716,41.7019472],[-87.6061687,41.701854],[-87.6061192,41.7002063],[-87.6061165,41.7001158],[-87.6061138,41.7000252],[-87.6060977,41.6994894],[-87.6060892,41.6992065],[-87.6060622,41.6983075],[-87.6060269,41.6981701]]],[[[-87.6038522,41.7018873],[-87.603998,41.7018852],[-87.604001,41.7019762],[-87.6040038,41.7020663],[-87.6040057,41.7021352],[-87.6040077,41.702204],[-87.6040097,41.7022729],[-87.6040117,41.7023416],[-87.6040136,41.7024105],[-87.6040156,41.7024794],[-87.6040176,41.7025482],[-87.6040186,41.7025826],[-87.6040196,41.7026171],[-87.6040215,41.7026858],[-87.6040249,41.7028023],[-87.6040301,41.7029834],[-87.6040334,41.7030993],[-87.6040353,41.7031677],[-87.6040372,41.7032361],[-87.6040393,41.7033046],[-87.6040412,41.703373],[-87.6040431,41.7034415],[-87.6040451,41.7035099],[-87.6040471,41.7035783],[-87.604049,41.7036468],[-87.604051,41.7037152],[-87.6040561,41.7038963],[-87.6040582,41.7039648],[-87.6040601,41.7040333],[-87.604062,41.7041018],[-87.604064,41.7041702],[-87.604066,41.7042387],[-87.6040679,41.7043072],[-87.6040699,41.7043757],[-87.6040719,41.7044441],[-87.6040722,41.7044578],[-87.6040738,41.7045126],[-87.6040746,41.70454],[-87.6040771,41.7046284],[-87.6040823,41.7048095],[-87.6040849,41.7048983],[-87.6040857,41.7049258],[-87.6040873,41.7049808],[-87.6040876,41.7049946],[-87.6040896,41.7050634],[-87.6040915,41.7051322],[-87.6040936,41.7052009],[-87.6040955,41.7052698],[-87.6040975,41.7053385],[-87.6040984,41.7053729],[-87.6040994,41.7054073],[-87.6041014,41.7054761],[-87.6041034,41.7055448],[-87.604109,41.705726],[-87.6038156,41.7057304],[-87.602631,41.7057484],[-87.6026253,41.7055673],[-87.6025253,41.7021816],[-87.6025206,41.7020239],[-87.6025171,41.7019058],[-87.6027588,41.7019024],[-87.6038522,41.7018873]]]]},"properties":{"id":"HD-27","name":"Pullman","designationDate":"1993-06-09","nationalRegister":"Unknown","source":"data.cityofchicago.org/d/zidz-sdfj"}},{"type":"Feature","geometry":{"type":"MultiPolygon","coordinates":[[[[-87.6015931,41.8114992],[-87.6015942,41.811554],[-87.6015954,41.8116089],[-87.6015966,41.8116638],[-87.6015977,41.8117187],[-87.6015989,41.8117736],[-87.6016,41.8118285],[-87.6016012,41.8118833],[-87.6016023,41.8119382],[-87.6016043,41.8120342],[-87.6016056,41.8120918],[-87.6016068,41.8121495],[-87.6016079,41.8122043],[-87.6016091,41.8122592],[-87.6016103,41.8123168],[-87.6016115,41.8123744],[-87.6016127,41.8124293],[-87.6016139,41.8124842],[-87.601615,41.8125391],[-87.6016162,41.812599],[-87.6016171,41.8126429],[-87.60162,41.8127801],[-87.6016238,41.8129612],[-87.6016276,41.8131423],[-87.6010775,41.8131486],[-87.6010518,41.8131489],[-87.6008684,41.813151],[-87.6007858,41.8131519],[-87.6006317,41.8131537],[-87.6005691,41.8131544],[-87.6005176,41.813155],[-87.6003341,41.8131571],[-87.6001558,41.8131592],[-87.6001191,41.8131595],[-87.5994587,41.8131671],[-87.5994567,41.813059],[-87.5994546,41.8129492],[-87.5994515,41.8127846],[-87.5994499,41.8127023],[-87.5994484,41.81262],[-87.599445,41.8124417],[-87.6005415,41.8124295],[-87.6005418,41.8124412],[-87.6005429,41.8124961],[-87.6005441,41.812551],[-87.6005453,41.812608],[-87.6009119,41.8126049],[-87.601015,41.812604],[-87.6010138,41.8125457],[-87.6010126,41.8124909],[-87.6010114,41.812436],[-87.6010103,41.8123811],[-87.6010091,41.8123235],[-87.6010079,41.8122658],[-87.6010067,41.812211],[-87.6010056,41.8121561],[-87.6010044,41.8120985],[-87.6010032,41.8120405],[-87.6009738,41.8120408],[-87.6009718,41.8119452],[-87.6009702,41.8118904],[-87.6009696,41.8118355],[-87.600968,41.8117806],[-87.6009974,41.8117802],[-87.6009963,41.8117253],[-87.6009952,41.8116705],[-87.6009941,41.8116156],[-87.6009931,41.8115607],[-87.600992,41.8115058],[-87.6015931,41.8114992]]],[[[-87.5991856,41.8115258],[-87.5991884,41.8116767],[-87.5991898,41.8117508],[-87.5991911,41.8118194],[-87.5991928,41.811905],[-87.5991938,41.8119613],[-87.5991949,41.8120176],[-87.5991959,41.8120738],[-87.599197,41.8121301],[-87.5991981,41.8121863],[-87.5991991,41.8122426],[-87.5992003,41.8123045],[-87.5992015,41.8123702],[-87.5992029,41.8124415],[-87.5992031,41.8124498],[-87.5992056,41.812587],[-87.5992082,41.8127242],[-87.599211,41.8128752],[-87.5992128,41.8129683],[-87.5992137,41.8130124],[-87.5992145,41.8130574],[-87.5992166,41.8131699],[-87.5984904,41.8131782],[-87.5982669,41.8131808],[-87.5982592,41.8127682],[-87.5981492,41.8127694],[-87.5981484,41.8127283],[-87.598146,41.8125988],[-87.5981434,41.8124616],[-87.5981433,41.8124533],[-87.5981419,41.812382],[-87.5981407,41.8123166],[-87.5984203,41.8123134],[-87.598457,41.812313],[-87.5984558,41.8122508],[-87.5984547,41.8121945],[-87.5984537,41.8121383],[-87.5984526,41.8120821],[-87.5984515,41.8120258],[-87.5984505,41.8119695],[-87.5984494,41.8119133],[-87.5984478,41.8118277],[-87.5986818,41.8118251],[-87.5986806,41.8117565],[-87.5986791,41.8116824],[-87.5986763,41.8115314],[-87.5991856,41.8115258]]],[[[-87.6000287,41.8133417],[-87.6000321,41.8134786],[-87.6000356,41.8136157],[-87.600039,41.8137528],[-87.6000425,41.81389],[-87.6000459,41.8140271],[-87.6000494,41.8141643],[-87.6000528,41.8143014],[-87.6000532,41.8143151],[-87.6000563,41.8144385],[-87.6000598,41.8145756],[-87.6000632,41.8147128],[-87.6000667,41.8148499],[-87.60007,41.814981],[-87.5999962,41.8149818],[-87.599497,41.8149877],[-87.5994943,41.8148566],[-87.5994914,41.8147195],[-87.5994885,41.8145824],[-87.5994855,41.8144452],[-87.5994829,41.8143218],[-87.5994826,41.8143081],[-87.5994797,41.8141709],[-87.5994767,41.8140338],[-87.5994738,41.8138967],[-87.5994709,41.8137595],[-87.599468,41.8136224],[-87.5994651,41.8134853],[-87.5994622,41.8133482],[-87.6000287,41.8133417]]],[[[-87.6016314,41.8133233],[-87.6016323,41.8133692],[-87.6016333,41.8134152],[-87.6016342,41.8134613],[-87.6016352,41.8135075],[-87.6016361,41.8135536],[-87.6016371,41.8135996],[-87.6016381,41.8136457],[-87.601639,41.8136917],[-87.6016399,41.8137378],[-87.6016409,41.8137848],[-87.6016418,41.8138306],[-87.6016428,41.8138763],[-87.6016437,41.813922],[-87.6016447,41.8139677],[-87.6016457,41.8140147],[-87.6016468,41.8140701],[-87.6016479,41.8141254],[-87.6016491,41.8141807],[-87.6016502,41.814236],[-87.6016513,41.8142913],[-87.6016525,41.8143466],[-87.6016537,41.8144047],[-87.6016549,41.8144628],[-87.6016561,41.8145208],[-87.6016572,41.8145775],[-87.6016584,41.8146341],[-87.6016596,41.8146922],[-87.6016606,41.8147391],[-87.6016616,41.8147848],[-87.6016624,41.8148304],[-87.6016634,41.814876],[-87.6016643,41.8149217],[-87.6016652,41.8149623],[-87.601119,41.8149687],[-87.601118,41.8149279],[-87.6011168,41.8148823],[-87.6011156,41.8148367],[-87.6011145,41.8147911],[-87.6011134,41.8147454],[-87.6011121,41.8146984],[-87.6011107,41.8146404],[-87.6011093,41.8145838],[-87.6011079,41.8145271],[-87.6011064,41.814469],[-87.6011049,41.814411],[-87.6011035,41.8143529],[-87.6011021,41.8142977],[-87.6011007,41.8142423],[-87.6010993,41.814187],[-87.6010979,41.8141317],[-87.6010965,41.8140764],[-87.6010951,41.814021],[-87.6010939,41.813974],[-87.6010927,41.8139283],[-87.6010916,41.8138826],[-87.6010905,41.8138369],[-87.6010893,41.8137911],[-87.6010882,41.8137441],[-87.601087,41.813698],[-87.6010858,41.813652],[-87.6010847,41.813606],[-87.6010835,41.8135599],[-87.6010823,41.8135138],[-87.6010812,41.8134677],[-87.60108,41.8134216],[-87.6010789,41.8133755],[-87.6010777,41.8133297],[-87.6016314,41.8133233]]],[[[-87.6004462,41.8133369],[-87.6004496,41.8134737],[-87.6004531,41.8136108],[-87.6004548,41.8136794],[-87.6004565,41.813748],[-87.6004582,41.8138166],[-87.60046,41.8138852],[-87.6004611,41.8139308],[-87.6004623,41.8139766],[-87.6004634,41.8140222],[-87.6004646,41.814068],[-87.6004658,41.8141137],[-87.6004669,41.8141593],[-87.600468,41.8142051],[-87.6004692,41.8142508],[-87.6004704,41.8142965],[-87.6004715,41.8143423],[-87.6004727,41.814388],[-87.6004738,41.8144337],[-87.600475,41.8144793],[-87.6004761,41.8145251],[-87.6004773,41.8145707],[-87.6004785,41.8146165],[-87.6004795,41.8146622],[-87.6004875,41.8149762],[-87.6001177,41.8149807],[-87.6001097,41.8146665],[-87.6001086,41.8146208],[-87.6001074,41.8145751],[-87.6001062,41.8145294],[-87.6001051,41.8144837],[-87.6001039,41.814438],[-87.6001027,41.8143923],[-87.6001016,41.8143466],[-87.6001005,41.8143008],[-87.6000993,41.8142551],[-87.6000981,41.8142094],[-87.600097,41.8141637],[-87.6000958,41.8141181],[-87.6000947,41.8140723],[-87.6000935,41.8140266],[-87.6000924,41.8139809],[-87.6000913,41.8139352],[-87.6000901,41.8138895],[-87.6000884,41.8138209],[-87.6000866,41.8137523],[-87.6000849,41.8136837],[-87.6000832,41.8136152],[-87.6000797,41.8134781],[-87.6000763,41.8133411],[-87.6004462,41.8133369]]],[[[-87.60103,41.8133303],[-87.6010312,41.8133787],[-87.6010324,41.8134241],[-87.6010335,41.8134695],[-87.6010346,41.8135149],[-87.6010358,41.8135603],[-87.6010369,41.8136057],[-87.6010383,41.8136604],[-87.6010397,41.8137151],[-87.6010411,41.8137698],[-87.6010424,41.8138245],[-87.6010438,41.8138792],[-87.6010451,41.8139271],[-87.6010462,41.8139742],[-87.6010474,41.8140222],[-87.6010486,41.81407],[-87.6010499,41.8141179],[-87.601051,41.8141658],[-87.6010522,41.8142136],[-87.6010534,41.8142615],[-87.6010546,41.8143074],[-87.6010558,41.8143561],[-87.6010571,41.8144048],[-87.6010582,41.8144508],[-87.6010593,41.8144967],[-87.6010605,41.8145427],[-87.6010617,41.8145892],[-87.6010629,41.8146357],[-87.6010641,41.8146822],[-87.6010653,41.8147314],[-87.6010665,41.8147779],[-87.6010676,41.8148244],[-87.6010688,41.8148709],[-87.60107,41.8149201],[-87.6010713,41.8149693],[-87.6007075,41.8149735],[-87.6007063,41.8149243],[-87.6007051,41.814875],[-87.6007039,41.8148285],[-87.6007028,41.814782],[-87.6007015,41.8147356],[-87.6007003,41.8146863],[-87.6006992,41.8146398],[-87.6006979,41.8145933],[-87.6006968,41.8145468],[-87.6006956,41.8145009],[-87.6006945,41.8144549],[-87.6006934,41.814409],[-87.6006921,41.8143603],[-87.6006909,41.8143116],[-87.6006897,41.8142657],[-87.6006885,41.8142178],[-87.6006873,41.8141699],[-87.6006861,41.8141221],[-87.6006849,41.8140742],[-87.6006837,41.8140263],[-87.6006825,41.8139784],[-87.6006813,41.8139312],[-87.6006801,41.8138834],[-87.6006787,41.8138287],[-87.6006773,41.813774],[-87.600676,41.8137193],[-87.6006746,41.8136646],[-87.6006732,41.8136098],[-87.6006721,41.8135644],[-87.6006709,41.813519],[-87.6006698,41.8134736],[-87.6006687,41.8134282],[-87.6006675,41.8133828],[-87.6006663,41.8133344],[-87.60103,41.8133303]]],[[[-87.6024964,41.8131323],[-87.6024377,41.8131331],[-87.6019211,41.8131389],[-87.6019198,41.8130783],[-87.6019186,41.8130233],[-87.6019175,41.8129682],[-87.6019164,41.8129131],[-87.6019152,41.8128581],[-87.6019142,41.81281],[-87.6019113,41.8126716],[-87.6019093,41.8125766],[-87.6019073,41.8124817],[-87.6019044,41.8123441],[-87.6019028,41.812267],[-87.6025225,41.8122599],[-87.6025812,41.8122592],[-87.6025805,41.8122307],[-87.6025987,41.8122167],[-87.6029038,41.8122132],[-87.6029225,41.8122267],[-87.6029247,41.8123323],[-87.6029276,41.81247],[-87.6024237,41.8124758],[-87.6024257,41.8125707],[-87.6024277,41.8126656],[-87.6024307,41.8128041],[-87.6024894,41.8128034],[-87.6024904,41.8128515],[-87.6024916,41.8129065],[-87.6024928,41.8129616],[-87.602494,41.8130167],[-87.6024951,41.8130717],[-87.6024964,41.8131323]]],[[[-87.5992489,41.8147054],[-87.5992504,41.814774],[-87.5992518,41.8148427],[-87.598891,41.8148468],[-87.5988744,41.814847],[-87.5988759,41.8149156],[-87.5988774,41.8149842],[-87.5988609,41.8149843],[-87.5987949,41.8149851],[-87.5987342,41.8149857],[-87.5987363,41.8150872],[-87.5986263,41.8150885],[-87.598588,41.8150889],[-87.5985602,41.8150893],[-87.5984942,41.8150901],[-87.5984283,41.8150908],[-87.5983623,41.8150916],[-87.5982962,41.8150924],[-87.5982302,41.8150931],[-87.5981642,41.8150939],[-87.5981153,41.8150944],[-87.597695,41.8150994],[-87.5976429,41.8150289],[-87.5975887,41.8149554],[-87.5975488,41.8149013],[-87.5975136,41.8148537],[-87.5976793,41.8148518],[-87.5979336,41.8148489],[-87.5979345,41.8148969],[-87.5979583,41.8149073],[-87.5981113,41.8149055],[-87.5981111,41.814895],[-87.5980376,41.8148958],[-87.5979618,41.8148966],[-87.597958,41.814895],[-87.5979543,41.8147202],[-87.5980339,41.8147193],[-87.5981073,41.8147185],[-87.5981562,41.8147179],[-87.5982221,41.8147172],[-87.5982882,41.8147164],[-87.5983542,41.8147157],[-87.5984203,41.8147149],[-87.5984862,41.8147142],[-87.5985523,41.8147134],[-87.5986183,41.8147126],[-87.5987284,41.8147114],[-87.5987891,41.8147107],[-87.5988551,41.8147099],[-87.5988716,41.8147098],[-87.5988881,41.8147095],[-87.5992489,41.8147054]]],[[[-87.6027498,41.8114866],[-87.6027546,41.8117134],[-87.6027563,41.8117913],[-87.6027606,41.8119912],[-87.6027619,41.8120513],[-87.6029187,41.8120495],[-87.6029209,41.8121554],[-87.6029029,41.8121694],[-87.6027224,41.8121714],[-87.6025207,41.8121737],[-87.602521,41.8121918],[-87.6019014,41.8121989],[-87.6018985,41.8120613],[-87.6024813,41.8120545],[-87.6025181,41.8120541],[-87.6025763,41.8120534],[-87.6025736,41.8119241],[-87.6025711,41.8118069],[-87.6025708,41.8117934],[-87.6025239,41.8117939],[-87.6024582,41.8117947],[-87.6023926,41.8117955],[-87.6023259,41.8117962],[-87.6018929,41.8118012],[-87.6018916,41.8117411],[-87.6018905,41.8116825],[-87.6018892,41.8116239],[-87.601888,41.8115652],[-87.6018865,41.8114959],[-87.6023195,41.8114913],[-87.6023862,41.8114905],[-87.6024518,41.8114898],[-87.6025174,41.8114891],[-87.6025831,41.8114884],[-87.6026487,41.8114877],[-87.6027223,41.8114869],[-87.6027498,41.8114866]]],[[[-87.5991701,41.8108307],[-87.599173,41.8109592],[-87.5991758,41.8110877],[-87.5991788,41.8112162],[-87.5991816,41.8113447],[-87.5985031,41.8113522],[-87.5984928,41.8108931],[-87.5984916,41.8108382],[-87.5991701,41.8108307]]],[[[-87.6038086,41.8114752],[-87.6038156,41.8118026],[-87.6029797,41.8118116],[-87.6029727,41.8114842],[-87.6038086,41.8114752]]],[[[-87.6001385,41.8109924],[-87.6001412,41.811116],[-87.6001461,41.811334],[-87.5994237,41.8113421],[-87.5994188,41.811124],[-87.5994161,41.8110005],[-87.6001385,41.8109924]]],[[[-87.6054863,41.8127146],[-87.6054883,41.8128147],[-87.6054886,41.8128284],[-87.6054904,41.8129162],[-87.6045732,41.8129266],[-87.6045713,41.8128387],[-87.6045711,41.8128251],[-87.6045689,41.8127249],[-87.6054863,41.8127146]]],[[[-87.5965281,41.8146759],[-87.5965457,41.8146999],[-87.5965565,41.8147146],[-87.5965849,41.8147532],[-87.59659,41.8147601],[-87.5966133,41.8147918],[-87.5966342,41.8148202],[-87.5966663,41.8148639],[-87.5966784,41.8148802],[-87.5967226,41.8149403],[-87.5967321,41.8149533],[-87.5962845,41.815142],[-87.596275,41.8151291],[-87.5962308,41.815069],[-87.5962188,41.8150526],[-87.5961866,41.8150089],[-87.5961657,41.8149805],[-87.5961424,41.8149488],[-87.5961373,41.8149419],[-87.5961089,41.8149033],[-87.5960981,41.8148886],[-87.5960804,41.8148646],[-87.5965281,41.8146759]]],[[[-87.5958561,41.8118094],[-87.5959103,41.8118538],[-87.5959178,41.8118648],[-87.5959579,41.8119244],[-87.5960016,41.8119894],[-87.5960382,41.8119728],[-87.5960919,41.812019],[-87.5955649,41.8122544],[-87.5955269,41.8122043],[-87.5954923,41.8121584],[-87.5954561,41.8121106],[-87.5954181,41.8120604],[-87.5958561,41.8118094]]],[[[-87.5957428,41.8117164],[-87.595316,41.8119674],[-87.5952647,41.8119244],[-87.5952134,41.8118814],[-87.595162,41.8118385],[-87.5951009,41.8117873],[-87.595499,41.8115165],[-87.5955583,41.8115651],[-87.5956188,41.8116148],[-87.5956789,41.811664],[-87.5957428,41.8117164]]],[[[-87.6030621,41.815127],[-87.6030713,41.8155117],[-87.6029737,41.8155129],[-87.6029129,41.8155136],[-87.602876,41.815514],[-87.602857,41.8155143],[-87.6028002,41.815515],[-87.6027783,41.8155152],[-87.602722,41.8155159],[-87.6027128,41.8151312],[-87.6027691,41.8151305],[-87.602791,41.8151303],[-87.6028478,41.8151295],[-87.6028668,41.8151293],[-87.6029037,41.8151288],[-87.6029645,41.8151281],[-87.6030621,41.815127]]],[[[-87.5958392,41.8148781],[-87.5958622,41.8149094],[-87.5959064,41.8149695],[-87.5959506,41.8150295],[-87.5959949,41.8150897],[-87.5955305,41.8152854],[-87.5954863,41.8152253],[-87.5954421,41.8151653],[-87.5954004,41.815104],[-87.5953788,41.8150722],[-87.5958392,41.8148781]]],[[[-87.5961493,41.8133943],[-87.5961823,41.8134379],[-87.5962125,41.8134778],[-87.5962428,41.8135179],[-87.5962728,41.8135575],[-87.5956838,41.8138058],[-87.5956556,41.8137654],[-87.5956273,41.8137246],[-87.5955989,41.8136838],[-87.5955685,41.81364],[-87.595675,41.813595],[-87.5957388,41.813568],[-87.5961493,41.8133943]]],[[[-87.5934456,41.8116977],[-87.5934907,41.8117575],[-87.5934946,41.8117627],[-87.5935357,41.8118172],[-87.5935486,41.8118344],[-87.5935807,41.811877],[-87.5936,41.8119026],[-87.5936258,41.8119368],[-87.5936522,41.8119719],[-87.5933106,41.8121147],[-87.5932854,41.8120789],[-87.593261,41.8120442],[-87.5932426,41.8120182],[-87.5932122,41.8119749],[-87.5932,41.8119575],[-87.5931609,41.8119021],[-87.5931572,41.8118968],[-87.5931144,41.8118361],[-87.5934456,41.8116977]]],[[[-87.6025192,41.8156112],[-87.6025203,41.8156571],[-87.6025214,41.8157019],[-87.6025225,41.8157483],[-87.6025245,41.8158307],[-87.6019744,41.815837],[-87.6019724,41.8157546],[-87.6019713,41.8157081],[-87.6019702,41.8156634],[-87.6019691,41.8156175],[-87.6025192,41.8156112]]],[[[-87.6000165,41.8117641],[-87.6000171,41.8117904],[-87.6001638,41.8117888],[-87.6001667,41.811926],[-87.5994354,41.8119341],[-87.5994328,41.8117968],[-87.5994323,41.8117708],[-87.6000165,41.8117641]]],[[[-87.6015722,41.8105513],[-87.6015752,41.8106884],[-87.6015758,41.8107159],[-87.6008789,41.8107237],[-87.6008783,41.8106962],[-87.6008752,41.810559],[-87.6015722,41.8105513]]],[[[-87.5952962,41.8141527],[-87.5953412,41.8142124],[-87.5953863,41.8142722],[-87.5954314,41.8143319],[-87.5951371,41.8144549],[-87.5949983,41.8145128],[-87.5949556,41.8144521],[-87.5949129,41.8143913],[-87.5948701,41.8143306],[-87.5952962,41.8141527]]],[[[-87.6001262,41.8104437],[-87.6001292,41.8105809],[-87.5994068,41.810589],[-87.5994038,41.8104518],[-87.6001262,41.8104437]]],[[[-87.6001323,41.8107181],[-87.6001354,41.8108553],[-87.5994129,41.8108633],[-87.5994099,41.8107261],[-87.6001323,41.8107181]]],[[[-87.5952921,41.8111338],[-87.595605,41.811403],[-87.5955514,41.8114381],[-87.5954979,41.8114731],[-87.595467,41.8114932],[-87.5954329,41.8114983],[-87.5953589,41.8115092],[-87.5950779,41.8112739],[-87.5951315,41.8112389],[-87.595185,41.8112039],[-87.5952386,41.8111688],[-87.5952921,41.8111338]]],[[[-87.5971737,41.8155535],[-87.5972091,41.8156016],[-87.5972356,41.8156376],[-87.5972533,41.8156617],[-87.5972904,41.8157122],[-87.5969633,41.8158501],[-87.5968428,41.8159009],[-87.5968057,41.8158504],[-87.596788,41.8158263],[-87.5967614,41.8157903],[-87.5967261,41.8157422],[-87.5969589,41.8156441],[-87.5971737,41.8155535]]],[[[-87.6052544,41.8104648],[-87.605257,41.8105883],[-87.6045232,41.8105836],[-87.6045209,41.8104727],[-87.6052544,41.8104648]]],[[[-87.5975018,41.8159995],[-87.5975187,41.8160224],[-87.5975628,41.8160824],[-87.5976071,41.8161425],[-87.5971594,41.8163312],[-87.5971151,41.8162711],[-87.597071,41.816211],[-87.5970542,41.8161882],[-87.5975018,41.8159995]]],[[[-87.6052637,41.8109038],[-87.6052661,41.8110135],[-87.6045326,41.8110215],[-87.6045302,41.8109117],[-87.6052637,41.8109038]]],[[[-87.5939148,41.8115325],[-87.5940146,41.8116256],[-87.5940729,41.8116799],[-87.5941312,41.8117342],[-87.5941384,41.8117409],[-87.5941318,41.8117436],[-87.5938274,41.811869],[-87.5938219,41.8118616],[-87.5937769,41.8118019],[-87.5937318,41.8117422],[-87.5936874,41.8116833],[-87.5939148,41.8115325]]],[[[-87.5950502,41.811292],[-87.5951603,41.8113841],[-87.5952214,41.8114352],[-87.5949176,41.8116339],[-87.5948565,41.8115828],[-87.5947465,41.8114907],[-87.5950502,41.811292]]],[[[-87.5955193,41.8125618],[-87.5951181,41.8127309],[-87.5950822,41.8126824],[-87.5950465,41.8126344],[-87.5950288,41.8126104],[-87.595011,41.8125864],[-87.5954105,41.812418],[-87.5954286,41.8124419],[-87.5954466,41.8124658],[-87.5954828,41.8125135],[-87.5955193,41.8125618]]],[[[-87.605483,41.8125541],[-87.6054847,41.8126364],[-87.6045673,41.8126468],[-87.6045655,41.8125644],[-87.605483,41.8125541]]],[[[-87.602534,41.8162268],[-87.6025373,41.8163635],[-87.6019871,41.8163697],[-87.6019838,41.816233],[-87.602534,41.8162268]]],[[[-87.6025274,41.8159533],[-87.6025307,41.81609],[-87.6019805,41.8160963],[-87.6019773,41.8159597],[-87.6025274,41.8159533]]],[[[-87.5976966,41.8162642],[-87.5977397,41.8163228],[-87.5977839,41.816383],[-87.597785,41.8163844],[-87.5973373,41.8165731],[-87.5973363,41.8165717],[-87.5972921,41.8165116],[-87.5972489,41.8164529],[-87.5976966,41.8162642]]],[[[-87.5948012,41.8118082],[-87.5945627,41.8119662],[-87.5945112,41.8120003],[-87.5944967,41.8120099],[-87.5944662,41.8119816],[-87.5944277,41.8119457],[-87.5944088,41.811928],[-87.5943588,41.8118814],[-87.5946545,41.8116854],[-87.5947076,41.8117299],[-87.5947278,41.8117468],[-87.5947688,41.8117811],[-87.5948012,41.8118082]]],[[[-87.5945369,41.8131454],[-87.5941498,41.8133071],[-87.594143,41.8132974],[-87.5941036,41.8132416],[-87.5940575,41.8131761],[-87.5944397,41.8130164],[-87.5944883,41.813081],[-87.5945297,41.8131358],[-87.5945369,41.8131454]]],[[[-87.601669,41.8153415],[-87.6016701,41.8153854],[-87.6016712,41.8154305],[-87.6016725,41.8154832],[-87.6012243,41.8154882],[-87.6012233,41.8154357],[-87.6012225,41.8153906],[-87.6012218,41.8153467],[-87.601669,41.8153415]]],[[[-87.6016892,41.8161873],[-87.6016903,41.8162337],[-87.6016914,41.8162791],[-87.6016925,41.8163245],[-87.601239,41.8163298],[-87.6012382,41.8162844],[-87.6012374,41.816239],[-87.6012366,41.8161926],[-87.6016892,41.8161873]]],[[[-87.6005163,41.8163378],[-87.6005175,41.8164009],[-87.6005189,41.816464],[-87.6000518,41.8164692],[-87.6000506,41.8164061],[-87.6000492,41.816343],[-87.6005163,41.8163378]]],[[[-87.5941694,41.8126579],[-87.5942144,41.8127176],[-87.5942595,41.8127774],[-87.5938866,41.8129332],[-87.5938438,41.8128724],[-87.5938011,41.8128117],[-87.5941694,41.8126579]]],[[[-87.5962425,41.8154263],[-87.5962601,41.8154503],[-87.5963043,41.8155105],[-87.596308,41.8155152],[-87.5958436,41.8157111],[-87.59584,41.8157062],[-87.5957959,41.8156462],[-87.5957782,41.8156221],[-87.5962425,41.8154263]]],[[[-87.5969405,41.8163751],[-87.596967,41.8164111],[-87.5969754,41.8164225],[-87.5970042,41.8164616],[-87.5969764,41.8164733],[-87.5965482,41.816654],[-87.5965098,41.8166039],[-87.5964825,41.8165683],[-87.5969405,41.8163751]]],[[[-87.5958752,41.8103173],[-87.5958054,41.8103202],[-87.5957835,41.8103211],[-87.5957717,41.8097634],[-87.5957937,41.8097632],[-87.5958635,41.8097624],[-87.5958752,41.8103173]]],[[[-87.5977776,41.8129807],[-87.5977784,41.8130164],[-87.5977791,41.8130492],[-87.5970508,41.8130576],[-87.5970501,41.8130247],[-87.5970493,41.812989],[-87.5977776,41.8129807]]],[[[-87.5956002,41.8109323],[-87.5958866,41.8112189],[-87.5958411,41.8112485],[-87.5957968,41.8112776],[-87.5954839,41.8110084],[-87.5955422,41.8109702],[-87.5956002,41.8109323]]],[[[-87.5999883,41.8160513],[-87.5999897,41.8161199],[-87.5999902,41.8161453],[-87.5995218,41.8161509],[-87.5995212,41.8161255],[-87.5995198,41.8160568],[-87.5999883,41.8160513]]],[[[-87.5957295,41.814729],[-87.5957737,41.8147891],[-87.5957826,41.8148012],[-87.5953255,41.8149939],[-87.5953172,41.8149817],[-87.5952756,41.8149205],[-87.5957295,41.814729]]],[[[-87.6016938,41.8163771],[-87.601695,41.8164248],[-87.6016961,41.8164702],[-87.6012416,41.8164755],[-87.6012408,41.8164301],[-87.6012399,41.8163824],[-87.6016938,41.8163771]]],[[[-87.5946501,41.8132956],[-87.5946803,41.8133357],[-87.5947106,41.8133759],[-87.5943146,41.8135413],[-87.5942859,41.8135005],[-87.5942572,41.8134597],[-87.5946501,41.8132956]]],[[[-87.601577,41.8107708],[-87.6015782,41.8108256],[-87.6008813,41.8108334],[-87.6008801,41.8107786],[-87.601577,41.8107708]]],[[[-87.5985343,41.814057],[-87.5985356,41.8141165],[-87.5985368,41.8141757],[-87.5982149,41.8141794],[-87.5982138,41.8141202],[-87.5982126,41.8140608],[-87.5985343,41.814057]]],[[[-87.5972258,41.8148384],[-87.5972524,41.8148745],[-87.5972791,41.8149105],[-87.5969463,41.8150508],[-87.5968824,41.8150778],[-87.5968558,41.8150417],[-87.5968293,41.8150056],[-87.5969443,41.8149571],[-87.5972258,41.8148384]]],[[[-87.5960391,41.8151498],[-87.5960833,41.8152099],[-87.595619,41.8154057],[-87.5955748,41.8153456],[-87.5960391,41.8151498]]],[[[-87.5980597,41.8137392],[-87.5980608,41.8137941],[-87.5980619,41.8138489],[-87.5977428,41.8138526],[-87.5977417,41.8137977],[-87.5977406,41.8137429],[-87.5980597,41.8137392]]],[[[-87.5950636,41.8120279],[-87.5951524,41.8121021],[-87.5947779,41.8122721],[-87.594721,41.8122191],[-87.5948351,41.812146],[-87.594854,41.8121614],[-87.5950636,41.8120279]]],[[[-87.5980557,41.8135253],[-87.5980567,41.8135788],[-87.5980577,41.8136323],[-87.5977386,41.8136359],[-87.5977376,41.8135825],[-87.5977366,41.8135289],[-87.5980557,41.8135253]]],[[[-87.6011669,41.8151492],[-87.6011682,41.8152203],[-87.6007133,41.8152253],[-87.6007119,41.8151546],[-87.6011669,41.8151492]]],[[[-87.6005045,41.8157706],[-87.600506,41.8158393],[-87.6000389,41.8158448],[-87.6000375,41.8157762],[-87.6005045,41.8157706]]],[[[-87.6004933,41.8152272],[-87.6004947,41.8152958],[-87.6000277,41.8153013],[-87.6000263,41.8152327],[-87.6004933,41.8152272]]],[[[-87.5979622,41.8158364],[-87.5980066,41.8158966],[-87.5976083,41.8160644],[-87.597564,41.8160043],[-87.5979622,41.8158364]]],[[[-87.5963028,41.8135971],[-87.5963328,41.8136368],[-87.5957399,41.8138867],[-87.5957118,41.8138463],[-87.5963028,41.8135971]]],[[[-87.6011898,41.8164564],[-87.601191,41.8165223],[-87.6007403,41.8165273],[-87.6007389,41.8164614],[-87.6011898,41.8164564]]],[[[-87.5969437,41.8152409],[-87.5969505,41.8152502],[-87.5969791,41.815289],[-87.5969516,41.8153007],[-87.5965316,41.8154778],[-87.5964962,41.8154297],[-87.5969437,41.8152409]]],[[[-87.5949049,41.812528],[-87.5949402,41.8125756],[-87.5944975,41.812758],[-87.5944618,41.8127105],[-87.5949049,41.812528]]],[[[-87.5953382,41.8123225],[-87.5953744,41.8123702],[-87.5949754,41.8125384],[-87.5949398,41.8124904],[-87.5953382,41.8123225]]],[[[-87.5933646,41.8112648],[-87.5936396,41.8114949],[-87.5935897,41.811528],[-87.5933147,41.8112978],[-87.5933646,41.8112648]]]]},"properties":{"id":"HD-21","name":"North Kenwood Multiple Resource","designationDate":"1993-06-09","nationalRegister":"Not Listed","source":"data.cityofchicago.org/d/zidz-sdfj"}},{"type":"Feature","geometry":{"type":"Polygon","coordinates":[[[-87.7216977,41.8532379],[-87.7217004,41.8533367],[-87.7217032,41.8534354],[-87.7217058,41.8535341],[-87.7217085,41.8536329],[-87.7217113,41.8537317],[-87.7217138,41.8538249],[-87.7216551,41.8538255],[-87.7211776,41.8538305],[-87.7209357,41.8538446],[-87.7209336,41.8537759],[-87.7209316,41.8537072],[-87.7209295,41.8536384],[-87.7209275,41.8535696],[-87.7209254,41.853501],[-87.7209234,41.8534322],[-87.7209213,41.8533635],[-87.7209193,41.8532947],[-87.7209172,41.853226],[-87.7209148,41.853146],[-87.7211571,41.8531446],[-87.7216364,41.8531395],[-87.721695,41.8531391],[-87.7216977,41.8532379]]]},"properties":{"id":"HD-10","name":"Five Houses on Avers Avenue","designationDate":"1994-03-02","nationalRegister":"Not Listed","source":"data.cityofchicago.org/d/zidz-sdfj"}},{"type":"Feature","geometry":{"type":"MultiPolygon","coordinates":[[[[-87.6707668,41.6924355],[-87.6707232,41.6927629],[-87.6705783,41.6927521],[-87.6706219,41.6924246],[-87.6707668,41.6924355]]],[[[-87.6674517,41.7213335],[-87.6674399,41.7215813],[-87.6674078,41.7215805],[-87.6674138,41.7214539],[-87.6673569,41.7214523],[-87.6673564,41.7214622],[-87.667364,41.7214624],[-87.667361,41.7215267],[-87.6672637,41.7215241],[-87.6672712,41.7213647],[-87.6673572,41.721367],[-87.6673549,41.7214153],[-87.6674107,41.7214168],[-87.6674147,41.7213325],[-87.6674517,41.7213335]]],[[[-87.6716715,41.6849154],[-87.6716486,41.6850874],[-87.6716078,41.6850844],[-87.6715217,41.685078],[-87.6715445,41.6849059],[-87.6716096,41.6849108],[-87.6716715,41.6849154]]],[[[-87.6674173,41.7278963],[-87.667412,41.7280506],[-87.6672657,41.7280478],[-87.6672687,41.7279593],[-87.6672858,41.7279596],[-87.667288,41.7278938],[-87.6674173,41.7278963]]],[[[-87.6699738,41.6988185],[-87.6699731,41.6988249],[-87.6700061,41.6988268],[-87.6700043,41.6988445],[-87.6700264,41.6988458],[-87.6700175,41.6989327],[-87.6699607,41.6989294],[-87.6699596,41.6989396],[-87.6698649,41.6989342],[-87.6698689,41.698896],[-87.6698557,41.6988846],[-87.6698602,41.6988562],[-87.6698766,41.6988474],[-87.6698802,41.6988131],[-87.6699738,41.6988185]]],[[[-87.66756,41.7136583],[-87.6675644,41.7137677],[-87.6674046,41.7137712],[-87.6674003,41.7136619],[-87.66756,41.7136583]]]]},"properties":{"id":"HD-5","name":"Beverly/Morgan Park Railroad Stations","designationDate":"1995-04-15","nationalRegister":"Not Listed","source":"data.cityofchicago.org/d/zidz-sdfj"}},{"type":"Feature","geometry":{"type":"Polygon","coordinates":[[[-87.6424182,41.9448599],[-87.6423762,41.9447223],[-87.6423512,41.9446411],[-87.6423269,41.9445618],[-87.6424131,41.9445472],[-87.6425128,41.9445302],[-87.6426602,41.9445051],[-87.6426998,41.9444984],[-87.6428394,41.9444746],[-87.6430015,41.944447],[-87.6430186,41.9444441],[-87.6430341,41.9444414],[-87.6431978,41.9444136],[-87.6433417,41.9443891],[-87.6433769,41.9443831],[-87.6434173,41.9443762],[-87.6435559,41.9443527],[-87.6435561,41.9443526],[-87.6435082,41.9441958],[-87.6434146,41.9438892],[-87.643415,41.9438892],[-87.6435849,41.9438872],[-87.6435976,41.943887],[-87.6436024,41.943887],[-87.6436239,41.9438867],[-87.6437382,41.9438854],[-87.6437686,41.943885],[-87.6437707,41.943885],[-87.6437902,41.9438847],[-87.6438054,41.9438845],[-87.6439523,41.9438828],[-87.6439709,41.9438826],[-87.6439781,41.9438825],[-87.6441362,41.9438807],[-87.6441519,41.9438805],[-87.6441659,41.9438803],[-87.64432,41.9438785],[-87.6443537,41.9438781],[-87.6445005,41.9438763],[-87.6445037,41.9438763],[-87.6445268,41.943876],[-87.6445416,41.9438758],[-87.644551,41.9438757],[-87.6445748,41.9438754],[-87.6446874,41.9438741],[-87.6447569,41.9438734],[-87.6448477,41.9438723],[-87.6448888,41.9438718],[-87.6448889,41.943872],[-87.644997,41.9441073],[-87.645005,41.944106],[-87.645029,41.9441844],[-87.6450544,41.9442665],[-87.6450631,41.9442951],[-87.6450747,41.944333],[-87.6450837,41.9443625],[-87.6450927,41.9443919],[-87.6451017,41.9444213],[-87.6451107,41.9444508],[-87.6451196,41.9444802],[-87.6451287,41.9445097],[-87.6451377,41.9445391],[-87.6451489,41.944576],[-87.645149,41.9445761],[-87.6451472,41.9445768],[-87.645144,41.9445778],[-87.6451119,41.9445887],[-87.6450604,41.9446062],[-87.6450264,41.9446177],[-87.6449767,41.9446346],[-87.6449767,41.9446346],[-87.6449536,41.9445971],[-87.6449536,41.9445971],[-87.6449509,41.944598],[-87.6449027,41.9446144],[-87.64487,41.9446255],[-87.6448411,41.9446353],[-87.644771,41.944659],[-87.6447707,41.9446592],[-87.6447937,41.9446966],[-87.6447257,41.9447197],[-87.6446281,41.9447528],[-87.6446113,41.9447585],[-87.6445584,41.9447764],[-87.644518,41.9447901],[-87.6445077,41.9447936],[-87.6444747,41.9448048],[-87.6444241,41.944822],[-87.6443911,41.9448332],[-87.6443574,41.9448446],[-87.6443074,41.9448616],[-87.6442844,41.9448242],[-87.6442841,41.9448243],[-87.6442575,41.9448333],[-87.644248,41.9448366],[-87.6442008,41.9448526],[-87.6441132,41.9448822],[-87.6440867,41.9448912],[-87.6440724,41.9448961],[-87.6440408,41.9449068],[-87.6439356,41.9449425],[-87.6439159,41.9449491],[-87.6438662,41.944966],[-87.6437451,41.9450071],[-87.643728,41.9450129],[-87.6436988,41.9450228],[-87.6436092,41.9450532],[-87.6435743,41.945065],[-87.6435684,41.9450671],[-87.6435315,41.9450795],[-87.6435181,41.9450841],[-87.6435147,41.9450853],[-87.6434035,41.945123],[-87.6433642,41.9451363],[-87.6433139,41.9451534],[-87.6432562,41.9451729],[-87.6432327,41.9451809],[-87.6432059,41.94519],[-87.6431969,41.9451931],[-87.6431704,41.945202],[-87.6430618,41.9452388],[-87.6430362,41.9452476],[-87.642891,41.9452968],[-87.6428622,41.9453066],[-87.6428056,41.9453258],[-87.6427517,41.9453441],[-87.6426949,41.9453634],[-87.6426428,41.945381],[-87.6426402,41.9453819],[-87.642584,41.9454009],[-87.6425835,41.9454011],[-87.6424182,41.9448599]]]},"properties":{"id":"HD-11","name":"Hawthorne Place","designationDate":"1996-03-26","nationalRegister":"Not Listed","source":"data.cityofchicago.org/d/zidz-sdfj"}},{"type":"Feature","geometry":{"type":"Polygon","coordinates":[[[-87.630113,41.872143],[-87.630116,41.872253],[-87.630119,41.87239],[-87.6301209,41.8724586],[-87.6301227,41.8725288],[-87.6301245,41.8725987],[-87.6301264,41.8726673],[-87.6301282,41.8727366],[-87.6301301,41.8728056],[-87.6301319,41.8728747],[-87.6301338,41.8729441],[-87.6301356,41.8730128],[-87.6301373,41.8730758],[-87.6301374,41.8730827],[-87.6301393,41.8731513],[-87.6301411,41.8732212],[-87.6301444,41.8733417],[-87.630126,41.8733419],[-87.6301278,41.8734108],[-87.6301296,41.8734796],[-87.6301314,41.8735476],[-87.6301332,41.8736171],[-87.6301349,41.8736859],[-87.6301368,41.8737539],[-87.6301385,41.8738207],[-87.6301402,41.8738868],[-87.6301419,41.8739528],[-87.6301437,41.8740216],[-87.6301455,41.8740905],[-87.6301472,41.8741585],[-87.630149,41.874228],[-87.6301509,41.8742968],[-87.6301526,41.8743649],[-87.6301545,41.8744355],[-87.630157,41.874617],[-87.6301063,41.8746172],[-87.6297378,41.8746219],[-87.6297433,41.8748273],[-87.6297451,41.8748957],[-87.6297469,41.8749623],[-87.6297487,41.8750293],[-87.6297505,41.8750963],[-87.6297518,41.8751647],[-87.6297551,41.8752697],[-87.629758,41.8753791],[-87.6297595,41.8754352],[-87.6296128,41.8754438],[-87.6293674,41.8754468],[-87.6290737,41.8754515],[-87.6290735,41.8754465],[-87.628826,41.8754494],[-87.6288261,41.8754545],[-87.628569,41.8754536],[-87.6282059,41.8754578],[-87.6281618,41.875458],[-87.6281616,41.875446],[-87.6281587,41.8753184],[-87.6281556,41.8751813],[-87.6281528,41.8750527],[-87.6281512,41.8749841],[-87.6281496,41.8749157],[-87.6281466,41.8747788],[-87.6281435,41.8746422],[-87.628139,41.8744611],[-87.628174,41.8744607],[-87.6282034,41.8744603],[-87.628233,41.8744599],[-87.6286016,41.8744552],[-87.6285998,41.8743862],[-87.628598,41.8743174],[-87.6285962,41.8742487],[-87.6285944,41.8741798],[-87.6285926,41.874111],[-87.6285908,41.8740422],[-87.6285901,41.8740174],[-87.6282215,41.8740222],[-87.6281919,41.8740225],[-87.6281625,41.8740229],[-87.6281614,41.873979],[-87.6281596,41.873913],[-87.6281579,41.8738469],[-87.6281562,41.8737808],[-87.6281544,41.873712],[-87.6281526,41.8736433],[-87.6281508,41.8735744],[-87.6281491,41.8735057],[-87.6281472,41.8734368],[-87.6281454,41.873368],[-87.6281418,41.8732304],[-87.6281382,41.8730927],[-87.6281346,41.8729551],[-87.6281331,41.8728982],[-87.6281317,41.8728431],[-87.6281303,41.8727878],[-87.6281288,41.8727327],[-87.6281274,41.8726785],[-87.628126,41.8726234],[-87.6281245,41.8725685],[-87.6281231,41.8725134],[-87.6281217,41.8724573],[-87.6281202,41.8724027],[-87.6281169,41.8722765],[-87.628114,41.8721667],[-87.6285415,41.8721617],[-87.6285363,41.8719614],[-87.6285315,41.8717804],[-87.6285139,41.8711069],[-87.628513,41.871081],[-87.6296614,41.871067],[-87.6296773,41.8716637],[-87.6296829,41.8718723],[-87.6296902,41.8721481],[-87.630113,41.872143]]]},"properties":{"id":"HD-26","name":"Printing House Row","designationDate":"1996-05-09","nationalRegister":"Listed","source":"data.cityofchicago.org/d/zidz-sdfj"}},{"type":"Feature","geometry":{"type":"MultiPolygon","coordinates":[[[[-87.6164841,41.8303292],[-87.617338,41.830316],[-87.6173375,41.8310165],[-87.6169304,41.8310226],[-87.6167776,41.831022],[-87.6163235,41.8310273],[-87.6163183,41.8307636],[-87.6163171,41.8307016],[-87.6163159,41.8306426],[-87.6163159,41.8306395],[-87.6163146,41.8305776],[-87.6163134,41.8305155],[-87.6163122,41.8304535],[-87.616311,41.8303909],[-87.6163098,41.8303314],[-87.6164841,41.8303292]]],[[[-87.618724,41.8298218],[-87.6191827,41.8298174],[-87.6192023,41.8307684],[-87.6187121,41.8307736],[-87.6187163,41.8309999],[-87.6187163,41.8310011],[-87.6184888,41.8310035],[-87.6184838,41.8307292],[-87.6187113,41.8307268],[-87.6187405,41.8307265],[-87.618724,41.8298218]]],[[[-87.6240998,41.8255606],[-87.6246647,41.8255545],[-87.6246664,41.825626],[-87.6246682,41.825695],[-87.6246698,41.8257638],[-87.6246715,41.8258328],[-87.6246732,41.8259017],[-87.6241082,41.8259078],[-87.6241066,41.8258389],[-87.6241048,41.8257699],[-87.6241032,41.8257011],[-87.6241015,41.8256322],[-87.6240998,41.8255606]]],[[[-87.6258569,41.8279389],[-87.6263064,41.8279333],[-87.6263081,41.8280019],[-87.6263098,41.8280705],[-87.6263115,41.8281391],[-87.6263132,41.8282077],[-87.6258636,41.8282132],[-87.6258619,41.8281446],[-87.6258602,41.8280761],[-87.6258585,41.8280075],[-87.6258569,41.8279389]]],[[[-87.6260491,41.828804],[-87.6263095,41.8288008],[-87.6263116,41.8288832],[-87.6263133,41.8289545],[-87.6263151,41.8290259],[-87.6263169,41.8290972],[-87.6263186,41.8291685],[-87.6260582,41.8291711],[-87.6260565,41.8290997],[-87.6260547,41.8290284],[-87.6260529,41.8289571],[-87.6260511,41.8288858],[-87.6260491,41.828804]]],[[[-87.6212001,41.8317716],[-87.6216532,41.8317668],[-87.6216546,41.8318346],[-87.6216561,41.8319025],[-87.6216576,41.8319703],[-87.6212045,41.8319751],[-87.621203,41.831907],[-87.621202,41.831839],[-87.6212001,41.8317716]]],[[[-87.6220138,41.8371047],[-87.6226051,41.8370966],[-87.6226067,41.8371656],[-87.6226083,41.8372345],[-87.622017,41.8372426],[-87.6220154,41.8371737],[-87.6220138,41.8371047]]]]},"properties":{"id":"HD-6","name":"Black Metropolis-Bronzeville","designationDate":"1998-09-09","nationalRegister":"Not Listed","source":"data.cityofchicago.org/d/zidz-sdfj"}},{"type":"Feature","geometry":{"type":"Polygon","coordinates":[[[-87.647335,41.9225761],[-87.6473354,41.9225761],[-87.6473374,41.9226364],[-87.6473394,41.9226953],[-87.6473415,41.9227542],[-87.6473424,41.922782],[-87.6473435,41.9228132],[-87.6473445,41.9228434],[-87.6473455,41.9228721],[-87.6473465,41.9229014],[-87.6473475,41.922931],[-87.6473485,41.9229599],[-87.6473495,41.92299],[-87.6473506,41.923021],[-87.6473515,41.9230488],[-87.6473535,41.9231078],[-87.6473555,41.923168],[-87.6473555,41.9231681],[-87.6471392,41.9231713],[-87.6468964,41.9231748],[-87.6468944,41.9231146],[-87.6468924,41.9230556],[-87.6468903,41.9229967],[-87.6468883,41.9229378],[-87.6468863,41.9228789],[-87.6468843,41.9228199],[-87.6468823,41.922761],[-87.6468803,41.9227021],[-87.6468783,41.9226432],[-87.6468762,41.922583],[-87.6468762,41.9225828],[-87.6472219,41.9225778],[-87.647335,41.9225761]]]},"properties":{"id":"HD-7","name":"Burling Row House","designationDate":"2000-11-15","nationalRegister":"Not Listed","source":"data.cityofchicago.org/d/zidz-sdfj"}},{"type":"Feature","geometry":{"type":"MultiPolygon","coordinates":[[[[-87.6253416,41.8511829],[-87.6253442,41.8512926],[-87.6253468,41.8514024],[-87.6253494,41.8515122],[-87.6253507,41.8515671],[-87.625352,41.8516219],[-87.6253545,41.8517288],[-87.6253545,41.851729],[-87.625361,41.8520048],[-87.6253675,41.8522778],[-87.6253688,41.8523326],[-87.6253701,41.8523876],[-87.6253714,41.8524425],[-87.6253727,41.8524973],[-87.625374,41.8525522],[-87.6246324,41.8525626],[-87.6239437,41.8525723],[-87.6239419,41.8525029],[-87.6239386,41.8523654],[-87.6246274,41.8523562],[-87.6246271,41.8523431],[-87.6246258,41.8522876],[-87.6239369,41.8522968],[-87.6239302,41.8520238],[-87.6239235,41.8517499],[-87.6239218,41.8516839],[-87.6239212,41.8516569],[-87.6239201,41.8516151],[-87.6239196,41.8515945],[-87.6239184,41.8515465],[-87.6239168,41.8514778],[-87.6239166,41.8514697],[-87.623915,41.8514091],[-87.6239132,41.8513347],[-87.62391,41.851203],[-87.624547,41.851194],[-87.6245499,41.8513258],[-87.6245517,41.851401],[-87.624553,41.8514616],[-87.6245532,41.8514698],[-87.6245548,41.8515385],[-87.6245558,41.8515865],[-87.6245563,41.8516072],[-87.6245572,41.8516489],[-87.6245579,41.8516759],[-87.6245593,41.8517418],[-87.6245961,41.8517414],[-87.6246327,41.8517409],[-87.624629,41.8515763],[-87.6246203,41.851193],[-87.6247711,41.8511909],[-87.6253416,41.8511829]]],[[[-87.6245572,41.8493655],[-87.6245689,41.8498622],[-87.6245359,41.8498627],[-87.624537,41.849912],[-87.6245384,41.8499685],[-87.6245397,41.8500216],[-87.6245409,41.8500746],[-87.6245421,41.8501277],[-87.6245434,41.8501833],[-87.624545,41.8502519],[-87.6245467,41.8503221],[-87.6245501,41.8504654],[-87.6245516,41.8505289],[-87.6245532,41.8505967],[-87.6245532,41.8505984],[-87.6245564,41.8507354],[-87.624563,41.8510127],[-87.6239055,41.8510219],[-87.6238987,41.8507446],[-87.6238953,41.8506076],[-87.6238953,41.8506059],[-87.6238937,41.8505381],[-87.6238921,41.8504746],[-87.6238886,41.8503314],[-87.6238868,41.8502611],[-87.6238852,41.8501925],[-87.6238838,41.8501369],[-87.6238825,41.8500838],[-87.6238812,41.8500308],[-87.6238799,41.8499777],[-87.6238785,41.8499221],[-87.6238651,41.8493761],[-87.6241164,41.8493723],[-87.6245572,41.8493655]]],[[[-87.6236164,41.8512071],[-87.6236198,41.8513446],[-87.6236232,41.8514814],[-87.6236265,41.8516185],[-87.6236282,41.8516871],[-87.6236299,41.8517557],[-87.6236316,41.851824],[-87.6236332,41.8518923],[-87.6236349,41.8519606],[-87.6236366,41.8520289],[-87.6236391,41.8521309],[-87.6236433,41.8523023],[-87.6236466,41.8524391],[-87.6236483,41.8525078],[-87.62365,41.8525764],[-87.6236531,41.8527028],[-87.6230635,41.8527112],[-87.6230604,41.8525849],[-87.6230588,41.8525162],[-87.6230571,41.8524475],[-87.6230538,41.8523101],[-87.6230497,41.8521394],[-87.6230472,41.8520374],[-87.6230456,41.8519691],[-87.623044,41.8519007],[-87.6230423,41.8518324],[-87.6230406,41.8517641],[-87.623039,41.8516955],[-87.6230373,41.8516269],[-87.623034,41.8514898],[-87.6230308,41.851353],[-87.6230275,41.8512154],[-87.6236164,41.8512071]]],[[[-87.6235815,41.849784],[-87.623585,41.8499268],[-87.6235867,41.8499964],[-87.6235884,41.8500646],[-87.6235901,41.8501329],[-87.6235917,41.8502011],[-87.6235925,41.8502316],[-87.6235939,41.8502864],[-87.6235952,41.8503413],[-87.6235986,41.8504788],[-87.6236019,41.8506151],[-87.6236036,41.8506837],[-87.6236052,41.8507521],[-87.6236069,41.8508204],[-87.623612,41.8510261],[-87.6230229,41.8510343],[-87.6230178,41.8508295],[-87.623016,41.8507612],[-87.6230144,41.8506927],[-87.6230126,41.8506242],[-87.6230092,41.8504871],[-87.6230058,41.8503504],[-87.6230045,41.8502955],[-87.6230031,41.8502406],[-87.6230023,41.8502102],[-87.6230007,41.8501419],[-87.6229989,41.8500737],[-87.6229972,41.8500055],[-87.6229955,41.8499367],[-87.622992,41.8497931],[-87.6235815,41.849784]]],[[[-87.6229186,41.8497942],[-87.6229222,41.8499379],[-87.622924,41.8500108],[-87.6229256,41.8500762],[-87.6229267,41.8501161],[-87.622929,41.8502128],[-87.6229324,41.8503495],[-87.6229342,41.8504204],[-87.6229359,41.8504881],[-87.6229392,41.8506236],[-87.622941,41.8506921],[-87.6229426,41.8507605],[-87.622946,41.8508976],[-87.6229495,41.8510354],[-87.6223605,41.8510436],[-87.6223571,41.8509059],[-87.6223536,41.8507688],[-87.6223519,41.8507003],[-87.6223501,41.8506319],[-87.6223467,41.8504964],[-87.622345,41.8504287],[-87.6223433,41.8503578],[-87.6223398,41.8502211],[-87.6223373,41.8501243],[-87.6223363,41.8500844],[-87.6223347,41.8500191],[-87.6223329,41.8499477],[-87.6223292,41.8498033],[-87.6229186,41.8497942]]],[[[-87.6244958,41.8484974],[-87.6244977,41.8485661],[-87.6244995,41.8486347],[-87.6245031,41.8487601],[-87.6245031,41.8487625],[-87.6245048,41.8488208],[-87.6245055,41.8488468],[-87.6245063,41.8488782],[-87.624508,41.8489359],[-87.6245096,41.8489969],[-87.6245149,41.849185],[-87.6238607,41.8491951],[-87.6238561,41.8490068],[-87.6238545,41.8489458],[-87.6238531,41.8488881],[-87.6238517,41.8488307],[-87.6238503,41.8487725],[-87.6238502,41.8487701],[-87.6238471,41.8486446],[-87.6238455,41.848576],[-87.6238437,41.8485073],[-87.6244958,41.8484974]]],[[[-87.6235716,41.8493806],[-87.6235756,41.8495453],[-87.6235801,41.8497291],[-87.6234906,41.8497305],[-87.6234011,41.8497318],[-87.6233116,41.8497333],[-87.6232222,41.8497346],[-87.6231327,41.849736],[-87.6230893,41.8497367],[-87.6230432,41.8497374],[-87.6229537,41.8497387],[-87.6228643,41.8497401],[-87.6227748,41.8497415],[-87.6226854,41.8497429],[-87.6225959,41.8497443],[-87.6225065,41.8497456],[-87.622417,41.849747],[-87.6223278,41.8497484],[-87.6223191,41.8493999],[-87.6224085,41.8493985],[-87.622498,41.8493972],[-87.6225874,41.8493958],[-87.6226769,41.8493944],[-87.6227663,41.849393],[-87.6228558,41.8493916],[-87.6229453,41.8493903],[-87.6230348,41.8493889],[-87.6230808,41.8493882],[-87.6231242,41.8493875],[-87.6232137,41.8493862],[-87.6233031,41.8493848],[-87.6233926,41.8493834],[-87.6234821,41.849382],[-87.6235716,41.8493806]]],[[[-87.6235521,41.8485853],[-87.6235536,41.8486492],[-87.6235564,41.8487616],[-87.6235583,41.8488398],[-87.6235603,41.8489241],[-87.6235671,41.8491996],[-87.6229408,41.8492092],[-87.6229357,41.8490022],[-87.6229339,41.8489337],[-87.6229339,41.8489331],[-87.6229319,41.8488517],[-87.6229319,41.8488494],[-87.6229299,41.8487712],[-87.6229299,41.8487702],[-87.6229271,41.8486593],[-87.6229491,41.8486589],[-87.6229475,41.8485945],[-87.6235521,41.8485853]]],[[[-87.6229541,41.8512164],[-87.6229558,41.8512853],[-87.6229574,41.8513542],[-87.6229591,41.851423],[-87.6229608,41.8514919],[-87.6229624,41.8515607],[-87.6229641,41.8516296],[-87.6223755,41.8516379],[-87.6223738,41.851569],[-87.6223721,41.8515002],[-87.6223703,41.8514314],[-87.6223686,41.8513625],[-87.6223669,41.8512936],[-87.6223651,41.8512247],[-87.6229541,41.8512164]]],[[[-87.6262988,41.8517167],[-87.6263031,41.8519063],[-87.6256012,41.8519162],[-87.6255967,41.8517255],[-87.6262623,41.8517172],[-87.6262988,41.8517167]]],[[[-87.6237689,41.8579721],[-87.6237706,41.8580483],[-87.6237722,41.8581191],[-87.6237738,41.8581885],[-87.6231766,41.8581968],[-87.623175,41.8581273],[-87.6231734,41.8580565],[-87.6231717,41.8579803],[-87.6237689,41.8579721]]],[[[-87.6246642,41.855184],[-87.6246656,41.8552497],[-87.6246686,41.8553897],[-87.6240409,41.8553984],[-87.6240378,41.8552584],[-87.6240363,41.8551926],[-87.6246642,41.855184]]],[[[-87.625375,41.8525961],[-87.6253769,41.8526784],[-87.6252847,41.8526797],[-87.6251483,41.8526817],[-87.6250746,41.8526827],[-87.6250008,41.8526837],[-87.6249271,41.8526848],[-87.6248534,41.8526858],[-87.6247796,41.8526869],[-87.624706,41.8526879],[-87.6246322,41.852689],[-87.6245586,41.85269],[-87.6244702,41.8526913],[-87.6243892,41.8526924],[-87.6243081,41.8526936],[-87.6242343,41.8526946],[-87.6241784,41.8526954],[-87.6241421,41.8526959],[-87.6240574,41.8526971],[-87.6239763,41.8526983],[-87.6239467,41.8526987],[-87.6239447,41.8526162],[-87.6239742,41.8526158],[-87.6240554,41.8526147],[-87.6241401,41.8526135],[-87.6241764,41.852613],[-87.6242322,41.8526122],[-87.624306,41.8526112],[-87.6243872,41.85261],[-87.6244682,41.8526089],[-87.6245566,41.8526077],[-87.6246302,41.8526066],[-87.624704,41.8526056],[-87.6247776,41.8526045],[-87.6248514,41.8526035],[-87.6249251,41.8526025],[-87.6249988,41.8526014],[-87.6250725,41.8526004],[-87.6251463,41.8525993],[-87.6252827,41.8525974],[-87.625375,41.8525961]]],[[[-87.6237198,41.855808],[-87.6237233,41.855961],[-87.6231339,41.8559691],[-87.6231305,41.8558161],[-87.6237198,41.855808]]],[[[-87.6248385,41.8626262],[-87.6248416,41.8627634],[-87.6242102,41.8627717],[-87.624207,41.8626344],[-87.6248385,41.8626262]]],[[[-87.6248338,41.8624213],[-87.6248341,41.862434],[-87.6248362,41.8625301],[-87.6248365,41.8625384],[-87.624205,41.8625466],[-87.6242048,41.8625384],[-87.6242026,41.8624423],[-87.6242023,41.8624296],[-87.6248338,41.8624213]]]]},"properties":{"id":"HD-20","name":"Motor Row","designationDate":"2000-12-13","nationalRegister":"Not Listed","source":"data.cityofchicago.org/d/zidz-sdfj"}},{"type":"Feature","geometry":{"type":"Polygon","coordinates":[[[-87.6238817,41.869222],[-87.624359,41.8692142],[-87.624865,41.8692031],[-87.6248691,41.8693842],[-87.6248772,41.8697277],[-87.6249727,41.8697256],[-87.6250682,41.8697234],[-87.625112,41.8697225],[-87.6251131,41.8697527],[-87.6251153,41.8698404],[-87.6251158,41.8698651],[-87.6251169,41.8699145],[-87.6251173,41.869931],[-87.6251191,41.870005],[-87.6251217,41.8701148],[-87.6252683,41.8701114],[-87.6252716,41.8702485],[-87.6252771,41.8704801],[-87.625281,41.8706612],[-87.625019,41.8706671],[-87.6250216,41.8707727],[-87.625024,41.8708735],[-87.6250631,41.8708726],[-87.6250636,41.8709001],[-87.6250659,41.8709978],[-87.6250685,41.8711072],[-87.6250698,41.871162],[-87.6250703,41.8711842],[-87.6250711,41.8712171],[-87.6250737,41.8713274],[-87.625077,41.871466],[-87.6250789,41.8715479],[-87.6250841,41.8717684],[-87.6250885,41.8719495],[-87.6250939,41.87218],[-87.625099,41.8723959],[-87.6251025,41.8725403],[-87.6251042,41.8726119],[-87.6251094,41.8728327],[-87.6251146,41.8730536],[-87.6251402,41.873053],[-87.625483,41.8730455],[-87.6254881,41.8732266],[-87.6254906,41.8733361],[-87.6254932,41.8734464],[-87.6251536,41.8734531],[-87.6251562,41.8735634],[-87.6251588,41.8736737],[-87.6251614,41.8737841],[-87.625164,41.8738943],[-87.6251666,41.8740047],[-87.6251693,41.874115],[-87.6251719,41.8742253],[-87.6251745,41.8743356],[-87.6251786,41.8745167],[-87.6251812,41.8746251],[-87.6251838,41.8747354],[-87.6251864,41.8748456],[-87.625189,41.874956],[-87.6251943,41.8751766],[-87.625196,41.8752507],[-87.6251972,41.8753001],[-87.6252047,41.8756176],[-87.6253002,41.8756158],[-87.6253956,41.875614],[-87.6254322,41.8756133],[-87.6254688,41.8756126],[-87.6258394,41.8756057],[-87.626206,41.875599],[-87.6262107,41.87578],[-87.6262118,41.8758256],[-87.6262159,41.8760008],[-87.6262176,41.87607],[-87.6262185,41.8761112],[-87.6262212,41.8762216],[-87.6258541,41.8762285],[-87.6251907,41.8762408],[-87.6251959,41.8764617],[-87.6252264,41.8764611],[-87.6252277,41.8765153],[-87.6252281,41.876534],[-87.6252299,41.8766079],[-87.6252305,41.8766342],[-87.6253564,41.8766319],[-87.6254193,41.8766307],[-87.625484,41.8766295],[-87.6255683,41.8766279],[-87.625572,41.8767866],[-87.6255746,41.8768968],[-87.625579,41.8770779],[-87.6255053,41.8770793],[-87.6254871,41.8770796],[-87.6254687,41.8770799],[-87.6253886,41.8770814],[-87.6252412,41.8770842],[-87.6252481,41.8773759],[-87.6252514,41.8775159],[-87.625254,41.8776256],[-87.6252566,41.8777353],[-87.6252573,41.8777628],[-87.6252671,41.8781745],[-87.6252765,41.8783555],[-87.6252815,41.8785646],[-87.6252829,41.878624],[-87.625284,41.8786734],[-87.6252866,41.8787845],[-87.6252876,41.8788258],[-87.6252955,41.8791546],[-87.6252972,41.8792251],[-87.6253025,41.8794465],[-87.6253068,41.8796275],[-87.6253118,41.8798363],[-87.6252788,41.8798369],[-87.6252814,41.8799471],[-87.6252841,41.8800573],[-87.6252858,41.8801289],[-87.6252867,41.8801679],[-87.6252894,41.8802777],[-87.6252941,41.8804751],[-87.6252947,41.8804981],[-87.6252999,41.8807185],[-87.6253025,41.8808995],[-87.6253049,41.8810047],[-87.6253069,41.8810873],[-87.6253074,41.881107],[-87.6253098,41.8812084],[-87.6253126,41.8813273],[-87.6253138,41.8813791],[-87.6253152,41.8814385],[-87.6253179,41.8815496],[-87.6253508,41.8815491],[-87.6253525,41.8816225],[-87.6253543,41.881696],[-87.6253552,41.8817316],[-87.6253613,41.8819896],[-87.625389,41.8819891],[-87.6253955,41.8822058],[-87.625399,41.8823233],[-87.6253999,41.8823522],[-87.6254029,41.8824548],[-87.6254036,41.8824754],[-87.6254069,41.8825864],[-87.6254108,41.8827179],[-87.6254127,41.8827837],[-87.6254147,41.8828495],[-87.6254186,41.882981],[-87.6254225,41.8831124],[-87.6254285,41.8833333],[-87.6254311,41.8834683],[-87.6254337,41.8836005],[-87.6254349,41.8836666],[-87.6254362,41.8837326],[-87.6254388,41.8838647],[-87.6254413,41.8839968],[-87.6254439,41.8841289],[-87.6254464,41.884261],[-87.625449,41.884393],[-87.625454,41.88461],[-87.6254227,41.8846102],[-87.6252744,41.8846108],[-87.6251864,41.8846111],[-87.6247112,41.8846133],[-87.624243,41.8846154],[-87.6242382,41.8843983],[-87.6241892,41.8821154],[-87.6241614,41.8809511],[-87.623367,41.8809625],[-87.623344,41.88],[-87.6231469,41.880003],[-87.6231386,41.8796537],[-87.6231347,41.8794891],[-87.6231262,41.879129],[-87.623323,41.879126],[-87.623301,41.8781874],[-87.6240953,41.8781769],[-87.6240676,41.8770136],[-87.6240572,41.8765786],[-87.6240168,41.8748837],[-87.6240167,41.8748828],[-87.6240167,41.8748818],[-87.6240165,41.8748809],[-87.6240165,41.87488],[-87.6240163,41.874879],[-87.6240161,41.8748781],[-87.6240159,41.8748772],[-87.6240156,41.8748762],[-87.6240154,41.8748753],[-87.6240151,41.8748744],[-87.6240148,41.8748734],[-87.6240144,41.8748725],[-87.624014,41.8748716],[-87.6240063,41.8744416],[-87.6239785,41.873277],[-87.6239758,41.8731667],[-87.6239733,41.8730576],[-87.6238867,41.8694299],[-87.6238817,41.869222]]]},"properties":{"id":"HD-12","name":"Historic Michigan Boulevard","designationDate":"2002-02-27","nationalRegister":"Unknown","source":"data.cityofchicago.org/d/zidz-sdfj"}},{"type":"Feature","geometry":{"type":"MultiPolygon","coordinates":[[[[-87.6302615,41.8968412],[-87.630263,41.8968961],[-87.6302646,41.896951],[-87.6302661,41.8970059],[-87.6302677,41.8970607],[-87.6303412,41.8970597],[-87.6304146,41.8970586],[-87.630488,41.8970576],[-87.63049,41.8971267],[-87.6304919,41.8971948],[-87.6304957,41.8973319],[-87.6304958,41.8973332],[-87.6299451,41.8973408],[-87.629945,41.8973397],[-87.6299411,41.8972025],[-87.6299392,41.8971344],[-87.6299373,41.8970654],[-87.6299357,41.8970105],[-87.6299342,41.8969556],[-87.6299326,41.8969007],[-87.629931,41.8968459],[-87.6302615,41.8968412]]],[[[-87.6296564,41.897526],[-87.6296581,41.8975864],[-87.6296598,41.8976467],[-87.6296614,41.897707],[-87.6296632,41.8977679],[-87.6296671,41.8979045],[-87.629365,41.8979084],[-87.6291712,41.8979109],[-87.6291647,41.8977134],[-87.6291627,41.897653],[-87.6291614,41.8976133],[-87.6291557,41.8975927],[-87.6291538,41.897586],[-87.6291388,41.8975326],[-87.6296564,41.897526]]],[[[-87.6296722,41.8980856],[-87.6296738,41.898142],[-87.6296743,41.8981596],[-87.6296754,41.8981976],[-87.6296757,41.8982063],[-87.629677,41.8982529],[-87.6296785,41.8983066],[-87.6296801,41.8983604],[-87.6296816,41.8984153],[-87.629461,41.8984181],[-87.6293876,41.898419],[-87.6293141,41.89842],[-87.6292407,41.8984209],[-87.6291377,41.8984222],[-87.6291284,41.8980925],[-87.6292313,41.8980912],[-87.6293048,41.8980903],[-87.6293782,41.8980893],[-87.6294517,41.8980884],[-87.6296722,41.8980856]]],[[[-87.6306612,41.9032369],[-87.6306653,41.9033828],[-87.6306663,41.903418],[-87.630668,41.9034805],[-87.6301191,41.9034873],[-87.6301191,41.903487],[-87.6301174,41.9034247],[-87.6301163,41.9033895],[-87.6301122,41.903244],[-87.6301122,41.9032436],[-87.6306612,41.9032369]]],[[[-87.6297628,41.9012855],[-87.6297648,41.9013541],[-87.6297667,41.9014228],[-87.6297687,41.9014912],[-87.6292177,41.9014989],[-87.6292158,41.9014305],[-87.6292139,41.9013619],[-87.6292119,41.9012933],[-87.6297628,41.9012855]]],[[[-87.6305985,41.900937],[-87.6306004,41.9010048],[-87.6306023,41.9010728],[-87.6306032,41.9011054],[-87.6300519,41.9011133],[-87.6300509,41.9010806],[-87.630049,41.9010126],[-87.6300471,41.9009448],[-87.6305984,41.900937],[-87.6305985,41.900937]]],[[[-87.6296831,41.8984701],[-87.6296849,41.8985307],[-87.6296906,41.8987346],[-87.6293506,41.898739],[-87.6293448,41.898535],[-87.6293431,41.8984744],[-87.6296831,41.8984701]]]]},"properties":{"id":"HD-34","name":"Washington Square Extension","designationDate":"2002-07-10","nationalRegister":"Not Listed","source":"data.cityofchicago.org/d/zidz-sdfj"}},{"type":"Feature","geometry":{"type":"Polygon","coordinates":[[[-87.6765757,41.9016326],[-87.6765712,41.9014735],[-87.676566,41.9012925],[-87.6766247,41.9012916],[-87.6770844,41.9012845],[-87.6770826,41.9012186],[-87.6770806,41.9011502],[-87.677201,41.901148],[-87.677323,41.9011459],[-87.6774355,41.9011439],[-87.6777038,41.901139],[-87.677702,41.9010728],[-87.6777002,41.901007],[-87.6776983,41.9009411],[-87.6776975,41.9009109],[-87.6776965,41.9008751],[-87.6776947,41.9008092],[-87.6776929,41.9007431],[-87.6776912,41.900684],[-87.6776911,41.9006771],[-87.6776892,41.9006112],[-87.6776874,41.9005428],[-87.6776848,41.9004549],[-87.6776822,41.9003617],[-87.6776804,41.9002935],[-87.6776796,41.9002619],[-87.6776786,41.9002276],[-87.6776768,41.9001619],[-87.677675,41.900096],[-87.6776745,41.9000789],[-87.6776731,41.9000303],[-87.6776717,41.899975],[-87.6777303,41.8999745],[-87.6777951,41.8999733],[-87.6778186,41.8999729],[-87.6778507,41.8999723],[-87.6779068,41.8999713],[-87.6779574,41.8999704],[-87.6779949,41.8999698],[-87.678042,41.8999689],[-87.6780831,41.8999682],[-87.6781138,41.8999676],[-87.6781712,41.8999667],[-87.6782476,41.8999653],[-87.6782593,41.8999651],[-87.6783474,41.8999635],[-87.6784319,41.899962],[-87.6784356,41.899962],[-87.678442,41.8999618],[-87.6785238,41.8999604],[-87.678576,41.8999594],[-87.6786119,41.8999588],[-87.6786576,41.899958],[-87.6787001,41.8999572],[-87.6787377,41.8999566],[-87.6787882,41.8999557],[-87.6788647,41.8999543],[-87.6788765,41.8999541],[-87.6788979,41.8999537],[-87.6789438,41.8999529],[-87.6789477,41.8999528],[-87.6789646,41.8999525],[-87.6790519,41.899951],[-87.6790557,41.8999509],[-87.6791424,41.8999494],[-87.6791982,41.8999484],[-87.6792306,41.8999478],[-87.6792754,41.899947],[-87.6793189,41.8999462],[-87.6793539,41.8999456],[-87.6794071,41.8999447],[-87.6794653,41.8999436],[-87.6794943,41.8999431],[-87.6794851,41.8996009],[-87.6794826,41.899512],[-87.67948,41.89942],[-87.6795977,41.8994181],[-87.6797225,41.8994156],[-87.6800429,41.8994099],[-87.6800576,41.8994096],[-87.6800654,41.8994095],[-87.6800723,41.8994094],[-87.6800951,41.899409],[-87.6801091,41.8994088],[-87.6801604,41.8994078],[-87.6801626,41.8994997],[-87.6801654,41.8995889],[-87.6801702,41.8997682],[-87.6801747,41.8999311],[-87.6801879,41.8999308],[-87.6802629,41.8999295],[-87.6803513,41.899928],[-87.6803639,41.8999277],[-87.6804395,41.8999264],[-87.6804976,41.8999253],[-87.6805279,41.8999248],[-87.6805658,41.8999241],[-87.6806161,41.8999232],[-87.6806532,41.8999226],[-87.6807045,41.8999217],[-87.6807748,41.8999204],[-87.6807928,41.8999201],[-87.6808077,41.8999198],[-87.6808811,41.8999185],[-87.6809694,41.8999169],[-87.6809722,41.8999169],[-87.6810577,41.8999154],[-87.6811179,41.8999143],[-87.6811461,41.8999138],[-87.6811806,41.8999132],[-87.6812344,41.8999122],[-87.6812701,41.8999116],[-87.6813227,41.8999107],[-87.6813923,41.8999095],[-87.681411,41.8999091],[-87.6814279,41.8999088],[-87.6814993,41.8999075],[-87.6815581,41.8999065],[-87.6815584,41.8999167],[-87.6819388,41.8999099],[-87.6821812,41.8999058],[-87.6821814,41.8999173],[-87.682182,41.8999392],[-87.6821912,41.9002811],[-87.6821937,41.9003717],[-87.6821961,41.9004622],[-87.6822053,41.9008052],[-87.6822065,41.9008491],[-87.6822089,41.9009369],[-87.6822111,41.9010204],[-87.6822134,41.9011039],[-87.6822157,41.9011916],[-87.6822183,41.9012813],[-87.6822206,41.9013727],[-87.682232,41.901794],[-87.6821074,41.9017961],[-87.6819897,41.9017981],[-87.6817957,41.9018016],[-87.6816095,41.9018049],[-87.681617,41.9020889],[-87.6816195,41.9021795],[-87.6816222,41.9022699],[-87.681624,41.9023368],[-87.6816257,41.9024027],[-87.6816275,41.9024689],[-87.6816286,41.9025083],[-87.6816293,41.9025353],[-87.6816311,41.9026017],[-87.681634,41.9026455],[-87.6815753,41.9026466],[-87.6815482,41.902647],[-87.6815313,41.9026473],[-87.6814872,41.9026481],[-87.6814283,41.9026491],[-87.6814172,41.9026493],[-87.6813989,41.9026497],[-87.6813325,41.9026509],[-87.6813254,41.902651],[-87.6813107,41.9026513],[-87.6812628,41.9026521],[-87.6812224,41.9026528],[-87.6811871,41.9026534],[-87.6811341,41.9026544],[-87.6811217,41.9026546],[-87.681112,41.9026547],[-87.6810459,41.9026559],[-87.6810018,41.9026567],[-87.680985,41.902657],[-87.6809576,41.9026575],[-87.6809176,41.9026582],[-87.6808915,41.9026586],[-87.6808691,41.902659],[-87.6807812,41.9026606],[-87.6807146,41.9026618],[-87.6806929,41.9026621],[-87.6806646,41.9026626],[-87.6806047,41.9026637],[-87.6805936,41.9026639],[-87.6805708,41.9026643],[-87.6805164,41.9026653],[-87.6804568,41.9026663],[-87.6804282,41.9026668],[-87.6804201,41.902667],[-87.6803919,41.9026675],[-87.6803398,41.9026684],[-87.6802663,41.9026697],[-87.6802517,41.9026699],[-87.6802312,41.9026703],[-87.6801855,41.9026712],[-87.6801634,41.9026715],[-87.6800752,41.9026731],[-87.6800581,41.9026734],[-87.6799869,41.9026746],[-87.6799235,41.9026757],[-87.6798987,41.9026762],[-87.6798697,41.9026767],[-87.6798104,41.9026777],[-87.6796865,41.9026787],[-87.679568,41.9026795],[-87.6794851,41.902681],[-87.6794818,41.9026811],[-87.6793961,41.9026826],[-87.6793331,41.9026837],[-87.6793078,41.9026842],[-87.6792802,41.9026846],[-87.6792197,41.9026857],[-87.6791677,41.9026866],[-87.6791315,41.9026873],[-87.6790794,41.9026882],[-87.6790433,41.9026888],[-87.6790163,41.9026893],[-87.6789552,41.9026904],[-87.6788783,41.9026918],[-87.6788669,41.902692],[-87.6787788,41.9026935],[-87.6787031,41.9026949],[-87.6786906,41.9026951],[-87.6786856,41.9026952],[-87.6786024,41.9026966],[-87.6785235,41.902698],[-87.6785142,41.9026982],[-87.6784844,41.9026987],[-87.678426,41.9026997],[-87.6783811,41.9027005],[-87.6783379,41.9027013],[-87.6782937,41.9027021],[-87.6782793,41.9027023],[-87.6782497,41.9027028],[-87.6782219,41.9027033],[-87.6781615,41.9027044],[-87.6781174,41.9027052],[-87.6780898,41.9027057],[-87.6780733,41.9027059],[-87.6779852,41.9027075],[-87.6779128,41.9027088],[-87.677897,41.9027091],[-87.6778795,41.9027094],[-87.6778087,41.9027106],[-87.6777544,41.9027116],[-87.6777206,41.9027122],[-87.6776751,41.902713],[-87.6776324,41.9027137],[-87.6775955,41.9027144],[-87.6775443,41.9027153],[-87.6774561,41.9027168],[-87.6773674,41.9027184],[-87.677244,41.9027239],[-87.6771251,41.9027291],[-87.6770362,41.9027305],[-87.6769673,41.9027316],[-87.6769474,41.9027319],[-87.6769175,41.9027323],[-87.6768586,41.9027332],[-87.6768187,41.9027339],[-87.6767697,41.9027347],[-87.6766842,41.902736],[-87.6766809,41.902736],[-87.676592,41.9027374],[-87.6766054,41.9026796],[-87.6766038,41.9026221],[-87.6766018,41.9025509],[-87.6765997,41.9024783],[-87.6765977,41.9024071],[-87.6765957,41.9023359],[-87.6765937,41.9022646],[-87.6765917,41.9021964],[-87.6765898,41.9021281],[-87.6765879,41.9020599],[-87.676586,41.9019916],[-87.676584,41.9019233],[-87.6765821,41.901855],[-87.6765808,41.9018114],[-87.6765757,41.9016326]]]},"properties":{"id":"HD-29","name":"Ukrainian Village District Extension","designationDate":"2005-07-27","nationalRegister":"Unknown","source":"data.cityofchicago.org/d/zidz-sdfj"}},{"type":"Feature","geometry":{"type":"Polygon","coordinates":[[[-87.648517,41.921913],[-87.6485139,41.9218193],[-87.6485111,41.9217325],[-87.6485104,41.9217111],[-87.6485089,41.9216667],[-87.6485066,41.9216009],[-87.6485054,41.9215661],[-87.6485043,41.921535],[-87.648502,41.9214692],[-87.6485019,41.921466],[-87.6484998,41.9214034],[-87.648499,41.9213799],[-87.6484975,41.9213375],[-87.6484952,41.9212717],[-87.6484932,41.9212147],[-87.6484929,41.9212058],[-87.6484907,41.92114],[-87.6484896,41.9211092],[-87.6484884,41.9210742],[-87.6484862,41.9210083],[-87.6484848,41.9209702],[-87.6484838,41.9209424],[-87.6484816,41.9208766],[-87.6484804,41.9208407],[-87.6484793,41.9208108],[-87.6484771,41.9207449],[-87.6484767,41.9207342],[-87.6484748,41.9206791],[-87.6484741,41.9206611],[-87.6484725,41.9206133],[-87.6484702,41.9205474],[-87.648468,41.9204842],[-87.6484674,41.920465],[-87.6484659,41.9204209],[-87.6484637,41.9203577],[-87.6484615,41.9202944],[-87.6484603,41.9202607],[-87.6484594,41.9202338],[-87.6484573,41.9201731],[-87.6484552,41.9201126],[-87.6484513,41.9199964],[-87.6484491,41.9199315],[-87.6484485,41.919915],[-87.6484468,41.919862],[-87.6484459,41.9198366],[-87.6484444,41.9197925],[-87.6484421,41.9197229],[-87.6484417,41.9197128],[-87.6484397,41.9196534],[-87.6484387,41.9196223],[-87.6484374,41.9195838],[-87.648435,41.9195143],[-87.6484349,41.919509],[-87.6484327,41.9194448],[-87.6484315,41.9194092],[-87.6484303,41.9193752],[-87.6484282,41.919314],[-87.6484279,41.9193056],[-87.6484256,41.9192361],[-87.6484241,41.9191918],[-87.6484233,41.9191666],[-87.64842,41.9190706],[-87.6484192,41.9190451],[-87.6484179,41.9190095],[-87.6484159,41.9189483],[-87.6484138,41.9188872],[-87.6484118,41.9188259],[-87.6484097,41.9187648],[-87.6484076,41.9187036],[-87.6484056,41.9186424],[-87.6484035,41.9185812],[-87.6484031,41.9185681],[-87.6484021,41.9185423],[-87.6484014,41.9185201],[-87.6484,41.9184789],[-87.6483999,41.9184752],[-87.6483994,41.9184589],[-87.6483984,41.9184299],[-87.6483977,41.9184088],[-87.6483975,41.9184034],[-87.6483973,41.9183978],[-87.6483952,41.9183365],[-87.6483931,41.9182753],[-87.648184,41.9182787],[-87.6479334,41.9182826],[-87.647889,41.918283],[-87.647882,41.9181852],[-87.647876,41.9181024],[-87.6478753,41.9180829],[-87.6478742,41.9180477],[-87.647873,41.9180138],[-87.6478719,41.9179792],[-87.6478696,41.9179107],[-87.6478681,41.9178663],[-87.6478672,41.9178422],[-87.6478655,41.9177896],[-87.647865,41.9177737],[-87.6478627,41.9177053],[-87.6479214,41.9177043],[-87.6483739,41.9176977],[-87.6486164,41.9176938],[-87.6486184,41.917751],[-87.6486205,41.9178162],[-87.6490684,41.9178094],[-87.6490744,41.9178093],[-87.6491412,41.9178083],[-87.6491865,41.9178076],[-87.6492547,41.9178065],[-87.6493682,41.9178048],[-87.6494447,41.9178037],[-87.6494816,41.9178031],[-87.6495951,41.9178012],[-87.6497132,41.9177994],[-87.6498155,41.917798],[-87.6499306,41.9177963],[-87.6500459,41.9177945],[-87.6501198,41.9177934],[-87.650161,41.9177927],[-87.650276,41.917791],[-87.6502745,41.9177477],[-87.6503413,41.9177462],[-87.6508018,41.9177391],[-87.6510442,41.9177347],[-87.6510458,41.9177792],[-87.6510987,41.9177784],[-87.651137,41.9177778],[-87.6511615,41.9177775],[-87.6512281,41.9177765],[-87.6513195,41.917775],[-87.6514105,41.9177737],[-87.6514515,41.9177731],[-87.6515006,41.9177723],[-87.6515675,41.9177712],[-87.6516031,41.9177707],[-87.6516816,41.9177695],[-87.6517959,41.9177678],[-87.6519106,41.917766],[-87.6520243,41.9177641],[-87.6521406,41.9177624],[-87.6522448,41.917761],[-87.6522455,41.9177821],[-87.6522475,41.9178395],[-87.6523397,41.917838],[-87.652342,41.917838],[-87.6524319,41.9178362],[-87.6524308,41.9177981],[-87.6524457,41.9177979],[-87.6525229,41.9177967],[-87.6525224,41.9177825],[-87.6525195,41.9176958],[-87.65259,41.9176945],[-87.6526116,41.9176941],[-87.6526304,41.9176938],[-87.6527023,41.9176926],[-87.6527691,41.9176918],[-87.6527713,41.9177527],[-87.652843,41.9177516],[-87.6528633,41.9177513],[-87.6529522,41.91775],[-87.6529555,41.9177499],[-87.6530442,41.9177485],[-87.6530478,41.9177485],[-87.6531229,41.9177474],[-87.6531401,41.9177471],[-87.6531636,41.9177468],[-87.6532324,41.9177457],[-87.6533556,41.917744],[-87.653475,41.917742],[-87.6534733,41.9176982],[-87.6535663,41.9176968],[-87.653841,41.9176926],[-87.6538998,41.9176916],[-87.6542344,41.9176865],[-87.6542675,41.917686],[-87.6543828,41.9176844],[-87.654488,41.9176827],[-87.6544892,41.9177265],[-87.6544966,41.9179884],[-87.654497,41.9180009],[-87.6545852,41.9179995],[-87.6546419,41.9179987],[-87.6546733,41.9179982],[-87.6547318,41.9179973],[-87.6547615,41.9179969],[-87.6548496,41.9179955],[-87.6548937,41.9179948],[-87.6549231,41.9179944],[-87.6549378,41.9179942],[-87.6549689,41.9179937],[-87.655026,41.9179928],[-87.6550549,41.9179924],[-87.6551142,41.9179915],[-87.6552023,41.9179901],[-87.6552149,41.9179899],[-87.6552941,41.9179887],[-87.6553981,41.9179871],[-87.6555145,41.9179853],[-87.6555864,41.9179842],[-87.6556061,41.9179839],[-87.6556942,41.9179826],[-87.6557541,41.9179817],[-87.6557824,41.9179812],[-87.6558327,41.9179804],[-87.6558705,41.9179799],[-87.6559587,41.9179785],[-87.6560251,41.9179775],[-87.6560468,41.9179772],[-87.6560905,41.9179765],[-87.656135,41.9179758],[-87.6561574,41.9179755],[-87.6562232,41.9179745],[-87.6563113,41.9179731],[-87.6563534,41.9179725],[-87.6563995,41.9179718],[-87.6564282,41.9179713],[-87.6564913,41.9179703],[-87.6565774,41.9179691],[-87.6565831,41.917969],[-87.6566749,41.9179675],[-87.6567477,41.9179664],[-87.6567668,41.9179661],[-87.656815,41.9179654],[-87.6568494,41.9179649],[-87.6568586,41.9179647],[-87.6569008,41.9179641],[-87.6569505,41.9179633],[-87.6570285,41.9179621],[-87.6570423,41.9179619],[-87.6571341,41.9179605],[-87.6572121,41.9179593],[-87.6572259,41.9179591],[-87.6572453,41.9179588],[-87.6573171,41.9179577],[-87.6573648,41.917957],[-87.6573698,41.9179569],[-87.6574082,41.9179563],[-87.6574783,41.9179553],[-87.6574994,41.9179549],[-87.6575143,41.9179547],[-87.6575906,41.9179535],[-87.6576818,41.9179521],[-87.6577297,41.9179514],[-87.6577635,41.9179509],[-87.6578438,41.9179497],[-87.6578832,41.917949],[-87.657924,41.9179484],[-87.6580042,41.9179471],[-87.6580364,41.9179467],[-87.6580954,41.9179458],[-87.6582158,41.917944],[-87.6583379,41.917942],[-87.6583385,41.9179609],[-87.6583395,41.9179927],[-87.6583405,41.9180234],[-87.6583421,41.9180728],[-87.6583444,41.9181464],[-87.6583453,41.9181756],[-87.6583465,41.9182145],[-87.6583487,41.9182827],[-87.6583508,41.9183508],[-87.6583519,41.9183845],[-87.6583529,41.918419],[-87.6583548,41.918479],[-87.6583558,41.918511],[-87.6582367,41.9185129],[-87.6581133,41.9185149],[-87.6580235,41.9185163],[-87.6577113,41.9185213],[-87.6576805,41.9185415],[-87.6576618,41.9185537],[-87.6576031,41.9185581],[-87.6575867,41.9185547],[-87.6575033,41.9185377],[-87.6573628,41.91854],[-87.6571536,41.9185435],[-87.6570254,41.9185379],[-87.6569107,41.918533],[-87.6568954,41.9185333],[-87.6564662,41.9185398],[-87.6563781,41.9185412],[-87.655966,41.9185475],[-87.6559337,41.918548],[-87.6558123,41.9185496],[-87.6556911,41.9185513],[-87.6552497,41.918558],[-87.6551616,41.9185594],[-87.6547203,41.9185661],[-87.6545961,41.9185678],[-87.6544779,41.9185693],[-87.6540349,41.9185761],[-87.6539468,41.9185775],[-87.6535038,41.9185843],[-87.653385,41.9185834],[-87.6532612,41.9185825],[-87.6529522,41.9185872],[-87.652845,41.9185889],[-87.6528436,41.9185504],[-87.6528417,41.9184883],[-87.6528411,41.9184681],[-87.6528299,41.9184683],[-87.6528081,41.9184687],[-87.6527858,41.918469],[-87.6527719,41.9184692],[-87.6527723,41.9184832],[-87.6527744,41.9185515],[-87.652775,41.91859],[-87.6527442,41.9185904],[-87.6525615,41.9185932],[-87.6522843,41.9185974],[-87.652167,41.9185992],[-87.6520419,41.9186011],[-87.6515826,41.9186082],[-87.6515312,41.9186089],[-87.6514496,41.9186101],[-87.65125,41.9186132],[-87.6512486,41.9185748],[-87.6512472,41.9185289],[-87.6512462,41.9184994],[-87.6512444,41.9184442],[-87.6512439,41.9184299],[-87.6512261,41.9184302],[-87.6511559,41.9184312],[-87.6511243,41.9184317],[-87.651068,41.9184328],[-87.6510703,41.918502],[-87.6510713,41.9185342],[-87.6510727,41.9185775],[-87.651074,41.9186159],[-87.6509523,41.918618],[-87.6508315,41.9186198],[-87.6503664,41.9186267],[-87.650315,41.9186276],[-87.650033,41.9186319],[-87.6500321,41.9185934],[-87.6500312,41.9185653],[-87.6500297,41.9185248],[-87.6500254,41.9184087],[-87.6500192,41.9182505],[-87.6499495,41.9182515],[-87.6499306,41.9182518],[-87.6498969,41.9182524],[-87.6498419,41.9182532],[-87.6498519,41.9185276],[-87.6498524,41.9185402],[-87.6498545,41.9185961],[-87.649856,41.9186349],[-87.6497433,41.9186364],[-87.6496134,41.9186383],[-87.6491595,41.9186452],[-87.6491625,41.9187355],[-87.649164,41.9187811],[-87.6491641,41.9187826],[-87.6491648,41.918804],[-87.649165,41.9188113],[-87.6491655,41.9188268],[-87.649167,41.9188719],[-87.649167,41.918874],[-87.6491693,41.9189408],[-87.6491701,41.9189656],[-87.6491716,41.9190092],[-87.6491738,41.9190776],[-87.6491756,41.9191308],[-87.649176,41.9191461],[-87.6491783,41.9192145],[-87.6491794,41.9192453],[-87.6491806,41.9192829],[-87.6491829,41.9193513],[-87.6491842,41.919393],[-87.6491851,41.9194198],[-87.6491864,41.9194596],[-87.6491869,41.9194746],[-87.649187,41.9194762],[-87.6491874,41.9194883],[-87.6491883,41.9195145],[-87.6491888,41.9195293],[-87.6491897,41.9195566],[-87.6491905,41.919584],[-87.6491919,41.9196252],[-87.6491924,41.9196387],[-87.6491942,41.9196935],[-87.6491964,41.919762],[-87.6491978,41.9198036],[-87.6491987,41.9198304],[-87.6492008,41.9198935],[-87.649201,41.9198993],[-87.6492041,41.9199845],[-87.6492075,41.9200804],[-87.64921,41.9201517],[-87.6492123,41.9202203],[-87.6492135,41.9202534],[-87.6492147,41.9202889],[-87.6492169,41.9203536],[-87.649217,41.9203576],[-87.6492194,41.9204262],[-87.6492197,41.9204359],[-87.6492218,41.9204945],[-87.6492231,41.9205327],[-87.6492234,41.9205403],[-87.6492247,41.9205788],[-87.649225,41.920586],[-87.6492265,41.9206317],[-87.6492289,41.9207003],[-87.6492297,41.9207249],[-87.6492312,41.9207686],[-87.6492321,41.9207922],[-87.6492336,41.9208373],[-87.649236,41.9209059],[-87.6492365,41.9209209],[-87.6492383,41.9209745],[-87.6492394,41.921006],[-87.6492407,41.9210431],[-87.6492426,41.9210979],[-87.6492431,41.9211117],[-87.6492454,41.9211804],[-87.6492471,41.9212285],[-87.6492478,41.9212489],[-87.6492509,41.9213388],[-87.6492522,41.9213772],[-87.6492641,41.92172],[-87.6492699,41.9218077],[-87.649276,41.921901],[-87.6492176,41.921902],[-87.6487598,41.9219099],[-87.6486351,41.9219116],[-87.648517,41.921913]]]},"properties":{"id":"HD-3","name":"Armitage-Halsted","designationDate":"2003-02-05","nationalRegister":"Unknown","source":"data.cityofchicago.org/d/zidz-sdfj"}},{"type":"Feature","geometry":{"type":"Polygon","coordinates":[[[-87.627068,41.8831065],[-87.6270643,41.8833274],[-87.627022,41.8833276],[-87.6269485,41.8833279],[-87.6268601,41.8833282],[-87.6267718,41.8833285],[-87.6266834,41.8833288],[-87.626595,41.8833291],[-87.626503,41.8833294],[-87.6263937,41.8833299],[-87.6264018,41.883602],[-87.6260343,41.8835979],[-87.6254337,41.8836005],[-87.6252867,41.8836011],[-87.6252816,41.8833339],[-87.6252756,41.8831129],[-87.6252682,41.8828662],[-87.6252679,41.8828525],[-87.6252674,41.8828387],[-87.6252636,41.8827086],[-87.6252597,41.8825784],[-87.6252558,41.8824482],[-87.6252519,41.8823179],[-87.6252486,41.8822082],[-87.6252952,41.8819907],[-87.62529,41.8817696],[-87.6252883,41.8816964],[-87.6252866,41.8816234],[-87.6252848,41.8815501],[-87.6253179,41.8815496],[-87.6253152,41.8814385],[-87.6253138,41.8813791],[-87.6253126,41.8813273],[-87.6253098,41.8812084],[-87.6253074,41.881107],[-87.6253069,41.8810873],[-87.6253049,41.8810047],[-87.6253025,41.8808995],[-87.6252999,41.8807185],[-87.6259602,41.8807073],[-87.6259567,41.880559],[-87.6263238,41.8805516],[-87.6266375,41.8805455],[-87.626641,41.8806958],[-87.627207,41.8806863],[-87.6272152,41.8808673],[-87.6272215,41.8811306],[-87.6272226,41.8811871],[-87.6270386,41.8811904],[-87.6270413,41.8812995],[-87.6270433,41.8813821],[-87.6270453,41.8814647],[-87.6270618,41.8814644],[-87.6270631,41.8815215],[-87.6270645,41.8815766],[-87.6270658,41.8816317],[-87.6270664,41.8816591],[-87.6270685,41.8817447],[-87.6270738,41.881962],[-87.6271089,41.8819615],[-87.6271692,41.8819605],[-87.6271944,41.8819601],[-87.6272812,41.8819587],[-87.6272995,41.8819584],[-87.6273179,41.8819581],[-87.6275876,41.8819538],[-87.6280599,41.8819571],[-87.6280585,41.8821227],[-87.6280639,41.8823029],[-87.6280676,41.8824266],[-87.6280715,41.8825546],[-87.628073,41.882604],[-87.6280761,41.8827063],[-87.6276317,41.8827092],[-87.6270769,41.8827079],[-87.6270789,41.8827735],[-87.6270798,41.8828047],[-87.6270805,41.8828298],[-87.6270597,41.8828297],[-87.627068,41.8831065]]]},"properties":{"id":"HD-37","name":"Jewelers Row","designationDate":"2003-07-09","nationalRegister":"Not Listed","source":"data.cityofchicago.org/d/zidz-sdfj"}},{"type":"Feature","geometry":{"type":"Polygon","coordinates":[[[-87.6516236,41.9212984],[-87.6516256,41.9213368],[-87.6516064,41.9213371],[-87.6515183,41.9213385],[-87.6514303,41.9213399],[-87.6513422,41.9213413],[-87.6512542,41.9213427],[-87.6511658,41.9213442],[-87.6509234,41.9213483],[-87.6509232,41.9213483],[-87.650922,41.9213099],[-87.650919,41.9212227],[-87.6509166,41.921154],[-87.6509153,41.9211197],[-87.6509141,41.9210853],[-87.6509117,41.9210167],[-87.6509094,41.920948],[-87.6509069,41.9208793],[-87.6509045,41.9208106],[-87.6509021,41.9207419],[-87.6508996,41.9206732],[-87.6508973,41.9206045],[-87.6508949,41.9205358],[-87.6508925,41.9204671],[-87.6508908,41.9204209],[-87.6508892,41.9203748],[-87.6508876,41.9203287],[-87.6508779,41.9200531],[-87.6508718,41.9198721],[-87.6515738,41.9198606],[-87.6515795,41.9200417],[-87.6515818,41.9201078],[-87.651584,41.9201682],[-87.6515861,41.9202285],[-87.6515882,41.9202889],[-87.6515903,41.9203492],[-87.6515924,41.9204096],[-87.6515949,41.9204809],[-87.6515975,41.9205522],[-87.6515995,41.9206126],[-87.6516017,41.9206729],[-87.6516038,41.9207332],[-87.6516059,41.9207936],[-87.6516084,41.9208649],[-87.6516109,41.920936],[-87.651613,41.9209964],[-87.6516152,41.9210568],[-87.6516172,41.9211172],[-87.6516194,41.9211776],[-87.6516215,41.9212381],[-87.6516236,41.9212984]]]},"properties":{"id":"HD-38","name":"Fremont Row House","designationDate":"2004-03-10","nationalRegister":"Unknown","source":"data.cityofchicago.org/d/zidz-sdfj"}},{"type":"Feature","geometry":{"type":"Polygon","coordinates":[[[-87.6406046,41.9243782],[-87.6405937,41.9243784],[-87.640597,41.9244778],[-87.6405972,41.9244846],[-87.6404798,41.9244867],[-87.6404757,41.92448],[-87.6401816,41.9239913],[-87.6401444,41.92401],[-87.6397221,41.9241516],[-87.6396846,41.9240894],[-87.6395456,41.9238583],[-87.6400815,41.9238502],[-87.6401831,41.9238487],[-87.6405762,41.9238427],[-87.6405871,41.9238425],[-87.6406046,41.9243782]]]},"properties":{"id":"HD-39","name":"Mid-North Extension","designationDate":"2004-09-29","nationalRegister":"Unknown","source":"data.cityofchicago.org/d/zidz-sdfj"}},{"type":"Feature","geometry":{"type":"Polygon","coordinates":[[[-87.6005215,41.8009674],[-87.5999187,41.8009737],[-87.5999148,41.8007926],[-87.5999134,41.8007325],[-87.599912,41.8006693],[-87.5999105,41.8006062],[-87.5999091,41.8005431],[-87.5999077,41.80048],[-87.5999062,41.8004168],[-87.5999048,41.8003537],[-87.5999034,41.8002906],[-87.599902,41.8002274],[-87.5999005,41.8001643],[-87.5998991,41.8001012],[-87.5998976,41.8000381],[-87.5998962,41.7999749],[-87.5998947,41.7999118],[-87.5998933,41.7998487],[-87.5998919,41.7997856],[-87.5998904,41.7997224],[-87.599889,41.7996593],[-87.5998875,41.7995962],[-87.5998861,41.799531],[-87.5998812,41.7993115],[-87.6004848,41.799304],[-87.6005046,41.7995233],[-87.6005075,41.799652],[-87.6005075,41.7996539],[-87.6005116,41.7998336],[-87.6005117,41.799835],[-87.6005121,41.7998523],[-87.6005123,41.7998605],[-87.600513,41.7998926],[-87.6005132,41.7999035],[-87.6005139,41.7999349],[-87.6005142,41.7999447],[-87.6005149,41.7999785],[-87.6005151,41.7999858],[-87.6005159,41.8000227],[-87.600516,41.800027],[-87.6005169,41.8000644],[-87.600517,41.8000681],[-87.6005179,41.8001086],[-87.6005179,41.8001093],[-87.6005189,41.8001518],[-87.6005239,41.8003701],[-87.6005248,41.8004117],[-87.6005249,41.8004154],[-87.6005258,41.8004557],[-87.6005259,41.8004593],[-87.6005268,41.8004975],[-87.6005269,41.8005032],[-87.6005278,41.8005404],[-87.6005279,41.8005471],[-87.6005288,41.8005855],[-87.6005289,41.800591],[-87.6005297,41.8006252],[-87.6005299,41.8006349],[-87.6005308,41.800673],[-87.6005309,41.8006788],[-87.6005318,41.800716],[-87.6005319,41.8007227],[-87.6005327,41.8007584],[-87.600533,41.800768],[-87.6005334,41.8007862],[-87.600532,41.8009686],[-87.6005215,41.8009674]]]},"properties":{"id":"HD-40","name":"Greenwood Row House","designationDate":"2004-12-08","nationalRegister":"Unknown","source":"data.cityofchicago.org/d/zidz-sdfj"}},{"type":"Feature","geometry":{"type":"Polygon","coordinates":[[[-87.7129785,41.9320546],[-87.7129818,41.9321785],[-87.7128656,41.9322857],[-87.7127894,41.9323549],[-87.7127197,41.9323132],[-87.7125937,41.9322378],[-87.71253,41.9321981],[-87.7122531,41.9319831],[-87.7116752,41.9319785],[-87.7115459,41.9319801],[-87.7112714,41.9319817],[-87.7110691,41.9319846],[-87.7106445,41.9319908],[-87.7106413,41.9319908],[-87.7105453,41.9319922],[-87.7106518,41.9319012],[-87.7108038,41.9317609],[-87.7107767,41.9317444],[-87.7108151,41.9317112],[-87.7111035,41.9314451],[-87.7111823,41.9313695],[-87.7111426,41.9312352],[-87.7114315,41.9309685],[-87.7114659,41.9309328],[-87.7115834,41.9310045],[-87.7116432,41.931041],[-87.7117712,41.931119],[-87.7121742,41.9313648],[-87.7122895,41.9314546],[-87.7122934,41.9315224],[-87.7123016,41.9317019],[-87.7124262,41.9316987],[-87.7128847,41.9316933],[-87.7128865,41.9317536],[-87.7128885,41.9318221],[-87.71289,41.9318745],[-87.7128909,41.9319626],[-87.7129123,41.9319624],[-87.7129782,41.9319618],[-87.7129785,41.9320546]]]},"properties":{"id":"HD-41","name":"Milwaukee-Diversey-Kimball","designationDate":"2005-02-09","nationalRegister":"Unknown","source":"data.cityofchicago.org/d/zidz-sdfj"}},{"type":"Feature","geometry":{"type":"Polygon","coordinates":[[[-87.6537958,41.9443725],[-87.6536242,41.9443751],[-87.6535565,41.9443761],[-87.6534665,41.9443775],[-87.6534188,41.9443782],[-87.6533314,41.9443796],[-87.6534288,41.9445593],[-87.6534382,41.9448813],[-87.6533463,41.9448829],[-87.6533004,41.9448837],[-87.6532544,41.9448844],[-87.6531626,41.9448859],[-87.6530707,41.9448874],[-87.6529788,41.944889],[-87.6528869,41.9448905],[-87.6527951,41.944892],[-87.6527032,41.9448936],[-87.6526114,41.944895],[-87.6525195,41.9448966],[-87.6524277,41.9448981],[-87.6523357,41.9448996],[-87.6522439,41.9449012],[-87.652152,41.9449027],[-87.6520602,41.9449042],[-87.6519682,41.9449057],[-87.6518764,41.9449072],[-87.6517845,41.9449087],[-87.6516927,41.9449103],[-87.6516008,41.9449118],[-87.651509,41.9449133],[-87.6514171,41.9449149],[-87.6513252,41.9449163],[-87.6512333,41.9449179],[-87.6511874,41.9449186],[-87.6511415,41.9449194],[-87.6510496,41.9449209],[-87.6509577,41.9449224],[-87.6508658,41.944924],[-87.650774,41.9449255],[-87.6506821,41.944927],[-87.6505903,41.9449285],[-87.6504984,41.94493],[-87.6504066,41.9449316],[-87.6503146,41.9449331],[-87.6502228,41.9449346],[-87.650131,41.9449361],[-87.6500672,41.9449372],[-87.6500385,41.9449154],[-87.6500298,41.9446111],[-87.6500243,41.94443],[-87.6500153,41.9441162],[-87.6500543,41.9440857],[-87.6501062,41.9440849],[-87.6501981,41.9440835],[-87.6502899,41.9440821],[-87.6503818,41.9440807],[-87.6504737,41.9440793],[-87.6505656,41.9440779],[-87.6506574,41.9440765],[-87.6507494,41.9440751],[-87.6508412,41.9440737],[-87.6509331,41.9440723],[-87.651025,41.9440709],[-87.6511168,41.9440695],[-87.6512086,41.9440681],[-87.6513005,41.9440667],[-87.6513924,41.9440653],[-87.6514842,41.9440639],[-87.651576,41.9440625],[-87.651668,41.9440611],[-87.6517599,41.9440597],[-87.6518518,41.9440583],[-87.6519436,41.9440569],[-87.6520355,41.9440555],[-87.6521274,41.9440541],[-87.6522192,41.9440527],[-87.6523111,41.9440513],[-87.6524029,41.9440499],[-87.6524948,41.9440485],[-87.6525866,41.9440471],[-87.6526784,41.9440457],[-87.6527703,41.9440443],[-87.6528009,41.9440438],[-87.6528622,41.9440429],[-87.6529081,41.9440422],[-87.6529541,41.9440415],[-87.6530153,41.9440406],[-87.6530459,41.9440401],[-87.6531225,41.9440389],[-87.6531378,41.9440387],[-87.6532297,41.9440373],[-87.6532831,41.9440365],[-87.653323,41.9440859],[-87.6534485,41.9442419],[-87.6535217,41.9442392],[-87.6537918,41.9442351],[-87.6537938,41.9443038],[-87.6537958,41.9443725]]]},"properties":{"id":"HD-42","name":"Newport Avenue","designationDate":"2005-02-09","nationalRegister":"Unknown","source":"data.cityofchicago.org/d/zidz-sdfj"}},{"type":"Feature","geometry":{"type":"Polygon","coordinates":[[[-87.6323037,41.8991621],[-87.6322119,41.8991634],[-87.6321531,41.8991643],[-87.6320834,41.8991653],[-87.6320814,41.8990955],[-87.6320792,41.8990214],[-87.632149,41.8990205],[-87.6322077,41.8990198],[-87.6322996,41.8990186],[-87.6323017,41.8990927],[-87.6323037,41.8991621]]]},"properties":{"id":"HD-52","name":"Washington Square Extension","designationDate":"2002-07-10","nationalRegister":"Unknown","source":"data.cityofchicago.org/d/zidz-sdfj"}},{"type":"Feature","geometry":{"type":"Polygon","coordinates":[[[-87.6777052,41.8990648],[-87.6776958,41.8987224],[-87.6776908,41.8985414],[-87.6776814,41.8981989],[-87.6777695,41.8981973],[-87.6778576,41.8981958],[-87.6779458,41.8981942],[-87.6780339,41.8981927],[-87.6781221,41.8981911],[-87.6782101,41.8981895],[-87.6782174,41.8981894],[-87.6782982,41.898188],[-87.6783423,41.8981872],[-87.6783864,41.8981864],[-87.6784745,41.8981849],[-87.6785626,41.8981833],[-87.6786066,41.8981826],[-87.6786507,41.8981818],[-87.6787388,41.8981802],[-87.678827,41.8981787],[-87.678871,41.8981779],[-87.6789151,41.8981771],[-87.6790033,41.8981756],[-87.6790128,41.8985178],[-87.6790716,41.8985167],[-87.6794544,41.8985099],[-87.6796968,41.8985055],[-87.6796948,41.8984374],[-87.679693,41.8983716],[-87.6796912,41.8983059],[-87.6796902,41.8982731],[-87.6796893,41.8982402],[-87.6796874,41.8981744],[-87.6796855,41.8981086],[-87.6796837,41.8980429],[-87.6796818,41.8979772],[-87.6800626,41.8979704],[-87.6800644,41.8980361],[-87.6800661,41.8981019],[-87.6800676,41.8981563],[-87.6801264,41.8981557],[-87.6803031,41.8981526],[-87.6803914,41.898151],[-87.6804797,41.8981495],[-87.680568,41.8981479],[-87.6806563,41.8981464],[-87.6807446,41.8981448],[-87.680833,41.8981433],[-87.6809213,41.8981417],[-87.6810096,41.8981402],[-87.6810981,41.8981386],[-87.6811863,41.8981371],[-87.6812747,41.8981355],[-87.6813629,41.8981339],[-87.6814513,41.8981324],[-87.6814505,41.8981111],[-87.6815094,41.8981095],[-87.6818901,41.8981027],[-87.6818906,41.8981235],[-87.682133,41.8981203],[-87.6822646,41.898118],[-87.6823858,41.8981159],[-87.682507,41.8981137],[-87.6826281,41.8981116],[-87.6827493,41.8981094],[-87.6828705,41.8981073],[-87.6829917,41.8981051],[-87.6831128,41.898103],[-87.6832339,41.8981009],[-87.6833551,41.8980987],[-87.6834762,41.8980966],[-87.6835975,41.8980945],[-87.6837186,41.8980923],[-87.6838398,41.8980902],[-87.683961,41.898088],[-87.6840822,41.8980859],[-87.6842034,41.8980837],[-87.6843359,41.8980814],[-87.6843365,41.8981027],[-87.6845788,41.8980991],[-87.6849602,41.8980922],[-87.6849596,41.8980695],[-87.6850183,41.8980693],[-87.6851063,41.8980678],[-87.6851942,41.8980662],[-87.6852386,41.8980654],[-87.6852822,41.8980647],[-87.6853487,41.8980635],[-87.6853702,41.8980631],[-87.6854582,41.8980616],[-87.685545,41.89806],[-87.6855683,41.8980596],[-87.6856341,41.8980584],[-87.6856785,41.8980576],[-87.6857222,41.8980569],[-87.6857886,41.8980557],[-87.6858101,41.8980553],[-87.6858981,41.8980538],[-87.6859862,41.8980522],[-87.6860083,41.8980518],[-87.6860744,41.8980507],[-87.6861184,41.8980499],[-87.6861625,41.8980491],[-87.6862285,41.8980479],[-87.6862505,41.8980475],[-87.6863398,41.898046],[-87.6863486,41.8983862],[-87.6863539,41.8985673],[-87.6863627,41.8989097],[-87.6862745,41.8989114],[-87.6862414,41.898912],[-87.6861864,41.898913],[-87.6861202,41.8989142],[-87.6860983,41.8989146],[-87.6860101,41.8989162],[-87.685999,41.8989164],[-87.685922,41.8989179],[-87.6858778,41.8989187],[-87.6858338,41.8989195],[-87.6857566,41.8989209],[-87.6857456,41.8989211],[-87.6856575,41.8989227],[-87.6856354,41.8989232],[-87.6855693,41.8989243],[-87.6855252,41.8989252],[-87.6854812,41.898926],[-87.685415,41.8989272],[-87.6853931,41.8989276],[-87.6853049,41.8989292],[-87.6852167,41.8989308],[-87.6851726,41.8989316],[-87.6851286,41.8989324],[-87.6850404,41.8989341],[-87.6849817,41.8989345],[-87.6849814,41.8989225],[-87.6849803,41.8988786],[-87.6845993,41.8988858],[-87.6843567,41.89889],[-87.6843582,41.8989465],[-87.6842266,41.8989488],[-87.6841054,41.898951],[-87.6839842,41.8989531],[-87.683863,41.8989553],[-87.6837418,41.8989575],[-87.6836206,41.8989596],[-87.6834994,41.8989617],[-87.6833782,41.8989639],[-87.683257,41.8989661],[-87.6831358,41.8989682],[-87.6830146,41.8989704],[-87.6828933,41.8989726],[-87.6827722,41.8989748],[-87.682651,41.8989769],[-87.6825298,41.898979],[-87.6824086,41.8989812],[-87.6822877,41.8989834],[-87.6821563,41.8989857],[-87.6819139,41.8989903],[-87.6819154,41.8990449],[-87.6819172,41.8991108],[-87.6819181,41.8991438],[-87.681919,41.8991767],[-87.6819207,41.8992426],[-87.6815403,41.8992494],[-87.6814815,41.8992501],[-87.6814759,41.8990417],[-87.6814747,41.8989979],[-87.6813863,41.8989994],[-87.6812981,41.899001],[-87.6812097,41.8990026],[-87.6811215,41.8990041],[-87.6810331,41.8990057],[-87.6809448,41.8990072],[-87.6808564,41.8990088],[-87.6807681,41.8990104],[-87.6806798,41.899012],[-87.6805914,41.8990135],[-87.6805032,41.8990151],[-87.6804149,41.8990167],[-87.6803266,41.8990182],[-87.6802382,41.8990198],[-87.6801499,41.8990214],[-87.6800912,41.8990224],[-87.6800626,41.8990229],[-87.680063,41.8990668],[-87.6800649,41.8991355],[-87.6800658,41.8991698],[-87.6800667,41.8992041],[-87.6800686,41.8992728],[-87.6800392,41.8992733],[-87.6797186,41.8992789],[-87.6794762,41.8992804],[-87.6794705,41.8990773],[-87.6794692,41.8990334],[-87.6790863,41.8990402],[-87.6790274,41.8990413],[-87.6789392,41.8990429],[-87.6789098,41.8990434],[-87.6788512,41.8990444],[-87.678763,41.899046],[-87.6786749,41.8990476],[-87.6785866,41.8990491],[-87.6784985,41.8990507],[-87.6784104,41.8990523],[-87.6783222,41.8990538],[-87.6782341,41.8990554],[-87.678146,41.899057],[-87.6780579,41.8990585],[-87.6779697,41.8990601],[-87.6778815,41.8990616],[-87.6777934,41.8990632],[-87.6777052,41.8990648]]]},"properties":{"id":"HD-43","name":"Ukrainian Village District Extension","designationDate":"2005-07-27","nationalRegister":"Unknown","source":"data.cityofchicago.org/d/zidz-sdfj"}},{"type":"Feature","geometry":{"type":"Polygon","coordinates":[[[-87.6565182,41.9357425],[-87.6565202,41.9357864],[-87.6562777,41.9357897],[-87.656169,41.9357915],[-87.6560772,41.9357931],[-87.6559853,41.9357945],[-87.6559394,41.9357953],[-87.6558935,41.9357961],[-87.6558016,41.9357976],[-87.6557097,41.9357991],[-87.6556639,41.9357998],[-87.6556178,41.9358006],[-87.655526,41.9358021],[-87.6555246,41.9357582],[-87.6555132,41.9354219],[-87.6555098,41.9352409],[-87.6555915,41.9352395],[-87.6556834,41.935238],[-87.6557753,41.9352365],[-87.6560519,41.9352319],[-87.6560397,41.9348921],[-87.6560384,41.9348551],[-87.6561489,41.9348534],[-87.6562416,41.934852],[-87.6564857,41.9348535],[-87.6564853,41.9348858],[-87.6564915,41.935056],[-87.6564975,41.9352248],[-87.6565024,41.9354059],[-87.6565182,41.9357425]]]},"properties":{"id":"HD-44","name":"Terra Cotta Row","designationDate":"2005-09-14","nationalRegister":"Unknown","source":"data.cityofchicago.org/d/zidz-sdfj"}},{"type":"Feature","geometry":{"type":"Polygon","coordinates":[[[-87.7010216,41.9155482],[-87.7011317,41.9155473],[-87.7015727,41.9155432],[-87.7024908,41.9155224],[-87.7024964,41.9157034],[-87.7024985,41.9157714],[-87.7025006,41.91584],[-87.7025024,41.9158949],[-87.7025028,41.9159097],[-87.7025049,41.9159782],[-87.7025071,41.9160468],[-87.70315,41.9160411],[-87.7032234,41.9160404],[-87.7032255,41.9161089],[-87.7032277,41.9161774],[-87.7032299,41.9162459],[-87.703232,41.9163143],[-87.7032341,41.9163829],[-87.7032363,41.9164514],[-87.7032384,41.91652],[-87.7032405,41.9165881],[-87.7032416,41.9166227],[-87.7032426,41.916657],[-87.7032448,41.9167253],[-87.7032469,41.9167941],[-87.7032491,41.9168625],[-87.7032512,41.916931],[-87.7032521,41.9169584],[-87.703264,41.9173425],[-87.7032163,41.9175241],[-87.703228,41.9178681],[-87.7032303,41.9179369],[-87.7032327,41.9180056],[-87.703235,41.9180744],[-87.7032355,41.9180879],[-87.7032374,41.9181431],[-87.7032397,41.9182118],[-87.7032411,41.9182533],[-87.703242,41.9182805],[-87.7032444,41.9183493],[-87.7032467,41.918418],[-87.703249,41.9184868],[-87.7032514,41.9185555],[-87.7032537,41.9186243],[-87.703256,41.9186931],[-87.7032584,41.9187618],[-87.7032607,41.9188305],[-87.7032631,41.9188993],[-87.7032653,41.918968],[-87.7032677,41.9190367],[-87.70327,41.9191055],[-87.7032723,41.9191742],[-87.7032754,41.919265],[-87.7032785,41.9193556],[-87.7032808,41.9194244],[-87.7032832,41.919493],[-87.7032855,41.9195618],[-87.7032878,41.9196306],[-87.7032902,41.9196993],[-87.7032925,41.9197681],[-87.7032948,41.9198368],[-87.7032972,41.9199055],[-87.7033004,41.9199991],[-87.7033024,41.9200596],[-87.7033298,41.9200868],[-87.7037713,41.9200832],[-87.7040139,41.9200846],[-87.7045509,41.9200792],[-87.7046097,41.9200786],[-87.7051789,41.9200728],[-87.7054213,41.9200702],[-87.7059698,41.9200646],[-87.7059667,41.919974],[-87.7059652,41.9199309],[-87.7060553,41.9199283],[-87.7068794,41.9199214],[-87.7072516,41.9200686],[-87.708237,41.9200753],[-87.708239,41.9201384],[-87.7082409,41.9202019],[-87.708241,41.9202044],[-87.7082436,41.9202897],[-87.7082448,41.9203284],[-87.7082487,41.9204549],[-87.7082723,41.9204985],[-87.7082849,41.9209103],[-87.7082063,41.9211856],[-87.7082108,41.9213228],[-87.7082151,41.92146],[-87.7082196,41.9215972],[-87.708396,41.9215952],[-87.7084189,41.921595],[-87.7084214,41.921639],[-87.7084242,41.9217317],[-87.7084271,41.9218246],[-87.7084291,41.9218932],[-87.7084312,41.9219618],[-87.7084334,41.9220305],[-87.7084355,41.9220991],[-87.7084375,41.9221677],[-87.7084396,41.9222364],[-87.7084424,41.9223242],[-87.7084439,41.9223737],[-87.7084449,41.9224066],[-87.7084473,41.9224862],[-87.7084481,41.9225109],[-87.7084497,41.9225658],[-87.7084523,41.9226482],[-87.7084565,41.922785],[-87.7084621,41.9229661],[-87.7084661,41.923105],[-87.7084674,41.9231517],[-87.7084684,41.9231853],[-87.7084707,41.9232656],[-87.7084713,41.9232888],[-87.708473,41.9233458],[-87.7084753,41.923426],[-87.7084773,41.9234946],[-87.7084792,41.9235632],[-87.7084832,41.9237004],[-87.7084852,41.923769],[-87.7084872,41.9238376],[-87.7084897,41.9239254],[-87.7084911,41.9239747],[-87.7084923,41.9240159],[-87.7084951,41.9241119],[-87.7084963,41.9241558],[-87.7085082,41.9245675],[-87.7084885,41.9248422],[-87.7084991,41.9251931],[-87.7084257,41.9251923],[-87.7081117,41.925196],[-87.7076912,41.925201],[-87.7076933,41.9252696],[-87.7076954,41.9253382],[-87.7084298,41.9253295],[-87.7085032,41.9253297],[-87.7085033,41.9253315],[-87.7085058,41.9254165],[-87.7085076,41.9254741],[-87.7085097,41.9255427],[-87.7085108,41.925577],[-87.7085117,41.9256113],[-87.7085132,41.9256593],[-87.7085138,41.9256798],[-87.7085158,41.9257485],[-87.708518,41.925817],[-87.70852,41.9258856],[-87.7085221,41.9259542],[-87.7085241,41.9260228],[-87.7085262,41.9260914],[-87.7085283,41.9261599],[-87.7085303,41.9262285],[-87.7085314,41.9262628],[-87.7085366,41.9264342],[-87.7085435,41.9266153],[-87.7085454,41.9266833],[-87.7085474,41.926752],[-87.7085494,41.9268208],[-87.7085506,41.926862],[-87.7085514,41.9268895],[-87.7085533,41.9269583],[-87.7085553,41.9270271],[-87.7085573,41.9270958],[-87.7085593,41.9271646],[-87.7085601,41.9271948],[-87.7085612,41.9272333],[-87.7085632,41.9273021],[-87.7085651,41.9273681],[-87.708566,41.9274011],[-87.7085669,41.9274341],[-87.7085689,41.9275001],[-87.7085707,41.9275661],[-87.7085726,41.9276321],[-87.7085745,41.9276982],[-87.708576,41.9277518],[-87.7085042,41.9278102],[-87.7085051,41.9278377],[-87.7085055,41.9278515],[-87.708508,41.9279406],[-87.7085106,41.9280298],[-87.7085125,41.9280982],[-87.7085144,41.9281667],[-87.7085168,41.9282492],[-87.7086185,41.9284676],[-87.7086213,41.9285636],[-87.7086223,41.9285993],[-87.7086232,41.9286322],[-87.7086252,41.9287008],[-87.7086272,41.9287694],[-87.7086291,41.928838],[-87.7086311,41.9289065],[-87.7086296,41.9289505],[-87.7084668,41.9289523],[-87.7083354,41.9290806],[-87.7080515,41.9293502],[-87.7079046,41.9294945],[-87.7078905,41.9294859],[-87.7078199,41.9294429],[-87.7077494,41.9293999],[-87.7076788,41.9293568],[-87.7074739,41.9292318],[-87.7072348,41.9293575],[-87.7067706,41.9293613],[-87.7067119,41.9293618],[-87.7062479,41.9293655],[-87.7060054,41.9293676],[-87.705579,41.9293704],[-87.7054871,41.9293692],[-87.7054851,41.9293006],[-87.7054831,41.929232],[-87.7054817,41.9291854],[-87.7054517,41.9291636],[-87.7050217,41.9291665],[-87.7047791,41.9291682],[-87.7043166,41.9291713],[-87.7042578,41.9291717],[-87.7037954,41.9291749],[-87.7035545,41.9292397],[-87.7030887,41.9292436],[-87.70303,41.929244],[-87.7025643,41.9292479],[-87.7023188,41.9291456],[-87.7018639,41.9291494],[-87.701807,41.9291498],[-87.7013522,41.9291535],[-87.7011096,41.9291527],[-87.7006399,41.9291566],[-87.7005829,41.929157],[-87.7003861,41.9291587],[-87.700385,41.9291148],[-87.700375,41.9287717],[-87.700301,41.9287724],[-87.7002085,41.9287731],[-87.700116,41.9287739],[-87.7001241,41.9291169],[-87.6998816,41.9291189],[-87.699788,41.9291196],[-87.6997506,41.9291199],[-87.6996945,41.9291204],[-87.6996009,41.9291212],[-87.6995073,41.9291219],[-87.6993826,41.9291229],[-87.6992704,41.9291238],[-87.6992374,41.9291241],[-87.6992294,41.9287811],[-87.69915,41.9287818],[-87.6990378,41.9287827],[-87.6988738,41.928784],[-87.6988835,41.929127],[-87.6986415,41.9291466],[-87.6985282,41.9291476],[-87.6985171,41.9291477],[-87.6984253,41.9291484],[-87.6983701,41.9291489],[-87.6983334,41.9291492],[-87.6982599,41.9291497],[-87.6982415,41.9291499],[-87.6981496,41.9291507],[-87.6980578,41.9291514],[-87.6979659,41.9291521],[-87.697874,41.9291529],[-87.6977822,41.9291536],[-87.6976579,41.9291546],[-87.6974182,41.929253],[-87.6973287,41.9292538],[-87.6972425,41.9292545],[-87.6971564,41.9292552],[-87.6970702,41.9292559],[-87.696984,41.9292566],[-87.6968978,41.9292573],[-87.6968117,41.929258],[-87.6967255,41.9292587],[-87.6966393,41.9292594],[-87.6965984,41.9292598],[-87.6965532,41.9292601],[-87.6964661,41.9292608],[-87.6962235,41.9292628],[-87.6961321,41.9292635],[-87.696044,41.9292643],[-87.6959559,41.929265],[-87.6958678,41.9292657],[-87.6958164,41.9292661],[-87.6957797,41.9292664],[-87.6956916,41.9292671],[-87.6956035,41.9292678],[-87.6955154,41.9292685],[-87.6954274,41.9292692],[-87.6953833,41.9292696],[-87.6953393,41.9292699],[-87.6952484,41.9292707],[-87.6950058,41.9292721],[-87.6949143,41.9292729],[-87.6948261,41.9292736],[-87.6947378,41.9292743],[-87.6947158,41.9292744],[-87.6946497,41.929275],[-87.6945835,41.9292755],[-87.6945615,41.9292757],[-87.6944733,41.9292764],[-87.6943851,41.9292771],[-87.6942969,41.9292778],[-87.6942087,41.9292785],[-87.6941205,41.9292792],[-87.6940294,41.92928],[-87.6937868,41.9292825],[-87.693695,41.9292833],[-87.6936767,41.9292834],[-87.6936067,41.929284],[-87.6935663,41.9292843],[-87.6935183,41.9292847],[-87.6934557,41.9292853],[-87.6934514,41.9292853],[-87.6934298,41.9292854],[-87.6933414,41.9292862],[-87.6932673,41.9292868],[-87.6932529,41.9292869],[-87.6931646,41.9292876],[-87.6930761,41.9292883],[-87.6929877,41.929289],[-87.6928993,41.9292897],[-87.6928081,41.9292905],[-87.6925655,41.9292912],[-87.6924739,41.929292],[-87.6923856,41.9292927],[-87.6922973,41.9292934],[-87.6922311,41.9292939],[-87.692209,41.9292941],[-87.6921207,41.9292948],[-87.6920325,41.9292955],[-87.6919443,41.9292963],[-87.6919002,41.9292966],[-87.6918559,41.929297],[-87.6917676,41.9292977],[-87.6916794,41.9292984],[-87.6915883,41.9292992],[-87.6913457,41.929301],[-87.691254,41.9293018],[-87.6911656,41.9293025],[-87.6910773,41.9293032],[-87.6903548,41.9289496],[-87.6896007,41.928544],[-87.6888616,41.928102],[-87.6888481,41.9277242],[-87.6888467,41.9276859],[-87.6890893,41.9276837],[-87.6895521,41.92768],[-87.6896036,41.9276795],[-87.6900658,41.9276758],[-87.6903083,41.9276736],[-87.6907718,41.9276698],[-87.6908232,41.9276695],[-87.6908208,41.9276009],[-87.6910732,41.9275989],[-87.6910871,41.9281612],[-87.6911249,41.9281609],[-87.6912132,41.9281602],[-87.6913053,41.9281594],[-87.6912893,41.927704],[-87.6912887,41.9276875],[-87.6914076,41.9276887],[-87.6926272,41.9276757],[-87.6938731,41.9276674],[-87.6950701,41.9276542],[-87.6962897,41.9276426],[-87.6974942,41.9276308],[-87.6974971,41.9277092],[-87.6987182,41.9276929],[-87.6999421,41.927678],[-87.7011689,41.9276792],[-87.7011706,41.9277377],[-87.7024002,41.9277262],[-87.7023976,41.9276329],[-87.703002,41.9276244],[-87.703039,41.9276474],[-87.703071,41.9276671],[-87.7031645,41.9277249],[-87.7034116,41.9278773],[-87.7034156,41.9278737],[-87.7034934,41.9278034],[-87.7035056,41.9277924],[-87.7035661,41.9277377],[-87.7035896,41.9277164],[-87.7036088,41.9276991],[-87.7043059,41.9276854],[-87.7046394,41.9278301],[-87.7048686,41.927626],[-87.7050012,41.9274801],[-87.7050225,41.9274927],[-87.7050929,41.9275359],[-87.7053498,41.927303],[-87.7053671,41.927288],[-87.7057766,41.927538],[-87.7057927,41.9275472],[-87.7058218,41.9275178],[-87.7060982,41.927267],[-87.706128,41.92724],[-87.7063386,41.9270582],[-87.7063246,41.9267147],[-87.7063584,41.9267138],[-87.7063563,41.9266454],[-87.7063559,41.9266315],[-87.7068153,41.9266268],[-87.7068137,41.9265722],[-87.7068128,41.9265446],[-87.7068116,41.9265036],[-87.7068096,41.926435],[-87.7068074,41.9263664],[-87.7068054,41.9262978],[-87.706346,41.9263024],[-87.7063138,41.9263005],[-87.7063127,41.9261149],[-87.7062777,41.9248665],[-87.7061764,41.9245904],[-87.7061297,41.9233251],[-87.7062209,41.9231412],[-87.7062056,41.9227486],[-87.7062598,41.9227062],[-87.706246,41.9223452],[-87.70623,41.9219819],[-87.7050069,41.9219915],[-87.7050065,41.9219698],[-87.7049951,41.9216273],[-87.7049034,41.9216281],[-87.7048115,41.9216289],[-87.7047197,41.9216296],[-87.7046285,41.9216304],[-87.704536,41.9216311],[-87.704444,41.9216319],[-87.7044554,41.9219749],[-87.7044571,41.9219946],[-87.7022227,41.9220132],[-87.7015552,41.922019],[-87.7015523,41.9220028],[-87.7015436,41.9217394],[-87.7015176,41.9215585],[-87.7015148,41.9214667],[-87.7015125,41.9213985],[-87.7015104,41.9213303],[-87.7008787,41.921334],[-87.7008756,41.9211081],[-87.7008629,41.9206993],[-87.7008571,41.9205182],[-87.7008443,41.920107],[-87.7008429,41.92006],[-87.7008351,41.9198077],[-87.7008939,41.9198091],[-87.7014629,41.9198035],[-87.7014608,41.9197349],[-87.7014579,41.9196425],[-87.7008889,41.9196481],[-87.7008301,41.9196487],[-87.7008245,41.9194676],[-87.7008117,41.9190561],[-87.7008102,41.9190087],[-87.7007973,41.9185971],[-87.7007917,41.918416],[-87.7007789,41.9180045],[-87.7007774,41.9179579],[-87.7007647,41.9175462],[-87.7010266,41.9173626],[-87.7010224,41.9172267],[-87.7010202,41.9171581],[-87.7010181,41.9170906],[-87.701016,41.9170231],[-87.7010139,41.9169545],[-87.7010128,41.9169202],[-87.7010096,41.9168184],[-87.7010065,41.9167155],[-87.7010054,41.9166823],[-87.7010038,41.9166309],[-87.7010012,41.9165462],[-87.7009969,41.9164102],[-87.7009948,41.9163427],[-87.7009927,41.9162741],[-87.7009884,41.916138],[-87.7009842,41.9160019],[-87.7009799,41.9158659],[-87.7009757,41.9157298],[-87.7009701,41.9155487],[-87.7010216,41.9155482]]]},"properties":{"id":"HD-45","name":"Logan Square Boulevards","designationDate":"2005-11-01","nationalRegister":"Listed","source":"data.cityofchicago.org/d/zidz-sdfj"}},{"type":"Feature","geometry":{"type":"MultiPolygon","coordinates":[[[[-87.6749278,41.902703],[-87.6749258,41.9026343],[-87.6749238,41.9025655],[-87.6749218,41.9024968],[-87.6749208,41.9024627],[-87.6749199,41.9024281],[-87.6749179,41.9023593],[-87.6749158,41.9022907],[-87.674914,41.9022247],[-87.6749121,41.9021587],[-87.6749102,41.9020927],[-87.6749082,41.9020266],[-87.6749063,41.9019607],[-87.6749044,41.9018946],[-87.6749025,41.9018286],[-87.6749006,41.9017625],[-87.6748987,41.9016966],[-87.6748968,41.9016305],[-87.6748949,41.9015651],[-87.674893,41.9014996],[-87.6753517,41.9014925],[-87.6754104,41.9014916],[-87.6758692,41.9014844],[-87.6761116,41.9014807],[-87.6761064,41.9012996],[-87.6760979,41.9010034],[-87.6760967,41.9009595],[-87.6760947,41.9008912],[-87.6760928,41.9008227],[-87.6760908,41.900754],[-87.6760888,41.9006854],[-87.6760869,41.9006168],[-87.676085,41.9005482],[-87.676083,41.9004796],[-87.676081,41.900411],[-87.6760791,41.9003424],[-87.6760771,41.9002737],[-87.6760751,41.9002051],[-87.6760732,41.9001364],[-87.6760712,41.9000683],[-87.6760693,41.8999996],[-87.676068,41.8999557],[-87.6760595,41.8996594],[-87.6761525,41.8996579],[-87.6762442,41.8996565],[-87.676336,41.899655],[-87.6764277,41.8996536],[-87.6765194,41.8996521],[-87.6765278,41.8999484],[-87.6765291,41.8999923],[-87.676531,41.900061],[-87.676533,41.9001291],[-87.6765349,41.9001978],[-87.6765369,41.9002664],[-87.6765388,41.9003351],[-87.6765407,41.9004037],[-87.6765428,41.9004723],[-87.6765447,41.9005409],[-87.6765466,41.9006095],[-87.6765486,41.9006781],[-87.6765505,41.9007467],[-87.6765525,41.9008154],[-87.6765544,41.9008839],[-87.6765564,41.9009522],[-87.6765576,41.9009961],[-87.6765603,41.9010917],[-87.6766189,41.9010889],[-87.6770787,41.9010816],[-87.6770806,41.9011502],[-87.6770826,41.9012186],[-87.6770844,41.9012845],[-87.6766247,41.9012916],[-87.676566,41.9012925],[-87.6765712,41.9014735],[-87.6765808,41.9018114],[-87.6765821,41.901855],[-87.676584,41.9019233],[-87.676586,41.9019916],[-87.6765879,41.9020599],[-87.6765898,41.9021281],[-87.6765917,41.9021964],[-87.6765937,41.9022646],[-87.6765957,41.9023359],[-87.6765977,41.9024071],[-87.6765997,41.9024783],[-87.6766018,41.9025509],[-87.6766038,41.9026221],[-87.6766054,41.9026796],[-87.6765874,41.9026936],[-87.6761464,41.9027005],[-87.6759036,41.9026878],[-87.675445,41.9026949],[-87.6753863,41.9026958],[-87.6749278,41.902703]]],[[[-87.6724365,41.9009493],[-87.6724346,41.9008808],[-87.6722144,41.9008878],[-87.6717416,41.9008959],[-87.6717397,41.9008278],[-87.6717377,41.9007597],[-87.6717359,41.9006916],[-87.6717339,41.9006234],[-87.671732,41.9005553],[-87.67173,41.9004872],[-87.6717282,41.9004191],[-87.6717262,41.9003509],[-87.6721995,41.9003432],[-87.6724196,41.900332],[-87.6724215,41.9004007],[-87.6728794,41.9003934],[-87.6729384,41.9003991],[-87.6733964,41.9003918],[-87.6733983,41.9004606],[-87.6734001,41.9005223],[-87.673402,41.900591],[-87.6736443,41.9005851],[-87.6741045,41.9005778],[-87.6741632,41.9005769],[-87.6742803,41.900575],[-87.6742825,41.9006409],[-87.6746255,41.9006354],[-87.6746275,41.9007042],[-87.6746294,41.9007728],[-87.6746314,41.9008415],[-87.6746335,41.9009102],[-87.6746355,41.9009789],[-87.6746374,41.9010475],[-87.6746394,41.9011163],[-87.6746414,41.9011849],[-87.6746454,41.9013223],[-87.6741847,41.9013294],[-87.674126,41.9013303],[-87.6739787,41.9013326],[-87.6737836,41.9013356],[-87.6736655,41.9013375],[-87.6734231,41.9013412],[-87.6733318,41.9013426],[-87.6732405,41.9013441],[-87.6731491,41.9013455],[-87.6730578,41.9013469],[-87.6729646,41.9013483],[-87.6729059,41.9013492],[-87.6724476,41.9013563],[-87.6724458,41.9012906],[-87.672444,41.9012237],[-87.6724421,41.9011551],[-87.6724402,41.9010865],[-87.6724384,41.9010179],[-87.6724365,41.9009493]]],[[[-87.6740623,41.8970449],[-87.6740597,41.8969563],[-87.6745187,41.8969473],[-87.6745203,41.8970008],[-87.6747626,41.8969967],[-87.6752219,41.8969877],[-87.6752807,41.8969866],[-87.6752788,41.8969183],[-87.6752767,41.8968502],[-87.6752748,41.8967826],[-87.6752728,41.896715],[-87.6752707,41.8966407],[-87.6752685,41.8965663],[-87.6752664,41.896492],[-87.6752642,41.8964176],[-87.6757241,41.8964086],[-87.6757262,41.896483],[-87.6757284,41.8965573],[-87.6757305,41.8966317],[-87.6757326,41.8967059],[-87.6757345,41.8967736],[-87.6757365,41.8968411],[-87.6757384,41.8969093],[-87.6757404,41.8969775],[-87.6757423,41.8970457],[-87.6757443,41.8971138],[-87.6757452,41.897148],[-87.6757462,41.897182],[-87.6757477,41.8972333],[-87.6757482,41.8972502],[-87.6757501,41.8973185],[-87.675752,41.8973866],[-87.675754,41.8974549],[-87.6757559,41.897523],[-87.6757579,41.8975912],[-87.6757599,41.8976603],[-87.6753005,41.8976669],[-87.6752416,41.8976678],[-87.6747823,41.8976744],[-87.6745399,41.8976781],[-87.6743548,41.8976812],[-87.6740808,41.8976857],[-87.6740783,41.8975985],[-87.6740763,41.8975293],[-87.6740743,41.8974602],[-87.6740723,41.8973909],[-87.6740703,41.8973218],[-87.6740683,41.8972525],[-87.6740663,41.8971833],[-87.6740643,41.8971141],[-87.6740639,41.8971002],[-87.6740623,41.8970449]]],[[[-87.6710819,41.8964842],[-87.6715611,41.8964761],[-87.6715631,41.8965434],[-87.671565,41.8966108],[-87.671567,41.8966782],[-87.6715689,41.8967455],[-87.6715708,41.8968129],[-87.6715728,41.8968802],[-87.6715747,41.8969476],[-87.6715766,41.897015],[-87.6715792,41.8971026],[-87.6715817,41.8971901],[-87.6715855,41.8973272],[-87.6715876,41.8973963],[-87.6715895,41.8974652],[-87.6715915,41.8975344],[-87.6715935,41.8976033],[-87.6715955,41.8976724],[-87.6715974,41.8977414],[-87.6715994,41.8978104],[-87.6716014,41.8978794],[-87.6716034,41.8979485],[-87.6716053,41.8980175],[-87.6716073,41.8980865],[-87.6716093,41.8981555],[-87.6716113,41.8982245],[-87.6716133,41.8982935],[-87.6716153,41.8983625],[-87.6716172,41.8984315],[-87.6711386,41.8984395],[-87.6709184,41.8984432],[-87.6709164,41.8983743],[-87.6709144,41.8983053],[-87.6709124,41.8982363],[-87.6709103,41.8981673],[-87.6709083,41.8980983],[-87.6709063,41.8980293],[-87.6709043,41.8979603],[-87.6709024,41.8978913],[-87.6709004,41.8978223],[-87.6708984,41.8977533],[-87.6708964,41.8976843],[-87.6708944,41.8976153],[-87.6708924,41.8975463],[-87.6708904,41.8974773],[-87.6708884,41.8974083],[-87.6708864,41.8973393],[-87.6708823,41.8972022],[-87.6708793,41.8970977],[-87.6708774,41.89703],[-87.6708754,41.8969622],[-87.6708734,41.8968944],[-87.6708715,41.8968267],[-87.6708694,41.8967589],[-87.6708675,41.8966912],[-87.6708656,41.8966234],[-87.6708636,41.8965557],[-87.6708616,41.8964879],[-87.6710819,41.8964842]]]]},"properties":{"id":"HD-46","name":"East Village","designationDate":"2006-01-11","nationalRegister":"Unknown","source":"data.cityofchicago.org/d/zidz-sdfj"}},{"type":"Feature","geometry":{"type":"Polygon","coordinates":[[[-87.6516649,41.9358864],[-87.6514224,41.9358917],[-87.6513306,41.9358936],[-87.6513215,41.9358938],[-87.6512297,41.9358958],[-87.651138,41.9358977],[-87.6510462,41.9358997],[-87.6510003,41.9359006],[-87.6509545,41.9359016],[-87.6508865,41.935903],[-87.6508628,41.9359036],[-87.650771,41.9359055],[-87.6506793,41.9359075],[-87.6505876,41.9359094],[-87.6504958,41.9359113],[-87.6504041,41.9359133],[-87.6503124,41.9359152],[-87.6502206,41.9359171],[-87.6501289,41.9359191],[-87.6500372,41.935921],[-87.6499454,41.935923],[-87.6498537,41.9359249],[-87.6497809,41.9359265],[-87.6497615,41.9359271],[-87.6497599,41.9358666],[-87.6497483,41.9355372],[-87.6497444,41.9353562],[-87.6497328,41.9350281],[-87.6497312,41.9349701],[-87.6497491,41.9349702],[-87.6498223,41.9349687],[-87.6499139,41.9349667],[-87.6500056,41.9349648],[-87.6500972,41.9349628],[-87.6501888,41.9349609],[-87.6502805,41.9349589],[-87.6503262,41.934958],[-87.650372,41.934957],[-87.6504636,41.9349551],[-87.6505553,41.9349532],[-87.6505781,41.9349527],[-87.6506469,41.9349512],[-87.6506926,41.9349502],[-87.6507385,41.9349493],[-87.6507843,41.9349483],[-87.6508301,41.9349473],[-87.6509217,41.9349454],[-87.6510133,41.9349434],[-87.6510592,41.9349424],[-87.651105,41.9349415],[-87.6511966,41.9349396],[-87.6512883,41.9349377],[-87.6513887,41.9349355],[-87.6516312,41.9349306],[-87.6516327,41.9349745],[-87.6516447,41.9353159],[-87.6516512,41.935497],[-87.6516634,41.9358426],[-87.6516651,41.9358864],[-87.6516649,41.9358864]]]},"properties":{"id":"HD-47","name":"Oakdale Avenue","designationDate":"2006-03-29","nationalRegister":"Unknown","source":"data.cityofchicago.org/d/zidz-sdfj"}},{"type":"Feature","geometry":{"type":"Polygon","coordinates":[[[-87.6404621,41.8521926],[-87.6401524,41.8526581],[-87.640968,41.8526465],[-87.6408298,41.852832],[-87.6413917,41.8528244],[-87.6416168,41.8528248],[-87.6418292,41.8528182],[-87.6425907,41.8528074],[-87.6425964,41.8530221],[-87.6420467,41.8530344],[-87.6420517,41.853345],[-87.641846,41.8533532],[-87.6417254,41.8533521],[-87.6417409,41.8538292],[-87.6410497,41.8538283],[-87.6407859,41.8538247],[-87.6402285,41.8536388],[-87.6408204,41.8528325],[-87.6399814,41.8528445],[-87.6400956,41.8526589],[-87.6391875,41.8526718],[-87.6396013,41.8520074],[-87.6396552,41.852025],[-87.6397098,41.8519373],[-87.6404621,41.8521926]]]},"properties":{"id":"HD-48","name":"Cermak Road Bridge","designationDate":"2006-04-26","nationalRegister":"Unknown","source":"data.cityofchicago.org/d/zidz-sdfj"}},{"type":"Feature","geometry":{"type":"MultiPolygon","coordinates":[[[[-87.6822053,41.9008052],[-87.6821961,41.9004622],[-87.6821912,41.9002811],[-87.6821667,41.8993724],[-87.6819243,41.8993767],[-87.681544,41.8993834],[-87.6815421,41.8993153],[-87.6815403,41.8992494],[-87.6819207,41.8992426],[-87.6821631,41.8992383],[-87.6821623,41.8992054],[-87.6821614,41.8991724],[-87.68216,41.8991231],[-87.6821596,41.8991065],[-87.6821578,41.8990405],[-87.6821575,41.8990296],[-87.682539,41.8990228],[-87.6825978,41.8990217],[-87.6826864,41.8990201],[-87.6827744,41.8990186],[-87.6828625,41.899017],[-87.6829506,41.8990154],[-87.6830381,41.8990139],[-87.6831267,41.8990123],[-87.6831487,41.8990119],[-87.6832148,41.8990107],[-87.6832588,41.8990099],[-87.6833029,41.8990092],[-87.6833689,41.899008],[-87.683391,41.8990076],[-87.683479,41.899006],[-87.6835672,41.8990044],[-87.6835891,41.8990041],[-87.6836552,41.8990029],[-87.6836993,41.8990021],[-87.6837433,41.8990013],[-87.6838093,41.8990001],[-87.6838314,41.8989997],[-87.6839195,41.8989981],[-87.6839783,41.8989971],[-87.6843592,41.8989903],[-87.6843595,41.8990014],[-87.6843612,41.8990678],[-87.6843629,41.8991342],[-87.6843634,41.8991504],[-87.6843646,41.8992006],[-87.6843655,41.8992327],[-87.6843664,41.8992671],[-87.684368,41.8993335],[-87.6843727,41.8995146],[-87.6846151,41.8995102],[-87.684996,41.899503],[-87.6849977,41.8995711],[-87.6849994,41.8996369],[-87.6849998,41.8996526],[-87.6850011,41.8997026],[-87.6850021,41.8997424],[-87.6850028,41.8997683],[-87.685004,41.8998164],[-87.6850045,41.8998341],[-87.6850062,41.8998987],[-87.6850681,41.8999008],[-87.6850861,41.8998867],[-87.6851889,41.8998849],[-87.6853097,41.8998827],[-87.6854305,41.8998806],[-87.6855513,41.8998784],[-87.6856721,41.8998762],[-87.6857928,41.8998741],[-87.6859136,41.8998719],[-87.6860347,41.8998698],[-87.6861458,41.8998677],[-87.6862669,41.8998656],[-87.6863694,41.8998637],[-87.6863881,41.8998771],[-87.6863965,41.9002057],[-87.6864018,41.9003868],[-87.6864104,41.9007174],[-87.6863923,41.9007314],[-87.6862906,41.9007331],[-87.6861703,41.9007351],[-87.6860498,41.9007371],[-87.6859293,41.9007391],[-87.6858088,41.9007411],[-87.6856884,41.9007431],[-87.6855679,41.9007451],[-87.6854475,41.9007471],[-87.685327,41.9007491],[-87.6852065,41.9007511],[-87.6851049,41.9007528],[-87.6850277,41.900753],[-87.6850296,41.9008263],[-87.6850317,41.9009087],[-87.6850339,41.9009911],[-87.685036,41.9010734],[-87.6850377,41.9011413],[-87.6849476,41.9011428],[-87.6848587,41.9011442],[-87.6847696,41.9011456],[-87.6846571,41.9011474],[-87.6846554,41.9010796],[-87.6846533,41.9009972],[-87.6846511,41.9009148],[-87.684649,41.9008324],[-87.6846469,41.90075],[-87.6846447,41.9006656],[-87.6846426,41.9005831],[-87.6846405,41.9005008],[-87.6846384,41.9004184],[-87.684396,41.9004227],[-87.6839562,41.9004306],[-87.6839694,41.9007731],[-87.6844048,41.9007652],[-87.6844061,41.9008163],[-87.6844082,41.9008969],[-87.6844104,41.9009803],[-87.6844125,41.9010638],[-87.6844147,41.9011516],[-87.6840269,41.9011587],[-87.6839755,41.9011595],[-87.6838654,41.9011615],[-87.6837553,41.9011635],[-87.6836452,41.9011655],[-87.6835352,41.9011675],[-87.6834252,41.9011695],[-87.6833152,41.9011715],[-87.6832051,41.9011735],[-87.683095,41.9011755],[-87.682985,41.9011775],[-87.682875,41.9011795],[-87.6827649,41.9011815],[-87.6826548,41.9011835],[-87.6826035,41.9011846],[-87.6822157,41.9011916],[-87.6822134,41.9011039],[-87.6822111,41.9010204],[-87.6822089,41.9009369],[-87.6822065,41.9008491],[-87.6822053,41.9008052]]],[[[-87.6801252,41.8981119],[-87.6801159,41.8977699],[-87.6802043,41.8977684],[-87.6802926,41.8977669],[-87.6803073,41.8977666],[-87.6803809,41.8977654],[-87.6804104,41.8977648],[-87.6804692,41.8977638],[-87.6805134,41.897763],[-87.6805575,41.8977622],[-87.6806165,41.8977612],[-87.6806458,41.8977607],[-87.6807195,41.8977594],[-87.6807342,41.8977592],[-87.6808226,41.8977577],[-87.6809109,41.8977561],[-87.6809256,41.8977559],[-87.6809991,41.8977546],[-87.6810286,41.8977541],[-87.6810876,41.8977531],[-87.6811316,41.8977523],[-87.6811758,41.8977515],[-87.6812347,41.8977504],[-87.6812643,41.89775],[-87.6813377,41.8977487],[-87.6813525,41.8977484],[-87.6814408,41.8977469],[-87.6814996,41.8977459],[-87.6814947,41.8975648],[-87.681493,41.8975015],[-87.681492,41.8974658],[-87.6814912,41.8974356],[-87.6814898,41.8973861],[-87.6814894,41.8973697],[-87.6814877,41.8973065],[-87.6814877,41.8973037],[-87.6814858,41.8972378],[-87.6814856,41.8972268],[-87.681867,41.8972202],[-87.6821093,41.897216],[-87.6822189,41.8972141],[-87.682329,41.8972122],[-87.6824393,41.8972102],[-87.6825494,41.8972083],[-87.6826596,41.8972064],[-87.6827698,41.8972045],[-87.6828801,41.8972026],[-87.6829903,41.8972007],[-87.6831004,41.8971987],[-87.6832107,41.8971968],[-87.6833209,41.8971949],[-87.683431,41.897193],[-87.6835413,41.8971911],[-87.6835272,41.896628],[-87.683417,41.89663],[-87.6833069,41.8966319],[-87.6831967,41.8966338],[-87.6830866,41.8966357],[-87.6829764,41.8966376],[-87.6828662,41.8966396],[-87.6827561,41.8966415],[-87.682646,41.8966434],[-87.6825358,41.8966453],[-87.6825275,41.8963149],[-87.6825454,41.8963008],[-87.6826373,41.8962992],[-87.6827475,41.8962974],[-87.6828576,41.8962955],[-87.6829677,41.8962936],[-87.6830779,41.8962917],[-87.6831881,41.8962899],[-87.6832981,41.896288],[-87.683406,41.8962862],[-87.6835185,41.8962843],[-87.6836287,41.8962824],[-87.6837388,41.8962806],[-87.6838307,41.896279],[-87.6839075,41.8962777],[-87.6842895,41.8962712],[-87.6845318,41.896267],[-87.6849585,41.8962602],[-87.684978,41.8962742],[-87.6849796,41.8963394],[-87.6849807,41.8963809],[-87.6849818,41.8964225],[-87.6849825,41.8964502],[-87.6849839,41.8965057],[-87.6849865,41.8966027],[-87.6849235,41.8967849],[-87.6849253,41.8968565],[-87.6849275,41.8969389],[-87.6849296,41.8970214],[-87.6849317,41.8971038],[-87.6849334,41.8971674],[-87.6850104,41.8971655],[-87.6851054,41.8971639],[-87.6852122,41.897162],[-87.6853222,41.8971601],[-87.6854323,41.8971582],[-87.6855424,41.8971563],[-87.6856524,41.8971543],[-87.6857625,41.8971524],[-87.685872,41.8971505],[-87.6859827,41.8971486],[-87.6860927,41.8971467],[-87.6862028,41.8971447],[-87.6863012,41.897143],[-87.6863199,41.8971564],[-87.6863282,41.8974807],[-87.6863299,41.8976619],[-87.6863387,41.8980021],[-87.686227,41.8980041],[-87.6860987,41.8980063],[-87.6859704,41.8980086],[-87.685897,41.8980099],[-87.6858603,41.8980106],[-87.685809,41.8980115],[-87.6857211,41.898013],[-87.685633,41.8980146],[-87.6855698,41.8980158],[-87.6855439,41.8980162],[-87.6854571,41.8980178],[-87.6854185,41.8980184],[-87.6853691,41.8980193],[-87.685281,41.8980209],[-87.6852673,41.8980211],[-87.6851931,41.8980224],[-87.6851641,41.898023],[-87.6851051,41.898024],[-87.6850172,41.8980255],[-87.6849578,41.8980011],[-87.6845765,41.898008],[-87.6843347,41.8980375],[-87.6842022,41.8980399],[-87.684081,41.898042],[-87.6839598,41.8980442],[-87.6838386,41.8980463],[-87.6837175,41.8980484],[-87.6835963,41.8980506],[-87.6834751,41.8980527],[-87.6833539,41.8980549],[-87.6832327,41.898057],[-87.6831116,41.8980592],[-87.6829905,41.8980613],[-87.6828693,41.8980634],[-87.6827481,41.8980656],[-87.6826269,41.8980677],[-87.6825058,41.8980698],[-87.6823846,41.898072],[-87.6822635,41.8980741],[-87.6821319,41.8980764],[-87.6818894,41.8980809],[-87.6818901,41.8981027],[-87.6815094,41.8981095],[-87.6814502,41.8981111],[-87.6814501,41.8980885],[-87.6813618,41.8980901],[-87.6813469,41.8980903],[-87.6812735,41.8980916],[-87.6812439,41.8980922],[-87.6811851,41.8980932],[-87.6811408,41.898094],[-87.6810969,41.8980947],[-87.6810378,41.8980958],[-87.6810083,41.8980963],[-87.6809348,41.8980976],[-87.6809201,41.8980978],[-87.6808318,41.8980994],[-87.6807435,41.8981009],[-87.6807287,41.8981012],[-87.6806552,41.8981025],[-87.6806257,41.898103],[-87.6805668,41.8981041],[-87.6805226,41.8981048],[-87.6804785,41.8981056],[-87.6804196,41.8981067],[-87.6803901,41.8981072],[-87.6803166,41.8981085],[-87.6803019,41.8981088],[-87.6802135,41.8981103],[-87.6801252,41.8981119]]]]},"properties":{"id":"HD-53","name":"Ukrainian Village District Extension","designationDate":"2005-07-27","nationalRegister":"Unknown","source":"data.cityofchicago.org/d/zidz-sdfj"}},{"type":"Feature","geometry":{"type":"Polygon","coordinates":[[[-87.6441054,41.9348915],[-87.6439218,41.9348948],[-87.6437382,41.934898],[-87.6436464,41.9348997],[-87.6435547,41.9349013],[-87.6433711,41.9349046],[-87.6432435,41.9349068],[-87.6432369,41.9349069],[-87.6431874,41.9349078],[-87.6431314,41.9349088],[-87.643027,41.9349106],[-87.6428434,41.9349139],[-87.6426599,41.934917],[-87.6424763,41.9349203],[-87.6422928,41.9349235],[-87.6421092,41.9349268],[-87.6419257,41.93493],[-87.6416833,41.9349344],[-87.6414986,41.9349375],[-87.641399,41.9349392],[-87.6412144,41.9349424],[-87.6410298,41.9349455],[-87.6408819,41.934948],[-87.6408451,41.9349486],[-87.6407219,41.9349506],[-87.6406605,41.9349517],[-87.6404759,41.9349548],[-87.6403873,41.9349563],[-87.6403534,41.9349569],[-87.6402914,41.9349579],[-87.6402309,41.9349589],[-87.6402028,41.9349594],[-87.6401101,41.934961],[-87.6400473,41.934962],[-87.64004,41.9347737],[-87.6400339,41.9346136],[-87.6400267,41.9344266],[-87.6400355,41.9344264],[-87.6400293,41.9342454],[-87.6400261,41.9341157],[-87.6400228,41.9339794],[-87.640022,41.9339481],[-87.6402231,41.9339447],[-87.6402209,41.9338403],[-87.6402179,41.9337051],[-87.6402151,41.9335698],[-87.6402124,41.9334483],[-87.6402132,41.9333961],[-87.6403848,41.9333928],[-87.6405653,41.9333894],[-87.6407458,41.9333859],[-87.6408795,41.9333834],[-87.6409264,41.9333824],[-87.641089,41.9333793],[-87.6412425,41.9333763],[-87.641485,41.9333717],[-87.6416942,41.9333677],[-87.6417858,41.933366],[-87.6418776,41.9333642],[-87.6419684,41.9333624],[-87.6420601,41.9333607],[-87.6420879,41.9333602],[-87.6420877,41.9334124],[-87.6420913,41.9335345],[-87.6420927,41.9335799],[-87.6420954,41.9336704],[-87.6420994,41.9338063],[-87.6421014,41.9338742],[-87.6421025,41.9339124],[-87.6426527,41.9339017],[-87.6428952,41.9338972],[-87.642896,41.9339236],[-87.6434471,41.9339129],[-87.643446,41.9338788],[-87.6434419,41.9337423],[-87.6434379,41.9336057],[-87.6434351,41.9335125],[-87.6434939,41.933511],[-87.6436261,41.9335085],[-87.6438121,41.9335049],[-87.6439958,41.9335014],[-87.6441795,41.9334978],[-87.6441823,41.9335802],[-87.6441827,41.9335945],[-87.6441851,41.9336631],[-87.6442021,41.9341683],[-87.6444458,41.9341705],[-87.6444399,41.9341803],[-87.6444144,41.9342264],[-87.6443911,41.9342725],[-87.6443694,41.9343193],[-87.6443496,41.9343665],[-87.6443318,41.9344146],[-87.6443441,41.9347754],[-87.6443475,41.9348862],[-87.6441054,41.9348915]]]},"properties":{"id":"HD-50","name":"Surf-Pine Grove","designationDate":"2007-07-19","nationalRegister":"Unknown","source":"data.cityofchicago.org/d/zidz-sdfj"}},{"type":"Feature","geometry":{"type":"Polygon","coordinates":[[[-87.5770976,41.7729681],[-87.5770942,41.7728419],[-87.577093,41.772798],[-87.5770894,41.7726608],[-87.5770874,41.7725856],[-87.5770857,41.7725237],[-87.5770839,41.772455],[-87.5770833,41.7724313],[-87.5770821,41.7723865],[-87.5770803,41.7723179],[-87.5770794,41.772287],[-87.5770788,41.772263],[-87.5770787,41.772258],[-87.5770784,41.7722493],[-87.5770759,41.7721524],[-87.5770748,41.7721121],[-87.5770725,41.7720257],[-87.5770711,41.7719749],[-87.5770674,41.7718377],[-87.577064,41.7717088],[-87.5770616,41.7716232],[-87.5770589,41.7715277],[-87.5770581,41.7714979],[-87.5770553,41.7713895],[-87.5770538,41.7713365],[-87.5770516,41.7712523],[-87.5770479,41.7711152],[-87.5770478,41.7711097],[-87.5770472,41.7710877],[-87.5770443,41.7709779],[-87.5770425,41.7709094],[-87.5770407,41.7708407],[-87.577037,41.7707036],[-87.5770368,41.7706968],[-87.5770334,41.7705664],[-87.5770325,41.7705334],[-87.5770316,41.7704978],[-87.5770297,41.7704292],[-87.5770267,41.7703169],[-87.5770261,41.7702921],[-87.5770224,41.7701548],[-87.57702,41.7700643],[-87.5770188,41.7700177],[-87.5770168,41.7699436],[-87.5770151,41.7698821],[-87.5770127,41.7697963],[-87.5770101,41.7697011],[-87.5770098,41.7696903],[-87.5770065,41.7695697],[-87.5770065,41.7695676],[-87.5770065,41.769565],[-87.5770034,41.7694533],[-87.5770029,41.7694324],[-87.5770019,41.7693962],[-87.5769993,41.7692953],[-87.5769974,41.7692267],[-87.5769964,41.7691891],[-87.5769956,41.7691581],[-87.5769919,41.7690209],[-87.5769914,41.7689994],[-87.5769883,41.7688837],[-87.5769865,41.7688146],[-87.5769847,41.7687465],[-87.5769839,41.7687156],[-87.5769832,41.7686916],[-87.576981,41.7686093],[-87.5769774,41.7684722],[-87.5769755,41.768401],[-87.5769737,41.768335],[-87.5769719,41.7682664],[-87.5769706,41.7682166],[-87.5769701,41.7681978],[-87.5769662,41.7680606],[-87.5769638,41.7679742],[-87.5769615,41.7678795],[-87.576958,41.7677474],[-87.5769543,41.7676103],[-87.5769525,41.7675406],[-87.5769507,41.7674731],[-87.576947,41.7673359],[-87.5769469,41.7673308],[-87.5769434,41.7671987],[-87.5769411,41.7671139],[-87.5769397,41.7670615],[-87.5769369,41.7669552],[-87.5769361,41.7669243],[-87.5769323,41.7667871],[-87.577425,41.766782],[-87.5775464,41.766781],[-87.5776669,41.7667801],[-87.5781621,41.766775],[-87.5786547,41.76677],[-87.5788966,41.7667652],[-87.5793852,41.7667604],[-87.5798778,41.7667555],[-87.5800002,41.7667545],[-87.5801198,41.7667536],[-87.58062,41.7667486],[-87.5811137,41.7667437],[-87.5812448,41.766746],[-87.5813814,41.7667479],[-87.5813836,41.7668395],[-87.5813848,41.7668851],[-87.5813868,41.7669684],[-87.5813882,41.7670223],[-87.5813889,41.7670513],[-87.5813915,41.7671594],[-87.5813948,41.7672966],[-87.5813963,41.767355],[-87.5813982,41.7674339],[-87.5813994,41.7674822],[-87.5814016,41.767571],[-87.581405,41.7677082],[-87.581408,41.767832],[-87.5814103,41.767927],[-87.5814124,41.768013],[-87.5814143,41.7680871],[-87.5814161,41.7681612],[-87.5814167,41.7681865],[-87.5814179,41.7682353],[-87.5814197,41.7683093],[-87.5814215,41.7683834],[-87.5814226,41.7684278],[-87.5814233,41.7684575],[-87.5814252,41.7685309],[-87.5814266,41.7685899],[-87.5814269,41.768605],[-87.5814286,41.7686736],[-87.5814297,41.7687157],[-87.5814303,41.7687422],[-87.581432,41.7688101],[-87.5814337,41.7688794],[-87.5814345,41.7689121],[-87.5814353,41.768948],[-87.5814369,41.769011],[-87.581437,41.7690165],[-87.5814387,41.7690852],[-87.5814395,41.7691175],[-87.5814404,41.7691538],[-87.5814421,41.7692223],[-87.5814425,41.7692411],[-87.5814438,41.769291],[-87.5814443,41.7693126],[-87.5814455,41.7693596],[-87.5814472,41.7694282],[-87.5814474,41.7694364],[-87.5814482,41.7694714],[-87.5814488,41.7694967],[-87.581449,41.7695065],[-87.5814493,41.7695187],[-87.5814505,41.7695653],[-87.5814517,41.7696146],[-87.5814549,41.7697447],[-87.5819423,41.7697395],[-87.5819667,41.7697392],[-87.5819702,41.7698297],[-87.5819722,41.7699063],[-87.5819742,41.7699886],[-87.5819746,41.7700023],[-87.5819756,41.7700432],[-87.5819763,41.7700709],[-87.5819784,41.7701532],[-87.5819805,41.7702355],[-87.5819817,41.7702839],[-87.5819826,41.7703179],[-87.5819846,41.7704002],[-87.5819868,41.7704825],[-87.5819889,41.7705648],[-87.5819909,41.7706471],[-87.5819922,41.7706983],[-87.5819931,41.7707294],[-87.5819934,41.7707459],[-87.5819951,41.7708118],[-87.5819972,41.770894],[-87.5819993,41.7709763],[-87.5820014,41.7710587],[-87.5820022,41.7710922],[-87.5820035,41.771141],[-87.5820055,41.7712233],[-87.5820077,41.7713056],[-87.5820098,41.7713879],[-87.5820119,41.7714697],[-87.5820144,41.7715653],[-87.5820165,41.7716508],[-87.5820176,41.7716951],[-87.5820186,41.7717331],[-87.5820206,41.7718155],[-87.5820227,41.7718978],[-87.5820249,41.7719801],[-87.5820269,41.7720624],[-87.5820288,41.7721362],[-87.582029,41.7721447],[-87.5820311,41.772227],[-87.5820332,41.7723093],[-87.5820353,41.7723916],[-87.5820374,41.7724739],[-87.5820382,41.7725074],[-87.5820395,41.7725563],[-87.5820416,41.7726385],[-87.5820426,41.7726797],[-87.5820436,41.7727208],[-87.5820458,41.7728032],[-87.5820475,41.7728725],[-87.582048,41.7729302],[-87.5820197,41.7729305],[-87.5819647,41.7729311],[-87.5818548,41.7729324],[-87.5817448,41.7729337],[-87.5816349,41.772935],[-87.581533,41.7729361],[-87.5814041,41.7729337],[-87.5812653,41.7729308],[-87.5810314,41.7729334],[-87.5807764,41.7729363],[-87.5803403,41.7729413],[-87.5802835,41.772942],[-87.5802932,41.7733099],[-87.5800512,41.7733126],[-87.5795593,41.7733183],[-87.579063,41.773324],[-87.5788207,41.7733268],[-87.5783286,41.7733325],[-87.5778418,41.773338],[-87.5775997,41.7733408],[-87.5771076,41.7733464],[-87.5771042,41.7732206],[-87.5771009,41.7730944],[-87.5771003,41.7730721],[-87.5770976,41.7729681]]]},"properties":{"id":"HD-15","name":"Jackson Park Highlands","designationDate":"2007-07-19","nationalRegister":"Not Listed","source":"data.cityofchicago.org/d/zidz-sdfj"}},{"type":"Feature","geometry":{"type":"Polygon","coordinates":[[[-87.6526512,41.921282],[-87.6523758,41.9212863],[-87.6521334,41.9212902],[-87.651675,41.9212975],[-87.6516722,41.9212166],[-87.6516697,41.9211477],[-87.6516673,41.9210791],[-87.6516649,41.9210104],[-87.6516625,41.9209419],[-87.6516601,41.9208733],[-87.6516577,41.9208046],[-87.6516553,41.9207361],[-87.6516529,41.9206675],[-87.6516505,41.9205989],[-87.6516481,41.9205303],[-87.6516457,41.9204617],[-87.6516432,41.9203931],[-87.6516409,41.9203245],[-87.6516385,41.920256],[-87.651636,41.9201874],[-87.6516309,41.9200408],[-87.6517345,41.9200391],[-87.6518363,41.9200375],[-87.6520906,41.9200333],[-87.6523331,41.9200296],[-87.6526086,41.9200255],[-87.6526107,41.920086],[-87.6526129,41.9201545],[-87.6526153,41.9202232],[-87.6526177,41.9202917],[-87.6526199,41.9203603],[-87.6526223,41.920429],[-87.6526246,41.9204975],[-87.6526269,41.9205661],[-87.6526292,41.9206347],[-87.6526316,41.9207033],[-87.6526339,41.920772],[-87.6526362,41.9208406],[-87.6526386,41.9209091],[-87.6526409,41.9209777],[-87.6526433,41.9210463],[-87.6526456,41.9211149],[-87.6526479,41.9211835],[-87.6526512,41.921282]]]},"properties":{"id":"HD-51","name":"Bissell Street","designationDate":"2007-09-05","nationalRegister":"Unknown","source":"data.cityofchicago.org/d/zidz-sdfj"}},{"type":"Feature","geometry":{"type":"Polygon","coordinates":[[[-87.6460758,41.9279421],[-87.6459384,41.9279447],[-87.6458998,41.9279466],[-87.6459084,41.9280648],[-87.6459116,41.9281101],[-87.6459185,41.9283561],[-87.6458409,41.9283581],[-87.6458438,41.9284335],[-87.6458408,41.9285264],[-87.6456976,41.9285333],[-87.6456153,41.9285372],[-87.6456061,41.9285379],[-87.6455149,41.9285451],[-87.6454222,41.9285523],[-87.645301,41.9285618],[-87.6452548,41.9285654],[-87.6451164,41.9285805],[-87.6449025,41.9286038],[-87.6448961,41.9286045],[-87.6447962,41.9286185],[-87.64469,41.9286334],[-87.6445837,41.9286483],[-87.6445399,41.9286544],[-87.6444779,41.9286651],[-87.6443724,41.9286832],[-87.6442669,41.9287013],[-87.6441867,41.9287151],[-87.6441615,41.9287202],[-87.6440565,41.9287417],[-87.6438613,41.9287814],[-87.643837,41.9287864],[-87.6434915,41.9288682],[-87.6434468,41.9288796],[-87.643377,41.9288974],[-87.6433698,41.9288852],[-87.643065,41.9283667],[-87.6429856,41.9282421],[-87.6430551,41.9282237],[-87.6436156,41.9280928],[-87.643347,41.9273718],[-87.6425614,41.9273837],[-87.6424822,41.9273856],[-87.6424731,41.9273701],[-87.6424437,41.9273201],[-87.642414,41.9272696],[-87.6423844,41.9272193],[-87.6423073,41.9270881],[-87.6422674,41.9270203],[-87.6421622,41.9268412],[-87.6420647,41.9266754],[-87.6418977,41.9263913],[-87.6418483,41.9263071],[-87.6418036,41.9262311],[-87.6417517,41.9261428],[-87.6418304,41.9261401],[-87.6419238,41.9261385],[-87.6422005,41.9261337],[-87.6422927,41.9261322],[-87.642385,41.9261306],[-87.6425694,41.9261275],[-87.6428645,41.9261224],[-87.6430139,41.9261199],[-87.6431634,41.9261174],[-87.6432556,41.9261158],[-87.6433479,41.9261142],[-87.64344,41.9261127],[-87.6435323,41.9261111],[-87.6439022,41.9261047],[-87.6440491,41.926101],[-87.6444185,41.9260953],[-87.6445433,41.9260934],[-87.6446644,41.9260916],[-87.6447855,41.9260897],[-87.644914,41.9260878],[-87.6450332,41.9260859],[-87.6451526,41.9260841],[-87.6452624,41.9260825],[-87.6453725,41.9260808],[-87.6454826,41.9260791],[-87.645593,41.9260774],[-87.6457031,41.9260757],[-87.6458867,41.9260729],[-87.6459235,41.9260724],[-87.6462545,41.9260674],[-87.6464531,41.9260634],[-87.6464542,41.9260969],[-87.6464566,41.9261657],[-87.6469209,41.9261587],[-87.6469796,41.9261579],[-87.646982,41.9262266],[-87.6469843,41.9262953],[-87.6469867,41.926364],[-87.646989,41.9264328],[-87.6469913,41.9265015],[-87.6469937,41.9265702],[-87.646996,41.926639],[-87.6469983,41.9267077],[-87.6470006,41.9267764],[-87.647003,41.9268452],[-87.6470053,41.9269139],[-87.6470076,41.9269826],[-87.64701,41.9270513],[-87.6470123,41.92712],[-87.6470147,41.9271887],[-87.6470169,41.9272575],[-87.6470181,41.9272921],[-87.6470193,41.9273262],[-87.6470216,41.9273949],[-87.647024,41.9274637],[-87.6470263,41.9275324],[-87.6470286,41.9276011],[-87.647031,41.9276699],[-87.6470333,41.9277386],[-87.6470356,41.9278073],[-87.6470379,41.9278743],[-87.647038,41.927876],[-87.6470402,41.9279404],[-87.647041,41.9279629],[-87.6470424,41.9280081],[-87.6470439,41.9280524],[-87.6470446,41.9280741],[-87.647047,41.9281401],[-87.6469881,41.9281411],[-87.6465253,41.9281479],[-87.6463264,41.9281519],[-87.6463188,41.9279374],[-87.6460758,41.9279421]]]},"properties":{"id":"HD-49","name":"Arlington-Deming","designationDate":"2007-09-27","nationalRegister":"Unknown","source":"data.cityofchicago.org/d/zidz-sdfj"}},{"type":"Feature","geometry":{"type":"Polygon","coordinates":[[[-87.6669172,41.9688274],[-87.6668578,41.9688283],[-87.6664705,41.968834],[-87.6664675,41.9688341],[-87.6659054,41.9688369],[-87.6658543,41.9688431],[-87.6653347,41.9688508],[-87.6652754,41.9688517],[-87.6647059,41.9688601],[-87.6646972,41.9688601],[-87.664646,41.9688536],[-87.6645994,41.9688367],[-87.664561,41.9688107],[-87.6645337,41.9687777],[-87.6645239,41.9687511],[-87.6645201,41.9687408],[-87.6644963,41.9686038],[-87.664473,41.9684678],[-87.6644495,41.9683318],[-87.6645185,41.9683252],[-87.6651599,41.9682637],[-87.6651333,41.968128],[-87.6651066,41.9679924],[-87.66508,41.9678567],[-87.6650533,41.967721],[-87.6650267,41.9675854],[-87.665,41.9674497],[-87.6649734,41.967314],[-87.664952,41.9672049],[-87.6649244,41.9670242],[-87.6648976,41.9668819],[-87.6648719,41.9667457],[-87.6648463,41.9666096],[-87.6648335,41.9665415],[-87.6648206,41.9664734],[-87.6647949,41.9663372],[-87.6647693,41.966201],[-87.6647565,41.9661329],[-87.6647437,41.9660648],[-87.664718,41.9659287],[-87.6646923,41.9657925],[-87.6646667,41.9656562],[-87.664641,41.9655201],[-87.6646197,41.9654068],[-87.6646008,41.965298],[-87.6646266,41.9652977],[-87.6651776,41.9652903],[-87.6654275,41.9652871],[-87.6654045,41.9651729],[-87.6653576,41.9649529],[-87.6652379,41.9649663],[-87.6646248,41.9650379],[-87.6645663,41.9650428],[-87.6645548,41.964941],[-87.6645518,41.9649136],[-87.6645395,41.964805],[-87.6645364,41.9647771],[-87.664521,41.9646406],[-87.6645057,41.9645041],[-87.6645024,41.9644749],[-87.6644901,41.9643676],[-87.6644746,41.9642312],[-87.6644655,41.9641518],[-87.664459,41.9640947],[-87.6644459,41.9639799],[-87.6644443,41.9639573],[-87.6644345,41.9638192],[-87.6644267,41.9637113],[-87.6644248,41.9636839],[-87.6644164,41.9635667],[-87.6644753,41.9635659],[-87.6649408,41.9635597],[-87.6650633,41.963558],[-87.6651858,41.9635564],[-87.6655645,41.9635512],[-87.6657424,41.9635488],[-87.6658017,41.9635481],[-87.6658312,41.9636872],[-87.6658597,41.9638226],[-87.665881,41.9639233],[-87.6658918,41.9639741],[-87.6659026,41.964025],[-87.6659133,41.9640758],[-87.6659241,41.9641266],[-87.6659348,41.9641774],[-87.6659455,41.9642282],[-87.6659563,41.9642792],[-87.665967,41.9643299],[-87.6659775,41.9643793],[-87.665985,41.964415],[-87.666024,41.9645994],[-87.6660316,41.9646352],[-87.666042,41.9646845],[-87.6660524,41.9647339],[-87.6660611,41.9647751],[-87.6660628,41.9647833],[-87.6660915,41.9649188],[-87.6661059,41.9649866],[-87.6661202,41.9650543],[-87.6661439,41.9651666],[-87.666189,41.9653856],[-87.6662217,41.9655388],[-87.6662504,41.9656736],[-87.6662508,41.9656757],[-87.6662792,41.9658084],[-87.6662935,41.9658759],[-87.6663079,41.9659433],[-87.6663223,41.9660107],[-87.6663366,41.9660781],[-87.666351,41.9661455],[-87.6663654,41.9662129],[-87.6663798,41.9662803],[-87.6663941,41.9663477],[-87.6664085,41.9664152],[-87.6664228,41.9664825],[-87.6664372,41.96655],[-87.6664516,41.9666174],[-87.666466,41.9666848],[-87.6664804,41.9667522],[-87.6664947,41.9668196],[-87.666509,41.966887],[-87.6665317,41.9669931],[-87.6665664,41.9671735],[-87.6666044,41.9673522],[-87.6666333,41.9674889],[-87.6666623,41.9676257],[-87.6666913,41.9677624],[-87.6667203,41.9678991],[-87.6667493,41.9680358],[-87.6667783,41.9681726],[-87.6668074,41.9683093],[-87.6668363,41.9684461],[-87.666848,41.9685014],[-87.6668653,41.9685828],[-87.6668943,41.9687195],[-87.6669172,41.9688274]]]},"properties":{"id":"HD-55","name":"Dover Street","designationDate":"2007-12-12","nationalRegister":"Unknown","source":"data.cityofchicago.org/d/zidz-sdfj"}},{"type":"Feature","geometry":{"type":"Polygon","coordinates":[[[-87.677862,41.9111242],[-87.677795,41.9110808],[-87.6777282,41.9110376],[-87.677661,41.9109941],[-87.6776007,41.910955],[-87.6773551,41.9107954],[-87.6772662,41.9107968],[-87.6772472,41.910797],[-87.6771773,41.9107981],[-87.6771601,41.9107984],[-87.6770884,41.9107994],[-87.6769996,41.9108008],[-87.6769104,41.9108021],[-87.6769059,41.9105826],[-87.6768178,41.9105839],[-87.6767285,41.9105853],[-87.6766396,41.9105866],[-87.6765508,41.910588],[-87.6764618,41.9105893],[-87.676373,41.9105907],[-87.6763743,41.9104095],[-87.67637,41.9102163],[-87.6763696,41.9102161],[-87.6762995,41.9101714],[-87.6762292,41.9101268],[-87.6761592,41.9100821],[-87.6760889,41.9100375],[-87.6760189,41.9099929],[-87.6759486,41.9099482],[-87.6758785,41.9099036],[-87.6758083,41.909859],[-87.6757382,41.9098143],[-87.675668,41.9097697],[-87.6755977,41.909725],[-87.6755276,41.9096803],[-87.6754574,41.9096357],[-87.6754535,41.9096332],[-87.6753873,41.9095911],[-87.6753171,41.9095464],[-87.6752469,41.9095017],[-87.6751767,41.9094571],[-87.6751085,41.9094137],[-87.6751078,41.9094133],[-87.6751066,41.9094125],[-87.6750364,41.9093679],[-87.6749663,41.9093232],[-87.6748961,41.9092786],[-87.6748258,41.9092339],[-87.6747557,41.9091893],[-87.6746855,41.9091446],[-87.6746155,41.9091],[-87.6745452,41.9090553],[-87.6743614,41.9089372],[-87.6742915,41.9088925],[-87.6742216,41.9088479],[-87.6741518,41.9088032],[-87.6740819,41.9087585],[-87.674012,41.9087139],[-87.6739421,41.9086692],[-87.6738722,41.9086246],[-87.6738023,41.9085799],[-87.6737324,41.9085352],[-87.6736625,41.9084906],[-87.6735926,41.9084459],[-87.6735227,41.9084013],[-87.6734529,41.9083566],[-87.673383,41.9083119],[-87.6733131,41.9082674],[-87.6732431,41.9082226],[-87.6731733,41.908178],[-87.6731034,41.9081333],[-87.6730589,41.9080666],[-87.6730157,41.9080018],[-87.6729743,41.9080384],[-87.6729301,41.9079721],[-87.6728847,41.907904],[-87.6728392,41.9078359],[-87.6727938,41.9077677],[-87.6727533,41.9076995],[-87.67262,41.9077015],[-87.6726113,41.9073926],[-87.6723643,41.907235],[-87.6723665,41.907313],[-87.6723707,41.9074617],[-87.6722484,41.9074633],[-87.6721484,41.9074647],[-87.6721071,41.9074384],[-87.6720392,41.9073951],[-87.6719717,41.907352],[-87.6719041,41.9073088],[-87.6718363,41.9072656],[-87.6717687,41.9072225],[-87.6717011,41.9071793],[-87.6716334,41.9071362],[-87.6715658,41.907093],[-87.6714981,41.9070498],[-87.6714305,41.9070067],[-87.6713628,41.9069635],[-87.6712952,41.9069203],[-87.6712276,41.9068772],[-87.67116,41.906834],[-87.6710923,41.9067909],[-87.6710245,41.9067476],[-87.670957,41.9067045],[-87.6708893,41.9066613],[-87.6708217,41.9066181],[-87.670754,41.906575],[-87.6706863,41.9065318],[-87.6706187,41.9064886],[-87.670551,41.9064454],[-87.6704835,41.9064023],[-87.6704158,41.9063591],[-87.6703482,41.906316],[-87.6702804,41.9062727],[-87.6702129,41.9062296],[-87.6701452,41.9061864],[-87.669885,41.9060372],[-87.6691882,41.9055697],[-87.6690263,41.9054664],[-87.6688309,41.9053416],[-87.6687137,41.9052669],[-87.6685813,41.9051823],[-87.6688226,41.9049748],[-87.6689933,41.9048455],[-87.6692342,41.9046384],[-87.6692629,41.9046133],[-87.6693539,41.9046714],[-87.6693818,41.9046893],[-87.66971,41.9048987],[-87.6698809,41.9050027],[-87.6699508,41.9050474],[-87.6700205,41.905092],[-87.6700902,41.9051367],[-87.67016,41.9051813],[-87.6701312,41.9052064],[-87.670131,41.9052062],[-87.6702007,41.9052509],[-87.6702704,41.9052954],[-87.6703401,41.9053401],[-87.6704099,41.9053848],[-87.6704796,41.9054294],[-87.6705494,41.905474],[-87.6706192,41.9055187],[-87.6706888,41.9055632],[-87.6707581,41.9056076],[-87.6708277,41.9056521],[-87.6709931,41.9057609],[-87.6710016,41.9057663],[-87.6710581,41.9058024],[-87.6710723,41.9058114],[-87.6711852,41.9058835],[-87.6713411,41.9059829],[-87.6713636,41.9059973],[-87.6714084,41.9060259],[-87.6714704,41.9060655],[-87.6715325,41.9061051],[-87.6715922,41.9061432],[-87.6718195,41.9062233],[-87.6718837,41.9062642],[-87.6719538,41.906309],[-87.6720239,41.9063537],[-87.672094,41.9063984],[-87.6721642,41.9064432],[-87.6722343,41.9064879],[-87.6723043,41.9065327],[-87.6723746,41.9065775],[-87.6724446,41.9066222],[-87.6724681,41.9066372],[-87.6725147,41.9066669],[-87.6725848,41.9067116],[-87.6726549,41.9067564],[-87.672725,41.9068011],[-87.6727951,41.9068459],[-87.6728653,41.9068906],[-87.6729367,41.9069362],[-87.6731162,41.9070581],[-87.6731978,41.9069873],[-87.67327,41.9070335],[-87.6733368,41.907076],[-87.6734035,41.9071186],[-87.6734702,41.9071612],[-87.6735435,41.9072079],[-87.6736106,41.9072507],[-87.6736811,41.9072958],[-87.6737511,41.9073404],[-87.6738208,41.9073849],[-87.6738906,41.9074295],[-87.6739605,41.907474],[-87.6740303,41.9075186],[-87.6742147,41.9076363],[-87.6742845,41.9076808],[-87.6743543,41.9077254],[-87.6744241,41.9077699],[-87.6744939,41.9078145],[-87.6745638,41.9078591],[-87.6746336,41.9079036],[-87.6747034,41.9079481],[-87.6747733,41.9079927],[-87.6748431,41.9080373],[-87.674913,41.9080818],[-87.6749828,41.9081264],[-87.6750526,41.9081709],[-87.6751225,41.9082155],[-87.6751923,41.9082601],[-87.6752621,41.9083046],[-87.675332,41.9083491],[-87.6754018,41.9083937],[-87.6754717,41.9084383],[-87.6755415,41.9084828],[-87.6756113,41.9085274],[-87.6757957,41.908645],[-87.6758656,41.9086895],[-87.6759354,41.9087341],[-87.6760053,41.9087787],[-87.6760751,41.9088232],[-87.6761449,41.9088678],[-87.6762147,41.9089124],[-87.6762846,41.9089569],[-87.6763544,41.9090015],[-87.6764242,41.909046],[-87.676494,41.9090906],[-87.6765639,41.9091352],[-87.6766337,41.9091797],[-87.6767035,41.9092242],[-87.6767735,41.9092689],[-87.6768432,41.9093134],[-87.6769131,41.909358],[-87.6769829,41.9094025],[-87.6770527,41.909447],[-87.6771225,41.9094916],[-87.6771925,41.9095362],[-87.6772623,41.9095808],[-87.677324,41.9096201],[-87.6773243,41.9096319],[-87.6773513,41.9096087],[-87.6774467,41.9096696],[-87.6774459,41.9096428],[-87.6775695,41.9097242],[-87.677568,41.9096701],[-87.677566,41.9096018],[-87.6775639,41.9095307],[-87.6775619,41.9094595],[-87.6778006,41.9094552],[-87.6778026,41.9095264],[-87.6778047,41.9095975],[-87.6778066,41.9096658],[-87.6778086,41.9097341],[-87.6778146,41.9098917],[-87.677882,41.9099378],[-87.6779795,41.9100044],[-87.6780769,41.910071],[-87.6781965,41.9100657],[-87.6781951,41.910018],[-87.6781931,41.9099494],[-87.6782107,41.9099354],[-87.678294,41.9099339],[-87.6783029,41.9099337],[-87.6783893,41.9099322],[-87.6784848,41.9099304],[-87.6785802,41.9099287],[-87.6786755,41.909927],[-87.6787692,41.9099253],[-87.6788663,41.9099236],[-87.6789617,41.9099219],[-87.6790572,41.9099202],[-87.6791395,41.9099186],[-87.6791575,41.909932],[-87.6791698,41.9103615],[-87.6790698,41.9103633],[-87.6789744,41.9103651],[-87.678879,41.9103669],[-87.6787819,41.9103687],[-87.6787833,41.9104521],[-87.678786,41.9105498],[-87.6787272,41.910551],[-87.67854,41.9105545],[-87.678331,41.9105584],[-87.6783328,41.9106129],[-87.6782,41.9107288],[-87.6780433,41.9108666],[-87.67811,41.9109103],[-87.677862,41.9111242]]]},"properties":{"id":"HD-56","name":"Milwaukee Avenue","designationDate":"2008-04-09","nationalRegister":"Unknown","source":"data.cityofchicago.org/d/zidz-sdfj"}},{"type":"Feature","geometry":{"type":"MultiPolygon","coordinates":[[[[-87.6060601,41.7516321],[-87.6059685,41.7516336],[-87.6058799,41.7516352],[-87.6058213,41.7516373],[-87.6053689,41.7516451],[-87.6050642,41.751647],[-87.6050633,41.7516126],[-87.6050616,41.751544],[-87.60506,41.7514755],[-87.605058,41.7513939],[-87.6050505,41.7511743],[-87.6050482,41.751091],[-87.6050463,41.7510224],[-87.6050443,41.7509538],[-87.6050425,41.7508853],[-87.605041,41.7508318],[-87.6050406,41.7508167],[-87.6050403,41.7508061],[-87.6054071,41.7508017],[-87.605782,41.7507952],[-87.6058779,41.7507935],[-87.606315,41.7507861],[-87.6065569,41.7507818],[-87.6065682,41.7511687],[-87.6066841,41.7511667],[-87.6067759,41.7511651],[-87.6068673,41.7511636],[-87.606959,41.751162],[-87.6070506,41.7511604],[-87.6071055,41.7511595],[-87.6071107,41.7511594],[-87.6071195,41.7513394],[-87.6071263,41.7516139],[-87.6070347,41.7516155],[-87.6069431,41.751617],[-87.6068514,41.7516186],[-87.6067598,41.7516201],[-87.6066682,41.7516217],[-87.6065768,41.7516233],[-87.606335,41.751627],[-87.6062434,41.7516289],[-87.6061518,41.7516305],[-87.6060601,41.7516321]]],[[[-87.6060012,41.7588629],[-87.6055476,41.7588706],[-87.6055493,41.7589392],[-87.6055502,41.7589766],[-87.6052433,41.7589813],[-87.6047853,41.7589855],[-87.6047836,41.7589169],[-87.6047819,41.7588483],[-87.6047802,41.7587797],[-87.6047783,41.7586992],[-87.6047729,41.7584797],[-87.6052309,41.7584755],[-87.6052289,41.7583927],[-87.6052272,41.7583241],[-87.6052259,41.758268],[-87.6055326,41.7582619],[-87.6059823,41.7582538],[-87.6059806,41.7581853],[-87.6059791,41.7581266],[-87.6060378,41.7581261],[-87.6060396,41.7581978],[-87.606046,41.7584585],[-87.6061375,41.7584569],[-87.6061408,41.7586571],[-87.6060548,41.7586587],[-87.6059961,41.7586598],[-87.6059977,41.7587253],[-87.6059994,41.7587939],[-87.6060012,41.7588629]]],[[[-87.6057602,41.7493562],[-87.6053668,41.7493629],[-87.6053649,41.7492943],[-87.605363,41.7492257],[-87.6053611,41.7491571],[-87.6053592,41.7490885],[-87.6057525,41.7490819],[-87.6057545,41.7491504],[-87.6057563,41.7492191],[-87.6057583,41.7492876],[-87.6057602,41.7493562]]],[[[-87.605739,41.7486018],[-87.6053457,41.7486084],[-87.6053438,41.7485398],[-87.6053419,41.7484712],[-87.6053399,41.7484026],[-87.6057333,41.748396],[-87.6057352,41.7484646],[-87.6057372,41.7485332],[-87.605739,41.7486018]]],[[[-87.6051422,41.7548414],[-87.6046842,41.7548461],[-87.6046817,41.7547446],[-87.60468,41.754676],[-87.605138,41.7546713],[-87.6051398,41.7547399],[-87.6051422,41.7548414]]],[[[-87.6014306,41.7515984],[-87.6009719,41.7516031],[-87.6009698,41.7515175],[-87.6009678,41.7514358],[-87.6014265,41.7514311],[-87.6014285,41.7515127],[-87.6014306,41.7515984]]],[[[-87.6059405,41.7564915],[-87.6059412,41.756519],[-87.6059428,41.7565875],[-87.6059446,41.7566561],[-87.605493,41.7566642],[-87.6054914,41.7565956],[-87.6054897,41.756527],[-87.605489,41.7564995],[-87.6055952,41.7564976],[-87.6059405,41.7564915]]],[[[-87.6087518,41.7511312],[-87.6086336,41.7511332],[-87.6085421,41.7511348],[-87.6085321,41.7507918],[-87.6086237,41.7507902],[-87.6087419,41.7507882],[-87.6087518,41.7511312]]]]},"properties":{"id":"HD-57","name":"Chatham-Greater Grand Crossing Commercial","designationDate":"2008-10-08","nationalRegister":"Unknown","source":"data.cityofchicago.org/d/zidz-sdfj"}},{"type":"Feature","geometry":{"type":"Polygon","coordinates":[[[-87.6193467,41.8263388],[-87.6186605,41.82634],[-87.6186493,41.825721],[-87.6181316,41.8257271],[-87.6181582,41.825546],[-87.6181566,41.8254771],[-87.618155,41.8254085],[-87.6181535,41.82534],[-87.6181519,41.8252713],[-87.6181503,41.8252028],[-87.6181487,41.8251342],[-87.6181393,41.8247286],[-87.6178784,41.8247314],[-87.6178193,41.8247073],[-87.6178185,41.8246637],[-87.6178171,41.8245981],[-87.6178158,41.8245315],[-87.6178145,41.8244661],[-87.6178132,41.8244],[-87.6178119,41.8243341],[-87.6178105,41.8242684],[-87.6178092,41.8242015],[-87.6181271,41.8241976],[-87.6183105,41.8241953],[-87.6186583,41.8241909],[-87.6187195,41.8241902],[-87.6193139,41.8241776],[-87.6193467,41.8263388]]]},"properties":{"id":"HD-58","name":"Giles Calumet","designationDate":"2009-07-29","nationalRegister":"Not Listed","source":"data.cityofchicago.org/d/zidz-sdfj"}},{"type":"Feature","geometry":{"type":"Polygon","coordinates":[[[-87.6375773,41.9170113],[-87.637898,41.9170158],[-87.6379385,41.9170465],[-87.6379383,41.9170604],[-87.6379386,41.9170845],[-87.6379375,41.9170986],[-87.637527,41.9174001],[-87.6372931,41.9172326],[-87.6375773,41.9170113]]]},"properties":{"id":"HD-59","name":"Lincoln Ave Row House","designationDate":"2009-11-18","nationalRegister":"Not Listed","source":"data.cityofchicago.org/d/zidz-sdfj"}}]}