{"type":"FeatureCollection","features":[{"type":"Feature","properties":{"ADDRESS":"1737 S Michigan Ave.","TYPE_MAIN":"2:NR - District","NHL_NR":null,"NOTES":"Part of Motor Row","NAME":"Maxwell - Briscoe Automobile Company Showroom (Chicago Motor Row MPS)","TYPE":2},"geometry":{"type":"Polygon","coordinates":[[[-87.6237691,41.8581929],[-87.6236574,41.8581944],[-87.6231835,41.8582003],[-87.6231785,41.857979],[-87.6237632,41.8579716],[-87.6237727,41.8581929],[-87.6237691,41.8581929]]]}},{"type":"Feature","properties":{"ADDRESS":"1925 S. Michigan Ave.","TYPE_MAIN":"2:NR - District","NHL_NR":null,"NOTES":"Part of Motor Row","NAME":"B. F. Goodrich Company Showroom (Chicago Motor Row MPS)","TYPE":2},"geometry":{"type":"Polygon","coordinates":[[[-87.6237115,41.8559728],[-87.623665,41.855973],[-87.6231312,41.8559758],[-87.6231297,41.8558142],[-87.6236612,41.8558114],[-87.6237225,41.8558111],[-87.6237173,41.8559728],[-87.6237159,41.8559728],[-87.6237115,41.8559728]]]}},{"type":"Feature","properties":{"ADDRESS":"Roughly bounded by 22nd St., Indiana St., 24th Pl. and Wabash St.","TYPE_MAIN":"2:NR - District","NHL_NR":null,"NOTES":null,"NAME":"Motor Row Historic District (Motor Row MPS) include Maxwell Briscoe, BF Goodrich","TYPE":2},"geometry":{"type":"Polygon","coordinates":[[[-87.6254963,41.8526827],[-87.6254968,41.8526922],[-87.623015,41.8527179],[-87.6229946,41.8516284],[-87.6222444,41.8516387],[-87.6221982,41.849221],[-87.6229669,41.8492094],[-87.6229417,41.8483929],[-87.6244869,41.8483907],[-87.624548,41.8510573],[-87.6254735,41.8510381],[-87.6254953,41.8514289],[-87.6254867,41.8516821],[-87.626363,41.8516721],[-87.6263441,41.8519414],[-87.6254556,41.8519387],[-87.6254886,41.8525425],[-87.6254963,41.8526827]]]}},{"type":"Feature","properties":{"ADDRESS":"619 W. Chicago Ave","TYPE_MAIN":"3: (National Historic Landmark) - Individual Property","NHL_NR":"NHL","NOTES":null,"NAME":"Montgomery Ward Company Complex","TYPE":3},"geometry":{"type":"MultiPolygon","coordinates":[[[[-87.6432506,41.8965976],[-87.6437781,41.8965947],[-87.6438247,41.8967646],[-87.6439098,41.8971896],[-87.644223,41.8974706],[-87.6452014,41.8985739],[-87.6454885,41.8990363],[-87.6454074,41.8990663],[-87.6456136,41.8994981],[-87.64501,41.8997794],[-87.6446894,41.8993954],[-87.6432791,41.8977075],[-87.6432506,41.8965976]]],[[[-87.6431923,41.8954601],[-87.6438073,41.8954509],[-87.6438076,41.8954657],[-87.6438093,41.8955755],[-87.6438139,41.8958688],[-87.6438313,41.8963521],[-87.6435099,41.8963583],[-87.6432157,41.8963639],[-87.6432121,41.896364],[-87.6431835,41.8963645],[-87.6431596,41.8955841],[-87.6431551,41.8954605],[-87.6431886,41.8954601],[-87.6431923,41.8954601]]]]}},{"type":"Feature","properties":{"ADDRESS":"Bounded b Cullerton, Cermak, Kostner, S. Pulaski Rd","TYPE_MAIN":"2:NR - District","NHL_NR":null,"NOTES":null,"NAME":"K-Town Historic District","TYPE":2},"geometry":{"type":"Polygon","coordinates":[[[-87.734737,41.8548479],[-87.7347361,41.8548433],[-87.7297269,41.8549133],[-87.7297297,41.8550035],[-87.7291197,41.8550125],[-87.7290853,41.8548244],[-87.728175,41.8548369],[-87.727778,41.8548424],[-87.7254532,41.8548743],[-87.7254046,41.8549059],[-87.7247277,41.8549046],[-87.7247049,41.8541115],[-87.7246895,41.8535748],[-87.7246782,41.8531799],[-87.7246376,41.8517667],[-87.7246259,41.8513551],[-87.7265482,41.8513279],[-87.7335357,41.8512266],[-87.734619,41.8512109],[-87.734737,41.8548479]]]}},{"type":"Feature","properties":{"ADDRESS":"3647-55 S.State, 3517-33 S.Giles ,3619-27 S.State, 3140 S. Indiana , 35th.& King Dr.3763 S. Wabash , 3501 S. King Dr.","TYPE_MAIN":"2:NR - District","NHL_NR":null,"NOTES":"Includes Chicago Bee Building ,Eighth Regiment Armory, Overton Hygienic Building, Victory Sculpture,  Wabash Avenue YMCA ,  Liberty Life / Supreme Life Insurance Company, Chicago Defender Building","NAME":"Black Metropolis Thematic District","TYPE":2},"geometry":{"type":"MultiPolygon","coordinates":[[[[-87.6187275,41.8298224],[-87.6191754,41.8298203],[-87.6192057,41.8307689],[-87.6187121,41.8307736],[-87.6187113,41.8307268],[-87.6187405,41.8307265],[-87.6187275,41.8298224]]],[[[-87.6168117,41.8303276],[-87.6173383,41.8303219],[-87.6173374,41.8310056],[-87.6173374,41.8310165],[-87.6168143,41.8310221],[-87.6168117,41.8303276]]],[[[-87.6163098,41.8303314],[-87.6167638,41.8303254],[-87.6167649,41.8303849],[-87.6167662,41.8304474],[-87.6167674,41.8305095],[-87.6167686,41.8305714],[-87.6167699,41.8306334],[-87.6167699,41.8306365],[-87.6167711,41.8306954],[-87.6167723,41.8307574],[-87.6167776,41.831022],[-87.6167639,41.8310222],[-87.6167514,41.8310223],[-87.6163235,41.8310273],[-87.6163183,41.8307636],[-87.6163171,41.8307016],[-87.6163159,41.8306426],[-87.6163159,41.8306395],[-87.6163146,41.8305776],[-87.6163134,41.8305155],[-87.6163122,41.8304535],[-87.616311,41.8303909],[-87.6163098,41.8303314]]],[[[-87.6241014,41.8255574],[-87.6246687,41.8255512],[-87.624673,41.8258904],[-87.6246293,41.8259022],[-87.6241082,41.8259078],[-87.6241014,41.8255574]]],[[[-87.6258573,41.8279283],[-87.6263084,41.8279227],[-87.6263128,41.8281865],[-87.6263132,41.8282077],[-87.6258635,41.8282132],[-87.6258573,41.8279283]]],[[[-87.626049,41.828804],[-87.6263094,41.8288008],[-87.6263115,41.8288832],[-87.6263128,41.8289352],[-87.6263185,41.8291664],[-87.6263185,41.8291665],[-87.6263098,41.8291686],[-87.6260582,41.8291711],[-87.6260564,41.8290997],[-87.6260546,41.8290284],[-87.6260528,41.8289571],[-87.6260511,41.8288858],[-87.626049,41.828804]]],[[[-87.6212006,41.8317723],[-87.6216538,41.8317675],[-87.6216572,41.8319511],[-87.6216174,41.8319707],[-87.6212044,41.8319751],[-87.6212006,41.8317723]]],[[[-87.6220137,41.8371073],[-87.6225982,41.8370993],[-87.6226071,41.8372198],[-87.6226082,41.8372345],[-87.622017,41.8372426],[-87.6220137,41.8371073]]]]}},{"type":"Feature","properties":{"ADDRESS":"860-880 North Lake Shore Drive","TYPE_MAIN":"1: NR - Individual Property","NHL_NR":null,"NOTES":null,"NAME":"860-880 North Lake Shore Drive","TYPE":1},"geometry":{"type":"Polygon","coordinates":[[[-87.6191584,41.8991726],[-87.6191584,41.8991737],[-87.6187817,41.8991794],[-87.6185159,41.8987753],[-87.6183884,41.8985814],[-87.6190103,41.8985721],[-87.6191462,41.8985701],[-87.6191502,41.8987659],[-87.6191584,41.8991726]]]}},{"type":"Feature","properties":{"ADDRESS":"Cermak Rd. & S. State St.","TYPE_MAIN":"2:NR - District","NHL_NR":null,"NOTES":null,"NAME":"Raymond M. Hilliard Center Historic District","TYPE":2},"geometry":{"type":"Polygon","coordinates":[[[-87.6299972,41.8550614],[-87.6298485,41.8551331],[-87.6295242,41.8552899],[-87.6294522,41.8553224],[-87.6294038,41.8553232],[-87.6292827,41.855325],[-87.6287883,41.8553326],[-87.6287883,41.8553312],[-87.6285429,41.8553363],[-87.6279992,41.8553447],[-87.6279933,41.8553448],[-87.6279383,41.8553456],[-87.6278832,41.8553464],[-87.6273291,41.8553549],[-87.6273269,41.8553549],[-87.6273226,41.8551763],[-87.6273192,41.8550391],[-87.6273166,41.8549294],[-87.627316,41.854902],[-87.6273126,41.8547648],[-87.6273093,41.8546276],[-87.627306,41.8544904],[-87.6273026,41.8543532],[-87.6273004,41.8542627],[-87.6272982,41.8541721],[-87.627295,41.8540421],[-87.6272917,41.8539034],[-87.6272883,41.8537648],[-87.6272872,41.8537187],[-87.6272867,41.8536956],[-87.627285,41.8536262],[-87.6272816,41.8534876],[-87.62728,41.8534182],[-87.6272782,41.8533489],[-87.6272749,41.8532103],[-87.6272715,41.8530716],[-87.6278278,41.8530641],[-87.6278829,41.8530634],[-87.627938,41.8530626],[-87.6280465,41.8530611],[-87.6281585,41.8530596],[-87.6282686,41.8530582],[-87.6283806,41.8530566],[-87.6284908,41.8530551],[-87.6286117,41.8530535],[-87.628733,41.8530519],[-87.6292271,41.8530452],[-87.6293482,41.8530436],[-87.6294693,41.8530419],[-87.6299489,41.8530354],[-87.6299528,41.8531734],[-87.6299567,41.8533115],[-87.6299605,41.8534495],[-87.6299625,41.8535186],[-87.6299644,41.8535876],[-87.6299683,41.8537256],[-87.6299722,41.8538636],[-87.6299761,41.8540016],[-87.6299797,41.8541311],[-87.6299822,41.8542217],[-87.6299848,41.8543122],[-87.6299886,41.8544486],[-87.6299924,41.8545851],[-87.6299963,41.8547215],[-87.6300002,41.8548611],[-87.630002,41.8549261],[-87.630004,41.8549983],[-87.6300057,41.8550573],[-87.6299972,41.8550614]]]}},{"type":"Feature","properties":{"ADDRESS":"758 W North Av","TYPE_MAIN":"1: NR - Individual Property","NHL_NR":null,"NOTES":null,"NAME":"Yondorf Block and Hall","TYPE":1},"geometry":{"type":"Polygon","coordinates":[[[-87.6479428,41.9110308],[-87.6480351,41.9110294],[-87.6481532,41.9110276],[-87.6481645,41.9113705],[-87.6480482,41.9113723],[-87.6479559,41.9113737],[-87.6478637,41.9113752],[-87.6477715,41.9113766],[-87.647705,41.9113776],[-87.6476779,41.9113429],[-87.6475809,41.9112182],[-87.6475617,41.9111936],[-87.6474997,41.911024],[-87.6475442,41.9110233],[-87.6475445,41.911037],[-87.6475739,41.9110366],[-87.6476662,41.9110351],[-87.6477584,41.9110337],[-87.6478506,41.9110322],[-87.6479428,41.9110308]]]}},{"type":"Feature","properties":{"ADDRESS":"159 N Dearborn St","TYPE_MAIN":"1: NR - Individual Property","NHL_NR":null,"NOTES":null,"NAME":"Oliver Building","TYPE":1},"geometry":{"type":"Polygon","coordinates":[[[-87.6293294,41.8850891],[-87.6291857,41.8850896],[-87.6291825,41.8849604],[-87.6291796,41.8848455],[-87.6291782,41.8847893],[-87.6293215,41.8847889],[-87.629323,41.8848451],[-87.6293261,41.88496],[-87.6293294,41.8850891]]]}},{"type":"Feature","properties":{"ADDRESS":"1936 S. Michigan Ave \r\n1936 S. Michigan Ave","TYPE_MAIN":"1: NR - Individual Property","NHL_NR":null,"NOTES":null,"NAME":"Second Presbyterian Church","TYPE":1},"geometry":{"type":"Polygon","coordinates":[[[-87.6240444,41.8555796],[-87.6246726,41.8555707],[-87.624674,41.8556345],[-87.6246742,41.8556429],[-87.6246668,41.8556431],[-87.6246678,41.8556868],[-87.624672,41.855871],[-87.6240518,41.8558795],[-87.6240444,41.8555796]]]}},{"type":"Feature","properties":{"ADDRESS":"430 S Michigan Av","TYPE_MAIN":"3: (National Historic Landmark) - Individual Property","NHL_NR":"NHL","NOTES":null,"NAME":"Auditorium Building, Roosevelt University","TYPE":3},"geometry":{"type":"Polygon","coordinates":[[[-87.6258541,41.8762285],[-87.6251907,41.8762408],[-87.6251549,41.8762406],[-87.6251567,41.8763153],[-87.6245286,41.876327],[-87.6245215,41.8760324],[-87.6245189,41.8759221],[-87.6245163,41.8758116],[-87.6251803,41.8757993],[-87.6252722,41.8757976],[-87.625364,41.8757958],[-87.6254559,41.8757942],[-87.6254927,41.8757935],[-87.6258436,41.8757869],[-87.6258456,41.8758697],[-87.6258472,41.8759385],[-87.6258489,41.8760077],[-87.6258541,41.8762285]]]}},{"type":"Feature","properties":{"ADDRESS":"6363 N. Sheridan Rd.","TYPE_MAIN":"1: NR - Individual Property","NHL_NR":null,"NOTES":null,"NAME":"Mundelein College Skyscraper Building","TYPE":1},"geometry":{"type":"Polygon","coordinates":[[[-87.6565617,41.9983273],[-87.6567823,41.998325],[-87.6570031,41.9983228],[-87.6570366,41.9990185],[-87.656816,41.9990213],[-87.6565953,41.999024],[-87.6563746,41.9990267],[-87.6561539,41.9990295],[-87.6561007,41.9990302],[-87.656067,41.9983323],[-87.6561202,41.9983318],[-87.656341,41.9983295],[-87.6565617,41.9983273]]]}},{"type":"Feature","properties":{"ADDRESS":"15-19 S. Wabash Ave.","TYPE_MAIN":"1: NR - Individual Property","NHL_NR":null,"NOTES":null,"NAME":"Jewelers  Building","TYPE":1},"geometry":{"type":"Polygon","coordinates":[[[-87.6255976,41.8815451],[-87.6257801,41.8815422],[-87.62598,41.881539],[-87.6259835,41.8816858],[-87.6257926,41.8816889],[-87.6257068,41.8816903],[-87.6255978,41.8816921],[-87.625504,41.8816936],[-87.625451,41.8816944],[-87.625403,41.8816952],[-87.6253543,41.881696],[-87.6253508,41.8815491],[-87.6254484,41.8815475],[-87.6255366,41.8815461],[-87.6255976,41.8815451]]]}},{"type":"Feature","properties":{"ADDRESS":"6565 S Yale Av","TYPE_MAIN":"1: NR - Individual Property","NHL_NR":null,"NOTES":null,"NAME":"Yale Apartments","TYPE":1},"geometry":{"type":"Polygon","coordinates":[[[-87.631037,41.7746069],[-87.6315501,41.7745986],[-87.6315537,41.7747326],[-87.6315555,41.7748012],[-87.6310424,41.7748097],[-87.6310406,41.7747412],[-87.6310405,41.7747379],[-87.631037,41.7746069]]]}},{"type":"Feature","properties":{"ADDRESS":"2620 W Washington Blvd","TYPE_MAIN":"1: NR - Individual Property","NHL_NR":null,"NOTES":null,"NAME":"Lindemann & Hoverson Company Showroom & Warehouse","TYPE":1},"geometry":{"type":"Polygon","coordinates":[[[-87.6920474,41.8830847],[-87.6920616,41.8836079],[-87.6916947,41.8836211],[-87.6916802,41.8830885],[-87.6920474,41.8830847]]]}},{"type":"Feature","properties":{"ADDRESS":"209 S LaSalle St","TYPE_MAIN":"3: (National Historic Landmark) - Individual Property","NHL_NR":"NHL","NOTES":null,"NAME":"Rookery Building","TYPE":3},"geometry":{"type":"Polygon","coordinates":[[[-87.6317352,41.8788327],[-87.6318232,41.8788315],[-87.6319113,41.8788305],[-87.6319995,41.8788294],[-87.6320876,41.8788283],[-87.632117,41.878828],[-87.6321234,41.8790701],[-87.63213,41.8793163],[-87.6321006,41.8793167],[-87.6320125,41.8793177],[-87.6319243,41.8793188],[-87.6318363,41.8793199],[-87.6317482,41.879321],[-87.6316601,41.8793221],[-87.6315697,41.8793232],[-87.6314779,41.8793243],[-87.6314713,41.8790781],[-87.6314649,41.8788359],[-87.6315567,41.8788348],[-87.631647,41.8788337],[-87.6317352,41.8788327]]]}},{"type":"Feature","properties":{"ADDRESS":"1001 W. Belmont Ave.","TYPE_MAIN":"1: NR - Individual Property","NHL_NR":null,"NOTES":null,"NAME":"Belmont ¿ Sheffield Trust & Savings Bank Building","TYPE":1},"geometry":{"type":"Polygon","coordinates":[[[-87.6546827,41.939812],[-87.6542232,41.9398187],[-87.6542143,41.9395471],[-87.6542142,41.9395456],[-87.654674,41.9395388],[-87.6546827,41.939812]]]}},{"type":"Feature","properties":{"ADDRESS":"1304 W  Washington Blvd","TYPE_MAIN":"1: NR - Individual Property","NHL_NR":null,"NOTES":null,"NAME":"Abraham Groesbeck House","TYPE":1},"geometry":{"type":"Polygon","coordinates":[[[-87.6601248,41.8835377],[-87.6599871,41.8835395],[-87.6599705,41.8830441],[-87.6601082,41.883042],[-87.6601175,41.8833183],[-87.6601193,41.8833731],[-87.6601211,41.883428],[-87.660123,41.8834829],[-87.6601248,41.8835377]]]}},{"type":"Feature","properties":{"ADDRESS":"4 W. burton Pl","TYPE_MAIN":"1: NR - Individual Property","NHL_NR":null,"NOTES":null,"NAME":"Albert F. Madlener House","TYPE":1},"geometry":{"type":"Polygon","coordinates":[[[-87.6294674,41.9097246],[-87.6289812,41.9097341],[-87.628979,41.9096647],[-87.6289762,41.9095726],[-87.6294625,41.9095631],[-87.6294653,41.9096551],[-87.6294674,41.9097246]]]}},{"type":"Feature","properties":{"ADDRESS":"Roughly bounded by W. Wellington Ave., N. Lamon Ave., N. Laramie Ave., and the alley N of W. Diversey Ave. (March 7, 2007).","TYPE_MAIN":"2:NR - District","NHL_NR":null,"NOTES":null,"NAME":"Falconer Bungalow Historic District (Chicago Bungalows MPS)","TYPE":2},"geometry":{"type":"Polygon","coordinates":[[[-87.7521927,41.9351113],[-87.7517226,41.9351167],[-87.751649,41.9351175],[-87.7516597,41.9354123],[-87.7516657,41.9355688],[-87.7516665,41.9355889],[-87.7516781,41.9358922],[-87.7516824,41.9360318],[-87.7514373,41.936035],[-87.7509189,41.9360416],[-87.7497237,41.9360555],[-87.7492309,41.9360583],[-87.7492236,41.9358661],[-87.749216,41.9356771],[-87.7492128,41.9356033],[-87.7492089,41.9355132],[-87.7491933,41.9351498],[-87.7491806,41.9348511],[-87.7491746,41.9346911],[-87.7491699,41.9345661],[-87.7491644,41.9344018],[-87.7491574,41.9342369],[-87.7491462,41.9339731],[-87.7491386,41.9337786],[-87.7491318,41.9336066],[-87.7491207,41.9333252],[-87.7491074,41.9329871],[-87.7491026,41.9328695],[-87.7490914,41.9325953],[-87.7490851,41.932413],[-87.7490787,41.9322282],[-87.7490684,41.9319586],[-87.7490684,41.9319585],[-87.749431,41.9319548],[-87.7495708,41.9319529],[-87.7498953,41.9319494],[-87.7501584,41.9319461],[-87.7504221,41.9319423],[-87.7506823,41.9319379],[-87.7509316,41.931934],[-87.7513009,41.931929],[-87.751523,41.9319251],[-87.7517516,41.9319205],[-87.751859,41.9319192],[-87.7522457,41.9319144],[-87.7524778,41.9319118],[-87.7527099,41.9319093],[-87.7529261,41.9319059],[-87.7532048,41.9319011],[-87.7535133,41.9318954],[-87.753745,41.9318917],[-87.7539795,41.93189],[-87.7542402,41.9318881],[-87.7545809,41.9318831],[-87.7547967,41.9318798],[-87.7550439,41.9318768],[-87.755353,41.931873],[-87.7557707,41.931867],[-87.7561256,41.9318617],[-87.7564381,41.9318576],[-87.7565567,41.935052],[-87.7565567,41.935052],[-87.7565567,41.935052],[-87.7565567,41.935052],[-87.7565566,41.935052],[-87.7565566,41.935052],[-87.7565566,41.935052],[-87.7565566,41.935052],[-87.7565565,41.935052],[-87.7565564,41.935052],[-87.7565563,41.935052],[-87.7565562,41.935052],[-87.7565561,41.935052],[-87.756556,41.935052],[-87.7521927,41.9351113]]]}},{"type":"Feature","properties":{"ADDRESS":"Bounded on the N. by 103rd, on the E. by C.S.S. and S.B. Railroad spur tracks, on the S. by 115th St., and on the W. by Cottage Grove Ave.","TYPE_MAIN":"4:NHL (National Historic Landmark) - District","NHL_NR":"NHL","NOTES":null,"NAME":"Pullman Historic District","TYPE":4},"geometry":{"type":"Polygon","coordinates":[[[-87.6065175,41.7074334],[-87.6051898,41.7074665],[-87.6046575,41.7074753],[-87.6045404,41.7074773],[-87.604015,41.7074857],[-87.6031598,41.7074995],[-87.602848,41.7075043],[-87.6024646,41.7075101],[-87.6015991,41.707523],[-87.6008103,41.7075356],[-87.5997285,41.7075533],[-87.5988987,41.7075685],[-87.5981321,41.7075792],[-87.5980752,41.70758],[-87.5974165,41.7075911],[-87.5965893,41.7076052],[-87.5963171,41.7076096],[-87.5962975,41.7076319],[-87.5963161,41.7076096],[-87.6014879,41.7014428],[-87.601546,41.7013321],[-87.6017346,41.7009178],[-87.6019154,41.700432],[-87.6022162,41.6995586],[-87.6025277,41.6986396],[-87.6028172,41.6977914],[-87.6030972,41.696975],[-87.603322,41.6963193],[-87.6034573,41.6959176],[-87.6040115,41.6944197],[-87.6040195,41.6944064],[-87.6040702,41.6943321],[-87.6041262,41.6942599],[-87.6041871,41.69419],[-87.6042529,41.6941226],[-87.6043232,41.6940579],[-87.6043341,41.6940485],[-87.6047953,41.6936577],[-87.6048721,41.6935879],[-87.6049443,41.6935154],[-87.6050118,41.6934403],[-87.6050743,41.6933628],[-87.6051318,41.6932832],[-87.605184,41.6932015],[-87.6052309,41.6931181],[-87.6052724,41.6930331],[-87.6052981,41.6929728],[-87.6053261,41.6928833],[-87.6053484,41.6927929],[-87.605365,41.6927018],[-87.6053757,41.6926102],[-87.6053801,41.6925366],[-87.6053779,41.692232],[-87.6053586,41.691455],[-87.6053434,41.6907757],[-87.6053333,41.6903149],[-87.6053219,41.6897885],[-87.605307,41.6891052],[-87.6053006,41.6887153],[-87.6052973,41.6885144],[-87.6052903,41.6879857],[-87.6052897,41.6879191],[-87.6052927,41.6877705],[-87.6053015,41.6876221],[-87.6053161,41.6874739],[-87.6053366,41.6873261],[-87.6053418,41.6873006],[-87.6053662,41.6871989],[-87.6053963,41.6870981],[-87.6054321,41.6869983],[-87.6054735,41.6868998],[-87.6055205,41.6868027],[-87.6055297,41.6867849],[-87.6055852,41.6866844],[-87.605646,41.6865857],[-87.6057121,41.686489],[-87.6057834,41.6863943],[-87.6058757,41.6862876],[-87.6061515,41.6860077],[-87.6064472,41.6857258],[-87.6065214,41.6856545],[-87.6066202,41.6855536],[-87.606683,41.6854847],[-87.6113955,41.6854423],[-87.6114385,41.6857247],[-87.6114254,41.6858533],[-87.6114169,41.6859364],[-87.6113508,41.6862457],[-87.6113228,41.6863413],[-87.611283,41.6864768],[-87.6112289,41.6867151],[-87.6111397,41.6871097],[-87.6110904,41.6873283],[-87.6110457,41.6875264],[-87.6109646,41.6878755],[-87.6108352,41.6884441],[-87.6107663,41.6887498],[-87.6107583,41.6887873],[-87.6107163,41.6889714],[-87.6106768,41.689146],[-87.6106287,41.6893585],[-87.610592,41.6895163],[-87.6105378,41.6897525],[-87.610486,41.6899786],[-87.6104185,41.6902729],[-87.6103636,41.6905164],[-87.6102968,41.6908124],[-87.6102625,41.6909598],[-87.6102214,41.6911364],[-87.6101761,41.6913374],[-87.610135,41.6915195],[-87.6100935,41.691698],[-87.6100653,41.6918249],[-87.6100193,41.6920315],[-87.6099813,41.6922037],[-87.6099439,41.692383],[-87.609901,41.6925906],[-87.6098605,41.6927712],[-87.6098301,41.6929067],[-87.6098014,41.6930334],[-87.6097578,41.6932319],[-87.6097054,41.6934398],[-87.609659,41.6936199],[-87.6095945,41.6938975],[-87.6095267,41.6941955],[-87.6094792,41.6944027],[-87.6094177,41.694671],[-87.609298,41.6951983],[-87.6092462,41.6954251],[-87.6092059,41.6956008],[-87.6092018,41.6956188],[-87.6090754,41.696167],[-87.6090116,41.6964445],[-87.6089425,41.6967449],[-87.6088412,41.697196],[-87.6086934,41.6978483],[-87.6086085,41.6982181],[-87.6085543,41.6984538],[-87.6084146,41.6990697],[-87.608375,41.6992443],[-87.6083227,41.699474],[-87.6082775,41.6997221],[-87.6065175,41.7074334]]]}},{"type":"Feature","properties":{"ADDRESS":"6755 N. Northwest Hwy.","TYPE_MAIN":"2:NR - District","NHL_NR":null,"NOTES":null,"NAME":"Edison Park (Chicago Park District MPS)","TYPE":2},"geometry":{"type":"Polygon","coordinates":[[[-87.8177217,42.0044063],[-87.8176659,42.0043712],[-87.8175937,42.0043257],[-87.8175719,42.0043119],[-87.8175215,42.0042801],[-87.8174495,42.0042345],[-87.8173775,42.0041888],[-87.8173053,42.0041432],[-87.8172901,42.0041335],[-87.8172333,42.0040975],[-87.8171612,42.0040518],[-87.8170891,42.0040062],[-87.817069,42.0039934],[-87.8174108,42.0036915],[-87.8174394,42.0036666],[-87.8175408,42.003731],[-87.8176312,42.0037884],[-87.8177127,42.0038401],[-87.8177902,42.0038894],[-87.8178987,42.0039583],[-87.8179532,42.0039929],[-87.8180158,42.0040326],[-87.8180519,42.0040555],[-87.8180791,42.0040721],[-87.8180956,42.0040819],[-87.8180175,42.0041477],[-87.8177217,42.0044063]]]}},{"type":"Feature","properties":{"ADDRESS":"Roughly bounded by W. 44th St, W. 45th St, S. Marshfield Ave & S. Hermitage","TYPE_MAIN":"2:NR - District","NHL_NR":null,"NOTES":null,"NAME":"Davis Square (Chicago Park District MPS)","TYPE":2},"geometry":{"type":"Polygon","coordinates":[[[-87.6686704,41.8139636],[-87.668663,41.813968],[-87.6686548,41.8139717],[-87.668646,41.8139744],[-87.667596,41.8139837],[-87.6665461,41.8139913],[-87.6664632,41.8139909],[-87.6664521,41.8139909],[-87.6664412,41.8139891],[-87.6664311,41.8139856],[-87.6664223,41.8139805],[-87.6664151,41.8139742],[-87.6664099,41.8139668],[-87.666407,41.8139588],[-87.6664064,41.8139505],[-87.6663952,41.8133313],[-87.6663788,41.8125798],[-87.6663728,41.8123048],[-87.6663745,41.8122988],[-87.6663778,41.8122932],[-87.6663827,41.8122883],[-87.6663889,41.8122843],[-87.666396,41.8122814],[-87.6664039,41.8122797],[-87.666569,41.8122796],[-87.6672837,41.8122689],[-87.6678684,41.8122652],[-87.6686109,41.812259],[-87.6686202,41.8122593],[-87.6686291,41.8122612],[-87.6686371,41.8122646],[-87.6686438,41.8122694],[-87.6686488,41.8122752],[-87.6686518,41.8122818],[-87.6686587,41.812593],[-87.6686703,41.813114],[-87.6686867,41.8139461],[-87.6686823,41.8139525],[-87.6686769,41.8139583],[-87.6686704,41.8139636]]]}},{"type":"Feature","properties":{"ADDRESS":"600 W. Irving Park Rd.","TYPE_MAIN":"1: NR - Individual Property","NHL_NR":null,"NOTES":null,"NAME":"Immaculata High School","TYPE":1},"geometry":{"type":"Polygon","coordinates":[[[-87.6472104,41.9553334],[-87.6470817,41.9553354],[-87.6470266,41.9553363],[-87.646953,41.9553374],[-87.6468429,41.9553391],[-87.6468243,41.9553394],[-87.6466591,41.9553419],[-87.646512,41.9553442],[-87.6455514,41.955359],[-87.6455275,41.9552451],[-87.6455197,41.9552076],[-87.6454984,41.9550586],[-87.6454696,41.9548327],[-87.6454612,41.9547531],[-87.6454551,41.9547212],[-87.647192,41.9546944],[-87.6472104,41.9553334]]]}},{"type":"Feature","properties":{"ADDRESS":"Roughly bounded by W. Byron, W. Grace, N. Kenmore, and N. Seminary Sts.","TYPE_MAIN":"2:NR - District","NHL_NR":null,"NOTES":null,"NAME":"Alta Vista Terrace Historic District","TYPE":2},"geometry":{"type":"Polygon","coordinates":[[[-87.6568945,41.952745],[-87.6568118,41.9527456],[-87.6567475,41.9527458],[-87.6567088,41.9527463],[-87.6566201,41.9527475],[-87.6565681,41.9527482],[-87.6565319,41.9527487],[-87.6564436,41.9527498],[-87.6563555,41.952751],[-87.6563339,41.9527513],[-87.6562672,41.9527522],[-87.6562661,41.9527423],[-87.6562562,41.9526506],[-87.6562529,41.9525328],[-87.6562513,41.9524753],[-87.6562494,41.9524068],[-87.6562475,41.9523382],[-87.6562456,41.9522697],[-87.6562437,41.952201],[-87.6562418,41.9521325],[-87.6562401,41.9520732],[-87.6562399,41.9520639],[-87.6562382,41.9520025],[-87.656238,41.9519952],[-87.656236,41.9519267],[-87.6562341,41.9518581],[-87.6562323,41.9517895],[-87.6562303,41.9517209],[-87.6562284,41.9516523],[-87.6562275,41.9516199],[-87.6562265,41.9515838],[-87.6562246,41.9515153],[-87.6562242,41.951501],[-87.6562236,41.9514808],[-87.656223,41.9514584],[-87.6562227,41.9514466],[-87.6562208,41.951378],[-87.6562188,41.9513067],[-87.6562166,41.9512272],[-87.656216,41.9512066],[-87.6562125,41.951096],[-87.656209,41.9509871],[-87.656214,41.950987],[-87.6562144,41.950987],[-87.6562284,41.9509868],[-87.6562587,41.9509863],[-87.6563193,41.9509854],[-87.6564102,41.950984],[-87.656423,41.9509838],[-87.6565011,41.9509826],[-87.6565594,41.9509817],[-87.656592,41.9509812],[-87.6566061,41.950981],[-87.6566356,41.9509805],[-87.656675,41.9509799],[-87.6567092,41.9509794],[-87.6568045,41.9509784],[-87.656856,41.9509771],[-87.6568945,41.952745]]]}},{"type":"Feature","properties":{"ADDRESS":"Bounded by W. 33rd St., W. 34th Pl., S. Wells Ave. and S. Shields Ave.","TYPE_MAIN":"2:NR - District","NHL_NR":null,"NOTES":null,"NAME":"Armour Square (Chicago Park District MPS)","TYPE":2},"geometry":{"type":"Polygon","coordinates":[[[-87.6351396,41.8344899],[-87.6351336,41.8344921],[-87.6351244,41.8344937],[-87.6344212,41.8345042],[-87.6337466,41.834515],[-87.633376,41.8345208],[-87.6329157,41.834528],[-87.6329062,41.8345282],[-87.6328968,41.8345269],[-87.632888,41.8345242],[-87.63288,41.8345202],[-87.6328733,41.8345151],[-87.6328682,41.834509],[-87.6328648,41.8345024],[-87.6328632,41.8344953],[-87.6328458,41.8337405],[-87.6328269,41.8329857],[-87.6328269,41.8329621],[-87.632827,41.8328403],[-87.6328288,41.8328326],[-87.6328326,41.8328253],[-87.6328383,41.8328186],[-87.6328456,41.832813],[-87.6328542,41.8328086],[-87.6328639,41.8328055],[-87.6328741,41.8328039],[-87.6328846,41.8328039],[-87.6329874,41.8328034],[-87.6330147,41.8327904],[-87.6333772,41.8327877],[-87.6333948,41.8327875],[-87.6343284,41.8327775],[-87.6350697,41.8327722],[-87.6350793,41.832772],[-87.6350887,41.8327732],[-87.6350976,41.8327758],[-87.6351057,41.8327796],[-87.6351127,41.8327845],[-87.6351183,41.8327903],[-87.6351222,41.8327968],[-87.6351244,41.8328038],[-87.6351279,41.8329761],[-87.6351287,41.8330162],[-87.6351396,41.8334362],[-87.6351519,41.8340531],[-87.6351607,41.8344654],[-87.635159,41.8344723],[-87.6351552,41.8344788],[-87.6351495,41.8344845],[-87.6351443,41.8344877],[-87.6351396,41.8344899]]]}},{"type":"Feature","properties":{"ADDRESS":"Waller Ave, Ohio St, Austin Blvd, Corcoran Pl, Menard Ave, West End Ave","TYPE_MAIN":"2:NR - District","NHL_NR":null,"NOTES":null,"NAME":"Austin Historic District","TYPE":2},"geometry":{"type":"Polygon","coordinates":[[[-87.7750175,41.8913504],[-87.7748983,41.8914161],[-87.7748983,41.8914161],[-87.7730641,41.8914348],[-87.7723808,41.891442],[-87.7713325,41.8914531],[-87.7713025,41.8914534],[-87.77073,41.8914595],[-87.7701422,41.8914657],[-87.7698998,41.8914657],[-87.7688229,41.8914764],[-87.7684115,41.8914805],[-87.7679442,41.8914851],[-87.7679442,41.8914846],[-87.767823,41.8914858],[-87.767807,41.8910729],[-87.7678069,41.8910715],[-87.7678069,41.8910713],[-87.7677044,41.8884767],[-87.7670986,41.8884781],[-87.7670929,41.8883381],[-87.7676987,41.888334],[-87.7676769,41.8876916],[-87.767552,41.8876912],[-87.7669418,41.8876717],[-87.7669175,41.8873256],[-87.766363,41.8873328],[-87.7663423,41.8867322],[-87.7659889,41.8867367],[-87.7659515,41.88671],[-87.7659394,41.8863414],[-87.7659215,41.8857927],[-87.7659081,41.8856118],[-87.7658775,41.8856123],[-87.7658441,41.8847425],[-87.7658822,41.8847419],[-87.7658972,41.8847416],[-87.7658803,41.8843102],[-87.7697541,41.8842511],[-87.7700488,41.8842744],[-87.770868,41.8842627],[-87.7709175,41.8857206],[-87.7718273,41.8857083],[-87.7718373,41.8859845],[-87.7710183,41.8859952],[-87.7709252,41.8859552],[-87.7709257,41.8859708],[-87.770946,41.8865868],[-87.7709281,41.8866008],[-87.770612,41.8866049],[-87.7706566,41.8872768],[-87.7706862,41.8872764],[-87.7735655,41.8872387],[-87.7748875,41.8872213],[-87.7748994,41.8876015],[-87.7749305,41.8885897],[-87.7749539,41.8893334],[-87.7749903,41.8904886],[-87.7749904,41.8904928],[-87.7750175,41.8913504]]]}},{"type":"Feature","properties":{"ADDRESS":"bounded by W. Lake St., N. Central Ave., N. Parkside Ave., and W. Race Ave.","TYPE_MAIN":"2:NR - District","NHL_NR":null,"NOTES":null,"NAME":"Austin Town Hall Historic District","TYPE":2},"geometry":{"type":"Polygon","coordinates":[[[-87.7664855,41.8906577],[-87.7658346,41.8906699],[-87.765804,41.8899017],[-87.764299,41.8899203],[-87.7642807,41.8893041],[-87.7651905,41.8892963],[-87.7651355,41.8878183],[-87.7651318,41.8877206],[-87.7663894,41.8877506],[-87.7664855,41.8906577]]]}},{"type":"Feature","properties":{"ADDRESS":"Bryn Mawr Ave. from Sheridan Rd. to Broadway","TYPE_MAIN":"2:NR - District","NHL_NR":null,"NOTES":null,"NAME":"Bryn Mawr Avenue Historic District","TYPE":2},"geometry":{"type":"Polygon","coordinates":[[[-87.654082,41.9828135],[-87.6551674,41.98278],[-87.6551793,41.9832033],[-87.6558776,41.9831962],[-87.6558815,41.9833335],[-87.6567303,41.9833199],[-87.657281,41.9833111],[-87.6572774,41.9831738],[-87.6579972,41.9831551],[-87.6580036,41.9832735],[-87.6582302,41.9832681],[-87.6589672,41.9832562],[-87.6589595,41.9829763],[-87.6592697,41.9829713],[-87.6592758,41.9832769],[-87.65986,41.9832654],[-87.6600626,41.9832611],[-87.6600679,41.9833552],[-87.6600905,41.9841399],[-87.6585709,41.9841583],[-87.6581554,41.9841649],[-87.6581457,41.9839431],[-87.6574515,41.9839468],[-87.6574539,41.9840347],[-87.65746,41.9841278],[-87.6573579,41.9841294],[-87.6573549,41.9840363],[-87.6572998,41.9840372],[-87.6565054,41.9840499],[-87.6558983,41.9840597],[-87.655893,41.9836994],[-87.654133,41.9837273],[-87.654082,41.9828135]]]}},{"type":"Feature","properties":{"ADDRESS":"Roughly bounded by Foster Ave, Pulaski Rd, Bryn Mawr Ave, Central Park Ave.","TYPE_MAIN":"2:NR - District","NHL_NR":null,"NOTES":null,"NAME":"Bohemian National Cemetery","TYPE":2},"geometry":{"type":"Polygon","coordinates":[[[-87.728304,41.9827554],[-87.7282902,41.9827565],[-87.7275459,41.9827662],[-87.7268685,41.9827748],[-87.7258913,41.9827874],[-87.7250561,41.9827986],[-87.7241606,41.9828096],[-87.7237038,41.9828155],[-87.7231923,41.982822],[-87.7231534,41.9828219],[-87.722409,41.9828325],[-87.722045,41.9828367],[-87.7215683,41.9828441],[-87.7210871,41.9828492],[-87.7210763,41.9828494],[-87.721051,41.9828468],[-87.7210272,41.98284],[-87.7210061,41.9828293],[-87.7210003,41.9828249],[-87.7209871,41.9828105],[-87.720979,41.9827942],[-87.7209767,41.9827768],[-87.7209729,41.9825793],[-87.7209662,41.9823716],[-87.7209661,41.9822172],[-87.7209694,41.9821589],[-87.7209755,41.9819878],[-87.7209762,41.9818166],[-87.7209716,41.9816455],[-87.7209608,41.9811994],[-87.7209533,41.9808416],[-87.7209422,41.9804484],[-87.7209357,41.9801461],[-87.7209255,41.9798922],[-87.7209199,41.9796408],[-87.7209112,41.9793305],[-87.7208979,41.9789304],[-87.7208918,41.9786601],[-87.7208803,41.9782738],[-87.7208743,41.9779366],[-87.720865,41.9776845],[-87.7208652,41.9776628],[-87.7208603,41.9776341],[-87.7208497,41.9776063],[-87.7208336,41.9775801],[-87.7207994,41.977549],[-87.7207914,41.9775419],[-87.720785,41.9775373],[-87.7207657,41.9775234],[-87.7207362,41.9775084],[-87.7207038,41.9774972],[-87.7206694,41.9774901],[-87.7206339,41.9774873],[-87.7205982,41.9774889],[-87.7202817,41.9774915],[-87.719839,41.9774969],[-87.7193985,41.9775039],[-87.7190453,41.9775071],[-87.7186047,41.9775124],[-87.7185534,41.9775137],[-87.7185019,41.9775111],[-87.7184837,41.9775084],[-87.7184573,41.9775008],[-87.7184336,41.9774893],[-87.7184136,41.9774743],[-87.7183981,41.9774567],[-87.7183878,41.977437],[-87.7183832,41.9774161],[-87.7183862,41.977203],[-87.7183952,41.9769389],[-87.7184052,41.9766681],[-87.7184019,41.9764583],[-87.7183956,41.9762132],[-87.7183906,41.9759716],[-87.7183855,41.9757865],[-87.7183852,41.975739],[-87.7183864,41.9757288],[-87.718393,41.9757168],[-87.7184046,41.9757071],[-87.7184197,41.9757008],[-87.7187124,41.9756918],[-87.7190089,41.975689],[-87.7193743,41.9756845],[-87.7196453,41.9756847],[-87.7200166,41.9756801],[-87.7202908,41.9756749],[-87.7207092,41.9756694],[-87.7210484,41.9756666],[-87.721303,41.9756651],[-87.7215565,41.9756619],[-87.7218821,41.9756574],[-87.7224324,41.9756516],[-87.7232103,41.9756449],[-87.7237722,41.975639],[-87.7240084,41.9756366],[-87.7243884,41.9756339],[-87.7250751,41.9756239],[-87.7257031,41.975618],[-87.7264805,41.9756098],[-87.7269609,41.9756018],[-87.7271123,41.9756013],[-87.7274972,41.9756004],[-87.7277698,41.975601],[-87.728107,41.9756026],[-87.7281226,41.975608],[-87.7281349,41.9756169],[-87.7281424,41.9756285],[-87.7281444,41.9756413],[-87.7281442,41.9756433],[-87.7281592,41.9760982],[-87.7281695,41.9766278],[-87.7281828,41.9770925],[-87.7281957,41.9775766],[-87.7281965,41.9776076],[-87.7282123,41.9781093],[-87.7282237,41.9786175],[-87.7282414,41.9793115],[-87.7282726,41.9803014],[-87.7282932,41.9811176],[-87.7283034,41.9815848],[-87.728315,41.9818685],[-87.7283289,41.9824075],[-87.728338,41.9827254],[-87.7283372,41.9827299],[-87.7283314,41.982741],[-87.7283206,41.9827499],[-87.728304,41.9827554]]]}},{"type":"Feature","properties":{"ADDRESS":"Graceland Cemetery on West; Marine Dr.on East; Irving Pk on South; Montrose Av","TYPE_MAIN":"2:NR - District","NHL_NR":null,"NOTES":null,"NAME":"Buena Park Historic District","TYPE":2},"geometry":{"type":"Polygon","coordinates":[[[-87.6569954,41.961753],[-87.6569316,41.961754],[-87.6569058,41.9617544],[-87.6564706,41.9617564],[-87.6563376,41.9617563],[-87.6560981,41.9617562],[-87.655641,41.9617678],[-87.6556392,41.9611452],[-87.654723,41.9611208],[-87.6543515,41.9605339],[-87.6535737,41.9608186],[-87.6523004,41.9608477],[-87.6523216,41.9618095],[-87.6520499,41.9618122],[-87.6516315,41.9618181],[-87.6514538,41.961821],[-87.6513243,41.9618232],[-87.651181,41.9618248],[-87.650953,41.9618273],[-87.6507089,41.9618313],[-87.6505667,41.9618337],[-87.6503623,41.961837],[-87.6502928,41.9618381],[-87.6500776,41.9618416],[-87.6499064,41.9618429],[-87.6498884,41.9609501],[-87.6483042,41.9609803],[-87.6483141,41.9618685],[-87.6480407,41.9618731],[-87.647676,41.9618784],[-87.647543,41.9618803],[-87.6473788,41.9618827],[-87.647065,41.9618851],[-87.6469864,41.9618878],[-87.6469242,41.9618917],[-87.6468555,41.9619012],[-87.6468555,41.9618993],[-87.6468503,41.9616007],[-87.6468407,41.9614638],[-87.6468342,41.9613522],[-87.6468271,41.9612161],[-87.6468226,41.961117],[-87.6468158,41.9610089],[-87.6468039,41.9608193],[-87.6467909,41.9606206],[-87.6467796,41.9604479],[-87.6467658,41.9602381],[-87.6467569,41.9600896],[-87.6467487,41.9599416],[-87.6467418,41.9598305],[-87.6467289,41.9596941],[-87.6467272,41.9596819],[-87.6467157,41.9595949],[-87.6467025,41.9595085],[-87.6466731,41.9593609],[-87.6466432,41.9592107],[-87.6465971,41.9590296],[-87.6465553,41.9588695],[-87.6465138,41.9587156],[-87.6464651,41.9585304],[-87.6464239,41.9583736],[-87.6463955,41.9582515],[-87.646377,41.9581666],[-87.6463644,41.9581063],[-87.6463258,41.9579105],[-87.6463007,41.9577831],[-87.6462502,41.9575849],[-87.6462288,41.9575189],[-87.6461604,41.9573221],[-87.6461047,41.9571741],[-87.6460376,41.957005],[-87.645994,41.9568961],[-87.6459077,41.9566818],[-87.6458684,41.9565843],[-87.6458472,41.9565316],[-87.6458099,41.9564387],[-87.6457818,41.9563685],[-87.6457341,41.9562487],[-87.6456987,41.95616],[-87.6456653,41.9560762],[-87.6456064,41.9559287],[-87.6455266,41.9557297],[-87.6455009,41.9556655],[-87.6454578,41.9555529],[-87.6454544,41.9555438],[-87.6454324,41.9554844],[-87.6453979,41.9553802],[-87.6453746,41.9552976],[-87.645348,41.9551862],[-87.6453185,41.9550166],[-87.6453051,41.9549376],[-87.6452856,41.9548225],[-87.6452506,41.954637],[-87.6455521,41.9546319],[-87.6458006,41.9546282],[-87.6461525,41.9546231],[-87.6466424,41.9546139],[-87.6479305,41.9545921],[-87.6482045,41.9545874],[-87.6484011,41.9545841],[-87.6486906,41.9545794],[-87.6490425,41.9545737],[-87.6492804,41.9545698],[-87.649694,41.9545613],[-87.6498908,41.9545573],[-87.6500961,41.9545554],[-87.6502522,41.9545517],[-87.6505284,41.9545484],[-87.6517526,41.9564593],[-87.6523794,41.9562721],[-87.6518759,41.955459],[-87.6526961,41.9554472],[-87.6527356,41.9550056],[-87.6538173,41.95499],[-87.6538171,41.9544993],[-87.6545389,41.9544884],[-87.655424,41.9544751],[-87.6556741,41.9544714],[-87.6561298,41.9544621],[-87.6565844,41.9544529],[-87.6566744,41.9544523],[-87.656757,41.9544518],[-87.6569954,41.961753]]]}},{"type":"Feature","properties":{"ADDRESS":"9801 S. Avenue G.","TYPE_MAIN":"2:NR - District","NHL_NR":null,"NOTES":null,"NAME":"Calumet Park (Chicago Park District MPS)","TYPE":2},"geometry":{"type":"Polygon","coordinates":[[[-87.535289,41.7232169],[-87.5269705,41.7231905],[-87.5257189,41.7232133],[-87.5246782,41.7232376],[-87.5246708,41.7215838],[-87.524853,41.7216273],[-87.5249382,41.7215647],[-87.5250522,41.7214391],[-87.5251664,41.7213029],[-87.5252678,41.7211709],[-87.5253407,41.7210463],[-87.5254081,41.72092],[-87.5254587,41.7207872],[-87.525485,41.7207224],[-87.5255057,41.7206565],[-87.5255206,41.7205897],[-87.5255297,41.7205223],[-87.5255391,41.7204749],[-87.5255556,41.7203697],[-87.5255718,41.7201542],[-87.5255858,41.7198905],[-87.525609,41.7195518],[-87.5256091,41.7195465],[-87.5256086,41.7194355],[-87.5256023,41.7193246],[-87.5255901,41.719214],[-87.5255721,41.7191039],[-87.5255483,41.7189943],[-87.5253676,41.7187245],[-87.52521,41.7186042],[-87.5250807,41.7185274],[-87.5249081,41.7184503],[-87.5247634,41.7184493],[-87.5245033,41.7184258],[-87.5244576,41.7186097],[-87.5244514,41.7179485],[-87.5244436,41.7174173],[-87.5245966,41.7174122],[-87.5247811,41.7173975],[-87.524937,41.7173965],[-87.5251414,41.7173913],[-87.5253456,41.7173818],[-87.5255493,41.7173678],[-87.5257748,41.7173313],[-87.5258515,41.717454],[-87.5261918,41.7173489],[-87.5272938,41.7168096],[-87.527399,41.7167531],[-87.5275219,41.7166884],[-87.5276414,41.7166202],[-87.5277573,41.7165486],[-87.5277987,41.7165227],[-87.5279023,41.7164539],[-87.528002,41.7163818],[-87.5280976,41.7163067],[-87.5281888,41.7162286],[-87.5281944,41.7162238],[-87.5282765,41.7161492],[-87.528354,41.7160719],[-87.5284267,41.715992],[-87.5284001,41.7156892],[-87.5283868,41.7156024],[-87.528345,41.715472],[-87.5283466,41.715342],[-87.5283188,41.7152551],[-87.5282477,41.715157],[-87.5282197,41.7150809],[-87.5282064,41.7149833],[-87.5281935,41.714864],[-87.5281222,41.7147768],[-87.5280945,41.714679],[-87.5280233,41.7145918],[-87.5280105,41.7144508],[-87.5279689,41.7143096],[-87.527942,41.7141468],[-87.5279001,41.7140273],[-87.5278151,41.7138858],[-87.527759,41.7137445],[-87.5276027,41.7135158],[-87.5272896,41.7131017],[-87.5268603,41.7127302],[-87.5264152,41.7124669],[-87.5264876,41.712338],[-87.5252237,41.7133614],[-87.5251541,41.7133082],[-87.5262194,41.7124309],[-87.5265027,41.7122538],[-87.5281348,41.7110118],[-87.5269789,41.7101506],[-87.5269953,41.7099611],[-87.5262706,41.7094609],[-87.5256319,41.7099515],[-87.5251965,41.7088003],[-87.5251264,41.7087893],[-87.5250709,41.7087257],[-87.5248755,41.708619],[-87.5245539,41.7084798],[-87.5245465,41.7079531],[-87.5247707,41.7080073],[-87.5250225,41.7081039],[-87.5253154,41.708285],[-87.5277812,41.7100614],[-87.5279345,41.7101678],[-87.5285752,41.7106463],[-87.5306926,41.7121884],[-87.530929,41.7124007],[-87.5311509,41.7126445],[-87.5312889,41.7128456],[-87.5313988,41.713057],[-87.5314945,41.7132684],[-87.5315764,41.7134691],[-87.5316162,41.7136589],[-87.5316697,41.7138805],[-87.5318606,41.7151571],[-87.5318494,41.717959],[-87.5317487,41.718487],[-87.5319806,41.718753],[-87.5329052,41.7200635],[-87.534508,41.722233],[-87.535289,41.7232169]]]}},{"type":"Feature","properties":{"ADDRESS":"819-959 W. Castlewood Terrace","TYPE_MAIN":"2:NR - District","NHL_NR":null,"NOTES":null,"NAME":"Castlewood Terrace","TYPE":2},"geometry":{"type":"Polygon","coordinates":[[[-87.6548751,41.9711819],[-87.6548752,41.9711874],[-87.6547282,41.9711896],[-87.654544,41.9711921],[-87.6544705,41.9711931],[-87.6543599,41.9711946],[-87.6541759,41.9711972],[-87.6539917,41.9711997],[-87.6539738,41.9711999],[-87.6538392,41.9712018],[-87.6537526,41.971203],[-87.6536885,41.9712039],[-87.6536235,41.9712048],[-87.6535377,41.971206],[-87.6535315,41.971206],[-87.6534394,41.9712073],[-87.653387,41.971208],[-87.6532363,41.9712101],[-87.6530856,41.9712121],[-87.6529348,41.9712142],[-87.6529324,41.9712143],[-87.6528869,41.9712149],[-87.652784,41.9712163],[-87.6527478,41.9712168],[-87.6527028,41.9712174],[-87.6526333,41.9712184],[-87.6525632,41.9712193],[-87.6525187,41.97122],[-87.6524825,41.9712205],[-87.6523346,41.9712225],[-87.6523071,41.9712229],[-87.6521812,41.9712246],[-87.6521505,41.971225],[-87.652086,41.9712259],[-87.6520304,41.9712266],[-87.6519664,41.9712275],[-87.6518797,41.9712287],[-87.6518649,41.9712289],[-87.6517823,41.97123],[-87.6517289,41.9712307],[-87.6516437,41.9712319],[-87.6515982,41.9712325],[-87.6515781,41.9712328],[-87.6514157,41.971235],[-87.6514115,41.9712351],[-87.6512312,41.9712376],[-87.6510467,41.97124],[-87.6510458,41.9712401],[-87.6510376,41.9709279],[-87.6510348,41.9707907],[-87.6510266,41.9704794],[-87.651159,41.9704776],[-87.6512106,41.9704769],[-87.6512769,41.970476],[-87.6513948,41.9704744],[-87.6515788,41.9704718],[-87.6517629,41.9704694],[-87.651947,41.9704668],[-87.652131,41.9704643],[-87.6522525,41.9704626],[-87.6523151,41.9704618],[-87.6523777,41.9704609],[-87.6524992,41.9704593],[-87.6526834,41.9704567],[-87.6528674,41.9704542],[-87.6529887,41.9704526],[-87.6530146,41.9704522],[-87.6530514,41.9704517],[-87.6531028,41.970451],[-87.6532207,41.9704494],[-87.6532355,41.9704492],[-87.6533312,41.9704479],[-87.6534196,41.9704467],[-87.6537729,41.9704418],[-87.6537877,41.9704416],[-87.6538981,41.9704401],[-87.6539719,41.9704391],[-87.654016,41.9704385],[-87.6541559,41.9704366],[-87.65434,41.970434],[-87.6545241,41.9704315],[-87.6547082,41.970429],[-87.6548552,41.9704268],[-87.6548751,41.9711819]]]}},{"type":"Feature","properties":{"ADDRESS":"Bounded by Lawrence, Clark, Irving Park and Ravenswood","TYPE_MAIN":"2:NR - District","NHL_NR":null,"NOTES":null,"NAME":"East Ravenswood Historic District","TYPE":2},"geometry":{"type":"Polygon","coordinates":[[[-87.6733866,41.9685618],[-87.6725953,41.9685621],[-87.6725963,41.9686037],[-87.6718726,41.9686224],[-87.671872,41.9685997],[-87.6710136,41.9685924],[-87.6710199,41.968864],[-87.6694442,41.9688856],[-87.6693956,41.9670454],[-87.6674453,41.9670741],[-87.667401,41.9668657],[-87.6678511,41.9668605],[-87.667848,41.9667155],[-87.6686205,41.9667082],[-87.6686119,41.9663554],[-87.6686019,41.9659473],[-87.6685977,41.965737],[-87.6680949,41.9657442],[-87.6680397,41.965745],[-87.668032,41.96543],[-87.6680234,41.9652594],[-87.6667421,41.9652775],[-87.6666807,41.9649881],[-87.6665646,41.9644405],[-87.6664481,41.9638914],[-87.6663562,41.9634578],[-87.6669948,41.9634491],[-87.666985,41.963087],[-87.6662796,41.9630964],[-87.6659778,41.9616391],[-87.6664087,41.9616335],[-87.6665764,41.9616313],[-87.6665622,41.9611884],[-87.6658044,41.9611896],[-87.6657247,41.9609831],[-87.6652728,41.959827],[-87.6645018,41.9580182],[-87.6643158,41.9577042],[-87.6642981,41.9571094],[-87.6646429,41.9571036],[-87.6646292,41.956642],[-87.6642844,41.9566487],[-87.6642706,41.9561849],[-87.66414,41.956187],[-87.6639467,41.9562538],[-87.6637469,41.9559236],[-87.6637387,41.9556191],[-87.6637161,41.9547798],[-87.6636962,41.9543972],[-87.6636962,41.9543959],[-87.6636943,41.9543726],[-87.665298,41.9543404],[-87.6653103,41.9547827],[-87.665398,41.9547814],[-87.6653878,41.9543389],[-87.6671108,41.9543292],[-87.6671931,41.9543281],[-87.6690589,41.9543024],[-87.6690694,41.9546998],[-87.6697543,41.9546993],[-87.6697541,41.9545955],[-87.6697253,41.9545956],[-87.6697114,41.9543964],[-87.6697003,41.9542935],[-87.6698423,41.9542915],[-87.6698551,41.9548056],[-87.6704988,41.9547976],[-87.6706421,41.9547958],[-87.6706315,41.9542806],[-87.6725494,41.9542539],[-87.6737466,41.9542373],[-87.6738007,41.9542365],[-87.6738117,41.9546778],[-87.6738241,41.9551772],[-87.6738638,41.9567685],[-87.6738768,41.9572897],[-87.6739828,41.9615499],[-87.6732003,41.9615431],[-87.673247,41.9631406],[-87.6735512,41.9631339],[-87.6735566,41.9632712],[-87.6735925,41.9633613],[-87.6732533,41.9633678],[-87.6733101,41.9656093],[-87.673323,41.9666166],[-87.6733478,41.9670369],[-87.6733866,41.9685618]]]}},{"type":"Feature","properties":{"ADDRESS":"5100 N. Ridgeway Ave.","TYPE_MAIN":"2:NR - District","NHL_NR":null,"NOTES":null,"NAME":"Eugene Field Park (Chicago Park District MPS)","TYPE":2},"geometry":{"type":"MultiPolygon","coordinates":[[[[-87.7202868,41.9740378],[-87.7203321,41.974047],[-87.720373,41.9740715],[-87.7204032,41.9740936],[-87.7204531,41.9741117],[-87.7204936,41.9741208],[-87.7205461,41.9741247],[-87.7206081,41.974125],[-87.7206391,41.9741252],[-87.7206726,41.9741218],[-87.7207179,41.974122],[-87.7207465,41.9741204],[-87.7207895,41.9741171],[-87.7208253,41.9741173],[-87.7208706,41.9741175],[-87.7209231,41.9741231],[-87.720981,41.9741329],[-87.721026,41.9741391],[-87.7211171,41.9741536],[-87.721194,41.974164],[-87.721251,41.9741795],[-87.7213291,41.9742016],[-87.7214164,41.9742148],[-87.7214977,41.9742271],[-87.7216257,41.9742472],[-87.7218531,41.9742969],[-87.721967,41.9743245],[-87.7220787,41.9743551],[-87.7221484,41.9743785],[-87.7222043,41.9744009],[-87.7222497,41.9744147],[-87.7223784,41.97446],[-87.7224267,41.9744777],[-87.7224736,41.974496],[-87.7225257,41.9745151],[-87.7225582,41.9745252],[-87.7225995,41.9745432],[-87.7226565,41.9745659],[-87.7226884,41.9745804],[-87.7227227,41.9746002],[-87.722755,41.9746176],[-87.7228023,41.9746431],[-87.7228596,41.9746774],[-87.7228994,41.9747064],[-87.7229615,41.9747448],[-87.7230489,41.9747945],[-87.7231949,41.974876],[-87.7233878,41.9749966],[-87.7235244,41.9751101],[-87.7236507,41.97521],[-87.7237205,41.9752767],[-87.723775,41.9753484],[-87.7237867,41.9753639],[-87.7238161,41.9754293],[-87.7238527,41.9754913],[-87.7237443,41.9754939],[-87.7234897,41.9754966],[-87.723172,41.9755022],[-87.7224525,41.9755032],[-87.7220429,41.9755085],[-87.7216713,41.975516],[-87.7212889,41.9755188],[-87.720835,41.9755285],[-87.7203415,41.9755348],[-87.7203243,41.975095],[-87.7202933,41.9742792],[-87.7202868,41.9740378]]],[[[-87.7207067,41.9737944],[-87.7207184,41.973814],[-87.7207326,41.9738319],[-87.7207468,41.9738462],[-87.7207491,41.973848],[-87.7207492,41.9738462],[-87.7207562,41.9738587],[-87.7207823,41.9738749],[-87.7208132,41.973884],[-87.7208418,41.9738859],[-87.7208657,41.9738878],[-87.7208968,41.9738808],[-87.7209183,41.9738721],[-87.7209351,41.9738615],[-87.7209472,41.9738491],[-87.7209616,41.9738349],[-87.7209689,41.973826],[-87.720969,41.9738118],[-87.7209739,41.973794],[-87.7209717,41.9737744],[-87.7209672,41.973753],[-87.7209625,41.973737],[-87.7209604,41.9737174],[-87.7209606,41.973696],[-87.7213532,41.9736945],[-87.721354,41.9737103],[-87.7213607,41.9737286],[-87.7213729,41.9737453],[-87.7213899,41.9737595],[-87.7214108,41.9737704],[-87.7214344,41.9737774],[-87.7214596,41.9737802],[-87.721485,41.9737787],[-87.7215092,41.9737728],[-87.721531,41.973763],[-87.7215492,41.9737497],[-87.7215629,41.9737337],[-87.7215713,41.9737157],[-87.7215739,41.9736968],[-87.7215736,41.973691],[-87.7220097,41.9736851],[-87.7226427,41.9736841],[-87.7226523,41.9742043],[-87.7226521,41.9742317],[-87.7230562,41.9742339],[-87.7239946,41.974221],[-87.7240293,41.9742215],[-87.7244418,41.9742151],[-87.7244514,41.9745682],[-87.7244645,41.9749516],[-87.7244807,41.9753281],[-87.7244848,41.9754826],[-87.724133,41.9754886],[-87.7240505,41.9754246],[-87.7239115,41.9752739],[-87.7238469,41.97519],[-87.723777,41.9751319],[-87.7237357,41.9750975],[-87.7235741,41.9749743],[-87.7232503,41.9747723],[-87.7231473,41.9747005],[-87.7231469,41.9747003],[-87.7230842,41.974661],[-87.7230147,41.9746139],[-87.7229677,41.9745831],[-87.72289,41.9745357],[-87.7228416,41.9745142],[-87.7228007,41.974494],[-87.7227331,41.9744644],[-87.7226389,41.9744233],[-87.722571,41.9743953],[-87.7224977,41.9743708],[-87.7224095,41.974341],[-87.7223649,41.9743244],[-87.7223202,41.9743133],[-87.7222589,41.9742946],[-87.7222036,41.9742778],[-87.722145,41.9742595],[-87.7220768,41.9742361],[-87.7219779,41.974207],[-87.7219102,41.9741846],[-87.7217985,41.974156],[-87.721537,41.9741181],[-87.7213439,41.9740942],[-87.7211448,41.9740693],[-87.7210414,41.9740559],[-87.7209515,41.9740487],[-87.7209001,41.9740453],[-87.7208168,41.9740376],[-87.7207164,41.9740294],[-87.7206258,41.97402],[-87.7205662,41.9740144],[-87.7204709,41.9739996],[-87.7203376,41.9739722],[-87.7202091,41.9739377],[-87.7200925,41.9738979],[-87.7199784,41.9738546],[-87.7198097,41.9737789],[-87.7202726,41.9737796],[-87.7206997,41.9737747],[-87.7207067,41.9737944]]],[[[-87.7262687,41.9760192],[-87.7261486,41.9760428],[-87.7260221,41.9760469],[-87.7260187,41.9760639],[-87.7258794,41.9760655],[-87.725753,41.9760576],[-87.7255169,41.9760128],[-87.7249022,41.9759007],[-87.724676,41.9758294],[-87.7245422,41.9757546],[-87.7244085,41.9756708],[-87.7270729,41.975639],[-87.7269161,41.9757615],[-87.7267305,41.9758596],[-87.7266036,41.9759122],[-87.7264312,41.9759766],[-87.7262687,41.9760192]]],[[[-87.7278711,41.9748548],[-87.7277758,41.974914],[-87.7276923,41.9749857],[-87.7275852,41.9750986],[-87.727469,41.9752148],[-87.7273386,41.9753585],[-87.7272659,41.9754513],[-87.7270001,41.9754548],[-87.7269612,41.9745072],[-87.7280561,41.9744857],[-87.7280632,41.9747615],[-87.7279819,41.9747925],[-87.72792,41.9748236],[-87.7278711,41.9748548]]],[[[-87.7280702,41.9750493],[-87.72808,41.9753807],[-87.7280702,41.9753879],[-87.7280474,41.9754071],[-87.7280277,41.9754239],[-87.728005,41.975431],[-87.7276127,41.9754459],[-87.7276489,41.9753832],[-87.727695,41.9753085],[-87.7277376,41.9752628],[-87.7277834,41.9752171],[-87.7278388,41.9751811],[-87.7278942,41.9751499],[-87.7279626,41.9751116],[-87.7280702,41.9750493]]]]}},{"type":"Feature","properties":{"ADDRESS":"303 Barry Ave.; 325, 303-341, 344 Wellington Ave.; 340 Oakdale Ave.","TYPE_MAIN":"2:NR - District","NHL_NR":null,"NOTES":null,"NAME":"Meekerville Historic District","TYPE":2},"geometry":{"type":"Polygon","coordinates":[[[-87.6383286,41.9376525],[-87.6375731,41.9376595],[-87.637181,41.9367034],[-87.6379164,41.9366956],[-87.6378615,41.9365151],[-87.6378159,41.9362128],[-87.6378038,41.9361328],[-87.6384618,41.9361257],[-87.6384534,41.9356914],[-87.6386343,41.9356894],[-87.6386499,41.9364979],[-87.6389156,41.936685],[-87.638914,41.9368341],[-87.6389107,41.937141],[-87.63872,41.9371398],[-87.6386922,41.9366874],[-87.6382858,41.9366917],[-87.6382944,41.9371457],[-87.6380849,41.9371479],[-87.6383286,41.9376525]]]}},{"type":"Feature","properties":{"ADDRESS":"Michigan Ave. and Wacker Dr. and environs","TYPE_MAIN":"2:NR - District","NHL_NR":null,"NOTES":null,"NAME":"Michigan ¿ Wacker Historic District","TYPE":2},"geometry":{"type":"Polygon","coordinates":[[[-87.6245365,41.8868088],[-87.6245669,41.8864735],[-87.6253047,41.8864517],[-87.6252992,41.8863036],[-87.6270692,41.8863003],[-87.6270865,41.8867087],[-87.6272433,41.8880798],[-87.6252727,41.8892035],[-87.62529,41.8895117],[-87.6252922,41.8897273],[-87.6253095,41.8901167],[-87.6241007,41.8901451],[-87.6241446,41.8913133],[-87.6232418,41.8913256],[-87.6232011,41.8909493],[-87.6232005,41.8909257],[-87.6226494,41.8909375],[-87.6226126,41.8902553],[-87.6227076,41.890253],[-87.6226885,41.8898117],[-87.6226317,41.888502],[-87.6230294,41.8884971],[-87.6240579,41.8884844],[-87.6240513,41.8881892],[-87.6240493,41.8880968],[-87.6240262,41.8868139],[-87.6245365,41.8868088]]]}},{"type":"Feature","properties":{"ADDRESS":"1240-1260 N. Wells St.","TYPE_MAIN":"2:NR - District","NHL_NR":null,"NOTES":null,"NAME":"North Wells Street Historic District","TYPE":2},"geometry":{"type":"Polygon","coordinates":[[[-87.6346522,41.9050404],[-87.6350253,41.9050362],[-87.6350485,41.9056741],[-87.6346756,41.9056817],[-87.6346522,41.9050404]]]}},{"type":"Feature","properties":{"ADDRESS":"Roughly bounded by S. Wabash Ave., E. 87th St., S. Indiana Ave. and E. 89th St.","TYPE_MAIN":"2:NR - District","NHL_NR":null,"NOTES":null,"NAME":"Garden Homes Historic District","TYPE":2},"geometry":{"type":"Polygon","coordinates":[[[-87.6235403,41.735911],[-87.6235403,41.7359116],[-87.6225804,41.7359276],[-87.6221842,41.7359341],[-87.6219783,41.7359379],[-87.621785,41.7359401],[-87.6215334,41.735943],[-87.6212227,41.7359465],[-87.6209797,41.7359509],[-87.6208527,41.7359532],[-87.6205179,41.7359601],[-87.6201684,41.7359635],[-87.6200529,41.7359646],[-87.6193623,41.7359807],[-87.6193623,41.7359802],[-87.6193473,41.7354046],[-87.619357,41.7357835],[-87.6193551,41.735716],[-87.6193451,41.7353202],[-87.6193376,41.7350252],[-87.619336,41.7349616],[-87.6193359,41.7349573],[-87.6193359,41.7349571],[-87.6193259,41.7346031],[-87.6192925,41.7334245],[-87.6192924,41.7334182],[-87.6192819,41.7330468],[-87.6192751,41.7327733],[-87.6192751,41.7327721],[-87.6196564,41.7327653],[-87.6200833,41.732756],[-87.6201915,41.7327536],[-87.6205722,41.7327468],[-87.6208807,41.7327405],[-87.621688,41.7327242],[-87.6217567,41.7327228],[-87.6221366,41.7327164],[-87.6225052,41.732711],[-87.6230805,41.7327026],[-87.623421,41.732698],[-87.6235403,41.735911]]]}},{"type":"Feature","properties":{"ADDRESS":"Roughly bounded by North Ave., Lake Shore Dr., Clark and Oak Sts.","TYPE_MAIN":"2:NR - District","NHL_NR":null,"NOTES":null,"NAME":"Gold Coast Historic District","TYPE":2},"geometry":{"type":"Polygon","coordinates":[[[-87.6295372,41.9112124],[-87.6276674,41.9112424],[-87.6276349,41.9103861],[-87.6270769,41.9103762],[-87.6270737,41.9107615],[-87.6262362,41.9107576],[-87.626114,41.909452],[-87.6260912,41.909209],[-87.6259109,41.9084172],[-87.6257807,41.9078456],[-87.6272405,41.9078226],[-87.6271738,41.9075147],[-87.6269844,41.9075374],[-87.6269385,41.9073243],[-87.6270216,41.9073143],[-87.6269097,41.9067941],[-87.6270618,41.9067922],[-87.6270293,41.9066172],[-87.6270212,41.9065733],[-87.6269937,41.9062042],[-87.6265989,41.9062077],[-87.6265843,41.9060515],[-87.6265645,41.9058408],[-87.6252941,41.905859],[-87.6251373,41.9052446],[-87.6258316,41.9052141],[-87.6258408,41.904902],[-87.626439,41.9048928],[-87.6264037,41.9045674],[-87.6263398,41.9039796],[-87.6258478,41.9039876],[-87.625851,41.9042898],[-87.6250463,41.9042958],[-87.6250038,41.904001],[-87.6256895,41.9039901],[-87.6256797,41.9036155],[-87.6255869,41.9036167],[-87.6255838,41.9034782],[-87.6248412,41.9034873],[-87.6246679,41.9029594],[-87.6248714,41.902958],[-87.6254016,41.9029475],[-87.6253975,41.9028307],[-87.6253829,41.9024207],[-87.6253701,41.902421],[-87.6252939,41.9024225],[-87.6252764,41.9021109],[-87.6251932,41.9021102],[-87.6251941,41.9020455],[-87.6249867,41.9020438],[-87.6249874,41.9019987],[-87.6249353,41.9019982],[-87.6249361,41.9019432],[-87.6249121,41.901943],[-87.6249082,41.9016105],[-87.6250192,41.9016097],[-87.6250053,41.9012034],[-87.6250417,41.9012026],[-87.6271837,41.9011612],[-87.6271892,41.9013203],[-87.6277724,41.901309],[-87.6277816,41.9013288],[-87.6278928,41.9015653],[-87.6283362,41.9015584],[-87.6283453,41.901884],[-87.6290808,41.9018753],[-87.6290787,41.9023011],[-87.6292016,41.9022813],[-87.6292276,41.9023715],[-87.629939,41.9023596],[-87.6299629,41.9031544],[-87.6306946,41.9031433],[-87.6307033,41.9035385],[-87.629975,41.9035504],[-87.6300021,41.9044722],[-87.6307293,41.9044673],[-87.6307388,41.9047407],[-87.6307432,41.9048678],[-87.6308342,41.9074922],[-87.6315592,41.9074733],[-87.6315691,41.9078345],[-87.63084,41.9078493],[-87.6308571,41.9084585],[-87.630875,41.9090995],[-87.6315991,41.9090788],[-87.6316041,41.9094303],[-87.6312527,41.9094367],[-87.6308838,41.9094435],[-87.6308881,41.9095742],[-87.6309014,41.9099781],[-87.6309129,41.910328],[-87.6309247,41.9106862],[-87.6308829,41.9106863],[-87.6300342,41.9106882],[-87.6300378,41.910814],[-87.629526,41.9108222],[-87.6295372,41.9112124]]]}},{"type":"Feature","properties":{"ADDRESS":"4001 N. Clark St.","TYPE_MAIN":"2:NR - District","NHL_NR":null,"NOTES":null,"NAME":"Graceland Cemetery","TYPE":2},"geometry":{"type":"Polygon","coordinates":[[[-87.6570663,41.9545097],[-87.6571167,41.9545081],[-87.6571974,41.95451],[-87.6572832,41.9545136],[-87.657406,41.9545177],[-87.6574114,41.9545177],[-87.6578017,41.9545129],[-87.6581919,41.9545069],[-87.6585819,41.9544997],[-87.6596375,41.9544832],[-87.6599623,41.9544781],[-87.6604451,41.954474],[-87.6612805,41.9544646],[-87.6621158,41.9544523],[-87.6621267,41.9544531],[-87.6621566,41.954458],[-87.6621847,41.9544671],[-87.6621914,41.9544714],[-87.6622202,41.9544934],[-87.6622445,41.9545182],[-87.6624896,41.9548956],[-87.6628088,41.9554046],[-87.6630521,41.9558046],[-87.6634598,41.9564671],[-87.6635654,41.9566362],[-87.6638725,41.9571278],[-87.6640455,41.9574103],[-87.6643641,41.9579383],[-87.6644096,41.9580143],[-87.6644729,41.9581291],[-87.6645308,41.9582455],[-87.6645832,41.9583634],[-87.6651696,41.9597856],[-87.6658189,41.961505],[-87.6658209,41.9615124],[-87.6658202,41.9615232],[-87.6658031,41.9615512],[-87.6657874,41.9615615],[-87.6657686,41.9615681],[-87.6655189,41.9615706],[-87.6651206,41.9615853],[-87.6645449,41.9615949],[-87.6636568,41.9616067],[-87.662613,41.9616209],[-87.6615855,41.9616347],[-87.6608529,41.9616425],[-87.6601203,41.9616518],[-87.6598052,41.9616562],[-87.659562,41.9616594],[-87.6593261,41.9616624],[-87.6584332,41.9616744],[-87.6574762,41.9616875],[-87.6572629,41.9616745],[-87.6572708,41.9615973],[-87.6571856,41.958302],[-87.6571111,41.9565197],[-87.6570663,41.9545097]]]}},{"type":"Feature","properties":{"ADDRESS":"3660 W. 23rd St.","TYPE_MAIN":"1: NR - Individual Property","NHL_NR":null,"NOTES":null,"NAME":"Shedd Park Fieldhouse","TYPE":1},"geometry":{"type":"Polygon","coordinates":[[[-87.7172738,41.8502963],[-87.7169785,41.8503624],[-87.7169304,41.850242],[-87.7165519,41.8503266],[-87.7166,41.850447],[-87.7163049,41.850513],[-87.7162894,41.849922],[-87.717263,41.8499119],[-87.7172738,41.8502963]]]}},{"type":"Feature","properties":{"ADDRESS":"Chicago River to E. McFetridge Dr. at Lake Michigan","TYPE_MAIN":"2:NR - District","NHL_NR":null,"NOTES":null,"NAME":"Grant Park (Chicago Park District MPS)","TYPE":2},"geometry":{"type":"Polygon","coordinates":[[[-87.6182319,41.8652494],[-87.6181603,41.8652496],[-87.6182336,41.8650785],[-87.619066,41.8650808],[-87.6194189,41.8650818],[-87.6200709,41.8671382],[-87.6201776,41.867475],[-87.6201352,41.8676194],[-87.6239233,41.8676033],[-87.6239501,41.8711049],[-87.6239701,41.8737221],[-87.6239789,41.8748697],[-87.6240711,41.8775844],[-87.6241532,41.8800048],[-87.6242308,41.8843928],[-87.6237317,41.8843978],[-87.623733,41.8844729],[-87.6224032,41.884486],[-87.6223991,41.8842543],[-87.6186442,41.8842913],[-87.614544,41.8843315],[-87.6145215,41.8845282],[-87.6144396,41.8846791],[-87.6143181,41.8859536],[-87.6141132,41.888101],[-87.6136449,41.8881184],[-87.6134002,41.8879406],[-87.6126974,41.8879506],[-87.6126926,41.8856695],[-87.6126895,41.8841674],[-87.6125582,41.8841676],[-87.6125579,41.8840259],[-87.6126985,41.8840257],[-87.6128142,41.8834498],[-87.6131347,41.883112],[-87.6135973,41.8828119],[-87.6139769,41.8826577],[-87.614586,41.8825253],[-87.6156882,41.8824467],[-87.6161765,41.8822437],[-87.6164814,41.881929],[-87.6164677,41.881439],[-87.6157241,41.8814506],[-87.6157142,41.8810976],[-87.6156983,41.8805299],[-87.6164009,41.8805189],[-87.6163749,41.8795896],[-87.6163229,41.8777312],[-87.6162235,41.8771909],[-87.6161459,41.8767693],[-87.6161005,41.875429],[-87.6161834,41.8733936],[-87.6161263,41.8720003],[-87.6161565,41.8692962],[-87.6161604,41.8689459],[-87.615361,41.8684663],[-87.6153229,41.8683085],[-87.6146875,41.8683196],[-87.6142031,41.8685312],[-87.6135657,41.8685359],[-87.6129721,41.8684423],[-87.6125952,41.8682077],[-87.6123981,41.8679344],[-87.6123689,41.8674737],[-87.6125794,41.8670806],[-87.6126789,41.866895],[-87.6126708,41.8660791],[-87.6137239,41.8660733],[-87.6138679,41.8659708],[-87.6138772,41.8651388],[-87.6155939,41.8651103],[-87.6159774,41.865257],[-87.618105,41.8652498],[-87.6181603,41.8652496],[-87.6181335,41.8653122],[-87.6182319,41.8652494]]]}},{"type":"Feature","properties":{"ADDRESS":"7655 S. Ingleside Ave.","TYPE_MAIN":"2:NR - District","NHL_NR":null,"NOTES":null,"NAME":"Grand Crossing Park (Chicago Park District MPS)","TYPE":2},"geometry":{"type":"Polygon","coordinates":[[[-87.6016176,41.756717],[-87.6016177,41.7567191],[-87.6016124,41.7567293],[-87.6016021,41.7567372],[-87.6016008,41.7567376],[-87.6015886,41.7567416],[-87.6015753,41.7567418],[-87.6001816,41.756757],[-87.5993724,41.7567625],[-87.5993538,41.7567582],[-87.5993377,41.7567499],[-87.5993257,41.7567385],[-87.5993187,41.756725],[-87.5993172,41.7567131],[-87.5993128,41.75667],[-87.5992698,41.7548654],[-87.5992272,41.7532477],[-87.5992328,41.7532355],[-87.5992435,41.7532254],[-87.5992581,41.7532186],[-87.5992749,41.7532159],[-87.5992768,41.7532159],[-87.6003622,41.7532037],[-87.6015529,41.7531919],[-87.6015828,41.7531916],[-87.6016053,41.7538351],[-87.6016278,41.7548863],[-87.6016194,41.7548863],[-87.6016171,41.7549169],[-87.6016128,41.7549357],[-87.6015817,41.7551018],[-87.6016176,41.756717]]]}},{"type":"Feature","properties":{"ADDRESS":"1900 N. Sacramento Blvd.","TYPE_MAIN":"2:NR - District","NHL_NR":null,"NOTES":null,"NAME":"Humboldt Park (Chicago Park District MPS)","TYPE":2},"geometry":{"type":"Polygon","coordinates":[[[-87.7067986,41.9100137],[-87.7067816,41.9100151],[-87.706092,41.9100232],[-87.7060302,41.9100236],[-87.7055452,41.9100267],[-87.7047527,41.9100343],[-87.7046325,41.9100347],[-87.7045161,41.9100366],[-87.7044322,41.910038],[-87.7044106,41.9100377],[-87.7043954,41.9100392],[-87.7043864,41.910038],[-87.7036644,41.9100464],[-87.7033383,41.9100488],[-87.7029208,41.9100536],[-87.7025585,41.9100577],[-87.7020078,41.9100631],[-87.7020009,41.9100627],[-87.7019933,41.9100625],[-87.7017281,41.9100667],[-87.7017105,41.9100668],[-87.7017096,41.9100667],[-87.7012633,41.910071],[-87.7006964,41.910077],[-87.7006541,41.9100774],[-87.7002803,41.9100804],[-87.6997679,41.9100848],[-87.699305,41.9100907],[-87.6989495,41.9100952],[-87.698928,41.9100955],[-87.6985294,41.9101],[-87.6980865,41.9101044],[-87.6975514,41.9101094],[-87.6971949,41.9101142],[-87.6971778,41.9101105],[-87.6971631,41.910103],[-87.6971525,41.9100923],[-87.6971472,41.9100796],[-87.6971466,41.9100742],[-87.6971394,41.9098092],[-87.6971362,41.9096923],[-87.6971288,41.9093572],[-87.6971219,41.9090579],[-87.6971165,41.9088031],[-87.6971145,41.9087073],[-87.697107,41.9084831],[-87.6971029,41.9083025],[-87.6970991,41.908073],[-87.6970929,41.9078103],[-87.697083,41.9074055],[-87.6970712,41.9069948],[-87.6970636,41.906636],[-87.6970576,41.9063869],[-87.6970511,41.9061129],[-87.6970429,41.905791],[-87.6970392,41.9056436],[-87.6970353,41.9054169],[-87.6970263,41.9050598],[-87.6970184,41.9047636],[-87.6970056,41.9042444],[-87.6969972,41.9039119],[-87.6969891,41.9035597],[-87.6969798,41.9032456],[-87.6969788,41.903211],[-87.6969778,41.9030238],[-87.6969839,41.9030113],[-87.6969951,41.9030011],[-87.6970102,41.9029941],[-87.6970274,41.9029911],[-87.697038,41.9029914],[-87.6973155,41.9029903],[-87.6976469,41.9029891],[-87.6980261,41.9029852],[-87.6982562,41.9029829],[-87.6982705,41.9029823],[-87.6986455,41.9029787],[-87.6990474,41.9029742],[-87.6993158,41.902972],[-87.6996167,41.9029697],[-87.7000799,41.9029649],[-87.7005067,41.9029615],[-87.7008858,41.902958],[-87.7013006,41.9029546],[-87.7016754,41.9029521],[-87.7018889,41.9029527],[-87.7018862,41.9027476],[-87.7018854,41.9027419],[-87.7018829,41.9025728],[-87.7018732,41.9022276],[-87.7018665,41.9019688],[-87.7018636,41.9018565],[-87.7018561,41.9015929],[-87.7018462,41.9011918],[-87.701843,41.9010658],[-87.7018396,41.900934],[-87.7018314,41.9006381],[-87.7018213,41.9003141],[-87.7018174,41.9001774],[-87.7018096,41.8998662],[-87.7017945,41.8993489],[-87.7017956,41.8993399],[-87.7017973,41.8993366],[-87.7018022,41.899327],[-87.7018138,41.8993162],[-87.7018293,41.8993086],[-87.7018472,41.8993051],[-87.7020503,41.8993035],[-87.7023283,41.8993025],[-87.7023403,41.8993032],[-87.702356,41.8993078],[-87.7025782,41.8993132],[-87.7025909,41.8993059],[-87.7026062,41.8993024],[-87.7026118,41.8993023],[-87.7028758,41.8992982],[-87.7030842,41.8992959],[-87.7030915,41.8991506],[-87.7030835,41.8991423],[-87.7030793,41.8991306],[-87.7030794,41.8991244],[-87.7030667,41.8986611],[-87.7030577,41.8983938],[-87.7030619,41.8983849],[-87.703071,41.8983784],[-87.7030831,41.8983755],[-87.7030832,41.8983755],[-87.7034625,41.8983701],[-87.7037996,41.8983672],[-87.7038166,41.8983964],[-87.7038188,41.8984128],[-87.703835,41.8991378],[-87.703835,41.8991384],[-87.7038382,41.8992882],[-87.704428,41.8992828],[-87.7045337,41.8992819],[-87.7052584,41.8992755],[-87.7061355,41.8992662],[-87.7061586,41.8992659],[-87.706538,41.899263],[-87.7065553,41.8992651],[-87.7065705,41.8992713],[-87.7065822,41.899281],[-87.706589,41.899293],[-87.7065902,41.899304],[-87.706591,41.899447],[-87.7065928,41.8994924],[-87.7065989,41.8995317],[-87.7065972,41.8995636],[-87.7066139,41.8997864],[-87.7066194,41.899863],[-87.70662,41.8998869],[-87.7066206,41.9000177],[-87.7066321,41.9002631],[-87.70664,41.9005455],[-87.7066505,41.9008642],[-87.7066651,41.9013094],[-87.7066654,41.9013208],[-87.7066767,41.9016907],[-87.7066866,41.9019952],[-87.7066902,41.9021055],[-87.7066889,41.9022257],[-87.7066877,41.9022997],[-87.7066864,41.9023918],[-87.7066859,41.9024261],[-87.7066962,41.9027059],[-87.7066942,41.902714],[-87.706699,41.9029574],[-87.7067075,41.9031466],[-87.7067077,41.9031746],[-87.7067121,41.9032757],[-87.7067223,41.9033766],[-87.7067253,41.9034027],[-87.7067345,41.903514],[-87.7067379,41.9036256],[-87.7067435,41.9037872],[-87.7067586,41.9042177],[-87.7067779,41.9048586],[-87.7067847,41.905074],[-87.7067973,41.905478],[-87.7067993,41.9055297],[-87.7068044,41.9057592],[-87.7068037,41.9059888],[-87.7068031,41.9060248],[-87.7068033,41.9062067],[-87.7068094,41.9063886],[-87.7068101,41.9063983],[-87.7068172,41.9065557],[-87.7068239,41.906748],[-87.7068537,41.9073065],[-87.70687,41.9077741],[-87.7068791,41.9080565],[-87.7068824,41.9081581],[-87.7068992,41.9087086],[-87.7069024,41.9088569],[-87.7069042,41.9089391],[-87.706904,41.9091172],[-87.7069023,41.909248],[-87.7069019,41.9092796],[-87.7069053,41.9095068],[-87.7069106,41.9097312],[-87.7069126,41.9097886],[-87.7069089,41.909846],[-87.7068992,41.9099031],[-87.7068968,41.9099134],[-87.7068866,41.9099513],[-87.7068777,41.9099692],[-87.7068637,41.9099852],[-87.7068451,41.9099983],[-87.706823,41.910008],[-87.7067986,41.9100137]]]}},{"type":"Feature","properties":{"ADDRESS":"Roughly bounded by 31st St., State St., 35th St., and the Dan Ryan Expressway","TYPE_MAIN":"2:NR - District","NHL_NR":null,"NOTES":null,"NAME":"Illinois Institute of Technology Academic Campus","TYPE":2},"geometry":{"type":"Polygon","coordinates":[[[-87.6280759,41.8394387],[-87.6269439,41.8394529],[-87.6269197,41.8383772],[-87.6269161,41.8382175],[-87.6268734,41.836316],[-87.6268387,41.8347724],[-87.6268309,41.8344251],[-87.6268059,41.8328325],[-87.6267944,41.8320938],[-87.6267787,41.8310924],[-87.629305,41.8310703],[-87.6293605,41.8328109],[-87.6294161,41.8345532],[-87.6294496,41.8356022],[-87.6294711,41.8362773],[-87.6295317,41.838177],[-87.6280368,41.8382036],[-87.6280759,41.8394387]]]}},{"type":"Feature","properties":{"ADDRESS":"47th and 59th Sts., Cottage Grove and Lake Park Aves.  (2-14-79);  821-29 & 816-26 E. 49th (8-16-84);e 825-33 & 37-49 East 52nd St","TYPE_MAIN":"2:NR - District","NHL_NR":null,"NOTES":null,"NAME":"Hyde Park ¿ Kenwood Historic District","TYPE":2},"geometry":{"type":"Polygon","coordinates":[[[-87.6043416,41.8080486],[-87.6032612,41.8080445],[-87.603256,41.8077536],[-87.6016643,41.8077713],[-87.6016819,41.8086686],[-87.6004524,41.8086821],[-87.6003617,41.8086831],[-87.6003672,41.8089641],[-87.599254,41.8089832],[-87.5992598,41.8092901],[-87.5987358,41.8092957],[-87.598733,41.8091485],[-87.598544,41.8091505],[-87.5985412,41.8090038],[-87.5985393,41.8089063],[-87.5983755,41.8089081],[-87.5983721,41.8087337],[-87.5980378,41.8087373],[-87.5980332,41.8084996],[-87.5980304,41.8083497],[-87.5977611,41.8083526],[-87.5977326,41.8078147],[-87.5967995,41.8078255],[-87.596816,41.8087914],[-87.5953323,41.8088055],[-87.5951999,41.8088074],[-87.5951954,41.8086275],[-87.5943578,41.8086392],[-87.5943294,41.8078542],[-87.5937698,41.8078597],[-87.5937792,41.8083742],[-87.5931836,41.8083803],[-87.5931819,41.8082885],[-87.592994,41.8082904],[-87.5926286,41.8082942],[-87.5926145,41.8078691],[-87.5919488,41.8078761],[-87.591916,41.8060543],[-87.5902141,41.8060759],[-87.5901632,41.8060608],[-87.5899839,41.8057318],[-87.5900879,41.8057001],[-87.5898995,41.8053544],[-87.5901427,41.8052802],[-87.5904325,41.8051918],[-87.5905585,41.8051648],[-87.590507,41.8024374],[-87.5898522,41.8024453],[-87.5898441,41.8020687],[-87.5891477,41.8020722],[-87.5891354,41.801531],[-87.588528,41.8015387],[-87.588518,41.8010973],[-87.5885063,41.8010181],[-87.5891232,41.8010097],[-87.589071,41.8009559],[-87.5890836,41.8007252],[-87.5890849,41.8007023],[-87.5897869,41.8007008],[-87.5897856,41.8003602],[-87.5891104,41.8003617],[-87.5891006,41.7999896],[-87.5883457,41.8000007],[-87.5882399,41.8000023],[-87.5882392,41.7995508],[-87.5873018,41.799564],[-87.5872713,41.7992008],[-87.5872595,41.7989561],[-87.587713,41.7989438],[-87.5877735,41.7992079],[-87.5883515,41.7992071],[-87.588301,41.7980887],[-87.588123,41.79809],[-87.5881215,41.797976],[-87.5881173,41.7976588],[-87.5883781,41.7976654],[-87.5883558,41.7971997],[-87.588327,41.7966011],[-87.589028,41.7965992],[-87.5889734,41.7951987],[-87.5884455,41.7951936],[-87.5873953,41.7951866],[-87.5868407,41.7951926],[-87.5870736,41.7937534],[-87.5871892,41.7933616],[-87.5868116,41.7933653],[-87.5866376,41.7933838],[-87.586682,41.7900195],[-87.5866346,41.7879015],[-87.5944069,41.7878252],[-87.6012293,41.7877484],[-87.604894,41.7877092],[-87.6049638,41.7895248],[-87.6054413,41.7895182],[-87.6054784,41.7913446],[-87.6055243,41.7931637],[-87.6025674,41.7931965],[-87.6025846,41.7937398],[-87.6020014,41.7937501],[-87.6020373,41.7948887],[-87.6013656,41.7948905],[-87.6012471,41.7951124],[-87.6012266,41.795341],[-87.6027329,41.7953246],[-87.6027611,41.7964674],[-87.6033016,41.7964602],[-87.6032732,41.7953177],[-87.6036399,41.7953132],[-87.6036831,41.7953178],[-87.6037654,41.795372],[-87.6037985,41.7953999],[-87.6038174,41.7954243],[-87.6038215,41.7954384],[-87.6045166,41.7954315],[-87.6045335,41.7963917],[-87.6045339,41.7964121],[-87.605052,41.796407],[-87.6051314,41.7986329],[-87.6045427,41.7986414],[-87.6045452,41.7987396],[-87.6048825,41.7987348],[-87.604896,41.7992646],[-87.605068,41.7992621],[-87.6050943,41.7998045],[-87.6053878,41.7998193],[-87.6054296,41.8004479],[-87.6063533,41.8004342],[-87.6064072,41.8022512],[-87.6050248,41.8022747],[-87.6050332,41.8025495],[-87.6050701,41.8029015],[-87.6050577,41.8030414],[-87.6042303,41.803047],[-87.60427,41.8047379],[-87.604924,41.8047293],[-87.604922,41.8046444],[-87.6051474,41.8046414],[-87.605149,41.8047077],[-87.6051999,41.804707],[-87.6052067,41.8049935],[-87.6051435,41.8049944],[-87.6051457,41.8050888],[-87.6055609,41.8050822],[-87.6055765,41.8059051],[-87.6057549,41.8059029],[-87.605769,41.8065391],[-87.6043098,41.8065493],[-87.6043416,41.8080486]]]}},{"type":"Feature","properties":{"ADDRESS":"2500 W. Lunt","TYPE_MAIN":"2:NR - District","NHL_NR":null,"NOTES":null,"NAME":"Indian Boundary Park (Chicago Park District MPS)","TYPE":2},"geometry":{"type":"Polygon","coordinates":[[[-87.694966,42.010272],[-87.6938926,42.0102946],[-87.6930747,42.0103138],[-87.6916627,42.0103393],[-87.691615,42.008724],[-87.6924265,42.0086999],[-87.6932124,42.0086805],[-87.69419,42.0086573],[-87.6949695,42.0086474],[-87.694976,42.0099147],[-87.694966,42.010272]]]}},{"type":"Feature","properties":{"ADDRESS":"119, 121, 123 W. Delaware Pl.","TYPE_MAIN":"2:NR - District","NHL_NR":null,"NOTES":null,"NAME":"Isaac N. Maynard Rowhouses (Land Subdivisions with Set-Aside Parks, Chicago MPS)","TYPE":2},"geometry":{"type":"Polygon","coordinates":[[[-87.632303,41.8991621],[-87.6322119,41.8991634],[-87.6321531,41.8991643],[-87.6320834,41.8991653],[-87.6320814,41.8990955],[-87.6320792,41.8990214],[-87.632149,41.8990205],[-87.6322077,41.8990198],[-87.6322996,41.8990186],[-87.6323017,41.8990927],[-87.6323037,41.8991621],[-87.632303,41.8991621]]]}},{"type":"Feature","properties":{"ADDRESS":"Jackson and Washington parks and Midway Plaisance roadway","TYPE_MAIN":"2:NR - District","NHL_NR":null,"NOTES":"Site of the World¿s Columbian Exposition of 1893)","NAME":"Jackson Park Historic Landscape District and Midway Plaisance","TYPE":2},"geometry":{"type":"MultiPolygon","coordinates":[[[[-87.5861084,41.7763399],[-87.5861223,41.7763364],[-87.5861233,41.7763368],[-87.5861243,41.7763372],[-87.586125,41.7763376],[-87.5861253,41.7763377],[-87.5861256,41.7763379],[-87.5861259,41.7763381],[-87.5861262,41.7763383],[-87.5861266,41.7763385],[-87.5861266,41.7763389],[-87.5861352,41.776481],[-87.5861463,41.776663],[-87.586157,41.7767983],[-87.5861836,41.7771356],[-87.5862069,41.7774298],[-87.5862109,41.7774801],[-87.5862326,41.7777414],[-87.5862338,41.7777569],[-87.5862583,41.7780515],[-87.5862787,41.7782973],[-87.5863024,41.7785831],[-87.586308,41.7786504],[-87.5863123,41.7788706],[-87.5863186,41.7791995],[-87.5863222,41.7793848],[-87.586326,41.779523],[-87.5863353,41.7798664],[-87.5863361,41.7798948],[-87.5863305,41.7800561],[-87.5863239,41.7802471],[-87.5863296,41.7804552],[-87.586327,41.7804653],[-87.5863228,41.7804752],[-87.5863169,41.7804846],[-87.586315,41.7804868],[-87.586324,41.7807],[-87.5863308,41.780709],[-87.5863368,41.7807203],[-87.5863378,41.780783],[-87.5863411,41.7809832],[-87.5863738,41.7814445],[-87.5863745,41.7814746],[-87.5863959,41.7823909],[-87.5864037,41.7825995],[-87.5864163,41.7834119],[-87.5864173,41.7834565],[-87.5864393,41.7844565],[-87.5864434,41.784619],[-87.5864704,41.7856971],[-87.5864846,41.7861836],[-87.5866788,41.7861678],[-87.5866794,41.7861674],[-87.5866806,41.7861666],[-87.5866817,41.7861658],[-87.5866829,41.786165],[-87.5866841,41.7861643],[-87.5866853,41.7861635],[-87.5866866,41.7861628],[-87.5866878,41.7861621],[-87.5866891,41.7861614],[-87.5866904,41.7861608],[-87.5866917,41.7861601],[-87.586693,41.7861595],[-87.5866944,41.7861589],[-87.5866957,41.7861583],[-87.5866971,41.7861577],[-87.5866984,41.7861571],[-87.5866998,41.7861566],[-87.5867012,41.786156],[-87.5867026,41.7861555],[-87.5867041,41.786155],[-87.5867055,41.7861546],[-87.5867069,41.7861541],[-87.5867084,41.7861537],[-87.5867099,41.7861532],[-87.5867113,41.7861528],[-87.5867128,41.7861525],[-87.5867143,41.7861521],[-87.5867158,41.7861518],[-87.5867173,41.7861514],[-87.5867188,41.7861511],[-87.5867204,41.7861509],[-87.5867219,41.7861506],[-87.5867234,41.7861504],[-87.586725,41.7861501],[-87.5867265,41.7861499],[-87.5867281,41.7861497],[-87.5867296,41.7861496],[-87.5867312,41.7861494],[-87.5867327,41.7861493],[-87.5867343,41.7861492],[-87.5867359,41.7861491],[-87.5867374,41.7861491],[-87.5871356,41.7861384],[-87.5875338,41.7861306],[-87.5879322,41.7861258],[-87.5880452,41.7861253],[-87.5883303,41.786124],[-87.5886021,41.7861227],[-87.5886263,41.7861314],[-87.5887591,41.78613],[-87.5887557,41.7861451],[-87.589413,41.7861233],[-87.5894611,41.7861228],[-87.5894613,41.7861227],[-87.5894616,41.7861226],[-87.5894619,41.7861226],[-87.5894621,41.7861225],[-87.5894624,41.7861225],[-87.5894627,41.7861224],[-87.5894629,41.7861223],[-87.5894632,41.7861223],[-87.5894635,41.7861222],[-87.5894637,41.7861222],[-87.589464,41.7861221],[-87.5894643,41.786122],[-87.5894645,41.786122],[-87.5894648,41.7861219],[-87.589465,41.7861219],[-87.5894653,41.7861218],[-87.5894656,41.7861217],[-87.5894658,41.7861217],[-87.5894661,41.7861216],[-87.5894664,41.7861215],[-87.5894666,41.7861215],[-87.5894669,41.7861214],[-87.5894671,41.7861213],[-87.5894674,41.7861213],[-87.5894677,41.7861212],[-87.5894679,41.7861211],[-87.5894682,41.7861211],[-87.5894685,41.786121],[-87.5894687,41.7861209],[-87.589469,41.7861209],[-87.5894692,41.7861208],[-87.5894695,41.7861207],[-87.5894698,41.7861207],[-87.58947,41.7861206],[-87.5894703,41.7861205],[-87.5894705,41.7861204],[-87.5894708,41.7861204],[-87.5894711,41.7861203],[-87.5894713,41.7861202],[-87.5894716,41.7861202],[-87.5894718,41.7861201],[-87.5894721,41.78612],[-87.5894723,41.7861199],[-87.5894726,41.7861199],[-87.5894729,41.7861198],[-87.5894731,41.7861197],[-87.5894734,41.7861196],[-87.5894736,41.7861196],[-87.5894739,41.7861195],[-87.5894742,41.7861194],[-87.5894744,41.7861193],[-87.5894747,41.7861193],[-87.5894749,41.7861192],[-87.5894752,41.7861191],[-87.5894754,41.786119],[-87.5894757,41.786119],[-87.5894759,41.7861189],[-87.5894762,41.7861188],[-87.5894765,41.7861187],[-87.5894767,41.7861187],[-87.589477,41.7861186],[-87.5894772,41.7861185],[-87.5894775,41.7861184],[-87.5894777,41.7861183],[-87.589478,41.7861183],[-87.5894782,41.7861182],[-87.5894785,41.7861181],[-87.5894788,41.786118],[-87.589479,41.7861179],[-87.5894793,41.7861178],[-87.5894795,41.7861178],[-87.5894798,41.7861177],[-87.58948,41.7861176],[-87.5894803,41.7861175],[-87.5894805,41.7861174],[-87.5894808,41.7861174],[-87.589481,41.7861173],[-87.5894813,41.7861172],[-87.5894815,41.7861171],[-87.5894818,41.786117],[-87.589482,41.7861169],[-87.5894823,41.7861168],[-87.5894825,41.7861168],[-87.5894828,41.7861167],[-87.589483,41.7861166],[-87.5894833,41.7861165],[-87.5894835,41.7861164],[-87.5894838,41.7861163],[-87.589484,41.7861162],[-87.5894845,41.7861161],[-87.5894901,41.786113],[-87.5894963,41.7861107],[-87.5894992,41.7861101],[-87.5895118,41.786109],[-87.5902428,41.7861048],[-87.5902503,41.7861058],[-87.5902574,41.7861079],[-87.5902638,41.7861111],[-87.5902755,41.7861328],[-87.5902755,41.7861256],[-87.5903711,41.7861265],[-87.5903709,41.7861228],[-87.5903709,41.7861224],[-87.590371,41.786122],[-87.5903711,41.7861216],[-87.5903712,41.7861212],[-87.5903713,41.7861208],[-87.5903714,41.7861204],[-87.5903715,41.78612],[-87.5903716,41.7861196],[-87.5903718,41.7861193],[-87.5903719,41.7861189],[-87.590372,41.7861185],[-87.5903722,41.7861181],[-87.5903724,41.7861177],[-87.5903726,41.7861173],[-87.5903727,41.786117],[-87.5903729,41.7861166],[-87.5903731,41.7861162],[-87.5903733,41.7861158],[-87.5903736,41.7861155],[-87.5903738,41.7861151],[-87.590374,41.7861148],[-87.5903743,41.7861144],[-87.5903745,41.786114],[-87.5903748,41.7861137],[-87.5903751,41.7861133],[-87.5903753,41.786113],[-87.5903756,41.7861127],[-87.5903759,41.7861123],[-87.5903762,41.786112],[-87.5903765,41.7861117],[-87.5903768,41.7861113],[-87.5903772,41.786111],[-87.5903775,41.7861107],[-87.5903778,41.7861104],[-87.5903782,41.7861101],[-87.5903785,41.7861098],[-87.5903789,41.7861095],[-87.5903793,41.7861092],[-87.5903796,41.7861089],[-87.59038,41.7861086],[-87.5903804,41.7861083],[-87.5903808,41.7861081],[-87.5903812,41.7861078],[-87.5903816,41.7861075],[-87.590382,41.7861073],[-87.5903824,41.786107],[-87.5903829,41.7861068],[-87.5903833,41.7861065],[-87.5903837,41.7861063],[-87.5903842,41.7861061],[-87.5903846,41.7861058],[-87.5903851,41.7861056],[-87.5903855,41.7861054],[-87.590386,41.7861052],[-87.5903864,41.786105],[-87.5903869,41.7861048],[-87.5903874,41.7861046],[-87.5903879,41.7861044],[-87.5903883,41.7861042],[-87.5903888,41.7861041],[-87.5903893,41.7861039],[-87.5903903,41.7861036],[-87.5903908,41.7861034],[-87.5903913,41.7861033],[-87.5903918,41.7861032],[-87.5903923,41.7861031],[-87.5903928,41.7861029],[-87.5903934,41.7861028],[-87.5903939,41.7861027],[-87.5903944,41.7861026],[-87.5903949,41.7861025],[-87.5903954,41.7861024],[-87.590396,41.7861024],[-87.5903965,41.7861023],[-87.590397,41.7861022],[-87.5903976,41.7861022],[-87.5903981,41.7861021],[-87.5903986,41.7861021],[-87.5906503,41.7860996],[-87.5913053,41.786097],[-87.5913267,41.786106],[-87.5913665,41.7861074],[-87.5915237,41.7861126],[-87.5915238,41.7861124],[-87.5915238,41.7861123],[-87.5915238,41.7861121],[-87.5915239,41.786112],[-87.5915239,41.7861118],[-87.591524,41.7861116],[-87.591524,41.7861115],[-87.5915241,41.7861113],[-87.5915241,41.7861112],[-87.5915242,41.786111],[-87.5915242,41.7861109],[-87.5915243,41.7861107],[-87.5915244,41.7861105],[-87.5915244,41.7861104],[-87.5915245,41.7861102],[-87.5915246,41.7861101],[-87.5915247,41.7861099],[-87.5915248,41.7861098],[-87.5915249,41.7861096],[-87.591525,41.7861095],[-87.5915251,41.7861093],[-87.5915252,41.7861092],[-87.5915253,41.786109],[-87.5915254,41.7861089],[-87.5915255,41.7861088],[-87.5915256,41.7861086],[-87.5915257,41.7861085],[-87.5915258,41.7861084],[-87.591526,41.7861082],[-87.5915261,41.7861081],[-87.5915262,41.786108],[-87.5915263,41.7861078],[-87.5915265,41.7861077],[-87.5915266,41.7861076],[-87.5915268,41.7861074],[-87.5915269,41.7861073],[-87.5915271,41.7861072],[-87.5915272,41.7861071],[-87.5915274,41.786107],[-87.5915275,41.7861069],[-87.5915277,41.7861067],[-87.5915278,41.7861066],[-87.591528,41.7861065],[-87.5915282,41.7861064],[-87.5915283,41.7861063],[-87.5915285,41.7861062],[-87.5915287,41.7861061],[-87.5915289,41.786106],[-87.591529,41.7861059],[-87.5915292,41.7861058],[-87.5915294,41.7861057],[-87.5915296,41.7861057],[-87.5915298,41.7861056],[-87.5915299,41.7861055],[-87.5915301,41.7861054],[-87.5915303,41.7861053],[-87.5915305,41.7861053],[-87.5915307,41.7861052],[-87.5915309,41.7861051],[-87.5915311,41.786105],[-87.5915313,41.786105],[-87.5915315,41.7861049],[-87.5915317,41.7861049],[-87.5915319,41.7861048],[-87.5915321,41.7861047],[-87.5915323,41.7861047],[-87.5915325,41.7861046],[-87.5915328,41.7861046],[-87.591533,41.7861046],[-87.5915332,41.7861045],[-87.5915334,41.7861045],[-87.5915336,41.7861044],[-87.5915338,41.7861044],[-87.591534,41.7861044],[-87.5915342,41.7861043],[-87.5915345,41.7861043],[-87.5915347,41.7861043],[-87.5915349,41.7861043],[-87.5915351,41.7861043],[-87.5915353,41.7861043],[-87.5915355,41.7861042],[-87.5915358,41.7861042],[-87.591536,41.7861042],[-87.5915362,41.7861042],[-87.5915364,41.7861042],[-87.5915366,41.7861042],[-87.5915369,41.7861042],[-87.5915371,41.7861043],[-87.5915373,41.7861043],[-87.5915375,41.7861043],[-87.5915377,41.7861043],[-87.5915379,41.7861043],[-87.5915382,41.7861043],[-87.5915384,41.7861044],[-87.5915386,41.7861044],[-87.5915388,41.7861044],[-87.591539,41.7861045],[-87.5915392,41.7861045],[-87.5915393,41.7861045],[-87.5915399,41.7861047],[-87.5915687,41.7861035],[-87.5915996,41.7860923],[-87.5918384,41.7860908],[-87.592366,41.786086],[-87.5924401,41.7860853],[-87.593236,41.7860782],[-87.5941899,41.7860665],[-87.5944756,41.7860646],[-87.5950003,41.7860611],[-87.5955161,41.7860541],[-87.5958132,41.7860454],[-87.5961686,41.7860288],[-87.5961805,41.7860313],[-87.5961914,41.7860341],[-87.5963923,41.7860125],[-87.5963975,41.7860111],[-87.5964366,41.7860035],[-87.5964848,41.7859941],[-87.5965708,41.7859869],[-87.5966569,41.7859807],[-87.5967432,41.7859755],[-87.5968296,41.7859714],[-87.5969161,41.7859683],[-87.5970025,41.7859662],[-87.5972139,41.785965],[-87.597277,41.7859646],[-87.5979211,41.7859608],[-87.5989278,41.7859477],[-87.6001498,41.7859349],[-87.600873,41.7859283],[-87.6010557,41.7859267],[-87.6010768,41.7859265],[-87.6010772,41.7859265],[-87.6010774,41.7859266],[-87.6010777,41.7859266],[-87.6010782,41.7859267],[-87.6010787,41.7859268],[-87.6010792,41.785927],[-87.6010793,41.785927],[-87.6010796,41.7859271],[-87.6010801,41.7859272],[-87.6010806,41.7859273],[-87.6010815,41.7859276],[-87.601082,41.7859277],[-87.6010824,41.7859279],[-87.6010826,41.7859279],[-87.6010829,41.7859281],[-87.6010833,41.7859282],[-87.6010838,41.7859284],[-87.6010842,41.7859286],[-87.6010855,41.7859291],[-87.6010864,41.7859295],[-87.6010872,41.7859299],[-87.6012509,41.7859312],[-87.6012515,41.7859307],[-87.6012521,41.7859301],[-87.6012528,41.7859296],[-87.6012534,41.7859292],[-87.6012541,41.7859287],[-87.6012548,41.7859282],[-87.6012555,41.7859278],[-87.6012562,41.7859274],[-87.601257,41.785927],[-87.6012577,41.7859266],[-87.6012581,41.7859265],[-87.6012585,41.7859263],[-87.6012589,41.7859261],[-87.6012596,41.7859259],[-87.6012597,41.7859258],[-87.6012601,41.7859257],[-87.6012606,41.7859255],[-87.6012612,41.7859253],[-87.6012614,41.7859252],[-87.6012618,41.7859251],[-87.6012622,41.785925],[-87.6012629,41.7859248],[-87.6012631,41.7859247],[-87.6012635,41.7859246],[-87.601264,41.7859245],[-87.6012647,41.7859244],[-87.6012648,41.7859243],[-87.6012653,41.7859243],[-87.6012657,41.7859242],[-87.6012665,41.7859241],[-87.6012666,41.785924],[-87.6012671,41.785924],[-87.6012675,41.7859239],[-87.6012683,41.7859238],[-87.6012684,41.7859238],[-87.6012689,41.7859238],[-87.6012693,41.7859238],[-87.6012701,41.7859237],[-87.6012702,41.7859237],[-87.6012707,41.7859237],[-87.6012712,41.7859237],[-87.6012719,41.7859237],[-87.6012721,41.7859237],[-87.6012725,41.7859237],[-87.601273,41.7859237],[-87.6012739,41.7859237],[-87.6012744,41.7859238],[-87.6012748,41.7859238],[-87.601275,41.7859238],[-87.6012757,41.7859239],[-87.6012762,41.785924],[-87.6012766,41.785924],[-87.6012771,41.7859241],[-87.601278,41.7859243],[-87.6024074,41.7859122],[-87.6036698,41.7858993],[-87.6038507,41.7858972],[-87.6049103,41.7858846],[-87.6058041,41.7858748],[-87.605824,41.7858774],[-87.6079503,41.7858409],[-87.608042,41.7876146],[-87.6047885,41.7876035],[-87.597476,41.787753],[-87.5963712,41.7877642],[-87.5915153,41.7878021],[-87.5865387,41.7878491],[-87.5865519,41.7921888],[-87.5864868,41.7933123],[-87.5864749,41.7933149],[-87.5864627,41.7933157],[-87.586181,41.7933172],[-87.5857768,41.7933217],[-87.5855208,41.7933277],[-87.584978,41.7933313],[-87.5845364,41.7933389],[-87.5840486,41.7933445],[-87.5840053,41.7933447],[-87.5837823,41.7933532],[-87.5837749,41.7933548],[-87.5837669,41.7933553],[-87.583007,41.7933607],[-87.582751,41.793364],[-87.5824429,41.7933697],[-87.5821616,41.7933747],[-87.5819528,41.7933824],[-87.5815883,41.7933827],[-87.5812266,41.7933891],[-87.5808203,41.7933898],[-87.5805995,41.7933927],[-87.580444,41.7933966],[-87.5804437,41.7933967],[-87.5802749,41.7933968],[-87.5799519,41.7933969],[-87.5792636,41.793394],[-87.5792602,41.793394],[-87.5792835,41.7933432],[-87.5792391,41.7932579],[-87.5792185,41.7930795],[-87.5792088,41.792935],[-87.5790886,41.7925436],[-87.578931,41.7924321],[-87.5789887,41.7923476],[-87.5791246,41.7923739],[-87.579092,41.7922463],[-87.5791156,41.7921701],[-87.5790597,41.7921017],[-87.5789713,41.7918973],[-87.5788934,41.7917694],[-87.5788626,41.791737],[-87.5787476,41.7916156],[-87.5787259,41.7915305],[-87.5787504,41.7913778],[-87.5787063,41.7912671],[-87.5786167,41.7911731],[-87.5785972,41.7911463],[-87.578505,41.7910195],[-87.5784831,41.7909514],[-87.5783932,41.7908744],[-87.5783258,41.7908145],[-87.5783155,41.7907295],[-87.578294,41.7906275],[-87.5782611,41.7905254],[-87.5781943,41.7904145],[-87.5781386,41.7903292],[-87.5781208,41.790288],[-87.5781054,41.7902526],[-87.5780494,41.7901927],[-87.5779937,41.7901075],[-87.5779947,41.7900225],[-87.5779624,41.7898694],[-87.5780085,41.7898103],[-87.5780525,41.7897486],[-87.5779246,41.789649],[-87.5778478,41.7895751],[-87.5777948,41.7895241],[-87.5776669,41.7894266],[-87.5775418,41.7893364],[-87.5774407,41.7892632],[-87.5773265,41.7891851],[-87.5772254,41.7891142],[-87.5771024,41.7890316],[-87.5769896,41.7889601],[-87.5768579,41.7888736],[-87.5767761,41.7888183],[-87.5767298,41.7887871],[-87.5766279,41.7887206],[-87.5765282,41.7886617],[-87.5764386,41.7886095],[-87.576368,41.7885646],[-87.5762985,41.7885439],[-87.5762956,41.7884796],[-87.5766576,41.7884458],[-87.5766596,41.7883958],[-87.5768292,41.7883843],[-87.5771286,41.7883693],[-87.5771492,41.7883557],[-87.5771597,41.7883382],[-87.5771671,41.78833],[-87.577198,41.7883253],[-87.5772588,41.7883279],[-87.5772932,41.7883369],[-87.5773041,41.7883496],[-87.577312,41.7883579],[-87.5775455,41.7883425],[-87.5776452,41.7883359],[-87.5776454,41.788333],[-87.577648,41.7882871],[-87.5777141,41.7882723],[-87.5776172,41.788131],[-87.5776169,41.7881266],[-87.5775619,41.7881268],[-87.5774885,41.788128],[-87.5772977,41.7881399],[-87.5772938,41.7881618],[-87.5772782,41.7881782],[-87.5772393,41.7881851],[-87.577174,41.7881846],[-87.5771433,41.788174],[-87.5771281,41.7881563],[-87.5771247,41.7881371],[-87.577125,41.788108],[-87.5771305,41.7880779],[-87.5771995,41.7880712],[-87.5772518,41.7880562],[-87.577255,41.7880315],[-87.5772551,41.7879579],[-87.5772703,41.7878483],[-87.5772882,41.7877633],[-87.5772996,41.787669],[-87.5773084,41.7875461],[-87.5773127,41.7874309],[-87.5773157,41.7872975],[-87.5773165,41.7871652],[-87.5773106,41.7870456],[-87.5772997,41.7869072],[-87.5772887,41.7867869],[-87.5772489,41.786617],[-87.57722,41.7864577],[-87.577175,41.7862861],[-87.5771227,41.78612],[-87.5770718,41.7859589],[-87.5770208,41.7858049],[-87.5769748,41.785663],[-87.576908,41.7854803],[-87.5767964,41.7851859],[-87.5767271,41.7850236],[-87.5766628,41.7848821],[-87.5765964,41.7847324],[-87.5765394,41.7845909],[-87.5765212,41.784554],[-87.5764339,41.7845039],[-87.5762584,41.7844058],[-87.5761542,41.7842553],[-87.5759905,41.7841573],[-87.5756976,41.7840231],[-87.5756166,41.783908],[-87.575406,41.7837832],[-87.5752187,41.7836938],[-87.5751138,41.7835962],[-87.5749032,41.7834802],[-87.5747044,41.7833643],[-87.5745523,41.783284],[-87.5743421,41.7831328],[-87.5741782,41.7830523],[-87.5740494,41.7829898],[-87.5739325,41.7829097],[-87.5737804,41.7828294],[-87.573558,41.7827133],[-87.5732887,41.7825793],[-87.5731835,41.7825169],[-87.5729724,41.782445],[-87.572773,41.7823732],[-87.572527,41.7822658],[-87.5721986,41.7821578],[-87.5719759,41.7820682],[-87.5716591,41.7819692],[-87.5714951,41.7818976],[-87.5713189,41.7818611],[-87.5711546,41.7818072],[-87.5710254,41.7817799],[-87.5708612,41.7817259],[-87.5707083,41.7817072],[-87.5705438,41.7816797],[-87.5704264,41.7816525],[-87.5702498,41.7816425],[-87.5700616,41.7816236],[-87.5699206,41.7816051],[-87.5697795,41.7815865],[-87.5695559,41.7815674],[-87.5692854,41.7815391],[-87.5691091,41.7815115],[-87.5688969,41.7815366],[-87.5686728,41.7815615],[-87.5684723,41.7815866],[-87.5683891,41.7816566],[-87.5682952,41.7816295],[-87.5682964,41.7815237],[-87.5694725,41.7812362],[-87.5696906,41.7811854],[-87.5697718,41.7811665],[-87.5698071,41.7811583],[-87.5699248,41.7811283],[-87.570063,41.7810947],[-87.5702013,41.7810588],[-87.5703535,41.781022],[-87.5705087,41.7809884],[-87.5706675,41.7809516],[-87.5708564,41.7809095],[-87.5710263,41.7808722],[-87.5712602,41.7808128],[-87.5716282,41.7806907],[-87.5720309,41.7805583],[-87.5726456,41.7803571],[-87.5730578,41.7802243],[-87.5729058,41.7798687],[-87.5729107,41.7798287],[-87.5729323,41.7797975],[-87.5729581,41.7797829],[-87.5730031,41.7797662],[-87.5733538,41.7796878],[-87.5736744,41.7796125],[-87.573934,41.7795462],[-87.5740885,41.7795017],[-87.5742809,41.7794184],[-87.5744166,41.7793452],[-87.5745409,41.7792538],[-87.5746388,41.7791634],[-87.574713,41.7790848],[-87.5749054,41.7788111],[-87.5749219,41.7787854],[-87.5749214,41.7787602],[-87.5749122,41.7787321],[-87.574909,41.7786981],[-87.5749318,41.7786873],[-87.5749561,41.7786786],[-87.5749784,41.7786541],[-87.5750025,41.7785977],[-87.5750318,41.7785397],[-87.5750582,41.7784746],[-87.5750786,41.7784253],[-87.5750865,41.7783809],[-87.5751084,41.7783273],[-87.575144,41.7782282],[-87.5751782,41.7781219],[-87.5752073,41.7780206],[-87.5752296,41.7779345],[-87.5752578,41.7778409],[-87.575264,41.7777498],[-87.5752709,41.7776851],[-87.5752764,41.777633],[-87.57528,41.7775106],[-87.5752808,41.7773816],[-87.575266,41.7772723],[-87.5752231,41.7771178],[-87.575169,41.7769791],[-87.5751124,41.7768646],[-87.5750492,41.7767544],[-87.5749793,41.7766508],[-87.5749008,41.7765278],[-87.5748263,41.7764384],[-87.5747366,41.7763352],[-87.574673,41.7762574],[-87.5746218,41.7761868],[-87.5745858,41.7761278],[-87.5745837,41.7760554],[-87.5746189,41.7759996],[-87.5746751,41.7759594],[-87.5747588,41.7759451],[-87.5748461,41.7759418],[-87.5749621,41.7759261],[-87.5750571,41.7759051],[-87.5750117,41.7757592],[-87.5749003,41.7757594],[-87.5747875,41.7757483],[-87.5747087,41.7757225],[-87.5746497,41.7756848],[-87.5745636,41.7756496],[-87.5744497,41.7756121],[-87.5743634,41.7755896],[-87.5742742,41.7755659],[-87.5742129,41.7755452],[-87.5741941,41.7755193],[-87.5741012,41.7755033],[-87.5739708,41.7754937],[-87.5738389,41.7754846],[-87.573759,41.775483],[-87.5736828,41.7754835],[-87.5735882,41.7754829],[-87.5735273,41.7754831],[-87.573454,41.7754809],[-87.5733736,41.7754579],[-87.5732938,41.7754396],[-87.5732937,41.7754557],[-87.5732747,41.7755204],[-87.5731943,41.7755599],[-87.5730636,41.7755689],[-87.572936,41.7755703],[-87.5728201,41.7755816],[-87.5727656,41.7755971],[-87.5726686,41.7756146],[-87.5725296,41.7756499],[-87.5724332,41.7756765],[-87.5723877,41.775689],[-87.572267,41.7757245],[-87.5721449,41.7757582],[-87.5720657,41.7757599],[-87.5719765,41.775795],[-87.5719143,41.7758517],[-87.5718633,41.7759485],[-87.5718196,41.776047],[-87.5717807,41.7761735],[-87.5717574,41.7762809],[-87.571735,41.7763801],[-87.5717235,41.7764799],[-87.5717239,41.7765765],[-87.571751,41.7766376],[-87.571802,41.7766687],[-87.5718513,41.7767706],[-87.5719083,41.7768549],[-87.5719797,41.7769509],[-87.5720599,41.7770574],[-87.5721372,41.7771545],[-87.572201,41.7772153],[-87.572251,41.7772628],[-87.5722828,41.7773009],[-87.572293,41.7773097],[-87.5723503,41.7773013],[-87.5724285,41.7773831],[-87.5725996,41.7773024],[-87.5726244,41.7773086],[-87.5728461,41.7775939],[-87.572846,41.7776037],[-87.5727693,41.7776433],[-87.5727964,41.7776687],[-87.5729716,41.7778329],[-87.5731349,41.7779783],[-87.5732492,41.7781103],[-87.5733218,41.778237],[-87.5733389,41.7782794],[-87.5732987,41.7783889],[-87.5733586,41.7785978],[-87.5733589,41.7786966],[-87.573357,41.778791],[-87.5733428,41.7788771],[-87.5733109,41.7789685],[-87.5732769,41.7790523],[-87.5732373,41.7791173],[-87.573192,41.7791648],[-87.5731037,41.7791949],[-87.5729935,41.7792068],[-87.5729017,41.7792249],[-87.5728133,41.7792545],[-87.5727249,41.7792929],[-87.5726434,41.7793011],[-87.5725679,41.7792979],[-87.5724552,41.7792807],[-87.5723507,41.7792465],[-87.5722163,41.7792017],[-87.5721472,41.7791584],[-87.572104,41.7790873],[-87.5720733,41.779018],[-87.572065,41.7789789],[-87.5720764,41.7789406],[-87.5720559,41.7788784],[-87.5719981,41.7788073],[-87.5719177,41.7787189],[-87.571863,41.7786379],[-87.5718017,41.7785535],[-87.5717322,41.7785349],[-87.5716496,41.7785141],[-87.5715442,41.7784387],[-87.57145,41.7783409],[-87.5713559,41.7782404],[-87.5712319,41.7781249],[-87.5711209,41.7780221],[-87.5709059,41.7778521],[-87.5707794,41.7777558],[-87.5706399,41.7776544],[-87.5706376,41.7776528],[-87.5705265,41.7775675],[-87.570387,41.7774585],[-87.5703034,41.7773926],[-87.5702064,41.7772926],[-87.5701176,41.7772162],[-87.5700114,41.7771514],[-87.5699051,41.7770947],[-87.5698199,41.7770621],[-87.5697667,41.7770377],[-87.5697029,41.7770133],[-87.5696391,41.7769809],[-87.5695434,41.7769322],[-87.5694583,41.7768916],[-87.5693628,41.7768269],[-87.5692459,41.7767701],[-87.5691398,41.7766973],[-87.569023,41.7766245],[-87.5689595,41.7765681],[-87.5688323,41.7764711],[-87.5687474,41.7764145],[-87.5686732,41.776358],[-87.5686098,41.7762935],[-87.5685357,41.776229],[-87.5684724,41.7761565],[-87.568409,41.7760921],[-87.5683457,41.7760196],[-87.5682929,41.7759632],[-87.5682296,41.7758907],[-87.5681982,41.7758345],[-87.5681243,41.7757539],[-87.5680931,41.7756817],[-87.5680486,41.7755975],[-87.5679667,41.7755127],[-87.5678716,41.775416],[-87.5677768,41.7752953],[-87.5677161,41.7751756],[-87.5676714,41.77511],[-87.5675877,41.7750139],[-87.5674959,41.7748756],[-87.5674678,41.7748388],[-87.5674367,41.7748023],[-87.567408,41.7747628],[-87.567348,41.7746896],[-87.5673416,41.7746734],[-87.5673411,41.7746727],[-87.5673265,41.7746523],[-87.5672913,41.7746144],[-87.5672767,41.7745872],[-87.5672501,41.7745548],[-87.567206,41.7744909],[-87.5671797,41.7744505],[-87.5671409,41.7744063],[-87.5671134,41.7743723],[-87.5670792,41.7743297],[-87.5670533,41.7743028],[-87.5670273,41.7742728],[-87.5670048,41.7742434],[-87.5669832,41.7742176],[-87.5669639,41.7741944],[-87.5669263,41.7741579],[-87.5669134,41.7741353],[-87.5668871,41.7741148],[-87.5668611,41.7740917],[-87.5668307,41.7740685],[-87.566809,41.774052],[-87.5667873,41.7740322],[-87.56677,41.7740157],[-87.566757,41.7740025],[-87.5667441,41.773986],[-87.5667181,41.7739628],[-87.5667008,41.7739463],[-87.5666879,41.77392],[-87.5666663,41.7738936],[-87.566636,41.7738705],[-87.5665968,41.7738506],[-87.5665628,41.7738295],[-87.5665285,41.7738001],[-87.5665258,41.7737995],[-87.5664944,41.7737914],[-87.566464,41.7737813],[-87.566435,41.7737692],[-87.5664075,41.7737552],[-87.5663818,41.7737395],[-87.566358,41.7737222],[-87.5663363,41.7737033],[-87.5663169,41.7736831],[-87.5663,41.7736617],[-87.5662857,41.7736393],[-87.5662741,41.773616],[-87.5662653,41.773592],[-87.5662593,41.7735675],[-87.5662562,41.7735427],[-87.5662561,41.7735179],[-87.5662589,41.7734931],[-87.5662646,41.7734686],[-87.5662731,41.7734445],[-87.5662731,41.7734445],[-87.5662788,41.7734444],[-87.5662965,41.7734262],[-87.5663142,41.773408],[-87.5663355,41.7733897],[-87.5663498,41.7733688],[-87.566371,41.7733532],[-87.5663922,41.773335],[-87.5664064,41.773322],[-87.5664171,41.773309],[-87.5664278,41.7732933],[-87.5664306,41.7733484],[-87.5664264,41.7734061],[-87.56644,41.7734429],[-87.5664675,41.7734851],[-87.5665159,41.7735405],[-87.5665853,41.7735986],[-87.5666305,41.773633],[-87.5666897,41.7736597],[-87.5668032,41.7737043],[-87.5670826,41.7736558],[-87.5670791,41.773645],[-87.5670784,41.7736339],[-87.5670807,41.7736229],[-87.5670858,41.7736124],[-87.5670935,41.7736029],[-87.5671036,41.7735948],[-87.5671157,41.7735882],[-87.5671291,41.7735835],[-87.5671436,41.773581],[-87.5671504,41.7735805],[-87.5675178,41.7735785],[-87.5675198,41.7735979],[-87.5675247,41.773617],[-87.5675325,41.7736356],[-87.567543,41.7736535],[-87.5675562,41.7736703],[-87.5675717,41.7736859],[-87.5675895,41.7737001],[-87.5676094,41.7737128],[-87.5676306,41.7737235],[-87.5676518,41.7737314],[-87.567674,41.7737372],[-87.5676971,41.773741],[-87.5677206,41.7737426],[-87.5677442,41.773742],[-87.5677675,41.7737392],[-87.5677902,41.7737342],[-87.5678119,41.7737273],[-87.5678323,41.7737183],[-87.5678393,41.7737146],[-87.5679574,41.77365],[-87.5680953,41.7735707],[-87.5684873,41.7735673],[-87.5689691,41.7735619],[-87.5692432,41.7735584],[-87.5698621,41.7735513],[-87.570646,41.7735424],[-87.5719997,41.7735251],[-87.5736518,41.7735069],[-87.5753993,41.7734866],[-87.5759835,41.773502],[-87.5761382,41.7735014],[-87.5762943,41.7735024],[-87.5762954,41.7735023],[-87.5762964,41.7735023],[-87.5762975,41.7735023],[-87.5762985,41.7735023],[-87.5762996,41.7735023],[-87.5763006,41.7735023],[-87.5763017,41.7735023],[-87.5763028,41.7735023],[-87.5763038,41.7735024],[-87.5763049,41.7735025],[-87.5763059,41.7735025],[-87.576307,41.7735026],[-87.576308,41.7735028],[-87.576309,41.7735029],[-87.5763101,41.773503],[-87.5763111,41.7735032],[-87.5763121,41.7735033],[-87.5763132,41.7735035],[-87.5763142,41.7735037],[-87.5763152,41.7735039],[-87.5763162,41.7735041],[-87.5763172,41.7735043],[-87.5763182,41.7735046],[-87.5763192,41.7735048],[-87.5763202,41.7735051],[-87.5763212,41.7735054],[-87.5763222,41.7735057],[-87.5763232,41.773506],[-87.5763241,41.7735063],[-87.5763251,41.7735067],[-87.576326,41.773507],[-87.576327,41.7735074],[-87.5763279,41.7735077],[-87.5763288,41.7735081],[-87.5763297,41.7735085],[-87.5763306,41.7735089],[-87.5763315,41.7735093],[-87.5763324,41.7735098],[-87.5763333,41.7735102],[-87.5763341,41.7735107],[-87.576335,41.7735111],[-87.5763358,41.7735116],[-87.5763367,41.7735121],[-87.5763375,41.7735126],[-87.5763383,41.7735131],[-87.5763391,41.7735136],[-87.5763399,41.7735141],[-87.5763407,41.7735147],[-87.5763414,41.7735152],[-87.5763422,41.7735158],[-87.5763429,41.7735163],[-87.5763436,41.7735169],[-87.5763443,41.7735175],[-87.576345,41.7735181],[-87.5763457,41.7735187],[-87.5763463,41.7735193],[-87.576347,41.7735199],[-87.5763476,41.7735206],[-87.5763483,41.7735212],[-87.5763489,41.7735219],[-87.5763494,41.7735225],[-87.57635,41.7735232],[-87.5763506,41.7735238],[-87.5763511,41.7735245],[-87.5763517,41.7735252],[-87.5765623,41.7735777],[-87.5765681,41.7735404],[-87.5765729,41.7735312],[-87.5765796,41.7735226],[-87.576588,41.7735149],[-87.576598,41.7735083],[-87.5766092,41.773503],[-87.5766214,41.7734991],[-87.5767913,41.7734976],[-87.5769611,41.7734942],[-87.5771309,41.7734888],[-87.5773005,41.7734816],[-87.577304,41.7734813],[-87.5773076,41.7734811],[-87.5773111,41.7734809],[-87.5773146,41.7734807],[-87.5773182,41.7734804],[-87.5773217,41.7734802],[-87.5773252,41.77348],[-87.5773287,41.7734798],[-87.5773323,41.7734796],[-87.5773358,41.7734793],[-87.5773393,41.7734791],[-87.5773429,41.7734789],[-87.5773464,41.7734787],[-87.5773499,41.7734785],[-87.5773535,41.7734783],[-87.577357,41.7734781],[-87.5773605,41.7734779],[-87.577364,41.7734776],[-87.5773676,41.7734774],[-87.5773711,41.7734772],[-87.5773746,41.773477],[-87.5773782,41.7734768],[-87.5773817,41.7734766],[-87.5773852,41.7734764],[-87.5773888,41.7734762],[-87.5773923,41.773476],[-87.5773958,41.7734758],[-87.5773994,41.7734756],[-87.5774029,41.7734755],[-87.5774064,41.7734753],[-87.57741,41.7734751],[-87.5774135,41.7734749],[-87.577417,41.7734747],[-87.5774206,41.7734745],[-87.5774241,41.7734743],[-87.5774276,41.7734741],[-87.5774312,41.773474],[-87.5774347,41.7734738],[-87.5774382,41.7734736],[-87.5774418,41.7734734],[-87.5774453,41.7734732],[-87.5774488,41.7734731],[-87.5774524,41.7734729],[-87.5774559,41.7734727],[-87.5774594,41.7734726],[-87.577463,41.7734724],[-87.5774665,41.7734722],[-87.57747,41.773472],[-87.5774736,41.7734719],[-87.5774771,41.7734717],[-87.5774806,41.7734716],[-87.5774842,41.7734714],[-87.5774877,41.7734712],[-87.5774912,41.7734711],[-87.5774948,41.7734709],[-87.5774983,41.7734708],[-87.5775018,41.7734706],[-87.5775054,41.7734705],[-87.5775089,41.7734703],[-87.5775125,41.7734701],[-87.577516,41.77347],[-87.5775195,41.7734699],[-87.5775231,41.7734697],[-87.5775266,41.7734696],[-87.5775301,41.7734694],[-87.5775337,41.7734693],[-87.5775372,41.7734691],[-87.5775407,41.773469],[-87.5775443,41.7734688],[-87.5775478,41.7734687],[-87.5775514,41.7734686],[-87.5775549,41.7734684],[-87.5775584,41.7734683],[-87.577562,41.7734682],[-87.5775655,41.773468],[-87.577569,41.7734679],[-87.5775726,41.7734678],[-87.5775761,41.7734677],[-87.5775797,41.7734675],[-87.5775832,41.7734674],[-87.5775867,41.7734673],[-87.5775903,41.7734672],[-87.5775938,41.773467],[-87.5775973,41.7734669],[-87.5776009,41.7734668],[-87.5776044,41.7734667],[-87.577608,41.7734666],[-87.5776115,41.7734665],[-87.577615,41.7734664],[-87.5776186,41.7734662],[-87.5776221,41.7734661],[-87.5776256,41.773466],[-87.5776292,41.7734659],[-87.5776327,41.7734658],[-87.5776363,41.7734657],[-87.5776398,41.7734656],[-87.5776433,41.7734655],[-87.5776469,41.7734654],[-87.5776504,41.7734653],[-87.577654,41.7734652],[-87.5776575,41.7734651],[-87.577661,41.773465],[-87.5776646,41.7734649],[-87.5776681,41.7734648],[-87.5776717,41.7734647],[-87.5776752,41.7734647],[-87.5776787,41.7734646],[-87.5776823,41.7734645],[-87.5776858,41.7734644],[-87.5776894,41.7734643],[-87.5776929,41.7734642],[-87.5776964,41.7734642],[-87.5777,41.7734641],[-87.5777035,41.773464],[-87.5777071,41.7734639],[-87.5777106,41.7734638],[-87.5777141,41.7734638],[-87.5777177,41.7734637],[-87.5777212,41.7734636],[-87.5777248,41.7734636],[-87.5777283,41.7734635],[-87.5777318,41.7734634],[-87.5777354,41.7734633],[-87.5777389,41.7734633],[-87.5777425,41.7734632],[-87.577746,41.7734632],[-87.5777495,41.7734631],[-87.5777531,41.773463],[-87.5777566,41.773463],[-87.5777602,41.7734629],[-87.5777637,41.7734629],[-87.5777672,41.7734628],[-87.5777708,41.7734628],[-87.5777743,41.7734627],[-87.5777779,41.7734627],[-87.5777814,41.7734626],[-87.5777849,41.7734626],[-87.5777885,41.7734625],[-87.577792,41.7734625],[-87.5777956,41.7734624],[-87.5777991,41.7734624],[-87.5778026,41.7734623],[-87.5778062,41.7734623],[-87.5778097,41.7734623],[-87.5778133,41.7734622],[-87.5778168,41.7734622],[-87.5778204,41.7734622],[-87.5778239,41.7734621],[-87.5778274,41.7734621],[-87.577831,41.7734621],[-87.5778345,41.773462],[-87.5787548,41.7734511],[-87.5790283,41.7734479],[-87.5801481,41.773435],[-87.5814057,41.7734191],[-87.5829625,41.7734018],[-87.584311,41.7733864],[-87.5844359,41.7733844],[-87.5856156,41.7733653],[-87.5856252,41.7733665],[-87.5856343,41.7733691],[-87.5856427,41.7733728],[-87.5856465,41.7733753],[-87.5859255,41.7733886],[-87.5860401,41.7734392],[-87.5860666,41.7740582],[-87.5860694,41.7741306],[-87.5860813,41.7746159],[-87.5860945,41.7750622],[-87.5860908,41.7750699],[-87.5860856,41.7750771],[-87.5860789,41.7750836],[-87.586071,41.7750893],[-87.586062,41.775094],[-87.5860522,41.7750976],[-87.5860418,41.7751001],[-87.586031,41.7751013],[-87.5860303,41.7751013],[-87.5860328,41.7751997],[-87.5860401,41.7751996],[-87.5860866,41.77522],[-87.5860921,41.7752273],[-87.5860957,41.7752351],[-87.5860975,41.7752433],[-87.5861094,41.7757493],[-87.5861171,41.7760799],[-87.5861171,41.7760807],[-87.5861171,41.7760814],[-87.5861171,41.7760821],[-87.5861171,41.7760828],[-87.586117,41.7760836],[-87.586117,41.7760843],[-87.5861169,41.776085],[-87.5861169,41.7760858],[-87.5861168,41.7760865],[-87.5861167,41.7760872],[-87.5861166,41.7760879],[-87.5861165,41.7760887],[-87.5861165,41.7760894],[-87.5861164,41.7760901],[-87.5861162,41.7760909],[-87.5861161,41.7760916],[-87.586116,41.7760923],[-87.5861159,41.776093],[-87.5861157,41.7760937],[-87.5861156,41.7760945],[-87.5861154,41.7760952],[-87.5861153,41.7760959],[-87.5861151,41.7760966],[-87.586115,41.7760974],[-87.5861148,41.7760981],[-87.5861146,41.7760988],[-87.5861144,41.7760995],[-87.5861142,41.7761002],[-87.586114,41.7761009],[-87.5861138,41.7761016],[-87.5861136,41.7761024],[-87.5861133,41.7761031],[-87.5861131,41.7761038],[-87.5861129,41.7761045],[-87.5861126,41.7761052],[-87.5861124,41.7761059],[-87.5861121,41.7761066],[-87.5861118,41.7761073],[-87.5861116,41.776108],[-87.5861113,41.7761087],[-87.586111,41.7761094],[-87.5861107,41.7761101],[-87.5861104,41.7761108],[-87.5861101,41.7761115],[-87.5861098,41.7761122],[-87.5861095,41.7761129],[-87.5861091,41.7761136],[-87.5861088,41.7761142],[-87.5861085,41.7761149],[-87.5861081,41.7761156],[-87.5861078,41.7761163],[-87.5861074,41.776117],[-87.586107,41.7761176],[-87.5861067,41.7761183],[-87.5861063,41.776119],[-87.5861059,41.7761197],[-87.5861055,41.7761203],[-87.5861051,41.776121],[-87.5861047,41.7761217],[-87.5861043,41.7761223],[-87.5861039,41.776123],[-87.5861035,41.7761236],[-87.586103,41.7761243],[-87.5861026,41.776125],[-87.5861084,41.7763399],[-87.5861078,41.7763407],[-87.5861074,41.7763414],[-87.586107,41.7763424],[-87.5861068,41.7763431],[-87.5861084,41.7763399]]],[[[-87.5860091,41.7733926],[-87.5859255,41.7733886],[-87.5859253,41.7733885],[-87.5859893,41.7733875],[-87.5859903,41.7733876],[-87.5859914,41.7733878],[-87.5859924,41.7733879],[-87.5859934,41.7733881],[-87.5859944,41.7733883],[-87.5859955,41.7733885],[-87.5859965,41.7733887],[-87.5859975,41.7733889],[-87.5859985,41.7733891],[-87.5859995,41.7733894],[-87.5860005,41.7733896],[-87.5860015,41.7733899],[-87.5860024,41.7733902],[-87.5860034,41.7733905],[-87.5860044,41.7733908],[-87.5860053,41.7733911],[-87.5860063,41.7733915],[-87.5860072,41.7733918],[-87.5860082,41.7733922],[-87.5860091,41.7733926]]]]}},{"type":"Feature","properties":{"ADDRESS":"7130, 7144-48, S. Jeffery; 7128-7138; 7146-7148 S. Cyril Ave., 1966-1974 E. 71st Pl.","TYPE_MAIN":"2:NR - District","NHL_NR":null,"NOTES":null,"NAME":"Jeffery ¿ Cyril Historic District","TYPE":2},"geometry":{"type":"Polygon","coordinates":[[[-87.5774562,41.7643228],[-87.5774679,41.7652831],[-87.5769514,41.7652867],[-87.576844,41.7652878],[-87.576819,41.765288],[-87.5768183,41.7653486],[-87.5768309,41.765677],[-87.5767155,41.7656784],[-87.5765596,41.7656804],[-87.5762906,41.7656837],[-87.5762841,41.7653842],[-87.5762835,41.7653595],[-87.5762802,41.7652052],[-87.5762767,41.7650711],[-87.5762746,41.7649651],[-87.5762728,41.7648767],[-87.5761521,41.7648804],[-87.5757289,41.764885],[-87.5757289,41.7648847],[-87.5757249,41.7647066],[-87.5757227,41.7646024],[-87.5757189,41.7644323],[-87.5757135,41.7643391],[-87.5758629,41.7643371],[-87.5762611,41.7643307],[-87.5764284,41.764328],[-87.5766467,41.7643268],[-87.5769332,41.7643264],[-87.5771459,41.7643261],[-87.5774469,41.7643229],[-87.5774562,41.7643228]]]}},{"type":"Feature","properties":{"ADDRESS":"Wrightwood, Lakeview, Sheridan, Belmont, Halsted, Wellington, Racine, and George Sts.,South side of Belmont Ave., between Orchard & Halsted Sts.","TYPE_MAIN":"2:NR - District","NHL_NR":null,"NOTES":null,"NAME":"Lakeview Historic District","TYPE":2},"geometry":{"type":"Polygon","coordinates":[[[-87.6395556,41.9401047],[-87.6395552,41.9401041],[-87.6395543,41.9400504],[-87.6395187,41.9392046],[-87.6394885,41.938305],[-87.6394698,41.9377329],[-87.6394528,41.9371929],[-87.6394355,41.9365896],[-87.6394173,41.9360859],[-87.6394002,41.9355977],[-87.6393806,41.9349718],[-87.639357,41.934578],[-87.6393505,41.9344358],[-87.6393466,41.9343487],[-87.6393201,41.9336707],[-87.6393261,41.9329137],[-87.6393943,41.9329124],[-87.6394027,41.9327506],[-87.6393748,41.9319008],[-87.6393569,41.9313551],[-87.6403591,41.9310229],[-87.64009,41.9305769],[-87.6405806,41.9304357],[-87.6415999,41.9301012],[-87.6417695,41.9303893],[-87.6418565,41.930537],[-87.6414689,41.9306642],[-87.6418982,41.9313975],[-87.6419415,41.9314712],[-87.6424537,41.9323468],[-87.6424641,41.9323962],[-87.6427742,41.9323925],[-87.6427805,41.9327539],[-87.6427396,41.9328463],[-87.642765,41.9335736],[-87.6427778,41.9339532],[-87.6434853,41.9339319],[-87.6434717,41.9336008],[-87.643623,41.9335927],[-87.6436422,41.9337934],[-87.6441813,41.933791],[-87.6441812,41.9337779],[-87.6441797,41.9335809],[-87.6446816,41.9335787],[-87.6443565,41.9340982],[-87.6442118,41.9344284],[-87.644226,41.9348779],[-87.6449112,41.934866],[-87.644905,41.9347724],[-87.6448956,41.9344558],[-87.6448958,41.9344436],[-87.6450411,41.9344382],[-87.6451934,41.934435],[-87.6451886,41.9343056],[-87.6452111,41.9342954],[-87.645747,41.9340539],[-87.6458587,41.9340036],[-87.6466324,41.9339734],[-87.6467833,41.9339707],[-87.6471865,41.9339635],[-87.6477117,41.9339542],[-87.6478256,41.9339643],[-87.6484126,41.9339565],[-87.6484327,41.9346264],[-87.6484542,41.9347304],[-87.6485139,41.935029],[-87.6489687,41.9350296],[-87.6489589,41.9345349],[-87.6496958,41.9345354],[-87.6508342,41.9345139],[-87.6514999,41.9344975],[-87.6515159,41.9349568],[-87.6523014,41.9349417],[-87.6533278,41.9349339],[-87.6533265,41.9348943],[-87.6539369,41.9348826],[-87.6539339,41.9347951],[-87.6540574,41.9347959],[-87.6545362,41.934797],[-87.65454,41.9348993],[-87.6556896,41.9348759],[-87.6557711,41.9348638],[-87.6557711,41.9348961],[-87.6560449,41.9348965],[-87.6560427,41.9348585],[-87.656244,41.9348519],[-87.656366,41.9348683],[-87.6581967,41.934837],[-87.6582236,41.9362088],[-87.6564147,41.9362369],[-87.6521479,41.93631],[-87.6515581,41.9363222],[-87.651012,41.9363334],[-87.6503525,41.9363546],[-87.650355,41.9364313],[-87.6503648,41.9367356],[-87.6503755,41.9370729],[-87.6497974,41.9370839],[-87.6497966,41.9370721],[-87.6497514,41.9363602],[-87.6491427,41.9363817],[-87.6470602,41.9364546],[-87.6470693,41.9365621],[-87.6470823,41.9368923],[-87.6472601,41.93728],[-87.6479137,41.9373014],[-87.6480141,41.9373558],[-87.6482429,41.9376518],[-87.648252,41.9378512],[-87.6492022,41.9378268],[-87.6492179,41.938166],[-87.6492386,41.9390632],[-87.6492684,41.9399837],[-87.6479008,41.9400036],[-87.6450198,41.940034],[-87.6431409,41.9400691],[-87.6422617,41.9400814],[-87.6409296,41.9400992],[-87.6395556,41.9401047]]]}},{"type":"Feature","properties":{"ADDRESS":"6337 N. Hermitage Ave","TYPE_MAIN":"1: NR - Individual Property","NHL_NR":null,"NOTES":null,"NAME":"Theodor Rozek House","TYPE":1},"geometry":{"type":"Polygon","coordinates":[[[-87.6733438,41.9967254],[-87.6727484,41.9967366],[-87.6727451,41.9966276],[-87.6733474,41.9966164],[-87.6733505,41.9967248],[-87.6733438,41.9967254]]]}},{"type":"Feature","properties":{"ADDRESS":"E. Roosevelt Rd. at S. Lake Shore Dr.","TYPE_MAIN":"1: NR - Individual Property","NHL_NR":null,"NOTES":null,"NAME":"Field Museum of Natural History","TYPE":1},"geometry":{"type":"MultiPolygon","coordinates":[[[[-87.6145344,41.86671],[-87.6144145,41.8665837],[-87.6143114,41.8664578],[-87.6142122,41.8663137],[-87.6141351,41.8661796],[-87.6141377,41.8661458],[-87.6141195,41.8657499],[-87.6141013,41.8656426],[-87.6140908,41.8655347],[-87.6140881,41.8654265],[-87.6140921,41.8653332],[-87.6141137,41.8652998],[-87.6141424,41.8652695],[-87.6141773,41.8652432],[-87.6142176,41.8652215],[-87.6148865,41.8652066],[-87.6150137,41.8652038],[-87.615415,41.8651948],[-87.6154133,41.8653464],[-87.6175617,41.8653075],[-87.6186259,41.8652882],[-87.618627,41.8651904],[-87.6186407,41.8651754],[-87.6186577,41.8651624],[-87.6186774,41.8651518],[-87.6186992,41.8651439],[-87.6187226,41.8651389],[-87.6187467,41.865137],[-87.618771,41.8651382],[-87.6187945,41.8651426],[-87.6188168,41.8651499],[-87.618837,41.8651599],[-87.6188546,41.8651724],[-87.6188691,41.865187],[-87.6190186,41.8658529],[-87.6190452,41.8659358],[-87.6190658,41.8660196],[-87.6190802,41.866104],[-87.6190886,41.866189],[-87.6190907,41.8662742],[-87.6190861,41.8663663],[-87.6190742,41.8664581],[-87.6190551,41.8665492],[-87.619029,41.8666393],[-87.6189958,41.8667281],[-87.6190338,41.8666683],[-87.6190684,41.8666075],[-87.6190386,41.8667173],[-87.6190016,41.8668259],[-87.6189573,41.866933],[-87.6189059,41.8670383],[-87.6188475,41.8671415],[-87.6187823,41.8672425],[-87.6187104,41.8673408],[-87.618632,41.8674364],[-87.6185566,41.8675159],[-87.6184834,41.8675965],[-87.6184833,41.8675966],[-87.6184379,41.8675972],[-87.61761,41.8676075],[-87.6170494,41.8676146],[-87.6157323,41.8676311],[-87.6148084,41.8669421],[-87.6146659,41.8668296],[-87.6145344,41.86671]]],[[[-87.6196301,41.8662189],[-87.6200183,41.8670434],[-87.6200474,41.8670771],[-87.6200683,41.8671141],[-87.6200806,41.8671532],[-87.6200839,41.8671893],[-87.6200794,41.8672273],[-87.6200667,41.8672642],[-87.6200463,41.8672991],[-87.6200186,41.8673311],[-87.6199843,41.8673593],[-87.6199445,41.8673831],[-87.6199,41.8674017],[-87.6198845,41.8674067],[-87.6198574,41.8674137],[-87.6198297,41.8674188],[-87.6196736,41.8674178],[-87.6196286,41.8674242],[-87.6195829,41.8674251],[-87.6195376,41.8674202],[-87.619493,41.8674096],[-87.6194514,41.8673935],[-87.6194141,41.8673724],[-87.6193821,41.8673468],[-87.6193563,41.8673177],[-87.6193374,41.8672856],[-87.619326,41.8672517],[-87.6193224,41.8672168],[-87.619325,41.8671906],[-87.6193319,41.8671648],[-87.6193432,41.8671399],[-87.6194029,41.867029],[-87.619456,41.8669162],[-87.6195024,41.8668017],[-87.6195419,41.8666858],[-87.6195742,41.8665702],[-87.6195997,41.8664538],[-87.6196184,41.8663366],[-87.6196301,41.8662189]]]]}},{"type":"Feature","properties":{"ADDRESS":"636 S Michigan Ave","TYPE_MAIN":"1: NR - Individual Property","NHL_NR":null,"NOTES":null,"NAME":"Blackstone Hotel","TYPE":1},"geometry":{"type":"Polygon","coordinates":[[[-87.6250897,41.8732354],[-87.6250949,41.8734543],[-87.6244604,41.8734667],[-87.6244552,41.8732494],[-87.6250897,41.8732354]]]}},{"type":"Feature","properties":{"ADDRESS":"2433 N Lincoln Av","TYPE_MAIN":"1: NR - Individual Property","NHL_NR":null,"NOTES":null,"NAME":"Biograph Theater","TYPE":1},"geometry":{"type":"Polygon","coordinates":[[[-87.6499434,41.9264214],[-87.6500768,41.9265167],[-87.6497753,41.9267632],[-87.649642,41.9266679],[-87.6495086,41.9265726],[-87.6494416,41.9265248],[-87.6497431,41.9262782],[-87.64981,41.9263261],[-87.6499434,41.9264214]]]}},{"type":"Feature","properties":{"ADDRESS":"120 E. Bellevue Pl.","TYPE_MAIN":"1: NR - Individual Property","NHL_NR":null,"NOTES":null,"NAME":"Bryan Lathrop House","TYPE":1},"geometry":{"type":"Polygon","coordinates":[[[-87.6250541,41.9017235],[-87.6251198,41.9017225],[-87.6251855,41.9017215],[-87.6251856,41.9017246],[-87.6251952,41.9020438],[-87.6251297,41.9020449],[-87.625064,41.902046],[-87.6249982,41.9020471],[-87.6249968,41.9020008],[-87.6249339,41.9020019],[-87.6249322,41.9019434],[-87.6249255,41.9017255],[-87.6249884,41.9017246],[-87.6250541,41.9017235]]]}},{"type":"Feature","properties":{"ADDRESS":"1 S State St","TYPE_MAIN":"3: (National Historic Landmark) - Individual Property","NHL_NR":"NHL","NOTES":null,"NAME":"Carson Pirie Scott & Company Building","TYPE":3},"geometry":{"type":"Polygon","coordinates":[[[-87.6275876,41.8819538],[-87.6263576,41.8819736],[-87.6263524,41.8817562],[-87.6270172,41.8817456],[-87.6270118,41.8815223],[-87.6263471,41.881533],[-87.6263317,41.8808822],[-87.6269612,41.8808716],[-87.6270309,41.8808705],[-87.6272152,41.8808673],[-87.6272537,41.8808667],[-87.6272567,41.8809931],[-87.6275643,41.8809882],[-87.6275876,41.8819538]]]}},{"type":"Feature","properties":{"ADDRESS":"63 E Adams","TYPE_MAIN":"1: NR - Individual Property","NHL_NR":null,"NOTES":null,"NAME":"Chapin and Gore Building","TYPE":1},"geometry":{"type":"Polygon","coordinates":[[[-87.6255924,41.8791966],[-87.625692,41.8791946],[-87.6256926,41.8792153],[-87.6259247,41.8792107],[-87.6259248,41.8792128],[-87.6259301,41.8794343],[-87.6253025,41.8794465],[-87.6252972,41.8792251],[-87.625593,41.8792193],[-87.6255924,41.8791966]]]}},{"type":"Feature","properties":{"ADDRESS":"3926 N Keeler","TYPE_MAIN":"1: NR - Individual Property","NHL_NR":null,"NOTES":null,"NAME":"Charles N. Loucks House","TYPE":1},"geometry":{"type":"Polygon","coordinates":[[[-87.7325905,41.9525592],[-87.7325892,41.952518],[-87.7331629,41.9525108],[-87.7331641,41.9525521],[-87.7331683,41.9526892],[-87.7325946,41.9526963],[-87.7325905,41.9525592]]]}},{"type":"Feature","properties":{"ADDRESS":"211 N Clinton St","TYPE_MAIN":"1: NR - Individual Property","NHL_NR":null,"NOTES":null,"NAME":"Chicago & North Western Railway Powerhouse","TYPE":1},"geometry":{"type":"MultiPolygon","coordinates":[[[[-87.6411833,41.8865689],[-87.6410582,41.8864776],[-87.6407603,41.8862601],[-87.6406206,41.8861581],[-87.6405529,41.8861087],[-87.6405178,41.8860831],[-87.640543,41.8860777],[-87.6405688,41.8860745],[-87.640595,41.8860738],[-87.6406582,41.8860727],[-87.6406565,41.8860137],[-87.6406714,41.8860135],[-87.6406659,41.8858239],[-87.6411617,41.8858229],[-87.641168,41.886041],[-87.6411743,41.8862592],[-87.6411806,41.8864774],[-87.6411833,41.8865689]]],[[[-87.641003,41.8867059],[-87.6406339,41.8867068],[-87.6406274,41.8864835],[-87.6406258,41.8864305],[-87.6406982,41.8864833],[-87.641003,41.8867059]]]]}},{"type":"Feature","properties":{"ADDRESS":"7 W Madison St","TYPE_MAIN":"1: NR - Individual Property","NHL_NR":null,"NOTES":null,"NAME":"Chicago Savings Bank Building (Chicago Building)","TYPE":1},"geometry":{"type":"Polygon","coordinates":[[[-87.6279524,41.8818522],[-87.6279509,41.8817865],[-87.6283919,41.881781],[-87.6283935,41.8818467],[-87.6283951,41.8819126],[-87.627954,41.8819182],[-87.6279524,41.8818522]]]}},{"type":"Feature","properties":{"ADDRESS":"S End of the North Breakwater,N side of Harbor Ent","TYPE_MAIN":"1: NR - Individual Property","NHL_NR":null,"NOTES":null,"NAME":"Chicago Harbor Lighthouse","TYPE":1},"geometry":{"type":"Polygon","coordinates":[[[-87.5904587,41.8893532],[-87.5903585,41.8893526],[-87.5903587,41.889329],[-87.5903587,41.889298],[-87.5903594,41.8892749],[-87.5903597,41.8892472],[-87.59036,41.8892217],[-87.5903603,41.8891934],[-87.5903944,41.8891937],[-87.5904606,41.8891941],[-87.5904602,41.8892262],[-87.5904598,41.889263],[-87.5904593,41.8892978],[-87.590459,41.8893269],[-87.5904587,41.8893532]]]}},{"type":"Feature","properties":{"ADDRESS":"78 E Washington St","TYPE_MAIN":"1: NR - Individual Property","NHL_NR":null,"NOTES":null,"NAME":"Chicago Public Library, Central Building","TYPE":1},"geometry":{"type":"Polygon","coordinates":[[[-87.6252816,41.8833339],[-87.6253021,41.8843936],[-87.6247111,41.8843962],[-87.6246888,41.883336],[-87.6252816,41.8833339]]]}},{"type":"Feature","properties":{"ADDRESS":"175 N State St","TYPE_MAIN":"1: NR - Individual Property","NHL_NR":null,"NOTES":null,"NAME":"Balaban & Katz Chicago Theater","TYPE":1},"geometry":{"type":"Polygon","coordinates":[[[-87.6272034,41.885176],[-87.6272872,41.8851755],[-87.6273709,41.8851751],[-87.6274547,41.8851747],[-87.6275384,41.8851742],[-87.6276222,41.8851738],[-87.627706,41.8851733],[-87.6277109,41.8853379],[-87.6276272,41.8853384],[-87.6275434,41.8853388],[-87.6274596,41.8853393],[-87.6274687,41.8856395],[-87.627385,41.8856399],[-87.6273013,41.8856403],[-87.6272175,41.8856408],[-87.6271337,41.8856412],[-87.62705,41.8856415],[-87.6269663,41.885642],[-87.6268825,41.8856424],[-87.6268685,41.8851778],[-87.6269523,41.8851773],[-87.6270359,41.8851769],[-87.6271197,41.8851764],[-87.6272034,41.885176]]]}},{"type":"Feature","properties":{"ADDRESS":"33 W Kinzie St","TYPE_MAIN":"1: NR - Individual Property","NHL_NR":null,"NOTES":null,"NAME":"Chicago Varnish Company Building","TYPE":1},"geometry":{"type":"Polygon","coordinates":[[[-87.6293444,41.8888668],[-87.6294281,41.8888656],[-87.6294348,41.8891235],[-87.6293512,41.8891247],[-87.629268,41.8891258],[-87.6292612,41.8888679],[-87.6293444,41.8888668]]]}},{"type":"Feature","properties":{"ADDRESS":"208 South LaSalle St","TYPE_MAIN":"1: NR - Individual Property","NHL_NR":null,"NOTES":null,"NAME":"Continental and Commercial National Bank","TYPE":1},"geometry":{"type":"Polygon","coordinates":[[[-87.6326313,41.8788573],[-87.6328142,41.878855],[-87.6329973,41.8788528],[-87.6331803,41.8788505],[-87.6336,41.8788453],[-87.633604,41.8789962],[-87.633608,41.8791471],[-87.633612,41.879298],[-87.6331923,41.8793032],[-87.6330094,41.8793054],[-87.6328262,41.8793077],[-87.6326433,41.8793099],[-87.6324602,41.8793122],[-87.6324237,41.8793127],[-87.6324116,41.87886],[-87.6324482,41.8788596],[-87.6326313,41.8788573]]]}},{"type":"Feature","properties":{"ADDRESS":"54 W Hubbard St","TYPE_MAIN":"1: NR - Individual Property","NHL_NR":null,"NOTES":null,"NAME":"Cook County Criminal Court Building","TYPE":1},"geometry":{"type":"Polygon","coordinates":[[[-87.6297552,41.8901388],[-87.6301224,41.890134],[-87.6305015,41.890129],[-87.6305092,41.8904028],[-87.6301295,41.8904081],[-87.6297624,41.8904132],[-87.6297623,41.8904074],[-87.6297605,41.8903409],[-87.6297587,41.8902745],[-87.629757,41.8902081],[-87.6297552,41.8901388]]]}},{"type":"Feature","properties":{"ADDRESS":"3360 S State St","TYPE_MAIN":"3: (National Historic Landmark) - Individual Property","NHL_NR":"NHL","NOTES":null,"NAME":"S. R. Crown Hall","TYPE":3},"geometry":{"type":"Polygon","coordinates":[[[-87.6277643,41.8329153],[-87.6277806,41.833558],[-87.6272929,41.8335663],[-87.6268048,41.8335748],[-87.6267911,41.8329321],[-87.6277643,41.8329153]]]}},{"type":"Feature","properties":{"ADDRESS":"47 W Polk St","TYPE_MAIN":"1: NR - Individual Property","NHL_NR":null,"NOTES":null,"NAME":"Dearborn  Station","TYPE":1},"geometry":{"type":"Polygon","coordinates":[[[-87.6287034,41.8713309],[-87.6294846,41.8713215],[-87.6295067,41.8721502],[-87.628725,41.8721595],[-87.6287034,41.8713309]]]}},{"type":"Feature","properties":{"ADDRESS":"36 W Randolph St","TYPE_MAIN":"1: NR - Individual Property","NHL_NR":null,"NOTES":null,"NAME":"Delaware Building (Bryant Block)","TYPE":1},"geometry":{"type":"Polygon","coordinates":[[[-87.6292393,41.8845901],[-87.629254,41.88459],[-87.6292731,41.8845901],[-87.6292854,41.88459],[-87.6292961,41.8845928],[-87.6293009,41.8845943],[-87.6293041,41.8845952],[-87.6293046,41.8845954],[-87.6293055,41.8845957],[-87.6293059,41.8845959],[-87.6293128,41.8845998],[-87.6293201,41.8846054],[-87.6293238,41.8846101],[-87.629324,41.8846104],[-87.6293245,41.8846109],[-87.6293247,41.8846112],[-87.629325,41.8846116],[-87.6293253,41.8846119],[-87.6293255,41.8846123],[-87.6293291,41.8846191],[-87.6293308,41.8846274],[-87.6293307,41.8846343],[-87.6293288,41.8846411],[-87.629329,41.8847331],[-87.6293291,41.8847824],[-87.6291967,41.8847809],[-87.6291592,41.8847805],[-87.6290611,41.8847794],[-87.6290558,41.8845915],[-87.6291681,41.8845906],[-87.629201,41.8845902],[-87.6292393,41.8845901]]]}},{"type":"Feature","properties":{"ADDRESS":"7415 N Sheridan Road","TYPE_MAIN":"1: NR - Individual Property","NHL_NR":null,"NOTES":null,"NAME":"Emil Bach House","TYPE":1},"geometry":{"type":"Polygon","coordinates":[[[-87.6645193,42.0166546],[-87.6644751,42.0165072],[-87.6650272,42.0164978],[-87.6650715,42.0166451],[-87.6650755,42.0166586],[-87.6645234,42.016668],[-87.6645193,42.0166546]]]}},{"type":"Feature","properties":{"ADDRESS":"410-418 S. Michigan Ave.","TYPE_MAIN":"1: NR - Individual Property","NHL_NR":null,"NOTES":null,"NAME":"Studebaker Building (Fine Arts Building)","TYPE":1},"geometry":{"type":"Polygon","coordinates":[[[-87.6251585,41.876389],[-87.6251602,41.8764623],[-87.6251621,41.8765363],[-87.6251638,41.8766098],[-87.6245356,41.8766215],[-87.6245338,41.876548],[-87.6245321,41.8764741],[-87.6245303,41.8764007],[-87.6245286,41.876327],[-87.6251567,41.8763153],[-87.6251585,41.876389]]]}},{"type":"Feature","properties":{"ADDRESS":"343 S Dearborn St","TYPE_MAIN":"1: NR - Individual Property","NHL_NR":null,"NOTES":null,"NAME":"Fisher Building","TYPE":1},"geometry":{"type":"Polygon","coordinates":[[[-87.6291258,41.8774033],[-87.6288668,41.8774072],[-87.628864,41.8772687],[-87.6288613,41.8771395],[-87.6288582,41.8769929],[-87.6291148,41.8769899],[-87.6291187,41.8771357],[-87.6291221,41.877265],[-87.6291258,41.8774033]]]}},{"type":"Feature","properties":{"ADDRESS":"632 N Dearborn St","TYPE_MAIN":"1: NR - Individual Property","NHL_NR":null,"NOTES":null,"NAME":"Old Chicago Historical Society Building","TYPE":1},"geometry":{"type":"Polygon","coordinates":[[[-87.6301328,41.8933444],[-87.6302797,41.8933422],[-87.630287,41.8936166],[-87.6302876,41.8936415],[-87.6301407,41.8936435],[-87.6299938,41.8936455],[-87.629847,41.8936475],[-87.6298392,41.893349],[-87.6299859,41.8933467],[-87.6301328,41.8933444]]]}},{"type":"Feature","properties":{"ADDRESS":"503 W Wrightwood Av","TYPE_MAIN":"1: NR - Individual Property","NHL_NR":null,"NOTES":null,"NAME":"Francis J. Dewes House","TYPE":1},"geometry":{"type":"Polygon","coordinates":[[[-87.6415109,41.9301627],[-87.6416123,41.9301302],[-87.6418072,41.9304642],[-87.6417059,41.9304968],[-87.6415363,41.9305515],[-87.6413412,41.9302171],[-87.6415109,41.9301627]]]}},{"type":"Feature","properties":{"ADDRESS":"5757 S Woodlawn Av","TYPE_MAIN":"3: (National Historic Landmark) - Individual Property","NHL_NR":"NHL","NOTES":null,"NAME":"Frederick C. Robie House NHL","TYPE":3},"geometry":{"type":"Polygon","coordinates":[[[-87.5956388,41.789858],[-87.5956357,41.7897208],[-87.5962954,41.789714],[-87.5962986,41.7898512],[-87.5963016,41.7899826],[-87.5963048,41.79012],[-87.595645,41.7901265],[-87.5956419,41.7899894],[-87.5956388,41.789858]]]}},{"type":"Feature","properties":{"ADDRESS":"18,24, and 30 S Michigan Av","TYPE_MAIN":"1: NR - Individual Property","NHL_NR":null,"NOTES":null,"NAME":"Gage Group (Ascher, Keith and Gage Buildings)","TYPE":1},"geometry":{"type":"Polygon","coordinates":[[[-87.6253179,41.8815496],[-87.6252848,41.8815501],[-87.6246535,41.8815604],[-87.6246424,41.8810979],[-87.6253069,41.8810873],[-87.6253074,41.881107],[-87.6253098,41.8812084],[-87.6253126,41.8813273],[-87.6253138,41.8813791],[-87.6253152,41.8814385],[-87.6253179,41.8815496]]]}},{"type":"Feature","properties":{"ADDRESS":"5917-5921 N Magnolia Av","TYPE_MAIN":"1: NR - Individual Property","NHL_NR":null,"NOTES":null,"NAME":"John Gauler Houses","TYPE":1},"geometry":{"type":"Polygon","coordinates":[[[-87.661417,41.9895631],[-87.6614238,41.9897537],[-87.6609667,41.9897593],[-87.6609599,41.9895687],[-87.661417,41.9895631]]]}},{"type":"Feature","properties":{"ADDRESS":"N. Clark St. and W. Irving Park Rd.","TYPE_MAIN":"1: NR - Individual Property","NHL_NR":null,"NOTES":null,"NAME":"Getty Tomb at Graceland Cemetery","TYPE":1},"geometry":{"type":"Polygon","coordinates":[[[-87.6612336,41.961171],[-87.6612647,41.9611892],[-87.6613073,41.9612151],[-87.661357,41.9612386],[-87.6613663,41.9612445],[-87.6613724,41.9612527],[-87.6613692,41.9612597],[-87.6613645,41.9612614],[-87.6613513,41.9612642],[-87.6611315,41.9613136],[-87.661083,41.9613267],[-87.6610752,41.9613278],[-87.6610666,41.9613272],[-87.6610597,41.9613213],[-87.6610597,41.9613167],[-87.6610637,41.9613039],[-87.6610726,41.9612795],[-87.6610894,41.9612388],[-87.6611064,41.9611807],[-87.6611188,41.9611161],[-87.6611235,41.9611121],[-87.6611305,41.9611092],[-87.6611407,41.9611075],[-87.6611469,41.9611087],[-87.6612336,41.961171]]]}},{"type":"Feature","properties":{"ADDRESS":"3806 S. Michigan Avenue","TYPE_MAIN":"1: NR - Individual Property","NHL_NR":null,"NOTES":null,"NAME":"John W. Griffiths Mansion","TYPE":1},"geometry":{"type":"Polygon","coordinates":[[[-87.6240356,41.825331],[-87.6232984,41.8253391],[-87.6232966,41.8252705],[-87.6232949,41.8252019],[-87.6237781,41.8251966],[-87.6240322,41.8251939],[-87.6240322,41.8251939],[-87.6240339,41.8252624],[-87.6240356,41.825331]]]}},{"type":"Feature","properties":{"ADDRESS":"1855 S Indiana Av","TYPE_MAIN":"1: NR - Individual Property","NHL_NR":null,"NOTES":null,"NAME":"Henry B Clarke House","TYPE":1},"geometry":{"type":"Polygon","coordinates":[[[-87.6219621,41.8569983],[-87.6219642,41.8571341],[-87.6218046,41.8571345],[-87.6218049,41.8571071],[-87.6217663,41.8571068],[-87.6217654,41.8570286],[-87.6218039,41.8570275],[-87.6218024,41.857],[-87.6219621,41.8569983]]]}},{"type":"Feature","properties":{"ADDRESS":"1117-1127 N. Leavitt","TYPE_MAIN":"1: NR - Individual Property","NHL_NR":null,"NOTES":null,"NAME":"HolyTrinity Russian Orthodox Cathedral & Rectory","TYPE":1},"geometry":{"type":"Polygon","coordinates":[[[-87.6816095,41.9018049],[-87.6819897,41.9017981],[-87.6819915,41.9018666],[-87.6819933,41.9019352],[-87.6819951,41.9020037],[-87.6819973,41.902082],[-87.6816172,41.9020888],[-87.6815878,41.9020893],[-87.6815801,41.9018054],[-87.6816095,41.9018049]]]}},{"type":"Feature","properties":{"ADDRESS":"1200 N. Ashland Ave","TYPE_MAIN":"1: NR - Individual Property","NHL_NR":null,"NOTES":null,"NAME":"Home Bank and Trust Company","TYPE":1},"geometry":{"type":"Polygon","coordinates":[[[-87.6679038,41.9034798],[-87.6679956,41.9034782],[-87.6680874,41.9034767],[-87.6681792,41.9034751],[-87.6681887,41.9037495],[-87.6680968,41.903751],[-87.668005,41.9037527],[-87.6679463,41.9037536],[-87.6679129,41.9037467],[-87.6678205,41.9037275],[-87.6677262,41.9037079],[-87.6677202,41.9034829],[-87.667812,41.9034813],[-87.6679038,41.9034798]]]}},{"type":"Feature","properties":{"ADDRESS":"40, 42, 50, E. Chicago Ave. and 801 N. Wabash","TYPE_MAIN":"1: NR - Individual Property","NHL_NR":null,"NOTES":null,"NAME":"Hotel St. Benedict Flats","TYPE":1},"geometry":{"type":"Polygon","coordinates":[[[-87.6262645,41.8968434],[-87.6264046,41.8968413],[-87.6267257,41.8968367],[-87.6267369,41.8971302],[-87.6263905,41.8971352],[-87.6263379,41.897136],[-87.6263268,41.8970859],[-87.6262708,41.8970867],[-87.6261309,41.8970888],[-87.6261299,41.8970506],[-87.6261246,41.8968453],[-87.6262645,41.8968434]]]}},{"type":"Feature","properties":{"ADDRESS":"3624 S Dr Martin Luther King Jr Dr","TYPE_MAIN":"3: (National Historic Landmark) - Individual Property","NHL_NR":"NHL","NOTES":null,"NAME":"Ida B. Wells-Barnett House","TYPE":3},"geometry":{"type":"Polygon","coordinates":[[[-87.617967,41.8285482],[-87.6180074,41.8285477],[-87.6180088,41.82863],[-87.6179685,41.8286305],[-87.6174568,41.8286363],[-87.6174552,41.828554],[-87.617967,41.8285482]]]}},{"type":"Feature","properties":{"ADDRESS":"30 W Monore St","TYPE_MAIN":"1: NR - Individual Property","NHL_NR":null,"NOTES":null,"NAME":"Inland Steel Building","TYPE":1},"geometry":{"type":"Polygon","coordinates":[[[-87.6287809,41.8810102],[-87.6287792,41.8809445],[-87.6287774,41.8808786],[-87.6287757,41.8808125],[-87.6292167,41.8808072],[-87.6292185,41.8808731],[-87.6292202,41.8809389],[-87.6292219,41.8810047],[-87.6292237,41.8810706],[-87.6292255,41.8811365],[-87.6292273,41.8812023],[-87.629229,41.8812681],[-87.6292307,41.881334],[-87.6287897,41.8813395],[-87.6287879,41.8812737],[-87.6287862,41.8812079],[-87.6287845,41.881142],[-87.6287827,41.8810762],[-87.6287809,41.8810102]]]}},{"type":"Feature","properties":{"ADDRESS":"5132 S Woodlawn Av","TYPE_MAIN":"3: (National Historic Landmark) - Individual Property","NHL_NR":"NHL","NOTES":null,"NAME":"Isidore H. Heller House","TYPE":3},"geometry":{"type":"Polygon","coordinates":[[[-87.5968123,41.8014458],[-87.5968091,41.8013086],[-87.5974097,41.8013023],[-87.5974127,41.8014395],[-87.5974141,41.801508],[-87.5968138,41.8015144],[-87.5968123,41.8014458]]]}},{"type":"Feature","properties":{"ADDRESS":"1365 N Astor st","TYPE_MAIN":"3: (National Historic Landmark) - Individual Property","NHL_NR":"NHL","NOTES":null,"NAME":"James Charnley House","TYPE":3},"geometry":{"type":"Polygon","coordinates":[[[-87.6275951,41.9077602],[-87.6275033,41.9077618],[-87.6274115,41.9077633],[-87.6273606,41.9075358],[-87.6274523,41.9075343],[-87.6275441,41.9075327],[-87.6275951,41.9077602]]]}},{"type":"Feature","properties":{"ADDRESS":"800 S Halsted St","TYPE_MAIN":"3: (National Historic Landmark) - Individual Property","NHL_NR":"NHL","NOTES":null,"NAME":"Jane Addams¿ Hull House","TYPE":3},"geometry":{"type":"Polygon","coordinates":[[[-87.6471612,41.871335],[-87.6471584,41.8712416],[-87.6471559,41.8711592],[-87.6476331,41.8711485],[-87.6481333,41.8711372],[-87.6498711,41.8710981],[-87.6491781,41.8719121],[-87.6481575,41.8719299],[-87.6471798,41.871947],[-87.6471771,41.8718564],[-87.6471751,41.8717913],[-87.6471732,41.8717261],[-87.6471711,41.8716609],[-87.6471692,41.8715957],[-87.6471672,41.8715305],[-87.6471652,41.8714654],[-87.6471632,41.8714002],[-87.6471612,41.871335]]]}},{"type":"Feature","properties":{"ADDRESS":"3500 W Douglas Blvd","TYPE_MAIN":"1: NR - Individual Property","NHL_NR":null,"NOTES":null,"NAME":"Jewish People's Institute","TYPE":1},"geometry":{"type":"Polygon","coordinates":[[[-87.7132687,41.8629989],[-87.7133605,41.8629978],[-87.7134522,41.8629968],[-87.713544,41.8629958],[-87.7136358,41.8629947],[-87.7137276,41.8629937],[-87.713743,41.8635093],[-87.7136512,41.8635103],[-87.7135594,41.8635114],[-87.7134676,41.8635125],[-87.7133758,41.8635135],[-87.713284,41.8635146],[-87.7131922,41.8635156],[-87.7131005,41.8635167],[-87.7130183,41.8635177],[-87.7130029,41.8630018],[-87.7130852,41.8630009],[-87.713177,41.8629999],[-87.7132687,41.8629989]]]}},{"type":"Feature","properties":{"ADDRESS":"1800 S Prairie Av","TYPE_MAIN":"3: (National Historic Landmark) - Individual Property","NHL_NR":"NHL","NOTES":null,"NAME":"John J. Glessner House","TYPE":3},"geometry":{"type":"Polygon","coordinates":[[[-87.620886,41.8576276],[-87.621531,41.8576188],[-87.6215321,41.857668],[-87.6215338,41.8577449],[-87.6215355,41.8578216],[-87.6208902,41.8578305],[-87.6208886,41.8577537],[-87.620887,41.8576769],[-87.620886,41.8576276]]]}},{"type":"Feature","properties":{"ADDRESS":"3234 W. Washington Blvd.","TYPE_MAIN":"1: NR - Individual Property","NHL_NR":null,"NOTES":null,"NAME":"Patrick J. King House (aka King-Nash)","TYPE":1},"geometry":{"type":"Polygon","coordinates":[[[-87.7075418,41.8829165],[-87.7076322,41.8829155],[-87.7077241,41.8829145],[-87.7077325,41.8831923],[-87.7076408,41.8831933],[-87.7075502,41.8831943],[-87.7074655,41.8831952],[-87.7074579,41.8829174],[-87.7075418,41.8829165]]]}},{"type":"Feature","properties":{"ADDRESS":"4611 N Lincoln Av","TYPE_MAIN":"1: NR - Individual Property","NHL_NR":null,"NOTES":null,"NAME":"Krause Music Store","TYPE":1},"geometry":{"type":"Polygon","coordinates":[[[-87.6857829,41.9653773],[-87.6861986,41.9652334],[-87.6862387,41.965295],[-87.685823,41.9654389],[-87.6857829,41.9653773]]]}},{"type":"Feature","properties":{"ADDRESS":"NE corner of S. State and E. Congress Sts.","TYPE_MAIN":"3: (National Historic Landmark) - Individual Property","NHL_NR":"NHL","NOTES":null,"NAME":"Leiter II Building","TYPE":3},"geometry":{"type":"Polygon","coordinates":[[[-87.6269154,41.8760981],[-87.6269127,41.8759879],[-87.6269101,41.8758775],[-87.6269085,41.8758126],[-87.6274395,41.8758027],[-87.6274411,41.8758675],[-87.6274437,41.8759779],[-87.6274464,41.8760883],[-87.627449,41.8761987],[-87.6274516,41.876309],[-87.6274543,41.8764194],[-87.6274649,41.8768615],[-87.6271954,41.8768665],[-87.6271142,41.876868],[-87.626934,41.8768714],[-87.6269267,41.8765679],[-87.6269233,41.8764293],[-87.6269207,41.876319],[-87.626918,41.8762087],[-87.6269154,41.8760981]]]}},{"type":"Feature","properties":{"ADDRESS":"1104 S Wabash Av","TYPE_MAIN":"1: NR - Individual Property","NHL_NR":null,"NOTES":null,"NAME":"Ludington Building","TYPE":1},"geometry":{"type":"Polygon","coordinates":[[[-87.626049,41.8689577],[-87.6260464,41.8688479],[-87.626656,41.8688346],[-87.6266584,41.8689444],[-87.6266609,41.8690541],[-87.6266633,41.8691639],[-87.6260542,41.8691771],[-87.6260516,41.8690674],[-87.626049,41.8689577]]]}},{"type":"Feature","properties":{"ADDRESS":"431 S Dearborn St","TYPE_MAIN":"1: NR - Individual Property","NHL_NR":null,"NOTES":null,"NAME":"Manhattan Building","TYPE":1},"geometry":{"type":"Polygon","coordinates":[[[-87.6288346,41.8758635],[-87.6290846,41.8758605],[-87.6290883,41.8759956],[-87.6290918,41.876131],[-87.6290955,41.8762673],[-87.628843,41.8762703],[-87.6288402,41.8761339],[-87.6288374,41.8759985],[-87.6288346,41.8758635]]]}},{"type":"Feature","properties":{"ADDRESS":"140 S Dearborn St","TYPE_MAIN":"3: (National Historic Landmark) - Individual Property","NHL_NR":"NHL","NOTES":null,"NAME":"Marquette Building","TYPE":3},"geometry":{"type":"Polygon","coordinates":[[[-87.630004,41.8800437],[-87.6294903,41.88005],[-87.6294764,41.8795301],[-87.6298944,41.879525],[-87.6299898,41.8795238],[-87.6299963,41.8797618],[-87.6299973,41.8797982],[-87.630004,41.8800437]]]}},{"type":"Feature","properties":{"ADDRESS":"111 N State St","TYPE_MAIN":"3: (National Historic Landmark) - Individual Property","NHL_NR":"NHL","NOTES":null,"NAME":"Marshall Field Company Store","TYPE":3},"geometry":{"type":"Polygon","coordinates":[[[-87.6276822,41.8843832],[-87.6271271,41.8843856],[-87.6270537,41.884386],[-87.6269802,41.8843863],[-87.626885,41.8843867],[-87.6267931,41.8843871],[-87.6267011,41.8843875],[-87.6266092,41.8843879],[-87.6265172,41.8843883],[-87.6264252,41.8843887],[-87.6264167,41.8841034],[-87.6264155,41.884065],[-87.6264134,41.8839937],[-87.6264095,41.883862],[-87.6264074,41.8837925],[-87.6264035,41.8836608],[-87.6264026,41.8836278],[-87.6263937,41.8833299],[-87.626503,41.8833294],[-87.626595,41.8833291],[-87.6266834,41.8833288],[-87.6267718,41.8833285],[-87.6268601,41.8833282],[-87.6269485,41.8833279],[-87.627022,41.8833276],[-87.6270955,41.8833273],[-87.6276503,41.8833253],[-87.6276543,41.8834589],[-87.6276583,41.883591],[-87.6276623,41.883723],[-87.6276636,41.883767],[-87.6276663,41.8838551],[-87.6276702,41.8839871],[-87.6276708,41.8840056],[-87.6276742,41.8841191],[-87.6276782,41.8842512],[-87.6276822,41.8843832]]]}},{"type":"Feature","properties":{"ADDRESS":"53 W Jackson Blvd","TYPE_MAIN":"1: NR - Individual Property","NHL_NR":null,"NOTES":null,"NAME":"Monadnock Block","TYPE":1},"geometry":{"type":"Polygon","coordinates":[[[-87.6296832,41.8780766],[-87.6294996,41.8780788],[-87.6294376,41.8780795],[-87.6294304,41.8778062],[-87.6294267,41.8776696],[-87.6294231,41.8775329],[-87.6294194,41.8773963],[-87.6294157,41.8772597],[-87.6294121,41.877123],[-87.6294084,41.8769864],[-87.629654,41.8769834],[-87.6296576,41.8771194],[-87.6296613,41.877256],[-87.6296649,41.8773926],[-87.6296685,41.8775293],[-87.6296722,41.8776659],[-87.6296758,41.8778024],[-87.6296832,41.8780766]]]}},{"type":"Feature","properties":{"ADDRESS":"5622-5624 North Newark Ave.","TYPE_MAIN":"1: NR - Individual Property","NHL_NR":null,"NOTES":null,"NAME":"Noble-Seymour-Crippen House","TYPE":1},"geometry":{"type":"Polygon","coordinates":[[[-87.7964784,41.9839019],[-87.7952697,41.9839112],[-87.795247,41.9837917],[-87.7952438,41.9837745],[-87.7952213,41.9836559],[-87.7952179,41.9836379],[-87.7951971,41.9835283],[-87.7951919,41.9835012],[-87.795166,41.9833645],[-87.7951608,41.9833372],[-87.7955976,41.9833339],[-87.7957449,41.9833328],[-87.7958997,41.9833316],[-87.7960397,41.9833306],[-87.7961871,41.9833295],[-87.7963419,41.9833283],[-87.796482,41.9833272],[-87.7964818,41.9833547],[-87.7964809,41.9834914],[-87.7964808,41.9835194],[-87.7964801,41.9836282],[-87.79648,41.9836472],[-87.7964792,41.983765],[-87.7964792,41.9837832],[-87.7964784,41.9839019]]]}},{"type":"Feature","properties":{"ADDRESS":"407 S Dearborn St","TYPE_MAIN":"1: NR - Individual Property","NHL_NR":null,"NOTES":null,"NAME":"Old Colony Building","TYPE":1},"geometry":{"type":"Polygon","coordinates":[[[-87.6288459,41.8764057],[-87.6290991,41.8764027],[-87.6291027,41.8765388],[-87.6291064,41.8766734],[-87.62911,41.8768088],[-87.6288544,41.8768118],[-87.6288515,41.8766764],[-87.6288487,41.8765416],[-87.6288459,41.8764057]]]}},{"type":"Feature","properties":{"ADDRESS":"1 N LaSalle St","TYPE_MAIN":"1: NR - Individual Property","NHL_NR":null,"NOTES":null,"NAME":"One LaSalle Street Building","TYPE":1},"geometry":{"type":"Polygon","coordinates":[[[-87.6318102,41.8825558],[-87.6317958,41.8820759],[-87.6318289,41.8820755],[-87.6322033,41.8820708],[-87.6322047,41.8821389],[-87.632208,41.8822889],[-87.6322094,41.8823545],[-87.6322119,41.8824744],[-87.6322137,41.8825535],[-87.6318433,41.8825555],[-87.6318102,41.8825558]]]}},{"type":"Feature","properties":{"ADDRESS":"SE corner of Lake and State Sts.","TYPE_MAIN":"1: NR - Individual Property","NHL_NR":null,"NOTES":null,"NAME":"Page Brothers Building (Cast ¿ Iron Front)","TYPE":1},"geometry":{"type":"Polygon","coordinates":[[[-87.6276272,41.8853384],[-87.6277109,41.8853379],[-87.62772,41.8856383],[-87.6276363,41.8856387],[-87.6275525,41.8856391],[-87.6274687,41.8856395],[-87.6274596,41.8853393],[-87.6275434,41.8853388],[-87.6276272,41.8853384]]]}},{"type":"Feature","properties":{"ADDRESS":"919 N Michigan Av","TYPE_MAIN":"1: NR - Individual Property","NHL_NR":null,"NOTES":null,"NAME":"Palmolive Building","TYPE":1},"geometry":{"type":"Polygon","coordinates":[[[-87.6239292,41.8999112],[-87.6234691,41.8999189],[-87.623263,41.8999223],[-87.6230788,41.8999253],[-87.6230725,41.8996491],[-87.6239227,41.8996322],[-87.6239237,41.8996756],[-87.6239265,41.8997934],[-87.6239292,41.8999112]]]}},{"type":"Feature","properties":{"ADDRESS":"3301 S Indiana Av","TYPE_MAIN":"1: NR - Individual Property","NHL_NR":null,"NOTES":null,"NAME":"Kehilath Anshe Ma'ariv Synagogue (Pilgrim Church)","TYPE":1},"geometry":{"type":"Polygon","coordinates":[[[-87.6212506,41.8343041],[-87.6217075,41.8342988],[-87.6217145,41.8346247],[-87.6212574,41.83463],[-87.6212506,41.8343041]]]}},{"type":"Feature","properties":{"ADDRESS":"2401 S Wabash Av","TYPE_MAIN":"1: NR - Individual Property","NHL_NR":null,"NOTES":null,"NAME":"Quinn Chapel of the A.M.E. Church","TYPE":1},"geometry":{"type":"Polygon","coordinates":[[[-87.6248607,41.8490419],[-87.6248589,41.8489731],[-87.6252886,41.8489664],[-87.6252903,41.8490353],[-87.6252921,41.8491042],[-87.6252939,41.8491731],[-87.6248642,41.8491796],[-87.6248624,41.8491108],[-87.6248607,41.8490419]]]}},{"type":"Feature","properties":{"ADDRESS":"350 E Cermak Rd","TYPE_MAIN":"1: NR - Individual Property","NHL_NR":null,"NOTES":null,"NAME":"Calumet Plant, R. R. Donnelly & Sons Company","TYPE":1},"geometry":{"type":"Polygon","coordinates":[[[-87.6189555,41.8544445],[-87.6179697,41.8544582],[-87.6179306,41.8543681],[-87.6178915,41.854278],[-87.6173887,41.8531206],[-87.6173495,41.8530306],[-87.6174761,41.8530288],[-87.6189262,41.8530083],[-87.6189281,41.8530989],[-87.6189308,41.8532324],[-87.6189336,41.8533696],[-87.6189364,41.8535069],[-87.6189392,41.853644],[-87.618942,41.8537809],[-87.6189448,41.8539182],[-87.6189476,41.8540554],[-87.618949,41.8541262],[-87.6189518,41.8542635],[-87.6189537,41.854354],[-87.6189555,41.8544445]]]}},{"type":"Feature","properties":{"ADDRESS":"2325-2333 N. Clark St","TYPE_MAIN":"1: NR - Individual Property","NHL_NR":null,"NOTES":null,"NAME":"Reebie Moving and Storage Company","TYPE":1},"geometry":{"type":"Polygon","coordinates":[[[-87.6390683,41.9247542],[-87.6390089,41.9247552],[-87.639007,41.924701],[-87.6390065,41.9246881],[-87.6390057,41.9246661],[-87.639638,41.9244537],[-87.6398115,41.9247421],[-87.6398945,41.9248799],[-87.6390728,41.9248932],[-87.6390683,41.9247542]]]}},{"type":"Feature","properties":{"ADDRESS":"325 N. LaSalle St.","TYPE_MAIN":"1: NR - Individual Property","NHL_NR":null,"NOTES":null,"NAME":"Reid Murdoch Building","TYPE":1},"geometry":{"type":"Polygon","coordinates":[[[-87.6322897,41.8884546],[-87.6320701,41.8884492],[-87.6317747,41.888442],[-87.6314795,41.8884348],[-87.63145,41.8884341],[-87.6314486,41.888375],[-87.6314473,41.88832],[-87.6314458,41.8882578],[-87.6314443,41.8881956],[-87.6314427,41.8881334],[-87.6314722,41.8881341],[-87.6314707,41.8880719],[-87.631468,41.8879598],[-87.6311727,41.8879527],[-87.6311697,41.8878306],[-87.631465,41.8878378],[-87.6314646,41.8878235],[-87.6317599,41.8878341],[-87.6320554,41.8878447],[-87.6322733,41.8878525],[-87.6322897,41.8884546]]]}},{"type":"Feature","properties":{"ADDRESS":"21 N. State St.","TYPE_MAIN":"3: (National Historic Landmark) - Individual Property","NHL_NR":"NHL","NOTES":null,"NAME":"Reliance Building","TYPE":3},"geometry":{"type":"Polygon","coordinates":[[[-87.6283952,41.8829532],[-87.6283991,41.8831035],[-87.6280881,41.883104],[-87.6280836,41.8829537],[-87.6283952,41.8829532]]]}},{"type":"Feature","properties":{"ADDRESS":"11 S LaSalle St","TYPE_MAIN":"1: NR - Individual Property","NHL_NR":null,"NOTES":null,"NAME":"Lumber Exchange Building and Tower Addition","TYPE":1},"geometry":{"type":"Polygon","coordinates":[[[-87.6319417,41.8814978],[-87.6321882,41.8814947],[-87.6321981,41.8818651],[-87.6319516,41.8818682],[-87.6318195,41.8818698],[-87.6316684,41.8818717],[-87.6316617,41.881623],[-87.6318128,41.8816211],[-87.6318121,41.8815937],[-87.6319442,41.8815921],[-87.6319417,41.8814978]]]}},{"type":"Feature","properties":{"ADDRESS":"5600 N. Ravenswood Ave","TYPE_MAIN":"1: NR - Individual Property","NHL_NR":null,"NOTES":null,"NAME":"Rosehill Cemetery Admin Building & Entry Gate","TYPE":1},"geometry":{"type":"Polygon","coordinates":[[[-87.6752196,41.986245],[-87.6752225,41.9863233],[-87.6752409,41.9863234],[-87.6752421,41.9863769],[-87.6752256,41.9863768],[-87.6752255,41.9863864],[-87.6752641,41.9863853],[-87.6752655,41.9864292],[-87.6752232,41.9864303],[-87.6752244,41.9864893],[-87.6753201,41.9864885],[-87.6753239,41.9866504],[-87.6753147,41.9866504],[-87.6753159,41.9867107],[-87.6753564,41.986711],[-87.675356,41.986748],[-87.6753891,41.9867468],[-87.6753944,41.9869513],[-87.6752528,41.9869532],[-87.67525,41.9868668],[-87.6752776,41.9868669],[-87.6752751,41.9867517],[-87.675264,41.9867516],[-87.6752626,41.9867104],[-87.675292,41.9867106],[-87.6752908,41.9866516],[-87.6752687,41.9866515],[-87.6752662,41.9865417],[-87.6751025,41.9865449],[-87.6750997,41.9864543],[-87.6750758,41.9864541],[-87.6750747,41.9863883],[-87.6751317,41.9863872],[-87.6751295,41.9862459],[-87.6752196,41.986245]]]}},{"type":"Feature","properties":{"ADDRESS":"3213-3219 S. Calumet Ave","TYPE_MAIN":"1: NR - Individual Property","NHL_NR":null,"NOTES":null,"NAME":"Robert Roloson Houses","TYPE":1},"geometry":{"type":"Polygon","coordinates":[[[-87.6181007,41.8361538],[-87.6176404,41.8361594],[-87.6176395,41.8361182],[-87.6176393,41.8361063],[-87.6176384,41.8360633],[-87.6176382,41.836056],[-87.6176372,41.8360085],[-87.617637,41.8359996],[-87.6176359,41.8359481],[-87.6180962,41.8359425],[-87.6180973,41.835994],[-87.6180975,41.8360029],[-87.6180985,41.8360503],[-87.6180987,41.8360577],[-87.6180996,41.8361007],[-87.6180998,41.8361126],[-87.6181007,41.8361538]]]}},{"type":"Feature","properties":{"ADDRESS":"40 E. Erie St","TYPE_MAIN":"1: NR - Individual Property","NHL_NR":null,"NOTES":null,"NAME":"Samuel M. Nickerson House","TYPE":1},"geometry":{"type":"Polygon","coordinates":[[[-87.6266604,41.8941986],[-87.6266679,41.8944982],[-87.6264072,41.8945026],[-87.6263997,41.894203],[-87.6266604,41.8941986]]]}},{"type":"Feature","properties":{"ADDRESS":"S. Ellis Ave. between E. 56th and 57th Sts.","TYPE_MAIN":"3: (National Historic Landmark) - Individual Property","NHL_NR":"NHL","NOTES":null,"NAME":"First Self-Sustaining Nuclear Reaction Site","TYPE":3},"geometry":{"type":"Polygon","coordinates":[[[-87.6010188,41.7922845],[-87.6007256,41.7922851],[-87.6007235,41.7920395],[-87.6010111,41.7920377],[-87.6010188,41.7922845]]]}},{"type":"Feature","properties":{"ADDRESS":"1076 W Roosevelt Rd","TYPE_MAIN":"1: NR - Individual Property","NHL_NR":null,"NOTES":null,"NAME":"St. Ignatius College","TYPE":1},"geometry":{"type":"Polygon","coordinates":[[[-87.6537748,41.8671888],[-87.653863,41.8671874],[-87.6539512,41.867186],[-87.6540394,41.8671845],[-87.6541276,41.8671831],[-87.6542158,41.8671817],[-87.6543626,41.8671793],[-87.6544506,41.8671779],[-87.654458,41.8674317],[-87.6543701,41.8674332],[-87.6543709,41.8674605],[-87.6543727,41.8675207],[-87.6543746,41.8675853],[-87.6543765,41.8676528],[-87.6543785,41.8677203],[-87.6542317,41.8677245],[-87.6538942,41.8677278],[-87.6538922,41.8676606],[-87.6542297,41.8676573],[-87.6542278,41.8675902],[-87.6538903,41.8675934],[-87.6538536,41.8675938],[-87.6538517,41.8675294],[-87.6538498,41.8674651],[-87.6537857,41.8674657],[-87.6537821,41.8674383],[-87.6537748,41.8671888]]]}},{"type":"Feature","properties":{"ADDRESS":"35th St and Cottage Grove Av","TYPE_MAIN":"1: NR - Individual Property","NHL_NR":null,"NOTES":null,"NAME":"Stephen Douglas Tomb State Memorial","TYPE":1},"geometry":{"type":"Polygon","coordinates":[[[-87.6090078,41.8312935],[-87.6090224,41.8319993],[-87.6080787,41.8320102],[-87.6075439,41.8313105],[-87.6090078,41.8312935]]]}},{"type":"Feature","properties":{"ADDRESS":"188 W Randolph St","TYPE_MAIN":"1: NR - Individual Property","NHL_NR":null,"NOTES":null,"NAME":"Steuben Club Building","TYPE":1},"geometry":{"type":"Polygon","coordinates":[[[-87.6337475,41.8845815],[-87.6337598,41.8850759],[-87.6334584,41.8850768],[-87.6334461,41.8845825],[-87.6337475,41.8845815]]]}},{"type":"Feature","properties":{"ADDRESS":"2944 S Michigan Av","TYPE_MAIN":"1: NR - Individual Property","NHL_NR":null,"NOTES":null,"NAME":"Sidney Kent House","TYPE":1},"geometry":{"type":"Polygon","coordinates":[[[-87.6238158,41.8404776],[-87.6238895,41.8404767],[-87.6239631,41.8404757],[-87.6240367,41.8404747],[-87.6241103,41.8404737],[-87.624184,41.8404727],[-87.6243207,41.8404709],[-87.6243536,41.8404704],[-87.624357,41.8407375],[-87.6243578,41.8408035],[-87.6243212,41.840804],[-87.6243219,41.8408591],[-87.6243221,41.8408779],[-87.6236567,41.8408868],[-87.6236562,41.840868],[-87.6236548,41.8408131],[-87.6236532,41.8407471],[-87.6236516,41.840681],[-87.62365,41.8406149],[-87.6236484,41.8405488],[-87.6236467,41.8404827],[-87.6236467,41.8404799],[-87.6238158,41.8404776]]]}},{"type":"Feature","properties":{"ADDRESS":"4 E. Ohio St.","TYPE_MAIN":"1: NR - Individual Property","NHL_NR":null,"NOTES":null,"NAME":"Tree Studio Building and Annexes","TYPE":1},"geometry":{"type":"Polygon","coordinates":[[[-87.6279821,41.8931743],[-87.62743,41.8931831],[-87.6274261,41.8930284],[-87.6276324,41.8930278],[-87.6276253,41.8927323],[-87.6274188,41.8927352],[-87.6274151,41.8925835],[-87.6279662,41.8925746],[-87.6279821,41.8931743]]]}},{"type":"Feature","properties":{"ADDRESS":"201 N Wells St","TYPE_MAIN":"1: NR - Individual Property","NHL_NR":null,"NOTES":null,"NAME":"Trustees System Service Building","TYPE":1},"geometry":{"type":"Polygon","coordinates":[[[-87.6337889,41.8862516],[-87.633638,41.886252],[-87.6334893,41.8862524],[-87.6334791,41.8858408],[-87.6336279,41.8858404],[-87.6337787,41.8858399],[-87.6337889,41.8862516]]]}},{"type":"Feature","properties":{"ADDRESS":"Exchange Av (4150S) at Peoria St (900W)","TYPE_MAIN":"3: (National Historic Landmark) - Individual Property","NHL_NR":"NHL","NOTES":null,"NAME":"Old Stone Gate of Chicago Union Stockyards","TYPE":3},"geometry":{"type":"Polygon","coordinates":[[[-87.6492838,41.8186565],[-87.6492843,41.8186568],[-87.6492847,41.818657],[-87.6492852,41.8186573],[-87.6492856,41.8186576],[-87.6492861,41.8186578],[-87.6492865,41.8186581],[-87.6492869,41.8186584],[-87.6492874,41.8186587],[-87.6492878,41.818659],[-87.6492882,41.8186593],[-87.6492886,41.8186596],[-87.649289,41.8186599],[-87.6492894,41.8186602],[-87.6492898,41.8186605],[-87.6492902,41.8186609],[-87.6492905,41.8186612],[-87.6492909,41.8186615],[-87.6492912,41.8186619],[-87.6492916,41.8186622],[-87.6492919,41.8186625],[-87.6492922,41.8186629],[-87.6492926,41.8186633],[-87.6492929,41.8186636],[-87.6492932,41.818664],[-87.6492935,41.8186644],[-87.6492938,41.8186647],[-87.649294,41.8186651],[-87.6492943,41.8186655],[-87.6492946,41.8186659],[-87.6492948,41.8186662],[-87.6492951,41.8186666],[-87.6492953,41.818667],[-87.6492955,41.8186674],[-87.6492957,41.8186678],[-87.6492959,41.8186682],[-87.6492961,41.8186686],[-87.6492963,41.818669],[-87.6492965,41.8186694],[-87.6492967,41.8186699],[-87.6492968,41.8186703],[-87.649297,41.8186707],[-87.6492971,41.8186711],[-87.6492972,41.8186715],[-87.6492974,41.8186719],[-87.6492975,41.8186724],[-87.6492976,41.8186728],[-87.6492977,41.8186732],[-87.6492977,41.8186736],[-87.6492978,41.8186741],[-87.6492979,41.8186745],[-87.6492979,41.8186749],[-87.649298,41.8186753],[-87.649298,41.8186758],[-87.649298,41.8186762],[-87.649298,41.8186766],[-87.649298,41.8186771],[-87.649298,41.8186775],[-87.649298,41.8186779],[-87.649298,41.8186783],[-87.6492979,41.8186788],[-87.6492979,41.8186792],[-87.6492978,41.8186796],[-87.6492977,41.8186801],[-87.6492977,41.8186805],[-87.6492976,41.8186809],[-87.6492975,41.8186813],[-87.6492974,41.8186818],[-87.6492972,41.8186822],[-87.6492971,41.8186826],[-87.649297,41.818683],[-87.6492968,41.8186834],[-87.6492967,41.8186838],[-87.6492965,41.8186843],[-87.6492963,41.8186847],[-87.6492961,41.8186851],[-87.6492959,41.8186855],[-87.6492957,41.8186859],[-87.6492955,41.8186863],[-87.6492838,41.8186972],[-87.6492833,41.8186974],[-87.6492829,41.8186976],[-87.6492824,41.8186979],[-87.6492819,41.8186981],[-87.6492814,41.8186983],[-87.6492809,41.8186985],[-87.6492804,41.8186987],[-87.6492799,41.8186989],[-87.6492794,41.8186991],[-87.6492788,41.8186993],[-87.6492783,41.8186995],[-87.6492778,41.8186996],[-87.6492773,41.8186998],[-87.6492767,41.8187],[-87.6492762,41.8187001],[-87.6492756,41.8187003],[-87.6492751,41.8187004],[-87.6492745,41.8187005],[-87.649274,41.8187006],[-87.6492734,41.8187008],[-87.6492729,41.8187009],[-87.6492723,41.818701],[-87.6492718,41.8187011],[-87.6492712,41.8187011],[-87.6492706,41.8187012],[-87.6492701,41.8187013],[-87.6492695,41.8187013],[-87.6492689,41.8187014],[-87.6492684,41.8187015],[-87.6492678,41.8187015],[-87.6492672,41.8187015],[-87.6492666,41.8187016],[-87.6489202,41.8187138],[-87.6486634,41.818715],[-87.648648,41.8187149],[-87.6486194,41.8187125],[-87.6484457,41.8186901],[-87.6482429,41.8186504],[-87.6482423,41.8186504],[-87.6482417,41.8186503],[-87.6482411,41.8186502],[-87.6482405,41.8186501],[-87.6482399,41.8186499],[-87.6482393,41.8186498],[-87.6482387,41.8186497],[-87.6482381,41.8186496],[-87.6482375,41.8186494],[-87.6482369,41.8186493],[-87.6482363,41.8186491],[-87.6482357,41.8186489],[-87.6482352,41.8186488],[-87.6482346,41.8186486],[-87.648234,41.8186484],[-87.6481,41.8186193],[-87.6480888,41.8185996],[-87.6480939,41.8185801],[-87.6482195,41.8185604],[-87.6482248,41.8185603],[-87.6483409,41.8185456],[-87.6484599,41.8185354],[-87.6486566,41.8185289],[-87.6486576,41.818529],[-87.648921,41.8185738],[-87.6492803,41.818655],[-87.6492809,41.8186552],[-87.6492814,41.8186554],[-87.6492819,41.8186556],[-87.6492823,41.8186558],[-87.6492828,41.8186561],[-87.6492833,41.8186563],[-87.6492838,41.8186565]]]}},{"type":"Feature","properties":{"ADDRESS":"4814-1816 N. Broadway.","TYPE_MAIN":"1: NR - Individual Property","NHL_NR":null,"NOTES":null,"NAME":"Balaban and Katz Uptown Theatre","TYPE":1},"geometry":{"type":"Polygon","coordinates":[[[-87.6604652,41.9696258],[-87.6604141,41.9696266],[-87.6598701,41.9696346],[-87.6598682,41.9695654],[-87.6598664,41.9694961],[-87.6598663,41.9694926],[-87.6598656,41.9694684],[-87.6598655,41.9694657],[-87.659869,41.9694644],[-87.6602554,41.9694599],[-87.6602717,41.9694599],[-87.6603092,41.9694601],[-87.660314,41.9694602],[-87.6603099,41.9693488],[-87.6604581,41.9693466],[-87.6604598,41.9694151],[-87.6604623,41.9695113],[-87.6604652,41.9696258]]]}},{"type":"Feature","properties":{"ADDRESS":"2543 - 2545 W Diversey Av","TYPE_MAIN":"1: NR - Individual Property","NHL_NR":null,"NOTES":null,"NAME":"Vassar Swiss Underwear Company Building","TYPE":1},"geometry":{"type":"Polygon","coordinates":[[[-87.6916673,41.931568],[-87.6916649,41.9314995],[-87.6916625,41.9314308],[-87.6916602,41.9313622],[-87.6916578,41.9312937],[-87.6916555,41.9312251],[-87.691648,41.9310079],[-87.6916463,41.9309587],[-87.6926436,41.9315247],[-87.6926453,41.931574],[-87.6926473,41.9316298],[-87.6926497,41.9316983],[-87.6926521,41.9317669],[-87.6926545,41.9318355],[-87.6926569,41.9319041],[-87.6926593,41.9319727],[-87.6926617,41.9320412],[-87.6921983,41.9320445],[-87.6921469,41.9320449],[-87.6916837,41.9320481],[-87.6916814,41.9319796],[-87.691679,41.931911],[-87.6916766,41.9318424],[-87.6916743,41.9317738],[-87.6916719,41.9317052],[-87.6916696,41.9316366],[-87.6916673,41.931568]]]}},{"type":"Feature","properties":{"ADDRESS":"2018 S. Calumet Ave","TYPE_MAIN":"1: NR - Individual Property","NHL_NR":null,"NOTES":null,"NAME":"Wheeler-Kohn House","TYPE":1},"geometry":{"type":"Polygon","coordinates":[[[-87.6198627,41.8550445],[-87.6192102,41.8550535],[-87.6192088,41.8549849],[-87.6192074,41.8549163],[-87.6192046,41.8547792],[-87.619857,41.8547702],[-87.6198598,41.8549074],[-87.6198613,41.8549759],[-87.6198627,41.8550445]]]}},{"type":"Feature","properties":{"ADDRESS":"2045 Lincoln Park W.","TYPE_MAIN":"2:NR - District","NHL_NR":null,"NOTES":null,"NAME":"Lincoln Park (Chicago Park District MPS)","TYPE":2},"geometry":{"type":"Polygon","coordinates":[[[-87.6542489,41.9889313],[-87.653515,41.9889495],[-87.6527996,41.988188],[-87.6526506,41.9880222],[-87.652392,41.9877732],[-87.6521996,41.9876049],[-87.6520037,41.9874335],[-87.6516957,41.9871018],[-87.6512284,41.9866342],[-87.6510494,41.9864532],[-87.6509209,41.9862575],[-87.6508469,41.9861944],[-87.6507615,41.9861216],[-87.6506019,41.9860157],[-87.650482,41.9859475],[-87.6503819,41.9859094],[-87.6501515,41.9858406],[-87.649901,41.9857716],[-87.6497809,41.9857259],[-87.6494066,41.986388],[-87.6493843,41.9863826],[-87.649383,41.9863823],[-87.649362,41.9863772],[-87.6500089,41.9850825],[-87.6501421,41.9848434],[-87.6502656,41.9845667],[-87.6503578,41.9844023],[-87.6504301,41.9842228],[-87.6504876,41.984081],[-87.650501,41.9839942],[-87.6505656,41.9837807],[-87.6506264,41.9835331],[-87.6506144,41.9834927],[-87.6506529,41.9833875],[-87.6506797,41.983211],[-87.6507107,41.9830313],[-87.6507206,41.9828826],[-87.6507226,41.9826997],[-87.6507322,41.9825757],[-87.6507292,41.9824734],[-87.6507053,41.9823056],[-87.6506991,41.9817985],[-87.6506919,41.9814046],[-87.6506918,41.981398],[-87.6506896,41.9812395],[-87.6506872,41.9811098],[-87.6506853,41.9809254],[-87.6506833,41.9807439],[-87.6505346,41.9806622],[-87.6503744,41.9805408],[-87.6502146,41.9803865],[-87.6500273,41.9800567],[-87.6498681,41.9798367],[-87.649709,41.9796167],[-87.6495056,41.9794183],[-87.6491413,41.9791642],[-87.6489091,41.9789108],[-87.6487204,41.9787125],[-87.6483999,41.9784806],[-87.6482402,41.9783153],[-87.6481683,41.9781725],[-87.6480818,41.9780296],[-87.6480401,41.9778102],[-87.6475529,41.9777667],[-87.6474658,41.9777589],[-87.6473795,41.9777468],[-87.6472945,41.9777303],[-87.6472112,41.9777097],[-87.6471299,41.977685],[-87.6470511,41.9776562],[-87.6469749,41.9776236],[-87.646902,41.9775873],[-87.6468324,41.9775474],[-87.6467665,41.977504],[-87.6467047,41.9774575],[-87.6467014,41.9774548],[-87.6461551,41.9778208],[-87.6461249,41.9777938],[-87.6466721,41.9774272],[-87.6466185,41.977377],[-87.6465696,41.977324],[-87.6465257,41.9772687],[-87.6464869,41.9772113],[-87.6464535,41.9771521],[-87.6464297,41.9771003],[-87.6464256,41.9770913],[-87.6464032,41.9770292],[-87.6463867,41.9769662],[-87.6463759,41.9769024],[-87.646371,41.9768382],[-87.6463708,41.976827],[-87.6463631,41.9765714],[-87.6463417,41.9758519],[-87.6463284,41.9754054],[-87.6463187,41.9750785],[-87.6463141,41.9749284],[-87.6462975,41.974385],[-87.6462723,41.973522],[-87.6462684,41.9734514],[-87.6462571,41.9733279],[-87.6462457,41.9732463],[-87.6462399,41.9732048],[-87.6462168,41.9730822],[-87.646188,41.9729603],[-87.6461533,41.9728392],[-87.6461129,41.9727192],[-87.6460669,41.9726003],[-87.6460152,41.9724826],[-87.6459166,41.9722738],[-87.6458108,41.9720628],[-87.6456995,41.9718534],[-87.6455828,41.9716457],[-87.6454606,41.9714398],[-87.6453331,41.9712356],[-87.6450377,41.9707827],[-87.6449621,41.9706973],[-87.6448515,41.9705501],[-87.6446568,41.9703005],[-87.6445973,41.9702288],[-87.6444136,41.9700076],[-87.6443101,41.9698835],[-87.6442715,41.9698372],[-87.6442505,41.9698121],[-87.6439831,41.9695263],[-87.6434798,41.9693524],[-87.6431246,41.9691583],[-87.6425844,41.9688991],[-87.642015,41.968693],[-87.6419437,41.9686819],[-87.6413853,41.9684436],[-87.6411329,41.9683358],[-87.640507,41.9680654],[-87.6400803,41.9678815],[-87.6396529,41.9677616],[-87.6393253,41.9676636],[-87.6390543,41.9676087],[-87.6388552,41.9675222],[-87.6383712,41.9673486],[-87.6381578,41.967262],[-87.6377022,41.9671099],[-87.6375085,41.9670384],[-87.6372325,41.9669364],[-87.6369479,41.9668281],[-87.6365638,41.9666658],[-87.6360327,41.9665034],[-87.6359941,41.9664917],[-87.635438,41.9663816],[-87.634611,41.9662166],[-87.6342396,41.9662037],[-87.6338253,41.9661905],[-87.6333682,41.9661771],[-87.6329533,41.9662172],[-87.6327461,41.9662403],[-87.6326815,41.9662475],[-87.6323377,41.9663201],[-87.632122,41.9664467],[-87.6319504,41.9664564],[-87.6318033,41.966829],[-87.6317494,41.9669783],[-87.6317049,41.9670902],[-87.6316371,41.9672451],[-87.6315741,41.967377],[-87.6315637,41.9673987],[-87.6314849,41.9675507],[-87.6314006,41.967701],[-87.6313679,41.9677551],[-87.6313109,41.9678496],[-87.6312158,41.9679964],[-87.6311155,41.9681412],[-87.6310669,41.968208],[-87.6310107,41.9682854],[-87.6309758,41.9683627],[-87.6309719,41.9684046],[-87.6309739,41.9684466],[-87.6309817,41.9684882],[-87.6309954,41.968529],[-87.6310146,41.9685684],[-87.6310392,41.9686062],[-87.631069,41.9686418],[-87.6310715,41.9686445],[-87.6311087,41.9686738],[-87.6311499,41.9687],[-87.6311946,41.9687227],[-87.6312425,41.9687416],[-87.6312927,41.9687565],[-87.6313449,41.9687673],[-87.6313983,41.9687738],[-87.6314523,41.9687759],[-87.6314943,41.9687746],[-87.6315452,41.9687684],[-87.6315948,41.968758],[-87.6316425,41.9687435],[-87.6316877,41.9687249],[-87.6317297,41.9687027],[-87.6317681,41.968677],[-87.6318023,41.9686482],[-87.631832,41.9686168],[-87.6318566,41.968583],[-87.6318669,41.9685654],[-87.6318854,41.9685289],[-87.6318984,41.9684911],[-87.6319056,41.9684524],[-87.631907,41.9684134],[-87.6319024,41.9683745],[-87.6318921,41.9683363],[-87.631876,41.9682991],[-87.6318545,41.9682636],[-87.6318278,41.96823],[-87.6317962,41.968199],[-87.6317609,41.9681713],[-87.6318302,41.96813],[-87.6318687,41.9681618],[-87.6319028,41.9681964],[-87.6319242,41.9682236],[-87.6319318,41.9682333],[-87.6319557,41.9682723],[-87.6319741,41.968313],[-87.6319869,41.9683548],[-87.6319938,41.9683973],[-87.6319949,41.9684402],[-87.6319901,41.9684829],[-87.6319795,41.9685251],[-87.6319632,41.9685662],[-87.6319413,41.9686058],[-87.6319197,41.9686359],[-87.6319141,41.9686436],[-87.6318819,41.9686791],[-87.631845,41.968712],[-87.6318286,41.9687246],[-87.6317852,41.9687527],[-87.631738,41.9687775],[-87.6316878,41.9687985],[-87.631635,41.9688156],[-87.6315801,41.9688286],[-87.6315236,41.9688373],[-87.6314663,41.9688418],[-87.6314087,41.9688418],[-87.6313514,41.9688374],[-87.631295,41.9688287],[-87.6312401,41.9688158],[-87.6311872,41.9687987],[-87.6311369,41.9687778],[-87.6310898,41.9687531],[-87.6310657,41.9687382],[-87.6310248,41.9687087],[-87.6309883,41.9686763],[-87.6309565,41.9686412],[-87.6309297,41.9686038],[-87.6309082,41.9685645],[-87.6308923,41.9685239],[-87.6308821,41.9684822],[-87.6308777,41.9684399],[-87.6308792,41.9683975],[-87.6308866,41.9683555],[-87.6308997,41.9683143],[-87.6309185,41.9682743],[-87.6309208,41.9682702],[-87.6311796,41.9679111],[-87.6312713,41.9677632],[-87.6313577,41.9676134],[-87.6314385,41.967462],[-87.6315139,41.967309],[-87.6315837,41.9671546],[-87.6315859,41.9671494],[-87.631648,41.9669988],[-87.6317065,41.9668418],[-87.6317098,41.9668324],[-87.6317364,41.9667463],[-87.6318077,41.9665148],[-87.6318438,41.9663638],[-87.631874,41.9662122],[-87.6318985,41.9660599],[-87.6319171,41.9659071],[-87.6319298,41.9657541],[-87.6319018,41.9656444],[-87.6318884,41.9655921],[-87.6318757,41.9654534],[-87.6319049,41.9653896],[-87.6318652,41.9651014],[-87.6318241,41.9649412],[-87.6318115,41.9647918],[-87.6317845,41.9646423],[-87.6317718,41.9645036],[-87.6317017,41.9643752],[-87.6317023,41.9643219],[-87.6316606,41.964215],[-87.6316194,41.9640654],[-87.6315921,41.963948],[-87.6314797,41.9637766],[-87.6313103,41.9635836],[-87.6311829,41.9634762],[-87.6311627,41.9634084],[-87.6311415,41.9633373],[-87.6311428,41.96322],[-87.6311441,41.9631027],[-87.6311452,41.9630012],[-87.6311458,41.9629534],[-87.6313199,41.9627092],[-87.6316222,41.9625084],[-87.631823,41.962435],[-87.6320666,41.9623725],[-87.6321814,41.9623305],[-87.6325259,41.962194],[-87.6327553,41.9621207],[-87.633028,41.9620051],[-87.6332072,41.96198],[-87.6332635,41.9619672],[-87.6333781,41.961941],[-87.6336267,41.9618803],[-87.6337049,41.9618372],[-87.6337546,41.9618063],[-87.6338052,41.9617707],[-87.6339353,41.9617143],[-87.6340163,41.9616674],[-87.6341669,41.9615774],[-87.6341905,41.9615633],[-87.6344487,41.9614068],[-87.6346689,41.9612444],[-87.6348701,41.9610741],[-87.6350182,41.9609459],[-87.6351705,41.9607869],[-87.6352786,41.9606809],[-87.6354071,41.9605587],[-87.6355897,41.9603922],[-87.6357297,41.9602558],[-87.6358479,41.9601496],[-87.6359794,41.9600708],[-87.636146,41.9599617],[-87.6361896,41.9599258],[-87.6363411,41.959843],[-87.6365185,41.9597381],[-87.6366028,41.9596969],[-87.6366744,41.959662],[-87.6368419,41.9595916],[-87.6369321,41.9595656],[-87.6370282,41.9595572],[-87.63714,41.9595397],[-87.6372867,41.9595122],[-87.6373348,41.9595032],[-87.6374835,41.9594812],[-87.637685,41.9594715],[-87.6378601,41.9594667],[-87.6380951,41.9594701],[-87.6383341,41.9594806],[-87.6385625,41.9594955],[-87.6388066,41.9595302],[-87.6391476,41.9595865],[-87.6392217,41.9596112],[-87.6393524,41.9596322],[-87.6395247,41.9596697],[-87.6398162,41.9597359],[-87.6399495,41.9597588],[-87.640045,41.9597751],[-87.6402942,41.9591899],[-87.6403533,41.9592027],[-87.6401146,41.9597883],[-87.6402458,41.9598139],[-87.6404826,41.9598684],[-87.6406211,41.9599296],[-87.6407545,41.960018],[-87.6408372,41.960111],[-87.640913,41.9602617],[-87.6409238,41.9603388],[-87.6409208,41.9604331],[-87.6409028,41.9604937],[-87.6408904,41.9605353],[-87.6408049,41.9606674],[-87.6407119,41.9607521],[-87.6406456,41.9608029],[-87.6406025,41.9608277],[-87.640577,41.9608413],[-87.6405189,41.9608643],[-87.6404811,41.9608754],[-87.6404364,41.9608843],[-87.6403879,41.9608879],[-87.6403141,41.9608846],[-87.6402738,41.9608783],[-87.6402261,41.9608599],[-87.6401319,41.9608161],[-87.6396929,41.9605683],[-87.6394467,41.9604414],[-87.6393337,41.9603869],[-87.6392776,41.9603658],[-87.6392174,41.9603445],[-87.6390851,41.9603114],[-87.6390181,41.9602993],[-87.6389934,41.9602949],[-87.63895,41.9602885],[-87.6388318,41.9602714],[-87.6387717,41.9602667],[-87.6387215,41.9602622],[-87.6386512,41.9602576],[-87.6385895,41.9602591],[-87.6385288,41.9602599],[-87.6384818,41.9602598],[-87.6384112,41.9602672],[-87.6381755,41.9602915],[-87.6378724,41.9603436],[-87.6376535,41.9603871],[-87.6373292,41.9604771],[-87.6370415,41.9605859],[-87.6367788,41.9607096],[-87.636401,41.9609195],[-87.6362838,41.9610043],[-87.6360759,41.9611547],[-87.63584,41.9613684],[-87.6355753,41.9616784],[-87.6354949,41.9617933],[-87.635452,41.9618547],[-87.6354058,41.9619275],[-87.6353572,41.9620217],[-87.6353361,41.9621181],[-87.6353403,41.9622911],[-87.6353841,41.962413],[-87.6354177,41.9624698],[-87.6355203,41.9625986],[-87.6356355,41.9626938],[-87.6357362,41.9627522],[-87.6359328,41.9628284],[-87.6361388,41.9628587],[-87.6363203,41.9628718],[-87.6366019,41.9628714],[-87.6368562,41.9628595],[-87.6372076,41.9628196],[-87.6374482,41.9627893],[-87.6377958,41.9627517],[-87.6378811,41.9627439],[-87.6379171,41.9627377],[-87.6379018,41.9626774],[-87.6383744,41.9626262],[-87.6383852,41.9626794],[-87.6384286,41.9626738],[-87.6390078,41.9625998],[-87.6392664,41.9625663],[-87.6395791,41.9625259],[-87.6400651,41.9624719],[-87.6406601,41.9623974],[-87.6410119,41.9623547],[-87.6411808,41.9623335],[-87.6411958,41.9623317],[-87.6412599,41.9623219],[-87.6413288,41.9623059],[-87.6413534,41.9623002],[-87.6414683,41.9622701],[-87.6415815,41.962234],[-87.6416496,41.9622077],[-87.6417713,41.9621416],[-87.6418616,41.9620825],[-87.6420147,41.9619558],[-87.6420745,41.9618935],[-87.6421332,41.9618163],[-87.6421803,41.9617442],[-87.6422221,41.961667],[-87.6422502,41.9616052],[-87.6422861,41.9614998],[-87.6422994,41.9614352],[-87.6423062,41.9613549],[-87.6423014,41.9612636],[-87.6422921,41.9611693],[-87.6422711,41.9610942],[-87.6422435,41.9610164],[-87.6422189,41.960967],[-87.6422058,41.9609409],[-87.6421301,41.9608515],[-87.6419594,41.9606618],[-87.6417344,41.9604723],[-87.6416832,41.9604274],[-87.6416059,41.9603307],[-87.6415353,41.9601673],[-87.641532,41.9600748],[-87.6415558,41.9599397],[-87.6415668,41.9598058],[-87.6415721,41.9597633],[-87.6416035,41.9595096],[-87.6416233,41.9593803],[-87.6416153,41.9593715],[-87.6412131,41.9593463],[-87.641032,41.959335],[-87.6410358,41.9592811],[-87.6412137,41.9592911],[-87.6416393,41.959315],[-87.6416496,41.9592814],[-87.6416758,41.9590711],[-87.6416864,41.9589763],[-87.6417095,41.958769],[-87.6417416,41.9584925],[-87.6417553,41.9583482],[-87.6417376,41.9582321],[-87.641713,41.9581264],[-87.6416669,41.9579798],[-87.6416282,41.9578288],[-87.6415923,41.957648],[-87.6415543,41.957383],[-87.6415367,41.9571269],[-87.6414676,41.956764],[-87.6414538,41.9566838],[-87.6414537,41.9566834],[-87.6414343,41.9565754],[-87.6414148,41.9564886],[-87.6413967,41.956408],[-87.6413574,41.9562752],[-87.6413387,41.9561292],[-87.6413148,41.9559925],[-87.6412982,41.95584],[-87.6412528,41.9556849],[-87.6412363,41.9556287],[-87.6412242,41.9555622],[-87.6412103,41.9554854],[-87.6411755,41.9553268],[-87.6411364,41.9551629],[-87.6411013,41.9550306],[-87.6410688,41.9549082],[-87.6410227,41.9547449],[-87.6409606,41.9545726],[-87.6409012,41.9543812],[-87.6408554,41.9542336],[-87.6408217,41.9542037],[-87.6407917,41.9541607],[-87.6407504,41.9540485],[-87.6407239,41.9539875],[-87.6406783,41.9538758],[-87.6406488,41.9537449],[-87.6406064,41.9536285],[-87.6406051,41.9536197],[-87.6405947,41.9535458],[-87.6405545,41.953434],[-87.640507,41.9533429],[-87.6404622,41.9532656],[-87.6404486,41.9532363],[-87.640401,41.9531171],[-87.6403449,41.9529839],[-87.6402988,41.9528747],[-87.6402449,41.952728],[-87.6402014,41.9526569],[-87.6401477,41.952552],[-87.6401402,41.9525321],[-87.6400739,41.9523578],[-87.6399997,41.9521687],[-87.6399614,41.9520746],[-87.639931,41.9520166],[-87.6398819,41.9518767],[-87.6398965,41.9518479],[-87.6398367,41.9517046],[-87.6397587,41.951531],[-87.6396414,41.9512857],[-87.6395518,41.9510855],[-87.6394636,41.9508954],[-87.6393702,41.9506962],[-87.6392724,41.9504933],[-87.6392071,41.950351],[-87.6390803,41.9501169],[-87.6390372,41.9500785],[-87.6390196,41.9500182],[-87.6390151,41.9499605],[-87.6389727,41.9498925],[-87.6389348,41.9498631],[-87.6388906,41.9497824],[-87.638841,41.9496803],[-87.6388084,41.9496124],[-87.6387846,41.9495625],[-87.6387195,41.949424],[-87.6386959,41.94936],[-87.6387025,41.9493187],[-87.638677,41.9492554],[-87.6386782,41.9492135],[-87.6386306,41.9491639],[-87.6385943,41.9491003],[-87.6385869,41.949048],[-87.6385533,41.9489683],[-87.6385184,41.9489261],[-87.6384841,41.9488836],[-87.6384788,41.9488368],[-87.6384384,41.9487482],[-87.6383907,41.9486454],[-87.6383135,41.9485108],[-87.6382684,41.9484224],[-87.6381773,41.9482981],[-87.6381344,41.9482348],[-87.6381274,41.9482219],[-87.6381011,41.9481738],[-87.6380786,41.9481008],[-87.6379757,41.9479046],[-87.6379566,41.9478819],[-87.637853,41.9477285],[-87.6378305,41.9476694],[-87.6377622,41.9475872],[-87.6377377,41.9475462],[-87.6376799,41.947453],[-87.63759,41.9473283],[-87.6374968,41.9472048],[-87.6374492,41.9471288],[-87.6374289,41.9470963],[-87.6373698,41.9470326],[-87.637338,41.9469799],[-87.6372938,41.9469366],[-87.6372137,41.9468299],[-87.6371825,41.9467681],[-87.6371494,41.9467316],[-87.6370674,41.9466572],[-87.6370086,41.9465715],[-87.6368889,41.9464284],[-87.6368156,41.9463296],[-87.6367062,41.9461868],[-87.6366599,41.9461352],[-87.636558,41.9460128],[-87.6364804,41.9459098],[-87.6363814,41.9458044],[-87.6363082,41.9457118],[-87.6362804,41.9456733],[-87.6362098,41.945594],[-87.636077,41.9454497],[-87.6359668,41.9453389],[-87.6358603,41.9452101],[-87.6357455,41.9450946],[-87.6356445,41.9449867],[-87.6355436,41.944869],[-87.6354496,41.9447666],[-87.6354174,41.9447096],[-87.6353768,41.9446776],[-87.6353282,41.9446465],[-87.63528,41.944599],[-87.6352403,41.9445265],[-87.6351915,41.944491],[-87.6351365,41.9444236],[-87.6351015,41.9443805],[-87.6349478,41.9442173],[-87.6348466,41.9441436],[-87.6347192,41.9440216],[-87.6346571,41.9439557],[-87.634588,41.9438823],[-87.6343712,41.9437078],[-87.6342614,41.9435803],[-87.6341389,41.9434787],[-87.6340013,41.9433381],[-87.633883,41.9432483],[-87.633776,41.9431578],[-87.6336773,41.9431023],[-87.6335772,41.9430279],[-87.6335302,41.9429548],[-87.6334519,41.9428769],[-87.6333306,41.9427485],[-87.6332948,41.9427184],[-87.6331984,41.9426373],[-87.6331535,41.9425528],[-87.6331287,41.9424671],[-87.6331122,41.9424109],[-87.6331165,41.9423437],[-87.6331462,41.9422881],[-87.6332108,41.9422348],[-87.6332567,41.9422117],[-87.6333085,41.9421988],[-87.6333652,41.9421717],[-87.6334014,41.9421588],[-87.6334547,41.9421555],[-87.6334954,41.9421575],[-87.6335718,41.9421694],[-87.6336358,41.9422013],[-87.6337004,41.942229],[-87.6337338,41.9422329],[-87.6338621,41.9423432],[-87.6338876,41.9423711],[-87.6339852,41.9426817],[-87.6340005,41.9427227],[-87.6340659,41.9428971],[-87.634278,41.9430928],[-87.6343214,41.9431144],[-87.6343795,41.9431386],[-87.6344401,41.9431589],[-87.6345029,41.9431751],[-87.6345675,41.9431871],[-87.6346331,41.9431948],[-87.6346995,41.9431982],[-87.6347243,41.9431948],[-87.6347891,41.9431829],[-87.6348522,41.9431668],[-87.6349132,41.9431466],[-87.6349715,41.9431225],[-87.6350268,41.9430946],[-87.6350786,41.9430632],[-87.6351265,41.9430286],[-87.6351701,41.9429909],[-87.6352087,41.9429693],[-87.6352612,41.9429449],[-87.6353167,41.9429243],[-87.6353744,41.9429076],[-87.6354341,41.9428952],[-87.635495,41.942887],[-87.6355568,41.9428832],[-87.6356187,41.9428837],[-87.6356803,41.9428887],[-87.6357409,41.942898],[-87.6358001,41.9429115],[-87.6358574,41.9429292],[-87.6359121,41.9429508],[-87.6359321,41.9429629],[-87.6359869,41.943],[-87.6360377,41.9430403],[-87.6360841,41.9430834],[-87.6361256,41.9431291],[-87.6361623,41.9431772],[-87.6361937,41.9432273],[-87.636589,41.9440757],[-87.6367649,41.9444429],[-87.6369477,41.9449092],[-87.6368325,41.9450291],[-87.6371515,41.9454884],[-87.6373236,41.945736],[-87.6373734,41.9457771],[-87.6374316,41.9458033],[-87.6381109,41.9460188],[-87.6387083,41.9461847],[-87.6386929,41.9462248],[-87.6388973,41.9462946],[-87.6391454,41.9463099],[-87.6392168,41.9463087],[-87.6394346,41.946308],[-87.6396523,41.9463118],[-87.6397042,41.946317],[-87.639755,41.9463265],[-87.6398041,41.9463402],[-87.6398508,41.9463579],[-87.6398945,41.9463794],[-87.6398841,41.9463998],[-87.6399839,41.9464385],[-87.6400316,41.9463806],[-87.6402749,41.9465024],[-87.6401097,41.9466997],[-87.6401848,41.9467426],[-87.6402134,41.9467447],[-87.6402793,41.9466818],[-87.6403039,41.9467064],[-87.6403146,41.9467042],[-87.6404196,41.9468178],[-87.640476,41.9469387],[-87.6405871,41.9470886],[-87.6407527,41.947312],[-87.6407655,41.947312],[-87.6407911,41.9473027],[-87.6408414,41.9473792],[-87.6409045,41.9474463],[-87.6409805,41.9474944],[-87.6410409,41.9475338],[-87.6411153,41.9475881],[-87.6412183,41.9476585],[-87.6413252,41.9477255],[-87.6413388,41.9477333],[-87.6414358,41.9477892],[-87.6415499,41.9478493],[-87.6416524,41.9479177],[-87.6417877,41.9479585],[-87.6417953,41.9479618],[-87.6418366,41.9479772],[-87.6418803,41.9479886],[-87.6419254,41.9479958],[-87.6419715,41.9479986],[-87.6420176,41.9479969],[-87.6420473,41.9479911],[-87.642075,41.9479812],[-87.6420996,41.9479674],[-87.6421203,41.9479505],[-87.6421363,41.9479309],[-87.6421469,41.9479094],[-87.642152,41.9478868],[-87.6421511,41.9478639],[-87.6421445,41.9478415],[-87.6421375,41.9478293],[-87.6420865,41.9477458],[-87.6420302,41.9476641],[-87.6419034,41.9475149],[-87.6416424,41.9472684],[-87.6414414,41.9470893],[-87.6414162,41.9470668],[-87.6413713,41.9470268],[-87.6413466,41.9470067],[-87.6410516,41.9467658],[-87.6406526,41.9464479],[-87.6405361,41.9463445],[-87.6403357,41.9461597],[-87.6401793,41.9460403],[-87.640144,41.946018],[-87.640111,41.9459914],[-87.6400825,41.9459621],[-87.6400589,41.9459304],[-87.6400406,41.9458968],[-87.640028,41.9458619],[-87.6400263,41.9458422],[-87.6400286,41.9458127],[-87.6400367,41.9457837],[-87.6400505,41.945756],[-87.6402069,41.9454997],[-87.6400852,41.945307],[-87.6400864,41.9452021],[-87.6400616,41.9451353],[-87.6401269,41.9449928],[-87.640269,41.9448412],[-87.6403589,41.9447845],[-87.6397634,41.9438915],[-87.6397029,41.9438006],[-87.6395551,41.9435791],[-87.6393405,41.9435062],[-87.63928,41.9434692],[-87.6391984,41.9434144],[-87.6391209,41.9433564],[-87.6390476,41.9432954],[-87.6389788,41.9432316],[-87.6389147,41.9431651],[-87.6388555,41.9430961],[-87.6388013,41.9430249],[-87.6387857,41.9430045],[-87.6387282,41.9429232],[-87.638676,41.9428399],[-87.6386291,41.9427549],[-87.6386271,41.9427508],[-87.6385877,41.9426682],[-87.6385519,41.9425803],[-87.6385218,41.9424911],[-87.6384441,41.9421081],[-87.6384149,41.9417589],[-87.63841,41.9415651],[-87.6384148,41.941412],[-87.6383864,41.9413389],[-87.6383563,41.9412723],[-87.6383163,41.9411975],[-87.6382709,41.9411245],[-87.6382203,41.9410534],[-87.6381645,41.9409845],[-87.6381038,41.9409179],[-87.6380383,41.9408539],[-87.6378884,41.9406735],[-87.6375514,41.9402679],[-87.6375394,41.9402719],[-87.6371257,41.9398102],[-87.6368204,41.9397643],[-87.6368259,41.9397422],[-87.6366867,41.9397272],[-87.6365746,41.9401883],[-87.636464,41.9401713],[-87.636561,41.9397235],[-87.6364952,41.9397225],[-87.636483,41.9397225],[-87.6363244,41.9397254],[-87.6361661,41.9397328],[-87.6360083,41.9397444],[-87.6358511,41.9397605],[-87.6358103,41.9395945],[-87.6355119,41.9396972],[-87.6354789,41.9397161],[-87.6353974,41.9397666],[-87.6353197,41.9398203],[-87.6352462,41.9398772],[-87.6351771,41.939937],[-87.6351125,41.9399996],[-87.6350527,41.9400648],[-87.6349977,41.9401324],[-87.6347953,41.9406579],[-87.6347375,41.9409771],[-87.6347099,41.9413983],[-87.6346725,41.941445],[-87.6346119,41.9415207],[-87.6344934,41.9415724],[-87.6343285,41.9415968],[-87.634208,41.9415765],[-87.6340641,41.9415024],[-87.6339937,41.94138],[-87.633992,41.9412165],[-87.6340154,41.9409572],[-87.6340198,41.9408289],[-87.6340047,41.9406905],[-87.6340036,41.9406477],[-87.6340197,41.940571],[-87.6340255,41.940535],[-87.6340101,41.9404471],[-87.6340246,41.9403637],[-87.6340177,41.94032],[-87.6339874,41.94028],[-87.6339659,41.94021],[-87.6339653,41.9401182],[-87.633935,41.9400302],[-87.6339084,41.9399498],[-87.6338815,41.9398932],[-87.6338567,41.9398253],[-87.6338361,41.9397153],[-87.6338154,41.9396666],[-87.633783,41.9395935],[-87.6337594,41.9395072],[-87.6337478,41.9394528],[-87.6337531,41.9394031],[-87.6337389,41.9393605],[-87.6337001,41.9392253],[-87.6336656,41.939117],[-87.633652,41.9390524],[-87.633639,41.9389976],[-87.6335925,41.9389324],[-87.6335629,41.9388759],[-87.6335339,41.9388006],[-87.6335061,41.9387478],[-87.6334623,41.9386801],[-87.6334243,41.9386025],[-87.6333833,41.9385191],[-87.633337,41.9384091],[-87.633301,41.938356],[-87.633264,41.9382939],[-87.6332453,41.9382547],[-87.6332199,41.9382127],[-87.6331782,41.9381442],[-87.6331398,41.938089],[-87.6330965,41.9380376],[-87.6330631,41.937997],[-87.633009,41.9379118],[-87.6329517,41.9378257],[-87.6328862,41.9377177],[-87.6328076,41.9376292],[-87.6327317,41.937541],[-87.6326067,41.9373806],[-87.6325676,41.9373381],[-87.632528,41.9372857],[-87.6324417,41.9371786],[-87.6324041,41.9370996],[-87.6323372,41.9369867],[-87.6323039,41.9368943],[-87.6322879,41.9368082],[-87.6322692,41.9367507],[-87.6322466,41.9366813],[-87.6322186,41.9365522],[-87.6321982,41.9364596],[-87.6322162,41.9363712],[-87.6322058,41.9363243],[-87.6321953,41.9362384],[-87.6321799,41.9361205],[-87.6321575,41.9360275],[-87.6321351,41.9359249],[-87.6321171,41.9358506],[-87.6321107,41.9358243],[-87.6320531,41.9357361],[-87.6320378,41.9356712],[-87.6320083,41.9356333],[-87.63197,41.935579],[-87.6319524,41.9355379],[-87.6319456,41.9355209],[-87.6319297,41.9354661],[-87.631885,41.9354304],[-87.6318526,41.9353817],[-87.6318294,41.9353236],[-87.631783,41.9352598],[-87.6317316,41.935172],[-87.631663,41.9351078],[-87.6316341,41.9350623],[-87.6316023,41.9350304],[-87.6315901,41.9349936],[-87.6315694,41.9349662],[-87.6315118,41.9348792],[-87.6314661,41.9348148],[-87.6314583,41.9347954],[-87.6309478,41.9341896],[-87.6308118,41.9340245],[-87.63074,41.9339274],[-87.6307176,41.9338983],[-87.6306486,41.9338532],[-87.6305855,41.9337955],[-87.6305139,41.9337306],[-87.630453,41.93365],[-87.6304413,41.9335802],[-87.6304338,41.9334877],[-87.6304528,41.9334063],[-87.6304757,41.9333637],[-87.6304818,41.9333116],[-87.6305066,41.9332589],[-87.6305404,41.9331986],[-87.6305921,41.933159],[-87.6306226,41.9331482],[-87.630646,41.9331278],[-87.6306815,41.9330874],[-87.6307229,41.9330458],[-87.6307149,41.9326905],[-87.6307042,41.9326654],[-87.6307017,41.9325675],[-87.6306718,41.9325384],[-87.6306694,41.9325324],[-87.630674,41.9325183],[-87.6306952,41.932506],[-87.6307189,41.9325055],[-87.630772,41.932552],[-87.6307744,41.9325972],[-87.6307778,41.93266],[-87.6307731,41.9326849],[-87.6307827,41.9330098],[-87.630741,41.9330203],[-87.6307408,41.9330471],[-87.6307605,41.9330331],[-87.6307939,41.9330149],[-87.6307992,41.933012],[-87.6309178,41.9329675],[-87.6313937,41.9329538],[-87.6313906,41.932784],[-87.631394,41.9327367],[-87.6314009,41.9327022],[-87.6314107,41.9326741],[-87.6314186,41.9326629],[-87.6314318,41.9326445],[-87.6314515,41.9326217],[-87.6314839,41.9325992],[-87.6315061,41.9325882],[-87.6315281,41.9325792],[-87.6316099,41.9325631],[-87.6317181,41.9325644],[-87.6317211,41.9324275],[-87.6316029,41.9324269],[-87.6315493,41.9324284],[-87.6314404,41.9324193],[-87.6314072,41.9324164],[-87.6313091,41.9323955],[-87.6312843,41.9323864],[-87.6312647,41.932378],[-87.6312579,41.9323849],[-87.631291,41.9324024],[-87.6312395,41.9324664],[-87.6311619,41.9325597],[-87.6310826,41.9325758],[-87.6310822,41.9325756],[-87.6310753,41.9325717],[-87.6310656,41.9325602],[-87.6310617,41.9325515],[-87.6310639,41.9325414],[-87.6310727,41.9325335],[-87.6310787,41.9325309],[-87.631088,41.9325283],[-87.6311202,41.9325227],[-87.6311357,41.9325059],[-87.6312027,41.932426],[-87.6312487,41.9323704],[-87.6311628,41.9323297],[-87.6310403,41.9322609],[-87.6309922,41.9322168],[-87.6309391,41.9321552],[-87.6308893,41.9320732],[-87.6308652,41.9320187],[-87.6308589,41.9319192],[-87.6308569,41.9318941],[-87.6308497,41.9318021],[-87.6308776,41.9316813],[-87.6309027,41.9315532],[-87.6309469,41.9314263],[-87.6310099,41.9312797],[-87.6310328,41.9312074],[-87.6310589,41.9311252],[-87.6310866,41.9309858],[-87.631105,41.9309068],[-87.6311147,41.9308652],[-87.6311389,41.9307083],[-87.6311583,41.9305416],[-87.6311625,41.9303627],[-87.6311666,41.9302877],[-87.6311741,41.9301745],[-87.6311759,41.9300166],[-87.6311723,41.9299394],[-87.6311652,41.9297857],[-87.6311571,41.9296879],[-87.6311337,41.9295121],[-87.6311114,41.9293719],[-87.6310902,41.9292615],[-87.631087,41.9291559],[-87.6310873,41.9291259],[-87.6310879,41.9290636],[-87.6310879,41.9290636],[-87.6310861,41.9290574],[-87.631064,41.9289837],[-87.6310571,41.9289605],[-87.6310324,41.9288776],[-87.6310094,41.9287896],[-87.6309857,41.9287114],[-87.630955,41.9285994],[-87.6309341,41.9285392],[-87.630921,41.9285013],[-87.6308915,41.9284426],[-87.630855,41.928377],[-87.6308256,41.9283227],[-87.6307776,41.9282245],[-87.6307446,41.9281646],[-87.6307269,41.9281388],[-87.6306945,41.9280917],[-87.6306705,41.9280566],[-87.6306437,41.9280176],[-87.6306057,41.9279533],[-87.6305831,41.9279186],[-87.630555,41.9278774],[-87.6305307,41.9278416],[-87.6304814,41.9277787],[-87.630395,41.9276788],[-87.630337,41.9276112],[-87.6302873,41.9275594],[-87.6302384,41.9275079],[-87.6301533,41.9274214],[-87.6301158,41.9273876],[-87.6300968,41.9273727],[-87.6300703,41.9273501],[-87.6300413,41.9273266],[-87.6299907,41.9272752],[-87.6299371,41.9272184],[-87.6298886,41.9271665],[-87.6298581,41.9271323],[-87.6298206,41.9270856],[-87.6298014,41.9270625],[-87.6297738,41.9270119],[-87.6297414,41.9269536],[-87.6297053,41.9268881],[-87.6296729,41.9268243],[-87.6296494,41.9267839],[-87.6296459,41.926767],[-87.6296367,41.9267375],[-87.6296322,41.9267183],[-87.6296285,41.9267024],[-87.629621,41.9266616],[-87.629613,41.9266037],[-87.6296077,41.9265637],[-87.6296104,41.926476],[-87.6296088,41.9264386],[-87.6296127,41.9264147],[-87.6296097,41.9263828],[-87.6296121,41.9263605],[-87.6296132,41.9263343],[-87.6296229,41.9262984],[-87.6296303,41.9262481],[-87.6296393,41.9262071],[-87.629643,41.9261941],[-87.6296531,41.9261748],[-87.6296607,41.926158],[-87.629673,41.9261381],[-87.6297014,41.9261088],[-87.6297079,41.9260983],[-87.6297098,41.9260851],[-87.6297164,41.9260761],[-87.6297248,41.9260759],[-87.6297385,41.9260787],[-87.6297787,41.9260961],[-87.6298313,41.9261165],[-87.6298866,41.926144],[-87.6299165,41.9261218],[-87.6299503,41.9260924],[-87.6299708,41.9260765],[-87.6300376,41.9260133],[-87.6301126,41.9259404],[-87.6301873,41.9258696],[-87.630229,41.9258256],[-87.6302689,41.9257743],[-87.6302769,41.9257621],[-87.6302815,41.9257513],[-87.6302851,41.9257315],[-87.6302835,41.9256712],[-87.6302827,41.9255549],[-87.6302803,41.9254141],[-87.6302694,41.9252659],[-87.6302588,41.9251403],[-87.6302495,41.925056],[-87.6302277,41.9248583],[-87.6302018,41.9246616],[-87.6301211,41.9242657],[-87.6301022,41.9241727],[-87.6295629,41.9244884],[-87.6291496,41.9247302],[-87.6291505,41.9246479],[-87.6299281,41.9241175],[-87.6298636,41.9240415],[-87.6297705,41.9239316],[-87.6291391,41.9231865],[-87.6290224,41.9230445],[-87.6288671,41.9228555],[-87.6283931,41.9231019],[-87.6283465,41.9230578],[-87.6286357,41.9228861],[-87.6292787,41.9225045],[-87.6293145,41.9225352],[-87.6294959,41.9224105],[-87.6292583,41.9223639],[-87.6291978,41.9222622],[-87.629123,41.9221367],[-87.6289635,41.9219479],[-87.6286333,41.9215574],[-87.628388,41.9213089],[-87.6283884,41.9212785],[-87.6283903,41.9211031],[-87.6277672,41.9213885],[-87.6277577,41.9213823],[-87.6277472,41.9213865],[-87.6277382,41.9213809],[-87.6277205,41.9213598],[-87.6277149,41.921352],[-87.6277134,41.9213458],[-87.628944,41.9208046],[-87.6287522,41.920776],[-87.6287233,41.9207342],[-87.6286,41.9205557],[-87.6285867,41.9205364],[-87.6284809,41.9203832],[-87.6281536,41.9200725],[-87.6279371,41.9198331],[-87.6278541,41.9197413],[-87.6276057,41.9196663],[-87.6273604,41.9197836],[-87.6273447,41.9197502],[-87.6273352,41.9197307],[-87.6276288,41.9195876],[-87.6280929,41.9193606],[-87.6280802,41.9192281],[-87.6279467,41.9190246],[-87.6278216,41.9188338],[-87.6278092,41.9188148],[-87.627427,41.9184832],[-87.6272637,41.9182969],[-87.6272104,41.9181319],[-87.6267406,41.9182525],[-87.627221,41.9179875],[-87.6276031,41.9177766],[-87.6275651,41.9177386],[-87.6273004,41.9174738],[-87.6271882,41.9173792],[-87.6270546,41.9172665],[-87.6268087,41.9170797],[-87.6264263,41.9167687],[-87.6262637,41.9167145],[-87.6261029,41.9168196],[-87.6260539,41.9167783],[-87.6263863,41.9165592],[-87.6265018,41.9164831],[-87.6261838,41.9162732],[-87.6260859,41.9161922],[-87.6258834,41.9160243],[-87.6256374,41.9158376],[-87.6255148,41.9157503],[-87.6249217,41.9153281],[-87.6247625,41.9152147],[-87.6241374,41.9147285],[-87.6236423,41.9143433],[-87.6233439,41.9141869],[-87.6228478,41.9139268],[-87.6222981,41.9137999],[-87.6222276,41.9137918],[-87.6219337,41.913758],[-87.6214439,41.9137946],[-87.6209209,41.9139823],[-87.6208497,41.9140492],[-87.6205945,41.9142891],[-87.6203635,41.9145061],[-87.6203612,41.9145082],[-87.6204699,41.914653],[-87.6206621,41.9147159],[-87.6209691,41.9146954],[-87.6212099,41.9147149],[-87.6212495,41.9147181],[-87.6207429,41.9148811],[-87.620322,41.9148381],[-87.6201288,41.9145434],[-87.6201516,41.9141127],[-87.6201561,41.9140289],[-87.6201643,41.9138728],[-87.6202523,41.913538],[-87.6204625,41.9132875],[-87.6204798,41.9132668],[-87.6211499,41.9129694],[-87.6218476,41.9129015],[-87.6218704,41.9128993],[-87.6219333,41.9128932],[-87.6222181,41.9128657],[-87.6222997,41.9128524],[-87.6223332,41.9128469],[-87.6224327,41.9128269],[-87.6225395,41.9128011],[-87.6226444,41.9127712],[-87.622747,41.9127372],[-87.622847,41.9126993],[-87.6229443,41.9126574],[-87.6230385,41.9126119],[-87.6231228,41.9125663],[-87.6231294,41.9125627],[-87.6232168,41.91251],[-87.6232367,41.9124966],[-87.6233003,41.912454],[-87.6233507,41.9124146],[-87.6236994,41.9121419],[-87.6237681,41.9120881],[-87.6242551,41.9117179],[-87.6243871,41.9116177],[-87.6244835,41.9115443],[-87.6246731,41.9114002],[-87.6246665,41.9113297],[-87.624665,41.9112972],[-87.6246619,41.9112279],[-87.6246631,41.9111261],[-87.6246703,41.9110244],[-87.6246833,41.910923],[-87.6246866,41.9108918],[-87.6246879,41.910885],[-87.6246972,41.9108354],[-87.6247136,41.9107797],[-87.6247356,41.9107251],[-87.6247632,41.910672],[-87.6247804,41.9106458],[-87.6248119,41.910606],[-87.6248176,41.9106],[-87.6248483,41.9105685],[-87.6248892,41.9105339],[-87.6249344,41.9105022],[-87.6249628,41.9104798],[-87.6249973,41.9104468],[-87.625027,41.9104113],[-87.6250517,41.9103737],[-87.6250709,41.9103344],[-87.6250888,41.91029],[-87.625101,41.9102598],[-87.6251053,41.9102491],[-87.6251261,41.9101641],[-87.6251341,41.9100787],[-87.6251452,41.9099887],[-87.6251532,41.9098997],[-87.6251549,41.9098024],[-87.6251457,41.9096762],[-87.6251373,41.9095649],[-87.6251224,41.9093668],[-87.6250999,41.9090952],[-87.6250829,41.9089509],[-87.6250684,41.9088261],[-87.6250559,41.9087186],[-87.6250296,41.9085243],[-87.6249992,41.9083647],[-87.6249817,41.9082732],[-87.6249386,41.9080791],[-87.624912,41.9079723],[-87.6248906,41.9078504],[-87.6248525,41.9076679],[-87.624835,41.9076072],[-87.6248194,41.9075112],[-87.6248107,41.90751],[-87.6247763,41.9074215],[-87.6247051,41.9072383],[-87.624606,41.9069827],[-87.6245332,41.9067729],[-87.6244687,41.9065866],[-87.6244454,41.9065193],[-87.6244077,41.9064105],[-87.6243899,41.9063599],[-87.6243019,41.9061104],[-87.6242144,41.9058622],[-87.624212,41.9058553],[-87.6241576,41.9057012],[-87.6240883,41.905505],[-87.624014,41.9052944],[-87.6239872,41.9052184],[-87.6239302,41.9050563],[-87.6238704,41.9048858],[-87.6237774,41.9046207],[-87.6237274,41.904477],[-87.6235783,41.9043946],[-87.6234575,41.9043278],[-87.6231557,41.9040986],[-87.622612,41.9037314],[-87.6225181,41.9036601],[-87.6222498,41.9034564],[-87.6222066,41.9033782],[-87.6219217,41.9028632],[-87.6217426,41.9025438],[-87.6216652,41.9024017],[-87.6216572,41.9023871],[-87.6215935,41.9022701],[-87.6216269,41.9019975],[-87.621161,41.9018418],[-87.6211344,41.9018794],[-87.6206706,41.9017897],[-87.6202651,41.9016859],[-87.6201193,41.9016538],[-87.6198594,41.9015966],[-87.6196283,41.9014794],[-87.6193593,41.9012897],[-87.6192056,41.901173],[-87.6190331,41.9010127],[-87.6189382,41.9008385],[-87.6188045,41.9006786],[-87.6186904,41.9004898],[-87.6186155,41.9002578],[-87.6184816,41.9001123],[-87.6183478,41.8999523],[-87.6183388,41.8999173],[-87.618275,41.899668],[-87.6182006,41.899556],[-87.6180068,41.8992653],[-87.6179607,41.8991963],[-87.6177403,41.8988599],[-87.6176586,41.8987351],[-87.6175632,41.8985908],[-87.617505,41.8985027],[-87.6174886,41.8984773],[-87.6172241,41.898068],[-87.6172111,41.8980479],[-87.6170349,41.897791],[-87.6169544,41.8976735],[-87.6169501,41.8976673],[-87.6168587,41.8975341],[-87.616668,41.8972809],[-87.6165048,41.8971293],[-87.6163248,41.8968407],[-87.6162442,41.8967354],[-87.6162298,41.8967166],[-87.6161984,41.8966756],[-87.6160546,41.8964284],[-87.615874,41.8961945],[-87.6157843,41.8960297],[-87.6155858,41.8957556],[-87.6155546,41.8957124],[-87.6154956,41.895631],[-87.6154779,41.8955761],[-87.6154481,41.8955377],[-87.6152431,41.8952735],[-87.6151174,41.8950537],[-87.6149365,41.8948473],[-87.6148464,41.8947098],[-87.6148131,41.8946655],[-87.6147853,41.8946284],[-87.6147742,41.8946136],[-87.6146843,41.8944624],[-87.6143767,41.8941183],[-87.6142865,41.8939945],[-87.6142506,41.8939259],[-87.6139588,41.8935244],[-87.6136592,41.8935846],[-87.613285,41.8936319],[-87.6129605,41.8936919],[-87.6126524,41.8937644],[-87.6124445,41.8937941],[-87.6121803,41.8937772],[-87.611743,41.8937322],[-87.6121371,41.8933013],[-87.6112596,41.8928374],[-87.6118079,41.892758],[-87.6133946,41.8927454],[-87.6137871,41.8928234],[-87.6138813,41.8930447],[-87.6139023,41.893084],[-87.6139511,41.8931634],[-87.614005,41.893241],[-87.6141856,41.8934788],[-87.6143003,41.893623],[-87.6143756,41.8937182],[-87.614628,41.894037],[-87.6149395,41.8944338],[-87.6149537,41.8944519],[-87.6150527,41.8945818],[-87.6150988,41.8946422],[-87.6153118,41.8949293],[-87.6155198,41.8952184],[-87.6156338,41.8953822],[-87.6157225,41.8955095],[-87.6159613,41.8958668],[-87.6161993,41.8962195],[-87.6162363,41.8962743],[-87.6166887,41.8969448],[-87.6167444,41.8970273],[-87.6167828,41.8970842],[-87.6172725,41.8977953],[-87.6174488,41.8980513],[-87.6177124,41.898434],[-87.6178702,41.8986644],[-87.6179468,41.8987785],[-87.6180695,41.8989615],[-87.618482,41.8995717],[-87.6185009,41.8995996],[-87.6185224,41.8996313],[-87.6185621,41.8998379],[-87.618571,41.8998522],[-87.6187523,41.9001429],[-87.6189055,41.900303],[-87.6190136,41.9004779],[-87.6192289,41.9008259],[-87.6193241,41.9009711],[-87.6197634,41.9009498],[-87.6209762,41.9009201],[-87.6213334,41.9009099],[-87.6218291,41.9008955],[-87.6222377,41.9008803],[-87.6228288,41.9008647],[-87.6241082,41.9008154],[-87.6240589,41.9013825],[-87.6240181,41.901789],[-87.6242245,41.902274],[-87.6243067,41.9025005],[-87.6244482,41.9028314],[-87.6245358,41.9031258],[-87.6246127,41.9032799],[-87.6246998,41.9036105],[-87.6247934,41.9039049],[-87.6248454,41.9041267],[-87.6248736,41.9043122],[-87.6248646,41.9045788],[-87.6248512,41.9046918],[-87.6248965,41.9049768],[-87.6249305,41.9051895],[-87.6249947,41.9053978],[-87.6250232,41.9055562],[-87.625075,41.9058006],[-87.6251451,41.9060226],[-87.6251912,41.9062398],[-87.6252546,41.9065205],[-87.6252898,41.9066247],[-87.6254232,41.9071408],[-87.6255101,41.9074985],[-87.6255444,41.907675],[-87.62555,41.9077202],[-87.6255906,41.9078742],[-87.6256076,41.9079828],[-87.6257057,41.908366],[-87.6257267,41.9084308],[-87.6257474,41.9085144],[-87.6257683,41.9085792],[-87.6257745,41.9086708],[-87.625855,41.9088922],[-87.6258743,41.9091051],[-87.6259049,41.9092696],[-87.6259288,41.9093883],[-87.6259346,41.909523],[-87.6259546,41.9097298],[-87.6259734,41.9100177],[-87.6259774,41.9102514],[-87.6260009,41.9105193],[-87.6259934,41.9106808],[-87.6259952,41.9108282],[-87.6261242,41.910818],[-87.6261621,41.9108172],[-87.6261686,41.9108367],[-87.6261724,41.9109229],[-87.6261724,41.9109236],[-87.6261711,41.910972],[-87.6261758,41.9110202],[-87.6261862,41.9110679],[-87.6262025,41.9111147],[-87.6262243,41.9111602],[-87.6262507,41.9112176],[-87.6264068,41.9111775],[-87.6264047,41.9111738],[-87.6269246,41.9111645],[-87.6269255,41.9112029],[-87.6269219,41.9112023],[-87.62688,41.9111997],[-87.6268381,41.9112014],[-87.6267969,41.9112075],[-87.6267572,41.9112179],[-87.6267198,41.9112323],[-87.6266856,41.9112504],[-87.6266838,41.9112526],[-87.6266794,41.9112566],[-87.6266598,41.9112783],[-87.6266453,41.9113022],[-87.6266364,41.9113276],[-87.6266628,41.9114342],[-87.6266777,41.9114512],[-87.6267016,41.9114705],[-87.6267293,41.9114865],[-87.6267603,41.9114988],[-87.6267936,41.9115071],[-87.626797,41.9115082],[-87.6268108,41.9115106],[-87.6268448,41.9115134],[-87.6268789,41.9115119],[-87.6269122,41.9115059],[-87.6269435,41.9114958],[-87.6269722,41.9114819],[-87.6269972,41.9114645],[-87.6270179,41.9114442],[-87.6270336,41.9114215],[-87.6270439,41.9113972],[-87.6270484,41.9113719],[-87.6270508,41.9113669],[-87.6270526,41.9113584],[-87.627061,41.9113382],[-87.6270748,41.9113198],[-87.6270934,41.9113038],[-87.627116,41.9112911],[-87.6271416,41.9112822],[-87.6271691,41.9112773],[-87.6271957,41.9112748],[-87.6276663,41.911267],[-87.6280818,41.9112607],[-87.6281817,41.9112592],[-87.6285163,41.9112541],[-87.6288213,41.9112494],[-87.6294944,41.9112374],[-87.6299117,41.9112317],[-87.6300513,41.9112297],[-87.6303643,41.9112252],[-87.6303761,41.911225],[-87.6306793,41.9112204],[-87.6307657,41.911217],[-87.6307806,41.9112193],[-87.630794,41.9112265],[-87.6307994,41.9112345],[-87.6308026,41.9112432],[-87.6308043,41.9112577],[-87.6308085,41.9112859],[-87.6308089,41.9112888],[-87.6308157,41.9113132],[-87.6308281,41.9113363],[-87.6308457,41.9113575],[-87.6308681,41.911376],[-87.6308944,41.9113914],[-87.6309239,41.911403],[-87.6309557,41.9114106],[-87.6309888,41.911414],[-87.6310221,41.911413],[-87.6310547,41.9114076],[-87.6310855,41.911398],[-87.6311136,41.9113846],[-87.631126,41.9113726],[-87.6312053,41.9113041],[-87.6312231,41.9112879],[-87.6312386,41.9112716],[-87.6312596,41.9112568],[-87.6312841,41.9112455],[-87.6313112,41.9112381],[-87.6313236,41.9112371],[-87.6315061,41.9112338],[-87.631512,41.9112333],[-87.6315304,41.9112348],[-87.6315473,41.9112405],[-87.631561,41.9112498],[-87.6315701,41.9112618],[-87.6316232,41.9113434],[-87.631875,41.9117576],[-87.6319151,41.9118235],[-87.6321574,41.9122187],[-87.632185,41.9122637],[-87.6323777,41.9125738],[-87.6324562,41.9127],[-87.6325071,41.912782],[-87.6325311,41.9128215],[-87.632534,41.9128263],[-87.6326122,41.9129551],[-87.632616,41.9129621],[-87.6326187,41.9129733],[-87.6326198,41.9129778],[-87.6326182,41.9129906],[-87.6327758,41.9132841],[-87.6327956,41.9132906],[-87.6328123,41.9133008],[-87.6328248,41.913314],[-87.6328461,41.9133405],[-87.6328591,41.9133617],[-87.6329727,41.9135474],[-87.6330803,41.9137232],[-87.6332222,41.9139549],[-87.6332622,41.9140194],[-87.6333897,41.9142247],[-87.633456,41.9143315],[-87.6337066,41.9147351],[-87.6337384,41.9147864],[-87.6338872,41.9150303],[-87.6339042,41.9150581],[-87.63404,41.9152807],[-87.6340653,41.9153221],[-87.6342008,41.9155442],[-87.6342129,41.9155641],[-87.6343259,41.9157486],[-87.6343917,41.9158562],[-87.6345382,41.9160956],[-87.6345711,41.9161494],[-87.6346816,41.9163287],[-87.6347415,41.916426],[-87.6348381,41.916583],[-87.6349648,41.9167888],[-87.6349659,41.9167906],[-87.6351381,41.9170697],[-87.6351533,41.9170944],[-87.6351789,41.9171358],[-87.6353287,41.9173788],[-87.635353,41.9174182],[-87.6354668,41.9176022],[-87.6356215,41.9178525],[-87.6357159,41.9180051],[-87.6357244,41.9180192],[-87.6357757,41.9181036],[-87.635919,41.9183399],[-87.6359915,41.9184594],[-87.6360553,41.9185541],[-87.6360563,41.9185557],[-87.6361139,41.9186506],[-87.6361321,41.9186843],[-87.636167,41.9187489],[-87.6361915,41.9188002],[-87.6362147,41.9188488],[-87.6362568,41.91895],[-87.63627,41.9189852],[-87.6362879,41.9190422],[-87.6363002,41.9191001],[-87.6363065,41.9191585],[-87.636307,41.9192171],[-87.6363061,41.9192335],[-87.6363064,41.9192438],[-87.6363081,41.9192967],[-87.6363135,41.9194693],[-87.6363211,41.9197099],[-87.6363223,41.9197502],[-87.636329,41.9199129],[-87.6363332,41.9200946],[-87.6363167,41.9201139],[-87.6363019,41.9201189],[-87.6362977,41.9201195],[-87.6363088,41.9202112],[-87.6363241,41.9202206],[-87.636335,41.9202329],[-87.6363392,41.9202416],[-87.6363411,41.9203203],[-87.636344,41.9204387],[-87.6363563,41.9208931],[-87.6363598,41.9209921],[-87.6363657,41.9211588],[-87.636378,41.9215868],[-87.6363792,41.9216312],[-87.6363797,41.9216524],[-87.6363827,41.9217662],[-87.6363854,41.9219076],[-87.6363813,41.9219172],[-87.6363709,41.9219277],[-87.6363565,41.921935],[-87.6363482,41.9220231],[-87.6363655,41.9220281],[-87.6363799,41.9220369],[-87.6363899,41.9220486],[-87.636394,41.9220586],[-87.6363969,41.9221556],[-87.6363989,41.922223],[-87.636403,41.9223601],[-87.6364053,41.9224333],[-87.6364061,41.9224607],[-87.6364107,41.9226298],[-87.6364168,41.9228531],[-87.6364197,41.9229608],[-87.6364224,41.9230479],[-87.6364226,41.9230532],[-87.6364305,41.9233055],[-87.6364332,41.9233909],[-87.6364385,41.9235983],[-87.6364402,41.9236659],[-87.6364408,41.9236913],[-87.6364478,41.9238816],[-87.6364502,41.9239468],[-87.6364558,41.924134],[-87.6364569,41.9241716],[-87.6364621,41.9243377],[-87.6364626,41.9243554],[-87.6364637,41.9243884],[-87.6364685,41.9245448],[-87.6364761,41.9247831],[-87.6364795,41.9248909],[-87.6364819,41.9249696],[-87.6364856,41.9250951],[-87.6364862,41.9251144],[-87.6364943,41.9253954],[-87.636495,41.9254171],[-87.6364953,41.9254478],[-87.6364956,41.9254712],[-87.6364965,41.9255479],[-87.6364966,41.9255478],[-87.6365114,41.9256979],[-87.6365671,41.925693],[-87.6366523,41.9256856],[-87.6367191,41.9256808],[-87.6368104,41.9256809],[-87.6370526,41.9256763],[-87.6371005,41.9256762],[-87.6372246,41.9256757],[-87.637341,41.9256721],[-87.6374979,41.9256652],[-87.6376274,41.9256571],[-87.63766,41.9256568],[-87.637768,41.9256558],[-87.6378833,41.925654],[-87.6379997,41.9256529],[-87.6381716,41.9256584],[-87.6383796,41.9256622],[-87.6385597,41.9256648],[-87.6388783,41.9256618],[-87.6389815,41.9256608],[-87.638998,41.9256626],[-87.6390187,41.9256686],[-87.6390366,41.9256785],[-87.6390504,41.9256915],[-87.6390592,41.9257068],[-87.6390624,41.9257232],[-87.6390638,41.9257321],[-87.6390652,41.9257503],[-87.6390683,41.9258704],[-87.6390725,41.9259835],[-87.6390781,41.9261363],[-87.6390893,41.9264183],[-87.6390895,41.9264217],[-87.6390966,41.9265883],[-87.6391089,41.9268753],[-87.6391119,41.9269627],[-87.639118,41.9271344],[-87.6391185,41.9271483],[-87.6391283,41.9274679],[-87.6391345,41.9276565],[-87.6391366,41.9277229],[-87.6391376,41.927747],[-87.6391471,41.9279842],[-87.6391558,41.9282197],[-87.6391607,41.9283533],[-87.639163,41.9284171],[-87.6391742,41.9287384],[-87.6391795,41.9288722],[-87.6391858,41.929033],[-87.6391915,41.9291779],[-87.6391921,41.9291947],[-87.639203,41.9294904],[-87.6392108,41.9297024],[-87.6392201,41.929959],[-87.6392224,41.9300222],[-87.6392225,41.930023],[-87.6392417,41.9304949],[-87.6392421,41.930505],[-87.6392503,41.9307441],[-87.639253,41.9308235],[-87.639265,41.9311444],[-87.6392666,41.9311849],[-87.6392736,41.931391],[-87.6392736,41.9313936],[-87.6392849,41.9317256],[-87.6392867,41.9317785],[-87.6392924,41.9319614],[-87.6392894,41.9320671],[-87.6392745,41.9325951],[-87.6392743,41.9326003],[-87.6392723,41.9326071],[-87.6392298,41.9326254],[-87.6392308,41.9326255],[-87.6391725,41.9328449],[-87.6391741,41.9328526],[-87.6391703,41.9328617],[-87.6391684,41.9328632],[-87.6391615,41.9328685],[-87.6391495,41.9328717],[-87.6391369,41.9328706],[-87.6391357,41.9328703],[-87.6390738,41.9328708],[-87.639039,41.9328495],[-87.638373,41.9328603],[-87.6382106,41.9328629],[-87.637793,41.932868],[-87.6373586,41.9328605],[-87.6373243,41.9328582],[-87.6365912,41.9328109],[-87.6364921,41.9327979],[-87.636167,41.9327835],[-87.6361635,41.9327834],[-87.6360047,41.9330871],[-87.6359947,41.9330974],[-87.6359843,41.9331048],[-87.6359762,41.9331089],[-87.6359686,41.9331125],[-87.6359626,41.9331149],[-87.6360423,41.9332712],[-87.6361251,41.9334336],[-87.6362565,41.9336912],[-87.6363977,41.9339548],[-87.6364102,41.9339782],[-87.6364774,41.9341129],[-87.6365391,41.934249],[-87.6365803,41.9343484],[-87.6366065,41.9344355],[-87.636627,41.9345235],[-87.6366417,41.9346121],[-87.6366431,41.9346249],[-87.6366489,41.9346785],[-87.6366873,41.9350829],[-87.6366949,41.9352819],[-87.6367069,41.9355997],[-87.6367076,41.9357964],[-87.6367104,41.9358786],[-87.6367117,41.9359197],[-87.6367142,41.9359931],[-87.6367267,41.9361895],[-87.6367369,41.9363035],[-87.6367393,41.9363306],[-87.6367527,41.9364455],[-87.636772,41.93656],[-87.636797,41.9366738],[-87.6368279,41.9367868],[-87.6368399,41.9368236],[-87.6368645,41.9368988],[-87.6368995,41.9369918],[-87.6369963,41.9372343],[-87.6370587,41.9373741],[-87.637252,41.9378073],[-87.6373046,41.9379121],[-87.6374652,41.9382324],[-87.6376553,41.9385512],[-87.63772,41.9386598],[-87.6377285,41.9386651],[-87.6377416,41.9386683],[-87.6377493,41.9386688],[-87.6377592,41.9386737],[-87.6377615,41.9386758],[-87.6378021,41.9387326],[-87.6378225,41.9387488],[-87.6378386,41.9387588],[-87.637847,41.9387632],[-87.6378562,41.9387695],[-87.6378582,41.938772],[-87.6379983,41.9389895],[-87.6379987,41.9389976],[-87.6379937,41.9390049],[-87.6379866,41.9390088],[-87.6379432,41.9390116],[-87.6380127,41.9391213],[-87.6382792,41.9395424],[-87.6383616,41.9395702],[-87.6384384,41.9396856],[-87.638439,41.9396932],[-87.638434,41.9396999],[-87.6384249,41.9397035],[-87.6383681,41.9397566],[-87.6383682,41.9397567],[-87.638429,41.9398137],[-87.6384852,41.9398734],[-87.6385046,41.9398959],[-87.6387025,41.9401766],[-87.6387068,41.9401907],[-87.6387055,41.9401983],[-87.6386995,41.940204],[-87.63901,41.9403475],[-87.639142,41.9403013],[-87.6392567,41.9402721],[-87.6393715,41.9402387],[-87.6394228,41.9402518],[-87.6394567,41.9402861],[-87.6394556,41.9403929],[-87.6394609,41.9404271],[-87.6394661,41.9404741],[-87.6394657,41.9405082],[-87.6394652,41.9405552],[-87.6394648,41.9405944],[-87.6394646,41.9406107],[-87.6394641,41.9406576],[-87.6394635,41.9407131],[-87.6394685,41.9407772],[-87.639468,41.9408284],[-87.6394731,41.940884],[-87.6394779,41.9409651],[-87.6394797,41.9410942],[-87.6393165,41.9411694],[-87.6393631,41.9412655],[-87.6394112,41.9413777],[-87.6394436,41.9414671],[-87.6394704,41.9415576],[-87.6394915,41.9416489],[-87.6394921,41.9416494],[-87.6394951,41.9416554],[-87.6394924,41.9416615],[-87.6391272,41.9418199],[-87.6391849,41.941995],[-87.6391934,41.942007],[-87.639268,41.9421223],[-87.6393373,41.9422394],[-87.6394012,41.9423582],[-87.6394134,41.9423822],[-87.639521,41.9425828],[-87.639605,41.9427395],[-87.6396146,41.9427567],[-87.639802,41.943095],[-87.6400044,41.9434489],[-87.6400508,41.9435285],[-87.6402712,41.943914],[-87.6404708,41.9442631],[-87.6407348,41.9447545],[-87.6408041,41.9448836],[-87.6410187,41.9452859],[-87.6410531,41.9454261],[-87.6411008,41.9455119],[-87.641128,41.945561],[-87.6412308,41.9456749],[-87.6413585,41.9459094],[-87.6414724,41.9461185],[-87.6416929,41.9465022],[-87.6419124,41.9468851],[-87.6419331,41.9469212],[-87.6419626,41.9469726],[-87.6420113,41.9470577],[-87.6421784,41.9473956],[-87.6422703,41.9475827],[-87.6424165,41.9478344],[-87.6425556,41.9480759],[-87.6426647,41.9483587],[-87.6426577,41.9483917],[-87.6427849,41.9484306],[-87.6428431,41.9485163],[-87.643149,41.9490158],[-87.6431996,41.9490984],[-87.6434513,41.9495094],[-87.6435308,41.9496409],[-87.643776,41.9500461],[-87.6438473,41.950164],[-87.6438871,41.9502959],[-87.6439708,41.9504219],[-87.6440758,41.9505439],[-87.6442093,41.9507612],[-87.6442447,41.950826],[-87.6442992,41.9509348],[-87.6443481,41.9510451],[-87.6443914,41.9511568],[-87.6444021,41.9511887],[-87.6444291,41.9512695],[-87.644461,41.9513833],[-87.6444729,41.9514392],[-87.6444943,41.95156],[-87.6445099,41.9516812],[-87.6445196,41.9518028],[-87.6445224,41.9518948],[-87.6445233,41.9519246],[-87.6445213,41.9520464],[-87.6445133,41.952168],[-87.6445121,41.9522495],[-87.6445049,41.9524489],[-87.6444995,41.9525329],[-87.644492,41.9526481],[-87.6444565,41.9528787],[-87.6443943,41.9532108],[-87.6443409,41.9534482],[-87.644418,41.9534572],[-87.6444362,41.9534593],[-87.6444525,41.9537199],[-87.6444556,41.9539836],[-87.644449,41.9543569],[-87.6444539,41.9545051],[-87.6444607,41.9545534],[-87.6444643,41.954579],[-87.6444817,41.9547054],[-87.6444825,41.9547054],[-87.644485,41.954726],[-87.6449541,41.9546952],[-87.6449541,41.954695],[-87.6451286,41.9546912],[-87.6451408,41.9546936],[-87.645161,41.9547011],[-87.6451779,41.9547122],[-87.645613,41.9560825],[-87.6457701,41.9564751],[-87.6457864,41.9565149],[-87.6458195,41.9565962],[-87.6459967,41.9570301],[-87.6460625,41.9571962],[-87.6461283,41.9573768],[-87.6461883,41.9575585],[-87.64622,41.9576711],[-87.646246,41.9577846],[-87.6462661,41.9578987],[-87.6462798,41.9579636],[-87.6463279,41.9582104],[-87.6463916,41.9584721],[-87.6464612,41.9587164],[-87.6464929,41.958836],[-87.6465886,41.9592113],[-87.646603,41.9592725],[-87.6466335,41.9594214],[-87.6466584,41.9595709],[-87.6466775,41.9597209],[-87.6466845,41.9597999],[-87.6466968,41.9599772],[-87.6467015,41.9600873],[-87.6467044,41.9601546],[-87.6467422,41.9607381],[-87.6467435,41.9607562],[-87.6467538,41.9609313],[-87.6467625,41.961078],[-87.6467669,41.9611833],[-87.646781,41.9614318],[-87.6468001,41.96168],[-87.6467205,41.9618376],[-87.6467152,41.9618442],[-87.646706,41.9618477],[-87.6467782,41.962012],[-87.6467991,41.962027],[-87.6468155,41.9620448],[-87.6468267,41.9620647],[-87.6468312,41.962079],[-87.646851,41.9621415],[-87.6468766,41.962203],[-87.6469077,41.9622629],[-87.6469442,41.9623212],[-87.6469683,41.9623547],[-87.6469848,41.962371],[-87.6469988,41.9623902],[-87.6470075,41.9624111],[-87.64701,41.9624242],[-87.6470217,41.9624746],[-87.6470258,41.9624963],[-87.6470256,41.9624984],[-87.6470956,41.9625405],[-87.6471007,41.9625338],[-87.6471099,41.9625301],[-87.6471202,41.9625307],[-87.6471286,41.9625352],[-87.647131,41.9625383],[-87.6472295,41.9626463],[-87.6473233,41.9627567],[-87.647412,41.9628693],[-87.6474677,41.9629446],[-87.6476501,41.9631832],[-87.6477746,41.9633503],[-87.6477989,41.9633875],[-87.6478366,41.9634451],[-87.6478938,41.9635415],[-87.6479082,41.9635676],[-87.6479739,41.9636855],[-87.6480991,41.9638905],[-87.6481414,41.9639668],[-87.6481783,41.9640446],[-87.6482095,41.9641238],[-87.6482351,41.9642042],[-87.6482548,41.9642848],[-87.648352,41.9646684],[-87.6483858,41.9648069],[-87.6484764,41.9651754],[-87.6485233,41.9653761],[-87.6485243,41.9653895],[-87.6485643,41.9655723],[-87.6485739,41.965583],[-87.648578,41.9655956],[-87.6485781,41.9655971],[-87.6486145,41.9657513],[-87.6486623,41.9659536],[-87.6487165,41.9661433],[-87.6488424,41.9665846],[-87.6489726,41.967021],[-87.6490176,41.9671719],[-87.6491255,41.9675563],[-87.6492558,41.9680214],[-87.6493279,41.9682798],[-87.6493573,41.9683851],[-87.6494482,41.9687148],[-87.6494613,41.9687623],[-87.6495367,41.9690359],[-87.6495382,41.9690414],[-87.6495424,41.9690515],[-87.6495428,41.9690651],[-87.649541,41.9690695],[-87.64957,41.96924],[-87.6495856,41.9692485],[-87.649597,41.9692601],[-87.6496033,41.9692737],[-87.6498745,41.9701816],[-87.649891,41.9702371],[-87.6498989,41.9702605],[-87.6500812,41.9708027],[-87.6502175,41.9712027],[-87.6502762,41.9713749],[-87.650355,41.9716059],[-87.6504503,41.9718889],[-87.6505884,41.9722951],[-87.6506778,41.9725581],[-87.6508911,41.9731894],[-87.6509668,41.9733996],[-87.6509757,41.973424],[-87.6510928,41.9737412],[-87.6512333,41.9741152],[-87.6513358,41.9743879],[-87.6514248,41.9746366],[-87.6514497,41.9747061],[-87.6516376,41.9752153],[-87.6518106,41.9756738],[-87.6518969,41.9759025],[-87.6520578,41.9763203],[-87.6520625,41.9763325],[-87.651881,41.9763343],[-87.6517807,41.976328],[-87.6516882,41.9763188],[-87.6516034,41.9763039],[-87.651534,41.976289],[-87.6514455,41.9762655],[-87.6513839,41.9762459],[-87.6519376,41.978528],[-87.6529885,41.9785109],[-87.6531969,41.9785076],[-87.6531973,41.9785076],[-87.6532896,41.9786695],[-87.6534559,41.9789226],[-87.6535935,41.9791467],[-87.6537227,41.9794131],[-87.6538207,41.9798503],[-87.6538944,41.9801903],[-87.6539184,41.9803011],[-87.6539428,41.9804511],[-87.6539864,41.9807201],[-87.6540284,41.9813101],[-87.6540347,41.9814283],[-87.6540636,41.9819721],[-87.6540834,41.9825631],[-87.6540911,41.9827915],[-87.6541185,41.9836155],[-87.6541417,41.9837057],[-87.6541217,41.9837063],[-87.6541352,41.9839338],[-87.6541401,41.9839336],[-87.6541386,41.9840748],[-87.6541367,41.9842563],[-87.6541326,41.9846395],[-87.6541296,41.9849218],[-87.654128,41.9850771],[-87.6541239,41.9854596],[-87.6541238,41.9854663],[-87.6541718,41.9856769],[-87.6542572,41.9863631],[-87.6542679,41.9864467],[-87.6542781,41.9865307],[-87.6543141,41.9868244],[-87.6543392,41.9870003],[-87.6543711,41.9872713],[-87.6543779,41.9877237],[-87.6546212,41.9877222],[-87.6546246,41.9878559],[-87.6545522,41.9878608],[-87.6545544,41.9879502],[-87.6545624,41.9882691],[-87.6544065,41.98828],[-87.6543045,41.9884218],[-87.6542489,41.9889313]]]}},{"type":"Feature","properties":{"ADDRESS":"Includes Logan, Kedzie, and Humboldt boulevards, Logan and Palmer squares","TYPE_MAIN":"2:NR - District","NHL_NR":null,"NOTES":null,"NAME":"Logan Square Boulevards Historic District","TYPE":2},"geometry":{"type":"Polygon","coordinates":[[[-87.690861,41.929305],[-87.6908344,41.929307],[-87.6899698,41.9288617],[-87.6888542,41.9282308],[-87.6888531,41.9281699],[-87.6888448,41.9277105],[-87.6889648,41.9277093],[-87.690134,41.9276975],[-87.6907811,41.9276864],[-87.6907972,41.9276779],[-87.6907948,41.9275362],[-87.691406,41.9275303],[-87.6914088,41.9276897],[-87.6914307,41.9276895],[-87.6950701,41.9276542],[-87.6961208,41.927644],[-87.6974155,41.9276314],[-87.6975783,41.927704],[-87.6988378,41.9276921],[-87.7011073,41.9276705],[-87.701228,41.9277369],[-87.7023117,41.9277241],[-87.7024758,41.927628],[-87.7031902,41.9276249],[-87.7035179,41.9276949],[-87.7036571,41.9276936],[-87.70432,41.9276877],[-87.7046489,41.9278261],[-87.704938,41.92756],[-87.7054294,41.9278578],[-87.7054937,41.927792],[-87.7057474,41.9275325],[-87.7057977,41.927532],[-87.7063369,41.9275266],[-87.7063302,41.9271514],[-87.7063227,41.9267314],[-87.7063154,41.9263218],[-87.7062957,41.9252207],[-87.7062871,41.9247397],[-87.7061619,41.9247409],[-87.7061444,41.9237659],[-87.7061356,41.9232731],[-87.7062121,41.9231957],[-87.7062044,41.9227661],[-87.7062421,41.9226907],[-87.7062372,41.922357],[-87.7062318,41.9219798],[-87.7022085,41.9220123],[-87.701541,41.9220241],[-87.7015291,41.9216474],[-87.7009461,41.9216577],[-87.7009427,41.9215507],[-87.7009293,41.9211248],[-87.7009253,41.9209966],[-87.7008961,41.9200694],[-87.7008634,41.9190289],[-87.7008272,41.9178789],[-87.7008238,41.9177689],[-87.7008141,41.9174597],[-87.7010606,41.9174553],[-87.7010592,41.917411],[-87.7010355,41.9166567],[-87.701028,41.9164194],[-87.7010038,41.9156493],[-87.7009877,41.9151388],[-87.7009495,41.9139236],[-87.7009421,41.9136876],[-87.7009211,41.9130213],[-87.7008984,41.912298],[-87.7008257,41.9108215],[-87.7011046,41.9108188],[-87.7010936,41.9101832],[-87.7027204,41.9101676],[-87.702729,41.9106623],[-87.7028535,41.9106611],[-87.7028595,41.9110084],[-87.7028919,41.9128847],[-87.7029301,41.9137677],[-87.7031,41.9137636],[-87.7031048,41.9138758],[-87.7031261,41.9143664],[-87.7031874,41.9157864],[-87.7032093,41.9162925],[-87.7032365,41.916922],[-87.7032247,41.9174345],[-87.7031712,41.9174367],[-87.7032343,41.9182817],[-87.7032554,41.9198278],[-87.7032591,41.9200986],[-87.7052878,41.9200832],[-87.7059808,41.9200779],[-87.7059792,41.9199667],[-87.7081903,41.9199498],[-87.7081975,41.9204758],[-87.7082574,41.9204753],[-87.7082652,41.9210455],[-87.7082063,41.9211856],[-87.7082108,41.9213228],[-87.7082151,41.92146],[-87.7082196,41.9215972],[-87.7082206,41.9216274],[-87.708221,41.9216413],[-87.7083626,41.9216396],[-87.7083626,41.9216399],[-87.7083951,41.9216425],[-87.7083953,41.9216413],[-87.7083976,41.9216367],[-87.7083983,41.9218794],[-87.7084008,41.9219794],[-87.708407,41.9221995],[-87.7084087,41.9222541],[-87.70842,41.9226286],[-87.7084208,41.9226576],[-87.7084265,41.9227799],[-87.7084289,41.9228754],[-87.7084309,41.9229554],[-87.7084309,41.9229556],[-87.7084311,41.9229688],[-87.7084444,41.9233424],[-87.7084467,41.9233999],[-87.7084576,41.9237582],[-87.7084603,41.923874],[-87.708463,41.9240085],[-87.708464,41.924078],[-87.7084641,41.9240863],[-87.7084648,41.9241347],[-87.7084649,41.9241387],[-87.7084768,41.9245778],[-87.708477,41.9245812],[-87.7084685,41.9247019],[-87.7084568,41.925059],[-87.7084577,41.9250828],[-87.7084604,41.9251581],[-87.7084699,41.9254368],[-87.7084704,41.9254539],[-87.7084726,41.9256066],[-87.7084777,41.925793],[-87.7084785,41.9258166],[-87.7084873,41.9260298],[-87.7084899,41.9261376],[-87.7084912,41.9261889],[-87.708497,41.9263662],[-87.7084976,41.9264179],[-87.7084989,41.9265271],[-87.7085007,41.9266753],[-87.7085009,41.9266975],[-87.7085059,41.9268134],[-87.708511,41.926963],[-87.7085084,41.926963],[-87.708541,41.9277856],[-87.7084927,41.9278102],[-87.7085142,41.9282546],[-87.7086273,41.9284649],[-87.708623,41.928912],[-87.7081937,41.9289097],[-87.7081928,41.9290007],[-87.7078983,41.9292641],[-87.7074509,41.9293288],[-87.7073655,41.9293297],[-87.7073642,41.9293297],[-87.7067267,41.9293365],[-87.7061221,41.9293429],[-87.7059656,41.9293445],[-87.7058564,41.9293467],[-87.7058385,41.9293471],[-87.70583,41.9293472],[-87.7055159,41.9293535],[-87.7055161,41.9292941],[-87.7055123,41.9292144],[-87.7055103,41.9291705],[-87.7054892,41.9291412],[-87.7054751,41.9291384],[-87.7054333,41.929138],[-87.7053529,41.9291391],[-87.705282,41.9291402],[-87.7051868,41.9291415],[-87.7051584,41.9291419],[-87.7050434,41.9291436],[-87.7048955,41.9291438],[-87.7046975,41.9291442],[-87.7045377,41.9291448],[-87.7044846,41.9291449],[-87.7042841,41.9291474],[-87.7041297,41.9291492],[-87.70405,41.9291492],[-87.7039443,41.9291494],[-87.7038734,41.9291504],[-87.7038294,41.929151],[-87.7037328,41.9291465],[-87.7036709,41.9291837],[-87.7036109,41.9292199],[-87.7033266,41.9292214],[-87.7032161,41.9292221],[-87.7032114,41.9292221],[-87.7030527,41.9292231],[-87.7029014,41.929224],[-87.7027771,41.9292248],[-87.7025151,41.9292221],[-87.7024413,41.9291757],[-87.7023564,41.9291224],[-87.7020148,41.9291223],[-87.7018374,41.9291233],[-87.7017322,41.9291239],[-87.7016257,41.9291242],[-87.7014483,41.929125],[-87.7013241,41.9291258],[-87.7012291,41.9291269],[-87.7009738,41.92913],[-87.7009207,41.9291306],[-87.7006894,41.9291324],[-87.7006189,41.929133],[-87.7004326,41.9291345],[-87.7002204,41.9291373],[-87.7000105,41.9291393],[-87.6998475,41.9291408],[-87.6997319,41.9291423],[-87.6995194,41.9291451],[-87.6994012,41.9291453],[-87.6992267,41.9291456],[-87.6990495,41.9291468],[-87.698952,41.9291475],[-87.6988026,41.9291566],[-87.6987714,41.9291585],[-87.6987668,41.9291588],[-87.698597,41.9291691],[-87.6984365,41.929173],[-87.698251,41.9291775],[-87.6981569,41.9291769],[-87.6979499,41.9291756],[-87.6978525,41.9291755],[-87.6976219,41.9291745],[-87.6975372,41.9292197],[-87.6974613,41.9292601],[-87.6972131,41.9292714],[-87.6970979,41.9292736],[-87.6969529,41.9292748],[-87.6967956,41.9292762],[-87.6966519,41.929279],[-87.6966032,41.92928],[-87.6965715,41.9292806],[-87.6964731,41.9292825],[-87.6963454,41.9292818],[-87.6961525,41.9292806],[-87.6960504,41.9292812],[-87.6958916,41.9292822],[-87.6957366,41.9292841],[-87.6955686,41.9292861],[-87.6954209,41.929288],[-87.6952283,41.9292904],[-87.6951271,41.9292907],[-87.6948712,41.9292917],[-87.6946958,41.9292942],[-87.6945897,41.9292944],[-87.6945227,41.9292946],[-87.6943222,41.9292951],[-87.6941634,41.9292978],[-87.6940328,41.9292999],[-87.693906,41.9293008],[-87.6937921,41.9293016],[-87.69369,41.9293036],[-87.6935313,41.9293066],[-87.6933958,41.9293091],[-87.6932958,41.9293089],[-87.6930777,41.9293085],[-87.6929189,41.9293091],[-87.6928339,41.9293094],[-87.69269,41.9293114],[-87.6926859,41.9293115],[-87.6925508,41.9293133],[-87.6923866,41.9293156],[-87.6922845,41.9293173],[-87.6919854,41.9293222],[-87.6917481,41.9292978],[-87.690861,41.929305]]]}},{"type":"Feature","properties":{"ADDRESS":"District Roughly bounded by Lake St., Wabash Ave., Congress Pkwy. & State St. (November 27, 1998); boundary amended to include 19-25 W. Jackson Blvd.","TYPE_MAIN":"2:NR - District","NHL_NR":null,"NOTES":null,"NAME":"Loop  Retail Historic District","TYPE":2},"geometry":{"type":"Polygon","coordinates":[[[-87.627952,41.8863008],[-87.627952,41.8863011],[-87.6277678,41.8863008],[-87.627497,41.8863004],[-87.6274836,41.8861364],[-87.6274816,41.885859],[-87.6274809,41.8857518],[-87.6266324,41.8857551],[-87.6264916,41.8857557],[-87.6262725,41.8857313],[-87.626296,41.8862919],[-87.6258869,41.8863014],[-87.6258762,41.8857283],[-87.6256505,41.8857306],[-87.6256254,41.8851248],[-87.6256235,41.8850782],[-87.6254299,41.8850826],[-87.62541,41.8846028],[-87.6253866,41.8844985],[-87.6253576,41.8844984],[-87.6253335,41.8836299],[-87.6253305,41.8832729],[-87.6253396,41.8832234],[-87.6253541,41.883164],[-87.6253478,41.8827091],[-87.6253371,41.8820964],[-87.625331,41.8817494],[-87.6252906,41.880806],[-87.626171,41.8807892],[-87.6261519,41.8802551],[-87.6259883,41.8800951],[-87.6259318,41.8790018],[-87.6261004,41.8788151],[-87.6260957,41.878683],[-87.626095,41.878663],[-87.6252362,41.8786801],[-87.6252224,41.8782656],[-87.6260825,41.8782459],[-87.6260689,41.8774516],[-87.6269061,41.8774436],[-87.6269104,41.8770483],[-87.6268411,41.8760583],[-87.6262176,41.87607],[-87.6260357,41.8760705],[-87.6260273,41.8756883],[-87.6276184,41.8756381],[-87.6276628,41.8774636],[-87.627668,41.8778097],[-87.6282181,41.8778051],[-87.6282407,41.878178],[-87.628429,41.8781772],[-87.628436,41.8791362],[-87.6287145,41.8791351],[-87.6287426,41.8794478],[-87.6277103,41.8794616],[-87.6277244,41.8800939],[-87.628366,41.8800896],[-87.6284027,41.880739],[-87.6287279,41.8807324],[-87.6287508,41.8813565],[-87.6284044,41.8813636],[-87.6284084,41.8820114],[-87.6294024,41.881998],[-87.6294211,41.882582],[-87.6288237,41.8825886],[-87.6288253,41.8832179],[-87.6278697,41.8832181],[-87.6279107,41.8844908],[-87.6290432,41.8844837],[-87.6290387,41.8851169],[-87.6286915,41.8851203],[-87.6287052,41.8857501],[-87.6282548,41.8857518],[-87.6281839,41.8857879],[-87.627952,41.8863008]]]}},{"type":"Feature","properties":{"ADDRESS":"1336-1452 Sedgwick;  1337-1453 Hudson;  400-424 Evergreen;  401-425 Blackhawk","TYPE_MAIN":"2:NR - District","NHL_NR":null,"NOTES":null,"NAME":"Marshall Field Garden Apartments (Town and Garden Apartments)","TYPE":2},"geometry":{"type":"Polygon","coordinates":[[[-87.6385341,41.9092419],[-87.6385241,41.908919],[-87.6385151,41.9086282],[-87.6385099,41.9084635],[-87.6385042,41.9082854],[-87.6384909,41.9078624],[-87.6384871,41.9077308],[-87.6384835,41.9076007],[-87.6384799,41.9074671],[-87.6384728,41.9072393],[-87.6384667,41.9070462],[-87.6384569,41.906747],[-87.6384534,41.9066344],[-87.6384498,41.9065204],[-87.6386472,41.9065147],[-87.6388673,41.9065099],[-87.6392366,41.9065035],[-87.6395111,41.9064999],[-87.6396644,41.9064975],[-87.6396655,41.9065976],[-87.6396691,41.9067426],[-87.6396717,41.9068319],[-87.6396792,41.9070908],[-87.6396964,41.9076191],[-87.6397053,41.9078947],[-87.6397232,41.9084708],[-87.6397377,41.9089742],[-87.6397459,41.9092274],[-87.6393945,41.9092323],[-87.6391389,41.9092352],[-87.6390113,41.9092367],[-87.6385341,41.9092419]]]}},{"type":"Feature","properties":{"ADDRESS":"Fullerton Drive between Cannon and Stockton Drive","TYPE_MAIN":"3: (National Historic Landmark) - Individual Property","NHL_NR":"NHL","NOTES":null,"NAME":"Lincoln Park Lily Pool","TYPE":3},"geometry":{"type":"Polygon","coordinates":[[[-87.63485,41.9253658],[-87.6348412,41.9253769],[-87.6346604,41.9254138],[-87.6345162,41.9254845],[-87.6344736,41.9255738],[-87.6342177,41.9256189],[-87.6339052,41.9256053],[-87.6337605,41.9254955],[-87.6336571,41.925417],[-87.6335869,41.9253637],[-87.6336589,41.9252575],[-87.6333641,41.9245825],[-87.6332748,41.9244089],[-87.633228,41.9243679],[-87.63321,41.9243522],[-87.633237,41.92432],[-87.6332204,41.9242818],[-87.6332085,41.9242542],[-87.6333179,41.9242277],[-87.6335647,41.9241281],[-87.6337247,41.9241136],[-87.63382,41.9240589],[-87.6339974,41.9240821],[-87.6341422,41.924101],[-87.6342302,41.9241874],[-87.6342444,41.924245],[-87.6343113,41.9243537],[-87.6343948,41.9245643],[-87.6344343,41.9247414],[-87.6344623,41.9248668],[-87.6345002,41.9249235],[-87.6345325,41.924972],[-87.6346585,41.9250966],[-87.6346583,41.9251138],[-87.6347592,41.9250861],[-87.6348121,41.9251218],[-87.6348556,41.9252127],[-87.6348991,41.925304],[-87.63485,41.9253658]]]}},{"type":"Feature","properties":{"ADDRESS":"Roughly bound by Harlem Ave., Bryn Mawr Ave., and Avondale St.","TYPE_MAIN":"2:NR - District","NHL_NR":null,"NOTES":null,"NAME":"Norwood Park Historical District","TYPE":2},"geometry":{"type":"Polygon","coordinates":[[[-87.8068128,41.9957749],[-87.8063539,41.9955162],[-87.8063278,41.9955015],[-87.8061169,41.9953946],[-87.8060024,41.9953367],[-87.8056067,41.9951171],[-87.8052641,41.994927],[-87.8046155,41.9945598],[-87.8041839,41.9943154],[-87.8035237,41.9939416],[-87.8032234,41.99377],[-87.8028494,41.9935562],[-87.8022867,41.9932384],[-87.8016255,41.9928651],[-87.8011099,41.9925742],[-87.8006319,41.9923046],[-87.8002643,41.992096],[-87.8000096,41.9919514],[-87.7999046,41.9918939],[-87.7997278,41.9917934],[-87.7994966,41.991662],[-87.7994775,41.9916512],[-87.7993923,41.9916033],[-87.7992638,41.991531],[-87.7991966,41.9914928],[-87.799042,41.9914047],[-87.7987873,41.9912602],[-87.7984335,41.9910595],[-87.7981619,41.9909074],[-87.7981195,41.9908832],[-87.7978145,41.9907094],[-87.7975558,41.9905632],[-87.7974038,41.9904769],[-87.7972003,41.990362],[-87.7970773,41.9902896],[-87.7968178,41.9901393],[-87.7966288,41.9900323],[-87.7962504,41.9898183],[-87.7960583,41.9897099],[-87.7959154,41.989629],[-87.79575,41.9895356],[-87.7956527,41.9894805],[-87.7955041,41.9893964],[-87.7953419,41.9893046],[-87.7951663,41.9892051],[-87.7951342,41.989187],[-87.7949359,41.9890752],[-87.7947194,41.9889532],[-87.7946099,41.9888909],[-87.794377,41.9887583],[-87.794188,41.9886511],[-87.7939124,41.9884949],[-87.7938367,41.9884522],[-87.793677,41.988362],[-87.7935177,41.9882719],[-87.7933638,41.9881846],[-87.7932017,41.9880927],[-87.7930283,41.987995],[-87.792836,41.9878866],[-87.7925068,41.9876997],[-87.7923611,41.9876169],[-87.7921689,41.9875086],[-87.7919657,41.9873943],[-87.7917197,41.987255],[-87.7915307,41.9871476],[-87.7912878,41.9870099],[-87.7910928,41.9869],[-87.7909494,41.9868192],[-87.7907949,41.986732],[-87.7907,41.9866775],[-87.7905639,41.9865992],[-87.79034,41.986472],[-87.7901942,41.9863893],[-87.7899987,41.9862794],[-87.7898985,41.9862232],[-87.7896829,41.986101],[-87.7895059,41.9860005],[-87.7892887,41.9858772],[-87.7891235,41.9857842],[-87.7889313,41.9856759],[-87.7887528,41.9855745],[-87.7885696,41.9854703],[-87.7884453,41.9853998],[-87.7883346,41.985337],[-87.7881969,41.9852586],[-87.7880945,41.9852],[-87.7880485,41.9851741],[-87.78794,41.9851128],[-87.7878671,41.9850743],[-87.7877019,41.9849789],[-87.7877036,41.9847354],[-87.7877048,41.9845697],[-87.7877087,41.9843051],[-87.7877129,41.9841034],[-87.7877229,41.9835485],[-87.7877267,41.9833602],[-87.7877294,41.9831855],[-87.787732,41.9830471],[-87.787735,41.9828987],[-87.7878543,41.9829102],[-87.7879368,41.9829085],[-87.7880679,41.982907],[-87.7880928,41.9829065],[-87.7883445,41.9828968],[-87.7886904,41.9828819],[-87.7886981,41.9828816],[-87.7891752,41.9828944],[-87.7894604,41.982897],[-87.7896968,41.9828941],[-87.7899846,41.9828912],[-87.7902548,41.9828884],[-87.7903822,41.9828876],[-87.7904065,41.9828874],[-87.7907102,41.9828862],[-87.7908622,41.9828844],[-87.791081,41.9828823],[-87.7913512,41.9828806],[-87.7917231,41.982877],[-87.7920615,41.9828751],[-87.7922666,41.982875],[-87.7923141,41.9828749],[-87.7925876,41.9828725],[-87.7928879,41.9828698],[-87.7930238,41.9828687],[-87.7932269,41.9828677],[-87.7935134,41.9828655],[-87.7935744,41.9828651],[-87.7937838,41.9828639],[-87.7939538,41.9828625],[-87.7941393,41.982861],[-87.7943411,41.9828592],[-87.7947293,41.9828568],[-87.7949302,41.9828556],[-87.7951171,41.9828545],[-87.7954068,41.9828514],[-87.7955744,41.982851],[-87.7957427,41.9828496],[-87.79603,41.9828467],[-87.7962836,41.9828439],[-87.796605,41.98284],[-87.7970425,41.9828375],[-87.7972635,41.9828358],[-87.7974103,41.9828347],[-87.7975849,41.9828334],[-87.7979432,41.9828306],[-87.7982444,41.9828303],[-87.7985438,41.9828294],[-87.7986758,41.9828279],[-87.7990598,41.9828234],[-87.799359,41.9828204],[-87.7997082,41.9828184],[-87.7999413,41.9828167],[-87.8001954,41.9828148],[-87.8002888,41.9828141],[-87.8005397,41.9828122],[-87.8008731,41.9828103],[-87.8011274,41.9828074],[-87.8014231,41.9828039],[-87.8015719,41.9828037],[-87.8018547,41.9828034],[-87.8021209,41.9827988],[-87.8023045,41.9827956],[-87.8025041,41.9827933],[-87.8027699,41.9827903],[-87.8029119,41.9827889],[-87.8030857,41.9827871],[-87.8034354,41.9827841],[-87.8037294,41.9827827],[-87.8039179,41.9827818],[-87.8042674,41.9827797],[-87.8045307,41.9827785],[-87.804545,41.9827784],[-87.8046834,41.9827778],[-87.8051162,41.9827752],[-87.8053356,41.9827744],[-87.8054985,41.9827738],[-87.805784,41.9827673],[-87.8063824,41.9827695],[-87.806942,41.982771],[-87.8069423,41.9829896],[-87.8069411,41.9829956],[-87.8069356,41.9832937],[-87.8069354,41.9834898],[-87.8069336,41.9836559],[-87.8069282,41.9841603],[-87.8069265,41.9843148],[-87.8069262,41.9845247],[-87.806926,41.9846036],[-87.8069256,41.9848251],[-87.8069254,41.9849453],[-87.8069252,41.9851065],[-87.8069214,41.9853536],[-87.8069171,41.9855643],[-87.8069143,41.9858538],[-87.8069125,41.9860492],[-87.8069115,41.9862104],[-87.8069099,41.9863994],[-87.8069076,41.9865093],[-87.8069063,41.9865716],[-87.8069047,41.9867571],[-87.8069009,41.9871032],[-87.8068971,41.9874877],[-87.8068946,41.9877233],[-87.8068128,41.9957749]]]}},{"type":"Feature","properties":{"ADDRESS":"Bounded generally by North Ave., Lincoln Park, and the extension of Ogden Ave. north to Armitage Ave.","TYPE_MAIN":"2:NR - District","NHL_NR":null,"NOTES":null,"NAME":"Old Town Triangle Historic District","TYPE":2},"geometry":{"type":"Polygon","coordinates":[[[-87.6359075,41.9178138],[-87.6356471,41.9174061],[-87.6356208,41.9174155],[-87.6355916,41.9173698],[-87.6359385,41.9172758],[-87.6358635,41.9170218],[-87.6354625,41.9171488],[-87.6351594,41.9166668],[-87.6351009,41.9165772],[-87.6350494,41.9164874],[-87.6354114,41.9164814],[-87.6354482,41.9164808],[-87.6353121,41.9162596],[-87.6352417,41.9161194],[-87.6353843,41.9160097],[-87.635077,41.9157923],[-87.6346554,41.9154939],[-87.634503,41.9155495],[-87.634249,41.9151836],[-87.6339131,41.914635],[-87.6337518,41.9143714],[-87.6342582,41.9143637],[-87.6342649,41.9145702],[-87.6346661,41.9145641],[-87.6346379,41.9136863],[-87.634636,41.9136275],[-87.634622,41.9131916],[-87.6342855,41.9131967],[-87.6342837,41.9131967],[-87.6342834,41.9131871],[-87.634278,41.9130213],[-87.6342647,41.9130185],[-87.6342637,41.9129985],[-87.6342538,41.9128113],[-87.6346096,41.9128059],[-87.6353268,41.912795],[-87.6353228,41.9126685],[-87.6353166,41.9124781],[-87.6361285,41.9124663],[-87.6361244,41.912315],[-87.6361481,41.9123146],[-87.6361444,41.9121982],[-87.6361471,41.9120822],[-87.6361487,41.9120136],[-87.6365531,41.9120043],[-87.6365648,41.9119979],[-87.6365599,41.9118458],[-87.6365563,41.9117345],[-87.636777,41.9117329],[-87.6380143,41.9117133],[-87.6380837,41.9117112],[-87.6380829,41.9116868],[-87.6384817,41.9116807],[-87.6384753,41.9114736],[-87.6384747,41.9114529],[-87.638963,41.9114436],[-87.6392847,41.9114375],[-87.6396866,41.911431],[-87.6396782,41.911143],[-87.6399205,41.9111386],[-87.6408889,41.9111242],[-87.6411319,41.9111207],[-87.6411392,41.9113488],[-87.6411422,41.9114335],[-87.641566,41.9114301],[-87.6418024,41.9114267],[-87.6418607,41.9114259],[-87.6418917,41.9114158],[-87.6421233,41.9114146],[-87.642357,41.9114141],[-87.6423645,41.9116755],[-87.6423748,41.9120351],[-87.6423847,41.9123804],[-87.6423949,41.9127382],[-87.6424008,41.9129193],[-87.6415283,41.9129328],[-87.6410727,41.9129401],[-87.6409515,41.912942],[-87.6409568,41.9131155],[-87.6409619,41.913285],[-87.6404319,41.9132936],[-87.6404468,41.9137899],[-87.6404511,41.9139298],[-87.6403436,41.9140271],[-87.6397686,41.9140377],[-87.6395371,41.9140419],[-87.6395542,41.9146],[-87.639556,41.9146694],[-87.6394472,41.9147265],[-87.6388228,41.9147296],[-87.638824,41.9147735],[-87.6388337,41.9151246],[-87.6381288,41.9151303],[-87.6381382,41.9154675],[-87.638143,41.9156411],[-87.6381541,41.9160456],[-87.638036,41.9161578],[-87.6376411,41.9161639],[-87.6376466,41.9163994],[-87.6376583,41.9166193],[-87.6371688,41.9166226],[-87.6371737,41.9170216],[-87.6369079,41.9170818],[-87.6365912,41.9173308],[-87.6366606,41.9174561],[-87.6364566,41.9176694],[-87.6362173,41.9178097],[-87.6359106,41.9178136],[-87.6359075,41.9178138]]]}},{"type":"Feature","properties":{"ADDRESS":"201 E. 111th St.","TYPE_MAIN":"2:NR - District","NHL_NR":null,"NOTES":null,"NAME":"Palmer Park (Chicago Park District MPS)","TYPE":2},"geometry":{"type":"Polygon","coordinates":[[[-87.6181909,41.6925922],[-87.6177866,41.692599],[-87.6175652,41.6926022],[-87.6171797,41.6926084],[-87.6169537,41.6926118],[-87.6166096,41.6926166],[-87.6166063,41.6926166],[-87.6162851,41.692622],[-87.6160171,41.6926259],[-87.6156546,41.6926319],[-87.6152991,41.6926374],[-87.6149851,41.6926424],[-87.614683,41.6926481],[-87.6144532,41.6926509],[-87.6142199,41.6926541],[-87.613977,41.692658],[-87.6136902,41.6926619],[-87.6135028,41.6926653],[-87.6134942,41.692666],[-87.6134795,41.6926638],[-87.6134671,41.6926576],[-87.6134587,41.6926483],[-87.6134557,41.6926373],[-87.6134435,41.6923861],[-87.613428,41.6919724],[-87.6134142,41.6914393],[-87.6133959,41.6908084],[-87.6133797,41.6902592],[-87.6133615,41.6896903],[-87.613348,41.6891809],[-87.6133493,41.6891708],[-87.6133558,41.689159],[-87.6133673,41.6891495],[-87.6133824,41.6891434],[-87.6134565,41.6891415],[-87.6138459,41.6891372],[-87.6142697,41.6891288],[-87.6149229,41.6891192],[-87.6156669,41.6891035],[-87.6160376,41.6890975],[-87.6166488,41.6890865],[-87.6167794,41.6890841],[-87.6170802,41.68908],[-87.6175137,41.6890728],[-87.6178172,41.689067],[-87.6180138,41.6890649],[-87.6180685,41.6890649],[-87.6180733,41.6890643],[-87.6180879,41.6890654],[-87.618101,41.6890706],[-87.6181102,41.6890792],[-87.6181144,41.6890898],[-87.6181145,41.6891244],[-87.618135,41.689794],[-87.6181507,41.6902679],[-87.6181667,41.6907909],[-87.6181803,41.6912588],[-87.6182031,41.6920061],[-87.6182142,41.6923009],[-87.6182237,41.6925633],[-87.6182243,41.6925663],[-87.6182227,41.6925764],[-87.6182155,41.692585],[-87.6181909,41.6925922]]]}},{"type":"Feature","properties":{"ADDRESS":"Roughly bounded by W. 16th St., W. Cermak Rd., S. Halsted St. and S. Western Ave.","TYPE_MAIN":"2:NR - District","NHL_NR":null,"NOTES":null,"NAME":"Pilsen Historic District","TYPE":2},"geometry":{"type":"Polygon","coordinates":[[[-87.6463222,41.8599185],[-87.6463221,41.8599094],[-87.6463131,41.8595604],[-87.6463048,41.8592391],[-87.6463006,41.8590765],[-87.6462824,41.8586547],[-87.6462729,41.8584345],[-87.646274,41.858266],[-87.6462683,41.8580171],[-87.6462596,41.8576438],[-87.6462506,41.8574632],[-87.6462286,41.8574635],[-87.6462266,41.8573947],[-87.6462487,41.8573944],[-87.6462333,41.8568685],[-87.6462272,41.8566621],[-87.6462184,41.856359],[-87.6462104,41.8560835],[-87.6462057,41.855919],[-87.6461961,41.8555921],[-87.6461885,41.8553308],[-87.64625,41.855255],[-87.6462958,41.8551985],[-87.6462572,41.8551831],[-87.6461731,41.8550771],[-87.646127,41.855019],[-87.6463333,41.8548224],[-87.6463522,41.854814],[-87.6461671,41.8545794],[-87.6461571,41.8542867],[-87.6461465,41.8538589],[-87.6461396,41.8537877],[-87.6461332,41.8535367],[-87.646128,41.8533715],[-87.6461191,41.8530899],[-87.6461185,41.8530712],[-87.6461145,41.8529434],[-87.6461086,41.8527585],[-87.6481164,41.8527266],[-87.6483586,41.8527226],[-87.650283,41.8526909],[-87.6517676,41.8526669],[-87.6522979,41.8526589],[-87.6530425,41.8526476],[-87.6532836,41.8526056],[-87.6546782,41.8525846],[-87.6549216,41.8526193],[-87.6562557,41.8525992],[-87.6562662,41.8529689],[-87.6562876,41.8537162],[-87.6562882,41.8538068],[-87.6562918,41.8543157],[-87.6597318,41.8542726],[-87.6636436,41.8542115],[-87.6636024,41.8524882],[-87.6690929,41.8523669],[-87.6733795,41.8523022],[-87.6733136,41.8507576],[-87.6734604,41.8507619],[-87.6734534,41.8504916],[-87.6748556,41.8504707],[-87.6757612,41.8504573],[-87.675717,41.8490413],[-87.6758691,41.848981],[-87.6762257,41.8488393],[-87.676785,41.8486259],[-87.6773981,41.8483927],[-87.6780353,41.8481482],[-87.6789498,41.8477963],[-87.6793652,41.8476401],[-87.680075,41.8473688],[-87.6805032,41.8472078],[-87.68061,41.8472019],[-87.6806021,41.8468825],[-87.6830229,41.8459424],[-87.6830264,41.8461013],[-87.6834098,41.8460796],[-87.6849313,41.8455075],[-87.6849678,41.846512],[-87.6849658,41.8470473],[-87.6849711,41.847605],[-87.6849777,41.8479574],[-87.6849874,41.8483342],[-87.6849897,41.8484073],[-87.6849425,41.848408],[-87.6849552,41.8488656],[-87.6849586,41.849029],[-87.684966,41.8493154],[-87.6849701,41.8494768],[-87.6850438,41.8502218],[-87.685069,41.8515739],[-87.6842959,41.8515929],[-87.6843716,41.8525107],[-87.6850655,41.8525037],[-87.6850723,41.8529654],[-87.6851149,41.852965],[-87.6851286,41.8534262],[-87.6851406,41.853876],[-87.685076,41.8538767],[-87.6850842,41.8543237],[-87.6851038,41.8547494],[-87.6851381,41.8548432],[-87.6851452,41.8551265],[-87.6851604,41.8557062],[-87.6857374,41.8557094],[-87.6857521,41.8563805],[-87.6857707,41.8571013],[-87.68434,41.8571113],[-87.6808871,41.8571532],[-87.6809109,41.8580656],[-87.6796824,41.8580614],[-87.6796922,41.8584561],[-87.6785753,41.8585497],[-87.6780634,41.8585559],[-87.676151,41.8585561],[-87.6760193,41.858572],[-87.6743835,41.8585965],[-87.6735703,41.8586072],[-87.6735847,41.8590697],[-87.6735992,41.8595172],[-87.6684519,41.8595844],[-87.6631614,41.8596612],[-87.656589,41.8597624],[-87.6509421,41.8598489],[-87.6485546,41.8598854],[-87.6467056,41.8599128],[-87.6463223,41.8599185],[-87.6463223,41.8599185],[-87.6463222,41.8599185]]]}},{"type":"Feature","properties":{"ADDRESS":"4100 N. Long Ave","TYPE_MAIN":"2:NR - District","NHL_NR":null,"NOTES":null,"NAME":"Portage Park (Chicago Park District MPS)","TYPE":2},"geometry":{"type":"Polygon","coordinates":[[[-87.7670441,41.9567493],[-87.7670442,41.9567617],[-87.7670387,41.9567733],[-87.767028,41.9567828],[-87.7670136,41.956789],[-87.7669974,41.956791],[-87.7657924,41.9568046],[-87.764317,41.9568229],[-87.7623238,41.956844],[-87.7623026,41.95684],[-87.7622835,41.9568318],[-87.762268,41.9568203],[-87.7622571,41.956806],[-87.7622516,41.9567901],[-87.7622515,41.956777],[-87.7622147,41.9556999],[-87.7621859,41.9548163],[-87.7621401,41.9533798],[-87.7621433,41.953367],[-87.7621519,41.9533558],[-87.762165,41.9533473],[-87.7621813,41.9533426],[-87.762203,41.9533385],[-87.7626987,41.9533167],[-87.7636415,41.953308],[-87.7642143,41.9533185],[-87.7645508,41.9533132],[-87.7649161,41.9532928],[-87.7662428,41.9532816],[-87.7666161,41.9532926],[-87.7668677,41.9532873],[-87.7668849,41.9532912],[-87.7668994,41.9532989],[-87.7669099,41.9533098],[-87.7669151,41.9533226],[-87.7669155,41.9533304],[-87.7669204,41.9535217],[-87.7669416,41.9537148],[-87.7669833,41.9550789],[-87.7670441,41.9567493]]]}},{"type":"Feature","properties":{"ADDRESS":"Prairie Ave., on either side of 18th St., about 1 block in either direction","TYPE_MAIN":"2:NR - District","NHL_NR":null,"NOTES":null,"NAME":"Prairie Avenue District (Fort Dearborn Massacre Site)","TYPE":2},"geometry":{"type":"Polygon","coordinates":[[[-87.6197948,41.8580237],[-87.6196965,41.8578516],[-87.6195187,41.8574553],[-87.6206403,41.8574489],[-87.6206215,41.8565885],[-87.6215,41.8565778],[-87.6215014,41.8566424],[-87.6221243,41.8566348],[-87.6221421,41.8574505],[-87.622154,41.8579949],[-87.6208914,41.8580103],[-87.6197948,41.8580237]]]}},{"type":"Feature","properties":{"ADDRESS":"1419 W. Blackhawk St.","TYPE_MAIN":"2:NR - District","NHL_NR":null,"NOTES":null,"NAME":"Pulaski Park and Fieldhouse","TYPE":2},"geometry":{"type":"Polygon","coordinates":[[[-87.6638013,41.9069522],[-87.6628539,41.9069642],[-87.6628074,41.9052648],[-87.6637664,41.9052529],[-87.6638013,41.9069522]]]}},{"type":"Feature","properties":{"ADDRESS":"6100 W. Fullerton","TYPE_MAIN":"2:NR - District","NHL_NR":null,"NOTES":null,"NAME":"Jacob A. Riis Park","TYPE":2},"geometry":{"type":"Polygon","coordinates":[[[-87.7854612,41.9272952],[-87.785447,41.9272977],[-87.7848678,41.9273064],[-87.7842999,41.9273151],[-87.7832897,41.9273306],[-87.7831911,41.9273321],[-87.7830314,41.9273343],[-87.7823635,41.9273452],[-87.7818369,41.9273533],[-87.7817815,41.9273541],[-87.7812342,41.9273611],[-87.7808452,41.9273666],[-87.7804606,41.9273721],[-87.7797327,41.9273826],[-87.7793539,41.9273891],[-87.7791742,41.9273922],[-87.7783663,41.927406],[-87.7783508,41.9274021],[-87.7783381,41.9273943],[-87.7783298,41.9273838],[-87.7783271,41.9273733],[-87.778317,41.927056],[-87.7783031,41.9266169],[-87.7782792,41.9259935],[-87.7782706,41.9257017],[-87.7782596,41.9254034],[-87.7782465,41.925083],[-87.7782354,41.9247345],[-87.7782202,41.9242975],[-87.7782169,41.9241997],[-87.7782067,41.9238968],[-87.7782069,41.9238945],[-87.7782111,41.9238841],[-87.7782204,41.9238757],[-87.7782334,41.9238707],[-87.778248,41.9238699],[-87.7793844,41.923854],[-87.7799227,41.9238465],[-87.7809049,41.9238301],[-87.7819153,41.9238163],[-87.7826589,41.9238052],[-87.7832773,41.9237959],[-87.783866,41.9237873],[-87.7840789,41.9237928],[-87.7842793,41.9237947],[-87.7844818,41.9237978],[-87.7847248,41.9237993],[-87.7853155,41.9237883],[-87.785331,41.9237918],[-87.785344,41.9237991],[-87.7853526,41.9238094],[-87.7853557,41.9238213],[-87.7853557,41.9238217],[-87.7853765,41.924365],[-87.785388,41.9247944],[-87.785403,41.9252028],[-87.7854233,41.9258071],[-87.7854375,41.9260341],[-87.7854472,41.926177],[-87.7854541,41.9263489],[-87.7854668,41.9267401],[-87.7854825,41.9272708],[-87.7854805,41.9272796],[-87.785473,41.9272889],[-87.7854612,41.9272952]]]}},{"type":"Feature","properties":{"ADDRESS":"Roughly bounded by W. Lunt Ave., N. Western Ave., both sides of W. Farwell Ave. and N. California Ave","TYPE_MAIN":"2:NR - District","NHL_NR":null,"NOTES":null,"NAME":"Rogers Park Manor Bungalow Historic District (Chicago Bungalows MPS)","TYPE":2},"geometry":{"type":"Polygon","coordinates":[[[-87.6978896,42.0084981],[-87.6972689,42.0085102],[-87.6960293,42.0085343],[-87.6950827,42.0085527],[-87.6907563,42.0086366],[-87.6907029,42.0071053],[-87.6906907,42.0054727],[-87.6940387,42.0054156],[-87.6951609,42.0053964],[-87.6965908,42.005372],[-87.6985091,42.0053392],[-87.6989898,42.0053245],[-87.6991153,42.0053207],[-87.6991118,42.0056736],[-87.6991045,42.0058499],[-87.6992665,42.0058526],[-87.6992643,42.0062156],[-87.6991012,42.0062192],[-87.6988962,42.0062237],[-87.6988889,42.006591],[-87.6988894,42.0067615],[-87.6992765,42.0067564],[-87.6992727,42.0071161],[-87.6992791,42.0074769],[-87.699145,42.0074839],[-87.699136,42.008026],[-87.6978987,42.0080458],[-87.6978896,42.0084981]]]}},{"type":"Feature","properties":{"ADDRESS":"Irregular pattern bounded roughly by 87th, railroad tracks, Prospect, Homewood, 115th, Lothair, Hamilton, and Western Sts.","TYPE_MAIN":"2:NR - District","NHL_NR":null,"NOTES":null,"NAME":"Ridge Historic District","TYPE":2},"geometry":{"type":"Polygon","coordinates":[[[-87.6712832,41.7333723],[-87.6682235,41.7297056],[-87.6673632,41.7284813],[-87.6677393,41.7284444],[-87.6673026,41.7278725],[-87.6674238,41.7254499],[-87.6674887,41.7241545],[-87.6675015,41.7238981],[-87.6663593,41.7238795],[-87.6663483,41.7236125],[-87.666267,41.7216482],[-87.6647504,41.7216834],[-87.6647783,41.7211655],[-87.6648231,41.7210349],[-87.6638854,41.7182244],[-87.6638768,41.7181984],[-87.6630447,41.7156981],[-87.6624695,41.7139694],[-87.6624512,41.7139047],[-87.6623459,41.7135332],[-87.6614904,41.7112542],[-87.6609402,41.7091425],[-87.6608074,41.708633],[-87.6602387,41.7087921],[-87.6600623,41.7082308],[-87.659749,41.7072338],[-87.6597673,41.7067286],[-87.6603072,41.7067021],[-87.6601533,41.7062736],[-87.6610815,41.7062692],[-87.6608807,41.7053749],[-87.6607528,41.7048053],[-87.6607467,41.7045903],[-87.6604915,41.7045945],[-87.6604711,41.7038863],[-87.6604355,41.7036353],[-87.660437,41.703222],[-87.6604374,41.7031263],[-87.6604502,41.7030547],[-87.6604057,41.7023394],[-87.6608232,41.7023347],[-87.6608464,41.7021145],[-87.6608983,41.7012648],[-87.6611824,41.7000252],[-87.6611974,41.6999683],[-87.6611969,41.6999596],[-87.6611946,41.6999244],[-87.6611891,41.6999125],[-87.6611943,41.6998726],[-87.661283,41.6994129],[-87.6616714,41.6981845],[-87.6619308,41.6975048],[-87.661995,41.6973368],[-87.6621475,41.6971051],[-87.6623152,41.6968506],[-87.6623798,41.6966107],[-87.6620427,41.6966238],[-87.6620254,41.6963761],[-87.6621385,41.6962025],[-87.6622287,41.6962043],[-87.6628158,41.6962156],[-87.6628641,41.6961806],[-87.6630614,41.6958991],[-87.6631501,41.6957726],[-87.6635275,41.695234],[-87.6637397,41.6953176],[-87.6641437,41.6954766],[-87.6641721,41.6955004],[-87.6643489,41.6955139],[-87.6646225,41.6955125],[-87.6647137,41.6954901],[-87.6649946,41.6953476],[-87.665533,41.6950521],[-87.6660902,41.6947388],[-87.6663995,41.6950693],[-87.6665028,41.6950182],[-87.6666935,41.694924],[-87.666859,41.6948423],[-87.6667917,41.6947863],[-87.6671829,41.6945219],[-87.6670777,41.6944345],[-87.6671246,41.6944174],[-87.6672647,41.6942179],[-87.667152,41.6941734],[-87.6672368,41.6940528],[-87.6671853,41.6940325],[-87.6672707,41.6939109],[-87.6672519,41.6939006],[-87.6673298,41.6937778],[-87.6673858,41.6936894],[-87.6674199,41.6937016],[-87.6674414,41.6936676],[-87.6675197,41.6935441],[-87.6676341,41.6933807],[-87.6676873,41.6933047],[-87.6677258,41.6933199],[-87.6678142,41.6931935],[-87.6679793,41.6932584],[-87.6681497,41.693015],[-87.6682739,41.6929593],[-87.6686305,41.6931195],[-87.6687723,41.6932285],[-87.6688662,41.6932653],[-87.6689624,41.6931272],[-87.6696828,41.693409],[-87.6698752,41.6934363],[-87.6700773,41.6934179],[-87.6702973,41.6933412],[-87.6704633,41.6919551],[-87.6707121,41.6898772],[-87.6708323,41.6888738],[-87.6708951,41.6883494],[-87.6710979,41.6866554],[-87.6713073,41.6849064],[-87.6713431,41.6845483],[-87.6717776,41.6845399],[-87.6733273,41.6845099],[-87.673558,41.6845867],[-87.6740907,41.6847033],[-87.6740327,41.6848524],[-87.6739069,41.6851754],[-87.6744902,41.685303],[-87.6743736,41.6856923],[-87.6743293,41.6856839],[-87.6742697,41.6858614],[-87.6740809,41.6858258],[-87.6739536,41.6862051],[-87.6737042,41.6861629],[-87.6736676,41.6863566],[-87.6735396,41.6863431],[-87.6735174,41.6864611],[-87.6734673,41.6867261],[-87.6740326,41.6867861],[-87.6740041,41.6869958],[-87.6736154,41.6869577],[-87.6736017,41.6871479],[-87.6738429,41.6871712],[-87.6738237,41.6872829],[-87.6745578,41.6873538],[-87.6748499,41.6873237],[-87.6757571,41.6873257],[-87.6757919,41.6874587],[-87.6758092,41.688427],[-87.6765274,41.6884198],[-87.6766993,41.6882975],[-87.6774173,41.6882863],[-87.6774318,41.6888076],[-87.6777079,41.6888032],[-87.6777371,41.6898498],[-87.6779271,41.6900655],[-87.6779463,41.6903874],[-87.6779609,41.6908492],[-87.6782008,41.6908449],[-87.6782024,41.6908938],[-87.6782037,41.6909366],[-87.6782149,41.6912892],[-87.6782103,41.6917009],[-87.6782157,41.6918757],[-87.6782343,41.6924788],[-87.6773966,41.6924933],[-87.6760823,41.6925162],[-87.6749828,41.6925353],[-87.6749956,41.6929468],[-87.6750435,41.6931519],[-87.6750675,41.6935647],[-87.6749765,41.6935647],[-87.6749766,41.6939763],[-87.6748635,41.6940782],[-87.6748676,41.6941842],[-87.6748837,41.6945982],[-87.674906,41.6945979],[-87.6749099,41.6947775],[-87.6749143,41.694975],[-87.6749259,41.6955057],[-87.6749434,41.6963024],[-87.6749502,41.6966152],[-87.6749444,41.6967294],[-87.674973,41.6973307],[-87.6750181,41.6982759],[-87.6750259,41.6985305],[-87.6750447,41.6991482],[-87.6753609,41.6991428],[-87.6753757,41.6996293],[-87.6747561,41.6996399],[-87.6748104,41.7014182],[-87.6748178,41.7016635],[-87.6748534,41.7028309],[-87.6748731,41.7034752],[-87.6749036,41.7044776],[-87.6749089,41.7046524],[-87.6749427,41.70576],[-87.6749566,41.7060653],[-87.6749649,41.7062496],[-87.6749698,41.706357],[-87.6749543,41.7064875],[-87.6761322,41.7064643],[-87.6761318,41.7064938],[-87.6761271,41.7070934],[-87.6760411,41.707093],[-87.6760292,41.7085975],[-87.6760755,41.7100992],[-87.6750731,41.7101165],[-87.675129,41.7119298],[-87.6751868,41.7138076],[-87.6752008,41.7142634],[-87.6750361,41.7142631],[-87.6747012,41.7142625],[-87.6747024,41.7142948],[-87.6744815,41.7142997],[-87.6740215,41.7143098],[-87.6740271,41.7143365],[-87.6739676,41.7143435],[-87.6735068,41.7143498],[-87.6735058,41.7143096],[-87.6728013,41.7143193],[-87.6728088,41.7146252],[-87.6728782,41.7174622],[-87.6729218,41.7192422],[-87.6729545,41.7205766],[-87.6735392,41.7205686],[-87.6735513,41.7210609],[-87.673554,41.721173],[-87.6735623,41.7215109],[-87.6736204,41.7215101],[-87.6736208,41.7215285],[-87.673655,41.7229224],[-87.6736988,41.7247116],[-87.6752654,41.7246901],[-87.6752785,41.7248975],[-87.6753798,41.7264987],[-87.6754097,41.7281357],[-87.6754133,41.7283351],[-87.676834,41.7283205],[-87.6768725,41.7297828],[-87.6768819,41.7301405],[-87.6781015,41.7301225],[-87.6781255,41.7310318],[-87.6800492,41.7310033],[-87.6804283,41.7309977],[-87.6822035,41.7309714],[-87.6822668,41.733025],[-87.6822822,41.7335242],[-87.6823021,41.7341666],[-87.6823172,41.7348935],[-87.6823309,41.7353383],[-87.6822593,41.7353941],[-87.6821854,41.7353952],[-87.6730887,41.7355357],[-87.671813,41.7340071],[-87.6712832,41.7333723]]]}},{"type":"Feature","properties":{"ADDRESS":"Roughly bounded by Lemont and Keating Aves, Chicago and Northwestern Railway and the alley to the east of Kilbourn Ave","TYPE_MAIN":"2:NR - District","NHL_NR":null,"NOTES":null,"NAME":"Sauganash Historic District","TYPE":2},"geometry":{"type":"Polygon","coordinates":[[[-87.7433301,41.9949931],[-87.738039,41.9925106],[-87.7393102,41.9910026],[-87.7397712,41.990454],[-87.7397242,41.9900136],[-87.7366777,41.9899918],[-87.7365109,41.9888036],[-87.7365104,41.9872005],[-87.7379873,41.9865131],[-87.7407697,41.9852181],[-87.7450754,41.9872308],[-87.7470991,41.9881766],[-87.7471068,41.988869],[-87.7471092,41.9899054],[-87.7471134,41.9913735],[-87.7464378,41.9921412],[-87.7459237,41.9919011],[-87.7447973,41.9932455],[-87.7437772,41.9944607],[-87.7433301,41.9949931]]]}},{"type":"Feature","properties":{"ADDRESS":"Roughly bounded by 16th, 18th, Canal, and Clinton Sts","TYPE_MAIN":"2:NR - District","NHL_NR":null,"NOTES":null,"NAME":"Schoenhofen Brewery Historic District","TYPE":2},"geometry":{"type":"Polygon","coordinates":[[[-87.6408395,41.859539],[-87.6404444,41.8595442],[-87.6400716,41.859547],[-87.6399361,41.859548],[-87.6399125,41.8591699],[-87.6399103,41.8591016],[-87.639129,41.8591199],[-87.6391133,41.8586418],[-87.6391004,41.8582488],[-87.6393309,41.8582458],[-87.6391714,41.8580536],[-87.6398673,41.8577413],[-87.640014,41.857739],[-87.6402547,41.8577353],[-87.6402607,41.8580372],[-87.6407915,41.858029],[-87.6408123,41.8586818],[-87.6408392,41.859531],[-87.6408395,41.859539]]]}},{"type":"Feature","properties":{"ADDRESS":"Roughly bounded by Grace St., Patterson Ave., N. Austin Ave., and N. Melvina Ave","TYPE_MAIN":"2:NR - District","NHL_NR":null,"NOTES":null,"NAME":"Schorsch Irving Park Gardens Historic District (Chicago Bungalows MPS)","TYPE":2},"geometry":{"type":"Polygon","coordinates":[[[-87.7766591,41.9498624],[-87.7766512,41.9496535],[-87.7766422,41.9494137],[-87.776636,41.9492492],[-87.7766252,41.9489574],[-87.7766175,41.9487482],[-87.7766082,41.9485013],[-87.7765965,41.9481918],[-87.7765915,41.9480468],[-87.7765819,41.9477669],[-87.7765743,41.9475916],[-87.7765675,41.9474357],[-87.7765558,41.9471374],[-87.7765476,41.9469293],[-87.7765393,41.9466812],[-87.7765322,41.9464665],[-87.7765226,41.94623],[-87.7767629,41.9462261],[-87.7771656,41.946222],[-87.7774115,41.9462196],[-87.7776486,41.9462171],[-87.7779704,41.9462139],[-87.7782076,41.9462115],[-87.7784576,41.946209],[-87.7789564,41.946203],[-87.7790383,41.946202],[-87.779191,41.9462002],[-87.7792235,41.9461999],[-87.7796061,41.9461954],[-87.7798858,41.9461922],[-87.7802948,41.9461875],[-87.7806008,41.946184],[-87.7812798,41.9461761],[-87.7813912,41.9461748],[-87.7814002,41.9464114],[-87.78141,41.946629],[-87.7814177,41.9467991],[-87.7814293,41.947083],[-87.781431,41.9471248],[-87.7814394,41.9473284],[-87.7814477,41.9475374],[-87.781454,41.9476944],[-87.7814575,41.947776],[-87.7814631,41.9479083],[-87.7814664,41.9479861],[-87.7814678,41.9480202],[-87.7814751,41.948193],[-87.7814853,41.9484455],[-87.7814898,41.9485583],[-87.7814944,41.9486703],[-87.7814969,41.9487311],[-87.7815012,41.9488329],[-87.7815039,41.9488995],[-87.7815079,41.948996],[-87.781513,41.9491181],[-87.7815236,41.9493534],[-87.7815349,41.9496061],[-87.7815369,41.9496568],[-87.7815412,41.9497684],[-87.7815426,41.949804],[-87.7814444,41.9498024],[-87.781044,41.9498075],[-87.7806817,41.9498122],[-87.780477,41.9498147],[-87.7803094,41.9498168],[-87.780039,41.9498203],[-87.7798804,41.9498223],[-87.7797037,41.9498246],[-87.7794249,41.9498281],[-87.7792579,41.9498302],[-87.7791596,41.949831],[-87.7791001,41.9498316],[-87.7790028,41.9498322],[-87.7787651,41.9498353],[-87.7784944,41.9498388],[-87.7781764,41.949843],[-87.7778585,41.9498471],[-87.7776044,41.9498505],[-87.7773456,41.9498539],[-87.7770873,41.9498572],[-87.7767905,41.9498611],[-87.7766591,41.9498624],[-87.7766591,41.9498624]]]}},{"type":"Feature","properties":{"ADDRESS":"1307 W. 52nd St.","TYPE_MAIN":"2:NR - District","NHL_NR":null,"NOTES":null,"NAME":"Sherman Park","TYPE":2},"geometry":{"type":"Polygon","coordinates":[[[-87.657404,41.7941828],[-87.6580579,41.7941761],[-87.6590236,41.7941616],[-87.6596153,41.7941545],[-87.6596313,41.7941577],[-87.6596449,41.7941649],[-87.6596544,41.7941751],[-87.6596586,41.7941872],[-87.6596586,41.7941873],[-87.6596719,41.794593],[-87.6596899,41.7952014],[-87.6597077,41.7959492],[-87.6597254,41.7966714],[-87.6597339,41.797039],[-87.6597477,41.7975085],[-87.6597548,41.7977537],[-87.6597653,41.7982666],[-87.6597796,41.7987785],[-87.6597807,41.7988199],[-87.6597932,41.7992669],[-87.659796,41.7994932],[-87.6597928,41.7995044],[-87.6597842,41.7995138],[-87.6597716,41.7995201],[-87.6597567,41.7995224],[-87.6597493,41.799522],[-87.6589991,41.7995334],[-87.6582409,41.7995432],[-87.657317,41.799555],[-87.6565267,41.799566],[-87.6556236,41.799579],[-87.6551291,41.7995869],[-87.6551144,41.7995821],[-87.6551028,41.7995737],[-87.655096,41.7995628],[-87.6550952,41.7995603],[-87.6550736,41.799129],[-87.655065,41.7987922],[-87.6550575,41.7984973],[-87.6550397,41.7978328],[-87.6550218,41.7970738],[-87.6550128,41.7967313],[-87.6549908,41.7959405],[-87.6549719,41.7951677],[-87.6549602,41.7946395],[-87.654975,41.7942482],[-87.6549882,41.794233],[-87.6550043,41.7942216],[-87.6554494,41.7942135],[-87.6563174,41.7942017],[-87.657217,41.7941878],[-87.657404,41.7941828]]]}},{"type":"Feature","properties":{"ADDRESS":"343, 407, 417, 431 S. Dearborn St. and 53 W. Jackson Blvd","TYPE_MAIN":"4:NHL (National Historic Landmark) - District","NHL_NR":"NHL","NOTES":null,"NAME":"South Dearborn Street ¿ Printing House Row Historic District","TYPE":4},"geometry":{"type":"Polygon","coordinates":[[[-87.6297294,41.878107],[-87.6293949,41.8781054],[-87.6293602,41.8774181],[-87.6289251,41.8774244],[-87.6287985,41.8774262],[-87.6288034,41.8765804],[-87.6287784,41.8758114],[-87.6288137,41.8757731],[-87.6290985,41.8757633],[-87.6291322,41.8757785],[-87.6291488,41.875805],[-87.6291591,41.8762495],[-87.6291841,41.8768236],[-87.62919,41.8769592],[-87.6296688,41.8769476],[-87.6296925,41.876947],[-87.6296981,41.8770598],[-87.6297071,41.8773599],[-87.629714,41.8775909],[-87.6297267,41.8780162],[-87.6297293,41.8781019],[-87.6297294,41.878107]]]}},{"type":"Feature","properties":{"ADDRESS":"Roughly bounded by Taylor, Polk, Wells, Congress and State Sts.","TYPE_MAIN":"2:NR - District","NHL_NR":null,"NOTES":null,"NAME":"South Loop Printing House District","TYPE":2},"geometry":{"type":"Polygon","coordinates":[[[-87.6316444,41.8756885],[-87.6316444,41.8756887],[-87.6300543,41.8757094],[-87.6293746,41.8757183],[-87.6293776,41.8758301],[-87.6293837,41.876214],[-87.6290998,41.8762161],[-87.6288494,41.87622],[-87.6285828,41.8762274],[-87.6285748,41.87573],[-87.6282121,41.8757341],[-87.6282033,41.8753427],[-87.6281026,41.8698807],[-87.6299189,41.8699213],[-87.630005,41.8714723],[-87.6296725,41.8714834],[-87.6296902,41.8721481],[-87.6307563,41.8721354],[-87.6330364,41.8721083],[-87.6330381,41.8717148],[-87.6336742,41.8717034],[-87.6336788,41.8721006],[-87.6337156,41.8734982],[-87.6337391,41.8743898],[-87.6337805,41.8745704],[-87.6331362,41.8745786],[-87.631617,41.874598],[-87.6316444,41.8756885]]]}},{"type":"Feature","properties":{"ADDRESS":"Fullerton, Lincoln, Larrabee, Dickens, Burling, Wisconsin, Clybourn, Lakewood, Belden, and Southport,  boundaries extended north of Fullerton Ave.","TYPE_MAIN":"2:NR - District","NHL_NR":null,"NOTES":null,"NAME":"Sheffield Historic District","TYPE":2},"geometry":{"type":"Polygon","coordinates":[[[-87.6633897,41.9272541],[-87.662786,41.9272646],[-87.6627925,41.9274732],[-87.6621828,41.9274857],[-87.6621709,41.9271205],[-87.6619658,41.9271231],[-87.6619574,41.9269755],[-87.6619565,41.9265881],[-87.6624345,41.9265726],[-87.6628806,41.9265603],[-87.6628359,41.9256451],[-87.6628354,41.9252249],[-87.6610017,41.9252534],[-87.6610117,41.9256145],[-87.6605243,41.925607],[-87.6605308,41.9257904],[-87.6584703,41.9258129],[-87.6577831,41.9258201],[-87.6575967,41.9258172],[-87.6568119,41.9258319],[-87.6567815,41.9253206],[-87.656027,41.9253434],[-87.6560477,41.9258586],[-87.6554921,41.9258711],[-87.6554773,41.925347],[-87.6551331,41.9253497],[-87.6536126,41.9253758],[-87.6536264,41.925909],[-87.6536551,41.9267505],[-87.6530134,41.926759],[-87.6529809,41.9253873],[-87.6524029,41.9253967],[-87.6524275,41.9258894],[-87.6509758,41.9259228],[-87.6504134,41.9259331],[-87.6503097,41.925938],[-87.6498465,41.9257581],[-87.6495312,41.9259944],[-87.6487613,41.9254538],[-87.6479014,41.9254653],[-87.6478665,41.925466],[-87.647861,41.925301],[-87.6476635,41.9251601],[-87.6477424,41.9250527],[-87.6479653,41.9248775],[-87.6475589,41.9245857],[-87.6456951,41.9245887],[-87.6456729,41.924185],[-87.645671,41.9241506],[-87.6458036,41.9241465],[-87.6457903,41.9236734],[-87.6454295,41.923678],[-87.6454068,41.9235908],[-87.6449407,41.9232558],[-87.6446005,41.9232593],[-87.6442896,41.9227451],[-87.6438153,41.9227478],[-87.6437872,41.9218879],[-87.6437439,41.9205313],[-87.6437284,41.9200718],[-87.645064,41.9200627],[-87.6472457,41.9200366],[-87.6473714,41.9200351],[-87.6473699,41.9199744],[-87.6473586,41.9199389],[-87.6473571,41.9198412],[-87.6473115,41.9181945],[-87.6448903,41.9182414],[-87.6442698,41.9182513],[-87.644228,41.9167887],[-87.6441696,41.9151325],[-87.6441409,41.9143165],[-87.6440319,41.9142192],[-87.6440207,41.9138915],[-87.645351,41.9138794],[-87.6458347,41.9138726],[-87.6459521,41.9138709],[-87.6459842,41.9147834],[-87.6459862,41.9148413],[-87.6471918,41.9148177],[-87.6471713,41.9142178],[-87.6483814,41.9141986],[-87.648404,41.9148683],[-87.6490137,41.9148568],[-87.6490429,41.9157503],[-87.6495306,41.9157434],[-87.6496438,41.9157428],[-87.6496513,41.9160123],[-87.6502521,41.916001],[-87.6502124,41.9148245],[-87.6501898,41.9141567],[-87.6506664,41.9141477],[-87.6507915,41.9141453],[-87.6507931,41.9141928],[-87.6514213,41.9141843],[-87.6514114,41.9137779],[-87.6525919,41.9137619],[-87.6532087,41.9137535],[-87.6534856,41.9137498],[-87.6542374,41.9143052],[-87.653842,41.9146038],[-87.6547849,41.9152734],[-87.6555259,41.9157996],[-87.655732,41.915946],[-87.6553875,41.9162166],[-87.6572938,41.9175975],[-87.6580836,41.91759],[-87.658213,41.9175862],[-87.6582191,41.9180342],[-87.6587266,41.9180303],[-87.6588389,41.9183879],[-87.6594914,41.9183867],[-87.6594595,41.9184264],[-87.6594502,41.9184863],[-87.6594535,41.9185881],[-87.6594564,41.9186791],[-87.659493,41.9198331],[-87.6601004,41.9198223],[-87.6601075,41.9200462],[-87.6607131,41.9200354],[-87.6607253,41.9204184],[-87.660764,41.9216379],[-87.6607831,41.9222402],[-87.6601841,41.9222508],[-87.6602012,41.9227883],[-87.6602223,41.9234522],[-87.6616828,41.9234376],[-87.6632587,41.9234193],[-87.6632815,41.9240473],[-87.663349,41.925779],[-87.6633827,41.9270322],[-87.6633897,41.9272541]]]}},{"type":"Feature","properties":{"ADDRESS":"6205-47 N. Sheridan Rd.","TYPE_MAIN":"2:NR - District","NHL_NR":null,"NOTES":null,"NAME":"Berger Park (Chicago Park District MPS)","TYPE":2},"geometry":{"type":"Polygon","coordinates":[[[-87.6545894,41.9952689],[-87.6545635,41.995266],[-87.6545095,41.995268],[-87.6544975,41.9950589],[-87.6545084,41.995056],[-87.6545325,41.995054],[-87.6545615,41.995059],[-87.6545824,41.995057],[-87.6545885,41.9950569],[-87.6545869,41.9950326],[-87.6545634,41.994662],[-87.6545674,41.994652],[-87.6545784,41.994647],[-87.6546545,41.994647],[-87.6547151,41.9946464],[-87.6547631,41.9946478],[-87.6552921,41.994639],[-87.6553995,41.9946371],[-87.6554165,41.9946415],[-87.6554308,41.9946497],[-87.6554408,41.994661],[-87.6554456,41.994674],[-87.6554584,41.9947648],[-87.6554737,41.9952083],[-87.655482,41.9955734],[-87.65549,41.9959204],[-87.6554707,41.9959206],[-87.6554193,41.9959212],[-87.654716,41.9959282],[-87.6546029,41.9959275],[-87.6546014,41.995878],[-87.6546654,41.9958769],[-87.6546614,41.995856],[-87.6546575,41.9958249],[-87.6546514,41.995789],[-87.6546445,41.995746],[-87.6546344,41.995692],[-87.6546275,41.995653],[-87.6546285,41.995623],[-87.6546204,41.995593],[-87.6546114,41.995562],[-87.6546084,41.995544],[-87.6545975,41.995515],[-87.6545965,41.995504],[-87.6546155,41.995479],[-87.6546184,41.995471],[-87.6546474,41.995449],[-87.6546634,41.995426],[-87.6546725,41.995407],[-87.6546694,41.995385],[-87.6546655,41.9953719],[-87.6546644,41.995358],[-87.6546555,41.99534],[-87.6546435,41.995325],[-87.6546414,41.995315],[-87.6546064,41.995283],[-87.6545894,41.9952689]]]}},{"type":"Feature","properties":{"ADDRESS":"Both sides of N. Michigan Ave. between E. Chicago and E. Pearson Streets","TYPE_MAIN":"2:NR - District","NHL_NR":null,"NOTES":null,"NAME":"Chicago Avenue Water Tower and Pumping Station","TYPE":2},"geometry":{"type":"Polygon","coordinates":[[[-87.6248493,41.8975665],[-87.6240864,41.8975778],[-87.6219199,41.8976101],[-87.6219251,41.8975002],[-87.621913,41.896906],[-87.6240316,41.8968755],[-87.6247154,41.8968657],[-87.6248369,41.8968776],[-87.6248493,41.8975665]]]}},{"type":"Feature","properties":{"ADDRESS":"500 S. Central Ave.","TYPE_MAIN":"4:NHL (National Historic Landmark) - District","NHL_NR":"NHL","NOTES":null,"NAME":"Columbus Park","TYPE":4},"geometry":{"type":"Polygon","coordinates":[[[-87.774475,41.877553],[-87.7744721,41.8775559],[-87.7744566,41.8775644],[-87.7744415,41.8775686],[-87.7737736,41.8775794],[-87.7733603,41.8775856],[-87.7727645,41.8775952],[-87.7718114,41.877609],[-87.7706098,41.8776286],[-87.7706039,41.8776287],[-87.7697864,41.8776414],[-87.7695476,41.8776428],[-87.7689661,41.8776525],[-87.7679712,41.8776678],[-87.7670241,41.8776821],[-87.7666746,41.8776871],[-87.7666613,41.8776873],[-87.7665591,41.8776888],[-87.7648702,41.8777203],[-87.7648302,41.8771997],[-87.7648221,41.8769335],[-87.7648257,41.8768338],[-87.7648208,41.8767281],[-87.7648193,41.8766788],[-87.7648191,41.8766301],[-87.7648193,41.8766208],[-87.7648085,41.8764055],[-87.7648032,41.8762383],[-87.7647785,41.875684],[-87.7647588,41.8752575],[-87.7647426,41.8748548],[-87.7647425,41.8748517],[-87.7647215,41.8743227],[-87.7647083,41.8739517],[-87.7646942,41.8736415],[-87.7646765,41.8731078],[-87.7646692,41.8729264],[-87.7646657,41.8728295],[-87.764668,41.8727326],[-87.7646762,41.8726359],[-87.764679,41.8726129],[-87.7646917,41.8725241],[-87.7647101,41.8724359],[-87.7647202,41.8723974],[-87.7647246,41.8723583],[-87.7647245,41.8723366],[-87.7647309,41.8720519],[-87.7647373,41.8719137],[-87.7647381,41.8718896],[-87.7647448,41.871866],[-87.7647571,41.8718436],[-87.7647746,41.8718233],[-87.7647966,41.8718058],[-87.7648226,41.8717914],[-87.7648291,41.8717886],[-87.7651188,41.8716749],[-87.7653974,41.8715768],[-87.7656745,41.8714727],[-87.7657798,41.871433],[-87.7658442,41.8714087],[-87.7660164,41.8713486],[-87.766178,41.8712964],[-87.7664273,41.8712301],[-87.7666298,41.871192],[-87.7668333,41.8711571],[-87.7669798,41.8711348],[-87.7671274,41.8711167],[-87.7672758,41.8711029],[-87.7673733,41.8710962],[-87.767713,41.8710797],[-87.7680303,41.8710741],[-87.7684063,41.8710741],[-87.7688774,41.8710886],[-87.7693637,41.8711026],[-87.7699314,41.8711211],[-87.7705128,41.8711368],[-87.7706608,41.8711415],[-87.7711666,41.8711572],[-87.7717319,41.8711767],[-87.7723238,41.8712051],[-87.7730572,41.8712387],[-87.7735771,41.8712677],[-87.7735966,41.8712833],[-87.7740881,41.8712915],[-87.7742092,41.8712984],[-87.7742213,41.871397],[-87.774222,41.8714117],[-87.7742285,41.8715436],[-87.7742415,41.8718225],[-87.7742399,41.8718093],[-87.774327,41.8730154],[-87.7743463,41.8733919],[-87.7743591,41.8737303],[-87.7743705,41.8740255],[-87.7743838,41.8744102],[-87.7743907,41.8746382],[-87.7744001,41.8749023],[-87.7744038,41.8750047],[-87.7744194,41.8760308],[-87.7744294,41.876316],[-87.7744281,41.8763188],[-87.7744325,41.8765233],[-87.7744371,41.8765316],[-87.7744383,41.8765388],[-87.7744458,41.8766735],[-87.7744621,41.8768353],[-87.7744655,41.8769425],[-87.7744853,41.8774393],[-87.7744898,41.8775308],[-87.7744835,41.8775444],[-87.774475,41.877553]]]}},{"type":"Feature","properties":{"ADDRESS":"1809 W. 50th St.","TYPE_MAIN":"2:NR - District","NHL_NR":null,"NOTES":null,"NAME":"Cornell Square (Chicago Park District MPS)","TYPE":2},"geometry":{"type":"Polygon","coordinates":[[[-87.6720042,41.8029757],[-87.6720045,41.8029853],[-87.669814,41.8030066],[-87.6697719,41.8013675],[-87.6719624,41.8013461],[-87.6720042,41.8029755],[-87.6720042,41.8029757]]]}},{"type":"Feature","properties":{"ADDRESS":"513 W. 72nd St.","TYPE_MAIN":"2:NR - District","NHL_NR":null,"NOTES":null,"NAME":"Hamilton Park (Chicago Park District MPS)","TYPE":2},"geometry":{"type":"Polygon","coordinates":[[[-87.6391512,41.7633841],[-87.6348793,41.7634263],[-87.6361691,41.7599487],[-87.6369637,41.7599375],[-87.6373583,41.7599312],[-87.6377202,41.7599252],[-87.638213,41.7599181],[-87.6384217,41.7599147],[-87.6385334,41.7599129],[-87.6387127,41.7599096],[-87.6390473,41.7599132],[-87.6391136,41.7612594],[-87.6391512,41.7633841]]]}},{"type":"Feature","properties":{"ADDRESS":"331 W. 45th St.","TYPE_MAIN":"2:NR - District","NHL_NR":null,"NOTES":null,"NAME":"Fuller Park (Chicago Park District MPS)","TYPE":2},"geometry":{"type":"Polygon","coordinates":[[[-87.6357262,41.8125877],[-87.6356881,41.8125869],[-87.6355357,41.8125689],[-87.6352911,41.8125252],[-87.6351336,41.8125034],[-87.6348942,41.8124651],[-87.634848,41.8124555],[-87.634829,41.8124554],[-87.6347688,41.8124561],[-87.634476,41.8124599],[-87.6339308,41.8124697],[-87.633616,41.8124741],[-87.633572,41.8124747],[-87.6335712,41.8124746],[-87.6335704,41.8124745],[-87.6335695,41.8124744],[-87.6335687,41.8124743],[-87.6335679,41.8124741],[-87.6335671,41.812474],[-87.6335663,41.8124738],[-87.6335655,41.8124737],[-87.6335646,41.8124735],[-87.6335638,41.8124733],[-87.633563,41.8124732],[-87.6335623,41.812473],[-87.6335615,41.8124727],[-87.6335607,41.8124725],[-87.6335599,41.8124723],[-87.6335591,41.8124721],[-87.6335584,41.8124718],[-87.6335576,41.8124715],[-87.6335568,41.8124713],[-87.6335561,41.812471],[-87.6335554,41.8124707],[-87.6335546,41.8124704],[-87.6335539,41.8124701],[-87.6335532,41.8124698],[-87.6335525,41.8124694],[-87.6335517,41.8124691],[-87.633551,41.8124688],[-87.6335504,41.8124684],[-87.6335497,41.812468],[-87.633549,41.8124677],[-87.6335483,41.8124673],[-87.6335477,41.8124669],[-87.633547,41.8124665],[-87.6335464,41.8124661],[-87.6335458,41.8124657],[-87.6335452,41.8124653],[-87.6335445,41.8124648],[-87.6335439,41.8124644],[-87.6335434,41.8124639],[-87.6335428,41.8124635],[-87.6335422,41.812463],[-87.6335417,41.8124626],[-87.6335411,41.8124621],[-87.6335406,41.8124616],[-87.6335401,41.8124611],[-87.6335395,41.8124606],[-87.633539,41.8124601],[-87.6335386,41.8124596],[-87.6335381,41.8124591],[-87.6335376,41.8124586],[-87.6335372,41.812458],[-87.6335367,41.8124575],[-87.6335363,41.812457],[-87.6335359,41.8124564],[-87.6335355,41.8124559],[-87.6335351,41.8124553],[-87.6335347,41.8124548],[-87.6335344,41.8124542],[-87.633534,41.8124536],[-87.6335337,41.8124531],[-87.6335333,41.8124525],[-87.633533,41.8124519],[-87.6335327,41.8124513],[-87.6335325,41.8124507],[-87.6335322,41.8124501],[-87.6335319,41.8124495],[-87.6335317,41.8124489],[-87.6335315,41.8124483],[-87.6335312,41.8124477],[-87.633531,41.8124471],[-87.6335309,41.8124465],[-87.6335307,41.8124459],[-87.6335305,41.8124453],[-87.6335304,41.8124447],[-87.6335303,41.812444],[-87.6335301,41.8124434],[-87.63353,41.8124428],[-87.63353,41.8124422],[-87.6335299,41.8124415],[-87.6335298,41.8124409],[-87.6335283,41.8123844],[-87.6335162,41.811943],[-87.6335023,41.8114012],[-87.6334914,41.8108501],[-87.6334708,41.8103121],[-87.6334713,41.8103113],[-87.6334717,41.8103104],[-87.6334722,41.8103096],[-87.6334727,41.8103087],[-87.6334732,41.8103079],[-87.6334737,41.8103071],[-87.6334742,41.8103063],[-87.6334748,41.8103055],[-87.6334754,41.8103047],[-87.633476,41.8103039],[-87.6334766,41.8103031],[-87.6334772,41.8103024],[-87.6334778,41.8103016],[-87.6334785,41.8103008],[-87.6334792,41.8103001],[-87.6334799,41.8102994],[-87.6334806,41.8102986],[-87.6334814,41.8102979],[-87.6334821,41.8102972],[-87.6334829,41.8102965],[-87.6334837,41.8102958],[-87.6334845,41.8102951],[-87.6334853,41.8102945],[-87.6334861,41.8102938],[-87.633487,41.8102932],[-87.6334878,41.8102925],[-87.6334887,41.8102919],[-87.6334896,41.8102913],[-87.6334905,41.8102907],[-87.6334914,41.8102901],[-87.6334924,41.8102895],[-87.6334933,41.810289],[-87.6334943,41.8102884],[-87.6334952,41.8102879],[-87.6334962,41.8102873],[-87.6334972,41.8102868],[-87.6334982,41.8102863],[-87.6334992,41.8102858],[-87.6335003,41.8102854],[-87.6335013,41.8102849],[-87.6335024,41.8102845],[-87.6335034,41.810284],[-87.6335045,41.8102836],[-87.6335056,41.8102832],[-87.6335067,41.8102828],[-87.6335078,41.8102824],[-87.6335089,41.8102821],[-87.63351,41.8102817],[-87.6335111,41.8102814],[-87.6335123,41.8102811],[-87.6336399,41.8102785],[-87.6343449,41.8102646],[-87.6343532,41.8102644],[-87.6345293,41.8102609],[-87.6353738,41.8102457],[-87.6356776,41.8102399],[-87.6356777,41.8102393],[-87.6356784,41.8102395],[-87.6356788,41.8102397],[-87.6356792,41.8102399],[-87.6356796,41.8102401],[-87.6356799,41.8102403],[-87.6356803,41.8102405],[-87.6356807,41.8102407],[-87.635681,41.8102409],[-87.6356814,41.8102412],[-87.6356817,41.8102414],[-87.635682,41.8102416],[-87.6356824,41.8102419],[-87.6356827,41.8102421],[-87.635683,41.8102424],[-87.6356833,41.8102426],[-87.6356836,41.8102429],[-87.6356839,41.8102431],[-87.6356842,41.8102434],[-87.6356845,41.8102437],[-87.6356848,41.8102439],[-87.6356851,41.8102442],[-87.6356854,41.8102445],[-87.6356856,41.8102448],[-87.6356859,41.8102451],[-87.6356861,41.8102454],[-87.6356864,41.8102456],[-87.6356866,41.8102459],[-87.6356868,41.8102462],[-87.6356871,41.8102465],[-87.6356873,41.8102469],[-87.6356875,41.8102472],[-87.6356877,41.8102475],[-87.6356879,41.8102478],[-87.6356881,41.8102481],[-87.6356883,41.8102484],[-87.6356884,41.8102487],[-87.6356886,41.8102491],[-87.6356888,41.8102494],[-87.6356889,41.8102497],[-87.635689,41.81025],[-87.6356892,41.8102504],[-87.6356893,41.8102507],[-87.6356894,41.810251],[-87.6356895,41.8102514],[-87.6356897,41.8102517],[-87.6356897,41.810252],[-87.6356898,41.8102524],[-87.6356899,41.8102527],[-87.63569,41.8102531],[-87.6356901,41.8102534],[-87.6356901,41.8102537],[-87.6356902,41.8102541],[-87.6356902,41.8102544],[-87.6356902,41.8102548],[-87.6356903,41.8102551],[-87.6356903,41.8102555],[-87.6356903,41.8102558],[-87.6356903,41.8102561],[-87.6356903,41.8102565],[-87.6356903,41.8102568],[-87.6356903,41.8102572],[-87.6356902,41.8102575],[-87.6356902,41.8102579],[-87.6356901,41.8102582],[-87.6356901,41.8102586],[-87.63569,41.8102589],[-87.63569,41.8102592],[-87.6356899,41.8102596],[-87.6356898,41.8102599],[-87.6356897,41.8102603],[-87.6356896,41.8102606],[-87.6356895,41.8102609],[-87.6356894,41.8102613],[-87.6356893,41.8102616],[-87.6356891,41.8102619],[-87.6357417,41.812588],[-87.6357267,41.8125877],[-87.6357262,41.8125877]]]}},{"type":"Feature","properties":{"ADDRESS":"100 N. Central Park Ave.","TYPE_MAIN":"2:NR - District","NHL_NR":null,"NOTES":null,"NAME":"Garfield Park (Chicago Park District MPS)","TYPE":2},"geometry":{"type":"Polygon","coordinates":[[[-87.7208298,41.887921],[-87.7166452,41.8879714],[-87.7166407,41.8877648],[-87.7164196,41.88772],[-87.7162088,41.8876524],[-87.716201,41.8873295],[-87.71619,41.8868718],[-87.7161777,41.8863585],[-87.7161465,41.8850641],[-87.7161414,41.8848489],[-87.7112564,41.8845366],[-87.7112075,41.8828455],[-87.7112022,41.8826601],[-87.7111913,41.8822827],[-87.7111547,41.8810173],[-87.715739,41.8809432],[-87.7160018,41.880939],[-87.7158511,41.8757342],[-87.719646,41.8746887],[-87.7198976,41.8745356],[-87.7207136,41.8745155],[-87.7207458,41.8752483],[-87.7207334,41.8753264],[-87.7204471,41.8753758],[-87.7206217,41.8761571],[-87.7206808,41.8763537],[-87.7206871,41.8770856],[-87.7203293,41.8771546],[-87.720419,41.8771533],[-87.720474,41.8793702],[-87.7204978,41.8795159],[-87.7205894,41.8806768],[-87.7206698,41.8816947],[-87.7206985,41.882057],[-87.7208894,41.8840874],[-87.7209191,41.8851562],[-87.7207569,41.885303],[-87.720824,41.8877144],[-87.7208298,41.887921]]]}},{"type":"Feature","properties":{"ADDRESS":"401 N. Michigan Ave.","TYPE_MAIN":"4:NHL (National Historic Landmark) - District","NHL_NR":"NHL","NOTES":null,"NAME":"Jean Baptiste Point Du Sable Homesite","TYPE":4},"geometry":{"type":"Polygon","coordinates":[[[-87.6226412,41.8899719],[-87.6224178,41.8892412],[-87.622341,41.8892425],[-87.6222996,41.8890977],[-87.6237149,41.8893362],[-87.6238414,41.8897501],[-87.6226412,41.8899719]]]}},{"type":"Feature","properties":{"ADDRESS":"Bounded by Division St. and Chicago, Hermitage and Damen Avenues","TYPE_MAIN":"2:NR - District","NHL_NR":null,"NOTES":"(Ethnic [European] Historic Settlement in the city of Chicago [1860-1930] MPS)","NAME":"East Village Historic District (Ethnic [European] Historic Settlement in the city of Chicago [1860-1930] MPS]","TYPE":2},"geometry":{"type":"Polygon","coordinates":[[[-87.6772453,41.9026885],[-87.6748072,41.9027235],[-87.6747809,41.9018165],[-87.673554,41.9018321],[-87.6735427,41.9014299],[-87.6725592,41.9014451],[-87.6723264,41.9014487],[-87.6723183,41.9011637],[-87.6717133,41.9011734],[-87.6717374,41.9022049],[-87.6723478,41.9021944],[-87.6723641,41.9027655],[-87.6711546,41.9027843],[-87.6710864,41.9004348],[-87.6710529,41.8992793],[-87.6734793,41.8992162],[-87.6734914,41.8996097],[-87.6741001,41.8996],[-87.6747164,41.8995902],[-87.6747054,41.8992102],[-87.6746752,41.8981635],[-87.6734478,41.8981833],[-87.673443,41.8977868],[-87.6737651,41.8977815],[-87.6737516,41.8973267],[-87.6728107,41.8973423],[-87.6728268,41.897797],[-87.6722222,41.897807],[-87.6722063,41.8972491],[-87.6716035,41.8972587],[-87.6716416,41.8984998],[-87.6710305,41.8985099],[-87.6709937,41.8972763],[-87.6709695,41.8964667],[-87.6721179,41.8964475],[-87.6722437,41.896462],[-87.6746247,41.8964186],[-87.6770673,41.8963848],[-87.6771114,41.8981604],[-87.6771356,41.8991362],[-87.677146,41.8995539],[-87.6771884,41.9012631],[-87.6772266,41.9022203],[-87.6772453,41.9026885]]]}},{"type":"Feature","properties":{"ADDRESS":"4822 N. Long Ave.","TYPE_MAIN":"2:NR - District","NHL_NR":null,"NOTES":null,"NAME":"Jefferson Park (Chicago Park District MPS)","TYPE":2},"geometry":{"type":"Polygon","coordinates":[[[-87.7649327,41.9695134],[-87.7623541,41.9688132],[-87.7626507,41.9681992],[-87.762683,41.968179],[-87.7626961,41.9680535],[-87.7627249,41.9677639],[-87.7637522,41.9678257],[-87.7649123,41.9678957],[-87.7649524,41.9690814],[-87.7649403,41.9695154],[-87.7649327,41.9695134]]]}},{"type":"Feature","properties":{"ADDRESS":"3945 N. Springfield Ave.","TYPE_MAIN":"2:NR - District","NHL_NR":null,"NOTES":null,"NAME":"Independence Park (Chicago Park District MPS)","TYPE":2},"geometry":{"type":"Polygon","coordinates":[[[-87.7250709,41.9535647],[-87.7250681,41.953568],[-87.725063,41.9535741],[-87.7250502,41.9535813],[-87.7250349,41.9535845],[-87.7246384,41.9535905],[-87.7239896,41.9535976],[-87.7239823,41.9535977],[-87.7233367,41.9536064],[-87.7229519,41.9536119],[-87.7227873,41.9536105],[-87.7227774,41.9536086],[-87.7227665,41.9536026],[-87.7227599,41.9535938],[-87.7227572,41.9533878],[-87.7227401,41.9529309],[-87.7227239,41.9523779],[-87.7227127,41.9519517],[-87.7227127,41.9519489],[-87.7227167,41.9519427],[-87.7227248,41.9519394],[-87.7231087,41.9519339],[-87.7233229,41.9519312],[-87.7239982,41.9519231],[-87.7239998,41.9519231],[-87.7243545,41.951919],[-87.725008,41.9519045],[-87.7250233,41.9519119],[-87.7250274,41.9519207],[-87.7250473,41.9527399],[-87.7250744,41.9535536],[-87.7250714,41.953564],[-87.7250709,41.9535647]]]}},{"type":"Feature","properties":{"ADDRESS":"Roughly bounded by W. Foster Ave., N. Pulaski Rd., N. Kilbourn Ave., and W. Lawrence Ave.","TYPE_MAIN":"2:NR - District","NHL_NR":null,"NOTES":null,"NAME":"North Mayfair Bungalow Historic District (Chicago Bungalows MPS)","TYPE":2},"geometry":{"type":"Polygon","coordinates":[[[-87.7387367,41.9754228],[-87.7387369,41.9754276],[-87.7356233,41.9754524],[-87.7337883,41.975467],[-87.7337344,41.9736463],[-87.7324791,41.973667],[-87.7324386,41.9723004],[-87.7318443,41.9723018],[-87.7318446,41.9723825],[-87.7281459,41.9724495],[-87.7281273,41.9718761],[-87.7324476,41.9718377],[-87.7323979,41.970007],[-87.733631,41.9700019],[-87.7335961,41.9686353],[-87.7373036,41.9685826],[-87.7373335,41.9697536],[-87.7373388,41.9699575],[-87.7404945,41.9699125],[-87.7405699,41.9720949],[-87.7405864,41.9725702],[-87.7406152,41.9734018],[-87.7406207,41.9735608],[-87.7399504,41.9735737],[-87.7386848,41.9735852],[-87.7387367,41.9754228]]]}},{"type":"Feature","properties":{"ADDRESS":"Between Sacramento Ave., the North Branch of the Chicago River, and alleys South of Lawrence Ave. and North of Montrose Ave.","TYPE_MAIN":"2:NR - District","NHL_NR":null,"NOTES":null,"NAME":"Ravenswood Manor Historic District","TYPE":2},"geometry":{"type":"Polygon","coordinates":[[[-87.70357,41.9680397],[-87.700839,41.9680535],[-87.6958455,41.963042],[-87.6952729,41.9617297],[-87.7033704,41.9616775],[-87.70357,41.9680397]]]}},{"type":"Feature","properties":{"ADDRESS":"925 S. Homan Ave.","TYPE_MAIN":"4:NHL (National Historic Landmark) - District","NHL_NR":"NHL","NOTES":null,"NAME":"Sears, Roebuck and Company Complex NHL","TYPE":4},"geometry":{"type":"Polygon","coordinates":[[[-87.7153935,41.8698448],[-87.708321,41.8699214],[-87.7083188,41.8689875],[-87.7153767,41.8689164],[-87.7153933,41.8698336],[-87.7153935,41.8698448]]]}},{"type":"Feature","properties":{"ADDRESS":"Roughly bounded by S. King Dr., S. State St., 75th St. and 79th St.","TYPE_MAIN":"2:NR - District","NHL_NR":null,"NOTES":null,"NAME":"South Park Manor Historic District (Chicago Bungalows MPS)","TYPE":2},"geometry":{"type":"Polygon","coordinates":[[[-87.6223682,41.7579094],[-87.6199177,41.7579246],[-87.6197351,41.7579569],[-87.6181233,41.757986],[-87.6175024,41.7579972],[-87.6174697,41.7565408],[-87.6158571,41.7565692],[-87.6157297,41.7511033],[-87.6181572,41.7510715],[-87.6181998,41.752899],[-87.6173707,41.7529098],[-87.6174133,41.754739],[-87.6206483,41.7546966],[-87.6206052,41.7528523],[-87.6222221,41.7528311],[-87.6223067,41.7564425],[-87.6223682,41.7579094]]]}},{"type":"Feature","properties":{"ADDRESS":"Roughly bounded by S. Crandon Ave. on the East, E. 78th St. on the South, S. Clyde Ave. on the West, E. 75th St. on the North","TYPE_MAIN":"2:NR - District","NHL_NR":null,"NOTES":null,"NAME":"South Shore Bungalow Historic District (Chicago Bungalows MPS)","TYPE":2},"geometry":{"type":"Polygon","coordinates":[[[-87.5742964,41.7584436],[-87.5742968,41.758462],[-87.5735654,41.7584486],[-87.5735667,41.7586138],[-87.5724767,41.7586184],[-87.5724759,41.7585144],[-87.5721859,41.7585156],[-87.5713093,41.7585193],[-87.5711538,41.7584907],[-87.5706323,41.758497],[-87.5706024,41.7571226],[-87.569762,41.7571329],[-87.5681704,41.7571523],[-87.568131,41.7553383],[-87.5681091,41.7548539],[-87.568091,41.7535237],[-87.57004,41.7535088],[-87.5705406,41.7537954],[-87.570571,41.7553093],[-87.5736234,41.7552748],[-87.5736442,41.7563095],[-87.5742533,41.7563026],[-87.574269,41.7570804],[-87.5742964,41.7584436]]]}},{"type":"Feature","properties":{"ADDRESS":"Bounded by Lawrence Ave. on the north, Montrose Ave., on the south, and roughly by Clark St. on the west and Racine Ave. on the east.","TYPE_MAIN":"2:NR - District","NHL_NR":null,"NOTES":null,"NAME":"Sheridan Park Historic District","TYPE":2},"geometry":{"type":"Polygon","coordinates":[[[-87.6674957,41.9689053],[-87.6645894,41.9689464],[-87.6610419,41.9689965],[-87.6604336,41.9690051],[-87.6603975,41.968242],[-87.6596604,41.968247],[-87.6596508,41.9674546],[-87.6596476,41.967199],[-87.6590875,41.9672059],[-87.659139,41.9668585],[-87.6592209,41.966307],[-87.6596367,41.9663064],[-87.6596248,41.9658742],[-87.6597398,41.9658737],[-87.6603388,41.9658716],[-87.6603354,41.9653558],[-87.661021,41.9653533],[-87.6610177,41.9648466],[-87.6603058,41.9648491],[-87.6603018,41.9642318],[-87.6602928,41.9628402],[-87.6595831,41.9628428],[-87.6595825,41.9627572],[-87.6594725,41.9627576],[-87.6590043,41.9627593],[-87.6590087,41.9628485],[-87.6584991,41.9629229],[-87.6583131,41.96296],[-87.6577554,41.9629927],[-87.657611,41.9625731],[-87.6573277,41.9617493],[-87.6625725,41.9616741],[-87.6650212,41.9616389],[-87.6659902,41.9616397],[-87.6660436,41.9619984],[-87.6655107,41.9620427],[-87.665684,41.9632061],[-87.6662714,41.9631355],[-87.6663049,41.9632404],[-87.6663493,41.96345],[-87.6657531,41.9634615],[-87.6660226,41.9647888],[-87.6666195,41.9647213],[-87.6665618,41.9644369],[-87.6670079,41.964431],[-87.6670279,41.9652675],[-87.666755,41.9652818],[-87.6672249,41.9675559],[-87.6671065,41.9675695],[-87.666642,41.967623],[-87.6668099,41.9684354],[-87.666841,41.9685859],[-87.6668653,41.9685828],[-87.6674261,41.9685126],[-87.6674978,41.968905],[-87.6674957,41.9689053]]]}},{"type":"Feature","properties":{"ADDRESS":"Roughly bounded by 14th Pl., 16th St. rail embankment, Racine Ave. and Morgan St.","TYPE_MAIN":"2:NR - District","NHL_NR":null,"NOTES":null,"NAME":"South Water Market","TYPE":2},"geometry":{"type":"Polygon","coordinates":[[[-87.6565575,41.8624541],[-87.6559475,41.8624709],[-87.654423,41.8625026],[-87.6531165,41.862522],[-87.6516376,41.8625335],[-87.6512126,41.8624022],[-87.6509063,41.8622723],[-87.6509032,41.8621661],[-87.6508761,41.8612327],[-87.6516412,41.8612214],[-87.6516415,41.8612214],[-87.6540206,41.8611862],[-87.6565214,41.8611492],[-87.656534,41.8616073],[-87.6565466,41.8620601],[-87.656551,41.862221],[-87.6565575,41.8624541]]]}},{"type":"Feature","properties":{"ADDRESS":"Roughly bounded by N. Campbell Ave., W. Devon Ave., N. Fairfield Ave., and W. Pratt Ave.","TYPE_MAIN":"2:NR - District","NHL_NR":null,"NOTES":null,"NAME":"Talman West Ridge Bungalow Historic District (Chicago Bungalows MPS)","TYPE":2},"geometry":{"type":"Polygon","coordinates":[[[-87.6967791,42.0043893],[-87.6955457,42.0044125],[-87.6954394,42.0012684],[-87.6924515,42.0013245],[-87.692391,41.9995321],[-87.6923914,41.999504],[-87.6923916,41.999504],[-87.6948119,41.9994739],[-87.695428,41.9994662],[-87.6953975,41.9981046],[-87.6966045,41.9980896],[-87.6966751,42.0012404],[-87.6986652,42.0012155],[-87.6991521,42.0012095],[-87.6991806,42.0030263],[-87.6967127,42.003104],[-87.6967791,42.0043893]]]}},{"type":"Feature","properties":{"ADDRESS":"bounded by Harrison& Polk St, Greenshaw St, & Western and Ogden Aves.on the North is Oakley, Harrison, &Claremont Sts","TYPE_MAIN":"2:NR - District","NHL_NR":null,"NOTES":null,"NAME":"Tri ¿ Taylor Historic District","TYPE":2},"geometry":{"type":"Polygon","coordinates":[[[-87.6856638,41.8749873],[-87.6850322,41.8749776],[-87.683799,41.874959],[-87.6837809,41.87356],[-87.6837195,41.8713652],[-87.6800219,41.8714215],[-87.6788151,41.8714398],[-87.6788288,41.8713665],[-87.6788435,41.8713423],[-87.678941,41.8712541],[-87.6791245,41.8710981],[-87.6793938,41.8708737],[-87.6801308,41.8702559],[-87.6806764,41.8698014],[-87.6810318,41.8700397],[-87.6812346,41.8700296],[-87.6812274,41.8697725],[-87.6812129,41.869252],[-87.6811909,41.8690364],[-87.68148,41.869038],[-87.6811801,41.8687818],[-87.6815306,41.8684905],[-87.6827818,41.8684792],[-87.6831166,41.8684762],[-87.6831159,41.8680798],[-87.682813,41.8680916],[-87.6827672,41.8680933],[-87.6833455,41.8675881],[-87.683613,41.8675581],[-87.6842233,41.8675496],[-87.6841884,41.8674531],[-87.6841824,41.8670932],[-87.6847384,41.8670881],[-87.6854473,41.8670766],[-87.6854534,41.8675306],[-87.6854555,41.8676885],[-87.6854703,41.8683789],[-87.6854718,41.8684473],[-87.685565,41.8684795],[-87.6855865,41.8691086],[-87.685594,41.8693278],[-87.6854968,41.8693855],[-87.6855095,41.8698012],[-87.6855378,41.8707234],[-87.6855694,41.8718812],[-87.6856007,41.8730296],[-87.6856559,41.8734364],[-87.6853922,41.8734399],[-87.6854177,41.8739026],[-87.6850052,41.8739073],[-87.6850162,41.8743503],[-87.685634,41.8743496],[-87.6856638,41.8749873]]]}},{"type":"Feature","properties":{"ADDRESS":"2400 E. 105th St.","TYPE_MAIN":"2:NR - District","NHL_NR":null,"NOTES":null,"NAME":"Trumbull Park","TYPE":2},"geometry":{"type":"Polygon","coordinates":[[[-87.565592,41.7080277],[-87.5655898,41.7080277],[-87.5650258,41.7080377],[-87.564198,41.7080498],[-87.5634244,41.7080627],[-87.5634131,41.7080624],[-87.5634019,41.7080615],[-87.5633907,41.70806],[-87.5633798,41.708058],[-87.5633716,41.7080543],[-87.5633645,41.7080495],[-87.5633588,41.7080437],[-87.5633547,41.7080373],[-87.5633522,41.7080304],[-87.5633516,41.7080232],[-87.5633442,41.7076038],[-87.5633392,41.7072838],[-87.5633267,41.7065505],[-87.5633256,41.7064159],[-87.5633252,41.7063737],[-87.5633215,41.7059428],[-87.5633025,41.7048966],[-87.5633037,41.7046715],[-87.5633043,41.7046627],[-87.5633073,41.7046541],[-87.5633125,41.7046461],[-87.5633197,41.7046391],[-87.5633287,41.7046333],[-87.5633391,41.7046289],[-87.5633504,41.7046262],[-87.5633621,41.7046253],[-87.5640451,41.7046225],[-87.5641141,41.7046222],[-87.5641773,41.704622],[-87.5647809,41.7046211],[-87.5655485,41.7046163],[-87.5655598,41.7046172],[-87.5655707,41.7046195],[-87.5655809,41.7046234],[-87.5655899,41.7046285],[-87.5655975,41.7046348],[-87.5656035,41.7046421],[-87.5656075,41.70465],[-87.5656095,41.7046584],[-87.5656177,41.7052628],[-87.5656252,41.705866],[-87.5656307,41.7063584],[-87.5656315,41.7064215],[-87.5656337,41.7066241],[-87.5656469,41.707307],[-87.5656593,41.707986],[-87.5656564,41.7079957],[-87.5656508,41.7080047],[-87.565643,41.7080127],[-87.5656331,41.7080193],[-87.5656216,41.7080243],[-87.565609,41.7080274],[-87.565592,41.7080277]]]}},{"type":"Feature","properties":{"ADDRESS":"5531 S. King Dr.","TYPE_MAIN":"2:NR - District","NHL_NR":null,"NOTES":null,"NAME":"Washington Park ~ (Chicago Park District MPS)","TYPE":2},"geometry":{"type":"Polygon","coordinates":[[[-87.6161267,41.8020068],[-87.6065811,41.802151],[-87.60648,41.7983919],[-87.6063023,41.7949675],[-87.6061406,41.7906434],[-87.6061556,41.7858722],[-87.6155722,41.7858455],[-87.6161267,41.8020068]]]}},{"type":"Feature","properties":{"ADDRESS":"901 N. Clark St","TYPE_MAIN":"2:NR - District","NHL_NR":null,"NOTES":null,"NAME":"Washington Square Park","TYPE":2},"geometry":{"type":"Polygon","coordinates":[[[-87.6311715,41.8997007],[-87.6300123,41.8997164],[-87.6299875,41.8988409],[-87.6311562,41.8988269],[-87.6311804,41.8997006],[-87.6311715,41.8997007]]]}},{"type":"Feature","properties":{"ADDRESS":"W. Avondale, W. Addison. N. Pulaski, and N. Hamlin Aves,boundaries extended to include 3948-52 and 3949-53 W. Waveland Ave,","TYPE_MAIN":"2:NR - District","NHL_NR":null,"NOTES":null,"NAME":"Villa Historic District","TYPE":2},"geometry":{"type":"Polygon","coordinates":[[[-87.726912,41.9505343],[-87.7244361,41.9491308],[-87.72255,41.9480605],[-87.7225064,41.9464394],[-87.7247143,41.9464078],[-87.7267919,41.9463816],[-87.7268074,41.9470678],[-87.7268417,41.9479682],[-87.7273271,41.9479717],[-87.7273397,41.9484246],[-87.7268566,41.9484319],[-87.726912,41.9505343]]]}},{"type":"Feature","properties":{"ADDRESS":"1435 S. Michigan Ave. and 1400 block S. Indiana Ave","TYPE_MAIN":"2:NR - District","NHL_NR":null,"NOTES":null,"NAME":"St. Luke¿s Hospital Complex","TYPE":2},"geometry":{"type":"Polygon","coordinates":[[[-87.6238945,41.8634096],[-87.6232693,41.8634188],[-87.6232726,41.8635416],[-87.6231096,41.863544],[-87.6230647,41.8635715],[-87.6226451,41.8635776],[-87.6226052,41.8635782],[-87.6225847,41.8627855],[-87.6225717,41.8623952],[-87.6225572,41.8619592],[-87.6232371,41.8619658],[-87.6232583,41.862667],[-87.6232599,41.8627202],[-87.6238784,41.8627118],[-87.6238883,41.863141],[-87.6238945,41.8634096]]]}},{"type":"Feature","properties":{"ADDRESS":"Roughly bounded by Wood, Crystal and N. Caton Sts., Claremont and North Aves.","TYPE_MAIN":"2:NR - District","NHL_NR":null,"NOTES":null,"NAME":"Wicker Park Historic District","TYPE":2},"geometry":{"type":"Polygon","coordinates":[[[-87.6829982,41.9122108],[-87.6829987,41.9122269],[-87.6823867,41.9122429],[-87.6823871,41.9122737],[-87.6814889,41.9122809],[-87.6814126,41.9122339],[-87.6813166,41.912231],[-87.680551,41.9117298],[-87.6799056,41.9113072],[-87.6794007,41.9110018],[-87.6792206,41.9108928],[-87.6788781,41.9106856],[-87.6787728,41.9106219],[-87.6783936,41.9109785],[-87.6782592,41.9108917],[-87.6781317,41.9108093],[-87.6778026,41.9110935],[-87.6774738,41.9109365],[-87.6774827,41.9113121],[-87.6768672,41.911297],[-87.6768572,41.9104962],[-87.672576,41.9105613],[-87.6725254,41.9087561],[-87.6724866,41.9071948],[-87.6726672,41.9073099],[-87.6731169,41.9069175],[-87.6722881,41.9063456],[-87.6725961,41.9061105],[-87.6729791,41.9057509],[-87.6738278,41.9062993],[-87.6736119,41.9064874],[-87.6740827,41.9067889],[-87.6740929,41.9067954],[-87.6755775,41.905502],[-87.6765247,41.9054787],[-87.6765139,41.9050155],[-87.6766029,41.9050142],[-87.6765914,41.9045698],[-87.6767054,41.9045681],[-87.6766776,41.9036885],[-87.6790288,41.903647],[-87.6790569,41.9036465],[-87.6790639,41.9038662],[-87.67972,41.9038567],[-87.6797263,41.9040777],[-87.6803454,41.9040679],[-87.6804529,41.9040662],[-87.680466,41.9045104],[-87.6816763,41.9044873],[-87.6816751,41.9044645],[-87.6816702,41.9043347],[-87.6821788,41.9043308],[-87.6821812,41.9044777],[-87.6821937,41.9049214],[-87.6822077,41.9053999],[-87.6814453,41.9054123],[-87.6814677,41.905946],[-87.6804883,41.9059615],[-87.6805043,41.9065257],[-87.6815415,41.9065093],[-87.6815486,41.9069108],[-87.6822507,41.9068956],[-87.6822465,41.9067461],[-87.6828523,41.9067366],[-87.6828114,41.9052831],[-87.6834252,41.9052753],[-87.6834146,41.9049041],[-87.6840218,41.9048945],[-87.6846329,41.9048809],[-87.6846466,41.9053678],[-87.6852505,41.9053583],[-87.6852367,41.9048673],[-87.6858787,41.9048583],[-87.6864638,41.9048501],[-87.6865159,41.9066749],[-87.6859072,41.9066857],[-87.6859455,41.9081238],[-87.6851534,41.9081355],[-87.6851349,41.9074413],[-87.6851258,41.907097],[-87.6846978,41.907091],[-87.6846871,41.9067049],[-87.684076,41.9067152],[-87.6841225,41.9085386],[-87.6835144,41.9085502],[-87.6835507,41.909913],[-87.6835772,41.9108437],[-87.6829596,41.9108535],[-87.6829982,41.9122108]]]}},{"type":"Feature","properties":{"ADDRESS":"143-161 West Burton Pl","TYPE_MAIN":"2:NR - District","NHL_NR":null,"NOTES":null,"NAME":"West Burton Place Historic District","TYPE":2},"geometry":{"type":"Polygon","coordinates":[[[-87.6341184,41.909539],[-87.6330975,41.9095494],[-87.6330776,41.9087798],[-87.6340948,41.9087651],[-87.6340994,41.9089796],[-87.6341184,41.909539]]]}},{"type":"Feature","properties":{"ADDRESS":"Washington Square, N. Dearborn St., from W. Walton St. to W. Chicago Ave.","TYPE_MAIN":"2:NR - District","NHL_NR":null,"NOTES":null,"NAME":"Washington Square Historic District (Land Subdivisions with Set-Aside Parks MPS)","TYPE":2},"geometry":{"type":"Polygon","coordinates":[[[-87.6313384,41.9001098],[-87.6298729,41.9001171],[-87.6298645,41.8999117],[-87.6290328,41.8999262],[-87.6290211,41.8995496],[-87.6291536,41.8995473],[-87.6291438,41.8992348],[-87.6291371,41.8991283],[-87.6290261,41.89913],[-87.629016,41.8987507],[-87.6293379,41.898746],[-87.6293366,41.8987395],[-87.6293318,41.89845],[-87.6291368,41.8984526],[-87.6291307,41.8980002],[-87.6291833,41.8979997],[-87.6291699,41.8979079],[-87.6291624,41.8976465],[-87.6291616,41.8976154],[-87.6291034,41.8974012],[-87.6291179,41.8973991],[-87.6291111,41.8971059],[-87.6297833,41.8970965],[-87.6297776,41.8968438],[-87.6302617,41.8968377],[-87.6302667,41.8970582],[-87.6304889,41.8970554],[-87.6304953,41.8973391],[-87.6297937,41.8973392],[-87.6298155,41.8979889],[-87.6298324,41.8987524],[-87.6312999,41.8987314],[-87.6313148,41.8992666],[-87.6313383,41.9001068],[-87.6313384,41.9001098]]]}},{"type":"Feature","properties":{"ADDRESS":"4500-4800-blocks N. Broadway,900-1200-blocks  W. Lawrence,4700-block of N. Racine, 4700-block of N. Sheridan, 1000-block of W. Wilson","TYPE_MAIN":"2:NR - District","NHL_NR":null,"NOTES":null,"NAME":"Uptown Square Historic District","TYPE":2},"geometry":{"type":"Polygon","coordinates":[[[-87.6604798,41.9707482],[-87.6604799,41.9707587],[-87.659718,41.9707636],[-87.6597178,41.9707597],[-87.6597178,41.970759],[-87.6597007,41.9701321],[-87.6591827,41.9701277],[-87.6591878,41.9699842],[-87.6588193,41.9699768],[-87.6588085,41.9696862],[-87.6586155,41.9697257],[-87.6576365,41.969743],[-87.657627,41.9694451],[-87.6555117,41.9694646],[-87.6555025,41.9690801],[-87.6555545,41.9690794],[-87.6555414,41.9689831],[-87.6537143,41.9690074],[-87.6537077,41.9687307],[-87.6549809,41.9687137],[-87.6549647,41.9680353],[-87.6555272,41.9680328],[-87.6555436,41.9687204],[-87.6569248,41.9687021],[-87.6569258,41.968742],[-87.6577482,41.9687311],[-87.6583074,41.9687236],[-87.6582936,41.9681469],[-87.6582787,41.9675247],[-87.6577238,41.9675443],[-87.6576926,41.9673136],[-87.6582773,41.9673053],[-87.6582751,41.9672156],[-87.6579619,41.9672201],[-87.6579114,41.9668959],[-87.6576777,41.9665537],[-87.6576287,41.9664725],[-87.6573779,41.9665681],[-87.6572949,41.9664156],[-87.6575176,41.9663384],[-87.6575282,41.9663553],[-87.6575562,41.9663456],[-87.6573735,41.9660521],[-87.6571191,41.9661328],[-87.6570367,41.9660404],[-87.6569553,41.9659491],[-87.6568929,41.9658909],[-87.6568266,41.9658538],[-87.6567461,41.9658087],[-87.6567312,41.9655082],[-87.6573192,41.9654919],[-87.6571827,41.965289],[-87.6575921,41.9652964],[-87.6568922,41.9641321],[-87.6570789,41.9640643],[-87.6571494,41.9641726],[-87.657157,41.9641698],[-87.6572198,41.964147],[-87.6572622,41.9642121],[-87.6571867,41.9642395],[-87.657537,41.9647771],[-87.6576917,41.9651725],[-87.6577598,41.9652056],[-87.6577919,41.9652814],[-87.6583403,41.9652766],[-87.6584588,41.9660694],[-87.6584985,41.966678],[-87.6585589,41.9667845],[-87.6586505,41.9668482],[-87.6591602,41.9668337],[-87.6590922,41.9672064],[-87.65965,41.9671978],[-87.6596668,41.9682345],[-87.66042,41.9682438],[-87.6604392,41.9690125],[-87.6610462,41.9690041],[-87.6610611,41.969716],[-87.660468,41.9697212],[-87.6604798,41.9707482]]]}},{"type":"Feature","properties":{"ADDRESS":"Roughly bounded by Laflin, Ashland, Adams, and Van Buren Sts.  (May 19, 1978); boundary extended to include the Pearson House, 1513 W. Adams St.","TYPE_MAIN":"2:NR - District","NHL_NR":null,"NOTES":null,"NAME":"West Jackson Boulevard District","TYPE":2},"geometry":{"type":"Polygon","coordinates":[[[-87.6667526,41.8788953],[-87.6661286,41.8789058],[-87.6656647,41.8789131],[-87.6656578,41.8782839],[-87.6650157,41.8782959],[-87.6650367,41.8789246],[-87.6648953,41.8789273],[-87.6648783,41.8784115],[-87.6643393,41.878411],[-87.6643205,41.8776154],[-87.6643092,41.877196],[-87.6644264,41.8771945],[-87.6645243,41.8771943],[-87.6646109,41.8771944],[-87.6646112,41.8772112],[-87.6647069,41.877209],[-87.6649774,41.8772071],[-87.6649679,41.8770188],[-87.6666763,41.8769942],[-87.6666982,41.8778442],[-87.6667526,41.8788953]]]}},{"type":"Feature","properties":{"ADDRESS":"Roughly 1535 North between Astor and State St.","TYPE_MAIN":"2:NR - District","NHL_NR":null,"NOTES":null,"NAME":"Wooden Alley","TYPE":2},"geometry":{"type":"Polygon","coordinates":[[[-87.6287961,41.9103324],[-87.6276767,41.9103479],[-87.6276755,41.9103001],[-87.6287984,41.9102845],[-87.6287962,41.910331],[-87.6287961,41.9103324]]]}},{"type":"Feature","properties":{"ADDRESS":"4600 and 4700 blocks of W. Wrightwood Ave.","TYPE_MAIN":"2:NR - District","NHL_NR":null,"NOTES":null,"NAME":"Wrightwood Bungalow Historic District (Chicago Bungalows MPS)","TYPE":2},"geometry":{"type":"Polygon","coordinates":[[[-87.7458178,41.9290442],[-87.7458088,41.9290443],[-87.744052,41.9290606],[-87.7440536,41.929106],[-87.7420153,41.9291325],[-87.7419681,41.9277188],[-87.7440664,41.9276921],[-87.7448563,41.927682],[-87.7457899,41.9276656],[-87.7459853,41.9276637],[-87.7460212,41.9285429],[-87.7458,41.9285467],[-87.7458199,41.9290442],[-87.7458178,41.9290442]]]}},{"type":"Feature","properties":{"ADDRESS":"1519-1521 W Warren Blvd","TYPE_MAIN":"1: NR - Individual Property","NHL_NR":null,"NOTES":null,"NAME":"Union Park Hotel","TYPE":1},"geometry":{"type":"Polygon","coordinates":[[[-87.6663073,41.8822881],[-87.66601,41.8822927],[-87.6660011,41.8819717],[-87.6662934,41.8819672],[-87.6663073,41.8822881]]]}},{"type":"Feature","properties":{"ADDRESS":"1315-17 W. Fletcher St.","TYPE_MAIN":"1: NR - Individual Property","NHL_NR":null,"NOTES":null,"NAME":"Best Brewing Company of Chicago","TYPE":1},"geometry":{"type":"Polygon","coordinates":[[[-87.6624787,41.9387874],[-87.6622966,41.9387901],[-87.6622047,41.9387915],[-87.6621128,41.9387929],[-87.6620209,41.9387942],[-87.6619291,41.9387956],[-87.6618372,41.938797],[-87.6617453,41.9387983],[-87.6616534,41.9387997],[-87.6615616,41.938801],[-87.6614697,41.9388024],[-87.6613847,41.9388037],[-87.6614083,41.9384586],[-87.6614578,41.9384578],[-87.6615497,41.9384564],[-87.6616415,41.938455],[-87.6617334,41.9384536],[-87.6618252,41.9384523],[-87.6619172,41.9384509],[-87.662009,41.9384495],[-87.6621008,41.9384481],[-87.6621927,41.9384467],[-87.6622847,41.9384453],[-87.6624662,41.9384426],[-87.6624787,41.9387874]]]}},{"type":"Feature","properties":{"ADDRESS":"5751 N. Kenmore Ave.","TYPE_MAIN":"1: NR - Individual Property","NHL_NR":null,"NOTES":null,"NAME":"Episcopal Church of the Atonement and Parish House","TYPE":1},"geometry":{"type":"Polygon","coordinates":[[[-87.6566062,41.9872464],[-87.6560531,41.9872566],[-87.6560488,41.9871177],[-87.6560446,41.9869805],[-87.6560403,41.9868435],[-87.6565932,41.9868345],[-87.6565976,41.9869716],[-87.6566019,41.9871088],[-87.6566062,41.9872464]]]}},{"type":"Feature","properties":{"ADDRESS":"4742 Martin Luther King Dr.","TYPE_MAIN":"3: (National Historic Landmark) - Individual Property","NHL_NR":"NHL","NOTES":null,"NAME":"Robert S. Abbott House","TYPE":3},"geometry":{"type":"Polygon","coordinates":[[[-87.617465,41.8080394],[-87.616919,41.8080478],[-87.6169159,41.8079244],[-87.6169152,41.8078969],[-87.6174612,41.8078884],[-87.6174619,41.8079159],[-87.617465,41.8080394]]]}},{"type":"Feature","properties":{"ADDRESS":"1322-1332 S. Wabash Ave.","TYPE_MAIN":"1: NR - Individual Property","NHL_NR":null,"NOTES":null,"NAME":"Coca Cola Company Building","TYPE":1},"geometry":{"type":"Polygon","coordinates":[[[-87.6264971,41.8652132],[-87.6259625,41.8652202],[-87.6259613,41.8651643],[-87.6259597,41.8650985],[-87.6259582,41.8650327],[-87.6259565,41.8649587],[-87.6259551,41.8648934],[-87.6259537,41.864832],[-87.6259522,41.8647706],[-87.6259509,41.8647092],[-87.6259496,41.8646546],[-87.6259485,41.8646063],[-87.6261393,41.8646038],[-87.6261373,41.8645156],[-87.6261348,41.8644063],[-87.6261317,41.8642681],[-87.6261301,41.8641998],[-87.6264722,41.8641953],[-87.6264739,41.8642635],[-87.6264326,41.8642641],[-87.6264358,41.8644024],[-87.6264383,41.8645116],[-87.6264414,41.8646481],[-87.6264833,41.8646475],[-87.6264846,41.8647021],[-87.6264861,41.8647635],[-87.6264876,41.8648249],[-87.6264891,41.8648863],[-87.6264907,41.8649516],[-87.6264925,41.8650256],[-87.6264941,41.8650914],[-87.6264957,41.8651572],[-87.6264971,41.8652132]]]}},{"type":"Feature","properties":{"ADDRESS":"5637 S. Woodlawn Ave.","TYPE_MAIN":"3: (National Historic Landmark) - Individual Property","NHL_NR":"NHL","NOTES":null,"NAME":"Arthur Holly Compton House","TYPE":3},"geometry":{"type":"Polygon","coordinates":[[[-87.5963539,41.7922234],[-87.5957092,41.7922302],[-87.5957062,41.792104],[-87.596351,41.7920972],[-87.5963539,41.7922234]]]}},{"type":"Feature","properties":{"ADDRESS":"14-16 East Pearson Street","TYPE_MAIN":"1: NR - Individual Property","NHL_NR":null,"NOTES":null,"NAME":"14-16 East Pearson Street (Edwin S. Hartwell Houses)","TYPE":1},"geometry":{"type":"Polygon","coordinates":[[[-87.6276752,41.89791],[-87.6276106,41.897911],[-87.6275711,41.8979116],[-87.6275607,41.8979118],[-87.6275459,41.897912],[-87.6275385,41.8976362],[-87.6276032,41.8976352],[-87.6276678,41.8976343],[-87.6276752,41.89791]]]}},{"type":"Feature","properties":{"ADDRESS":"7610 S. Ridgeland Ave.","TYPE_MAIN":"1: NR - Individual Property","NHL_NR":null,"NOTES":null,"NAME":"Anton E. Hanson House","TYPE":1},"geometry":{"type":"Polygon","coordinates":[[[-87.582798,41.7566317],[-87.5823304,41.7566373],[-87.5823289,41.7565714],[-87.5823278,41.7565275],[-87.5827952,41.756522],[-87.5827963,41.7565658],[-87.582798,41.7566317]]]}},{"type":"Feature","properties":{"ADDRESS":"4606 N. Hermitage Ave.","TYPE_MAIN":"1: NR - Individual Property","NHL_NR":null,"NOTES":null,"NAME":"Hermitage Apartments","TYPE":1},"geometry":{"type":"Polygon","coordinates":[[[-87.6732672,41.9655664],[-87.6726616,41.965575],[-87.6726609,41.9655476],[-87.6726577,41.9654155],[-87.6732631,41.9654079],[-87.6732665,41.9655389],[-87.6732672,41.9655664]]]}},{"type":"Feature","properties":{"ADDRESS":"1300 S. Lake Shore Dr.","TYPE_MAIN":"3: (National Historic Landmark) - Individual Property","NHL_NR":"NHL","NOTES":null,"NAME":"Adler Planetarium","TYPE":3},"geometry":{"type":"Polygon","coordinates":[[[-87.6074939,41.8665572],[-87.6074553,41.866623],[-87.6074005,41.8666905],[-87.6073338,41.8667517],[-87.6072562,41.8668054],[-87.6071695,41.8668506],[-87.6070753,41.8668863],[-87.6069753,41.866912],[-87.6068716,41.8669271],[-87.606766,41.8669313],[-87.6066607,41.8669245],[-87.6065577,41.8669069],[-87.606459,41.8668788],[-87.6063664,41.8668408],[-87.6062817,41.8667935],[-87.6062066,41.8667379],[-87.6061425,41.8666751],[-87.6060906,41.8666063],[-87.606052,41.8665328],[-87.6060274,41.8664559],[-87.6060173,41.8663773],[-87.6060218,41.8662984],[-87.6060409,41.8662207],[-87.6060742,41.8661457],[-87.6061211,41.8660749],[-87.6061806,41.8660097],[-87.6062517,41.8659512],[-87.6063329,41.8659006],[-87.6064227,41.8658589],[-87.6065194,41.8658269],[-87.6066209,41.8658053],[-87.6067256,41.8657943],[-87.6068313,41.8657943],[-87.6069359,41.8658053],[-87.6070376,41.8658269],[-87.6071342,41.8658589],[-87.607224,41.8659006],[-87.6073052,41.8659511],[-87.6073763,41.8660096],[-87.6074358,41.8660748],[-87.6074827,41.8661456],[-87.6072254,41.8661494],[-87.60725,41.8661816],[-87.6072836,41.8662425],[-87.6073032,41.8663067],[-87.6073082,41.8663725],[-87.6072985,41.866438],[-87.6072745,41.8665014],[-87.6072369,41.8665609],[-87.6074939,41.8665572]]]}},{"type":"Feature","properties":{"ADDRESS":"5000 N. Marine Dr.","TYPE_MAIN":"1: NR - Individual Property","NHL_NR":null,"NOTES":null,"NAME":"The Aquitania","TYPE":1},"geometry":{"type":"Polygon","coordinates":[[[-87.6518224,41.9738637],[-87.6513517,41.9738705],[-87.6513513,41.9738694],[-87.6511999,41.9734557],[-87.6518118,41.9734474],[-87.6518224,41.9738637]]]}},{"type":"Feature","properties":{"ADDRESS":"2300 N. Lincoln Park West.","TYPE_MAIN":"1: NR - Individual Property","NHL_NR":null,"NOTES":null,"NAME":"Belden Stratford Hotel","TYPE":1},"geometry":{"type":"Polygon","coordinates":[[[-87.6372915,41.9243098],[-87.6366596,41.924313],[-87.6366554,41.924173],[-87.6366467,41.9238878],[-87.6372787,41.9238846],[-87.6372873,41.9241698],[-87.6372915,41.9243098]]]}},{"type":"Feature","properties":{"ADDRESS":"500-510 N. Dearborn St.","TYPE_MAIN":"1: NR - Individual Property","NHL_NR":null,"NOTES":null,"NAME":"Boyce Building","TYPE":1},"geometry":{"type":"Polygon","coordinates":[[[-87.6301522,41.8912746],[-87.629785,41.8912798],[-87.6297833,41.891214],[-87.6297816,41.8911484],[-87.6297799,41.8910827],[-87.6297782,41.891017],[-87.6297763,41.8909464],[-87.6301435,41.8909412],[-87.6301454,41.8910118],[-87.6301471,41.8910775],[-87.6301488,41.8911432],[-87.6301505,41.8912089],[-87.6301522,41.8912746]]]}},{"type":"Feature","properties":{"ADDRESS":"56-67 E. Van Buren St.","TYPE_MAIN":"1: NR - Individual Property","NHL_NR":null,"NOTES":null,"NAME":"Buckingham Building","TYPE":1},"geometry":{"type":"Polygon","coordinates":[[[-87.6255756,41.8768968],[-87.6255746,41.8768968],[-87.6254904,41.8768984],[-87.6254257,41.8768996],[-87.6253627,41.8769008],[-87.6252369,41.8769031],[-87.6252305,41.8766342],[-87.6252299,41.8766079],[-87.6252281,41.876534],[-87.6252277,41.8765153],[-87.6255664,41.876509],[-87.6255756,41.8768968]]]}},{"type":"Feature","properties":{"ADDRESS":"104 W. Oak St.","TYPE_MAIN":"1: NR - Individual Property","NHL_NR":null,"NOTES":null,"NAME":"Burlingham Building","TYPE":1},"geometry":{"type":"Polygon","coordinates":[[[-87.6317617,41.9007497],[-87.6316516,41.9007513],[-87.6315036,41.9007534],[-87.6315005,41.9006436],[-87.6316483,41.9006415],[-87.6317586,41.90064],[-87.6317617,41.9007497]]]}},{"type":"Feature","properties":{"ADDRESS":"3531-39 W. Roosevelt Rd.","TYPE_MAIN":"1: NR - Individual Property","NHL_NR":null,"NOTES":null,"NAME":"Central Park Theater","TYPE":1},"geometry":{"type":"Polygon","coordinates":[[[-87.7145561,41.8661609],[-87.7144644,41.866162],[-87.7143726,41.8661631],[-87.7142808,41.8661642],[-87.7141891,41.8661653],[-87.7141754,41.865707],[-87.7142672,41.8657059],[-87.714359,41.8657047],[-87.7144508,41.8657036],[-87.7145425,41.8657025],[-87.7145561,41.8661609]]]}},{"type":"Feature","properties":{"ADDRESS":"6088 North Northwest Highway","TYPE_MAIN":"1: NR - Individual Property","NHL_NR":null,"NOTES":null,"NAME":"Chicago and North Western Railroad Depot, Norwood Park","TYPE":1},"geometry":{"type":"Polygon","coordinates":[[[-87.799396,41.9920376],[-87.7993465,41.9920708],[-87.7992307,41.9921378],[-87.7991804,41.9921628],[-87.799148,41.9921778],[-87.7990188,41.9922293],[-87.7982508,41.991773],[-87.7982852,41.9917424],[-87.7983316,41.9917175],[-87.7983864,41.9916572],[-87.7984331,41.9915992],[-87.7985023,41.9915323],[-87.799396,41.9920376]]]}},{"type":"Feature","properties":{"ADDRESS":"81 E. Van Buren St","TYPE_MAIN":"1: NR - Individual Property","NHL_NR":null,"NOTES":null,"NAME":"Chicago Club","TYPE":1},"geometry":{"type":"Polygon","coordinates":[[[-87.6251636,41.8769016],[-87.6248862,41.8769103],[-87.6247526,41.8769145],[-87.6245465,41.876921],[-87.6245349,41.8766837],[-87.6250492,41.8766692],[-87.6250996,41.8766678],[-87.6250997,41.8766994],[-87.6251365,41.8766969],[-87.6251375,41.87673],[-87.6251392,41.8767835],[-87.6251594,41.8767836],[-87.6251636,41.8769016]]]}},{"type":"Feature","properties":{"ADDRESS":"17 S. Homan Ave.","TYPE_MAIN":"1: NR - Individual Property","NHL_NR":null,"NOTES":null,"NAME":"Chicago Telephone Company Kedzie Exchange","TYPE":1},"geometry":{"type":"Polygon","coordinates":[[[-87.7108683,41.8804696],[-87.7107768,41.8804703],[-87.7106853,41.8804711],[-87.7105939,41.8804718],[-87.7105023,41.8804726],[-87.7104107,41.8804734],[-87.710378,41.8804736],[-87.7103193,41.8804741],[-87.7103136,41.8802969],[-87.7103724,41.8802972],[-87.7103702,41.8802309],[-87.7103681,41.8801646],[-87.7108585,41.8801605],[-87.7108605,41.8802268],[-87.7108627,41.8802931],[-87.7108648,41.8803594],[-87.7108669,41.8804257],[-87.7108681,41.8804634],[-87.7108683,41.8804696]]]}},{"type":"Feature","properties":{"ADDRESS":"201 S. Ashland Ave.","TYPE_MAIN":"1: NR - Individual Property","NHL_NR":null,"NOTES":null,"NAME":"Church of the Epiphany","TYPE":1},"geometry":{"type":"Polygon","coordinates":[[[-87.6665458,41.8788093],[-87.6659988,41.8788183],[-87.6659949,41.8786816],[-87.6659913,41.8785524],[-87.6659909,41.8785414],[-87.6665379,41.8785316],[-87.6665382,41.8785426],[-87.6665419,41.8786719],[-87.6665458,41.8788093]]]}},{"type":"Feature","properties":{"ADDRESS":"111 W. Washington St.","TYPE_MAIN":"1: NR - Individual Property","NHL_NR":null,"NOTES":null,"NAME":"Conway Building (Chicago Title and Trust Company)","TYPE":1},"geometry":{"type":"Polygon","coordinates":[[[-87.6318093,41.8830978],[-87.6317725,41.8830979],[-87.6316363,41.8830981],[-87.6313418,41.8830986],[-87.6310473,41.8830991],[-87.6310326,41.8826095],[-87.6313271,41.8826078],[-87.6316216,41.8826062],[-87.631762,41.8826054],[-87.6317988,41.8826052],[-87.6318093,41.8830978]]]}},{"type":"Feature","properties":{"ADDRESS":"1835 W. Harrison St.","TYPE_MAIN":"1: NR - Individual Property","NHL_NR":null,"NOTES":null,"NAME":"Cook County Hospital Administration Building","TYPE":1},"geometry":{"type":"Polygon","coordinates":[[[-87.6746781,41.8739703],[-87.6745055,41.8739734],[-87.6745064,41.8738939],[-87.674141,41.8738986],[-87.6741437,41.8739865],[-87.6739766,41.8739896],[-87.6739603,41.8739744],[-87.6739539,41.8736986],[-87.6739099,41.873697],[-87.6738131,41.8738281],[-87.6738423,41.8738434],[-87.6738013,41.8739022],[-87.6737684,41.8738883],[-87.6737516,41.8739129],[-87.6737534,41.8739211],[-87.6737552,41.8739211],[-87.6737643,41.8739253],[-87.6737695,41.8739596],[-87.6737693,41.8739802],[-87.6737655,41.873987],[-87.6735801,41.8739901],[-87.6735746,41.8739887],[-87.673571,41.8739832],[-87.6735661,41.8739228],[-87.6734289,41.8739262],[-87.6725569,41.8739479],[-87.6720429,41.8739606],[-87.6720419,41.8739607],[-87.6719165,41.8740148],[-87.6719075,41.8740052],[-87.6718542,41.8740062],[-87.6718396,41.8739965],[-87.6718285,41.8740061],[-87.671812,41.874006],[-87.6717722,41.8739481],[-87.6716859,41.873949],[-87.6716802,41.8737884],[-87.6717335,41.873786],[-87.671732,41.8737481],[-87.6717291,41.8736762],[-87.6717164,41.8736638],[-87.671715,41.8736226],[-87.671728,41.8736062],[-87.6717273,41.8734978],[-87.6717438,41.8734924],[-87.6717399,41.8733697],[-87.6717369,41.8732756],[-87.6717222,41.8732782],[-87.671719,41.8732329],[-87.6717523,41.8732098],[-87.6718,41.873206],[-87.6718441,41.8732177],[-87.6718438,41.873218],[-87.6718696,41.8732297],[-87.671871,41.8732695],[-87.6718581,41.8732722],[-87.6718646,41.8733559],[-87.6721107,41.8733477],[-87.6721115,41.8732709],[-87.6720986,41.8732708],[-87.6720991,41.8732255],[-87.6721268,41.8732037],[-87.6722095,41.8732001],[-87.6722405,41.8732209],[-87.6722437,41.8732675],[-87.672229,41.8732674],[-87.6722326,41.8734284],[-87.672234,41.8734939],[-87.6722579,41.8734913],[-87.6722576,41.8735173],[-87.672309,41.8735176],[-87.6723156,41.8735973],[-87.6723376,41.8735974],[-87.6723318,41.8734505],[-87.6723005,41.8734517],[-87.6723034,41.8733543],[-87.6723217,41.8733558],[-87.6723224,41.8732858],[-87.672372,41.8732834],[-87.6723707,41.873234],[-87.6723046,41.8732377],[-87.6723016,41.8731718],[-87.6727089,41.8731629],[-87.6730434,41.8731555],[-87.6730501,41.8732228],[-87.6729803,41.8732237],[-87.6729785,41.8732251],[-87.6729798,41.8732745],[-87.6730257,41.8732693],[-87.6730272,41.8733022],[-87.6730511,41.873301],[-87.6730572,41.873432],[-87.6730616,41.8735261],[-87.6730304,41.8735259],[-87.6730339,41.8735506],[-87.6731165,41.8735442],[-87.6731213,41.8732575],[-87.6731066,41.873256],[-87.6731071,41.8732094],[-87.6731349,41.8731876],[-87.673223,41.8731867],[-87.6732504,41.8732061],[-87.6732536,41.8732514],[-87.6732389,41.8732513],[-87.6732383,41.8733034],[-87.6734954,41.8733008],[-87.6734941,41.8732486],[-87.6734794,41.8732486],[-87.673478,41.8732033],[-87.6735076,41.8731815],[-87.6735866,41.8731792],[-87.6736286,41.8732028],[-87.6737388,41.8732007],[-87.6737461,41.8732021],[-87.6737497,41.8732035],[-87.6737567,41.8734176],[-87.6737548,41.8734258],[-87.6737493,41.8734271],[-87.673617,41.8734318],[-87.6736167,41.8734689],[-87.6736351,41.873469],[-87.6736376,41.8735774],[-87.673654,41.8735899],[-87.6736572,41.873631],[-87.6736387,41.8736433],[-87.6736394,41.8737544],[-87.6737114,41.8737164],[-87.6737119,41.8736657],[-87.673712,41.8736643],[-87.6737193,41.8736616],[-87.673835,41.8736568],[-87.6738353,41.8736307],[-87.6739087,41.8736311],[-87.6739085,41.8736558],[-87.6739507,41.8736574],[-87.673952,41.8733542],[-87.6740419,41.873352],[-87.6740424,41.8733081],[-87.6739634,41.8733117],[-87.6739602,41.873265],[-87.6740428,41.8732641],[-87.6740397,41.8732134],[-87.6744914,41.8732036],[-87.674493,41.8732242],[-87.6745332,41.8732505],[-87.6744943,41.8732818],[-87.6744956,41.8733367],[-87.6747491,41.8733217],[-87.6747488,41.8733437],[-87.6748407,41.8733387],[-87.6748434,41.8734265],[-87.6747774,41.8734248],[-87.6747799,41.8735216],[-87.6747826,41.8736279],[-87.6747588,41.8736291],[-87.6747628,41.8737949],[-87.6747652,41.873894],[-87.6746789,41.8738962],[-87.6746781,41.8739703]]]}},{"type":"Feature","properties":{"ADDRESS":"517-519 N. Halsted St.","TYPE_MAIN":"1: NR - Individual Property","NHL_NR":null,"NOTES":null,"NAME":"Dawson Brothers Plant","TYPE":1},"geometry":{"type":"Polygon","coordinates":[[[-87.6475224,41.8921665],[-87.6475224,41.8921675],[-87.6475146,41.8921676],[-87.6474427,41.8921687],[-87.647363,41.8921698],[-87.6472832,41.892171],[-87.6472035,41.8921721],[-87.6471239,41.8921732],[-87.6471199,41.8919809],[-87.6471193,41.8919542],[-87.6470395,41.8919553],[-87.6469599,41.8919563],[-87.6469604,41.8919831],[-87.6469645,41.8921756],[-87.6468812,41.8921768],[-87.6467942,41.892178],[-87.6467611,41.8921785],[-87.6467565,41.8919591],[-87.6467897,41.8919587],[-87.6467874,41.8918494],[-87.646785,41.89174],[-87.6475132,41.89173],[-87.6475133,41.8917344],[-87.647345,41.8917367],[-87.6473459,41.8917802],[-87.6473757,41.8917972],[-87.6473766,41.8918413],[-87.6473768,41.8918479],[-87.6473783,41.8919193],[-87.6475171,41.8919175],[-87.6475177,41.8919487],[-87.6475183,41.8919754],[-87.6475224,41.8921665]]]}},{"type":"Feature","properties":{"ADDRESS":"140 E. Walton St.","TYPE_MAIN":"1: NR - Individual Property","NHL_NR":null,"NOTES":null,"NAME":"Drake Hotel","TYPE":1},"geometry":{"type":"Polygon","coordinates":[[[-87.6239475,41.9007002],[-87.6239476,41.9007054],[-87.6237639,41.9007084],[-87.6235801,41.9007115],[-87.6233964,41.9007146],[-87.6232127,41.9007176],[-87.623029,41.9007207],[-87.6228791,41.9007232],[-87.6228776,41.9006572],[-87.6228783,41.9006572],[-87.6228729,41.9004239],[-87.6228679,41.9002033],[-87.6228676,41.9001905],[-87.6228671,41.9001779],[-87.622866,41.9001247],[-87.6230156,41.9001223],[-87.6231992,41.9001192],[-87.6233829,41.9001162],[-87.6235665,41.9001131],[-87.6237501,41.9001101],[-87.6239337,41.900107],[-87.6239406,41.9004062],[-87.6239475,41.9007002]]]}},{"type":"Feature","properties":{"ADDRESS":"5555 N. Sheridan Rd.","TYPE_MAIN":"1: NR - Individual Property","NHL_NR":null,"NOTES":null,"NAME":"Edgewater Beach Apartments","TYPE":1},"geometry":{"type":"Polygon","coordinates":[[[-87.6550408,41.9836024],[-87.6550411,41.9836119],[-87.6550412,41.9836176],[-87.6541074,41.9836325],[-87.6540848,41.9829779],[-87.6540793,41.9828094],[-87.6550181,41.9827945],[-87.6550408,41.9836024]]]}},{"type":"Feature","properties":{"ADDRESS":"1357 N. Wells St.","TYPE_MAIN":"1: NR - Individual Property","NHL_NR":null,"NOTES":null,"NAME":"Emmel Building","TYPE":1},"geometry":{"type":"Polygon","coordinates":[[[-87.6344439,41.9074046],[-87.634444,41.9074074],[-87.6338508,41.9074166],[-87.6338485,41.907348],[-87.6338484,41.9073425],[-87.6344415,41.9073333],[-87.6344417,41.9073388],[-87.6344438,41.9074027],[-87.6344439,41.9074046]]]}},{"type":"Feature","properties":{"ADDRESS":"900 S. Wabash Ave.","TYPE_MAIN":"1: NR - Individual Property","NHL_NR":null,"NOTES":null,"NAME":"Fairbanks, Morse & Company Building","TYPE":1},"geometry":{"type":"Polygon","coordinates":[[[-87.6266921,41.8704485],[-87.6260847,41.8704621],[-87.6260821,41.8703518],[-87.6260819,41.8703449],[-87.6266895,41.8703313],[-87.6266896,41.8703382],[-87.6266921,41.8704485]]]}},{"type":"Feature","properties":{"ADDRESS":"5701 W. Midway Park","TYPE_MAIN":"1: NR - Individual Property","NHL_NR":null,"NOTES":null,"NAME":"First Congregational Church of Austin","TYPE":1},"geometry":{"type":"Polygon","coordinates":[[[-87.7681217,41.8889016],[-87.768093,41.8889019],[-87.7678425,41.8889044],[-87.7678258,41.888482],[-87.7680775,41.8884794],[-87.7681087,41.8884791],[-87.7681241,41.8889016],[-87.7681217,41.8889016]]]}},{"type":"Feature","properties":{"ADDRESS":"5510 North Sheridan Road","TYPE_MAIN":"1: NR - Individual Property","NHL_NR":null,"NOTES":null,"NAME":"5510 North Sheridan Road","TYPE":1},"geometry":{"type":"Polygon","coordinates":[[[-87.6558477,41.9824132],[-87.6558401,41.9824133],[-87.655302,41.9824219],[-87.6553007,41.982377],[-87.6552968,41.9822398],[-87.6555033,41.9822365],[-87.6558482,41.9822309],[-87.655852,41.9823682],[-87.6558533,41.9824131],[-87.6558477,41.9824132]]]}},{"type":"Feature","properties":{"ADDRESS":"626-28 S. Racine Ave.","TYPE_MAIN":"1: NR - Individual Property","NHL_NR":null,"NOTES":null,"NAME":"Foley ¿ Arrigo Building","TYPE":1},"geometry":{"type":"Polygon","coordinates":[[[-87.6572612,41.8734547],[-87.6570005,41.8734559],[-87.6569914,41.8734477],[-87.6569897,41.8734312],[-87.656999,41.8734203],[-87.656996,41.8733612],[-87.6569869,41.8733543],[-87.6569852,41.8733351],[-87.6569963,41.8733311],[-87.6569964,41.8733187],[-87.6570772,41.8733192],[-87.6570864,41.873311],[-87.657103,41.8733097],[-87.6571157,41.873318],[-87.6571702,41.8733178],[-87.6572608,41.8733175],[-87.6572612,41.8734547]]]}},{"type":"Feature","properties":{"ADDRESS":"401 S. LaSalle St.","TYPE_MAIN":"1: NR - Individual Property","NHL_NR":null,"NOTES":null,"NAME":"Fort Dearborn Hotel","TYPE":1},"geometry":{"type":"Polygon","coordinates":[[[-87.6316679,41.8767768],[-87.6312988,41.8767828],[-87.6312908,41.8765097],[-87.6313698,41.8765074],[-87.6316595,41.8765059],[-87.6316679,41.8767768]]]}},{"type":"Feature","properties":{"ADDRESS":"126 E. Chestnut St.","TYPE_MAIN":"1: NR - Individual Property","NHL_NR":null,"NOTES":null,"NAME":"Fourth Presbyterian Church of Chicago","TYPE":1},"geometry":{"type":"Polygon","coordinates":[[[-87.6254652,41.8990795],[-87.6253753,41.8990808],[-87.6252061,41.8990834],[-87.6251675,41.8990839],[-87.6251326,41.8990845],[-87.6243328,41.8990964],[-87.6243306,41.8989995],[-87.6243283,41.8989026],[-87.6243258,41.8987946],[-87.6243233,41.8986866],[-87.6243188,41.8984928],[-87.6248609,41.8984846],[-87.6248954,41.8984841],[-87.624934,41.8984836],[-87.6250251,41.8984822],[-87.6251163,41.8986758],[-87.6252084,41.8986744],[-87.6253109,41.8986729],[-87.6253753,41.8986719],[-87.6253946,41.8987128],[-87.6254106,41.8987469],[-87.6254258,41.8987792],[-87.6253302,41.8987807],[-87.6253808,41.8988879],[-87.6254261,41.8989841],[-87.625471,41.8990794],[-87.6254652,41.8990795]]]}},{"type":"Feature","properties":{"ADDRESS":"108 W. Germania Pl.","TYPE_MAIN":"1: NR - Individual Property","NHL_NR":null,"NOTES":null,"NAME":"Germania Club","TYPE":1},"geometry":{"type":"Polygon","coordinates":[[[-87.6323603,41.9107462],[-87.6318034,41.9107545],[-87.6317949,41.9104802],[-87.6323518,41.910472],[-87.6323603,41.9107462]]]}},{"type":"Feature","properties":{"ADDRESS":"4700 S. Ashland Ave.","TYPE_MAIN":"1: NR - Individual Property","NHL_NR":null,"NOTES":null,"NAME":"Goldblatt Bros. Department Store","TYPE":1},"geometry":{"type":"Polygon","coordinates":[[[-87.666065,41.8085082],[-87.6659732,41.8085092],[-87.6658852,41.8085101],[-87.6657971,41.8085111],[-87.6657092,41.808512],[-87.6656211,41.808513],[-87.6655624,41.8085136],[-87.6651554,41.808518],[-87.6651537,41.8084505],[-87.6651519,41.8083818],[-87.6651502,41.8083133],[-87.6651484,41.8082447],[-87.6651467,41.8081761],[-87.6655538,41.8081717],[-87.6655537,41.8081707],[-87.6656124,41.80817],[-87.6657005,41.8081691],[-87.6657884,41.8081681],[-87.6658765,41.8081672],[-87.6659645,41.8081663],[-87.6660563,41.8081653],[-87.6660648,41.8084999],[-87.666065,41.8085082]]]}},{"type":"Feature","properties":{"ADDRESS":"4000 W. Washington Blvd.","TYPE_MAIN":"1: NR - Individual Property","NHL_NR":null,"NOTES":null,"NAME":"Guyon Hotel","TYPE":1},"geometry":{"type":"Polygon","coordinates":[[[-87.7262125,41.8826717],[-87.7261575,41.8826724],[-87.7258449,41.8826764],[-87.7258429,41.882605],[-87.7258406,41.8825255],[-87.7258308,41.882179],[-87.7259226,41.882178],[-87.7260145,41.8821769],[-87.7261064,41.8821758],[-87.7261163,41.882522],[-87.7261531,41.8825216],[-87.7262083,41.8825209],[-87.7262105,41.8826004],[-87.7262124,41.8826674],[-87.7262125,41.8826717]]]}},{"type":"Feature","properties":{"ADDRESS":"440 Belden St\r\n\r\n 440 Belden St","TYPE_MAIN":"1: NR - Individual Property","NHL_NR":null,"NOTES":null,"NAME":"Andersonville Commercial Historic District","TYPE":1},"geometry":{"type":"Polygon","coordinates":[[[-87.6408399,41.9243745],[-87.6406046,41.9243782],[-87.6405871,41.9238425],[-87.6408224,41.923839],[-87.6408354,41.9242373],[-87.6408376,41.924306],[-87.6408396,41.9243654],[-87.6408399,41.9243745]]]}},{"type":"Feature","properties":{"ADDRESS":"1009 E. 57th St.","TYPE_MAIN":"1: NR - Individual Property","NHL_NR":null,"NOTES":null,"NAME":"Charles Hitchcock Hall","TYPE":1},"geometry":{"type":"Polygon","coordinates":[[[-87.601115,41.7912886],[-87.6010801,41.7912884],[-87.6010536,41.7912698],[-87.6009467,41.7912675],[-87.6009472,41.7912538],[-87.6005398,41.7912634],[-87.6005406,41.7912834],[-87.6003855,41.791287],[-87.6003796,41.7911466],[-87.6004355,41.7911453],[-87.6004335,41.791098],[-87.6004596,41.7910829],[-87.600509,41.7910832],[-87.6005333,41.791108],[-87.600529,41.791128],[-87.6009462,41.7911353],[-87.6009469,41.7911106],[-87.6011582,41.7911143],[-87.6011549,41.7912198],[-87.6011916,41.7912399],[-87.6011542,41.7912782],[-87.6011333,41.7912668],[-87.601115,41.7912886]]]}},{"type":"Feature","properties":{"ADDRESS":"735 N. State St.","TYPE_MAIN":"1: NR - Individual Property","NHL_NR":null,"NOTES":null,"NAME":"Holy Name Cathedral","TYPE":1},"geometry":{"type":"Polygon","coordinates":[[[-87.6279659,41.8960885],[-87.6278809,41.8960854],[-87.6276606,41.8960854],[-87.6276619,41.896128],[-87.6273626,41.8961275],[-87.6273639,41.8961714],[-87.6271601,41.8961715],[-87.6271591,41.8960974],[-87.6271425,41.8960973],[-87.6271428,41.8960726],[-87.6271189,41.8960725],[-87.627115,41.896093],[-87.627116,41.8961754],[-87.6269764,41.8961773],[-87.6269681,41.8960962],[-87.6269634,41.8958547],[-87.6269524,41.8958547],[-87.6269511,41.8958025],[-87.6270933,41.8958],[-87.6271256,41.8957995],[-87.6271268,41.8958557],[-87.627114,41.8958557],[-87.6271149,41.8959394],[-87.6271516,41.8959396],[-87.627153,41.8958092],[-87.6271753,41.8957929],[-87.6272249,41.8957918],[-87.6272523,41.8958044],[-87.6273735,41.8958037],[-87.6273732,41.8958312],[-87.6274228,41.8958301],[-87.6274211,41.8958205],[-87.6275918,41.8958202],[-87.6275917,41.8958311],[-87.6276542,41.8958315],[-87.6276538,41.8958617],[-87.6278871,41.8958618],[-87.6278872,41.8958481],[-87.6279882,41.8958473],[-87.6279874,41.8959255],[-87.62798,41.8959255],[-87.627979,41.8960215],[-87.6279863,41.8960216],[-87.6279861,41.8960421],[-87.6279714,41.896042],[-87.6279709,41.8960887],[-87.6279659,41.8960885]]]}},{"type":"Feature","properties":{"ADDRESS":"4600-08 S. Greeenwood Ave.","TYPE_MAIN":"1: NR - Individual Property","NHL_NR":null,"NOTES":null,"NAME":"Kenwood Evangelical Church","TYPE":1},"geometry":{"type":"Polygon","coordinates":[[[-87.600146,41.8113301],[-87.6001461,41.811334],[-87.5994237,41.8113421],[-87.5994188,41.811124],[-87.5994161,41.8110005],[-87.6001385,41.8109924],[-87.6001412,41.811116],[-87.600146,41.8113301]]]}},{"type":"Feature","properties":{"ADDRESS":"1801 S. Prairie Ave.","TYPE_MAIN":"1: NR - Individual Property","NHL_NR":null,"NOTES":null,"NAME":"William W. Kimball House","TYPE":1},"geometry":{"type":"Polygon","coordinates":[[[-87.620648,41.8578336],[-87.620648,41.8578338],[-87.6204618,41.8578364],[-87.6202757,41.8578389],[-87.6200896,41.8578415],[-87.6200846,41.8576056],[-87.6202707,41.8576031],[-87.6204568,41.8576005],[-87.620643,41.8575979],[-87.6206479,41.8578288],[-87.620648,41.8578336]]]}},{"type":"Feature","properties":{"ADDRESS":"731 S. Plymouth Ct.","TYPE_MAIN":"1: NR - Individual Property","NHL_NR":null,"NOTES":null,"NAME":"Lakeside Press Building","TYPE":1},"geometry":{"type":"Polygon","coordinates":[[[-87.6285521,41.8729497],[-87.6281934,41.8729544],[-87.6281899,41.8728167],[-87.6281863,41.8726791],[-87.6281826,41.8725415],[-87.6281791,41.8724075],[-87.6285478,41.8724031],[-87.6285514,41.8725368],[-87.6285549,41.8726744],[-87.6285586,41.872812],[-87.6285622,41.8729496],[-87.6285521,41.8729497]]]}},{"type":"Feature","properties":{"ADDRESS":"115 S. Pulaski Rd.","TYPE_MAIN":"1: NR - Individual Property","NHL_NR":null,"NOTES":null,"NAME":"Harry E. Legler Regional Branch Library","TYPE":1},"geometry":{"type":"Polygon","coordinates":[[[-87.7254996,41.8796707],[-87.7254118,41.8796719],[-87.7253201,41.8796731],[-87.7252283,41.8796742],[-87.7251474,41.8796753],[-87.7251369,41.879343],[-87.7251355,41.8792991],[-87.725125,41.8789667],[-87.7252057,41.8789657],[-87.7252976,41.8789644],[-87.7253894,41.8789633],[-87.7254882,41.878962],[-87.7254993,41.8792944],[-87.7255008,41.8793382],[-87.7255116,41.879662],[-87.7254996,41.8796707]]]}},{"type":"Feature","properties":{"ADDRESS":"5801 S. Kenwood Ave.","TYPE_MAIN":"3: (National Historic Landmark) - Individual Property","NHL_NR":"NHL","NOTES":null,"NAME":"Frank R. Lillie House","TYPE":3},"geometry":{"type":"Polygon","coordinates":[[[-87.5930516,41.7895652],[-87.5930516,41.7895664],[-87.5923651,41.7895734],[-87.592362,41.7894451],[-87.5923587,41.7893079],[-87.5930449,41.7893013],[-87.5930484,41.7894385],[-87.5930516,41.7895652]]]}},{"type":"Feature","properties":{"ADDRESS":"2021 N. Stockton Dr.","TYPE_MAIN":"1: NR - Individual Property","NHL_NR":null,"NOTES":null,"NAME":"Lincoln Park, South Park Refectory","TYPE":1},"geometry":{"type":"Polygon","coordinates":[[[-87.6337162,41.9194059],[-87.6337142,41.9194034],[-87.6336292,41.9192983],[-87.6337381,41.9192496],[-87.6337581,41.9192717],[-87.633771,41.9192608],[-87.6337822,41.9192499],[-87.6337915,41.9192389],[-87.6337952,41.9192321],[-87.6337463,41.9191728],[-87.6337977,41.9190057],[-87.6338753,41.9189678],[-87.63389,41.9189706],[-87.6338882,41.9189624],[-87.6338865,41.91895],[-87.6338811,41.9189376],[-87.6338758,41.9189252],[-87.6338721,41.9189211],[-87.6338444,41.9189347],[-87.6337755,41.9188505],[-87.6339158,41.9187869],[-87.6339829,41.9188696],[-87.6339515,41.9188832],[-87.6339641,41.9189093],[-87.633973,41.9189368],[-87.6339745,41.9189643],[-87.6339743,41.9189876],[-87.6340421,41.9190004],[-87.6340325,41.919036],[-87.6341425,41.9190572],[-87.6340817,41.9192448],[-87.6339754,41.919225],[-87.6339621,41.9192606],[-87.6338869,41.9192478],[-87.6338701,41.9192737],[-87.6338478,41.9192969],[-87.6338219,41.9193187],[-87.6338089,41.9193282],[-87.6338252,41.919353],[-87.6337162,41.9194059]]]}},{"type":"Feature","properties":{"ADDRESS":"4521 N. Malden St.","TYPE_MAIN":"1: NR - Individual Property","NHL_NR":null,"NOTES":null,"NAME":"Malden Towers","TYPE":1},"geometry":{"type":"Polygon","coordinates":[[[-87.6622331,41.9642844],[-87.6617158,41.9642905],[-87.6617119,41.9641902],[-87.6617113,41.9641526],[-87.6622363,41.9641464],[-87.6622368,41.9641783],[-87.662241,41.9642843],[-87.6622331,41.9642844]]]}},{"type":"Feature","properties":{"ADDRESS":"3254 N. Halsted","TYPE_MAIN":"1: NR - Individual Property","NHL_NR":null,"NOTES":null,"NAME":"Mandel Brothers Warehouse Building","TYPE":1},"geometry":{"type":"Polygon","coordinates":[[[-87.6499897,41.9417],[-87.6499897,41.9417018],[-87.6494385,41.9417092],[-87.6494367,41.9416437],[-87.6494347,41.9415754],[-87.6494327,41.941507],[-87.6499839,41.9414988],[-87.6499859,41.9415672],[-87.6499878,41.9416356],[-87.6499897,41.9417]]]}},{"type":"Feature","properties":{"ADDRESS":"1021-29 W. Bryn Mawr Ave","TYPE_MAIN":"1: NR - Individual Property","NHL_NR":null,"NOTES":null,"NAME":"Manor House","TYPE":1},"geometry":{"type":"Polygon","coordinates":[[[-87.656491,41.9835943],[-87.6559416,41.9836031],[-87.6559377,41.9834659],[-87.6559339,41.9833285],[-87.6559335,41.9833121],[-87.6564845,41.9833033],[-87.656485,41.9833197],[-87.6564888,41.983457],[-87.6564926,41.9835943],[-87.656491,41.9835943]]]}},{"type":"Feature","properties":{"ADDRESS":"218 S. Wabash Ave","TYPE_MAIN":"1: NR - Individual Property","NHL_NR":null,"NOTES":null,"NAME":"McClurg Building (Ayer Building)","TYPE":1},"geometry":{"type":"Polygon","coordinates":[[[-87.6269142,41.8789691],[-87.6269143,41.8789731],[-87.6262867,41.8789855],[-87.6262814,41.8787646],[-87.6269091,41.8787522],[-87.6269142,41.8789691]]]}},{"type":"Feature","properties":{"ADDRESS":"6 N. Hamlin Ave","TYPE_MAIN":"1: NR - Individual Property","NHL_NR":null,"NOTES":null,"NAME":"Midwest Athletic Club","TYPE":1},"geometry":{"type":"Polygon","coordinates":[[[-87.7213181,41.8813264],[-87.7211553,41.8813284],[-87.720931,41.8813311],[-87.7209298,41.8812387],[-87.7209288,41.8811713],[-87.7209274,41.8810687],[-87.720925,41.8808956],[-87.7213121,41.8808911],[-87.7214059,41.88089],[-87.7214108,41.8812478],[-87.7214118,41.8813199],[-87.7214118,41.8813199],[-87.7213187,41.881321],[-87.7213181,41.8813264]]]}},{"type":"Feature","properties":{"ADDRESS":"1640 E. 50th St","TYPE_MAIN":"1: NR - Individual Property","NHL_NR":null,"NOTES":null,"NAME":"The Narragansett","TYPE":1},"geometry":{"type":"Polygon","coordinates":[[[-87.5849829,41.8048079],[-87.5847042,41.8048099],[-87.5847026,41.8047468],[-87.5846959,41.8044669],[-87.5849746,41.8044649],[-87.5849828,41.804805],[-87.5849829,41.8048079]]]}},{"type":"Feature","properties":{"ADDRESS":"20 W. Randolph St.","TYPE_MAIN":"1: NR - Individual Property","NHL_NR":null,"NOTES":null,"NAME":"New Masonic Building and Oriental Theater","TYPE":1},"geometry":{"type":"Polygon","coordinates":[[[-87.6291857,41.8850896],[-87.6291799,41.8850896],[-87.6287371,41.8850911],[-87.6285897,41.8850916],[-87.6285768,41.8845984],[-87.6287242,41.8845979],[-87.6288723,41.8845975],[-87.6289464,41.8845972],[-87.6290203,41.884597],[-87.6290944,41.8845967],[-87.6290994,41.8847895],[-87.6291587,41.8847893],[-87.6291782,41.8847893],[-87.6291796,41.8848455],[-87.6291825,41.8849604],[-87.6291857,41.8850896]]]}},{"type":"Feature","properties":{"ADDRESS":"1701-1711 W. Terra Cotta Pl..","TYPE_MAIN":"1: NR - Individual Property","NHL_NR":null,"NOTES":null,"NAME":"Northwestern Terra Cotta Company Building","TYPE":1},"geometry":{"type":"Polygon","coordinates":[[[-87.6715633,41.9279886],[-87.6715586,41.9279852],[-87.671499,41.9279425],[-87.6714328,41.9278949],[-87.6713666,41.9278474],[-87.6713004,41.9277998],[-87.6712792,41.9277846],[-87.6715973,41.9275368],[-87.6716186,41.9275521],[-87.6716848,41.9275995],[-87.6717511,41.9276471],[-87.6718174,41.9276945],[-87.6718837,41.927742],[-87.6715653,41.92799],[-87.6715633,41.9279886]]]}},{"type":"Feature","properties":{"ADDRESS":"1338 W. Flournoy St.","TYPE_MAIN":"1: NR - Individual Property","NHL_NR":null,"NOTES":null,"NAME":"Notre Dame De Chicago","TYPE":1},"geometry":{"type":"Polygon","coordinates":[[[-87.6610572,41.8740932],[-87.6610574,41.8740987],[-87.6610528,41.8740988],[-87.6610205,41.8740993],[-87.6609285,41.8741008],[-87.6608364,41.8741023],[-87.6607444,41.8741038],[-87.6606523,41.8741052],[-87.6605603,41.8741067],[-87.6604683,41.8741082],[-87.6603762,41.8741097],[-87.660255,41.8741116],[-87.6602436,41.8737138],[-87.6602424,41.8736699],[-87.660231,41.8732721],[-87.6603522,41.8732701],[-87.6607529,41.8732639],[-87.6608116,41.873263],[-87.6609036,41.8732615],[-87.6609955,41.8732601],[-87.6610875,41.8732586],[-87.6611794,41.8732572],[-87.6611913,41.8736423],[-87.6611935,41.8737111],[-87.6611943,41.8737386],[-87.6611949,41.8737825],[-87.6611957,41.8738099],[-87.6611037,41.8738114],[-87.6610485,41.8738123],[-87.6610572,41.8740932]]]}},{"type":"Feature","properties":{"ADDRESS":"3235 W. Foster Ave. on North Park College Campus","TYPE_MAIN":"1: NR - Individual Property","NHL_NR":null,"NOTES":null,"NAME":"Old Main Building","TYPE":1},"geometry":{"type":"Polygon","coordinates":[[[-87.710055,41.9753284],[-87.7099525,41.9753304],[-87.7099526,41.975318],[-87.7098257,41.9753187],[-87.7098256,41.9753338],[-87.7097116,41.9753346],[-87.7097077,41.9751699],[-87.7100608,41.9751663],[-87.7100629,41.9753282],[-87.710055,41.9753284]]]}},{"type":"Feature","properties":{"ADDRESS":"220 S. Michigan Ave.","TYPE_MAIN":"3: (National Historic Landmark) - Individual Property","NHL_NR":"NHL","NOTES":null,"NAME":"Orchestra Hall","TYPE":3},"geometry":{"type":"Polygon","coordinates":[[[-87.625593,41.8792193],[-87.6252972,41.8792251],[-87.6252955,41.8791546],[-87.6252625,41.8791553],[-87.6252295,41.8791559],[-87.6245964,41.8791681],[-87.6245954,41.8791286],[-87.6245928,41.8790183],[-87.6245886,41.8788396],[-87.6252217,41.8788271],[-87.6252876,41.8788258],[-87.6252866,41.8787845],[-87.625284,41.8786734],[-87.6257137,41.8786649],[-87.6257163,41.878776],[-87.6257178,41.8788361],[-87.625584,41.8788387],[-87.6255878,41.8789987],[-87.6255924,41.8791966],[-87.6255929,41.879217],[-87.625593,41.8792193]]]}},{"type":"Feature","properties":{"ADDRESS":"660-700 Irving Pk. Rd.","TYPE_MAIN":"1: NR - Individual Property","NHL_NR":null,"NOTES":null,"NAME":"Pattington Apartments","TYPE":1},"geometry":{"type":"Polygon","coordinates":[[[-87.6483214,41.9556077],[-87.6483216,41.9556167],[-87.6481379,41.95562],[-87.6479541,41.9556233],[-87.6477704,41.9556267],[-87.6475866,41.95563],[-87.6475779,41.9553278],[-87.6473941,41.9553306],[-87.6472104,41.9553334],[-87.647192,41.9546944],[-87.6475595,41.9546887],[-87.6479271,41.9546831],[-87.6482947,41.9546773],[-87.6484783,41.9546745],[-87.648754,41.9546702],[-87.6487646,41.9550406],[-87.6487663,41.9550983],[-87.6490972,41.9550932],[-87.6491032,41.9553041],[-87.6490481,41.9553049],[-87.6488643,41.9553078],[-87.6487723,41.9553092],[-87.6486806,41.9553107],[-87.6484968,41.9553135],[-87.648313,41.9553164],[-87.6483208,41.9555868],[-87.6483214,41.9556077]]]}},{"type":"Feature","properties":{"ADDRESS":"122 S. Michigan Ave","TYPE_MAIN":"1: NR - Individual Property","NHL_NR":null,"NOTES":null,"NAME":"Peoples Gas Building","TYPE":1},"geometry":{"type":"Polygon","coordinates":[[[-87.6252867,41.8801679],[-87.6246205,41.8801791],[-87.6246178,41.8800685],[-87.6246126,41.8798481],[-87.6246109,41.879778],[-87.6246092,41.8797078],[-87.6246076,41.879641],[-87.6250268,41.8796329],[-87.6251522,41.8796305],[-87.6252408,41.8796288],[-87.6252439,41.8797576],[-87.6251553,41.8797585],[-87.6251555,41.8797688],[-87.6252441,41.8797673],[-87.6252772,41.8797667],[-87.6252788,41.8798369],[-87.6252814,41.8799471],[-87.6252841,41.8800573],[-87.6252858,41.8801289],[-87.6252866,41.8801646],[-87.6252867,41.8801679]]]}},{"type":"Feature","properties":{"ADDRESS":"542 S. Dearborn St.","TYPE_MAIN":"1: NR - Individual Property","NHL_NR":null,"NOTES":null,"NAME":"Pontiac Building","TYPE":1},"geometry":{"type":"Polygon","coordinates":[[[-87.6295983,41.8748978],[-87.6295983,41.8748979],[-87.6295242,41.8748989],[-87.6294501,41.8748998],[-87.629376,41.8749008],[-87.6293528,41.874901],[-87.6293455,41.8746269],[-87.6293687,41.8746266],[-87.6294428,41.8746257],[-87.6295168,41.8746247],[-87.6295909,41.8746238],[-87.6295983,41.8748978]]]}},{"type":"Feature","properties":{"ADDRESS":"103 E. Chestnut St.","TYPE_MAIN":"1: NR - Individual Property","NHL_NR":null,"NOTES":null,"NAME":"Quigley Preparatory Seminary","TYPE":1},"geometry":{"type":"Polygon","coordinates":[[[-87.6261858,41.8982453],[-87.625726,41.8982522],[-87.625545,41.8982549],[-87.6254773,41.8980511],[-87.625435,41.8980517],[-87.6254323,41.8979495],[-87.6254247,41.8976677],[-87.6256083,41.897665],[-87.625908,41.8976605],[-87.6259399,41.8977278],[-87.6259681,41.8977871],[-87.6260002,41.8978547],[-87.6260409,41.8979404],[-87.6260891,41.8980419],[-87.6261499,41.8981699],[-87.6261858,41.8982453]]]}},{"type":"Feature","properties":{"ADDRESS":"80 E. Jackson Blvd, and 224 S. Michigan Ave.","TYPE_MAIN":"1: NR - Individual Property","NHL_NR":null,"NOTES":null,"NAME":"Railway Exchange Building","TYPE":1},"geometry":{"type":"Polygon","coordinates":[[[-87.6252119,41.8788273],[-87.6252042,41.8788275],[-87.6245886,41.8788396],[-87.6245875,41.8787983],[-87.6245849,41.8786883],[-87.6245823,41.8785783],[-87.6245773,41.8783693],[-87.6252105,41.8783568],[-87.6252155,41.8785659],[-87.6252181,41.8786759],[-87.6252207,41.8787858],[-87.6252217,41.8788271],[-87.6252119,41.8788273]]]}},{"type":"Feature","properties":{"ADDRESS":"2110 S. Prairie Ave","TYPE_MAIN":"1: NR - Individual Property","NHL_NR":null,"NOTES":null,"NAME":"Harriet F. Rees House","TYPE":1},"geometry":{"type":"Polygon","coordinates":[[[-87.6214611,41.8539517],[-87.6208081,41.8539607],[-87.6208067,41.8538926],[-87.6214617,41.8538836],[-87.6214631,41.8539517],[-87.6214611,41.8539517]]]}},{"type":"Feature","properties":{"ADDRESS":"2013 S. Prairie Ave","TYPE_MAIN":"1: NR - Individual Property","NHL_NR":null,"NOTES":null,"NAME":"Reid House","TYPE":1},"geometry":{"type":"Polygon","coordinates":[[[-87.62059,41.8551013],[-87.6205901,41.8551031],[-87.6199375,41.8551121],[-87.619936,41.8550435],[-87.6205886,41.8550346],[-87.62059,41.8551013]]]}},{"type":"Feature","properties":{"ADDRESS":"3614 S. King Drive","TYPE_MAIN":"1: NR - Individual Property","NHL_NR":null,"NOTES":null,"NAME":"Martin Roche ¿ John Tait House","TYPE":1},"geometry":{"type":"Polygon","coordinates":[[[-87.6180134,41.8288752],[-87.617973,41.8288757],[-87.6174617,41.8288815],[-87.6174601,41.8287992],[-87.6179715,41.8287934],[-87.6180119,41.8287929],[-87.6180134,41.8288752]]]}},{"type":"Feature","properties":{"ADDRESS":"4132 N. Keeler Ave","TYPE_MAIN":"1: NR - Individual Property","NHL_NR":null,"NOTES":null,"NAME":"Ropp ¿ Grabill House","TYPE":1},"geometry":{"type":"Polygon","coordinates":[[[-87.7332771,41.9564627],[-87.732707,41.9564698],[-87.7327028,41.9563321],[-87.7332756,41.9563249],[-87.7332795,41.9564576],[-87.7332771,41.9564627]]]}},{"type":"Feature","properties":{"ADDRESS":"47th St. and Michigan Ave","TYPE_MAIN":"1: NR - Individual Property","NHL_NR":null,"NOTES":null,"NAME":"Rosenwald Apartment Building","TYPE":1},"geometry":{"type":"Polygon","coordinates":[[[-87.6243199,41.8109861],[-87.6237291,41.8109953],[-87.6236924,41.8109959],[-87.6236557,41.8109965],[-87.6234943,41.810999],[-87.6233036,41.8110019],[-87.623065,41.8110056],[-87.6230609,41.8108506],[-87.6230578,41.8107315],[-87.623056,41.810663],[-87.6230542,41.8105945],[-87.6230524,41.8105259],[-87.6230506,41.8104574],[-87.6230489,41.8103889],[-87.623047,41.8103203],[-87.6230452,41.8102518],[-87.6230428,41.8101624],[-87.6230405,41.8100729],[-87.6230387,41.8100044],[-87.6230369,41.8099359],[-87.6230351,41.8098673],[-87.6230334,41.8097988],[-87.6230316,41.8097302],[-87.6230297,41.8096617],[-87.6230279,41.8095932],[-87.6230261,41.8095247],[-87.6230243,41.8094561],[-87.6230223,41.8093764],[-87.6236098,41.8093675],[-87.6236831,41.8093664],[-87.6242706,41.8093575],[-87.6242731,41.8094367],[-87.6242751,41.8095053],[-87.6242772,41.8095738],[-87.6242792,41.8096423],[-87.6242813,41.8097108],[-87.6242834,41.8097794],[-87.6242855,41.8098479],[-87.6242876,41.8099165],[-87.6242896,41.809985],[-87.6242917,41.8100535],[-87.6242944,41.8101429],[-87.6242971,41.8102323],[-87.6242992,41.8103009],[-87.6243013,41.8103694],[-87.6243033,41.8104379],[-87.6243054,41.8105064],[-87.6243075,41.810575],[-87.6243096,41.8106435],[-87.6243117,41.810712],[-87.6243137,41.8107806],[-87.6243158,41.8108491],[-87.6243178,41.8109177],[-87.6243199,41.8109861]]]}},{"type":"Feature","properties":{"ADDRESS":"333 S. State St","TYPE_MAIN":"1: NR - Individual Property","NHL_NR":null,"NOTES":null,"NAME":"Rothschild, A.M., & Company Store (Davis Store, later Goldblatt¿s Building)","TYPE":1},"geometry":{"type":"Polygon","coordinates":[[[-87.6274841,41.8780258],[-87.6269581,41.8780362],[-87.6269554,41.8779232],[-87.6269399,41.8772697],[-87.6269348,41.8770526],[-87.6274693,41.8770426],[-87.6274745,41.877259],[-87.6274903,41.8779125],[-87.627493,41.8780241],[-87.6274841,41.8780258]]]}},{"type":"Feature","properties":{"ADDRESS":"2101-2107 W. 21st St","TYPE_MAIN":"1: NR - Individual Property","NHL_NR":null,"NOTES":null,"NAME":"St. Matthew Evangelical Lutheran School","TYPE":1},"geometry":{"type":"Polygon","coordinates":[[[-87.6788095,41.8538792],[-87.6787264,41.8538806],[-87.6786387,41.853882],[-87.6785508,41.8538834],[-87.678463,41.8538849],[-87.6784538,41.8535437],[-87.6785416,41.8535425],[-87.6786294,41.8535412],[-87.6787172,41.8535399],[-87.678805,41.8535387],[-87.6788142,41.8538791],[-87.6788095,41.8538792]]]}},{"type":"Feature","properties":{"ADDRESS":"718 W. Adams","TYPE_MAIN":"1: NR - Individual Property","NHL_NR":null,"NOTES":null,"NAME":"St Patrick¿s Roman Catholic Church","TYPE":1},"geometry":{"type":"Polygon","coordinates":[[[-87.6446512,41.8795298],[-87.6446123,41.8795301],[-87.6442549,41.8795328],[-87.6442475,41.8795382],[-87.6442384,41.8795382],[-87.6442292,41.8795354],[-87.6442238,41.8795285],[-87.6442239,41.8795216],[-87.6442294,41.8795148],[-87.6442386,41.8795121],[-87.64424,41.8793886],[-87.6442309,41.8793831],[-87.6442254,41.8793762],[-87.6442255,41.8793693],[-87.6442329,41.8793625],[-87.6442421,41.8793598],[-87.644255,41.8793613],[-87.6447085,41.8793599],[-87.6447118,41.8793928],[-87.6447357,41.8793902],[-87.6447813,41.8794166],[-87.6447827,41.8794605],[-87.6447438,41.8794918],[-87.6446648,41.8794899],[-87.6446607,41.8795297],[-87.6446512,41.8795298]]]}},{"type":"Feature","properties":{"ADDRESS":"5472 S. Kimbark Ave","TYPE_MAIN":"1: NR - Individual Property","NHL_NR":null,"NOTES":null,"NAME":"St. Thomas Church and Convent","TYPE":1},"geometry":{"type":"Polygon","coordinates":[[[-87.5957893,41.7961531],[-87.5957892,41.7961531],[-87.5957196,41.796154],[-87.5950689,41.7961616],[-87.5950674,41.7960954],[-87.5950648,41.7959857],[-87.5950624,41.795876],[-87.5950598,41.7957662],[-87.5950573,41.7956565],[-87.595056,41.7956016],[-87.5950466,41.79519],[-87.5952153,41.795188],[-87.5953839,41.795186],[-87.5955525,41.795184],[-87.5957323,41.7951819],[-87.5958239,41.7951808],[-87.5959156,41.7951797],[-87.5959583,41.7951792],[-87.5959642,41.7954392],[-87.5959215,41.7954397],[-87.595843,41.7954406],[-87.5958465,41.7955923],[-87.5958333,41.7955924],[-87.5957417,41.7955935],[-87.5957068,41.7955939],[-87.5957085,41.795668],[-87.5957092,41.7956981],[-87.5957972,41.7956971],[-87.5957986,41.7957575],[-87.5958011,41.7958672],[-87.5958036,41.7959769],[-87.5958061,41.7960867],[-87.5958076,41.7961529],[-87.5957893,41.7961531]]]}},{"type":"Feature","properties":{"ADDRESS":"40 E. Garfield Blvd","TYPE_MAIN":"1: NR - Individual Property","NHL_NR":null,"NOTES":null,"NAME":"Schulze Baking Company Plant","TYPE":1},"geometry":{"type":"Polygon","coordinates":[[[-87.6249293,41.7964011],[-87.624904,41.7964015],[-87.6249008,41.7964015],[-87.6243151,41.7964094],[-87.6243056,41.7960369],[-87.6243039,41.7959683],[-87.6243021,41.7958997],[-87.6243004,41.7958311],[-87.6242987,41.7957625],[-87.6242969,41.7956939],[-87.6242952,41.7956253],[-87.6242935,41.7955567],[-87.6242917,41.7954881],[-87.62429,41.7954195],[-87.6242882,41.7953509],[-87.6242865,41.7952823],[-87.6242848,41.7952157],[-87.6242736,41.7947713],[-87.6248988,41.7947601],[-87.6249093,41.7951716],[-87.6249101,41.7952046],[-87.6249137,41.7953425],[-87.6249207,41.7956169],[-87.6249224,41.7956855],[-87.6249242,41.7957541],[-87.6249259,41.7958227],[-87.6249277,41.7958913],[-87.6249294,41.7959599],[-87.6249311,41.7960285],[-87.6249407,41.796401],[-87.6249293,41.7964011]]]}},{"type":"Feature","properties":{"ADDRESS":"943-949 W. Maxwell St","TYPE_MAIN":"1: NR - Individual Property","NHL_NR":null,"NOTES":null,"NAME":"7th District Police Station","TYPE":1},"geometry":{"type":"Polygon","coordinates":[[[-87.6508548,41.8646199],[-87.6504894,41.8646246],[-87.650483,41.8643638],[-87.6505418,41.8643628],[-87.65056,41.864378],[-87.6506646,41.8643759],[-87.6506978,41.8643596],[-87.6508465,41.8643577],[-87.6508548,41.8646199]]]}},{"type":"Feature","properties":{"ADDRESS":"1200 S. Lake Shore Dr","TYPE_MAIN":"3: (National Historic Landmark) - Individual Property","NHL_NR":"NHL","NOTES":null,"NAME":"John G. Shedd Aquarium","TYPE":3},"geometry":{"type":"Polygon","coordinates":[[[-87.6177747,41.8683074],[-87.6177344,41.8683074],[-87.6148053,41.8683075],[-87.6144428,41.8684773],[-87.614128,41.8685378],[-87.6133386,41.8685345],[-87.6129136,41.8684175],[-87.6125684,41.8681814],[-87.6123627,41.867836],[-87.6123368,41.8676568],[-87.6124043,41.867313],[-87.6126942,41.8669742],[-87.6126909,41.8668373],[-87.6126645,41.8667484],[-87.6134958,41.8667519],[-87.6138884,41.8667613],[-87.6143375,41.8667432],[-87.6146659,41.8668296],[-87.6151379,41.8671878],[-87.6169978,41.8672002],[-87.6188309,41.8672124],[-87.6178,41.8683074],[-87.6177747,41.8683074]]]}},{"type":"Feature","properties":{"ADDRESS":"4601-13 N. Sheridan Rd","TYPE_MAIN":"1: NR - Individual Property","NHL_NR":null,"NOTES":null,"NAME":"Sheridan Plaza Hotel","TYPE":1},"geometry":{"type":"Polygon","coordinates":[[[-87.6546409,41.9658995],[-87.6541636,41.9659069],[-87.6539797,41.9659097],[-87.6537959,41.9659126],[-87.6537923,41.9655544],[-87.6539762,41.9655516],[-87.65416,41.9655488],[-87.6546373,41.9655414],[-87.654639,41.9657205],[-87.6546409,41.9658994],[-87.6546409,41.9658995]]]}},{"type":"Feature","properties":{"ADDRESS":"10 S. Wabash Ave","TYPE_MAIN":"1: NR - Individual Property","NHL_NR":null,"NOTES":null,"NAME":"Silversmith Building","TYPE":1},"geometry":{"type":"Polygon","coordinates":[[[-87.6270172,41.8817456],[-87.6263524,41.8817562],[-87.6263523,41.8817533],[-87.6263471,41.881533],[-87.626977,41.8815229],[-87.6270118,41.8815223],[-87.6270171,41.8817427],[-87.6270172,41.8817456]]]}},{"type":"Feature","properties":{"ADDRESS":"120 S. State St.","TYPE_MAIN":"1: NR - Individual Property","NHL_NR":null,"NOTES":null,"NAME":"Singer Building","TYPE":1},"geometry":{"type":"Polygon","coordinates":[[[-87.6283792,41.8801821],[-87.6279124,41.8801878],[-87.6279107,41.8801191],[-87.6282618,41.8801147],[-87.6283774,41.8801133],[-87.6283792,41.8801821]]]}},{"type":"Feature","properties":{"ADDRESS":"671-699 N. Sangamon Ave.","TYPE_MAIN":"1: NR - Individual Property","NHL_NR":null,"NOTES":null,"NAME":"Smith, J.P., Shoe Company Plant","TYPE":1},"geometry":{"type":"Polygon","coordinates":[[[-87.6510497,41.8949478],[-87.6506785,41.8949546],[-87.6502196,41.8949629],[-87.6502187,41.89492],[-87.6502173,41.8948512],[-87.650216,41.8947824],[-87.6506749,41.894774],[-87.6506746,41.8947626],[-87.6506735,41.8947077],[-87.6506735,41.8947052],[-87.6506724,41.8946528],[-87.6506721,41.8946363],[-87.6506713,41.8945979],[-87.6506708,41.8945675],[-87.6506702,41.8945431],[-87.6506694,41.8944987],[-87.6506692,41.8944882],[-87.6506681,41.8944333],[-87.650668,41.8944298],[-87.650667,41.8943784],[-87.6506666,41.894361],[-87.6506659,41.8943236],[-87.6506652,41.8942922],[-87.6506648,41.8942686],[-87.6506638,41.8942233],[-87.6506637,41.8942138],[-87.650663,41.8941785],[-87.6507812,41.8941764],[-87.6508679,41.8941748],[-87.6509567,41.8941732],[-87.6510333,41.8941718],[-87.651034,41.894207],[-87.6510352,41.8942619],[-87.6510363,41.8943168],[-87.6510375,41.8943716],[-87.6510387,41.8944265],[-87.6510398,41.8944814],[-87.651041,41.8945363],[-87.6510421,41.8945912],[-87.6510433,41.894646],[-87.6510445,41.8947009],[-87.6510457,41.8947558],[-87.6510468,41.8948107],[-87.651048,41.8948656],[-87.6510497,41.8949478]]]}},{"type":"Feature","properties":{"ADDRESS":"425 E. 14th St.","TYPE_MAIN":"1: NR - Individual Property","NHL_NR":null,"NOTES":null,"NAME":"Soldier Field","TYPE":1},"geometry":{"type":"Polygon","coordinates":[[[-87.6178079,41.8631504],[-87.6178019,41.8631621],[-87.6177706,41.8631796],[-87.6174717,41.8633467],[-87.6171546,41.8635019],[-87.6167995,41.863539],[-87.6163921,41.8635364],[-87.6160385,41.8634458],[-87.615857,41.8632285],[-87.6157425,41.862894],[-87.6157427,41.8628743],[-87.6155324,41.862873],[-87.6154513,41.8619199],[-87.6154937,41.8616353],[-87.6156008,41.8614494],[-87.6157079,41.8612928],[-87.615907,41.8611173],[-87.6161971,41.861011],[-87.6165525,41.8609446],[-87.6168546,41.8609465],[-87.6171561,41.8609975],[-87.6174566,41.8611468],[-87.6176647,41.8613443],[-87.6177679,41.8615022],[-87.6178559,41.8618759],[-87.6178905,41.8622985],[-87.6179132,41.8626326],[-87.6179363,41.8628978],[-87.6178079,41.8631504]]]}},{"type":"Feature","properties":{"ADDRESS":"1152-1154 S. Wabash Ave.","TYPE_MAIN":"1: NR - Individual Property","NHL_NR":null,"NOTES":null,"NAME":"Somerset (Roosevelt) Hotel","TYPE":1},"geometry":{"type":"Polygon","coordinates":[[[-87.6264084,41.8677188],[-87.62639,41.8677192],[-87.6260199,41.8677273],[-87.6260182,41.8676608],[-87.6260167,41.8675925],[-87.6263871,41.8675879],[-87.6264054,41.8675876],[-87.6264084,41.8677188]]]}},{"type":"Feature","properties":{"ADDRESS":"7321 S. South Shore Dr","TYPE_MAIN":"1: NR - Individual Property","NHL_NR":null,"NOTES":null,"NAME":"South Shore Beach Apartments","TYPE":1},"geometry":{"type":"Polygon","coordinates":[[[-87.5599744,41.763577],[-87.5593203,41.7639078],[-87.5592115,41.7637972],[-87.5591028,41.7636866],[-87.5597558,41.7633563],[-87.5599744,41.763577]]]}},{"type":"Feature","properties":{"ADDRESS":"1526-28 W. Monroe St.","TYPE_MAIN":"1: NR - Individual Property","NHL_NR":null,"NOTES":null,"NAME":"Story ¿ Camp Rowhouses","TYPE":1},"geometry":{"type":"Polygon","coordinates":[[[-87.6656459,41.8807919],[-87.6655553,41.8807935],[-87.6654645,41.8807951],[-87.6654631,41.8807951],[-87.6654484,41.8802803],[-87.6654499,41.8802803],[-87.6655406,41.8802787],[-87.6656311,41.8802771],[-87.6656459,41.8807919]]]}},{"type":"Feature","properties":{"ADDRESS":"4500 S. Michigan Ave","TYPE_MAIN":"1: NR - Individual Property","NHL_NR":null,"NOTES":null,"NAME":"Swift House","TYPE":1},"geometry":{"type":"Polygon","coordinates":[[[-87.6237107,41.8130057],[-87.6231176,41.813015],[-87.623112,41.8128005],[-87.6237049,41.8127913],[-87.6237052,41.8127998],[-87.623707,41.8128684],[-87.6237107,41.8130057]]]}},{"type":"Feature","properties":{"ADDRESS":"1733-55 W. Irving Park Rd","TYPE_MAIN":"1: NR - Individual Property","NHL_NR":null,"NOTES":null,"NAME":"Curt Teich and Company Building","TYPE":1},"geometry":{"type":"Polygon","coordinates":[[[-87.6736699,41.954089],[-87.673583,41.9540902],[-87.6734918,41.9540915],[-87.6734006,41.9540927],[-87.6733095,41.954094],[-87.6732183,41.9540953],[-87.6731272,41.9540965],[-87.673036,41.9540977],[-87.6729448,41.954099],[-87.6728537,41.9541002],[-87.6727612,41.9541015],[-87.6727521,41.9537581],[-87.6728458,41.9537568],[-87.6729369,41.9537555],[-87.6730281,41.9537543],[-87.6730836,41.9537535],[-87.6730824,41.9537051],[-87.6730815,41.9537051],[-87.6730799,41.953641],[-87.6732065,41.9536392],[-87.6732082,41.9537034],[-87.6732095,41.9537552],[-87.6736571,41.9537487],[-87.6736699,41.954089]]]}},{"type":"Feature","properties":{"ADDRESS":"257 East Delaware Street","TYPE_MAIN":"1: NR - Individual Property","NHL_NR":null,"NOTES":null,"NAME":"257 East Delaware Street","TYPE":1},"geometry":{"type":"Polygon","coordinates":[[[-87.6197733,41.8991646],[-87.6197564,41.8991648],[-87.6195736,41.8991675],[-87.6195675,41.8988657],[-87.6197503,41.898863],[-87.6197671,41.8988628],[-87.6197733,41.8991646]]]}},{"type":"Feature","properties":{"ADDRESS":"433 W. Van Buren St.","TYPE_MAIN":"1: NR - Individual Property","NHL_NR":null,"NOTES":null,"NAME":"United States Post Office","TYPE":1},"geometry":{"type":"Polygon","coordinates":[[[-87.639339,41.8766844],[-87.6380761,41.8767005],[-87.6380074,41.8745164],[-87.6392703,41.8745003],[-87.639339,41.8766844]]]}},{"type":"Feature","properties":{"ADDRESS":"1012 N. Dearborn St","TYPE_MAIN":"1: NR - Individual Property","NHL_NR":null,"NOTES":null,"NAME":"William Waller House","TYPE":1},"geometry":{"type":"Polygon","coordinates":[[[-87.6306032,41.9011054],[-87.6300519,41.9011133],[-87.6300509,41.9010806],[-87.630049,41.9010126],[-87.6300471,41.9009448],[-87.6305984,41.900937],[-87.6305985,41.900937],[-87.6306004,41.9010048],[-87.6306023,41.9010728],[-87.6306032,41.9011054]]]}},{"type":"Feature","properties":{"ADDRESS":"631 N. Central Ave.","TYPE_MAIN":"1: NR - Individual Property","NHL_NR":null,"NOTES":null,"NAME":"Seth Warner House","TYPE":1},"geometry":{"type":"Polygon","coordinates":[[[-87.7651696,41.8921645],[-87.7644273,41.8921704],[-87.7644215,41.8920202],[-87.7651637,41.8920143],[-87.7651696,41.8921645]]]}},{"type":"Feature","properties":{"ADDRESS":"820-828 S. Wabash Ave","TYPE_MAIN":"1: NR - Individual Property","NHL_NR":null,"NOTES":null,"NAME":"YMCA Hotel","TYPE":1},"geometry":{"type":"Polygon","coordinates":[[[-87.6260893,41.8712856],[-87.6260879,41.8711935],[-87.6260853,41.8710851],[-87.6260835,41.8709733],[-87.626083,41.8709412],[-87.626702,41.8709272],[-87.6267039,41.8709606],[-87.6267066,41.8710704],[-87.626708,41.8711101],[-87.6267088,41.871134],[-87.6267129,41.871181],[-87.6267146,41.8712573],[-87.6265943,41.8712604],[-87.6262584,41.8712675],[-87.6262583,41.8712812],[-87.6260893,41.8712856]]]}},{"type":"Feature","properties":{"ADDRESS":"4257-4259 S. Dr. Martin Luther King, Jr. Dr.","TYPE_MAIN":"1: NR - Individual Property","NHL_NR":null,"NOTES":null,"NAME":"Belmonte Flats","TYPE":1},"geometry":{"type":"Polygon","coordinates":[[[-87.6164404,41.8170048],[-87.6158903,41.8170143],[-87.6158883,41.8169457],[-87.6158863,41.816877],[-87.6158844,41.8168084],[-87.6158824,41.8167399],[-87.6164326,41.8167302],[-87.6164345,41.8167989],[-87.6164365,41.8168675],[-87.6164385,41.8169361],[-87.6164404,41.8170048]]]}},{"type":"Feature","properties":{"ADDRESS":"1258 N. LaSalle St.","TYPE_MAIN":"1: NR - Individual Property","NHL_NR":null,"NOTES":null,"NAME":"Swedish Club of Chicago","TYPE":1},"geometry":{"type":"Polygon","coordinates":[[[-87.6334165,41.9057034],[-87.6332168,41.9057054],[-87.6332164,41.9056337],[-87.6332018,41.9056226],[-87.6332002,41.905602],[-87.6332076,41.9055952],[-87.6332088,41.9055926],[-87.6333507,41.9055923],[-87.6334079,41.9055882],[-87.6334071,41.9056609],[-87.6334163,41.905661],[-87.6334165,41.9057034]]]}},{"type":"Feature","properties":{"ADDRESS":"900 West Lake Street","TYPE_MAIN":"1: NR - Individual Property","NHL_NR":null,"NOTES":null,"NAME":"900 West Lake Street","TYPE":1},"geometry":{"type":"Polygon","coordinates":[[[-87.650407,41.8861148],[-87.6499436,41.8861298],[-87.6499402,41.8860103],[-87.649933,41.8857596],[-87.6499323,41.885736],[-87.6501174,41.8857327],[-87.6503027,41.8857295],[-87.6504012,41.8857277],[-87.6504037,41.8860022],[-87.650407,41.8861148]]]}},{"type":"Feature","properties":{"ADDRESS":"2044-48 W. Farwell Ave.","TYPE_MAIN":"1: NR - Individual Property","NHL_NR":null,"NOTES":null,"NAME":"Anderson - Carlson Building","TYPE":1},"geometry":{"type":"Polygon","coordinates":[[[-87.6826966,42.006876],[-87.6825607,42.0068786],[-87.6824171,42.0068815],[-87.6824151,42.0067552],[-87.6824109,42.0064942],[-87.6826867,42.0064887],[-87.6826934,42.0067493],[-87.6826966,42.006876]]]}},{"type":"Feature","properties":{"ADDRESS":"1001 W. Van Buren St.","TYPE_MAIN":"1: NR - Individual Property","NHL_NR":null,"NOTES":null,"NAME":"Automatic Electric Company Building","TYPE":1},"geometry":{"type":"Polygon","coordinates":[[[-87.6529185,41.8764956],[-87.6528267,41.876497],[-87.6527345,41.8764985],[-87.6519927,41.8765098],[-87.6519801,41.8760498],[-87.6527191,41.8760382],[-87.6528113,41.8760367],[-87.6529031,41.8760353],[-87.6529185,41.8764956]]]}},{"type":"Feature","properties":{"ADDRESS":"4536-4538 S. Dr. Martin Luther King Jr. Dr.","TYPE_MAIN":"3: (National Historic Landmark) - Individual Property","NHL_NR":"NHL","NOTES":null,"NAME":"Oscar Stanton De Priest House","TYPE":3},"geometry":{"type":"Polygon","coordinates":[[[-87.6175739,41.8119407],[-87.6170227,41.81195],[-87.6170184,41.8118014],[-87.6175697,41.8117921],[-87.6175739,41.8119407]]]}},{"type":"Feature","properties":{"ADDRESS":"419 E. 83rd St.","TYPE_MAIN":"1: NR - Individual Property","NHL_NR":null,"NOTES":null,"NAME":"Four Nineteen Building","TYPE":1},"geometry":{"type":"Polygon","coordinates":[[[-87.6140078,41.7437301],[-87.6138955,41.743732],[-87.6137795,41.743734],[-87.61377,41.7433911],[-87.6137879,41.743377],[-87.6138854,41.7433754],[-87.6139793,41.7433738],[-87.6139981,41.7433872],[-87.6140078,41.7437301]]]}},{"type":"Feature","properties":{"ADDRESS":"847 W. Jackson Blvd.","TYPE_MAIN":"1: NR - Individual Property","NHL_NR":null,"NOTES":null,"NAME":"International Tailoring Company Building","TYPE":1},"geometry":{"type":"Polygon","coordinates":[[[-87.6494542,41.8778212],[-87.6490243,41.8778283],[-87.6490201,41.8776907],[-87.6490158,41.877553],[-87.6490137,41.8774842],[-87.6490116,41.8774153],[-87.6490072,41.8772775],[-87.6490051,41.8772087],[-87.6491079,41.877207],[-87.6493499,41.877203],[-87.649435,41.8772015],[-87.6494371,41.8772704],[-87.6494414,41.8774081],[-87.6494435,41.877477],[-87.6494457,41.8775458],[-87.6494499,41.8776836],[-87.6494542,41.8778212]]]}},{"type":"Feature","properties":{"ADDRESS":"7425-27 S. South Shore Dr.","TYPE_MAIN":"1: NR - Individual Property","NHL_NR":null,"NOTES":null,"NAME":"Lake ¿ Side Terrace Apartments","TYPE":1},"geometry":{"type":"Polygon","coordinates":[[[-87.5576088,41.7621736],[-87.5569608,41.7625008],[-87.5567439,41.7622793],[-87.5567316,41.7622667],[-87.5565272,41.7620578],[-87.5567257,41.7619576],[-87.5571739,41.7617274],[-87.557225,41.7617794],[-87.5572474,41.7618022],[-87.5572826,41.7618417],[-87.5575002,41.7620592],[-87.5576089,41.7621735],[-87.5576088,41.7621736]]]}},{"type":"Feature","properties":{"ADDRESS":"565 W. Jackson Blvd.","TYPE_MAIN":"1: NR - Individual Property","NHL_NR":null,"NOTES":null,"NAME":"Lou Mitchell¿s Restaurant (Route 66 through Illinois MPS)","TYPE":1},"geometry":{"type":"Polygon","coordinates":[[[-87.6422004,41.8779211],[-87.642049,41.877923],[-87.6420424,41.8777173],[-87.6421938,41.8777154],[-87.6422004,41.8779211]]]}},{"type":"Feature","properties":{"ADDRESS":"5530-5532 S. Shore Dr.","TYPE_MAIN":"1: NR - Individual Property","NHL_NR":null,"NOTES":null,"NAME":"Promontory Apartments","TYPE":1},"geometry":{"type":"Polygon","coordinates":[[[-87.5817486,41.7945094],[-87.5811986,41.7945155],[-87.5806405,41.7945217],[-87.5806354,41.794154],[-87.5817422,41.7941418],[-87.5817475,41.7944436],[-87.5817486,41.7945094]]]}},{"type":"Feature","properties":{"ADDRESS":"1550 S. Blue Island Ave.","TYPE_MAIN":"1: NR - Individual Property","NHL_NR":null,"NOTES":null,"NAME":"Produce Terminal Cold Storage Company Building","TYPE":1},"geometry":{"type":"Polygon","coordinates":[[[-87.6603172,41.860732],[-87.660311,41.8607321],[-87.6602226,41.8607335],[-87.6601343,41.8607349],[-87.6600947,41.8607356],[-87.660046,41.8607363],[-87.6599577,41.8607377],[-87.6598693,41.8607391],[-87.6597811,41.8607406],[-87.6596927,41.860742],[-87.6596044,41.8607434],[-87.659516,41.8607448],[-87.6594278,41.8607462],[-87.6593394,41.8607476],[-87.6592512,41.860749],[-87.6591628,41.8607504],[-87.6590745,41.8607518],[-87.6590693,41.8605707],[-87.6590677,41.8605176],[-87.6591214,41.8604546],[-87.6591562,41.8604138],[-87.6591933,41.8603702],[-87.6603064,41.8603525],[-87.6603172,41.860732]]]}},{"type":"Feature","properties":{"ADDRESS":"399 W. Fullerton Ave.","TYPE_MAIN":"1: NR - Individual Property","NHL_NR":null,"NOTES":null,"NAME":"399 West Fullerton Parkway","TYPE":1},"geometry":{"type":"Polygon","coordinates":[[[-87.6392294,41.9255164],[-87.639035,41.9255195],[-87.6389193,41.9255214],[-87.6389053,41.9250826],[-87.6390199,41.9250807],[-87.6392154,41.9250775],[-87.6392294,41.9255164]]]}},{"type":"Feature","properties":{"ADDRESS":"5235-57 N. Ravenswood Ave.","TYPE_MAIN":"1: NR - Individual Property","NHL_NR":null,"NOTES":null,"NAME":"Swedish American Telephone Co. Bldg","TYPE":1},"geometry":{"type":"Polygon","coordinates":[[[-87.6743384,41.977838],[-87.6740567,41.9778424],[-87.6740438,41.9773873],[-87.674036,41.9771101],[-87.6743177,41.9771062],[-87.6743384,41.977838]]]}},{"type":"Feature","properties":{"ADDRESS":"1038 W. 35th St.","TYPE_MAIN":"1: NR - Individual Property","NHL_NR":null,"NOTES":null,"NAME":"Spiegel Office Building","TYPE":1},"geometry":{"type":"Polygon","coordinates":[[[-87.6526033,41.8310955],[-87.6525088,41.8310968],[-87.6524199,41.8310979],[-87.6523281,41.8310991],[-87.6522364,41.8311004],[-87.6521447,41.8311016],[-87.652053,41.8311028],[-87.6519613,41.8311041],[-87.6518696,41.8311053],[-87.6517779,41.8311065],[-87.6516861,41.8311077],[-87.6515944,41.831109],[-87.6515027,41.8311102],[-87.651411,41.8311114],[-87.6513997,41.8307684],[-87.6514914,41.8307671],[-87.6515831,41.8307659],[-87.6516748,41.8307646],[-87.6517665,41.8307634],[-87.6518583,41.8307622],[-87.65195,41.830761],[-87.6520417,41.8307597],[-87.6521334,41.8307585],[-87.6522251,41.8307573],[-87.6523168,41.830756],[-87.6524085,41.8307548],[-87.6525002,41.8307536],[-87.6525919,41.8307523],[-87.6526033,41.8310955]]]}},{"type":"Feature","properties":{"ADDRESS":"445 E. 42nd St.","TYPE_MAIN":"3: (National Historic Landmark) - Individual Property","NHL_NR":"NHL","NOTES":null,"NAME":"Dr. Daniel Hale Williams House","TYPE":3},"geometry":{"type":"Polygon","coordinates":[[[-87.6148979,41.8183752],[-87.6147878,41.818377],[-87.6147783,41.8180398],[-87.6148883,41.8180379],[-87.6148979,41.8183752]]]}},{"type":"Feature","properties":{"ADDRESS":"836 S. Michigan Ave.","TYPE_MAIN":"1: NR - Individual Property","NHL_NR":null,"NOTES":null,"NAME":"Crane Company Building","TYPE":1},"geometry":{"type":"Polygon","coordinates":[[[-87.6249849,41.8707785],[-87.6243966,41.8707912],[-87.6243939,41.8706811],[-87.6249823,41.870668],[-87.6249849,41.8707785]]]}},{"type":"Feature","properties":{"ADDRESS":"\"Museum of Science and Industry 57th Street and Lake Shore Drive \"","TYPE_MAIN":"3: (National Historic Landmark) - Individual Property","NHL_NR":"NHL","NOTES":null,"NAME":"U - 505 (IX C U-BOAT)","TYPE":3},"geometry":{"type":"Polygon","coordinates":[[[-87.5817027,41.7914654],[-87.5815817,41.791466],[-87.581578,41.7914618],[-87.5813928,41.7914634],[-87.5813927,41.791473],[-87.5813924,41.7914977],[-87.5811926,41.7914991],[-87.5811929,41.7914716],[-87.5811911,41.7914675],[-87.5810132,41.7914677],[-87.5810095,41.7914704],[-87.5810077,41.7914704],[-87.5808812,41.7914724],[-87.5808812,41.7914696],[-87.5808805,41.7913749],[-87.5808878,41.791375],[-87.5808865,41.7913269],[-87.5808444,41.7913267],[-87.5808435,41.7912457],[-87.5808857,41.7912446],[-87.5808844,41.7911952],[-87.5808771,41.7911952],[-87.5808764,41.7910936],[-87.5809883,41.791093],[-87.5810047,41.7910972],[-87.5811917,41.7911025],[-87.5811908,41.7910794],[-87.5811903,41.7910655],[-87.5813828,41.791064],[-87.5813824,41.7910997],[-87.5815603,41.7910981],[-87.5815581,41.7909743],[-87.5816965,41.7909754],[-87.5816919,41.7909755],[-87.5816923,41.7910962],[-87.5816931,41.7911868],[-87.5816894,41.7911867],[-87.5816905,41.7912512],[-87.5817382,41.7912516],[-87.5817393,41.7913161],[-87.5816953,41.7913158],[-87.5816963,41.7913816],[-87.5817018,41.7913844],[-87.5817027,41.7914654]]]}},{"type":"Feature","properties":{"ADDRESS":"5605 S. Woodlawn Ave","TYPE_MAIN":"3: (National Historic Landmark) - Individual Property","NHL_NR":"NHL","NOTES":"Part CL","NAME":"Robert A. Millikan House","TYPE":3},"geometry":{"type":"Polygon","coordinates":[[[-87.5963741,41.7930972],[-87.5959497,41.7931023],[-87.5959477,41.7930199],[-87.5963722,41.7930149],[-87.5963741,41.7930972]]]}},{"type":"Feature","properties":{"ADDRESS":"1435 W. 15th St","TYPE_MAIN":"1: NR - Individual Property","NHL_NR":null,"NOTES":null,"NAME":"Otis Elevator Company Factory Building","TYPE":1},"geometry":{"type":"Polygon","coordinates":[[[-87.6637382,41.8614039],[-87.6636551,41.8614053],[-87.6635668,41.8614066],[-87.6634785,41.861408],[-87.6633904,41.8614094],[-87.6633022,41.8614108],[-87.663214,41.8614122],[-87.6631257,41.8614135],[-87.6630375,41.8614149],[-87.6629492,41.8614163],[-87.6628611,41.8614177],[-87.6627728,41.8614191],[-87.6627634,41.8610789],[-87.6628517,41.8610775],[-87.6629399,41.8610761],[-87.6630281,41.8610748],[-87.6631163,41.8610733],[-87.6632046,41.861072],[-87.6632928,41.8610706],[-87.6633811,41.8610692],[-87.6634692,41.8610678],[-87.6635574,41.8610664],[-87.6636456,41.8610651],[-87.6637288,41.8610637],[-87.6637382,41.8614039]]]}},{"type":"Feature","properties":{"ADDRESS":"116 S. Michigan Ave.","TYPE_MAIN":"1: NR - Individual Property","NHL_NR":null,"NOTES":"part of district","NAME":"Municipal Courts Building (Lake View Bldg)","TYPE":1},"geometry":{"type":"Polygon","coordinates":[[[-87.6252894,41.8802777],[-87.6246231,41.8802889],[-87.6246205,41.8801791],[-87.6252867,41.8801679],[-87.6252894,41.8802777]]]}},{"type":"Feature","properties":{"ADDRESS":"South Ellis Ave., between 57th and 58th Sts.","TYPE_MAIN":"3: (National Historic Landmark) - Individual Property","NHL_NR":"NHL","NOTES":null,"NAME":"Room 405, George Herbert Jones Laboratory, University of Chicago","TYPE":3},"geometry":{"type":"Polygon","coordinates":[[[-87.6010412,41.7903011],[-87.6009421,41.790304],[-87.6009408,41.7902545],[-87.6009316,41.7902545],[-87.6009116,41.790242],[-87.6005962,41.7902455],[-87.600595,41.7901879],[-87.6004905,41.7901899],[-87.6004916,41.7902585],[-87.6003559,41.7902591],[-87.600356,41.7902467],[-87.6002643,41.7902475],[-87.6002655,41.7903051],[-87.6002837,41.7903162],[-87.6002844,41.7904164],[-87.6002363,41.7904572],[-87.6002377,41.7904902],[-87.6000617,41.7904918],[-87.6000606,41.7904273],[-87.6000479,41.790419],[-87.6000471,41.7903243],[-87.600073,41.7903025],[-87.6000718,41.7902504],[-87.5999819,41.7902512],[-87.5999818,41.7902635],[-87.5998461,41.790264],[-87.5998426,41.7900925],[-87.5999746,41.790092],[-87.5999762,41.7901098],[-87.6000917,41.7901078],[-87.6001232,41.7900806],[-87.6001489,41.7900807],[-87.6001798,41.7901015],[-87.6003577,41.7900999],[-87.6003578,41.7900903],[-87.6004843,41.7900884],[-87.6004838,41.7901377],[-87.6005956,41.7901371],[-87.600596,41.7901042],[-87.6008435,41.7901016],[-87.6009046,41.7900512],[-87.600915,41.7899415],[-87.6009224,41.7899361],[-87.601093,41.7899344],[-87.6011021,41.78994],[-87.6011041,41.7900854],[-87.6011132,41.7900924],[-87.6011158,41.7901816],[-87.6011067,41.7901815],[-87.6011078,41.7902446],[-87.6010985,41.7902514],[-87.60106,41.7902526],[-87.6010595,41.7903006],[-87.6010463,41.790301],[-87.6010412,41.7903011]]]}},{"type":"Feature","properties":{"ADDRESS":"6016 S. Ingleside Ave","TYPE_MAIN":"3: (National Historic Landmark) - Individual Property","NHL_NR":"NHL","NOTES":"Part CL","NAME":"Lorado Taft Midway Studios","TYPE":3},"geometry":{"type":"Polygon","coordinates":[[[-87.6033211,41.7857859],[-87.6031805,41.7857874],[-87.6029549,41.78579],[-87.6029432,41.7852961],[-87.6029426,41.7852686],[-87.6033089,41.7852645],[-87.6033095,41.785292],[-87.6033211,41.7857859]]]}},{"type":"Feature","properties":{"ADDRESS":"1613 W. Washington Blvd.","TYPE_MAIN":"1: NR - Individual Property","NHL_NR":null,"NOTES":null,"NAME":"Union Park Congregational Church and Carpenter Chapel","TYPE":1},"geometry":{"type":"Polygon","coordinates":[[[-87.667536,41.8831982],[-87.6670392,41.8832059],[-87.6670369,41.8831269],[-87.6670348,41.8830556],[-87.6670328,41.8829843],[-87.6670307,41.882913],[-87.6670287,41.8828417],[-87.667027,41.8827828],[-87.6675239,41.8827748],[-87.6675256,41.8828337],[-87.6675276,41.8829052],[-87.6675296,41.8829766],[-87.6675317,41.8830479],[-87.6675338,41.8831192],[-87.667536,41.8831982]]]}},{"type":"Feature","properties":{"ADDRESS":"5100-5110 S. Cornell,5236-5252 S. Hyde Park Blvd,1642 E. 56th St, 5450-5484 S. Shore Dr.5307&5528&&5496 S. Hyde Park Blvd,5500-5520 S. Shore Dr.","TYPE_MAIN":"2:NR - District","NHL_NR":null,"NOTES":null,"NAME":"Hyde Park Apartment Hotel Thematic District","TYPE":2},"geometry":{"type":"MultiPolygon","coordinates":[[[[-87.5810848,41.7957041],[-87.5818109,41.795697],[-87.5818372,41.796673],[-87.581386,41.7966775],[-87.5811111,41.7966803],[-87.5810848,41.7957041]]],[[[-87.5850128,41.7935025],[-87.5852297,41.7935001],[-87.5852398,41.7939501],[-87.5850226,41.7939526],[-87.5848393,41.7939545],[-87.584656,41.7939566],[-87.5844727,41.7939586],[-87.5842894,41.7939607],[-87.5840768,41.793963],[-87.584067,41.793513],[-87.5842796,41.7935107],[-87.5844629,41.7935086],[-87.5846462,41.7935066],[-87.5848295,41.7935045],[-87.5850128,41.7935025]]],[[[-87.5806489,41.7951714],[-87.58064,41.7945224],[-87.5811982,41.7945162],[-87.581199,41.794568],[-87.5812064,41.7945679],[-87.5812088,41.7947088],[-87.5812015,41.7947089],[-87.5812027,41.7947776],[-87.5812094,41.7951658],[-87.5806489,41.7951714]]],[[[-87.5833712,41.7990225],[-87.5838925,41.7990173],[-87.5838961,41.7991544],[-87.5839055,41.7995006],[-87.5833842,41.7995068],[-87.5833748,41.7991596],[-87.5833712,41.7990225]]],[[[-87.5846177,41.7997161],[-87.5847369,41.7997148],[-87.5847493,41.7999736],[-87.584709,41.7999828],[-87.584762,41.8001144],[-87.5844112,41.8001942],[-87.5843582,41.8000626],[-87.5842207,41.7997207],[-87.5844985,41.7997176],[-87.5846177,41.7997161]]],[[[-87.5841043,41.7953173],[-87.5846543,41.7953118],[-87.5846595,41.7955038],[-87.5841095,41.7955093],[-87.5841043,41.7953173]]],[[[-87.5840829,41.7942458],[-87.5846332,41.7942447],[-87.5846368,41.7944124],[-87.5840867,41.7944185],[-87.5840829,41.7942458]]],[[[-87.5866273,41.8020602],[-87.5866919,41.802046],[-87.5867199,41.8020398],[-87.5867965,41.8020229],[-87.58681,41.8020574],[-87.5868414,41.8021374],[-87.5868731,41.8022182],[-87.5868565,41.8022223],[-87.5868976,41.8023213],[-87.5868626,41.8023294],[-87.5868662,41.8023376],[-87.5867835,41.8023563],[-87.5867763,41.8023411],[-87.5867414,41.8023491],[-87.5867261,41.8023104],[-87.5866729,41.8021757],[-87.5866644,41.8021542],[-87.5866273,41.8020602]]]]}},{"type":"Feature","properties":{"ADDRESS":"200 N. Streeter Dr.","TYPE_MAIN":"1: NR - Individual Property","NHL_NR":null,"NOTES":"Part CL","NAME":"Municipal Pier Number Two (Navy Pier)","TYPE":1},"geometry":{"type":"Polygon","coordinates":[[[-87.6097192,41.8920673],[-87.6095962,41.8920693],[-87.6095949,41.8920172],[-87.6095086,41.892018],[-87.6095084,41.8920345],[-87.6089666,41.892042],[-87.6089665,41.8920461],[-87.608827,41.892048],[-87.608827,41.8920411],[-87.6083036,41.8920488],[-87.6083053,41.892057],[-87.6081676,41.8920589],[-87.6081661,41.8920219],[-87.6063662,41.8920475],[-87.6063671,41.8921326],[-87.6052008,41.8921485],[-87.604659,41.8921561],[-87.6046075,41.8921571],[-87.6012885,41.8922156],[-87.6012855,41.8921566],[-87.6008171,41.8921646],[-87.6008106,41.8919354],[-87.5999381,41.8919518],[-87.5999344,41.8919518],[-87.5999342,41.8919737],[-87.5999381,41.8921164],[-87.5999344,41.8921192],[-87.5999085,41.89213],[-87.5998827,41.8921367],[-87.5998533,41.8921378],[-87.5998258,41.8921349],[-87.5997984,41.8921279],[-87.5997782,41.8921236],[-87.599773,41.8920975],[-87.5993304,41.8921043],[-87.5992863,41.8921013],[-87.5992423,41.8920941],[-87.5992002,41.8920815],[-87.59916,41.8920662],[-87.5991235,41.8920467],[-87.5990907,41.8920246],[-87.5990616,41.8919983],[-87.5990381,41.8919694],[-87.5990182,41.891939],[-87.5990057,41.8919074],[-87.5989969,41.8918744],[-87.5989954,41.8918483],[-87.5989973,41.8918429],[-87.5990013,41.8918099],[-87.5990091,41.8917771],[-87.5990241,41.8917456],[-87.5990447,41.8917156],[-87.5990689,41.8916869],[-87.5990985,41.8916624],[-87.5991337,41.8916407],[-87.5991706,41.8916217],[-87.5992112,41.8916068],[-87.5992535,41.8915961],[-87.5992977,41.8915896],[-87.5993216,41.8915883],[-87.5993528,41.8915858],[-87.5996228,41.8915834],[-87.5996339,41.8915752],[-87.5997551,41.891576],[-87.5997571,41.8915582],[-87.59977,41.8915583],[-87.5997903,41.8915474],[-87.5998124,41.8915407],[-87.5998363,41.8915381],[-87.599862,41.8915397],[-87.5998858,41.8915453],[-87.5999059,41.891555],[-87.5999242,41.8915593],[-87.5999281,41.8917006],[-87.5999278,41.8917281],[-87.5999315,41.8917281],[-87.6008095,41.8917131],[-87.6008029,41.8914867],[-87.6012657,41.8914786],[-87.6012632,41.8913798],[-87.6014009,41.891378],[-87.6014005,41.8914136],[-87.6015438,41.8914104],[-87.6015428,41.8913336],[-87.6021085,41.8913235],[-87.6021112,41.8914113],[-87.6022563,41.8914081],[-87.602255,41.8913628],[-87.6023946,41.891361],[-87.6023941,41.8914008],[-87.6025356,41.8913989],[-87.6025328,41.8913179],[-87.6030985,41.8913078],[-87.6031013,41.8913902],[-87.6032445,41.8913883],[-87.603245,41.8913485],[-87.6033845,41.8913467],[-87.603386,41.8913837],[-87.6035311,41.8913819],[-87.6035283,41.8913009],[-87.6040903,41.8912922],[-87.6040931,41.8913731],[-87.6042382,41.8913699],[-87.6042368,41.8913301],[-87.6043746,41.8913283],[-87.6043759,41.8913694],[-87.6045174,41.8913662],[-87.6045146,41.8912852],[-87.6045734,41.8912842],[-87.6046377,41.8912819],[-87.6050821,41.8912765],[-87.6050849,41.8913561],[-87.6052098,41.8913541],[-87.6052263,41.8913543],[-87.6052249,41.8913186],[-87.6053627,41.8913167],[-87.6053643,41.8913291],[-87.605623,41.8913255],[-87.6068539,41.8913083],[-87.6068526,41.8912562],[-87.607591,41.8912457],[-87.6075927,41.8912581],[-87.6081455,41.8912506],[-87.6081465,41.8913233],[-87.608253,41.8913213],[-87.6082517,41.8912746],[-87.608373,41.8912726],[-87.6083757,41.8913577],[-87.6088073,41.8913522],[-87.6088074,41.891344],[-87.6089433,41.8913421],[-87.608945,41.8913476],[-87.6094942,41.8913401],[-87.6094941,41.891351],[-87.6095694,41.8913501],[-87.6095694,41.8913447],[-87.6095805,41.8913434],[-87.6095792,41.8912953],[-87.6097004,41.8912947],[-87.6097192,41.8920673]]]}},{"type":"Feature","properties":{"ADDRESS":"1401 and 1451 E. 55th St.; 1401 and 1450 E. 55th Pl.","TYPE_MAIN":"1: NR - Individual Property","NHL_NR":null,"NOTES":null,"NAME":"University Apartments","TYPE":1},"geometry":{"type":"MultiPolygon","coordinates":[[[[-87.5899066,41.7950438],[-87.5899067,41.7950397],[-87.589892,41.7950396],[-87.58989,41.7948941],[-87.5899047,41.7948942],[-87.5899048,41.7948874],[-87.5915846,41.794868],[-87.5915845,41.7948776],[-87.5916046,41.7948764],[-87.5916085,41.7950219],[-87.5915975,41.7950218],[-87.5915956,41.7950218],[-87.5915956,41.7950259],[-87.5899066,41.7950438]]],[[[-87.5899168,41.7954308],[-87.5899169,41.7954267],[-87.5899022,41.7954266],[-87.5899002,41.7952825],[-87.5899149,41.7952826],[-87.5899149,41.7952757],[-87.5915948,41.7952564],[-87.5915947,41.7952619],[-87.5916167,41.7952607],[-87.5916187,41.7954061],[-87.5916004,41.795406],[-87.5916003,41.7954115],[-87.5899168,41.7954308]]],[[[-87.5917434,41.7950845],[-87.5919085,41.7950814],[-87.5919109,41.7951926],[-87.5917458,41.7951956],[-87.5917434,41.7950845]]]]}},{"type":"Feature","properties":{"ADDRESS":"4703-4715 N. Broadway","TYPE_MAIN":"1: NR - Individual Property","NHL_NR":null,"NOTES":null,"NAME":"Uptown Broadway Building","TYPE":1},"geometry":{"type":"Polygon","coordinates":[[[-87.65879,41.9677821],[-87.6585438,41.9677855],[-87.6585421,41.9677178],[-87.6585341,41.9673808],[-87.6587492,41.967715],[-87.6587923,41.9677821],[-87.65879,41.9677821]]]}},{"type":"Feature","properties":{"ADDRESS":"330 North Wabash Av","TYPE_MAIN":"1: NR - Individual Property","NHL_NR":"Null","NOTES":"null","NAME":"IBM Building","TYPE":1},"geometry":{"type":"Polygon","coordinates":[[[-87.6278271,41.8891415],[-87.6278273,41.889147],[-87.6278234,41.8891471],[-87.6272765,41.8891573],[-87.6272398,41.889158],[-87.6272104,41.8891585],[-87.627047,41.8891616],[-87.6270111,41.8891622],[-87.626972,41.889163],[-87.6269625,41.8891631],[-87.626807,41.889166],[-87.6269486,41.8890659],[-87.6271327,41.8889549],[-87.6271952,41.8888786],[-87.6272949,41.8887567],[-87.6272926,41.8887184],[-87.6272918,41.888701],[-87.6272789,41.8884308],[-87.6272757,41.8883643],[-87.6272649,41.8882939],[-87.6272707,41.8882597],[-87.6273421,41.8882597],[-87.6272704,41.8881272],[-87.6272448,41.8880798],[-87.6274184,41.8880058],[-87.6276164,41.8879215],[-87.6277881,41.8878484],[-87.6277923,41.8879867],[-87.6277939,41.8880397],[-87.6277983,41.8881848],[-87.6278013,41.8882846],[-87.6278088,41.8885327],[-87.6278091,41.8885443],[-87.6278099,41.8885692],[-87.6278107,41.8885945],[-87.6278191,41.8888743],[-87.6278271,41.8891415]]]}},{"type":"Feature","properties":{"ADDRESS":"5490 South Shore Drive","TYPE_MAIN":"1: NR - Individual Property","NHL_NR":null,"NOTES":"Null","NAME":"Jackson Shore Apartments","TYPE":1},"geometry":{"type":"Polygon","coordinates":[[[-87.5818109,41.7956811],[-87.5818031,41.7956964],[-87.5810853,41.7957035],[-87.5810756,41.7953468],[-87.5818017,41.7953396],[-87.5818109,41.7956811]]]}},{"type":"Feature","properties":{"ADDRESS":"Roughly bounded by S. Perry Ave. on the east, W. 82nd St. on the south, S. Stewart Ave. on the west, and W 79th St on the north","TYPE_MAIN":"2:NR - District","NHL_NR":null,"NOTES":null,"NAME":"West Chatham Bungalow Historic District \r\nWest Chatham Bungalow Historic District \r\nWest Chatham Bungalow Historic District","TYPE":2},"geometry":{"type":"MultiPolygon","coordinates":[[[[-87.6306203,41.7490225],[-87.6306087,41.7485724],[-87.6299939,41.7485813],[-87.6299671,41.7472138],[-87.6311778,41.7471953],[-87.6311352,41.745632],[-87.634164,41.7455972],[-87.6342056,41.747144],[-87.6335963,41.747159],[-87.6336454,41.7482776],[-87.6336465,41.7489697],[-87.6306203,41.7490225]]],[[[-87.6281619,41.7476959],[-87.6281524,41.7472382],[-87.6269348,41.7472609],[-87.6269235,41.7468697],[-87.626922,41.746805],[-87.6263042,41.7468127],[-87.6262718,41.7453534],[-87.6280983,41.7453238],[-87.6281406,41.7467803],[-87.6286938,41.7467713],[-87.629201,41.7467673],[-87.6292174,41.7474552],[-87.6292225,41.7476779],[-87.6286895,41.7476849],[-87.6287414,41.7487108],[-87.6287884,41.7504208],[-87.6264183,41.750464],[-87.6263654,41.748836],[-87.6263292,41.7477208],[-87.6281619,41.7476959]]]]}},{"type":"Feature","properties":{"ADDRESS":"Roughly bounded by N. Sheridan Rd., W. Ainslie St., N. Broadway, and W. Winona St","TYPE_MAIN":"2:NR - District","NHL_NR":null,"NOTES":"<Null>","NAME":"West Argyle Street Historic District","TYPE":2},"geometry":{"type":"Polygon","coordinates":[[[-87.6587301,41.975226],[-87.6577878,41.9752389],[-87.6577414,41.9735723],[-87.6570817,41.9735826],[-87.6570074,41.9735837],[-87.6571072,41.9750137],[-87.6563782,41.9750274],[-87.6563851,41.975261],[-87.6556858,41.9752702],[-87.6556773,41.9749137],[-87.6549707,41.9749224],[-87.6549284,41.9733131],[-87.6549157,41.9727569],[-87.6549153,41.972739],[-87.6556195,41.97273],[-87.6556201,41.9727564],[-87.6563163,41.9727492],[-87.6563204,41.9728898],[-87.6563289,41.9732028],[-87.6570603,41.9731917],[-87.6570406,41.9724648],[-87.6569619,41.9719134],[-87.658645,41.9719007],[-87.6586579,41.9728545],[-87.6590894,41.9728512],[-87.6590912,41.9729882],[-87.6593722,41.972986],[-87.659776,41.9729733],[-87.6597934,41.9735967],[-87.6597972,41.9737285],[-87.6587088,41.9737462],[-87.6587423,41.9748963],[-87.6587301,41.975226]]]}},{"type":"Feature","properties":{"ADDRESS":"4900-5800 N. Clark St.","TYPE_MAIN":"2:NR - District","NHL_NR":null,"NOTES":null,"NAME":"Andersonville Commercial Historic District","TYPE":2},"geometry":{"type":"MultiPolygon","coordinates":[[[[-87.6681605,41.9834001],[-87.6681511,41.9831797],[-87.6681236,41.9831803],[-87.6681186,41.983062],[-87.6680187,41.9830643],[-87.6679996,41.9826151],[-87.6679957,41.9825638],[-87.6678927,41.9825656],[-87.6678778,41.9821049],[-87.6678674,41.9816789],[-87.667825,41.9816796],[-87.6677602,41.980867],[-87.6677574,41.9808312],[-87.6677472,41.9807036],[-87.6676747,41.9798549],[-87.6676638,41.9797264],[-87.6676986,41.9789411],[-87.6677604,41.9775484],[-87.6677693,41.977349],[-87.6678047,41.9762018],[-87.6677677,41.9762024],[-87.6677437,41.9753456],[-87.667703,41.9752664],[-87.6676522,41.9748459],[-87.6675257,41.9737981],[-87.6675415,41.9735947],[-87.6674542,41.9735909],[-87.667465,41.9734509],[-87.6674067,41.9733742],[-87.6674034,41.9732791],[-87.6673582,41.97328],[-87.6673499,41.9730427],[-87.6673063,41.9730435],[-87.6673012,41.9728976],[-87.6676026,41.9728918],[-87.667559,41.9726397],[-87.6675554,41.9725543],[-87.6673018,41.9725576],[-87.6672567,41.9721616],[-87.6672254,41.9718868],[-87.6684391,41.9718677],[-87.6687474,41.971864],[-87.6687793,41.9733639],[-87.6687256,41.9735122],[-87.6687763,41.9740118],[-87.6688735,41.9740063],[-87.668901,41.9742779],[-87.6689148,41.9744135],[-87.668993,41.9751856],[-87.6690158,41.9754108],[-87.6690166,41.9757811],[-87.6696067,41.9757533],[-87.6696227,41.9759434],[-87.6700259,41.9759396],[-87.6700284,41.9760846],[-87.6700288,41.9761661],[-87.6696138,41.9761721],[-87.6690289,41.9761807],[-87.6690455,41.9768122],[-87.6690774,41.9780092],[-87.6691133,41.9793602],[-87.6691211,41.9796547],[-87.6703607,41.9796363],[-87.67034,41.9798135],[-87.6688895,41.9798363],[-87.6689476,41.9804746],[-87.6690399,41.9804699],[-87.6690577,41.9807862],[-87.669091,41.9813751],[-87.6690962,41.9814666],[-87.670372,41.9814264],[-87.6703775,41.9816404],[-87.6693404,41.9816555],[-87.6684295,41.9816703],[-87.6685739,41.9826084],[-87.6687145,41.9832905],[-87.6696236,41.9832691],[-87.6696286,41.9833872],[-87.6694712,41.9833909],[-87.6694786,41.9835655],[-87.6694768,41.9837412],[-87.6697345,41.9837442],[-87.6697391,41.9842618],[-87.6697642,41.9852079],[-87.6697833,41.9857666],[-87.6698013,41.9859371],[-87.669864,41.9861027],[-87.6697513,41.986312],[-87.6694303,41.9866486],[-87.6694012,41.9866535],[-87.6689344,41.986732],[-87.6686681,41.9858171],[-87.6685879,41.9855419],[-87.6685665,41.9852945],[-87.6684741,41.9848718],[-87.6681815,41.9834986],[-87.6681605,41.9834001]]],[[[-87.6697973,41.9762639],[-87.6705497,41.9762452],[-87.670572,41.9770708],[-87.6698306,41.9770819],[-87.6697973,41.9762639]]]]}},{"type":"Feature","properties":{"ADDRESS":"2348 S. MIllard Ave.","TYPE_MAIN":"1: NR - Individual Property","NHL_NR":null,"NOTES":null,"NAME":"Anton Cermak House","TYPE":1},"geometry":{"type":"Polygon","coordinates":[[[-87.7167045,41.8484321],[-87.7167045,41.8484324],[-87.7162467,41.8484371],[-87.7162448,41.8483685],[-87.7162428,41.8483025],[-87.7167007,41.8482979],[-87.7167026,41.8483637],[-87.7167045,41.848432],[-87.7167045,41.8484321]]]}},{"type":"Feature","properties":{"ADDRESS":"3601 N Milwaukee Av","TYPE_MAIN":"3: (National Historic Landmark) - Individual Property","NHL_NR":null,"NOTES":null,"NAME":"Carl Schurz High School","TYPE":3},"geometry":{"type":"Polygon","coordinates":[[[-87.7372727,41.9473926],[-87.7366191,41.9479875],[-87.7345747,41.9480141],[-87.7345244,41.9463931],[-87.7356098,41.9463791],[-87.7372727,41.9473926]]]}},{"type":"Feature","properties":{"ADDRESS":"1926 N. Halsted St.","TYPE_MAIN":"1: NR - Individual Property","NHL_NR":null,"NOTES":null,"NAME":"Roger Brown , Home and Studio","TYPE":1},"geometry":{"type":"Polygon","coordinates":[[[-87.649043,41.9168546],[-87.6485889,41.9168621],[-87.6485866,41.9167937],[-87.6490408,41.9167862],[-87.649043,41.9168546]]]}},{"type":"Feature","properties":{"ADDRESS":"Bounded by Magnolia, Wayne Foster & Bryn Mawr Aves.","TYPE_MAIN":"2:NR - District","NHL_NR":null,"NOTES":null,"NAME":"Lakewood Balmoral Historic District","TYPE":2},"geometry":{"type":"Polygon","coordinates":[[[-87.664354,41.9834661],[-87.664354,41.9834663],[-87.6643159,41.9834669],[-87.6638754,41.9834742],[-87.6636327,41.9834782],[-87.66318,41.9834858],[-87.663121,41.9834867],[-87.6626683,41.9834942],[-87.6624206,41.9834982],[-87.6623906,41.9834987],[-87.6619785,41.9835055],[-87.6619129,41.9835066],[-87.661911,41.9835066],[-87.6614689,41.9835139],[-87.6614653,41.983514],[-87.6612226,41.983518],[-87.6607721,41.9835254],[-87.6607406,41.9835259],[-87.6607373,41.9834029],[-87.6607306,41.9831499],[-87.6607252,41.9829482],[-87.6607183,41.9827194],[-87.6607125,41.9825272],[-87.6607051,41.9823096],[-87.6607018,41.9822192],[-87.6607003,41.9821897],[-87.6606979,41.9821648],[-87.6606948,41.9821498],[-87.6606892,41.9821426],[-87.6606854,41.9821398],[-87.6609631,41.9821441],[-87.6609369,41.9816986],[-87.660695,41.9817065],[-87.6606927,41.9817066],[-87.6606927,41.9817065],[-87.6606876,41.9815308],[-87.6606793,41.9812503],[-87.6606792,41.981248],[-87.6606704,41.9809514],[-87.6606687,41.9808933],[-87.6606613,41.980646],[-87.6606604,41.9806172],[-87.6606537,41.980394],[-87.6606512,41.9803099],[-87.6606494,41.9802489],[-87.6606433,41.9800351],[-87.6606433,41.9800336],[-87.6606385,41.9797977],[-87.6606377,41.9797707],[-87.6606312,41.979559],[-87.6606299,41.9795156],[-87.6606207,41.979191],[-87.66062,41.9791664],[-87.6606156,41.9790039],[-87.6606155,41.9789998],[-87.6606135,41.9789272],[-87.6606129,41.978903],[-87.6606129,41.9789026],[-87.6606086,41.9787458],[-87.6606067,41.9786748],[-87.6606024,41.9785184],[-87.6606007,41.9784521],[-87.660595,41.9782442],[-87.6605938,41.9781994],[-87.6605938,41.9781874],[-87.6605893,41.9779264],[-87.6605887,41.977907],[-87.6605451,41.9764106],[-87.6605449,41.976402],[-87.6605755,41.9764016],[-87.6609042,41.9763966],[-87.6612678,41.976391],[-87.6614598,41.9763881],[-87.6617117,41.9763842],[-87.6617755,41.9763833],[-87.6617761,41.9763833],[-87.6622285,41.9763763],[-87.6624711,41.9763727],[-87.6629167,41.9763659],[-87.6629869,41.9763648],[-87.6630778,41.9763634],[-87.6634247,41.9763581],[-87.6634312,41.976358],[-87.6636776,41.9763542],[-87.664122,41.9763474],[-87.664154,41.9763469],[-87.664158,41.9763468],[-87.6642554,41.9799014],[-87.6642554,41.9799063],[-87.6642564,41.9799744],[-87.6642651,41.9802392],[-87.6642742,41.9805164],[-87.6642827,41.9807785],[-87.6642906,41.9810161],[-87.6642993,41.981284],[-87.6643062,41.9814924],[-87.6643108,41.9817316],[-87.6643109,41.9817377],[-87.6643529,41.9834239],[-87.664354,41.9834661]]]}},{"type":"Feature","properties":{"ADDRESS":"2440 N, Lakeview Avenue","TYPE_MAIN":"1: NR - Individual Property","NHL_NR":null,"NOTES":null,"NAME":"2440 N. Lakeview Avenue","TYPE":1},"geometry":{"type":"Polygon","coordinates":[[[-87.6402166,41.9268303],[-87.6401942,41.9268376],[-87.64009,41.9268718],[-87.6400796,41.9268752],[-87.6399827,41.9268778],[-87.6398853,41.9268804],[-87.6398692,41.9268809],[-87.6398196,41.9268822],[-87.6392823,41.9268967],[-87.6392703,41.9265723],[-87.6399536,41.9265504],[-87.6399598,41.9265483],[-87.6399918,41.9265379],[-87.6400487,41.9265193],[-87.6401966,41.9267736],[-87.6402251,41.9268226],[-87.6402166,41.9268303]]]}},{"type":"Feature","properties":{"ADDRESS":"1245 W. Washington Blvd","TYPE_MAIN":"1: NR - Individual Property","NHL_NR":null,"NOTES":null,"NAME":"Creamery Package Mfr Bldg","TYPE":1},"geometry":{"type":"Polygon","coordinates":[[[-87.658652,41.8828438],[-87.658275,41.8828493],[-87.6582611,41.8823029],[-87.6586531,41.8822965],[-87.6586669,41.8828435],[-87.658652,41.8828438]]]}},{"type":"Feature","properties":{"ADDRESS":"1311 W. Randolph St","TYPE_MAIN":"1: NR - Individual Property","NHL_NR":null,"NOTES":null,"NAME":"Wholesale Florists Exchange","TYPE":1},"geometry":{"type":"Polygon","coordinates":[[[-87.6598094,41.8839925],[-87.6598095,41.8839949],[-87.6597725,41.8839954],[-87.6594051,41.8840003],[-87.6593133,41.8840015],[-87.6589384,41.8840066],[-87.6589374,41.8839628],[-87.6589363,41.8839188],[-87.6589351,41.8838749],[-87.658934,41.8838311],[-87.658933,41.8837872],[-87.6589318,41.8837433],[-87.6589307,41.8836994],[-87.6589297,41.8836555],[-87.6589285,41.8836083],[-87.6592999,41.8836034],[-87.6593917,41.8836022],[-87.6597592,41.8835974],[-87.6597961,41.8835969],[-87.6597998,41.8837067],[-87.6598091,41.8839821],[-87.6598094,41.8839925]]]}},{"type":"Feature","properties":{"ADDRESS":"6338-6542 S. Dr. Martin Luther King Jr. Dr.","TYPE_MAIN":"2:NR - District","NHL_NR":null,"NOTES":null,"NAME":"Parkway Garden Homes National Register District\r\nNational Register District","TYPE":2},"geometry":{"type":"Polygon","coordinates":[[[-87.6172145,41.7791548],[-87.6171754,41.7791557],[-87.6171045,41.7791574],[-87.6167792,41.779165],[-87.6167699,41.7789493],[-87.6166001,41.7789817],[-87.6162818,41.7787418],[-87.6160642,41.7789032],[-87.615826,41.7789057],[-87.6158869,41.7784021],[-87.6158015,41.7779112],[-87.6157797,41.7770216],[-87.6158246,41.7765707],[-87.6157472,41.7761029],[-87.6157255,41.7752866],[-87.615779,41.7748839],[-87.6157141,41.7748212],[-87.615714,41.774796],[-87.6159454,41.7747911],[-87.6169412,41.77477],[-87.6169424,41.7747716],[-87.6169521,41.7747838],[-87.6169618,41.7747961],[-87.6169716,41.7748083],[-87.6169814,41.7748206],[-87.6169833,41.7748229],[-87.6169912,41.7748327],[-87.617001,41.7748449],[-87.6170109,41.7748571],[-87.6170207,41.7748693],[-87.6170306,41.7748815],[-87.6170405,41.7748937],[-87.6170505,41.7749058],[-87.6170605,41.7749179],[-87.6170705,41.7749301],[-87.6170805,41.7749421],[-87.6170906,41.7749543],[-87.6170973,41.7749623],[-87.6171416,41.7765469],[-87.6172145,41.7791548]]]}},{"type":"Feature","properties":{"ADDRESS":"Bounded by banks of  Canal from the west boundary of the city to Ashland \r\nbanks of the Canal from the western boundary of the city to Ashland Ave.","TYPE_MAIN":"2:NR - District","NHL_NR":"NR","NOTES":null,"NAME":"Chicago Sanitary and Ship Canal District","TYPE":2},"geometry":{"type":"Polygon","coordinates":[[[-87.7448898,41.8194434],[-87.7441382,41.8196903],[-87.7441093,41.8197001],[-87.7440858,41.8197055],[-87.7440587,41.8197119],[-87.7440316,41.8197186],[-87.7440122,41.819725],[-87.7439925,41.8197259],[-87.7439829,41.8197232],[-87.7439757,41.8197121],[-87.7439487,41.8197058],[-87.7439119,41.8197125],[-87.7438554,41.81973],[-87.7438024,41.8197524],[-87.7437707,41.8197567],[-87.7437304,41.8197565],[-87.7436768,41.8197556],[-87.743674,41.8197555],[-87.7436327,41.8197553],[-87.7435961,41.8197551],[-87.7435585,41.8197549],[-87.7435089,41.8197547],[-87.7434099,41.8197549],[-87.7433304,41.8197699],[-87.7432964,41.8197779],[-87.743295,41.8197783],[-87.7432448,41.8197972],[-87.7432395,41.8198257],[-87.743243,41.8198538],[-87.7432438,41.8198614],[-87.7432438,41.8199067],[-87.7432253,41.8199296],[-87.7431548,41.8199666],[-87.7430862,41.8199923],[-87.7429818,41.8200264],[-87.7429173,41.8200573],[-87.7428569,41.8200899],[-87.7428002,41.8201308],[-87.7426933,41.8201841],[-87.7425364,41.8202409],[-87.7424163,41.8202797],[-87.7423446,41.8203065],[-87.7422921,41.820322],[-87.7422495,41.8203225],[-87.7422161,41.8203141],[-87.7421762,41.8203149],[-87.7421049,41.8203317],[-87.7420263,41.8203559],[-87.7419366,41.820384],[-87.7418929,41.8203947],[-87.7418525,41.820401],[-87.7418057,41.8204118],[-87.7417823,41.8204079],[-87.7417485,41.8203995],[-87.7416919,41.8204102],[-87.7416427,41.8204267],[-87.7416381,41.8204328],[-87.7416173,41.8204509],[-87.7416056,41.8204738],[-87.7415705,41.8205011],[-87.7415079,41.8205255],[-87.7414698,41.8205291],[-87.7414621,41.8205215],[-87.7414476,41.8205049],[-87.741422,41.8204983],[-87.7413819,41.8205091],[-87.7413794,41.820533],[-87.7413618,41.8205621],[-87.7413101,41.8205931],[-87.7412393,41.8206167],[-87.7411468,41.8206454],[-87.7410658,41.8206759],[-87.7409995,41.820705],[-87.7409286,41.82074],[-87.740819,41.8207881],[-87.7407035,41.820828],[-87.7405909,41.8208604],[-87.7404989,41.8208897],[-87.740389,41.8209238],[-87.7402979,41.8209521],[-87.7401995,41.8209846],[-87.7401374,41.8210035],[-87.7401006,41.8210112],[-87.7400846,41.8210083],[-87.7400759,41.8210018],[-87.7400678,41.8209846],[-87.7400565,41.8209725],[-87.7400263,41.8209696],[-87.7399683,41.8209858],[-87.7398324,41.8210272],[-87.7396795,41.8210738],[-87.7396931,41.821138],[-87.7395584,41.8211795],[-87.7394165,41.8212275],[-87.7394015,41.8212326],[-87.7392185,41.8212865],[-87.7390433,41.821336],[-87.7389345,41.8213513],[-87.7387898,41.8213731],[-87.7387167,41.8213933],[-87.7386868,41.8214018],[-87.7385346,41.8214525],[-87.7385116,41.8214606],[-87.7384255,41.8214899],[-87.738283,41.8215304],[-87.7381028,41.8215809],[-87.7379686,41.8216111],[-87.7378491,41.8216362],[-87.7377222,41.8216712],[-87.7375898,41.8217106],[-87.7374289,41.8217551],[-87.7373284,41.8218081],[-87.7372615,41.8218472],[-87.7371368,41.8218949],[-87.7369915,41.8219412],[-87.7368434,41.8219822],[-87.7367,41.8220161],[-87.7365465,41.8220524],[-87.7365207,41.8220619],[-87.7363806,41.8221015],[-87.73638,41.8221016],[-87.7362342,41.8221547],[-87.7360819,41.8222098],[-87.7359287,41.8222602],[-87.7357603,41.8223135],[-87.7356159,41.8223573],[-87.7355101,41.8223914],[-87.7354627,41.8224104],[-87.73532,41.8224656],[-87.7351039,41.822534],[-87.7348978,41.8226023],[-87.7346701,41.8226738],[-87.7343965,41.8227526],[-87.7343758,41.8227587],[-87.7340828,41.8228488],[-87.7337904,41.8229361],[-87.7335567,41.8230073],[-87.733317,41.8230883],[-87.7330741,41.8231749],[-87.7329972,41.8231988],[-87.7328841,41.8232339],[-87.7327075,41.823291],[-87.7325639,41.823342],[-87.73243,41.8233866],[-87.732311,41.8234162],[-87.7321827,41.8234474],[-87.7320664,41.8234862],[-87.7319669,41.8235276],[-87.7318156,41.8235724],[-87.73168,41.8236111],[-87.7315199,41.8236631],[-87.7313865,41.8237019],[-87.7312587,41.8237413],[-87.7310931,41.8237882],[-87.7309721,41.8238263],[-87.7308396,41.8238774],[-87.7307632,41.8239065],[-87.7306201,41.8239558],[-87.7305193,41.823991],[-87.7303698,41.8240406],[-87.7301977,41.8240994],[-87.7300735,41.8241396],[-87.7299375,41.8241745],[-87.729794,41.8242112],[-87.7296497,41.8242474],[-87.7294979,41.8242906],[-87.7293641,41.8243307],[-87.7292609,41.8243687],[-87.7292118,41.8243868],[-87.7290963,41.8244281],[-87.7289674,41.8244713],[-87.7287839,41.8245345],[-87.7285948,41.8245928],[-87.7284196,41.824644],[-87.7282651,41.8246947],[-87.7281018,41.8247394],[-87.72806,41.8247495],[-87.7278651,41.8247996],[-87.7276691,41.8248679],[-87.7274763,41.824933],[-87.7273506,41.824988],[-87.7272304,41.8250378],[-87.7270824,41.8250733],[-87.7269693,41.8251002],[-87.7268299,41.8251427],[-87.7266681,41.8251867],[-87.7265394,41.8252197],[-87.7263885,41.8252662],[-87.7262414,41.825308],[-87.7260891,41.8253556],[-87.7259636,41.8253888],[-87.7258462,41.8254335],[-87.7257023,41.8254749],[-87.7256338,41.8254831],[-87.7256045,41.8254765],[-87.7255572,41.8254906],[-87.7255111,41.8255189],[-87.7254901,41.8255517],[-87.725197,41.8256544],[-87.7251832,41.8256605],[-87.7251592,41.82567],[-87.7251316,41.8256822],[-87.7250879,41.8256977],[-87.7250438,41.8257064],[-87.7250107,41.825711],[-87.7249863,41.8257219],[-87.7249489,41.8257464],[-87.7249217,41.8257644],[-87.7249037,41.8257753],[-87.7248705,41.8257906],[-87.7248323,41.8258072],[-87.7247928,41.8258204],[-87.7247427,41.8258297],[-87.724678,41.8258366],[-87.7246183,41.8258407],[-87.7245692,41.8258442],[-87.7245223,41.8258512],[-87.724498,41.8258517],[-87.7244848,41.8258448],[-87.7244738,41.8258372],[-87.7243059,41.8258912],[-87.7242898,41.8258959],[-87.7242573,41.8258902],[-87.7240408,41.8258524],[-87.7240311,41.825853],[-87.7240049,41.8258567],[-87.7239866,41.825861],[-87.7239824,41.825862],[-87.723965,41.8258664],[-87.7239539,41.8258763],[-87.7239509,41.825901],[-87.7239516,41.825925],[-87.7239491,41.8259366],[-87.7239431,41.8259524],[-87.7239356,41.8259606],[-87.7239156,41.8259879],[-87.7238717,41.8260271],[-87.7238407,41.8260599],[-87.7238208,41.826078],[-87.7237977,41.8260977],[-87.7237755,41.8261151],[-87.7237555,41.826137],[-87.7237231,41.8261718],[-87.7237157,41.8261824],[-87.7237012,41.826208],[-87.7236872,41.8262347],[-87.7236806,41.8262546],[-87.723678,41.8262823],[-87.7236771,41.8262847],[-87.7236747,41.826294],[-87.7236693,41.8263362],[-87.7236685,41.8263687],[-87.7236694,41.8264229],[-87.7236919,41.8265129],[-87.7237122,41.8266026],[-87.7237139,41.8266125],[-87.7237191,41.8266472],[-87.7237271,41.8266702],[-87.7237369,41.8267022],[-87.7237471,41.8267341],[-87.7237506,41.8267561],[-87.7237516,41.8267945],[-87.7237513,41.8268268],[-87.7237532,41.8268635],[-87.7237616,41.8268999],[-87.7237773,41.8269387],[-87.7237867,41.8269608],[-87.7237912,41.8269769],[-87.7237925,41.8269827],[-87.7237914,41.8270006],[-87.7237875,41.8270235],[-87.7237851,41.8270318],[-87.7237795,41.827043],[-87.7237711,41.8270581],[-87.7237276,41.8270977],[-87.7236129,41.8271049],[-87.7235754,41.8270993],[-87.7235383,41.8270847],[-87.723517,41.8270681],[-87.7234916,41.827034],[-87.7234891,41.8270103],[-87.7234833,41.8269835],[-87.7234835,41.8269646],[-87.7234834,41.8269259],[-87.7234777,41.8268994],[-87.7234662,41.8268561],[-87.7234588,41.8268126],[-87.7234538,41.8267683],[-87.7234467,41.8267421],[-87.723437,41.8266996],[-87.7234337,41.8266577],[-87.7234331,41.8266292],[-87.7234328,41.826611],[-87.7234329,41.8265994],[-87.7234281,41.8265747],[-87.723425,41.8265589],[-87.7234157,41.8265242],[-87.7233938,41.8264671],[-87.7233473,41.8263866],[-87.7232916,41.8263057],[-87.7232677,41.8262747],[-87.7232385,41.8262512],[-87.7232285,41.8262467],[-87.7231771,41.8262481],[-87.7231343,41.8262609],[-87.7230933,41.8262844],[-87.7230334,41.8263136],[-87.7229989,41.8263213],[-87.7229364,41.8263384],[-87.7228545,41.826362],[-87.7227768,41.8263825],[-87.7226986,41.8264061],[-87.7226079,41.826441],[-87.7225748,41.8264538],[-87.7224878,41.8264825],[-87.722457,41.8264944],[-87.7224359,41.8264977],[-87.7224089,41.826491],[-87.722403,41.8264814],[-87.7222709,41.8265273],[-87.7223165,41.8266051],[-87.7223179,41.8266079],[-87.7223722,41.8266373],[-87.7223963,41.8266567],[-87.7224521,41.8267238],[-87.7224996,41.8267862],[-87.7225498,41.8268588],[-87.7225902,41.8269129],[-87.7226374,41.8269656],[-87.722682,41.8270022],[-87.7227124,41.8270261],[-87.7227562,41.8270548],[-87.722784,41.8270724],[-87.7228178,41.8270925],[-87.7228374,41.8271029],[-87.7228702,41.8271257],[-87.722887,41.8271477],[-87.7228979,41.8271571],[-87.7230041,41.8271707],[-87.7230086,41.8272307],[-87.7230296,41.8272391],[-87.7230211,41.8273587],[-87.7225455,41.8273655],[-87.7224841,41.8273641],[-87.7224594,41.8273551],[-87.7224268,41.8273494],[-87.722342,41.8273483],[-87.7222543,41.8273546],[-87.7222258,41.8272725],[-87.7221992,41.827223],[-87.7221668,41.8271576],[-87.7221424,41.8271239],[-87.7221038,41.8270805],[-87.722077,41.8270477],[-87.7220498,41.8270208],[-87.7220266,41.8270015],[-87.7220024,41.8269856],[-87.7219398,41.8269599],[-87.7218959,41.8269514],[-87.7218546,41.8269447],[-87.721785,41.8269333],[-87.7217516,41.826928],[-87.7217347,41.8269269],[-87.7216957,41.8269222],[-87.7216875,41.8269211],[-87.7216216,41.8269098],[-87.7214751,41.8268799],[-87.7214094,41.8267907],[-87.7213621,41.8268059],[-87.7208431,41.8269732],[-87.7200703,41.8272178],[-87.7197203,41.8273192],[-87.719568,41.8273705],[-87.7195035,41.8275002],[-87.7189126,41.8276794],[-87.7188176,41.8277082],[-87.7175594,41.8281093],[-87.7174253,41.828151],[-87.7164724,41.8284475],[-87.7159963,41.8286],[-87.7147072,41.8290123],[-87.7146483,41.8290312],[-87.714589,41.8290425],[-87.7145683,41.8290455],[-87.7145362,41.8290491],[-87.7144751,41.829056],[-87.7144701,41.8290566],[-87.7143632,41.8290536],[-87.7143206,41.8291028],[-87.714266,41.8291042],[-87.7142412,41.8291058],[-87.7142022,41.8291073],[-87.7141935,41.8291093],[-87.7141833,41.8291175],[-87.7141588,41.8291376],[-87.7141269,41.8291601],[-87.7140634,41.8291872],[-87.7139972,41.8291985],[-87.71392,41.8292104],[-87.713841,41.8292251],[-87.7137748,41.8292398],[-87.71367,41.8292691],[-87.713594,41.8292876],[-87.7135927,41.8292879],[-87.7135224,41.8293029],[-87.7134737,41.829315],[-87.7134171,41.8293326],[-87.7133053,41.8293649],[-87.7132009,41.8293966],[-87.7130973,41.8294305],[-87.7130689,41.8294398],[-87.7129617,41.8294756],[-87.7128258,41.8295283],[-87.7126819,41.8295711],[-87.7125145,41.8296141],[-87.7123228,41.8296615],[-87.7122331,41.8296922],[-87.7120988,41.829733],[-87.7120325,41.8297546],[-87.7119864,41.8297776],[-87.71192,41.8298167],[-87.7118518,41.8298503],[-87.711826,41.8298622],[-87.7117302,41.8298997],[-87.7116346,41.8299267],[-87.7115619,41.8299458],[-87.7115547,41.8299482],[-87.7114795,41.8299728],[-87.7114022,41.8299961],[-87.7113034,41.8300268],[-87.7111888,41.8300663],[-87.711099,41.8300967],[-87.7110135,41.8301213],[-87.7109206,41.8301454],[-87.710812,41.8301785],[-87.7107146,41.830202],[-87.7106079,41.8302343],[-87.7105011,41.8302674],[-87.710411,41.8302964],[-87.7103034,41.8303229],[-87.7102063,41.8303464],[-87.7101461,41.8303625],[-87.7100913,41.8303841],[-87.7100541,41.8304002],[-87.7100333,41.8304092],[-87.7099601,41.8304394],[-87.7098755,41.8304632],[-87.7097927,41.8304861],[-87.7097007,41.8305144],[-87.7095598,41.8305669],[-87.7093844,41.830629],[-87.7091636,41.8306995],[-87.7089944,41.8307394],[-87.7087513,41.8307967],[-87.7086045,41.8308399],[-87.7084425,41.8308956],[-87.7083565,41.8309188],[-87.7082453,41.8309494],[-87.7081459,41.8309784],[-87.7080722,41.8310078],[-87.7080118,41.8310387],[-87.7079505,41.8310706],[-87.7079118,41.8310896],[-87.7078455,41.8311156],[-87.7077761,41.8311256],[-87.7077571,41.8311304],[-87.7076718,41.8311521],[-87.7075642,41.8311827],[-87.707462,41.8312123],[-87.7074114,41.8312333],[-87.7073575,41.8312536],[-87.7073212,41.8312637],[-87.7072903,41.8312745],[-87.7072752,41.8312806],[-87.7072522,41.8312853],[-87.7072182,41.8312906],[-87.7071741,41.8312965],[-87.7071259,41.8313004],[-87.7070538,41.8313134],[-87.7070096,41.8313244],[-87.7069091,41.8313356],[-87.7068687,41.8313374],[-87.7068177,41.8313467],[-87.7067993,41.8313562],[-87.7067965,41.8313576],[-87.7067339,41.8313819],[-87.7066736,41.8314029],[-87.7065986,41.8314255],[-87.7065057,41.8314521],[-87.706433,41.8314774],[-87.7063281,41.8315073],[-87.7061553,41.8315407],[-87.7060494,41.8315753],[-87.7059786,41.8315984],[-87.7057965,41.8316544],[-87.7056603,41.8316982],[-87.705566,41.8317196],[-87.7054966,41.8317412],[-87.7054523,41.8317595],[-87.7054149,41.831783],[-87.7053895,41.8318027],[-87.7053337,41.8318412],[-87.7052788,41.8318755],[-87.7052598,41.8318874],[-87.7052087,41.8319142],[-87.7051663,41.8319325],[-87.7051506,41.8319397],[-87.7051386,41.8319478],[-87.7050784,41.8319612],[-87.7050439,41.831973],[-87.7050062,41.8319831],[-87.7049592,41.8319979],[-87.7049078,41.8320018],[-87.7048812,41.8320034],[-87.7048073,41.8320108],[-87.7047637,41.8320154],[-87.704537,41.8321164],[-87.7044757,41.8321438],[-87.7044625,41.8321468],[-87.7043397,41.832174],[-87.7042261,41.8322046],[-87.7041948,41.8322133],[-87.704104,41.8322571],[-87.7039458,41.8322991],[-87.7038038,41.832336],[-87.703663,41.8323737],[-87.7035511,41.832416],[-87.7034857,41.832452],[-87.7034601,41.8324885],[-87.7034159,41.8325068],[-87.7033406,41.8325132],[-87.7032746,41.8325122],[-87.7032631,41.8325128],[-87.7032516,41.8325138],[-87.7032246,41.8325503],[-87.7031936,41.8325841],[-87.7031618,41.8326008],[-87.7031309,41.8326167],[-87.7030939,41.8326464],[-87.7030425,41.8326509],[-87.7029247,41.832642],[-87.7028789,41.8326301],[-87.7028607,41.8326149],[-87.7028352,41.8325554],[-87.7028289,41.832543],[-87.7028158,41.8325162],[-87.7027967,41.8325048],[-87.7027554,41.8325076],[-87.7026984,41.8325204],[-87.7026377,41.8325334],[-87.7025383,41.832563],[-87.702439,41.8325947],[-87.7022977,41.8326434],[-87.7021686,41.8326898],[-87.702126,41.8327052],[-87.7019908,41.8327422],[-87.7019254,41.8327617],[-87.7018486,41.832785],[-87.7018127,41.8327988],[-87.7018053,41.8328026],[-87.7017979,41.8328077],[-87.7017963,41.83283],[-87.7018305,41.8329012],[-87.7018468,41.8329259],[-87.7018699,41.8329501],[-87.7019256,41.8329336],[-87.702048,41.8328934],[-87.702151,41.8328621],[-87.7021804,41.8328667],[-87.7021824,41.8329415],[-87.7021558,41.8330364],[-87.7021601,41.8331548],[-87.7021595,41.8332189],[-87.7021579,41.833281],[-87.7021578,41.8332909],[-87.7021563,41.8333568],[-87.7021553,41.833411],[-87.7021543,41.8334523],[-87.7021542,41.8335844],[-87.7021573,41.8336305],[-87.7021578,41.8336703],[-87.702166,41.8337235],[-87.7021761,41.8337648],[-87.7021795,41.8337943],[-87.7021865,41.8338269],[-87.7021795,41.8339121],[-87.7021771,41.8339404],[-87.7021761,41.8339582],[-87.7021733,41.8340066],[-87.7021716,41.8340364],[-87.7021869,41.8342104],[-87.7022116,41.8344006],[-87.7022239,41.8344988],[-87.7022231,41.8345883],[-87.7022156,41.8348857],[-87.7022148,41.8352914],[-87.7022144,41.8355148],[-87.7022158,41.8360712],[-87.7022187,41.8361947],[-87.7022227,41.8363045],[-87.7022285,41.8363265],[-87.7022274,41.8363903],[-87.7022299,41.8365059],[-87.7022257,41.836699],[-87.7022476,41.8368514],[-87.702249,41.8369396],[-87.7022465,41.836965],[-87.7022323,41.8370132],[-87.7022138,41.8370721],[-87.7022063,41.8370827],[-87.7021814,41.8370984],[-87.7020885,41.837126],[-87.7020072,41.8371334],[-87.7020031,41.8371338],[-87.7019755,41.8371364],[-87.7018815,41.8371375],[-87.7018205,41.8371348],[-87.7017877,41.837111],[-87.7017881,41.8370304],[-87.7017879,41.8369597],[-87.7017684,41.8364677],[-87.7018391,41.8364554],[-87.7018415,41.8362578],[-87.7017681,41.8362588],[-87.7017525,41.835799],[-87.7018557,41.8357986],[-87.7018791,41.8357959],[-87.7018902,41.8357922],[-87.7018962,41.8357778],[-87.7018881,41.8353483],[-87.7018749,41.8353386],[-87.7018281,41.835337],[-87.701768,41.835336],[-87.7017524,41.8353359],[-87.7017401,41.8353352],[-87.701735,41.8353338],[-87.7017168,41.8346256],[-87.7017095,41.8342023],[-87.7017409,41.8341249],[-87.7017523,41.8340859],[-87.7017585,41.8340643],[-87.7017592,41.8340365],[-87.7017604,41.834007],[-87.7017615,41.8339522],[-87.7017616,41.8339384],[-87.7017604,41.8339179],[-87.7017534,41.8338794],[-87.7017523,41.8338585],[-87.7017557,41.8337892],[-87.7017575,41.8337021],[-87.7017569,41.8336215],[-87.7017571,41.8335055],[-87.7017597,41.8333893],[-87.7017577,41.8333546],[-87.7017553,41.8333206],[-87.7016875,41.8332674],[-87.7015848,41.8332144],[-87.7014661,41.8331986],[-87.7013322,41.8331948],[-87.7011959,41.8332088],[-87.7010773,41.8332328],[-87.7008947,41.8332867],[-87.7008013,41.8333174],[-87.7007718,41.8333293],[-87.7007175,41.8333489],[-87.7006429,41.8333752],[-87.7005053,41.8334201],[-87.7004036,41.8334521],[-87.7003507,41.8334703],[-87.7002416,41.8335081],[-87.7001063,41.8335575],[-87.6999507,41.8336153],[-87.6998177,41.8336615],[-87.6997275,41.8336926],[-87.6996832,41.8337129],[-87.6996459,41.8337265],[-87.6995148,41.8337693],[-87.6994241,41.8338017],[-87.6993624,41.8338251],[-87.6991406,41.8338966],[-87.6987795,41.8340013],[-87.6985001,41.8341006],[-87.6983013,41.834166],[-87.6981552,41.8341909],[-87.6980007,41.834234],[-87.6977276,41.8342939],[-87.6975939,41.8343247],[-87.6974771,41.8343511],[-87.697317,41.834401],[-87.6971462,41.8344591],[-87.6969233,41.8345072],[-87.696697,41.8345688],[-87.6965562,41.8346109],[-87.6963474,41.8346701],[-87.6961302,41.8347378],[-87.6958754,41.8348112],[-87.6957084,41.834854],[-87.6955011,41.8349072],[-87.6953036,41.8349737],[-87.6952719,41.8349862],[-87.6951234,41.8350578],[-87.6951147,41.8350605],[-87.6949992,41.8350976],[-87.6948823,41.835135],[-87.6948465,41.835143],[-87.6947835,41.8351567],[-87.6944721,41.8352391],[-87.6943872,41.835266],[-87.6941624,41.8353371],[-87.6936913,41.8354844],[-87.692829,41.8357551],[-87.6922303,41.8359545],[-87.6915713,41.8361666],[-87.691519,41.836075],[-87.6908531,41.8362843],[-87.6908936,41.8363717],[-87.690495,41.8365012],[-87.6904459,41.8364131],[-87.6904395,41.836412],[-87.6897813,41.8366361],[-87.6897938,41.8366702],[-87.6898137,41.8367056],[-87.6898149,41.8367169],[-87.6894662,41.8368272],[-87.6890078,41.8369721],[-87.688965,41.8369883],[-87.6888944,41.8370263],[-87.6887881,41.8370659],[-87.6886441,41.8371045],[-87.6884585,41.8371748],[-87.6883913,41.8372039],[-87.6882991,41.8372436],[-87.6881532,41.8372949],[-87.6880679,41.8373352],[-87.6879763,41.8373659],[-87.6879145,41.8374071],[-87.6878987,41.8374234],[-87.6878723,41.8374542],[-87.6878288,41.8374865],[-87.6878205,41.837493],[-87.6877724,41.8375298],[-87.6877538,41.8375598],[-87.6877527,41.8375885],[-87.6877525,41.8375941],[-87.6877502,41.8375955],[-87.6877211,41.8376142],[-87.687686,41.837637],[-87.6876257,41.8376569],[-87.6876055,41.8376636],[-87.6875189,41.837692],[-87.6875065,41.837696],[-87.6874849,41.8377031],[-87.6874579,41.837712],[-87.6874218,41.837724],[-87.6873966,41.8377228],[-87.6873893,41.8377224],[-87.6873781,41.8376939],[-87.6873416,41.8376725],[-87.6871635,41.8376924],[-87.6871601,41.8376926],[-87.6870037,41.8377055],[-87.6868475,41.8377294],[-87.6867462,41.8377532],[-87.6867095,41.8377618],[-87.6866838,41.8377679],[-87.6865591,41.8378063],[-87.6865002,41.8378241],[-87.6864053,41.8378596],[-87.6862461,41.8379081],[-87.68606,41.8379489],[-87.6859313,41.8379756],[-87.6857863,41.838017],[-87.6856766,41.838072],[-87.6855946,41.8381038],[-87.6855555,41.838119],[-87.6855131,41.8381434],[-87.6854638,41.8381593],[-87.6849557,41.8383238],[-87.6849451,41.8383275],[-87.6848959,41.8383447],[-87.6848199,41.8383727],[-87.6847536,41.8383971],[-87.6846569,41.8384339],[-87.6844907,41.8384927],[-87.6842078,41.8385762],[-87.6841977,41.8384873],[-87.6834167,41.8387343],[-87.6828538,41.838909],[-87.6825995,41.838988],[-87.6818987,41.8392035],[-87.6803726,41.8396861],[-87.6799579,41.8398204],[-87.6795774,41.8399436],[-87.6791881,41.8400615],[-87.6790988,41.8400884],[-87.6787891,41.840182],[-87.6781361,41.8403858],[-87.67811,41.8404251],[-87.6780934,41.8404377],[-87.6780765,41.8404733],[-87.6780552,41.8405343],[-87.6780188,41.8405591],[-87.6779818,41.840587],[-87.6779434,41.840618],[-87.6779151,41.8406432],[-87.6779023,41.8406819],[-87.6778908,41.840733],[-87.6778866,41.8407861],[-87.677886,41.8408417],[-87.6778912,41.8409192],[-87.6778954,41.8410057],[-87.6778957,41.8411062],[-87.6778982,41.8411728],[-87.6779016,41.8412469],[-87.6779028,41.8413138],[-87.6779023,41.8414081],[-87.6778991,41.8414966],[-87.6778838,41.8415579],[-87.677869,41.8415695],[-87.6778319,41.8416032],[-87.6778097,41.8416244],[-87.6777837,41.8416534],[-87.6777659,41.8416951],[-87.6777583,41.8417218],[-87.6777579,41.8417582],[-87.6777662,41.841795],[-87.6778011,41.8418353],[-87.6778347,41.8418688],[-87.6778665,41.8419056],[-87.6778909,41.8419415],[-87.6778918,41.8419449],[-87.6779026,41.8419635],[-87.6779134,41.8419807],[-87.6779205,41.842002],[-87.6779267,41.8420302],[-87.6779347,41.8420515],[-87.6779525,41.8421082],[-87.6779622,41.8421439],[-87.6779671,41.8422033],[-87.6779949,41.8422655],[-87.678028,41.8423511],[-87.6780399,41.8423996],[-87.6780356,41.8424596],[-87.6779755,41.8425045],[-87.6779293,41.8424946],[-87.6778803,41.8424422],[-87.6777942,41.8424263],[-87.6777549,41.8424127],[-87.6776334,41.8423633],[-87.6775357,41.8423154],[-87.6775201,41.8423088],[-87.6774562,41.8422806],[-87.6773886,41.8422501],[-87.6772836,41.8422056],[-87.6771695,41.8421486],[-87.6770744,41.8421142],[-87.6770041,41.8421189],[-87.6768318,41.8421522],[-87.6767864,41.8421519],[-87.6766979,41.8421432],[-87.67661,41.8421262],[-87.6765399,41.8420744],[-87.6764844,41.8420322],[-87.6764625,41.8420136],[-87.6764123,41.8419975],[-87.676366,41.8419856],[-87.6762938,41.8419625],[-87.6762439,41.8419475],[-87.6761487,41.8419305],[-87.6760799,41.8419256],[-87.6759551,41.8419277],[-87.6758463,41.8419353],[-87.6758184,41.8419351],[-87.6757064,41.8418947],[-87.6756583,41.8418896],[-87.675656,41.8418892],[-87.6754306,41.8419974],[-87.6753835,41.8420201],[-87.6753898,41.8421254],[-87.6753672,41.8421346],[-87.6753575,41.8421383],[-87.675318,41.842148],[-87.6752753,41.8421522],[-87.6752376,41.8421613],[-87.6751869,41.8421798],[-87.6751439,41.8422118],[-87.6750909,41.842239],[-87.6750568,41.8422542],[-87.6750139,41.8422814],[-87.6749985,41.8422968],[-87.6749557,41.8423188],[-87.6749165,41.8423323],[-87.6748577,41.842343],[-87.6747892,41.8423731],[-87.6747384,41.8423954],[-87.6746424,41.8424467],[-87.6745988,41.8424931],[-87.6745821,41.8425115],[-87.6745635,41.8425406],[-87.6745153,41.8425808],[-87.6744471,41.8426119],[-87.6744104,41.8426176],[-87.6743507,41.8426217],[-87.6743015,41.8426269],[-87.6742565,41.8426304],[-87.6742353,41.8426423],[-87.6741959,41.8426829],[-87.6741369,41.8427089],[-87.6741163,41.8427109],[-87.6730939,41.8431407],[-87.6727562,41.8432789],[-87.6718468,41.8436511],[-87.6703694,41.8442048],[-87.6703116,41.8441153],[-87.6702077,41.8441506],[-87.6699705,41.844231],[-87.6696441,41.8443417],[-87.6696982,41.844437],[-87.6683477,41.8448638],[-87.6672731,41.8451944],[-87.6670047,41.8452047],[-87.6661258,41.8452382],[-87.666108,41.8452271],[-87.6660922,41.8452064],[-87.666068,41.8451919],[-87.6660473,41.8451914],[-87.6657171,41.8451857],[-87.6655652,41.8452491],[-87.6647221,41.8450845],[-87.6641211,41.8449866],[-87.6639469,41.8449275],[-87.6633645,41.8449023],[-87.6630012,41.8443629],[-87.6632061,41.8442697],[-87.6632488,41.8442361],[-87.6633703,41.8441679],[-87.6634558,41.8440588],[-87.6635123,41.8439249],[-87.66353,41.8438726],[-87.6636929,41.8434891],[-87.6640208,41.8427987],[-87.6639902,41.8426874],[-87.664473,41.8427539],[-87.6646228,41.8427689],[-87.6646652,41.842813],[-87.6649372,41.8428956],[-87.6650071,41.8428943],[-87.6652492,41.843034],[-87.665344,41.8430244],[-87.6654272,41.8430502],[-87.6655348,41.8431115],[-87.6655678,41.8431977],[-87.6655551,41.8435501],[-87.6655657,41.8445358],[-87.6656589,41.8445734],[-87.665696,41.8446546],[-87.6660323,41.8446524],[-87.6661396,41.8446517],[-87.6665568,41.8446442],[-87.6667894,41.8446352],[-87.6669689,41.8446256],[-87.6671531,41.8446027],[-87.6673307,41.8445564],[-87.6675259,41.8444861],[-87.6676746,41.8444349],[-87.6678206,41.8443815],[-87.6680392,41.8443135],[-87.6682381,41.8442484],[-87.6684332,41.8441885],[-87.6686638,41.844113],[-87.668956,41.8440265],[-87.6694568,41.8438631],[-87.6698495,41.8437281],[-87.6699762,41.8436836],[-87.6703459,41.8435536],[-87.6706281,41.8434603],[-87.670674,41.8434056],[-87.6707472,41.843382],[-87.6707991,41.8433789],[-87.6708924,41.8433575],[-87.6709254,41.8433189],[-87.6709674,41.8432958],[-87.6710526,41.8433097],[-87.6710995,41.8432935],[-87.671329,41.8431991],[-87.6713149,41.842815],[-87.6713014,41.842447],[-87.6712957,41.8419712],[-87.6712943,41.8418917],[-87.6712785,41.8410189],[-87.6713846,41.8407824],[-87.6714281,41.840746],[-87.6714283,41.8407233],[-87.6714742,41.8407205],[-87.6716854,41.8407073],[-87.6716901,41.8407423],[-87.671707,41.8407452],[-87.6717381,41.8414211],[-87.6717462,41.8418829],[-87.6717472,41.8419618],[-87.6717661,41.8427186],[-87.6720626,41.842874],[-87.6727399,41.8425898],[-87.6731018,41.8421487],[-87.6731316,41.8421036],[-87.6731316,41.8420596],[-87.6731505,41.8420056],[-87.6732074,41.8420031],[-87.6732466,41.8419807],[-87.6733219,41.8418875],[-87.6739801,41.8410958],[-87.6743314,41.8407023],[-87.6743616,41.840709],[-87.6747219,41.8408755],[-87.6747547,41.8408907],[-87.6747386,41.8409451],[-87.6747281,41.8410202],[-87.6747686,41.8411048],[-87.6748026,41.8411434],[-87.6749393,41.8411871],[-87.6750939,41.8412264],[-87.6752479,41.8412465],[-87.6752786,41.8412477],[-87.6753107,41.8412475],[-87.6753162,41.8412458],[-87.6755632,41.8411803],[-87.675572,41.841178],[-87.6755505,41.8406314],[-87.6755656,41.8405934],[-87.6755693,41.840541],[-87.6760274,41.8403771],[-87.676213,41.8403107],[-87.6769053,41.8400759],[-87.6772837,41.8399474],[-87.6784566,41.8395874],[-87.6788824,41.8394478],[-87.6790455,41.8394206],[-87.6791951,41.8393686],[-87.67926,41.8393463],[-87.6795422,41.839256],[-87.6797106,41.8391983],[-87.6798495,41.8391696],[-87.6799627,41.8391201],[-87.6800511,41.8390815],[-87.6800642,41.8390758],[-87.6809832,41.8387809],[-87.6821047,41.838425],[-87.6820653,41.8383325],[-87.6824695,41.8381928],[-87.6826632,41.8381338],[-87.6829885,41.8380352],[-87.6831996,41.8379815],[-87.6833242,41.8379506],[-87.6833991,41.8379311],[-87.6836288,41.837859],[-87.6837751,41.8378132],[-87.683971,41.837768],[-87.6841401,41.837735],[-87.6842864,41.8376981],[-87.6844188,41.8376625],[-87.6845168,41.8376339],[-87.6846457,41.8375869],[-87.6847748,41.8375702],[-87.6848194,41.8375642],[-87.6850297,41.8375053],[-87.685284,41.8374341],[-87.6853704,41.8374099],[-87.6855362,41.8373515],[-87.685606,41.8373354],[-87.6857491,41.8372933],[-87.686007,41.8371991],[-87.6860475,41.8371842],[-87.6862995,41.8370704],[-87.6864339,41.8369806],[-87.6865751,41.8369042],[-87.6866935,41.8368476],[-87.6868565,41.8367864],[-87.6869747,41.8367541],[-87.6871755,41.8366802],[-87.6873392,41.8365915],[-87.6873646,41.8365721],[-87.6874035,41.8365425],[-87.6874518,41.8365215],[-87.6874808,41.836509],[-87.6875103,41.8364961],[-87.6875689,41.8364673],[-87.6875901,41.8364571],[-87.6876747,41.8364377],[-87.6876866,41.8364377],[-87.6877123,41.8364382],[-87.6877948,41.8364394],[-87.6878278,41.8364396],[-87.6879632,41.836441],[-87.6881935,41.8364385],[-87.6883756,41.8364372],[-87.688399,41.8364349],[-87.6884798,41.8364264],[-87.6892063,41.836201],[-87.6894628,41.8361202],[-87.691,41.8356358],[-87.6920173,41.8353224],[-87.6925429,41.8351567],[-87.6933066,41.8349159],[-87.6944528,41.8345525],[-87.6945729,41.8345162],[-87.6946107,41.8345059],[-87.6947762,41.834461],[-87.6948176,41.8344496],[-87.6950334,41.834374],[-87.6950661,41.8343632],[-87.69523,41.8343099],[-87.6954802,41.8342382],[-87.6957544,41.8341502],[-87.6959497,41.834071],[-87.6963353,41.8339496],[-87.6966165,41.8338538],[-87.6969303,41.8337516],[-87.6976017,41.8335351],[-87.697621,41.8335287],[-87.6982362,41.8333352],[-87.6986958,41.8331906],[-87.6990345,41.8330816],[-87.6990917,41.833049],[-87.6992081,41.8330133],[-87.6993511,41.8329729],[-87.6994835,41.8329414],[-87.6996994,41.8329069],[-87.6998512,41.8328645],[-87.6998847,41.8328529],[-87.6999953,41.8328145],[-87.700114,41.8327754],[-87.7001986,41.8327515],[-87.7003289,41.8327094],[-87.7004835,41.8326543],[-87.7006373,41.8325982],[-87.7007514,41.8325587],[-87.7008766,41.8325175],[-87.7009594,41.8324947],[-87.7010527,41.8324718],[-87.7011032,41.8324601],[-87.7011446,41.8324494],[-87.7011879,41.8324301],[-87.7011978,41.8324058],[-87.7011862,41.8323779],[-87.7011593,41.8323585],[-87.7011554,41.8323352],[-87.7011752,41.8323284],[-87.701255,41.8323303],[-87.7014086,41.8323328],[-87.7014994,41.832334],[-87.701559,41.8323347],[-87.7015747,41.8323252],[-87.7015903,41.8322758],[-87.701597,41.8322495],[-87.7016292,41.832238],[-87.7016495,41.8322306],[-87.7017451,41.8322053],[-87.7018518,41.8321788],[-87.7019488,41.8321557],[-87.7020276,41.8321229],[-87.7021045,41.8320876],[-87.7022053,41.8320525],[-87.702279,41.8320255],[-87.7023848,41.8319869],[-87.7025109,41.8319437],[-87.7026659,41.8319079],[-87.7027744,41.8318827],[-87.7029069,41.8318406],[-87.7030192,41.8318028],[-87.7031572,41.8317607],[-87.7031857,41.8317498],[-87.703229,41.8317309],[-87.7032911,41.8317103],[-87.7034067,41.8316694],[-87.7035051,41.8316387],[-87.7035989,41.8316173],[-87.7037144,41.8315778],[-87.7038308,41.8315438],[-87.7038717,41.831531],[-87.7039118,41.8315158],[-87.7040185,41.8314855],[-87.7040764,41.8314693],[-87.7041339,41.8314549],[-87.7041896,41.8314404],[-87.7042815,41.8314193],[-87.7043771,41.8313958],[-87.7044098,41.8313823],[-87.7044319,41.8313732],[-87.7044517,41.8313633],[-87.7045157,41.8313376],[-87.7047197,41.8312557],[-87.7047884,41.831218],[-87.7047917,41.8312163],[-87.7048865,41.8311863],[-87.7049316,41.8311694],[-87.7049664,41.831152],[-87.705033,41.8311188],[-87.7051194,41.8310936],[-87.705129,41.8310893],[-87.7052033,41.8310563],[-87.7052696,41.8310258],[-87.705335,41.8310049],[-87.7054118,41.8309761],[-87.7054993,41.830942],[-87.7056046,41.830913],[-87.7057049,41.8308837],[-87.7057836,41.8308526],[-87.705855,41.8308249],[-87.7059706,41.8307799],[-87.7060695,41.8307526],[-87.706207,41.8307133],[-87.7063197,41.8306782],[-87.7064512,41.8306405],[-87.7065529,41.8306091],[-87.7066476,41.8305822],[-87.7067493,41.8305553],[-87.7068045,41.8305381],[-87.7068385,41.8305277],[-87.7069776,41.8304687],[-87.7071198,41.8304222],[-87.7071626,41.8304084],[-87.7071847,41.8304023],[-87.7072453,41.8303886],[-87.7073346,41.830363],[-87.7073833,41.8303536],[-87.7074477,41.8303314],[-87.7074878,41.8303117],[-87.7075642,41.8302788],[-87.707613,41.8302619],[-87.7076977,41.8302346],[-87.707768,41.8302178],[-87.7078544,41.8302039],[-87.7079625,41.8301716],[-87.7080425,41.830147],[-87.7081332,41.8301111],[-87.708332,41.8300436],[-87.70839,41.8300281],[-87.7084153,41.83002],[-87.7085013,41.8299968],[-87.7086499,41.8299482],[-87.7087235,41.8299277],[-87.7088141,41.8299045],[-87.7089231,41.8298708],[-87.7090128,41.829837],[-87.7091123,41.8297977],[-87.7091946,41.8297728],[-87.709242,41.8297631],[-87.7093022,41.829747],[-87.7093454,41.8297362],[-87.7093965,41.8297211],[-87.7094508,41.8296991],[-87.7095033,41.8296774],[-87.709507,41.8296757],[-87.7096364,41.8296263],[-87.7097335,41.8295925],[-87.7098461,41.8295606],[-87.7099101,41.8295427],[-87.7099855,41.8295212],[-87.7100573,41.8294982],[-87.7100708,41.829492],[-87.7101231,41.8294677],[-87.7102055,41.8294401],[-87.7102856,41.8294137],[-87.7103996,41.8293859],[-87.7105247,41.8293536],[-87.710642,41.8293162],[-87.7107547,41.8292811],[-87.7108615,41.8292423],[-87.7109144,41.8292168],[-87.7109955,41.8291823],[-87.7110862,41.8291529],[-87.7111773,41.8291229],[-87.7112537,41.8290969],[-87.7113871,41.8290547],[-87.7114763,41.8290278],[-87.7115329,41.8290116],[-87.7116557,41.8289728],[-87.7117058,41.8289566],[-87.7117602,41.828937],[-87.7118177,41.8289188],[-87.7118641,41.8289074],[-87.7119708,41.8288802],[-87.7120282,41.8288661],[-87.7120853,41.8288465],[-87.7121363,41.8288317],[-87.7122307,41.8287938],[-87.7122961,41.8287722],[-87.7123794,41.8287342],[-87.7124338,41.8287129],[-87.7124885,41.8286964],[-87.7125529,41.8286751],[-87.712615,41.8286573],[-87.7127387,41.8286284],[-87.7128578,41.8285961],[-87.712918,41.828579],[-87.7129816,41.8285467],[-87.713048,41.8285148],[-87.7131119,41.828496],[-87.7132173,41.8284647],[-87.7133033,41.8284349],[-87.7134637,41.8284039],[-87.7136974,41.8283273],[-87.7140295,41.8282313],[-87.7142184,41.8281891],[-87.714305,41.8281906],[-87.7143292,41.8282082],[-87.7143407,41.8282083],[-87.714453,41.8282065],[-87.7144673,41.8282062],[-87.7145267,41.8281297],[-87.7145616,41.8281278],[-87.7145654,41.8281086],[-87.7145857,41.8281016],[-87.7145816,41.8280435],[-87.7146129,41.8279899],[-87.7146545,41.8279493],[-87.7147199,41.8279283],[-87.7147635,41.8279214],[-87.7148499,41.8279033],[-87.7150421,41.8278577],[-87.7153452,41.8277664],[-87.7156147,41.8276872],[-87.7156436,41.8276793],[-87.7159053,41.8276075],[-87.716006,41.8275844],[-87.7161025,41.8275619],[-87.7163578,41.8274881],[-87.7164682,41.827451],[-87.716603,41.8274123],[-87.7166733,41.8273945],[-87.7168572,41.8273436],[-87.7169148,41.827322],[-87.7170386,41.8272767],[-87.7170709,41.8272664],[-87.717155,41.8272396],[-87.7172672,41.8272049],[-87.7173514,41.8271751],[-87.7174347,41.8271519],[-87.7175492,41.8271193],[-87.7176885,41.8270792],[-87.7178468,41.8270306],[-87.7179439,41.8269968],[-87.7180202,41.8269708],[-87.7180938,41.8269486],[-87.7182176,41.8269125],[-87.718356,41.8268666],[-87.7185386,41.8268189],[-87.7185588,41.8268139],[-87.7185942,41.8268031],[-87.71866,41.8267839],[-87.7187171,41.826765],[-87.7187769,41.8267392],[-87.7188727,41.826702],[-87.7189343,41.8266787],[-87.7190103,41.8266513],[-87.719117,41.8266175],[-87.7191993,41.8265919],[-87.7192104,41.8265885],[-87.7192973,41.8265633],[-87.7194035,41.8265347],[-87.7195708,41.8265026],[-87.7195948,41.8265313],[-87.7196807,41.8265149],[-87.7198397,41.8264839],[-87.720156,41.8264049],[-87.7202906,41.8263796],[-87.7203458,41.8263658],[-87.7203642,41.826356],[-87.7203943,41.8263297],[-87.720411,41.8263123],[-87.7204498,41.8262823],[-87.7204825,41.8262616],[-87.7205125,41.826249],[-87.7205934,41.8262217],[-87.7206496,41.826201],[-87.7207011,41.8261869],[-87.7207563,41.8261694],[-87.7208373,41.8261437],[-87.7209109,41.8261181],[-87.7209688,41.8261019],[-87.7210346,41.8260817],[-87.7210866,41.8260652],[-87.7211625,41.8260426],[-87.7212651,41.8260033],[-87.721354,41.8259589],[-87.7214756,41.8259063],[-87.7215957,41.8258665],[-87.7217437,41.8258289],[-87.7217796,41.8258201],[-87.7218596,41.8257993],[-87.7219538,41.8257782],[-87.7220435,41.8257502],[-87.7221291,41.8257184],[-87.7222579,41.825682],[-87.7223895,41.8256402],[-87.7224009,41.8256364],[-87.7225192,41.825597],[-87.72262,41.8255574],[-87.7227411,41.8255117],[-87.7228534,41.8254663],[-87.7229712,41.8254231],[-87.7230963,41.8253915],[-87.7231956,41.8253649],[-87.7233032,41.8253332],[-87.7233975,41.8252974],[-87.7234408,41.8252774],[-87.7234555,41.825273],[-87.723485,41.8252659],[-87.7235585,41.8252478],[-87.7236072,41.8252354],[-87.723661,41.8252257],[-87.7236968,41.8252266],[-87.7237504,41.8252296],[-87.7237948,41.825236],[-87.7238368,41.8252592],[-87.7238664,41.8252831],[-87.723881,41.8252927],[-87.7239025,41.8253001],[-87.7239094,41.8253413],[-87.7239718,41.8253402],[-87.724192,41.8253362],[-87.7241917,41.8252632],[-87.7241931,41.8252162],[-87.7241949,41.8251695],[-87.7241981,41.8251277],[-87.724213,41.8250997],[-87.7242389,41.8250741],[-87.7242892,41.8250479],[-87.7243679,41.8250168],[-87.7244392,41.8249979],[-87.7245284,41.824972],[-87.7245674,41.8249677],[-87.724623,41.8249536],[-87.7246925,41.8249327],[-87.7247812,41.8249119],[-87.7248769,41.8248809],[-87.7249427,41.8248579],[-87.7249942,41.8248393],[-87.7251061,41.8247957],[-87.7252055,41.8247516],[-87.7252659,41.8247251],[-87.7257233,41.8245595],[-87.7258305,41.8245189],[-87.7259501,41.8244818],[-87.7260977,41.8244397],[-87.7262684,41.8243867],[-87.7263797,41.8243437],[-87.7264139,41.8243306],[-87.7265616,41.8242751],[-87.726694,41.8242343],[-87.7268399,41.8241884],[-87.7269515,41.8241643],[-87.7270666,41.8241158],[-87.7272055,41.8240788],[-87.7273541,41.8240336],[-87.7274875,41.823987],[-87.7275832,41.8239529],[-87.7277784,41.8238771],[-87.7279182,41.8238294],[-87.7281044,41.823781],[-87.7282506,41.8237424],[-87.7284157,41.8236955],[-87.7286259,41.8236298],[-87.7288181,41.8235721],[-87.7289985,41.8235113],[-87.7292009,41.82344],[-87.7293728,41.8233623],[-87.7294876,41.8232885],[-87.7296512,41.8232074],[-87.729861,41.8231388],[-87.7300638,41.8231214],[-87.7301873,41.8231114],[-87.7302577,41.8230912],[-87.7303114,41.8230777],[-87.7304563,41.8230394],[-87.730631,41.8229837],[-87.7308373,41.8229035],[-87.7310287,41.8228304],[-87.7311,41.8228051],[-87.7312202,41.8227601],[-87.7313017,41.8227307],[-87.7314083,41.8226924],[-87.7316328,41.8226223],[-87.7318215,41.8225546],[-87.732041,41.8224714],[-87.7323391,41.8223714],[-87.73257,41.8223003],[-87.7327586,41.8222402],[-87.7329329,41.8221852],[-87.7331683,41.8221226],[-87.7332446,41.8221068],[-87.7334026,41.8220741],[-87.7335174,41.8220582],[-87.7336429,41.8220325],[-87.733775,41.8219728],[-87.7338806,41.8219092],[-87.7339875,41.8218552],[-87.7341275,41.8218007],[-87.7342122,41.8217682],[-87.7342982,41.8217385],[-87.7344061,41.8217185],[-87.7344443,41.8217111],[-87.734596,41.8216724],[-87.7347527,41.8216314],[-87.7349238,41.8215788],[-87.7351263,41.8215088],[-87.7353237,41.8214341],[-87.7354962,41.8213732],[-87.7356545,41.8213205],[-87.7358228,41.8212734],[-87.7360137,41.8212497],[-87.736205,41.8211941],[-87.7363625,41.8211318],[-87.7365005,41.8210779],[-87.7366037,41.8210281],[-87.7367657,41.8209668],[-87.7369612,41.8208992],[-87.7371447,41.8208425],[-87.7373057,41.8207964],[-87.7375227,41.8207344],[-87.737678,41.8207043],[-87.737836,41.8206732],[-87.7379726,41.82063],[-87.738099,41.8205967],[-87.7382167,41.8205706],[-87.7382974,41.8205683],[-87.7383766,41.8205796],[-87.7384407,41.8205989],[-87.7384544,41.820603],[-87.7384983,41.8206108],[-87.7385304,41.8206164],[-87.7386161,41.8206166],[-87.7386942,41.820606],[-87.738697,41.8206039],[-87.7387555,41.8205662],[-87.738783,41.8205272],[-87.7388225,41.8204725],[-87.7388669,41.8204223],[-87.738967,41.8203662],[-87.7390525,41.8203379],[-87.7392473,41.8203004],[-87.7393733,41.8202668],[-87.7395035,41.8202171],[-87.739613,41.8201765],[-87.7396625,41.8201582],[-87.7397727,41.8201176],[-87.7399394,41.8200419],[-87.7401896,41.8199633],[-87.7403491,41.8199195],[-87.7404875,41.8198818],[-87.7406145,41.8198403],[-87.7406177,41.8198393],[-87.7407811,41.8197801],[-87.7409058,41.8197217],[-87.7410299,41.8197004],[-87.7411468,41.819701],[-87.7412142,41.8197014],[-87.7412867,41.8196966],[-87.7413332,41.8196831],[-87.7414069,41.8196434],[-87.7414522,41.8196059],[-87.74152,41.8195633],[-87.7416134,41.8195326],[-87.741703,41.8195063],[-87.7417997,41.8194677],[-87.7418755,41.8194527],[-87.7419355,41.8194526],[-87.7419956,41.8194529],[-87.742059,41.8194443],[-87.7421362,41.819431],[-87.7421927,41.8194104],[-87.7422862,41.8193714],[-87.7423792,41.8193352],[-87.7424556,41.8193044],[-87.7425632,41.8192685],[-87.7427043,41.8192315],[-87.7428206,41.8192047],[-87.742947,41.819168],[-87.7430724,41.8191525],[-87.7431476,41.8191563],[-87.743205,41.8191878],[-87.7432326,41.8192301],[-87.743267,41.8192382],[-87.7432784,41.8192383],[-87.7433302,41.8192385],[-87.74341,41.8192379],[-87.7434698,41.8192238],[-87.7435389,41.8191875],[-87.7436016,41.8191549],[-87.7436043,41.8191531],[-87.7436527,41.8191236],[-87.7436555,41.8191222],[-87.7437168,41.8190899],[-87.7437573,41.8190709],[-87.743797,41.8190437],[-87.7438179,41.8190115],[-87.7438573,41.8189699],[-87.7438592,41.8189613],[-87.743885,41.8189498],[-87.7439374,41.8189336],[-87.7439917,41.8189164],[-87.7440551,41.8188996],[-87.7441075,41.8188875],[-87.7441654,41.8188723],[-87.744267,41.8188471],[-87.7443115,41.8188446],[-87.7443651,41.818848],[-87.7444114,41.818851],[-87.7449155,41.8186916],[-87.7448898,41.8194434]]]}},{"type":"Feature","properties":{"ADDRESS":"Bounded  by Clybourn Ave & N.Damen Ave, &  Leavitt St. & Chicago River","TYPE_MAIN":"2:NR - District","NHL_NR":null,"NOTES":null,"NAME":"Julia C. Lathrop Homes","TYPE":2},"geometry":{"type":"Polygon","coordinates":[[[-87.6831086,41.9358716],[-87.6781353,41.9322847],[-87.6781314,41.9318771],[-87.6782074,41.9313445],[-87.6783092,41.9306385],[-87.6782678,41.9289553],[-87.6781674,41.9285822],[-87.6781279,41.9283035],[-87.6785324,41.9284035],[-87.6794716,41.9286358],[-87.6795991,41.9287617],[-87.6796866,41.9289627],[-87.6796931,41.9289611],[-87.6797169,41.9290158],[-87.6798354,41.9292878],[-87.6799113,41.9294622],[-87.6799522,41.9295563],[-87.6801002,41.9298961],[-87.6802892,41.9303294],[-87.6803705,41.9305165],[-87.68044,41.9307724],[-87.6805604,41.931217],[-87.680679,41.931654],[-87.6806835,41.9316695],[-87.6807243,41.9317222],[-87.6807717,41.9317547],[-87.6808353,41.9317846],[-87.6809177,41.9318108],[-87.6809928,41.9318331],[-87.681083,41.9318587],[-87.6811779,41.9318819],[-87.6812535,41.9319015],[-87.6813588,41.9319343],[-87.6819423,41.9320618],[-87.6823016,41.9321403],[-87.6824103,41.9323276],[-87.6824248,41.9323263],[-87.6825512,41.9325442],[-87.6825917,41.9326212],[-87.6826025,41.932647],[-87.6826209,41.9326917],[-87.6826396,41.9327477],[-87.6826682,41.932822],[-87.6827174,41.9329554],[-87.6827679,41.9330997],[-87.682879,41.9334177],[-87.6829081,41.9334909],[-87.6829368,41.9335517],[-87.6830344,41.9342035],[-87.6831086,41.9358716]]]}},{"type":"Feature","properties":{"ADDRESS":"The bridge is located just south of 18th Street and East of Canal St. 465 W. Cermak Road \r\n\r\n18th Street and east of Canal\r\nStreet.","TYPE_MAIN":"4:NHL (National Historic Landmark) - District","NHL_NR":"NHL","NOTES":null,"NAME":"Chicago Cermak Bridge District","TYPE":4},"geometry":{"type":"Polygon","coordinates":[[[-87.6431912,41.8538123],[-87.642,41.8538298],[-87.6417409,41.8538292],[-87.6410497,41.8538283],[-87.6407859,41.8538247],[-87.6402285,41.8536388],[-87.6408204,41.8528325],[-87.6399814,41.8528445],[-87.6400956,41.8526589],[-87.6391875,41.8526718],[-87.6396013,41.8520074],[-87.6396552,41.852025],[-87.6398531,41.8517071],[-87.640612,41.8519568],[-87.6401524,41.8526581],[-87.640968,41.8526465],[-87.6408298,41.852832],[-87.6413917,41.8528244],[-87.6416168,41.8528248],[-87.6418292,41.8528182],[-87.6431691,41.8528086],[-87.6431665,41.8530496],[-87.6431912,41.8538123]]]}},{"type":"Feature","properties":{"ADDRESS":"Bounded by Wolcott Ave,7500,7600,7700blocks),Honore St(7500,7600,7700 Blocks),Honore St(75, 76, & 7600blks)Wood St (75, 76 & 7700 blk) Hermitage","TYPE_MAIN":"2:NR - District","NHL_NR":null,"NOTES":null,"NAME":"Auburn Gresham Bungalow Historic District","TYPE":2},"geometry":{"type":"Polygon","coordinates":[[[-87.671493,41.757427],[-87.6690906,41.7574584],[-87.669038,41.7557499],[-87.6684321,41.7557548],[-87.6684567,41.7566378],[-87.6666263,41.7566663],[-87.6665732,41.7547586],[-87.6665686,41.7539544],[-87.668386,41.7539341],[-87.6683382,41.7521788],[-87.6683369,41.7521153],[-87.6713673,41.752077],[-87.6714006,41.7538979],[-87.6720239,41.7538906],[-87.6720754,41.7557126],[-87.6714662,41.7557198],[-87.671493,41.757427]]]}},{"type":"Feature","properties":{"ADDRESS":"7121 S. Paxton Ave","TYPE_MAIN":"1: NR - Individual Property","NHL_NR":null,"NOTES":null,"NAME":"Allan Miller House","TYPE":1},"geometry":{"type":"Polygon","coordinates":[[[-87.5712416,41.7655727],[-87.5707843,41.7655776],[-87.5707814,41.7654404],[-87.57078,41.7653719],[-87.5712374,41.7653669],[-87.5712388,41.7654355],[-87.5712416,41.7655727]]]}},{"type":"Feature","properties":{"ADDRESS":"141 W Jackson Blvd","TYPE_MAIN":"3: (National Historic Landmark) - Individual Property","NHL_NR":"NHL","NOTES":null,"NAME":"Chicago Board of Trade Building","TYPE":3},"geometry":{"type":"Polygon","coordinates":[[[-87.6319392,41.8775521],[-87.631936,41.8774294],[-87.6325897,41.8774212],[-87.6325933,41.8775511],[-87.632607,41.8780407],[-87.6319519,41.8780488],[-87.6319412,41.8776324],[-87.6319392,41.8775521]]]}},{"type":"Feature","properties":{"ADDRESS":"2466 N Lakeview Av","TYPE_MAIN":"1: NR - Individual Property","NHL_NR":null,"NOTES":null,"NAME":"Theurer - Wrigley House","TYPE":1},"geometry":{"type":"Polygon","coordinates":[[[-87.6398244,41.9275712],[-87.6397569,41.9275934],[-87.6396897,41.9276154],[-87.6396358,41.9276331],[-87.639582,41.9276508],[-87.6395281,41.9276684],[-87.6395113,41.9276739],[-87.6393136,41.9277392],[-87.639305,41.9275085],[-87.6397065,41.9273744],[-87.6398244,41.9275712]]]}},{"type":"Feature","properties":{"ADDRESS":"71st St. and S. Shore Dr.","TYPE_MAIN":"2:NR - District","NHL_NR":null,"NOTES":null,"NAME":"South Shore Country Club","TYPE":2},"geometry":{"type":"Polygon","coordinates":[[[-87.5663795,41.7733611],[-87.5663462,41.7733979],[-87.5663328,41.7734127],[-87.566248,41.7733573],[-87.5661636,41.7732653],[-87.5660791,41.7731917],[-87.5659701,41.7731179],[-87.5658855,41.7730534],[-87.5658008,41.7729888],[-87.5656063,41.7729236],[-87.5654606,41.7728587],[-87.565339,41.7728213],[-87.5652664,41.772766],[-87.5651816,41.7727197],[-87.5650601,41.7726732],[-87.5649875,41.7726179],[-87.5648174,41.7725529],[-87.5646599,41.7724604],[-87.5645748,41.7724325],[-87.5644411,41.7723859],[-87.5643932,41.7723033],[-87.564333,41.772239],[-87.5642362,41.7721652],[-87.5641146,41.7721279],[-87.5639935,41.772054],[-87.5635038,41.7717285],[-87.5633033,41.7715925],[-87.5633537,41.771465],[-87.5633901,41.771298],[-87.5633132,41.7711048],[-87.563238,41.7707783],[-87.5632397,41.7706301],[-87.5631424,41.7704961],[-87.562967,41.7702578],[-87.5627714,41.7700638],[-87.5626564,41.7697518],[-87.5624607,41.7695578],[-87.5622836,41.7694677],[-87.5619892,41.7692583],[-87.561576,41.769048],[-87.5613201,41.7689278],[-87.5610838,41.7688224],[-87.5608272,41.7687614],[-87.5606498,41.768701],[-87.5604128,41.7686549],[-87.560235,41.7686241],[-87.5600952,41.7687269],[-87.5600144,41.7688597],[-87.5598347,41.7689919],[-87.5596945,41.7691243],[-87.5595946,41.7691977],[-87.5594469,41.7692405],[-87.5594278,41.7692039],[-87.5594397,41.7690285],[-87.559451,41.768897],[-87.5594523,41.7687947],[-87.5594824,41.7687218],[-87.5594735,41.768656],[-87.5594743,41.7685829],[-87.5594757,41.7684733],[-87.5594571,41.7683927],[-87.5594589,41.7682466],[-87.5594603,41.7681296],[-87.5594714,41.7680128],[-87.5594534,41.7678884],[-87.5594644,41.7677861],[-87.5594659,41.7676619],[-87.5594691,41.7673915],[-87.5594801,41.7672892],[-87.5594521,41.7671867],[-87.559453,41.7671063],[-87.559425,41.7670038],[-87.5593967,41.7669159],[-87.5593723,41.7667828],[-87.5593503,41.7667183],[-87.5593511,41.7666525],[-87.5593711,41.7666088],[-87.5594395,41.7666092],[-87.5595765,41.7665809],[-87.5596748,41.7665231],[-87.5597726,41.7665091],[-87.5599,41.7664735],[-87.5600376,41.766394],[-87.5601647,41.7663802],[-87.5603307,41.766374],[-87.5603891,41.766389],[-87.5604574,41.7663968],[-87.5608674,41.7663996],[-87.5616387,41.7663901],[-87.5621953,41.7663866],[-87.5627323,41.7663829],[-87.5627411,41.7664633],[-87.5635027,41.7664538],[-87.5643423,41.7664521],[-87.5649379,41.7664415],[-87.5652348,41.7664309],[-87.5656703,41.7664318],[-87.566256,41.7664357],[-87.5664317,41.7733037],[-87.5663795,41.7733611]]]}},{"type":"Feature","properties":{"ADDRESS":"5253 N. Kenmore Ave.","TYPE_MAIN":"1: NR - Individual Property","NHL_NR":null,"NOTES":null,"NAME":"Epworth Methodist Episcopal Church","TYPE":1},"geometry":{"type":"Polygon","coordinates":[[[-87.6563381,41.9781129],[-87.6557885,41.9781225],[-87.6557848,41.9779853],[-87.6557812,41.9778482],[-87.6557776,41.977711],[-87.6563297,41.9777014],[-87.6563333,41.9778385],[-87.6563369,41.9779758],[-87.6563402,41.9781019],[-87.6563381,41.9781129]]]}}]}