{"type":"FeatureCollection","crs":{"type":"name","properties":{"name":"EPSG:4326"}},"features":[{"type":"Feature","id":192,"geometry":{"type":"Polygon","coordinates":[[[-87.8435219997509,41.7463049997234],[-87.8423979998197,41.7468230001875],[-87.8401600000029,41.7483799998287],[-87.8378889996758,41.7501319996676],[-87.8253210002174,41.7621690000753],[-87.8197400000208,41.7622989997747],[-87.8195059996691,41.7568129999545],[-87.8191990004208,41.7495069997604],[-87.8191220004279,41.7476319997211],[-87.8190899997425,41.7468029999134],[-87.8189850001605,41.743962000247],[-87.8189190000383,41.7422180000121],[-87.8188510002662,41.7403939996685],[-87.8186420000289,41.7358739997226],[-87.8211450001595,41.7359769997299],[-87.821193999665,41.7376150002797],[-87.823537999787,41.7376480003231],[-87.8236220003509,41.7378290001986],[-87.8237239995598,41.740309000171],[-87.8257949998703,41.740261999675],[-87.8260929997962,41.740311000334],[-87.825000999652,41.742109999693],[-87.8250700001473,41.7439310001471],[-87.8287259996232,41.7438609996935],[-87.8298670001712,41.7420180000722],[-87.8299390001412,41.7438399998107],[-87.8347960004396,41.7437540001549],[-87.8348600000137,41.7455770002307],[-87.838508999817,41.745693000062],[-87.8384710001821,41.7445439998631],[-87.8424720003378,41.7460480002541],[-87.8435219997509,41.7463049997234]]]},"properties":{"OBJECTID":192,"GEOID":"17031820604","STATE":"17","COUNTY":"031","TRACT":"820604","NAME":"Census Tract 8206.04","Shape__Area":5223727.17578125,"Shape__Length":12703.351821666538}},{"type":"Feature","id":193,"geometry":{"type":"Polygon","coordinates":[[[-87.535288999802,41.7082169997878],[-87.5316609999152,41.7082190002794],[-87.5304519995951,41.7063840002394],[-87.5284670003966,41.706403999687],[-87.5264749997288,41.7045450002666],[-87.5265280003306,41.7026900000664],[-87.5244480186638,41.7026793481918],[-87.5245390000358,41.700868000163],[-87.5245572672771,41.6990359326757],[-87.5292449998231,41.6990659999983],[-87.5316590002653,41.6990779999602],[-87.5352810003044,41.6991029999295],[-87.5352829999542,41.7009220001376],[-87.5352839997791,41.7027339998954],[-87.5352849996041,41.704564000319],[-87.5352860003273,41.7063919997509],[-87.535288999802,41.7082169997878]]]},"properties":{"OBJECTID":193,"GEOID":"17031520400","STATE":"17","COUNTY":"031","TRACT":"520400","NAME":"Census Tract 5204","Shape__Area":1285037.85546875,"Shape__Length":4889.0971996348635}},{"type":"Feature","id":194,"geometry":{"type":"Polygon","coordinates":[[[-87.6303270001073,41.6334810002429],[-87.6274599999286,41.6387949999895],[-87.6265159999224,41.6406089997408],[-87.6243810000378,41.6445649997412],[-87.6220810002967,41.6445730002269],[-87.6178240000479,41.6445810000403],[-87.6172270003714,41.6445820002686],[-87.6172220003485,41.6441459999374],[-87.6172170003256,41.6390180000603],[-87.6172099997546,41.6335119998983],[-87.6172059995566,41.629901000059],[-87.6208369998165,41.6298829999023],[-87.632313000029,41.6298380001601],[-87.6303270001073,41.6334810002429]]]},"properties":{"OBJECTID":194,"GEOID":"17031826600","STATE":"17","COUNTY":"031","TRACT":"826600","NAME":"Census Tract 8266","Shape__Area":2708741.36328125,"Shape__Length":7029.4813384575973}},{"type":"Feature","id":195,"geometry":{"type":"Polygon","coordinates":[[[-87.6414960001732,41.6370610003304],[-87.6366210003314,41.6370789998255],[-87.6317649998579,41.6370969999868],[-87.6317740000788,41.6389570003043],[-87.6317730002539,41.6445470003232],[-87.6243810000378,41.6445649997412],[-87.6265159999224,41.6406089997408],[-87.6274599999286,41.6387949999895],[-87.6303270001073,41.6334810002429],[-87.632313000029,41.6298380001601],[-87.6414509999673,41.6298459997883],[-87.641465000211,41.6316569996856],[-87.6414960001732,41.6370610003304]]]},"properties":{"OBJECTID":195,"GEOID":"17031826700","STATE":"17","COUNTY":"031","TRACT":"826700","NAME":"Census Tract 8267","Shape__Area":2002872.19921875,"Shape__Length":7472.3727444694068}},{"type":"Feature","id":196,"geometry":{"type":"Polygon","coordinates":[[[-87.6143970000026,41.6445999996769],[-87.5978380004342,41.6446059997023],[-87.5881330000582,41.6446559996686],[-87.5799550000196,41.6447309998809],[-87.5785880004141,41.6447300003262],[-87.5784829999338,41.6447290001001],[-87.5783859998495,41.6343629997782],[-87.5820949999271,41.6351529998367],[-87.5833090002701,41.6335460000664],[-87.5881580001726,41.6335049997825],[-87.5905779995642,41.6334869999608],[-87.5978559999775,41.633432000064],[-87.597872999696,41.6324129999335],[-87.5945439995598,41.6299519998041],[-87.5955060000077,41.6297739997415],[-87.5979689999554,41.6282959999069],[-87.5993530001777,41.6274799996693],[-87.6026999998571,41.630680000233],[-87.6026999998571,41.6357990003014],[-87.6049519999176,41.6370969999868],[-87.6099289998666,41.6406669997513],[-87.6099060003004,41.6412429998921],[-87.6143970000026,41.6445999996769]]]},"properties":{"OBJECTID":196,"GEOID":"17031826401","STATE":"17","COUNTY":"031","TRACT":"826401","NAME":"Census Tract 8264.01","Shape__Area":5783712.83984375,"Shape__Length":12441.747421504371}},{"type":"Feature","id":197,"geometry":{"type":"Polygon","coordinates":[[[-87.6751449997626,41.5862599999759],[-87.6691429996166,41.5862759999634],[-87.66312799995,41.5862970002349],[-87.6570880001691,41.5863390000855],[-87.655883000047,41.5863399998737],[-87.6559490001693,41.5790630001041],[-87.6597770000726,41.5790490001473],[-87.6655320003465,41.5790249998303],[-87.6655259996004,41.5780140002141],[-87.6663070002983,41.5780050002881],[-87.670080999775,41.5779580001311],[-87.6726199998906,41.5781120000747],[-87.6742739995513,41.5784699997551],[-87.6738960001579,41.5787239999129],[-87.675093999709,41.5791069997567],[-87.6751079999527,41.5794880002285],[-87.6751449997626,41.5862599999759]]]},"properties":{"OBJECTID":197,"GEOID":"17031827700","STATE":"17","COUNTY":"031","TRACT":"827700","NAME":"Census Tract 8277","Shape__Area":2449620.0234375,"Shape__Length":6693.0548558877435}},{"type":"Feature","id":198,"geometry":{"type":"Polygon","coordinates":[[[-87.6782389997221,41.7501669998363],[-87.6707079995888,41.7502620002938],[-87.6682909996719,41.7502930000176],[-87.667078999877,41.7503100000976],[-87.6658639997092,41.7503250003222],[-87.6634369997465,41.7503569999406],[-87.6633020000273,41.7448940003258],[-87.6657299998149,41.7448640000162],[-87.6681569997776,41.7448300003186],[-87.6693650002727,41.7448150001506],[-87.6705789997173,41.7447989999676],[-87.6780370000557,41.7447329998405],[-87.6783600000959,41.7465319999741],[-87.6782389997221,41.7501669998363]]]},"properties":{"OBJECTID":198,"GEOID":"17031710500","STATE":"17","COUNTY":"031","TRACT":"710500","NAME":"Census Tract 7105","Shape__Area":1350166.1015625,"Shape__Length":4917.0569988891511}},{"type":"Feature","id":199,"geometry":{"type":"Polygon","coordinates":[[[-87.6053910003087,41.7585799997815],[-87.6017259997137,41.7586219999488],[-87.5982230003986,41.7586519998601],[-87.5956139999628,41.7586960002406],[-87.5930749998471,41.7568929999313],[-87.5957150002451,41.7568580000794],[-87.5949079996079,41.7550390000926],[-87.5954909999391,41.751387000207],[-87.5972350000115,41.7513689998328],[-87.5979150004271,41.7513640002864],[-87.6015469996135,41.7513270002804],[-87.6052149996833,41.7512859999409],[-87.6052969996991,41.7549330002733],[-87.6053910003087,41.7585799997815]]]},"properties":{"OBJECTID":199,"GEOID":"17031691500","STATE":"17","COUNTY":"031","TRACT":"691500","NAME":"Census Tract 6915","Shape__Area":1247063.54296875,"Shape__Length":4778.5675489671421}},{"type":"Feature","id":200,"geometry":{"type":"Polygon","coordinates":[[[-87.6595410000711,41.7868160003293],[-87.6571140001084,41.7868509999144],[-87.6546839997727,41.7868860001501],[-87.6545499998784,41.7814269997464],[-87.6545020001978,41.7796080002525],[-87.659361000146,41.7795429998855],[-87.6594049996286,41.7813580001061],[-87.6595410000711,41.7868160003293]]]},"properties":{"OBJECTID":200,"GEOID":"17031670900","STATE":"17","COUNTY":"031","TRACT":"670900","NAME":"Census Tract 6709","Shape__Area":587371.2890625,"Shape__Length":3254.4264881935305}},{"type":"Feature","id":201,"geometry":{"type":"Polygon","coordinates":[[[-87.6597290003921,41.7940999999534],[-87.6573009997062,41.7941409997247],[-87.6548739997435,41.7941719996814],[-87.6546839997727,41.7868860001501],[-87.6571140001084,41.7868509999144],[-87.6595410000711,41.7868160003293],[-87.6597290003921,41.7940999999534]]]},"properties":{"OBJECTID":201,"GEOID":"17031670100","STATE":"17","COUNTY":"031","TRACT":"670100","NAME":"Census Tract 6701","Shape__Area":588390.1171875,"Shape__Length":3257.1195013883248}},{"type":"Feature","id":202,"geometry":{"type":"Polygon","coordinates":[[[-87.742293000052,41.7784290002358],[-87.7373970002939,41.7784869999662],[-87.7373610003088,41.7766549997505],[-87.7373310001716,41.7748510000763],[-87.7372230002166,41.7712009999706],[-87.7420550004006,41.7711289999034],[-87.7421650000055,41.774780000301],[-87.742293000052,41.7784290002358]]]},"properties":{"OBJECTID":202,"GEOID":"17031640800","STATE":"17","COUNTY":"031","TRACT":"640800","NAME":"Census Tract 6408","Shape__Area":587934.2578125,"Shape__Length":3260.8228075500588}},{"type":"Feature","id":203,"geometry":{"type":"Polygon","coordinates":[[[-87.6500159996202,41.7942399996851],[-87.6475989997033,41.7942790002161],[-87.645160000045,41.7943020001575],[-87.6403289996859,41.794386999811],[-87.6396819997806,41.7930379997611],[-87.6402299999517,41.7920100002273],[-87.6401710004005,41.7871070000686],[-87.6449690002493,41.787025000209],[-87.6474029998847,41.7869890000251],[-87.6498280001975,41.7869559998946],[-87.6500159996202,41.7942399996851]]]},"properties":{"OBJECTID":203,"GEOID":"17031834700","STATE":"17","COUNTY":"031","TRACT":"834700","NAME":"Census Tract 8347","Shape__Area":1185583.8203125,"Shape__Length":4352.713942550361}},{"type":"Feature","id":204,"geometry":{"type":"Polygon","coordinates":[[[-87.7043310001373,41.8171999998098],[-87.699396999846,41.8170640002554],[-87.6985080000914,41.817606999872],[-87.6944819998213,41.8173600003336],[-87.6943710003915,41.8137359997271],[-87.694315000315,41.8119129998571],[-87.6979900000575,41.8118550002375],[-87.7004329999137,41.8118159996902],[-87.7016509995563,41.8117969998957],[-87.7041179997019,41.8117590002898],[-87.7042109995884,41.8141130003097],[-87.704261999642,41.8154209997432],[-87.7043310001373,41.8171999998098]]]},"properties":{"OBJECTID":204,"GEOID":"17031580502","STATE":"17","COUNTY":"031","TRACT":"580502","NAME":"Census Tract 5805.02","Shape__Area":892309.09765625,"Shape__Length":3845.5713936406437}},{"type":"Feature","id":205,"geometry":{"type":"Polygon","coordinates":[[[-87.6647759997629,41.8013180000695],[-87.6599179996396,41.8013819999901],[-87.6550589996914,41.8014519999767],[-87.6549580003074,41.7978100000231],[-87.6548739997435,41.7941719996814],[-87.6573009997062,41.7941409997247],[-87.6597290003921,41.7940999999534],[-87.6609460002098,41.7940869997427],[-87.6645819995942,41.7940239998179],[-87.6647759997629,41.8013180000695]]]},"properties":{"OBJECTID":205,"GEOID":"17031611900","STATE":"17","COUNTY":"031","TRACT":"611900","NAME":"Census Tract 6119","Shape__Area":1176554.46484375,"Shape__Length":4339.4205701358569}},{"type":"Feature","id":206,"geometry":{"type":"Polygon","coordinates":[[[-87.6423780002551,41.6923559998721],[-87.6375340003755,41.6924149997257],[-87.6363359999261,41.6924279997431],[-87.6326450002901,41.6924719998854],[-87.6327449998492,41.6916360000838],[-87.6326119997798,41.6888389996933],[-87.6325449998326,41.6870219996845],[-87.6324810002585,41.685203999747],[-87.6361080003204,41.6851549999968],[-87.6421520002993,41.6850819997658],[-87.6422080003758,41.6869029998513],[-87.6422660001021,41.6887199998668],[-87.6423780002551,41.6923559998721]]]},"properties":{"OBJECTID":206,"GEOID":"17031491200","STATE":"17","COUNTY":"031","TRACT":"491200","NAME":"Census Tract 4912","Shape__Area":1165193.08984375,"Shape__Length":4329.3337531155448}},{"type":"Feature","id":207,"geometry":{"type":"Polygon","coordinates":[[[-87.6299489998156,41.8455439999562],[-87.629168000016,41.8455569997627],[-87.6269610001613,41.8455850002636],[-87.6267729998403,41.8383009999812],[-87.6297839999591,41.8382800002277],[-87.6299489998156,41.8455439999562]]]},"properties":{"OBJECTID":207,"GEOID":"17031350400","STATE":"17","COUNTY":"031","TRACT":"350400","NAME":"Census Tract 3504","Shape__Area":363071.40234375,"Shape__Length":2842.0622996608781}},{"type":"Feature","id":208,"geometry":{"type":"Polygon","coordinates":[[[-87.5863770002903,41.7686509998721],[-87.5862380003731,41.769698000312],[-87.5862960000994,41.7733390000663],[-87.5838609997408,41.7733609999144],[-87.5814139996867,41.773390000068],[-87.5801800001505,41.7734050002578],[-87.5764869999664,41.7734560002069],[-87.5764479996083,41.7716290003023],[-87.5763980002779,41.7698010003267],[-87.5763480000492,41.7679809997337],[-87.5763020000185,41.7662140001436],[-87.5793750000615,41.7661819997205],[-87.5799879996316,41.7661850000959],[-87.5824449997315,41.7661530003284],[-87.5863289997114,41.7661209998749],[-87.5863770002903,41.7686509998721]]]},"properties":{"OBJECTID":208,"GEOID":"17031430200","STATE":"17","COUNTY":"031","TRACT":"430200","NAME":"Census Tract 4302","Shape__Area":1189423.97265625,"Shape__Length":4367.6647839212328}},{"type":"Feature","id":209,"geometry":{"type":"Polygon","coordinates":[[[-87.6013369995513,41.8008709999816],[-87.5966769997947,41.8009229999918],[-87.5966099998475,41.797987000265],[-87.5965439997253,41.7950659997807],[-87.601309999787,41.7950150002744],[-87.6012710003273,41.7979340000282],[-87.6013369995513,41.8008709999816]]]},"properties":{"OBJECTID":209,"GEOID":"17031410600","STATE":"17","COUNTY":"031","TRACT":"410600","NAME":"Census Tract 4106","Shape__Area":456338.87890625,"Shape__Length":2798.627229588928}},{"type":"Feature","id":210,"geometry":{"type":"Polygon","coordinates":[[[-87.7400779998014,41.871899000257],[-87.7378020003498,41.872405999921],[-87.7352220002263,41.8735199997267],[-87.7328069999592,41.8739779997455],[-87.7303130000493,41.8733860001288],[-87.7290970000566,41.8734019996663],[-87.7254130000932,41.8734430001768],[-87.7253410001232,41.8707220002244],[-87.7252869996965,41.8690889997441],[-87.7325779996303,41.8689989998168],[-87.7326730000648,41.870977000286],[-87.7399840000901,41.8689390002408],[-87.7400779998014,41.871899000257]]]},"properties":{"OBJECTID":210,"GEOID":"17031261000","STATE":"17","COUNTY":"031","TRACT":"261000","NAME":"Census Tract 261","Shape__Area":913615.81640625,"Shape__Length":4781.09873209373}},{"type":"Feature","id":211,"geometry":{"type":"Polygon","coordinates":[[[-87.7653950002648,41.8948540002567],[-87.7635680003518,41.8948670000694],[-87.7606430004467,41.8948899999888],[-87.7593360002174,41.8949009997728],[-87.7555989996523,41.8949359998027],[-87.7554630001082,41.8911949997925],[-87.7553369997115,41.88780899975],[-87.7553190001681,41.8872020002277],[-87.7579879999801,41.8873909996693],[-87.7589980001086,41.8873769998785],[-87.7603539998434,41.8873579997753],[-87.7651059996615,41.8872009997621],[-87.7651810000046,41.8892899999979],[-87.7653199999218,41.8929259999696],[-87.7653950002648,41.8948540002567]]]},"properties":{"OBJECTID":211,"GEOID":"17031251500","STATE":"17","COUNTY":"031","TRACT":"251500","NAME":"Census Tract 2515","Shape__Area":1236496.93359375,"Shape__Length":4483.7834574854032}},{"type":"Feature","id":212,"geometry":{"type":"Polygon","coordinates":[[[-87.7249550003338,41.8588680001521],[-87.7224890000131,41.8588939996997],[-87.7200660002484,41.8589210001451],[-87.7199120002626,41.8539560002126],[-87.7198889997981,41.8528740000636],[-87.7198720000796,41.8516070000869],[-87.7222799997757,41.8515450002091],[-87.7235440003474,41.8514839999578],[-87.7247610001651,41.8516510002442],[-87.7248499998535,41.8550140002784],[-87.7249550003338,41.8588680001521]]]},"properties":{"OBJECTID":212,"GEOID":"17031292400","STATE":"17","COUNTY":"031","TRACT":"292400","NAME":"Census Tract 2924","Shape__Area":598098.36328125,"Shape__Length":3263.4589370585663}},{"type":"Feature","id":213,"geometry":{"type":"Polygon","coordinates":[[[-87.6167319999037,41.8238380000113],[-87.6126239996179,41.8238910002413],[-87.6128959996044,41.8226799996714],[-87.6137629996177,41.818484000311],[-87.6139380004182,41.8175819998293],[-87.6140899998559,41.8166830000543],[-87.6165290004125,41.8166379997227],[-87.6165579998265,41.8175389998936],[-87.6165829999408,41.8184379997032],[-87.6166330001695,41.820237999971],[-87.6167019997665,41.8226519998594],[-87.6167319999037,41.8238380000113]]]},"properties":{"OBJECTID":213,"GEOID":"17031380200","STATE":"17","COUNTY":"031","TRACT":"380200","NAME":"Census Tract 3802","Shape__Area":388653.4140625,"Shape__Length":2893.7459498434087}},{"type":"Feature","id":214,"geometry":{"type":"Polygon","coordinates":[[[-87.7082369998585,41.9992320002095],[-87.7057990000251,41.9992770001909],[-87.705840000033,42.0010979997076],[-87.7046039999488,42.0029330003254],[-87.7046030001239,42.0047540000173],[-87.6998289996661,42.0048509998416],[-87.6973840001601,42.004892999988],[-87.6972979999464,42.0012379996677],[-87.69720500006,41.9976019996828],[-87.6996420000684,41.9975610001351],[-87.700859999711,41.997538999911],[-87.7045140004354,41.9974760000769],[-87.7081620004137,41.9974099999611],[-87.7082369998585,41.9992320002095]]]},"properties":{"OBJECTID":214,"GEOID":"17031020601","STATE":"17","COUNTY":"031","TRACT":"020601","NAME":"Census Tract 206.01","Shape__Area":1053183.0078125,"Shape__Length":4513.8461875237954}},{"type":"Feature","id":215,"geometry":{"type":"Polygon","coordinates":[[[-87.7659910001165,41.9239809998568],[-87.7610679996959,41.9240450000999],[-87.7561459999985,41.9241069998356],[-87.7560420002414,41.920458000081],[-87.7559910001878,41.9186520003265],[-87.7558949999283,41.9157090000983],[-87.7607899998615,41.9162610002033],[-87.7636090003597,41.91654999988],[-87.7657450000692,41.9166240002714],[-87.765746999719,41.9166819998497],[-87.7658060001686,41.9187629998992],[-87.7659219996212,41.9221600001173],[-87.7659910001165,41.9239809998568]]]},"properties":{"OBJECTID":215,"GEOID":"17031191200","STATE":"17","COUNTY":"031","TRACT":"191200","NAME":"Census Tract 1912","Shape__Area":1277616.86328125,"Shape__Length":4559.7643081160195}},{"type":"Feature","id":835,"geometry":{"type":"Polygon","coordinates":[[[-87.6902029998312,42.0168180000333],[-87.6901969999834,42.0174370002593],[-87.6901740004172,42.0195279997382],[-87.6846529995968,42.0194850001851],[-87.6840829996844,42.0151509998126],[-87.6836879996742,42.0140350000741],[-87.6830859999747,42.0123230002597],[-87.6902470002121,42.0122799998395],[-87.6902029998312,42.0168180000333]]]},"properties":{"OBJECTID":835,"GEOID":"17031020100","STATE":"17","COUNTY":"031","TRACT":"020100","NAME":"Census Tract 201","Shape__Area":739585.19921875,"Shape__Length":3588.3191853814751}},{"type":"Feature","id":836,"geometry":{"type":"Polygon","coordinates":[[[-87.6600690001507,41.9836219999135],[-87.656608999595,41.983683000196],[-87.6559149998341,41.9836920001232],[-87.6558639997805,41.9818670001261],[-87.6572660004444,41.981842999852],[-87.6600180000971,41.9817980002317],[-87.6600690001507,41.9836219999135]]]},"properties":{"OBJECTID":836,"GEOID":"17031030701","STATE":"17","COUNTY":"031","TRACT":"030701","NAME":"Census Tract 307.01","Shape__Area":126523.08984375,"Shape__Length":1471.6502133063736}},{"type":"Feature","id":837,"geometry":{"type":"Polygon","coordinates":[[[-87.6290940003961,41.8273299996922],[-87.6289000002273,41.8276699997586],[-87.6289959995885,41.8309750002525],[-87.6266439999689,41.831013999842],[-87.6264749999145,41.8273610003263],[-87.6264220002111,41.8237139999333],[-87.6286180001951,41.8236849997832],[-87.6289679999994,41.8236809999692],[-87.6290940003961,41.8273299996922]]]},"properties":{"OBJECTID":837,"GEOID":"17031351500","STATE":"17","COUNTY":"031","TRACT":"351500","NAME":"Census Tract 3515","Shape__Area":301975.76953125,"Shape__Length":2730.60811161371}},{"type":"Feature","id":838,"geometry":{"type":"Polygon","coordinates":[[[-87.5715090001925,41.7698539997039],[-87.5682429998056,41.769886999926],[-87.566548000137,41.7699060000868],[-87.5668109999027,41.773559000217],[-87.5661377449366,41.7735936854631],[-87.563409037701,41.7711622245808],[-87.5603992503078,41.7684803017376],[-87.5603629996929,41.768448000274],[-87.560442208643,41.766342498834],[-87.5647050003304,41.7663129996762],[-87.5664839996646,41.7663180000681],[-87.5681509997441,41.7662959998147],[-87.5713970000395,41.7662620000782],[-87.5714559995907,41.7680289996863],[-87.5715090001925,41.7698539997039]]]},"properties":{"OBJECTID":838,"GEOID":"17031430102","STATE":"17","COUNTY":"031","TRACT":"430102","NAME":"Census Tract 4301.02","Shape__Area":799559,"Shape__Length":4245.236139961512}},{"type":"Feature","id":839,"geometry":{"type":"Polygon","coordinates":[[[-87.8650749998851,42.0658959998686],[-87.8638079998387,42.0672619996689],[-87.8635169995856,42.0675659999915],[-87.8616400003421,42.0695209998896],[-87.8576960000878,42.0736149996784],[-87.857181000427,42.0741409996897],[-87.8557700004405,42.0727649996675],[-87.8492529997354,42.072980000283],[-87.8492539995603,42.0722889997304],[-87.8460869998059,42.0722790001052],[-87.8448699999882,42.0730849997761],[-87.8444020001831,42.0730840002262],[-87.8447789997516,42.0685330001052],[-87.8465420000906,42.0683580000846],[-87.8468070004044,42.0658149997706],[-87.8488970000832,42.0658260000782],[-87.8518610003463,42.0658489996843],[-87.8556530002647,42.065863999974],[-87.8599210003841,42.0658770002665],[-87.8619590001843,42.0658739999428],[-87.8647689995633,42.0658930002126],[-87.8650749998851,42.0658959998686]]]},"properties":{"OBJECTID":839,"GEOID":"17031802004","STATE":"17","COUNTY":"031","TRACT":"802004","NAME":"Census Tract 8020.04","Shape__Area":1915358.0234375,"Shape__Length":6490.1574966600683}},{"type":"Feature","id":840,"geometry":{"type":"Polygon","coordinates":[[[-87.7484199998715,41.9023269997033],[-87.7459779998402,41.9023520000671],[-87.7415180001002,41.9024269997626],[-87.741479999567,41.8987719996896],[-87.7412029995576,41.8950930001972],[-87.745807000136,41.8950039997867],[-87.7482580003881,41.8949849999459],[-87.7483410002288,41.8986549997411],[-87.7484199998715,41.9023269997033]]]},"properties":{"OBJECTID":840,"GEOID":"17031251000","STATE":"17","COUNTY":"031","TRACT":"251000","NAME":"Census Tract 251","Shape__Area":846311.19140625,"Shape__Length":3749.9572384428379}},{"type":"Feature","id":841,"geometry":{"type":"Polygon","coordinates":[[[-87.5554050000104,41.7300139997678],[-87.5414969998124,41.7302009997969],[-87.5414829995687,41.7297250002977],[-87.5405829999434,41.7305239997229],[-87.5397999995957,41.7300359997206],[-87.5393259999428,41.7286389998344],[-87.542177000228,41.726384999875],[-87.5429189996695,41.722860000095],[-87.5456770000683,41.7228209997183],[-87.5525820002126,41.7277470002016],[-87.5556529997075,41.7299609996677],[-87.5554050000104,41.7300139997678]]]},"properties":{"OBJECTID":841,"GEOID":"17031461000","STATE":"17","COUNTY":"031","TRACT":"461000","NAME":"Census Tract 461","Shape__Area":1136076.7421875,"Shape__Length":4972.7029244889045}},{"type":"Feature","id":842,"geometry":{"type":"Polygon","coordinates":[[[-87.7031879999394,41.780795000325],[-87.7007519997559,41.780826000037],[-87.6934449999287,41.7809390001136],[-87.6933920002252,41.7791160002576],[-87.6946109996927,41.7790989997696],[-87.698266000242,41.7790439996966],[-87.7031369998858,41.7789729998738],[-87.7031879999394,41.780795000325]]]},"properties":{"OBJECTID":842,"GEOID":"17031660301","STATE":"17","COUNTY":"031","TRACT":"660301","NAME":"Census Tract 6603.01","Shape__Area":294822.69921875,"Shape__Length":2714.0677057802513}},{"type":"Feature","id":843,"geometry":{"type":"Polygon","coordinates":[[[-87.6154499997887,41.7729700000288],[-87.6121809999271,41.7705819998897],[-87.6105170002206,41.7694060003276],[-87.6055860003024,41.7658809999854],[-87.6092250000599,41.7658130000545],[-87.6128450004491,41.7657519998581],[-87.6152620003661,41.765711000023],[-87.6153550002525,41.7693400000415],[-87.61539999956,41.7709700001108],[-87.6154499997887,41.7729700000288]]]},"properties":{"OBJECTID":843,"GEOID":"17031690500","STATE":"17","COUNTY":"031","TRACT":"690500","NAME":"Census Tract 6905","Shape__Area":581477.2109375,"Shape__Length":3685.9772223179821}},{"type":"Feature","id":844,"geometry":{"type":"Polygon","coordinates":[[[-87.7592059996227,41.8585020002009],[-87.7518579997876,41.8586090003247],[-87.7494090000836,41.8586449997384],[-87.7493460003344,41.8566869999032],[-87.749289000433,41.8548619999339],[-87.7492299999834,41.8530370000796],[-87.7491749997318,41.8512690000891],[-87.7516250001591,41.8512320001788],[-87.7540839999088,41.8511989996802],[-87.7565390003589,41.8511630000902],[-87.7589949997355,41.8511269998107],[-87.7592059996227,41.8585020002009]]]},"properties":{"OBJECTID":844,"GEOID":"17031813701","STATE":"17","COUNTY":"031","TRACT":"813701","NAME":"Census Tract 8137.01","Shape__Area":1204151.08203125,"Shape__Length":4389.3360175392736}},{"type":"Feature","id":845,"geometry":{"type":"Polygon","coordinates":[[[-87.6922769996165,41.8844029999843],[-87.6915920000763,41.8844299996885],[-87.6903040001135,41.8876740002293],[-87.6870920001533,41.8884149997457],[-87.6866229996249,41.8885270001793],[-87.6859930003364,41.8885720001191],[-87.6817400002856,41.8886409999653],[-87.6768460001773,41.8887200001434],[-87.6766899996434,41.8831469998685],[-87.6766419999628,41.8813140002619],[-87.6815290003984,41.8811980003279],[-87.6839599996607,41.8811589998934],[-87.6864310000043,41.8811620002363],[-87.6915050000377,41.8811130001906],[-87.6921619999887,41.8811060002765],[-87.6922309995857,41.8829410002266],[-87.6922769996165,41.8844029999843]]]},"properties":{"OBJECTID":845,"GEOID":"17031837800","STATE":"17","COUNTY":"031","TRACT":"837800","NAME":"Census Tract 8378","Shape__Area":1788623.12109375,"Shape__Length":5429.0958861188119}},{"type":"Feature","id":846,"geometry":{"type":"Polygon","coordinates":[[[-87.6363540003677,41.8235830000975],[-87.6313389998856,41.8236459997453],[-87.6302960001452,41.8236619996779],[-87.6293570001619,41.823676000034],[-87.6291909995822,41.819161000297],[-87.6291260001832,41.8164509997916],[-87.6289160001209,41.8091849997727],[-87.6358389998086,41.8090460002296],[-87.6359960001675,41.8163500001995],[-87.6352050003221,41.8163580000736],[-87.6360360003504,41.8181519999857],[-87.6361509999781,41.8218330002765],[-87.6363540003677,41.8235830000975]]]},"properties":{"OBJECTID":846,"GEOID":"17031835500","STATE":"17","COUNTY":"031","TRACT":"835500","NAME":"Census Tract 8355","Shape__Area":1651344.68359375,"Shape__Length":5989.9544185480536}},{"type":"Feature","id":1471,"geometry":{"type":"Polygon","coordinates":[[[-87.7658480000014,41.9075660000721],[-87.7657240001528,41.9093790001561],[-87.7634200002138,41.9094039997641],[-87.7629950000663,41.9094089996846],[-87.7596840003719,41.9094499998197],[-87.7557960001941,41.9095009997552],[-87.7559259998905,41.9089999996838],[-87.7558599997682,41.905874999822],[-87.7557739995545,41.9022489998694],[-87.758245999723,41.9022210001114],[-87.7609320001517,41.9021920001104],[-87.7638250002697,41.9021640003275],[-87.7656539998326,41.9021449999424],[-87.7657190001299,41.9039520003155],[-87.7657850002522,41.9057589996917],[-87.7658480000014,41.9075660000721]]]},"properties":{"OBJECTID":1471,"GEOID":"17031250700","STATE":"17","COUNTY":"031","TRACT":"250700","NAME":"Census Tract 2507","Shape__Area":1194745.89453125,"Shape__Length":4374.1723369030933}},{"type":"Feature","id":1472,"geometry":{"type":"Polygon","coordinates":[[[-87.7416570000174,41.907753999951],[-87.7413809998328,41.9096759998143],[-87.7338799998368,41.9097719999486],[-87.7314210000871,41.9098040001841],[-87.731209000375,41.9098040001841],[-87.728973000208,41.9098369998462],[-87.7263300003353,41.9098789998167],[-87.7264909999937,41.9093539998697],[-87.7264080001531,41.9061559997136],[-87.7263860004118,41.9053759997358],[-87.7263029996728,41.9026709998917],[-87.7312250002685,41.9025920002534],[-87.7336830001933,41.9025539997324],[-87.736146000141,41.9025129998488],[-87.7415180001002,41.9024269997626],[-87.7416570000174,41.907753999951]]]},"properties":{"OBJECTID":1472,"GEOID":"17031230600","STATE":"17","COUNTY":"031","TRACT":"230600","NAME":"Census Tract 2306","Shape__Area":1824381.98828125,"Shape__Length":5536.2998102079373}},{"type":"Feature","id":1481,"geometry":{"type":"Polygon","coordinates":[[[-87.689883000164,41.997729999843],[-87.686229000338,41.9977940001603],[-87.6837949998043,41.9978320000263],[-87.6825729999637,41.9978540001491],[-87.6823889998407,41.9942189998788],[-87.6817050001255,41.994231000021],[-87.6816990002777,41.9918549998353],[-87.6835289996655,41.9918339998024],[-87.6835239996426,41.9906090001378],[-87.6872059999561,41.9905420000643],[-87.6896730001018,41.9904999997929],[-87.6897640003384,41.9940930002514],[-87.6898239997145,41.995911000276],[-87.689883000164,41.997729999843]]]},"properties":{"OBJECTID":1481,"GEOID":"17031020901","STATE":"17","COUNTY":"031","TRACT":"020901","NAME":"Census Tract 209.01","Shape__Area":888654.453125,"Shape__Length":3945.940587602071}},{"type":"Feature","id":1482,"geometry":{"type":"Polygon","coordinates":[[[-87.7414219998407,41.916985000282],[-87.7363279997159,41.917045000197],[-87.7338870004078,41.9170700001449],[-87.7314460002014,41.9171040000584],[-87.7265589997658,41.9171659998539],[-87.7242170001919,41.9171959997333],[-87.7240590000082,41.9153730001673],[-87.7230039996739,41.9153879998617],[-87.7221090000715,41.9136509999145],[-87.724245999606,41.9138000000298],[-87.7264540001838,41.913779999716],[-87.7264499999859,41.9136450002749],[-87.7313290000256,41.9135829997328],[-87.7376829996258,41.9135500000019],[-87.7413010003652,41.9139059997835],[-87.7414219998407,41.916985000282]]]},"properties":{"OBJECTID":1482,"GEOID":"17031831200","STATE":"17","COUNTY":"031","TRACT":"831200","NAME":"Census Tract 8312","Shape__Area":1030922.6484375,"Shape__Length":5207.1087683637315}},{"type":"Feature","id":1483,"geometry":{"type":"Polygon","coordinates":[[[-87.7564199996348,41.9313990001898],[-87.7515049996101,41.9314670000995],[-87.7465949996083,41.9315329997264],[-87.7464830003536,41.9288180001361],[-87.7463710002006,41.9260930000487],[-87.7463019997053,41.9242390002148],[-87.7487579999803,41.9242059999785],[-87.7512269997758,41.9241750001663],[-87.7561459999985,41.9241069998356],[-87.7562139997705,41.9259639997386],[-87.756314000228,41.9286829997587],[-87.7564199996348,41.9313990001898]]]},"properties":{"OBJECTID":1483,"GEOID":"17031190800","STATE":"17","COUNTY":"031","TRACT":"190800","NAME":"Census Tract 1908","Shape__Area":1195315.48046875,"Shape__Length":4373.2581520380754}},{"type":"Feature","id":1497,"geometry":{"type":"Polygon","coordinates":[[[-87.6682160002271,41.7301770000925],[-87.6653309996067,41.7302369996719],[-87.6653869996832,41.7320860001083],[-87.6629610004438,41.7321890001568],[-87.6628059997348,41.7266670002455],[-87.6626840004343,41.7212650002734],[-87.6634769999295,41.7212459997931],[-87.6644090002401,41.7229729996778],[-87.6657170002944,41.7256130002647],[-87.6671490001972,41.7281299999348],[-87.6674360002524,41.7284509996852],[-87.6682160002271,41.7301770000925]]]},"properties":{"OBJECTID":1497,"GEOID":"17031730300","STATE":"17","COUNTY":"031","TRACT":"730300","NAME":"Census Tract 7303","Shape__Area":533853.3203125,"Shape__Length":4020.2919461509791}},{"type":"Feature","id":1498,"geometry":{"type":"Polygon","coordinates":[[[-87.6694430000905,41.7939689998222],[-87.6670160001279,41.7939960002035],[-87.6645819995942,41.7940239998179],[-87.6645389999365,41.792206999938],[-87.6643940001715,41.78674699979],[-87.6692449997238,41.7866880001339],[-87.6692949999525,41.7885099997231],[-87.6694430000905,41.7939689998222]]]},"properties":{"OBJECTID":1498,"GEOID":"17031670300","STATE":"17","COUNTY":"031","TRACT":"670300","NAME":"Census Tract 6703","Shape__Area":587434.23046875,"Shape__Length":3255.265909927974}},{"type":"Feature","id":1499,"geometry":{"type":"Polygon","coordinates":[[[-87.6836390001687,41.779216000121],[-87.6784899997922,41.7792469999265],[-87.6788170000304,41.7759349997189],[-87.6787149999231,41.7720149997052],[-87.6786200003869,41.7683849999447],[-87.6833429998927,41.7683320000239],[-87.683444000175,41.7719780002155],[-87.6834940004037,41.7737829998631],[-87.6835479999321,41.775598999841],[-87.6836390001687,41.779216000121]]]},"properties":{"OBJECTID":1499,"GEOID":"17031660700","STATE":"17","COUNTY":"031","TRACT":"660700","NAME":"Census Tract 6607","Shape__Area":866383.66796875,"Shape__Length":4346.8431057834605}},{"type":"Feature","id":1500,"geometry":{"type":"Polygon","coordinates":[[[-87.712896999615,41.7860969998789],[-87.7082300001858,41.7861719999989],[-87.7045679999637,41.7862280000223],[-87.7033489995979,41.7862480000667],[-87.7032459996658,41.7826070003347],[-87.7031879999394,41.780795000325],[-87.7031369998858,41.7789729998738],[-87.7055589998256,41.7789350002287],[-87.7079880003364,41.7788929999602],[-87.7127259999108,41.7788320001434],[-87.7128499997594,41.7824610000835],[-87.712896999615,41.7860969998789]]]},"properties":{"OBJECTID":1500,"GEOID":"17031660400","STATE":"17","COUNTY":"031","TRACT":"660400","NAME":"Census Tract 6604","Shape__Area":1159410.97265625,"Shape__Length":4301.848709760674}},{"type":"Feature","id":1501,"geometry":{"type":"Polygon","coordinates":[[[-87.6444129996823,41.7652030001708],[-87.6346660003719,41.7653560000286],[-87.6348429999239,41.7636959998175],[-87.6345750001353,41.7617170003076],[-87.6345299999294,41.7599000002256],[-87.6357469997471,41.7598800000052],[-87.6357020004396,41.7580579998114],[-87.6392359997168,41.7579970002837],[-87.6399000002388,41.7561459996754],[-87.6417399996723,41.7561150000976],[-87.6441840002518,41.7560879998479],[-87.6442319999323,41.7579940001956],[-87.64427499959,41.759744999862],[-87.6443209996208,41.7615639998132],[-87.6443659998266,41.7633829997965],[-87.6444129996823,41.7652030001708]]]},"properties":{"OBJECTID":1501,"GEOID":"17031681300","STATE":"17","COUNTY":"031","TRACT":"681300","NAME":"Census Tract 6813","Shape__Area":1277832.38671875,"Shape__Length":4826.246766411592}},{"type":"Feature","id":1502,"geometry":{"type":"Polygon","coordinates":[[[-87.6739050003787,41.7793159998286],[-87.6690790000425,41.7793830000411],[-87.6689459999731,41.7739520003165],[-87.6688859996986,41.772132000251],[-87.6688249995992,41.7703140000312],[-87.6687740004439,41.7684959998772],[-87.6699860002387,41.7684849997899],[-87.6711980000336,41.7684710001023],[-87.6736249999962,41.7684410000916],[-87.6737129998598,41.7720759999763],[-87.6737570002407,41.7738909998197],[-87.6739050003787,41.7793159998286]]]},"properties":{"OBJECTID":1502,"GEOID":"17031671300","STATE":"17","COUNTY":"031","TRACT":"671300","NAME":"Census Tract 6713","Shape__Area":872755.9609375,"Shape__Length":4326.3829592532429}},{"type":"Feature","id":1503,"geometry":{"type":"Polygon","coordinates":[[[-87.7382070004058,41.8076839999358],[-87.7309459997109,41.8077790002645],[-87.7284760000905,41.8078089999513],[-87.7235870000051,41.8078840001115],[-87.7235290002788,41.8060389997469],[-87.723479999875,41.8042069999892],[-87.7233729997449,41.8005460001338],[-87.7282710000511,41.800490999708],[-87.7282819999218,41.8009470000338],[-87.7307239999531,41.800571000129],[-87.7313349998733,41.800478000124],[-87.734391000198,41.8004240001239],[-87.738013000237,41.8003819998692],[-87.7382070004058,41.8076839999358]]]},"properties":{"OBJECTID":1503,"GEOID":"17031570300","STATE":"17","COUNTY":"031","TRACT":"570300","NAME":"Census Tract 5703","Shape__Area":1767442.80859375,"Shape__Length":5518.4699429817438}},{"type":"Feature","id":1504,"geometry":{"type":"Polygon","coordinates":[[[-87.7037660002478,41.8008210002153],[-87.698883999835,41.8009040003149],[-87.6939999997724,41.8009889999182],[-87.6939000002133,41.7973390001992],[-87.6937980001061,41.7936910000475],[-87.6986799996205,41.7936050002199],[-87.7035539996373,41.7935139999963],[-87.7036590001176,41.7971670001727],[-87.7037660002478,41.8008210002153]]]},"properties":{"OBJECTID":1504,"GEOID":"17031630400","STATE":"17","COUNTY":"031","TRACT":"630400","NAME":"Census Tract 6304","Shape__Area":1185012.97265625,"Shape__Length":4355.1009649731814}},{"type":"Feature","id":1505,"geometry":{"type":"Polygon","coordinates":[[[-87.7231590003829,41.7932039999209],[-87.7182600002517,41.7932759999857],[-87.7133989997554,41.7933620002547],[-87.7133150000898,41.7897460001966],[-87.7131200000961,41.7860919996892],[-87.7180569998621,41.7860140000279],[-87.7229610000162,41.7859370003122],[-87.7230609995753,41.7895769998378],[-87.7231590003829,41.7932039999209]]]},"properties":{"OBJECTID":1505,"GEOID":"17031620400","STATE":"17","COUNTY":"031","TRACT":"620400","NAME":"Census Tract 6204","Shape__Area":1180733.2265625,"Shape__Length":4353.6247103482892}},{"type":"Feature","id":1516,"geometry":{"type":"Polygon","coordinates":[[[-87.6844249999911,41.8084260001939],[-87.6838740003453,41.808417000309],[-87.6771199998137,41.808502999678],[-87.6746870000032,41.8085100001743],[-87.6745909997438,41.8046659999004],[-87.6745530001089,41.8030550002382],[-87.6745070000782,41.8012330002329],[-87.679641000386,41.8011679996909],[-87.6797259998765,41.8046309999982],[-87.6843699997395,41.804631999747],[-87.6844249999911,41.8084260001939]]]},"properties":{"OBJECTID":1516,"GEOID":"17031611500","STATE":"17","COUNTY":"031","TRACT":"611500","NAME":"Census Tract 6115","Shape__Area":915596.765625,"Shape__Length":4343.5030451944513}},{"type":"Feature","id":1517,"geometry":{"type":"Polygon","coordinates":[[[-87.6842400000432,41.8229999997135],[-87.6763180000977,41.8230910002367],[-87.6750879998612,41.823112999748],[-87.6702130000195,41.8231699997548],[-87.667776999836,41.8231830000899],[-87.6654620000263,41.8231499998521],[-87.6651480002069,41.8158710001444],[-87.6651089998489,41.8140600000209],[-87.665063999643,41.8122220001895],[-87.6699259999643,41.8121970000534],[-87.6698890001544,41.8107820001443],[-87.669828000055,41.8085570002349],[-87.6722550000177,41.8085299999621],[-87.6734719998354,41.8085210000919],[-87.6746870000032,41.8085100001743],[-87.6771199998137,41.808502999678],[-87.6838740003453,41.808417000309],[-87.6839649996836,41.8121110002872],[-87.6840719998137,41.8157029999628],[-87.6842400000432,41.8229999997135]]]},"properties":{"OBJECTID":1517,"GEOID":"17031610300","STATE":"17","COUNTY":"031","TRACT":"610300","NAME":"Census Tract 6103","Shape__Area":4287708.2421875,"Shape__Length":8550.8561108292834}},{"type":"Feature","id":1518,"geometry":{"type":"Polygon","coordinates":[[[-87.6048230000462,41.7366489997841],[-87.6011879995883,41.7366979998481],[-87.600544999881,41.736707999884],[-87.6014040003967,41.733077999874],[-87.602223999656,41.7321269999716],[-87.6028499996449,41.7293839998726],[-87.6036060002285,41.7233960001072],[-87.6045069996787,41.7235959997069],[-87.6046249996794,41.7284450000993],[-87.6047119997181,41.7320890000665],[-87.6047340003577,41.7330010003007],[-87.6048230000462,41.7366489997841]]]},"properties":{"OBJECTID":1518,"GEOID":"17031440800","STATE":"17","COUNTY":"031","TRACT":"440800","NAME":"Census Tract 4408","Shape__Area":503278.01953125,"Shape__Length":4559.0333105060308}},{"type":"Feature","id":1519,"geometry":{"type":"Polygon","coordinates":[[[-87.6245459998942,41.7509600001345],[-87.6213859998125,41.7510070001717],[-87.6181539997608,41.7510630000713],[-87.6149579996941,41.751113999686],[-87.6148189997769,41.7456380001681],[-87.6146749998369,41.7419840002082],[-87.6145280004221,41.7365030001786],[-87.6177589997506,41.7364550001073],[-87.6193749997765,41.7364310000582],[-87.6209930003505,41.7364059998578],[-87.6241650001277,41.7362989999629],[-87.6242839999534,41.7418300002043],[-87.624331999634,41.7436550000033],[-87.6245459998942,41.7509600001345]]]},"properties":{"OBJECTID":1519,"GEOID":"17031440300","STATE":"17","COUNTY":"031","TRACT":"440300","NAME":"Census Tract 4403","Shape__Area":2330469.359375,"Shape__Length":6509.0949094268026}},{"type":"Feature","id":1520,"geometry":{"type":"Polygon","coordinates":[[[-87.5663029999146,41.7553609998992],[-87.5585170004116,41.7554579997323],[-87.5561280000837,41.7554890002976],[-87.5522879995865,41.751918999828],[-87.5540719998418,41.7518950001971],[-87.5553210003448,41.751878999768],[-87.5559320002651,41.751870999887],[-87.5584450004415,41.7518359999771],[-87.5613860002401,41.7517949999627],[-87.56259700021,41.7517790001789],[-87.5650190001498,41.7517460000256],[-87.5662329995944,41.7517279997521],[-87.5662379996173,41.7521829998675],[-87.5662689995794,41.7535459998764],[-87.5663029999146,41.7553609998992]]]},"properties":{"OBJECTID":1520,"GEOID":"17031431301","STATE":"17","COUNTY":"031","TRACT":"431301","NAME":"Census Tract 4313.01","Shape__Area":726306.94140625,"Shape__Length":3910.6335681110827}},{"type":"Feature","id":1521,"geometry":{"type":"Polygon","coordinates":[[[-87.633307000264,41.7142769999775],[-87.6292450000089,41.7143549996785],[-87.6284979996461,41.7141489999019],[-87.6275739997314,41.7143930000144],[-87.6235530003825,41.7143319999055],[-87.6236549995914,41.713538999927],[-87.6235950002153,41.7108060002751],[-87.6235230002453,41.707165000169],[-87.6259190002458,41.707132999819],[-87.6282950001549,41.7071010001238],[-87.6324779998855,41.7070509996878],[-87.6330350002774,41.707044000187],[-87.633307000264,41.7142769999775]]]},"properties":{"OBJECTID":1521,"GEOID":"17031490700","STATE":"17","COUNTY":"031","TRACT":"490700","NAME":"Census Tract 4907","Shape__Area":1149187.44140625,"Shape__Length":4305.2148227228654}},{"type":"Feature","id":1522,"geometry":{"type":"Polygon","coordinates":[[[-87.589268999685,41.7332190002725],[-87.5856769997832,41.7332659998896],[-87.5855670001784,41.7332810000739],[-87.5855300003684,41.7314480000073],[-87.5854919998353,41.7296100000263],[-87.5854430003298,41.7278139999609],[-87.5854140000175,41.7259849999844],[-87.5851439996807,41.7232959997387],[-87.5874519998177,41.7232660000672],[-87.5887130000163,41.7262200000543],[-87.5927970000128,41.7331590001265],[-87.589268999685,41.7332190002725]]]},"properties":{"OBJECTID":1522,"GEOID":"17031480300","STATE":"17","COUNTY":"031","TRACT":"480300","NAME":"Census Tract 4803","Shape__Area":750027.87890625,"Shape__Length":4145.6981622907188}},{"type":"Feature","id":1523,"geometry":{"type":"Polygon","coordinates":[[[-87.7245529997526,41.8442549997462],[-87.7208920002538,41.844299000276],[-87.7196739997129,41.8443169999973],[-87.7147870001756,41.8443850003115],[-87.7147410001449,41.8425510002438],[-87.714692999566,41.8407219997518],[-87.718354999788,41.8406640001243],[-87.7207869997735,41.8406239998659],[-87.7244499998205,41.8405660001497],[-87.7244990002243,41.8424099998498],[-87.7245529997526,41.8442549997462]]]},"properties":{"OBJECTID":1523,"GEOID":"17031301701","STATE":"17","COUNTY":"031","TRACT":"301701","NAME":"Census Tract 3017.01","Shape__Area":596667.35546875,"Shape__Length":3272.5134444687405}},{"type":"Feature","id":1524,"geometry":{"type":"Polygon","coordinates":[[[-87.7147870001756,41.8443850003115],[-87.7099099997857,41.8444499998258],[-87.7098110000515,41.8407980000379],[-87.7097139999671,41.8371450000503],[-87.7145939998318,41.8370559999182],[-87.714692999566,41.8407219997518],[-87.7147410001449,41.8425510002438],[-87.7147870001756,41.8443850003115]]]},"properties":{"OBJECTID":1524,"GEOID":"17031301600","STATE":"17","COUNTY":"031","TRACT":"301600","NAME":"Census Tract 3016","Shape__Area":594244.359375,"Shape__Length":3273.4615976360956}},{"type":"Feature","id":1525,"geometry":{"type":"Polygon","coordinates":[[[-87.5762209998276,41.7625149999814],[-87.5713019996049,41.7625670002825],[-87.5676650003956,41.7626059999781],[-87.5664500002277,41.7626189998713],[-87.5664119996946,41.7608030002996],[-87.5663730002348,41.7589880000522],[-87.5675909998774,41.7589740003027],[-87.5712460004268,41.7589339999485],[-87.5761420001849,41.7588759999602],[-87.5761820003679,41.7606969999488],[-87.5762209998276,41.7625149999814]]]},"properties":{"OBJECTID":1525,"GEOID":"17031430800","STATE":"17","COUNTY":"031","TRACT":"430800","NAME":"Census Tract 4308","Shape__Area":589965.66015625,"Shape__Length":3260.5021534205807}},{"type":"Feature","id":1526,"geometry":{"type":"Polygon","coordinates":[[[-87.6156220002162,41.7802389998555],[-87.6132060001241,41.7802820000409],[-87.6108019997277,41.7803250001975],[-87.6095799998871,41.7803470003288],[-87.605930000259,41.7804100002975],[-87.6058490000681,41.7767780003014],[-87.6057689997022,41.7731409997545],[-87.6094100000078,41.7730780000144],[-87.6130449995673,41.7730120001565],[-87.6154499997887,41.7729700000288],[-87.6156220002162,41.7802389998555]]]},"properties":{"OBJECTID":1526,"GEOID":"17031420700","STATE":"17","COUNTY":"031","TRACT":"420700","NAME":"Census Tract 4207","Shape__Area":1170569.359375,"Shape__Length":4327.636631658982}},{"type":"Feature","id":1527,"geometry":{"type":"Polygon","coordinates":[[[-87.6065649995704,41.8095329998254],[-87.6038969995833,41.8095650000432],[-87.6016999997744,41.8095879998551],[-87.6016289996293,41.8059479997687],[-87.6015580003825,41.8023130000521],[-87.6037839996054,41.8022859998265],[-87.606407000285,41.8022509999635],[-87.6065649995704,41.8095329998254]]]},"properties":{"OBJECTID":1527,"GEOID":"17031390400","STATE":"17","COUNTY":"031","TRACT":"390400","NAME":"Census Tract 3904","Shape__Area":587862.5234375,"Shape__Length":3255.7068556785839}},{"type":"Feature","id":1536,"geometry":{"type":"Polygon","coordinates":[[[-87.7156580003869,41.8735680002331],[-87.7107819998219,41.8736280001466],[-87.7106889999355,41.8709009997313],[-87.7106599996232,41.8700039997282],[-87.7155350003632,41.8699429996908],[-87.7155589997544,41.870838999828],[-87.7156580003869,41.8735680002331]]]},"properties":{"OBJECTID":1536,"GEOID":"17031271500","STATE":"17","COUNTY":"031","TRACT":"271500","NAME":"Census Tract 2715","Shape__Area":294044.78515625,"Shape__Length":2169.6573707624348}},{"type":"Feature","id":1537,"geometry":{"type":"Polygon","coordinates":[[[-87.7256700000112,41.8807269998679],[-87.7208289996063,41.8807880003149],[-87.7207059995826,41.8771489998955],[-87.7206550004274,41.8757990000499],[-87.7203649999991,41.8735149996719],[-87.7229779997347,41.8734619997356],[-87.7254130000932,41.8734430001768],[-87.7255460001626,41.8770870000328],[-87.7255789997746,41.8779799998646],[-87.7256700000112,41.8807269998679]]]},"properties":{"OBJECTID":1537,"GEOID":"17031260800","STATE":"17","COUNTY":"031","TRACT":"260800","NAME":"Census Tract 2608","Shape__Area":591469.09765625,"Shape__Length":3279.5600854698341}},{"type":"Feature","id":1538,"geometry":{"type":"Polygon","coordinates":[[[-87.7258730004008,41.8879570002044],[-87.7209819997672,41.8880179997678],[-87.7208200002838,41.8818969997572],[-87.7208289996063,41.8807880003149],[-87.7256700000112,41.8807269998679],[-87.7258730004008,41.8879570002044]]]},"properties":{"OBJECTID":1538,"GEOID":"17031260100","STATE":"17","COUNTY":"031","TRACT":"260100","NAME":"Census Tract 2601","Shape__Area":587721.875,"Shape__Length":3246.0453105959468}},{"type":"Feature","id":1539,"geometry":{"type":"Polygon","coordinates":[[[-87.7751280002299,41.8947119998153],[-87.7722920000133,41.8947550000529],[-87.7701420000601,41.8947849997661],[-87.769044999893,41.8947989999395],[-87.7653950002648,41.8948540002567],[-87.7653199999218,41.8929259999696],[-87.7651810000046,41.8892899999979],[-87.7651059996615,41.8872009997621],[-87.770002000318,41.8871360002273],[-87.7748810003577,41.8870719997565],[-87.7748930000533,41.8874110002251],[-87.7750100002291,41.8909999998066],[-87.7750389996431,41.8918970000289],[-87.7751280002299,41.8947119998153]]]},"properties":{"OBJECTID":1539,"GEOID":"17031251400","STATE":"17","COUNTY":"031","TRACT":"251400","NAME":"Census Tract 2514","Shape__Area":1242670.32421875,"Shape__Length":4459.6866474425769}},{"type":"Feature","id":1540,"geometry":{"type":"Polygon","coordinates":[[[-87.7149989998877,41.8516629997952],[-87.7137779998721,41.8516770000492],[-87.7136270002593,41.8516790000852],[-87.7124220001372,41.851706999914],[-87.7111430003952,41.8519910002571],[-87.7101280002439,41.8517060002311],[-87.7100189995657,41.8480769997754],[-87.7099590001895,41.8462610003191],[-87.7099099997857,41.8444499998258],[-87.7147870001756,41.8443850003115],[-87.714840999704,41.8462210002137],[-87.7148940003057,41.8480329998363],[-87.7149779999713,41.8509120000803],[-87.7149989998877,41.8516629997952]]]},"properties":{"OBJECTID":1540,"GEOID":"17031300700","STATE":"17","COUNTY":"031","TRACT":"300700","NAME":"Census Tract 3007","Shape__Area":595772.18359375,"Shape__Length":3271.7391337564441}},{"type":"Feature","id":1541,"geometry":{"type":"Polygon","coordinates":[[[-87.6959790000215,41.8692329997656],[-87.6911929998682,41.8692949998886],[-87.6910809997152,41.8678390002649],[-87.6904449996806,41.8665679999244],[-87.6881850001224,41.8626860001278],[-87.6882169999095,41.8593369999909],[-87.6956919999663,41.8592210003124],[-87.6959070000514,41.8665109997666],[-87.6959790000215,41.8692329997656]]]},"properties":{"OBJECTID":1541,"GEOID":"17031843300","STATE":"17","COUNTY":"031","TRACT":"843300","NAME":"Census Tract 8433","Shape__Area":1073411.34375,"Shape__Length":4415.8645097795979}},{"type":"Feature","id":1542,"geometry":{"type":"Polygon","coordinates":[[[-87.7057560003674,41.8691329999151],[-87.7008689999318,41.8691890003323],[-87.6959790000215,41.8692329997656],[-87.6959070000514,41.8665109997666],[-87.700787999741,41.8664559998009],[-87.7056690003288,41.8664050002769],[-87.7057560003674,41.8691329999151]]]},"properties":{"OBJECTID":1542,"GEOID":"17031838600","STATE":"17","COUNTY":"031","TRACT":"838600","NAME":"Census Tract 8386","Shape__Area":443792.22265625,"Shape__Length":2990.1787350266677}},{"type":"Feature","id":1543,"geometry":{"type":"Polygon","coordinates":[[[-87.694387000285,42.0590709997008],[-87.689803999623,42.0612469998636],[-87.6888169999591,42.0621189999474],[-87.6875709998291,42.0633630000009],[-87.6871630002984,42.0642109998213],[-87.6815829999268,42.0640980001234],[-87.6816440000261,42.05842400018],[-87.6816769996381,42.0556119997998],[-87.6817109999733,42.0538899997927],[-87.6817489996081,42.0520760001685],[-87.6839999998437,42.0521040001541],[-87.6881469995893,42.0521409997111],[-87.6887340001184,42.0522289997248],[-87.6936779995572,42.0582289999667],[-87.6938850001447,42.0584750003114],[-87.694387000285,42.0590709997008]]]},"properties":{"OBJECTID":1543,"GEOID":"17031809300","STATE":"17","COUNTY":"031","TRACT":"809300","NAME":"Census Tract 8093","Shape__Area":1846024.62890625,"Shape__Length":5550.2128255081843}},{"type":"Feature","id":1661,"geometry":{"type":"Polygon","coordinates":[[[-87.6753320002587,41.6135379998405],[-87.6720440001305,41.613536999802],[-87.6725739998599,41.6153539998229],[-87.6656519999971,41.6153519998022],[-87.6656419999513,41.6117470000915],[-87.6632109997907,41.6117160000455],[-87.6559499999942,41.6117260000403],[-87.655951999644,41.6062839999544],[-87.655955000017,41.6044679998795],[-87.6559419995983,41.5972660002793],[-87.6571529995682,41.5972639996978],[-87.6597379997146,41.5969020002474],[-87.6631790000037,41.5968889997524],[-87.6667859999741,41.5969650000768],[-87.6672219999922,41.5983240002364],[-87.6704599998917,41.5983680001993],[-87.6716149997851,41.5972209999454],[-87.6751969996411,41.5970980002613],[-87.6752350001743,41.6008659998893],[-87.675237999649,41.6012039998109],[-87.675246000045,41.604444000279],[-87.6752550002658,41.6053319997023],[-87.6752989997484,41.6082340001572],[-87.6753320002587,41.6135379998405]]]},"properties":{"OBJECTID":1661,"GEOID":"17031827400","STATE":"17","COUNTY":"031","TRACT":"827400","NAME":"Census Tract 8274","Shape__Area":5102780.79296875,"Shape__Length":10023.236789958864}},{"type":"Feature","id":1662,"geometry":{"type":"Polygon","coordinates":[[[-87.6441800000538,41.5206100000071],[-87.640507999786,41.5206270002434],[-87.6406020003957,41.5278810002894],[-87.6357939996028,41.5278810002894],[-87.63524600033,41.5278730001261],[-87.6258439999027,41.5280339998586],[-87.6257739995825,41.5207090002918],[-87.6239969998982,41.520714000275],[-87.6287150002794,41.5136019999974],[-87.6336219999082,41.5061429996816],[-87.6340679999721,41.5053410002777],[-87.635129999979,41.5025049999762],[-87.6352930001857,41.4989809999129],[-87.636597000042,41.4990020002956],[-87.6401179997987,41.499023999792],[-87.6405670002356,41.5024730002244],[-87.6410550001322,41.5061140001069],[-87.6422390003379,41.5133689999233],[-87.6426560000894,41.5151790003335],[-87.6441800000538,41.5206100000071]]]},"properties":{"OBJECTID":1662,"GEOID":"17031828900","STATE":"17","COUNTY":"031","TRACT":"828900","NAME":"Census Tract 8289","Shape__Area":5717080.7734375,"Shape__Length":11706.096828941259}},{"type":"Feature","id":1663,"geometry":{"type":"Polygon","coordinates":[[[-87.6754009998557,41.6171790002269],[-87.6583829998046,41.6171689997343],[-87.6559569996669,41.6171689997343],[-87.6559459997962,41.6135409999558],[-87.6559499999942,41.6117260000403],[-87.6632109997907,41.6117160000455],[-87.6656419999513,41.6117470000915],[-87.6656519999971,41.6153519998022],[-87.6725739998599,41.6153539998229],[-87.6720440001305,41.613536999802],[-87.6753320002587,41.6135379998405],[-87.6754009998557,41.6171790002269]]]},"properties":{"OBJECTID":1663,"GEOID":"17031826902","STATE":"17","COUNTY":"031","TRACT":"826902","NAME":"Census Tract 8269.02","Shape__Area":1261174.67578125,"Shape__Length":6546.3247668627864}},{"type":"Feature","id":1664,"geometry":{"type":"Polygon","coordinates":[[[-87.6754190002973,41.6189969996812],[-87.6752789996569,41.6226690002942],[-87.665696000378,41.6226479997699],[-87.6657189999442,41.6262839996708],[-87.6560229997891,41.6262590002875],[-87.6559979996748,41.6226240002174],[-87.6559569996669,41.6171689997343],[-87.6583829998046,41.6171689997343],[-87.6754009998557,41.6171790002269],[-87.6754190002973,41.6189969996812]]]},"properties":{"OBJECTID":1664,"GEOID":"17031826901","STATE":"17","COUNTY":"031","TRACT":"826901","NAME":"Census Tract 8269.01","Shape__Area":2343968.54296875,"Shape__Length":7023.4940868816511}},{"type":"Feature","id":1665,"geometry":{"type":"Polygon","coordinates":[[[-87.8262889996148,41.7832219999183],[-87.816805999895,41.7930949997434],[-87.8170360000487,41.7921930000703],[-87.8148619998061,41.7914099998773],[-87.8102699998215,41.7913629999643],[-87.8097610000085,41.7898349997824],[-87.8106430000904,41.7871080000908],[-87.8115279996471,41.784381000281],[-87.8012120002492,41.784600000004],[-87.8010180000804,41.7800320002263],[-87.8008990002547,41.7772919999852],[-87.8010160004306,41.7762650000389],[-87.8043620002851,41.7723859997106],[-87.8056920000807,41.7744319997746],[-87.8080500004464,41.7743820001522],[-87.8120390000083,41.7743779999396],[-87.8122499998955,41.7745840001829],[-87.8148609999811,41.7750019999506],[-87.8153470002279,41.7750800002788],[-87.8147160002162,41.7759459998686],[-87.8158259999038,41.7764560001081],[-87.8164059998619,41.7769310000201],[-87.8202990000626,41.7768660002893],[-87.8204070000176,41.77907699988],[-87.8202849998189,41.7795419997453],[-87.82449900041,41.7821590002706],[-87.8258669998404,41.7829570002165],[-87.8262889996148,41.7832219999183]]]},"properties":{"OBJECTID":1665,"GEOID":"17031820400","STATE":"17","COUNTY":"031","TRACT":"820400","NAME":"Census Tract 8204","Shape__Area":4651279,"Shape__Length":10410.770399357847}},{"type":"Feature","id":1674,"geometry":{"type":"Polygon","coordinates":[[[-87.6615989999628,41.6848200002122],[-87.6567419996644,41.6848860001695],[-87.6518750002186,41.6849520000592],[-87.6494459997078,41.684985999915],[-87.6470160002704,41.6850170002808],[-87.6421520002993,41.6850819997658],[-87.6419680001763,41.6796490001539],[-87.6419070000769,41.677814999795],[-87.6467779997207,41.6777460001545],[-87.651743999799,41.677676999769],[-87.6522080003045,41.6776699997549],[-87.6565190000817,41.6776109997978],[-87.6613649996111,41.6775440000425],[-87.6615989999628,41.6848200002122]]]},"properties":{"OBJECTID":1674,"GEOID":"17031530300","STATE":"17","COUNTY":"031","TRACT":"530300","NAME":"Census Tract 5303","Shape__Area":2348534.8671875,"Shape__Length":6499.9185320395964}},{"type":"Feature","id":1675,"geometry":{"type":"Polygon","coordinates":[[[-87.7960860003373,41.8560049999196],[-87.7898220002504,41.8560989998687],[-87.7837049995783,41.8561880002769],[-87.783646999852,41.8541799998934],[-87.7835470002929,41.8507649998518],[-87.7872220000354,41.8506979999952],[-87.7896709997394,41.8506730001606],[-87.7908909999301,41.8505970002285],[-87.7958019997568,41.850519000134],[-87.7959740001843,41.8540079999455],[-87.7960860003373,41.8560049999196]]]},"properties":{"OBJECTID":1675,"GEOID":"17031814900","STATE":"17","COUNTY":"031","TRACT":"814900","NAME":"Census Tract 8149","Shape__Area":1118083.75,"Shape__Length":4374.6512496139021}},{"type":"Feature","id":2641,"geometry":{"type":"Polygon","coordinates":[[[-87.7651059996615,41.8872009997621],[-87.7603539998434,41.8873579997753],[-87.7589980001086,41.8873769998785],[-87.7579879999801,41.8873909996693],[-87.7553190001681,41.8872020002277],[-87.7551609999844,41.8830019998975],[-87.755067000273,41.8803720002557],[-87.7587289995968,41.8803250000819],[-87.7601189996668,41.8803079996975],[-87.7648639998122,41.8802460002243],[-87.7650019999044,41.8842349997847],[-87.7651059996615,41.8872009997621]]]},"properties":{"OBJECTID":2641,"GEOID":"17031251900","STATE":"17","COUNTY":"031","TRACT":"251900","NAME":"Census Tract 2519","Shape__Area":1140915.7578125,"Shape__Length":4244.0508834541688}},{"type":"Feature","id":2642,"geometry":{"type":"Polygon","coordinates":[[[-87.6835289996655,41.9918339998024],[-87.6816990002777,41.9918549998353],[-87.6817050001255,41.994231000021],[-87.6823889998407,41.9942189998788],[-87.6825729999637,41.9978540001491],[-87.6768369999564,41.997959000327],[-87.6752069996869,41.9979890002506],[-87.6750119996932,41.9979929998388],[-87.6748950004157,41.9943539996796],[-87.6747050004449,41.9907630002886],[-87.6750440003786,41.9907580000685],[-87.6784220000202,41.9906969998881],[-87.6835239996426,41.9906090001378],[-87.6835289996655,41.9918339998024]]]},"properties":{"OBJECTID":2642,"GEOID":"17031020902","STATE":"17","COUNTY":"031","TRACT":"020902","NAME":"Census Tract 209.02","Shape__Area":907369.9609375,"Shape__Length":4271.5453795618705}},{"type":"Feature","id":2643,"geometry":{"type":"Polygon","coordinates":[[[-87.6269610001613,41.8455850002636],[-87.6262649998522,41.8455980000617],[-87.6233919998257,41.8456419996679],[-87.6221380001981,41.8456599996805],[-87.6188640003136,41.8457099999123],[-87.6176709998871,41.845722999685],[-87.6172990003414,41.8456679999076],[-87.6171789997925,41.8411839998686],[-87.617122999716,41.8384230001337],[-87.6174669996726,41.838418999902],[-87.6182690002869,41.8384090003255],[-87.6219249997628,41.8383649997611],[-87.623313000183,41.8383459998122],[-87.6234429998793,41.8383449999204],[-87.6265829998696,41.8383029997661],[-87.6267729998403,41.8383009999812],[-87.6269610001613,41.8455850002636]]]},"properties":{"OBJECTID":2643,"GEOID":"17031839200","STATE":"17","COUNTY":"031","TRACT":"839200","NAME":"Census Tract 8392","Shape__Area":1172780.484375,"Shape__Length":4322.3466251837854}},{"type":"Feature","id":2653,"geometry":{"type":"Polygon","coordinates":[[[-87.7482580003881,41.8949849999459],[-87.745807000136,41.8950039997867],[-87.7412029995576,41.8950930001972],[-87.7406129995537,41.8878079999626],[-87.745546999845,41.8877809996796],[-87.747959999564,41.8877570000873],[-87.7480020002951,41.8878850002611],[-87.7481339996413,41.8913590001498],[-87.7482580003881,41.8949849999459]]]},"properties":{"OBJECTID":2653,"GEOID":"17031251700","STATE":"17","COUNTY":"031","TRACT":"251700","NAME":"Census Tract 2517","Shape__Area":871524.39453125,"Shape__Length":3776.6514702604877}},{"type":"Feature","id":2654,"geometry":{"type":"Polygon","coordinates":[[[-87.7406129995537,41.8878079999626],[-87.7357140003208,41.8878779997514],[-87.7354759997712,41.8806110002059],[-87.7403699998795,41.8805549997632],[-87.7406129995537,41.8878079999626]]]},"properties":{"OBJECTID":2654,"GEOID":"17031260400","STATE":"17","COUNTY":"031","TRACT":"260400","NAME":"Census Tract 2604","Shape__Area":591953.69921875,"Shape__Length":3262.0562417442006}},{"type":"Feature","id":2655,"geometry":{"type":"Polygon","coordinates":[[[-87.7010129998719,41.8737469997972],[-87.6961010002202,41.8737940001265],[-87.6959790000215,41.8692329997656],[-87.7008689999318,41.8691890003323],[-87.7010129998719,41.8737469997972]]]},"properties":{"OBJECTID":2655,"GEOID":"17031271800","STATE":"17","COUNTY":"031","TRACT":"271800","NAME":"Census Tract 2718","Shape__Area":371974.671875,"Shape__Length":2454.7945505338907}},{"type":"Feature","id":2656,"geometry":{"type":"Polygon","coordinates":[[[-87.6264790001125,41.8310189998734],[-87.6225060004441,41.8310520000714],[-87.6217640001043,41.8310590001111],[-87.6216019997226,41.8237749998829],[-87.6264220002111,41.8237139999333],[-87.6264749999145,41.8273610003263],[-87.6266439999689,41.831013999842],[-87.6264790001125,41.8310189998734]]]},"properties":{"OBJECTID":2656,"GEOID":"17031351400","STATE":"17","COUNTY":"031","TRACT":"351400","NAME":"Census Tract 3514","Shape__Area":584910.828125,"Shape__Length":3259.14379183931}},{"type":"Feature","id":2657,"geometry":{"type":"Polygon","coordinates":[[[-87.6260849999272,41.8092360000545],[-87.6195930002347,41.8093359998065],[-87.6196419997402,41.8111510001817],[-87.6182039999895,41.8111729997774],[-87.6181529999359,41.8093589997006],[-87.6181069999052,41.807537999882],[-87.6168020002239,41.8075589996764],[-87.6167600003911,41.8057380002528],[-87.6246849998114,41.8056169998174],[-87.6259839996448,41.8056330002367],[-87.6260849999272,41.8092360000545]]]},"properties":{"OBJECTID":2657,"GEOID":"17031381400","STATE":"17","COUNTY":"031","TRACT":"381400","NAME":"Census Tract 3814","Shape__Area":562322.72265625,"Shape__Length":3679.5851511008154}},{"type":"Feature","id":2658,"geometry":{"type":"Polygon","coordinates":[[[-87.6228899996854,41.6853219997727],[-87.6180500000037,41.6853749997877],[-87.6167999996758,41.6853849997603],[-87.6125130001881,41.6854320001475],[-87.6123220003924,41.6854329997414],[-87.6137760000365,41.6789340002071],[-87.6139109997558,41.6781580001581],[-87.6165920001616,41.6781170000838],[-87.6178209996749,41.6780989999774],[-87.6226579998818,41.6780259997927],[-87.6227159996081,41.6798500000166],[-87.6228029996467,41.6825439997823],[-87.6228529998755,41.6841690001465],[-87.6228899996854,41.6853219997727]]]},"properties":{"OBJECTID":2658,"GEOID":"17031530100","STATE":"17","COUNTY":"031","TRACT":"530100","NAME":"Census Tract 5301","Shape__Area":1164146.4921875,"Shape__Length":4336.9969042921621}},{"type":"Feature","id":2659,"geometry":{"type":"Polygon","coordinates":[[[-87.7475880000183,41.9622350001162],[-87.7473729999331,41.9624330001131],[-87.7472759998488,41.9623789998713],[-87.7445409999145,41.9607560001192],[-87.7464580002393,41.9607359998303],[-87.7427499999865,41.953473999777],[-87.7425249998556,41.9530069997228],[-87.7424300003193,41.9498379996785],[-87.742360999824,41.9461849997467],[-87.7470649999616,41.9461240002995],[-87.7471410001296,41.9479420002417],[-87.7472390000388,41.9506689998217],[-87.7473050001611,41.953417999768],[-87.7473539996666,41.9552419998643],[-87.7474459997281,41.9579820000965],[-87.7475000001548,41.9598109998139],[-87.7475880000183,41.9622350001162]]]},"properties":{"OBJECTID":2659,"GEOID":"17031831700","STATE":"17","COUNTY":"031","TRACT":"831700","NAME":"Census Tract 8317","Shape__Area":965469.796875,"Shape__Length":5848.9259652685341}},{"type":"Feature","id":2660,"geometry":{"type":"Polygon","coordinates":[[[-87.6766899996434,41.8831469998685],[-87.6669449999827,41.883297999996],[-87.6668520000963,41.8814549998348],[-87.6667390001184,41.8763510000678],[-87.666686000415,41.8742510001891],[-87.6748590004307,41.8740670000182],[-87.6764560001899,41.8740429999569],[-87.6765149997412,41.8758440002589],[-87.67652800016,41.8762070000284],[-87.6765459997033,41.8774789999646],[-87.6765800000385,41.8787459996856],[-87.6766419999628,41.8813140002619],[-87.6766899996434,41.8831469998685]]]},"properties":{"OBJECTID":2660,"GEOID":"17031838100","STATE":"17","COUNTY":"031","TRACT":"838100","NAME":"Census Tract 8381","Shape__Area":1478701.94921875,"Shape__Length":4887.4661446287773}},{"type":"Feature","id":2661,"geometry":{"type":"Polygon","coordinates":[[[-87.6358389998086,41.8090460002296],[-87.6289160001209,41.8091849997727],[-87.6288309997321,41.8018920001501],[-87.6285620001186,41.7945990001734],[-87.6342119999121,41.7944990001909],[-87.6353619997826,41.7944780001346],[-87.6356220000736,41.8017669999744],[-87.6358389998086,41.8090460002296]]]},"properties":{"OBJECTID":2661,"GEOID":"17031835600","STATE":"17","COUNTY":"031","TRACT":"835600","NAME":"Census Tract 8356","Shape__Area":1654976.703125,"Shape__Length":5882.8338068253643}},{"type":"Feature","id":2794,"geometry":{"type":"Polygon","coordinates":[[[-87.6900709995867,42.0050330002759],[-87.6838159997207,42.0051429997139],[-87.6801710001154,42.0052059999677],[-87.6779380003215,42.0003570002107],[-87.6768369999564,41.997959000327],[-87.6825729999637,41.9978540001491],[-87.6837949998043,41.9978320000263],[-87.686229000338,41.9977940001603],[-87.689883000164,41.997729999843],[-87.6899459999132,42.0001440001614],[-87.6899769998754,42.0013679998793],[-87.6900239997311,42.0031890003036],[-87.6900709995867,42.0050330002759]]]},"properties":{"OBJECTID":2794,"GEOID":"17031020500","STATE":"17","COUNTY":"031","TRACT":"020500","NAME":"Census Tract 205","Shape__Area":1398384.74609375,"Shape__Length":4796.5077600088243}},{"type":"Feature","id":3116,"geometry":{"type":"Polygon","coordinates":[[[-87.655951999644,41.6062839999544],[-87.6559499999942,41.6117260000403],[-87.6559459997962,41.6135409999558],[-87.6510759999774,41.6135500003011],[-87.6494540001037,41.6135509996677],[-87.6462079998083,41.6135579999353],[-87.6429630002361,41.6135620000878],[-87.6364060002463,41.6135739998724],[-87.6364620003228,41.6108810000457],[-87.6365059998054,41.6081419997336],[-87.6365049999805,41.6075089999206],[-87.6364499997289,41.6045290000273],[-87.6437599999292,41.6045030000925],[-87.6460710004392,41.6047460000307],[-87.6510729996043,41.6044829998771],[-87.655955000017,41.6044679998795],[-87.655951999644,41.6062839999544]]]},"properties":{"OBJECTID":3116,"GEOID":"17031827300","STATE":"17","COUNTY":"031","TRACT":"827300","NAME":"Census Tract 8273","Shape__Area":2910354.69140625,"Shape__Length":7047.9938031906649}},{"type":"Feature","id":3117,"geometry":{"type":"Polygon","coordinates":[[[-87.6380459996633,41.6190339999772],[-87.6361970000089,41.6226100003065],[-87.6318119997136,41.6226170002623],[-87.6272130000564,41.6226289997052],[-87.6244029997791,41.6226380001253],[-87.6207559996257,41.6226409998174],[-87.6171179996931,41.6226570001873],[-87.6170919997538,41.6190320000707],[-87.6170740002105,41.616719000139],[-87.6170619996166,41.6094379999155],[-87.6170270003548,41.6008790002549],[-87.6243469997026,41.6009079996658],[-87.6315459995748,41.6009130001652],[-87.6364170001169,41.6009130001652],[-87.6364499997289,41.6045290000273],[-87.6365049999805,41.6075089999206],[-87.6365059998054,41.6081419997336],[-87.6364620003228,41.6108810000457],[-87.6364060002463,41.6135739998724],[-87.6364480000791,41.6153750000362],[-87.6366460004458,41.6190339999772],[-87.6380459996633,41.6190339999772]]]},"properties":{"OBJECTID":3117,"GEOID":"17031827200","STATE":"17","COUNTY":"031","TRACT":"827200","NAME":"Census Tract 8272","Shape__Area":7026517.08984375,"Shape__Length":10950.258412610257}},{"type":"Feature","id":3118,"geometry":{"type":"Polygon","coordinates":[[[-87.7229610000162,41.7859370003122],[-87.7180569998621,41.7860140000279],[-87.7131200000961,41.7860919996892],[-87.712896999615,41.7860969998789],[-87.7128499997594,41.7824610000835],[-87.7127259999108,41.7788320001434],[-87.712896999615,41.7788309999922],[-87.7178540003709,41.7787350001394],[-87.7227600001747,41.778657999721],[-87.7228630001069,41.7822959996655],[-87.7229610000162,41.7859370003122]]]},"properties":{"OBJECTID":3118,"GEOID":"17031650100","STATE":"17","COUNTY":"031","TRACT":"650100","NAME":"Census Tract 6501","Shape__Area":1213189.76953125,"Shape__Length":4409.505014100112}},{"type":"Feature","id":3119,"geometry":{"type":"Polygon","coordinates":[[[-87.6788170000304,41.7759349997189],[-87.6784899997922,41.7792469999265],[-87.6739050003787,41.7793159998286],[-87.6737570002407,41.7738909998197],[-87.6737129998598,41.7720759999763],[-87.6736249999962,41.7684410000916],[-87.6786200003869,41.7683849999447],[-87.6787149999231,41.7720149997052],[-87.6788170000304,41.7759349997189]]]},"properties":{"OBJECTID":3119,"GEOID":"17031671400","STATE":"17","COUNTY":"031","TRACT":"671400","NAME":"Census Tract 6714","Shape__Area":891821.94921875,"Shape__Length":4313.0505511891624}},{"type":"Feature","id":3134,"geometry":{"type":"Polygon","coordinates":[[[-87.6649730003047,41.8086040002609],[-87.6625339997482,41.8086369999595],[-87.6601059999606,41.8086689999553],[-87.6600120002493,41.8050289998826],[-87.6600049996783,41.8047530000337],[-87.6599849995868,41.8040979997751],[-87.6599639996704,41.8032059999883],[-87.6599179996396,41.8013819999901],[-87.6647759997629,41.8013180000695],[-87.6648250001667,41.8031399996668],[-87.6649730003047,41.8086040002609]]]},"properties":{"OBJECTID":3134,"GEOID":"17031611200","STATE":"17","COUNTY":"031","TRACT":"611200","NAME":"Census Tract 6112","Shape__Area":589281.7578125,"Shape__Length":3259.4845376084118}},{"type":"Feature","id":3135,"geometry":{"type":"Polygon","coordinates":[[[-87.5863289997114,41.7661209998749],[-87.5824449997315,41.7661530003284],[-87.5799879996316,41.7661850000959],[-87.5793750000615,41.7661819997205],[-87.5763020000185,41.7662140001436],[-87.5762610000106,41.7643310000157],[-87.5762209998276,41.7625149999814],[-87.579286000373,41.7624810002515],[-87.5823440003475,41.7624499997134],[-87.586231999627,41.7624100001858],[-87.5862810000308,41.7642329998138],[-87.5863289997114,41.7661209998749]]]},"properties":{"OBJECTID":3135,"GEOID":"17031430500","STATE":"17","COUNTY":"031","TRACT":"430500","NAME":"Census Tract 4305","Shape__Area":616841.33203125,"Shape__Length":3336.9074783078072}},{"type":"Feature","id":3136,"geometry":{"type":"Polygon","coordinates":[[[-87.8599210003841,42.0658770002665],[-87.8556530002647,42.065863999974],[-87.8518610003463,42.0658489996843],[-87.8488970000832,42.0658260000782],[-87.8468070004044,42.0658149997706],[-87.8399399998949,42.0657889998243],[-87.8402460002166,42.064063000247],[-87.8402889998743,42.0618729997138],[-87.8402960004453,42.0612389999726],[-87.8403039999429,42.0607270001835],[-87.8403120003389,42.0593209998518],[-87.8403190000116,42.056503000307],[-87.8403270004075,42.0562519999189],[-87.8403549999966,42.055194000236],[-87.8403490001488,42.054551999777],[-87.8453660002807,42.0544489999989],[-87.8474819998988,42.0543750002172],[-87.8487330000517,42.0543299998661],[-87.8488750003419,42.0543249999734],[-87.8495189998741,42.0543039998859],[-87.8502820001304,42.0542760002031],[-87.8523650001365,42.0541940001083],[-87.8550070001843,42.0540989998742],[-87.8564490001329,42.0540450000148],[-87.8573780000705,42.0575299998944],[-87.8549949995904,42.0575870001741],[-87.8549979999635,42.058516999722],[-87.8558969997638,42.0613370000686],[-87.8599449997752,42.0612000002394],[-87.8599210003841,42.0658770002665]]]},"properties":{"OBJECTID":3136,"GEOID":"17031806001","STATE":"17","COUNTY":"031","TRACT":"806001","NAME":"Census Tract 8060.01","Shape__Area":3329740.8828125,"Shape__Length":8229.7980965234874}},{"type":"Feature","id":3345,"geometry":{"type":"Polygon","coordinates":[[[-87.6567299999689,41.9873310002269],[-87.656031000185,41.9873439998958],[-87.6553030000889,41.9873570002299],[-87.6553249998302,41.9880929997629],[-87.6536455796436,41.988080681972],[-87.6527429632259,41.9857719354638],[-87.6521416309747,41.9842338230483],[-87.6551919997608,41.9838019997249],[-87.6559149998341,41.9836920001232],[-87.656608999595,41.983683000196],[-87.6566720002425,41.9855069999645],[-87.6567299999689,41.9873310002269]]]},"properties":{"OBJECTID":3345,"GEOID":"17031030604","STATE":"17","COUNTY":"031","TRACT":"030604","NAME":"Census Tract 306.04","Shape__Area":249494.359375,"Shape__Length":2107.6486839847316}},{"type":"Feature","id":3346,"geometry":{"type":"Polygon","coordinates":[[[-87.5764869999664,41.7734560002069],[-87.5716170001475,41.7735020002839],[-87.5715600002461,41.7716790000609],[-87.5715090001925,41.7698539997039],[-87.5714559995907,41.7680289996863],[-87.5713970000395,41.7662620000782],[-87.5763020000185,41.7662140001436],[-87.5763480000492,41.7679809997337],[-87.5763980002779,41.7698010003267],[-87.5764479996083,41.7716290003023],[-87.5764869999664,41.7734560002069]]]},"properties":{"OBJECTID":3346,"GEOID":"17031430101","STATE":"17","COUNTY":"031","TRACT":"430101","NAME":"Census Tract 4301.01","Shape__Area":588369.98828125,"Shape__Length":3250.2486096445086}},{"type":"Feature","id":3350,"geometry":{"type":"Polygon","coordinates":[[[-87.6743010002138,41.793916000281],[-87.6718740002512,41.7939430000149],[-87.6694430000905,41.7939689998222],[-87.6692949999525,41.7885099997231],[-87.6692449997238,41.7866880001339],[-87.6741000003724,41.7866279997241],[-87.6743010002138,41.793916000281]]]},"properties":{"OBJECTID":3350,"GEOID":"17031670400","STATE":"17","COUNTY":"031","TRACT":"670400","NAME":"Census Tract 6704","Shape__Area":588165.8515625,"Shape__Length":3257.0438102128214}},{"type":"Feature","id":3351,"geometry":{"type":"Polygon","coordinates":[[[-87.5601860001408,41.733229999701],[-87.5596360003199,41.7336259999954],[-87.5554939996989,41.7336799999378],[-87.5485900002777,41.733762999798],[-87.5429830001419,41.7338340000455],[-87.5394449997684,41.7340350001792],[-87.5365449999777,41.7296350001903],[-87.5393259999428,41.7286389998344],[-87.5397999995957,41.7300359997206],[-87.5405829999434,41.7305239997229],[-87.5414829995687,41.7297250002977],[-87.5414969998124,41.7302009997969],[-87.5554050000104,41.7300139997678],[-87.5556529997075,41.7299609996677],[-87.5598609995525,41.732994999799],[-87.5601860001408,41.733229999701]]]},"properties":{"OBJECTID":3351,"GEOID":"17031833900","STATE":"17","COUNTY":"031","TRACT":"833900","NAME":"Census Tract 8339","Shape__Area":1277109.51171875,"Shape__Length":6243.1037669292209}},{"type":"Feature","id":3921,"geometry":{"type":"Polygon","coordinates":[[[-87.7561459999985,41.9241069998356],[-87.7512269997758,41.9241750001663],[-87.7487579999803,41.9242059999785],[-87.7463019997053,41.9242390002148],[-87.7462099996438,41.9205840003328],[-87.7461689996359,41.9187570000717],[-87.7460099996273,41.9144930001138],[-87.7485739998573,41.9148009997413],[-87.7493599996798,41.9149079998695],[-87.7528579998703,41.9153259996759],[-87.7558949999283,41.9157090000983],[-87.7559910001878,41.9186520003265],[-87.7560420002414,41.920458000081],[-87.7561459999985,41.9241069998356]]]},"properties":{"OBJECTID":3921,"GEOID":"17031191100","STATE":"17","COUNTY":"031","TRACT":"191100","NAME":"Census Tract 1911","Shape__Area":1486838.9453125,"Shape__Length":4926.505561789123}},{"type":"Feature","id":3933,"geometry":{"type":"Polygon","coordinates":[[[-87.6640700003064,41.7740130000854],[-87.661633000298,41.7740439997261],[-87.6592160003811,41.7740780000279],[-87.6591660001524,41.7722630001164],[-87.6590659996949,41.768622000256],[-87.6589669999607,41.7649810001093],[-87.6637959997717,41.7649089997615],[-87.663897999879,41.7685519999272],[-87.6639680001992,41.7703719997305],[-87.6640209999026,41.772192000156],[-87.6640700003064,41.7740130000854]]]},"properties":{"OBJECTID":3933,"GEOID":"17031671600","STATE":"17","COUNTY":"031","TRACT":"671600","NAME":"Census Tract 6716","Shape__Area":732405.41796875,"Shape__Length":3795.3363014833481}},{"type":"Feature","id":4060,"geometry":{"type":"Polygon","coordinates":[[[-87.6589669999607,41.7649810001093],[-87.6541160004084,41.7650569998305],[-87.6539730002933,41.759595999821],[-87.6539289999124,41.7578459999181],[-87.6587769999899,41.7577339998434],[-87.6588249996705,41.7595240001314],[-87.6589669999607,41.7649810001093]]]},"properties":{"OBJECTID":4060,"GEOID":"17031671800","STATE":"17","COUNTY":"031","TRACT":"671800","NAME":"Census Tract 6718","Shape__Area":582843.1171875,"Shape__Length":3238.1405652472945}},{"type":"Feature","id":4061,"geometry":{"type":"Polygon","coordinates":[[[-87.6862689996226,41.8760839997239],[-87.6838280003146,41.8761200000006],[-87.6839010001095,41.8786240001856],[-87.6839599996607,41.8811589998934],[-87.6815290003984,41.8811980003279],[-87.6766419999628,41.8813140002619],[-87.6765800000385,41.8787459996856],[-87.6765459997033,41.8774789999646],[-87.67652800016,41.8762070000284],[-87.6765149997412,41.8758440002589],[-87.6764560001899,41.8740429999569],[-87.6837809995606,41.8739270002023],[-87.6862350001857,41.873891000028],[-87.6862560001021,41.8757779998969],[-87.6862689996226,41.8760839997239]]]},"properties":{"OBJECTID":4061,"GEOID":"17031838000","STATE":"17","COUNTY":"031","TRACT":"838000","NAME":"Census Tract 838","Shape__Area":971717.35546875,"Shape__Length":4344.2908476302646}},{"type":"Feature","id":4261,"geometry":{"type":"Polygon","coordinates":[[[-87.7389570002432,41.6763609998439],[-87.7388430004404,41.6768839999465],[-87.7388269996486,41.6789210001467],[-87.7313659998355,41.6727450002416],[-87.7238720004104,41.669282999916],[-87.7199409996766,41.6694299997468],[-87.7194140003202,41.6694159999371],[-87.7097619996477,41.669507000323],[-87.7095569996083,41.6656920001694],[-87.7095280001943,41.6622360001208],[-87.7080939997433,41.6622569998272],[-87.7045279997808,41.6607070002827],[-87.7044809999251,41.6595449999638],[-87.7043040003731,41.6550159997186],[-87.7043000001751,41.6549610000737],[-87.7041670001058,41.6519480003331],[-87.7041489996641,41.6514329999889],[-87.7187680002398,41.6513339999201],[-87.7250380001745,41.6518520000598],[-87.7254449998803,41.6521550000999],[-87.7330990000372,41.6537799998338],[-87.7383839999578,41.6557379999396],[-87.7384979997606,41.6617390001486],[-87.7387689999222,41.6679739998815],[-87.738886999923,41.6690400002676],[-87.7391100004041,41.6751269998596],[-87.7389570002432,41.6763609998439]]]},"properties":{"OBJECTID":4261,"GEOID":"17031823302","STATE":"17","COUNTY":"031","TRACT":"823302","NAME":"Census Tract 8233.02","Shape__Area":10044851.16015625,"Shape__Length":14271.397237904192}},{"type":"Feature","id":4262,"geometry":{"type":"Polygon","coordinates":[[[-87.6935949997165,41.7864070001639],[-87.692376000249,41.7864270001524],[-87.6911560000582,41.7864470001347],[-87.6874980000342,41.7865039999495],[-87.6838309997893,41.7865290000638],[-87.6836860000243,41.7865100001385],[-87.678715999748,41.7865689999585],[-87.6784899997922,41.7792469999265],[-87.6836390001687,41.779216000121],[-87.6873049996903,41.7792049998624],[-87.6909590004148,41.779153000319],[-87.6933920002252,41.7791160002576],[-87.6934449999287,41.7809390001136],[-87.6934969998072,41.7827600002137],[-87.6935949997165,41.7864070001639]]]},"properties":{"OBJECTID":4262,"GEOID":"17031835000","STATE":"17","COUNTY":"031","TRACT":"835000","NAME":"Census Tract 835","Shape__Area":1807645.5625,"Shape__Length":5497.8987944110386}},{"type":"Feature","id":4263,"geometry":{"type":"Polygon","coordinates":[[[-87.7136349997569,41.8041889997025],[-87.711222000038,41.8043290001625],[-87.7038649999819,41.8043089997328],[-87.7037660002478,41.8008210002153],[-87.7036590001176,41.7971670001727],[-87.7035539996373,41.7935139999963],[-87.707230999928,41.7934610000789],[-87.7133989997554,41.7933620002547],[-87.7134670004258,41.7952050001855],[-87.7134990002128,41.7970239998655],[-87.7136349997569,41.8041889997025]]]},"properties":{"OBJECTID":4263,"GEOID":"17031630300","STATE":"17","COUNTY":"031","TRACT":"630300","NAME":"Census Tract 6303","Shape__Area":1774035.50390625,"Shape__Length":5413.8756978494839}},{"type":"Feature","id":4275,"geometry":{"type":"Polygon","coordinates":[[[-87.6547869997048,41.9654299998869],[-87.6537420003146,41.9654439999268],[-87.6500189999932,41.9654879998412],[-87.6499880000311,41.9645129999258],[-87.6499660002898,41.9636680001757],[-87.6499119998631,41.9618430001361],[-87.6547480002451,41.9617789997467],[-87.6547690001615,41.9636070000921],[-87.6547769996591,41.9644459997776],[-87.6547869997048,41.9654299998869]]]},"properties":{"OBJECTID":4275,"GEOID":"17031031502","STATE":"17","COUNTY":"031","TRACT":"031502","NAME":"Census Tract 315.02","Shape__Area":292135.34765625,"Shape__Length":2161.6982422902229}},{"type":"Feature","id":4276,"geometry":{"type":"Polygon","coordinates":[[[-87.746873000341,41.9388260002132],[-87.7421540001348,41.9388909999199],[-87.7418930000189,41.9315950002048],[-87.7465949996083,41.9315329997264],[-87.7466669995783,41.9333550003311],[-87.7467410000965,41.9351809998701],[-87.7468149997163,41.9370029998446],[-87.746873000341,41.9388260002132]]]},"properties":{"OBJECTID":4276,"GEOID":"17031190100","STATE":"17","COUNTY":"031","TRACT":"190100","NAME":"Census Tract 1901","Shape__Area":573309.65625,"Shape__Length":3232.8825263265221}},{"type":"Feature","id":4390,"geometry":{"type":"Polygon","coordinates":[[[-87.6656439996011,42.0024209999492],[-87.6607830000031,42.0025509997465],[-87.660711999858,42.0004389996824],[-87.6605529998494,41.9981890000478],[-87.665436000087,41.9981360001394],[-87.6655959999206,42.000829999764],[-87.6656439996011,42.0024209999492]]]},"properties":{"OBJECTID":4390,"GEOID":"17031010503","STATE":"17","COUNTY":"031","TRACT":"010503","NAME":"Census Tract 105.03","Shape__Area":351158.53515625,"Shape__Length":2381.4064891058142}},{"type":"Feature","id":4391,"geometry":{"type":"Polygon","coordinates":[[[-87.6169670000804,41.8311000003288],[-87.6144840000412,41.8311199997561],[-87.6106129995818,41.8311860000308],[-87.6116269999082,41.8275359998024],[-87.6126239996179,41.8238910002413],[-87.6167319999037,41.8238380000113],[-87.616873000369,41.8303900002117],[-87.6169670000804,41.8311000003288]]]},"properties":{"OBJECTID":4391,"GEOID":"17031351100","STATE":"17","COUNTY":"031","TRACT":"351100","NAME":"Census Tract 3511","Shape__Area":626666.24609375,"Shape__Length":3362.901884635121}},{"type":"Feature","id":4394,"geometry":{"type":"Polygon","coordinates":[[[-87.7403699998795,41.8805549997632],[-87.7354759997712,41.8806110002059],[-87.73538000041,41.8778610000692],[-87.7352220002263,41.8735199997267],[-87.7378020003498,41.872405999921],[-87.7400779998014,41.871899000257],[-87.7401230000073,41.8732510002349],[-87.7393899998882,41.8732659997913],[-87.7395149995617,41.8769089997478],[-87.7402619999244,41.876906999832],[-87.7403699998795,41.8805549997632]]]},"properties":{"OBJECTID":4394,"GEOID":"17031260500","STATE":"17","COUNTY":"031","TRACT":"260500","NAME":"Census Tract 2605","Shape__Area":608610.43359375,"Shape__Length":3659.17043410014}},{"type":"Feature","id":4395,"geometry":{"type":"Polygon","coordinates":[[[-87.6498280001975,41.7869559998946],[-87.6474029998847,41.7869890000251],[-87.6449690002493,41.787025000209],[-87.6401710004005,41.7871070000686],[-87.6400809999888,41.7834660002196],[-87.6400280002853,41.7807450003041],[-87.6436779999135,41.7806639997991],[-87.6448389996546,41.7815569999446],[-87.6447859999512,41.7797509998903],[-87.6461740003714,41.7797290002244],[-87.6496430002496,41.7796740000219],[-87.6497369999609,41.7833150001783],[-87.6498280001975,41.7869559998946]]]},"properties":{"OBJECTID":4395,"GEOID":"17031834800","STATE":"17","COUNTY":"031","TRACT":"834800","NAME":"Census Tract 8348","Shape__Area":1087129.046875,"Shape__Length":4515.1120649466257}},{"type":"Feature","id":4530,"geometry":{"type":"Polygon","coordinates":[[[-87.6799269997179,41.652460999704],[-87.6798990001288,41.6527910002802],[-87.6728190000823,41.6587849998522],[-87.6724690002779,41.659160999679],[-87.6705129995951,41.6609600002519],[-87.6681710000213,41.6628129999812],[-87.6657530002794,41.6628590001314],[-87.6656090003394,41.6592669998012],[-87.664442999677,41.6593229997953],[-87.6640789996289,41.6592849998046],[-87.6631299995999,41.6593839997334],[-87.6631730001559,41.6578060001978],[-87.6623839999604,41.6580560000972],[-87.6607419999952,41.6585839999814],[-87.6606199997965,41.6554419997217],[-87.6505639997913,41.6557690002987],[-87.6515589998511,41.6554329998547],[-87.65428000044,41.6533569998539],[-87.6599439995789,41.6520300002295],[-87.6634049999595,41.6505409997978],[-87.6685710000543,41.649272000209],[-87.6695870000306,41.6482389997605],[-87.6702079999966,41.648234000245],[-87.6713110000115,41.6482319999018],[-87.6797500001659,41.6481929999077],[-87.679849999725,41.6504979999845],[-87.6800139997566,41.6514520002898],[-87.6799269997179,41.652460999704]]]},"properties":{"OBJECTID":4530,"GEOID":"17031821300","STATE":"17","COUNTY":"031","TRACT":"821300","NAME":"Census Tract 8213","Shape__Area":3431709.3046875,"Shape__Length":9459.4861845953164}},{"type":"Feature","id":4546,"geometry":{"type":"Polygon","coordinates":[[[-87.6421520002993,41.6850819997658],[-87.6361080003204,41.6851549999968],[-87.6324810002585,41.685203999747],[-87.6276900000824,41.6852630001223],[-87.6228899996854,41.6853219997727],[-87.6228529998755,41.6841690001465],[-87.6228029996467,41.6825439997823],[-87.6227159996081,41.6798500000166],[-87.6226579998818,41.6780259997927],[-87.6274609997535,41.6779720000531],[-87.6322729998461,41.6779199996896],[-87.6419070000769,41.677814999795],[-87.6419680001763,41.6796490001539],[-87.6421520002993,41.6850819997658]]]},"properties":{"OBJECTID":4546,"GEOID":"17031530200","STATE":"17","COUNTY":"031","TRACT":"530200","NAME":"Census Tract 5302","Shape__Area":2327361.00390625,"Shape__Length":6458.84268612533}},{"type":"Feature","id":4547,"geometry":{"type":"Polygon","coordinates":[[[-87.6326450002901,41.6924719998854],[-87.6279069998174,41.6925269996856],[-87.6231039999456,41.6925849998996],[-87.6230770001815,41.6916779997617],[-87.6229969998155,41.6889560002214],[-87.6228899996854,41.6853219997727],[-87.6276900000824,41.6852630001223],[-87.6324810002585,41.685203999747],[-87.6325449998326,41.6870219996845],[-87.6326119997798,41.6888389996933],[-87.6327449998492,41.6916360000838],[-87.6326450002901,41.6924719998854]]]},"properties":{"OBJECTID":4547,"GEOID":"17031491300","STATE":"17","COUNTY":"031","TRACT":"491300","NAME":"Census Tract 4913","Shape__Area":1159761.55859375,"Shape__Length":4297.3756207675224}},{"type":"Feature","id":4613,"geometry":{"type":"Polygon","coordinates":[[[-87.7165699997077,41.9107620002657],[-87.7166559999214,41.913548999949],[-87.713417000197,41.9135890000466],[-87.713305000044,41.9100369996814],[-87.7143600003783,41.9100259998304],[-87.7167000003024,41.9099970000318],[-87.7165699997077,41.9107620002657]]]},"properties":{"OBJECTID":4613,"GEOID":"17031230300","STATE":"17","COUNTY":"031","TRACT":"230300","NAME":"Census Tract 2303","Shape__Area":192612.11328125,"Shape__Length":1802.4313941716512}},{"type":"Feature","id":4634,"geometry":{"type":"Polygon","coordinates":[[[-87.6946269995862,41.8227859999964],[-87.6897269996301,41.8228820001519],[-87.6896439997895,41.8196230000633],[-87.6896150003755,41.8185709997547],[-87.6895800002154,41.8174360002416],[-87.6895269996136,41.8156209998656],[-87.6894749997351,41.8138050000014],[-87.6894270000545,41.8119919997741],[-87.6918709997356,41.8119510000412],[-87.694315000315,41.8119129998571],[-87.6943710003915,41.8137359997271],[-87.6944819998213,41.8173600003336],[-87.6945660003852,41.8200230002176],[-87.6945699996848,41.8201290002547],[-87.6946269995862,41.8227859999964]]]},"properties":{"OBJECTID":4634,"GEOID":"17031580600","STATE":"17","COUNTY":"031","TRACT":"580600","NAME":"Census Tract 5806","Shape__Area":887194.41796875,"Shape__Length":4341.3153744686342}},{"type":"Feature","id":4635,"geometry":{"type":"Polygon","coordinates":[[[-87.6550589996914,41.8014519999767],[-87.6514149999111,41.8015010001227],[-87.6502039999412,41.8015170002306],[-87.6500159996202,41.7942399996851],[-87.6548739997435,41.7941719996814],[-87.6549580003074,41.7978100000231],[-87.6550589996914,41.8014519999767]]]},"properties":{"OBJECTID":4635,"GEOID":"17031612000","STATE":"17","COUNTY":"031","TRACT":"612000","NAME":"Census Tract 612","Shape__Area":587273.51171875,"Shape__Length":3255.5030678100893}},{"type":"Feature","id":4637,"geometry":{"type":"Polygon","coordinates":[[[-87.6746870000032,41.8085100001743],[-87.6734719998354,41.8085210000919],[-87.6722550000177,41.8085299999621],[-87.669828000055,41.8085570002349],[-87.6697350001686,41.8049180002391],[-87.6696919996126,41.8030979998529],[-87.6696449997569,41.801275999731],[-87.6708599999248,41.8012659997101],[-87.6732939995601,41.8012449998621],[-87.6745070000782,41.8012330002329],[-87.6745530001089,41.8030550002382],[-87.6745909997438,41.8046659999004],[-87.6746870000032,41.8085100001743]]]},"properties":{"OBJECTID":4637,"GEOID":"17031611400","STATE":"17","COUNTY":"031","TRACT":"611400","NAME":"Census Tract 6114","Shape__Area":588129.73828125,"Shape__Length":3256.6622909626467}},{"type":"Feature","id":4648,"geometry":{"type":"Polygon","coordinates":[[[-87.7555989996523,41.8949359998027],[-87.7531559997961,41.8949560000022],[-87.7519309995825,41.8949539999825],[-87.7482580003881,41.8949849999459],[-87.7481339996413,41.8913590001498],[-87.7480020002951,41.8878850002611],[-87.7504429996032,41.887866000309],[-87.7528949996802,41.8878420000798],[-87.7553369997115,41.88780899975],[-87.7554630001082,41.8911949997925],[-87.7555989996523,41.8949359998027]]]},"properties":{"OBJECTID":4648,"GEOID":"17031251600","STATE":"17","COUNTY":"031","TRACT":"251600","NAME":"Census Tract 2516","Shape__Area":868181.1875,"Shape__Length":3762.142078620866}},{"type":"Feature","id":4649,"geometry":{"type":"Polygon","coordinates":[[[-87.7399320002116,41.8659599998581],[-87.730063999629,41.866101999984],[-87.725170000419,41.8661720001373],[-87.7250609997407,41.8625240001325],[-87.7249550003338,41.8588680001521],[-87.7298410000462,41.8587999998444],[-87.7371760003609,41.8586919997973],[-87.7397670003551,41.8586539999231],[-87.7398379996019,41.8620750000404],[-87.7399320002116,41.8659599998581]]]},"properties":{"OBJECTID":4649,"GEOID":"17031290900","STATE":"17","COUNTY":"031","TRACT":"290900","NAME":"Census Tract 2909","Shape__Area":1797465.1171875,"Shape__Length":5476.9879628701474}},{"type":"Feature","id":4763,"geometry":{"type":"Polygon","coordinates":[[[-87.5874519998177,41.7232660000672],[-87.5851439996807,41.7232959997387],[-87.5753799997535,41.7234660000715],[-87.5705009997139,41.7235310002573],[-87.5684219999057,41.7235489997195],[-87.565630999895,41.723858000205],[-87.5653560004337,41.7225920000884],[-87.564717000026,41.722600000265],[-87.5646819998659,41.7202930002899],[-87.5646109997208,41.7153559998451],[-87.5645859996064,41.7135260001536],[-87.5645370001009,41.7098959999368],[-87.5645170000095,41.7085359999522],[-87.5645110001617,41.7081029998307],[-87.5669270002537,41.708065999713],[-87.5736630003437,41.7079660003032],[-87.586050999877,41.7077649997582],[-87.5850370004489,41.7099319997881],[-87.5851639997722,41.7207999998207],[-87.5866390002311,41.7223229999435],[-87.5874519998177,41.7232660000672]]]},"properties":{"OBJECTID":4763,"GEOID":"17031510300","STATE":"17","COUNTY":"031","TRACT":"510300","NAME":"Census Tract 5103","Shape__Area":5337288.9609375,"Shape__Length":9666.392138507139}},{"type":"Feature","id":4764,"geometry":{"type":"Polygon","coordinates":[[[-87.8597640000253,41.8907030002069],[-87.8565789998292,41.8903330002891],[-87.851615000299,41.8897860001301],[-87.8516129997509,41.8859519998639],[-87.8514780000316,41.8823229999909],[-87.8513340000916,41.8786930000739],[-87.8438110003543,41.8788729999264],[-87.8437390003842,41.8769659999982],[-87.846162000149,41.8761679998922],[-87.8535679997104,41.8771110002889],[-87.8592819999764,41.8775900002251],[-87.8593220001594,41.8784929997176],[-87.8594390003352,41.8821209998731],[-87.8595609996357,41.8857499998498],[-87.8596600002682,41.8880769997066],[-87.8597640000253,41.8907030002069]]]},"properties":{"OBJECTID":4764,"GEOID":"17031817200","STATE":"17","COUNTY":"031","TRACT":"817200","NAME":"Census Tract 8172","Shape__Area":2014385.07421875,"Shape__Length":7432.5534218795074}},{"type":"Feature","id":4818,"geometry":{"type":"Polygon","coordinates":[[[-87.6741000003724,41.7866279997241],[-87.6692449997238,41.7866880001339],[-87.6691560000353,41.7830459998492],[-87.6690639999738,41.7795440000256],[-87.6690790000425,41.7793830000411],[-87.6739050003787,41.7793159998286],[-87.6740009997399,41.7829819997043],[-87.6741000003724,41.7866279997241]]]},"properties":{"OBJECTID":4818,"GEOID":"17031670600","STATE":"17","COUNTY":"031","TRACT":"670600","NAME":"Census Tract 6706","Shape__Area":588933.0703125,"Shape__Length":3260.4459067571674}},{"type":"Feature","id":4819,"geometry":{"type":"Polygon","coordinates":[[[-87.7133989997554,41.7933620002547],[-87.707230999928,41.7934610000789],[-87.7035539996373,41.7935139999963],[-87.7035050001318,41.7916979996746],[-87.7034540000782,41.7898840001036],[-87.7034010003748,41.788064000061],[-87.7033489995979,41.7862480000667],[-87.7045679999637,41.7862280000223],[-87.7082300001858,41.7861719999989],[-87.712896999615,41.7860969998789],[-87.7131200000961,41.7860919996892],[-87.7133150000898,41.7897460001966],[-87.7133989997554,41.7933620002547]]]},"properties":{"OBJECTID":4819,"GEOID":"17031630900","STATE":"17","COUNTY":"031","TRACT":"630900","NAME":"Census Tract 6309","Shape__Area":1188676.0078125,"Shape__Length":4355.1501883052078}},{"type":"Feature","id":4820,"geometry":{"type":"Polygon","coordinates":[[[-87.6897269996301,41.8228820001519],[-87.686080000375,41.8229559999364],[-87.6842400000432,41.8229999997135],[-87.6840719998137,41.8157029999628],[-87.6839649996836,41.8121110002872],[-87.685203000316,41.8120620002208],[-87.6858069996652,41.8120530001773],[-87.6894270000545,41.8119919997741],[-87.6894749997351,41.8138050000014],[-87.6895269996136,41.8156209998656],[-87.6895800002154,41.8174360002416],[-87.6896150003755,41.8185709997547],[-87.6896439997895,41.8196230000633],[-87.6897269996301,41.8228820001519]]]},"properties":{"OBJECTID":4820,"GEOID":"17031580700","STATE":"17","COUNTY":"031","TRACT":"580700","NAME":"Census Tract 5807","Shape__Area":991479.640625,"Shape__Length":4473.1155843039814}},{"type":"Feature","id":4829,"geometry":{"type":"Polygon","coordinates":[[[-87.605930000259,41.7804100002975],[-87.6010679999377,41.780468000246],[-87.6004589996673,41.7804749997858],[-87.6003740001768,41.7768360001851],[-87.6009830004472,41.7768299997607],[-87.6009020002564,41.7731880002967],[-87.6057689997022,41.7731409997545],[-87.6058490000681,41.7767780003014],[-87.605930000259,41.7804100002975]]]},"properties":{"OBJECTID":4829,"GEOID":"17031420800","STATE":"17","COUNTY":"031","TRACT":"420800","NAME":"Census Tract 4208","Shape__Area":625084.875,"Shape__Length":3390.9661272687508}},{"type":"Feature","id":4833,"geometry":{"type":"Polygon","coordinates":[[[-87.7557739995545,41.9022489998694],[-87.752098999812,41.9022889996932],[-87.7484199998715,41.9023269997033],[-87.7483410002288,41.8986549997411],[-87.7482580003881,41.8949849999459],[-87.7519309995825,41.8949539999825],[-87.7531559997961,41.8949560000022],[-87.7555989996523,41.8949359998027],[-87.7556899998889,41.8985829998207],[-87.7557739995545,41.9022489998694]]]},"properties":{"OBJECTID":4833,"GEOID":"17031251100","STATE":"17","COUNTY":"031","TRACT":"251100","NAME":"Census Tract 2511","Shape__Area":896837.4453125,"Shape__Length":3828.0475993408159}},{"type":"Feature","id":4967,"geometry":{"type":"Polygon","coordinates":[[[-87.7531189999862,41.8134420001996],[-87.7489420001033,41.8147360003161],[-87.7449490003435,41.815998000065],[-87.7449590003893,41.8162409998911],[-87.7434799997325,41.8164819996676],[-87.7434019999147,41.8130950002438],[-87.7432219999896,41.8076169998378],[-87.7529120002969,41.807494000195],[-87.7529010004263,41.8075660002759],[-87.7529979996123,41.8111420000101],[-87.7529609998024,41.8129740003131],[-87.7531189999862,41.8134420001996]]]},"properties":{"OBJECTID":4967,"GEOID":"17031560200","STATE":"17","COUNTY":"031","TRACT":"560200","NAME":"Census Tract 5602","Shape__Area":1190203.02734375,"Shape__Length":4485.1282585044546}},{"type":"Feature","id":4968,"geometry":{"type":"Polygon","coordinates":[[[-87.6361390002826,41.8345319997412],[-87.6358899998622,41.8345350002646],[-87.6361440003055,41.8381750000185],[-87.6341039999571,41.8382050001914],[-87.6297839999591,41.8382800002277],[-87.6296840004,41.8346249998365],[-87.6295939999883,41.8309700002175],[-87.6304839995678,41.8309560001177],[-87.631503999742,41.8309389999924],[-87.6361280004119,41.830883000217],[-87.6362510004356,41.8308810002002],[-87.6361390002826,41.8345319997412]]]},"properties":{"OBJECTID":4968,"GEOID":"17031340500","STATE":"17","COUNTY":"031","TRACT":"340500","NAME":"Census Tract 3405","Shape__Area":779797.83203125,"Shape__Length":3659.6438672107756}},{"type":"Feature","id":4969,"geometry":{"type":"Polygon","coordinates":[[[-87.6157600003084,41.7856990003017],[-87.6109180000786,41.7857880001473],[-87.6108839997435,41.783968999775],[-87.6108429997356,41.7821469997474],[-87.6108019997277,41.7803250001975],[-87.6132060001241,41.7802820000409],[-87.6156220002162,41.7802389998555],[-87.6156720004449,41.7820739998095],[-87.6157600003084,41.7856990003017]]]},"properties":{"OBJECTID":4969,"GEOID":"17031420600","STATE":"17","COUNTY":"031","TRACT":"420600","NAME":"Census Tract 4206","Shape__Area":438616.17578125,"Shape__Length":2706.7981643433095}},{"type":"Feature","id":4970,"geometry":{"type":"Polygon","coordinates":[[[-87.7094339995847,42.0484040003145],[-87.7088560001746,42.0524289997269],[-87.7080379996668,42.052431000144],[-87.700931999681,42.0560660000676],[-87.694387000285,42.0590709997008],[-87.6938850001447,42.0584750003114],[-87.6936779995572,42.0582289999667],[-87.6887340001184,42.0522289997248],[-87.6935479998608,42.0521760001556],[-87.6936120003332,42.0485889999884],[-87.6950199999466,42.0484529999452],[-87.6974440004346,42.048408000068],[-87.6989929996149,42.0483659999758],[-87.7036470004221,42.0482970001454],[-87.7096050001872,42.0482029997047],[-87.7094339995847,42.0484040003145]]]},"properties":{"OBJECTID":4970,"GEOID":"17031809200","STATE":"17","COUNTY":"031","TRACT":"809200","NAME":"Census Tract 8092","Shape__Area":2162872.1328125,"Shape__Length":6610.0388551643236}},{"type":"Feature","id":5067,"geometry":{"type":"Polygon","coordinates":[[[-87.6139380004182,41.8175819998293],[-87.6137629996177,41.818484000311],[-87.6128959996044,41.8226799996714],[-87.6126239996179,41.8238910002413],[-87.6068950001816,41.8240019998105],[-87.60651500024,41.8233699997769],[-87.6068590001966,41.8231289998138],[-87.6067079996855,41.8168139999469],[-87.6116419999768,41.8167289999142],[-87.6140899998559,41.8166830000543],[-87.6139380004182,41.8175819998293]]]},"properties":{"OBJECTID":5067,"GEOID":"17031380100","STATE":"17","COUNTY":"031","TRACT":"380100","NAME":"Census Tract 3801","Shape__Area":789829.9765625,"Shape__Length":3648.4679068557452}},{"type":"Feature","id":5068,"geometry":{"type":"Polygon","coordinates":[[[-87.6285620001186,41.7945990001734],[-87.6257009997876,41.7946430000092],[-87.6255619998704,41.7891869996795],[-87.625513000365,41.7873619998522],[-87.6206579997164,41.7874449999675],[-87.6190450000636,41.7874719997479],[-87.6158020001412,41.7875229998972],[-87.6157600003084,41.7856990003017],[-87.6206130004089,41.78561499989],[-87.625465999611,41.7855370003183],[-87.6254039996867,41.7832100002638],[-87.6281949996974,41.7831610002002],[-87.6282580003449,41.7854959997325],[-87.6285620001186,41.7945990001734]]]},"properties":{"OBJECTID":5068,"GEOID":"17031834500","STATE":"17","COUNTY":"031","TRACT":"834500","NAME":"Census Tract 8345","Shape__Area":830968.24609375,"Shape__Length":6206.6744614473846}},{"type":"Feature","id":5134,"geometry":{"type":"Polygon","coordinates":[[[-87.6445969998053,41.7724719998641],[-87.6402960000739,41.7725450000131],[-87.6395010000306,41.7725570003233],[-87.6310450001577,41.7726940001326],[-87.6313620003501,41.7690569998211],[-87.6335459997402,41.7690149997838],[-87.6335020002576,41.7673540001113],[-87.6347120004026,41.7671709997235],[-87.6346660003719,41.7653560000286],[-87.6444129996823,41.7652030001708],[-87.644507000292,41.7688379999466],[-87.6445969998053,41.7724719998641]]]},"properties":{"OBJECTID":5134,"GEOID":"17031681200","STATE":"17","COUNTY":"031","TRACT":"681200","NAME":"Census Tract 6812","Shape__Area":1431192.296875,"Shape__Length":5122.8906632002909}},{"type":"Feature","id":5178,"geometry":{"type":"Polygon","coordinates":[[[-87.6340549995533,41.7359440001686],[-87.6327209995597,41.7359720003256],[-87.6317079999565,41.7351600002007],[-87.6256239997947,41.729019000182],[-87.623938000347,41.729042000062],[-87.6237299999345,41.7217030000838],[-87.6286650000507,41.721698000239],[-87.6334460001811,41.721636999688],[-87.6336379998017,41.7288820003175],[-87.6340549995533,41.7359440001686]]]},"properties":{"OBJECTID":5178,"GEOID":"17031834000","STATE":"17","COUNTY":"031","TRACT":"834000","NAME":"Census Tract 834","Shape__Area":1733503.33203125,"Shape__Length":5952.8150797414319}},{"type":"Feature","id":5193,"geometry":{"type":"Polygon","coordinates":[[[-87.6753189998399,41.5919320000483],[-87.6751270002193,41.5935970002959],[-87.6751969996411,41.5970980002613],[-87.6716149997851,41.5972209999454],[-87.6704599998917,41.5983680001993],[-87.6672219999922,41.5983240002364],[-87.6667859999741,41.5969650000768],[-87.6631790000037,41.5968889997524],[-87.6597379997146,41.5969020002474],[-87.6571529995682,41.5972639996978],[-87.6559419995983,41.5972660002793],[-87.6522879997722,41.597277999736],[-87.6502109996138,41.5969389997815],[-87.6520049999149,41.5935890002021],[-87.655883000047,41.5863399998737],[-87.6570880001691,41.5863390000855],[-87.66312799995,41.5862970002349],[-87.6691429996166,41.5862759999634],[-87.6751449997626,41.5862599999759],[-87.6753189998399,41.5919320000483]]]},"properties":{"OBJECTID":5193,"GEOID":"17031827600","STATE":"17","COUNTY":"031","TRACT":"827600","NAME":"Census Tract 8276","Shape__Area":4052125.29296875,"Shape__Length":8495.0918184310212}},{"type":"Feature","id":5196,"geometry":{"type":"Polygon","coordinates":[[[-87.6383500003352,41.8459299999321],[-87.6346310002118,41.846396000323],[-87.6342830000572,41.8455019998426],[-87.6341039999571,41.8382050001914],[-87.6361440003055,41.8381750000185],[-87.636376000109,41.8381730002295],[-87.6365119996532,41.8436429997653],[-87.6382909998856,41.8436170000411],[-87.6383500003352,41.8459299999321]]]},"properties":{"OBJECTID":5196,"GEOID":"17031340300","STATE":"17","COUNTY":"031","TRACT":"340300","NAME":"Census Tract 3403","Shape__Area":375520.21875,"Shape__Length":3263.6572748728909}},{"type":"Feature","id":5208,"geometry":{"type":"Polygon","coordinates":[[[-87.7657450000692,41.9166240002714],[-87.7636090003597,41.91654999988],[-87.7607899998615,41.9162610002033],[-87.7558949999283,41.9157090000983],[-87.755728000422,41.9113369997149],[-87.7556759996452,41.9099670001112],[-87.7557960001941,41.9095009997552],[-87.7596840003719,41.9094499998197],[-87.7629950000663,41.9094089996846],[-87.7634200002138,41.9094039997641],[-87.7657240001528,41.9093790001561],[-87.7655490002506,41.9099399998362],[-87.7656289997183,41.9126680000825],[-87.7656470001599,41.9130270002874],[-87.7657390002214,41.9145169996867],[-87.7657450000692,41.9166240002714]]]},"properties":{"OBJECTID":5208,"GEOID":"17031250300","STATE":"17","COUNTY":"031","TRACT":"250300","NAME":"Census Tract 2503","Shape__Area":1116779.859375,"Shape__Length":4227.9274045827024}},{"type":"Feature","id":5365,"geometry":{"type":"Polygon","coordinates":[[[-87.5611540004365,41.7372590002569],[-87.5569719996325,41.7373119996981],[-87.556887000142,41.7373129998262],[-87.5562879999173,41.7373200000526],[-87.5555849999355,41.7373289998637],[-87.5514309996189,41.7373780000793],[-87.5486730001184,41.7374179997898],[-87.5453110003704,41.7374630001047],[-87.5430750002034,41.7374850001875],[-87.5429830001419,41.7338340000455],[-87.5485900002777,41.733762999798],[-87.5554939996989,41.7336799999378],[-87.5596360003199,41.7336259999954],[-87.5601860001408,41.733229999701],[-87.5657010002152,41.737197999733],[-87.5611540004365,41.7372590002569]]]},"properties":{"OBJECTID":5365,"GEOID":"17031460800","STATE":"17","COUNTY":"031","TRACT":"460800","NAME":"Census Tract 4608","Shape__Area":1227603.44921875,"Shape__Length":5855.7761314351164}},{"type":"Feature","id":5443,"geometry":{"type":"Polygon","coordinates":[[[-87.6666160000948,41.8716259998014],[-87.6617139995905,41.8717520001052],[-87.6616409997956,41.8693389999179],[-87.6615710003737,41.8669159998207],[-87.6664140004284,41.8668550001815],[-87.6665490001476,41.8692609999365],[-87.6666160000948,41.8716259998014]]]},"properties":{"OBJECTID":5443,"GEOID":"17031283100","STATE":"17","COUNTY":"031","TRACT":"283100","NAME":"Census Tract 2831","Shape__Area":391133.02734375,"Shape__Length":2521.914133872343}},{"type":"Feature","id":5451,"geometry":{"type":"Polygon","coordinates":[[[-87.7394230003985,41.8513510000309],[-87.7296169997402,41.85158899974],[-87.7247610001651,41.8516510002442],[-87.7235440003474,41.8514839999578],[-87.7222799997757,41.8515450002091],[-87.7222610004075,41.8493089998343],[-87.7246849999971,41.8487739999287],[-87.7311149997653,41.8473139997538],[-87.7343569998628,41.8465670002311],[-87.7391980002676,41.8454730001942],[-87.7392209998339,41.8459790001803],[-87.7394230003985,41.8513510000309]]]},"properties":{"OBJECTID":5451,"GEOID":"17031843400","STATE":"17","COUNTY":"031","TRACT":"843400","NAME":"Census Tract 8434","Shape__Area":1173922.78515625,"Shape__Length":5095.1606350014135}},{"type":"Feature","id":5544,"geometry":{"type":"Polygon","coordinates":[[[-87.6067079996855,41.8168139999469],[-87.6040639999879,41.8168459998747],[-87.6018520001104,41.8168699999775],[-87.601722000414,41.8106549999246],[-87.6016999997744,41.8095879998551],[-87.6038969995833,41.8095650000432],[-87.6065649995704,41.8095329998254],[-87.6066049997534,41.8113539998475],[-87.6067079996855,41.8168139999469]]]},"properties":{"OBJECTID":5544,"GEOID":"17031390300","STATE":"17","COUNTY":"031","TRACT":"390300","NAME":"Census Tract 3903","Shape__Area":588832.5859375,"Shape__Length":3257.6061369387435}},{"type":"Feature","id":5548,"geometry":{"type":"Polygon","coordinates":[[[-88.021794999911,42.139151999831],[-88.0141459997769,42.1391420000887],[-88.0096580004478,42.1391319996786],[-88.0079689997287,42.1391130000276],[-88.0045979997598,42.1391290001548],[-88.0046930001943,42.1317339999802],[-88.0046010001328,42.1293970002796],[-88.004956999785,42.1297099999221],[-88.0058520002857,42.1303940000499],[-88.0053400000996,42.131350000269],[-88.0053069995894,42.1317389997703],[-88.0052699997794,42.1321509997676],[-88.0052620002818,42.1326099998102],[-88.005321999658,42.1338810000999],[-88.005325000031,42.1340059998222],[-88.0067209999488,42.1340149997873],[-88.0070509996617,42.1339320002083],[-88.007993999843,42.1328480000772],[-88.0082990003399,42.1326400001282],[-88.0088909999936,42.1326479996777],[-88.0090070003445,42.1324009997983],[-88.0142269999677,42.1339609999773],[-88.0157660000007,42.1347919997293],[-88.0210109997383,42.1385699998085],[-88.021794999911,42.139151999831]]]},"properties":{"OBJECTID":5548,"GEOID":"17031803614","STATE":"17","COUNTY":"031","TRACT":"803614","NAME":"Census Tract 8036.14","Shape__Area":1320608.53515625,"Shape__Length":6448.5178452595355}},{"type":"Feature","id":5756,"geometry":{"type":"Polygon","coordinates":[[[-87.6743880002525,41.5132910003029],[-87.666822999784,41.5132800002885],[-87.6646660001581,41.5132800002885],[-87.6646529997393,41.5124170001823],[-87.6646450002417,41.5118410002675],[-87.6645959998379,41.5060169997418],[-87.6549249997971,41.5060119999687],[-87.6548949996599,41.5023900002059],[-87.6548879999872,41.5013409998405],[-87.6548779999415,41.4995990002496],[-87.6549440000637,41.4990339997441],[-87.6694189998011,41.4989890002838],[-87.6743000003889,41.4990290001046],[-87.6743289998029,41.5040700002427],[-87.6743410003968,41.506097000095],[-87.6743649997879,41.5096780001152],[-87.6743880002525,41.5132910003029]]]},"properties":{"OBJECTID":5756,"GEOID":"17031829302","STATE":"17","COUNTY":"031","TRACT":"829302","NAME":"Census Tract 8293.02","Shape__Area":3421800.9453125,"Shape__Length":8550.8432302993315}},{"type":"Feature","id":5757,"geometry":{"type":"Polygon","coordinates":[[[-87.5493939996435,41.6010179998147],[-87.5449890001551,41.6009199997889],[-87.5419269999827,41.6002150001934],[-87.5395150000886,41.5994839996717],[-87.5346569999653,41.5979700002373],[-87.5298309996291,41.5962970001726],[-87.5253127010237,41.5943530275279],[-87.5253329032361,41.5919844924198],[-87.5253716601508,41.587440505267],[-87.5253869997825,41.5856420001966],[-87.5253780938848,41.5813807910825],[-87.5278430000575,41.5825209999624],[-87.5272599997264,41.585058999885],[-87.5298039998649,41.5852599999451],[-87.5315400004397,41.5879590000612],[-87.5355349998493,41.5873879997942],[-87.5369369996149,41.5886930000263],[-87.5394530001644,41.5868740000957],[-87.5424149998793,41.5894640001683],[-87.5408969997628,41.5928510000489],[-87.5444500002048,41.5937429998181],[-87.5485690003613,41.5937529999114],[-87.5493190001988,41.5940819997636],[-87.5493939996435,41.6010179998147]]]},"properties":{"OBJECTID":5757,"GEOID":"17031826202","STATE":"17","COUNTY":"031","TRACT":"826202","NAME":"Census Tract 8262.02","Shape__Area":3874299.5078125,"Shape__Length":10397.871353096991}},{"type":"Feature","id":5758,"geometry":{"type":"Polygon","coordinates":[[[-87.6685710000543,41.649272000209],[-87.6634049999595,41.6505409997978],[-87.6599439995789,41.6520300002295],[-87.65428000044,41.6533569998539],[-87.6515589998511,41.6554329998547],[-87.6505639997913,41.6557690002987],[-87.6470020000267,41.6569800000518],[-87.6412240001866,41.6574339999579],[-87.6366630001642,41.6574339999579],[-87.635130999804,41.6574339999579],[-87.6315909997807,41.6575039999218],[-87.6309689999897,41.6574959996996],[-87.6247090001008,41.6612930001419],[-87.6217459996626,41.6617339996676],[-87.6198459999546,41.6611340001976],[-87.6188760000092,41.659079000136],[-87.6183139995944,41.659097000192],[-87.6189170000171,41.6564000001431],[-87.6197580000911,41.6536329998463],[-87.6206279995792,41.6518049999857],[-87.621333999934,41.6504200000313],[-87.6172290000212,41.6500189999514],[-87.6172270003714,41.6445820002686],[-87.6178240000479,41.6445810000403],[-87.6220810002967,41.6445730002269],[-87.6243810000378,41.6445649997412],[-87.6317730002539,41.6445470003232],[-87.6524459999559,41.6444749999154],[-87.6491670000485,41.6471630001757],[-87.6471939996473,41.648674999916],[-87.6512829996666,41.6486190000611],[-87.6603570000308,41.6484190001823],[-87.661481999787,41.648393999986],[-87.6695870000306,41.6482389997605],[-87.6685710000543,41.649272000209]]]},"properties":{"OBJECTID":5758,"GEOID":"17031821500","STATE":"17","COUNTY":"031","TRACT":"821500","NAME":"Census Tract 8215","Shape__Area":8354847.1015625,"Shape__Length":16412.639324306911}},{"type":"Feature","id":5759,"geometry":{"type":"Polygon","coordinates":[[[-87.655955000017,41.6044679998795],[-87.6510729996043,41.6044829998771],[-87.6460710004392,41.6047460000307],[-87.6437599999292,41.6045030000925],[-87.6364499997289,41.6045290000273],[-87.6364170001169,41.6009130001652],[-87.6315459995748,41.6009130001652],[-87.6243469997026,41.6009079996658],[-87.6170270003548,41.6008790002549],[-87.6170159995859,41.5956140000323],[-87.616982000149,41.5863969998664],[-87.6274979995634,41.5864059999667],[-87.6286690002487,41.5864039997205],[-87.6317409995685,41.5863990001127],[-87.6327590000929,41.5863950002918],[-87.6364070000712,41.5863909997988],[-87.6363869999797,41.58282099981],[-87.6363839996067,41.5823420001755],[-87.6369689995877,41.5809880002097],[-87.6379710002185,41.579738000181],[-87.6392209996481,41.5792249999597],[-87.6534469998635,41.5790830001332],[-87.6559490001693,41.5790630001041],[-87.655883000047,41.5863399998737],[-87.6520049999149,41.5935890002021],[-87.6502109996138,41.5969389997815],[-87.6522879997722,41.597277999736],[-87.6559419995983,41.5972660002793],[-87.655955000017,41.6044679998795]]]},"properties":{"OBJECTID":5759,"GEOID":"17031827500","STATE":"17","COUNTY":"031","TRACT":"827500","NAME":"Census Tract 8275","Shape__Area":12296697.58203125,"Shape__Length":16740.151339905115}},{"type":"Feature","id":5761,"geometry":{"type":"Polygon","coordinates":[[[-87.6114389995872,41.6857249999173],[-87.6098600002696,41.692771000025],[-87.607204999803,41.692804000294],[-87.6003619995829,41.6928430001023],[-87.5982900003458,41.6923679997444],[-87.6016010000402,41.6861380000766],[-87.6025350000007,41.6861200002013],[-87.607056999665,41.6854809996867],[-87.6113950001046,41.6854420001113],[-87.6114389995872,41.6857249999173]]]},"properties":{"OBJECTID":5761,"GEOID":"17031500300","STATE":"17","COUNTY":"031","TRACT":"500300","NAME":"Census Tract 5003","Shape__Area":1259419.171875,"Shape__Length":4504.5049541400549}},{"type":"Feature","id":5762,"geometry":{"type":"Polygon","coordinates":[[[-87.647203999693,41.6631590002463],[-87.6414230003782,41.6632460003269],[-87.6414879997773,41.6650660003242],[-87.6415470002268,41.6668929997228],[-87.6416700002504,41.6705390000633],[-87.6344579999594,41.6706120000166],[-87.6296500000648,41.6706600002809],[-87.6293749997052,41.6633519997649],[-87.6299820003258,41.6633399998499],[-87.631772000429,41.6633120002634],[-87.6312760001364,41.6579220000785],[-87.6309689999897,41.6574959996996],[-87.6315909997807,41.6575039999218],[-87.635130999804,41.6574339999579],[-87.6366630001642,41.6574339999579],[-87.6412240001866,41.6574339999579],[-87.6470020000267,41.6569800000518],[-87.647203999693,41.6631590002463]]]},"properties":{"OBJECTID":5762,"GEOID":"17031530503","STATE":"17","COUNTY":"031","TRACT":"530503","NAME":"Census Tract 5305.03","Shape__Area":2986534.953125,"Shape__Length":8011.8848374778563}},{"type":"Feature","id":5763,"geometry":{"type":"Polygon","coordinates":[[[-87.7734300001883,41.8398879997519],[-87.7722049999747,41.8399079997796],[-87.7709770002863,41.839926999934],[-87.7697510002478,41.8400039996917],[-87.7685849995854,41.8417990001289],[-87.7673970000801,41.8436380000508],[-87.7637199997894,41.8436949998513],[-87.7637380002311,41.844605999997],[-87.7638110000261,41.8473470002491],[-87.7639059995623,41.8510500000557],[-87.7589949997355,41.8511269998107],[-87.7588890003286,41.8474200001081],[-87.7588109996125,41.8446819996852],[-87.7563519998628,41.8447150001997],[-87.7540830000839,41.8447459997752],[-87.7539449999916,41.845202000237],[-87.7539519996643,41.8447440001917],[-87.7537519996478,41.8408629998499],[-87.7586680003957,41.8391199997155],[-87.7635470004354,41.8374000001569],[-87.7665810001204,41.8363370002987],[-87.770876000004,41.8362700000568],[-87.7733389999517,41.836232000248],[-87.7734300001883,41.8398879997519]]]},"properties":{"OBJECTID":5763,"GEOID":"17031814100","STATE":"17","COUNTY":"031","TRACT":"814100","NAME":"Census Tract 8141","Shape__Area":2309425.5390625,"Shape__Length":8155.9141905449605}},{"type":"Feature","id":5764,"geometry":{"type":"Polygon","coordinates":[[[-87.8436720004371,41.8754940001762],[-87.8387160004045,41.8753259999641],[-87.8387630002602,41.876404000284],[-87.8338880004184,41.8763100000849],[-87.8336940002497,41.8717720002048],[-87.8334049996463,41.864455999922],[-87.8383160003714,41.8643700001097],[-87.8432029999087,41.8643109996894],[-87.8434709996973,41.8708460001978],[-87.8435059998574,41.8715929997924],[-87.8436720004371,41.8754940001762]]]},"properties":{"OBJECTID":5764,"GEOID":"17031817600","STATE":"17","COUNTY":"031","TRACT":"817600","NAME":"Census Tract 8176","Shape__Area":1878448.5625,"Shape__Length":5792.7615783664714}},{"type":"Feature","id":5766,"geometry":{"type":"Polygon","coordinates":[[[-87.6436109999663,41.7360700001087],[-87.6387520000181,41.7360999998346],[-87.6351040000398,41.7360549999054],[-87.6340549995533,41.7359440001686],[-87.6336379998017,41.7288820003175],[-87.6373440004047,41.7288510003125],[-87.6385560001995,41.7288330003244],[-87.6434100001249,41.7287689997299],[-87.6435209995546,41.7325509999996],[-87.6436109999663,41.7360700001087]]]},"properties":{"OBJECTID":5766,"GEOID":"17031711500","STATE":"17","COUNTY":"031","TRACT":"711500","NAME":"Census Tract 7115","Shape__Area":1162390.89453125,"Shape__Length":4296.7371924598465}},{"type":"Feature","id":5767,"geometry":{"type":"Polygon","coordinates":[[[-87.6440439996114,41.7506420000479],[-87.6397589997735,41.7507049997034],[-87.6393160000827,41.7507109998908],[-87.6390280002026,41.7434549998475],[-87.6359989996422,41.7440789996676],[-87.634108000155,41.74349799989],[-87.6337569996274,41.7374060002814],[-87.6340549995533,41.7359440001686],[-87.6351040000398,41.7360549999054],[-87.6387520000181,41.7360999998346],[-87.6436109999663,41.7360700001087],[-87.6437769996477,41.7415290001965],[-87.6438310000743,41.7433579999731],[-87.643882000128,41.7451889999426],[-87.6439890002581,41.7488189996961],[-87.6440439996114,41.7506420000479]]]},"properties":{"OBJECTID":5767,"GEOID":"17031710900","STATE":"17","COUNTY":"031","TRACT":"710900","NAME":"Census Tract 7109","Shape__Area":1799257.69921875,"Shape__Length":6556.88893548405}},{"type":"Feature","id":5768,"geometry":{"type":"Polygon","coordinates":[[[-87.6151200000758,41.7584080003091],[-87.6126739998466,41.7584520001869],[-87.6102560001047,41.7584850002429],[-87.6090479996096,41.758516999814],[-87.6053910003087,41.7585799997815],[-87.6052969996991,41.7549330002733],[-87.6052149996833,41.7512859999409],[-87.6088710000576,41.7512209996923],[-87.6100820000275,41.7511990002943],[-87.6125020003174,41.7511589997856],[-87.6149579996941,41.751113999686],[-87.6150410004331,41.7547659996906],[-87.6151200000758,41.7584080003091]]]},"properties":{"OBJECTID":5768,"GEOID":"17031691400","STATE":"17","COUNTY":"031","TRACT":"691400","NAME":"Census Tract 6914","Shape__Area":1180411.46484375,"Shape__Length":4345.4064847498621}},{"type":"Feature","id":5769,"geometry":{"type":"Polygon","coordinates":[[[-87.7594090000123,41.8656780002654],[-87.7545330003457,41.8657520000749],[-87.7520820000936,41.8657870000182],[-87.7496400000622,41.8658249996674],[-87.7495229998864,41.8621629999716],[-87.7494090000836,41.8586449997384],[-87.7518579997876,41.8586090003247],[-87.7592059996227,41.8585020002009],[-87.7594090000123,41.8656780002654]]]},"properties":{"OBJECTID":5769,"GEOID":"17031813301","STATE":"17","COUNTY":"031","TRACT":"813301","NAME":"Census Tract 8133.01","Shape__Area":1168921.3671875,"Shape__Length":4324.8720731633266}},{"type":"Feature","id":5770,"geometry":{"type":"Polygon","coordinates":[[[-87.6692449997238,41.7866880001339],[-87.6643940001715,41.78674699979],[-87.6643089997827,41.7831099999302],[-87.6642209999192,41.7794650002959],[-87.6690790000425,41.7793830000411],[-87.6690639999738,41.7795440000256],[-87.6691560000353,41.7830459998492],[-87.6692449997238,41.7866880001339]]]},"properties":{"OBJECTID":5770,"GEOID":"17031670700","STATE":"17","COUNTY":"031","TRACT":"670700","NAME":"Census Tract 6707","Shape__Area":587577.8828125,"Shape__Length":3259.0840650257946}},{"type":"Feature","id":5771,"geometry":{"type":"Polygon","coordinates":[[[-87.7031369998858,41.7789729998738],[-87.698266000242,41.7790439996966],[-87.6946109996927,41.7790989997696],[-87.6933920002252,41.7791160002576],[-87.6909590004148,41.779153000319],[-87.6873049996903,41.7792049998624],[-87.6836390001687,41.779216000121],[-87.6835479999321,41.775598999841],[-87.6872090003292,41.7755619997389],[-87.6908630001553,41.7754599997995],[-87.6932979996156,41.7754269997647],[-87.6932990003388,41.7754710000307],[-87.6945189996312,41.7754509999744],[-87.6981709998075,41.7754000002717],[-87.7030520003953,41.7753220003327],[-87.703095000053,41.7771440000059],[-87.7031159999694,41.778046999892],[-87.7031369998858,41.7789729998738]]]},"properties":{"OBJECTID":5771,"GEOID":"17031660600","STATE":"17","COUNTY":"031","TRACT":"660600","NAME":"Census Tract 6606","Shape__Area":1184224.33203125,"Shape__Length":5434.1790677007175}},{"type":"Feature","id":5772,"geometry":{"type":"Polygon","coordinates":[[[-87.7033489995979,41.7862480000667],[-87.7009109997646,41.7862860000668],[-87.6972539995654,41.7863470001609],[-87.6935949997165,41.7864070001639],[-87.6934969998072,41.7827600002137],[-87.6934449999287,41.7809390001136],[-87.7007519997559,41.780826000037],[-87.7031879999394,41.780795000325],[-87.7032459996658,41.7826070003347],[-87.7033489995979,41.7862480000667]]]},"properties":{"OBJECTID":5772,"GEOID":"17031660302","STATE":"17","COUNTY":"031","TRACT":"660302","NAME":"Census Tract 6603.02","Shape__Area":885440.34375,"Shape__Length":3801.61887499068}},{"type":"Feature","id":5773,"geometry":{"type":"Polygon","coordinates":[[[-87.630149999657,41.7799870002767],[-87.628542999852,41.7800049999924],[-87.6289699996492,41.7831469996967],[-87.6281949996974,41.7831610002002],[-87.6254039996867,41.7832100002638],[-87.6253750002727,41.7800580003167],[-87.6208340003418,41.7800580003167],[-87.6204119996691,41.7801080002034],[-87.6156220002162,41.7802389998555],[-87.6154499997887,41.7729700000288],[-87.6179429998736,41.7729249998136],[-87.6202920000185,41.7728809998109],[-87.6210779998409,41.7728960001197],[-87.6252229999367,41.7727739997393],[-87.6299849998006,41.7727089998152],[-87.6299709995569,41.7728479997891],[-87.6300700001894,41.7765960001869],[-87.6300529995726,41.7769350000735],[-87.630149999657,41.7799870002767]]]},"properties":{"OBJECTID":5773,"GEOID":"17031842500","STATE":"17","COUNTY":"031","TRACT":"842500","NAME":"Census Tract 8425","Shape__Area":1925420.0625,"Shape__Length":6395.2675661292378}},{"type":"Feature","id":5774,"geometry":{"type":"Polygon","coordinates":[[[-87.659361000146,41.7795429998855],[-87.6545020001978,41.7796080002525],[-87.6544019997404,41.7759739999975],[-87.6543099996789,41.7723329997455],[-87.6542109999447,41.7686930001477],[-87.6541160004084,41.7650569998305],[-87.6589669999607,41.7649810001093],[-87.6590659996949,41.768622000256],[-87.6591660001524,41.7722630001164],[-87.6592160003811,41.7740780000279],[-87.659361000146,41.7795429998855]]]},"properties":{"OBJECTID":5774,"GEOID":"17031834900","STATE":"17","COUNTY":"031","TRACT":"834900","NAME":"Census Tract 8349","Shape__Area":1175262.984375,"Shape__Length":5427.4574113427607}},{"type":"Feature","id":5775,"geometry":{"type":"Polygon","coordinates":[[[-87.7046459997815,41.8292329999324],[-87.6949670002432,41.8322790000389],[-87.6949610003954,41.8321389997579],[-87.6948430003946,41.8292780001148],[-87.6947939999908,41.8290880001705],[-87.6947150003481,41.8264750002774],[-87.6946619997463,41.8246140001851],[-87.6946269995862,41.8227859999964],[-87.6995369995881,41.8226890002301],[-87.7044399999172,41.8225900000409],[-87.7045319999787,41.8271659997156],[-87.7046459997815,41.8292329999324]]]},"properties":{"OBJECTID":5775,"GEOID":"17031580200","STATE":"17","COUNTY":"031","TRACT":"580200","NAME":"Census Tract 5802","Shape__Area":1316528.64453125,"Shape__Length":4674.1954354393874}},{"type":"Feature","id":5776,"geometry":{"type":"Polygon","coordinates":[[[-87.6937980001061,41.7936910000475],[-87.6913610000977,41.7937359997555],[-87.6889309997619,41.7937829999378],[-87.6840419996765,41.7938770001989],[-87.6834779996119,41.7938530001881],[-87.6822919997563,41.793828000251],[-87.6788150003806,41.7938680002796],[-87.678715999748,41.7865689999585],[-87.6836860000243,41.7865100001385],[-87.6838309997893,41.7865290000638],[-87.6874980000342,41.7865039999495],[-87.6911560000582,41.7864470001347],[-87.692376000249,41.7864270001524],[-87.6935949997165,41.7864070001639],[-87.693646999595,41.7882289997014],[-87.6936969998237,41.7900479997718],[-87.6937470000525,41.791871000261],[-87.6937980001061,41.7936910000475]]]},"properties":{"OBJECTID":5776,"GEOID":"17031835100","STATE":"17","COUNTY":"031","TRACT":"835100","NAME":"Census Tract 8351","Shape__Area":1813675.734375,"Shape__Length":5502.8549222457841}},{"type":"Feature","id":5777,"geometry":{"type":"Polygon","coordinates":[[[-87.6939999997724,41.8009889999182],[-87.6891209997328,41.8010730002741],[-87.6842240001497,41.8011460000077],[-87.6841289997151,41.7975099999042],[-87.6840419996765,41.7938770001989],[-87.6889309997619,41.7937829999378],[-87.6913610000977,41.7937359997555],[-87.6937980001061,41.7936910000475],[-87.6939000002133,41.7973390001992],[-87.6939999997724,41.8009889999182]]]},"properties":{"OBJECTID":5777,"GEOID":"17031630500","STATE":"17","COUNTY":"031","TRACT":"630500","NAME":"Census Tract 6305","Shape__Area":1183770.6875,"Shape__Length":4350.4776991041554}},{"type":"Feature","id":5778,"geometry":{"type":"Polygon","coordinates":[[[-87.669828000055,41.8085570002349],[-87.6673950002445,41.8085819997829],[-87.6649730003047,41.8086040002609],[-87.6648250001667,41.8031399996668],[-87.6647759997629,41.8013180000695],[-87.6696449997569,41.801275999731],[-87.6696919996126,41.8030979998529],[-87.6697350001686,41.8049180002391],[-87.669828000055,41.8085570002349]]]},"properties":{"OBJECTID":5778,"GEOID":"17031611300","STATE":"17","COUNTY":"031","TRACT":"611300","NAME":"Census Tract 6113","Shape__Area":588886.10546875,"Shape__Length":3258.3749642457478}},{"type":"Feature","id":5779,"geometry":{"type":"Polygon","coordinates":[[[-87.5632950001689,41.7626999997139],[-87.5595979997868,41.7645799996844],[-87.55944861265,41.7647166647584],[-87.5579681477392,41.7635498874994],[-87.5575307553325,41.7632051723122],[-87.5559877398302,41.7619890980414],[-87.5553251909856,41.7614669328202],[-87.5541959996904,41.7605770000232],[-87.5500541014773,41.7593125398187],[-87.5475170004001,41.7585380002568],[-87.5438819999423,41.7599649997262],[-87.5407489996247,41.7572600003311],[-87.5444879998397,41.7548220003317],[-87.5444188169864,41.7546621941487],[-87.5477030001729,41.7547530002169],[-87.5522459997537,41.751918999828],[-87.5522879995865,41.751918999828],[-87.5561280000837,41.7554890002976],[-87.5580649996016,41.7572830001494],[-87.5600570002694,41.7591199997421],[-87.5616959998615,41.7609249999934],[-87.5632950001689,41.7626999997139]]]},"properties":{"OBJECTID":5779,"GEOID":"17031431400","STATE":"17","COUNTY":"031","TRACT":"431400","NAME":"Census Tract 4314","Shape__Area":1865364.49609375,"Shape__Length":6800.5928476507033}},{"type":"Feature","id":5785,"geometry":{"type":"Polygon","coordinates":[[[-87.5612320002543,41.7427080000472],[-87.5563759997808,41.7427730002018],[-87.5551659996358,41.7427900002624],[-87.5526009995809,41.7428230003276],[-87.5515229996804,41.7420670000615],[-87.5514959999162,41.7410189998132],[-87.5514649999541,41.7392000000916],[-87.5514309996189,41.7373780000793],[-87.5555849999355,41.7373289998637],[-87.5562879999173,41.7373200000526],[-87.556887000142,41.7373129998262],[-87.5569719996325,41.7373119996981],[-87.5611540004365,41.7372590002569],[-87.5611760001778,41.7390749996898],[-87.5612020001171,41.7408930001985],[-87.5612320002543,41.7427080000472]]]},"properties":{"OBJECTID":5785,"GEOID":"17031460301","STATE":"17","COUNTY":"031","TRACT":"460301","NAME":"Census Tract 4603.01","Shape__Area":872618.2265625,"Shape__Length":3720.7251913610185}},{"type":"Feature","id":5786,"geometry":{"type":"Polygon","coordinates":[[[-87.7391520002369,41.8367180000113],[-87.731637999822,41.8368019996955],[-87.7292119996843,41.8368270002654],[-87.7243510000862,41.8368820002802],[-87.721909000055,41.8369249999424],[-87.7170309998402,41.8370119997621],[-87.7145939998318,41.8370559999182],[-87.7097139999671,41.8371450000503],[-87.7048230002319,41.8372330001494],[-87.7046459997815,41.8292329999324],[-87.7143190003705,41.8261890003077],[-87.7240539999853,41.823134999921],[-87.7385349995705,41.8185739996872],[-87.7386540002945,41.8221320001695],[-87.7388750002275,41.8342829999869],[-87.7391520002369,41.8367180000113]]]},"properties":{"OBJECTID":5786,"GEOID":"17031830500","STATE":"17","COUNTY":"031","TRACT":"830500","NAME":"Census Tract 8305","Shape__Area":7410438.15625,"Shape__Length":11824.656208798322}},{"type":"Feature","id":5787,"geometry":{"type":"Polygon","coordinates":[[[-87.586231999627,41.7624100001858],[-87.5823440003475,41.7624499997134],[-87.579286000373,41.7624810002515],[-87.5762209998276,41.7625149999814],[-87.5761820003679,41.7606969999488],[-87.5761420001849,41.7588759999602],[-87.581042000141,41.7588219997623],[-87.5857379998826,41.758768000189],[-87.5861360002658,41.7587639996728],[-87.5861849997713,41.7605889998918],[-87.586231999627,41.7624100001858]]]},"properties":{"OBJECTID":5787,"GEOID":"17031430900","STATE":"17","COUNTY":"031","TRACT":"430900","NAME":"Census Tract 4309","Shape__Area":605251.41796875,"Shape__Length":3314.5363688306015}},{"type":"Feature","id":5788,"geometry":{"type":"Polygon","coordinates":[[[-87.6011909999614,41.7859279999479],[-87.5963320000132,41.7860140000279],[-87.5962039999666,41.7805220003125],[-87.5978240001905,41.7805040000721],[-87.6004589996673,41.7804749997858],[-87.6010679999377,41.780468000246],[-87.6011480003037,41.7841109996663],[-87.6011909999614,41.7859279999479]]]},"properties":{"OBJECTID":5788,"GEOID":"17031420300","STATE":"17","COUNTY":"031","TRACT":"420300","NAME":"Census Tract 4203","Shape__Area":442460.3671875,"Shape__Length":2717.8092239466969}},{"type":"Feature","id":5789,"geometry":{"type":"Polygon","coordinates":[[[-87.6208460000374,41.7947229996939],[-87.6159810002414,41.7948010001443],[-87.6158890001798,41.7911720000916],[-87.6158020001412,41.7875229998972],[-87.6190450000636,41.7874719997479],[-87.6206579997164,41.7874449999675],[-87.6207539999758,41.7910919999932],[-87.6208460000374,41.7947229996939]]]},"properties":{"OBJECTID":5789,"GEOID":"17031400400","STATE":"17","COUNTY":"031","TRACT":"400400","NAME":"Census Tract 4004","Shape__Area":588420.0390625,"Shape__Length":3256.0706843390449}},{"type":"Feature","id":5790,"geometry":{"type":"Polygon","coordinates":[[[-87.6288309997321,41.8018920001501],[-87.6258899999335,41.8019460002524],[-87.6242730000827,41.8019729999517],[-87.617747000055,41.8020789997275],[-87.6165260000394,41.8020979997257],[-87.6161109999377,41.8021030000062],[-87.6149679997399,41.8021150001422],[-87.6141919999632,41.8021259998184],[-87.6112860003247,41.8021690000565],[-87.606407000285,41.8022509999635],[-87.6063529998583,41.8004340002762],[-87.6063179996982,41.7986129999227],[-87.6139330003954,41.7984499999139],[-87.6160740001278,41.7984650002689],[-87.6176969998263,41.7984360000705],[-87.6245009996884,41.7981379999033],[-87.6257920000242,41.7981140001487],[-87.6257009997876,41.7946430000092],[-87.6285620001186,41.7945990001734],[-87.6288309997321,41.8018920001501]]]},"properties":{"OBJECTID":5790,"GEOID":"17031836100","STATE":"17","COUNTY":"031","TRACT":"836100","NAME":"Census Tract 8361","Shape__Area":1549208.64453125,"Shape__Length":7136.1150133509018}},{"type":"Feature","id":5791,"geometry":{"type":"Polygon","coordinates":[[[-87.6915050000377,41.8811130001906],[-87.6864310000043,41.8811620002363],[-87.6863649998821,41.8785889999133],[-87.6862689996226,41.8760839997239],[-87.6913710001434,41.8760349997976],[-87.6915050000377,41.8811130001906]]]},"properties":{"OBJECTID":5791,"GEOID":"17031280800","STATE":"17","COUNTY":"031","TRACT":"280800","NAME":"Census Tract 2808","Shape__Area":429454.37109375,"Shape__Length":2651.6772734639703}},{"type":"Feature","id":5792,"geometry":{"type":"Polygon","coordinates":[[[-87.7254130000932,41.8734430001768],[-87.7229779997347,41.8734619997356],[-87.7203649999991,41.8735149996719],[-87.7202710002878,41.8707850002949],[-87.7202389996024,41.8698690000497],[-87.7201979995946,41.8686230001178],[-87.7252719996279,41.8685550001495],[-87.7252869996965,41.8690889997441],[-87.7253410001232,41.8707220002244],[-87.7254130000932,41.8734430001768]]]},"properties":{"OBJECTID":5792,"GEOID":"17031260900","STATE":"17","COUNTY":"031","TRACT":"260900","NAME":"Census Tract 2609","Shape__Area":411645.5546875,"Shape__Length":2589.4340189441327}},{"type":"Feature","id":5795,"geometry":{"type":"Polygon","coordinates":[[[-87.695445999919,41.8519020000308],[-87.6879519995956,41.8520089998217],[-87.68761500021,41.8447939998008],[-87.6903390002736,41.8447559996999],[-87.6946609999214,41.8447009997604],[-87.6947110001501,41.8464579998377],[-87.6947410002874,41.8474689998843],[-87.6953329999411,41.8478829997862],[-87.6953980002384,41.8500799998266],[-87.695445999919,41.8519020000308]]]},"properties":{"OBJECTID":5795,"GEOID":"17031301200","STATE":"17","COUNTY":"031","TRACT":"301200","NAME":"Census Tract 3012","Shape__Area":879001.28125,"Shape__Length":3802.5864967158977}},{"type":"Feature","id":5796,"geometry":{"type":"Polygon","coordinates":[[[-87.7198720000796,41.8516070000869],[-87.7149989998877,41.8516629997952],[-87.7149779999713,41.8509120000803],[-87.7148940003057,41.8480329998363],[-87.714840999704,41.8462210002137],[-87.7147870001756,41.8443850003115],[-87.7196739997129,41.8443169999973],[-87.7197759998202,41.8479839998229],[-87.719825000224,41.8498320000574],[-87.7198720000796,41.8516070000869]]]},"properties":{"OBJECTID":5796,"GEOID":"17031300600","STATE":"17","COUNTY":"031","TRACT":"300600","NAME":"Census Tract 3006","Shape__Area":591609.0703125,"Shape__Length":3264.1396857275281}},{"type":"Feature","id":5797,"geometry":{"type":"Polygon","coordinates":[[[-87.7154209996621,41.8662900001648],[-87.7129820000039,41.866319999865],[-87.7105430003456,41.8663490000969],[-87.7104329998425,41.8624539999992],[-87.7103330002833,41.859025000193],[-87.7127710001166,41.8590000002677],[-87.7139860002845,41.858988000086],[-87.715205999577,41.8589740000942],[-87.7153050002095,41.8623979997037],[-87.7154209996621,41.8662900001648]]]},"properties":{"OBJECTID":5797,"GEOID":"17031291200","STATE":"17","COUNTY":"031","TRACT":"291200","NAME":"Census Tract 2912","Shape__Area":593805.61328125,"Shape__Length":3274.3974412541365}},{"type":"Feature","id":5804,"geometry":{"type":"Polygon","coordinates":[[[-87.6116269999082,41.8275359998024],[-87.6106129995818,41.8311860000308],[-87.6095559995977,41.8311970000699],[-87.6075350004142,41.8281150001786],[-87.6088250000268,41.8277220001057],[-87.6068950001816,41.8240019998105],[-87.6126239996179,41.8238910002413],[-87.6116269999082,41.8275359998024]]]},"properties":{"OBJECTID":5804,"GEOID":"17031360200","STATE":"17","COUNTY":"031","TRACT":"360200","NAME":"Census Tract 3602","Shape__Area":416114.5859375,"Shape__Length":3131.611947439158}},{"type":"Feature","id":5814,"geometry":{"type":"Polygon","coordinates":[[[-87.7162490002157,41.6456599997481],[-87.7136730002901,41.6457529998918],[-87.7137529997577,41.6475840001901],[-87.7040159995947,41.6477480002483],[-87.6986129996733,41.6478410000632],[-87.6975590000623,41.6478610002584],[-87.697016999739,41.6478629999419],[-87.6942969998734,41.6479090000304],[-87.6918780003066,41.6479569997667],[-87.6806799999284,41.6481849998716],[-87.6797500001659,41.6481929999077],[-87.6795049999436,41.6408679998118],[-87.6892069999465,41.6407019997902],[-87.6889440001807,41.6345039997999],[-87.696948000142,41.6346330002924],[-87.6977740001474,41.6332990002541],[-87.6986090003737,41.6332849999754],[-87.6986079996505,41.6332429997926],[-87.698587999559,41.6327960001319],[-87.6985730003887,41.6324180000051],[-87.6985649999928,41.6322450001224],[-87.700386000058,41.6326240003348],[-87.704305000198,41.6327290000703],[-87.7071990001409,41.6326840003005],[-87.7093249998047,41.6329140002113],[-87.708877000091,41.6330170000016],[-87.7084169997835,41.6331230001745],[-87.7072049999887,41.6331660001697],[-87.7084190003316,41.6331940001042],[-87.7120980002721,41.6342539998072],[-87.7131159998982,41.6334860002316],[-87.7131739996245,41.6342910000767],[-87.7133829998618,41.6375389996867],[-87.7133970001056,41.6384460001242],[-87.715645999793,41.6383960000388],[-87.7161499995832,41.6456259999291],[-87.7162490002157,41.6456599997481]]]},"properties":{"OBJECTID":5814,"GEOID":"17031824300","STATE":"17","COUNTY":"031","TRACT":"824300","NAME":"Census Tract 8243","Shape__Area":7192756.2421875,"Shape__Length":13064.74103222679}},{"type":"Feature","id":5815,"geometry":{"type":"Polygon","coordinates":[[[-87.680695999822,41.6772570002611],[-87.6751620003794,41.6772880003248],[-87.6710490000706,41.6773600002854],[-87.6678499996309,41.6774189998017],[-87.668549000313,41.6761269997356],[-87.6671480003724,41.6758339998742],[-87.666570000064,41.6774420000306],[-87.6613649996111,41.6775440000425],[-87.6611510002491,41.6703300000058],[-87.6595469999189,41.670318999878],[-87.6639029999018,41.6665640001566],[-87.6681710000213,41.6628129999812],[-87.6705129995951,41.6609600002519],[-87.6724690002779,41.659160999679],[-87.6728190000823,41.6587849998522],[-87.6798990001288,41.6527910002802],[-87.6800260003505,41.6536629997888],[-87.6800720003812,41.6554429997814],[-87.6801059998181,41.6599890000184],[-87.6802070001004,41.6627029998682],[-87.680290999766,41.6645459999181],[-87.6803329995988,41.6657369997051],[-87.6804659996682,41.6698850002909],[-87.6805529997068,41.6726179998175],[-87.6805820000192,41.6735470000858],[-87.680587000042,41.673656000012],[-87.680695999822,41.6772570002611]]]},"properties":{"OBJECTID":5815,"GEOID":"17031821200","STATE":"17","COUNTY":"031","TRACT":"821200","NAME":"Census Tract 8212","Shape__Area":5285034.98828125,"Shape__Length":10987.529289739967}},{"type":"Feature","id":5817,"geometry":{"type":"Polygon","coordinates":[[[-87.6605529998494,41.9981890000478],[-87.6556261501477,41.9982319999788],[-87.6553082112158,41.9964269345523],[-87.6570089996281,41.9964080002967],[-87.6576770003481,41.9954409998561],[-87.6584089997439,41.9963930002978],[-87.660459000138,41.9963739999381],[-87.6605529998494,41.9981890000478]]]},"properties":{"OBJECTID":5817,"GEOID":"17031030104","STATE":"17","COUNTY":"031","TRACT":"030104","NAME":"Census Tract 301.04","Shape__Area":163542.7578125,"Shape__Length":1837.8725050473522}},{"type":"Feature","id":5818,"geometry":{"type":"Polygon","coordinates":[[[-87.7759659999309,41.931138999827],[-87.7735330001204,41.9311740000404],[-87.7711050003328,41.9312090002345],[-87.7662460003846,41.9312769996786],[-87.7661309998586,41.9280850002154],[-87.7660549996906,41.9258040001468],[-87.7659910001165,41.9239809998568],[-87.7708540002627,41.9239050001948],[-87.7732860002482,41.9238659997704],[-87.7757159996856,41.9238269999904],[-87.7751280002299,41.9242920001333],[-87.775339999942,41.9306890002418],[-87.7759659999309,41.931138999827]]]},"properties":{"OBJECTID":5818,"GEOID":"17031190602","STATE":"17","COUNTY":"031","TRACT":"190602","NAME":"Census Tract 1906.02","Shape__Area":1114234.0859375,"Shape__Length":4406.9501829271994}},{"type":"Feature","id":5819,"geometry":{"type":"Polygon","coordinates":[[[-87.6550279997293,41.520545000091],[-87.6506750001193,41.5205760001936],[-87.6441800000538,41.5206100000071],[-87.6426560000894,41.5151790003335],[-87.6422390003379,41.5133689999233],[-87.6410550001322,41.5061140001069],[-87.6405670002356,41.5024730002244],[-87.6401179997987,41.499023999792],[-87.6451769997634,41.4989449999141],[-87.6515050003227,41.4989489997654],[-87.6549440000637,41.4990339997441],[-87.6548779999415,41.4995990002496],[-87.6548879999872,41.5013409998405],[-87.6548949996599,41.5023900002059],[-87.6549249997971,41.5060119999687],[-87.6549759998507,41.5132809998618],[-87.6550279997293,41.520545000091]]]},"properties":{"OBJECTID":5819,"GEOID":"17031829200","STATE":"17","COUNTY":"031","TRACT":"829200","NAME":"Census Tract 8292","Shape__Area":4702127.82421875,"Shape__Length":9300.1360194548452}},{"type":"Feature","id":5820,"geometry":{"type":"Polygon","coordinates":[[[-87.7903169998197,41.4990360000034],[-87.7901500003135,41.4989990002413],[-87.7709720002635,41.4990130000447],[-87.7709730000884,41.4994409997819],[-87.7683469999341,41.4994499998827],[-87.7674189998214,41.4990090001973],[-87.7516340003799,41.4990160000983],[-87.7516300001819,41.4988390000628],[-87.7516360000297,41.4947049997279],[-87.7485889999259,41.4947099997012],[-87.7490480004085,41.4928309999306],[-87.7503620003106,41.4919570001703],[-87.7516250001591,41.4919409997091],[-87.7516240003341,41.4917919998924],[-87.770952000172,41.4917849998835],[-87.7902390000019,41.4917789997792],[-87.790310000147,41.4917820001679],[-87.7903129996218,41.4921400002439],[-87.7903169998197,41.4990360000034]]]},"properties":{"OBJECTID":5820,"GEOID":"17031830001","STATE":"17","COUNTY":"031","TRACT":"830001","NAME":"Census Tract 8300.01","Shape__Area":4760787.48046875,"Shape__Length":11396.557167066037}},{"type":"Feature","id":7035,"geometry":{"type":"Polygon","coordinates":[[[-87.6602659997942,41.9900020001857],[-87.6575130003166,41.9900690001599],[-87.6561120003759,41.990094000192],[-87.6553859999296,41.9901059997766],[-87.6542016457876,41.9901445343721],[-87.6539959998595,41.9889770000199],[-87.6539604589136,41.9888860914158],[-87.6536455796436,41.988080681972],[-87.6553249998302,41.9880929997629],[-87.6553030000889,41.9873570002299],[-87.656031000185,41.9873439998958],[-87.6567299999689,41.9873310002269],[-87.6574279999278,41.9873190001192],[-87.6601810003037,41.9872700001011],[-87.6602659997942,41.9900020001857]]]},"properties":{"OBJECTID":7035,"GEOID":"17031030601","STATE":"17","COUNTY":"031","TRACT":"030601","NAME":"Census Tract 306.01","Shape__Area":270276.359375,"Shape__Length":2241.2494042350063}},{"type":"Feature","id":7036,"geometry":{"type":"Polygon","coordinates":[[[-87.6548219998649,41.9690899998558],[-87.6501179997274,41.9691559999464],[-87.650068000397,41.9673499998229],[-87.6500189999932,41.9654879998412],[-87.6537420003146,41.9654439999268],[-87.6547869997048,41.9654299998869],[-87.6547979995755,41.9672719999867],[-87.6548219998649,41.9690899998558]]]},"properties":{"OBJECTID":7036,"GEOID":"17031031501","STATE":"17","COUNTY":"031","TRACT":"031501","NAME":"Census Tract 315.01","Shape__Area":289064.453125,"Shape__Length":2151.8442300839306}},{"type":"Feature","id":7042,"geometry":{"type":"Polygon","coordinates":[[[-87.7746579998766,41.8801509997497],[-87.7697610002936,41.8802180001836],[-87.7648639998122,41.8802460002243],[-87.7647950002152,41.8783440001455],[-87.764724999895,41.8765380002432],[-87.7646589997728,41.8747280001722],[-87.7645869998028,41.8728269997694],[-87.7645399999471,41.8710199997764],[-87.7686349998142,41.8706340000327],[-87.7743010003995,41.870924000252],[-87.7744090003546,41.8727709998637],[-87.7745259996321,41.8764149999068],[-87.7746579998766,41.8801509997497]]]},"properties":{"OBJECTID":7042,"GEOID":"17031252101","STATE":"17","COUNTY":"031","TRACT":"252101","NAME":"Census Tract 2521.01","Shape__Area":1535202.1328125,"Shape__Length":4941.95917941607}},{"type":"Feature","id":7043,"geometry":{"type":"Polygon","coordinates":[[[-87.7357140003208,41.8878779997514],[-87.7307859998773,41.8879440003228],[-87.7305740001652,41.8806669999306],[-87.7354759997712,41.8806110002059],[-87.7357140003208,41.8878779997514]]]},"properties":{"OBJECTID":7043,"GEOID":"17031260300","STATE":"17","COUNTY":"031","TRACT":"260300","NAME":"Census Tract 2603","Shape__Area":595147.8671875,"Shape__Length":3269.6726513041522}},{"type":"Feature","id":7044,"geometry":{"type":"Polygon","coordinates":[[[-87.6342830000572,41.8455019998426],[-87.6299489998156,41.8455439999562],[-87.6297839999591,41.8382800002277],[-87.6341039999571,41.8382050001914],[-87.6342830000572,41.8455019998426]]]},"properties":{"OBJECTID":7044,"GEOID":"17031340400","STATE":"17","COUNTY":"031","TRACT":"340400","NAME":"Census Tract 3404","Shape__Area":524178.98046875,"Shape__Length":3139.636730890129}},{"type":"Feature","id":7045,"geometry":{"type":"Polygon","coordinates":[[[-87.5902899996841,41.7833529999072],[-87.5903419995627,41.7861060002195],[-87.5893080000431,41.7861180000018],[-87.5865949998501,41.7861430002666],[-87.583498000416,41.785922999745],[-87.5763992561227,41.7861567047266],[-87.5763470002243,41.7860340001391],[-87.5742240000352,41.7826550000603],[-87.5723050000607,41.7810609997001],[-87.5724074430374,41.7807438896536],[-87.5758169995966,41.7813890002159],[-87.5752349999886,41.7807139998831],[-87.5794980000852,41.7797570000414],[-87.5864579995828,41.780619000293],[-87.5889730003073,41.7805810002836],[-87.5915280003165,41.7805659997625],[-87.5902899996841,41.7833529999072]]]},"properties":{"OBJECTID":7045,"GEOID":"17031420100","STATE":"17","COUNTY":"031","TRACT":"420100","NAME":"Census Tract 4201","Shape__Area":1518863.703125,"Shape__Length":5705.3735616364165}},{"type":"Feature","id":7046,"geometry":{"type":"Polygon","coordinates":[[[-87.7227600001747,41.778657999721],[-87.7178540003709,41.7787350001394],[-87.712896999615,41.7788309999922],[-87.7128110002996,41.7751669997085],[-87.712724000261,41.7715220001521],[-87.7176729997226,41.7714499997753],[-87.7225760000517,41.7713740002575],[-87.7226229999074,41.7731919999136],[-87.7227600001747,41.778657999721]]]},"properties":{"OBJECTID":7046,"GEOID":"17031650302","STATE":"17","COUNTY":"031","TRACT":"650302","NAME":"Census Tract 6503.02","Shape__Area":1194710.54296875,"Shape__Length":4373.8348999632935}},{"type":"Feature","id":7047,"geometry":{"type":"Polygon","coordinates":[[[-87.6441840002518,41.7560879998479],[-87.6417399996723,41.7561150000976],[-87.6399000002388,41.7561459996754],[-87.6398030001544,41.7525179998574],[-87.6397589997735,41.7507049997034],[-87.6440439996114,41.7506420000479],[-87.6440889998172,41.7524549999708],[-87.6441840002518,41.7560879998479]]]},"properties":{"OBJECTID":7047,"GEOID":"17031710100","STATE":"17","COUNTY":"031","TRACT":"710100","NAME":"Census Tract 7101","Shape__Area":387397.29296875,"Shape__Length":2578.9120101745648}},{"type":"Feature","id":7048,"geometry":{"type":"Polygon","coordinates":[[[-87.7757159996856,41.9238269999904],[-87.7732860002482,41.9238659997704],[-87.7708540002627,41.9239050001948],[-87.7659910001165,41.9239809998568],[-87.7659219996212,41.9221600001173],[-87.7658060001686,41.9187629998992],[-87.765746999719,41.9166819998497],[-87.7657450000692,41.9166240002714],[-87.7754699996383,41.9165519998917],[-87.7755149998442,41.9179110000397],[-87.7749089999468,41.9179189999156],[-87.7749769997188,41.919950000118],[-87.775604000431,41.9205589997562],[-87.7756200003245,41.9210490000473],[-87.7750450003892,41.9220159997375],[-87.7750930000698,41.9233829996837],[-87.7757159996856,41.9238269999904]]]},"properties":{"OBJECTID":7048,"GEOID":"17031191302","STATE":"17","COUNTY":"031","TRACT":"191302","NAME":"Census Tract 1913.02","Shape__Area":1141552.13671875,"Shape__Length":4488.1835220143812}},{"type":"Feature","id":7049,"geometry":{"type":"Polygon","coordinates":[[[-87.7496400000622,41.8658249996674],[-87.7399320002116,41.8659599998581],[-87.7398379996019,41.8620750000404],[-87.7397670003551,41.8586539999231],[-87.7432610003476,41.8586030001975],[-87.7494090000836,41.8586449997384],[-87.7495229998864,41.8621629999716],[-87.7496400000622,41.8658249996674]]]},"properties":{"OBJECTID":7049,"GEOID":"17031813302","STATE":"17","COUNTY":"031","TRACT":"813302","NAME":"Census Tract 8133.02","Shape__Area":1170501.5625,"Shape__Length":4320.0396623198867}},{"type":"Feature","id":7050,"geometry":{"type":"Polygon","coordinates":[[[-87.6963349996736,41.8828980000616],[-87.6922309995857,41.8829410002266],[-87.6921619999887,41.8811060002765],[-87.6915050000377,41.8811130001906],[-87.6913710001434,41.8760349997976],[-87.6913610000977,41.8757199999482],[-87.691234999701,41.8711110002516],[-87.6911929998682,41.8692949998886],[-87.6959790000215,41.8692329997656],[-87.6961010002202,41.8737940001265],[-87.6961530000987,41.8759809999719],[-87.6962400001374,41.8792549997245],[-87.6963349996736,41.8828980000616]]]},"properties":{"OBJECTID":7050,"GEOID":"17031837400","STATE":"17","COUNTY":"031","TRACT":"837400","NAME":"Census Tract 8374","Shape__Area":1067887.4453125,"Shape__Length":5147.8965500658705}},{"type":"Feature","id":7436,"geometry":{"type":"Polygon","coordinates":[[[-87.6881469995893,42.0521409997111],[-87.6839999998437,42.0521040001541],[-87.6815679998582,42.0504710001119],[-87.6790189996967,42.0496990000591],[-87.6763859998697,42.0489939999178],[-87.6779519996669,42.0457610000916],[-87.68059100024,42.0464549997635],[-87.6824730004046,42.0469659999163],[-87.6840910000803,42.0470339998982],[-87.6851079998814,42.0484820001309],[-87.6881469995893,42.0521409997111]]]},"properties":{"OBJECTID":7436,"GEOID":"17031809402","STATE":"17","COUNTY":"031","TRACT":"809402","NAME":"Census Tract 8094.02","Shape__Area":620547.24609375,"Shape__Length":3564.1526178809572}},{"type":"Feature","id":7437,"geometry":{"type":"Polygon","coordinates":[[[-87.5586360002372,41.5428249996648],[-87.5570989998541,41.5427509997484],[-87.5517429997884,41.5427669997557],[-87.5517250002451,41.5415460003049],[-87.5472319999947,41.5411189997262],[-87.5469530003355,41.5355090002977],[-87.5523599995565,41.5355710002706],[-87.5523169998988,41.5304900000877],[-87.5523019998301,41.5288119997537],[-87.5420390001357,41.5288590000165],[-87.5420299999149,41.5282140001545],[-87.5391669999341,41.528253000063],[-87.5390380000627,41.5282690002945],[-87.5368739998657,41.5282970000177],[-87.5297109999785,41.5282970000177],[-87.5294819996496,41.5283229997017],[-87.5294210004486,41.5246879997869],[-87.5293810002656,41.5210590001998],[-87.529366000197,41.5173960000849],[-87.5292620004399,41.5066560001245],[-87.5316669997629,41.5039090000924],[-87.5336440003621,41.5064750000572],[-87.5437160002609,41.5064799997945],[-87.5531939999578,41.5065060001715],[-87.5582250003335,41.5064819998239],[-87.5582229997854,41.5073019999332],[-87.558273999839,41.5135959998963],[-87.5582760003871,41.5138160001003],[-87.5582860004329,41.5148590001683],[-87.5582939999305,41.5158479998895],[-87.5583409997861,41.5210349998668],[-87.5584649996347,41.528192999832],[-87.5585569996962,41.5358549999072],[-87.5586360002372,41.5428249996648]]]},"properties":{"OBJECTID":7437,"GEOID":"17031828508","STATE":"17","COUNTY":"031","TRACT":"828508","NAME":"Census Tract 8285.08","Shape__Area":12637538.578125,"Shape__Length":18821.737945933939}},{"type":"Feature","id":7438,"geometry":{"type":"Polygon","coordinates":[[[-87.7198889997981,41.8528740000636],[-87.718723000034,41.8532859997947],[-87.7138130000322,41.8550099997457],[-87.7102560002904,41.8562710002152],[-87.7054299999542,41.857977999692],[-87.7053069999305,41.8535869999539],[-87.7101779995743,41.8535489997229],[-87.7111009996641,41.8535420001357],[-87.7111430003952,41.8519910002571],[-87.7124220001372,41.851706999914],[-87.7136270002593,41.8516790000852],[-87.7137779998721,41.8516770000492],[-87.7149989998877,41.8516629997952],[-87.7198720000796,41.8516070000869],[-87.7198889997981,41.8528740000636]]]},"properties":{"OBJECTID":7438,"GEOID":"17031844700","STATE":"17","COUNTY":"031","TRACT":"844700","NAME":"Census Tract 8447","Shape__Area":726108.76953125,"Shape__Length":4481.8653512506626}},{"type":"Feature","id":8073,"geometry":{"type":"Polygon","coordinates":[[[-87.7107819998219,41.8736280001466],[-87.7059170000259,41.8736880000037],[-87.7010129998719,41.8737469997972],[-87.7008689999318,41.8691890003323],[-87.7057560003674,41.8691329999151],[-87.7057899998043,41.8700530002644],[-87.7106599996232,41.8700039997282],[-87.7106889999355,41.8709009997313],[-87.7107819998219,41.8736280001466]]]},"properties":{"OBJECTID":8073,"GEOID":"17031837300","STATE":"17","COUNTY":"031","TRACT":"837300","NAME":"Census Tract 8373","Shape__Area":665492.05078125,"Shape__Length":3534.9841049659381}},{"type":"Feature","id":8074,"geometry":{"type":"Polygon","coordinates":[[[-87.7354759997712,41.8806110002059],[-87.7305740001652,41.8806669999306],[-87.7304820001037,41.8779180001394],[-87.7303130000493,41.8733860001288],[-87.7328069999592,41.8739779997455],[-87.7352220002263,41.8735199997267],[-87.73538000041,41.8778610000692],[-87.7354759997712,41.8806110002059]]]},"properties":{"OBJECTID":8074,"GEOID":"17031260600","STATE":"17","COUNTY":"031","TRACT":"260600","NAME":"Census Tract 2606","Shape__Area":564864.20703125,"Shape__Length":3264.0424167385008}},{"type":"Feature","id":8075,"geometry":{"type":"Polygon","coordinates":[[[-87.7648639998122,41.8802460002243],[-87.7601189996668,41.8803079996975],[-87.7587289995968,41.8803250000819],[-87.755067000273,41.8803720002557],[-87.7549960001279,41.8784709998476],[-87.7549290001808,41.8766589997504],[-87.7548589998606,41.8748479997716],[-87.7548060001571,41.8729460002424],[-87.7645869998028,41.8728269997694],[-87.7646589997728,41.8747280001722],[-87.764724999895,41.8765380002432],[-87.7647950002152,41.8783440001455],[-87.7648639998122,41.8802460002243]]]},"properties":{"OBJECTID":8075,"GEOID":"17031252102","STATE":"17","COUNTY":"031","TRACT":"252102","NAME":"Census Tract 2521.02","Shape__Area":1210715.421875,"Shape__Length":4399.9458903847635}},{"type":"Feature","id":8076,"geometry":{"type":"Polygon","coordinates":[[[-87.7553369997115,41.88780899975],[-87.7528949996802,41.8878420000798],[-87.7504429996032,41.887866000309],[-87.7480020002951,41.8878850002611],[-87.747959999564,41.8877570000873],[-87.745546999845,41.8877809996796],[-87.7406129995537,41.8878079999626],[-87.7403699998795,41.8805549997632],[-87.7452780002315,41.8804980000386],[-87.7477229997375,41.8804649999283],[-87.7494119995583,41.8804449998735],[-87.7501730001647,41.8804350001782],[-87.755067000273,41.8803720002557],[-87.7551609999844,41.8830019998975],[-87.7553190001681,41.8872020002277],[-87.7553369997115,41.88780899975]]]},"properties":{"OBJECTID":8076,"GEOID":"17031251800","STATE":"17","COUNTY":"031","TRACT":"251800","NAME":"Census Tract 2518","Shape__Area":1801006.73828125,"Shape__Length":5487.750474657104}},{"type":"Feature","id":8077,"geometry":{"type":"Polygon","coordinates":[[[-87.7753619996833,41.901997999834],[-87.7729380000937,41.9020340002193],[-87.770507999758,41.9020710001485],[-87.7692950001382,41.9020899998869],[-87.7656539998326,41.9021449999424],[-87.7655249999612,41.8984969997906],[-87.7653950002648,41.8948540002567],[-87.769044999893,41.8947989999395],[-87.7701420000601,41.8947849997661],[-87.7722920000133,41.8947550000529],[-87.7751280002299,41.8947119998153],[-87.775191999804,41.8965329996927],[-87.7752489997054,41.898358000298],[-87.7753619996833,41.901997999834]]]},"properties":{"OBJECTID":8077,"GEOID":"17031251300","STATE":"17","COUNTY":"031","TRACT":"251300","NAME":"Census Tract 2513","Shape__Area":1180374.4296875,"Shape__Length":4345.3753431279019}},{"type":"Feature","id":8078,"geometry":{"type":"Polygon","coordinates":[[[-87.7415180001002,41.9024269997626],[-87.736146000141,41.9025129998488],[-87.7336830001933,41.9025539997324],[-87.7312250002685,41.9025920002534],[-87.7263029996728,41.9026709998917],[-87.7262490001444,41.9008469997715],[-87.7261930000679,41.8990200001975],[-87.7261400003645,41.897201000305],[-87.72608000009,41.8953680000434],[-87.725972000135,41.8916939996932],[-87.7258730004008,41.8879570002044],[-87.7307859998773,41.8879440003228],[-87.7357140003208,41.8878779997514],[-87.7406129995537,41.8878079999626],[-87.7412029995576,41.8950930001972],[-87.741479999567,41.8987719996896],[-87.7415180001002,41.9024269997626]]]},"properties":{"OBJECTID":8078,"GEOID":"17031842100","STATE":"17","COUNTY":"031","TRACT":"842100","NAME":"Census Tract 8421","Shape__Area":3679981.23828125,"Shape__Length":7725.2667796136266}},{"type":"Feature","id":8079,"geometry":{"type":"Polygon","coordinates":[[[-87.705255000052,41.8517650002373],[-87.7028130000207,41.8517990001255],[-87.7015810001344,41.8518180000946],[-87.7003640003167,41.8518379997389],[-87.7001960000872,41.8463949998877],[-87.7001480004067,41.8446129998928],[-87.7025839996919,41.8445519997234],[-87.7050399999669,41.8445179999987],[-87.7051479999219,41.8481400000764],[-87.705255000052,41.8517650002373]]]},"properties":{"OBJECTID":8079,"GEOID":"17031300900","STATE":"17","COUNTY":"031","TRACT":"300900","NAME":"Census Tract 3009","Shape__Area":589907.375,"Shape__Length":3252.5650097681582}},{"type":"Feature","id":8084,"geometry":{"type":"Polygon","coordinates":[[[-87.7397670003551,41.8586539999231],[-87.7371760003609,41.8586919997973],[-87.7298410000462,41.8587999998444],[-87.7249550003338,41.8588680001521],[-87.7248499998535,41.8550140002784],[-87.7247610001651,41.8516510002442],[-87.7296169997402,41.85158899974],[-87.7394230003985,41.8513510000309],[-87.7397670003551,41.8586539999231]]]},"properties":{"OBJECTID":8084,"GEOID":"17031292500","STATE":"17","COUNTY":"031","TRACT":"292500","NAME":"Census Tract 2925","Shape__Area":1777022.66015625,"Shape__Length":5452.979611520198}},{"type":"Feature","id":8085,"geometry":{"type":"Polygon","coordinates":[[[-87.7200660002484,41.8589210001451],[-87.7188820000427,41.8589309998611],[-87.7176619998519,41.8589460001013],[-87.715205999577,41.8589740000942],[-87.7139860002845,41.858988000086],[-87.7127710001166,41.8590000002677],[-87.7103330002833,41.859025000193],[-87.7102560002904,41.8562710002152],[-87.7138130000322,41.8550099997457],[-87.718723000034,41.8532859997947],[-87.7198889997981,41.8528740000636],[-87.7199120002626,41.8539560002126],[-87.7200660002484,41.8589210001451]]]},"properties":{"OBJECTID":8085,"GEOID":"17031292200","STATE":"17","COUNTY":"031","TRACT":"292200","NAME":"Census Tract 2922","Shape__Area":712653.9453125,"Shape__Length":3585.7307670884543}},{"type":"Feature","id":8086,"geometry":{"type":"Polygon","coordinates":[[[-87.7105430003456,41.8663490000969],[-87.7056690003288,41.8664050002769],[-87.7055570001758,41.8625100002458],[-87.7054559998935,41.8590840001385],[-87.7029390004174,41.8588409996844],[-87.7054299999542,41.857977999692],[-87.7102560002904,41.8562710002152],[-87.7103330002833,41.859025000193],[-87.7104329998425,41.8624539999992],[-87.7105430003456,41.8663490000969]]]},"properties":{"OBJECTID":8086,"GEOID":"17031841500","STATE":"17","COUNTY":"031","TRACT":"841500","NAME":"Census Tract 8415","Shape__Area":773911.33984375,"Shape__Length":4326.9755751487255}},{"type":"Feature","id":8087,"geometry":{"type":"Polygon","coordinates":[[[-87.725170000419,41.8661720001373],[-87.7215159996946,41.866221999722],[-87.7201230001498,41.8662399999643],[-87.7154209996621,41.8662900001648],[-87.7153050002095,41.8623979997037],[-87.715205999577,41.8589740000942],[-87.7176619998519,41.8589460001013],[-87.7188820000427,41.8589309998611],[-87.7200660002484,41.8589210001451],[-87.7224890000131,41.8588939996997],[-87.7249550003338,41.8588680001521],[-87.7250609997407,41.8625240001325],[-87.725170000419,41.8661720001373]]]},"properties":{"OBJECTID":8087,"GEOID":"17031838700","STATE":"17","COUNTY":"031","TRACT":"838700","NAME":"Census Tract 8387","Shape__Area":1186930.2734375,"Shape__Length":4356.585968504889}},{"type":"Feature","id":8088,"geometry":{"type":"Polygon","coordinates":[[[-87.6667390001184,41.8763510000678],[-87.661853000406,41.8764379997811],[-87.6570029997803,41.8765190002611],[-87.6568529999925,41.8722540001127],[-87.6610259996774,41.8721690001195],[-87.6617239996363,41.8721100002073],[-87.6617139995905,41.8717520001052],[-87.6666160000948,41.8716259998014],[-87.666686000415,41.8742510001891],[-87.6667390001184,41.8763510000678]]]},"properties":{"OBJECTID":8088,"GEOID":"17031832900","STATE":"17","COUNTY":"031","TRACT":"832900","NAME":"Census Tract 8329","Shape__Area":729820.34375,"Shape__Length":3570.9073431843753}},{"type":"Feature","id":8089,"geometry":{"type":"Polygon","coordinates":[[[-87.7641280002184,42.0422730001355],[-87.7639750000576,42.0481480002269],[-87.7566640000323,42.0480749997184],[-87.7551519997635,42.0480650002819],[-87.7488690003084,42.0480100000175],[-87.7469360000902,42.0479950001797],[-87.7470110004332,42.0443710000155],[-87.7470470004182,42.0425620002234],[-87.7470850000531,42.0407530002964],[-87.7506429996197,42.0407850001692],[-87.7527189999531,42.040806000056],[-87.7568599998509,42.0408479998089],[-87.7592900001866,42.0408709997888],[-87.763887000194,42.0409040003257],[-87.7641780004472,42.0409059997714],[-87.7641280002184,42.0422730001355]]]},"properties":{"OBJECTID":8089,"GEOID":"17031807000","STATE":"17","COUNTY":"031","TRACT":"807000","NAME":"Census Tract 807","Shape__Area":2060061.51953125,"Shape__Length":5971.3555334863777}},{"type":"Feature","id":8090,"geometry":{"type":"Polygon","coordinates":[[[-87.8730150002723,41.9221520001048],[-87.8697709996267,41.9222250000988],[-87.8685889999691,41.9222420000213],[-87.8653219997573,41.9223040001722],[-87.8649379996177,41.9223159998279],[-87.8649889996714,41.9235769998064],[-87.8651019996493,41.9263390003213],[-87.8652399997415,41.929690999868],[-87.8593869995584,41.9291939997905],[-87.8570369995886,41.929192000175],[-87.8561560002299,41.9268019998429],[-87.8546409995881,41.9225440002099],[-87.8535989996726,41.9205310000078],[-87.8530270001104,41.919811999827],[-87.8521719997926,41.9190510003107],[-87.8473470001796,41.9154679997323],[-87.8400119998649,41.9100290001546],[-87.8377360004133,41.9083920001846],[-87.8399519995904,41.9083549999073],[-87.8449610002248,41.908254999773],[-87.8496960003245,41.9081679999299],[-87.8512050002202,41.9081410002311],[-87.8571200003276,41.908034000124],[-87.8644420002235,41.9079029997924],[-87.870425000103,41.9078039997616],[-87.8724079996516,41.907773000004],[-87.8727099997755,41.9149210002789],[-87.8727390000877,41.9154640003094],[-87.8728579999134,41.9185469997401],[-87.8730150002723,41.9221520001048]]]},"properties":{"OBJECTID":8090,"GEOID":"17031811302","STATE":"17","COUNTY":"031","TRACT":"811302","NAME":"Census Tract 8113.02","Shape__Area":7227699.47265625,"Shape__Length":12823.531650778867}},{"type":"Feature","id":8093,"geometry":{"type":"Polygon","coordinates":[[[-87.6643940001715,41.78674699979],[-87.6619630000109,41.7867810000553],[-87.6595410000711,41.7868160003293],[-87.6594049996286,41.7813580001061],[-87.659361000146,41.7795429998855],[-87.6642209999192,41.7794650002959],[-87.6643089997827,41.7831099999302],[-87.6643940001715,41.78674699979]]]},"properties":{"OBJECTID":8093,"GEOID":"17031670800","STATE":"17","COUNTY":"031","TRACT":"670800","NAME":"Census Tract 6708","Shape__Area":587687.76953125,"Shape__Length":3254.7042345595087}},{"type":"Feature","id":8094,"geometry":{"type":"Polygon","coordinates":[[[-87.693029000002,41.7645400001445],[-87.6893600001073,41.7645979997038],[-87.6881359997186,41.7646179997937],[-87.6832430003335,41.7647020002377],[-87.6833429998927,41.7683320000239],[-87.6786200003869,41.7683849999447],[-87.6785829996787,41.7647549998071],[-87.6784660004011,41.7574519998428],[-87.6801259999096,41.7574559997707],[-87.6830469996166,41.7573789999426],[-87.6836659999329,41.7575440001313],[-87.6866820000745,41.7574779997047],[-87.6879530003188,41.7574909999667],[-87.6928199997647,41.7573029998389],[-87.6929190003972,41.7579800002292],[-87.6929260000699,41.7608919998519],[-87.693029000002,41.7645400001445]]]},"properties":{"OBJECTID":8094,"GEOID":"17031661000","STATE":"17","COUNTY":"031","TRACT":"661000","NAME":"Census Tract 661","Shape__Area":2011422.62890625,"Shape__Length":6473.0631723487541}},{"type":"Feature","id":8095,"geometry":{"type":"Polygon","coordinates":[[[-87.7373970002939,41.7784869999662],[-87.7337450001176,41.7785289998307],[-87.7288629997048,41.7785839996754],[-87.7227600001747,41.778657999721],[-87.7226229999074,41.7731919999136],[-87.7225760000517,41.7713740002575],[-87.7262340000758,41.7713310001291],[-87.7298899995517,41.771286999703],[-87.7323269995601,41.7712599998072],[-87.7372230002166,41.7712009999706],[-87.7373310001716,41.7748510000763],[-87.7373610003088,41.7766549997505],[-87.7373970002939,41.7784869999662]]]},"properties":{"OBJECTID":8095,"GEOID":"17031650301","STATE":"17","COUNTY":"031","TRACT":"650301","NAME":"Census Tract 6503.01","Shape__Area":1773707.265625,"Shape__Length":5435.50014802307}},{"type":"Feature","id":8096,"geometry":{"type":"Polygon","coordinates":[[[-87.6399000002388,41.7561459996754],[-87.6392359997168,41.7579970002837],[-87.6357020004396,41.7580579998114],[-87.6320519999131,41.758116999673],[-87.6313770004187,41.7581280001977],[-87.6280049997266,41.7581820003095],[-87.6247590003295,41.7582370001781],[-87.6246439998035,41.7545940000487],[-87.6245459998942,41.7509600001345],[-87.6253950003642,41.750936000145],[-87.6342289996305,41.7507830000847],[-87.6393160000827,41.7507109998908],[-87.6397589997735,41.7507049997034],[-87.6398030001544,41.7525179998574],[-87.6399000002388,41.7561459996754]]]},"properties":{"OBJECTID":8096,"GEOID":"17031691200","STATE":"17","COUNTY":"031","TRACT":"691200","NAME":"Census Tract 6912","Shape__Area":1830899.01953125,"Shape__Length":5490.0455684437184}},{"type":"Feature","id":8097,"geometry":{"type":"Polygon","coordinates":[[[-87.6252229999367,41.7727739997393],[-87.6210779998409,41.7728960001197],[-87.6202920000185,41.7728809998109],[-87.6179429998736,41.7729249998136],[-87.6154499997887,41.7729700000288],[-87.61539999956,41.7709700001108],[-87.6153550002525,41.7693400000415],[-87.6152620003661,41.765711000023],[-87.6200979998497,41.7656120002315],[-87.6249069995692,41.7655139999761],[-87.6249440002775,41.7691569999587],[-87.6251109997837,41.7691539997224],[-87.6252229999367,41.7727739997393]]]},"properties":{"OBJECTID":8097,"GEOID":"17031690400","STATE":"17","COUNTY":"031","TRACT":"690400","NAME":"Census Tract 6904","Shape__Area":1171594.19140625,"Shape__Length":4348.9960745260614}},{"type":"Feature","id":8098,"geometry":{"type":"Polygon","coordinates":[[[-87.6541160004084,41.7650569998305],[-87.6516890004458,41.7650919999011],[-87.6480549998128,41.7651480002422],[-87.6456310002232,41.7651839999571],[-87.6444129996823,41.7652030001708],[-87.6443659998266,41.7633829997965],[-87.6443209996208,41.7615639998132],[-87.64427499959,41.759744999862],[-87.6442319999323,41.7579940001956],[-87.646658999895,41.7579569999907],[-87.6490809998348,41.7579199997645],[-87.6515050003227,41.7578779998078],[-87.6539289999124,41.7578459999181],[-87.6539730002933,41.759595999821],[-87.6541160004084,41.7650569998305]]]},"properties":{"OBJECTID":8098,"GEOID":"17031681400","STATE":"17","COUNTY":"031","TRACT":"681400","NAME":"Census Tract 6814","Shape__Area":1162409.76171875,"Shape__Length":4312.4360436403495}},{"type":"Feature","id":8099,"geometry":{"type":"Polygon","coordinates":[[[-87.6543099996789,41.7723329997455],[-87.6518819998913,41.7723690001184],[-87.6482349997379,41.7724209998026],[-87.647023999768,41.7724399998828],[-87.6458129997981,41.7724550002948],[-87.6445969998053,41.7724719998641],[-87.644507000292,41.7688379999466],[-87.6444129996823,41.7652030001708],[-87.6456310002232,41.7651839999571],[-87.6480549998128,41.7651480002422],[-87.6516890004458,41.7650919999011],[-87.6541160004084,41.7650569998305],[-87.6542109999447,41.7686930001477],[-87.6543099996789,41.7723329997455]]]},"properties":{"OBJECTID":8099,"GEOID":"17031681100","STATE":"17","COUNTY":"031","TRACT":"681100","NAME":"Census Tract 6811","Shape__Area":1173520.125,"Shape__Length":4333.1066713497084}},{"type":"Feature","id":8100,"geometry":{"type":"Polygon","coordinates":[[[-87.6786200003869,41.7683849999447],[-87.6736249999962,41.7684410000916],[-87.6711980000336,41.7684710001023],[-87.6699860002387,41.7684849997899],[-87.6687740004439,41.7684959998772],[-87.6688249995992,41.7703140000312],[-87.6688859996986,41.772132000251],[-87.6689459999731,41.7739520003165],[-87.6640700003064,41.7740130000854],[-87.6640209999026,41.772192000156],[-87.6639680001992,41.7703719997305],[-87.663897999879,41.7685519999272],[-87.6637959997717,41.7649089997615],[-87.6674610003668,41.7648680000577],[-87.6698869996062,41.7648459999771],[-87.671102999599,41.7648340002345],[-87.6747449997295,41.7647990000232],[-87.6785829996787,41.7647549998071],[-87.6786200003869,41.7683849999447]]]},"properties":{"OBJECTID":8100,"GEOID":"17031671500","STATE":"17","COUNTY":"031","TRACT":"671500","NAME":"Census Tract 6715","Shape__Area":1332972.87890625,"Shape__Length":6000.8400183091189}},{"type":"Feature","id":8101,"geometry":{"type":"Polygon","coordinates":[[[-87.6690790000425,41.7793830000411],[-87.6642209999192,41.7794650002959],[-87.6640700003064,41.7740130000854],[-87.6689459999731,41.7739520003165],[-87.6690790000425,41.7793830000411]]]},"properties":{"OBJECTID":8101,"GEOID":"17031671200","STATE":"17","COUNTY":"031","TRACT":"671200","NAME":"Census Tract 6712","Shape__Area":440247.97265625,"Shape__Length":2708.6398385510606}},{"type":"Feature","id":8105,"geometry":{"type":"Polygon","coordinates":[[[-87.6949670002432,41.8322790000389],[-87.6874489996304,41.8346320001549],[-87.6872860003221,41.8276709998172],[-87.6869449998402,41.826633000237],[-87.6861909998048,41.8251780000893],[-87.686080000375,41.8229559999364],[-87.6897269996301,41.8228820001519],[-87.6946269995862,41.8227859999964],[-87.6946619997463,41.8246140001851],[-87.6947150003481,41.8264750002774],[-87.6947939999908,41.8290880001705],[-87.6948430003946,41.8292780001148],[-87.6949610003954,41.8321389997579],[-87.6949670002432,41.8322790000389]]]},"properties":{"OBJECTID":8105,"GEOID":"17031580100","STATE":"17","COUNTY":"031","TRACT":"580100","NAME":"Census Tract 5801","Shape__Area":1379681.16796875,"Shape__Length":5043.5470212807058}},{"type":"Feature","id":8106,"geometry":{"type":"Polygon","coordinates":[[[-87.5454539995872,41.7073270001874],[-87.542212000388,41.7110560002053],[-87.5421959995962,41.7138239998168],[-87.5425389997279,41.7160019998149],[-87.5427150003533,41.7175600001654],[-87.5432679996489,41.7198260000488],[-87.5429189996695,41.722860000095],[-87.5389230004349,41.722913000019],[-87.5365430003279,41.722942000174],[-87.5352860003273,41.7213980001258],[-87.5352879999771,41.7195500002433],[-87.5352789997562,41.7119729998523],[-87.535288999802,41.7082169997878],[-87.5413389996286,41.7081920000087],[-87.5413389996286,41.7045829996951],[-87.5413420000017,41.702756999794],[-87.543823000391,41.7027629997662],[-87.5458670000391,41.7027669997473],[-87.5454539995872,41.7073270001874]]]},"properties":{"OBJECTID":8106,"GEOID":"17031520200","STATE":"17","COUNTY":"031","TRACT":"520200","NAME":"Census Tract 5202","Shape__Area":2205683.85546875,"Shape__Length":8047.6624605181551}},{"type":"Feature","id":8107,"geometry":{"type":"Polygon","coordinates":[[[-87.6018999997909,41.6850619997249],[-87.6016010000402,41.6861380000766],[-87.5982900003458,41.6923679997444],[-87.5948499998816,41.698761999993],[-87.5919280003496,41.7031340003129],[-87.5870719998761,41.7065739997706],[-87.5873000003801,41.7077500003229],[-87.586050999877,41.7077649997582],[-87.5736630003437,41.7079660003032],[-87.5669270002537,41.708065999713],[-87.5645110001617,41.7081029998307],[-87.5596620002592,41.708168000131],[-87.5596029998097,41.7027769996991],[-87.5582060000669,41.7027719997234],[-87.5458670000391,41.7027669997473],[-87.543823000391,41.7027629997662],[-87.5451969996692,41.7008849999115],[-87.5451609996842,41.6954629998862],[-87.5451289998972,41.6827329996695],[-87.5451280000723,41.6738260001009],[-87.5464350003016,41.6680170001065],[-87.5462879999885,41.6611170000115],[-87.5445940001449,41.6591150002429],[-87.5495419997815,41.6619329998555],[-87.5524490001433,41.6638950001195],[-87.5564079995679,41.6703469997725],[-87.5577189999952,41.6693559999515],[-87.5592570002032,41.6689700000939],[-87.5588959996299,41.6611719997684],[-87.5592859996172,41.6591889997283],[-87.5813869999225,41.6592119997596],[-87.5871499996939,41.6603769999964],[-87.5892779999059,41.6603879998094],[-87.6001950000766,41.6730910001416],[-87.6015440001388,41.6756670002999],[-87.6017330002847,41.6768960000209],[-87.6018999997909,41.6850619997249]]]},"properties":{"OBJECTID":8107,"GEOID":"17031838800","STATE":"17","COUNTY":"031","TRACT":"838800","NAME":"Census Tract 8388","Shape__Area":38863804.90234375,"Shape__Length":27551.703016546508}},{"type":"Feature","id":8118,"geometry":{"type":"Polygon","coordinates":[[[-87.6696449997569,41.801275999731],[-87.6647759997629,41.8013180000695],[-87.6645819995942,41.7940239998179],[-87.6670160001279,41.7939960002035],[-87.6694430000905,41.7939689998222],[-87.6695440003729,41.79763399982],[-87.6696449997569,41.801275999731]]]},"properties":{"OBJECTID":8118,"GEOID":"17031611800","STATE":"17","COUNTY":"031","TRACT":"611800","NAME":"Census Tract 6118","Shape__Area":590534.546875,"Shape__Length":3263.9225923168306}},{"type":"Feature","id":8119,"geometry":{"type":"Polygon","coordinates":[[[-87.6455380003368,41.8088639999816],[-87.6406790003886,41.8089520001219],[-87.6358389998086,41.8090460002296],[-87.6356220000736,41.8017669999744],[-87.6353619997826,41.7944780001346],[-87.6403289996859,41.794386999811],[-87.645160000045,41.7943020001575],[-87.6453449999929,41.8015840000112],[-87.6454160001381,41.8043130000871],[-87.6455380003368,41.8088639999816]]]},"properties":{"OBJECTID":8119,"GEOID":"17031843800","STATE":"17","COUNTY":"031","TRACT":"843800","NAME":"Census Tract 8438","Shape__Area":2358314.5078125,"Shape__Length":6522.1169174968963}},{"type":"Feature","id":8120,"geometry":{"type":"Polygon","coordinates":[[[-87.5858240000963,41.7515059999847],[-87.5855959995924,41.751508999706],[-87.5816179999012,41.7486490001066],[-87.5802350004021,41.7476550003086],[-87.5758569997795,41.7445039998994],[-87.5717610000875,41.7415590000535],[-87.5709330004323,41.7409619997946],[-87.566027999555,41.7374329996748],[-87.5657010002152,41.737197999733],[-87.5659969995929,41.7371929997534],[-87.5733019997703,41.7370909998169],[-87.5805729996126,41.7369870001222],[-87.5856369996003,41.7369130002757],[-87.5857289996618,41.7405540002312],[-87.5857989999819,41.7441980002574],[-87.5858240000963,41.7515059999847]]]},"properties":{"OBJECTID":8120,"GEOID":"17031450300","STATE":"17","COUNTY":"031","TRACT":"450300","NAME":"Census Tract 4503","Shape__Area":2452849.79296875,"Shape__Length":7498.77593117807}},{"type":"Feature","id":8121,"geometry":{"type":"Polygon","coordinates":[[[-87.6148189997769,41.7456380001681],[-87.6123109996234,41.7443049997263],[-87.6123499999815,41.7456780000956],[-87.6087189997216,41.745739999934],[-87.6074719997667,41.7443879999307],[-87.606295000132,41.7457779998052],[-87.6050840001621,41.7457979997285],[-87.6050330001084,41.7439699997731],[-87.6049269998033,41.7402700003323],[-87.6048230000462,41.7366489997841],[-87.6096729997735,41.7365800002461],[-87.6112839997765,41.7365519996838],[-87.6145280004221,41.7365030001786],[-87.6146749998369,41.7419840002082],[-87.6148189997769,41.7456380001681]]]},"properties":{"OBJECTID":8121,"GEOID":"17031440202","STATE":"17","COUNTY":"031","TRACT":"440202","NAME":"Census Tract 4402.02","Shape__Area":1418340.921875,"Shape__Length":5386.0730638529321}},{"type":"Feature","id":8124,"geometry":{"type":"Polygon","coordinates":[[[-87.6052149996833,41.7512859999409],[-87.6015469996135,41.7513270002804],[-87.5979150004271,41.7513640002864],[-87.5972350000115,41.7513689998328],[-87.5978490003048,41.7476909997837],[-87.5982690004294,41.7458670000861],[-87.598938000076,41.7458590001262],[-87.5988950004183,41.7454070000994],[-87.6013919998028,41.7458360002357],[-87.6050840001621,41.7457979997285],[-87.6051350002157,41.7476269998837],[-87.6051889997441,41.7494570001484],[-87.6052149996833,41.7512859999409]]]},"properties":{"OBJECTID":8124,"GEOID":"17031440101","STATE":"17","COUNTY":"031","TRACT":"440101","NAME":"Census Tract 4401.01","Shape__Area":688355.27734375,"Shape__Length":3374.9298926178103}},{"type":"Feature","id":8125,"geometry":{"type":"Polygon","coordinates":[[[-87.5540719998418,41.7518950001971],[-87.5522879995865,41.751918999828],[-87.5522459997537,41.751918999828],[-87.5477030001729,41.7547530002169],[-87.5444188169864,41.7546621941487],[-87.5432650001742,41.7519970000746],[-87.5310609998655,41.7480680001301],[-87.5292669699201,41.7328594691582],[-87.5365449999777,41.7296350001903],[-87.5394449997684,41.7340350001792],[-87.5429830001419,41.7338340000455],[-87.5430750002034,41.7374850001875],[-87.5453110003704,41.7374630001047],[-87.5453599998759,41.7392809999969],[-87.5417350003621,41.7393349998769],[-87.541836999571,41.7447590001627],[-87.5454760002268,41.7447339998531],[-87.5466849996486,41.7447180003201],[-87.5514180000984,41.7446590002064],[-87.5514969997411,41.7446580001927],[-87.5529400004129,41.7446369999002],[-87.5539749997574,41.7446219996871],[-87.5540080002677,41.7464409999729],[-87.5540430004278,41.7482600003302],[-87.5540769998647,41.7500780001549],[-87.5540719998418,41.7518950001971]]]},"properties":{"OBJECTID":8125,"GEOID":"17031460100","STATE":"17","COUNTY":"031","TRACT":"460100","NAME":"Census Tract 4601","Shape__Area":5377613.69921875,"Shape__Length":12186.744812351972}},{"type":"Feature","id":8126,"geometry":{"type":"Polygon","coordinates":[[[-87.7099099997857,41.8444499998258],[-87.7050399999669,41.8445179999987],[-87.704930000362,41.8408769997905],[-87.7048230002319,41.8372330001494],[-87.7097139999671,41.8371450000503],[-87.7098110000515,41.8407980000379],[-87.7099099997857,41.8444499998258]]]},"properties":{"OBJECTID":8126,"GEOID":"17031840800","STATE":"17","COUNTY":"031","TRACT":"840800","NAME":"Census Tract 8408","Shape__Area":592509.30859375,"Shape__Length":3267.3962805169522}},{"type":"Feature","id":8127,"geometry":{"type":"Polygon","coordinates":[[[-87.5951300002641,41.7605560002476],[-87.5947200001853,41.7623449998114],[-87.5933240002674,41.7623540001352],[-87.5933739995978,41.7641770000141],[-87.5938260004078,41.7660039997562],[-87.5924449996602,41.7660110002045],[-87.5909940003891,41.766015000269],[-87.5894500003333,41.7661180001666],[-87.5863289997114,41.7661209998749],[-87.5862810000308,41.7642329998138],[-87.586231999627,41.7624100001858],[-87.5861849997713,41.7605889998918],[-87.5861360002658,41.7587639996728],[-87.5883680002349,41.7587450002329],[-87.5908000002204,41.7587239998578],[-87.5955229997262,41.7586960002406],[-87.5951300002641,41.7605560002476]]]},"properties":{"OBJECTID":8127,"GEOID":"17031430400","STATE":"17","COUNTY":"031","TRACT":"430400","NAME":"Census Tract 4304","Shape__Area":982943.54296875,"Shape__Length":4235.0878474522406}},{"type":"Feature","id":8128,"geometry":{"type":"Polygon","coordinates":[[[-87.5928449996933,41.7705649998194],[-87.5922210002526,41.7732750002828],[-87.5911690002913,41.773284999981],[-87.5862960000994,41.7733390000663],[-87.5862380003731,41.769698000312],[-87.5863770002903,41.7686509998721],[-87.5863289997114,41.7661209998749],[-87.5894500003333,41.7661180001666],[-87.5909940003891,41.766015000269],[-87.5924449996602,41.7660110002045],[-87.5928449996933,41.7705649998194]]]},"properties":{"OBJECTID":8128,"GEOID":"17031430300","STATE":"17","COUNTY":"031","TRACT":"430300","NAME":"Census Tract 4303","Shape__Area":756314.53125,"Shape__Length":3510.9007171856547}},{"type":"Feature","id":8129,"geometry":{"type":"Polygon","coordinates":[[[-87.6060370003891,41.7858739997453],[-87.6011909999614,41.7859279999479],[-87.6011480003037,41.7841109996663],[-87.6010679999377,41.780468000246],[-87.605930000259,41.7804100002975],[-87.6060089999017,41.7840580000125],[-87.6060370003891,41.7858739997453]]]},"properties":{"OBJECTID":8129,"GEOID":"17031420400","STATE":"17","COUNTY":"031","TRACT":"420400","NAME":"Census Tract 4204","Shape__Area":441145.859375,"Shape__Length":2711.8400460239168}},{"type":"Feature","id":8130,"geometry":{"type":"Polygon","coordinates":[[[-87.5966769997947,41.8009229999918],[-87.5918210002195,41.8009759997656],[-87.5917860000594,41.7995120001685],[-87.5917480004245,41.798046000237],[-87.5920849998101,41.7954479998606],[-87.5933490003818,41.7951109998628],[-87.5965439997253,41.7950659997807],[-87.5966099998475,41.797987000265],[-87.5966769997947,41.8009229999918]]]},"properties":{"OBJECTID":8130,"GEOID":"17031410700","STATE":"17","COUNTY":"031","TRACT":"410700","NAME":"Census Tract 4107","Shape__Area":458678.85546875,"Shape__Length":2747.8342690447112}},{"type":"Feature","id":8131,"geometry":{"type":"Polygon","coordinates":[[[-87.6864310000043,41.8811620002363],[-87.6839599996607,41.8811589998934],[-87.6839010001095,41.8786240001856],[-87.6838280003146,41.8761200000006],[-87.6862689996226,41.8760839997239],[-87.6863649998821,41.8785889999133],[-87.6864310000043,41.8811620002363]]]},"properties":{"OBJECTID":8131,"GEOID":"17031280900","STATE":"17","COUNTY":"031","TRACT":"280900","NAME":"Census Tract 2809","Shape__Area":207181.8828125,"Shape__Length":2059.8186444128082}},{"type":"Feature","id":8138,"geometry":{"type":"Polygon","coordinates":[[[-87.9599349999152,42.0251599998037],[-87.9563260002949,42.022480999947],[-87.9543300003275,42.0212439999371],[-87.9500179998271,42.0199940002167],[-87.9405159998408,42.0180600001282],[-87.9323050001902,42.0163339996768],[-87.9207229996725,42.0132530002932],[-87.9206950000834,42.0115280000546],[-87.9206189999154,42.010775000193],[-87.9205600003642,42.0084649996706],[-87.9204640001047,42.0056289996753],[-87.9205050001126,42.0050770002074],[-87.9207539996347,42.003967999737],[-87.9208380001986,42.003944999755],[-87.921516000066,42.0038529997438],[-87.9290670002908,42.0049640001248],[-87.9292189997284,42.0049910002219],[-87.9292510004138,42.0049959999914],[-87.9335060001144,42.0055830002363],[-87.9342989996095,42.005695999887],[-87.9352829997987,42.0058710003263],[-87.9354729997695,42.0059119998599],[-87.9402470002272,42.0071719998822],[-87.9400970004394,42.0007919996856],[-87.9400699997769,41.9997299996995],[-87.9400320001421,41.9981309998309],[-87.9399459999284,41.9934810001346],[-87.9471709997399,41.9933830001998],[-87.9528909998536,41.9932800000921],[-87.9592310001085,41.9931700001755],[-87.9593690002008,41.9941300001997],[-87.9596400003624,42.0114330001043],[-87.9597130001573,42.0150250002522],[-87.9597139999822,42.0150940001695],[-87.95971999983,42.0153010001396],[-87.9597220003782,42.0153710002157],[-87.959903999953,42.0234839997383],[-87.9599190000217,42.0242940000712],[-87.9599249998694,42.0246390000081],[-87.9599349999152,42.0251599998037]]]},"properties":{"OBJECTID":8138,"GEOID":"17031770500","STATE":"17","COUNTY":"031","TRACT":"770500","NAME":"Census Tract 7705","Shape__Area":12244877.78125,"Shape__Length":17409.895890602907}},{"type":"Feature","id":8147,"geometry":{"type":"Polygon","coordinates":[[[-87.7263029996728,41.9026709998917],[-87.7238649998394,41.9026909996747],[-87.7214310002041,41.9027129998967],[-87.7202150002113,41.9027230001166],[-87.7165620002101,41.9027540003205],[-87.7164340001636,41.8991069998023],[-87.7163139996147,41.8954609999545],[-87.718754999821,41.8954369999042],[-87.719973000362,41.8954269998805],[-87.7224120000202,41.8954009998117],[-87.7236370002338,41.8953900001137],[-87.72608000009,41.8953680000434],[-87.7261400003645,41.897201000305],[-87.7261930000679,41.8990200001975],[-87.7262490001444,41.9008469997715],[-87.7263029996728,41.9026709998917]]]},"properties":{"OBJECTID":8147,"GEOID":"17031231200","STATE":"17","COUNTY":"031","TRACT":"231200","NAME":"Census Tract 2312","Shape__Area":1185963.75,"Shape__Length":4355.2532079618722}},{"type":"Feature","id":8148,"geometry":{"type":"Polygon","coordinates":[[[-87.7264909999937,41.9093539998697],[-87.7263300003353,41.9098789998167],[-87.7216730000534,41.9099360000668],[-87.7214429998996,41.9099399998362],[-87.7167000003024,41.9099970000318],[-87.7167770002953,41.9094200003104],[-87.7166819998607,41.9063740000194],[-87.7165620002101,41.9027540003205],[-87.7202150002113,41.9027230001166],[-87.7214310002041,41.9027129998967],[-87.7238649998394,41.9026909996747],[-87.7263029996728,41.9026709998917],[-87.7263860004118,41.9053759997358],[-87.7264080001531,41.9061559997136],[-87.7264909999937,41.9093539998697]]]},"properties":{"OBJECTID":8148,"GEOID":"17031230700","STATE":"17","COUNTY":"031","TRACT":"230700","NAME":"Census Tract 2307","Shape__Area":1170171.625,"Shape__Length":4321.0491515048734}},{"type":"Feature","id":8149,"geometry":{"type":"Polygon","coordinates":[[[-87.7271849997547,41.9390950001935],[-87.7239190002661,41.9391329996744],[-87.7206939998871,41.9391740000914],[-87.7173990000862,41.9392160001326],[-87.717332999964,41.937393000221],[-87.7172869999332,41.9353820001825],[-87.7172779997124,41.9350910001632],[-87.7187899999812,41.9360130003091],[-87.7208000001923,41.9366510000479],[-87.7221819998664,41.9354830002899],[-87.7240220001983,41.9354600002928],[-87.7270800001727,41.935431000023],[-87.7271849997547,41.9390950001935]]]},"properties":{"OBJECTID":8149,"GEOID":"17031210501","STATE":"17","COUNTY":"031","TRACT":"210501","NAME":"Census Tract 2105.01","Shape__Area":557799.42578125,"Shape__Length":3494.4606798723594}},{"type":"Feature","id":8150,"geometry":{"type":"Polygon","coordinates":[[[-87.7854429998029,41.9236779998917],[-87.7793560001663,41.9237710000076],[-87.7781469998463,41.923789000079],[-87.7757159996856,41.9238269999904],[-87.7750930000698,41.9233829996837],[-87.7750450003892,41.9220159997375],[-87.7756200003245,41.9210490000473],[-87.775604000431,41.9205589997562],[-87.7749769997188,41.919950000118],[-87.7749089999468,41.9179189999156],[-87.7755149998442,41.9179110000397],[-87.7754699996383,41.9165519998917],[-87.7852260000679,41.9164519998981],[-87.7852770001215,41.9182279997],[-87.7854110000158,41.9226309998419],[-87.7854429998029,41.9236779998917]]]},"properties":{"OBJECTID":8150,"GEOID":"17031191301","STATE":"17","COUNTY":"031","TRACT":"191301","NAME":"Census Tract 1913.01","Shape__Area":1221341.15234375,"Shape__Length":4472.2139823679681}},{"type":"Feature","id":8151,"geometry":{"type":"Polygon","coordinates":[[[-87.7661309998586,41.9280850002154],[-87.7612169996588,41.9281580001047],[-87.7587760003507,41.9286520001168],[-87.756314000228,41.9286829997587],[-87.7562139997705,41.9259639997386],[-87.7561459999985,41.9241069998356],[-87.7610679996959,41.9240450000999],[-87.7659910001165,41.9239809998568],[-87.7660549996906,41.9258040001468],[-87.7661309998586,41.9280850002154]]]},"properties":{"OBJECTID":8151,"GEOID":"17031190702","STATE":"17","COUNTY":"031","TRACT":"190702","NAME":"Census Tract 1907.02","Shape__Area":702556.15625,"Shape__Length":3498.1186116622894}},{"type":"Feature","id":8152,"geometry":{"type":"Polygon","coordinates":[[[-87.7356270002822,41.9462670001713],[-87.7337479995923,41.946293000235],[-87.7312799996218,41.9463229997814],[-87.7274009996648,41.9463730001076],[-87.7273770002736,41.9456139998222],[-87.7273449995883,41.9445600000282],[-87.7273279998698,41.9439839996977],[-87.7271849997547,41.9390950001935],[-87.7296440004027,41.9390620002918],[-87.7329939995569,41.9390160001977],[-87.7345669999251,41.9389950001147],[-87.7346509995906,41.9417270002506],[-87.734679000078,41.942635999902],[-87.7347639995685,41.9455300001227],[-87.7347700003146,41.9457489997757],[-87.7356270002822,41.9462670001713]]]},"properties":{"OBJECTID":8152,"GEOID":"17031161300","STATE":"17","COUNTY":"031","TRACT":"161300","NAME":"Census Tract 1613","Shape__Area":899981.19140625,"Shape__Length":3961.2285206105821}},{"type":"Feature","id":8335,"geometry":{"type":"Polygon","coordinates":[[[-87.6090119996245,41.696443999903],[-87.6075529999575,41.7028380000421],[-87.6073539997659,41.7037570001739],[-87.6065179997147,41.7074330001276],[-87.5963169999445,41.7076100002834],[-87.5873000003801,41.7077500003229],[-87.5870719998761,41.7065739997706],[-87.5919280003496,41.7031340003129],[-87.5948499998816,41.698761999993],[-87.5982900003458,41.6923679997444],[-87.6003619995829,41.6928430001023],[-87.607204999803,41.692804000294],[-87.6098600002696,41.692771000025],[-87.6090119996245,41.696443999903]]]},"properties":{"OBJECTID":8335,"GEOID":"17031500200","STATE":"17","COUNTY":"031","TRACT":"500200","NAME":"Census Tract 5002","Shape__Area":3657082.890625,"Shape__Length":8334.1313482661662}},{"type":"Feature","id":8336,"geometry":{"type":"Polygon","coordinates":[[[-87.6618440001852,41.6921170001046],[-87.6605450003517,41.6921359998042],[-87.6569750001912,41.6921819997953],[-87.6496759998616,41.6922680000694],[-87.6488890002142,41.6922759999955],[-87.6472430000511,41.6922980001224],[-87.6423780002551,41.6923559998721],[-87.6422660001021,41.6887199998668],[-87.6422080003758,41.6869029998513],[-87.6421520002993,41.6850819997658],[-87.6470160002704,41.6850170002808],[-87.6494459997078,41.684985999915],[-87.6518750002186,41.6849520000592],[-87.6567419996644,41.6848860001695],[-87.6615989999628,41.6848200002122],[-87.6607860003762,41.6892929996759],[-87.6633709996243,41.6896650003144],[-87.6618440001852,41.6921170001046]]]},"properties":{"OBJECTID":8336,"GEOID":"17031750600","STATE":"17","COUNTY":"031","TRACT":"750600","NAME":"Census Tract 7506","Shape__Area":2352735.33203125,"Shape__Length":6786.0890468219759}},{"type":"Feature","id":8337,"geometry":{"type":"Polygon","coordinates":[[[-87.6231039999456,41.6925849998996],[-87.6182619997159,41.6926520000933],[-87.6133760000035,41.6927379997391],[-87.6098600002696,41.692771000025],[-87.6114389995872,41.6857249999173],[-87.6113950001046,41.6854420001113],[-87.6123220003924,41.6854329997414],[-87.6125130001881,41.6854320001475],[-87.6167999996758,41.6853849997603],[-87.6180500000037,41.6853749997877],[-87.6228899996854,41.6853219997727],[-87.6229969998155,41.6889560002214],[-87.6230770001815,41.6916779997617],[-87.6231039999456,41.6925849998996]]]},"properties":{"OBJECTID":8337,"GEOID":"17031491400","STATE":"17","COUNTY":"031","TRACT":"491400","NAME":"Census Tract 4914","Shape__Area":1490522.984375,"Shape__Length":4944.6984117420534}},{"type":"Feature","id":8338,"geometry":{"type":"Polygon","coordinates":[[[-87.7635470004354,41.8374000001569],[-87.7586680003957,41.8391199997155],[-87.7537519996478,41.8408629998499],[-87.7537180002109,41.8399719999601],[-87.7536720001801,41.8383540002845],[-87.7536300003473,41.8356140002261],[-87.7536069998828,41.8347039998472],[-87.7535819997684,41.8337890001014],[-87.7535080001486,41.8291739998981],[-87.7633110004338,41.8290829999883],[-87.7633640001373,41.8309109997762],[-87.7635470004354,41.8374000001569]]]},"properties":{"OBJECTID":8338,"GEOID":"17031814300","STATE":"17","COUNTY":"031","TRACT":"814300","NAME":"Census Tract 8143","Shape__Area":1639988.2578125,"Shape__Length":5287.8141392460057}},{"type":"Feature","id":8346,"geometry":{"type":"Polygon","coordinates":[[[-87.8568690002574,41.9004929998868],[-87.8509449999292,41.9006199996915],[-87.8507449999126,41.9006300002393],[-87.8506169998661,41.8969580003152],[-87.8445460001231,41.8970979998223],[-87.8445140003361,41.8961829999277],[-87.8443159999693,41.8907700002755],[-87.8442449998242,41.8891459996912],[-87.8442359996034,41.8889540001148],[-87.851615000299,41.8897860001301],[-87.8565789998292,41.8903330002891],[-87.856620999662,41.8934150000516],[-87.8567420000358,41.8968210001088],[-87.856772999998,41.8977290001251],[-87.8568690002574,41.9004929998868]]]},"properties":{"OBJECTID":8346,"GEOID":"17031816402","STATE":"17","COUNTY":"031","TRACT":"816402","NAME":"Census Tract 8164.02","Shape__Area":1862838.38671875,"Shape__Length":6035.1417024323746}},{"type":"Feature","id":8347,"geometry":{"type":"Polygon","coordinates":[[[-87.6630650002008,41.7357899997571],[-87.6606349998651,41.7358270000028],[-87.6582050004277,41.7358619999258],[-87.6569869998868,41.7358789998049],[-87.6533399997334,41.7359350001634],[-87.6521279999386,41.7359530001725],[-87.6484919996558,41.7360030002458],[-87.6436109999663,41.7360700001087],[-87.6435209995546,41.7325509999996],[-87.6434100001249,41.7287689997299],[-87.6445259996602,41.730000999975],[-87.6479510000558,41.7286999997717],[-87.6465130003051,41.7325269998324],[-87.6508159996863,41.7324349998906],[-87.6520259998313,41.7324170002364],[-87.6532390003494,41.7323859999261],[-87.6556679999619,41.7323659998478],[-87.6568849997795,41.7323499999147],[-87.6605300002831,41.732297999937],[-87.6629610004438,41.7321890001568],[-87.6630149999721,41.733972000255],[-87.6630650002008,41.7357899997571]]]},"properties":{"OBJECTID":8347,"GEOID":"17031711400","STATE":"17","COUNTY":"031","TRACT":"711400","NAME":"Census Tract 7114","Shape__Area":1331253.4375,"Shape__Length":6867.024340269707}},{"type":"Feature","id":8348,"geometry":{"type":"Polygon","coordinates":[[[-87.6632519997986,41.7430769998557],[-87.6571850002535,41.7431600003069],[-87.6559700000857,41.743177000265],[-87.653538999925,41.7432159996787],[-87.6534410000157,41.739577000023],[-87.6533919996119,41.7377539998602],[-87.6533399997334,41.7359350001634],[-87.6569869998868,41.7358789998049],[-87.6582050004277,41.7358619999258],[-87.6606349998651,41.7358270000028],[-87.6630650002008,41.7357899997571],[-87.6631570002623,41.7394319997957],[-87.6632049999429,41.7412519997154],[-87.6632519997986,41.7430769998557]]]},"properties":{"OBJECTID":8348,"GEOID":"17031711100","STATE":"17","COUNTY":"031","TRACT":"711100","NAME":"Census Tract 7111","Shape__Area":1175622.80859375,"Shape__Length":4338.0110619109282}},{"type":"Feature","id":8354,"geometry":{"type":"Polygon","coordinates":[[[-87.6587769999899,41.7577339998434],[-87.6539289999124,41.7578459999181],[-87.6515050003227,41.7578779998078],[-87.6490809998348,41.7579199997645],[-87.646658999895,41.7579569999907],[-87.6442319999323,41.7579940001956],[-87.6441840002518,41.7560879998479],[-87.6440889998172,41.7524549999708],[-87.646514999955,41.7524249998434],[-87.6477269997498,41.7524080003236],[-87.6489400002678,41.7523900002357],[-87.6501510002377,41.7523720001427],[-87.6513630000325,41.7523540000448],[-87.6537859997972,41.7523179998337],[-87.6586339998748,41.7522479998122],[-87.6587769999899,41.7577339998434]]]},"properties":{"OBJECTID":8354,"GEOID":"17031710200","STATE":"17","COUNTY":"031","TRACT":"710200","NAME":"Census Tract 7102","Shape__Area":1334730.34375,"Shape__Length":4884.5497014840957}},{"type":"Feature","id":8355,"geometry":{"type":"Polygon","coordinates":[[[-87.7200650004235,41.6839670000691],[-87.718911000355,41.6839829999722],[-87.7151539996984,41.6840420001254],[-87.7115159997658,41.6840929999527],[-87.7113600001302,41.6804380000957],[-87.7101299998938,41.6804790000333],[-87.7052850001892,41.6805789999186],[-87.7054170004337,41.6841869998967],[-87.7005529995643,41.6842629999795],[-87.7006239997094,41.686133999732],[-87.699473000014,41.68793299996],[-87.6957170000806,41.688032000112],[-87.6958950003559,41.6916250002435],[-87.6959530000822,41.6925369998881],[-87.6961520002738,41.6989599996786],[-87.6912000004392,41.6989859997479],[-87.6909669999124,41.6922839999205],[-87.6909429996229,41.6916880000963],[-87.6908740000259,41.6881449998756],[-87.6908229999723,41.6844020002518],[-87.6858639995667,41.6844749999126],[-87.6857599998096,41.6786190002762],[-87.6863630002323,41.6772049999907],[-87.6953539998575,41.6770479998745],[-87.7002839999508,41.6769699998708],[-87.7059389997672,41.6768910000461],[-87.7099009995649,41.6768370000252],[-87.7101779995743,41.675057000266],[-87.7097619996477,41.669507000323],[-87.7194140003202,41.6694159999371],[-87.7195220002753,41.6711520000876],[-87.7197390000102,41.6766730002305],[-87.7198889997981,41.6803210001795],[-87.7200650004235,41.6839670000691]]]},"properties":{"OBJECTID":8355,"GEOID":"17031823304","STATE":"17","COUNTY":"031","TRACT":"823304","NAME":"Census Tract 8233.04","Shape__Area":6385257.625,"Shape__Length":17210.44631799715}},{"type":"Feature","id":8356,"geometry":{"type":"Polygon","coordinates":[[[-87.7277660004361,41.5875579997639],[-87.7265389996743,41.5884889999671],[-87.7168169995799,41.5959180000804],[-87.7160850001842,41.5964879998383],[-87.7150530003144,41.5972949999702],[-87.7164729996233,41.5991230001717],[-87.716747999983,41.6004349999791],[-87.7168009996864,41.6018159997628],[-87.7141059999351,41.6008900001488],[-87.7106799997147,41.6005399997346],[-87.7066710000613,41.6008930001806],[-87.7042640001901,41.600727000002],[-87.6994560002956,41.6007689998691],[-87.6982369999297,41.6007719999065],[-87.6885719997367,41.6008119999445],[-87.6752350001743,41.6008659998893],[-87.6751969996411,41.5970980002613],[-87.6751270002193,41.5935970002959],[-87.6753189998399,41.5919320000483],[-87.6751449997626,41.5862599999759],[-87.6811429997107,41.5862430001948],[-87.6848019995597,41.5863010000619],[-87.6848600001843,41.5828029999525],[-87.6864319998292,41.5828079998388],[-87.6883299998874,41.5826969997195],[-87.6884379998424,41.5862799997917],[-87.6944740003237,41.5862479998147],[-87.7065859996725,41.5862119999897],[-87.7100760003654,41.5862050001147],[-87.7138549998649,41.5861950001959],[-87.715946000267,41.5861890001096],[-87.7239300001368,41.5862349998615],[-87.7251610001981,41.5864499999912],[-87.7266159996672,41.5868100000428],[-87.7277660004361,41.5875579997639]]]},"properties":{"OBJECTID":8356,"GEOID":"17031825600","STATE":"17","COUNTY":"031","TRACT":"825600","NAME":"Census Tract 8256","Shape__Area":11175454.40625,"Shape__Length":16532.167537513284}},{"type":"Feature","id":8357,"geometry":{"type":"Polygon","coordinates":[[[-87.6986090003737,41.6332849999754],[-87.6977740001474,41.6332990002541],[-87.696948000142,41.6346330002924],[-87.6889440001807,41.6345039997999],[-87.6892069999465,41.6407019997902],[-87.6795049999436,41.6408679998118],[-87.6793710000493,41.6391750002675],[-87.6790720002985,41.6318029997031],[-87.679012999849,41.6299840002687],[-87.6788909996502,41.6263480001966],[-87.6788959996731,41.6249450001209],[-87.675934999783,41.6272140000587],[-87.6753020001214,41.6276959998683],[-87.6752789996569,41.6226690002942],[-87.6754190002973,41.6189969996812],[-87.6754009998557,41.6171790002269],[-87.6753320002587,41.6135379998405],[-87.6752989997484,41.6082340001572],[-87.6752550002658,41.6053319997023],[-87.675246000045,41.604444000279],[-87.675237999649,41.6012039998109],[-87.6799800003197,41.6014399998433],[-87.6800410004191,41.60453199989],[-87.6798730001896,41.6081850002691],[-87.6802360004127,41.6154159997614],[-87.6808129999978,41.6154339999274],[-87.6838469996828,41.6154339999274],[-87.6850750002695,41.6157259999033],[-87.6857819995509,41.6156859997087],[-87.6907600002231,41.6155590002698],[-87.6932030000793,41.613998999812],[-87.693209999752,41.6186950001556],[-87.693209999752,41.62055999992],[-87.693290000118,41.6222069999367],[-87.6981840002263,41.6222550000145],[-87.6983259996182,41.6258969996701],[-87.6985139999392,41.630837999707],[-87.6985649999928,41.6322450001224],[-87.6985730003887,41.6324180000051],[-87.698587999559,41.6327960001319],[-87.6986079996505,41.6332429997926],[-87.6986090003737,41.6332849999754]]]},"properties":{"OBJECTID":8357,"GEOID":"17031824800","STATE":"17","COUNTY":"031","TRACT":"824800","NAME":"Census Tract 8248","Shape__Area":8320240.43359375,"Shape__Length":17655.404597685287}},{"type":"Feature","id":8358,"geometry":{"type":"Polygon","coordinates":[[[-87.6226579998818,41.6780259997927],[-87.6178209996749,41.6780989999774],[-87.6165920001616,41.6781170000838],[-87.6139109997558,41.6781580001581],[-87.6183139995944,41.659097000192],[-87.6188760000092,41.659079000136],[-87.6198459999546,41.6611340001976],[-87.6217459996626,41.6617339996676],[-87.621950999702,41.6632600001361],[-87.6220879999694,41.6634520000877],[-87.6222319999094,41.6663470001508],[-87.6224400003219,41.670733000097],[-87.6225220003377,41.6734670003057],[-87.6226579998818,41.6780259997927]]]},"properties":{"OBJECTID":8358,"GEOID":"17031530600","STATE":"17","COUNTY":"031","TRACT":"530600","NAME":"Census Tract 5306","Shape__Area":1847373.6484375,"Shape__Length":6907.1537678181667}},{"type":"Feature","id":8369,"geometry":{"type":"Polygon","coordinates":[[[-87.6215719995854,41.4751899999669],[-87.6207280000366,41.4760699999808],[-87.6207499997779,41.4770920002096],[-87.6192600001487,41.4770879996817],[-87.6191730001101,41.4770889998137],[-87.6160370003178,41.477098000328],[-87.6160570004094,41.4807160001802],[-87.6160690001049,41.4829280000402],[-87.6160719995797,41.48420899999],[-87.6160749999527,41.4845139999628],[-87.6160990002421,41.4878489998038],[-87.616100999892,41.4880779996753],[-87.6161179996104,41.489374999846],[-87.6161410000749,41.4916559998734],[-87.6161739996869,41.4986699999538],[-87.616176000235,41.4989790003247],[-87.6161770000599,41.5025640000658],[-87.616352999787,41.520755999715],[-87.6003339999938,41.5208139998576],[-87.5996159999434,41.5208160001168],[-87.5970890004216,41.5208249999368],[-87.596930000413,41.5208249999368],[-87.596453000387,41.5208239998074],[-87.5875389998564,41.5208160001168],[-87.5828049995816,41.5208079997525],[-87.5801090000054,41.5208060001658],[-87.5790350003029,41.5188659999486],[-87.5783900000474,41.5172180003325],[-87.5779330001129,41.5151560000549],[-87.5778329996555,41.5135399998228],[-87.5777790001271,41.5062529997595],[-87.5777609996855,41.5027029999389],[-87.5777139998298,41.4986360000538],[-87.5775590000191,41.487087999718],[-87.5773389999111,41.4699919997189],[-87.577600000027,41.4699929999604],[-87.5867200004219,41.4699589998182],[-87.5914119999656,41.4699440002249],[-87.6014820002145,41.4699039999463],[-87.6026909996363,41.4698960000223],[-87.606660000005,41.4698970002652],[-87.6079520001657,41.4698729998144],[-87.6088969999968,41.4698750003011],[-87.6160039998076,41.4698309996772],[-87.6161340004022,41.4698309996772],[-87.6192249999886,41.4698349999799],[-87.6202119996525,41.4698330001651],[-87.6204109998442,41.4698330001651],[-87.6213990002313,41.4710940000353],[-87.6215719995854,41.4751899999669]]]},"properties":{"OBJECTID":8369,"GEOID":"17031829700","STATE":"17","COUNTY":"031","TRACT":"829700","NAME":"Census Tract 8297","Shape__Area":32955422.19921875,"Shape__Length":24573.092869156317}},{"type":"Feature","id":8375,"geometry":{"type":"Polygon","coordinates":[[[-87.6933960004232,41.484495000302],[-87.6920230000715,41.4847189998437],[-87.684061999768,41.4846530002155],[-87.6840800002096,41.4887059999414],[-87.6826089999487,41.4907469998119],[-87.6825460001995,41.4949430003146],[-87.6742739995513,41.4949369998299],[-87.6742500001602,41.4915650001813],[-87.674220000023,41.4860639996682],[-87.6742119996271,41.4847269999573],[-87.6742099999773,41.4843760001044],[-87.6741980002817,41.4802239999407],[-87.6741890000608,41.4774649998958],[-87.6741880002359,41.4770489999057],[-87.6741809996649,41.4740330002208],[-87.6767459997199,41.47396100007],[-87.6841510003547,41.4768200000918],[-87.6870500003205,41.4776120001081],[-87.6879170003339,41.4778110002351],[-87.6930750000328,41.4803289998868],[-87.6935960004397,41.4806120002659],[-87.6933960004232,41.484495000302]]]},"properties":{"OBJECTID":8375,"GEOID":"17031830300","STATE":"17","COUNTY":"031","TRACT":"830300","NAME":"Census Tract 8303","Shape__Area":4093678.3203125,"Shape__Length":9632.3267144785332}},{"type":"Feature","id":8376,"geometry":{"type":"Polygon","coordinates":[[[-87.7277830001545,41.632705999983],[-87.7155930000895,41.6329480000234],[-87.714263000294,41.6329539997909],[-87.7131159998982,41.6334860002316],[-87.7120980002721,41.6342539998072],[-87.7084190003316,41.6331940001042],[-87.7072049999887,41.6331660001697],[-87.7084169997835,41.6331230001745],[-87.708877000091,41.6330170000016],[-87.7093249998047,41.6329140002113],[-87.7071990001409,41.6326840003005],[-87.704305000198,41.6327290000703],[-87.7082360000336,41.6295010003164],[-87.7129500002168,41.6256320000943],[-87.7175599997447,41.6218119996878],[-87.7179380000365,41.6219110001219],[-87.7273610003801,41.6217160001799],[-87.7274950002744,41.6253760001389],[-87.7276430004124,41.6290370002988],[-87.7277830001545,41.632705999983]]]},"properties":{"OBJECTID":8376,"GEOID":"17031824701","STATE":"17","COUNTY":"031","TRACT":"824701","NAME":"Census Tract 8247.01","Shape__Area":3120346.93359375,"Shape__Length":8120.0269616965688}},{"type":"Feature","id":8377,"geometry":{"type":"Polygon","coordinates":[[[-87.7977840003789,41.6982999999208],[-87.7971630004129,41.6985989997977],[-87.7938030003147,41.7003639997789],[-87.7898220002504,41.7029549999223],[-87.78975399958,41.7029990002406],[-87.7894849999665,41.7031749998714],[-87.7891500002307,41.7028000002531],[-87.7888640000005,41.6974619999178],[-87.7878890000321,41.6974820001283],[-87.788731999756,41.696833000252],[-87.7886099995573,41.6920060002642],[-87.7885429996101,41.6901830000113],[-87.7883910001725,41.6864880000807],[-87.788178999562,41.6810910003317],[-87.7966009999981,41.680848000308],[-87.7971039999633,41.6808129999419],[-87.7971759999333,41.6826280002479],[-87.7973199998734,41.6862539998979],[-87.7974610003387,41.6899330000904],[-87.7975359997834,41.6917829998428],[-87.7977840003789,41.6982999999208]]]},"properties":{"OBJECTID":8377,"GEOID":"17031823101","STATE":"17","COUNTY":"031","TRACT":"823101","NAME":"Census Tract 8231.01","Shape__Area":2928721.6796875,"Shape__Length":8234.2334007539375}},{"type":"Feature","id":8378,"geometry":{"type":"Polygon","coordinates":[[[-87.6557380002821,41.5773390002619],[-87.6534469998635,41.5790830001332],[-87.6392209996481,41.5792249999597],[-87.6379710002185,41.579738000181],[-87.6369689995877,41.5809880002097],[-87.6363839996067,41.5823420001755],[-87.6362780001998,41.5783489997811],[-87.6363099999868,41.5736029997693],[-87.6363019995909,41.5718759999814],[-87.6362349996437,41.5648639998261],[-87.6362349996437,41.5646649997127],[-87.6361300000618,41.5630419996934],[-87.6362010002069,41.5628189997286],[-87.6361190001911,41.5605600000538],[-87.6361130003433,41.5602460003217],[-87.6360790000081,41.5573989997015],[-87.640944999629,41.5573739998425],[-87.6434329996911,41.5573629999283],[-87.6459480004156,41.5573520000123],[-87.6542279996631,41.5573169997783],[-87.6557270004114,41.5573080003296],[-87.655734999909,41.5626860001759],[-87.6558289996203,41.571791000243],[-87.6557380002821,41.5773390002619]]]},"properties":{"OBJECTID":8378,"GEOID":"17031828402","STATE":"17","COUNTY":"031","TRACT":"828402","NAME":"Census Tract 8284.02","Shape__Area":7070765.90234375,"Shape__Length":11415.605529263989}},{"type":"Feature","id":8381,"geometry":{"type":"Polygon","coordinates":[[[-87.5833700003695,41.6039359998125],[-87.5820170001093,41.6068379999177],[-87.5806539998035,41.6092159997172],[-87.5805099998634,41.6094670001814],[-87.5791459997326,41.6130869997161],[-87.5790210000592,41.6154740002782],[-87.5734340000148,41.61548999974],[-87.5705619998132,41.6154929997646],[-87.5693769997826,41.6155019998375],[-87.5678160000083,41.6155009998294],[-87.5626959999442,41.6154560001234],[-87.5590980001946,41.6154219998173],[-87.5553189997967,41.6154450000264],[-87.5540690003671,41.6154460000352],[-87.5494520002682,41.6154520000884],[-87.5491200000072,41.6154520000884],[-87.549345000138,41.6133529998448],[-87.5492430000308,41.6081350002216],[-87.5494060002374,41.6063440002504],[-87.5493939996435,41.6010179998147],[-87.5493190001988,41.5940819997636],[-87.5517350002908,41.593181999832],[-87.5533410002709,41.5952489997668],[-87.5586870002909,41.594456000232],[-87.5596820003507,41.5921800001275],[-87.5634490001547,41.5945009998064],[-87.5661969996094,41.5940730000616],[-87.5670059998964,41.5944629998843],[-87.568635000341,41.5966329999106],[-87.5686830000216,41.5966270001225],[-87.5698660004025,41.5956270001123],[-87.5693750001328,41.5929360002871],[-87.5726080000094,41.5941150002281],[-87.5768390003189,41.5944489999072],[-87.5773149996216,41.5972989997875],[-87.5774850003993,41.6009510003204],[-87.578044000441,41.6009500000868],[-87.5836900000366,41.6009100001343],[-87.5833700003695,41.6039359998125]]]},"properties":{"OBJECTID":8381,"GEOID":"17031826201","STATE":"17","COUNTY":"031","TRACT":"826201","NAME":"Census Tract 8262.01","Shape__Area":10795427.1953125,"Shape__Length":14860.265567438726}},{"type":"Feature","id":8382,"geometry":{"type":"Polygon","coordinates":[[[-87.6560529999263,41.62988999974],[-87.6510240000988,41.6297810002625],[-87.6503410002085,41.6297850000802],[-87.6491660002236,41.6298359999172],[-87.6414509999673,41.6298459997883],[-87.632313000029,41.6298380001601],[-87.6339730004358,41.6267190001467],[-87.6342710003617,41.6261800000238],[-87.6361970000089,41.6226100003065],[-87.6413949998908,41.6226120001021],[-87.6430069997187,41.6226170002623],[-87.6474820004257,41.6226159996931],[-87.6527480000797,41.6226199999554],[-87.6559979996748,41.6226240002174],[-87.6560229997891,41.6262590002875],[-87.656023999614,41.6283760000721],[-87.6563399999815,41.6298970002484],[-87.6560529999263,41.62988999974]]]},"properties":{"OBJECTID":8382,"GEOID":"17031827000","STATE":"17","COUNTY":"031","TRACT":"827000","NAME":"Census Tract 827","Shape__Area":2609943.01953125,"Shape__Length":7125.2494799339229}},{"type":"Feature","id":8383,"geometry":{"type":"Polygon","coordinates":[[[-87.6559979996748,41.6226240002174],[-87.6527480000797,41.6226199999554],[-87.6474820004257,41.6226159996931],[-87.6430069997187,41.6226170002623],[-87.6413949998908,41.6226120001021],[-87.6361970000089,41.6226100003065],[-87.6380459996633,41.6190339999772],[-87.6366460004458,41.6190339999772],[-87.6364480000791,41.6153750000362],[-87.6364060002463,41.6135739998724],[-87.6429630002361,41.6135620000878],[-87.6462079998083,41.6135579999353],[-87.6494540001037,41.6135509996677],[-87.6510759999774,41.6135500003011],[-87.6559459997962,41.6135409999558],[-87.6559569996669,41.6171689997343],[-87.6559979996748,41.6226240002174]]]},"properties":{"OBJECTID":8383,"GEOID":"17031827100","STATE":"17","COUNTY":"031","TRACT":"827100","NAME":"Census Tract 8271","Shape__Area":2885711.1484375,"Shape__Length":7272.1773362349686}},{"type":"Feature","id":8384,"geometry":{"type":"Polygon","coordinates":[[[-87.5942230000678,41.6225800000074],[-87.5861320000679,41.6226549997215],[-87.5820749998357,41.6226820002957],[-87.5807829996749,41.6227009996732],[-87.5790770001357,41.6227199997166],[-87.5790639997169,41.6210079997312],[-87.5783940002454,41.620870000184],[-87.5735679999091,41.6209279998253],[-87.5735779999549,41.6191840001794],[-87.5734349998397,41.6181029998332],[-87.5734340000148,41.61548999974],[-87.5790210000592,41.6154740002782],[-87.5791459997326,41.6130869997161],[-87.5805099998634,41.6094670001814],[-87.5867139996758,41.6154069996766],[-87.5942230000678,41.6225800000074]]]},"properties":{"OBJECTID":8384,"GEOID":"17031826304","STATE":"17","COUNTY":"031","TRACT":"826304","NAME":"Census Tract 8263.04","Shape__Area":2274775.5078125,"Shape__Length":7382.3444560771031}},{"type":"Feature","id":8385,"geometry":{"type":"Polygon","coordinates":[[[-87.5480680000459,41.62992500026],[-87.5444479996567,41.6304159999503],[-87.5443740000369,41.6335260001277],[-87.5424430003667,41.633634999987],[-87.5392430001021,41.6314899996786],[-87.5337360004236,41.6307559996969],[-87.5325429999971,41.6301350002953],[-87.5250884572743,41.6302076445251],[-87.5251065250896,41.6259441294382],[-87.5251187754151,41.6230531684027],[-87.5251206591823,41.622608529671],[-87.5251352648905,41.6191619965542],[-87.5251506934555,41.6155209999872],[-87.5251578422485,41.6138340884576],[-87.5298919997284,41.6138210000343],[-87.5323060001706,41.6138129997611],[-87.5347189998896,41.6138060001928],[-87.5347299997603,41.615495999789],[-87.5347680002934,41.6191260003128],[-87.5347909998596,41.6227400003218],[-87.5347990002555,41.6251080001875],[-87.5395350001801,41.6269169998961],[-87.5464289995555,41.6295470000841],[-87.5480680000459,41.62992500026]]]},"properties":{"OBJECTID":8385,"GEOID":"17031826000","STATE":"17","COUNTY":"031","TRACT":"826000","NAME":"Census Tract 826","Shape__Area":3506709.61328125,"Shape__Length":10011.540210209308}},{"type":"Feature","id":8386,"geometry":{"type":"Polygon","coordinates":[[[-87.8318899999028,41.819202000101],[-87.8302749997019,41.8207180003343],[-87.8296429998652,41.8207109998333],[-87.8216830002848,41.8210630001723],[-87.8213049999931,41.8208849999156],[-87.818276000331,41.8210750001041],[-87.8125019997905,41.8210620000105],[-87.8103309999209,41.8209869998825],[-87.8046989996707,41.8211489999686],[-87.802612000365,41.8211529999407],[-87.802347999876,41.8157659999989],[-87.8021870002175,41.812140999954],[-87.8021119998745,41.8103209998691],[-87.8020419995543,41.8085010003013],[-87.8036750001969,41.8082909997794],[-87.8081910000134,41.8063369999997],[-87.8092349995787,41.8062250002201],[-87.8111479997055,41.8061810003009],[-87.8120580002748,41.8061650000184],[-87.8160750003241,41.8060940000979],[-87.8162619999218,41.8115519999968],[-87.816328999869,41.8133739998161],[-87.8180739997663,41.8133370000891],[-87.8207519997991,41.8132900001879],[-87.820792999807,41.8144819999049],[-87.8256469997324,41.8143850002808],[-87.8264519998214,41.8168450003166],[-87.8284439995909,41.8166069999223],[-87.8306940000015,41.8174059997073],[-87.8318899999028,41.819202000101]]]},"properties":{"OBJECTID":8386,"GEOID":"17031819100","STATE":"17","COUNTY":"031","TRACT":"819100","NAME":"Census Tract 8191","Shape__Area":4792764.96484375,"Shape__Length":10393.902027122635}},{"type":"Feature","id":9999,"geometry":{"type":"Polygon","coordinates":[[[-87.7307859998773,41.8879440003228],[-87.7258730004008,41.8879570002044],[-87.7256700000112,41.8807269998679],[-87.7305740001652,41.8806669999306],[-87.7307859998773,41.8879440003228]]]},"properties":{"OBJECTID":9999,"GEOID":"17031260200","STATE":"17","COUNTY":"031","TRACT":"260200","NAME":"Census Tract 2602","Shape__Area":592747.69140625,"Shape__Length":3262.5322205120856}},{"type":"Feature","id":10000,"geometry":{"type":"Polygon","coordinates":[[[-87.7208200002838,41.8818969997572],[-87.7138449998192,41.8812660002225],[-87.7110610003795,41.8827430001914],[-87.7110060001279,41.8809170003008],[-87.7158940003884,41.880855999977],[-87.7156580003869,41.8735680002331],[-87.7155589997544,41.870838999828],[-87.7155350003632,41.8699429996908],[-87.7202389996024,41.8698690000497],[-87.7202710002878,41.8707850002949],[-87.7203649999991,41.8735149996719],[-87.7206550004274,41.8757990000499],[-87.7207059995826,41.8771489998955],[-87.7208289996063,41.8807880003149],[-87.7208200002838,41.8818969997572]]]},"properties":{"OBJECTID":10000,"GEOID":"17031270500","STATE":"17","COUNTY":"031","TRACT":"270500","NAME":"Census Tract 2705","Shape__Area":1017146.9140625,"Shape__Length":5935.9759857047738}},{"type":"Feature","id":10001,"geometry":{"type":"Polygon","coordinates":[[[-87.7110060001279,41.8809170003008],[-87.7061229998902,41.8809729997574],[-87.7059709995543,41.8758760001059],[-87.7059260002467,41.8742560001864],[-87.7059170000259,41.8736880000037],[-87.7107819998219,41.8736280001466],[-87.7107900002178,41.8739040000933],[-87.7110060001279,41.8809170003008]]]},"properties":{"OBJECTID":10001,"GEOID":"17031271300","STATE":"17","COUNTY":"031","TRACT":"271300","NAME":"Census Tract 2713","Shape__Area":591855.83984375,"Shape__Length":3264.73008099946}},{"type":"Feature","id":10002,"geometry":{"type":"Polygon","coordinates":[[[-87.5963320000132,41.7860140000279],[-87.5914749997148,41.786095999841],[-87.5903419995627,41.7861060002195],[-87.5902899996841,41.7833529999072],[-87.5915280003165,41.7805659997625],[-87.5962039999666,41.7805220003125],[-87.5963320000132,41.7860140000279]]]},"properties":{"OBJECTID":10002,"GEOID":"17031420200","STATE":"17","COUNTY":"031","TRACT":"420200","NAME":"Census Tract 4202","Shape__Area":518163.2265625,"Shape__Length":2856.861140280108}},{"type":"Feature","id":10003,"geometry":{"type":"Polygon","coordinates":[[[-87.6045069996787,41.7235959997069],[-87.6036060002285,41.7233960001072],[-87.6028499996449,41.7293839998726],[-87.602223999656,41.7321269999716],[-87.6014040003967,41.733077999874],[-87.600544999881,41.736707999884],[-87.595307999641,41.7367830001032],[-87.5948289999652,41.7359340000138],[-87.5927970000128,41.7331590001265],[-87.5887130000163,41.7262200000543],[-87.5874519998177,41.7232660000672],[-87.5866390002311,41.7223229999435],[-87.5916499996169,41.7222500003281],[-87.5947929999802,41.7221949998007],[-87.598425000065,41.722141999955],[-87.603181999906,41.7220479998302],[-87.6044819995643,41.7220439997077],[-87.6044919996101,41.7225479997704],[-87.6045069996787,41.7235959997069]]]},"properties":{"OBJECTID":10003,"GEOID":"17031470100","STATE":"17","COUNTY":"031","TRACT":"470100","NAME":"Census Tract 4701","Shape__Area":2851680.296875,"Shape__Length":7305.9909831170971}},{"type":"Feature","id":10004,"geometry":{"type":"Polygon","coordinates":[[[-87.6330169998357,41.7052339997408],[-87.6324779998855,41.7070509996878],[-87.6282950001549,41.7071010001238],[-87.6259190002458,41.707132999819],[-87.6235230002453,41.707165000169],[-87.6234169999401,41.7035189998317],[-87.6233140000079,41.6998709999131],[-87.6232350003652,41.6971410003163],[-87.6232090004259,41.6962280001193],[-87.6231039999456,41.6925849998996],[-87.6279069998174,41.6925269996856],[-87.6326450002901,41.6924719998854],[-87.6327399998263,41.6941830000989],[-87.6327780003594,41.6961149997975],[-87.6328770000936,41.6997549998294],[-87.6329399998428,41.7024839997961],[-87.6330169998357,41.7052339997408]]]},"properties":{"OBJECTID":10004,"GEOID":"17031491000","STATE":"17","COUNTY":"031","TRACT":"491000","NAME":"Census Tract 491","Shape__Area":2304398.4609375,"Shape__Length":6414.2495609609941}},{"type":"Feature","id":10006,"geometry":{"type":"Polygon","coordinates":[[[-87.7485019998873,41.905960999944],[-87.7460359995665,41.9059879998961],[-87.7461140002827,41.909626000133],[-87.7459130004412,41.9107099999031],[-87.7459400002054,41.9123749999235],[-87.7459900004341,41.9139239999638],[-87.7460099996273,41.9144930001138],[-87.7413010003652,41.9139059997835],[-87.7413809998328,41.9096759998143],[-87.7416570000174,41.907753999951],[-87.7415180001002,41.9024269997626],[-87.7459779998402,41.9023520000671],[-87.7484199998715,41.9023269997033],[-87.7485019998873,41.905960999944]]]},"properties":{"OBJECTID":10006,"GEOID":"17031831300","STATE":"17","COUNTY":"031","TRACT":"831300","NAME":"Census Tract 8313","Shape__Area":1039505.80859375,"Shape__Length":5110.9521570266734}},{"type":"Feature","id":10007,"geometry":{"type":"Polygon","coordinates":[[[-87.6570739999254,41.8481869998252],[-87.6496780004097,41.8482789997459],[-87.6444200002533,41.8494110000151],[-87.6441609997872,41.8494370000614],[-87.6439580002959,41.8494709998487],[-87.6415460004019,41.8472379998462],[-87.6415999999302,41.8463009997303],[-87.6415799998388,41.8453930003114],[-87.644022999695,41.8453589996952],[-87.6464489998327,41.8453269999648],[-87.6464310002894,41.8445129996834],[-87.6463690003651,41.8416570002454],[-87.6462780001285,41.8380460001183],[-87.6487050000912,41.8380130001799],[-87.649408000073,41.8380050003342],[-87.6523720003361,41.8414470000286],[-87.6566930001589,41.8465080001149],[-87.658043000046,41.8477239996705],[-87.6570739999254,41.8481869998252]]]},"properties":{"OBJECTID":10007,"GEOID":"17031840200","STATE":"17","COUNTY":"031","TRACT":"840200","NAME":"Census Tract 8402","Shape__Area":1559340.64453125,"Shape__Length":6039.1105713734}},{"type":"Feature","id":10079,"geometry":{"type":"Polygon","coordinates":[[[-87.755067000273,41.8803720002557],[-87.7501730001647,41.8804350001782],[-87.7494119995583,41.8804449998735],[-87.7493489998091,41.8785450002317],[-87.749281999862,41.8767310003047],[-87.7491449995946,41.8730269997967],[-87.7548060001571,41.8729460002424],[-87.7548589998606,41.8748479997716],[-87.7549290001808,41.8766589997504],[-87.7549960001279,41.8784709998476],[-87.755067000273,41.8803720002557]]]},"properties":{"OBJECTID":10079,"GEOID":"17031252201","STATE":"17","COUNTY":"031","TRACT":"252201","NAME":"Census Tract 2522.01","Shape__Area":698108.21484375,"Shape__Length":3479.9514434699895}},{"type":"Feature","id":10080,"geometry":{"type":"Polygon","coordinates":[[[-87.7003640003167,41.8518379997389],[-87.6990889998744,41.8518530003045],[-87.6989800000945,41.848157000317],[-87.6985609997948,41.8478409998698],[-87.6953329999411,41.8478829997862],[-87.6947410002874,41.8474689998843],[-87.6947110001501,41.8464579998377],[-87.6946609999214,41.8447009997604],[-87.7001369996377,41.8442519996786],[-87.7001480004067,41.8446129998928],[-87.7001960000872,41.8463949998877],[-87.7003640003167,41.8518379997389]]]},"properties":{"OBJECTID":10080,"GEOID":"17031301100","STATE":"17","COUNTY":"031","TRACT":"301100","NAME":"Census Tract 3011","Shape__Area":392555.22265625,"Shape__Length":3371.5074879323406}},{"type":"Feature","id":10081,"geometry":{"type":"Polygon","coordinates":[[[-87.6768550003981,42.019410999722],[-87.673310000352,42.0193870002567],[-87.6731100003354,42.0193859998617],[-87.671330000278,42.0193739997918],[-87.6710540000935,42.0180259999939],[-87.6703290003704,42.0170559997732],[-87.6703119997537,42.0159940003015],[-87.6701979999509,42.0127140000609],[-87.6756779998651,42.0126170002115],[-87.6760179996237,42.0156789997685],[-87.6765390000306,42.017900000123],[-87.6768550003981,42.019410999722]]]},"properties":{"OBJECTID":10081,"GEOID":"17031010202","STATE":"17","COUNTY":"031","TRACT":"010202","NAME":"Census Tract 102.02","Shape__Area":635134.05859375,"Shape__Length":3273.8148992213364}},{"type":"Feature","id":10082,"geometry":{"type":"Polygon","coordinates":[[[-87.6183139995944,41.659097000192],[-87.6139109997558,41.6781580001581],[-87.6137760000365,41.6789340002071],[-87.6123220003924,41.6854329997414],[-87.6113950001046,41.6854420001113],[-87.607056999665,41.6854809996867],[-87.6025350000007,41.6861200002013],[-87.6016010000402,41.6861380000766],[-87.6018999997909,41.6850619997249],[-87.6017330002847,41.6768960000209],[-87.6015440001388,41.6756670002999],[-87.6001950000766,41.6730910001416],[-87.5892779999059,41.6603879998094],[-87.5851989999323,41.6556600002909],[-87.5894729998995,41.6553580000197],[-87.5908379998552,41.6555860001065],[-87.5925769999047,41.6553239999494],[-87.59681800026,41.6557290001141],[-87.5969680000478,41.6562270002063],[-87.5982390002921,41.6572170000561],[-87.6075630000033,41.6573209999611],[-87.6075710003992,41.6518559998503],[-87.6113509997237,41.6518540002907],[-87.6123369995627,41.6560510003253],[-87.6172800000748,41.6568340000228],[-87.6189170000171,41.6564000001431],[-87.6183139995944,41.659097000192]]]},"properties":{"OBJECTID":10082,"GEOID":"17031540102","STATE":"17","COUNTY":"031","TRACT":"540102","NAME":"Census Tract 5401.02","Shape__Area":9500996.890625,"Shape__Length":15907.686102671556}},{"type":"Feature","id":10087,"geometry":{"type":"Polygon","coordinates":[[[-87.6233140000079,41.6998709999131],[-87.6220739997257,41.6980689999816],[-87.6202369997669,41.6980910001393],[-87.618436999618,41.6994870000617],[-87.6135590003015,41.6995589999989],[-87.6092340002807,41.6996110003133],[-87.6100329996237,41.6964219998526],[-87.6090119996245,41.696443999903],[-87.6098600002696,41.692771000025],[-87.6133760000035,41.6927379997391],[-87.6182619997159,41.6926520000933],[-87.6231039999456,41.6925849998996],[-87.6232090004259,41.6962280001193],[-87.6232350003652,41.6971410003163],[-87.6233140000079,41.6998709999131]]]},"properties":{"OBJECTID":10087,"GEOID":"17031490901","STATE":"17","COUNTY":"031","TRACT":"490901","NAME":"Census Tract 4909.01","Shape__Area":1478878.390625,"Shape__Length":5534.2548529647929}},{"type":"Feature","id":10088,"geometry":{"type":"Polygon","coordinates":[[[-87.9007160001423,42.0660610000695],[-87.9005079997299,42.0660599997422],[-87.8918180004035,42.0660179999857],[-87.8883849996121,42.0659969997635],[-87.887254999833,42.0659969997635],[-87.8764370002948,42.0659509999832],[-87.8676550000086,42.0658990001913],[-87.8675040003959,42.0658979998614],[-87.8672809999148,42.0658959998686],[-87.8652360004419,42.0658970001984],[-87.8650749998851,42.0658959998686],[-87.8647689995633,42.0658930002126],[-87.8619590001843,42.0658739999428],[-87.8599210003841,42.0658770002665],[-87.8599449997752,42.0612000002394],[-87.8558969997638,42.0613370000686],[-87.8549979999635,42.058516999722],[-87.8549949995904,42.0575870001741],[-87.8573780000705,42.0575299998944],[-87.8564490001329,42.0540450000148],[-87.8599990002019,42.0539110000171],[-87.8623829996086,42.053830999824],[-87.8648389998835,42.053735999714],[-87.8657660001713,42.0537019999841],[-87.86841700044,42.0535919998309],[-87.8686629995889,42.0535829997856],[-87.86913899979,42.0535649996914],[-87.8722229997037,42.0534630001726],[-87.8746699997579,42.0533880000491],[-87.8822860002799,42.0546359997572],[-87.8875879999189,42.0544570000783],[-87.9002559998348,42.0540379997332],[-87.9006709999365,42.055466999674],[-87.9006969998758,42.0574770000799],[-87.9007160001423,42.0660610000695]]]},"properties":{"OBJECTID":10088,"GEOID":"17031806104","STATE":"17","COUNTY":"031","TRACT":"806104","NAME":"Census Tract 8061.04","Shape__Area":8587154.46875,"Shape__Length":13774.775537602394}},{"type":"Feature","id":10321,"geometry":{"type":"Polygon","coordinates":[[[-87.6293570001619,41.823676000034],[-87.6289679999994,41.8236809999692],[-87.6286180001951,41.8236849997832],[-87.6264220002111,41.8237139999333],[-87.6216019997226,41.8237749998829],[-87.6182140000353,41.8238170001985],[-87.6172590001584,41.8238299997328],[-87.6167319999037,41.8238380000113],[-87.6167019997665,41.8226519998594],[-87.6166330001695,41.820237999971],[-87.6165829999408,41.8184379997032],[-87.6165579998265,41.8175389998936],[-87.6165290004125,41.8166379997227],[-87.6167920001782,41.8166349996995],[-87.6214069997289,41.8165640000014],[-87.6262709997,41.8164900001946],[-87.6291260001832,41.8164509997916],[-87.6291909995822,41.819161000297],[-87.6293570001619,41.823676000034]]]},"properties":{"OBJECTID":10321,"GEOID":"17031380600","STATE":"17","COUNTY":"031","TRACT":"380600","NAME":"Census Tract 3806","Shape__Area":1511654.453125,"Shape__Length":4963.46012123995}},{"type":"Feature","id":10323,"geometry":{"type":"Polygon","coordinates":[[[-87.6601059999606,41.8086689999553],[-87.6576720003252,41.808698999895],[-87.6552400003397,41.8087340002532],[-87.6551979996086,41.8069119996956],[-87.6503429998583,41.8069719998673],[-87.650397000285,41.8087949997414],[-87.6455380003368,41.8088639999816],[-87.6454160001381,41.8043130000871],[-87.6453449999929,41.8015840000112],[-87.6502039999412,41.8015170002306],[-87.6514149999111,41.8015010001227],[-87.6550589996914,41.8014519999767],[-87.6599179996396,41.8013819999901],[-87.6599639996704,41.8032059999883],[-87.6599849995868,41.8040979997751],[-87.6600049996783,41.8047530000337],[-87.6600120002493,41.8050289998826],[-87.6601059999606,41.8086689999553]]]},"properties":{"OBJECTID":10323,"GEOID":"17031612200","STATE":"17","COUNTY":"031","TRACT":"612200","NAME":"Census Tract 6122","Shape__Area":1617234.58203125,"Shape__Length":5966.1375876873881}},{"type":"Feature","id":10336,"geometry":{"type":"Polygon","coordinates":[[[-87.6846529995968,42.0194850001851],[-87.6804480001248,42.0194469999039],[-87.6768550003981,42.019410999722],[-87.6765390000306,42.017900000123],[-87.6760179996237,42.0156789997685],[-87.6756779998651,42.0126170002115],[-87.6802699998496,42.0125360002514],[-87.6826829995686,42.0124969999867],[-87.6830859999747,42.0123230002597],[-87.6836879996742,42.0140350000741],[-87.6840829996844,42.0151509998126],[-87.6846529995968,42.0194850001851]]]},"properties":{"OBJECTID":10336,"GEOID":"17031010201","STATE":"17","COUNTY":"031","TRACT":"010201","NAME":"Census Tract 102.01","Shape__Area":910550.8828125,"Shape__Length":3817.7710658198243}},{"type":"Feature","id":10337,"geometry":{"type":"Polygon","coordinates":[[[-87.66345299964,42.0128299998862],[-87.6613254728403,42.0128614578367],[-87.661084000302,42.0123480002267],[-87.6583262577197,42.0080207257579],[-87.6576560004317,42.006968999848],[-87.6568985957814,42.00422118323],[-87.6567953784569,42.0038467155414],[-87.6562959996006,42.0020350003003],[-87.6559777031392,42.0002279058369],[-87.6556261501477,41.9982319999788],[-87.6605529998494,41.9981890000478],[-87.660711999858,42.0004389996824],[-87.6607830000031,42.0025509997465],[-87.6608480003004,42.0045319996838],[-87.6608509997752,42.00461700033],[-87.6608900001332,42.0053860001586],[-87.6612950001892,42.0067669997596],[-87.6616919998492,42.0079790000141],[-87.6620890004076,42.0091830001011],[-87.6624850002427,42.010401000263],[-87.6629460003752,42.0117620001772],[-87.66345299964,42.0128299998862]]]},"properties":{"OBJECTID":10337,"GEOID":"17031010400","STATE":"17","COUNTY":"031","TRACT":"010400","NAME":"Census Tract 104","Shape__Area":901529.07421875,"Shape__Length":5318.3765908727455}},{"type":"Feature","id":10884,"geometry":{"type":"Polygon","coordinates":[[[-87.7997440003613,41.7481340001799],[-87.7960739997434,41.7481860000698],[-87.7948510000779,41.7482089997885],[-87.793636999735,41.7482290002949],[-87.7887619998932,41.7483029998356],[-87.7875440002506,41.7483250002261],[-87.7814369996243,41.7484490000922],[-87.7802380002483,41.7484740002956],[-87.7800979996079,41.7448009999907],[-87.7799660002617,41.7411500001931],[-87.7872580000204,41.7410179997427],[-87.789689000181,41.7409739999792],[-87.789613000013,41.739149999826],[-87.789392999905,41.7336719998002],[-87.7901410000926,41.7336579998922],[-87.7939980003083,41.7335859999343],[-87.794634000343,41.73357399971],[-87.7970520000848,41.7335290000221],[-87.7991019995806,41.7334999999532],[-87.7991960001902,41.7353169999192],[-87.799246000419,41.736638999739],[-87.799318000389,41.7384570001663],[-87.7993390003054,41.7389670001173],[-87.7994170001232,41.7407979999531],[-87.7994570003062,41.7417170002754],[-87.7994670003519,41.7419539998795],[-87.7995719999339,41.7444569997929],[-87.7997440003613,41.7481340001799]]]},"properties":{"OBJECTID":10884,"GEOID":"17031821001","STATE":"17","COUNTY":"031","TRACT":"821001","NAME":"Census Tract 8210.01","Shape__Area":3549306.81640625,"Shape__Length":8703.1674017546466}},{"type":"Feature","id":10885,"geometry":{"type":"Polygon","coordinates":[[[-87.6550729999351,41.4915249997881],[-87.6451390001286,41.4915609998739],[-87.6393460002199,41.4915190003325],[-87.6367290002865,41.4915829998791],[-87.6350399995674,41.4915880000933],[-87.6343190000422,41.4915989997559],[-87.6341800001251,41.4916049998768],[-87.6309430000505,41.4916059997848],[-87.6287549995641,41.4916090001815],[-87.6161410000749,41.4916559998734],[-87.6161179996104,41.489374999846],[-87.616100999892,41.4880779996753],[-87.6160990002421,41.4878489998038],[-87.6160749999527,41.4845139999628],[-87.6160719995797,41.48420899999],[-87.6160690001049,41.4829280000402],[-87.6160570004094,41.4807160001802],[-87.6160370003178,41.477098000328],[-87.6191730001101,41.4770889998137],[-87.6192600001487,41.4770879996817],[-87.6207499997779,41.4770920002096],[-87.6317430001166,41.4770739998511],[-87.6390359997002,41.4770489999057],[-87.6449440001349,41.4769719997441],[-87.6450949997477,41.4770510001709],[-87.6547309996284,41.4769269997646],[-87.6547680003366,41.4799500000045],[-87.6545830003887,41.4815770000239],[-87.6546980000164,41.4842609997736],[-87.6544639996647,41.4863880001146],[-87.6550729999351,41.4915249997881]]]},"properties":{"OBJECTID":10885,"GEOID":"17031829500","STATE":"17","COUNTY":"031","TRACT":"829500","NAME":"Census Tract 8295","Shape__Area":9288941.98046875,"Shape__Length":12983.216643902761}},{"type":"Feature","id":10886,"geometry":{"type":"Polygon","coordinates":[[[-87.6797500001659,41.6481929999077],[-87.6713110000115,41.6482319999018],[-87.6702079999966,41.648234000245],[-87.6695870000306,41.6482389997605],[-87.661481999787,41.648393999986],[-87.6603570000308,41.6484190001823],[-87.6512829996666,41.6486190000611],[-87.6471939996473,41.648674999916],[-87.6491670000485,41.6471630001757],[-87.6524459999559,41.6444749999154],[-87.6317730002539,41.6445470003232],[-87.6317740000788,41.6389570003043],[-87.6317649998579,41.6370969999868],[-87.6366210003314,41.6370789998255],[-87.6414960001732,41.6370610003304],[-87.641465000211,41.6316569996856],[-87.6414509999673,41.6298459997883],[-87.6491660002236,41.6298359999172],[-87.6503410002085,41.6297850000802],[-87.6510240000988,41.6297810002625],[-87.6560529999263,41.62988999974],[-87.6563399999815,41.6298970002484],[-87.656023999614,41.6283760000721],[-87.6560229997891,41.6262590002875],[-87.6657189999442,41.6262839996708],[-87.665696000378,41.6226479997699],[-87.6752789996569,41.6226690002942],[-87.6753020001214,41.6276959998683],[-87.675934999783,41.6272140000587],[-87.6788959996731,41.6249450001209],[-87.6788909996502,41.6263480001966],[-87.679012999849,41.6299840002687],[-87.6790720002985,41.6318029997031],[-87.6793710000493,41.6391750002675],[-87.6795049999436,41.6408679998118],[-87.6797500001659,41.6481929999077]]]},"properties":{"OBJECTID":10886,"GEOID":"17031826800","STATE":"17","COUNTY":"031","TRACT":"826800","NAME":"Census Tract 8268","Shape__Area":14229078.19921875,"Shape__Length":19725.96354032198}},{"type":"Feature","id":10887,"geometry":{"type":"Polygon","coordinates":[[[-87.5664500002277,41.7626189998713],[-87.563767000172,41.7626530001982],[-87.5632950001689,41.7626999997139],[-87.5616959998615,41.7609249999934],[-87.5600570002694,41.7591199997421],[-87.5580649996016,41.7572830001494],[-87.5561280000837,41.7554890002976],[-87.5585170004116,41.7554579997323],[-87.5663029999146,41.7553609998992],[-87.5663349997017,41.7571580001055],[-87.5663730002348,41.7589880000522],[-87.5664119996946,41.7608030002996],[-87.5664500002277,41.7626189998713]]]},"properties":{"OBJECTID":10887,"GEOID":"17031431302","STATE":"17","COUNTY":"031","TRACT":"431302","NAME":"Census Tract 4313.02","Shape__Area":787007.30078125,"Shape__Length":3908.634242380162}},{"type":"Feature","id":10888,"geometry":{"type":"Polygon","coordinates":[[[-87.7316910004238,41.8386400001154],[-87.7310829999783,41.8386479998816],[-87.7311359996817,41.8404829999104],[-87.7311879995602,41.8423209996785],[-87.7244990002243,41.8424099998498],[-87.7244499998205,41.8405660001497],[-87.7243510000862,41.8368820002802],[-87.7292119996843,41.8368270002654],[-87.731637999822,41.8368019996955],[-87.7316910004238,41.8386400001154]]]},"properties":{"OBJECTID":10888,"GEOID":"17031301803","STATE":"17","COUNTY":"031","TRACT":"301803","NAME":"Census Tract 3018.03","Shape__Area":632631.7890625,"Shape__Length":3273.4905653397936}},{"type":"Feature","id":10889,"geometry":{"type":"Polygon","coordinates":[[[-87.6109180000786,41.7857880001473],[-87.6060370003891,41.7858739997453],[-87.6060089999017,41.7840580000125],[-87.605930000259,41.7804100002975],[-87.6095799998871,41.7803470003288],[-87.6108019997277,41.7803250001975],[-87.6108429997356,41.7821469997474],[-87.6108839997435,41.783968999775],[-87.6109180000786,41.7857880001473]]]},"properties":{"OBJECTID":10889,"GEOID":"17031420500","STATE":"17","COUNTY":"031","TRACT":"420500","NAME":"Census Tract 4205","Shape__Area":442762.56640625,"Shape__Length":2717.4538112379446}},{"type":"Feature","id":10890,"geometry":{"type":"Polygon","coordinates":[[[-87.7158940003884,41.880855999977],[-87.7110060001279,41.8809170003008],[-87.7107900002178,41.8739040000933],[-87.7107819998219,41.8736280001466],[-87.7156580003869,41.8735680002331],[-87.7158940003884,41.880855999977]]]},"properties":{"OBJECTID":10890,"GEOID":"17031271400","STATE":"17","COUNTY":"031","TRACT":"271400","NAME":"Census Tract 2714","Shape__Area":592461.46875,"Shape__Length":3267.0406942329028}},{"type":"Feature","id":10891,"geometry":{"type":"Polygon","coordinates":[[[-87.7494119995583,41.8804449998735],[-87.7477229997375,41.8804649999283],[-87.7452780002315,41.8804980000386],[-87.7403699998795,41.8805549997632],[-87.7402619999244,41.876906999832],[-87.7395149995617,41.8769089997478],[-87.7393899998882,41.8732659997913],[-87.7401230000073,41.8732510002349],[-87.744997999849,41.8731409998133],[-87.7491449995946,41.8730269997967],[-87.749281999862,41.8767310003047],[-87.7493489998091,41.8785450002317],[-87.7494119995583,41.8804449998735]]]},"properties":{"OBJECTID":10891,"GEOID":"17031252202","STATE":"17","COUNTY":"031","TRACT":"252202","NAME":"Census Tract 2522.02","Shape__Area":1150896.5703125,"Shape__Length":4376.1523648602833}},{"type":"Feature","id":10892,"geometry":{"type":"Polygon","coordinates":[[[-87.7246849999971,41.8487739999287],[-87.7222610004075,41.8493089998343],[-87.7222799997757,41.8515450002091],[-87.7198720000796,41.8516070000869],[-87.719825000224,41.8498320000574],[-87.7197759998202,41.8479839998229],[-87.7196739997129,41.8443169999973],[-87.7208920002538,41.844299000276],[-87.7245529997526,41.8442549997462],[-87.7246149996769,41.8460850000698],[-87.7246520003851,41.847910000196],[-87.7246849999971,41.8487739999287]]]},"properties":{"OBJECTID":10892,"GEOID":"17031300500","STATE":"17","COUNTY":"031","TRACT":"300500","NAME":"Census Tract 3005","Shape__Area":489097.21484375,"Shape__Length":3192.1220047780903}},{"type":"Feature","id":10893,"geometry":{"type":"Polygon","coordinates":[[[-87.7399840000901,41.8689390002408],[-87.7326730000648,41.870977000286],[-87.7325779996303,41.8689989998168],[-87.7252869996965,41.8690889997441],[-87.7252719996279,41.8685550001495],[-87.7201979995946,41.8686230001178],[-87.7202389996024,41.8698690000497],[-87.7155350003632,41.8699429996908],[-87.7106599996232,41.8700039997282],[-87.7057899998043,41.8700530002644],[-87.7057560003674,41.8691329999151],[-87.7056690003288,41.8664050002769],[-87.7105430003456,41.8663490000969],[-87.7129820000039,41.866319999865],[-87.7154209996621,41.8662900001648],[-87.7201230001498,41.8662399999643],[-87.7215159996946,41.866221999722],[-87.725170000419,41.8661720001373],[-87.730063999629,41.866101999984],[-87.7399320002116,41.8659599998581],[-87.7399570003259,41.8683330001629],[-87.7399840000901,41.8689390002408]]]},"properties":{"OBJECTID":10893,"GEOID":"17031843000","STATE":"17","COUNTY":"031","TRACT":"843000","NAME":"Census Tract 843","Shape__Area":1920891.83984375,"Shape__Length":9222.013765487096}},{"type":"Feature","id":10898,"geometry":{"type":"Polygon","coordinates":[[[-87.712724000261,41.7715220001521],[-87.7125490003588,41.7715229997474],[-87.7078100000612,41.7715989997586],[-87.7053820002736,41.7716369997303],[-87.7029670000065,41.7716749996797],[-87.6980829999439,41.7717490003273],[-87.6944299999427,41.7718070000692],[-87.6932059995541,41.7718239998103],[-87.690769000444,41.7718620003187],[-87.6883330002605,41.7719019999834],[-87.6871089998718,41.7719189996993],[-87.683444000175,41.7719780002155],[-87.6833429998927,41.7683320000239],[-87.6832430003335,41.7647020002377],[-87.6881359997186,41.7646179997937],[-87.6893600001073,41.7645979997038],[-87.693029000002,41.7645400001445],[-87.6979199997373,41.7644580002392],[-87.7028130000207,41.7643889997638],[-87.7077010002813,41.7643080000433],[-87.7123490003423,41.7642449996688],[-87.712540000138,41.7642419998727],[-87.712652000291,41.7678510001563],[-87.712724000261,41.7715220001521]]]},"properties":{"OBJECTID":10898,"GEOID":"17031660900","STATE":"17","COUNTY":"031","TRACT":"660900","NAME":"Census Tract 6609","Shape__Area":3547764.75,"Shape__Length":8695.1556711120029}},{"type":"Feature","id":10899,"geometry":{"type":"Polygon","coordinates":[[[-87.6448389996546,41.7815569999446],[-87.6436779999135,41.7806639997991],[-87.6400280002853,41.7807450003041],[-87.6400199998894,41.7798249999289],[-87.6375030004134,41.7798679997221],[-87.6350479999633,41.7799089998874],[-87.630149999657,41.7799870002767],[-87.6300529995726,41.7769350000735],[-87.6300700001894,41.7765960001869],[-87.6299709995569,41.7728479997891],[-87.6299849998006,41.7727089998152],[-87.6310450001577,41.7726940001326],[-87.6395010000306,41.7725570003233],[-87.6402960000739,41.7725450000131],[-87.6445969998053,41.7724719998641],[-87.6446589997296,41.7749499996791],[-87.6447039999354,41.7765469997587],[-87.6447859999512,41.7797509998903],[-87.6448389996546,41.7815569999446]]]},"properties":{"OBJECTID":10899,"GEOID":"17031680900","STATE":"17","COUNTY":"031","TRACT":"680900","NAME":"Census Tract 6809","Shape__Area":1850601.7578125,"Shape__Length":5898.6320872883853}},{"type":"Feature","id":10917,"geometry":{"type":"Polygon","coordinates":[[[-87.6600180000971,41.9817980002317],[-87.6572660004444,41.981842999852],[-87.6572170000406,41.9800149999097],[-87.6550880000037,41.9800509996816],[-87.6550789997829,41.9798010002149],[-87.6550319999272,41.9782229997161],[-87.6557640002213,41.9782109998951],[-87.6557130001677,41.9763850000081],[-87.6564160001495,41.9763740002444],[-87.6587850003859,41.9763379997295],[-87.6598659997611,41.9763229996759],[-87.6599179996396,41.9781440001297],[-87.6599679998684,41.9799710000124],[-87.6600180000971,41.9817980002317]]]},"properties":{"OBJECTID":10917,"GEOID":"17031030703","STATE":"17","COUNTY":"031","TRACT":"030703","NAME":"Census Tract 307.03","Shape__Area":359019.22265625,"Shape__Length":2728.520457244455}},{"type":"Feature","id":10918,"geometry":{"type":"Polygon","coordinates":[[[-87.8064949996216,41.9308149996704],[-87.8062510001225,41.9307889999784],[-87.8028259997269,41.9307970002446],[-87.8009779998975,41.9308179996856],[-87.7979149999002,41.9308520002934],[-87.7966920002347,41.9308680001407],[-87.7906380002101,41.9309419999671],[-87.7904070002314,41.9236360003124],[-87.790130000222,41.9184559999835],[-87.7893479996992,41.9174849998551],[-87.7951160003918,41.9195380002728],[-87.7970110000769,41.9202519997914],[-87.8042069995761,41.9228120001098],[-87.8062300002061,41.9233600000021],[-87.8062550003204,41.9240070003183],[-87.8063649999253,41.9271310002006],[-87.8063869996666,41.9277520001097],[-87.8064429997431,41.9293380000097],[-87.8064949996216,41.9308149996704]]]},"properties":{"OBJECTID":10918,"GEOID":"17031831600","STATE":"17","COUNTY":"031","TRACT":"831600","NAME":"Census Tract 8316","Shape__Area":2699800.7109375,"Shape__Length":6995.6715262990228}},{"type":"Feature","id":11262,"geometry":{"type":"Polygon","coordinates":[[[-87.6206279995792,41.6518049999857],[-87.6197580000911,41.6536329998463],[-87.6189170000171,41.6564000001431],[-87.6172800000748,41.6568340000228],[-87.6123369995627,41.6560510003253],[-87.6113509997237,41.6518540002907],[-87.6075710003992,41.6518559998503],[-87.6075630000033,41.6573209999611],[-87.5982390002921,41.6572170000561],[-87.5969680000478,41.6562270002063],[-87.59681800026,41.6557290001141],[-87.5925769999047,41.6553239999494],[-87.5908379998552,41.6555860001065],[-87.5894729998995,41.6553580000197],[-87.5851989999323,41.6556600002909],[-87.5808789999344,41.6506190002757],[-87.5794699995977,41.6483739999562],[-87.5785880004141,41.6447300003262],[-87.5799550000196,41.6447309998809],[-87.5881330000582,41.6446559996686],[-87.5978380004342,41.6446059997023],[-87.6143970000026,41.6445999996769],[-87.6172270003714,41.6445820002686],[-87.6172290000212,41.6500189999514],[-87.621333999934,41.6504200000313],[-87.6206279995792,41.6518049999857]]]},"properties":{"OBJECTID":11262,"GEOID":"17031540101","STATE":"17","COUNTY":"031","TRACT":"540101","NAME":"Census Tract 5401.01","Shape__Area":6939646.67578125,"Shape__Length":13568.929100761634}},{"type":"Feature","id":11263,"geometry":{"type":"Polygon","coordinates":[[[-87.7061229998902,41.8809729997574],[-87.7012079998655,41.8810260001533],[-87.7011540003372,41.879205000301],[-87.701079999819,41.8759290000471],[-87.7010129998719,41.8737469997972],[-87.7059170000259,41.8736880000037],[-87.7059260002467,41.8742560001864],[-87.7059709995543,41.8758760001059],[-87.7061229998902,41.8809729997574]]]},"properties":{"OBJECTID":11263,"GEOID":"17031271200","STATE":"17","COUNTY":"031","TRACT":"271200","NAME":"Census Tract 2712","Shape__Area":594457.8984375,"Shape__Length":3271.066146102959}},{"type":"Feature","id":11264,"geometry":{"type":"Polygon","coordinates":[[[-87.6362510004356,41.8308810002002],[-87.6361280004119,41.830883000217],[-87.631503999742,41.8309389999924],[-87.6304839995678,41.8309560001177],[-87.6295939999883,41.8309700002175],[-87.6289959995885,41.8309750002525],[-87.6289000002273,41.8276699997586],[-87.6290940003961,41.8273299996922],[-87.6289679999994,41.8236809999692],[-87.6293570001619,41.823676000034],[-87.6302960001452,41.8236619996779],[-87.6313389998856,41.8236459997453],[-87.6363540003677,41.8235830000975],[-87.6362510004356,41.8308810002002]]]},"properties":{"OBJECTID":11264,"GEOID":"17031340600","STATE":"17","COUNTY":"031","TRACT":"340600","NAME":"Census Tract 3406","Shape__Area":887057.5078125,"Shape__Length":3814.7466930848268}},{"type":"Feature","id":11265,"geometry":{"type":"Polygon","coordinates":[[[-87.6788150003806,41.7938680002796],[-87.6743010002138,41.793916000281],[-87.6741000003724,41.7866279997241],[-87.6740009997399,41.7829819997043],[-87.6739050003787,41.7793159998286],[-87.6784899997922,41.7792469999265],[-87.678715999748,41.7865689999585],[-87.6788150003806,41.7938680002796]]]},"properties":{"OBJECTID":11265,"GEOID":"17031670500","STATE":"17","COUNTY":"031","TRACT":"670500","NAME":"Census Tract 6705","Shape__Area":1113250.60546875,"Shape__Length":5376.4055465551028}},{"type":"Feature","id":11266,"geometry":{"type":"Polygon","coordinates":[[[-87.6636069996258,41.7576769999218],[-87.6587769999899,41.7577339998434],[-87.6586339998748,41.7522479998122],[-87.6585900003922,41.7504260000897],[-87.6610139999818,41.7503910000622],[-87.6634369997465,41.7503569999406],[-87.6635260003333,41.7539940000898],[-87.6636069996258,41.7576769999218]]]},"properties":{"OBJECTID":11266,"GEOID":"17031710300","STATE":"17","COUNTY":"031","TRACT":"710300","NAME":"Census Tract 7103","Shape__Area":588487.08984375,"Shape__Length":3260.55418283526}},{"type":"Feature","id":11267,"geometry":{"type":"Polygon","coordinates":[[[-87.7012539998963,41.8828470002796],[-87.6963349996736,41.8828980000616],[-87.6962400001374,41.8792549997245],[-87.6961530000987,41.8759809999719],[-87.6961010002202,41.8737940001265],[-87.7010129998719,41.8737469997972],[-87.701079999819,41.8759290000471],[-87.7011540003372,41.879205000301],[-87.7012079998655,41.8810260001533],[-87.7012539998963,41.8828470002796]]]},"properties":{"OBJECTID":11267,"GEOID":"17031837000","STATE":"17","COUNTY":"031","TRACT":"837000","NAME":"Census Tract 837","Shape__Area":745436.4921875,"Shape__Length":3816.6716484922795}},{"type":"Feature","id":11675,"geometry":{"type":"Polygon","coordinates":[[[-87.6633020000273,41.7448940003258],[-87.6608719996916,41.744928999999],[-87.6584449997289,41.7449659996711],[-87.6584930003078,41.7467860002451],[-87.6585409999884,41.7486070001151],[-87.6585900003922,41.7504260000897],[-87.6586339998748,41.7522479998122],[-87.6537859997972,41.7523179998337],[-87.6537370002918,41.7504970000104],[-87.6536900004361,41.7486770000857],[-87.6536400002074,41.7468580001497],[-87.653538999925,41.7432159996787],[-87.6559700000857,41.743177000265],[-87.6571850002535,41.7431600003069],[-87.6632519997986,41.7430769998557],[-87.6633020000273,41.7448940003258]]]},"properties":{"OBJECTID":11675,"GEOID":"17031710700","STATE":"17","COUNTY":"031","TRACT":"710700","NAME":"Census Tract 7107","Shape__Area":880971.328125,"Shape__Length":4878.2309741693134}},{"type":"Feature","id":11901,"geometry":{"type":"Polygon","coordinates":[[[-87.738081999834,41.6471630001757],[-87.7335579996215,41.6472389996707],[-87.728352000242,41.6473290003345],[-87.7236770004168,41.6474070000026],[-87.7186229995766,41.6474960002487],[-87.7137529997577,41.6475840001901],[-87.7136730002901,41.6457529998918],[-87.7162490002157,41.6456599997481],[-87.7161499995832,41.6456259999291],[-87.715645999793,41.6383960000388],[-87.7133970001056,41.6384460001242],[-87.7133829998618,41.6375389996867],[-87.7131739996245,41.6342910000767],[-87.7131159998982,41.6334860002316],[-87.714263000294,41.6329539997909],[-87.7155930000895,41.6329480000234],[-87.7277830001545,41.632705999983],[-87.7326660003922,41.6326309998749],[-87.7351090002484,41.6325949997383],[-87.7367329997718,41.6325800002349],[-87.7375450004319,41.6325300002986],[-87.7377579999689,41.6383729999596],[-87.737785999558,41.6391880002974],[-87.7378120003956,41.639908999711],[-87.7378259997409,41.6402940002655],[-87.7378419996345,41.6407319997125],[-87.738081999834,41.6471630001757]]]},"properties":{"OBJECTID":11901,"GEOID":"17031824400","STATE":"17","COUNTY":"031","TRACT":"824400","NAME":"Census Tract 8244","Shape__Area":5613195.59375,"Shape__Length":10273.035448349436}},{"type":"Feature","id":11902,"geometry":{"type":"Polygon","coordinates":[[[-87.6570029997803,41.8765190002611],[-87.6518740003937,41.8766009999323],[-87.6510459998401,41.8670869997273],[-87.6566809995651,41.8669970003264],[-87.6568529999925,41.8722540001127],[-87.6570029997803,41.8765190002611]]]},"properties":{"OBJECTID":11902,"GEOID":"17031833300","STATE":"17","COUNTY":"031","TRACT":"833300","NAME":"Census Tract 8333","Shape__Area":852848.265625,"Shape__Length":4047.7284994864408}},{"type":"Feature","id":12079,"geometry":{"type":"Polygon","coordinates":[[[-87.6756779998651,42.0126170002115],[-87.6701979999509,42.0127140000609],[-87.6701589995928,42.011489999691],[-87.67011699976,42.0102740000988],[-87.6700730002774,42.009049000277],[-87.6700349997442,42.0078390002016],[-87.6699479997056,42.0053850002109],[-87.6705929999611,42.0053740001173],[-87.6740250000293,42.005319000288],[-87.6752269997784,42.0053019998214],[-87.6752760001822,42.0065329999524],[-87.6752939997255,42.0071389998549],[-87.6753280000607,42.0089619997619],[-87.6754059998785,42.0113939998307],[-87.6756779998651,42.0126170002115]]]},"properties":{"OBJECTID":12079,"GEOID":"17031010702","STATE":"17","COUNTY":"031","TRACT":"010702","NAME":"Census Tract 107.02","Shape__Area":645566.91015625,"Shape__Length":3394.9731088515882}},{"type":"Feature","id":12083,"geometry":{"type":"Polygon","coordinates":[[[-87.7391980002676,41.8454730001942],[-87.7343569998628,41.8465670002311],[-87.7311149997653,41.8473139997538],[-87.7310429997953,41.8441630000617],[-87.7318510002574,41.8441520002433],[-87.7311879995602,41.8423209996785],[-87.7311359996817,41.8404829999104],[-87.7310829999783,41.8386479998816],[-87.7316910004238,41.8386400001154],[-87.731637999822,41.8368019996955],[-87.7391520002369,41.8367180000113],[-87.7389079998394,41.8371370000961],[-87.7391980002676,41.8454730001942]]]},"properties":{"OBJECTID":12083,"GEOID":"17031301801","STATE":"17","COUNTY":"031","TRACT":"301801","NAME":"Census Tract 3018.01","Shape__Area":1244446.95703125,"Shape__Length":4827.3215199262422}},{"type":"Feature","id":12148,"geometry":{"type":"Polygon","coordinates":[[[-87.7038649999819,41.8043089997328],[-87.6843699997395,41.804631999747],[-87.6797259998765,41.8046309999982],[-87.679641000386,41.8011679996909],[-87.679605000401,41.7988569999089],[-87.6795919999822,41.7981720001543],[-87.6795879997842,41.7978770003311],[-87.6788849998024,41.7947860002712],[-87.6788150003806,41.7938680002796],[-87.6822919997563,41.793828000251],[-87.6834779996119,41.7938530001881],[-87.6840419996765,41.7938770001989],[-87.6841289997151,41.7975099999042],[-87.6842240001497,41.8011460000077],[-87.6891209997328,41.8010730002741],[-87.6939999997724,41.8009889999182],[-87.698883999835,41.8009040003149],[-87.7037660002478,41.8008210002153],[-87.7038649999819,41.8043089997328]]]},"properties":{"OBJECTID":12148,"GEOID":"17031630600","STATE":"17","COUNTY":"031","TRACT":"630600","NAME":"Census Tract 6306","Shape__Area":1977309.48828125,"Shape__Length":8666.4019774730823}},{"type":"Feature","id":12160,"geometry":{"type":"Polygon","coordinates":[[[-87.7044399999172,41.8225900000409],[-87.6995369995881,41.8226890002301],[-87.6946269995862,41.8227859999964],[-87.6945699996848,41.8201290002547],[-87.6945660003852,41.8200230002176],[-87.6944819998213,41.8173600003336],[-87.6985080000914,41.817606999872],[-87.699396999846,41.8170640002554],[-87.7043310001373,41.8171999998098],[-87.7044340000694,41.8198910000144],[-87.7044399999172,41.8225900000409]]]},"properties":{"OBJECTID":12160,"GEOID":"17031580501","STATE":"17","COUNTY":"031","TRACT":"580501","NAME":"Census Tract 5805.01","Shape__Area":883775.4296875,"Shape__Length":3835.9902297213484}},{"type":"Feature","id":12177,"geometry":{"type":"Polygon","coordinates":[[[-87.9202649999131,41.9358039996751],[-87.9202509996694,41.9416000000468],[-87.9202439999967,41.9431259996767],[-87.9202430001718,41.9463600000934],[-87.9202049996386,41.9512699997912],[-87.920197000141,41.953259000333],[-87.9201710002018,41.958165000295],[-87.9168040004308,41.9577009999624],[-87.9158539996786,41.9574490002146],[-87.914451000088,41.9568080000236],[-87.9144539995628,41.9535360003022],[-87.9086770004459,41.9519629997519],[-87.9066699997095,41.9515460002619],[-87.9020819999229,41.9510359997341],[-87.9013489998039,41.9509990001318],[-87.8971619998754,41.9506370000368],[-87.8926610001274,41.9507119997787],[-87.8926629997773,41.9521300000099],[-87.8932479997583,41.9547070002968],[-87.8930870000998,41.9580859998795],[-87.8907630000693,41.9580299999147],[-87.8904629995953,41.9546299997571],[-87.8906629996118,41.9534300002512],[-87.8856789999901,41.9532840001192],[-87.885395000308,41.9455610002474],[-87.8852739999342,41.9436550000717],[-87.8852089996369,41.9422290002482],[-87.8851299999941,41.9404999996884],[-87.8849469996961,41.9364189998486],[-87.884726999588,41.9309870000905],[-87.8846809995573,41.9302800002753],[-87.8862620003213,41.9303470002517],[-87.8944529998804,41.9305830002964],[-87.8992530002774,41.9307210000142],[-87.9063109996843,41.9309209998987],[-87.9090359995728,41.9309950003318],[-87.9141599998349,41.9311280002715],[-87.9196289998785,41.9312819998904],[-87.9202880003777,41.9312999998475],[-87.9202649999131,41.9358039996751]]]},"properties":{"OBJECTID":12177,"GEOID":"17031811701","STATE":"17","COUNTY":"031","TRACT":"811701","NAME":"Census Tract 8117.01","Shape__Area":13101528.4765625,"Shape__Length":17698.790145000974}},{"type":"Feature","id":12250,"geometry":{"type":"Polygon","coordinates":[[[-87.6068590001966,41.8231289998138],[-87.60651500024,41.8233699997769],[-87.6049550002906,41.823778999691],[-87.6034689999611,41.8242940001764],[-87.6009139999519,41.825235000266],[-87.5994306352795,41.8254644925724],[-87.5924627916928,41.8169381620148],[-87.5966640002742,41.8168410000754],[-87.5988819999995,41.8169049998882],[-87.5994169997518,41.8168950002983],[-87.6006300002698,41.8168839998103],[-87.6018520001104,41.8168699999775],[-87.6040639999879,41.8168459998747],[-87.6067079996855,41.8168139999469],[-87.6068590001966,41.8231289998138]]]},"properties":{"OBJECTID":12250,"GEOID":"17031836400","STATE":"17","COUNTY":"031","TRACT":"836400","NAME":"Census Tract 8364","Shape__Area":1426030.40234375,"Shape__Length":4925.9634350240349}},{"type":"Feature","id":12274,"geometry":{"type":"Polygon","coordinates":[[[-87.6364070000712,41.5863909997988],[-87.6327590000929,41.5863950002918],[-87.6317409995685,41.5863990001127],[-87.6286690002487,41.5864039997205],[-87.6274979995634,41.5864059999667],[-87.616982000149,41.5863969998664],[-87.6151359999694,41.5836680000482],[-87.6150630001744,41.5827340000044],[-87.6149819999836,41.5813890003224],[-87.6121199998277,41.5813700002006],[-87.6120589997283,41.5795559997201],[-87.6120570000785,41.5793749999862],[-87.6072669997273,41.5793639997855],[-87.6047360000075,41.5793030000438],[-87.6022300004021,41.5790420001678],[-87.5972779996692,41.5783580003312],[-87.5925889996003,41.5779109999398],[-87.5893289999595,41.5777509999905],[-87.5819540003601,41.5778209998071],[-87.5836850000137,41.5722019997358],[-87.5837009999072,41.5647280000817],[-87.5836919996864,41.5574720000948],[-87.5958730004289,41.5575900001602],[-87.6068409997549,41.5575339998484],[-87.6122510002473,41.5574399999602],[-87.6265479997094,41.5574339998911],[-87.6266590000375,41.5574339998911],[-87.6283339996146,41.5574339998911],[-87.6360790000081,41.5573989997015],[-87.6361130003433,41.5602460003217],[-87.6361190001911,41.5605600000538],[-87.6362010002069,41.5628189997286],[-87.6361300000618,41.5630419996934],[-87.6362349996437,41.5646649997127],[-87.6362349996437,41.5648639998261],[-87.6363019995909,41.5718759999814],[-87.6363099999868,41.5736029997693],[-87.6362780001998,41.5783489997811],[-87.6363839996067,41.5823420001755],[-87.6363869999797,41.58282099981],[-87.6364070000712,41.5863909997988]]]},"properties":{"OBJECTID":12274,"GEOID":"17031828300","STATE":"17","COUNTY":"031","TRACT":"828300","NAME":"Census Tract 8283","Shape__Area":21268533.07421875,"Shape__Length":20138.140840963788}},{"type":"Feature","id":12275,"geometry":{"type":"Polygon","coordinates":[[[-87.5640719997705,41.6446350002648],[-87.5605240002496,41.6447189998528],[-87.5593159997545,41.6445479998808],[-87.5580679999747,41.6445479998808],[-87.552343999663,41.6445350002608],[-87.5480010000988,41.6444910002367],[-87.5422709999393,41.6445529996823],[-87.5413140004126,41.6444629998396],[-87.5405090003236,41.6442859998049],[-87.5399169997715,41.6443229996854],[-87.5387869999925,41.6445350002608],[-87.5250146579788,41.6446359555156],[-87.525050000397,41.6392830003333],[-87.5250661709704,41.6354669884869],[-87.5250766848525,41.6329857731698],[-87.5250884572743,41.6302076445251],[-87.5325429999971,41.6301350002953],[-87.5337360004236,41.6307559996969],[-87.5392430001021,41.6314899996786],[-87.5424430003667,41.633634999987],[-87.5443740000369,41.6335260001277],[-87.5444479996567,41.6304159999503],[-87.5480680000459,41.62992500026],[-87.5484429999646,41.6299560002827],[-87.5541730001241,41.6299590003058],[-87.5592129998223,41.6300039999635],[-87.5640190000671,41.6300329997113],[-87.5637470000805,41.6379309999372],[-87.5640719997705,41.6446350002648]]]},"properties":{"OBJECTID":12275,"GEOID":"17031825700","STATE":"17","COUNTY":"031","TRACT":"825700","NAME":"Census Tract 8257","Shape__Area":8981927.02734375,"Shape__Length":13641.808545818898}},{"type":"Feature","id":12276,"geometry":{"type":"Polygon","coordinates":[[[-87.7762150003512,41.9384479998759],[-87.7701420000601,41.9385269999071],[-87.7664999999295,41.9385749996752],[-87.7664349996322,41.9367520001504],[-87.766371999883,41.9349280002519],[-87.7663099999587,41.9330999999912],[-87.7662460003846,41.9312769996786],[-87.7711050003328,41.9312090002345],[-87.7735330001204,41.9311740000404],[-87.7759659999309,41.931138999827],[-87.7760889999545,41.9347950002166],[-87.7762150003512,41.9384479998759]]]},"properties":{"OBJECTID":12276,"GEOID":"17031190402","STATE":"17","COUNTY":"031","TRACT":"190402","NAME":"Census Tract 1904.02","Shape__Area":1182666.765625,"Shape__Length":4350.3972878133627}},{"type":"Feature","id":12283,"geometry":{"type":"Polygon","coordinates":[[[-87.5775590000191,41.487087999718],[-87.5717979998975,41.4880070002866],[-87.5703850002612,41.4882040001997],[-87.5675919997023,41.4883589999425],[-87.5654919999778,41.4888979999992],[-87.5632690002297,41.4896810003363],[-87.5580549995559,41.4913180000839],[-87.5557609996626,41.4919310000076],[-87.5525739998167,41.4917890001771],[-87.5469959999932,41.4925339999051],[-87.5438989996607,41.4949850003273],[-87.540153999598,41.4959160000091],[-87.5308869997883,41.4952329997512],[-87.5291319998452,41.4950600002343],[-87.5264949998203,41.4948139998648],[-87.5255629276444,41.4946344664885],[-87.525562917763,41.4946299516373],[-87.5255553557449,41.4910432012336],[-87.5255380002936,41.4828109997441],[-87.5255841305801,41.4793503752453],[-87.525635613029,41.4754882876293],[-87.5256845676187,41.4718157804989],[-87.5257049997999,41.4702830000132],[-87.5557480001421,41.470078999805],[-87.5578489996915,41.4700660000471],[-87.5730649999439,41.4700140003165],[-87.574049999958,41.4700069999742],[-87.5771029999095,41.4699929999604],[-87.5773389999111,41.4699919997189],[-87.5775590000191,41.487087999718]]]},"properties":{"OBJECTID":12283,"GEOID":"17031828504","STATE":"17","COUNTY":"031","TRACT":"828504","NAME":"Census Tract 8285.04","Shape__Area":18850549.4375,"Shape__Length":18018.904355354596}},{"type":"Feature","id":12287,"geometry":{"type":"Polygon","coordinates":[[[-87.72608000009,41.8953680000434],[-87.7236370002338,41.8953900001137],[-87.7224120000202,41.8954009998117],[-87.719973000362,41.8954269998805],[-87.718754999821,41.8954369999042],[-87.7163139996147,41.8954609999545],[-87.7150940003223,41.8954729999763],[-87.7138730003066,41.8954829999928],[-87.7126549997657,41.8954950000104],[-87.7114360002982,41.8955070000258],[-87.711325999795,41.8918430002332],[-87.7112189996649,41.8881129999146],[-87.7185409995608,41.8880399996946],[-87.7209819997672,41.8880179997678],[-87.7258730004008,41.8879570002044],[-87.725972000135,41.8916939996932],[-87.72608000009,41.8953680000434]]]},"properties":{"OBJECTID":12287,"GEOID":"17031231500","STATE":"17","COUNTY":"031","TRACT":"231500","NAME":"Census Tract 2315","Shape__Area":1804483.7734375,"Shape__Length":5476.1999022455575}},{"type":"Feature","id":12642,"geometry":{"type":"Polygon","coordinates":[[[-87.6659239999836,42.0127869998088],[-87.66345299964,42.0128299998862],[-87.6629460003752,42.0117620001772],[-87.6624850002427,42.010401000263],[-87.6620890004076,42.0091830001011],[-87.6616919998492,42.0079790000141],[-87.6612950001892,42.0067669997596],[-87.6618690002996,42.0061410002696],[-87.6656970002029,42.0066960002999],[-87.6657370003859,42.0079149999282],[-87.6657790002187,42.0091280002273],[-87.6658179996784,42.0103450002376],[-87.6659239999836,42.0127869998088]]]},"properties":{"OBJECTID":12642,"GEOID":"17031010501","STATE":"17","COUNTY":"031","TRACT":"010501","NAME":"Census Tract 105.01","Shape__Area":378136.40625,"Shape__Length":2675.9445089402225}},{"type":"Feature","id":12781,"geometry":{"type":"Polygon","coordinates":[[[-87.6026999998571,41.630680000233],[-87.5993530001777,41.6274799996693],[-87.5979689999554,41.6282959999069],[-87.5955060000077,41.6297739997415],[-87.5945439995598,41.6299519998041],[-87.597872999696,41.6324129999335],[-87.5978559999775,41.633432000064],[-87.5905779995642,41.6334869999608],[-87.5881580001726,41.6335049997825],[-87.5833090002701,41.6335460000664],[-87.5820949999271,41.6351529998367],[-87.5783859998495,41.6343629997782],[-87.5783869996744,41.6343079999575],[-87.5785640001247,41.6338819998546],[-87.578629000422,41.6299290000688],[-87.5790970002272,41.6266069998292],[-87.5832599998663,41.6263100002278],[-87.5832389999499,41.6245210003286],[-87.5832289999041,41.6233210002861],[-87.5820749998357,41.6226820002957],[-87.5861320000679,41.6226549997215],[-87.5942230000678,41.6225800000074],[-87.5948559997294,41.6225759997427],[-87.5965289996567,41.622566000087],[-87.5978099999468,41.6225600000242],[-87.6026410003059,41.6225749998443],[-87.6026699997199,41.6265659998323],[-87.6026999998571,41.630680000233]]]},"properties":{"OBJECTID":12781,"GEOID":"17031826402","STATE":"17","COUNTY":"031","TRACT":"826402","NAME":"Census Tract 8264.02","Shape__Area":3646720.01953125,"Shape__Length":9987.71859387011}},{"type":"Feature","id":12782,"geometry":{"type":"Polygon","coordinates":[[[-87.6681710000213,41.6628129999812],[-87.6639029999018,41.6665640001566],[-87.6595469999189,41.670318999878],[-87.6587950004316,41.6703349998192],[-87.6571140001084,41.6703060000906],[-87.6526269997059,41.6703729999992],[-87.6514109997131,41.6703929999083],[-87.6513129998038,41.6667709999227],[-87.6512120004198,41.6630959999757],[-87.65482100004,41.6630409998489],[-87.6572539998505,41.663006999808],[-87.6657530002794,41.6628590001314],[-87.6681710000213,41.6628129999812]]]},"properties":{"OBJECTID":12782,"GEOID":"17031821401","STATE":"17","COUNTY":"031","TRACT":"821401","NAME":"Census Tract 8214.01","Shape__Area":1526766.8984375,"Shape__Length":5355.8921335457972}},{"type":"Feature","id":12783,"geometry":{"type":"Polygon","coordinates":[[[-87.7491749997318,41.8512690000891],[-87.7467200001801,41.8513010001931],[-87.7442670002781,41.8513510000309],[-87.7443240001795,41.8531069998153],[-87.7443869999287,41.8549329999813],[-87.7431399999738,41.8549540002912],[-87.743202999723,41.8567749998893],[-87.7432610003476,41.8586030001975],[-87.7397670003551,41.8586539999231],[-87.7394230003985,41.8513510000309],[-87.7392209998339,41.8459790001803],[-87.7437240001299,41.8448720001837],[-87.7440470001701,41.8448410000001],[-87.74419299976,41.8448280000481],[-87.7465019997219,41.8448569999888],[-87.7486399999795,41.8447579999523],[-87.7489780000883,41.8449279997652],[-87.7491749997318,41.8512690000891]]]},"properties":{"OBJECTID":12783,"GEOID":"17031813801","STATE":"17","COUNTY":"031","TRACT":"813801","NAME":"Census Tract 8138.01","Shape__Area":1515839.53125,"Shape__Length":6119.9301208792094}},{"type":"Feature","id":12784,"geometry":{"type":"Polygon","coordinates":[[[-87.6546839997727,41.7868860001501],[-87.6498280001975,41.7869559998946],[-87.6497369999609,41.7833150001783],[-87.6496430002496,41.7796740000219],[-87.6520719998621,41.7796439998916],[-87.6545020001978,41.7796080002525],[-87.6545499998784,41.7814269997464],[-87.6546839997727,41.7868860001501]]]},"properties":{"OBJECTID":12784,"GEOID":"17031680600","STATE":"17","COUNTY":"031","TRACT":"680600","NAME":"Census Tract 6806","Shape__Area":587825.95703125,"Shape__Length":3255.674540062244}},{"type":"Feature","id":12785,"geometry":{"type":"Polygon","coordinates":[[[-87.7143290004162,41.8224349998972],[-87.7044399999172,41.8225900000409],[-87.7044340000694,41.8198910000144],[-87.7043310001373,41.8171999998098],[-87.704261999642,41.8154209997432],[-87.7042109995884,41.8141130003097],[-87.7041179997019,41.8117590002898],[-87.7040459997319,41.8099390000643],[-87.7039749995868,41.8081150002403],[-87.7138719995834,41.8079920002145],[-87.7138759997814,41.8081799997612],[-87.7143290004162,41.8224349998972]]]},"properties":{"OBJECTID":12785,"GEOID":"17031580400","STATE":"17","COUNTY":"031","TRACT":"580400","NAME":"Census Tract 5804","Shape__Area":2369257.89453125,"Shape__Length":6523.5679073566935}},{"type":"Feature","id":12786,"geometry":{"type":"Polygon","coordinates":[[[-87.6236549995914,41.713538999927],[-87.6235530003825,41.7143319999055],[-87.6228839998376,41.7157379998852],[-87.6227609998139,41.7169210002003],[-87.6201170001163,41.7145419996853],[-87.6144010002005,41.713436999984],[-87.6139519997636,41.7134440001299],[-87.613944000266,41.7131620000677],[-87.6051889997441,41.7132999997534],[-87.6065179997147,41.7074330001276],[-87.6101129999896,41.7073700002728],[-87.6137669998157,41.707314999753],[-87.6186430003807,41.7072390000791],[-87.6235230002453,41.707165000169],[-87.6235950002153,41.7108060002751],[-87.6236549995914,41.713538999927]]]},"properties":{"OBJECTID":12786,"GEOID":"17031490800","STATE":"17","COUNTY":"031","TRACT":"490800","NAME":"Census Tract 4908","Shape__Area":1955536.55078125,"Shape__Length":6434.7126383231189}},{"type":"Feature","id":12787,"geometry":{"type":"Polygon","coordinates":[[[-87.7748810003577,41.8870719997565],[-87.770002000318,41.8871360002273],[-87.7651059996615,41.8872009997621],[-87.7650019999044,41.8842349997847],[-87.7648639998122,41.8802460002243],[-87.7697610002936,41.8802180001836],[-87.7746579998766,41.8801509997497],[-87.7747819997251,41.8841319997942],[-87.7748810003577,41.8870719997565]]]},"properties":{"OBJECTID":12787,"GEOID":"17031252000","STATE":"17","COUNTY":"031","TRACT":"252000","NAME":"Census Tract 252","Shape__Area":1128537.51953125,"Shape__Length":4254.1060118799278}},{"type":"Feature","id":12807,"geometry":{"type":"Polygon","coordinates":[[[-87.7852260000679,41.9164519998981],[-87.7754699996383,41.9165519998917],[-87.7657450000692,41.9166240002714],[-87.7657390002214,41.9145169996867],[-87.7656470001599,41.9130270002874],[-87.7656289997183,41.9126680000825],[-87.7655490002506,41.9099399998362],[-87.7657240001528,41.9093790001561],[-87.7707539998053,41.9093129996729],[-87.7714579996119,41.9093060001748],[-87.775600000233,41.9092539999632],[-87.7788680002697,41.9092129997023],[-87.779515000175,41.9092050000722],[-87.7833549997739,41.9091689997191],[-87.7850019997619,41.9091479998379],[-87.7851189999378,41.9127800001006],[-87.7851769996641,41.914591999798],[-87.7852260000679,41.9164519998981]]]},"properties":{"OBJECTID":12807,"GEOID":"17031250400","STATE":"17","COUNTY":"031","TRACT":"250400","NAME":"Census Tract 2504","Shape__Area":2361016.42578125,"Shape__Length":6494.352381330762}},{"type":"Feature","id":12833,"geometry":{"type":"Polygon","coordinates":[[[-87.7030520003953,41.7753220003327],[-87.6981709998075,41.7754000002717],[-87.6945189996312,41.7754509999744],[-87.6932990003388,41.7754710000307],[-87.6932979996156,41.7754269997647],[-87.6908630001553,41.7754599997995],[-87.6872090003292,41.7755619997389],[-87.6835479999321,41.775598999841],[-87.6834940004037,41.7737829998631],[-87.683444000175,41.7719780002155],[-87.6871089998718,41.7719189996993],[-87.6883330002605,41.7719019999834],[-87.690769000444,41.7718620003187],[-87.6932059995541,41.7718239998103],[-87.6944299999427,41.7718070000692],[-87.6980829999439,41.7717490003273],[-87.7029670000065,41.7716749996797],[-87.7030520003953,41.7753220003327]]]},"properties":{"OBJECTID":12833,"GEOID":"17031660800","STATE":"17","COUNTY":"031","TRACT":"660800","NAME":"Census Tract 6608","Shape__Area":1178697.0546875,"Shape__Length":5437.0576581304122}},{"type":"Feature","id":12834,"geometry":{"type":"Polygon","coordinates":[[[-87.6152620003661,41.765711000023],[-87.6128450004491,41.7657519998581],[-87.6092250000599,41.7658130000545],[-87.6055860003024,41.7658809999854],[-87.6055269998529,41.7639779998518],[-87.605489000218,41.7622300003278],[-87.6053910003087,41.7585799997815],[-87.6090479996096,41.758516999814],[-87.6102560001047,41.7584850002429],[-87.6126739998466,41.7584520001869],[-87.6151200000758,41.7584080003091],[-87.6152060002895,41.76205900033],[-87.6152620003661,41.765711000023]]]},"properties":{"OBJECTID":12834,"GEOID":"17031690900","STATE":"17","COUNTY":"031","TRACT":"690900","NAME":"Census Tract 6909","Shape__Area":1178472.62109375,"Shape__Length":4340.5914287848682}},{"type":"Feature","id":12835,"geometry":{"type":"Polygon","coordinates":[[[-87.6403289996859,41.794386999811],[-87.6353619997826,41.7944780001346],[-87.6342119999121,41.7944990001909],[-87.6285620001186,41.7945990001734],[-87.6282580003449,41.7854959997325],[-87.6281949996974,41.7831610002002],[-87.6289699996492,41.7831469996967],[-87.628542999852,41.7800049999924],[-87.630149999657,41.7799870002767],[-87.6350479999633,41.7799089998874],[-87.6375030004134,41.7798679997221],[-87.6400199998894,41.7798249999289],[-87.6400280002853,41.7807450003041],[-87.6400809999888,41.7834660002196],[-87.6401710004005,41.7871070000686],[-87.6402299999517,41.7920100002273],[-87.6396819997806,41.7930379997611],[-87.6403289996859,41.794386999811]]]},"properties":{"OBJECTID":12835,"GEOID":"17031834600","STATE":"17","COUNTY":"031","TRACT":"834600","NAME":"Census Tract 8346","Shape__Area":2823089.06640625,"Shape__Length":7052.517778777823}},{"type":"Feature","id":12891,"geometry":{"type":"Polygon","coordinates":[[[-87.6149579996941,41.751113999686],[-87.6125020003174,41.7511589997856],[-87.6100820000275,41.7511990002943],[-87.6088710000576,41.7512209996923],[-87.6052149996833,41.7512859999409],[-87.6051889997441,41.7494570001484],[-87.6051350002157,41.7476269998837],[-87.6050840001621,41.7457979997285],[-87.606295000132,41.7457779998052],[-87.6074719997667,41.7443879999307],[-87.6087189997216,41.745739999934],[-87.6123499999815,41.7456780000956],[-87.6123109996234,41.7443049997263],[-87.6148189997769,41.7456380001681],[-87.6149579996941,41.751113999686]]]},"properties":{"OBJECTID":12891,"GEOID":"17031440201","STATE":"17","COUNTY":"031","TRACT":"440201","NAME":"Census Tract 4402.01","Shape__Area":942120.14453125,"Shape__Length":4298.0819840838612}},{"type":"Feature","id":12892,"geometry":{"type":"Polygon","coordinates":[[[-87.5929500001736,41.7750790000691],[-87.5921149999474,41.7750969998224],[-87.5916999998457,41.7769179996772],[-87.5914499996004,41.7780200001622],[-87.5915280003165,41.7805659997625],[-87.5889730003073,41.7805810002836],[-87.5864579995828,41.780619000293],[-87.5794980000852,41.7797570000414],[-87.5752349999886,41.7807139998831],[-87.5758169995966,41.7813890002159],[-87.5724074430374,41.7807438896536],[-87.5725069143871,41.7804359754492],[-87.5727908700518,41.7795569904577],[-87.5728599999045,41.7793429996826],[-87.5666879998791,41.7740840000399],[-87.5661377449366,41.7735936854631],[-87.5668109999027,41.773559000217],[-87.566548000137,41.7699060000868],[-87.5682429998056,41.769886999926],[-87.5715090001925,41.7698539997039],[-87.5715600002461,41.7716790000609],[-87.5716170001475,41.7735020002839],[-87.5764869999664,41.7734560002069],[-87.5801800001505,41.7734050002578],[-87.5814139996867,41.773390000068],[-87.5838609997408,41.7733609999144],[-87.5862960000994,41.7733390000663],[-87.5911690002913,41.773284999981],[-87.5922210002526,41.7732750002828],[-87.5929140001886,41.7732679999571],[-87.5929500001736,41.7750790000691]]]},"properties":{"OBJECTID":12892,"GEOID":"17031843900","STATE":"17","COUNTY":"031","TRACT":"843900","NAME":"Census Tract 8439","Shape__Area":2868631.671875,"Shape__Length":8985.7945756515219}},{"type":"Feature","id":12919,"geometry":{"type":"Polygon","coordinates":[[[-87.7101280002439,41.8517060002311],[-87.705255000052,41.8517650002373],[-87.7051479999219,41.8481400000764],[-87.7050399999669,41.8445179999987],[-87.7099099997857,41.8444499998258],[-87.7099590001895,41.8462610003191],[-87.7100189995657,41.8480769997754],[-87.7101280002439,41.8517060002311]]]},"properties":{"OBJECTID":12919,"GEOID":"17031300800","STATE":"17","COUNTY":"031","TRACT":"300800","NAME":"Census Tract 3008","Shape__Area":587693.41796875,"Shape__Length":3252.60348626344}},{"type":"Feature","id":12989,"geometry":{"type":"Polygon","coordinates":[[[-87.7171229999017,41.6109459998183],[-87.7074450001882,41.6111209999138],[-87.7078710001606,41.622057999957],[-87.6981840002263,41.6222550000145],[-87.693290000118,41.6222069999367],[-87.693209999752,41.62055999992],[-87.693209999752,41.6186950001556],[-87.6932030000793,41.613998999812],[-87.6907600002231,41.6155590002698],[-87.6857819995509,41.6156859997087],[-87.6850750002695,41.6157259999033],[-87.6838469996828,41.6154339999274],[-87.6808129999978,41.6154339999274],[-87.6802360004127,41.6154159997614],[-87.6798730001896,41.6081850002691],[-87.6800410004191,41.60453199989],[-87.6799800003197,41.6014399998433],[-87.675237999649,41.6012039998109],[-87.6752350001743,41.6008659998893],[-87.6885719997367,41.6008119999445],[-87.6982369999297,41.6007719999065],[-87.6994560002956,41.6007689998691],[-87.7042640001901,41.600727000002],[-87.7066710000613,41.6008930001806],[-87.7106799997147,41.6005399997346],[-87.7141059999351,41.6008900001488],[-87.7168009996864,41.6018159997628],[-87.7168359998465,41.6027169997466],[-87.7168650001588,41.6036470001079],[-87.7171170000539,41.6107679996756],[-87.7171229999017,41.6109459998183]]]},"properties":{"OBJECTID":12989,"GEOID":"17031824900","STATE":"17","COUNTY":"031","TRACT":"824900","NAME":"Census Tract 8249","Shape__Area":9913190.83984375,"Shape__Length":15775.483722779158}},{"type":"Feature","id":13019,"geometry":{"type":"Polygon","coordinates":[[[-87.5494060002374,41.6063440002504],[-87.5492430000308,41.6081350002216],[-87.549345000138,41.6133529998448],[-87.5491200000072,41.6154520000884],[-87.5443849999075,41.6154670002186],[-87.5414990003605,41.615478000312],[-87.5395629997692,41.6154819996739],[-87.5347299997603,41.615495999789],[-87.5347189998896,41.6138060001928],[-87.5323060001706,41.6138129997611],[-87.5298919997284,41.6138210000343],[-87.5251578422485,41.6138340884576],[-87.5251690002227,41.6112009998952],[-87.5251838323063,41.6094619694486],[-87.5251988620193,41.6076999052802],[-87.5252555295441,41.6010560556631],[-87.5252581202854,41.6007522228994],[-87.5253127010237,41.5943530275279],[-87.5298309996291,41.5962970001726],[-87.5346569999653,41.5979700002373],[-87.5395150000886,41.5994839996717],[-87.5419269999827,41.6002150001934],[-87.5449890001551,41.6009199997889],[-87.5493939996435,41.6010179998147],[-87.5494060002374,41.6063440002504]]]},"properties":{"OBJECTID":13019,"GEOID":"17031826100","STATE":"17","COUNTY":"031","TRACT":"826100","NAME":"Census Tract 8261","Shape__Area":6516868.6015625,"Shape__Length":10864.038300390264}},{"type":"Feature","id":13037,"geometry":{"type":"Polygon","coordinates":[[[-87.8681110001182,41.8710440003039],[-87.8664680003282,41.8710879997982],[-87.8631640003065,41.8711820003192],[-87.8630139996203,41.8676239998524],[-87.8587170000869,41.8677229999548],[-87.8580969999458,41.8677310000983],[-87.858091000098,41.8675409999322],[-87.8579410003102,41.8639360000082],[-87.8577849997762,41.8602799998066],[-87.8528880001932,41.8604039999624],[-87.8527540002989,41.8568990001508],[-87.852745999903,41.8567139999422],[-87.8525590003052,41.8531109997979],[-87.852457000198,41.8494549996756],[-87.8427140001872,41.8496840003091],[-87.8425280004143,41.8460449998543],[-87.8423440002913,41.8425269997288],[-87.8463730000362,41.8422099997499],[-87.8502829999553,41.8436410001473],[-87.8522939999913,41.8458010002738],[-87.8524649996956,41.845912999769],[-87.8528980002389,41.8460569997878],[-87.8541669999352,41.8446429997244],[-87.8569520000981,41.843749000179],[-87.8578080002408,41.8430049999808],[-87.8619840002987,41.8441820002911],[-87.8644630001399,41.8450569998453],[-87.8647019996162,41.8456419996679],[-87.8653290003283,41.845558000211],[-87.8654640000475,41.8455340001547],[-87.8655660001548,41.8490860002173],[-87.8670609998068,41.8490470002644],[-87.867427000403,41.8563520001559],[-87.8675210001144,41.8581890000928],[-87.8676249998714,41.8605020003256],[-87.8679339996679,41.8673180003302],[-87.8681110001182,41.8710440003039]]]},"properties":{"OBJECTID":13037,"GEOID":"17031818000","STATE":"17","COUNTY":"031","TRACT":"818000","NAME":"Census Tract 818","Shape__Area":6338882.140625,"Shape__Length":14195.66350373374}},{"type":"Feature","id":13038,"geometry":{"type":"Polygon","coordinates":[[[-87.6537859997972,41.7523179998337],[-87.6513630000325,41.7523540000448],[-87.6501510002377,41.7523720001427],[-87.6489400002678,41.7523900002357],[-87.6477269997498,41.7524080003236],[-87.646514999955,41.7524249998434],[-87.6440889998172,41.7524549999708],[-87.6440439996114,41.7506420000479],[-87.6439890002581,41.7488189996961],[-87.643882000128,41.7451889999426],[-87.6438310000743,41.7433579999731],[-87.6486859998246,41.7432880002354],[-87.6498990003426,41.7432710003067],[-87.653538999925,41.7432159996787],[-87.6536400002074,41.7468580001497],[-87.6536900004361,41.7486770000857],[-87.6537370002918,41.7504970000104],[-87.6537859997972,41.7523179998337]]]},"properties":{"OBJECTID":13038,"GEOID":"17031710800","STATE":"17","COUNTY":"031","TRACT":"710800","NAME":"Census Tract 7108","Shape__Area":1467175.73046875,"Shape__Length":4876.5287515472874}},{"type":"Feature","id":13151,"geometry":{"type":"Polygon","coordinates":[[[-87.7138719995834,41.8079920002145],[-87.7039749995868,41.8081150002403],[-87.7040459997319,41.8099390000643],[-87.7041179997019,41.8117590002898],[-87.7016509995563,41.8117969998957],[-87.7004329999137,41.8118159996902],[-87.6979900000575,41.8118550002375],[-87.694315000315,41.8119129998571],[-87.6918709997356,41.8119510000412],[-87.6894270000545,41.8119919997741],[-87.6893240001223,41.8083599998929],[-87.6851029998586,41.8084280002426],[-87.6844249999911,41.8084260001939],[-87.6843699997395,41.804631999747],[-87.7038649999819,41.8043089997328],[-87.711222000038,41.8043290001625],[-87.7136349997569,41.8041889997025],[-87.7137619999785,41.8058509999439],[-87.7138719995834,41.8079920002145]]]},"properties":{"OBJECTID":13151,"GEOID":"17031842800","STATE":"17","COUNTY":"031","TRACT":"842800","NAME":"Census Tract 8428","Shape__Area":2737738.609375,"Shape__Length":8764.4730377449}},{"type":"Feature","id":13252,"geometry":{"type":"Polygon","coordinates":[[[-87.7243860002463,41.9682809997773],[-87.7231429995911,41.968293999996],[-87.7206970002601,41.9683220001498],[-87.7182550002289,41.9683479998999],[-87.7181959997793,41.966528999671],[-87.7180400001437,41.9610690000494],[-87.7204899996726,41.9610390000949],[-87.7229290002292,41.9610090001264],[-87.7241579997424,41.9609919998485],[-87.7235569998679,41.9614390001073],[-87.7236010002488,41.9628659996793],[-87.724212999994,41.9628590000445],[-87.7243860002463,41.9682809997773]]]},"properties":{"OBJECTID":13252,"GEOID":"17031140602","STATE":"17","COUNTY":"031","TRACT":"140602","NAME":"Census Tract 1406.02","Shape__Area":726952.86328125,"Shape__Length":3642.1687882563106}},{"type":"Feature","id":13253,"geometry":{"type":"Polygon","coordinates":[[[-87.6904449996806,41.8665679999244],[-87.6860379996439,41.8666129999427],[-87.6835899997649,41.8666469999652],[-87.6664140004284,41.8668550001815],[-87.6615710003737,41.8669159998207],[-87.6566809995651,41.8669970003264],[-87.6565740003332,41.8632380003252],[-87.6564789998987,41.8597649998449],[-87.6638080003656,41.8596469998179],[-87.66619799962,41.8596070000541],[-87.671142999782,41.8595419998829],[-87.673599000057,41.8595170001597],[-87.6760419999132,41.8592860001409],[-87.6784909996171,41.8589419998146],[-87.6821699995576,41.8587630002762],[-87.6858340003278,41.8593660000449],[-87.6882169999095,41.8593369999909],[-87.6881850001224,41.8626860001278],[-87.6904449996806,41.8665679999244]]]},"properties":{"OBJECTID":13253,"GEOID":"17031842900","STATE":"17","COUNTY":"031","TRACT":"842900","NAME":"Census Tract 8429","Shape__Area":3960030.29296875,"Shape__Length":9524.5948423955324}},{"type":"Feature","id":13466,"geometry":{"type":"Polygon","coordinates":[[[-87.6784660004011,41.7574519998428],[-87.673338999766,41.7575239998467],[-87.6709009999326,41.7575629999268],[-87.6708339999855,41.7576230000552],[-87.6697130004273,41.7576489998478],[-87.6673669997571,41.7576650001788],[-87.6672899997643,41.7576309998894],[-87.6636069996258,41.7576769999218],[-87.6635260003333,41.7539940000898],[-87.6634369997465,41.7503569999406],[-87.6658639997092,41.7503250003222],[-87.667078999877,41.7503100000976],[-87.6682909996719,41.7502930000176],[-87.6707079995888,41.7502620002938],[-87.6782389997221,41.7501669998363],[-87.6784660004011,41.7574519998428]]]},"properties":{"OBJECTID":13466,"GEOID":"17031710400","STATE":"17","COUNTY":"031","TRACT":"710400","NAME":"Census Tract 7104","Shape__Area":1802783.0625,"Shape__Length":5487.7759767699627}},{"type":"Feature","id":13480,"geometry":{"type":"Polygon","coordinates":[[[-87.5665060003042,41.7659900001973],[-87.5664839996646,41.7663180000681],[-87.5647050003304,41.7663129996762],[-87.560442208643,41.766342498834],[-87.560473000196,41.7655240002141],[-87.5604528285263,41.7655081023476],[-87.5597756811601,41.7649744323934],[-87.55944861265,41.7647166647584],[-87.5595979997868,41.7645799996844],[-87.5632950001689,41.7626999997139],[-87.563767000172,41.7626530001982],[-87.5664500002277,41.7626189998713],[-87.5664870000376,41.7644350003124],[-87.5665060003042,41.7659900001973]]]},"properties":{"OBJECTID":13480,"GEOID":"17031430700","STATE":"17","COUNTY":"031","TRACT":"430700","NAME":"Census Tract 4307","Shape__Area":343745.03125,"Shape__Length":2388.9804677482848}},{"type":"Feature","id":13481,"geometry":{"type":"Polygon","coordinates":[[[-87.6642209999192,41.7794650002959],[-87.659361000146,41.7795429998855],[-87.6592160003811,41.7740780000279],[-87.661633000298,41.7740439997261],[-87.6640700003064,41.7740130000854],[-87.6642209999192,41.7794650002959]]]},"properties":{"OBJECTID":13481,"GEOID":"17031671100","STATE":"17","COUNTY":"031","TRACT":"671100","NAME":"Census Tract 6711","Shape__Area":440789.3359375,"Shape__Length":2711.5127496291225}},{"type":"Feature","id":13582,"geometry":{"type":"Polygon","coordinates":[[[-87.7240539999853,41.823134999921],[-87.7143190003705,41.8261890003077],[-87.7143100001496,41.8260529997616],[-87.7143290004162,41.8224349998972],[-87.7138759997814,41.8081799997612],[-87.7138719995834,41.8079920002145],[-87.714187000126,41.8079889997863],[-87.7223609999666,41.8078889999404],[-87.7223040000652,41.8060550000608],[-87.7235290002788,41.8060389997469],[-87.7235870000051,41.8078840001115],[-87.7240399997416,41.8225399998196],[-87.7240539999853,41.823134999921]]]},"properties":{"OBJECTID":13582,"GEOID":"17031570100","STATE":"17","COUNTY":"031","TRACT":"570100","NAME":"Census Tract 5701","Shape__Area":2740003.95703125,"Shape__Length":7804.0775451001564}},{"type":"Feature","id":13610,"geometry":{"type":"Polygon","coordinates":[[[-87.7987569997991,41.7229789997747],[-87.7983590003142,41.7228919999911],[-87.7973199998734,41.7206199999533],[-87.7973960000414,41.7229119996666],[-87.7897879999152,41.7230539999328],[-87.7899109999389,41.7266809996658],[-87.7900749999704,41.731334999911],[-87.790234999804,41.7313319999175],[-87.7939129999195,41.731264000253],[-87.7939980003083,41.7335859999343],[-87.7901410000926,41.7336579998922],[-87.789392999905,41.7336719998002],[-87.7798540001087,41.7338469997331],[-87.7801880000195,41.7334699996833],[-87.7801970002404,41.7268410001989],[-87.7800730003918,41.7232240002353],[-87.779992000201,41.7203379998625],[-87.7799389995992,41.7195999996741],[-87.7848079995932,41.7195130000092],[-87.7854160000387,41.7195050001189],[-87.7847859998518,41.7176839997594],[-87.7846650003764,41.7140220000622],[-87.7852019997785,41.7140110000273],[-87.7858339996151,41.7139979996788],[-87.7857959999803,41.7129469999477],[-87.7894530001794,41.7126309997385],[-87.7895529997386,41.7157560001891],[-87.7939949999353,41.7156639997001],[-87.7939849998895,41.7153610001833],[-87.7939239997902,41.7146110000954],[-87.7937530000859,41.7138359997068],[-87.7938660000638,41.7120009997278],[-87.7983740003828,41.7119039999632],[-87.7985130003,41.7172430000671],[-87.7986100003843,41.719299999824],[-87.7987569997991,41.7229789997747]]]},"properties":{"OBJECTID":13610,"GEOID":"17031822400","STATE":"17","COUNTY":"031","TRACT":"822400","NAME":"Census Tract 8224","Shape__Area":4308604.37109375,"Shape__Length":13111.280519076319}},{"type":"Feature","id":13612,"geometry":{"type":"Polygon","coordinates":[[[-87.5832599998663,41.6263100002278],[-87.5790970002272,41.6266069998292],[-87.578629000422,41.6299290000688],[-87.5785640001247,41.6338819998546],[-87.5783869996744,41.6343079999575],[-87.5783859998495,41.6343629997782],[-87.5784829999338,41.6447290001001],[-87.5640719997705,41.6446350002648],[-87.5637470000805,41.6379309999372],[-87.5640190000671,41.6300329997113],[-87.5652240001892,41.6301750002565],[-87.5656729997278,41.6300299996918],[-87.5712349996578,41.6299620003287],[-87.571160000213,41.6227499999505],[-87.5784329997051,41.6227199997166],[-87.5790770001357,41.6227199997166],[-87.5807829996749,41.6227009996732],[-87.5820749998357,41.6226820002957],[-87.5832289999041,41.6233210002861],[-87.5832389999499,41.6245210003286],[-87.5832599998663,41.6263100002278]]]},"properties":{"OBJECTID":13612,"GEOID":"17031825801","STATE":"17","COUNTY":"031","TRACT":"825801","NAME":"Census Tract 8258.01","Shape__Area":4737887.546875,"Shape__Length":10654.488208665287}},{"type":"Feature","id":13630,"geometry":{"type":"Polygon","coordinates":[[[-87.6699259999643,41.8121970000534],[-87.665063999643,41.8122220001895],[-87.6649730003047,41.8086040002609],[-87.6673950002445,41.8085819997829],[-87.669828000055,41.8085570002349],[-87.6698890001544,41.8107820001443],[-87.6699259999643,41.8121970000534]]]},"properties":{"OBJECTID":13630,"GEOID":"17031610400","STATE":"17","COUNTY":"031","TRACT":"610400","NAME":"Census Tract 6104","Shape__Area":293166.8671875,"Shape__Length":2165.943784600051}},{"type":"Feature","id":13631,"geometry":{"type":"Polygon","coordinates":[[[-87.5982690004294,41.7458670000861],[-87.5978490003048,41.7476909997837],[-87.5972350000115,41.7513689998328],[-87.5954909999391,41.751387000207],[-87.5949079996079,41.7550390000926],[-87.5957150002451,41.7568580000794],[-87.5930749998471,41.7568929999313],[-87.5912100002992,41.7555529997309],[-87.5900079996518,41.7546889999858],[-87.5858209997233,41.7516719997624],[-87.5858240000963,41.7515059999847],[-87.5857989999819,41.7441980002574],[-87.5857289996618,41.7405540002312],[-87.5856369996003,41.7369130002757],[-87.5893459996779,41.7368639997053],[-87.5902760003387,41.7368520000934],[-87.595307999641,41.7367830001032],[-87.5975890000138,41.740742999888],[-87.5987000004246,41.7440470002712],[-87.5982690004294,41.7458670000861]]]},"properties":{"OBJECTID":13631,"GEOID":"17031834300","STATE":"17","COUNTY":"031","TRACT":"834300","NAME":"Census Tract 8343","Shape__Area":3397014.40625,"Shape__Length":7979.9261592164894}},{"type":"Feature","id":13632,"geometry":{"type":"Polygon","coordinates":[[[-87.6257009997876,41.7946430000092],[-87.6208460000374,41.7947229996939],[-87.6207539999758,41.7910919999932],[-87.6206579997164,41.7874449999675],[-87.625513000365,41.7873619998522],[-87.6255619998704,41.7891869996795],[-87.6257009997876,41.7946430000092]]]},"properties":{"OBJECTID":13632,"GEOID":"17031400500","STATE":"17","COUNTY":"031","TRACT":"400500","NAME":"Census Tract 4005","Shape__Area":587666.37890625,"Shape__Length":3255.3334489181229}},{"type":"Feature","id":13638,"geometry":{"type":"Polygon","coordinates":[[[-87.6451769997634,41.4989449999141],[-87.6401179997987,41.499023999792],[-87.636597000042,41.4990020002956],[-87.6352930001857,41.4989809999129],[-87.635129999979,41.5025049999762],[-87.6258029998949,41.5025350002338],[-87.6210300001604,41.502553000247],[-87.6161770000599,41.5025640000658],[-87.616176000235,41.4989790003247],[-87.6161739996869,41.4986699999538],[-87.6161410000749,41.4916559998734],[-87.6287549995641,41.4916090001815],[-87.6309430000505,41.4916059997848],[-87.6341800001251,41.4916049998768],[-87.6343190000422,41.4915989997559],[-87.6350399995674,41.4915880000933],[-87.6367290002865,41.4915829998791],[-87.6393460002199,41.4915190003325],[-87.6451390001286,41.4915609998739],[-87.6451590002201,41.4948989998875],[-87.6451769997634,41.4989449999141]]]},"properties":{"OBJECTID":13638,"GEOID":"17031829100","STATE":"17","COUNTY":"031","TRACT":"829100","NAME":"Census Tract 8291","Shape__Area":4664491.6328125,"Shape__Length":9681.3571505105519}},{"type":"Feature","id":13646,"geometry":{"type":"Polygon","coordinates":[[[-87.6342710003617,41.6261800000238],[-87.6339730004358,41.6267190001467],[-87.632313000029,41.6298380001601],[-87.6208369998165,41.6298829999023],[-87.6172059995566,41.629901000059],[-87.6172099997546,41.6335119998983],[-87.6172170003256,41.6390180000603],[-87.6172220003485,41.6441459999374],[-87.6172270003714,41.6445820002686],[-87.6143970000026,41.6445999996769],[-87.6099060003004,41.6412429998921],[-87.6099289998666,41.6406669997513],[-87.6049519999176,41.6370969999868],[-87.6026999998571,41.6357990003014],[-87.6026999998571,41.630680000233],[-87.6026699997199,41.6265659998323],[-87.6026410003059,41.6225749998443],[-87.6087160002469,41.6226060000436],[-87.6098359999802,41.6226149997954],[-87.6122599995698,41.622625000115],[-87.6171179996931,41.6226570001873],[-87.6207559996257,41.6226409998174],[-87.6244029997791,41.6226380001253],[-87.6272130000564,41.6226289997052],[-87.6318119997136,41.6226170002623],[-87.6361970000089,41.6226100003065],[-87.6342710003617,41.6261800000238]]]},"properties":{"OBJECTID":13646,"GEOID":"17031826500","STATE":"17","COUNTY":"031","TRACT":"826500","NAME":"Census Tract 8265","Shape__Area":6436766.546875,"Shape__Length":12925.952504149858}},{"type":"Feature","id":13665,"geometry":{"type":"Polygon","coordinates":[[[-87.7056690003288,41.8664050002769],[-87.700787999741,41.8664559998009],[-87.6959070000514,41.8665109997666],[-87.6956919999663,41.8592210003124],[-87.6955689999426,41.8555519997224],[-87.699212999723,41.8555050000322],[-87.7029290003717,41.8554510002601],[-87.7028919996634,41.8541830001646],[-87.7042159996112,41.8536029997626],[-87.7053069999305,41.8535869999539],[-87.7054299999542,41.857977999692],[-87.7029390004174,41.8588409996844],[-87.7054559998935,41.8590840001385],[-87.7055570001758,41.8625100002458],[-87.7056690003288,41.8664050002769]]]},"properties":{"OBJECTID":13665,"GEOID":"17031843100","STATE":"17","COUNTY":"031","TRACT":"843100","NAME":"Census Tract 8431","Shape__Area":1828534.87890625,"Shape__Length":6366.0697848930977}},{"type":"Feature","id":13678,"geometry":{"type":"Polygon","coordinates":[[[-87.7930280003628,41.8395689996699],[-87.7881350000794,41.8396590001939],[-87.788186999958,41.8415010002458],[-87.7882389998365,41.8433309997005],[-87.7833420002535,41.8433970000985],[-87.7833949999569,41.8452270002021],[-87.7834460000105,41.8470529997993],[-87.7785360000087,41.8471269997484],[-87.7784869996049,41.8452980002371],[-87.7784370002745,41.84346999978],[-87.7784220002059,41.8430089999258],[-87.7783829998478,41.8416410001257],[-87.7783490004109,41.8398140001305],[-87.7783279995962,41.8380539999589],[-87.7781069996633,41.8322989997671],[-87.7829609995886,41.8306079999994],[-87.7853819997035,41.8297669998793],[-87.7855680003747,41.8351250002848],[-87.7928419996917,41.8334950002702],[-87.7929239997075,41.835944999766],[-87.7929499996467,41.8368779999521],[-87.7929749997611,41.8377789997635],[-87.7930280003628,41.8395689996699]]]},"properties":{"OBJECTID":13678,"GEOID":"17031815200","STATE":"17","COUNTY":"031","TRACT":"815200","NAME":"Census Tract 8152","Shape__Area":2611312.82421875,"Shape__Length":8396.1110067084828}},{"type":"Feature","id":13679,"geometry":{"type":"Polygon","coordinates":[[[-87.9033620003881,41.8998300002797],[-87.8984020001576,41.8999900001373],[-87.8983960003098,41.9008140001429],[-87.898386000264,41.9017759996838],[-87.8935640001257,41.9018720003314],[-87.8935120002472,41.9027630003122],[-87.888681999713,41.9028080002515],[-87.8886969997816,41.9011400000219],[-87.8872819995972,41.9001639999286],[-87.8874769995909,41.9000050001034],[-87.8874530001998,41.8984080001118],[-87.8850560003743,41.8974019999115],[-87.8836279997711,41.8971739999803],[-87.881360999642,41.8969499998183],[-87.8799329999371,41.8971120001574],[-87.879641999684,41.9000019999767],[-87.8787579999522,41.9007549999335],[-87.8788049998079,41.9034450002254],[-87.8757719999478,41.9035099998791],[-87.8739729996239,41.9049220002162],[-87.8733750001224,41.9056579999945],[-87.8727829995704,41.9060039999615],[-87.870425000103,41.9078039997616],[-87.8644420002235,41.9079029997924],[-87.8643419997661,41.9040859999977],[-87.8642370001841,41.9003420002851],[-87.8641540003434,41.8975740001303],[-87.8640870003963,41.8948090000615],[-87.8640129998781,41.8929230001791],[-87.8784850001408,41.8927440001633],[-87.8835180001662,41.8924070000088],[-87.8882630003117,41.8924300001454],[-87.8955109996894,41.8926510003082],[-87.9031149996176,41.8934249997216],[-87.9033380000987,41.8995259997131],[-87.9033620003881,41.8998300002797]]]},"properties":{"OBJECTID":13679,"GEOID":"17031816500","STATE":"17","COUNTY":"031","TRACT":"816500","NAME":"Census Tract 8165","Shape__Area":6255223.453125,"Shape__Length":14079.37350197559}},{"type":"Feature","id":13680,"geometry":{"type":"Polygon","coordinates":[[[-87.626130000133,41.8110540002],[-87.6212600003142,41.8111249999801],[-87.6196419997402,41.8111510001817],[-87.6195930002347,41.8093359998065],[-87.6260849999272,41.8092360000545],[-87.626130000133,41.8110540002]]]},"properties":{"OBJECTID":13680,"GEOID":"17031381500","STATE":"17","COUNTY":"031","TRACT":"381500","NAME":"Census Tract 3815","Shape__Area":195980.2265625,"Shape__Length":1987.9183358034552}},{"type":"Feature","id":13681,"geometry":{"type":"Polygon","coordinates":[[[-87.7656539998326,41.9021449999424],[-87.7638250002697,41.9021640003275],[-87.7609320001517,41.9021920001104],[-87.758245999723,41.9022210001114],[-87.7557739995545,41.9022489998694],[-87.7556899998889,41.8985829998207],[-87.7555989996523,41.8949359998027],[-87.7593360002174,41.8949009997728],[-87.7606430004467,41.8948899999888],[-87.7635680003518,41.8948670000694],[-87.7653950002648,41.8948540002567],[-87.7655249999612,41.8984969997906],[-87.7656539998326,41.9021449999424]]]},"properties":{"OBJECTID":13681,"GEOID":"17031251200","STATE":"17","COUNTY":"031","TRACT":"251200","NAME":"Census Tract 2512","Shape__Area":1196291.22265625,"Shape__Length":4375.1868708916072}},{"type":"Feature","id":13785,"geometry":{"type":"Polygon","coordinates":[[[-87.6598659997611,41.9763229996759],[-87.6587850003859,41.9763379997295],[-87.6564160001495,41.9763740002444],[-87.6557130001677,41.9763850000081],[-87.6549929995692,41.9763959997699],[-87.6549280001702,41.9733130002498],[-87.6548839997892,41.9715800000393],[-87.6548219998649,41.9690899998558],[-87.6576249995713,41.9690520001977],[-87.6596699999425,41.9690250002159],[-87.6597360000647,41.9714580002712],[-87.6597839997453,41.9732450002215],[-87.659838000172,41.9752079998245],[-87.6598659997611,41.9763229996759]]]},"properties":{"OBJECTID":13785,"GEOID":"17031031200","STATE":"17","COUNTY":"031","TRACT":"031200","NAME":"Census Tract 312","Shape__Area":591418.37890625,"Shape__Length":3269.390353160853}},{"type":"Feature","id":13817,"geometry":{"type":"Polygon","coordinates":[[[-87.6545020001978,41.7796080002525],[-87.6520719998621,41.7796439998916],[-87.6496430002496,41.7796740000219],[-87.6461740003714,41.7797290002244],[-87.6447859999512,41.7797509998903],[-87.6447039999354,41.7765469997587],[-87.6446589997296,41.7749499996791],[-87.6445969998053,41.7724719998641],[-87.6458129997981,41.7724550002948],[-87.647023999768,41.7724399998828],[-87.6482349997379,41.7724209998026],[-87.6518819998913,41.7723690001184],[-87.6543099996789,41.7723329997455],[-87.6544019997404,41.7759739999975],[-87.6545020001978,41.7796080002525]]]},"properties":{"OBJECTID":13817,"GEOID":"17031681000","STATE":"17","COUNTY":"031","TRACT":"681000","NAME":"Census Tract 681","Shape__Area":1174416.48828125,"Shape__Length":4336.1428350400383}},{"type":"Feature","id":13818,"geometry":{"type":"Polygon","coordinates":[[[-87.5451969996692,41.7008849999115],[-87.543823000391,41.7027629997662],[-87.5413420000017,41.702756999794],[-87.5413389996286,41.7045829996951],[-87.5413389996286,41.7081920000087],[-87.535288999802,41.7082169997878],[-87.5352860003273,41.7063919997509],[-87.5352849996041,41.704564000319],[-87.5352839997791,41.7027339998954],[-87.5352829999542,41.7009220001376],[-87.5352810003044,41.6991029999295],[-87.5352829999542,41.6972960002111],[-87.5352820001293,41.695473999741],[-87.5401000000696,41.6954939998989],[-87.5444219997174,41.695517999812],[-87.5451609996842,41.6954629998862],[-87.5451969996692,41.7008849999115]]]},"properties":{"OBJECTID":13818,"GEOID":"17031520300","STATE":"17","COUNTY":"031","TRACT":"520300","NAME":"Census Tract 5203","Shape__Area":1719726.1484375,"Shape__Length":5887.62809197704}},{"type":"Feature","id":13824,"geometry":{"type":"Polygon","coordinates":[[[-87.6057689997022,41.7731409997545],[-87.6009020002564,41.7731880002967],[-87.59604099976,41.7732359997029],[-87.5929140001886,41.7732679999571],[-87.5922210002526,41.7732750002828],[-87.5928449996933,41.7705649998194],[-87.5924449996602,41.7660110002045],[-87.5938260004078,41.7660039997562],[-87.5933739995978,41.7641770000141],[-87.5933240002674,41.7623540001352],[-87.5947200001853,41.7623449998114],[-87.5951300002641,41.7605560002476],[-87.5955229997262,41.7586960002406],[-87.5956139999628,41.7586960002406],[-87.5982230003986,41.7586519998601],[-87.6017259997137,41.7586219999488],[-87.6053910003087,41.7585799997815],[-87.605489000218,41.7622300003278],[-87.6055269998529,41.7639779998518],[-87.6055860003024,41.7658809999854],[-87.6056619995721,41.768501000099],[-87.6057269998694,41.7713219997246],[-87.6057689997022,41.7731409997545]]]},"properties":{"OBJECTID":13824,"GEOID":"17031841800","STATE":"17","COUNTY":"031","TRACT":"841800","NAME":"Census Tract 8418","Shape__Area":2933671.7734375,"Shape__Length":7282.5139883979582}},{"type":"Feature","id":13844,"geometry":{"type":"Polygon","coordinates":[[[-87.6603389995891,41.9922860000609],[-87.6582849998953,41.9923170001413],[-87.6575979998071,41.9927730002244],[-87.6575839995634,41.9923269996686],[-87.6561859999957,41.9923480002065],[-87.6554570000747,41.9923589998814],[-87.6545938277828,41.9923711025261],[-87.6543675026368,41.9910861663083],[-87.6542169207407,41.9902312528173],[-87.6542116242738,41.9902011824687],[-87.6542016457876,41.9901445343721],[-87.6553859999296,41.9901059997766],[-87.6561120003759,41.990094000192],[-87.6575130003166,41.9900690001599],[-87.6602659997942,41.9900020001857],[-87.6603389995891,41.9922860000609]]]},"properties":{"OBJECTID":13844,"GEOID":"17031030101","STATE":"17","COUNTY":"031","TRACT":"030101","NAME":"Census Tract 301.01","Shape__Area":225304.359375,"Shape__Length":2084.9271368053746}},{"type":"Feature","id":14207,"geometry":{"type":"Polygon","coordinates":[[[-87.5801090000054,41.5208060001658],[-87.577788000348,41.5207989999301],[-87.5728669995771,41.5208649997198],[-87.5707369997154,41.5208909997],[-87.5679490000777,41.5209260001483],[-87.5583409997861,41.5210349998668],[-87.5582939999305,41.5158479998895],[-87.5582860004329,41.5148590001683],[-87.5582760003871,41.5138160001003],[-87.558273999839,41.5135959998963],[-87.5582229997854,41.5073019999332],[-87.5582250003335,41.5064819998239],[-87.5531939999578,41.5065060001715],[-87.5437160002609,41.5064799997945],[-87.5336440003621,41.5064750000572],[-87.5316669997629,41.5039090000924],[-87.5293779998925,41.5009030002152],[-87.5291760002262,41.4988959998648],[-87.5255718703731,41.4988760678702],[-87.5255629276444,41.4946344664885],[-87.5264949998203,41.4948139998648],[-87.5291319998452,41.4950600002343],[-87.5308869997883,41.4952329997512],[-87.540153999598,41.4959160000091],[-87.5438989996607,41.4949850003273],[-87.5469959999932,41.4925339999051],[-87.5525739998167,41.4917890001771],[-87.5557609996626,41.4919310000076],[-87.5580549995559,41.4913180000839],[-87.5632690002297,41.4896810003363],[-87.5654919999778,41.4888979999992],[-87.5675919997023,41.4883589999425],[-87.5703850002612,41.4882040001997],[-87.5717979998975,41.4880070002866],[-87.5775590000191,41.487087999718],[-87.5777139998298,41.4986360000538],[-87.5777609996855,41.5027029999389],[-87.5777790001271,41.5062529997595],[-87.5778329996555,41.5135399998228],[-87.5779330001129,41.5151560000549],[-87.5783900000474,41.5172180003325],[-87.5790350003029,41.5188659999486],[-87.5801090000054,41.5208060001658]]]},"properties":{"OBJECTID":14207,"GEOID":"17031828503","STATE":"17","COUNTY":"031","TRACT":"828503","NAME":"Census Tract 8285.03","Shape__Area":16516903.94140625,"Shape__Length":20771.515551493867}},{"type":"Feature","id":14277,"geometry":{"type":"Polygon","coordinates":[[[-87.6050840001621,41.7457979997285],[-87.6013919998028,41.7458360002357],[-87.5988950004183,41.7454070000994],[-87.598938000076,41.7458590001262],[-87.5982690004294,41.7458670000861],[-87.5987000004246,41.7440470002712],[-87.5975890000138,41.740742999888],[-87.595307999641,41.7367830001032],[-87.600544999881,41.736707999884],[-87.6011879995883,41.7366979998481],[-87.6048230000462,41.7366489997841],[-87.6049269998033,41.7402700003323],[-87.6050330001084,41.7439699997731],[-87.6050840001621,41.7457979997285]]]},"properties":{"OBJECTID":14277,"GEOID":"17031440102","STATE":"17","COUNTY":"031","TRACT":"440102","NAME":"Census Tract 4401.02","Shape__Area":1126635.1171875,"Shape__Length":4689.9880206255993}},{"type":"Feature","id":14278,"geometry":{"type":"Polygon","coordinates":[[[-87.7318510002574,41.8441520002433],[-87.7310429997953,41.8441630000617],[-87.7311149997653,41.8473139997538],[-87.7246849999971,41.8487739999287],[-87.7246520003851,41.847910000196],[-87.7246149996769,41.8460850000698],[-87.7245529997526,41.8442549997462],[-87.7244990002243,41.8424099998498],[-87.7311879995602,41.8423209996785],[-87.7318510002574,41.8441520002433]]]},"properties":{"OBJECTID":14278,"GEOID":"17031301802","STATE":"17","COUNTY":"031","TRACT":"301802","NAME":"Census Tract 3018.02","Shape__Area":627712.05078125,"Shape__Length":3288.5368448948752}},{"type":"Feature","id":14308,"geometry":{"type":"Polygon","coordinates":[[[-87.625465999611,41.7855370003183],[-87.6206130004089,41.78561499989],[-87.6157600003084,41.7856990003017],[-87.6156720004449,41.7820739998095],[-87.6156220002162,41.7802389998555],[-87.6204119996691,41.7801080002034],[-87.6208340003418,41.7800580003167],[-87.6253750002727,41.7800580003167],[-87.6254039996867,41.7832100002638],[-87.625465999611,41.7855370003183]]]},"properties":{"OBJECTID":14308,"GEOID":"17031400800","STATE":"17","COUNTY":"031","TRACT":"400800","NAME":"Census Tract 4008","Shape__Area":888519.296875,"Shape__Length":3800.6584959652191}},{"type":"Feature","id":14371,"geometry":{"type":"Polygon","coordinates":[[[-87.5529400004129,41.7446369999002],[-87.5514969997411,41.7446580001927],[-87.5514180000984,41.7446590002064],[-87.5466849996486,41.7447180003201],[-87.5454760002268,41.7447339998531],[-87.541836999571,41.7447590001627],[-87.5417350003621,41.7393349998769],[-87.5453599998759,41.7392809999969],[-87.5453110003704,41.7374630001047],[-87.5486730001184,41.7374179997898],[-87.5514309996189,41.7373780000793],[-87.5514649999541,41.7392000000916],[-87.5514959999162,41.7410189998132],[-87.5515229996804,41.7420670000615],[-87.5517339995676,41.7434670002363],[-87.5529400004129,41.7446369999002]]]},"properties":{"OBJECTID":14371,"GEOID":"17031460200","STATE":"17","COUNTY":"031","TRACT":"460200","NAME":"Census Tract 4602","Shape__Area":1083039.76953125,"Shape__Length":4531.7125842238156}},{"type":"Feature","id":14463,"geometry":{"type":"Polygon","coordinates":[[[-87.8160109998517,41.9233390001113],[-87.8135679999955,41.9233840002509],[-87.8123510001778,41.9233959997035],[-87.8081430003328,41.923459999865],[-87.8062260000081,41.9230930003022],[-87.806122000251,41.9198559998262],[-87.8060050000752,41.9161890000826],[-87.8058910002723,41.9125330002949],[-87.805825999975,41.910706000182],[-87.8057480001572,41.9089039997257],[-87.8118880003955,41.9087750000977],[-87.8130950001675,41.908755000215],[-87.813215999643,41.9124109998055],[-87.8133339996438,41.9160669998967],[-87.8134550000176,41.919721999825],[-87.8158929998509,41.9196800003155],[-87.8160109998517,41.9233390001113]]]},"properties":{"OBJECTID":14463,"GEOID":"17031810900","STATE":"17","COUNTY":"031","TRACT":"810900","NAME":"Census Tract 8109","Shape__Area":1926686.07421875,"Shape__Length":6498.0310005258079}},{"type":"Feature","id":14482,"geometry":{"type":"Polygon","coordinates":[[[-87.7558949999283,41.9157090000983],[-87.7528579998703,41.9153259996759],[-87.7493599996798,41.9149079998695],[-87.7485739998573,41.9148009997413],[-87.7460099996273,41.9144930001138],[-87.7459900004341,41.9139239999638],[-87.7459400002054,41.9123749999235],[-87.7459130004412,41.9107099999031],[-87.7461140002827,41.909626000133],[-87.7510350001552,41.9095630002513],[-87.7526469999831,41.9095409997155],[-87.7557960001941,41.9095009997552],[-87.7556759996452,41.9099670001112],[-87.755728000422,41.9113369997149],[-87.7558949999283,41.9157090000983]]]},"properties":{"OBJECTID":14482,"GEOID":"17031250200","STATE":"17","COUNTY":"031","TRACT":"250200","NAME":"Census Tract 2502","Shape__Area":902679.69140625,"Shape__Length":3853.2740116706223}}]}