{"type":"FeatureCollection","features":[{"type":"Feature","geometry":{"type":"Point","coordinates":[-87.57699,41.7516,0]},"properties":{"name":"Prodigy Child, Inc.","description":{"@type":"html","value":"\n<b>Applicant:</b> Shonzette Cheeks<br/>\n<b>Address:</b> 1932.0 E 79th St<br/>\n<b>Ward:</b> 8<br/>\n<b>Community Area:</b> South Shore<br/>\n<b>TIF District:</b> Avalon Park/South Shore<br/>\n<br/>\n<b>Incentive Amount:</b> $50,000<br/>\n<b>Total Project Cost:</b> $78,555<br/>\n<b>Completion Date:</b> 08/24/2016<br/>\n<b>Property Type:</b> Commercial<br/>\n<br/>\n<b>Project Description:</b><br/>\nAn interior buildout for the daycare center including framing and drywall work, rough plumbing work for restroom and drinking fountain and installing a new furnace with connections to existing duct work, an interior buildout for the daycare center including framing and drywall work, rough plumbing work for restroom and drinking fountain and installing a new furnace with connections to existing duct work.\n<br/><br/>\n<i>SBIF provides grants of $10K-$100K for facade improvements, signage, equipment, and interior buildouts in TIF districts.</i>\n"},"styleUrl":"#sbif_project","label-scale":0.7,"icon-opacity":1,"icon-color":"#00ff00","icon-scale":0.8,"icon":"http://maps.google.com/mapfiles/kml/paddle/grn-circle.png"}},{"type":"Feature","geometry":{"type":"Point","coordinates":[-87.60486,41.73786,0]},"properties":{"name":"Venetta Carter","description":{"@type":"html","value":"\n<b>Applicant:</b> Venetta Carter<br/>\n<b>Address:</b> 8619.0 S Cottage Grove Ave<br/>\n<b>Ward:</b> 8<br/>\n<b>Community Area:</b> Chatham<br/>\n<b>TIF District:</b> 87th/Cottage Grove<br/>\n<br/>\n<b>Incentive Amount:</b> $18,047.7<br/>\n<b>Total Project Cost:</b> $36,460<br/>\n<b>Completion Date:</b> 03/15/2021<br/>\n<b>Property Type:</b> Mixed-Use: Retail and Commercial<br/>\n<br/>\n<b>Project Description:</b><br/>\nInstallation of 3 storefront systems including new windows, doors and framing.\n<br/><br/>\n<i>SBIF provides grants of $10K-$100K for facade improvements, signage, equipment, and interior buildouts in TIF districts.</i>\n"},"styleUrl":"#sbif_project","label-scale":0.7,"icon-opacity":1,"icon-color":"#00ff00","icon-scale":0.8,"icon":"http://maps.google.com/mapfiles/kml/paddle/grn-circle.png"}},{"type":"Feature","geometry":{"type":"Point","coordinates":[-87.60486,41.73786,0]},"properties":{"name":"Venetta Carter","description":{"@type":"html","value":"\n<b>Applicant:</b> Venetta Carter<br/>\n<b>Address:</b> 8619.0 S Cottage Grove Ave<br/>\n<b>Ward:</b> 8<br/>\n<b>Community Area:</b> Chatham<br/>\n<b>TIF District:</b> 87th/Cottage Grove<br/>\n<br/>\n<b>Incentive Amount:</b> $18,047.7<br/>\n<b>Total Project Cost:</b> $36,460<br/>\n<b>Completion Date:</b> 05/05/2021<br/>\n<b>Property Type:</b> General Commercial<br/>\n<br/>\n<b>Project Description:</b><br/>\nInstallation of 3 storefront systems including new windows, doors and framing.\n<br/><br/>\n<i>SBIF provides grants of $10K-$100K for facade improvements, signage, equipment, and interior buildouts in TIF districts.</i>\n"},"styleUrl":"#sbif_project","label-scale":0.7,"icon-opacity":1,"icon-color":"#00ff00","icon-scale":0.8,"icon":"http://maps.google.com/mapfiles/kml/paddle/grn-circle.png"}},{"type":"Feature","geometry":{"type":"Point","coordinates":[-87.60485,41.74743,0]},"properties":{"name":"Cottage Cleaners, Inc.","description":{"@type":"html","value":"\n<b>Applicant:</b> Mohammad Shariff<br/>\n<b>Address:</b> 8111.0 S Cottage Grove Ave<br/>\n<b>Ward:</b> 8<br/>\n<b>Community Area:</b> Chatham<br/>\n<b>TIF District:</b> 87th/Cottage Grove<br/>\n<br/>\n<b>Incentive Amount:</b> $46,125<br/>\n<b>Total Project Cost:</b> $61,500<br/>\n<b>Completion Date:</b> 03/03/2023<br/>\n<b>Property Type:</b> General Commercial<br/>\n<br/>\n<b>Project Description:</b><br/>\nInstallation of a new roof layer over the existing roofing system with the application of modified bitumen membrane, and new flashings; HVAC improvements including the installation of a new power burner tubeless boiler with a return system, and the replacement of the main electrical panel.\n<br/><br/>\n<i>SBIF provides grants of $10K-$100K for facade improvements, signage, equipment, and interior buildouts in TIF districts.</i>\n"},"styleUrl":"#sbif_project","label-scale":0.7,"icon-opacity":1,"icon-color":"#00ff00","icon-scale":0.8,"icon":"http://maps.google.com/mapfiles/kml/paddle/grn-circle.png"}},{"type":"Feature","geometry":{"type":"Point","coordinates":[-87.60134,41.75131,0]},"properties":{"name":"Food Town","description":{"@type":"html","value":"\n<b>Applicant:</b> Fahed Sweilem<br/>\n<b>Address:</b> 935.0 E 79th St<br/>\n<b>Ward:</b> 8<br/>\n<b>Community Area:</b> Chatham<br/>\n<b>TIF District:</b> 87th/Cottage Grove<br/>\n<br/>\n<b>Incentive Amount:</b> $88,462.5<br/>\n<b>Total Project Cost:</b> $117,950<br/>\n<b>Completion Date:</b> 03/24/2017<br/>\n<b>Property Type:</b> Commercial<br/>\n<br/>\n<b>Project Description:</b><br/>\nRemoval of the existing roofing system, repairing of the decking and parapet walls as needed, and the installation of a new rubber roofing system; masonry work including tuckpointing and replacement of bricks as needed along the east and west elevations; and the installation of a new storefront vestibule with an aluminum frame, windows and doors.\n<br/><br/>\n<i>SBIF provides grants of $10K-$100K for facade improvements, signage, equipment, and interior buildouts in TIF districts.</i>\n"},"styleUrl":"#sbif_project","label-scale":0.7,"icon-opacity":1,"icon-color":"#00ff00","icon-scale":0.8,"icon":"http://maps.google.com/mapfiles/kml/paddle/grn-circle.png"}},{"type":"Feature","geometry":{"type":"Point","coordinates":[-87.58359,41.73692,0]},"properties":{"name":"Essential Elements - Chicago, LTD.","description":{"@type":"html","value":"\n<b>Applicant:</b> Melanie Whaley<br/>\n<b>Address:</b> 1640.0 E 87th St<br/>\n<b>Ward:</b> 8<br/>\n<b>Community Area:</b> Avalon Park<br/>\n<b>TIF District:</b> Stony Island/Burnside<br/>\n<br/>\n<b>Incentive Amount:</b> $46,995.75<br/>\n<b>Total Project Cost:</b> $67,689.75<br/>\n<b>Completion Date:</b> 03/30/2015<br/>\n<b>Property Type:</b> Commercial<br/>\n<br/>\n<b>Project Description:</b><br/>\nInstallation of a new recessed storefront system including window display cases, new entry doors, carpeting in recessed area, exterior lighting, and a new masonry knee wall below windows; HVAC improvements including replacement of old furnace with new high efficiency furnace, new HVAC supply lines, new dehumidifier and associated electrical work; weatherization of rear entry door; new carpeting throughout the store, painting and finishing work, installation of a new LED back-lit channel letter sign including electrical supply for sign, and installation of a new awning; additional expenses included installation of an electrical rolling shutter security system on storefront (ineligible for SBIF funds).\n<br/><br/>\n<i>SBIF provides grants of $10K-$100K for facade improvements, signage, equipment, and interior buildouts in TIF districts.</i>\n"},"styleUrl":"#sbif_project","label-scale":0.7,"icon-opacity":1,"icon-color":"#00ff00","icon-scale":0.8,"icon":"http://maps.google.com/mapfiles/kml/paddle/grn-circle.png"}},{"type":"Feature","geometry":{"type":"Point","coordinates":[-87.6046,41.72704,0]},"properties":{"name":"Chesterfield Tom Thumb Daycare","description":{"@type":"html","value":"\n<b>Applicant:</b> Britt Savage<br/>\n<b>Address:</b> 9214.0 S Cottage Grove Ave<br/>\n<b>Ward:</b> 9<br/>\n<b>Community Area:</b> Chatham<br/>\n<b>TIF District:</b> 87th/Cottage Grove<br/>\n<br/>\n<b>Incentive Amount:</b> $5,539.5<br/>\n<b>Total Project Cost:</b> $11,079<br/>\n<b>Completion Date:</b> 07/16/2009<br/>\n<b>Property Type:</b> Commercial<br/>\n<br/>\n<b>Project Description:</b><br/>\nAwning with signage, sewer repair, steam boiler, boiler.\n<br/><br/>\n<i>SBIF provides grants of $10K-$100K for facade improvements, signage, equipment, and interior buildouts in TIF districts.</i>\n"},"styleUrl":"#sbif_project","label-scale":0.7,"icon-opacity":1,"icon-color":"#00ff00","icon-scale":0.8,"icon":"http://maps.google.com/mapfiles/kml/paddle/grn-circle.png"}},{"type":"Feature","geometry":{"type":"Point","coordinates":[-87.54163,41.72845,0]},"properties":{"name":"Paket Corp","description":{"@type":"html","value":"\n<b>Applicant:</b> Mark O&apos;Malley<br/>\n<b>Address:</b> 9165.0 S Lake Shore Dr<br/>\n<b>Ward:</b> 10<br/>\n<b>Community Area:</b> South Chicago<br/>\n<b>TIF District:</b> South Chicago<br/>\n<br/>\n<b>Incentive Amount:</b> $143,104.59<br/>\n<b>Total Project Cost:</b> $449,799.98<br/>\n<b>Completion Date:</b> 08/29/2023<br/>\n<b>Property Type:</b> Industrial<br/>\n<br/>\n<b>Project Description:</b><br/>\nExterior renovations including roofing repairs, electrical upgrades, HVAC work, new restroom space, and architectural services.\n<br/><br/>\n<i>SBIF provides grants of $10K-$100K for facade improvements, signage, equipment, and interior buildouts in TIF districts.</i>\n"},"styleUrl":"#sbif_project","label-scale":0.7,"icon-opacity":1,"icon-color":"#00ff00","icon-scale":0.8,"icon":"http://maps.google.com/mapfiles/kml/paddle/grn-circle.png"}},{"type":"Feature","geometry":{"type":"Point","coordinates":[-87.58524,41.73809,0]},"properties":{"name":"Flowers Unlimited & Gifts, Inc.","description":{"@type":"html","value":"\n<b>Applicant:</b> Rainier Fortineaux<br/>\n<b>Address:</b> 8621.0 S Stony Island Ave<br/>\n<b>Ward:</b> 8<br/>\n<b>Community Area:</b> Avalon Park<br/>\n<b>TIF District:</b> Stony Island/Burnside<br/>\n<br/>\n<b>Incentive Amount:</b> $26,280.9<br/>\n<b>Total Project Cost:</b> $29,201<br/>\n<b>Completion Date:</b> 01/22/2024<br/>\n<b>Property Type:</b> General Commercial<br/>\n<br/>\n<b>Project Description:</b><br/>\nMasonry work to include removal and replacement of buff face brick (Lannon stone), install steel lintels; install interior security rolling shutters, install new vinyl flooring in front work area, new baseboards, new porcelain floor tile in rear work area.\n<br/><br/>\n<i>SBIF provides grants of $10K-$100K for facade improvements, signage, equipment, and interior buildouts in TIF districts.</i>\n"},"styleUrl":"#sbif_project","label-scale":0.7,"icon-opacity":1,"icon-color":"#00ff00","icon-scale":0.8,"icon":"http://maps.google.com/mapfiles/kml/paddle/grn-circle.png"}},{"type":"Feature","geometry":{"type":"Point","coordinates":[-87.55008,41.73006,0]},"properties":{"name":"South Chicago Art Center, NFP dba SkyArt","description":{"@type":"html","value":"\n<b>Applicant:</b> Sarah Ward<br/>\n<b>Address:</b> 3026.0 E 91st St<br/>\n<b>Ward:</b> 10<br/>\n<b>Community Area:</b> South Chicago<br/>\n<b>TIF District:</b> Commercial Avenue<br/>\n<br/>\n<b>Incentive Amount:</b> $100,000<br/>\n<b>Total Project Cost:</b> $505,863<br/>\n<b>Completion Date:</b> 01/20/2016<br/>\n<b>Property Type:</b> Commercial<br/>\n<br/>\n<b>Project Description:</b><br/>\nTear off of roof, new decking, plywood, insulation, cover board, and a 60 mil TPO membrane system; mechanical HVAC work including installation of two (2) 7.5 ton RTUs and forced air ductwork system throughout the interior, completion of the buildout including finishing of roofing work (tear off, new decking, plywood, insulation, cover board, and a 60 mil TPO membrane system) and new mechanical HVAC work (installation of two (2) 7.5 ton RTUs and forced air ductwork system throughout the interior).\n<br/><br/>\n<i>SBIF provides grants of $10K-$100K for facade improvements, signage, equipment, and interior buildouts in TIF districts.</i>\n"},"styleUrl":"#sbif_project","label-scale":0.7,"icon-opacity":1,"icon-color":"#00ff00","icon-scale":0.8,"icon":"http://maps.google.com/mapfiles/kml/paddle/grn-circle.png"}},{"type":"Feature","geometry":{"type":"Point","coordinates":[-87.55127,41.7315,0]},"properties":{"name":"South Chicago Sleep Lab","description":{"@type":"html","value":"\n<b>Applicant:</b> Sudeep Bisla<br/>\n<b>Address:</b> 9011.0 S Commercial Ave<br/>\n<b>Ward:</b> 10<br/>\n<b>Community Area:</b> South Chicago<br/>\n<b>TIF District:</b> Commercial Avenue<br/>\n<br/>\n<b>Incentive Amount:</b> $100,000<br/>\n<b>Total Project Cost:</b> $139,280<br/>\n<b>Completion Date:</b> 11/09/2022<br/>\n<b>Property Type:</b> General Commercial<br/>\n<br/>\n<b>Project Description:</b><br/>\nExterior renovations including complete roof tear off, new insulation, new modified bitumen membrane, silver paint to seal, and installation of new gutters and downspouts; masonry work including rebuilding the parapet walls, install new clay copings, power-washing, tuck-pointing and seal masonry walls with breathable masonry paint to prevent trapped moisture and long-term brick erosion, replace west elevation lintels, repair limestone; install a new aluminum storefront window and door system, install new commercial grade handicap accessible door at west elevation, demolish existing concrete ADA accessible ramp and reinstall with new concrete and existing railing system; replace rear elevation steel staircase.\n<br/><br/>\n<i>SBIF provides grants of $10K-$100K for facade improvements, signage, equipment, and interior buildouts in TIF districts.</i>\n"},"styleUrl":"#sbif_project","label-scale":0.7,"icon-opacity":1,"icon-color":"#00ff00","icon-scale":0.8,"icon":"http://maps.google.com/mapfiles/kml/paddle/grn-circle.png"}},{"type":"Feature","geometry":{"type":"Point","coordinates":[-87.60472,41.73193,0]},"properties":{"name":"LP's Wash-O-Matic","description":{"@type":"html","value":"\n<b>Applicant:</b> Lalita Fields<br/>\n<b>Address:</b> 8923.0 S Cottage Grove Ave<br/>\n<b>Ward:</b> 8<br/>\n<b>Community Area:</b> Chatham<br/>\n<b>TIF District:</b> 87th/Cottage Grove<br/>\n<br/>\n<b>Incentive Amount:</b> $30,758.96<br/>\n<b>Total Project Cost:</b> $41,251.94<br/>\n<b>Completion Date:</b> 08/07/2018<br/>\n<b>Property Type:</b> Commercial<br/>\n<br/>\n<b>Project Description:</b><br/>\nInstallation of concrete slab for proper support, installation of new floor joists and floor tiles;, installation of concrete slab for proper support, installation of new floor joists and floor tiles; placed new footings in basement and 6&apos;&apos; slab on main floor, drilled to floor joist to make one unit. floor underlay and floor installation, drywall repair work, prime and paint bathroom, installation of plumbing fixtures, final framing, final tiling.\n<br/><br/>\n<i>SBIF provides grants of $10K-$100K for facade improvements, signage, equipment, and interior buildouts in TIF districts.</i>\n"},"styleUrl":"#sbif_project","label-scale":0.7,"icon-opacity":1,"icon-color":"#00ff00","icon-scale":0.8,"icon":"http://maps.google.com/mapfiles/kml/paddle/grn-circle.png"}},{"type":"Feature","geometry":{"type":"Point","coordinates":[-87.55107,41.7324,0]},"properties":{"name":"Southside Health Food Inc","description":{"@type":"html","value":"\n<b>Applicant:</b> Ayoob Shafi<br/>\n<b>Address:</b> 8949.0 S Commercial Ave<br/>\n<b>Ward:</b> 10<br/>\n<b>Community Area:</b> South Chicago<br/>\n<b>TIF District:</b> Commercial Avenue<br/>\n<br/>\n<b>Incentive Amount:</b> $17,000<br/>\n<b>Total Project Cost:</b> $240,000<br/>\n<b>Completion Date:</b> 11/29/2010<br/>\n<b>Property Type:</b> Commercial<br/>\n<br/>\n<b>Project Description:</b><br/>\nStorefront, tuckpointing, signage, drywall, ceiling, carpeting, fixtures and tile in bathroom.\n<br/><br/>\n<i>SBIF provides grants of $10K-$100K for facade improvements, signage, equipment, and interior buildouts in TIF districts.</i>\n"},"styleUrl":"#sbif_project","label-scale":0.7,"icon-opacity":1,"icon-color":"#00ff00","icon-scale":0.8,"icon":"http://maps.google.com/mapfiles/kml/paddle/grn-circle.png"}},{"type":"Feature","geometry":{"type":"Point","coordinates":[-87.60511,41.76027,0]},"properties":{"name":"Jellybean Learning Center","description":{"@type":"html","value":"\n<b>Applicant:</b> Donna Taylor<br/>\n<b>Address:</b> 7411.0 S Cottage Grove Ave<br/>\n<b>Ward:</b> 8<br/>\n<b>Community Area:</b> Greater Grand Crossing<br/>\n<b>TIF District:</b> 87th/Cottage Grove<br/>\n<br/>\n<b>Incentive Amount:</b> $54,450<br/>\n<b>Total Project Cost:</b> $72,600<br/>\n<b>Completion Date:</b> 02/10/2017<br/>\n<b>Property Type:</b> Commercial<br/>\n<br/>\n<b>Project Description:</b><br/>\nRemoval of the existing brick wall and glass block windows at 7411 and installation of a new storefront system including insulated glass windows and new doors; construction of a new brick wall with stone caps between 7411-13; and the installation of a new storefront system for the 7419 unit.\n<br/><br/>\n<i>SBIF provides grants of $10K-$100K for facade improvements, signage, equipment, and interior buildouts in TIF districts.</i>\n"},"styleUrl":"#sbif_project","label-scale":0.7,"icon-opacity":1,"icon-color":"#00ff00","icon-scale":0.8,"icon":"http://maps.google.com/mapfiles/kml/paddle/grn-circle.png"}},{"type":"Feature","geometry":{"type":"Point","coordinates":[-87.55773,41.75185,0]},"properties":{"name":"Cog Supply Inc","description":{"@type":"html","value":"\n<b>Applicant:</b> John Heritage<br/>\n<b>Address:</b> 2714.0 E 79th St<br/>\n<b>Ward:</b> 7<br/>\n<b>Community Area:</b> South Shore<br/>\n<b>TIF District:</b> Avalon Park/South Shore<br/>\n<br/>\n<b>Incentive Amount:</b> $100,000<br/>\n<b>Total Project Cost:</b> $175,359.84<br/>\n<b>Completion Date:</b> 11/15/2013<br/>\n<b>Property Type:</b> Commercial<br/>\n<br/>\n<b>Project Description:</b><br/>\nRemoval of chimney, carpentry and framing work for interior build out including new walls, floors, tiling, ceilings, drywall and insulation, countertops, doors, 4 new bathrooms, concrete work, HVAC, electrical, plumbing work, painting and finishing and signage.\n<br/><br/>\n<i>SBIF provides grants of $10K-$100K for facade improvements, signage, equipment, and interior buildouts in TIF districts.</i>\n"},"styleUrl":"#sbif_project","label-scale":0.7,"icon-opacity":1,"icon-color":"#00ff00","icon-scale":0.8,"icon":"http://maps.google.com/mapfiles/kml/paddle/grn-circle.png"}},{"type":"Feature","geometry":{"type":"Point","coordinates":[-87.599,41.7342,0]},"properties":{"name":"Antek Madison Plastics USA LTD.","description":{"@type":"html","value":"\n<b>Applicant:</b> Jorge Farr-Aguilar<br/>\n<b>Address:</b> 8822.0 S Dobson Ave<br/>\n<b>Ward:</b> 8<br/>\n<b>Community Area:</b> Burnside<br/>\n<b>TIF District:</b> Stony Island/Burnside<br/>\n<br/>\n<b>Incentive Amount:</b> $54,342.5<br/>\n<b>Total Project Cost:</b> $108,685<br/>\n<b>Completion Date:</b> 12/29/2015<br/>\n<b>Property Type:</b> Industrial<br/>\n<br/>\n<b>Project Description:</b><br/>\nComplete roof tear off, with repairs to damaged decking and flashing, underlayment, new insulation, new modified bitumen membrane, waterproofing and aluminum coating.\n<br/><br/>\n<i>SBIF provides grants of $10K-$100K for facade improvements, signage, equipment, and interior buildouts in TIF districts.</i>\n"},"styleUrl":"#sbif_project","label-scale":0.7,"icon-opacity":1,"icon-color":"#00ff00","icon-scale":0.8,"icon":"http://maps.google.com/mapfiles/kml/paddle/grn-circle.png"}},{"type":"Feature","geometry":{"type":"Point","coordinates":[-87.60424,41.75129,0]},"properties":{"name":"Chi Chi Nails","description":{"@type":"html","value":"\n<b>Applicant:</b> Uyen Dao<br/>\n<b>Address:</b> 822.0 E 79th St<br/>\n<b>Ward:</b> 8<br/>\n<b>Community Area:</b> Greater Grand Crossing<br/>\n<b>TIF District:</b> 87th/Cottage Grove<br/>\n<br/>\n<b>Incentive Amount:</b> $12,609<br/>\n<b>Total Project Cost:</b> $16,812<br/>\n<b>Completion Date:</b> 09/14/2012<br/>\n<b>Property Type:</b> Commercial<br/>\n<br/>\n<b>Project Description:</b><br/>\nRenovations to commercial property.\n<br/><br/>\n<i>SBIF provides grants of $10K-$100K for facade improvements, signage, equipment, and interior buildouts in TIF districts.</i>\n"},"styleUrl":"#sbif_project","label-scale":0.7,"icon-opacity":1,"icon-color":"#00ff00","icon-scale":0.8,"icon":"http://maps.google.com/mapfiles/kml/paddle/grn-circle.png"}},{"type":"Feature","geometry":{"type":"Point","coordinates":[-87.55142,41.73705,0]},"properties":{"name":"Michael Manning","description":{"@type":"html","value":"\n<b>Applicant:</b> Michael Manning<br/>\n<b>Address:</b> 8706.0 S Commercial Ave<br/>\n<b>Ward:</b> 10<br/>\n<b>Community Area:</b> South Chicago<br/>\n<b>TIF District:</b> Commercial Avenue<br/>\n<br/>\n<b>Incentive Amount:</b> $89,909.17<br/>\n<b>Total Project Cost:</b> $119,878.89<br/>\n<b>Completion Date:</b> 06/26/2013<br/>\n<b>Property Type:</b> Commercial<br/>\n<br/>\n<b>Project Description:</b><br/>\nRoof, demolition, façade, drywall, clean-up, materials, GC services, electrical, plumbing, HVAC, architectural services.\n<br/><br/>\n<i>SBIF provides grants of $10K-$100K for facade improvements, signage, equipment, and interior buildouts in TIF districts.</i>\n"},"styleUrl":"#sbif_project","label-scale":0.7,"icon-opacity":1,"icon-color":"#00ff00","icon-scale":0.8,"icon":"http://maps.google.com/mapfiles/kml/paddle/grn-circle.png"}},{"type":"Feature","geometry":{"type":"Point","coordinates":[-87.58163,41.73726,0]},"properties":{"name":"Crystal & Dominique House of Beauty/Master Thift Store","description":{"@type":"html","value":"\n<b>Applicant:</b> Audrey White<br/>\n<b>Address:</b> 1730.0 E 87th St<br/>\n<b>Ward:</b> 8<br/>\n<b>Community Area:</b> Avalon Park<br/>\n<b>TIF District:</b> Stony Island/Burnside<br/>\n<br/>\n<b>Incentive Amount:</b> $69,300<br/>\n<b>Total Project Cost:</b> $92,400<br/>\n<b>Completion Date:</b> 10/16/2014<br/>\n<b>Property Type:</b> Commercial<br/>\n<br/>\n<b>Project Description:</b><br/>\nRoofing, carpentry, electrical, drywall, flooring, bathrooms, concrete, hot water tank, ceilings, lighting, and doors.\n<br/><br/>\n<i>SBIF provides grants of $10K-$100K for facade improvements, signage, equipment, and interior buildouts in TIF districts.</i>\n"},"styleUrl":"#sbif_project","label-scale":0.7,"icon-opacity":1,"icon-color":"#00ff00","icon-scale":0.8,"icon":"http://maps.google.com/mapfiles/kml/paddle/grn-circle.png"}},{"type":"Feature","geometry":{"type":"Point","coordinates":[-87.577,41.75147,0]},"properties":{"name":"Dae Y. Kim","description":{"@type":"html","value":"\n<b>Applicant:</b> Dae Y. Kim<br/>\n<b>Address:</b> 1937.0 E 79th St<br/>\n<b>Ward:</b> 8<br/>\n<b>Community Area:</b> South Chicago<br/>\n<b>TIF District:</b> Avalon Park/South Shore<br/>\n<br/>\n<b>Incentive Amount:</b> $91,875<br/>\n<b>Total Project Cost:</b> $122,500<br/>\n<b>Completion Date:</b> 10/03/2016<br/>\n<b>Property Type:</b> Commercial<br/>\n<br/>\n<b>Project Description:</b><br/>\nInterior and exterior renovations to vacant commercial space at 1937 E. 79th including a new storefront system, install new drop ceilings, drywall and vinyl title flooring throughout space, new plumbing fixtures for restroom, new light fixtures, and install five (5) new HVAC roof top units. Located at 1937 and 1941 E 79th St., interior and exterior renovations to vacant commercial space at 1937 E. 79th including a new storefront system, install new drop ceilings, drywall and vinyl title flooring throughout space, new plumbing fixtures for restroom, new light fixtures, and install five (5) new HVAC roof top units.\n<br/><br/>\n<i>SBIF provides grants of $10K-$100K for facade improvements, signage, equipment, and interior buildouts in TIF districts.</i>\n"},"styleUrl":"#sbif_project","label-scale":0.7,"icon-opacity":1,"icon-color":"#00ff00","icon-scale":0.8,"icon":"http://maps.google.com/mapfiles/kml/paddle/grn-circle.png"}},{"type":"Feature","geometry":{"type":"Point","coordinates":[-87.56177,41.75179,0]},"properties":{"name":"A Haven for Little Ones 2 Children Learning Center","description":{"@type":"html","value":"\n<b>Applicant:</b> Tiffany Mays<br/>\n<b>Address:</b> 2548.0 E 79th St<br/>\n<b>Ward:</b> 7<br/>\n<b>Community Area:</b> South Shore<br/>\n<b>TIF District:</b> Avalon Park/South Shore<br/>\n<br/>\n<b>Incentive Amount:</b> $81,482.37<br/>\n<b>Total Project Cost:</b> $126,576.5<br/>\n<b>Completion Date:</b> 02/14/2019<br/>\n<b>Property Type:</b> Commercial<br/>\n<br/>\n<b>Project Description:</b><br/>\nMasonry work including tuckpointing along the parapet wall; installation of three (3) new storefront systems; electrical work including corrections to the existing panels for outlets and light switches, and the installation of new emergency lights and exit signs near each door openings; plumbing work including rough and finish plumbing for six (6) new toilets and sinks, and a new handicap accessible restroom; HVAC improvements including the installation of three (3) new HVAC units with associated ductwork, and new drop ceiling tiles where the units will be placed; and other interior renovations including a new partition wall for the lobby area with a door and sliding window, leveling out the floor of the office and applying epoxy coating finish, the installation of new vinyl flooring throughout the remaining space, replacing existing drywall with new drywall as needed, and the installation of a new fire alarm system., masonry work including tuckpointing along the parapet wall; installation of three (3) new storefront systems; electrical work including corrections to the existing panels for outlets and light switches, and the installation of new emergency lights and exit signs near each door openings; plumbing work including rough and finish plumbing for six (6) new toilets and sinks, and a new handicap accessible restroom; HVAC improvements including the installation of three (3) new HVAC units with associated ductwork, and new drop ceiling tiles where the units will be placed; and other interior renovations including a new partition wall for the lobby area with a door and sliding window, leveling out the floor of the office and applying epoxy coating finish, the installation of new vinyl flooring throughout the remaining space, replacing existing drywall with new drywall as needed, and the installation of a new fire alarm system.\n<br/><br/>\n<i>SBIF provides grants of $10K-$100K for facade improvements, signage, equipment, and interior buildouts in TIF districts.</i>\n"},"styleUrl":"#sbif_project","label-scale":0.7,"icon-opacity":1,"icon-color":"#00ff00","icon-scale":0.8,"icon":"http://maps.google.com/mapfiles/kml/paddle/grn-circle.png"}},{"type":"Feature","geometry":{"type":"Point","coordinates":[-87.55257,41.72894,0]},"properties":{"name":"Olatoye Rehabilitation Center","description":{"@type":"html","value":"\n<b>Applicant:</b> Olafisayo Perez<br/>\n<b>Address:</b> 9135.0 S Exchange Ave<br/>\n<b>Ward:</b> 10<br/>\n<b>Community Area:</b> South Chicago<br/>\n<b>TIF District:</b> Commercial Avenue<br/>\n<br/>\n<b>Incentive Amount:</b> $81,900<br/>\n<b>Total Project Cost:</b> $109,200<br/>\n<b>Completion Date:</b> 05/02/2023<br/>\n<b>Property Type:</b> Office<br/>\n<br/>\n<b>Project Description:</b><br/>\nExterior renovations including installation of a new layer of roofing, coping tiles, and flashing, masonry work to façade paint removal and restoration, tuck-pointing along the south wall and parapet wall, replace bricks as needed, installation of new siding along the rear with new gutters and downspouts; installation of a new storefront window system including nine (9) new windows with capping, two (2) new entry doors installation of a 5 ton A/C unit and 5 ton cased coils with associated ductwork and connections, iron cage modifications.\n<br/><br/>\n<i>SBIF provides grants of $10K-$100K for facade improvements, signage, equipment, and interior buildouts in TIF districts.</i>\n"},"styleUrl":"#sbif_project","label-scale":0.7,"icon-opacity":1,"icon-color":"#00ff00","icon-scale":0.8,"icon":"http://maps.google.com/mapfiles/kml/paddle/grn-circle.png"}},{"type":"Feature","geometry":{"type":"Point","coordinates":[-87.60486,41.73786,0]},"properties":{"name":"Venetta Carter","description":{"@type":"html","value":"\n<b>Applicant:</b> Venetta Carter<br/>\n<b>Address:</b> 8619.0 S Cottage Grove Ave<br/>\n<b>Ward:</b> 8<br/>\n<b>Community Area:</b> Chatham<br/>\n<b>TIF District:</b> 87th/Cottage Grove<br/>\n<br/>\n<b>Incentive Amount:</b> $48,855<br/>\n<b>Total Project Cost:</b> $65,140<br/>\n<b>Completion Date:</b> 12/17/2013<br/>\n<b>Property Type:</b> Commercial<br/>\n<br/>\n<b>Project Description:</b><br/>\nNew roof and new gutters.\n<br/><br/>\n<i>SBIF provides grants of $10K-$100K for facade improvements, signage, equipment, and interior buildouts in TIF districts.</i>\n"},"styleUrl":"#sbif_project","label-scale":0.7,"icon-opacity":1,"icon-color":"#00ff00","icon-scale":0.8,"icon":"http://maps.google.com/mapfiles/kml/paddle/grn-circle.png"}},{"type":"Feature","geometry":{"type":"Point","coordinates":[-87.58578,41.74313,0]},"properties":{"name":"Sim Ellen Investments, Inc.","description":{"@type":"html","value":"\n<b>Applicant:</b> Michele D. Simon<br/>\n<b>Address:</b> 8334.0 S Stony Island Ave<br/>\n<b>Ward:</b> 8<br/>\n<b>Community Area:</b> Avalon Park<br/>\n<b>TIF District:</b> Stony Island/Burnside<br/>\n<br/>\n<b>Incentive Amount:</b> $17,737.5<br/>\n<b>Total Project Cost:</b> $23,650<br/>\n<b>Completion Date:</b> 06/07/2016<br/>\n<b>Property Type:</b> Commercial<br/>\n<br/>\n<b>Project Description:</b><br/>\nNew storefront, cut and replace stones, tuck-point stones, install new lintel, sub-floor, tile flooring, repair ceiling.\n<br/><br/>\n<i>SBIF provides grants of $10K-$100K for facade improvements, signage, equipment, and interior buildouts in TIF districts.</i>\n"},"styleUrl":"#sbif_project","label-scale":0.7,"icon-opacity":1,"icon-color":"#00ff00","icon-scale":0.8,"icon":"http://maps.google.com/mapfiles/kml/paddle/grn-circle.png"}},{"type":"Feature","geometry":{"type":"Point","coordinates":[-87.60009,41.72476,0]},"properties":{"name":"Estee Bedding Co","description":{"@type":"html","value":"\n<b>Applicant:</b> Tim Enright<br/>\n<b>Address:</b> 945.0 E 93rd St<br/>\n<b>Ward:</b> 8<br/>\n<b>Community Area:</b> Burnside<br/>\n<b>TIF District:</b> Stony Island/Burnside<br/>\n<br/>\n<b>Incentive Amount:</b> $4,462.5<br/>\n<b>Total Project Cost:</b> $8,925<br/>\n<b>Completion Date:</b> 06/30/2010<br/>\n<b>Property Type:</b> Industrial<br/>\n<br/>\n<b>Project Description:</b><br/>\nReplacing 11 windows.\n<br/><br/>\n<i>SBIF provides grants of $10K-$100K for facade improvements, signage, equipment, and interior buildouts in TIF districts.</i>\n"},"styleUrl":"#sbif_project","label-scale":0.7,"icon-opacity":1,"icon-color":"#00ff00","icon-scale":0.8,"icon":"http://maps.google.com/mapfiles/kml/paddle/grn-circle.png"}},{"type":"Feature","geometry":{"type":"Point","coordinates":[-87.59298,41.72769,0]},"properties":{"name":"Naylor Pipe Company","description":{"@type":"html","value":"\n<b>Applicant:</b> John J. Czulno<br/>\n<b>Address:</b> 1230.0 E 92nd St<br/>\n<b>Ward:</b> 8<br/>\n<b>Community Area:</b> Burnside<br/>\n<b>TIF District:</b> Stony Island/Burnside<br/>\n<br/>\n<b>Incentive Amount:</b> $250,000<br/>\n<b>Total Project Cost:</b> $891,575<br/>\n<b>Completion Date:</b> 05/12/2025<br/>\n<b>Property Type:</b> General Industrial<br/>\n<br/>\n<b>Project Description:</b><br/>\nExterior masonry work including tear down the outer wythe brick and rebuild with new bricks, infill bottom 4 courses of the windows to raise the heights to match south elevation, install new brick on the face of pilasters, replace lintels, tuck-pointing, roofing repairs as needed, and install new windows. Interior repairs including renovation of offices with new framing, drywall, acoustical ceilings, flooring, painting, window sills, fire protection to rework the sprinkler heads, HVAC work including repair and rework baseboard piping, install new units and diffusers, electrical work including light fixtures, cables, jacks, and terminations.\n<br/><br/>\n<i>SBIF provides grants of $10K-$100K for facade improvements, signage, equipment, and interior buildouts in TIF districts.</i>\n"},"styleUrl":"#sbif_project","label-scale":0.7,"icon-opacity":1,"icon-color":"#00ff00","icon-scale":0.8,"icon":"http://maps.google.com/mapfiles/kml/paddle/grn-circle.png"}},{"type":"Feature","geometry":{"type":"Point","coordinates":[-87.56199,41.75179,0]},"properties":{"name":"Josephine E. Waters","description":{"@type":"html","value":"\n<b>Applicant:</b> Josephine E. Waters<br/>\n<b>Address:</b> 2542.0 E 79th St<br/>\n<b>Ward:</b> 7<br/>\n<b>Community Area:</b> South Shore<br/>\n<b>TIF District:</b> Avalon Park/South Shore<br/>\n<br/>\n<b>Incentive Amount:</b> $94,712.25<br/>\n<b>Total Project Cost:</b> $126,758<br/>\n<b>Completion Date:</b> 01/08/2016<br/>\n<b>Property Type:</b> Commercial<br/>\n<br/>\n<b>Project Description:</b><br/>\nComplete renovation for the salon at 2542 E. 79th St.: new storefronts, doors and windows for the adjacent commercial spaces; framing, installation of drywall, installation of mold resistant sheetrock, interior trim for all door casings, baseboards, new door casings for exterior doors and windows; masonry repairs, tuck-pointing, painting; replacement of rubber roofing and decking over commercial spaces; façade repairs including replacement of damaged soffit and fascia; new flooring; installation of a heating and air conditioning system; plumbing including all new rough plumbing cast iron floor drains, sink drains, copper vents, new water supply system, and a new water heater; electrical system including installation of new 400 amp 3 phase electrical distribution and meter panels, and finish electrical fixtures and trimmings.\n<br/><br/>\n<i>SBIF provides grants of $10K-$100K for facade improvements, signage, equipment, and interior buildouts in TIF districts.</i>\n"},"styleUrl":"#sbif_project","label-scale":0.7,"icon-opacity":1,"icon-color":"#00ff00","icon-scale":0.8,"icon":"http://maps.google.com/mapfiles/kml/paddle/grn-circle.png"}},{"type":"Feature","geometry":{"type":"Point","coordinates":[-87.59901,41.73366,0]},"properties":{"name":"Marigold, Inc.","description":{"@type":"html","value":"\n<b>Applicant:</b> Rob Bult<br/>\n<b>Address:</b> 8815.0 S Dobson Ave<br/>\n<b>Ward:</b> 8<br/>\n<b>Community Area:</b> Burnside<br/>\n<b>TIF District:</b> Stony Island/Burnside<br/>\n<br/>\n<b>Incentive Amount:</b> $86,803.75<br/>\n<b>Total Project Cost:</b> $210,457<br/>\n<b>Completion Date:</b> 12/04/2014<br/>\n<b>Property Type:</b> Industrial<br/>\n<br/>\n<b>Project Description:</b><br/>\nNew roofing systems, new wrought iron fence and gate.\n<br/><br/>\n<i>SBIF provides grants of $10K-$100K for facade improvements, signage, equipment, and interior buildouts in TIF districts.</i>\n"},"styleUrl":"#sbif_project","label-scale":0.7,"icon-opacity":1,"icon-color":"#00ff00","icon-scale":0.8,"icon":"http://maps.google.com/mapfiles/kml/paddle/grn-circle.png"}},{"type":"Feature","geometry":{"type":"Point","coordinates":[-87.58502,41.74812,0]},"properties":{"name":"Bertina Power-Stewart","description":{"@type":"html","value":"\n<b>Applicant:</b> Bertina Power-Stewart<br/>\n<b>Address:</b> 8053.0 S Stony Island Ave<br/>\n<b>Ward:</b> 8<br/>\n<b>Community Area:</b> Avalon Park<br/>\n<b>TIF District:</b> Stony Island/Burnside<br/>\n<br/>\n<b>Incentive Amount:</b> $49,500<br/>\n<b>Total Project Cost:</b> $66,000<br/>\n<b>Completion Date:</b> 12/05/2008<br/>\n<b>Property Type:</b> Landlord<br/>\n<br/>\n<b>Project Description:</b><br/>\nRoof, doors, electrical, HVAC, plumbing.\n<br/><br/>\n<i>SBIF provides grants of $10K-$100K for facade improvements, signage, equipment, and interior buildouts in TIF districts.</i>\n"},"styleUrl":"#sbif_project","label-scale":0.7,"icon-opacity":1,"icon-color":"#00ff00","icon-scale":0.8,"icon":"http://maps.google.com/mapfiles/kml/paddle/grn-circle.png"}},{"type":"Feature","geometry":{"type":"Point","coordinates":[-87.58574,41.72725,0]},"properties":{"name":"Stephen Hill","description":{"@type":"html","value":"\n<b>Applicant:</b> Stephen Hill<br/>\n<b>Address:</b> 9222.0 S Stony Island Ave<br/>\n<b>Ward:</b> 8<br/>\n<b>Community Area:</b> Calumet Heights<br/>\n<b>TIF District:</b> Stony Island/Burnside<br/>\n<br/>\n<b>Incentive Amount:</b> $110,410.91<br/>\n<b>Total Project Cost:</b> $147,214.54<br/>\n<b>Completion Date:</b> 02/13/2012<br/>\n<b>Property Type:</b> Commercial<br/>\n<br/>\n<b>Project Description:</b><br/>\nHVAC, carpentry, roof, masonry, concrete, doors, chair list, electrical, signs, painting.\n<br/><br/>\n<i>SBIF provides grants of $10K-$100K for facade improvements, signage, equipment, and interior buildouts in TIF districts.</i>\n"},"styleUrl":"#sbif_project","label-scale":0.7,"icon-opacity":1,"icon-color":"#00ff00","icon-scale":0.8,"icon":"http://maps.google.com/mapfiles/kml/paddle/grn-circle.png"}},{"type":"Feature","geometry":{"type":"Point","coordinates":[-87.57812,41.73683,0]},"properties":{"name":"Mayfair Academy","description":{"@type":"html","value":"\n<b>Applicant:</b> Peggy Sutton<br/>\n<b>Address:</b> 8701.0 S Bennett Ave<br/>\n<b>Ward:</b> 8<br/>\n<b>Community Area:</b> Calumet Heights<br/>\n<b>TIF District:</b> Stony Island/Burnside<br/>\n<br/>\n<b>Incentive Amount:</b> $149,850<br/>\n<b>Total Project Cost:</b> $199,800<br/>\n<b>Completion Date:</b> 11/16/2012<br/>\n<b>Property Type:</b> Commercial<br/>\n<br/>\n<b>Project Description:</b><br/>\nRenovations to commercial property.\n<br/><br/>\n<i>SBIF provides grants of $10K-$100K for facade improvements, signage, equipment, and interior buildouts in TIF districts.</i>\n"},"styleUrl":"#sbif_project","label-scale":0.7,"icon-opacity":1,"icon-color":"#00ff00","icon-scale":0.8,"icon":"http://maps.google.com/mapfiles/kml/paddle/grn-circle.png"}},{"type":"Feature","geometry":{"type":"Point","coordinates":[-87.5513,41.73238,0]},"properties":{"name":"Ana Maria Saenz","description":{"@type":"html","value":"\n<b>Applicant:</b> Ana Maria Saenz<br/>\n<b>Address:</b> 8944.0 S Commercial Ave<br/>\n<b>Ward:</b> 10<br/>\n<b>Community Area:</b> South Chicago<br/>\n<b>TIF District:</b> Commercial Avenue<br/>\n<br/>\n<b>Incentive Amount:</b> $60,000<br/>\n<b>Total Project Cost:</b> $95,000<br/>\n<b>Completion Date:</b> 03/27/2017<br/>\n<b>Property Type:</b> Commercial<br/>\n<br/>\n<b>Project Description:</b><br/>\nDemolition, framing, new drywall, installation of doors, ceramic tile and laminate flooring, restroom build-out, plumbing work including new 1 ½’ water service, piping, insulation, clean out existing waste lines, installation of a water booster pump and water heater, HVAC work including a new furnace, air condensers, new duct work, humidifier, registers, and exhaust fans, electrical work including installation of one 400 amp main distribution panel, two 200 amp meters, piping, wires, outlets, switches, cover panels, and new light fixtures, painting and finishing work throughout, build-out of water closets, installation of sink, tuck-pointing, power-washing, installation of window sills, masonry including blocking of unnecessary openings, new gas lines and meters.\n<br/><br/>\n<i>SBIF provides grants of $10K-$100K for facade improvements, signage, equipment, and interior buildouts in TIF districts.</i>\n"},"styleUrl":"#sbif_project","label-scale":0.7,"icon-opacity":1,"icon-color":"#00ff00","icon-scale":0.8,"icon":"http://maps.google.com/mapfiles/kml/paddle/grn-circle.png"}},{"type":"Feature","geometry":{"type":"Point","coordinates":[-87.60577,41.75892,0]},"properties":{"name":"Rhodes Florist","description":{"@type":"html","value":"\n<b>Applicant:</b> Willie Rhodes<br/>\n<b>Address:</b> 7442.0 S Cottage Grove Ave<br/>\n<b>Ward:</b> 6<br/>\n<b>Community Area:</b> Greater Grand Crossing<br/>\n<b>TIF District:</b> 87th/Cottage Grove<br/>\n<br/>\n<b>Incentive Amount:</b> $54,534.98<br/>\n<b>Total Project Cost:</b> $81,963<br/>\n<b>Completion Date:</b> 04/25/2012<br/>\n<b>Property Type:</b> Commercial<br/>\n<br/>\n<b>Project Description:</b><br/>\nWalk-in display cooler, floor, ceiling, lights, tuckpointing, gutters, walls, shelving.\n<br/><br/>\n<i>SBIF provides grants of $10K-$100K for facade improvements, signage, equipment, and interior buildouts in TIF districts.</i>\n"},"styleUrl":"#sbif_project","label-scale":0.7,"icon-opacity":1,"icon-color":"#00ff00","icon-scale":0.8,"icon":"http://maps.google.com/mapfiles/kml/paddle/grn-circle.png"}},{"type":"Feature","geometry":{"type":"Point","coordinates":[-87.58291,41.73694,0]},"properties":{"name":"Fashion Corner","description":{"@type":"html","value":"\n<b>Applicant:</b> Nasser Diab<br/>\n<b>Address:</b> 1658.0 E 87th St<br/>\n<b>Ward:</b> 8<br/>\n<b>Community Area:</b> Avalon Park<br/>\n<b>TIF District:</b> Stony Island/Burnside<br/>\n<br/>\n<b>Incentive Amount:</b> $44,764.16<br/>\n<b>Total Project Cost:</b> $89,528.32<br/>\n<b>Completion Date:</b> 03/12/2010<br/>\n<b>Property Type:</b> Commercial<br/>\n<br/>\n<b>Project Description:</b><br/>\nHVAC, doors, water heaters, plumbing, insulation, electrical, lighting, walls, ceiling.\n<br/><br/>\n<i>SBIF provides grants of $10K-$100K for facade improvements, signage, equipment, and interior buildouts in TIF districts.</i>\n"},"styleUrl":"#sbif_project","label-scale":0.7,"icon-opacity":1,"icon-color":"#00ff00","icon-scale":0.8,"icon":"http://maps.google.com/mapfiles/kml/paddle/grn-circle.png"}},{"type":"Feature","geometry":{"type":"Point","coordinates":[-87.61193,41.75847,0]},"properties":{"name":"All About Kids Learning Academy, Inc.","description":{"@type":"html","value":"\n<b>Applicant:</b> Tess Jackson<br/>\n<b>Address:</b> 514.0 E 75th St<br/>\n<b>Ward:</b> 6<br/>\n<b>Community Area:</b> Greater Grand Crossing<br/>\n<b>TIF District:</b> 67th/Wentworth<br/>\n<br/>\n<b>Incentive Amount:</b> $149,400<br/>\n<b>Total Project Cost:</b> $166,000<br/>\n<b>Completion Date:</b> 06/25/2025<br/>\n<b>Property Type:</b> General Commercial<br/>\n<br/>\n<b>Project Description:</b><br/>\nA complete roofing tear off and repair wood decking as needed, new insulation boards, roll and torch modified bitumen, tuckpointing to remove and repair damaged mortar and brick, store front improvements including tear down outer wythe brick and rebuild as needed with new wall ties and steel, install new double pane windows and double doors with associated framing, exterior lighting; install two (2) new HVAC systems with associated duct work and connections; replace drop ceiling, new flooring in the lobby and main office, new exterior metal back doors, install new smart switches, and security camara system (excluding DVR and monitoring system).\n<br/><br/>\n<i>SBIF provides grants of $10K-$100K for facade improvements, signage, equipment, and interior buildouts in TIF districts.</i>\n"},"styleUrl":"#sbif_project","label-scale":0.7,"icon-opacity":1,"icon-color":"#00ff00","icon-scale":0.8,"icon":"http://maps.google.com/mapfiles/kml/paddle/grn-circle.png"}},{"type":"Feature","geometry":{"type":"Point","coordinates":[-87.58593,41.73218,0]},"properties":{"name":"Family Den Lounge & Restaurant","description":{"@type":"html","value":"\n<b>Applicant:</b> Charles Gordon Jr<br/>\n<b>Address:</b> 8940.0 S Stony Island Ave<br/>\n<b>Ward:</b> 8<br/>\n<b>Community Area:</b> Calumet Heights<br/>\n<b>TIF District:</b> Stony Island/Burnside<br/>\n<br/>\n<b>Incentive Amount:</b> $10,015<br/>\n<b>Total Project Cost:</b> $20,030<br/>\n<b>Completion Date:</b> 08/16/2010<br/>\n<b>Property Type:</b> Commercial<br/>\n<br/>\n<b>Project Description:</b><br/>\nPaving, carpeting.\n<br/><br/>\n<i>SBIF provides grants of $10K-$100K for facade improvements, signage, equipment, and interior buildouts in TIF districts.</i>\n"},"styleUrl":"#sbif_project","label-scale":0.7,"icon-opacity":1,"icon-color":"#00ff00","icon-scale":0.8,"icon":"http://maps.google.com/mapfiles/kml/paddle/grn-circle.png"}},{"type":"Feature","geometry":{"type":"Point","coordinates":[-87.58291,41.73694,0]},"properties":{"name":"Fashion Corner","description":{"@type":"html","value":"\n<b>Applicant:</b> Nasser Diab<br/>\n<b>Address:</b> 1658.0 E 87th St<br/>\n<b>Ward:</b> 8<br/>\n<b>Community Area:</b> Avalon Park<br/>\n<b>TIF District:</b> Stony Island/Burnside<br/>\n<br/>\n<b>Incentive Amount:</b> $18,850<br/>\n<b>Total Project Cost:</b> $37,700<br/>\n<b>Completion Date:</b> 02/18/2011<br/>\n<b>Property Type:</b> Commercial<br/>\n<br/>\n<b>Project Description:</b><br/>\nHVAC, doors, water heaters, plumbing, insulation, electrical, lighting, walls, ceiling.\n<br/><br/>\n<i>SBIF provides grants of $10K-$100K for facade improvements, signage, equipment, and interior buildouts in TIF districts.</i>\n"},"styleUrl":"#sbif_project","label-scale":0.7,"icon-opacity":1,"icon-color":"#00ff00","icon-scale":0.8,"icon":"http://maps.google.com/mapfiles/kml/paddle/grn-circle.png"}},{"type":"Feature","geometry":{"type":"Point","coordinates":[-87.58476,41.72599,0]},"properties":{"name":"Stinston Dental Facility","description":{"@type":"html","value":"\n<b>Applicant:</b> Danita Stinson<br/>\n<b>Address:</b> 1600.0 E 93rd St<br/>\n<b>Ward:</b> 8<br/>\n<b>Community Area:</b> Calumet Heights<br/>\n<b>TIF District:</b> Stony Island/Burnside<br/>\n<br/>\n<b>Incentive Amount:</b> $25,894<br/>\n<b>Total Project Cost:</b> $51,788<br/>\n<b>Completion Date:</b> 07/26/2010<br/>\n<b>Property Type:</b> Commercial<br/>\n<br/>\n<b>Project Description:</b><br/>\nUpdate office to &quot;Green Standards&quot;.\n<br/><br/>\n<i>SBIF provides grants of $10K-$100K for facade improvements, signage, equipment, and interior buildouts in TIF districts.</i>\n"},"styleUrl":"#sbif_project","label-scale":0.7,"icon-opacity":1,"icon-color":"#00ff00","icon-scale":0.8,"icon":"http://maps.google.com/mapfiles/kml/paddle/grn-circle.png"}},{"type":"Feature","geometry":{"type":"Point","coordinates":[-87.60472,41.73193,0]},"properties":{"name":"LP's Wash-O-Matic","description":{"@type":"html","value":"\n<b>Applicant:</b> Lalita Fields<br/>\n<b>Address:</b> 8923.0 S Cottage Grove Ave<br/>\n<b>Ward:</b> 6<br/>\n<b>Community Area:</b> Chatham<br/>\n<b>TIF District:</b> 87th/Cottage Grove<br/>\n<br/>\n<b>Incentive Amount:</b> $49,407.6<br/>\n<b>Total Project Cost:</b> $66,663<br/>\n<b>Completion Date:</b> 07/09/2010<br/>\n<b>Property Type:</b> Commercial<br/>\n<br/>\n<b>Project Description:</b><br/>\nPlumbing, electrical, concrete work, carpentry, install washers, plumbing.\n<br/><br/>\n<i>SBIF provides grants of $10K-$100K for facade improvements, signage, equipment, and interior buildouts in TIF districts.</i>\n"},"styleUrl":"#sbif_project","label-scale":0.7,"icon-opacity":1,"icon-color":"#00ff00","icon-scale":0.8,"icon":"http://maps.google.com/mapfiles/kml/paddle/grn-circle.png"}},{"type":"Feature","geometry":{"type":"Point","coordinates":[-87.58593,41.73218,0]},"properties":{"name":"Family Den Lounge & Restaurant","description":{"@type":"html","value":"\n<b>Applicant:</b> Charles Gordon Jr<br/>\n<b>Address:</b> 8940.0 S Stony Island Ave<br/>\n<b>Ward:</b> 8<br/>\n<b>Community Area:</b> Calumet Heights<br/>\n<b>TIF District:</b> Stony Island/Burnside<br/>\n<br/>\n<b>Incentive Amount:</b> $121,092.4<br/>\n<b>Total Project Cost:</b> $161,456.53<br/>\n<b>Completion Date:</b> 03/04/2013<br/>\n<b>Property Type:</b> Commercial<br/>\n<br/>\n<b>Project Description:</b><br/>\nHVAC, bar, flooring, plumbing, bathrooms, windows, doors, drywall, paint, expand kitchen wall.\n<br/><br/>\n<i>SBIF provides grants of $10K-$100K for facade improvements, signage, equipment, and interior buildouts in TIF districts.</i>\n"},"styleUrl":"#sbif_project","label-scale":0.7,"icon-opacity":1,"icon-color":"#00ff00","icon-scale":0.8,"icon":"http://maps.google.com/mapfiles/kml/paddle/grn-circle.png"}},{"type":"Feature","geometry":{"type":"Point","coordinates":[-87.55689,41.75186,0]},"properties":{"name":"Bruach, LLC","description":{"@type":"html","value":"\n<b>Applicant:</b> Sean B. Kelley<br/>\n<b>Address:</b> 2751.0 E 79th St<br/>\n<b>Ward:</b> 7<br/>\n<b>Community Area:</b> South Chicago<br/>\n<b>TIF District:</b> RTZ - South Shore<br/>\n<br/>\n<b>Incentive Amount:</b> $144,788.84<br/>\n<b>Total Project Cost:</b> $219,189.46<br/>\n<b>Completion Date:</b> 11/10/2022<br/>\n<b>Property Type:</b> Mixed-Use: Retail and Residential<br/>\n<br/>\n<b>Project Description:</b><br/>\nCompletely renovate a mixed-used building for a modern day care facility.\n<br/><br/>\n<i>SBIF provides grants of $10K-$100K for facade improvements, signage, equipment, and interior buildouts in TIF districts.</i>\n"},"styleUrl":"#sbif_project","label-scale":0.7,"icon-opacity":1,"icon-color":"#00ff00","icon-scale":0.8,"icon":"http://maps.google.com/mapfiles/kml/paddle/grn-circle.png"}},{"type":"Feature","geometry":{"type":"Point","coordinates":[-87.58586,41.74695,0]},"properties":{"name":"WIA Communications Inc","description":{"@type":"html","value":"\n<b>Applicant:</b> William L Adams<br/>\n<b>Address:</b> 8130.0 S Stony Island Ave<br/>\n<b>Ward:</b> 8<br/>\n<b>Community Area:</b> Avalon Park<br/>\n<b>TIF District:</b> Stony Island/Burnside<br/>\n<br/>\n<b>Incentive Amount:</b> $43,390<br/>\n<b>Total Project Cost:</b> $75,000<br/>\n<b>Completion Date:</b> 01/25/2007<br/>\n<b>Property Type:</b> Commercial<br/>\n<br/>\n<b>Project Description:</b><br/>\nParking lot/sidewalk, heating; cooling, landscaping, outdoor signage.\n<br/><br/>\n<i>SBIF provides grants of $10K-$100K for facade improvements, signage, equipment, and interior buildouts in TIF districts.</i>\n"},"styleUrl":"#sbif_project","label-scale":0.7,"icon-opacity":1,"icon-color":"#00ff00","icon-scale":0.8,"icon":"http://maps.google.com/mapfiles/kml/paddle/grn-circle.png"}},{"type":"Feature","geometry":{"type":"Point","coordinates":[-87.54139,41.72861,0]},"properties":{"name":"Paket Corp.","description":{"@type":"html","value":"\n<b>Applicant:</b> Mark O&apos;Malley<br/>\n<b>Address:</b> 9165.0 S Harbor Ave<br/>\n<b>Ward:</b> 10<br/>\n<b>Community Area:</b> South Chicago<br/>\n<b>TIF District:</b> South Chicago<br/>\n<br/>\n<b>Incentive Amount:</b> $83,330.41<br/>\n<b>Total Project Cost:</b> $166,660.81<br/>\n<b>Completion Date:</b> 01/14/2019<br/>\n<b>Property Type:</b> Industrial<br/>\n<br/>\n<b>Project Description:</b><br/>\nInstallation of a new roofing system including insulation, flashing, pitch pans, modified bitumen base and membrane, and new 24 gauge galvanized steel counter-flashings; a lighting retrofit including removal of eight hundred one (801) existing fluorescent light fixtures and ballasts, and installation of five hundred fifty-five (555) new LED fixtures throughout facility including exterior lighting and all associated wiring and electrical work; installation of an acoustic grid and panel ceiling system in the manufacturing room (approx. 24’x40’ area) and existing sprinkler system to be modified to accommodate the new ceiling, and permit costs.\n<br/><br/>\n<i>SBIF provides grants of $10K-$100K for facade improvements, signage, equipment, and interior buildouts in TIF districts.</i>\n"},"styleUrl":"#sbif_project","label-scale":0.7,"icon-opacity":1,"icon-color":"#00ff00","icon-scale":0.8,"icon":"http://maps.google.com/mapfiles/kml/paddle/grn-circle.png"}},{"type":"Feature","geometry":{"type":"Point","coordinates":[-87.58578,41.74313,0]},"properties":{"name":"Sim Ellen Investments","description":{"@type":"html","value":"\n<b>Applicant:</b> Kimi Ellen<br/>\n<b>Address:</b> 8334.0 S Stony Island Ave<br/>\n<b>Ward:</b> 8<br/>\n<b>Community Area:</b> Avalon Park<br/>\n<b>TIF District:</b> Stony Island/Burnside<br/>\n<br/>\n<b>Incentive Amount:</b> $61,619.75<br/>\n<b>Total Project Cost:</b> $123,239.5<br/>\n<b>Completion Date:</b> 08/26/2009<br/>\n<b>Property Type:</b> Commercial<br/>\n<br/>\n<b>Project Description:</b><br/>\nElectrical, plumbing, HVAC, mechanical, flooring.\n<br/><br/>\n<i>SBIF provides grants of $10K-$100K for facade improvements, signage, equipment, and interior buildouts in TIF districts.</i>\n"},"styleUrl":"#sbif_project","label-scale":0.7,"icon-opacity":1,"icon-color":"#00ff00","icon-scale":0.8,"icon":"http://maps.google.com/mapfiles/kml/paddle/grn-circle.png"}},{"type":"Feature","geometry":{"type":"Point","coordinates":[-87.58517,41.7347,0]},"properties":{"name":"Family Rescue","description":{"@type":"html","value":"\n<b>Applicant:</b> Joyce Coffee<br/>\n<b>Address:</b> 8811.0 S Stony Island Ave<br/>\n<b>Ward:</b> 8<br/>\n<b>Community Area:</b> Calumet<br/>\n<b>TIF District:</b> Stony Island/Burnside<br/>\n<br/>\n<b>Incentive Amount:</b> $100,000<br/>\n<b>Total Project Cost:</b> $221,736.53<br/>\n<b>Completion Date:</b> 11/18/2021<br/>\n<b>Property Type:</b> Mixed-Use: Retail and Residential<br/>\n<br/>\n<b>Project Description:</b><br/>\nReplace roof, tuckpoint, re-design and replace 2nd floor facade, replace soffits, lighting and building address numbers, repair drainage, grading, and crawl space ventilation, improve public way lawn, curb walkways, and sidewalks.\n<br/><br/>\n<i>SBIF provides grants of $10K-$100K for facade improvements, signage, equipment, and interior buildouts in TIF districts.</i>\n"},"styleUrl":"#sbif_project","label-scale":0.7,"icon-opacity":1,"icon-color":"#00ff00","icon-scale":0.8,"icon":"http://maps.google.com/mapfiles/kml/paddle/grn-circle.png"}},{"type":"Feature","geometry":{"type":"Point","coordinates":[-87.56224,41.75179,0]},"properties":{"name":"Liberty Hardware Enterprise, Inc.","description":{"@type":"html","value":"\n<b>Applicant:</b> Shabbir Motorwala<br/>\n<b>Address:</b> 2534.0 E 79th St<br/>\n<b>Ward:</b> 7<br/>\n<b>Community Area:</b> South Shore<br/>\n<b>TIF District:</b> Avalon Park/South Shore<br/>\n<br/>\n<b>Incentive Amount:</b> $31,161.36<br/>\n<b>Total Project Cost:</b> $41,548.48<br/>\n<b>Completion Date:</b> 01/03/2020<br/>\n<b>Property Type:</b> Retail<br/>\n<br/>\n<b>Project Description:</b><br/>\nComplete tear-off of existing roof, installation of new insulation, modified bitumen membrane roofing system, new flashing, gutters, and down spouts and installation of a commercial steel door including framing and hardware.\n<br/><br/>\n<i>SBIF provides grants of $10K-$100K for facade improvements, signage, equipment, and interior buildouts in TIF districts.</i>\n"},"styleUrl":"#sbif_project","label-scale":0.7,"icon-opacity":1,"icon-color":"#00ff00","icon-scale":0.8,"icon":"http://maps.google.com/mapfiles/kml/paddle/grn-circle.png"}},{"type":"Feature","geometry":{"type":"Point","coordinates":[-87.58487,41.73842,0]},"properties":{"name":"ECARG, Inc. dba Chicagoland Ham- SI","description":{"@type":"html","value":"\n<b>Applicant:</b> Robert C. Williams<br/>\n<b>Address:</b> 8615.0 S Stony Island Ave<br/>\n<b>Ward:</b> 8<br/>\n<b>Community Area:</b> Avalon Park<br/>\n<b>TIF District:</b> Stony Island/Burnside<br/>\n<br/>\n<b>Incentive Amount:</b> $45,157.5<br/>\n<b>Total Project Cost:</b> $50,175<br/>\n<b>Completion Date:</b> 01/26/2023<br/>\n<b>Property Type:</b> General Commercial<br/>\n<br/>\n<b>Project Description:</b><br/>\nHVAC and prep-room flooring, exterior renovations including installation of two (2) double framed aluminum commercial glass windows. Interior renovations including repair of freezers with one condensing unit for walk-in cooler, install two horse trays and new evaporator, relocate condensing unit outside of the west walk-in cooler, reconnect and pressure test; painting of the ceiling, and application of epoxy flooring system.\n<br/><br/>\n<i>SBIF provides grants of $10K-$100K for facade improvements, signage, equipment, and interior buildouts in TIF districts.</i>\n"},"styleUrl":"#sbif_project","label-scale":0.7,"icon-opacity":1,"icon-color":"#00ff00","icon-scale":0.8,"icon":"http://maps.google.com/mapfiles/kml/paddle/grn-circle.png"}},{"type":"Feature","geometry":{"type":"Point","coordinates":[-87.57939,41.75197,0]},"properties":{"name":"Asheli, LLC","description":{"@type":"html","value":"\n<b>Applicant:</b> Dipak Lodhia<br/>\n<b>Address:</b> 7851.0 S Constance Ave<br/>\n<b>Ward:</b> 8<br/>\n<b>Community Area:</b> South Shore<br/>\n<b>TIF District:</b> Avalon Park/South Shore<br/>\n<br/>\n<b>Incentive Amount:</b> $41,250<br/>\n<b>Total Project Cost:</b> $82,500<br/>\n<b>Completion Date:</b> 05/09/2014<br/>\n<b>Property Type:</b> Commercial<br/>\n<br/>\n<b>Project Description:</b><br/>\nOffice build-out: framing and walls, HVAC, plumbing, electrical, insulation, drywall, carpentry, countertops, tile work, carpet, painting.\n<br/><br/>\n<i>SBIF provides grants of $10K-$100K for facade improvements, signage, equipment, and interior buildouts in TIF districts.</i>\n"},"styleUrl":"#sbif_project","label-scale":0.7,"icon-opacity":1,"icon-color":"#00ff00","icon-scale":0.8,"icon":"http://maps.google.com/mapfiles/kml/paddle/grn-circle.png"}},{"type":"Feature","geometry":{"type":"Point","coordinates":[-87.59578,41.73707,0]},"properties":{"name":"ADR Enterprises dba Blu Salon & Cut Barbershop","description":{"@type":"html","value":"\n<b>Applicant:</b> Astor Rogers<br/>\n<b>Address:</b> 1140.0 E 87th St<br/>\n<b>Ward:</b> 8<br/>\n<b>Community Area:</b> Chatham<br/>\n<b>TIF District:</b> Stony Island/Burnside<br/>\n<br/>\n<b>Incentive Amount:</b> $81,167.29<br/>\n<b>Total Project Cost:</b> $108,978.05<br/>\n<b>Completion Date:</b> 07/09/2018<br/>\n<b>Property Type:</b> Commercial<br/>\n<br/>\n<b>Project Description:</b><br/>\nTear-off roof down to existing decking, repair decking as needed, repair roof for proper drainage, install new insulation, cant strip, roof vents, and base underlayment, and finish with new rubber membrane system, new flashings, an aluminum coating, and reinstall coping tiles, exterior waterproofing system including a new drain tile system, sump pump, and concrete work around the building; install one (1) 4’x8’ sign frame (business specific signage expenses not included); HVAC improvements including new mini-split system; electrical work including supply of 120/240, structural support system for sign raceway and junction points, installation of battery backup lights, and smoke detectors.\n<br/><br/>\n<i>SBIF provides grants of $10K-$100K for facade improvements, signage, equipment, and interior buildouts in TIF districts.</i>\n"},"styleUrl":"#sbif_project","label-scale":0.7,"icon-opacity":1,"icon-color":"#00ff00","icon-scale":0.8,"icon":"http://maps.google.com/mapfiles/kml/paddle/grn-circle.png"}},{"type":"Feature","geometry":{"type":"Point","coordinates":[-87.55235,41.73004,0]},"properties":{"name":"Chicago Legal Clinic, Inc.","description":{"@type":"html","value":"\n<b>Applicant:</b> Edward Grossman<br/>\n<b>Address:</b> 2938.0 E 91st St<br/>\n<b>Ward:</b> 10<br/>\n<b>Community Area:</b> South Chicago<br/>\n<b>TIF District:</b> Commercial Avenue<br/>\n<br/>\n<b>Incentive Amount:</b> $100,000<br/>\n<b>Total Project Cost:</b> $133,394<br/>\n<b>Completion Date:</b> 11/28/2016<br/>\n<b>Property Type:</b> Commercial<br/>\n<br/>\n<b>Project Description:</b><br/>\nMasonry repairs on west and north elevations including rebuilding the south end of the west elevation parapet wall, installing new steel lintels, tuckpointing the interior of the parapet, tuckpointing on upper section of north elevation, and restoration of limestone door sills at front entry; roofing repairs to refurbish the existing roofing system including application of an aluminized roof coating.\n<br/><br/>\n<i>SBIF provides grants of $10K-$100K for facade improvements, signage, equipment, and interior buildouts in TIF districts.</i>\n"},"styleUrl":"#sbif_project","label-scale":0.7,"icon-opacity":1,"icon-color":"#00ff00","icon-scale":0.8,"icon":"http://maps.google.com/mapfiles/kml/paddle/grn-circle.png"}},{"type":"Feature","geometry":{"type":"Point","coordinates":[-87.56122,41.72282,0]},"properties":{"name":"Jeffery Manor Auto Wash, Inc.","description":{"@type":"html","value":"\n<b>Applicant:</b> Kenneth Opiela<br/>\n<b>Address:</b> 2544.0 E 95th St<br/>\n<b>Ward:</b> 7<br/>\n<b>Community Area:</b> Calumet Heights<br/>\n<b>TIF District:</b> Commercial Avenue<br/>\n<br/>\n<b>Incentive Amount:</b> $23,868.25<br/>\n<b>Total Project Cost:</b> $40,000<br/>\n<b>Completion Date:</b> 12/09/2015<br/>\n<b>Property Type:</b> Commercial<br/>\n<br/>\n<b>Project Description:</b><br/>\nRemoval of all existing wall and ceiling coverings in car wash tunnel and frame out new structural metal I-beam and columns; install new plastic paneling system over walls and ceiling to prevent moisture seepage and water damage, and reinstall all electrical and gas piping, fixtures, and mechanicals.\n<br/><br/>\n<i>SBIF provides grants of $10K-$100K for facade improvements, signage, equipment, and interior buildouts in TIF districts.</i>\n"},"styleUrl":"#sbif_project","label-scale":0.7,"icon-opacity":1,"icon-color":"#00ff00","icon-scale":0.8,"icon":"http://maps.google.com/mapfiles/kml/paddle/grn-circle.png"}},{"type":"Feature","geometry":{"type":"Point","coordinates":[-87.54139,41.72861,0]},"properties":{"name":"Paket Corp.","description":{"@type":"html","value":"\n<b>Applicant:</b> Mark O&apos;Malley<br/>\n<b>Address:</b> 9165.0 S Harbor Ave<br/>\n<b>Ward:</b> 10<br/>\n<b>Community Area:</b> South Chicago<br/>\n<b>TIF District:</b> South Chicago<br/>\n<br/>\n<b>Incentive Amount:</b> $23,565<br/>\n<b>Total Project Cost:</b> $47,130<br/>\n<b>Completion Date:</b> 10/04/2019<br/>\n<b>Property Type:</b> Manufacturing<br/>\n<br/>\n<b>Project Description:</b><br/>\nInstallation of a new roofing system including insulation, flashing, pitch pans, modified bitumen membrane, new 24 gauge galvanized steel counter-flashings and remove five (5) abandoned curbs and deck in with new panels.\n<br/><br/>\n<i>SBIF provides grants of $10K-$100K for facade improvements, signage, equipment, and interior buildouts in TIF districts.</i>\n"},"styleUrl":"#sbif_project","label-scale":0.7,"icon-opacity":1,"icon-color":"#00ff00","icon-scale":0.8,"icon":"http://maps.google.com/mapfiles/kml/paddle/grn-circle.png"}},{"type":"Feature","geometry":{"type":"Point","coordinates":[-87.57287,41.75166,0]},"properties":{"name":"Barry Technologies Inc.","description":{"@type":"html","value":"\n<b>Applicant:</b> Bernard Barry<br/>\n<b>Address:</b> 2115.0 E 79th St<br/>\n<b>Ward:</b> 8<br/>\n<b>Community Area:</b> South Chicago<br/>\n<b>TIF District:</b> Avalon Park/South Shore<br/>\n<br/>\n<b>Incentive Amount:</b> $30,789<br/>\n<b>Total Project Cost:</b> $36,300<br/>\n<b>Completion Date:</b> 01/07/2025<br/>\n<b>Property Type:</b> Mixed Use: Retail and Residential<br/>\n<br/>\n<b>Project Description:</b><br/>\nInstallation of a new aluminum storefront system including all door hardware, install limestone sills, installation of lintel, grinding all mortar joints and tuckpointing on the north elevation, rebuild of the limestone knee walls with new textured cast stone, chemical cleaning.\n<br/><br/>\n<i>SBIF provides grants of $10K-$100K for facade improvements, signage, equipment, and interior buildouts in TIF districts.</i>\n"},"styleUrl":"#sbif_project","label-scale":0.7,"icon-opacity":1,"icon-color":"#00ff00","icon-scale":0.8,"icon":"http://maps.google.com/mapfiles/kml/paddle/grn-circle.png"}},{"type":"Feature","geometry":{"type":"Point","coordinates":[-87.60009,41.72476,0]},"properties":{"name":"Estee Bedding Co","description":{"@type":"html","value":"\n<b>Applicant:</b> Tim Enright<br/>\n<b>Address:</b> 945.0 E 93rd St<br/>\n<b>Ward:</b> 8<br/>\n<b>Community Area:</b> Burnside<br/>\n<b>TIF District:</b> Stony Island/Burnside<br/>\n<br/>\n<b>Incentive Amount:</b> $18,287.5<br/>\n<b>Total Project Cost:</b> $36,575<br/>\n<b>Completion Date:</b> 08/16/2012<br/>\n<b>Property Type:</b> Industrial<br/>\n<br/>\n<b>Project Description:</b><br/>\nRenovations to commercial property.\n<br/><br/>\n<i>SBIF provides grants of $10K-$100K for facade improvements, signage, equipment, and interior buildouts in TIF districts.</i>\n"},"styleUrl":"#sbif_project","label-scale":0.7,"icon-opacity":1,"icon-color":"#00ff00","icon-scale":0.8,"icon":"http://maps.google.com/mapfiles/kml/paddle/grn-circle.png"}},{"type":"Feature","geometry":{"type":"Point","coordinates":[-87.54139,41.72861,0]},"properties":{"name":"Paket Corp.","description":{"@type":"html","value":"\n<b>Applicant:</b> Mark O&apos;Malley<br/>\n<b>Address:</b> 9165.0 S Harbor Ave<br/>\n<b>Ward:</b> 10<br/>\n<b>Community Area:</b> South Chicago<br/>\n<b>TIF District:</b> South Chicago<br/>\n<br/>\n<b>Incentive Amount:</b> $150,000<br/>\n<b>Total Project Cost:</b> $301,167<br/>\n<b>Completion Date:</b> 10/24/2014<br/>\n<b>Property Type:</b> Industrial<br/>\n<br/>\n<b>Project Description:</b><br/>\nLeveling, smoothing, priming and re-paving of asphalt parking lot including striping and wheel stops, removal of old chain link fencing and installation of new high steel fence with high rolling gate system, roofing including removal of defunct metal framing, installation of 16 new gypsum deck panels, new insulation, repairing drains including tapered insulation, raising of gas line, new flashings against brick walls and skylight, aluminum coating, and new metal edges, removal of old windows and frames, damaged masonry, and installation of new glass black windows on north and south walls including exhaust fans, vents and limestone sills on 5 of the windows.\n<br/><br/>\n<i>SBIF provides grants of $10K-$100K for facade improvements, signage, equipment, and interior buildouts in TIF districts.</i>\n"},"styleUrl":"#sbif_project","label-scale":0.7,"icon-opacity":1,"icon-color":"#00ff00","icon-scale":0.8,"icon":"http://maps.google.com/mapfiles/kml/paddle/grn-circle.png"}},{"type":"Feature","geometry":{"type":"Point","coordinates":[-87.58291,41.73694,0]},"properties":{"name":"Nasser Diab (Landlord - 1654-58 E. 87th)","description":{"@type":"html","value":"\n<b>Applicant:</b> Nasser Diab<br/>\n<b>Address:</b> 1658.0 E 87th St<br/>\n<b>Ward:</b> 8<br/>\n<b>Community Area:</b> Avalon Park<br/>\n<b>TIF District:</b> Stony Island/Burnside<br/>\n<br/>\n<b>Incentive Amount:</b> $11,492.25<br/>\n<b>Total Project Cost:</b> $15,323<br/>\n<b>Completion Date:</b> 10/05/2015<br/>\n<b>Property Type:</b> Commercial<br/>\n<br/>\n<b>Project Description:</b><br/>\nInstallation of a hot water tank; installation of high efficiency furnace and two (2) air conditioning units, new ductwork, and all necessary gas and electrical piping and connections.\n<br/><br/>\n<i>SBIF provides grants of $10K-$100K for facade improvements, signage, equipment, and interior buildouts in TIF districts.</i>\n"},"styleUrl":"#sbif_project","label-scale":0.7,"icon-opacity":1,"icon-color":"#00ff00","icon-scale":0.8,"icon":"http://maps.google.com/mapfiles/kml/paddle/grn-circle.png"}},{"type":"Feature","geometry":{"type":"Point","coordinates":[-87.60527,41.72726,0]},"properties":{"name":"Swing N Putt Youth Golf Foundation","description":{"@type":"html","value":"\n<b>Applicant:</b> Charles Berry<br/>\n<b>Address:</b> 747.0 E 92nd St<br/>\n<b>Ward:</b> 9<br/>\n<b>Community Area:</b> Chatham<br/>\n<b>TIF District:</b> 87th/Cottage Grove<br/>\n<br/>\n<b>Incentive Amount:</b> $6,963.75<br/>\n<b>Total Project Cost:</b> $9,285<br/>\n<b>Completion Date:</b> 03/29/2011<br/>\n<b>Property Type:</b> Commercial<br/>\n<br/>\n<b>Project Description:</b><br/>\nWindow replacement.\n<br/><br/>\n<i>SBIF provides grants of $10K-$100K for facade improvements, signage, equipment, and interior buildouts in TIF districts.</i>\n"},"styleUrl":"#sbif_project","label-scale":0.7,"icon-opacity":1,"icon-color":"#00ff00","icon-scale":0.8,"icon":"http://maps.google.com/mapfiles/kml/paddle/grn-circle.png"}},{"type":"Feature","geometry":{"type":"Point","coordinates":[-87.58524,41.73809,0]},"properties":{"name":"Flowers Unlimited & Gifts Inc.","description":{"@type":"html","value":"\n<b>Applicant:</b> Rainier Fortinaeux<br/>\n<b>Address:</b> 8621.0 S Stony Island Ave<br/>\n<b>Ward:</b> 8<br/>\n<b>Community Area:</b> Avalon Park<br/>\n<b>TIF District:</b> Stony Island/Burnside<br/>\n<br/>\n<b>Incentive Amount:</b> $53,689.5<br/>\n<b>Total Project Cost:</b> $71,586<br/>\n<b>Completion Date:</b> 11/14/2018<br/>\n<b>Property Type:</b> Commercial<br/>\n<br/>\n<b>Project Description:</b><br/>\nRemove and replace the roofing system at 8621 S. Stony Island only (demolition; furnish and install new insulation, base sheet, modified bitumen membrane, flashings, gutters, and downspouts), remove the existing storefront system at 8621 S. Stony Island and replace with new frames, glass, and doors.\n<br/><br/>\n<i>SBIF provides grants of $10K-$100K for facade improvements, signage, equipment, and interior buildouts in TIF districts.</i>\n"},"styleUrl":"#sbif_project","label-scale":0.7,"icon-opacity":1,"icon-color":"#00ff00","icon-scale":0.8,"icon":"http://maps.google.com/mapfiles/kml/paddle/grn-circle.png"}},{"type":"Feature","geometry":{"type":"Point","coordinates":[-87.58049,41.75171,0]},"properties":{"name":"Adam Seafood, Inc. dba Shrimp House","description":{"@type":"html","value":"\n<b>Applicant:</b> Aicha Dahle<br/>\n<b>Address:</b> 1800.0 E 79th St<br/>\n<b>Ward:</b> 8<br/>\n<b>Community Area:</b> South Shore<br/>\n<b>TIF District:</b> RTZ - South Shore<br/>\n<br/>\n<b>Incentive Amount:</b> $250,000<br/>\n<b>Total Project Cost:</b> $366,016<br/>\n<b>Completion Date:</b> 01/07/2021<br/>\n<b>Property Type:</b> General Commercial<br/>\n<br/>\n<b>Project Description:</b><br/>\nDemolish storefront and replace with new storefront system including new windows and entry door; interior demolition and buildout (walls, ceiling, trim, and painting), structural improvements, interior doors and front counter security glass wall; mechanical improvements including HVAC rooftop unit, ductwork, gas piping, exhaust fans, make-up air unit; electrical work including replacement of existing electrical panel, conduit, wiring, outlets, lighting, and access to exterior lighting; plumbing for restrooms and restaurant (underground piping, hot and cold water lines, grease trap, and plumbing fixtures); walk in cooler and kitchen hood; permit, architect and contractor fees.\n<br/><br/>\n<i>SBIF provides grants of $10K-$100K for facade improvements, signage, equipment, and interior buildouts in TIF districts.</i>\n"},"styleUrl":"#sbif_project","label-scale":0.7,"icon-opacity":1,"icon-color":"#00ff00","icon-scale":0.8,"icon":"http://maps.google.com/mapfiles/kml/paddle/grn-circle.png"}},{"type":"Feature","geometry":{"type":"Point","coordinates":[-87.58291,41.73694,0]},"properties":{"name":"Fashion Corner","description":{"@type":"html","value":"\n<b>Applicant:</b> Nasser Diab<br/>\n<b>Address:</b> 1658.0 E 87th St<br/>\n<b>Ward:</b> 8<br/>\n<b>Community Area:</b> Avalon Park<br/>\n<b>TIF District:</b> Stony Island/Burnside<br/>\n<br/>\n<b>Incentive Amount:</b> $37,516.25<br/>\n<b>Total Project Cost:</b> $75,032.5<br/>\n<b>Completion Date:</b> 02/16/2007<br/>\n<b>Property Type:</b> Landlord<br/>\n<br/>\n<b>Project Description:</b><br/>\nReplacement and/or repair of roof, HVAC.\n<br/><br/>\n<i>SBIF provides grants of $10K-$100K for facade improvements, signage, equipment, and interior buildouts in TIF districts.</i>\n"},"styleUrl":"#sbif_project","label-scale":0.7,"icon-opacity":1,"icon-color":"#00ff00","icon-scale":0.8,"icon":"http://maps.google.com/mapfiles/kml/paddle/grn-circle.png"}},{"type":"Feature","geometry":{"type":"Point","coordinates":[-87.59382,41.72253,0]},"properties":{"name":"Cattlemens Custom Meats","description":{"@type":"html","value":"\n<b>Applicant:</b> Martin Casper<br/>\n<b>Address:</b> 1214.0 E 95th St<br/>\n<b>Ward:</b> 8<br/>\n<b>Community Area:</b> Burnside<br/>\n<b>TIF District:</b> Stony Island/Burnside<br/>\n<br/>\n<b>Incentive Amount:</b> $19,649.44<br/>\n<b>Total Project Cost:</b> $39,298.88<br/>\n<b>Completion Date:</b> 11/23/2009<br/>\n<b>Property Type:</b> Industrial<br/>\n<br/>\n<b>Project Description:</b><br/>\nBlock up 3 brick openings used for trailers, two story freezer with alleyway to loading docks.\n<br/><br/>\n<i>SBIF provides grants of $10K-$100K for facade improvements, signage, equipment, and interior buildouts in TIF districts.</i>\n"},"styleUrl":"#sbif_project","label-scale":0.7,"icon-opacity":1,"icon-color":"#00ff00","icon-scale":0.8,"icon":"http://maps.google.com/mapfiles/kml/paddle/grn-circle.png"}},{"type":"Feature","geometry":{"type":"Point","coordinates":[-87.56224,41.75179,0]},"properties":{"name":"Liberty Hardware Enterprise, Inc.","description":{"@type":"html","value":"\n<b>Applicant:</b> Shabbir Motorwala<br/>\n<b>Address:</b> 2534.0 E 79th St<br/>\n<b>Ward:</b> 7<br/>\n<b>Community Area:</b> South Shore<br/>\n<b>TIF District:</b> Avalon Park/South Shore<br/>\n<br/>\n<b>Incentive Amount:</b> $56,914.79<br/>\n<b>Total Project Cost:</b> $75,886.38<br/>\n<b>Completion Date:</b> 05/06/2015<br/>\n<b>Property Type:</b> Commercial<br/>\n<br/>\n<b>Project Description:</b><br/>\nDemolish old roof and replace with new roof for 2534 E. 79th St., new storefront systems for 2534 and 2538 E. 79th St.\n<br/><br/>\n<i>SBIF provides grants of $10K-$100K for facade improvements, signage, equipment, and interior buildouts in TIF districts.</i>\n"},"styleUrl":"#sbif_project","label-scale":0.7,"icon-opacity":1,"icon-color":"#00ff00","icon-scale":0.8,"icon":"http://maps.google.com/mapfiles/kml/paddle/grn-circle.png"}},{"type":"Feature","geometry":{"type":"Point","coordinates":[-87.5808,41.73699,0]},"properties":{"name":"Jeune Nazon","description":{"@type":"html","value":"\n<b>Applicant:</b> Jeune Nazon<br/>\n<b>Address:</b> 1750.0 E 87th St<br/>\n<b>Ward:</b> 8<br/>\n<b>Community Area:</b> Avalon Park<br/>\n<b>TIF District:</b> Stony Island/Burnside<br/>\n<br/>\n<b>Incentive Amount:</b> $50,000<br/>\n<b>Total Project Cost:</b> $77,422.47<br/>\n<b>Completion Date:</b> 03/17/2005<br/>\n<b>Property Type:</b> Landlord<br/>\n<br/>\n<b>Project Description:</b><br/>\nParking, interior, exterior, HVAC, roof, storefront, parking, interior, exterior, HVAC, roof, storefront.\n<br/><br/>\n<i>SBIF provides grants of $10K-$100K for facade improvements, signage, equipment, and interior buildouts in TIF districts.</i>\n"},"styleUrl":"#sbif_project","label-scale":0.7,"icon-opacity":1,"icon-color":"#00ff00","icon-scale":0.8,"icon":"http://maps.google.com/mapfiles/kml/paddle/grn-circle.png"}},{"type":"Feature","geometry":{"type":"Point","coordinates":[-87.55114,41.72663,0]},"properties":{"name":"Dry Clean Direct of Chicago, Inc.","description":{"@type":"html","value":"\n<b>Applicant:</b> Syed Shah<br/>\n<b>Address:</b> 9300.0 S Commercial Ave<br/>\n<b>Ward:</b> 10<br/>\n<b>Community Area:</b> Calumet Heights<br/>\n<b>TIF District:</b> Commercial Avenue<br/>\n<br/>\n<b>Incentive Amount:</b> $99,750<br/>\n<b>Total Project Cost:</b> $133,000<br/>\n<b>Completion Date:</b> 02/06/2015<br/>\n<b>Property Type:</b> Commercial<br/>\n<br/>\n<b>Project Description:</b><br/>\nMasonry repairs to front entryway; resurfacing and striping of parking lot; power washing and tuck pointing to building, install rooftop evaporative cooler; install new boiler, blow down, and water return tanks; plumbing repairs; remove and replace lighting and associated electrical; install 100 gallon energy efficient commercial water heater.\n<br/><br/>\n<i>SBIF provides grants of $10K-$100K for facade improvements, signage, equipment, and interior buildouts in TIF districts.</i>\n"},"styleUrl":"#sbif_project","label-scale":0.7,"icon-opacity":1,"icon-color":"#00ff00","icon-scale":0.8,"icon":"http://maps.google.com/mapfiles/kml/paddle/grn-circle.png"}},{"type":"Feature","geometry":{"type":"Point","coordinates":[-87.58176,41.73696,0]},"properties":{"name":"TAA Properties, LLC","description":{"@type":"html","value":"\n<b>Applicant:</b> Ty Bradford<br/>\n<b>Address:</b> 1725.0 E 87th St<br/>\n<b>Ward:</b> 8<br/>\n<b>Community Area:</b> Calumet Heights<br/>\n<b>TIF District:</b> Stony Island/Burnside<br/>\n<br/>\n<b>Incentive Amount:</b> $96,896.25<br/>\n<b>Total Project Cost:</b> $129,195<br/>\n<b>Completion Date:</b> 10/09/2020<br/>\n<b>Property Type:</b> General Commercial<br/>\n<br/>\n<b>Project Description:</b><br/>\nRoofing repairs including installation of new plywood, insulation, and TPO membrane roofing system, metal caps, and storm piping; façade renovations including rebuild front masonry façade, paint trim, tuck-pointing, installation of a storefront system including new aluminum framing with windows doors, and cement board panels; interior renovations include painting, new VCT flooring and baseboards, acoustical ceilings, new doors, and HVAC work including two (2) new 2.5 ton rooftop units and air handlers.\n<br/><br/>\n<i>SBIF provides grants of $10K-$100K for facade improvements, signage, equipment, and interior buildouts in TIF districts.</i>\n"},"styleUrl":"#sbif_project","label-scale":0.7,"icon-opacity":1,"icon-color":"#00ff00","icon-scale":0.8,"icon":"http://maps.google.com/mapfiles/kml/paddle/grn-circle.png"}},{"type":"Feature","geometry":{"type":"Point","coordinates":[-87.58479,41.73028,0]},"properties":{"name":"Pancakes Crepes Amour","description":{"@type":"html","value":"\n<b>Applicant:</b> Rory C Trotter<br/>\n<b>Address:</b> 9031.0 S Stony Island Ave<br/>\n<b>Ward:</b> 8<br/>\n<b>Community Area:</b> Calumet Heights<br/>\n<b>TIF District:</b> Stony Island/Burnside<br/>\n<br/>\n<b>Incentive Amount:</b> $22,446.61<br/>\n<b>Total Project Cost:</b> $44,893.22<br/>\n<b>Completion Date:</b> 06/11/2012<br/>\n<b>Property Type:</b> Commercial<br/>\n<br/>\n<b>Project Description:</b><br/>\nComplete renovation.\n<br/><br/>\n<i>SBIF provides grants of $10K-$100K for facade improvements, signage, equipment, and interior buildouts in TIF districts.</i>\n"},"styleUrl":"#sbif_project","label-scale":0.7,"icon-opacity":1,"icon-color":"#00ff00","icon-scale":0.8,"icon":"http://maps.google.com/mapfiles/kml/paddle/grn-circle.png"}},{"type":"Feature","geometry":{"type":"Point","coordinates":[-87.6075,41.75123,0]},"properties":{"name":"LSE Enterprises, Inc. dba Larry's Barber College","description":{"@type":"html","value":"\n<b>Applicant:</b> Larry Roberts Jr.<br/>\n<b>Address:</b> 701.0 E 79th St<br/>\n<b>Ward:</b> 6<br/>\n<b>Community Area:</b> Chatham<br/>\n<b>TIF District:</b> 87th/Cottage Grove<br/>\n<br/>\n<b>Incentive Amount:</b> $60,300<br/>\n<b>Total Project Cost:</b> $82,000<br/>\n<b>Completion Date:</b> 08/24/2020<br/>\n<b>Property Type:</b> Mixed-Use: Retail and Commercial<br/>\n<br/>\n<b>Project Description:</b><br/>\nDemolish existing windows, tile flooring, and HVAC; furnish and install new front windows; furnish and install three new furnaces and three new a/c condensers; upgrade electrical panels to accommodate increased electrical; install eight interior lights and three side lights; furnish and install three new interior doors; furnish and install approx. 4,500 SF of new vinyl tile flooring; permit expenses.\n<br/><br/>\n<i>SBIF provides grants of $10K-$100K for facade improvements, signage, equipment, and interior buildouts in TIF districts.</i>\n"},"styleUrl":"#sbif_project","label-scale":0.7,"icon-opacity":1,"icon-color":"#00ff00","icon-scale":0.8,"icon":"http://maps.google.com/mapfiles/kml/paddle/grn-circle.png"}},{"type":"Feature","geometry":{"type":"Point","coordinates":[-87.56122,41.72282,0]},"properties":{"name":"Jeffery Manor Auto Wash, Inc.","description":{"@type":"html","value":"\n<b>Applicant:</b> Kenneth Opiela<br/>\n<b>Address:</b> 2544.0 E 95th St<br/>\n<b>Ward:</b> 7<br/>\n<b>Community Area:</b> Calumet Heights<br/>\n<b>TIF District:</b> Commercial Avenue<br/>\n<br/>\n<b>Incentive Amount:</b> $44,313<br/>\n<b>Total Project Cost:</b> $59,084<br/>\n<b>Completion Date:</b> 08/04/2014<br/>\n<b>Property Type:</b> Commercial<br/>\n<br/>\n<b>Project Description:</b><br/>\nElectrical renovations to vacuum islands and light pole; new entry and storm doors; new windows; demolition of chain link fencing and installation of metal fencing; demolition and replacement of concrete retaining wall; incidental masonry repair needed for new windows; furnish and install roll up overhead door and associated electrical wiring; façade repairs; permit expenses, asbestos abatement; demolition and removal of existing wall paneling; install new PVC paneling on walls and ceiling; removal of asbestos.\n<br/><br/>\n<i>SBIF provides grants of $10K-$100K for facade improvements, signage, equipment, and interior buildouts in TIF districts.</i>\n"},"styleUrl":"#sbif_project","label-scale":0.7,"icon-opacity":1,"icon-color":"#00ff00","icon-scale":0.8,"icon":"http://maps.google.com/mapfiles/kml/paddle/grn-circle.png"}},{"type":"Feature","geometry":{"type":"Point","coordinates":[-87.55235,41.73004,0]},"properties":{"name":"CLCET, Inc.","description":{"@type":"html","value":"\n<b>Applicant:</b> Edward Grossman<br/>\n<b>Address:</b> 2938.0 E 91st St<br/>\n<b>Ward:</b> 10<br/>\n<b>Community Area:</b> South Chicago<br/>\n<b>TIF District:</b> Commercial Avenue<br/>\n<br/>\n<b>Incentive Amount:</b> $37,500<br/>\n<b>Total Project Cost:</b> $50,000<br/>\n<b>Completion Date:</b> 05/26/2009<br/>\n<b>Property Type:</b> Commercial<br/>\n<br/>\n<b>Project Description:</b><br/>\nBoiler.\n<br/><br/>\n<i>SBIF provides grants of $10K-$100K for facade improvements, signage, equipment, and interior buildouts in TIF districts.</i>\n"},"styleUrl":"#sbif_project","label-scale":0.7,"icon-opacity":1,"icon-color":"#00ff00","icon-scale":0.8,"icon":"http://maps.google.com/mapfiles/kml/paddle/grn-circle.png"}},{"type":"Feature","geometry":{"type":"Point","coordinates":[-87.56122,41.72282,0]},"properties":{"name":"Jeffery Manor Auto Wash, Inc.","description":{"@type":"html","value":"\n<b>Applicant:</b> Kenneth Opiela<br/>\n<b>Address:</b> 2544.0 E 95th St<br/>\n<b>Ward:</b> 7<br/>\n<b>Community Area:</b> Calumet Heights<br/>\n<b>TIF District:</b> Commercial Avenue<br/>\n<br/>\n<b>Incentive Amount:</b> $31,818.75<br/>\n<b>Total Project Cost:</b> $42,425<br/>\n<b>Completion Date:</b> 08/31/2012<br/>\n<b>Property Type:</b> Commercial<br/>\n<br/>\n<b>Project Description:</b><br/>\nHot water heater, furnace.\n<br/><br/>\n<i>SBIF provides grants of $10K-$100K for facade improvements, signage, equipment, and interior buildouts in TIF districts.</i>\n"},"styleUrl":"#sbif_project","label-scale":0.7,"icon-opacity":1,"icon-color":"#00ff00","icon-scale":0.8,"icon":"http://maps.google.com/mapfiles/kml/paddle/grn-circle.png"}},{"type":"Feature","geometry":{"type":"Point","coordinates":[-87.60499,41.75807,0]},"properties":{"name":"Ellana Designs Boutique","description":{"@type":"html","value":"\n<b>Applicant:</b> Ella Dukes<br/>\n<b>Address:</b> 7511.0 S Cottage Grove Ave<br/>\n<b>Ward:</b> 6<br/>\n<b>Community Area:</b> Greater Grand Crossing<br/>\n<b>TIF District:</b> 87th/Cottage Grove<br/>\n<br/>\n<b>Incentive Amount:</b> $72,975<br/>\n<b>Total Project Cost:</b> $97,300<br/>\n<b>Completion Date:</b> 09/03/2008<br/>\n<b>Property Type:</b> Commercial<br/>\n<br/>\n<b>Project Description:</b><br/>\nRoofing, HVAC, lighting, stairs, drywall, electrical, remove pipes; signage.\n<br/><br/>\n<i>SBIF provides grants of $10K-$100K for facade improvements, signage, equipment, and interior buildouts in TIF districts.</i>\n"},"styleUrl":"#sbif_project","label-scale":0.7,"icon-opacity":1,"icon-color":"#00ff00","icon-scale":0.8,"icon":"http://maps.google.com/mapfiles/kml/paddle/grn-circle.png"}},{"type":"Feature","geometry":{"type":"Point","coordinates":[-87.60461,41.72725,0]},"properties":{"name":"Debra A Pernell Agency","description":{"@type":"html","value":"\n<b>Applicant:</b> Debra A Pernell Agency<br/>\n<b>Address:</b> 9206.0 S Cottage Grove Ave<br/>\n<b>Ward:</b> 9<br/>\n<b>Community Area:</b> Chatham<br/>\n<b>TIF District:</b> 87th/Cottage Grove<br/>\n<br/>\n<b>Incentive Amount:</b> $50,000<br/>\n<b>Total Project Cost:</b> $109,813.27<br/>\n<b>Completion Date:</b> 04/23/2008<br/>\n<b>Property Type:</b> Commercial<br/>\n<br/>\n<b>Project Description:</b><br/>\nBrickwork - tuckpointing, furnace, electrical, plumbing, roof, new bath and kitchen.\n<br/><br/>\n<i>SBIF provides grants of $10K-$100K for facade improvements, signage, equipment, and interior buildouts in TIF districts.</i>\n"},"styleUrl":"#sbif_project","label-scale":0.7,"icon-opacity":1,"icon-color":"#00ff00","icon-scale":0.8,"icon":"http://maps.google.com/mapfiles/kml/paddle/grn-circle.png"}},{"type":"Feature","geometry":{"type":"Point","coordinates":[-87.57003,41.76629,0]},"properties":{"name":"Surfs Up South Shore LLC dba Surf's Up South Shore","description":{"@type":"html","value":"\n<b>Applicant:</b> Vanetta Roy<br/>\n<b>Address:</b> 2236.0 E 71st St<br/>\n<b>Ward:</b> 5<br/>\n<b>Community Area:</b> South Shore<br/>\n<b>TIF District:</b> 71st/Stony Island<br/>\n<br/>\n<b>Incentive Amount:</b> $41,860.8<br/>\n<b>Total Project Cost:</b> $46,512<br/>\n<b>Completion Date:</b> 08/30/2024<br/>\n<b>Property Type:</b> Mixed Use: Retail and Residential<br/>\n<br/>\n<b>Project Description:</b><br/>\nInterior renovations including replace floor joist as needed, install new plywood, foam insulation, floor cement boards, new ceramic tile flooring, refinish hardwood, ceiling lighting, ceiling tiles, remodel bathroom and office.\n<br/><br/>\n<i>SBIF provides grants of $10K-$100K for facade improvements, signage, equipment, and interior buildouts in TIF districts.</i>\n"},"styleUrl":"#sbif_project","label-scale":0.7,"icon-opacity":1,"icon-color":"#00ff00","icon-scale":0.8,"icon":"http://maps.google.com/mapfiles/kml/paddle/grn-circle.png"}},{"type":"Feature","geometry":{"type":"Point","coordinates":[-87.60472,41.73195,0]},"properties":{"name":"LP's Wash-O-Matic","description":{"@type":"html","value":"\n<b>Applicant:</b> Lalita Fields<br/>\n<b>Address:</b> 8932.0 S Cottage Grove Ave<br/>\n<b>Ward:</b> 8<br/>\n<b>Community Area:</b> Chatham<br/>\n<b>TIF District:</b> 87th/Cottage Grove<br/>\n<br/>\n<b>Incentive Amount:</b> $45,351<br/>\n<b>Total Project Cost:</b> $60,468<br/>\n<b>Completion Date:</b> 03/02/2021<br/>\n<b>Property Type:</b> Mixed-Use: Retail and Residential<br/>\n<br/>\n<b>Project Description:</b><br/>\nRemoval of siding, wood repairs as needed, install insulation, new vinyl siding, and aluminum window capping.\n<br/><br/>\n<i>SBIF provides grants of $10K-$100K for facade improvements, signage, equipment, and interior buildouts in TIF districts.</i>\n"},"styleUrl":"#sbif_project","label-scale":0.7,"icon-opacity":1,"icon-color":"#00ff00","icon-scale":0.8,"icon":"http://maps.google.com/mapfiles/kml/paddle/grn-circle.png"}},{"type":"Feature","geometry":{"type":"Point","coordinates":[-87.58297,41.73694,0]},"properties":{"name":"Deon's Parfums Colonges & Accessories Inc","description":{"@type":"html","value":"\n<b>Applicant:</b> Adrienne D Rogers<br/>\n<b>Address:</b> 1654.0 E 87th St<br/>\n<b>Ward:</b> 8<br/>\n<b>Community Area:</b> Avalon Park<br/>\n<b>TIF District:</b> Stony Island/Burnside<br/>\n<br/>\n<b>Incentive Amount:</b> $4,266<br/>\n<b>Total Project Cost:</b> $8,532<br/>\n<b>Completion Date:</b> 11/05/2009<br/>\n<b>Property Type:</b> Commercial<br/>\n<br/>\n<b>Project Description:</b><br/>\nShelving, awning, door repair and electrical, interior buildout.\n<br/><br/>\n<i>SBIF provides grants of $10K-$100K for facade improvements, signage, equipment, and interior buildouts in TIF districts.</i>\n"},"styleUrl":"#sbif_project","label-scale":0.7,"icon-opacity":1,"icon-color":"#00ff00","icon-scale":0.8,"icon":"http://maps.google.com/mapfiles/kml/paddle/grn-circle.png"}},{"type":"Feature","geometry":{"type":"Point","coordinates":[-87.54997,41.72826,0]},"properties":{"name":"Christy Family Partnership","description":{"@type":"html","value":"\n<b>Applicant:</b> Nick Christy Georgia Christy<br/>\n<b>Address:</b> 3029.0 E 92nd St<br/>\n<b>Ward:</b> 10<br/>\n<b>Community Area:</b> South Chicago<br/>\n<b>TIF District:</b> Commercial Avenue<br/>\n<br/>\n<b>Incentive Amount:</b> $24,789.5<br/>\n<b>Total Project Cost:</b> $49,579<br/>\n<b>Completion Date:</b> 09/22/2009<br/>\n<b>Property Type:</b> Landlord<br/>\n<br/>\n<b>Project Description:</b><br/>\nHVAC, electrical, plumbing, interior renovation, floor, façade.\n<br/><br/>\n<i>SBIF provides grants of $10K-$100K for facade improvements, signage, equipment, and interior buildouts in TIF districts.</i>\n"},"styleUrl":"#sbif_project","label-scale":0.7,"icon-opacity":1,"icon-color":"#00ff00","icon-scale":0.8,"icon":"http://maps.google.com/mapfiles/kml/paddle/grn-circle.png"}},{"type":"Feature","geometry":{"type":"Point","coordinates":[-87.58477,41.74028,0]},"properties":{"name":"CMJ Medical Enterprises","description":{"@type":"html","value":"\n<b>Applicant:</b> Claudia Johnson<br/>\n<b>Address:</b> 8507.0 S Stony Island Ave<br/>\n<b>Ward:</b> 8<br/>\n<b>Community Area:</b> Avalon Park<br/>\n<b>TIF District:</b> Stony Island/Burnside<br/>\n<br/>\n<b>Incentive Amount:</b> $5,625<br/>\n<b>Total Project Cost:</b> $7,500<br/>\n<b>Completion Date:</b> 03/29/2011<br/>\n<b>Property Type:</b> Commercial<br/>\n<br/>\n<b>Project Description:</b><br/>\nTuckpointing/masonry.\n<br/><br/>\n<i>SBIF provides grants of $10K-$100K for facade improvements, signage, equipment, and interior buildouts in TIF districts.</i>\n"},"styleUrl":"#sbif_project","label-scale":0.7,"icon-opacity":1,"icon-color":"#00ff00","icon-scale":0.8,"icon":"http://maps.google.com/mapfiles/kml/paddle/grn-circle.png"}},{"type":"Feature","geometry":{"type":"Point","coordinates":[-87.60009,41.72476,0]},"properties":{"name":"Estee Bedding Company","description":{"@type":"html","value":"\n<b>Applicant:</b> Timothy Enright<br/>\n<b>Address:</b> 945.0 E 93rd St<br/>\n<b>Ward:</b> 8<br/>\n<b>Community Area:</b> Burnside<br/>\n<b>TIF District:</b> Stony Island/Burnside<br/>\n<br/>\n<b>Incentive Amount:</b> $95,248<br/>\n<b>Total Project Cost:</b> $190,496<br/>\n<b>Completion Date:</b> 07/16/2015<br/>\n<b>Property Type:</b> Industrial<br/>\n<br/>\n<b>Project Description:</b><br/>\nFurnish and install seventeen (17) new infrared heaters and associated valves, thermostats, and piping work; and remove existing windows and replace with glass block windows, restoration of skylights (remove existing wire glass and clean framing; install new flashings, ridge caps, gable end covers, and polycarbonate panels; caulking and sealing).\n<br/><br/>\n<i>SBIF provides grants of $10K-$100K for facade improvements, signage, equipment, and interior buildouts in TIF districts.</i>\n"},"styleUrl":"#sbif_project","label-scale":0.7,"icon-opacity":1,"icon-color":"#00ff00","icon-scale":0.8,"icon":"http://maps.google.com/mapfiles/kml/paddle/grn-circle.png"}},{"type":"Feature","geometry":{"type":"Point","coordinates":[-87.54816,41.72715,0]},"properties":{"name":"Taazadirect, LLC","description":{"@type":"html","value":"\n<b>Applicant:</b> Joseph Musillami<br/>\n<b>Address:</b> 9229.0 S Baltimore Ave<br/>\n<b>Ward:</b> 10<br/>\n<b>Community Area:</b> South Chicago<br/>\n<b>TIF District:</b> Commercial Avenue<br/>\n<br/>\n<b>Incentive Amount:</b> $150,000<br/>\n<b>Total Project Cost:</b> $304,000<br/>\n<b>Completion Date:</b> 05/17/2013<br/>\n<b>Property Type:</b> Industrial<br/>\n<br/>\n<b>Project Description:</b><br/>\nDemolition, replacement of refrigerant valves, new ductwork, installation of OSHA-required emergency shower, exhaust fans, new flashing for roof and associated repairs, new door, new fresh air intake for exhaust system, and repairs to walls and floors.\n<br/><br/>\n<i>SBIF provides grants of $10K-$100K for facade improvements, signage, equipment, and interior buildouts in TIF districts.</i>\n"},"styleUrl":"#sbif_project","label-scale":0.7,"icon-opacity":1,"icon-color":"#00ff00","icon-scale":0.8,"icon":"http://maps.google.com/mapfiles/kml/paddle/grn-circle.png"}},{"type":"Feature","geometry":{"type":"Point","coordinates":[-87.55235,41.73004,0]},"properties":{"name":"CLCET, Inc.","description":{"@type":"html","value":"\n<b>Applicant:</b> Edward Grossman<br/>\n<b>Address:</b> 2938.0 E 91st St<br/>\n<b>Ward:</b> 10<br/>\n<b>Community Area:</b> South Chicago<br/>\n<b>TIF District:</b> Commercial Avenue<br/>\n<br/>\n<b>Incentive Amount:</b> $112,500<br/>\n<b>Total Project Cost:</b> $179,000<br/>\n<b>Completion Date:</b> 08/17/2011<br/>\n<b>Property Type:</b> Commercial<br/>\n<br/>\n<b>Project Description:</b><br/>\nRoof, tuckpointing.\n<br/><br/>\n<i>SBIF provides grants of $10K-$100K for facade improvements, signage, equipment, and interior buildouts in TIF districts.</i>\n"},"styleUrl":"#sbif_project","label-scale":0.7,"icon-opacity":1,"icon-color":"#00ff00","icon-scale":0.8,"icon":"http://maps.google.com/mapfiles/kml/paddle/grn-circle.png"}},{"type":"Feature","geometry":{"type":"Point","coordinates":[-87.58302,41.73693,0]},"properties":{"name":"S & K, Inc. dba Thomas Coffee Shop","description":{"@type":"html","value":"\n<b>Applicant:</b> Steve Kwon<br/>\n<b>Address:</b> 1657.0 E 87th St<br/>\n<b>Ward:</b> 8<br/>\n<b>Community Area:</b> Calumet Heights<br/>\n<b>TIF District:</b> Stony Island/Burnside<br/>\n<br/>\n<b>Incentive Amount:</b> $79,159.82<br/>\n<b>Total Project Cost:</b> $105,546.42<br/>\n<b>Completion Date:</b> 06/06/2016<br/>\n<b>Property Type:</b> Commercial<br/>\n<br/>\n<b>Project Description:</b><br/>\nTuckpointing along the east wall of the building; rough carpentry work including new exterior and interior walls for rear storage room; plumbing work including replacing grease trap and restroom fixtures; and install a new walk-in cooler, roofing repairs including replacement of gutters and downspouts; and storefront upgrades including a new aluminum frame, windows and two (2) doors.\n<br/><br/>\n<i>SBIF provides grants of $10K-$100K for facade improvements, signage, equipment, and interior buildouts in TIF districts.</i>\n"},"styleUrl":"#sbif_project","label-scale":0.7,"icon-opacity":1,"icon-color":"#00ff00","icon-scale":0.8,"icon":"http://maps.google.com/mapfiles/kml/paddle/grn-circle.png"}},{"type":"Feature","geometry":{"type":"Point","coordinates":[-87.55136,41.73448,0]},"properties":{"name":"Ana Maria Saenz - 8832 S. Commercial","description":{"@type":"html","value":"\n<b>Applicant:</b> Ana Maria Saenz<br/>\n<b>Address:</b> 8832.0 S Commercial Ave<br/>\n<b>Ward:</b> 10<br/>\n<b>Community Area:</b> South Chicago<br/>\n<b>TIF District:</b> Commercial Avenue<br/>\n<br/>\n<b>Incentive Amount:</b> $60,210<br/>\n<b>Total Project Cost:</b> $82,025<br/>\n<b>Completion Date:</b> 10/26/2020<br/>\n<b>Property Type:</b> Office<br/>\n<br/>\n<b>Project Description:</b><br/>\nTear-off of existing roof, replace decking as needed, installation of insulation, rubber roofing material, replace gutters and copings, tuckpointing, replace existing overhead door, construct new walls per drawings with steel framing, insulation, new drywall, ceiling, install interior doors, baseboards, emergency exit doors, smoke and carbon monoxide detectors, replace sub-flooring and install commercial grade laminate flooring, renovate existing restroom and construct new ADA compliant restroom per plans (framing, drywall, painting, flooring, doors, exhaust fan, electrical, lighting, plumbing including new drains, and plumbing fixtures), furnish and install an HVAC system (with associated duct work, exhaust fans, venting, thermostats, and wiring); electrical work including changing the location of breaker box (re-route existing circuits), upgrades as needed, lighting fixtures, and connections for HVAC system.\n<br/><br/>\n<i>SBIF provides grants of $10K-$100K for facade improvements, signage, equipment, and interior buildouts in TIF districts.</i>\n"},"styleUrl":"#sbif_project","label-scale":0.7,"icon-opacity":1,"icon-color":"#00ff00","icon-scale":0.8,"icon":"http://maps.google.com/mapfiles/kml/paddle/grn-circle.png"}},{"type":"Feature","geometry":{"type":"Point","coordinates":[-87.58487,41.73842,0]},"properties":{"name":"ECARG, Inc. dba Chicagoland Ham- SI","description":{"@type":"html","value":"\n<b>Applicant:</b> Robert C. Williams<br/>\n<b>Address:</b> 8615.0 S Stony Island Ave<br/>\n<b>Ward:</b> 8<br/>\n<b>Community Area:</b> Avalon Park<br/>\n<b>TIF District:</b> Stony Island/Burnside<br/>\n<br/>\n<b>Incentive Amount:</b> $20,396.25<br/>\n<b>Total Project Cost:</b> $25,160<br/>\n<b>Completion Date:</b> 06/01/2023<br/>\n<b>Property Type:</b> General Commercial<br/>\n<br/>\n<b>Project Description:</b><br/>\nExterior renovations including installation of two (2) double framed aluminum commercial glass windows. Interior renovations including repair of freezers with one condensing unit for walk-in cooler, install two horse trays and new evaporator, relocate condensing unit outside of the west walk-in cooler, reconnect and pressure test; painting of the ceiling, install security system, painting of kitchen and prep room, application of epoxy flooring system.\n<br/><br/>\n<i>SBIF provides grants of $10K-$100K for facade improvements, signage, equipment, and interior buildouts in TIF districts.</i>\n"},"styleUrl":"#sbif_project","label-scale":0.7,"icon-opacity":1,"icon-color":"#00ff00","icon-scale":0.8,"icon":"http://maps.google.com/mapfiles/kml/paddle/grn-circle.png"}},{"type":"Feature","geometry":{"type":"Point","coordinates":[-87.55154,41.74259,0]},"properties":{"name":"Petals Group LLC/MAE Inc.","description":{"@type":"html","value":"\n<b>Applicant:</b> Aubry Crain<br/>\n<b>Address:</b> 8436.0 S Commercial Ave<br/>\n<b>Ward:</b> 7<br/>\n<b>Community Area:</b> South Chicago<br/>\n<b>TIF District:</b> South Chicago<br/>\n<br/>\n<b>Incentive Amount:</b> $77,550<br/>\n<b>Total Project Cost:</b> $77,550<br/>\n<b>Completion Date:</b> 06/25/2024<br/>\n<b>Property Type:</b> General Commercial<br/>\n<br/>\n<b>Project Description:</b><br/>\nExterior renovations including carpentry work to install store front door and 2 picture windows, with aluminum trim and clear ¼ inch glass on façade of building, install verset stone on entire building and grind and tuck point cracks on brick elevation. Interior renovations including new framing, insulation, drywall, flooring and painting; HVAC work including a new system with associated ductwork, new line set, new control wire, new evaporator coil, and electric disconnect box; electrical upgrades install 200-amp upgrade and grounding and bonding. The contract price of this project is $89,335.00. You have previously been approved for a 90% reimbursement of eligible project costs, not to exceed $88,441.65. A 10% contingency of $8,040.15 has been added to the reserved grant amount for cost over-runs only. This is not a commitment for any subsequent construction work, nor any work completed prior to the date of this letter. This letter shall act as approval to begin the work outlined above.\n<br/><br/>\n<i>SBIF provides grants of $10K-$100K for facade improvements, signage, equipment, and interior buildouts in TIF districts.</i>\n"},"styleUrl":"#sbif_project","label-scale":0.7,"icon-opacity":1,"icon-color":"#00ff00","icon-scale":0.8,"icon":"http://maps.google.com/mapfiles/kml/paddle/grn-circle.png"}},{"type":"Feature","geometry":{"type":"Point","coordinates":[-87.55141,41.73647,0]},"properties":{"name":"Theodore Durden - Landlord","description":{"@type":"html","value":"\n<b>Applicant:</b> Theodore Durden<br/>\n<b>Address:</b> 8729.0 S Commercial Ave<br/>\n<b>Ward:</b> 10<br/>\n<b>Community Area:</b> South Chicago<br/>\n<b>TIF District:</b> Commercial Avenue<br/>\n<br/>\n<b>Incentive Amount:</b> $19,251<br/>\n<b>Total Project Cost:</b> $30,891<br/>\n<b>Completion Date:</b> 10/09/2020<br/>\n<b>Property Type:</b> Office<br/>\n<br/>\n<b>Project Description:</b><br/>\nRemove and replace existing shingle system with landmark two-piece laminated shingles; Remove and replace one (1) furnace, one (1) condenser, and one (1) coil; provide and install 200-amp electrical service with associated sockets and breaker panels in the basement, upgrade electrical system in the storefront.\n<br/><br/>\n<i>SBIF provides grants of $10K-$100K for facade improvements, signage, equipment, and interior buildouts in TIF districts.</i>\n"},"styleUrl":"#sbif_project","label-scale":0.7,"icon-opacity":1,"icon-color":"#00ff00","icon-scale":0.8,"icon":"http://maps.google.com/mapfiles/kml/paddle/grn-circle.png"}},{"type":"Feature","geometry":{"type":"Point","coordinates":[-87.60534,41.75648,0]},"properties":{"name":"Louis' Groceries","description":{"@type":"html","value":"\n<b>Applicant:</b> Kristy Kitzmiller<br/>\n<b>Address:</b> 7604.0 S Cottage Grove Ave<br/>\n<b>Ward:</b> 6<br/>\n<b>Community Area:</b> Greater Grand Crossing<br/>\n<b>TIF District:</b> 87th/Cottage Grove<br/>\n<br/>\n<b>Incentive Amount:</b> $100,000<br/>\n<b>Total Project Cost:</b> $163,309.59<br/>\n<b>Completion Date:</b> 08/06/2013<br/>\n<b>Property Type:</b> Commercial<br/>\n<br/>\n<b>Project Description:</b><br/>\nComplete renovation including new building systems (HVAC, electrical, and plumbing), rough and finish carpentry, drywall, doors, flooring, bathroom and kitchen build-out, cabinetry, countertops, and painting.\n<br/><br/>\n<i>SBIF provides grants of $10K-$100K for facade improvements, signage, equipment, and interior buildouts in TIF districts.</i>\n"},"styleUrl":"#sbif_project","label-scale":0.7,"icon-opacity":1,"icon-color":"#00ff00","icon-scale":0.8,"icon":"http://maps.google.com/mapfiles/kml/paddle/grn-circle.png"}},{"type":"Feature","geometry":{"type":"Point","coordinates":[-87.599,41.7342,0]},"properties":{"name":"Antek Madison Plastics USA LTD.","description":{"@type":"html","value":"\n<b>Applicant:</b> Jorge Farr-Aguilar<br/>\n<b>Address:</b> 8822.0 S Dobson Ave<br/>\n<b>Ward:</b> 8<br/>\n<b>Community Area:</b> Burnside<br/>\n<b>TIF District:</b> Stony Island/Burnside<br/>\n<br/>\n<b>Incentive Amount:</b> $48,475<br/>\n<b>Total Project Cost:</b> $96,950<br/>\n<b>Completion Date:</b> 01/29/2013<br/>\n<b>Property Type:</b> Industrial<br/>\n<br/>\n<b>Project Description:</b><br/>\nRenovations to commercial property.\n<br/><br/>\n<i>SBIF provides grants of $10K-$100K for facade improvements, signage, equipment, and interior buildouts in TIF districts.</i>\n"},"styleUrl":"#sbif_project","label-scale":0.7,"icon-opacity":1,"icon-color":"#00ff00","icon-scale":0.8,"icon":"http://maps.google.com/mapfiles/kml/paddle/grn-circle.png"}},{"type":"Feature","geometry":{"type":"Point","coordinates":[-87.55142,41.73713,0]},"properties":{"name":"Chung Mickey Figura","description":{"@type":"html","value":"\n<b>Applicant:</b> Chung Mickey Figura<br/>\n<b>Address:</b> 8702.0 S Commercial Ave<br/>\n<b>Ward:</b> 10<br/>\n<b>Community Area:</b> South Chicago<br/>\n<b>TIF District:</b> Commercial Avenue<br/>\n<br/>\n<b>Incentive Amount:</b> $123,822<br/>\n<b>Total Project Cost:</b> $165,096<br/>\n<b>Completion Date:</b> 11/25/2008<br/>\n<b>Property Type:</b> Landlord<br/>\n<br/>\n<b>Project Description:</b><br/>\nHVAC, electrical, plumbing, interior renovation, ,floor, façade/storefront.\n<br/><br/>\n<i>SBIF provides grants of $10K-$100K for facade improvements, signage, equipment, and interior buildouts in TIF districts.</i>\n"},"styleUrl":"#sbif_project","label-scale":0.7,"icon-opacity":1,"icon-color":"#00ff00","icon-scale":0.8,"icon":"http://maps.google.com/mapfiles/kml/paddle/grn-circle.png"}},{"type":"Feature","geometry":{"type":"Point","coordinates":[-87.60468,41.73077,0]},"properties":{"name":"It Takes a Village Christian Academy, Inc.","description":{"@type":"html","value":"\n<b>Applicant:</b> Tracey Price<br/>\n<b>Address:</b> 9011.0 S Cottage Grove Ave<br/>\n<b>Ward:</b> 8<br/>\n<b>Community Area:</b> Chatham<br/>\n<b>TIF District:</b> 87th/Cottage Grove<br/>\n<br/>\n<b>Incentive Amount:</b> $13,154.25<br/>\n<b>Total Project Cost:</b> $17,539<br/>\n<b>Completion Date:</b> 04/22/2015<br/>\n<b>Property Type:</b> Commercial<br/>\n<br/>\n<b>Project Description:</b><br/>\nInstall new windows including plexiglass covers; electrical improvements (new 100 amp circuit breaker panel; new outlets and circuits in kitchen; light fixtures); new range hood; and a new front door.\n<br/><br/>\n<i>SBIF provides grants of $10K-$100K for facade improvements, signage, equipment, and interior buildouts in TIF districts.</i>\n"},"styleUrl":"#sbif_project","label-scale":0.7,"icon-opacity":1,"icon-color":"#00ff00","icon-scale":0.8,"icon":"http://maps.google.com/mapfiles/kml/paddle/grn-circle.png"}},{"type":"Feature","geometry":{"type":"Point","coordinates":[-87.60506,41.7447,0]},"properties":{"name":"Vernon Spells & Latoya Hudson-Spells","description":{"@type":"html","value":"\n<b>Applicant:</b> Vernon Spells &amp; Latoya Hudson-Spells<br/>\n<b>Address:</b> 8236.0 S Cottage Grove Ave<br/>\n<b>Ward:</b> 8<br/>\n<b>Community Area:</b> Chatham<br/>\n<b>TIF District:</b> 87th/Cottage Grove<br/>\n<br/>\n<b>Incentive Amount:</b> $100,000<br/>\n<b>Total Project Cost:</b> $157,275.52<br/>\n<b>Completion Date:</b> 08/04/2015<br/>\n<b>Property Type:</b> Commercial<br/>\n<br/>\n<b>Project Description:</b><br/>\nA complete tear off of the roof and complete re-roofing; installation of gutters, down spouts, insulation and coping tiles; replacement of concrete apron at front entrance; replacement of transom glass above front entry doors; tuck-pointing; painting of steel lintels and front entrance; wall framing; installation of drywall, doors, and acoustical ceiling; 200 amp electrical system including lighting; HVAC system and ductwork; build-out of three bathrooms, rough and finish plumbing.\n<br/><br/>\n<i>SBIF provides grants of $10K-$100K for facade improvements, signage, equipment, and interior buildouts in TIF districts.</i>\n"},"styleUrl":"#sbif_project","label-scale":0.7,"icon-opacity":1,"icon-color":"#00ff00","icon-scale":0.8,"icon":"http://maps.google.com/mapfiles/kml/paddle/grn-circle.png"}},{"type":"Feature","geometry":{"type":"Point","coordinates":[-87.60486,41.73786,0]},"properties":{"name":"Venetta Carter","description":{"@type":"html","value":"\n<b>Applicant:</b> Venetta Carter<br/>\n<b>Address:</b> 8619.0 S Cottage Grove Ave<br/>\n<b>Ward:</b> 8<br/>\n<b>Community Area:</b> Chatham<br/>\n<b>TIF District:</b> 87th/Cottage Grove<br/>\n<br/>\n<b>Incentive Amount:</b> $25,882.5<br/>\n<b>Total Project Cost:</b> $34,510<br/>\n<b>Completion Date:</b> 07/11/2018<br/>\n<b>Property Type:</b> Commercial<br/>\n<br/>\n<b>Project Description:</b><br/>\nA roofing replacement including removal of the existing roofing system down to the decking, repairs to decking as needed, removal of roof flashings along the brick wall and tuckpointing as needed, new insulation, installation of roofing rubber membrane, and new gutters and downspouts.\n<br/><br/>\n<i>SBIF provides grants of $10K-$100K for facade improvements, signage, equipment, and interior buildouts in TIF districts.</i>\n"},"styleUrl":"#sbif_project","label-scale":0.7,"icon-opacity":1,"icon-color":"#00ff00","icon-scale":0.8,"icon":"http://maps.google.com/mapfiles/kml/paddle/grn-circle.png"}},{"type":"Feature","geometry":{"type":"Point","coordinates":[-87.60568,41.75128,0]},"properties":{"name":"Chatham Business Center LLC","description":{"@type":"html","value":"\n<b>Applicant:</b> Joseph Campbell<br/>\n<b>Address:</b> 753.0 E 79th St<br/>\n<b>Ward:</b> 6<br/>\n<b>Community Area:</b> Chatham<br/>\n<b>TIF District:</b> 87th/Cottage Grove<br/>\n<br/>\n<b>Incentive Amount:</b> $19,873<br/>\n<b>Total Project Cost:</b> $39,746<br/>\n<b>Completion Date:</b> 04/24/2008<br/>\n<b>Property Type:</b> Landlord<br/>\n<br/>\n<b>Project Description:</b><br/>\nSigns, awnings, replace bars on windows with rolling interior shutters.\n<br/><br/>\n<i>SBIF provides grants of $10K-$100K for facade improvements, signage, equipment, and interior buildouts in TIF districts.</i>\n"},"styleUrl":"#sbif_project","label-scale":0.7,"icon-opacity":1,"icon-color":"#00ff00","icon-scale":0.8,"icon":"http://maps.google.com/mapfiles/kml/paddle/grn-circle.png"}},{"type":"Feature","geometry":{"type":"Point","coordinates":[-87.61056,41.75118,0]},"properties":{"name":"Fahed Sweilem","description":{"@type":"html","value":"\n<b>Applicant:</b> Fahed Sweilem<br/>\n<b>Address:</b> 549.0 E 79th St<br/>\n<b>Ward:</b> 6<br/>\n<b>Community Area:</b> Chatham<br/>\n<b>TIF District:</b> 87th/Cottage Grove<br/>\n<br/>\n<b>Incentive Amount:</b> $66,206.53<br/>\n<b>Total Project Cost:</b> $94,432.5<br/>\n<b>Completion Date:</b> 09/12/2018<br/>\n<b>Property Type:</b> Commercial<br/>\n<br/>\n<b>Project Description:</b><br/>\nRemove and replace the storefront systems (frames, glass, and doors) at 553 E. 79th St. unit only; remove and replace the roofing system; and masonry repairs (remove and replace the façade and common bricks at front elevation; remove and replace the I-beam and limestone caps; tuck pointing), the balance of expenses and work to remove and replace the storefront systems (frames, glass, and doors) at the 549 E. 79th St. and 553 E. 79th St. units.\n<br/><br/>\n<i>SBIF provides grants of $10K-$100K for facade improvements, signage, equipment, and interior buildouts in TIF districts.</i>\n"},"styleUrl":"#sbif_project","label-scale":0.7,"icon-opacity":1,"icon-color":"#00ff00","icon-scale":0.8,"icon":"http://maps.google.com/mapfiles/kml/paddle/grn-circle.png"}},{"type":"Feature","geometry":{"type":"Point","coordinates":[-87.58487,41.73842,0]},"properties":{"name":"ECARG, Inc. dba Chicagoland Ham - SI","description":{"@type":"html","value":"\n<b>Applicant:</b> Robert C. Williams II<br/>\n<b>Address:</b> 8615.0 S Stony Island Ave<br/>\n<b>Ward:</b> 8<br/>\n<b>Community Area:</b> Avalon Park<br/>\n<b>TIF District:</b> Stony Island/Burnside<br/>\n<br/>\n<b>Incentive Amount:</b> $84,446.25<br/>\n<b>Total Project Cost:</b> $112,595<br/>\n<b>Completion Date:</b> 03/01/2021<br/>\n<b>Property Type:</b> Retail<br/>\n<br/>\n<b>Project Description:</b><br/>\nRoofing repairs including installation of new plywood, rubber roofing system, gutters and downspouts; façade renovations including rebuild front masonry façade, paint trim, tuck-pointing, installation of a storefront system including new aluminum framing with windows and a door, electrical work including new outlets and exterior lighting fixtures, replace concrete slab at entryway; install new insulated overhead door, new steel entry door at rear, painting, complete renovation of two (2) restrooms, and new flooring including an epoxy finish in preparation area.\n<br/><br/>\n<i>SBIF provides grants of $10K-$100K for facade improvements, signage, equipment, and interior buildouts in TIF districts.</i>\n"},"styleUrl":"#sbif_project","label-scale":0.7,"icon-opacity":1,"icon-color":"#00ff00","icon-scale":0.8,"icon":"http://maps.google.com/mapfiles/kml/paddle/grn-circle.png"}},{"type":"Feature","geometry":{"type":"Point","coordinates":[-87.5513,41.73229,0]},"properties":{"name":"8948 S Commercial","description":{"@type":"html","value":"\n<b>Applicant:</b> Raul Correa<br/>\n<b>Address:</b> 8948.0 S Commercial Ave<br/>\n<b>Ward:</b> 10<br/>\n<b>Community Area:</b> South Chicago<br/>\n<b>TIF District:</b> Commercial Avenue<br/>\n<br/>\n<b>Incentive Amount:</b> $150,000<br/>\n<b>Total Project Cost:</b> $273,076<br/>\n<b>Completion Date:</b> 10/29/2012<br/>\n<b>Property Type:</b> Commercial<br/>\n<br/>\n<b>Project Description:</b><br/>\nComplete renovation.\n<br/><br/>\n<i>SBIF provides grants of $10K-$100K for facade improvements, signage, equipment, and interior buildouts in TIF districts.</i>\n"},"styleUrl":"#sbif_project","label-scale":0.7,"icon-opacity":1,"icon-color":"#00ff00","icon-scale":0.8,"icon":"http://maps.google.com/mapfiles/kml/paddle/grn-circle.png"}},{"type":"Feature","geometry":{"type":"Point","coordinates":[-87.58476,41.72599,0]},"properties":{"name":"Stinston Dental Facility","description":{"@type":"html","value":"\n<b>Applicant:</b> Danita Stinson<br/>\n<b>Address:</b> 1600.0 E 93rd St<br/>\n<b>Ward:</b> 8<br/>\n<b>Community Area:</b> Calumet Heights<br/>\n<b>TIF District:</b> Stony Island/Burnside<br/>\n<br/>\n<b>Incentive Amount:</b> $86,348.12<br/>\n<b>Total Project Cost:</b> $172,696.23<br/>\n<b>Completion Date:</b> 01/29/2010<br/>\n<b>Property Type:</b> Commercial<br/>\n<br/>\n<b>Project Description:</b><br/>\nUpdate office to &quot;Green Standards&quot;, Update office to &quot;Green Standards&quot;, Update office to &quot;Green Standards&quot;.\n<br/><br/>\n<i>SBIF provides grants of $10K-$100K for facade improvements, signage, equipment, and interior buildouts in TIF districts.</i>\n"},"styleUrl":"#sbif_project","label-scale":0.7,"icon-opacity":1,"icon-color":"#00ff00","icon-scale":0.8,"icon":"http://maps.google.com/mapfiles/kml/paddle/grn-circle.png"}},{"type":"Feature","geometry":{"type":"Point","coordinates":[-87.5466,41.74099,0]},"properties":{"name":"The Lights of Honor International NFP","description":{"@type":"html","value":"\n<b>Applicant:</b> Wolf Werling<br/>\n<b>Address:</b> 8500.0 S Brandon Ave<br/>\n<b>Ward:</b> 10<br/>\n<b>Community Area:</b> South Chicago<br/>\n<b>TIF District:</b> South Chicago<br/>\n<br/>\n<b>Incentive Amount:</b> $90,757.5<br/>\n<b>Total Project Cost:</b> $121,010<br/>\n<b>Completion Date:</b> 02/22/2019<br/>\n<b>Property Type:</b> Commercial<br/>\n<br/>\n<b>Project Description:</b><br/>\nMasonry repairs (repair the front façade elevation and replace masonry materials as needed with “like-kind” replacements that match the original materials; replace lintels and structural steel as needed); furnish and install new insulation at ceiling and roof areas; remove and replace the windows on site; furnish and install drywall at bathroom walls; furnish and install VCT and hardwood flooring throughout interior; plumbing to repair existing lines; install a new hot water heater; furnish and install a new rooftop HVAC unit; repair all damaged existing electrical runs from the main panel; install approx. twenty (20) new electrical outlets throughout the interior; install lighting; install seven (7) circulation fans; reroofing of two (2) flat roofing sections of the building including installation of new gutters, downspouts, and coping tiles.\n<br/><br/>\n<i>SBIF provides grants of $10K-$100K for facade improvements, signage, equipment, and interior buildouts in TIF districts.</i>\n"},"styleUrl":"#sbif_project","label-scale":0.7,"icon-opacity":1,"icon-color":"#00ff00","icon-scale":0.8,"icon":"http://maps.google.com/mapfiles/kml/paddle/grn-circle.png"}},{"type":"Feature","geometry":{"type":"Point","coordinates":[-87.60866,41.75121,0]},"properties":{"name":"Clarence Hall","description":{"@type":"html","value":"\n<b>Applicant:</b> Clarence Hall<br/>\n<b>Address:</b> 634.0 E 79th St<br/>\n<b>Ward:</b> 6<br/>\n<b>Community Area:</b> Greater Grand Crossing<br/>\n<b>TIF District:</b> 87th/Cottage Grove<br/>\n<br/>\n<b>Incentive Amount:</b> $100,000<br/>\n<b>Total Project Cost:</b> $1,114,650<br/>\n<b>Completion Date:</b> 06/09/2009<br/>\n<b>Property Type:</b> Landlord<br/>\n<br/>\n<b>Project Description:</b><br/>\nGut rehab.\n<br/><br/>\n<i>SBIF provides grants of $10K-$100K for facade improvements, signage, equipment, and interior buildouts in TIF districts.</i>\n"},"styleUrl":"#sbif_project","label-scale":0.7,"icon-opacity":1,"icon-color":"#00ff00","icon-scale":0.8,"icon":"http://maps.google.com/mapfiles/kml/paddle/grn-circle.png"}},{"type":"Feature","geometry":{"type":"Point","coordinates":[-87.58259,41.73728,0]},"properties":{"name":"State Farm Insurance","description":{"@type":"html","value":"\n<b>Applicant:</b> Charles A Cathey Jr<br/>\n<b>Address:</b> 1700.0 E 87th St<br/>\n<b>Ward:</b> 8<br/>\n<b>Community Area:</b> West Lawn<br/>\n<b>TIF District:</b> Stony Island/Burnside<br/>\n<br/>\n<b>Incentive Amount:</b> $6,559.6<br/>\n<b>Total Project Cost:</b> $16,580.78<br/>\n<b>Completion Date:</b> 11/26/2007<br/>\n<b>Property Type:</b> Commercial<br/>\n<br/>\n<b>Project Description:</b><br/>\nAwning, signage, office buildout, electronic door system.\n<br/><br/>\n<i>SBIF provides grants of $10K-$100K for facade improvements, signage, equipment, and interior buildouts in TIF districts.</i>\n"},"styleUrl":"#sbif_project","label-scale":0.7,"icon-opacity":1,"icon-color":"#00ff00","icon-scale":0.8,"icon":"http://maps.google.com/mapfiles/kml/paddle/grn-circle.png"}},{"type":"Feature","geometry":{"type":"Point","coordinates":[-87.60504,41.74439,0]},"properties":{"name":"DAT Old Fashioned Donuts","description":{"@type":"html","value":"\n<b>Applicant:</b> Darryl Townson<br/>\n<b>Address:</b> 8247.0 S Cottage Grove Ave<br/>\n<b>Ward:</b> 8<br/>\n<b>Community Area:</b> Chatham<br/>\n<b>TIF District:</b> 87th/Cottage Grove<br/>\n<br/>\n<b>Incentive Amount:</b> $150,000<br/>\n<b>Total Project Cost:</b> $210,650<br/>\n<b>Completion Date:</b> 02/10/2012<br/>\n<b>Property Type:</b> Commercial<br/>\n<br/>\n<b>Project Description:</b><br/>\nLandscaping, façade, parking lot, signage, awnings, flooring. plumbing, electrical, security, HVAC, façade work, masonry, carpentry, painting, asphalt painting, landscaping, wrought iron fencing, and signage, concrete, masonry, stucco, carpentry, roofing, electrical, and plumbing.\n<br/><br/>\n<i>SBIF provides grants of $10K-$100K for facade improvements, signage, equipment, and interior buildouts in TIF districts.</i>\n"},"styleUrl":"#sbif_project","label-scale":0.7,"icon-opacity":1,"icon-color":"#00ff00","icon-scale":0.8,"icon":"http://maps.google.com/mapfiles/kml/paddle/grn-circle.png"}}]}