sourceRecordId,sourceProgram,sourceUrl,sourcePublishedAt,sourceCheckedAt,payerName,payerEin,parentCompany,vehicle,recipient,awardYear,amountAwarded,amountEvidence,supportKind,purpose,publishedAddress,publishedCity,publishedState,publishedPostalCode,locationBasis,locationSourceUrl,locationSourceRecordId,possibleDuplicateOf,duplicateState,reviewState,reviewNote
cme-corrob-001,CME Group Foundation — Special Opportunities,https://www.cmegroupfoundation.org/grants/special-opportunity.html,,2026-08-24,CME Group Foundation,,CME Group,corporate_foundation,American Friends of Lubavitch,2024,5000,recipient_exact,cash_grant,Special Opportunities: to support the National Menorah,,,,,unavailable,,,,clear,hold,corroboration stream — never additive; see source-plan Priority 2 CME row.
cme-corrob-002,CME Group Foundation — Special Opportunities,https://www.cmegroupfoundation.org/grants/special-opportunity.html,,2026-08-24,CME Group Foundation,,CME Group,corporate_foundation,Shirley Ryan AbilityLab,2024,5000,recipient_exact,cash_grant,Special Opportunities: to support Community-Based Quality of Life Programs,,,,,unavailable,,,foundation-p2-8176,linked_same_award,hold,corroboration stream — never additive; see source-plan Priority 2 CME row. alias/dba/typo match
cme-corrob-003,CME Group Foundation — Special Opportunities,https://www.cmegroupfoundation.org/grants/special-opportunity.html,,2026-08-24,CME Group Foundation,,CME Group,corporate_foundation,MetroSquash,2024,10000,recipient_exact,cash_grant,Special Opportunities: to support general operations (additional grant),,,,,unavailable,,,foundation-p2-8161,linked_same_award,hold,corroboration stream — never additive; see source-plan Priority 2 CME row.
cme-corrob-004,CME Group Foundation — Special Opportunities,https://www.cmegroupfoundation.org/grants/special-opportunity.html,,2026-08-24,CME Group Foundation,,CME Group,corporate_foundation,Project Unloaded,2024,10000,recipient_exact,cash_grant,Special Opportunities: to support the Youth Council,,,,,unavailable,,,foundation-p2-8174,linked_same_award,hold,corroboration stream — never additive; see source-plan Priority 2 CME row.
cme-corrob-005,CME Group Foundation — Special Opportunities,https://www.cmegroupfoundation.org/grants/special-opportunity.html,,2026-08-24,CME Group Foundation,,CME Group,corporate_foundation,Start Early,2024,15000,recipient_exact,cash_grant,Special Opportunities: to support Early Childhood Education,,,,,unavailable,,,foundation-p2-8187,linked_same_award,hold,corroboration stream — never additive; see source-plan Priority 2 CME row.
cme-corrob-006,CME Group Foundation — Special Opportunities,https://www.cmegroupfoundation.org/grants/special-opportunity.html,,2026-08-24,CME Group Foundation,,CME Group,corporate_foundation,Global FoodBanking Network,2024,10000,recipient_exact,cash_grant,Special Opportunities: to support general operations,,,,,unavailable,,,foundation-p2-8190,linked_same_award,hold,corroboration stream — never additive; see source-plan Priority 2 CME row.
cme-corrob-007,CME Group Foundation — Special Opportunities,https://www.cmegroupfoundation.org/grants/special-opportunity.html,,2026-08-24,CME Group Foundation,,CME Group,corporate_foundation,Northwest Symphony Orchestra Association,2024,5000,recipient_exact,cash_grant,Special Opportunities: to support general operations,,,,,unavailable,,,,clear,hold,corroboration stream — never additive; see source-plan Priority 2 CME row.
cme-corrob-008,CME Group Foundation — Special Opportunities,https://www.cmegroupfoundation.org/grants/special-opportunity.html,,2026-08-24,CME Group Foundation,,CME Group,corporate_foundation,Northwestern Memorial Foundation,2024,5000,recipient_exact,cash_grant,Special Opportunities: to support Lake Forest Hospital,,,,,unavailable,,,,clear,hold,corroboration stream — never additive; see source-plan Priority 2 CME row.
cme-corrob-009,CME Group Foundation — Special Opportunities,https://www.cmegroupfoundation.org/grants/special-opportunity.html,,2026-08-24,CME Group Foundation,,CME Group,corporate_foundation,Misericordia,2024,30000,recipient_exact,cash_grant,Special Opportunities: to support general operations,,,,,unavailable,,,foundation-p2-8165,linked_same_award,hold,corroboration stream — never additive; see source-plan Priority 2 CME row. alias/dba/typo match
cme-corrob-010,CME Group Foundation — Special Opportunities,https://www.cmegroupfoundation.org/grants/special-opportunity.html,,2026-08-24,CME Group Foundation,,CME Group,corporate_foundation,Brady Center to Prevent Gun Violence,2024,10000,recipient_exact,cash_grant,Special Opportunities: to support general operations,,,,,unavailable,,,,clear,hold,corroboration stream — never additive; see source-plan Priority 2 CME row.
cme-corrob-011,CME Group Foundation — Special Opportunities,https://www.cmegroupfoundation.org/grants/special-opportunity.html,,2026-08-24,CME Group Foundation,,CME Group,corporate_foundation,World Central Kitchen,2024,10000,recipient_exact,cash_grant,Special Opportunities: to support general operations,,,,,unavailable,,,,clear,hold,corroboration stream — never additive; see source-plan Priority 2 CME row.
cme-corrob-012,CME Group Foundation — Special Opportunities,https://www.cmegroupfoundation.org/grants/special-opportunity.html,,2026-08-24,CME Group Foundation,,CME Group,corporate_foundation,Mayo Clinic,2024,50000,recipient_exact,cash_grant,Special Opportunities: to support President’s Strategic Initiative Fund,,,,,unavailable,,,,clear,hold,corroboration stream — never additive; see source-plan Priority 2 CME row.
cme-corrob-013,CME Group Foundation — Special Opportunities,https://www.cmegroupfoundation.org/grants/special-opportunity.html,,2026-08-24,CME Group Foundation,,CME Group,corporate_foundation,Autism Speaks,2024,5000,recipient_exact,cash_grant,Special Opportunities: to support Chip-In Casino Night,,,,,unavailable,,,,clear,hold,corroboration stream — never additive; see source-plan Priority 2 CME row.
cme-corrob-014,CME Group Foundation — Special Opportunities,https://www.cmegroupfoundation.org/grants/special-opportunity.html,,2026-08-24,CME Group Foundation,,CME Group,corporate_foundation,Chicago History Museum,2024,10000,recipient_exact,cash_grant,Special Opportunities: to support Making History Awards,,,,,unavailable,,,foundation-p2-8122,linked_same_award,hold,corroboration stream — never additive; see source-plan Priority 2 CME row. alias/dba/typo match
cme-corrob-015,CME Group Foundation — Special Opportunities,https://www.cmegroupfoundation.org/grants/special-opportunity.html,,2026-08-24,CME Group Foundation,,CME Group,corporate_foundation,Alzheimer’s Association,2024,10000,recipient_exact,cash_grant,Special Opportunities: to support 2024 Power of Purple Luncheon,,,,,unavailable,,,,clear,hold,corroboration stream — never additive; see source-plan Priority 2 CME row.
cme-corrob-016,CME Group Foundation — Special Opportunities,https://www.cmegroupfoundation.org/grants/special-opportunity.html,,2026-08-24,CME Group Foundation,,CME Group,corporate_foundation,Cradles to Crayons,2024,3500,recipient_exact,cash_grant,Special Opportunities: to support the Winter Wish List,,,,,unavailable,,,foundation-p2-8136,linked_same_award,hold,corroboration stream — never additive; see source-plan Priority 2 CME row.
cme-corrob-017,CME Group Foundation — Special Opportunities,https://www.cmegroupfoundation.org/grants/special-opportunity.html,,2026-08-24,CME Group Foundation,,CME Group,corporate_foundation,Greater Chicago Food Depository,2024,5000,recipient_exact,cash_grant,Special Opportunities: to support general operations (additional grant),,,,,unavailable,,,foundation-p2-8146,linked_same_award,hold,corroboration stream — never additive; see source-plan Priority 2 CME row.
cme-corrob-018,CME Group Foundation — Special Opportunities,https://www.cmegroupfoundation.org/grants/special-opportunity.html,,2026-08-24,CME Group Foundation,,CME Group,corporate_foundation,Special Children’s Charities,2024,5000,recipient_exact,cash_grant,Special Opportunities: to support the 2024 Evening Reception,,,,,unavailable,,,foundation-p2-8184,linked_same_award,hold,corroboration stream — never additive; see source-plan Priority 2 CME row.
cme-corrob-019,CME Group Foundation — Special Opportunities,https://www.cmegroupfoundation.org/grants/special-opportunity.html,,2026-08-24,CME Group Foundation,,CME Group,corporate_foundation,Rocking R Ranch and Rescue,2024,2500,recipient_exact,cash_grant,Special Opportunities: to support general operations (additional grant),,,,,unavailable,,,,clear,hold,corroboration stream — never additive; see source-plan Priority 2 CME row.
cme-corrob-020,CME Group Foundation — Special Opportunities,https://www.cmegroupfoundation.org/grants/special-opportunity.html,,2026-08-24,CME Group Foundation,,CME Group,corporate_foundation,Aspen Institute,2024,5000,recipient_exact,cash_grant,Special Opportunities: to support the Food and Society Program,,,,,unavailable,,,,clear,hold,corroboration stream — never additive; see source-plan Priority 2 CME row.
cme-corrob-021,CME Group Foundation — Special Opportunities,https://www.cmegroupfoundation.org/grants/special-opportunity.html,,2026-08-24,CME Group Foundation,,CME Group,corporate_foundation,Rush University Medical Center,2024,10000,recipient_exact,cash_grant,Special Opportunities: to support men’s health research and training under Dr. Larry Levine,,,,,unavailable,,,foundation-p2-8178,linked_same_award,hold,corroboration stream — never additive; see source-plan Priority 2 CME row.
cme-corrob-022,CME Group Foundation — Special Opportunities,https://www.cmegroupfoundation.org/grants/special-opportunity.html,,2026-08-24,CME Group Foundation,,CME Group,corporate_foundation,Colby’s Crew Rescue,2024,10000,recipient_exact,cash_grant,Special Opportunities: to support operations,,,,,unavailable,,,,clear,hold,corroboration stream — never additive; see source-plan Priority 2 CME row.
cme-corrob-023,CME Group Foundation — Special Opportunities,https://www.cmegroupfoundation.org/grants/special-opportunity.html,,2026-08-24,CME Group Foundation,,CME Group,corporate_foundation,Young Invincibles,2024,10000,recipient_exact,cash_grant,Special Opportunities: to support general operations and the 15th Anniversary Celebration,,,,,unavailable,,,,clear,hold,corroboration stream — never additive; see source-plan Priority 2 CME row.
cme-corrob-024,CME Group Foundation — Special Opportunities,https://www.cmegroupfoundation.org/grants/special-opportunity.html,,2026-08-24,CME Group Foundation,,CME Group,corporate_foundation,Colby’s Crew Rescue,2024,5000,recipient_exact,cash_grant,Special Opportunities: to support general operations (additional grant),,,,,unavailable,,,,clear,hold,corroboration stream — never additive; see source-plan Priority 2 CME row.
cme-corrob-025,CME Group Foundation — Special Opportunities,https://www.cmegroupfoundation.org/grants/special-opportunity.html,,2026-08-24,CME Group Foundation,,CME Group,corporate_foundation,The Lilac Tree,2024,5000,recipient_exact,cash_grant,Special Opportunities: to support general operations,,,,,unavailable,,,,clear,hold,corroboration stream — never additive; see source-plan Priority 2 CME row.
cme-corrob-026,CME Group Foundation — Special Opportunities,https://www.cmegroupfoundation.org/grants/special-opportunity.html,,2026-08-24,CME Group Foundation,,CME Group,corporate_foundation,Richmond Community Orchestra,2024,5000,recipient_exact,cash_grant,Special Opportunities: to support Strings Initiative Program,,,,,unavailable,,,,clear,hold,corroboration stream — never additive; see source-plan Priority 2 CME row.
cme-corrob-027,CME Group Foundation — Special Opportunities,https://www.cmegroupfoundation.org/grants/special-opportunity.html,,2026-08-24,CME Group Foundation,,CME Group,corporate_foundation,Chicago Innovation Foundation,2024,25000,recipient_exact,cash_grant,Special Opportunities: to support Illinois Student Invention Convention,,,,,unavailable,,,foundation-p2-8123,linked_same_award,hold,corroboration stream — never additive; see source-plan Priority 2 CME row.
cme-corrob-028,CME Group Foundation — Special Opportunities,https://www.cmegroupfoundation.org/grants/special-opportunity.html,,2026-08-24,CME Group Foundation,,CME Group,corporate_foundation,Dion’s Chicago Dream,2024,5000,recipient_exact,cash_grant,Special Opportunities: to support general operations,,,,,unavailable,,,,clear,hold,corroboration stream — never additive; see source-plan Priority 2 CME row.
cme-corrob-029,CME Group Foundation — Special Opportunities,https://www.cmegroupfoundation.org/grants/special-opportunity.html,,2026-08-24,CME Group Foundation,,CME Group,corporate_foundation,MetroSquash,2024,10000,recipient_exact,cash_grant,Special Opportunities: to support 2024 MetroSquash Cup,,,,,unavailable,,,foundation-p2-8162,linked_same_award,hold,corroboration stream — never additive; see source-plan Priority 2 CME row.
cme-corrob-030,CME Group Foundation — Special Opportunities,https://www.cmegroupfoundation.org/grants/special-opportunity.html,,2026-08-24,CME Group Foundation,,CME Group,corporate_foundation,Box United,2024,33500,recipient_exact,cash_grant,Special Opportunities: to support general operations,,,,,unavailable,,,foundation-p2-8114,linked_same_award,hold,corroboration stream — never additive; see source-plan Priority 2 CME row.
cme-corrob-031,CME Group Foundation — Special Opportunities,https://www.cmegroupfoundation.org/grants/special-opportunity.html,,2026-08-24,CME Group Foundation,,CME Group,corporate_foundation,Mikva Challenge Chicago,2024,5500,recipient_exact,cash_grant,Special Opportunities: to support general operations,,,,,unavailable,,,foundation-p2-8163,linked_same_award,hold,corroboration stream — never additive; see source-plan Priority 2 CME row. alias/dba/typo match
cme-corrob-032,CME Group Foundation — Special Opportunities,https://www.cmegroupfoundation.org/grants/special-opportunity.html,,2026-08-24,CME Group Foundation,,CME Group,corporate_foundation,Intentional Sports,2024,1000,recipient_exact,cash_grant,Special Opportunities: to support general operations,,,,,unavailable,,,,clear,hold,corroboration stream — never additive; see source-plan Priority 2 CME row.
cme-corrob-033,CME Group Foundation — Special Opportunities,https://www.cmegroupfoundation.org/grants/special-opportunity.html,,2026-08-24,CME Group Foundation,,CME Group,corporate_foundation,St. Jude Children’s Research Center,2024,8500,recipient_exact,cash_grant,Special Opportunities: to support general operations,,,,,unavailable,,,,clear,hold,corroboration stream — never additive; see source-plan Priority 2 CME row.
cme-corrob-034,CME Group Foundation — Special Opportunities,https://www.cmegroupfoundation.org/grants/special-opportunity.html,,2026-08-24,CME Group Foundation,,CME Group,corporate_foundation,Hunger Free America,2024,2500,recipient_exact,cash_grant,Special Opportunities: to support general operations,,,,,unavailable,,,,clear,hold,corroboration stream — never additive; see source-plan Priority 2 CME row.
cme-corrob-035,CME Group Foundation — Special Opportunities,https://www.cmegroupfoundation.org/grants/special-opportunity.html,,2026-08-24,CME Group Foundation,,CME Group,corporate_foundation,Jewish United Fund,2024,5000,recipient_exact,cash_grant,Special Opportunities: to support general operations,,,,,unavailable,,,foundation-p2-8154,linked_same_award,hold,corroboration stream — never additive; see source-plan Priority 2 CME row. alias/dba/typo match
cme-corrob-036,CME Group Foundation — Special Opportunities,https://www.cmegroupfoundation.org/grants/special-opportunity.html,,2026-08-24,CME Group Foundation,,CME Group,corporate_foundation,Greater Chicago Food Depository,2024,5000,recipient_exact,cash_grant,Special Opportunities: to support general operations,,,,,unavailable,,,foundation-p2-8147,linked_same_award,hold,corroboration stream — never additive; see source-plan Priority 2 CME row.
cme-corrob-037,CME Group Foundation — Special Opportunities,https://www.cmegroupfoundation.org/grants/special-opportunity.html,,2026-08-24,CME Group Foundation,,CME Group,corporate_foundation,Border Horse Slaughter Rescue,2024,10000,recipient_exact,cash_grant,Special Opportunities: to support Rescue Barn Completion,,,,,unavailable,,,,clear,hold,corroboration stream — never additive; see source-plan Priority 2 CME row.
cme-corrob-038,CME Group Foundation — Special Opportunities,https://www.cmegroupfoundation.org/grants/special-opportunity.html,,2026-08-24,CME Group Foundation,,CME Group,corporate_foundation,Holy Name Cathedral,2024,15000,recipient_exact,cash_grant,Special Opportunities: to support Holy Name Cathedral Ministries,,,,,unavailable,,,foundation-p2-8149,linked_same_award,hold,corroboration stream — never additive; see source-plan Priority 2 CME row.
cme-corrob-039,CME Group Foundation — Special Opportunities,https://www.cmegroupfoundation.org/grants/special-opportunity.html,,2026-08-24,CME Group Foundation,,CME Group,corporate_foundation,Association of Former Members of Congress,2024,5000,recipient_exact,cash_grant,Special Opportunities: to support general operations,,,,,unavailable,,,,clear,hold,corroboration stream — never additive; see source-plan Priority 2 CME row.
cme-corrob-040,CME Group Foundation — Special Opportunities,https://www.cmegroupfoundation.org/grants/special-opportunity.html,,2026-08-24,CME Group Foundation,,CME Group,corporate_foundation,Rockin’ R Ranch and Rescue,2024,5000,recipient_exact,cash_grant,Special Opportunities: to support general operations,,,,,unavailable,,,,clear,hold,corroboration stream — never additive; see source-plan Priority 2 CME row.
cme-corrob-041,CME Group Foundation — Special Opportunities,https://www.cmegroupfoundation.org/grants/special-opportunity.html,,2026-08-24,CME Group Foundation,,CME Group,corporate_foundation,Share Our Spare,2024,10000,recipient_exact,cash_grant,Special Opportunities: to support New Arrival Diaper Need,,,,,unavailable,,,foundation-p2-8180,linked_same_award,hold,corroboration stream — never additive; see source-plan Priority 2 CME row.
cme-corrob-042,CME Group Foundation — Special Opportunities,https://www.cmegroupfoundation.org/grants/special-opportunity.html,,2026-08-24,CME Group Foundation,,CME Group,corporate_foundation,Chicago Jesuit Academy,2024,10000,recipient_exact,cash_grant,Special Opportunities: to support High School Bridge Program,,,,,unavailable,,,foundation-p2-8124,linked_same_award,hold,corroboration stream — never additive; see source-plan Priority 2 CME row.
cme-corrob-043,CME Group Foundation — Special Opportunities,https://www.cmegroupfoundation.org/grants/special-opportunity.html,,2026-08-24,CME Group Foundation,,CME Group,corporate_foundation,Women’s Business Development Center,2024,5000,recipient_exact,cash_grant,Special Opportunities: to support general operations,,,,,unavailable,,,foundation-p2-8203,linked_same_award,hold,corroboration stream — never additive; see source-plan Priority 2 CME row.
cme-corrob-044,CME Group Foundation — Special Opportunities,https://www.cmegroupfoundation.org/grants/special-opportunity.html,,2026-08-24,CME Group Foundation,,CME Group,corporate_foundation,Brookfield Zoo,2024,10000,recipient_exact,cash_grant,Special Opportunities: to support CBOT Endangered Species Fund,,,,,unavailable,,,,clear,hold,corroboration stream — never additive; see source-plan Priority 2 CME row.
cme-corrob-045,CME Group Foundation — Special Opportunities,https://www.cmegroupfoundation.org/grants/special-opportunity.html,,2026-08-24,CME Group Foundation,,CME Group,corporate_foundation,Crushers Club,2024,10000,recipient_exact,cash_grant,Special Opportunities: to support general operations,,,,,unavailable,,,foundation-p2-8177,linked_same_award,hold,corroboration stream — never additive; see source-plan Priority 2 CME row. alias/dba/typo match
cme-corrob-046,CME Group Foundation — Special Opportunities,https://www.cmegroupfoundation.org/grants/special-opportunity.html,,2026-08-24,CME Group Foundation,,CME Group,corporate_foundation,Mikva Challenge DC,2024,5500,recipient_exact,cash_grant,Special Opportunities: to support general operations,,,,,unavailable,,,foundation-p2-8164,linked_same_award,hold,corroboration stream — never additive; see source-plan Priority 2 CME row. alias/dba/typo match
cme-corrob-047,CME Group Foundation — Special Opportunities,https://www.cmegroupfoundation.org/grants/special-opportunity.html,,2026-08-24,CME Group Foundation,,CME Group,corporate_foundation,Crushers Club,2023,10000,recipient_exact,cash_grant,Special Opportunities: to support Youth Violence Prevention/Reduction,,,,,unavailable,,,foundation-p2-8088,linked_same_award,hold,corroboration stream — never additive; see source-plan Priority 2 CME row. alias/dba/typo match
cme-corrob-048,CME Group Foundation — Special Opportunities,https://www.cmegroupfoundation.org/grants/special-opportunity.html,,2026-08-24,CME Group Foundation,,CME Group,corporate_foundation,Chicago Zoological Society,2023,10000,recipient_exact,cash_grant,Special Opportunities: to support CBOT Endangered Species Fund,,,,,unavailable,,,,clear,hold,corroboration stream — never additive; see source-plan Priority 2 CME row.
cme-corrob-049,CME Group Foundation — Special Opportunities,https://www.cmegroupfoundation.org/grants/special-opportunity.html,,2026-08-24,CME Group Foundation,,CME Group,corporate_foundation,North Side Archery Club,2023,10000,recipient_exact,cash_grant,Special Opportunities: to support Chicago Para Archery,,,,,unavailable,,,foundation-p2-8079,linked_same_award,hold,corroboration stream — never additive; see source-plan Priority 2 CME row.
cme-corrob-050,CME Group Foundation — Special Opportunities,https://www.cmegroupfoundation.org/grants/special-opportunity.html,,2026-08-24,CME Group Foundation,,CME Group,corporate_foundation,High Jump,2023,10000,recipient_exact,cash_grant,Special Opportunities: to support general operations,,,,,unavailable,,,foundation-p2-8058,linked_same_award,hold,corroboration stream — never additive; see source-plan Priority 2 CME row.
cme-corrob-051,CME Group Foundation — Special Opportunities,https://www.cmegroupfoundation.org/grants/special-opportunity.html,,2026-08-24,CME Group Foundation,,CME Group,corporate_foundation,Greater Chicago Food Depository,2023,6750,recipient_exact,cash_grant,Special Opportunities: to support general operations,,,,,unavailable,,,foundation-p2-8055,possible,hold,"corroboration stream — never additive; see source-plan Priority 2 CME row. same recipient+year, amount differs (aggregation/split candidate)"
cme-corrob-052,CME Group Foundation — Special Opportunities,https://www.cmegroupfoundation.org/grants/special-opportunity.html,,2026-08-24,CME Group Foundation,,CME Group,corporate_foundation,Richmond Community Orchestra,2023,5000,recipient_exact,cash_grant,Special Opportunities: to support the Strings Initiative Program,,,,,unavailable,,,,clear,hold,corroboration stream — never additive; see source-plan Priority 2 CME row.
cme-corrob-053,CME Group Foundation — Special Opportunities,https://www.cmegroupfoundation.org/grants/special-opportunity.html,,2026-08-24,CME Group Foundation,,CME Group,corporate_foundation,Cradles to Crayons,2023,10000,recipient_exact,cash_grant,Special Opportunities: to support Gear Up for Winter,,,,,unavailable,,,,clear,hold,corroboration stream — never additive; see source-plan Priority 2 CME row.
cme-corrob-054,CME Group Foundation — Special Opportunities,https://www.cmegroupfoundation.org/grants/special-opportunity.html,,2026-08-24,CME Group Foundation,,CME Group,corporate_foundation,Mayo Clinic,2023,50000,recipient_exact,cash_grant,Special Opportunities: to support the President’s Strategic Initiative Fund,,,,,unavailable,,,,clear,hold,corroboration stream — never additive; see source-plan Priority 2 CME row.
cme-corrob-055,CME Group Foundation — Special Opportunities,https://www.cmegroupfoundation.org/grants/special-opportunity.html,,2026-08-24,CME Group Foundation,,CME Group,corporate_foundation,Leo Catholic High School,2023,10000,recipient_exact,cash_grant,Special Opportunities: to support general operations,,,,,unavailable,,,foundation-p2-8071,linked_same_award,hold,corroboration stream — never additive; see source-plan Priority 2 CME row. alias/dba/typo match
cme-corrob-056,CME Group Foundation — Special Opportunities,https://www.cmegroupfoundation.org/grants/special-opportunity.html,,2026-08-24,CME Group Foundation,,CME Group,corporate_foundation,Misericordia,2023,30000,recipient_exact,cash_grant,Special Opportunities: to support general operations,,,,,unavailable,,,foundation-p2-8077,linked_same_award,hold,corroboration stream — never additive; see source-plan Priority 2 CME row. alias/dba/typo match
cme-corrob-057,CME Group Foundation — Special Opportunities,https://www.cmegroupfoundation.org/grants/special-opportunity.html,,2026-08-24,CME Group Foundation,,CME Group,corporate_foundation,Metro Squash,2023,3500,recipient_exact,cash_grant,Special Opportunities: to support 2023 Metro Squash Cup,,,,,unavailable,,,foundation-p2-8073,linked_same_award,hold,corroboration stream — never additive; see source-plan Priority 2 CME row. alias/dba/typo match
cme-corrob-058,CME Group Foundation — Special Opportunities,https://www.cmegroupfoundation.org/grants/special-opportunity.html,,2026-08-24,CME Group Foundation,,CME Group,corporate_foundation,Girls on the Run,2023,2500,recipient_exact,cash_grant,Special Opportunities: to support For Every Girl,,,,,unavailable,,,foundation-p2-8054,linked_same_award,hold,corroboration stream — never additive; see source-plan Priority 2 CME row. alias/dba/typo match
cme-corrob-059,CME Group Foundation — Special Opportunities,https://www.cmegroupfoundation.org/grants/special-opportunity.html,,2026-08-24,CME Group Foundation,,CME Group,corporate_foundation,Ronald McDonald House,2023,2500,recipient_exact,cash_grant,Special Opportunities: to support Family Centered Care,,,,,unavailable,,,,clear,hold,corroboration stream — never additive; see source-plan Priority 2 CME row.
cme-corrob-060,CME Group Foundation — Special Opportunities,https://www.cmegroupfoundation.org/grants/special-opportunity.html,,2026-08-24,CME Group Foundation,,CME Group,corporate_foundation,Young Invincibles,2023,5000,recipient_exact,cash_grant,Special Opportunities: to support general operations,,,,,unavailable,,,,clear,hold,corroboration stream — never additive; see source-plan Priority 2 CME row.
cme-corrob-061,CME Group Foundation — Special Opportunities,https://www.cmegroupfoundation.org/grants/special-opportunity.html,,2026-08-24,CME Group Foundation,,CME Group,corporate_foundation,Special Olympics,2023,2500,recipient_exact,cash_grant,Special Opportunities: to support Evening Reception,,,,,unavailable,,,foundation-p2-8091,possible,hold,corroboration stream — never additive; see source-plan Priority 2 CME row. Name-based entity resolution required (Special Olympics vs Special Children's Charities) despite exact year+amount
cme-corrob-062,CME Group Foundation — Special Opportunities,https://www.cmegroupfoundation.org/grants/special-opportunity.html,,2026-08-24,CME Group Foundation,,CME Group,corporate_foundation,Cheder Lubavitch Hebrew Day School,2023,15000,recipient_exact,cash_grant,Special Opportunities: to support general operations,,,,,unavailable,,,,clear,hold,corroboration stream — never additive; see source-plan Priority 2 CME row.
cme-corrob-063,CME Group Foundation — Special Opportunities,https://www.cmegroupfoundation.org/grants/special-opportunity.html,,2026-08-24,CME Group Foundation,,CME Group,corporate_foundation,American Friends of Lubavitch,2023,5000,recipient_exact,cash_grant,Special Opportunities: to support general operations,,,,,unavailable,,,,clear,hold,corroboration stream — never additive; see source-plan Priority 2 CME row.
cme-corrob-064,CME Group Foundation — Special Opportunities,https://www.cmegroupfoundation.org/grants/special-opportunity.html,,2026-08-24,CME Group Foundation,,CME Group,corporate_foundation,Women’s Business Development Center,2023,5000,recipient_exact,cash_grant,Special Opportunities: to support general operations,,,,,unavailable,,,foundation-p2-8106,linked_same_award,hold,corroboration stream — never additive; see source-plan Priority 2 CME row.
cme-corrob-065,CME Group Foundation — Special Opportunities,https://www.cmegroupfoundation.org/grants/special-opportunity.html,,2026-08-24,CME Group Foundation,,CME Group,corporate_foundation,Intentional Sports,2023,2500,recipient_exact,cash_grant,Special Opportunities: to support general operations,,,,,unavailable,,,,clear,hold,corroboration stream — never additive; see source-plan Priority 2 CME row.
cme-corrob-066,CME Group Foundation — Special Opportunities,https://www.cmegroupfoundation.org/grants/special-opportunity.html,,2026-08-24,CME Group Foundation,,CME Group,corporate_foundation,Mikva Challenge Chicago,2023,4250,recipient_exact,cash_grant,Special Opportunities: to support general operations,,,,,unavailable,,,foundation-p2-8075,linked_same_award,hold,corroboration stream — never additive; see source-plan Priority 2 CME row. alias/dba/typo match
cme-corrob-067,CME Group Foundation — Special Opportunities,https://www.cmegroupfoundation.org/grants/special-opportunity.html,,2026-08-24,CME Group Foundation,,CME Group,corporate_foundation,Chicago High School for Agricultural Sciences,2023,10000,recipient_exact,cash_grant,Special Opportunities: to support general operations,,,,,unavailable,,,foundation-p2-8034,possible,hold,"corroboration stream — never additive; see source-plan Priority 2 CME row. CPS school — CME grants to CPS schools are paid via Children First Fund; canonical 2023 CFF $10,000 line is a channel-match candidate"
cme-corrob-068,CME Group Foundation — Special Opportunities,https://www.cmegroupfoundation.org/grants/special-opportunity.html,,2026-08-24,CME Group Foundation,,CME Group,corporate_foundation,Association of Former Members of Congress,2023,15000,recipient_exact,cash_grant,Special Opportunities: to support Sustaining Membership,,,,,unavailable,,,,clear,hold,corroboration stream — never additive; see source-plan Priority 2 CME row.
cme-corrob-069,CME Group Foundation — Special Opportunities,https://www.cmegroupfoundation.org/grants/special-opportunity.html,,2026-08-24,CME Group Foundation,,CME Group,corporate_foundation,Holy Name Cathedral,2023,15000,recipient_exact,cash_grant,Special Opportunities: to support Holy Name Cathedral Ministries,,,,,unavailable,,,foundation-p2-8059,linked_same_award,hold,corroboration stream — never additive; see source-plan Priority 2 CME row.
cme-corrob-070,CME Group Foundation — Special Opportunities,https://www.cmegroupfoundation.org/grants/special-opportunity.html,,2026-08-24,CME Group Foundation,,CME Group,corporate_foundation,Start Early,2023,15000,recipient_exact,cash_grant,Special Opportunities: to support Kindergarten Readiness in Educare Schools,,,,,unavailable,,,foundation-p2-8092,linked_same_award,hold,corroboration stream — never additive; see source-plan Priority 2 CME row.
cme-corrob-071,CME Group Foundation — Special Opportunities,https://www.cmegroupfoundation.org/grants/special-opportunity.html,,2026-08-24,CME Group Foundation,,CME Group,corporate_foundation,Facial Pain Research Foundation,2023,10000,recipient_exact,cash_grant,Special Opportunities: to support Laugh Your Face Off,,,,,unavailable,,,,clear,hold,corroboration stream — never additive; see source-plan Priority 2 CME row.
cme-corrob-072,CME Group Foundation — Special Opportunities,https://www.cmegroupfoundation.org/grants/special-opportunity.html,,2026-08-24,CME Group Foundation,,CME Group,corporate_foundation,Chicago Innovation Foundation,2023,25000,recipient_exact,cash_grant,Special Opportunities: to support Chicago Student Invention Convention,,,,,unavailable,,,foundation-p2-8027,linked_same_award,hold,corroboration stream — never additive; see source-plan Priority 2 CME row.
cme-corrob-073,CME Group Foundation — Special Opportunities,https://www.cmegroupfoundation.org/grants/special-opportunity.html,,2026-08-24,CME Group Foundation,,CME Group,corporate_foundation,Mikva Challenge DC,2023,4250,recipient_exact,cash_grant,Special Opportunities: to support general operations,,,,,unavailable,,,foundation-p2-8076,linked_same_award,hold,corroboration stream — never additive; see source-plan Priority 2 CME row. alias/dba/typo match
cme-corrob-074,CME Group Foundation — Special Opportunities,https://www.cmegroupfoundation.org/grants/special-opportunity.html,,2026-08-24,CME Group Foundation,,CME Group,corporate_foundation,Share Our Spare,2023,6750,recipient_exact,cash_grant,Special Opportunities: to support general operations,,,,,unavailable,,,foundation-p2-8089,linked_same_award,hold,corroboration stream — never additive; see source-plan Priority 2 CME row.
cme-corrob-075,CME Group Foundation — Special Opportunities,https://www.cmegroupfoundation.org/grants/special-opportunity.html,,2026-08-24,CME Group Foundation,,CME Group,corporate_foundation,Thrive Scholars,2023,7500,recipient_exact,cash_grant,Special Opportunities: to support general operations,,,,,unavailable,,,,clear,hold,corroboration stream — never additive; see source-plan Priority 2 CME row.
cme-corrob-076,CME Group Foundation — Special Opportunities,https://www.cmegroupfoundation.org/grants/special-opportunity.html,,2026-08-24,CME Group Foundation,,CME Group,corporate_foundation,GirlForward,2023,7500,recipient_exact,cash_grant,Special Opportunities: to support general operations,,,,,unavailable,,,foundation-p2-8052,linked_same_award,hold,corroboration stream — never additive; see source-plan Priority 2 CME row.
cme-corrob-077,CME Group Foundation — Special Opportunities,https://www.cmegroupfoundation.org/grants/special-opportunity.html,,2026-08-24,CME Group Foundation,,CME Group,corporate_foundation,Everytown Support Fund,2023,1000,recipient_exact,cash_grant,Special Opportunities: to support general operations,,,,,unavailable,,,,clear,hold,corroboration stream — never additive; see source-plan Priority 2 CME row.
cme-corrob-078,CME Group Foundation — Special Opportunities,https://www.cmegroupfoundation.org/grants/special-opportunity.html,,2026-08-24,CME Group Foundation,,CME Group,corporate_foundation,Children First Fund of Chicago Public Schools Foundation,2023,5000,recipient_exact,cash_grant,Special Opportunities: to support Compassion Fund,,,,,unavailable,,,foundation-p2-8037,linked_same_award,hold,corroboration stream — never additive; see source-plan Priority 2 CME row. alias/dba/typo match
cme-corrob-079,CME Group Foundation — Special Opportunities,https://www.cmegroupfoundation.org/grants/special-opportunity.html,,2026-08-24,CME Group Foundation,,CME Group,corporate_foundation,MetroSquash,2023,5000,recipient_exact,cash_grant,Special Opportunities: to support general operations,,,,,unavailable,,,foundation-p2-8074,linked_same_award,hold,corroboration stream — never additive; see source-plan Priority 2 CME row.
cme-corrob-080,CME Group Foundation — Special Opportunities,https://www.cmegroupfoundation.org/grants/special-opportunity.html,,2026-08-24,CME Group Foundation,,CME Group,corporate_foundation,WINGS,2023,10000,recipient_exact,cash_grant,Special Opportunities: to support WINGS Hospital Program,,,,,unavailable,,,,clear,hold,corroboration stream — never additive; see source-plan Priority 2 CME row.
cme-corrob-081,CME Group Foundation — Special Opportunities,https://www.cmegroupfoundation.org/grants/special-opportunity.html,,2026-08-24,CME Group Foundation,,CME Group,corporate_foundation,Colby’s Crew Rescue,2023,10000,recipient_exact,cash_grant,Special Opportunities: to support general operations,,,,,unavailable,,,,clear,hold,corroboration stream — never additive; see source-plan Priority 2 CME row.
cme-corrob-082,CME Group Foundation — Special Opportunities,https://www.cmegroupfoundation.org/grants/special-opportunity.html,,2026-08-24,CME Group Foundation,,CME Group,corporate_foundation,Border House Slaughter Rescue,2023,5000,recipient_exact,cash_grant,Special Opportunities: to support Barn Build Project,,,,,unavailable,,,,clear,hold,corroboration stream — never additive; see source-plan Priority 2 CME row.
cme-corrob-083,CME Group Foundation — Special Opportunities,https://www.cmegroupfoundation.org/grants/special-opportunity.html,,2026-08-24,CME Group Foundation,,CME Group,corporate_foundation,Rocking R Ranch & Rescue,2023,5000,recipient_exact,cash_grant,Special Opportunities: to support rescue improvements,,,,,unavailable,,,,clear,hold,corroboration stream — never additive; see source-plan Priority 2 CME row.
cme-corrob-084,CME Group Foundation — Special Opportunities,https://www.cmegroupfoundation.org/grants/special-opportunity.html,,2026-08-24,CME Group Foundation,,CME Group,corporate_foundation,Double D Animal Rescue,2023,5000,recipient_exact,cash_grant,Special Opportunities: to support general operations,,,,,unavailable,,,,clear,hold,corroboration stream — never additive; see source-plan Priority 2 CME row.
cme-corrob-085,CME Group Foundation — Special Opportunities,https://www.cmegroupfoundation.org/grants/special-opportunity.html,,2026-08-24,CME Group Foundation,,CME Group,corporate_foundation,Hunger Free America,2023,5000,recipient_exact,cash_grant,Special Opportunities: to support general operations,,,,,unavailable,,,,clear,hold,corroboration stream — never additive; see source-plan Priority 2 CME row.
cme-corrob-086,CME Group Foundation — Special Opportunities,https://www.cmegroupfoundation.org/grants/special-opportunity.html,,2026-08-24,CME Group Foundation,,CME Group,corporate_foundation,Jewish United Fund,2023,5000,recipient_exact,cash_grant,Special Opportunities: to support general operations,,,,,unavailable,,,foundation-p2-8064,linked_same_award,hold,corroboration stream — never additive; see source-plan Priority 2 CME row. alias/dba/typo match
cme-corrob-087,CME Group Foundation — Special Opportunities,https://www.cmegroupfoundation.org/grants/special-opportunity.html,,2026-08-24,CME Group Foundation,,CME Group,corporate_foundation,Gentle Giants Draft Horse Rescue Society,2022,5000,recipient_exact,cash_grant,Special Opportunities: to support Betty White Memorial Fund,,,,,unavailable,,,,clear,hold,corroboration stream — never additive; see source-plan Priority 2 CME row.
cme-corrob-088,CME Group Foundation — Special Opportunities,https://www.cmegroupfoundation.org/grants/special-opportunity.html,,2026-08-24,CME Group Foundation,,CME Group,corporate_foundation,Youth Guidance,2022,30000,recipient_exact,cash_grant,Special Opportunities: to support Working on Womanhood,,,,,unavailable,,,foundation-p2-8013,linked_same_award,hold,corroboration stream — never additive; see source-plan Priority 2 CME row.
cme-corrob-089,CME Group Foundation — Special Opportunities,https://www.cmegroupfoundation.org/grants/special-opportunity.html,,2026-08-24,CME Group Foundation,,CME Group,corporate_foundation,High Jump,2022,10000,recipient_exact,cash_grant,Special Opportunities: to support general operations,,,,,unavailable,,,foundation-p2-7965,linked_same_award,hold,corroboration stream — never additive; see source-plan Priority 2 CME row.
cme-corrob-090,CME Group Foundation — Special Opportunities,https://www.cmegroupfoundation.org/grants/special-opportunity.html,,2026-08-24,CME Group Foundation,,CME Group,corporate_foundation,LINK Unlimited Scholars,2022,5500,recipient_exact,cash_grant,Special Opportunities: to support general operations,,,,,unavailable,,,foundation-p2-7976,linked_same_award,hold,corroboration stream — never additive; see source-plan Priority 2 CME row.
cme-corrob-091,CME Group Foundation — Special Opportunities,https://www.cmegroupfoundation.org/grants/special-opportunity.html,,2026-08-24,CME Group Foundation,,CME Group,corporate_foundation,Holy Name Cathedral,2022,19000,recipient_exact,cash_grant,Special Opportunities: to support Holy Name Cathedral Ministries,,,,,unavailable,,,foundation-p2-7966,possible,hold,"corroboration stream — never additive; see source-plan Priority 2 CME row. same recipient+year, amount differs (aggregation/split candidate)"
cme-corrob-092,CME Group Foundation — Special Opportunities,https://www.cmegroupfoundation.org/grants/special-opportunity.html,,2026-08-24,CME Group Foundation,,CME Group,corporate_foundation,Harry S. Truman Scholarship Foundation,2022,10000,recipient_exact,cash_grant,Special Opportunities: to support Friends of the Truman Foundation Video Project,,,,,unavailable,,,,clear,hold,corroboration stream — never additive; see source-plan Priority 2 CME row.
cme-corrob-093,CME Group Foundation — Special Opportunities,https://www.cmegroupfoundation.org/grants/special-opportunity.html,,2026-08-24,CME Group Foundation,,CME Group,corporate_foundation,Congressional Hunger Center,2022,5000,recipient_exact,cash_grant,Special Opportunities: to support general operations,,,,,unavailable,,,,clear,hold,corroboration stream — never additive; see source-plan Priority 2 CME row.
cme-corrob-094,CME Group Foundation — Special Opportunities,https://www.cmegroupfoundation.org/grants/special-opportunity.html,,2026-08-24,CME Group Foundation,,CME Group,corporate_foundation,"Children First Fund of Chicago Public Schools Foundation, Office of Civic Engagement",2022,5000,recipient_exact,cash_grant,Special Opportunities: to support School-Based Grants for Service Learning Projects,,,,,unavailable,,,foundation-p2-7951,possible,hold,"corroboration stream — never additive; see source-plan Priority 2 CME row. same recipient+year, amount differs (aggregation/split candidate)"
cme-corrob-095,CME Group Foundation — Special Opportunities,https://www.cmegroupfoundation.org/grants/special-opportunity.html,,2026-08-24,CME Group Foundation,,CME Group,corporate_foundation,Mikva Challenge Chicago,2022,2500,recipient_exact,cash_grant,Special Opportunities: to support general operations,,,,,unavailable,,,foundation-p2-7979,possible,hold,"corroboration stream — never additive; see source-plan Priority 2 CME row. same recipient+year, amount differs (aggregation/split candidate)"
cme-corrob-096,CME Group Foundation — Special Opportunities,https://www.cmegroupfoundation.org/grants/special-opportunity.html,,2026-08-24,CME Group Foundation,,CME Group,corporate_foundation,Special Olympics,2022,10000,recipient_exact,cash_grant,Special Opportunities: to support the 2022 Annual Evening Reception,,,,,unavailable,,,foundation-p2-7995,possible,hold,corroboration stream — never additive; see source-plan Priority 2 CME row. Name-based entity resolution required (Special Olympics vs Special Children's Charities) despite exact year+amount
cme-corrob-097,CME Group Foundation — Special Opportunities,https://www.cmegroupfoundation.org/grants/special-opportunity.html,,2026-08-24,CME Group Foundation,,CME Group,corporate_foundation,Brookfield Zoo,2022,10000,recipient_exact,cash_grant,Special Opportunities: to support the CBOT Endangered Species Fund,,,,,unavailable,,,,clear,hold,corroboration stream — never additive; see source-plan Priority 2 CME row.
cme-corrob-098,CME Group Foundation — Special Opportunities,https://www.cmegroupfoundation.org/grants/special-opportunity.html,,2026-08-24,CME Group Foundation,,CME Group,corporate_foundation,Share Our Spare,2022,2000,recipient_exact,cash_grant,Special Opportunities: to support the Share Our Spare Signature Program,,,,,unavailable,,,foundation-p2-7993,linked_same_award,hold,corroboration stream — never additive; see source-plan Priority 2 CME row.
cme-corrob-099,CME Group Foundation — Special Opportunities,https://www.cmegroupfoundation.org/grants/special-opportunity.html,,2026-08-24,CME Group Foundation,,CME Group,corporate_foundation,Children First Fund of Chicago Public Schools Foundation,2022,4000,recipient_exact,cash_grant,Special Opportunities: to support the Compassion Fund,,,,,unavailable,,,foundation-p2-7951,possible,hold,"corroboration stream — never additive; see source-plan Priority 2 CME row. same recipient+year, amount differs (aggregation/split candidate)"
cme-corrob-100,CME Group Foundation — Special Opportunities,https://www.cmegroupfoundation.org/grants/special-opportunity.html,,2026-08-24,CME Group Foundation,,CME Group,corporate_foundation,Morton Arboretum,2022,5000,recipient_exact,cash_grant,Special Opportunities: to support Vegetated Barrier Project,,,,,unavailable,,,,clear,hold,corroboration stream — never additive; see source-plan Priority 2 CME row.
cme-corrob-101,CME Group Foundation — Special Opportunities,https://www.cmegroupfoundation.org/grants/special-opportunity.html,,2026-08-24,CME Group Foundation,,CME Group,corporate_foundation,Chicago Children’s Advocacy Project,2022,15000,recipient_exact,cash_grant,Special Opportunities: to support general operations,,,,,unavailable,,,foundation-p2-7944,linked_same_award,hold,corroboration stream — never additive; see source-plan Priority 2 CME row. alias/dba/typo match
cme-corrob-102,CME Group Foundation — Special Opportunities,https://www.cmegroupfoundation.org/grants/special-opportunity.html,,2026-08-24,CME Group Foundation,,CME Group,corporate_foundation,Start Early,2022,15000,recipient_exact,cash_grant,Special Opportunities: to support general operations (amount printed without dollar sign on page),,,,,unavailable,,,foundation-p2-7997,possible,hold,"corroboration stream — never additive; see source-plan Priority 2 CME row. same recipient+year, amount differs (aggregation/split candidate)"
cme-corrob-103,CME Group Foundation — Special Opportunities,https://www.cmegroupfoundation.org/grants/special-opportunity.html,,2026-08-24,CME Group Foundation,,CME Group,corporate_foundation,Mikva Challenge DC,2022,10000,recipient_exact,cash_grant,Special Opportunities: to support general operations,,,,,unavailable,,,foundation-p2-7979,possible,hold,"corroboration stream — never additive; see source-plan Priority 2 CME row. same recipient+year, amount differs (aggregation/split candidate)"
cme-corrob-104,CME Group Foundation — Special Opportunities,https://www.cmegroupfoundation.org/grants/special-opportunity.html,,2026-08-24,CME Group Foundation,,CME Group,corporate_foundation,American Friends of Lubavitch,2022,5000,recipient_exact,cash_grant,Special Opportunities: to support general operations,,,,,unavailable,,,,clear,hold,corroboration stream — never additive; see source-plan Priority 2 CME row.
cme-corrob-105,CME Group Foundation — Special Opportunities,https://www.cmegroupfoundation.org/grants/special-opportunity.html,,2026-08-24,CME Group Foundation,,CME Group,corporate_foundation,Mayo Clinic,2022,60000,recipient_exact,cash_grant,Special Opportunities: to support the President’s Strategic Initiative Fund,,,,,unavailable,,,,clear,hold,corroboration stream — never additive; see source-plan Priority 2 CME row.
cme-corrob-106,CME Group Foundation — Special Opportunities,https://www.cmegroupfoundation.org/grants/special-opportunity.html,,2026-08-24,CME Group Foundation,,CME Group,corporate_foundation,Misericordia,2022,35000,recipient_exact,cash_grant,Special Opportunities: to support general operations,,,,,unavailable,,,foundation-p2-7980,linked_same_award,hold,corroboration stream — never additive; see source-plan Priority 2 CME row. alias/dba/typo match
cme-corrob-107,CME Group Foundation — Special Opportunities,https://www.cmegroupfoundation.org/grants/special-opportunity.html,,2026-08-24,CME Group Foundation,,CME Group,corporate_foundation,MetroSquash,2022,3500,recipient_exact,cash_grant,Special Opportunities: to support the MetroSquash Cup,,,,,unavailable,,,foundation-p2-7978,linked_same_award,hold,corroboration stream — never additive; see source-plan Priority 2 CME row.
cme-corrob-108,CME Group Foundation — Special Opportunities,https://www.cmegroupfoundation.org/grants/special-opportunity.html,,2026-08-24,CME Group Foundation,,CME Group,corporate_foundation,Hunger Free America,2022,15000,recipient_exact,cash_grant,Special Opportunities: to support general operations,,,,,unavailable,,,,clear,hold,corroboration stream — never additive; see source-plan Priority 2 CME row.
cme-corrob-109,CME Group Foundation — Special Opportunities,https://www.cmegroupfoundation.org/grants/special-opportunity.html,,2026-08-24,CME Group Foundation,,CME Group,corporate_foundation,Jewish United Fund,2022,5000,recipient_exact,cash_grant,Special Opportunities: to support the 2022 Annual Campaign,,,,,unavailable,,,foundation-p2-7971,linked_same_award,hold,corroboration stream — never additive; see source-plan Priority 2 CME row. alias/dba/typo match
cme-corrob-110,CME Group Foundation — Special Opportunities,https://www.cmegroupfoundation.org/grants/special-opportunity.html,,2026-08-24,CME Group Foundation,,CME Group,corporate_foundation,Richmond Community Orchestra,2022,5000,recipient_exact,cash_grant,Special Opportunities: to support general operations,,,,,unavailable,,,,clear,hold,corroboration stream — never additive; see source-plan Priority 2 CME row.
cme-corrob-111,CME Group Foundation — Special Opportunities,https://www.cmegroupfoundation.org/grants/special-opportunity.html,,2026-08-24,CME Group Foundation,,CME Group,corporate_foundation,Association of Former Members of Congress,2022,2000,recipient_exact,cash_grant,Special Opportunities: to support the 2022 Statesmanship Awards,,,,,unavailable,,,,clear,hold,corroboration stream — never additive; see source-plan Priority 2 CME row.
cme-corrob-112,CME Group Foundation — Special Opportunities,https://www.cmegroupfoundation.org/grants/special-opportunity.html,,2026-08-24,CME Group Foundation,,CME Group,corporate_foundation,World Food Program USA,2022,2500,recipient_exact,cash_grant,Special Opportunities: to support general operations,,,,,unavailable,,,,clear,hold,corroboration stream — never additive; see source-plan Priority 2 CME row.
cme-corrob-113,CME Group Foundation — Special Opportunities,https://www.cmegroupfoundation.org/grants/special-opportunity.html,,2026-08-24,CME Group Foundation,,CME Group,corporate_foundation,New Life Centers,2022,5000,recipient_exact,cash_grant,Special Opportunities: to support Pan de Vida Food Distribution,,,,,unavailable,,,foundation-p2-7982,linked_same_award,hold,corroboration stream — never additive; see source-plan Priority 2 CME row. alias/dba/typo match
cme-corrob-114,CME Group Foundation — Special Opportunities,https://www.cmegroupfoundation.org/grants/special-opportunity.html,,2026-08-24,CME Group Foundation,,CME Group,corporate_foundation,Cheder Lubavitch Hebrew Day School,2022,10000,recipient_exact,cash_grant,Special Opportunities: to support general operations,,,,,unavailable,,,,clear,hold,corroboration stream — never additive; see source-plan Priority 2 CME row.
cme-corrob-115,CME Group Foundation — Special Opportunities,https://www.cmegroupfoundation.org/grants/special-opportunity.html,,2026-08-24,CME Group Foundation,,CME Group,corporate_foundation,Greater Chicago Food Depository,2022,5000,recipient_exact,cash_grant,Special Opportunities: to support general operations,,,,,unavailable,,,foundation-p2-7963,linked_same_award,hold,corroboration stream — never additive; see source-plan Priority 2 CME row.
cme-corrob-116,CME Group Foundation — Special Opportunities,https://www.cmegroupfoundation.org/grants/special-opportunity.html | https://www.cmegroupfoundation.org/grants/violence-reduction-intervention.html,,2026-08-24,CME Group Foundation,,CME Group,corporate_foundation,Thrive Chicago Reconnection Hub,2022,25000,recipient_exact,cash_grant,Special Opportunities: to support Addressing Mental Health Needs of Opportunity Youth to Increase Employment Outcomes,,,,,unavailable,,,foundation-p2-8005,possible,hold,"corroboration stream — never additive; see source-plan Priority 2 CME row. same recipient+year, amount differs (aggregation/split candidate) Verifier-flagged intra-capture duplicate: this grant is listed on two CME roster pages (both source URLs above); collapsed to one row per the verifier's cross-roster double-count finding."
cme-corrob-117,CME Group Foundation — Special Opportunities,https://www.cmegroupfoundation.org/grants/special-opportunity.html,,2026-08-24,CME Group Foundation,,CME Group,corporate_foundation,Autism Speaks,2022,5000,recipient_exact,cash_grant,Special Opportunities: to support 2022 Chicago Walk,,,,,unavailable,,,,clear,hold,corroboration stream — never additive; see source-plan Priority 2 CME row.
cme-corrob-118,CME Group Foundation — Special Opportunities,https://www.cmegroupfoundation.org/grants/special-opportunity.html,,2026-08-24,CME Group Foundation,,CME Group,corporate_foundation,RVR Horse Rescue,2022,5000,recipient_exact,cash_grant,Special Opportunities: to support general operations,,,,,unavailable,,,,clear,hold,corroboration stream — never additive; see source-plan Priority 2 CME row.
cme-corrob-119,CME Group Foundation — Special Opportunities,https://www.cmegroupfoundation.org/grants/special-opportunity.html,,2026-08-24,CME Group Foundation,,CME Group,corporate_foundation,Women’s Business Development Center,2022,10000,recipient_exact,cash_grant,Special Opportunities: to support general operations,,,,,unavailable,,,foundation-p2-8011,linked_same_award,hold,corroboration stream — never additive; see source-plan Priority 2 CME row.
cme-corrob-120,CME Group Foundation — Special Opportunities,https://www.cmegroupfoundation.org/grants/special-opportunity.html,,2026-08-24,CME Group Foundation,,CME Group,corporate_foundation,Chicago Innovation Foundation,2022,25000,recipient_exact,cash_grant,Special Opportunities: to support the Chicago Student Invention Convention,,,,,unavailable,,,foundation-p2-7945,linked_same_award,hold,corroboration stream — never additive; see source-plan Priority 2 CME row.
cme-corrob-121,CME Group Foundation — Special Opportunities,https://www.cmegroupfoundation.org/grants/special-opportunity.html,,2026-08-24,CME Group Foundation,,CME Group,corporate_foundation,Planned Parenthood,2022,5000,recipient_exact,cash_grant,Special Opportunities: to support general operations,,,,,unavailable,,,foundation-p2-7988,linked_same_award,hold,corroboration stream — never additive; see source-plan Priority 2 CME row. alias/dba/typo match
cme-corrob-122,CME Group Foundation — Special Opportunities,https://www.cmegroupfoundation.org/grants/special-opportunity.html,,2026-08-24,CME Group Foundation,,CME Group,corporate_foundation,Giffords: Courage to Fight Gun Violence,2022,10000,recipient_exact,cash_grant,Special Opportunities: to support Crafting Policy to Prevent Gun Violence,,,,,unavailable,,,,clear,hold,corroboration stream — never additive; see source-plan Priority 2 CME row.
cme-corrob-123,CME Group Foundation — Special Opportunities,https://www.cmegroupfoundation.org/grants/special-opportunity.html,,2026-08-24,CME Group Foundation,,CME Group,corporate_foundation,The Lilac Tree,2022,5000,recipient_exact,cash_grant,Special Opportunities: to support general operations,,,,,unavailable,,,,clear,hold,corroboration stream — never additive; see source-plan Priority 2 CME row.
cme-corrob-124,CME Group Foundation — Special Opportunities,https://www.cmegroupfoundation.org/grants/special-opportunity.html,,2026-08-24,CME Group Foundation,,CME Group,corporate_foundation,WINGS Chicagoland,2022,10000,recipient_exact,cash_grant,Special Opportunities: to support general operations,,,,,unavailable,,,,clear,hold,corroboration stream — never additive; see source-plan Priority 2 CME row.
cme-corrob-125,CME Group Foundation — Special Opportunities,https://www.cmegroupfoundation.org/grants/special-opportunity.html,,2026-08-24,CME Group Foundation,,CME Group,corporate_foundation,Crushers Club,2022,5000,recipient_exact,cash_grant,Special Opportunities: to support general operations,,,,,unavailable,,,foundation-p2-7991,linked_same_award,hold,corroboration stream — never additive; see source-plan Priority 2 CME row. alias/dba/typo match
cme-corrob-126,CME Group Foundation — Special Opportunities,https://www.cmegroupfoundation.org/grants/special-opportunity.html,,2026-08-24,CME Group Foundation,,CME Group,corporate_foundation,Mikva Challenge DC,2021,10000,recipient_exact,cash_grant,Special Opportunities: to support general operations,,,,,unavailable,,,foundation-p2-7902,possible,hold,"corroboration stream — never additive; see source-plan Priority 2 CME row. same recipient+year, amount differs (aggregation/split candidate)"
cme-corrob-127,CME Group Foundation — Special Opportunities,https://www.cmegroupfoundation.org/grants/special-opportunity.html,,2026-08-24,CME Group Foundation,,CME Group,corporate_foundation,Jewish United Fund,2021,5000,recipient_exact,cash_grant,Special Opportunities: to support the Annual Campaign,,,,,unavailable,,,foundation-p2-7891,linked_same_award,hold,corroboration stream — never additive; see source-plan Priority 2 CME row. alias/dba/typo match
cme-corrob-128,CME Group Foundation — Special Opportunities,https://www.cmegroupfoundation.org/grants/special-opportunity.html,,2026-08-24,CME Group Foundation,,CME Group,corporate_foundation,Hunger Free America,2021,10000,recipient_exact,cash_grant,Special Opportunities: to support general operations,,,,,unavailable,,,,clear,hold,corroboration stream — never additive; see source-plan Priority 2 CME row.
cme-corrob-129,CME Group Foundation — Special Opportunities,https://www.cmegroupfoundation.org/grants/special-opportunity.html,,2026-08-24,CME Group Foundation,,CME Group,corporate_foundation,Cheder Lubavitch Hebrew Day School,2021,10000,recipient_exact,cash_grant,Special Opportunities: to support general operations,,,,,unavailable,,,,clear,hold,corroboration stream — never additive; see source-plan Priority 2 CME row.
cme-corrob-130,CME Group Foundation — Special Opportunities,https://www.cmegroupfoundation.org/grants/special-opportunity.html,,2026-08-24,CME Group Foundation,,CME Group,corporate_foundation,Chicago Zoological Society/Brookfield Zoo,2021,10000,recipient_exact,cash_grant,Special Opportunities: to support the Chicago Board of Trade Endangered Species Fund,,,,,unavailable,,,,clear,hold,corroboration stream — never additive; see source-plan Priority 2 CME row.
cme-corrob-131,CME Group Foundation — Special Opportunities,https://www.cmegroupfoundation.org/grants/special-opportunity.html,,2026-08-24,CME Group Foundation,,CME Group,corporate_foundation,"Mazon, A Jewish Response to Hunger",2021,15000,recipient_exact,cash_grant,Special Opportunities: to support general operations,,,,,unavailable,,,,clear,hold,corroboration stream — never additive; see source-plan Priority 2 CME row.
cme-corrob-132,CME Group Foundation — Special Opportunities,https://www.cmegroupfoundation.org/grants/special-opportunity.html,,2026-08-24,CME Group Foundation,,CME Group,corporate_foundation,World Food Program USA,2021,5000,recipient_exact,cash_grant,Special Opportunities: to support general operations,,,,,unavailable,,,,clear,hold,corroboration stream — never additive; see source-plan Priority 2 CME row.
cme-corrob-133,CME Group Foundation — Special Opportunities,https://www.cmegroupfoundation.org/grants/special-opportunity.html,,2026-08-24,CME Group Foundation,,CME Group,corporate_foundation,Bread for the World,2021,2500,recipient_exact,cash_grant,Special Opportunities: to support general operations,,,,,unavailable,,,,clear,hold,corroboration stream — never additive; see source-plan Priority 2 CME row.
cme-corrob-134,CME Group Foundation — Special Opportunities,https://www.cmegroupfoundation.org/grants/special-opportunity.html,,2026-08-24,CME Group Foundation,,CME Group,corporate_foundation,Alliance to End Hunger,2021,2500,recipient_exact,cash_grant,Special Opportunities: to support general operations,,,,,unavailable,,,,clear,hold,corroboration stream — never additive; see source-plan Priority 2 CME row.
cme-corrob-135,CME Group Foundation — Special Opportunities,https://www.cmegroupfoundation.org/grants/special-opportunity.html,,2026-08-24,CME Group Foundation,,CME Group,corporate_foundation,Congressional Hunger Center,2021,,unavailable,cash_grant,"Special Opportunities: to support general operations (amount corrupted on page; printed as ""$10X,000"")",,,,,unavailable,,,,clear,hold,corroboration stream — never additive; see source-plan Priority 2 CME row. Amount null in source — count-only; no canonical CME row for this recipient/year
cme-corrob-136,CME Group Foundation — Special Opportunities,https://www.cmegroupfoundation.org/grants/special-opportunity.html,,2026-08-24,CME Group Foundation,,CME Group,corporate_foundation,Youth Guidance,2021,10000,recipient_exact,cash_grant,Special Opportunities: to support general operations,,,,,unavailable,,,foundation-p2-7934,linked_same_award,hold,corroboration stream — never additive; see source-plan Priority 2 CME row.
cme-corrob-137,CME Group Foundation — Special Opportunities,https://www.cmegroupfoundation.org/grants/special-opportunity.html,,2026-08-24,CME Group Foundation,,CME Group,corporate_foundation,The Village Chicago,2021,5000,recipient_exact,cash_grant,Special Opportunities: to support the 2021 Annual Benefit,,,,,unavailable,,,foundation-p2-7897,linked_same_award,hold,corroboration stream — never additive; see source-plan Priority 2 CME row. alias/dba/typo match
cme-corrob-138,CME Group Foundation — Special Opportunities,https://www.cmegroupfoundation.org/grants/special-opportunity.html,,2026-08-24,CME Group Foundation,,CME Group,corporate_foundation,I Am ALS,2021,5000,recipient_exact,cash_grant,Special Opportunities: to support general operations,,,,,unavailable,,,,clear,hold,corroboration stream — never additive; see source-plan Priority 2 CME row.
cme-corrob-139,CME Group Foundation — Special Opportunities,https://www.cmegroupfoundation.org/grants/special-opportunity.html,,2026-08-24,CME Group Foundation,,CME Group,corporate_foundation,Hooved Animal Humane Society,2021,5000,recipient_exact,cash_grant,Special Opportunities: to support general operations,,,,,unavailable,,,,clear,hold,corroboration stream — never additive; see source-plan Priority 2 CME row.
cme-corrob-140,CME Group Foundation — Special Opportunities,https://www.cmegroupfoundation.org/grants/special-opportunity.html,,2026-08-24,CME Group Foundation,,CME Group,corporate_foundation,Greater Chicago Food Depository,2021,5000,recipient_exact,cash_grant,Special Opportunities: to support general operations,,,,,unavailable,,,foundation-p2-7881,linked_same_award,hold,corroboration stream — never additive; see source-plan Priority 2 CME row.
cme-corrob-141,CME Group Foundation — Special Opportunities,https://www.cmegroupfoundation.org/grants/special-opportunity.html,,2026-08-24,CME Group Foundation,,CME Group,corporate_foundation,Start Early,2021,15000,recipient_exact,cash_grant,Special Opportunities: to support the 2021 Annual Luncheon,,,,,unavailable,,,foundation-p2-7915,linked_same_award,hold,corroboration stream — never additive; see source-plan Priority 2 CME row.
cme-corrob-142,CME Group Foundation — Special Opportunities,https://www.cmegroupfoundation.org/grants/special-opportunity.html,,2026-08-24,CME Group Foundation,,CME Group,corporate_foundation,Mayo Clinic,2021,60000,recipient_exact,cash_grant,Special Opportunities: to support the President’s Strategic Initiative Fund,,,,,unavailable,,,,clear,hold,corroboration stream — never additive; see source-plan Priority 2 CME row.
cme-corrob-143,CME Group Foundation — Special Opportunities,https://www.cmegroupfoundation.org/grants/special-opportunity.html,,2026-08-24,CME Group Foundation,,CME Group,corporate_foundation,Big Shoulders Fund,2021,20000,recipient_exact,cash_grant,Special Opportunities: to support general operations,,,,,unavailable,,,foundation-p2-7846,linked_same_award,hold,corroboration stream — never additive; see source-plan Priority 2 CME row.
cme-corrob-144,CME Group Foundation — Special Opportunities,https://www.cmegroupfoundation.org/grants/special-opportunity.html,,2026-08-24,CME Group Foundation,,CME Group,corporate_foundation,Chicago Police Memorial Foundation,2021,10000,recipient_exact,cash_grant,Special Opportunities: to support general operations,,,,,unavailable,,,foundation-p2-7854,linked_same_award,hold,corroboration stream — never additive; see source-plan Priority 2 CME row.
cme-corrob-145,CME Group Foundation — Special Opportunities,https://www.cmegroupfoundation.org/grants/special-opportunity.html,,2026-08-24,CME Group Foundation,,CME Group,corporate_foundation,Women’s Business Development Center,2021,10000,recipient_exact,cash_grant,Special Opportunities: to support “How to Build and Sustain Profitable Childcare Businesses” program,,,,,unavailable,,,foundation-p2-7932,linked_same_award,hold,corroboration stream — never additive; see source-plan Priority 2 CME row.
cme-corrob-146,CME Group Foundation — Special Opportunities,https://www.cmegroupfoundation.org/grants/special-opportunity.html,,2026-08-24,CME Group Foundation,,CME Group,corporate_foundation,Association of Former Members of Congress,2021,2500,recipient_exact,cash_grant,Special Opportunities: to support general operations,,,,,unavailable,,,,clear,hold,corroboration stream — never additive; see source-plan Priority 2 CME row.
cme-corrob-147,CME Group Foundation — Special Opportunities,https://www.cmegroupfoundation.org/grants/special-opportunity.html,,2026-08-24,CME Group Foundation,,CME Group,corporate_foundation,Frank Lloyd Wright Home and Trust,2021,2500,recipient_exact,cash_grant,Special Opportunities: to support general operations,,,,,unavailable,,,foundation-p2-7879,linked_same_award,hold,corroboration stream — never additive; see source-plan Priority 2 CME row. alias/dba/typo match
cme-corrob-148,CME Group Foundation — Special Opportunities,https://www.cmegroupfoundation.org/grants/special-opportunity.html,,2026-08-24,CME Group Foundation,,CME Group,corporate_foundation,Beyond Hunger,2021,2500,recipient_exact,cash_grant,Special Opportunities: to support general operations,,,,,unavailable,,,,clear,hold,corroboration stream — never additive; see source-plan Priority 2 CME row.
cme-corrob-149,CME Group Foundation — Special Opportunities,https://www.cmegroupfoundation.org/grants/special-opportunity.html,,2026-08-24,CME Group Foundation,,CME Group,corporate_foundation,Mikva Challenge Chicago,2021,3000,recipient_exact,cash_grant,Special Opportunities: to support general operations,,,,,unavailable,,,foundation-p2-7902,linked_same_award,hold,corroboration stream — never additive; see source-plan Priority 2 CME row. alias/dba/typo match
cme-corrob-150,CME Group Foundation — Special Opportunities,https://www.cmegroupfoundation.org/grants/special-opportunity.html,,2026-08-24,CME Group Foundation,,CME Group,corporate_foundation,New Life Center,2021,3000,recipient_exact,cash_grant,Special Opportunities: to support Stronger Together COVID-19 Response,,,,,unavailable,,,foundation-p2-7904,linked_same_award,hold,corroboration stream — never additive; see source-plan Priority 2 CME row. alias/dba/typo match
cme-corrob-151,CME Group Foundation — Special Opportunities,https://www.cmegroupfoundation.org/grants/special-opportunity.html,,2026-08-24,CME Group Foundation,,CME Group,corporate_foundation,Green City Market,2021,3000,recipient_exact,cash_grant,Special Opportunities: to support general operations,,,,,unavailable,,,foundation-p2-7883,linked_same_award,hold,corroboration stream — never additive; see source-plan Priority 2 CME row.
cme-corrob-152,CME Group Foundation — Special Opportunities,https://www.cmegroupfoundation.org/grants/special-opportunity.html,,2026-08-24,CME Group Foundation,,CME Group,corporate_foundation,Urban Growers Collective,2021,2500,recipient_exact,cash_grant,Special Opportunities: to support general operations,,,,,unavailable,,,foundation-p2-7931,linked_same_award,hold,corroboration stream — never additive; see source-plan Priority 2 CME row.
cme-corrob-153,CME Group Foundation — Special Opportunities,https://www.cmegroupfoundation.org/grants/special-opportunity.html,,2026-08-24,CME Group Foundation,,CME Group,corporate_foundation,National Coalition Against Domestic Violence,2021,5000,recipient_exact,cash_grant,Special Opportunities: to support general operations,,,,,unavailable,,,,clear,hold,corroboration stream — never additive; see source-plan Priority 2 CME row.
cme-corrob-154,CME Group Foundation — Special Opportunities,https://www.cmegroupfoundation.org/grants/special-opportunity.html,,2026-08-24,CME Group Foundation,,CME Group,corporate_foundation,Chicago Alliance Against Sexual Exploitation,2021,1500,recipient_exact,cash_grant,Special Opportunities: to support general operations,,,,,unavailable,,,foundation-p2-7849,linked_same_award,hold,corroboration stream — never additive; see source-plan Priority 2 CME row. alias/dba/typo match
cme-corrob-155,CME Group Foundation — Special Opportunities,https://www.cmegroupfoundation.org/grants/special-opportunity.html,,2026-08-24,CME Group Foundation,,CME Group,corporate_foundation,Cradles to Crayons,2021,15000,recipient_exact,cash_grant,Special Opportunities: to support Gear Up for Winter,,,,,unavailable,,,foundation-p2-7871,linked_same_award,hold,corroboration stream — never additive; see source-plan Priority 2 CME row. alias/dba/typo match
cme-corrob-156,CME Group Foundation — Special Opportunities,https://www.cmegroupfoundation.org/grants/special-opportunity.html,,2026-08-24,CME Group Foundation,,CME Group,corporate_foundation,Misericordia,2021,30000,recipient_exact,cash_grant,Special Opportunities: to support general operations,,,,,unavailable,,,foundation-p2-7903,linked_same_award,hold,corroboration stream — never additive; see source-plan Priority 2 CME row. alias/dba/typo match
cme-corrob-157,CME Group Foundation — Special Opportunities,https://www.cmegroupfoundation.org/grants/special-opportunity.html,,2026-08-24,CME Group Foundation,,CME Group,corporate_foundation,Planned Parenthood of Illinois,2021,2500,recipient_exact,cash_grant,Special Opportunities: to support Technology in the Classroom,,,,,unavailable,,,foundation-p2-7909,linked_same_award,hold,corroboration stream — never additive; see source-plan Priority 2 CME row.
cme-corrob-158,CME Group Foundation — Special Opportunities,https://www.cmegroupfoundation.org/grants/special-opportunity.html,,2026-08-24,CME Group Foundation,,CME Group,corporate_foundation,PAWS Chicago,2021,10000,recipient_exact,cash_grant,Special Opportunities: to support general operations,,,,,unavailable,,,foundation-p2-7908,possible,hold,"corroboration stream — never additive; see source-plan Priority 2 CME row. same recipient+year, amount differs (aggregation/split candidate)"
cme-corrob-159,CME Group Foundation — Special Opportunities,https://www.cmegroupfoundation.org/grants/special-opportunity.html,,2026-08-24,CME Group Foundation,,CME Group,corporate_foundation,Chicago Innovation,2021,25000,recipient_exact,cash_grant,Special Opportunities: to support the Chicago Student Invention Convention,,,,,unavailable,,,foundation-p2-7852,linked_same_award,hold,corroboration stream — never additive; see source-plan Priority 2 CME row. alias/dba/typo match
cme-corrob-160,CME Group Foundation — Special Opportunities,https://www.cmegroupfoundation.org/grants/special-opportunity.html,,2026-08-24,CME Group Foundation,,CME Group,corporate_foundation,ZERO – The End of Prostate Cancer,2021,7000,recipient_exact,cash_grant,Special Opportunities: to support general operations,,,,,unavailable,,,,clear,hold,corroboration stream — never additive; see source-plan Priority 2 CME row.
cme-corrob-161,CME Group Foundation — Special Opportunities,https://www.cmegroupfoundation.org/grants/special-opportunity.html,,2026-08-24,CME Group Foundation,,CME Group,corporate_foundation,Special Olympics,2021,10000,recipient_exact,cash_grant,Special Opportunities: to support general operations,,,,,unavailable,,,foundation-p2-7914,possible,hold,corroboration stream — never additive; see source-plan Priority 2 CME row. Name-based entity resolution required (Special Olympics vs Special Children's Charities) despite exact year+amount
cme-corrob-162,CME Group Foundation — Special Opportunities,https://www.cmegroupfoundation.org/grants/special-opportunity.html,,2026-08-24,CME Group Foundation,,CME Group,corporate_foundation,Children First Fund of the Chicago Public Schools Foundation,2021,4000,recipient_exact,cash_grant,Special Opportunities: to support the Essential Items Program,,,,,unavailable,,,foundation-p2-7860,linked_same_award,hold,corroboration stream — never additive; see source-plan Priority 2 CME row. alias/dba/typo match
cme-corrob-163,CME Group Foundation — Special Opportunities,https://www.cmegroupfoundation.org/grants/special-opportunity.html,,2026-08-24,CME Group Foundation,,CME Group,corporate_foundation,LINK Unlimited Scholars,2021,15000,recipient_exact,cash_grant,Special Opportunities: to support general operations,,,,,unavailable,,,foundation-p2-7898,linked_same_award,hold,corroboration stream — never additive; see source-plan Priority 2 CME row.
cme-corrob-164,CME Group Foundation — Special Opportunities,https://www.cmegroupfoundation.org/grants/special-opportunity.html,,2026-08-24,CME Group Foundation,,CME Group,corporate_foundation,Share Our Spare,2021,5000,recipient_exact,cash_grant,Special Opportunities: to support the Essential Items Program,,,,,unavailable,,,foundation-p2-7913,linked_same_award,hold,corroboration stream — never additive; see source-plan Priority 2 CME row.
cme-corrob-165,CME Group Foundation — Special Opportunities,https://www.cmegroupfoundation.org/grants/special-opportunity.html,,2026-08-24,CME Group Foundation,,CME Group,corporate_foundation,PAWS Chicago,2021,5000,recipient_exact,cash_grant,Special Opportunities: to support general operations,,,,,unavailable,,,foundation-p2-7908,possible,hold,"corroboration stream — never additive; see source-plan Priority 2 CME row. same recipient+year, amount differs (aggregation/split candidate)"
cme-corrob-166,CME Group Foundation — Special Opportunities,https://www.cmegroupfoundation.org/grants/special-opportunity.html,,2026-08-24,CME Group Foundation,,CME Group,corporate_foundation,Evans Scholars Foundation,2021,2000,recipient_exact,cash_grant,Special Opportunities: to support general operations,,,,,unavailable,,,,clear,hold,corroboration stream — never additive; see source-plan Priority 2 CME row.
cme-corrob-167,CME Group Foundation — Special Opportunities,https://www.cmegroupfoundation.org/grants/special-opportunity.html,,2026-08-24,CME Group Foundation,,CME Group,corporate_foundation,Les Turner ALS Foundation,2021,5000,recipient_exact,cash_grant,Special Opportunities: to support ALS Education and Support Services,,,,,unavailable,,,,clear,hold,corroboration stream — never additive; see source-plan Priority 2 CME row.
cme-corrob-168,CME Group Foundation — Special Opportunities,https://www.cmegroupfoundation.org/grants/special-opportunity.html,,2026-08-24,CME Group Foundation,,CME Group,corporate_foundation,High Jump,2021,14000,recipient_exact,cash_grant,Special Opportunities: to support general operations,,,,,unavailable,,,foundation-p2-7885,linked_same_award,hold,corroboration stream — never additive; see source-plan Priority 2 CME row.
cme-corrob-169,CME Group Foundation — Special Opportunities,https://www.cmegroupfoundation.org/grants/special-opportunity.html,,2026-08-24,CME Group Foundation,,CME Group,corporate_foundation,WINGS Chicagoland,2021,5000,recipient_exact,cash_grant,Special Opportunities: to support the WINGS Hospital Program,,,,,unavailable,,,,clear,hold,corroboration stream — never additive; see source-plan Priority 2 CME row.
cme-corrob-170,CME Group Foundation — Special Opportunities,https://www.cmegroupfoundation.org/grants/special-opportunity.html,,2026-08-24,CME Group Foundation,,CME Group,corporate_foundation,Junior Achievement,2021,5000,recipient_exact,cash_grant,Special Opportunities: to support general operations,,,,,unavailable,,,foundation-p2-7892,linked_same_award,hold,corroboration stream — never additive; see source-plan Priority 2 CME row. alias/dba/typo match
cme-corrob-171,CME Group Foundation — Special Opportunities,https://www.cmegroupfoundation.org/grants/special-opportunity.html | https://www.cmegroupfoundation.org/grants/covid-19-response.html,,2026-08-24,CME Group Foundation,,CME Group,corporate_foundation,Blessings in a Backpack,2020,5000,recipient_exact,cash_grant,Special Opportunities: to support Feeding Kids on the Weekends,,,,,unavailable,,,,clear,hold,corroboration stream — never additive; see source-plan Priority 2 CME row. pre-2021: outside canonical coverage Verifier-flagged intra-capture duplicate: this grant is listed on two CME roster pages (both source URLs above); collapsed to one row per the verifier's cross-roster double-count finding.
cme-corrob-172,CME Group Foundation — Special Opportunities,https://www.cmegroupfoundation.org/grants/special-opportunity.html,,2026-08-24,CME Group Foundation,,CME Group,corporate_foundation,Chabad of Champaign-Urbana,2020,5000,recipient_exact,cash_grant,Special Opportunities: to support the CME Tech Lounge,,,,,unavailable,,,,clear,hold,corroboration stream — never additive; see source-plan Priority 2 CME row.
cme-corrob-173,CME Group Foundation — Special Opportunities,https://www.cmegroupfoundation.org/grants/special-opportunity.html,,2026-08-24,CME Group Foundation,,CME Group,corporate_foundation,Chicago Community Foundation,2020,13000,recipient_exact,cash_grant,Special Opportunities: to support Fund 385,,,,,unavailable,,,,clear,hold,corroboration stream — never additive; see source-plan Priority 2 CME row.
cme-corrob-174,CME Group Foundation — Special Opportunities,https://www.cmegroupfoundation.org/grants/special-opportunity.html,,2026-08-24,CME Group Foundation,,CME Group,corporate_foundation,Feeding America,2020,5000,recipient_exact,cash_grant,Special Opportunities: to support general operations,,,,,unavailable,,,,clear,hold,corroboration stream — never additive; see source-plan Priority 2 CME row.
cme-corrob-175,CME Group Foundation — Special Opportunities,https://www.cmegroupfoundation.org/grants/special-opportunity.html,,2026-08-24,CME Group Foundation,,CME Group,corporate_foundation,Food Research and Action Center,2020,2500,recipient_exact,cash_grant,Special Opportunities: to support general operations,,,,,unavailable,,,,clear,hold,corroboration stream — never additive; see source-plan Priority 2 CME row.
cme-corrob-176,CME Group Foundation — Special Opportunities,https://www.cmegroupfoundation.org/grants/special-opportunity.html,,2026-08-24,CME Group Foundation,,CME Group,corporate_foundation,Gastro-Intestinal Research Foundation,2020,3000,recipient_exact,cash_grant,Special Opportunities: to support the Larry A. Pogofsky All-Star Challenge,,,,,unavailable,,,,clear,hold,corroboration stream — never additive; see source-plan Priority 2 CME row.
cme-corrob-177,CME Group Foundation — Special Opportunities,https://www.cmegroupfoundation.org/grants/special-opportunity.html,,2026-08-24,CME Group Foundation,,CME Group,corporate_foundation,Greater Chicago Food Depository,2020,5000,recipient_exact,cash_grant,Special Opportunities: to support general operations,,,,,unavailable,,,foundation-p2-7882,possible,hold,corroboration stream — never additive; see source-plan Priority 2 CME row. Same funder+recipient+amount in adjacent canonical year (fiscal-year lag candidate)
cme-corrob-178,CME Group Foundation — Special Opportunities,https://www.cmegroupfoundation.org/grants/special-opportunity.html,,2026-08-24,CME Group Foundation,,CME Group,corporate_foundation,Henry Ford Health Center,2020,10000,recipient_exact,cash_grant,"Special Opportunities: to support the Jan Rival, MD Resident Traveling Fellowship",,,,,unavailable,,,,clear,hold,corroboration stream — never additive; see source-plan Priority 2 CME row.
cme-corrob-179,CME Group Foundation — Special Opportunities,https://www.cmegroupfoundation.org/grants/special-opportunity.html,,2026-08-24,CME Group Foundation,,CME Group,corporate_foundation,High Jump,2020,7000,recipient_exact,cash_grant,Special Opportunities: to support the annual gala,,,,,unavailable,,,,clear,hold,corroboration stream — never additive; see source-plan Priority 2 CME row.
cme-corrob-180,CME Group Foundation — Special Opportunities,https://www.cmegroupfoundation.org/grants/special-opportunity.html,,2026-08-24,CME Group Foundation,,CME Group,corporate_foundation,Hooved Animal Humane Society,2020,3000,recipient_exact,cash_grant,Special Opportunities: to support general operations,,,,,unavailable,,,,clear,hold,corroboration stream — never additive; see source-plan Priority 2 CME row.
cme-corrob-181,CME Group Foundation — Special Opportunities,https://www.cmegroupfoundation.org/grants/special-opportunity.html,,2026-08-24,CME Group Foundation,,CME Group,corporate_foundation,Northwestern Memorial Foundation,2020,50000,recipient_exact,cash_grant,Special Opportunities: to support Breast Cancer Patient Connect,,,,,unavailable,,,,clear,hold,corroboration stream — never additive; see source-plan Priority 2 CME row.
cme-corrob-182,CME Group Foundation — Special Opportunities,https://www.cmegroupfoundation.org/grants/special-opportunity.html,,2026-08-24,CME Group Foundation,,CME Group,corporate_foundation,Pacific Garden Mission,2020,5500,recipient_exact,cash_grant,Special Opportunities: to support general operations,,,,,unavailable,,,,clear,hold,corroboration stream — never additive; see source-plan Priority 2 CME row.
cme-corrob-183,CME Group Foundation — Special Opportunities,https://www.cmegroupfoundation.org/grants/special-opportunity.html,,2026-08-24,CME Group Foundation,,CME Group,corporate_foundation,St. Joseph High School,2020,7500,recipient_exact,cash_grant,Special Opportunities: to support Technology in the Classroom,,,,,unavailable,,,,clear,hold,corroboration stream — never additive; see source-plan Priority 2 CME row.
cme-corrob-184,CME Group Foundation — Special Opportunities,https://www.cmegroupfoundation.org/grants/special-opportunity.html,,2026-08-24,CME Group Foundation,,CME Group,corporate_foundation,The Forward,2020,5000,recipient_exact,cash_grant,Special Opportunities: to support general operations,,,,,unavailable,,,,clear,hold,corroboration stream — never additive; see source-plan Priority 2 CME row.
cme-corrob-185,CME Group Foundation — Special Opportunities,https://www.cmegroupfoundation.org/grants/special-opportunity.html,,2026-08-24,CME Group Foundation,,CME Group,corporate_foundation,St. Jude Children’s Research Hospital,2020,3000,recipient_exact,cash_grant,Special Opportunities: to support general operations,,,,,unavailable,,,,clear,hold,corroboration stream — never additive; see source-plan Priority 2 CME row.
cme-corrob-186,CME Group Foundation — Special Opportunities,https://www.cmegroupfoundation.org/grants/special-opportunity.html | https://www.cmegroupfoundation.org/grants/covid-19-response.html,,2026-08-24,CME Group Foundation,,CME Group,corporate_foundation,World Food Program USA,2020,5000,recipient_exact,cash_grant,Special Opportunities: to support general operations,,,,,unavailable,,,,clear,hold,corroboration stream — never additive; see source-plan Priority 2 CME row. Verifier-flagged intra-capture duplicate: this grant is listed on two CME roster pages (both source URLs above); collapsed to one row per the verifier's cross-roster double-count finding.
cme-corrob-187,CME Group Foundation — Special Opportunities,https://www.cmegroupfoundation.org/grants/special-opportunity.html,,2026-08-24,CME Group Foundation,,CME Group,corporate_foundation,America Needs You,2018,6000,recipient_exact,cash_grant,Special Opportunities: to support the Fellows Program,,,,,unavailable,,,,clear,hold,corroboration stream — never additive; see source-plan Priority 2 CME row.
cme-corrob-188,CME Group Foundation — Special Opportunities,https://www.cmegroupfoundation.org/grants/special-opportunity.html,,2026-08-24,CME Group Foundation,,CME Group,corporate_foundation,ASPCA,2018,2000,recipient_exact,cash_grant,Special Opportunities: to support saving at-risk pets,,,,,unavailable,,,,clear,hold,corroboration stream — never additive; see source-plan Priority 2 CME row.
cme-corrob-189,CME Group Foundation — Special Opportunities,https://www.cmegroupfoundation.org/grants/special-opportunity.html,,2026-08-24,CME Group Foundation,,CME Group,corporate_foundation,Autism Speaks,2018,5000,recipient_exact,cash_grant,Special Opportunities: to support Chip in for Autism benefit,,,,,unavailable,,,,clear,hold,corroboration stream — never additive; see source-plan Priority 2 CME row.
cme-corrob-190,CME Group Foundation — Special Opportunities,https://www.cmegroupfoundation.org/grants/special-opportunity.html,,2026-08-24,CME Group Foundation,,CME Group,corporate_foundation,Bottom Line,2018,20000,recipient_exact,cash_grant,Special Opportunities: to support Chicago expansion,,,,,unavailable,,,,clear,hold,corroboration stream — never additive; see source-plan Priority 2 CME row.
cme-corrob-191,CME Group Foundation — Special Opportunities,https://www.cmegroupfoundation.org/grants/special-opportunity.html,,2026-08-24,CME Group Foundation,,CME Group,corporate_foundation,Bright Pink,2018,5000,recipient_exact,cash_grant,Special Opportunities: to support general operations,,,,,unavailable,,,,clear,hold,corroboration stream — never additive; see source-plan Priority 2 CME row.
cme-corrob-192,CME Group Foundation — Special Opportunities,https://www.cmegroupfoundation.org/grants/special-opportunity.html,,2026-08-24,CME Group Foundation,,CME Group,corporate_foundation,Brookfield Zoo,2018,10000,recipient_exact,cash_grant,Special Opportunities: to support the Chicago Board of Trade Endangered Species Fund,,,,,unavailable,,,,clear,hold,corroboration stream — never additive; see source-plan Priority 2 CME row.
cme-corrob-193,CME Group Foundation — Special Opportunities,https://www.cmegroupfoundation.org/grants/special-opportunity.html,,2026-08-24,CME Group Foundation,,CME Group,corporate_foundation,Chabad of Champaign-Urbana,2018,10000,recipient_exact,cash_grant,Special Opportunities: to support the CME Tech Innovation Lounge,,,,,unavailable,,,,clear,hold,corroboration stream — never additive; see source-plan Priority 2 CME row.
cme-corrob-194,CME Group Foundation — Special Opportunities,https://www.cmegroupfoundation.org/grants/special-opportunity.html,,2026-08-24,CME Group Foundation,,CME Group,corporate_foundation,Cheder Lubavitch Hebrew Day School,2018,25000,recipient_exact,cash_grant,Special Opportunities: to support general operations,,,,,unavailable,,,,clear,hold,corroboration stream — never additive; see source-plan Priority 2 CME row.
cme-corrob-195,CME Group Foundation — Special Opportunities,https://www.cmegroupfoundation.org/grants/special-opportunity.html,,2026-08-24,CME Group Foundation,,CME Group,corporate_foundation,Chicago Community Foundation,2018,30000,recipient_exact,cash_grant,Special Opportunities: to support Fund 385,,,,,unavailable,,,,clear,hold,corroboration stream — never additive; see source-plan Priority 2 CME row.
cme-corrob-196,CME Group Foundation — Special Opportunities,https://www.cmegroupfoundation.org/grants/special-opportunity.html,,2026-08-24,CME Group Foundation,,CME Group,corporate_foundation,"Chicago Legal Clinic, Inc.",2018,1000,recipient_exact,cash_grant,Special Opportunities: to support general operations,,,,,unavailable,,,,clear,hold,corroboration stream — never additive; see source-plan Priority 2 CME row.
cme-corrob-197,CME Group Foundation — Special Opportunities,https://www.cmegroupfoundation.org/grants/special-opportunity.html,,2026-08-24,CME Group Foundation,,CME Group,corporate_foundation,Chicago Tutoring Connection,2018,2500,recipient_exact,cash_grant,Special Opportunities: to support general operations,,,,,unavailable,,,,clear,hold,corroboration stream — never additive; see source-plan Priority 2 CME row.
cme-corrob-198,CME Group Foundation — Special Opportunities,https://www.cmegroupfoundation.org/grants/special-opportunity.html,,2026-08-24,CME Group Foundation,,CME Group,corporate_foundation,"Di Goldene Keyt, Ltd.",2018,5000,recipient_exact,cash_grant,Special Opportunities: to support the Jewish People’s Philharmonic Chorus,,,,,unavailable,,,,clear,hold,corroboration stream — never additive; see source-plan Priority 2 CME row.
cme-corrob-199,CME Group Foundation — Special Opportunities,https://www.cmegroupfoundation.org/grants/special-opportunity.html,,2026-08-24,CME Group Foundation,,CME Group,corporate_foundation,Enterprise Community Partners,2018,15000,recipient_exact,cash_grant,Special Opportunities: to support connection to opportunities through affordable housing,,,,,unavailable,,,,clear,hold,corroboration stream — never additive; see source-plan Priority 2 CME row.
cme-corrob-200,CME Group Foundation — Special Opportunities,https://www.cmegroupfoundation.org/grants/special-opportunity.html,,2026-08-24,CME Group Foundation,,CME Group,corporate_foundation,The Forward,2018,5000,recipient_exact,cash_grant,Special Opportunities: to support general operations,,,,,unavailable,,,,clear,hold,corroboration stream — never additive; see source-plan Priority 2 CME row.
cme-corrob-201,CME Group Foundation — Special Opportunities,https://www.cmegroupfoundation.org/grants/special-opportunity.html,,2026-08-24,CME Group Foundation,,CME Group,corporate_foundation,Holy Name Cathedral,2018,25000,recipient_exact,cash_grant,Special Opportunities: to support the Holy Name Cathedral Gala,,,,,unavailable,,,,clear,hold,corroboration stream — never additive; see source-plan Priority 2 CME row.
cme-corrob-202,CME Group Foundation — Special Opportunities,https://www.cmegroupfoundation.org/grants/special-opportunity.html,,2026-08-24,CME Group Foundation,,CME Group,corporate_foundation,Horizons for Youth,2018,5000,recipient_exact,cash_grant,Special Opportunities: to support the On Cloud Nine Gala,,,,,unavailable,,,,clear,hold,corroboration stream — never additive; see source-plan Priority 2 CME row.
cme-corrob-203,CME Group Foundation — Special Opportunities,https://www.cmegroupfoundation.org/grants/special-opportunity.html,,2026-08-24,CME Group Foundation,,CME Group,corporate_foundation,Illinois Holocaust Museum & Education Center,2018,10000,recipient_exact,cash_grant,Special Opportunities: to support the 2018 Humanitarian Awards Dinner,,,,,unavailable,,,,clear,hold,corroboration stream — never additive; see source-plan Priority 2 CME row.
cme-corrob-204,CME Group Foundation — Special Opportunities,https://www.cmegroupfoundation.org/grants/special-opportunity.html,,2026-08-24,CME Group Foundation,,CME Group,corporate_foundation,Jewish United Fund,2018,10000,recipient_exact,cash_grant,Special Opportunities: to support general operations,,,,,unavailable,,,,clear,hold,corroboration stream — never additive; see source-plan Priority 2 CME row.
cme-corrob-205,CME Group Foundation — Special Opportunities,https://www.cmegroupfoundation.org/grants/special-opportunity.html,,2026-08-24,CME Group Foundation,,CME Group,corporate_foundation,John Marshall Law School,2018,5000,recipient_exact,cash_grant,Special Opportunities: to support the International Human Rights Clinic,,,,,unavailable,,,,clear,hold,corroboration stream — never additive; see source-plan Priority 2 CME row.
cme-corrob-206,CME Group Foundation — Special Opportunities,https://www.cmegroupfoundation.org/grants/special-opportunity.html,,2026-08-24,CME Group Foundation,,CME Group,corporate_foundation,Latin School Chicago,2018,40000,recipient_exact,cash_grant,Special Opportunities: to support the Learning Commons,,,,,unavailable,,,,clear,hold,corroboration stream — never additive; see source-plan Priority 2 CME row.
cme-corrob-207,CME Group Foundation — Special Opportunities,https://www.cmegroupfoundation.org/grants/special-opportunity.html,,2026-08-24,CME Group Foundation,,CME Group,corporate_foundation,League for Yiddish,2018,5000,recipient_exact,cash_grant,Special Opportunities: to support all-day Yiddish seminars,,,,,unavailable,,,,clear,hold,corroboration stream — never additive; see source-plan Priority 2 CME row.
cme-corrob-208,CME Group Foundation — Special Opportunities,https://www.cmegroupfoundation.org/grants/special-opportunity.html,,2026-08-24,CME Group Foundation,,CME Group,corporate_foundation,Math Circles of Chicago,2018,10000,recipient_exact,cash_grant,Special Opportunities: to support summer camps,,,,,unavailable,,,,clear,hold,corroboration stream — never additive; see source-plan Priority 2 CME row.
cme-corrob-209,CME Group Foundation — Special Opportunities,https://www.cmegroupfoundation.org/grants/special-opportunity.html,,2026-08-24,CME Group Foundation,,CME Group,corporate_foundation,Mayo Clinic,2018,50000,recipient_exact,cash_grant,Special Opportunities: to support the President’s Strategic Initiative Fund,,,,,unavailable,,,,clear,hold,corroboration stream — never additive; see source-plan Priority 2 CME row.
cme-corrob-210,CME Group Foundation — Special Opportunities,https://www.cmegroupfoundation.org/grants/special-opportunity.html,,2026-08-24,CME Group Foundation,,CME Group,corporate_foundation,Misericordia,2018,25000,recipient_exact,cash_grant,Special Opportunities: to support general operations,,,,,unavailable,,,,clear,hold,corroboration stream — never additive; see source-plan Priority 2 CME row.
cme-corrob-211,CME Group Foundation — Special Opportunities,https://www.cmegroupfoundation.org/grants/special-opportunity.html,,2026-08-24,CME Group Foundation,,CME Group,corporate_foundation,Museum of Science and Industry,2018,25000,recipient_exact,cash_grant,Special Opportunities: to support the Trustee Annual Fund,,,,,unavailable,,,,clear,hold,corroboration stream — never additive; see source-plan Priority 2 CME row.
cme-corrob-212,CME Group Foundation — Special Opportunities,https://www.cmegroupfoundation.org/grants/special-opportunity.html,,2026-08-24,CME Group Foundation,,CME Group,corporate_foundation,National Yiddish Theatre Folksbiene,2018,5000,recipient_exact,cash_grant,Special Opportunities: to support Fiddler on the Roof in Yiddish,,,,,unavailable,,,,clear,hold,corroboration stream — never additive; see source-plan Priority 2 CME row.
cme-corrob-213,CME Group Foundation — Special Opportunities,https://www.cmegroupfoundation.org/grants/special-opportunity.html,,2026-08-24,CME Group Foundation,,CME Group,corporate_foundation,Northwestern University Feinberg School of Medicine,2018,15000,recipient_exact,cash_grant,Special Opportunities: to support the Scholarship for Primary Care,,,,,unavailable,,,,clear,hold,corroboration stream — never additive; see source-plan Priority 2 CME row.
cme-corrob-214,CME Group Foundation — Special Opportunities,https://www.cmegroupfoundation.org/grants/special-opportunity.html,,2026-08-24,CME Group Foundation,,CME Group,corporate_foundation,Oxford University Chabad Society,2018,10000,recipient_exact,cash_grant,Special Opportunities: to support the Yiddish Lecture Series,,,,,unavailable,,,,clear,hold,corroboration stream — never additive; see source-plan Priority 2 CME row.
cme-corrob-215,CME Group Foundation — Special Opportunities,https://www.cmegroupfoundation.org/grants/special-opportunity.html,,2026-08-24,CME Group Foundation,,CME Group,corporate_foundation,Peggy Notebaert Nature Museum,2018,15000,recipient_exact,cash_grant,Special Opportunities: to support the Butterfly Ball,,,,,unavailable,,,,clear,hold,corroboration stream — never additive; see source-plan Priority 2 CME row.
cme-corrob-216,CME Group Foundation — Special Opportunities,https://www.cmegroupfoundation.org/grants/special-opportunity.html,,2026-08-24,CME Group Foundation,,CME Group,corporate_foundation,San Miguel School,2018,10000,recipient_exact,cash_grant,Special Opportunities: to support the Middle School Intervention Program,,,,,unavailable,,,,clear,hold,corroboration stream — never additive; see source-plan Priority 2 CME row.
cme-corrob-217,CME Group Foundation — Special Opportunities,https://www.cmegroupfoundation.org/grants/special-opportunity.html,,2026-08-24,CME Group Foundation,,CME Group,corporate_foundation,Shedd Aquarium,2018,23000,recipient_exact,cash_grant,Special Opportunities: to support general operations,,,,,unavailable,,,,clear,hold,corroboration stream — never additive; see source-plan Priority 2 CME row.
cme-corrob-218,CME Group Foundation — Special Opportunities,https://www.cmegroupfoundation.org/grants/special-opportunity.html,,2026-08-24,CME Group Foundation,,CME Group,corporate_foundation,Simon Wiesenthal Center,2018,25000,recipient_exact,cash_grant,Special Opportunities: to support the Spirit of Courage benefit,,,,,unavailable,,,,clear,hold,corroboration stream — never additive; see source-plan Priority 2 CME row.
cme-corrob-219,CME Group Foundation — Special Opportunities,https://www.cmegroupfoundation.org/grants/special-opportunity.html,,2026-08-24,CME Group Foundation,,CME Group,corporate_foundation,Southern Poverty Law Center,2018,5000,recipient_exact,cash_grant,Special Opportunities: to support general operations,,,,,unavailable,,,,clear,hold,corroboration stream — never additive; see source-plan Priority 2 CME row.
cme-corrob-220,CME Group Foundation — Special Opportunities,https://www.cmegroupfoundation.org/grants/special-opportunity.html,,2026-08-24,CME Group Foundation,,CME Group,corporate_foundation,St. Joseph High School,2018,10000,recipient_exact,cash_grant,Special Opportunities: to support Technology in the Classroom,,,,,unavailable,,,,clear,hold,corroboration stream — never additive; see source-plan Priority 2 CME row.
cme-corrob-221,CME Group Foundation — Special Opportunities,https://www.cmegroupfoundation.org/grants/special-opportunity.html,,2026-08-24,CME Group Foundation,,CME Group,corporate_foundation,St. Walter School,2018,46000,recipient_exact,cash_grant,Special Opportunities: to support school sustainability,,,,,unavailable,,,,clear,hold,corroboration stream — never additive; see source-plan Priority 2 CME row.
cme-corrob-222,CME Group Foundation — Special Opportunities,https://www.cmegroupfoundation.org/grants/special-opportunity.html,,2026-08-24,CME Group Foundation,,CME Group,corporate_foundation,United States Holocaust Memorial Museum,2018,10000,recipient_exact,cash_grant,Special Opportunities: to support the 2018 Risa K. Lambert luncheon,,,,,unavailable,,,,clear,hold,corroboration stream — never additive; see source-plan Priority 2 CME row.
cme-corrob-223,CME Group Foundation — Special Opportunities,https://www.cmegroupfoundation.org/grants/special-opportunity.html,,2026-08-24,CME Group Foundation,,CME Group,corporate_foundation,University of Notre Dame,2018,50000,recipient_exact,cash_grant,Special Opportunities: to support general operations,,,,,unavailable,,,,clear,hold,corroboration stream — never additive; see source-plan Priority 2 CME row.
cme-corrob-224,CME Group Foundation — Special Opportunities,https://www.cmegroupfoundation.org/grants/special-opportunity.html,,2026-08-24,CME Group Foundation,,CME Group,corporate_foundation,Yiddish Book Center,2018,10000,recipient_exact,cash_grant,Special Opportunities: to support the Graduate Fellowship Program,,,,,unavailable,,,,clear,hold,corroboration stream — never additive; see source-plan Priority 2 CME row.
cme-corrob-225,CME Group Foundation — Special Opportunities,https://www.cmegroupfoundation.org/grants/special-opportunity.html,,2026-08-24,CME Group Foundation,,CME Group,corporate_foundation,YIVO Institute for Jewish Research,2018,10000,recipient_exact,cash_grant,Special Opportunities: to support general operations,,,,,unavailable,,,,clear,hold,corroboration stream — never additive; see source-plan Priority 2 CME row.
cme-corrob-226,CME Group Foundation — Special Opportunities,https://www.cmegroupfoundation.org/grants/special-opportunity.html,,2026-08-24,CME Group Foundation,,CME Group,corporate_foundation,Bottom Line,2017,32500,recipient_exact,cash_grant,Special Opportunities: awarded to support general operations,,,,,unavailable,,,,clear,hold,corroboration stream — never additive; see source-plan Priority 2 CME row.
cme-corrob-227,CME Group Foundation — Special Opportunities,https://www.cmegroupfoundation.org/grants/special-opportunity.html,,2026-08-24,CME Group Foundation,,CME Group,corporate_foundation,Cheder Lubavitch Hebrew Day School,2017,25000,recipient_exact,cash_grant,Special Opportunities: to support general operations,,,,,unavailable,,,,clear,hold,corroboration stream — never additive; see source-plan Priority 2 CME row.
cme-corrob-228,CME Group Foundation — Special Opportunities,https://www.cmegroupfoundation.org/grants/special-opportunity.html,,2026-08-24,CME Group Foundation,,CME Group,corporate_foundation,"Di Goldene Keyt, Ltd.",2017,5000,recipient_exact,cash_grant,Special Opportunities: to support the Jewish People’s Philharmonic Chorus (JPPC),,,,,unavailable,,,,clear,hold,"corroboration stream — never additive; see source-plan Priority 2 CME row. pre-2021: outside canonical coverage Verifier-flagged intra-capture duplicate: this grant appears twice on the SAME roster page (possibly two separate same-amount grants, not a scrape duplicate — the source's own text differs slightly between the two listings); collapsed to one row pending CME clarification."
cme-corrob-229,CME Group Foundation — Special Opportunities,https://www.cmegroupfoundation.org/grants/special-opportunity.html,,2026-08-24,CME Group Foundation,,CME Group,corporate_foundation,League for Yiddish,2017,5000,recipient_exact,cash_grant,Special Opportunities: awarded to support general operations,,,,,unavailable,,,,clear,hold,corroboration stream — never additive; see source-plan Priority 2 CME row.
cme-corrob-230,CME Group Foundation — Special Opportunities,https://www.cmegroupfoundation.org/grants/special-opportunity.html,,2026-08-24,CME Group Foundation,,CME Group,corporate_foundation,Mayo Clinic,2017,50000,recipient_exact,cash_grant,Special Opportunities: to support the President’s Strategic Initiative Fund,,,,,unavailable,,,,clear,hold,corroboration stream — never additive; see source-plan Priority 2 CME row.
cme-corrob-231,CME Group Foundation — Special Opportunities,https://www.cmegroupfoundation.org/grants/special-opportunity.html,,2026-08-24,CME Group Foundation,,CME Group,corporate_foundation,Misericordia,2017,25000,recipient_exact,cash_grant,Special Opportunities: to support general operations,,,,,unavailable,,,,clear,hold,corroboration stream — never additive; see source-plan Priority 2 CME row.
cme-corrob-232,CME Group Foundation — Special Opportunities,https://www.cmegroupfoundation.org/grants/special-opportunity.html,,2026-08-24,CME Group Foundation,,CME Group,corporate_foundation,National Yiddish Book Center,2017,10000,recipient_exact,cash_grant,Special Opportunities: to support the Yiddish Book Center Fellowship Program,,,,,unavailable,,,,clear,hold,corroboration stream — never additive; see source-plan Priority 2 CME row.
cme-corrob-233,CME Group Foundation — Special Opportunities,https://www.cmegroupfoundation.org/grants/special-opportunity.html,,2026-08-24,CME Group Foundation,,CME Group,corporate_foundation,The Nora Project,2017,5000,recipient_exact,cash_grant,Special Opportunities: awarded to support general operations,,,,,unavailable,,,,clear,hold,corroboration stream — never additive; see source-plan Priority 2 CME row.
cme-corrob-234,CME Group Foundation — Special Opportunities,https://www.cmegroupfoundation.org/grants/special-opportunity.html,,2026-08-24,CME Group Foundation,,CME Group,corporate_foundation,San Miguel Schools,2017,10000,recipient_exact,cash_grant,Special Opportunities: to support middle school programs,,,,,unavailable,,,,clear,hold,corroboration stream — never additive; see source-plan Priority 2 CME row.
cme-corrob-235,CME Group Foundation — Special Opportunities,https://www.cmegroupfoundation.org/grants/special-opportunity.html,,2026-08-24,CME Group Foundation,,CME Group,corporate_foundation,Standing Tall Charitable Foundation,2017,10000,recipient_exact,cash_grant,Special Opportunities: to support education scholarships,,,,,unavailable,,,,clear,hold,corroboration stream — never additive; see source-plan Priority 2 CME row.
cme-corrob-236,CME Group Foundation — Special Opportunities,https://www.cmegroupfoundation.org/grants/special-opportunity.html,,2026-08-24,CME Group Foundation,,CME Group,corporate_foundation,Bright Pink,2017,5000,recipient_exact,cash_grant,Special Opportunities: to support general operations,,,,,unavailable,,,,clear,hold,corroboration stream — never additive; see source-plan Priority 2 CME row.
cme-corrob-237,CME Group Foundation — Special Opportunities,https://www.cmegroupfoundation.org/grants/special-opportunity.html,,2026-08-24,CME Group Foundation,,CME Group,corporate_foundation,Chicago Community Foundation,2017,5000,recipient_exact,cash_grant,Special Opportunities: to support Fund 385,,,,,unavailable,,,,clear,hold,corroboration stream — never additive; see source-plan Priority 2 CME row.
cme-corrob-238,CME Group Foundation — Special Opportunities,https://www.cmegroupfoundation.org/grants/special-opportunity.html,,2026-08-24,CME Group Foundation,,CME Group,corporate_foundation,The Forward,2017,5000,recipient_exact,cash_grant,Special Opportunities: to support general operations,,,,,unavailable,,,,clear,hold,corroboration stream — never additive; see source-plan Priority 2 CME row.
cme-corrob-239,CME Group Foundation — Special Opportunities,https://www.cmegroupfoundation.org/grants/special-opportunity.html,,2026-08-24,CME Group Foundation,,CME Group,corporate_foundation,Leo Catholic High School,2017,20000,recipient_exact,cash_grant,Special Opportunities: to support general operations,,,,,unavailable,,,,clear,hold,corroboration stream — never additive; see source-plan Priority 2 CME row.
cme-corrob-240,CME Group Foundation — Special Opportunities,https://www.cmegroupfoundation.org/grants/special-opportunity.html,,2026-08-24,CME Group Foundation,,CME Group,corporate_foundation,Maccabi USA,2017,5000,recipient_exact,cash_grant,Special Opportunities: to support 20th Maccabiah Games,,,,,unavailable,,,,clear,hold,corroboration stream — never additive; see source-plan Priority 2 CME row.
cme-corrob-241,CME Group Foundation — Special Opportunities,https://www.cmegroupfoundation.org/grants/special-opportunity.html,,2026-08-24,CME Group Foundation,,CME Group,corporate_foundation,Museum of Science and Industry,2017,25000,recipient_exact,cash_grant,"Special Opportunities: awarded to support the Annual Fund (page prints ""is awarded to to support"")",,,,,unavailable,,,,clear,hold,corroboration stream — never additive; see source-plan Priority 2 CME row.
cme-corrob-242,CME Group Foundation — Special Opportunities,https://www.cmegroupfoundation.org/grants/special-opportunity.html,,2026-08-24,CME Group Foundation,,CME Group,corporate_foundation,Navy Pier,2017,10000,recipient_exact,cash_grant,Special Opportunities: awarded to support Celebration ExPIERience,,,,,unavailable,,,,clear,hold,corroboration stream — never additive; see source-plan Priority 2 CME row.
cme-corrob-243,CME Group Foundation — Special Opportunities,https://www.cmegroupfoundation.org/grants/special-opportunity.html,,2026-08-24,CME Group Foundation,,CME Group,corporate_foundation,Rush University Medical Center,2017,25000,recipient_exact,cash_grant,Special Opportunities: awarded to support cancer research,,,,,unavailable,,,,clear,hold,corroboration stream — never additive; see source-plan Priority 2 CME row.
cme-corrob-244,CME Group Foundation — Special Opportunities,https://www.cmegroupfoundation.org/grants/special-opportunity.html,,2026-08-24,CME Group Foundation,,CME Group,corporate_foundation,Sacred Heart Schools,2017,2500,recipient_exact,cash_grant,Special Opportunities: to support the Masterpiece Campaign,,,,,unavailable,,,,clear,hold,corroboration stream — never additive; see source-plan Priority 2 CME row.
cme-corrob-245,CME Group Foundation — Special Opportunities,https://www.cmegroupfoundation.org/grants/special-opportunity.html,,2026-08-24,CME Group Foundation,,CME Group,corporate_foundation,University of Notre Dame,2017,10000,recipient_exact,cash_grant,Special Opportunities: awarded to support general operations,,,,,unavailable,,,,clear,hold,corroboration stream — never additive; see source-plan Priority 2 CME row.
cme-corrob-246,CME Group Foundation — Special Opportunities,https://www.cmegroupfoundation.org/grants/special-opportunity.html,,2026-08-24,CME Group Foundation,,CME Group,corporate_foundation,Woodlands Academy,2017,10000,recipient_exact,cash_grant,Special Opportunities: awarded to support general operations,,,,,unavailable,,,,clear,hold,corroboration stream — never additive; see source-plan Priority 2 CME row.
cme-corrob-247,CME Group Foundation — Special Opportunities,https://www.cmegroupfoundation.org/grants/special-opportunity.html,,2026-08-24,CME Group Foundation,,CME Group,corporate_foundation,Brookfield Zoo,2017,10000,recipient_exact,cash_grant,Special Opportunities: to support general operations,,,,,unavailable,,,,clear,hold,corroboration stream — never additive; see source-plan Priority 2 CME row.
cme-corrob-248,CME Group Foundation — Special Opportunities,https://www.cmegroupfoundation.org/grants/special-opportunity.html,,2026-08-24,CME Group Foundation,,CME Group,corporate_foundation,Jewish United Fund,2017,10000,recipient_exact,cash_grant,Special Opportunities: to support general operations,,,,,unavailable,,,,clear,hold,corroboration stream — never additive; see source-plan Priority 2 CME row.
cme-corrob-249,CME Group Foundation — Special Opportunities,https://www.cmegroupfoundation.org/grants/special-opportunity.html,,2026-08-24,CME Group Foundation,,CME Group,corporate_foundation,Lincoln Academy of Illinois,2017,5000,recipient_exact,cash_grant,Special Opportunities: to support the 53rd Convocation,,,,,unavailable,,,,clear,hold,corroboration stream — never additive; see source-plan Priority 2 CME row.
cme-corrob-250,CME Group Foundation — Special Opportunities,https://www.cmegroupfoundation.org/grants/special-opportunity.html,,2026-08-24,CME Group Foundation,,CME Group,corporate_foundation,Math Circles of Chicago,2017,20000,recipient_exact,cash_grant,Special Opportunities: to support summer math enrichment camps,,,,,unavailable,,,,clear,hold,corroboration stream — never additive; see source-plan Priority 2 CME row.
cme-corrob-251,CME Group Foundation — Special Opportunities,https://www.cmegroupfoundation.org/grants/special-opportunity.html,,2026-08-24,CME Group Foundation,,CME Group,corporate_foundation,Metro Squash,2017,5000,recipient_exact,cash_grant,Special Opportunities: awarded to support general operations,,,,,unavailable,,,,clear,hold,corroboration stream — never additive; see source-plan Priority 2 CME row.
cme-corrob-252,CME Group Foundation — Special Opportunities,https://www.cmegroupfoundation.org/grants/special-opportunity.html,,2026-08-24,CME Group Foundation,,CME Group,corporate_foundation,National Yiddish Theatre Folksbiene,2017,5000,recipient_exact,cash_grant,Special Opportunities: to support the Leading Ladies Gala,,,,,unavailable,,,,clear,hold,corroboration stream — never additive; see source-plan Priority 2 CME row.
cme-corrob-253,CME Group Foundation — Special Opportunities,https://www.cmegroupfoundation.org/grants/special-opportunity.html,,2026-08-24,CME Group Foundation,,CME Group,corporate_foundation,Rush University Medical Center,2017,15000,recipient_exact,cash_grant,Special Opportunities: to support cancer research (second 2017 grant),,,,,unavailable,,,,clear,hold,corroboration stream — never additive; see source-plan Priority 2 CME row.
cme-corrob-254,CME Group Foundation — Special Opportunities,https://www.cmegroupfoundation.org/grants/special-opportunity.html,,2026-08-24,CME Group Foundation,,CME Group,corporate_foundation,Shedd Aquarium,2017,20000,recipient_exact,cash_grant,Special Opportunities: awarded to support general operations and the Annual Fund,,,,,unavailable,,,,clear,hold,corroboration stream — never additive; see source-plan Priority 2 CME row.
cme-corrob-255,CME Group Foundation — Special Opportunities,https://www.cmegroupfoundation.org/grants/special-opportunity.html,,2026-08-24,CME Group Foundation,,CME Group,corporate_foundation,University of Wyoming,2017,10000,recipient_exact,cash_grant,Special Opportunities: awarded to support finance programs,,,,,unavailable,,,,clear,hold,corroboration stream — never additive; see source-plan Priority 2 CME row.
cme-corrob-256,CME Group Foundation — Special Opportunities,https://www.cmegroupfoundation.org/grants/special-opportunity.html,,2026-08-24,CME Group Foundation,,CME Group,corporate_foundation,Alexander Maxwell Grant Foundation,2016,25000,recipient_exact,cash_grant,Special Opportunities: to support Rwinkwavu Community Music Program,,,,,unavailable,,,,clear,hold,corroboration stream — never additive; see source-plan Priority 2 CME row.
cme-corrob-257,CME Group Foundation — Special Opportunities,https://www.cmegroupfoundation.org/grants/special-opportunity.html,,2026-08-24,CME Group Foundation,,CME Group,corporate_foundation,Cheder Lubavitch Hebrew Day School,2016,20000,recipient_exact,cash_grant,Special Opportunities: to support general operations,,,,,unavailable,,,,clear,hold,corroboration stream — never additive; see source-plan Priority 2 CME row.
cme-corrob-258,CME Group Foundation — Special Opportunities,https://www.cmegroupfoundation.org/grants/special-opportunity.html,,2026-08-24,CME Group Foundation,,CME Group,corporate_foundation,Enterprise Community Partners,2016,14000,recipient_exact,cash_grant,Special Opportunities: to support Chicago programs,,,,,unavailable,,,,clear,hold,corroboration stream — never additive; see source-plan Priority 2 CME row.
cme-corrob-259,CME Group Foundation — Special Opportunities,https://www.cmegroupfoundation.org/grants/special-opportunity.html,,2026-08-24,CME Group Foundation,,CME Group,corporate_foundation,John Marshall Law School,2016,5000,recipient_exact,cash_grant,Special Opportunities: to support the International Human Rights Clinic,,,,,unavailable,,,,clear,hold,corroboration stream — never additive; see source-plan Priority 2 CME row.
cme-corrob-260,CME Group Foundation — Special Opportunities,https://www.cmegroupfoundation.org/grants/special-opportunity.html,,2026-08-24,CME Group Foundation,,CME Group,corporate_foundation,Leo Catholic High School,2016,40000,recipient_exact,cash_grant,Special Opportunities: to support general operations,,,,,unavailable,,,,clear,hold,corroboration stream — never additive; see source-plan Priority 2 CME row.
cme-corrob-261,CME Group Foundation — Special Opportunities,https://www.cmegroupfoundation.org/grants/special-opportunity.html,,2026-08-24,CME Group Foundation,,CME Group,corporate_foundation,Misericordia,2016,10000,recipient_exact,cash_grant,Special Opportunities: to support general operations,,,,,unavailable,,,,clear,hold,corroboration stream — never additive; see source-plan Priority 2 CME row.
cme-corrob-262,CME Group Foundation — Special Opportunities,https://www.cmegroupfoundation.org/grants/special-opportunity.html,,2026-08-24,CME Group Foundation,,CME Group,corporate_foundation,National Louis University,2016,25000,recipient_exact,cash_grant,Special Opportunities: to support the Emergency Fund for Harrison Professional Pathways,,,,,unavailable,,,,clear,hold,corroboration stream — never additive; see source-plan Priority 2 CME row.
cme-corrob-263,CME Group Foundation — Special Opportunities,https://www.cmegroupfoundation.org/grants/special-opportunity.html,,2026-08-24,CME Group Foundation,,CME Group,corporate_foundation,Rush University Medical Center,2016,5000,recipient_exact,cash_grant,Special Opportunities: to support Rush’s Cancer Center,,,,,unavailable,,,,clear,hold,corroboration stream — never additive; see source-plan Priority 2 CME row.
cme-corrob-264,CME Group Foundation — Special Opportunities,https://www.cmegroupfoundation.org/grants/special-opportunity.html,,2026-08-24,CME Group Foundation,,CME Group,corporate_foundation,Steppenwolf Theatre Company,2016,10000,recipient_exact,cash_grant,Special Opportunities: to support the Steppenwolf for Young Adults Education Program,,,,,unavailable,,,,clear,hold,corroboration stream — never additive; see source-plan Priority 2 CME row.
cme-corrob-265,CME Group Foundation — Special Opportunities,https://www.cmegroupfoundation.org/grants/special-opportunity.html,,2026-08-24,CME Group Foundation,,CME Group,corporate_foundation,University of Illinois Chabad,2016,10000,recipient_exact,cash_grant,Special Opportunities: to support Lubavich House Student Tech Lab,,,,,unavailable,,,,clear,hold,corroboration stream — never additive; see source-plan Priority 2 CME row.
cme-corrob-266,CME Group Foundation — Special Opportunities,https://www.cmegroupfoundation.org/grants/special-opportunity.html,,2026-08-24,CME Group Foundation,,CME Group,corporate_foundation,Western Illinois University Foundation,2016,25000,recipient_exact,cash_grant,Special Opportunities: to support Agricultural Finance and Ag Business Transfer Scholarships,,,,,unavailable,,,,clear,hold,corroboration stream — never additive; see source-plan Priority 2 CME row.
cme-corrob-267,CME Group Foundation — Special Opportunities,https://www.cmegroupfoundation.org/grants/special-opportunity.html,,2026-08-24,CME Group Foundation,,CME Group,corporate_foundation,Autism Speaks,2016,2500,recipient_exact,cash_grant,Special Opportunities: to support Chip In For Autism,,,,,unavailable,,,,clear,hold,corroboration stream — never additive; see source-plan Priority 2 CME row.
cme-corrob-268,CME Group Foundation — Special Opportunities,https://www.cmegroupfoundation.org/grants/special-opportunity.html,,2026-08-24,CME Group Foundation,,CME Group,corporate_foundation,Clearbrook,2016,3500,recipient_exact,cash_grant,Special Opportunities: to support More Than Playtime,,,,,unavailable,,,,clear,hold,corroboration stream — never additive; see source-plan Priority 2 CME row.
cme-corrob-269,CME Group Foundation — Special Opportunities,https://www.cmegroupfoundation.org/grants/special-opportunity.html,,2026-08-24,CME Group Foundation,,CME Group,corporate_foundation,The Forward,2016,10000,recipient_exact,cash_grant,Special Opportunities: to support general operations,,,,,unavailable,,,,clear,hold,corroboration stream — never additive; see source-plan Priority 2 CME row.
cme-corrob-270,CME Group Foundation — Special Opportunities,https://www.cmegroupfoundation.org/grants/special-opportunity.html,,2026-08-24,CME Group Foundation,,CME Group,corporate_foundation,Latin School of Chicago,2016,10000,recipient_exact,cash_grant,Special Opportunities: to support the Latin Fund,,,,,unavailable,,,,clear,hold,corroboration stream — never additive; see source-plan Priority 2 CME row.
cme-corrob-271,CME Group Foundation — Special Opportunities,https://www.cmegroupfoundation.org/grants/special-opportunity.html,,2026-08-24,CME Group Foundation,,CME Group,corporate_foundation,Lurie Children’s Hospital,2016,15000,recipient_exact,cash_grant,Special Opportunities: to support the School Services Program,,,,,unavailable,,,,clear,hold,corroboration stream — never additive; see source-plan Priority 2 CME row.
cme-corrob-272,CME Group Foundation — Special Opportunities,https://www.cmegroupfoundation.org/grants/special-opportunity.html,,2026-08-24,CME Group Foundation,,CME Group,corporate_foundation,Modest Needs,2016,10000,recipient_exact,cash_grant,Special Opportunities: to support general operations,,,,,unavailable,,,,clear,hold,corroboration stream — never additive; see source-plan Priority 2 CME row.
cme-corrob-273,CME Group Foundation — Special Opportunities,https://www.cmegroupfoundation.org/grants/special-opportunity.html,,2026-08-24,CME Group Foundation,,CME Group,corporate_foundation,National Yiddish Book Center,2016,10000,recipient_exact,cash_grant,Special Opportunities: to support the Yiddish Book Center Fellowship Program,,,,,unavailable,,,,clear,hold,corroboration stream — never additive; see source-plan Priority 2 CME row.
cme-corrob-274,CME Group Foundation — Special Opportunities,https://www.cmegroupfoundation.org/grants/special-opportunity.html,,2026-08-24,CME Group Foundation,,CME Group,corporate_foundation,Simon Wiesenthal Center,2016,15000,recipient_exact,cash_grant,Special Opportunities: to support the Spirit of Courage Benefit,,,,,unavailable,,,,clear,hold,corroboration stream — never additive; see source-plan Priority 2 CME row.
cme-corrob-275,CME Group Foundation — Special Opportunities,https://www.cmegroupfoundation.org/grants/special-opportunity.html,,2026-08-24,CME Group Foundation,,CME Group,corporate_foundation,Teach for America,2016,5000,recipient_exact,cash_grant,Special Opportunities: to support general operations,,,,,unavailable,,,,clear,hold,corroboration stream — never additive; see source-plan Priority 2 CME row.
cme-corrob-276,CME Group Foundation — Special Opportunities,https://www.cmegroupfoundation.org/grants/special-opportunity.html,,2026-08-24,CME Group Foundation,,CME Group,corporate_foundation,United States Holocaust Memorial Museum,2016,10000,recipient_exact,cash_grant,Special Opportunities: to support general operations,,,,,unavailable,,,,clear,hold,corroboration stream — never additive; see source-plan Priority 2 CME row.
cme-corrob-277,CME Group Foundation — Special Opportunities,https://www.cmegroupfoundation.org/grants/special-opportunity.html,,2026-08-24,CME Group Foundation,,CME Group,corporate_foundation,Women Employed,2016,14000,recipient_exact,cash_grant,Special Opportunities: to support Job Equality and Career Foundations,,,,,unavailable,,,,clear,hold,corroboration stream — never additive; see source-plan Priority 2 CME row.
cme-corrob-278,CME Group Foundation — Special Opportunities,https://www.cmegroupfoundation.org/grants/special-opportunity.html,,2026-08-24,CME Group Foundation,,CME Group,corporate_foundation,York High School/Elmhurst District 205 Foundation,2016,10000,recipient_exact,cash_grant,Special Opportunities: to support Family Consumer Science Enhancements,,,,,unavailable,,,,clear,hold,corroboration stream — never additive; see source-plan Priority 2 CME row.
cme-corrob-279,CME Group Foundation — Special Opportunities,https://www.cmegroupfoundation.org/grants/special-opportunity.html,,2026-08-24,CME Group Foundation,,CME Group,corporate_foundation,Bright Pink,2016,5000,recipient_exact,cash_grant,Special Opportunities: to support general operations,,,,,unavailable,,,,clear,hold,corroboration stream — never additive; see source-plan Priority 2 CME row.
cme-corrob-280,CME Group Foundation — Special Opportunities,https://www.cmegroupfoundation.org/grants/special-opportunity.html,,2026-08-24,CME Group Foundation,,CME Group,corporate_foundation,EdChoice,2016,5000,recipient_exact,cash_grant,Special Opportunities: to support Business and Community Leader Outreach in Chicago,,,,,unavailable,,,,clear,hold,corroboration stream — never additive; see source-plan Priority 2 CME row.
cme-corrob-281,CME Group Foundation — Special Opportunities,https://www.cmegroupfoundation.org/grants/special-opportunity.html,,2026-08-24,CME Group Foundation,,CME Group,corporate_foundation,Illinois Holocaust Museum & Education Center,2016,5000,recipient_exact,cash_grant,Special Opportunities: to support general operations,,,,,unavailable,,,,clear,hold,corroboration stream — never additive; see source-plan Priority 2 CME row.
cme-corrob-282,CME Group Foundation — Special Opportunities,https://www.cmegroupfoundation.org/grants/special-opportunity.html,,2026-08-24,CME Group Foundation,,CME Group,corporate_foundation,League for Yiddish,2016,5000,recipient_exact,cash_grant,Special Opportunities: to support general operations,,,,,unavailable,,,,clear,hold,corroboration stream — never additive; see source-plan Priority 2 CME row.
cme-corrob-283,CME Group Foundation — Special Opportunities,https://www.cmegroupfoundation.org/grants/special-opportunity.html,,2026-08-24,CME Group Foundation,,CME Group,corporate_foundation,Mayo Clinic,2016,47500,recipient_exact,cash_grant,Special Opportunities: to support the President’s Strategic Initiative Fund,,,,,unavailable,,,,clear,hold,corroboration stream — never additive; see source-plan Priority 2 CME row.
cme-corrob-284,CME Group Foundation — Special Opportunities,https://www.cmegroupfoundation.org/grants/special-opportunity.html,,2026-08-24,CME Group Foundation,,CME Group,corporate_foundation,Museum of Science and Industry,2016,25000,recipient_exact,cash_grant,Special Opportunities: to support the Annual Fund,,,,,unavailable,,,,clear,hold,corroboration stream — never additive; see source-plan Priority 2 CME row.
cme-corrob-285,CME Group Foundation — Special Opportunities,https://www.cmegroupfoundation.org/grants/special-opportunity.html,,2026-08-24,CME Group Foundation,,CME Group,corporate_foundation,National Yiddish Theatre – Folksbiene,2016,5000,recipient_exact,cash_grant,Special Opportunities: to support general operations,,,,,unavailable,,,,clear,hold,corroboration stream — never additive; see source-plan Priority 2 CME row.
cme-corrob-286,CME Group Foundation — Special Opportunities,https://www.cmegroupfoundation.org/grants/special-opportunity.html,,2026-08-24,CME Group Foundation,,CME Group,corporate_foundation,Standing Tall Charitable Foundation,2016,10000,recipient_exact,cash_grant,Special Opportunities: to support scholarship funding,,,,,unavailable,,,,clear,hold,corroboration stream — never additive; see source-plan Priority 2 CME row.
cme-corrob-287,CME Group Foundation — Special Opportunities,https://www.cmegroupfoundation.org/grants/special-opportunity.html,,2026-08-24,CME Group Foundation,,CME Group,corporate_foundation,University of Chicago Kovler Diabetes Center,2016,5000,recipient_exact,cash_grant,Special Opportunities: to support Friends for the Cure,,,,,unavailable,,,,clear,hold,corroboration stream — never additive; see source-plan Priority 2 CME row.
cme-corrob-288,CME Group Foundation — Special Opportunities,https://www.cmegroupfoundation.org/grants/special-opportunity.html,,2026-08-24,CME Group Foundation,,CME Group,corporate_foundation,Washington State University Foundation,2016,10000,recipient_exact,cash_grant,Special Opportunities: to support the Carson College of Business Dean’s Excellence Fund,,,,,unavailable,,,,clear,hold,corroboration stream — never additive; see source-plan Priority 2 CME row.
cme-corrob-289,CME Group Foundation — Special Opportunities,https://www.cmegroupfoundation.org/grants/special-opportunity.html,,2026-08-24,CME Group Foundation,,CME Group,corporate_foundation,YIVO Institute for Jewish Research,2016,10000,recipient_exact,cash_grant,Special Opportunities: to support general operations,,,,,unavailable,,,,clear,hold,corroboration stream — never additive; see source-plan Priority 2 CME row.
cme-corrob-290,CME Group Foundation — Violence Reduction and Intervention,https://www.cmegroupfoundation.org/grants/violence-reduction-intervention.html,,2026-08-24,CME Group Foundation,,CME Group,corporate_foundation,Children First Fund of the Chicago Public Schools Foundation,2022,250000,recipient_exact,cash_grant,Violence Reduction and Intervention: to support Ultra-High Needs Youth Reengagement Pilot,,,,,unavailable,,,foundation-p2-7951,possible,hold,"corroboration stream — never additive; see source-plan Priority 2 CME row. same recipient+year, amount differs (aggregation/split candidate)"
cme-corrob-291,CME Group Foundation — Violence Reduction and Intervention,https://www.cmegroupfoundation.org/grants/violence-reduction-intervention.html,,2026-08-24,CME Group Foundation,,CME Group,corporate_foundation,Root2fruit Youth Foundation,2022,25000,recipient_exact,cash_grant,Violence Reduction and Intervention: to support Austin Safety Action Plan,,,,,unavailable,,,foundation-p2-7992,linked_same_award,hold,corroboration stream — never additive; see source-plan Priority 2 CME row. alias/dba/typo match
cme-corrob-292,CME Group Foundation — COVID-19 Response,https://www.cmegroupfoundation.org/grants/covid-19-response.html,,2026-08-24,CME Group Foundation,,CME Group,corporate_foundation,Chicago Coalition for the Homeless,2020,10000,recipient_exact,cash_grant,"COVID-19 Response: to support outreach, community support and legal aid for Chicago’s homeless population",,,,,unavailable,,,,clear,hold,corroboration stream — never additive; see source-plan Priority 2 CME row.
cme-corrob-293,CME Group Foundation — COVID-19 Response,https://www.cmegroupfoundation.org/grants/covid-19-response.html,,2026-08-24,CME Group Foundation,,CME Group,corporate_foundation,Chicago Community Foundation - Education Equity COVID-19 Fund,2020,150000,recipient_exact,cash_grant,COVID-19 Response: to support solutions to medium- and long-term challenges to Chicago’s education system,,,,,unavailable,,,,clear,hold,corroboration stream — never additive; see source-plan Priority 2 CME row.
cme-corrob-294,CME Group Foundation — COVID-19 Response,https://www.cmegroupfoundation.org/grants/covid-19-response.html,,2026-08-24,CME Group Foundation,,CME Group,corporate_foundation,Chicago Public Schools Children First Fund,2020,30000,recipient_exact,cash_grant,"COVID-19 Response: to support the Compassion Fund and provide food, tech support and Internet access to CPS students and families",,,,,unavailable,,,,clear,hold,corroboration stream — never additive; see source-plan Priority 2 CME row.
cme-corrob-295,CME Group Foundation — COVID-19 Response,https://www.cmegroupfoundation.org/grants/covid-19-response.html,,2026-08-24,CME Group Foundation,,CME Group,corporate_foundation,Greater Chicago Food Depository,2020,29000,recipient_exact,cash_grant,COVID-19 Response: to support response to COVID-19 food insecurity in Cook County,,,,,unavailable,,,,clear,hold,corroboration stream — never additive; see source-plan Priority 2 CME row.
cme-corrob-296,CME Group Foundation — COVID-19 Response,https://www.cmegroupfoundation.org/grants/covid-19-response.html,,2026-08-24,CME Group Foundation,,CME Group,corporate_foundation,Department of Family and Support Services,2020,25000,recipient_exact,cash_grant,COVID-19 Response: to provide devices and Internet access to CPS students in summer 2020,,,,,unavailable,,,,clear,hold,corroboration stream — never additive; see source-plan Priority 2 CME row.
cme-corrob-297,CME Group Foundation — COVID-19 Response,https://www.cmegroupfoundation.org/grants/covid-19-response.html,,2026-08-24,CME Group Foundation,,CME Group,corporate_foundation,Meals on Wheels,2020,5000,recipient_exact,cash_grant,COVID-19 Response: to support increased services during COVID-19,,,,,unavailable,,,,clear,hold,corroboration stream — never additive; see source-plan Priority 2 CME row.
cme-corrob-298,CME Group Foundation — COVID-19 Response,https://www.cmegroupfoundation.org/grants/covid-19-response.html,,2026-08-24,CME Group Foundation,,CME Group,corporate_foundation,MHA Labs,2020,50000,recipient_exact,cash_grant,COVID-19 Response: to support “Let’s Save Summer” Support System Initiative of the One Summer Chicago youth employment program,,,,,unavailable,,,,clear,hold,corroboration stream — never additive; see source-plan Priority 2 CME row.
cme-corrob-299,CME Group Foundation — COVID-19 Response,https://www.cmegroupfoundation.org/grants/covid-19-response.html,,2026-08-24,CME Group Foundation,,CME Group,corporate_foundation,Pacific Garden Mission,2020,4000,recipient_exact,cash_grant,COVID-19 Response: to support essential services and recovery programs for Chicago’s homeless and economically disadvantaged population,,,,,unavailable,,,,clear,hold,corroboration stream — never additive; see source-plan Priority 2 CME row.
cme-corrob-300,CME Group Foundation — COVID-19 Response,https://www.cmegroupfoundation.org/grants/covid-19-response.html,,2026-08-24,CME Group Foundation,,CME Group,corporate_foundation,Project Exploration/My Chi My Future,2020,110000,recipient_exact,cash_grant,COVID-19 Response: to support community-based “learning pods” for CPS students,,,,,unavailable,,,,clear,hold,corroboration stream — never additive; see source-plan Priority 2 CME row.
cme-corrob-301,CME Group Foundation — COVID-19 Response,https://www.cmegroupfoundation.org/grants/covid-19-response.html,,2026-08-24,CME Group Foundation,,CME Group,corporate_foundation,Urban Initiatives,2020,25000,recipient_exact,cash_grant,COVID-19 Response: to support Sport and Play summer program COVID response strategy,,,,,unavailable,,,,clear,hold,corroboration stream — never additive; see source-plan Priority 2 CME row.
cme-corrob-302,CME Group Foundation — COVID-19 Response,https://www.cmegroupfoundation.org/grants/covid-19-response.html,,2026-08-24,CME Group Foundation,,CME Group,corporate_foundation,World Central Kitchen,2020,20000,recipient_exact,cash_grant,COVID-19 Response: to support fresh food distribution in communities most affected by COVID-19,,,,,unavailable,,,,clear,hold,corroboration stream — never additive; see source-plan Priority 2 CME row.
