ein,funder,object_id,tax_yr,return_type,schema_version,tax_period_begin,tax_period_end,amended,grant_rows,parsed_sum,line3a,line25a,line25d,delta,status,bridge_note,chicago_rows,chicago_dollars,source_url,sha256,extraction_version
132989468,Arthur K Watson Charitable TR UW,202202799349101300,2021,990PF,2021v4.1,2021-06-01,2022-05-31,N,19,1206000.0,1206000.0,,1206000.0,0.0,reconciled,row sum ties printed line-3a total within $1,0,0.0,https://gt990datalake-rawdata.s3.amazonaws.com/EfileData/XmlFiles/202202799349101300_public.xml,f0dd989b8a3cd12a,phase3-2026-08-04.1
132989468,Arthur K Watson Charitable TR UW,202302789349101100,2022,990PF,2022v5.0,2022-06-01,2023-05-31,N,25,1017000.0,1017000.0,,1017000.0,0.0,reconciled,row sum ties printed line-3a total within $1,0,0.0,https://gt990datalake-rawdata.s3.amazonaws.com/EfileData/XmlFiles/202302789349101100_public.xml,5ca29d108c6ad7f1,phase3-2026-08-04.1
132989468,Arthur K Watson Charitable TR UW,202510659349101101,2023,990PF,2023v6.0,2023-06-01,2024-05-31,N,40,1180000.0,1180000.0,,1180000.0,0.0,reconciled,row sum ties printed line-3a total within $1,0,0.0,https://gt990datalake-rawdata.s3.amazonaws.com/EfileData/XmlFiles/202510659349101101_public.xml,e8da85d815ed4a54,phase3-2026-08-04.1
132989468,Arthur K Watson Charitable TR UW,202532819349100513,2024,990PF,2024v5.2,2024-06-01,2025-05-31,N,44,1428500.0,1428500.0,,1428500.0,0.0,reconciled,row sum ties printed line-3a total within $1,0,0.0,https://gt990datalake-rawdata.s3.amazonaws.com/EfileData/XmlFiles/202532819349100513_public.xml,fc2db0c43fce3fb3,phase3-2026-08-04.1
133062211,T 7291 Howard Young Medical Center Trust,202222799349100017,2021,990PF,2021v4.1,2021-06-01,2022-05-31,N,1,2583139.0,2583139.0,,2583139.0,0.0,reconciled,row sum ties printed line-3a total within $1,0,0.0,https://gt990datalake-rawdata.s3.amazonaws.com/EfileData/XmlFiles/202222799349100017_public.xml,37b36212ec7ef9f5,phase3-2026-08-04.1
133062211,T 7291 Howard Young Medical Center Trust,202332789349100713,2022,990PF,2022v5.0,2022-06-01,2023-05-31,N,1,2924318.0,2924318.0,,2924318.0,0.0,reconciled,row sum ties printed line-3a total within $1,0,0.0,https://gt990datalake-rawdata.s3.amazonaws.com/EfileData/XmlFiles/202332789349100713_public.xml,22395a0b0ea8f31f,phase3-2026-08-04.1
133062211,T 7291 Howard Young Medical Center Trust,202432509349101003,2023,990PF,2023v5.1,2023-06-01,2024-05-31,N,1,2496242.0,2496242.0,,2496242.0,0.0,reconciled,row sum ties printed line-3a total within $1,0,0.0,https://gt990datalake-rawdata.s3.amazonaws.com/EfileData/XmlFiles/202432509349101003_public.xml,050308a22bc94075,phase3-2026-08-04.1
133062211,T 7291 Howard Young Medical Center Trust,202522199349100722,2024,990PF,2024v5.2,2024-06-01,2025-05-31,N,1,2680661.0,2680661.0,,2680661.0,0.0,reconciled,row sum ties printed line-3a total within $1,0,0.0,https://gt990datalake-rawdata.s3.amazonaws.com/EfileData/XmlFiles/202522199349100722_public.xml,bdabbc3c51ccea4a,phase3-2026-08-04.1
133682433,DZ Liebmann Fund 7428018,202231159349101243,2021,990PF,2021v4.1,2021-01-01,2021-12-31,N,36,1137005.0,1137005.0,,1137005.0,0.0,reconciled,row sum ties printed line-3a total within $1,1,4000.0,https://gt990datalake-rawdata.s3.amazonaws.com/EfileData/XmlFiles/202231159349101243_public.xml,3aeead0a30b04e06,phase3-2026-08-04.1
133682433,DZ Liebmann Fund 7428018,202301219349101415,2022,990PF,2022v5.0,2022-01-01,2022-12-31,N,37,1183382.0,1183382.0,,1183382.0,0.0,reconciled,row sum ties printed line-3a total within $1,0,0.0,https://gt990datalake-rawdata.s3.amazonaws.com/EfileData/XmlFiles/202301219349101415_public.xml,75f38fbf338feb04,phase3-2026-08-04.1
133682433,DZ Liebmann Fund 7428018,202421139349101822,2023,990PF,2023v5.0,2023-01-01,2023-12-31,N,32,1062022.0,1062022.0,,1062022.0,0.0,reconciled,row sum ties printed line-3a total within $1,0,0.0,https://gt990datalake-rawdata.s3.amazonaws.com/EfileData/XmlFiles/202421139349101822_public.xml,206b63e971fd39b9,phase3-2026-08-04.1
133682433,DZ Liebmann Fund 7428018,202521279349102047,2024,990PF,2024v5.1,2024-01-01,2024-12-31,N,22,793528.0,793528.0,,793528.0,0.0,reconciled,row sum ties printed line-3a total within $1,0,0.0,https://gt990datalake-rawdata.s3.amazonaws.com/EfileData/XmlFiles/202521279349102047_public.xml,d36727f2162b5006,phase3-2026-08-04.1
133741659,Regina Bauer Frankenburg Foundation for Animal Welfare 7413318,202201169349100800,2021,990PF,2021v4.1,2021-01-01,2021-12-31,N,20,1107000.0,1107000.0,,1107000.0,0.0,reconciled,row sum ties printed line-3a total within $1,0,0.0,https://gt990datalake-rawdata.s3.amazonaws.com/EfileData/XmlFiles/202201169349100800_public.xml,813e5b84554f6ffc,phase3-2026-08-04.1
133741659,Regina Bauer Frankenburg Foundation for Animal Welfare 7413318,202301219349100920,2022,990PF,2022v5.0,2022-01-01,2022-12-31,N,21,1202000.0,1202000.0,,1202000.0,0.0,reconciled,row sum ties printed line-3a total within $1,0,0.0,https://gt990datalake-rawdata.s3.amazonaws.com/EfileData/XmlFiles/202301219349100920_public.xml,2c3e4a67d66da86f,phase3-2026-08-04.1
133741659,Regina Bauer Frankenburg Foundation for Animal Welfare 7413318,202401139349102205,2023,990PF,2023v5.0,2023-01-01,2023-12-31,N,21,1100000.0,1100000.0,,1100000.0,0.0,reconciled,row sum ties printed line-3a total within $1,0,0.0,https://gt990datalake-rawdata.s3.amazonaws.com/EfileData/XmlFiles/202401139349102205_public.xml,b7790c24b3241f3c,phase3-2026-08-04.1
133741659,Regina Bauer Frankenburg Foundation for Animal Welfare 7413318,202521279349101272,2024,990PF,2024v5.1,2024-01-01,2024-12-31,N,21,892000.0,892000.0,,892000.0,0.0,reconciled,row sum ties printed line-3a total within $1,0,0.0,https://gt990datalake-rawdata.s3.amazonaws.com/EfileData/XmlFiles/202521279349101272_public.xml,018f11c9ebff3721,phase3-2026-08-04.1
136034763,Steele-Reese Foundation- 561,202321879349100302,2021,990PF,2021v4.1,2021-09-01,2022-08-31,N,83,1830400.0,1830400.0,,1830400.0,0.0,reconciled,row sum ties printed line-3a total within $1,0,0.0,https://gt990datalake-rawdata.s3.amazonaws.com/EfileData/XmlFiles/202321879349100302_public.xml,b0fbc8318ecc0442,phase3-2026-08-04.1
136034763,Steele-Reese Foundation- 561,202411909349100766,2022,990PF,2022v5.0,2022-09-01,2023-08-31,N,89,2005900.0,2005900.0,,2005900.0,0.0,reconciled,row sum ties printed line-3a total within $1,0,0.0,https://gt990datalake-rawdata.s3.amazonaws.com/EfileData/XmlFiles/202411909349100766_public.xml,91584965b9e21836,phase3-2026-08-04.1
136034763,Steele-Reese Foundation- 561,202511609349100801,2023,990PF,2023v6.0,2023-09-01,2024-08-31,N,74,1815600.0,1815600.0,,1815600.0,0.0,reconciled,row sum ties printed line-3a total within $1,0,0.0,https://gt990datalake-rawdata.s3.amazonaws.com/EfileData/XmlFiles/202511609349100801_public.xml,8444d38a4b1abde0,phase3-2026-08-04.1
136047243,Edward E Ford Foundation Mfgr,202312199349100066,2021,990PF,2021v4.1,2021-10-01,2022-09-30,N,15,3235839.0,3235839.0,,3235839.0,0.0,reconciled,row sum ties printed line-3a total within $1,0,0.0,https://gt990datalake-rawdata.s3.amazonaws.com/EfileData/XmlFiles/202312199349100066_public.xml,134c948ad10e65e9,phase3-2026-08-04.1
136047243,Edward E Ford Foundation Mfgr,202422219349101307,2022,990PF,2022v5.0,2022-10-01,2023-09-30,N,26,1852398.0,1852398.0,,1852398.0,0.0,reconciled,row sum ties printed line-3a total within $1,0,0.0,https://gt990datalake-rawdata.s3.amazonaws.com/EfileData/XmlFiles/202422219349101307_public.xml,f7eaca7fac30dcb4,phase3-2026-08-04.1
136047243,Edward E Ford Foundation Mfgr,202522199349100212,2023,990PF,2023v6.0,2023-10-01,2024-09-30,N,31,2989511.0,2989511.0,,2989511.0,0.0,reconciled,row sum ties printed line-3a total within $1,2,200000.0,https://gt990datalake-rawdata.s3.amazonaws.com/EfileData/XmlFiles/202522199349100212_public.xml,ba05cb017d3b9124,phase3-2026-08-04.1
136090903,Weezie Foundation,202242209349100904,2021,990PF,2021v4.1,2021-01-01,2021-12-31,N,18,1245000.0,1245000.0,,1245000.0,0.0,reconciled,row sum ties printed line-3a total within $1,0,0.0,https://gt990datalake-rawdata.s3.amazonaws.com/EfileData/XmlFiles/202242209349100904_public.xml,854afd771ee0d843,phase3-2026-08-04.1
136090903,Weezie Foundation,202323079349100027,2022,990PF,2022v5.0,2022-01-01,2022-12-31,N,22,1562000.0,1562000.0,,1562000.0,0.0,reconciled,row sum ties printed line-3a total within $1,0,0.0,https://gt990datalake-rawdata.s3.amazonaws.com/EfileData/XmlFiles/202323079349100027_public.xml,3a670f698ba6a6bf,phase3-2026-08-04.1
136090903,Weezie Foundation,202401219349101700,2023,990PF,2023v5.0,2023-01-01,2023-12-31,N,35,1407858.0,1407858.0,,1407858.0,0.0,reconciled,row sum ties printed line-3a total within $1,0,0.0,https://gt990datalake-rawdata.s3.amazonaws.com/EfileData/XmlFiles/202401219349101700_public.xml,e8b82387f0c54dc7,phase3-2026-08-04.1
136090903,Weezie Foundation,202531279349102028,2024,990PF,2024v5.0,2024-01-01,2024-12-31,N,23,1457400.0,1457400.0,,1457400.0,0.0,reconciled,row sum ties printed line-3a total within $1,0,0.0,https://gt990datalake-rawdata.s3.amazonaws.com/EfileData/XmlFiles/202531279349102028_public.xml,0cb0cccec9bff016,phase3-2026-08-04.1
136177284,Rosalind P Walter Foundation,202203139349100340,2021,990PF,2021v4.1,2021-01-01,2021-12-31,N,4,1562500.0,1562500.0,,1562500.0,0.0,reconciled,row sum ties printed line-3a total within $1,0,0.0,https://gt990datalake-rawdata.s3.amazonaws.com/EfileData/XmlFiles/202203139349100340_public.xml,1d93a2e5bfe289de,phase3-2026-08-04.1
136177284,Rosalind P Walter Foundation,202323149349101217,2022,990PF,2022v5.0,2022-01-01,2022-12-31,N,3,2190000.0,2190000.0,,2190000.0,0.0,reconciled,row sum ties printed line-3a total within $1,0,0.0,https://gt990datalake-rawdata.s3.amazonaws.com/EfileData/XmlFiles/202323149349101217_public.xml,54aac87e52770dd6,phase3-2026-08-04.1
136177284,Rosalind P Walter Foundation,202403119349102150,2023,990PF,2023v5.1,2023-01-01,2023-12-31,N,4,1540000.0,1540000.0,,1540000.0,0.0,reconciled,row sum ties printed line-3a total within $1,0,0.0,https://gt990datalake-rawdata.s3.amazonaws.com/EfileData/XmlFiles/202403119349102150_public.xml,170c846922f66ac3,phase3-2026-08-04.1
136177284,Rosalind P Walter Foundation,202513099349101001,2024,990PF,2024v5.2,2024-01-01,2024-12-31,N,4,2370000.0,2370000.0,,2370000.0,0.0,reconciled,row sum ties printed line-3a total within $1,0,0.0,https://gt990datalake-rawdata.s3.amazonaws.com/EfileData/XmlFiles/202513099349101001_public.xml,0764b3d8e8f12ad2,phase3-2026-08-04.1
136203234,TR U Article 2 UWO Helen M Dekay FBO Dekay Foundation,202320139349100717,2021,990PF,2021v4.1,2021-03-01,2022-02-28,N,5,1977254.0,1977254.0,,1977254.0,0.0,reconciled,row sum ties printed line-3a total within $1,0,0.0,https://gt990datalake-rawdata.s3.amazonaws.com/EfileData/XmlFiles/202320139349100717_public.xml,83be9e6b78b8c706,phase3-2026-08-04.1
136203234,TR U Article 2 UWO Helen M Dekay FBO Dekay Foundation,202420169349101432,2022,990PF,2022v5.0,2022-03-01,2023-02-28,N,5,2234290.0,2234290.0,,2234290.0,0.0,reconciled,row sum ties printed line-3a total within $1,0,0.0,https://gt990datalake-rawdata.s3.amazonaws.com/EfileData/XmlFiles/202420169349101432_public.xml,aee83a21ab916f4b,phase3-2026-08-04.1
136203234,TR U Article 2 UWO Helen M Dekay FBO Dekay Foundation,202433559349100418,2023,990PF,2023v5.1,2023-03-01,2024-02-29,N,5,1921118.0,1921118.0,,1921118.0,0.0,reconciled,row sum ties printed line-3a total within $1,0,0.0,https://gt990datalake-rawdata.s3.amazonaws.com/EfileData/XmlFiles/202433559349100418_public.xml,c647ed0e92d3d58f,phase3-2026-08-04.1
136203234,TR U Article 2 UWO Helen M Dekay FBO Dekay Foundation,202531909349100628,2024,990PF,2024v5.1,2024-03-01,2025-02-28,N,5,2076054.0,2076054.0,,2076054.0,0.0,reconciled,row sum ties printed line-3a total within $1,0,0.0,https://gt990datalake-rawdata.s3.amazonaws.com/EfileData/XmlFiles/202531909349100628_public.xml,2ecc539328b6b2e6,phase3-2026-08-04.1
136374227,R L Zuhlke Charitable TR P60324004,202320659349101002,2021,990PF,2021v4.1,2021-12-01,2022-11-30,N,10,2042961.0,2042961.0,,2042961.0,0.0,reconciled,row sum ties printed line-3a total within $1,0,0.0,https://gt990datalake-rawdata.s3.amazonaws.com/EfileData/XmlFiles/202320659349101002_public.xml,84773b5796937b8d,phase3-2026-08-04.1
136374227,R L Zuhlke Charitable TR P60324004,202440659349100214,2022,990PF,2022v5.0,2022-12-01,2023-11-30,N,10,1908131.0,1908131.0,,1908131.0,0.0,reconciled,row sum ties printed line-3a total within $1,0,0.0,https://gt990datalake-rawdata.s3.amazonaws.com/EfileData/XmlFiles/202440659349100214_public.xml,fcaf9298505feb63,phase3-2026-08-04.1
136374227,R L Zuhlke Charitable TR P60324004,202500659349100905,2023,990PF,2023v6.0,2023-12-01,2024-11-30,N,10,1832830.0,1832830.0,,1832830.0,0.0,reconciled,row sum ties printed line-3a total within $1,0,0.0,https://gt990datalake-rawdata.s3.amazonaws.com/EfileData/XmlFiles/202500659349100905_public.xml,7ea8dcb58d3dad3b,phase3-2026-08-04.1
136374227,R L Zuhlke Charitable TR P60324004,202610929349100116,2024,990PF,2024v5.2,2024-12-01,2025-11-30,N,10,2107042.0,2107042.0,,2107042.0,0.0,reconciled,row sum ties printed line-3a total within $1,0,0.0,https://gt990datalake-rawdata.s3.amazonaws.com/EfileData/XmlFiles/202610929349100116_public.xml,fcc21e4d836fcc19,phase3-2026-08-04.1
136655406,Edwin J Hoffritz TR UW Article Seventh,202241239349100744,2021,990PF,2021v4.1,2021-01-01,2021-12-31,N,13,700000.0,700000.0,,700000.0,0.0,reconciled,row sum ties printed line-3a total within $1,1,40000.0,https://gt990datalake-rawdata.s3.amazonaws.com/EfileData/XmlFiles/202241239349100744_public.xml,99de98b7349f16d7,phase3-2026-08-04.1
136655406,Edwin J Hoffritz TR UW Article Seventh,202311219349101831,2022,990PF,2022v5.0,2022-01-01,2022-12-31,N,13,785000.0,785000.0,,785000.0,0.0,reconciled,row sum ties printed line-3a total within $1,1,40000.0,https://gt990datalake-rawdata.s3.amazonaws.com/EfileData/XmlFiles/202311219349101831_public.xml,172b87a1c250a351,phase3-2026-08-04.1
136655406,Edwin J Hoffritz TR UW Article Seventh,202411139349100246,2023,990PF,2023v5.0,2023-01-01,2023-12-31,N,12,1010500.0,1010500.0,,1010500.0,0.0,reconciled,row sum ties printed line-3a total within $1,1,55000.0,https://gt990datalake-rawdata.s3.amazonaws.com/EfileData/XmlFiles/202411139349100246_public.xml,b986b5262896550c,phase3-2026-08-04.1
136655406,Edwin J Hoffritz TR UW Article Seventh,202521279349102407,2024,990PF,2024v5.0,2024-01-01,2024-12-31,N,12,825000.0,825000.0,,825000.0,0.0,reconciled,row sum ties printed line-3a total within $1,1,55000.0,https://gt990datalake-rawdata.s3.amazonaws.com/EfileData/XmlFiles/202521279349102407_public.xml,dbdc9ce3e759eca0,phase3-2026-08-04.1
136664637,Hispanic Society of America TR No 2 PV 14989,202300379349100325,2021,990PF,2021v4.1,2021-10-01,2022-09-30,N,1,1680340.0,1680340.0,,1680340.0,0.0,reconciled,row sum ties printed line-3a total within $1,0,0.0,https://gt990datalake-rawdata.s3.amazonaws.com/EfileData/XmlFiles/202300379349100325_public.xml,a513b36b828d2df2,phase3-2026-08-04.1
136664637,Hispanic Society of America TR No 2 PV 14989,202440369349101054,2022,990PF,2022v5.0,2022-10-01,2023-09-30,N,1,1286434.0,1286434.0,,1286434.0,0.0,reconciled,row sum ties printed line-3a total within $1,0,0.0,https://gt990datalake-rawdata.s3.amazonaws.com/EfileData/XmlFiles/202440369349101054_public.xml,26fbe1855329ec55,phase3-2026-08-04.1
136664637,Hispanic Society of America TR No 2 PV 14989,202500379349100805,2023,990PF,2023v6.0,2023-10-01,2024-09-30,N,1,1426198.0,1426198.0,,1426198.0,0.0,reconciled,row sum ties printed line-3a total within $1,0,0.0,https://gt990datalake-rawdata.s3.amazonaws.com/EfileData/XmlFiles/202500379349100805_public.xml,09ead0006a2b71cd,phase3-2026-08-04.1
136664637,Hispanic Society of America TR No 2 PV 14989,202600369349100625,2024,990PF,2024v5.2,2024-10-01,2025-09-30,N,1,1700610.0,1700610.0,,1700610.0,0.0,reconciled,row sum ties printed line-3a total within $1,0,0.0,https://gt990datalake-rawdata.s3.amazonaws.com/EfileData/XmlFiles/202600369349100625_public.xml,8eff550cd0df789a,phase3-2026-08-04.1
136741112,B H Homan Jr TR PT 15583,202212509349101106,2021,990PF,2021v4.1,2021-06-01,2022-05-31,N,6,1200000.0,1200000.0,,1200000.0,0.0,reconciled,row sum ties printed line-3a total within $1,0,0.0,https://gt990datalake-rawdata.s3.amazonaws.com/EfileData/XmlFiles/202212509349101106_public.xml,a368a4ad7437d19c,phase3-2026-08-04.1
136741112,B H Homan Jr TR PT 15583,202322789349100812,2022,990PF,2022v5.0,2022-06-01,2023-05-31,N,6,1398000.0,1398000.0,,1398000.0,0.0,reconciled,row sum ties printed line-3a total within $1,0,0.0,https://gt990datalake-rawdata.s3.amazonaws.com/EfileData/XmlFiles/202322789349100812_public.xml,e1cd434950eb4f3e,phase3-2026-08-04.1
136741112,B H Homan Jr TR PT 15583,202540659349100519,2023,990PF,2023v6.0,2023-06-01,2024-05-31,N,5,1427000.0,1427000.0,,1427000.0,0.0,reconciled,row sum ties printed line-3a total within $1,0,0.0,https://gt990datalake-rawdata.s3.amazonaws.com/EfileData/XmlFiles/202540659349100519_public.xml,35789749a480f047,phase3-2026-08-04.1
136741112,B H Homan Jr TR PT 15583,202522819349100512,2024,990PF,2024v5.2,2024-06-01,2025-05-31,N,5,1320000.0,1320000.0,,1320000.0,0.0,reconciled,row sum ties printed line-3a total within $1,0,0.0,https://gt990datalake-rawdata.s3.amazonaws.com/EfileData/XmlFiles/202522819349100512_public.xml,083fb00ce098bc9f,phase3-2026-08-04.1
136786430,Richard Lounsbery Foundation INC,202203089349101110,2021,990PF,2021v4.1,2021-01-01,2021-12-31,N,1,2496000.0,2496000.0,,2496000.0,0.0,reconciled,row sum ties printed line-3a total within $1,0,0.0,https://gt990datalake-rawdata.s3.amazonaws.com/EfileData/XmlFiles/202203089349101110_public.xml,9c8962c88741bcc4,phase3-2026-08-04.1
136786430,Richard Lounsbery Foundation INC,202322789349101302,2022,990PF,2022v5.0,2022-01-01,2022-12-31,N,1,2340000.0,2340000.0,,2340000.0,0.0,reconciled,row sum ties printed line-3a total within $1,0,0.0,https://gt990datalake-rawdata.s3.amazonaws.com/EfileData/XmlFiles/202322789349101302_public.xml,337e15e3377572c9,phase3-2026-08-04.1
136786430,Richard Lounsbery Foundation INC,202433119349101973,2023,990PF,2023v5.1,2023-01-01,2023-12-31,N,1,2224388.0,2224388.0,,2224388.0,0.0,reconciled,row sum ties printed line-3a total within $1,0,0.0,https://gt990datalake-rawdata.s3.amazonaws.com/EfileData/XmlFiles/202433119349101973_public.xml,668be45308f76ce5,phase3-2026-08-04.1
136786430,Richard Lounsbery Foundation INC,202523099349101102,2024,990PF,2024v5.2,2024-01-01,2024-12-31,N,1,2220000.0,2220000.0,,2220000.0,0.0,reconciled,row sum ties printed line-3a total within $1,0,0.0,https://gt990datalake-rawdata.s3.amazonaws.com/EfileData/XmlFiles/202523099349101102_public.xml,7a44fe45bed4edde,phase3-2026-08-04.1
136794686,Paul Mackall & E E B Mackall TR PT 16276,202311569349101301,2021,990PF,2021v4.1,2021-09-01,2022-08-31,N,1,1157730.0,1157730.0,,1157730.0,0.0,reconciled,row sum ties printed line-3a total within $1,0,0.0,https://gt990datalake-rawdata.s3.amazonaws.com/EfileData/XmlFiles/202311569349101301_public.xml,ed1d9e181ed8ecd8,phase3-2026-08-04.1
136794686,Paul Mackall & E E B Mackall TR PT 16276,202400979349100410,2022,990PF,2022v5.0,2022-09-01,2023-08-31,N,1,1312404.0,1312404.0,,1312404.0,0.0,reconciled,row sum ties printed line-3a total within $1,0,0.0,https://gt990datalake-rawdata.s3.amazonaws.com/EfileData/XmlFiles/202400979349100410_public.xml,ddfed8810b56bc16,phase3-2026-08-04.1
136794686,Paul Mackall & E E B Mackall TR PT 16276,202501279349102505,2023,990PF,2023v6.0,2023-09-01,2024-08-31,N,1,1192500.0,1192500.0,,1192500.0,0.0,reconciled,row sum ties printed line-3a total within $1,0,0.0,https://gt990datalake-rawdata.s3.amazonaws.com/EfileData/XmlFiles/202501279349102505_public.xml,98821cc6d775d01a,phase3-2026-08-04.1
136794686,Paul Mackall & E E B Mackall TR PT 16276,202610139349100701,2024,990PF,2024v5.2,2024-09-01,2025-08-31,N,1,1241960.0,1241960.0,,1241960.0,0.0,reconciled,row sum ties printed line-3a total within $1,0,0.0,https://gt990datalake-rawdata.s3.amazonaws.com/EfileData/XmlFiles/202610139349100701_public.xml,18d8e85a63a69eb8,phase3-2026-08-04.1
136804976,Fund for European Scouting PT 16436,202310379349100951,2021,990PF,2021v4.1,2021-10-01,2022-09-30,N,1,1418660.0,1418660.0,,1418660.0,0.0,reconciled,row sum ties printed line-3a total within $1,0,0.0,https://gt990datalake-rawdata.s3.amazonaws.com/EfileData/XmlFiles/202310379349100951_public.xml,96ec99f680250114,phase3-2026-08-04.1
136804976,Fund for European Scouting PT 16436,202430369349101003,2022,990PF,2022v5.0,2022-10-01,2023-09-30,N,1,1487505.0,1487505.0,,1487505.0,0.0,reconciled,row sum ties printed line-3a total within $1,0,0.0,https://gt990datalake-rawdata.s3.amazonaws.com/EfileData/XmlFiles/202430369349101003_public.xml,4e2984f5e7cea8d4,phase3-2026-08-04.1
136804976,Fund for European Scouting PT 16436,202500379349100605,2023,990PF,2023v6.0,2023-10-01,2024-09-30,N,1,1458625.0,1458625.0,,1458625.0,0.0,reconciled,row sum ties printed line-3a total within $1,0,0.0,https://gt990datalake-rawdata.s3.amazonaws.com/EfileData/XmlFiles/202500379349100605_public.xml,c8081621460d9030,phase3-2026-08-04.1
136804976,Fund for European Scouting PT 16436,202600369349100215,2024,990PF,2024v5.2,2024-10-01,2025-09-30,N,1,1458810.0,1458810.0,,1458810.0,0.0,reconciled,row sum ties printed line-3a total within $1,0,0.0,https://gt990datalake-rawdata.s3.amazonaws.com/EfileData/XmlFiles/202600369349100215_public.xml,5a76c3fe20dced7e,phase3-2026-08-04.1
136866947,Isabella M Sheldon TR UA 060848,202212509349101306,2021,990PF,2021v4.1,2021-04-01,2022-03-31,N,1,1679038.0,1679038.0,,1679038.0,0.0,reconciled,row sum ties printed line-3a total within $1,0,0.0,https://gt990datalake-rawdata.s3.amazonaws.com/EfileData/XmlFiles/202212509349101306_public.xml,637228d29664b66f,phase3-2026-08-04.1
136866947,Isabella M Sheldon TR UA 060848,202301879349100700,2022,990PF,2022v5.0,2022-04-01,2022-12-31,N,1,1989432.0,1989432.0,,1989432.0,0.0,reconciled,row sum ties printed line-3a total within $1,0,0.0,https://gt990datalake-rawdata.s3.amazonaws.com/EfileData/XmlFiles/202301879349100700_public.xml,3ebb98341faf855f,phase3-2026-08-04.1
136866947,Isabella M Sheldon TR UA 060848,202411139349101811,2023,990PF,2023v5.0,2023-01-01,2023-12-31,N,1,1812477.0,1812477.0,,1812477.0,0.0,reconciled,row sum ties printed line-3a total within $1,0,0.0,https://gt990datalake-rawdata.s3.amazonaws.com/EfileData/XmlFiles/202411139349101811_public.xml,08ddda3ac62c408d,phase3-2026-08-04.1
136866947,Isabella M Sheldon TR UA 060848,202501279349100540,2024,990PF,2024v5.1,2024-01-01,2024-12-31,N,1,1743351.0,1743351.0,,1743351.0,0.0,reconciled,row sum ties printed line-3a total within $1,0,0.0,https://gt990datalake-rawdata.s3.amazonaws.com/EfileData/XmlFiles/202501279349100540_public.xml,0571cc96a9614c52,phase3-2026-08-04.1
137046581,Sarah K Decoizart Perpetual Charitable TR Art 10,202241579349100004,2021,990PF,2021v4.1,2021-02-01,2022-01-31,N,36,1801234.0,1801234.0,,1801234.0,0.0,reconciled,row sum ties printed line-3a total within $1,0,0.0,https://gt990datalake-rawdata.s3.amazonaws.com/EfileData/XmlFiles/202241579349100004_public.xml,ea8fe8841d98dfe2,phase3-2026-08-04.1
137046581,Sarah K Decoizart Perpetual Charitable TR Art 10,202301569349100810,2022,990PF,2022v5.0,2022-02-01,2023-01-31,N,40,2264919.0,2264919.0,,2264919.0,0.0,reconciled,row sum ties printed line-3a total within $1,0,0.0,https://gt990datalake-rawdata.s3.amazonaws.com/EfileData/XmlFiles/202301569349100810_public.xml,1c865ae8c985937f,phase3-2026-08-04.1
137046581,Sarah K Decoizart Perpetual Charitable TR Art 10,202433449349101153,2023,990PF,2023v5.1,2023-02-01,2024-01-31,N,35,1949100.0,1949100.0,,1949100.0,0.0,reconciled,row sum ties printed line-3a total within $1,0,0.0,https://gt990datalake-rawdata.s3.amazonaws.com/EfileData/XmlFiles/202433449349101153_public.xml,479c64b4061482b7,phase3-2026-08-04.1
137046581,Sarah K Decoizart Perpetual Charitable TR Art 10,202521609349100507,2024,990PF,2024v5.1,2024-02-01,2025-01-31,N,36,1996920.0,1996920.0,,1996920.0,0.0,reconciled,row sum ties printed line-3a total within $1,0,0.0,https://gt990datalake-rawdata.s3.amazonaws.com/EfileData/XmlFiles/202521609349100507_public.xml,555766496beaf792,phase3-2026-08-04.1
137102172,Renate Hans and Maria Hofmann Trust,202321019349102237,2021,990PF,2021v4.1,2021-07-01,2022-06-30,N,12,2000000.0,2000000.0,,2000000.0,0.0,reconciled,row sum ties printed line-3a total within $1,0,0.0,https://gt990datalake-rawdata.s3.amazonaws.com/EfileData/XmlFiles/202321019349102237_public.xml,18f4a94dd100cb08,phase3-2026-08-04.1
137102172,Renate Hans and Maria Hofmann Trust,202431359349104858,2022,990PF,2022v5.0,2022-07-01,2023-06-30,N,12,2000000.0,2000000.0,,2000000.0,0.0,reconciled,row sum ties printed line-3a total within $1,0,0.0,https://gt990datalake-rawdata.s3.amazonaws.com/EfileData/XmlFiles/202431359349104858_public.xml,5bd5e48867b79e94,phase3-2026-08-04.1
137102172,Renate Hans and Maria Hofmann Trust,202531279349101273,2023,990PF,2023v6.0,2023-07-01,2024-06-30,N,13,2500000.0,2500000.0,,2500000.0,0.0,reconciled,row sum ties printed line-3a total within $1,0,0.0,https://gt990datalake-rawdata.s3.amazonaws.com/EfileData/XmlFiles/202531279349101273_public.xml,7b64c84f5fa2de95,phase3-2026-08-04.1
137102172,Renate Hans and Maria Hofmann Trust,202533099349100018,2024,990PF,2024v5.2,2024-07-01,2025-06-30,N,13,2200000.0,2200000.0,,2200000.0,0.0,reconciled,row sum ties printed line-3a total within $1,0,0.0,https://gt990datalake-rawdata.s3.amazonaws.com/EfileData/XmlFiles/202533099349100018_public.xml,9d32626448e78bd8,phase3-2026-08-04.1
161639401,James and Brenda Grusecki Family Foundation,202241329349102959,2021,990PF,2021v4.0,2021-01-01,2021-12-31,N,47,1066508.0,1066508.0,,1066508.0,0.0,reconciled,row sum ties printed line-3a total within $1,35,817088.0,https://gt990datalake-rawdata.s3.amazonaws.com/EfileData/XmlFiles/202241329349102959_public.xml,5da38b8b7caa8222,phase3-2026-08-04.1
161639401,James and Brenda Grusecki Family Foundation,202311299349103776,2022,990PF,2022v5.0,2022-01-01,2022-12-31,N,47,1087355.0,1087355.0,,1087355.0,0.0,reconciled,row sum ties printed line-3a total within $1,36,857355.0,https://gt990datalake-rawdata.s3.amazonaws.com/EfileData/XmlFiles/202311299349103776_public.xml,b4fc702afe9577d3,phase3-2026-08-04.1
161639401,James and Brenda Grusecki Family Foundation,202401369349100645,2023,990PF,2023v5.0,2023-01-01,2023-12-31,N,55,1545000.0,1545000.0,,1545000.0,0.0,reconciled,row sum ties printed line-3a total within $1,43,1265000.0,https://gt990datalake-rawdata.s3.amazonaws.com/EfileData/XmlFiles/202401369349100645_public.xml,eae39ad70a1b8100,phase3-2026-08-04.1
161639401,James and Brenda Grusecki Family Foundation,202541349349102814,2024,990PF,2024v5.1,2024-01-01,2024-12-31,N,49,1750000.0,1750000.0,,1750000.0,0.0,reconciled,row sum ties printed line-3a total within $1,38,1520000.0,https://gt990datalake-rawdata.s3.amazonaws.com/EfileData/XmlFiles/202541349349102814_public.xml,5525bd501c930905,phase3-2026-08-04.1
200128534,Violet M Johnson Family Foundation,202223079349100612,2021,990PF,2021v4.1,2021-08-01,2022-07-31,N,13,1675000.0,1675000.0,,1675000.0,0.0,reconciled,row sum ties printed line-3a total within $1,0,0.0,https://gt990datalake-rawdata.s3.amazonaws.com/EfileData/XmlFiles/202223079349100612_public.xml,0123a13f1d81ec06,phase3-2026-08-04.1
200128534,Violet M Johnson Family Foundation,202302859349100530,2022,990PF,2022v5.0,2022-08-01,2023-07-31,N,11,1755000.0,1755000.0,,1755000.0,0.0,reconciled,row sum ties printed line-3a total within $1,0,0.0,https://gt990datalake-rawdata.s3.amazonaws.com/EfileData/XmlFiles/202302859349100530_public.xml,f371c5bf5696c4e6,phase3-2026-08-04.1
200128534,Violet M Johnson Family Foundation,202433059349101403,2023,990PF,2023v5.1,2023-08-01,2024-07-31,N,10,1555000.0,1555000.0,,1555000.0,0.0,reconciled,row sum ties printed line-3a total within $1,0,0.0,https://gt990datalake-rawdata.s3.amazonaws.com/EfileData/XmlFiles/202433059349101403_public.xml,2784c57e712f257d,phase3-2026-08-04.1
200128534,Violet M Johnson Family Foundation,202533399349100108,2024,990PF,2024v5.2,2024-08-01,2025-07-31,N,10,1751000.0,1751000.0,,1751000.0,0.0,reconciled,row sum ties printed line-3a total within $1,0,0.0,https://gt990datalake-rawdata.s3.amazonaws.com/EfileData/XmlFiles/202533399349100108_public.xml,3b9065bdfdbf8259,phase3-2026-08-04.1
200156873,John Hart Foundation,202203199349101790,2021,990PF,2021v4.0,2021-01-01,2021-12-31,N,63,1831355.0,1831355.0,,1831355.0,0.0,reconciled,"row sum ties printed line-3a total within $1 | review pass held 1 row(s) ($875,000) back from publication",30,774000.0,https://gt990datalake-rawdata.s3.amazonaws.com/EfileData/XmlFiles/202203199349101790_public.xml,017d168531c14fe9,phase3-2026-08-04.1
200156873,John Hart Foundation,202303189349105075,2022,990PF,2022v5.0,2022-01-01,2022-12-31,N,61,1812675.0,1812675.0,,1812675.0,0.0,reconciled,"row sum ties printed line-3a total within $1 | review pass held 1 row(s) ($775,000) back from publication",25,881250.0,https://gt990datalake-rawdata.s3.amazonaws.com/EfileData/XmlFiles/202303189349105075_public.xml,eee8736a4538db47,phase3-2026-08-04.1
200156873,John Hart Foundation,202403189349103225,2023,990PF,2023v5.1,2023-01-01,2023-12-31,N,51,1248250.0,1248250.0,,1248250.0,0.0,reconciled,row sum ties printed line-3a total within $1,23,1093500.0,https://gt990datalake-rawdata.s3.amazonaws.com/EfileData/XmlFiles/202403189349103225_public.xml,815ffb368aa17da8,phase3-2026-08-04.1
200156873,John Hart Foundation,202513169349101506,2024,990PF,2024v5.2,2024-01-01,2024-12-31,N,49,1214250.0,1214250.0,,1214250.0,0.0,reconciled,"row sum ties printed line-3a total within $1 | review pass held 1 row(s) ($100,000) back from publication",24,1024000.0,https://gt990datalake-rawdata.s3.amazonaws.com/EfileData/XmlFiles/202513169349101506_public.xml,e2a4db4694b7d4a0,phase3-2026-08-04.1
200478557,Stephen W and Susan M Baird Foundation,202243079349100634,2021,990PF,2021v4.2,2021-01-01,2021-12-31,N,46,1823012.0,1823012.0,,1823012.0,0.0,reconciled,row sum ties printed line-3a total within $1 | review pass held 1 row(s) ($12) back from publication,23,768100.0,https://gt990datalake-rawdata.s3.amazonaws.com/EfileData/XmlFiles/202243079349100634_public.xml,494b3f6840473855,phase3-2026-08-04.1
200478557,Stephen W and Susan M Baird Foundation,202332979349101008,2022,990PF,2022v5.0,2022-01-01,2022-12-31,N,37,2036955.0,2036955.0,,2036955.0,0.0,reconciled,row sum ties printed line-3a total within $1 | review pass held 1 row(s) ($55) back from publication,18,878500.0,https://gt990datalake-rawdata.s3.amazonaws.com/EfileData/XmlFiles/202332979349101008_public.xml,ab741ecb9e48a650,phase3-2026-08-04.1
200478557,Stephen W and Susan M Baird Foundation,202433169349101033,2023,990PF,2023v5.1,2023-01-01,2023-12-31,N,24,2059400.0,2059400.0,,2059400.0,0.0,reconciled,row sum ties printed line-3a total within $1,12,727500.0,https://gt990datalake-rawdata.s3.amazonaws.com/EfileData/XmlFiles/202433169349101033_public.xml,350282e470bd2ee6,phase3-2026-08-04.1
200478557,Stephen W and Susan M Baird Foundation,202523149349101372,2024,990PF,2024v5.2,2024-01-01,2024-12-31,N,35,2248820.0,2248820.0,,2248820.0,0.0,reconciled,row sum ties printed line-3a total within $1,16,717500.0,https://gt990datalake-rawdata.s3.amazonaws.com/EfileData/XmlFiles/202523149349101372_public.xml,67bb1586b3e5e093,phase3-2026-08-04.1
201734765,DRW Foundation,202211819349100901,2021,990PF,2021v4.2,2021-01-01,2021-12-31,N,29,1447781.0,1447781.0,,1447781.0,0.0,reconciled,row sum ties printed line-3a total within $1,16,1101880.0,https://gt990datalake-rawdata.s3.amazonaws.com/EfileData/XmlFiles/202211819349100901_public.xml,7ac130c96e3868f7,phase3-2026-08-04.1
201734765,DRW Foundation,202311299349104601,2022,990PF,2022v5.0,2022-01-01,2022-12-31,N,40,2211992.0,2211992.0,,2211993.0,0.0,reconciled,row sum ties printed line-3a total within $1,24,1477145.0,https://gt990datalake-rawdata.s3.amazonaws.com/EfileData/XmlFiles/202311299349104601_public.xml,5203b5208b51fc0f,phase3-2026-08-04.1
201734765,DRW Foundation,202421299349102672,2023,990PF,2023v5.0,2023-01-01,2023-12-31,N,52,2607245.0,2607245.0,,2607245.0,0.0,reconciled,row sum ties printed line-3a total within $1,35,2007398.0,https://gt990datalake-rawdata.s3.amazonaws.com/EfileData/XmlFiles/202421299349102672_public.xml,7250102ff651a0ba,phase3-2026-08-04.1
201734765,DRW Foundation,202501329349103400,2024,990PF,2024v5.1,2024-01-01,2024-12-31,N,43,2741739.0,2741739.0,,2741739.0,0.0,reconciled,row sum ties printed line-3a total within $1,30,1899900.0,https://gt990datalake-rawdata.s3.amazonaws.com/EfileData/XmlFiles/202501329349103400_public.xml,ec593376503218fe,phase3-2026-08-04.1
204234710,The George E Richmond Foundation,202233149349101343,2021,990PF,2021v4.2,2021-01-01,2021-12-31,N,7,1494559.0,1494559.0,,1494559.0,0.0,reconciled,row sum ties printed line-3a total within $1,1,25000.0,https://gt990datalake-rawdata.s3.amazonaws.com/EfileData/XmlFiles/202233149349101343_public.xml,432f99bca3693e2d,phase3-2026-08-04.1
204234710,The George E Richmond Foundation,202313199349107131,2022,990PF,2022v5.0,2022-01-01,2022-12-31,N,6,1700000.0,1700000.0,,1700000.0,0.0,reconciled,row sum ties printed line-3a total within $1,3,1325000.0,https://gt990datalake-rawdata.s3.amazonaws.com/EfileData/XmlFiles/202313199349107131_public.xml,52b12f87eba0d990,phase3-2026-08-04.1
204234710,The George E Richmond Foundation,202443189349100544,2023,990PF,2023v5.1,2023-01-01,2023-12-31,N,9,1744000.0,1744000.0,,1744000.0,0.0,reconciled,row sum ties printed line-3a total within $1,3,875000.0,https://gt990datalake-rawdata.s3.amazonaws.com/EfileData/XmlFiles/202443189349100544_public.xml,c804cf0fd37d54a9,phase3-2026-08-04.1
204234710,The George E Richmond Foundation,202513159349100536,2024,990PF,2024v5.2,2024-01-01,2024-12-31,N,4,1275000.0,1275000.0,,1275000.0,0.0,reconciled,row sum ties printed line-3a total within $1,3,1250000.0,https://gt990datalake-rawdata.s3.amazonaws.com/EfileData/XmlFiles/202513159349100536_public.xml,5634ec84c948e49a,phase3-2026-08-04.1
207399767,Skaggs Foundation for Research,202233139349102133,2021,990PF,2021v4.1,2021-01-01,2021-12-31,N,3,2040000.0,2040000.0,,2040000.0,0.0,reconciled,row sum ties printed line-3a total within $1,0,0.0,https://gt990datalake-rawdata.s3.amazonaws.com/EfileData/XmlFiles/202233139349102133_public.xml,e3150f880e13bca0,phase3-2026-08-04.1
207399767,Skaggs Foundation for Research,202313179349103256,2022,990PF,2022v5.0,2022-01-01,2022-12-31,N,2,2807776.0,2807776.0,,2807776.0,0.0,reconciled,row sum ties printed line-3a total within $1,0,0.0,https://gt990datalake-rawdata.s3.amazonaws.com/EfileData/XmlFiles/202313179349103256_public.xml,ab39d139b5096329,phase3-2026-08-04.1
207399767,Skaggs Foundation for Research,202433179349102918,2023,990PF,2023v5.1,2023-01-01,2023-12-31,N,1,2506424.0,2506424.0,,2506424.0,0.0,reconciled,row sum ties printed line-3a total within $1,0,0.0,https://gt990datalake-rawdata.s3.amazonaws.com/EfileData/XmlFiles/202433179349102918_public.xml,aad3060413d7b748,phase3-2026-08-04.1
207399767,Skaggs Foundation for Research,202503099349101900,2024,990PF,2024v5.2,2024-01-01,2024-12-31,N,1,2690000.0,2690000.0,,2690000.0,0.0,reconciled,row sum ties printed line-3a total within $1,0,0.0,https://gt990datalake-rawdata.s3.amazonaws.com/EfileData/XmlFiles/202503099349101900_public.xml,ec2eaf25b704c4d1,phase3-2026-08-04.1
208986573,Edlis-Neeson Foundation NFP,202221519349100407,2021,990PF,2021v4.2,2021-01-01,2021-12-31,N,12,974850.0,974850.0,,974850.0,0.0,reconciled,row sum ties printed line-3a total within $1,2,550600.0,https://gt990datalake-rawdata.s3.amazonaws.com/EfileData/XmlFiles/202221519349100407_public.xml,ee7117a3dc5d9d53,phase3-2026-08-04.1
208986573,Edlis-Neeson Foundation NFP,202311249349101801,2022,990PF,2022v5.0,2022-01-01,2022-12-31,N,13,1060200.0,1060200.0,,1060200.0,0.0,reconciled,row sum ties printed line-3a total within $1,4,126500.0,https://gt990datalake-rawdata.s3.amazonaws.com/EfileData/XmlFiles/202311249349101801_public.xml,7eb24abaae337de4,phase3-2026-08-04.1
208986573,Edlis-Neeson Foundation NFP,202441359349103469,2023,990PF,2023v5.0,2023-01-01,2023-12-31,N,14,1741850.0,1741850.0,,1741850.0,0.0,reconciled,row sum ties printed line-3a total within $1,5,667000.0,https://gt990datalake-rawdata.s3.amazonaws.com/EfileData/XmlFiles/202441359349103469_public.xml,7986e53088ab9547,phase3-2026-08-04.1
208986573,Edlis-Neeson Foundation NFP,202521269349100427,2024,990PF,2024v5.1,2024-01-01,2024-12-31,N,16,1400550.0,1400550.0,,1400550.0,0.0,reconciled,row sum ties printed line-3a total within $1,6,756000.0,https://gt990datalake-rawdata.s3.amazonaws.com/EfileData/XmlFiles/202521269349100427_public.xml,5275a909730812ef,phase3-2026-08-04.1
260170419,Hull Family Foundation,202243199349109289,2021,990PF,2021v4.2,2021-01-01,2021-12-31,N,55,870000.0,870000.0,,870000.0,0.0,reconciled,row sum ties printed line-3a total within $1,2,30000.0,https://gt990datalake-rawdata.s3.amazonaws.com/EfileData/XmlFiles/202243199349109289_public.xml,0c484e86833e95a6,phase3-2026-08-04.1
260170419,Hull Family Foundation,202303169349100265,2022,990PF,2022v5.0,2022-01-01,2022-12-31,N,62,1298000.0,1298000.0,,1298000.0,0.0,reconciled,row sum ties printed line-3a total within $1,1,5000.0,https://gt990datalake-rawdata.s3.amazonaws.com/EfileData/XmlFiles/202303169349100265_public.xml,692973d4ca50afb0,phase3-2026-08-04.1
260170419,Hull Family Foundation,202443199349106304,2023,990PF,2023v5.1,2023-01-01,2023-12-31,N,48,1139100.0,1139100.0,,1139100.0,0.0,reconciled,row sum ties printed line-3a total within $1,2,15000.0,https://gt990datalake-rawdata.s3.amazonaws.com/EfileData/XmlFiles/202443199349106304_public.xml,8f10f9fb76f3e637,phase3-2026-08-04.1
260170419,Hull Family Foundation,202513219349106541,2024,990PF,2024v5.2,2024-01-01,2024-12-31,N,12,21065264.0,21065264.0,,21065264.0,0.0,reconciled,row sum ties printed line-3a total within $1,0,0.0,https://gt990datalake-rawdata.s3.amazonaws.com/EfileData/XmlFiles/202513219349106541_public.xml,5fce1aca11461ef3,phase3-2026-08-04.1
260894840,Best Portion Foundation,202210879349100001,2021,990PF,2021v4.1,2021-01-01,2021-12-31,N,22,1703600.0,1703600.0,,1703600.0,0.0,reconciled,row sum ties printed line-3a total within $1,18,1408600.0,https://gt990datalake-rawdata.s3.amazonaws.com/EfileData/XmlFiles/202210879349100001_public.xml,6cb88441a64d958d,phase3-2026-08-04.1
260894840,Best Portion Foundation,202323179349100437,2022,990PF,2022v5.0,2022-01-01,2022-12-31,N,19,1368819.0,1368819.0,,1368819.0,0.0,reconciled,row sum ties printed line-3a total within $1,12,1023819.0,https://gt990datalake-rawdata.s3.amazonaws.com/EfileData/XmlFiles/202323179349100437_public.xml,95dd5b9dfb5a2dd1,phase3-2026-08-04.1
260894840,Best Portion Foundation,202423099349100607,2023,990PF,2023v5.1,2023-01-01,2023-12-31,N,16,1288383.0,1288383.0,,1288383.0,0.0,reconciled,row sum ties printed line-3a total within $1,10,918383.0,https://gt990datalake-rawdata.s3.amazonaws.com/EfileData/XmlFiles/202423099349100607_public.xml,82727911371f125b,phase3-2026-08-04.1
260894840,Best Portion Foundation,202503189349103845,2024,990PF,2024v5.2,2024-01-01,2024-12-31,N,15,1146148.0,1146148.0,,1146148.0,0.0,reconciled,row sum ties printed line-3a total within $1,9,849752.0,https://gt990datalake-rawdata.s3.amazonaws.com/EfileData/XmlFiles/202503189349103845_public.xml,3bc94ebffa6056e4,phase3-2026-08-04.1
261225450,Daniel P Haerther Charitable Trust,202213199349105561,2021,990PF,2021v4.2,2021-01-01,2021-12-31,N,61,1812138.0,1812138.0,,1812138.0,0.0,reconciled,"row sum ties printed line-3a total within $1 | review pass held 39 row(s) ($20,500) back from publication",19,1176571.0,https://gt990datalake-rawdata.s3.amazonaws.com/EfileData/XmlFiles/202213199349105561_public.xml,2fcd34a38e209191,phase3-2026-08-04.1
261225450,Daniel P Haerther Charitable Trust,202333189349104418,2022,990PF,2022v5.0,2022-01-01,2022-12-31,N,68,2292226.0,2292226.0,,2292226.0,0.0,reconciled,"row sum ties printed line-3a total within $1 | review pass held 47 row(s) ($69,000) back from publication",18,1720140.0,https://gt990datalake-rawdata.s3.amazonaws.com/EfileData/XmlFiles/202333189349104418_public.xml,b9ebc41240256cdf,phase3-2026-08-04.1
261225450,Daniel P Haerther Charitable Trust,202443209349107949,2023,990PF,2023v5.1,2023-01-01,2023-12-31,N,69,2106545.0,2106545.0,,2106545.0,0.0,reconciled,"row sum ties printed line-3a total within $1 | review pass held 48 row(s) ($26,500) back from publication",18,1561698.0,https://gt990datalake-rawdata.s3.amazonaws.com/EfileData/XmlFiles/202443209349107949_public.xml,8fe2121393fa0995,phase3-2026-08-04.1
261225450,Daniel P Haerther Charitable Trust,202543219349102634,2024,990PF,2024v5.2,2024-01-01,2024-12-31,N,73,2361197.0,2361197.0,,2361197.0,0.0,reconciled,"row sum ties printed line-3a total within $1 | review pass held 52 row(s) ($26,500) back from publication",18,1894930.0,https://gt990datalake-rawdata.s3.amazonaws.com/EfileData/XmlFiles/202543219349102634_public.xml,2725ffc2376e8c5f,phase3-2026-08-04.1
261595257,McCune Family Foundation,202212569349101801,2021,990PF,2021v4.1,2021-01-01,2021-12-31,N,29,1668000.0,1668000.0,,1668000.0,0.0,reconciled,row sum ties printed line-3a total within $1,1,50000.0,https://gt990datalake-rawdata.s3.amazonaws.com/EfileData/XmlFiles/202212569349101801_public.xml,30d176f3482b1e8b,phase3-2026-08-04.1
261595257,McCune Family Foundation,202302509349100135,2022,990PF,2022v5.0,2022-01-01,2022-12-31,N,27,1841000.0,1841000.0,,1841000.0,0.0,reconciled,row sum ties printed line-3a total within $1,1,50000.0,https://gt990datalake-rawdata.s3.amazonaws.com/EfileData/XmlFiles/202302509349100135_public.xml,90c848af649b9b67,phase3-2026-08-04.1
261595257,McCune Family Foundation,202403209349102465,2023,990PF,2023v5.1,2023-01-01,2023-12-31,N,27,1752704.0,1752704.0,,1752704.0,0.0,reconciled,row sum ties printed line-3a total within $1,1,50000.0,https://gt990datalake-rawdata.s3.amazonaws.com/EfileData/XmlFiles/202403209349102465_public.xml,c4d637e4e32a84f5,phase3-2026-08-04.1
261595257,McCune Family Foundation,202503099349101235,2024,990PF,2024v5.2,2024-01-01,2024-12-31,N,26,1700243.0,1700243.0,,1700243.0,0.0,reconciled,row sum ties printed line-3a total within $1,1,50000.0,https://gt990datalake-rawdata.s3.amazonaws.com/EfileData/XmlFiles/202503099349101235_public.xml,c3aa8eefffccc0cd,phase3-2026-08-04.1
266307600,Jerome Nerenberg 2000 Charitable TR,202212769349100421,2021,990PF,2021v4.1,2021-01-01,2021-12-31,N,13,1290281.0,1290281.0,,1290281.0,0.0,reconciled,row sum ties printed line-3a total within $1,3,252061.0,https://gt990datalake-rawdata.s3.amazonaws.com/EfileData/XmlFiles/202212769349100421_public.xml,33251af606e510f4,phase3-2026-08-04.1
266307600,Jerome Nerenberg 2000 Charitable TR,202312769349100621,2022,990PF,2022v5.0,2022-01-01,2022-12-31,N,13,1348532.0,1348532.0,,1348532.0,0.0,reconciled,row sum ties printed line-3a total within $1,3,264145.0,https://gt990datalake-rawdata.s3.amazonaws.com/EfileData/XmlFiles/202312769349100621_public.xml,51f93680218c34d0,phase3-2026-08-04.1
266307600,Jerome Nerenberg 2000 Charitable TR,202411839349100716,2023,990PF,2023v5.1,2023-01-01,2023-12-31,N,13,1018519.0,1018519.0,,1018519.0,0.0,reconciled,row sum ties printed line-3a total within $1,3,199504.0,https://gt990datalake-rawdata.s3.amazonaws.com/EfileData/XmlFiles/202411839349100716_public.xml,d6fd6750f3417a1d,phase3-2026-08-04.1
266307600,Jerome Nerenberg 2000 Charitable TR,202501219349101810,2024,990PF,2024v5.1,2024-01-01,2024-12-31,N,13,1070006.0,1070006.0,,1070006.0,0.0,reconciled,row sum ties printed line-3a total within $1,3,209589.0,https://gt990datalake-rawdata.s3.amazonaws.com/EfileData/XmlFiles/202501219349101810_public.xml,9944d60b2f761756,phase3-2026-08-04.1
271371242,Manaaki Foundation,202243159349101134,2021,990PF,2021v4.2,2021-08-01,2022-07-31,N,38,1573920.0,1573920.0,,1573920.0,0.0,reconciled,row sum ties printed line-3a total within $1,13,687420.0,https://gt990datalake-rawdata.s3.amazonaws.com/EfileData/XmlFiles/202243159349101134_public.xml,1930b0aada46bfb7,phase3-2026-08-04.1
271371242,Manaaki Foundation,202440629349100504,2022,990PF,2022v5.0,2022-08-01,2023-07-31,N,41,1527800.0,1527800.0,,1527800.0,0.0,reconciled,row sum ties printed line-3a total within $1,15,536000.0,https://gt990datalake-rawdata.s3.amazonaws.com/EfileData/XmlFiles/202440629349100504_public.xml,1de258323a783c71,phase3-2026-08-04.1
271371242,Manaaki Foundation,202521349349102362,2023,990PF,2023v6.0,2023-08-01,2024-07-31,N,33,1505300.0,1505300.0,,1505300.0,0.0,reconciled,row sum ties printed line-3a total within $1,11,606300.0,https://gt990datalake-rawdata.s3.amazonaws.com/EfileData/XmlFiles/202521349349102362_public.xml,b26ae5a9fa7764f6,phase3-2026-08-04.1
271371242,Manaaki Foundation,202523469349100902,2024,990PF,2024v5.2,2024-08-01,2025-07-31,N,34,1594045.0,1594045.0,,1594045.0,0.0,reconciled,row sum ties printed line-3a total within $1,13,654045.0,https://gt990datalake-rawdata.s3.amazonaws.com/EfileData/XmlFiles/202523469349100902_public.xml,6edfe4a86d85b343,phase3-2026-08-04.1
273930354,Gary NFP,202201369349103140,2021,990PF,2021v4.2,2021-01-01,2021-12-31,N,6,1077500.0,1077500.0,,1077500.0,0.0,reconciled,row sum ties printed line-3a total within $1,0,0.0,https://gt990datalake-rawdata.s3.amazonaws.com/EfileData/XmlFiles/202201369349103140_public.xml,a1210dfe54e129bf,phase3-2026-08-04.1
273930354,Gary NFP,202311289349104021,2022,990PF,2022v5.0,2022-01-01,2022-12-31,N,3,1035000.0,1035000.0,,1035000.0,0.0,reconciled,row sum ties printed line-3a total within $1,0,0.0,https://gt990datalake-rawdata.s3.amazonaws.com/EfileData/XmlFiles/202311289349104021_public.xml,311ce3365c16e2cf,phase3-2026-08-04.1
273930354,Gary NFP,202403169349102960,2023,990PF,2023v5.1,2023-01-01,2023-12-31,N,6,1165000.0,1165000.0,,1165000.0,0.0,reconciled,row sum ties printed line-3a total within $1,0,0.0,https://gt990datalake-rawdata.s3.amazonaws.com/EfileData/XmlFiles/202403169349102960_public.xml,d597b745996965a3,phase3-2026-08-04.1
273930354,Gary NFP,202531759349100803,2024,990PF,2024v5.1,2024-01-01,2024-12-31,N,4,1222500.0,1222500.0,,1222500.0,0.0,reconciled,row sum ties printed line-3a total within $1,0,0.0,https://gt990datalake-rawdata.s3.amazonaws.com/EfileData/XmlFiles/202531759349100803_public.xml,a42def396562e5fa,phase3-2026-08-04.1
316570701,The Virginia W Kettering Foundation,202243089349100534,2021,990PF,2021v4.1,2021-01-01,2021-12-31,N,64,1361235.0,1361235.0,,1361235.0,0.0,reconciled,row sum ties printed line-3a total within $1,0,0.0,https://gt990datalake-rawdata.s3.amazonaws.com/EfileData/XmlFiles/202243089349100534_public.xml,82fbbbb6a0ed0ea3,phase3-2026-08-04.1
316570701,The Virginia W Kettering Foundation,202303079349101110,2022,990PF,2022v5.0,2022-01-01,2022-12-31,N,60,1362648.0,1362648.0,,1362648.0,0.0,reconciled,row sum ties printed line-3a total within $1,0,0.0,https://gt990datalake-rawdata.s3.amazonaws.com/EfileData/XmlFiles/202303079349101110_public.xml,a504ae486c2badeb,phase3-2026-08-04.1
316570701,The Virginia W Kettering Foundation,202433119349101708,2023,990PF,2023v5.1,2023-01-01,2023-12-31,N,56,1356822.0,1356822.0,,1356822.0,0.0,reconciled,row sum ties printed line-3a total within $1,0,0.0,https://gt990datalake-rawdata.s3.amazonaws.com/EfileData/XmlFiles/202433119349101708_public.xml,ab20af28087eef14,phase3-2026-08-04.1
316570701,The Virginia W Kettering Foundation,202503099349100520,2024,990PF,2024v5.2,2024-01-01,2024-12-31,N,66,1414078.0,1414078.0,,1414078.0,0.0,reconciled,row sum ties printed line-3a total within $1,0,0.0,https://gt990datalake-rawdata.s3.amazonaws.com/EfileData/XmlFiles/202503099349100520_public.xml,3ed252d3092e0030,phase3-2026-08-04.1
351979838,Lee A & Mary Jane Rieth Foundation for Environmental Education,202231159349101333,2021,990PF,2021v4.1,2021-01-01,2021-12-31,N,1,1096686.0,1096686.0,,1096686.0,0.0,reconciled,row sum ties printed line-3a total within $1,0,0.0,https://gt990datalake-rawdata.s3.amazonaws.com/EfileData/XmlFiles/202231159349101333_public.xml,d1b7d501a3e8f7e7,phase3-2026-08-04.1
351979838,Lee A & Mary Jane Rieth Foundation for Environmental Education,202331219349101638,2022,990PF,2022v5.0,2022-01-01,2022-12-31,N,1,1278211.0,1278211.0,,1278211.0,0.0,reconciled,row sum ties printed line-3a total within $1,0,0.0,https://gt990datalake-rawdata.s3.amazonaws.com/EfileData/XmlFiles/202331219349101638_public.xml,f8421c95ee8d95ee,phase3-2026-08-04.1
351979838,Lee A & Mary Jane Rieth Foundation for Environmental Education,202431139349102303,2023,990PF,2023v5.0,2023-01-01,2023-12-31,N,1,1151864.0,1151864.0,,1151864.0,0.0,reconciled,row sum ties printed line-3a total within $1,0,0.0,https://gt990datalake-rawdata.s3.amazonaws.com/EfileData/XmlFiles/202431139349102303_public.xml,6ec8bfa61d6886ca,phase3-2026-08-04.1
351979838,Lee A & Mary Jane Rieth Foundation for Environmental Education,202501279349103020,2024,990PF,2024v5.0,2024-01-01,2024-12-31,N,1,1110277.0,1110277.0,,1110277.0,0.0,reconciled,row sum ties printed line-3a total within $1,0,0.0,https://gt990datalake-rawdata.s3.amazonaws.com/EfileData/XmlFiles/202501279349103020_public.xml,5e232539541b72a7,phase3-2026-08-04.1
356009281,Co-Tr UW Charles J Lynn 200243,202243089349100829,2021,990PF,2021v4.1,2021-01-01,2021-12-31,N,7,2530529.0,2530529.0,,2530529.0,0.0,reconciled,row sum ties printed line-3a total within $1,0,0.0,https://gt990datalake-rawdata.s3.amazonaws.com/EfileData/XmlFiles/202243089349100829_public.xml,46d15cab316abfe5,phase3-2026-08-04.1
356009281,Co-Tr UW Charles J Lynn 200243,202312509349100541,2022,990PF,2022v5.0,2022-01-01,2022-12-31,N,7,3025439.0,3025439.0,,3025439.0,0.0,reconciled,row sum ties printed line-3a total within $1,0,0.0,https://gt990datalake-rawdata.s3.amazonaws.com/EfileData/XmlFiles/202312509349100541_public.xml,ed933a1497d098f0,phase3-2026-08-04.1
356009281,Co-Tr UW Charles J Lynn 200243,202421219349101802,2023,990PF,2023v5.0,2023-01-01,2023-12-31,N,7,2811930.0,2811930.0,,2811930.0,0.0,reconciled,row sum ties printed line-3a total within $1,0,0.0,https://gt990datalake-rawdata.s3.amazonaws.com/EfileData/XmlFiles/202421219349101802_public.xml,27a3edd103dffebc,phase3-2026-08-04.1
356009281,Co-Tr UW Charles J Lynn 200243,202531339349102173,2024,990PF,2024v5.1,2024-01-01,2024-12-31,N,7,2798520.0,2798520.0,,2798520.0,0.0,reconciled,row sum ties printed line-3a total within $1,0,0.0,https://gt990datalake-rawdata.s3.amazonaws.com/EfileData/XmlFiles/202531339349102173_public.xml,f0ad42605ea416eb,phase3-2026-08-04.1
357089953,Alan C Greenberg Family Foundation,202202109349100425,2021,990PF,2021v4.2,2021-01-01,2021-12-31,N,2,225000.0,225000.0,,225000.0,0.0,reconciled,row sum ties printed line-3a total within $1,0,0.0,https://gt990datalake-rawdata.s3.amazonaws.com/EfileData/XmlFiles/202202109349100425_public.xml,17a67b4874f31ef1,phase3-2026-08-04.1
357089953,Alan C Greenberg Family Foundation,202311329349101461,2022,990PF,2022v5.0,2022-01-01,2022-12-31,N,3,820000.0,820000.0,,820000.0,0.0,reconciled,row sum ties printed line-3a total within $1,0,0.0,https://gt990datalake-rawdata.s3.amazonaws.com/EfileData/XmlFiles/202311329349101461_public.xml,6c4914e177f9947b,phase3-2026-08-04.1
357089953,Alan C Greenberg Family Foundation,202411319349102866,2023,990PF,2023v5.0,2023-01-01,2023-12-31,N,5,1415000.0,1415000.0,,1415000.0,0.0,reconciled,row sum ties printed line-3a total within $1,0,0.0,https://gt990datalake-rawdata.s3.amazonaws.com/EfileData/XmlFiles/202411319349102866_public.xml,4d5fd82c0bee339a,phase3-2026-08-04.1
357089953,Alan C Greenberg Family Foundation,202521329349103732,2024,990PF,2024v5.1,2024-01-01,2024-12-31,N,7,1775000.0,1775000.0,,1775000.0,0.0,reconciled,row sum ties printed line-3a total within $1,0,0.0,https://gt990datalake-rawdata.s3.amazonaws.com/EfileData/XmlFiles/202521329349103732_public.xml,762455f23c95d450,phase3-2026-08-04.1
357120359,Thomas J Watson Foundation TR,202340979349100904,2021,990PF,2021v4.1,2021-06-01,2022-05-31,N,2,2380844.0,2380844.0,,2380844.0,0.0,known_attachment_gap,grant schedule is a single attachment aggregate; itemization not public,0,0.0,https://gt990datalake-rawdata.s3.amazonaws.com/EfileData/XmlFiles/202340979349100904_public.xml,a34981f003f373a8,phase3-2026-08-04.1
357120359,Thomas J Watson Foundation TR,202411039349100706,2022,990PF,2022v5.0,2022-06-01,2023-05-31,N,2,2349477.0,2349477.0,,2349477.0,0.0,known_attachment_gap,grant schedule is a single attachment aggregate; itemization not public,0,0.0,https://gt990datalake-rawdata.s3.amazonaws.com/EfileData/XmlFiles/202411039349100706_public.xml,833236691a3c1de5,phase3-2026-08-04.1
357120359,Thomas J Watson Foundation TR,202511059349100541,2023,990PF,2023v6.0,2023-06-01,2024-05-31,N,2,3111620.0,3111620.0,,3111620.0,0.0,known_attachment_gap,grant schedule is a single attachment aggregate; itemization not public,0,0.0,https://gt990datalake-rawdata.s3.amazonaws.com/EfileData/XmlFiles/202511059349100541_public.xml,ea2823eeb3bda40a,phase3-2026-08-04.1
357120359,Thomas J Watson Foundation TR,202631059349100123,2024,990PF,2024v5.2,2024-06-01,2025-05-31,N,2,2656717.0,2656717.0,,2656717.0,0.0,known_attachment_gap,grant schedule is a single attachment aggregate; itemization not public,0,0.0,https://gt990datalake-rawdata.s3.amazonaws.com/EfileData/XmlFiles/202631059349100123_public.xml,b15376a5f86a8e61,phase3-2026-08-04.1
362356089,Graham Foundation for Advanced Studies in the Fine Arts,202203179349101005,2021,990PF,2021v4.2,2021-01-01,2021-12-31,N,136,1099290.0,1099290.0,,1099290.0,0.0,reconciled,row sum ties printed line-3a total within $1,103,810290.0,https://gt990datalake-rawdata.s3.amazonaws.com/EfileData/XmlFiles/202203179349101005_public.xml,4be3a87308728c3d,phase3-2026-08-04.1
362356089,Graham Foundation for Advanced Studies in the Fine Arts,202323179349104412,2022,990PF,2022v5.0,2022-01-01,2022-12-31,N,143,1157405.0,1157405.0,,1157405.0,0.0,reconciled,row sum ties printed line-3a total within $1,93,727405.0,https://gt990datalake-rawdata.s3.amazonaws.com/EfileData/XmlFiles/202323179349104412_public.xml,58089622451b010a,phase3-2026-08-04.1
362356089,Graham Foundation for Advanced Studies in the Fine Arts,202423199349105727,2023,990PF,2023v5.1,2023-01-01,2023-12-31,N,114,979625.0,979625.0,,979625.0,0.0,reconciled,row sum ties printed line-3a total within $1,93,785000.0,https://gt990datalake-rawdata.s3.amazonaws.com/EfileData/XmlFiles/202423199349105727_public.xml,36f01ab9ed4b35ef,phase3-2026-08-04.1
362356089,Graham Foundation for Advanced Studies in the Fine Arts,202533219349107363,2024,990PF,2024v5.1,2024-01-01,2024-12-31,N,105,986924.0,986924.0,,986924.0,0.0,reconciled,row sum ties printed line-3a total within $1,75,701924.0,https://gt990datalake-rawdata.s3.amazonaws.com/EfileData/XmlFiles/202533219349107363_public.xml,ff9cabb001a8c1f2,phase3-2026-08-04.1
362488355,Blowitz-Ridgeway Foundation,202213499349100706,2021,990PF,2021v4.2,2021-10-01,2022-09-30,N,79,1049150.0,1049150.0,,1049150.0,0.0,reconciled,row sum ties printed line-3a total within $1,45,633650.0,https://gt990datalake-rawdata.s3.amazonaws.com/EfileData/XmlFiles/202213499349100706_public.xml,b16cc69b05b5bdf3,phase3-2026-08-04.1
362488355,Blowitz-Ridgeway Foundation,202430399349100213,2022,990PF,2022v5.0,2022-10-01,2023-09-30,N,72,1045000.0,1045000.0,,1045000.0,0.0,reconciled,"row sum ties printed line-3a total within $1 | review pass held 1 row(s) ($15,000) back from publication",41,602500.0,https://gt990datalake-rawdata.s3.amazonaws.com/EfileData/XmlFiles/202430399349100213_public.xml,4fd009b34b564c53,phase3-2026-08-04.1
362488355,Blowitz-Ridgeway Foundation,202530349349100323,2023,990PF,2023v6.0,2023-10-01,2024-09-30,N,80,1084500.0,1084500.0,,1084500.0,0.0,reconciled,row sum ties printed line-3a total within $1,44,590000.0,https://gt990datalake-rawdata.s3.amazonaws.com/EfileData/XmlFiles/202530349349100323_public.xml,a3ed230d575ceb4c,phase3-2026-08-04.1
362488355,Blowitz-Ridgeway Foundation,202610239349100306,2024,990PF,2024v5.5,2024-10-01,2025-09-30,N,78,1095000.0,1095000.0,,1095000.0,0.0,reconciled,"row sum ties printed line-3a total within $1 | review pass held 7 row(s) ($90,000) back from publication",36,520000.0,https://gt990datalake-rawdata.s3.amazonaws.com/EfileData/XmlFiles/202610239349100306_public.xml,780e33d6a2bfcf5f,phase3-2026-08-04.1
362546470,S & E Bramsen Foundation,202221309349100917,2021,990PF,2021v4.2,2021-01-01,2021-12-31,N,23,274500.0,274500.0,,274500.0,0.0,reconciled,row sum ties printed line-3a total within $1,3,54500.0,https://gt990datalake-rawdata.s3.amazonaws.com/EfileData/XmlFiles/202221309349100917_public.xml,535ef1c1fdb1ad77,phase3-2026-08-04.1
362546470,S & E Bramsen Foundation,202341289349102134,2022,990PF,2022v5.0,2022-01-01,2022-12-31,N,22,1750000.0,1750000.0,,1750000.0,0.0,reconciled,row sum ties printed line-3a total within $1,4,59500.0,https://gt990datalake-rawdata.s3.amazonaws.com/EfileData/XmlFiles/202341289349102134_public.xml,251270aab1593196,phase3-2026-08-04.1
362546470,S & E Bramsen Foundation,202421309349101012,2023,990PF,2023v5.0,2023-01-01,2023-12-31,N,17,1089000.0,1089000.0,,1089000.0,0.0,reconciled,row sum ties printed line-3a total within $1,2,7500.0,https://gt990datalake-rawdata.s3.amazonaws.com/EfileData/XmlFiles/202421309349101012_public.xml,9cabe51e2250c8d7,phase3-2026-08-04.1
362546470,S & E Bramsen Foundation,202511359349101521,2024,990PF,2024v5.1,2024-01-01,2024-12-31,N,17,43000.0,43000.0,,43000.0,0.0,reconciled,row sum ties printed line-3a total within $1,2,7500.0,https://gt990datalake-rawdata.s3.amazonaws.com/EfileData/XmlFiles/202511359349101521_public.xml,001a713e0df4acbe,phase3-2026-08-04.1
363092281,Abra Prentice Foundation INC,202203199349103665,2021,990PF,2021v4.2,2021-01-01,2021-12-31,N,39,2520000.0,2520000.0,,2520000.0,0.0,reconciled,row sum ties printed line-3a total within $1,20,1155000.0,https://gt990datalake-rawdata.s3.amazonaws.com/EfileData/XmlFiles/202203199349103665_public.xml,43ce84ef49f419e7,phase3-2026-08-04.1
363092281,Abra Prentice Foundation INC,202323189349101457,2022,990PF,2022v5.0,2022-01-01,2022-12-31,N,42,2825000.0,2825000.0,,2825000.0,0.0,reconciled,row sum ties printed line-3a total within $1,18,1012500.0,https://gt990datalake-rawdata.s3.amazonaws.com/EfileData/XmlFiles/202323189349101457_public.xml,70dcee9298baa141,phase3-2026-08-04.1
363092281,Abra Prentice Foundation INC,202433199349104138,2023,990PF,2023v5.1,2023-01-01,2023-12-31,N,42,2800000.0,2800000.0,,2800000.0,0.0,reconciled,row sum ties printed line-3a total within $1,18,1187500.0,https://gt990datalake-rawdata.s3.amazonaws.com/EfileData/XmlFiles/202433199349104138_public.xml,4192d5f91c645c50,phase3-2026-08-04.1
363092281,Abra Prentice Foundation INC,202533119349101968,2024,990PF,2024v5.2,2024-01-01,2024-12-31,N,40,3059416.0,3059416.0,,3059416.0,0.0,reconciled,row sum ties printed line-3a total within $1,19,1631750.0,https://gt990datalake-rawdata.s3.amazonaws.com/EfileData/XmlFiles/202533119349101968_public.xml,0f687e1d81827cbc,phase3-2026-08-04.1
363100492,The Siragusa Family Foundation,202243159349101349,2021,990PF,2021v4.2,2021-01-01,2021-12-31,N,125,1163779.0,1163779.0,,1163779.0,0.0,reconciled,row sum ties printed line-3a total within $1,91,927200.0,https://gt990datalake-rawdata.s3.amazonaws.com/EfileData/XmlFiles/202243159349101349_public.xml,6e237a56eaca48b6,phase3-2026-08-04.1
363100492,The Siragusa Family Foundation,202322379349100607,2022,990PF,2022v5.0,2022-01-01,2022-12-31,N,122,1187491.0,1187491.0,,1187491.0,0.0,reconciled,row sum ties printed line-3a total within $1,89,942327.0,https://gt990datalake-rawdata.s3.amazonaws.com/EfileData/XmlFiles/202322379349100607_public.xml,e7c4e3f24590284e,phase3-2026-08-04.1
363100492,The Siragusa Family Foundation,202432369349100123,2023,990PF,2023v5.1,2023-01-01,2023-12-31,N,112,1131798.0,1131798.0,,1131798.0,0.0,reconciled,row sum ties printed line-3a total within $1,86,900135.0,https://gt990datalake-rawdata.s3.amazonaws.com/EfileData/XmlFiles/202432369349100123_public.xml,a4435685d977a2c9,phase3-2026-08-04.1
363100492,The Siragusa Family Foundation,202503039349100630,2024,990PF,2024v5.2,2024-01-01,2024-12-31,N,105,1100276.0,1100276.0,,1100276.0,0.0,reconciled,row sum ties printed line-3a total within $1,82,876250.0,https://gt990datalake-rawdata.s3.amazonaws.com/EfileData/XmlFiles/202503039349100630_public.xml,d3d9b26010a98c5a,phase3-2026-08-04.1
363152531,Regenstein Foundation,202212439349100306,2021,990PF,2021v4.2,2021-01-01,2021-12-31,N,26,11363750.0,11363750.0,,11363750.0,0.0,reconciled,row sum ties printed line-3a total within $1,13,8529500.0,https://gt990datalake-rawdata.s3.amazonaws.com/EfileData/XmlFiles/202212439349100306_public.xml,d02b42fd3d631785,phase3-2026-08-04.1
363152531,Regenstein Foundation,202313189349100536,2022,990PF,2022v5.0,2022-01-01,2022-12-31,N,28,3253750.0,3253750.0,,3253750.0,0.0,reconciled,row sum ties printed line-3a total within $1,14,2919500.0,https://gt990datalake-rawdata.s3.amazonaws.com/EfileData/XmlFiles/202313189349100536_public.xml,5ea933fd03beed78,phase3-2026-08-04.1
363152531,Regenstein Foundation,202432409349100813,2023,990PF,2023v5.1,2023-01-01,2023-12-31,N,32,7055000.0,7055000.0,,7055000.0,0.0,reconciled,row sum ties printed line-3a total within $1,15,5627000.0,https://gt990datalake-rawdata.s3.amazonaws.com/EfileData/XmlFiles/202432409349100813_public.xml,fe95be337aaad83c,phase3-2026-08-04.1
363152531,Regenstein Foundation,202523189349102957,2024,990PF,2024v5.0,2024-01-01,2024-12-31,N,34,4545000.0,4545000.0,,4545000.0,0.0,reconciled,row sum ties printed line-3a total within $1,19,3247000.0,https://gt990datalake-rawdata.s3.amazonaws.com/EfileData/XmlFiles/202523189349102957_public.xml,6a3c94c544228c3e,phase3-2026-08-04.1
363165216,Katten Muchin Rosenman Foundation INC,202333559349100303,2021,990PF,2021v4.2,2021-01-01,2021-12-31,N,232,2407748.0,2407748.0,,2179879.0,0.0,reconciled,row sum ties printed line-3a total within $1,57,912646.0,https://gt990datalake-rawdata.s3.amazonaws.com/EfileData/XmlFiles/202333559349100303_public.xml,691835986387f363,phase3-2026-08-04.1
363165216,Katten Muchin Rosenman Foundation INC,202431169349100023,2022,990PF,2022v5.0,2022-01-01,2022-12-31,N,282,2626041.0,2626041.0,,905944.0,0.0,reconciled,row sum ties printed line-3a total within $1 | review pass held 1 row(s) ($366) back from publication,75,830079.0,https://gt990datalake-rawdata.s3.amazonaws.com/EfileData/XmlFiles/202431169349100023_public.xml,3da96d15223dd66b,phase3-2026-08-04.1
363165216,Katten Muchin Rosenman Foundation INC,202422399349100022,2023,990PF,2023v5.1,2023-01-01,2023-12-31,N,212,2133070.0,2133070.0,,821303.0,0.0,reconciled,row sum ties printed line-3a total within $1,42,776522.0,https://gt990datalake-rawdata.s3.amazonaws.com/EfileData/XmlFiles/202422399349100022_public.xml,55d5b76bc133b66e,phase3-2026-08-04.1
363165216,Katten Muchin Rosenman Foundation INC,202500939349101330,2024,990PF,2024v5.1,2024-01-01,2024-12-31,N,35,324216.0,324216.0,,324216.0,0.0,reconciled,row sum ties printed line-3a total within $1,3,45100.0,https://gt990datalake-rawdata.s3.amazonaws.com/EfileData/XmlFiles/202500939349101330_public.xml,40c02bd0c436c195,phase3-2026-08-04.1
363209007,Division Fund,202233139349102448,2021,990PF,2021v4.2,2021-01-01,2021-12-31,N,18,1183941.0,1183941.0,,1183941.0,0.0,reconciled,row sum ties printed line-3a total within $1 | review pass held 1 row(s) ($41) back from publication,10,858900.0,https://gt990datalake-rawdata.s3.amazonaws.com/EfileData/XmlFiles/202233139349102448_public.xml,2a679a953d6f2469,phase3-2026-08-04.1
363209007,Division Fund,202323059349100512,2022,990PF,2022v5.0,2022-01-01,2022-12-31,N,15,1092562.0,1092562.0,,1092562.0,0.0,reconciled,row sum ties printed line-3a total within $1 | review pass held 1 row(s) ($62) back from publication,11,1042500.0,https://gt990datalake-rawdata.s3.amazonaws.com/EfileData/XmlFiles/202323059349100512_public.xml,74090eafdc4288c3,phase3-2026-08-04.1
363209007,Division Fund,202413199349105296,2023,990PF,2023v5.1,2023-01-01,2023-12-31,N,14,1692545.0,1692545.0,,1692545.0,0.0,reconciled,row sum ties printed line-3a total within $1 | review pass held 1 row(s) ($45) back from publication,10,1642500.0,https://gt990datalake-rawdata.s3.amazonaws.com/EfileData/XmlFiles/202413199349105296_public.xml,8e6d89c3c2be2941,phase3-2026-08-04.1
363209007,Division Fund,202503099349100625,2024,990PF,2024v5.2,2024-01-01,2024-12-31,N,18,1337556.0,1337556.0,,1337556.0,0.0,reconciled,row sum ties printed line-3a total within $1 | review pass held 1 row(s) ($56) back from publication,12,1237500.0,https://gt990datalake-rawdata.s3.amazonaws.com/EfileData/XmlFiles/202503099349100625_public.xml,9969b7309894f9fd,phase3-2026-08-04.1
363218989,JMR Chairities INC,202242599349100414,2021,990PF,2021v4.2,2021-01-01,2021-12-31,N,18,482990.0,482990.0,,482990.0,0.0,reconciled,"row sum ties printed line-3a total within $1 | review pass held 1 row(s) ($5,750) back from publication",6,57000.0,https://gt990datalake-rawdata.s3.amazonaws.com/EfileData/XmlFiles/202242599349100414_public.xml,151ea355d1a5427c,phase3-2026-08-04.1
363218989,JMR Chairities INC,202302369349100310,2022,990PF,2022v5.0,2022-01-01,2022-12-31,N,18,1253316.0,1253316.0,,1253316.0,0.0,reconciled,"row sum ties printed line-3a total within $1 | review pass held 1 row(s) ($36,500) back from publication",3,375000.0,https://gt990datalake-rawdata.s3.amazonaws.com/EfileData/XmlFiles/202302369349100310_public.xml,7b7c2ea8379313c9,phase3-2026-08-04.1
363218989,JMR Chairities INC,202402259349101350,2023,990PF,2023v5.1,2023-01-01,2023-12-31,N,19,1018500.0,1018500.0,,1018500.0,0.0,reconciled,"row sum ties printed line-3a total within $1 | review pass held 1 row(s) ($70,000) back from publication",5,545000.0,https://gt990datalake-rawdata.s3.amazonaws.com/EfileData/XmlFiles/202402259349101350_public.xml,12c351128bcb5703,phase3-2026-08-04.1
363218989,JMR Chairities INC,202523219349102027,2024,990PF,2024v5.2,2024-01-01,2024-12-31,N,10,509449.0,509449.0,,509449.0,0.0,reconciled,"row sum ties printed line-3a total within $1 | review pass held 1 row(s) ($53,449) back from publication",2,110000.0,https://gt990datalake-rawdata.s3.amazonaws.com/EfileData/XmlFiles/202523219349102027_public.xml,17faceefcfd8eb3f,phase3-2026-08-04.1
363337340,Aon Foundation,202203139349102540,2021,990PF,2021v4.2,2021-01-01,2021-12-31,N,50,2351143.0,2351143.0,,2351143.0,0.0,reconciled,row sum ties printed line-3a total within $1,13,1120000.0,https://gt990datalake-rawdata.s3.amazonaws.com/EfileData/XmlFiles/202203139349102540_public.xml,8adb4860185a4b8a,phase3-2026-08-04.1
363337340,Aon Foundation,202311379349100811,2022,990PF,2022v5.0,2022-01-01,2022-12-31,N,27,2239035.0,2239035.0,,2239035.0,0.0,reconciled,row sum ties printed line-3a total within $1,12,651000.0,https://gt990datalake-rawdata.s3.amazonaws.com/EfileData/XmlFiles/202311379349100811_public.xml,d5b3e59ba60c1498,phase3-2026-08-04.1
363337340,Aon Foundation,202443209349105974,2023,990PF,2023v5.1,2023-01-01,2023-12-31,N,37,2260018.0,2260018.0,,2260018.0,0.0,reconciled,row sum ties printed line-3a total within $1,10,561000.0,https://gt990datalake-rawdata.s3.amazonaws.com/EfileData/XmlFiles/202443209349105974_public.xml,f76ddc4581c9a69c,phase3-2026-08-04.1
363337340,Aon Foundation,202531509349100518,2024,990PF,2024v5.1,2024-01-01,2024-12-31,N,39,2200052.0,2200052.0,,2200052.0,0.0,reconciled,row sum ties printed line-3a total within $1,11,940000.0,https://gt990datalake-rawdata.s3.amazonaws.com/EfileData/XmlFiles/202531509349100518_public.xml,6742f2297c1d19c1,phase3-2026-08-04.1
363458779,Lester and Edward Anixter Family Foundation,202233079349100713,2021,990PF,2021v4.2,2021-01-01,2021-12-31,N,46,1022500.0,1022500.0,,1022500.0,0.0,reconciled,row sum ties printed line-3a total within $1,25,497000.0,https://gt990datalake-rawdata.s3.amazonaws.com/EfileData/XmlFiles/202233079349100713_public.xml,a033229a11ac3c64,phase3-2026-08-04.1
363458779,Lester and Edward Anixter Family Foundation,202322449349100022,2022,990PF,2022v5.0,2022-01-01,2022-12-31,N,36,1013338.0,1013338.0,,1013338.0,0.0,reconciled,row sum ties printed line-3a total within $1,17,507115.0,https://gt990datalake-rawdata.s3.amazonaws.com/EfileData/XmlFiles/202322449349100022_public.xml,df3b72194ccdd63c,phase3-2026-08-04.1
363458779,Lester and Edward Anixter Family Foundation,202413179349100516,2023,990PF,2023v5.1,2023-01-01,2023-12-31,N,57,1053000.0,1053000.0,,1053000.0,0.0,reconciled,row sum ties printed line-3a total within $1,24,572000.0,https://gt990datalake-rawdata.s3.amazonaws.com/EfileData/XmlFiles/202413179349100516_public.xml,cd11e6c4fcb43ae9,phase3-2026-08-04.1
363458779,Lester and Edward Anixter Family Foundation,202502419349100710,2024,990PF,2024v5.2,2024-01-01,2024-12-31,N,64,1242000.0,1242000.0,,1242000.0,0.0,reconciled,row sum ties printed line-3a total within $1,32,631500.0,https://gt990datalake-rawdata.s3.amazonaws.com/EfileData/XmlFiles/202502419349100710_public.xml,5809b68bd65cf0e4,phase3-2026-08-04.1
363487448,Paul A & Joan S Rubschlager Foundation,202320609349100502,2021,990PF,2021v4.2,2021-11-01,2022-10-31,N,18,2245000.0,2245000.0,,2245000.0,0.0,reconciled,row sum ties printed line-3a total within $1,11,2175000.0,https://gt990datalake-rawdata.s3.amazonaws.com/EfileData/XmlFiles/202320609349100502_public.xml,45a957dfc941afe9,phase3-2026-08-04.1
363487448,Paul A & Joan S Rubschlager Foundation,202430649349100863,2022,990PF,2022v5.0,2022-11-01,2023-10-31,N,25,1539500.0,1539500.0,,1539500.0,0.0,reconciled,row sum ties printed line-3a total within $1,17,1455000.0,https://gt990datalake-rawdata.s3.amazonaws.com/EfileData/XmlFiles/202430649349100863_public.xml,092dc34691b36d2a,phase3-2026-08-04.1
363487448,Paul A & Joan S Rubschlager Foundation,202520709349100732,2023,990PF,2023v6.0,2023-11-01,2024-10-31,N,29,1287000.0,1287000.0,,1287000.0,0.0,reconciled,row sum ties printed line-3a total within $1,20,1160000.0,https://gt990datalake-rawdata.s3.amazonaws.com/EfileData/XmlFiles/202520709349100732_public.xml,e0f5790f784d0818,phase3-2026-08-04.1
363496915,Noah Wolff Family Foundation INC,202222389349100312,2021,990PF,2021v4.2,2021-01-01,2021-12-31,N,9,288126.0,288126.0,,288126.0,0.0,reconciled,"row sum ties printed line-3a total within $1 | review pass held 1 row(s) ($74,126) back from publication",8,214000.0,https://gt990datalake-rawdata.s3.amazonaws.com/EfileData/XmlFiles/202222389349100312_public.xml,802ed560f786c5b5,phase3-2026-08-04.1
363496915,Noah Wolff Family Foundation INC,202411309349103681,2022,990PF,2022v5.0,2022-01-01,2022-12-31,N,51,445918.0,445918.0,,445918.0,0.0,reconciled,"row sum ties printed line-3a total within $1 | review pass held 9 row(s) ($159,250) back from publication",22,150550.0,https://gt990datalake-rawdata.s3.amazonaws.com/EfileData/XmlFiles/202411309349103681_public.xml,7406bbdddd732c7d,phase3-2026-08-04.1
363496915,Noah Wolff Family Foundation INC,202431699349100813,2023,990PF,2023v5.1,2023-01-01,2023-12-31,N,10,1968833.0,1968833.0,,1968833.0,0.0,reconciled,"row sum ties printed line-3a total within $1 | review pass held 4 row(s) ($1,802,833) back from publication",4,61000.0,https://gt990datalake-rawdata.s3.amazonaws.com/EfileData/XmlFiles/202431699349100813_public.xml,a1740d5719a1b0f8,phase3-2026-08-04.1
363496915,Noah Wolff Family Foundation INC,202513219349106271,2024,990PF,2024v5.2,2024-01-01,2024-12-31,N,21,805530.0,805530.0,,805529.0,0.0,reconciled,"row sum ties printed line-3a total within $1 | review pass held 1 row(s) ($22,400) back from publication",5,16100.0,https://gt990datalake-rawdata.s3.amazonaws.com/EfileData/XmlFiles/202513219349106271_public.xml,8a1728a0d47f190e,phase3-2026-08-04.1
363540747,Pepper Family Foundation,202211319349104031,2021,990PF,2021v4.2,2021-01-01,2021-12-31,N,10,558000.0,558000.0,,558000.0,0.0,reconciled,row sum ties printed line-3a total within $1,2,35000.0,https://gt990datalake-rawdata.s3.amazonaws.com/EfileData/XmlFiles/202211319349104031_public.xml,8bb9a0c3bc0e87f2,phase3-2026-08-04.1
363540747,Pepper Family Foundation,202321739349100907,2022,990PF,2022v5.0,2022-01-01,2022-12-31,N,18,415000.0,415000.0,,415000.0,0.0,reconciled,row sum ties printed line-3a total within $1,11,205000.0,https://gt990datalake-rawdata.s3.amazonaws.com/EfileData/XmlFiles/202321739349100907_public.xml,465613ea99e02d6b,phase3-2026-08-04.1
363540747,Pepper Family Foundation,202401809349100005,2023,990PF,2023v5.0,2023-01-01,2023-12-31,N,23,1573000.0,1573000.0,,1573000.0,0.0,reconciled,row sum ties printed line-3a total within $1,13,922000.0,https://gt990datalake-rawdata.s3.amazonaws.com/EfileData/XmlFiles/202401809349100005_public.xml,ac0267fb1502d2c5,phase3-2026-08-04.1
363540747,Pepper Family Foundation,202502069349100420,2024,990PF,2024v5.2,2024-01-01,2024-12-31,N,28,3243186.0,3243186.0,,3243186.0,0.0,reconciled,row sum ties printed line-3a total within $1,12,2031250.0,https://gt990datalake-rawdata.s3.amazonaws.com/EfileData/XmlFiles/202502069349100420_public.xml,3cb81c4c7de74522,phase3-2026-08-04.1
363566181,American Friends of Ophel Bas Zion Institutions INC,202232809349100013,2021,990PF,2021v4.2,2021-01-01,2021-12-31,N,2,913362.0,913362.0,,913362.0,0.0,reconciled,row sum ties printed line-3a total within $1,1,13640.0,https://gt990datalake-rawdata.s3.amazonaws.com/EfileData/XmlFiles/202232809349100013_public.xml,f07f5511bf641e58,phase3-2026-08-04.1
363566181,American Friends of Ophel Bas Zion Institutions INC,202343129349101794,2022,990PF,2022v5.0,2022-01-01,2022-12-31,N,2,1572165.0,1572165.0,,1572165.0,0.0,reconciled,row sum ties printed line-3a total within $1,1,10500.0,https://gt990datalake-rawdata.s3.amazonaws.com/EfileData/XmlFiles/202343129349101794_public.xml,6d3556def4cf541a,phase3-2026-08-04.1
363566181,American Friends of Ophel Bas Zion Institutions INC,202403199349101830,2023,990PF,2023v5.1,2023-01-01,2023-12-31,N,2,1701999.0,1701999.0,,1701999.0,0.0,reconciled,row sum ties printed line-3a total within $1,1,10500.0,https://gt990datalake-rawdata.s3.amazonaws.com/EfileData/XmlFiles/202403199349101830_public.xml,4264dfbbceb57821,phase3-2026-08-04.1
363566181,American Friends of Ophel Bas Zion Institutions INC,202533189349103708,2024,990PF,2024v5.2,2024-01-01,2024-12-31,N,2,2022905.0,2022905.0,,0.0,0.0,reconciled,row sum ties printed line-3a total within $1,1,3000.0,https://gt990datalake-rawdata.s3.amazonaws.com/EfileData/XmlFiles/202533189349103708_public.xml,5ca488dd0b8c037c,phase3-2026-08-04.1
363674212,Eugene and Janet Lerner Family Foundation INC,202213199349102396,2021,990PF,2021v4.2,2021-01-01,2021-12-31,N,47,1125236.0,1125236.0,,1125236.0,0.0,reconciled,row sum ties printed line-3a total within $1,8,349000.0,https://gt990datalake-rawdata.s3.amazonaws.com/EfileData/XmlFiles/202213199349102396_public.xml,35db1f50f4cbbe07,phase3-2026-08-04.1
363674212,Eugene and Janet Lerner Family Foundation INC,202323199349105502,2022,990PF,2022v5.0,2022-01-01,2022-12-31,N,43,1058816.0,1058816.0,,1058816.0,0.0,reconciled,row sum ties printed line-3a total within $1,6,329000.0,https://gt990datalake-rawdata.s3.amazonaws.com/EfileData/XmlFiles/202323199349105502_public.xml,c5e6303889a58834,phase3-2026-08-04.1
363674212,Eugene and Janet Lerner Family Foundation INC,202423209349101642,2023,990PF,2023v5.1,2023-01-01,2023-12-31,N,45,1133480.0,1133480.0,,1133480.0,0.0,reconciled,row sum ties printed line-3a total within $1,7,384000.0,https://gt990datalake-rawdata.s3.amazonaws.com/EfileData/XmlFiles/202423209349101642_public.xml,063b6c7c3dcd1874,phase3-2026-08-04.1
363674212,Eugene and Janet Lerner Family Foundation INC,202503219349106130,2024,990PF,2024v5.2,2024-01-01,2024-12-31,N,43,1179461.0,1179461.0,,1179461.0,0.0,reconciled,row sum ties printed line-3a total within $1,7,349000.0,https://gt990datalake-rawdata.s3.amazonaws.com/EfileData/XmlFiles/202503219349106130_public.xml,8c4bb63e816da475,phase3-2026-08-04.1
363712587,Sirius Fund,202223199349106077,2021,990PF,2021v4.2,2021-07-01,2022-06-30,N,91,1224500.0,1224500.0,,1224500.0,0.0,reconciled,row sum ties printed line-3a total within $1 | review pass held 1 row(s) ($40) back from publication,31,341290.0,https://gt990datalake-rawdata.s3.amazonaws.com/EfileData/XmlFiles/202223199349106077_public.xml,974055a0cdfb0bc2,phase3-2026-08-04.1
363712587,Sirius Fund,202343199349103484,2022,990PF,2022v5.0,2022-07-01,2023-06-30,N,91,1200470.0,1200470.0,,1200470.0,0.0,reconciled,row sum ties printed line-3a total within $1,35,356530.0,https://gt990datalake-rawdata.s3.amazonaws.com/EfileData/XmlFiles/202343199349103484_public.xml,86f1256ba10e4ce0,phase3-2026-08-04.1
363712587,Sirius Fund,202443199349103479,2023,990PF,2023v5.1,2023-07-01,2024-06-30,N,90,1320791.0,1320791.0,,1320791.0,0.0,reconciled,row sum ties printed line-3a total within $1,37,433696.0,https://gt990datalake-rawdata.s3.amazonaws.com/EfileData/XmlFiles/202443199349103479_public.xml,0774f741128000d4,phase3-2026-08-04.1
363712587,Sirius Fund,202543219349102409,2024,990PF,2024v5.2,2024-07-01,2025-06-30,N,109,1554560.0,1554560.0,,1554560.0,0.0,reconciled,row sum ties printed line-3a total within $1,35,492985.0,https://gt990datalake-rawdata.s3.amazonaws.com/EfileData/XmlFiles/202543219349102409_public.xml,a4b86dc76b81da2e,phase3-2026-08-04.1
363820887,Conant Family Foundation,202232569349100008,2021,990PF,2021v4.2,2021-01-01,2021-12-31,N,77,1342465.0,1342465.0,,1342465.0,0.0,reconciled,row sum ties printed line-3a total within $1,57,1065050.0,https://gt990datalake-rawdata.s3.amazonaws.com/EfileData/XmlFiles/202232569349100008_public.xml,09bb55011dd5150e,phase3-2026-08-04.1
363820887,Conant Family Foundation,202303119349100820,2022,990PF,2022v5.0,2022-01-01,2022-12-31,N,60,1240750.0,1240750.0,,1240750.0,0.0,reconciled,row sum ties printed line-3a total within $1,42,1002000.0,https://gt990datalake-rawdata.s3.amazonaws.com/EfileData/XmlFiles/202303119349100820_public.xml,0f4e2aa2d156d2b0,phase3-2026-08-04.1
363820887,Conant Family Foundation,202402399349100300,2023,990PF,2023v5.1,2023-01-01,2023-12-31,N,57,1351850.0,1351850.0,,1351850.0,0.0,reconciled,row sum ties printed line-3a total within $1,41,996850.0,https://gt990datalake-rawdata.s3.amazonaws.com/EfileData/XmlFiles/202402399349100300_public.xml,5cdf749f1afca3ec,phase3-2026-08-04.1
363820887,Conant Family Foundation,202502669349100400,2024,990PF,2024v5.1,2024-01-01,2024-12-31,N,51,1257500.0,1257500.0,,1257500.0,0.0,reconciled,"row sum ties printed line-3a total within $1 | review pass held 1 row(s) ($30,000) back from publication",32,944500.0,https://gt990datalake-rawdata.s3.amazonaws.com/EfileData/XmlFiles/202502669349100400_public.xml,f1a4b07d6a9192a5,phase3-2026-08-04.1
363987600,Bill Nygren Foundation,202221369349100337,2021,990PF,2021v4.2,2021-01-01,2021-12-31,N,29,1100000.0,1100000.0,,1100000.0,0.0,reconciled,row sum ties printed line-3a total within $1,14,619000.0,https://gt990datalake-rawdata.s3.amazonaws.com/EfileData/XmlFiles/202221369349100337_public.xml,31c21df026dee631,phase3-2026-08-04.1
363987600,Bill Nygren Foundation,202321309349101012,2022,990PF,2022v5.0,2022-01-01,2022-12-31,N,31,1103820.0,1103820.0,,1103820.0,0.0,reconciled,row sum ties printed line-3a total within $1,15,847400.0,https://gt990datalake-rawdata.s3.amazonaws.com/EfileData/XmlFiles/202321309349101012_public.xml,9020c47f6a79b156,phase3-2026-08-04.1
363987600,Bill Nygren Foundation,202402429349100120,2023,990PF,2023v5.1,2023-01-01,2023-12-31,N,38,1205450.0,1205450.0,,1205450.0,0.0,reconciled,row sum ties printed line-3a total within $1,13,483700.0,https://gt990datalake-rawdata.s3.amazonaws.com/EfileData/XmlFiles/202402429349100120_public.xml,5f4526ae1c20bd51,phase3-2026-08-04.1
363987600,Bill Nygren Foundation,202533109349100648,2024,990PF,2024v5.2,2024-01-01,2024-12-31,N,33,1340750.0,1340750.0,,1340750.0,0.0,reconciled,row sum ties printed line-3a total within $1,13,429750.0,https://gt990datalake-rawdata.s3.amazonaws.com/EfileData/XmlFiles/202533109349100648_public.xml,8002b18408a1c9c7,phase3-2026-08-04.1
363994361,Clinton Family Fund,202231369349102803,2021,990PF,2021v4.2,2021-01-01,2021-12-31,N,118,1185919.0,1185919.0,,1185919.0,0.0,reconciled,row sum ties printed line-3a total within $1,12,122000.0,https://gt990datalake-rawdata.s3.amazonaws.com/EfileData/XmlFiles/202231369349102803_public.xml,e987f958aa678131,phase3-2026-08-04.1
363994361,Clinton Family Fund,202321319349102892,2022,990PF,2022v5.0,2022-01-01,2022-12-31,N,121,1691802.0,1691802.0,,1691802.0,0.0,reconciled,row sum ties printed line-3a total within $1,14,133250.0,https://gt990datalake-rawdata.s3.amazonaws.com/EfileData/XmlFiles/202321319349102892_public.xml,d92d56f9f5cbaf3b,phase3-2026-08-04.1
363994361,Clinton Family Fund,202431359349104223,2023,990PF,2023v5.0,2023-01-01,2023-12-31,N,113,1595847.0,1595847.0,,1595847.0,0.0,reconciled,row sum ties printed line-3a total within $1,14,87750.0,https://gt990datalake-rawdata.s3.amazonaws.com/EfileData/XmlFiles/202431359349104223_public.xml,661b60e797dddffa,phase3-2026-08-04.1
363994361,Clinton Family Fund,202531339349103313,2024,990PF,2024v5.1,2024-01-01,2024-12-31,N,117,1805555.0,1805555.0,,1805555.0,0.0,reconciled,row sum ties printed line-3a total within $1,14,128355.0,https://gt990datalake-rawdata.s3.amazonaws.com/EfileData/XmlFiles/202531339349103313_public.xml,6c66a3dd9eaa7917,phase3-2026-08-04.1
364010374,Peter and Paula Fasseas Foundation,202243199349101529,2021,990PF,2021v4.2,2021-01-01,2021-12-31,N,29,2837030.0,2837030.0,,2837030.0,0.0,reconciled,row sum ties printed line-3a total within $1,6,2286500.0,https://gt990datalake-rawdata.s3.amazonaws.com/EfileData/XmlFiles/202243199349101529_public.xml,d3295ddf4289a2ef,phase3-2026-08-04.1
364010374,Peter and Paula Fasseas Foundation,202303199349101180,2022,990PF,2022v5.0,2022-01-01,2022-12-31,N,22,3334854.0,3334854.0,,3334854.0,0.0,reconciled,row sum ties printed line-3a total within $1,9,2618044.0,https://gt990datalake-rawdata.s3.amazonaws.com/EfileData/XmlFiles/202303199349101180_public.xml,25d5936e6d05a967,phase3-2026-08-04.1
364010374,Peter and Paula Fasseas Foundation,202423209349102897,2023,990PF,2023v5.1,2023-01-01,2023-12-31,N,23,2346545.0,2346545.0,,2346545.0,0.0,reconciled,row sum ties printed line-3a total within $1,9,2244550.0,https://gt990datalake-rawdata.s3.amazonaws.com/EfileData/XmlFiles/202423209349102897_public.xml,088dbab71c0f4427,phase3-2026-08-04.1
364010374,Peter and Paula Fasseas Foundation,202533179349103053,2024,990PF,2024v5.2,2024-01-01,2024-12-31,N,17,2927688.0,2927688.0,,2927688.0,0.0,reconciled,row sum ties printed line-3a total within $1,7,2745188.0,https://gt990datalake-rawdata.s3.amazonaws.com/EfileData/XmlFiles/202533179349103053_public.xml,578924ddfc3d782c,phase3-2026-08-04.1
364257410,Bruce Foundation,202211589349100911,2021,990PF,2021v4.0,2021-01-01,2021-12-31,N,39,748000.0,748000.0,,748000.0,0.0,reconciled,row sum ties printed line-3a total within $1,10,212000.0,https://gt990datalake-rawdata.s3.amazonaws.com/EfileData/XmlFiles/202211589349100911_public.xml,922226cdb9252d7a,phase3-2026-08-04.1
364257410,Bruce Foundation,202301289349103905,2022,990PF,2022v5.0,2022-01-01,2022-12-31,N,36,734000.0,734000.0,,734000.0,0.0,reconciled,row sum ties printed line-3a total within $1,11,217000.0,https://gt990datalake-rawdata.s3.amazonaws.com/EfileData/XmlFiles/202301289349103905_public.xml,72f673cdd3ba80cd,phase3-2026-08-04.1
364257410,Bruce Foundation,202421599349100402,2023,990PF,2023v5.0,2023-01-01,2023-12-31,N,39,1100000.0,1100000.0,,1100000.0,0.0,reconciled,row sum ties printed line-3a total within $1,11,312000.0,https://gt990datalake-rawdata.s3.amazonaws.com/EfileData/XmlFiles/202421599349100402_public.xml,4916a63fe84c5e1f,phase3-2026-08-04.1
364257410,Bruce Foundation,202511189349101126,2024,990PF,2024v5.0,2024-01-01,2024-12-31,N,53,1900000.0,1900000.0,,1900000.0,0.0,reconciled,row sum ties printed line-3a total within $1,13,415000.0,https://gt990datalake-rawdata.s3.amazonaws.com/EfileData/XmlFiles/202511189349101126_public.xml,c3b6bdf3652818a9,phase3-2026-08-04.1
364473692,Modestus Bauer Foundation,202231249349102063,2021,990PF,2021v4.2,2021-01-01,2021-12-31,N,154,1024450.0,1024450.0,,1024450.0,0.0,reconciled,row sum ties printed line-3a total within $1,40,323000.0,https://gt990datalake-rawdata.s3.amazonaws.com/EfileData/XmlFiles/202231249349102063_public.xml,c003cff7a2f2624e,phase3-2026-08-04.1
364473692,Modestus Bauer Foundation,202341359349100519,2022,990PF,2022v5.0,2022-01-01,2022-12-31,N,152,1015000.0,1015000.0,,1015000.0,0.0,reconciled,row sum ties printed line-3a total within $1,40,246900.0,https://gt990datalake-rawdata.s3.amazonaws.com/EfileData/XmlFiles/202341359349100519_public.xml,e91e4002d78ac0fe,phase3-2026-08-04.1
364473692,Modestus Bauer Foundation,202401319349101530,2023,990PF,2023v5.0,2023-01-01,2023-12-31,N,141,1008500.0,1008500.0,,1008500.0,0.0,reconciled,row sum ties printed line-3a total within $1,38,324600.0,https://gt990datalake-rawdata.s3.amazonaws.com/EfileData/XmlFiles/202401319349101530_public.xml,88d844ebad6e256d,phase3-2026-08-04.1
364473692,Modestus Bauer Foundation,202511259349100906,2024,990PF,2024v5.1,2024-01-01,2024-12-31,N,137,1015000.0,1015000.0,,1015000.0,0.0,reconciled,"row sum ties printed line-3a total within $1 | review pass held 1 row(s) ($25,000) back from publication",38,340300.0,https://gt990datalake-rawdata.s3.amazonaws.com/EfileData/XmlFiles/202511259349100906_public.xml,77b963a1656394b1,phase3-2026-08-04.1
366007812,The Kemper Foundation,202233469349100528,2021,990PF,2021v4.2,2021-08-01,2021-12-31,N,47,936656.0,936656.0,,936656.0,0.0,reconciled,row sum ties printed line-3a total within $1,3,30891.0,https://gt990datalake-rawdata.s3.amazonaws.com/EfileData/XmlFiles/202233469349100528_public.xml,478ae9cf2b5486fc,phase3-2026-08-04.1
366007812,The Kemper Foundation,202333199349107408,2022,990PF,2022v5.0,2022-01-01,2022-12-31,N,92,2124431.0,2124431.0,,2124431.0,0.0,reconciled,row sum ties printed line-3a total within $1,8,350700.0,https://gt990datalake-rawdata.s3.amazonaws.com/EfileData/XmlFiles/202333199349107408_public.xml,5876b334489b8768,phase3-2026-08-04.1
366007812,The Kemper Foundation,202413179349102236,2023,990PF,2023v5.1,2023-01-01,2023-12-31,N,105,2045915.0,2045915.0,,2045915.0,0.0,reconciled,row sum ties printed line-3a total within $1,8,463715.0,https://gt990datalake-rawdata.s3.amazonaws.com/EfileData/XmlFiles/202413179349102236_public.xml,b16bcb61e436d810,phase3-2026-08-04.1
366007812,The Kemper Foundation,202533219349103493,2024,990PF,2024v5.2,2024-01-01,2024-12-31,N,145,2000506.0,2000506.0,,2000506.0,0.0,reconciled,row sum ties printed line-3a total within $1,8,405722.0,https://gt990datalake-rawdata.s3.amazonaws.com/EfileData/XmlFiles/202533219349103493_public.xml,bcde873cece96500,phase3-2026-08-04.1
366011498,A G Cox Char TR 15128-00-2,202232799349101103,2021,990PF,2021v4.1,2021-01-01,2021-12-31,N,58,1269720.0,1269720.0,,1269720.0,0.0,reconciled,row sum ties printed line-3a total within $1,27,535000.0,https://gt990datalake-rawdata.s3.amazonaws.com/EfileData/XmlFiles/202232799349101103_public.xml,81bbde3c19f2b4ec,phase3-2026-08-04.1
366011498,A G Cox Char TR 15128-00-2,202341219349101909,2022,990PF,2022v5.0,2022-01-01,2022-12-31,N,57,1536994.0,1536994.0,,1536994.0,0.0,reconciled,row sum ties printed line-3a total within $1,27,775000.0,https://gt990datalake-rawdata.s3.amazonaws.com/EfileData/XmlFiles/202341219349101909_public.xml,71df1183ce6bfd34,phase3-2026-08-04.1
366011498,A G Cox Char TR 15128-00-2,202411219349101701,2023,990PF,2023v5.0,2023-01-01,2023-12-31,N,57,1559637.0,1559637.0,,1559637.0,0.0,reconciled,row sum ties printed line-3a total within $1,26,630000.0,https://gt990datalake-rawdata.s3.amazonaws.com/EfileData/XmlFiles/202411219349101701_public.xml,95e20bb9c3890380,phase3-2026-08-04.1
366011498,A G Cox Char TR 15128-00-2,202542199349100314,2024,990PF,2024v5.2,2024-01-01,2024-12-31,N,55,1396448.0,1396448.0,,1396448.0,0.0,reconciled,row sum ties printed line-3a total within $1,24,555000.0,https://gt990datalake-rawdata.s3.amazonaws.com/EfileData/XmlFiles/202542199349100314_public.xml,7284bf6f6791513a,phase3-2026-08-04.1
366033583,Carylon Foundation,202233129349101223,2021,990PF,2021v4.2,2021-07-01,2022-06-30,N,61,1367000.0,1367000.0,,1367000.0,0.0,reconciled,row sum ties printed line-3a total within $1,27,819000.0,https://gt990datalake-rawdata.s3.amazonaws.com/EfileData/XmlFiles/202233129349101223_public.xml,7a614924f34dd80d,phase3-2026-08-04.1
366033583,Carylon Foundation,202343189349105084,2022,990PF,2022v5.0,2022-07-01,2023-06-30,N,66,1184500.0,1184500.0,,1184500.0,0.0,reconciled,row sum ties printed line-3a total within $1,28,624000.0,https://gt990datalake-rawdata.s3.amazonaws.com/EfileData/XmlFiles/202343189349105084_public.xml,874f82038c486523,phase3-2026-08-04.1
366033583,Carylon Foundation,202501279349102840,2023,990PF,2023v6.0,2023-07-01,2024-06-30,N,67,1214500.0,1214500.0,,1214500.0,0.0,reconciled,row sum ties printed line-3a total within $1,31,706500.0,https://gt990datalake-rawdata.s3.amazonaws.com/EfileData/XmlFiles/202501279349102840_public.xml,c2a2b933384525b7,phase3-2026-08-04.1
366033583,Carylon Foundation,202512949349100331,2024,990PF,2024v5.2,2024-07-01,2025-06-30,N,69,1312000.0,1312000.0,,1312000.0,0.0,reconciled,row sum ties printed line-3a total within $1,34,692000.0,https://gt990datalake-rawdata.s3.amazonaws.com/EfileData/XmlFiles/202512949349100331_public.xml,2d907cf6e3830f2a,phase3-2026-08-04.1
366051876,Deering Foundation,202331029349100033,2021,990PF,2021v4.2,2021-12-01,2022-11-30,N,9,1005000.0,1005000.0,,1005000.0,0.0,reconciled,row sum ties printed line-3a total within $1,4,625000.0,https://gt990datalake-rawdata.s3.amazonaws.com/EfileData/XmlFiles/202331029349100033_public.xml,eee79f58e47a5793,phase3-2026-08-04.1
366051876,Deering Foundation,202440579349100114,2022,990PF,2022v5.0,2022-12-01,2023-11-30,N,9,1005000.0,1005000.0,,1005000.0,0.0,reconciled,row sum ties printed line-3a total within $1,4,625000.0,https://gt990datalake-rawdata.s3.amazonaws.com/EfileData/XmlFiles/202440579349100114_public.xml,7718a8fe848eaccf,phase3-2026-08-04.1
366051876,Deering Foundation,202510369349100121,2023,990PF,2023v6.0,2023-12-01,2024-11-30,N,9,1005000.0,1005000.0,,1005000.0,0.0,reconciled,row sum ties printed line-3a total within $1,5,630000.0,https://gt990datalake-rawdata.s3.amazonaws.com/EfileData/XmlFiles/202510369349100121_public.xml,72f95875a7105090,phase3-2026-08-04.1
366051876,Deering Foundation,202640639349100119,2024,990PF,2024v5.5,2024-12-01,2025-11-30,N,9,1005000.0,1005000.0,,1005000.0,0.0,reconciled,row sum ties printed line-3a total within $1,5,630000.0,https://gt990datalake-rawdata.s3.amazonaws.com/EfileData/XmlFiles/202640639349100119_public.xml,51948d8fc27e0850,phase3-2026-08-04.1
366051968,Knowles Foundation,202342229349100329,2021,990PF,2021v4.2,2021-10-01,2022-09-30,N,25,1305000.0,1305000.0,,1305000.0,0.0,reconciled,row sum ties printed line-3a total within $1,17,785000.0,https://gt990datalake-rawdata.s3.amazonaws.com/EfileData/XmlFiles/202342229349100329_public.xml,912c7c3bfe084963,phase3-2026-08-04.1
366051968,Knowles Foundation,202412149349100006,2022,990PF,2022v5.0,2022-10-01,2023-09-30,N,22,1132000.0,1132000.0,,1132000.0,0.0,reconciled,row sum ties printed line-3a total within $1,15,757000.0,https://gt990datalake-rawdata.s3.amazonaws.com/EfileData/XmlFiles/202412149349100006_public.xml,3f4ad53b9c21c5c9,phase3-2026-08-04.1
366051968,Knowles Foundation,202532209349101108,2023,990PF,2023v6.0,2023-10-01,2024-09-30,N,24,1452500.0,1452500.0,,1452500.0,0.0,reconciled,row sum ties printed line-3a total within $1,16,942500.0,https://gt990datalake-rawdata.s3.amazonaws.com/EfileData/XmlFiles/202532209349101108_public.xml,2ba1733c9fadb14c,phase3-2026-08-04.1
366054751,Mazza Foundation,202340629349100109,2021,990PF,2021v4.2,2021-12-01,2022-11-30,N,42,1960000.0,1960000.0,,1960000.0,0.0,reconciled,row sum ties printed line-3a total within $1,34,1810000.0,https://gt990datalake-rawdata.s3.amazonaws.com/EfileData/XmlFiles/202340629349100109_public.xml,71c9378c029902ef,phase3-2026-08-04.1
366054751,Mazza Foundation,202420759349100317,2022,990PF,2022v5.0,2022-12-01,2023-11-30,N,36,1825000.0,1825000.0,,1825000.0,0.0,reconciled,row sum ties printed line-3a total within $1,27,1675000.0,https://gt990datalake-rawdata.s3.amazonaws.com/EfileData/XmlFiles/202420759349100317_public.xml,877a343ab06b4347,phase3-2026-08-04.1
366054751,Mazza Foundation,202540769349100109,2023,990PF,2023v6.0,2023-12-01,2024-11-30,N,35,2092500.0,2092500.0,,2092500.0,0.0,reconciled,row sum ties printed line-3a total within $1,30,2002500.0,https://gt990datalake-rawdata.s3.amazonaws.com/EfileData/XmlFiles/202540769349100109_public.xml,d4e6e98099baf49e,phase3-2026-08-04.1
366054751,Mazza Foundation,202600579349100820,2024,990PF,2024v5.5,2024-12-01,2025-11-30,N,36,2187000.0,2187000.0,,2187000.0,0.0,reconciled,row sum ties printed line-3a total within $1,29,2110000.0,https://gt990datalake-rawdata.s3.amazonaws.com/EfileData/XmlFiles/202600579349100820_public.xml,cc887113ffd2cbb1,phase3-2026-08-04.1
366068723,Otho S A Sprague Memorial Institute,202211339349103891,2021,990PF,2021v4.2,2021-01-01,2021-12-31,N,14,1469608.0,1469608.0,,1469608.0,0.0,reconciled,row sum ties printed line-3a total within $1,12,1416358.0,https://gt990datalake-rawdata.s3.amazonaws.com/EfileData/XmlFiles/202211339349103891_public.xml,1ec536c356c93cd3,phase3-2026-08-04.1
366068723,Otho S A Sprague Memorial Institute,202301319349104115,2022,990PF,2022v5.0,2022-01-01,2022-12-31,N,23,1931755.0,1931755.0,,1931755.0,0.0,reconciled,row sum ties printed line-3a total within $1,19,1788505.0,https://gt990datalake-rawdata.s3.amazonaws.com/EfileData/XmlFiles/202301319349104115_public.xml,53c6d21f615218c6,phase3-2026-08-04.1
366068723,Otho S A Sprague Memorial Institute,202441979349100619,2023,990PF,2023v5.1,2023-01-01,2023-12-31,N,20,1794390.0,1794390.0,,1794390.0,0.0,reconciled,row sum ties printed line-3a total within $1,16,1613790.0,https://gt990datalake-rawdata.s3.amazonaws.com/EfileData/XmlFiles/202441979349100619_public.xml,2811fc725322e27c,phase3-2026-08-04.1
366068723,Otho S A Sprague Memorial Institute,202521269349103797,2024,990PF,2024v5.1,2024-01-01,2024-12-31,N,19,2084615.0,2084615.0,,2084615.0,0.0,reconciled,row sum ties printed line-3a total within $1,16,1915515.0,https://gt990datalake-rawdata.s3.amazonaws.com/EfileData/XmlFiles/202521269349103797_public.xml,3d10c55fef119590,phase3-2026-08-04.1
366099675,Mayer & Morris Kaplan Foundation,202213149349101626,2021,990PF,2021v4.2,2021-01-01,2021-12-31,N,132,1828072.0,1828072.0,,1828072.0,0.0,reconciled,row sum ties printed line-3a total within $1,53,891722.0,https://gt990datalake-rawdata.s3.amazonaws.com/EfileData/XmlFiles/202213149349101626_public.xml,41ef21dcd56a777e,phase3-2026-08-04.1
366099675,Mayer & Morris Kaplan Foundation,202333189349102458,2022,990PF,2022v5.0,2022-01-01,2022-12-31,N,128,2046715.0,2046715.0,,2046715.0,0.0,reconciled,row sum ties printed line-3a total within $1,48,898215.0,https://gt990datalake-rawdata.s3.amazonaws.com/EfileData/XmlFiles/202333189349102458_public.xml,7f94cf1300ae7489,phase3-2026-08-04.1
366099675,Mayer & Morris Kaplan Foundation,202413189349102606,2023,990PF,2023v5.1,2023-01-01,2023-12-31,N,131,1920500.0,1920500.0,,1920500.0,0.0,reconciled,row sum ties printed line-3a total within $1,47,739500.0,https://gt990datalake-rawdata.s3.amazonaws.com/EfileData/XmlFiles/202413189349102606_public.xml,f286e9e3feb0d37b,phase3-2026-08-04.1
366099675,Mayer & Morris Kaplan Foundation,202503169349102495,2024,990PF,2024v5.2,2024-01-01,2024-12-31,N,103,1578113.0,1578113.0,,1578113.0,0.0,reconciled,row sum ties printed line-3a total within $1,42,711913.0,https://gt990datalake-rawdata.s3.amazonaws.com/EfileData/XmlFiles/202503169349102495_public.xml,cb6271d8805f4c91,phase3-2026-08-04.1
366118219,Robert Allerton Trust Under Will Dated April 15 1964,202231159349102353,2021,990PF,2021v4.1,2021-01-01,2021-12-31,N,2,2261538.0,2261538.0,,2261538.0,0.0,reconciled,row sum ties printed line-3a total within $1,1,1507693.0,https://gt990datalake-rawdata.s3.amazonaws.com/EfileData/XmlFiles/202231159349102353_public.xml,ac3ed666ffd8b180,phase3-2026-08-04.1
366118219,Robert Allerton Trust Under Will Dated April 15 1964,202321219349102352,2022,990PF,2022v5.0,2022-01-01,2022-12-31,N,2,2503736.0,2503736.0,,2503736.0,0.0,reconciled,row sum ties printed line-3a total within $1,1,1669157.0,https://gt990datalake-rawdata.s3.amazonaws.com/EfileData/XmlFiles/202321219349102352_public.xml,d85ad183c5ca44cc,phase3-2026-08-04.1
366118219,Robert Allerton Trust Under Will Dated April 15 1964,202411139349101111,2023,990PF,2023v5.0,2023-01-01,2023-12-31,N,2,2429726.0,2429726.0,,2429726.0,0.0,reconciled,row sum ties printed line-3a total within $1,1,1619817.0,https://gt990datalake-rawdata.s3.amazonaws.com/EfileData/XmlFiles/202411139349101111_public.xml,ad2bdc9dee47db54,phase3-2026-08-04.1
366118219,Robert Allerton Trust Under Will Dated April 15 1964,202521279349102957,2024,990PF,2024v5.1,2024-01-01,2024-12-31,N,2,2399902.0,2399902.0,,2399902.0,0.0,reconciled,row sum ties printed line-3a total within $1,1,1599935.0,https://gt990datalake-rawdata.s3.amazonaws.com/EfileData/XmlFiles/202521279349102957_public.xml,99d79921dec1d599,phase3-2026-08-04.1
366118260,Baskin Family Foundation,202341669349100719,2021,990PF,2021v4.2,2021-09-01,2022-08-31,N,64,2325923.0,2325923.0,,2325923.0,0.0,reconciled,row sum ties printed line-3a total within $1,32,607361.0,https://gt990datalake-rawdata.s3.amazonaws.com/EfileData/XmlFiles/202341669349100719_public.xml,0db3cf2b3a2d2a64,phase3-2026-08-04.1
366118260,Baskin Family Foundation,202431909349100633,2022,990PF,2022v5.0,2022-09-01,2023-08-31,N,68,2422660.0,2422660.0,,2422660.0,0.0,reconciled,row sum ties printed line-3a total within $1,33,508822.0,https://gt990datalake-rawdata.s3.amazonaws.com/EfileData/XmlFiles/202431909349100633_public.xml,135677e5201c652f,phase3-2026-08-04.1
366118260,Baskin Family Foundation,202501779349100700,2023,990PF,2023v6.0,2023-09-01,2024-08-31,N,81,2699907.0,2699907.0,,2699907.0,0.0,reconciled,row sum ties printed line-3a total within $1,35,665288.0,https://gt990datalake-rawdata.s3.amazonaws.com/EfileData/XmlFiles/202501779349100700_public.xml,eb361d9c466ec510,phase3-2026-08-04.1
366999365,The Elizabeth Morse Charitable Trust 2620341200,202243139349102474,2021,990PF,2021v4.1,2021-01-01,2021-12-31,N,46,2079316.0,2079316.0,,2079316.0,0.0,reconciled,row sum ties printed line-3a total within $1,41,1922167.0,https://gt990datalake-rawdata.s3.amazonaws.com/EfileData/XmlFiles/202243139349102474_public.xml,50b69f7757064b95,phase3-2026-08-04.1
366999365,The Elizabeth Morse Charitable Trust 2620341200,202333129349100413,2022,990PF,2022v5.0,2022-01-01,2022-12-31,N,47,2544383.0,2544383.0,,2544383.0,0.0,reconciled,row sum ties printed line-3a total within $1,38,2320633.0,https://gt990datalake-rawdata.s3.amazonaws.com/EfileData/XmlFiles/202333129349100413_public.xml,28b6330c9713a9c3,phase3-2026-08-04.1
366999365,The Elizabeth Morse Charitable Trust 2620341200,202443179349102809,2023,990PF,2023v5.1,2023-01-01,2023-12-31,N,54,2234666.0,2234666.0,,2234666.0,0.0,reconciled,row sum ties printed line-3a total within $1,48,2050666.0,https://gt990datalake-rawdata.s3.amazonaws.com/EfileData/XmlFiles/202443179349102809_public.xml,ce2631cb34217281,phase3-2026-08-04.1
366999365,The Elizabeth Morse Charitable Trust 2620341200,202523099349100422,2024,990PF,2024v5.2,2024-01-01,2024-12-31,N,50,2247816.0,2247816.0,,2247816.0,0.0,reconciled,row sum ties printed line-3a total within $1,40,1979916.0,https://gt990datalake-rawdata.s3.amazonaws.com/EfileData/XmlFiles/202523099349100422_public.xml,681f2cc1b3f312a4,phase3-2026-08-04.1
367090069,Harold M and Adeline S Morrison Family Foundation,202243139349100124,2021,990PF,2021v4.2,2021-01-01,2021-12-31,N,72,1124533.0,1124533.0,,1124533.0,0.0,reconciled,row sum ties printed line-3a total within $1,19,431200.0,https://gt990datalake-rawdata.s3.amazonaws.com/EfileData/XmlFiles/202243139349100124_public.xml,da7f42a524fa2dd5,phase3-2026-08-04.1
367090069,Harold M and Adeline S Morrison Family Foundation,202323179349101632,2022,990PF,2022v5.0,2022-01-01,2022-12-31,N,51,1453166.0,1453166.0,,1453166.0,0.0,reconciled,row sum ties printed line-3a total within $1,15,456333.0,https://gt990datalake-rawdata.s3.amazonaws.com/EfileData/XmlFiles/202323179349101632_public.xml,cefe6310fc594bb4,phase3-2026-08-04.1
367090069,Harold M and Adeline S Morrison Family Foundation,202433199349105233,2023,990PF,2023v5.1,2023-01-01,2023-12-31,N,61,1299584.0,1299584.0,,1299584.0,0.0,reconciled,row sum ties printed line-3a total within $1,15,505084.0,https://gt990datalake-rawdata.s3.amazonaws.com/EfileData/XmlFiles/202433199349105233_public.xml,779f9353061eb5df,phase3-2026-08-04.1
367090069,Harold M and Adeline S Morrison Family Foundation,202533179349101548,2024,990PF,2024v5.2,2024-01-01,2024-12-31,N,87,1196000.0,1196000.0,,1196000.0,0.0,reconciled,row sum ties printed line-3a total within $1,16,136500.0,https://gt990datalake-rawdata.s3.amazonaws.com/EfileData/XmlFiles/202533179349101548_public.xml,4e60895fce51098e,phase3-2026-08-04.1
367195126,Barney Family Foundation,202203139349101385,2021,990PF,2021v4.2,2021-01-01,2021-12-31,N,31,1629000.0,1629000.0,,1629000.0,0.0,reconciled,row sum ties printed line-3a total within $1,5,120000.0,https://gt990datalake-rawdata.s3.amazonaws.com/EfileData/XmlFiles/202203139349101385_public.xml,76a6ef88a1272394,phase3-2026-08-04.1
367195126,Barney Family Foundation,202312649349100701,2022,990PF,2022v5.0,2022-01-01,2022-12-31,N,30,1604000.0,1604000.0,,1604000.0,0.0,reconciled,row sum ties printed line-3a total within $1,4,100000.0,https://gt990datalake-rawdata.s3.amazonaws.com/EfileData/XmlFiles/202312649349100701_public.xml,4c6cdc06832197b4,phase3-2026-08-04.1
367195126,Barney Family Foundation,202422719349100212,2023,990PF,2023v5.1,2023-01-01,2023-12-31,N,34,1796000.0,1796000.0,,1796000.0,0.0,reconciled,row sum ties printed line-3a total within $1,5,180000.0,https://gt990datalake-rawdata.s3.amazonaws.com/EfileData/XmlFiles/202422719349100212_public.xml,fae269dd4f64ac51,phase3-2026-08-04.1
367195126,Barney Family Foundation,202512339349100421,2024,990PF,2024v5.2,2024-01-01,2024-12-31,N,34,1695000.0,1695000.0,,1695000.0,0.0,reconciled,row sum ties printed line-3a total within $1,5,180000.0,https://gt990datalake-rawdata.s3.amazonaws.com/EfileData/XmlFiles/202512339349100421_public.xml,3310d5cd0d18cc14,phase3-2026-08-04.1
367252117,Philip M Friedmann Fam Char TR 110998,202243189349104824,2021,990PF,2021v4.2,2021-01-01,2021-12-31,N,1,1455893.0,1455893.0,,1455893.0,0.0,known_attachment_gap,grant schedule is a single attachment aggregate; itemization not public,0,0.0,https://gt990datalake-rawdata.s3.amazonaws.com/EfileData/XmlFiles/202243189349104824_public.xml,f392f484c5b3173b,phase3-2026-08-04.1
367252117,Philip M Friedmann Fam Char TR 110998,202323139349101997,2022,990PF,2022v5.0,2022-01-01,2022-12-31,N,2,1663752.0,1663752.0,,1663752.0,0.0,reconciled,row sum ties printed line-3a total within $1,0,0.0,https://gt990datalake-rawdata.s3.amazonaws.com/EfileData/XmlFiles/202323139349101997_public.xml,0ebff3081ca07af6,phase3-2026-08-04.1
367252117,Philip M Friedmann Fam Char TR 110998,202423169349101487,2023,990PF,2023v5.1,2023-01-01,2023-12-31,N,2,1474153.0,1474153.0,,1474153.0,0.0,reconciled,row sum ties printed line-3a total within $1,0,0.0,https://gt990datalake-rawdata.s3.amazonaws.com/EfileData/XmlFiles/202423169349101487_public.xml,31fdadb130305bbb,phase3-2026-08-04.1
367252117,Philip M Friedmann Fam Char TR 110998,202533149349103173,2024,990PF,2024v5.2,2024-01-01,2024-12-31,N,2,1517922.0,1517922.0,,1517922.0,0.0,reconciled,row sum ties printed line-3a total within $1,0,0.0,https://gt990datalake-rawdata.s3.amazonaws.com/EfileData/XmlFiles/202533149349103173_public.xml,c10aa9a95f105732,phase3-2026-08-04.1
367291505,Kensington Square Foundation Dtd 11091999,202201369349104290,2021,990PF,2021v4.2,2021-01-01,2021-12-31,N,14,1885000.0,1885000.0,,1885000.0,0.0,reconciled,row sum ties printed line-3a total within $1,9,1075000.0,https://gt990datalake-rawdata.s3.amazonaws.com/EfileData/XmlFiles/202201369349104290_public.xml,785ccee0a75ea1d6,phase3-2026-08-04.1
367291505,Kensington Square Foundation Dtd 11091999,202311319349101946,2022,990PF,2022v5.0,2022-01-01,2022-12-31,N,27,2432000.0,2432000.0,,2432000.0,0.0,reconciled,row sum ties printed line-3a total within $1,19,1902000.0,https://gt990datalake-rawdata.s3.amazonaws.com/EfileData/XmlFiles/202311319349101946_public.xml,5c6d7b397eaa4132,phase3-2026-08-04.1
367291505,Kensington Square Foundation Dtd 11091999,202411249349101221,2023,990PF,2023v5.0,2023-01-01,2023-12-31,N,39,1729500.0,1729500.0,,1729500.0,0.0,reconciled,row sum ties printed line-3a total within $1,25,1139500.0,https://gt990datalake-rawdata.s3.amazonaws.com/EfileData/XmlFiles/202411249349101221_public.xml,6f23673cac84af85,phase3-2026-08-04.1
367291505,Kensington Square Foundation Dtd 11091999,202521329349101947,2024,990PF,2024v5.1,2024-01-01,2024-12-31,N,28,1347000.0,1347000.0,,1347000.0,0.0,reconciled,row sum ties printed line-3a total within $1,18,1027000.0,https://gt990datalake-rawdata.s3.amazonaws.com/EfileData/XmlFiles/202521329349101947_public.xml,bcdc919ec8d016ed,phase3-2026-08-04.1
367746307,George F Moss Foundation,202313079349100126,2022,990PF,2022v5.0,2022-01-01,2022-12-31,N,11,498000.0,498000.0,,498000.0,0.0,reconciled,row sum ties printed line-3a total within $1,0,0.0,https://gt990datalake-rawdata.s3.amazonaws.com/EfileData/XmlFiles/202313079349100126_public.xml,fe8a5fe05f1540f4,phase3-2026-08-04.1
367746307,George F Moss Foundation,202411139349101711,2023,990PF,2023v5.0,2023-01-01,2023-12-31,N,12,1278000.0,1278000.0,,1278000.0,0.0,reconciled,row sum ties printed line-3a total within $1,0,0.0,https://gt990datalake-rawdata.s3.amazonaws.com/EfileData/XmlFiles/202411139349101711_public.xml,cb41ebf7670a18a5,phase3-2026-08-04.1
367746307,George F Moss Foundation,202511279349101521,2024,990PF,2024v5.1,2024-01-01,2024-12-31,N,10,202500.0,202500.0,,202500.0,0.0,reconciled,row sum ties printed line-3a total within $1,0,0.0,https://gt990datalake-rawdata.s3.amazonaws.com/EfileData/XmlFiles/202511279349101521_public.xml,157b91a191165c13,phase3-2026-08-04.1
386725549,Lincoln M Knorr Residuary Trust 4411206000,202243089349100544,2021,990PF,2021v4.1,2021-01-01,2021-12-31,N,1,1339539.0,1339539.0,,1339539.0,0.0,reconciled,row sum ties printed line-3a total within $1,0,0.0,https://gt990datalake-rawdata.s3.amazonaws.com/EfileData/XmlFiles/202243089349100544_public.xml,b5a7ea8ef286f61f,phase3-2026-08-04.1
386725549,Lincoln M Knorr Residuary Trust 4411206000,202343079349100024,2022,990PF,2022v5.0,2022-01-01,2022-12-31,N,1,1469770.0,1469770.0,,1469770.0,0.0,reconciled,row sum ties printed line-3a total within $1,0,0.0,https://gt990datalake-rawdata.s3.amazonaws.com/EfileData/XmlFiles/202343079349100024_public.xml,2836dc78a50d51fa,phase3-2026-08-04.1
386725549,Lincoln M Knorr Residuary Trust 4411206000,202443119349100924,2023,990PF,2023v5.1,2023-01-01,2023-12-31,N,1,1600000.0,1600000.0,,1600000.0,0.0,reconciled,row sum ties printed line-3a total within $1,0,0.0,https://gt990datalake-rawdata.s3.amazonaws.com/EfileData/XmlFiles/202443119349100924_public.xml,a146ee634798ac78,phase3-2026-08-04.1
386725549,Lincoln M Knorr Residuary Trust 4411206000,202531279349102713,2024,990PF,2024v5.1,2024-01-01,2024-12-31,N,1,1600000.0,1600000.0,,1600000.0,0.0,reconciled,row sum ties printed line-3a total within $1,0,0.0,https://gt990datalake-rawdata.s3.amazonaws.com/EfileData/XmlFiles/202531279349102713_public.xml,c201c82cf08ac8d4,phase3-2026-08-04.1
391560019,Souder Family Foundation INC,202213189349106141,2021,990PF,2021v4.1,2021-01-01,2021-12-31,N,1,1597500.0,1597500.0,,1597500.0,0.0,known_attachment_gap,grant schedule is a single attachment aggregate; itemization not public,0,0.0,https://gt990datalake-rawdata.s3.amazonaws.com/EfileData/XmlFiles/202213189349106141_public.xml,cfc84fd4304a2d7a,phase3-2026-08-04.1
391560019,Souder Family Foundation INC,202333189349106113,2022,990PF,2022v5.0,2022-01-01,2022-12-31,N,1,1209000.0,1209000.0,,1209000.0,0.0,known_attachment_gap,grant schedule is a single attachment aggregate; itemization not public,0,0.0,https://gt990datalake-rawdata.s3.amazonaws.com/EfileData/XmlFiles/202333189349106113_public.xml,64a4d7aef639123a,phase3-2026-08-04.1
391560019,Souder Family Foundation INC,202413189349102581,2023,990PF,2023v5.1,2023-01-01,2023-12-31,N,1,1185500.0,1185500.0,,1185500.0,0.0,known_attachment_gap,grant schedule is a single attachment aggregate; itemization not public,0,0.0,https://gt990datalake-rawdata.s3.amazonaws.com/EfileData/XmlFiles/202413189349102581_public.xml,12c634e8ec8d8833,phase3-2026-08-04.1
391560019,Souder Family Foundation INC,202543169349102944,2024,990PF,2024v5.2,2024-01-01,2024-12-31,N,29,1511000.0,1511000.0,,1511000.0,0.0,reconciled,row sum ties printed line-3a total within $1,2,175000.0,https://gt990datalake-rawdata.s3.amazonaws.com/EfileData/XmlFiles/202543169349102944_public.xml,e7d271e4f99b83c4,phase3-2026-08-04.1
411885356,Haag Family Foundation,202231389349100318,2021,990PF,2021v4.0,2021-01-01,2021-12-31,N,43,1247967.0,1247967.0,,1247967.0,0.0,reconciled,row sum ties printed line-3a total within $1,2,100000.0,https://gt990datalake-rawdata.s3.amazonaws.com/EfileData/XmlFiles/202231389349100318_public.xml,8bf0609660321560,phase3-2026-08-04.1
411885356,Haag Family Foundation,202342199349100079,2022,990PF,2022v5.0,2022-01-01,2022-12-31,N,52,1492922.0,1492922.0,,1492922.0,0.0,reconciled,row sum ties printed line-3a total within $1,5,182000.0,https://gt990datalake-rawdata.s3.amazonaws.com/EfileData/XmlFiles/202342199349100079_public.xml,a878f8450bfac437,phase3-2026-08-04.1
411885356,Haag Family Foundation,202402989349100010,2023,990PF,2023v5.0,2023-01-01,2023-12-31,N,46,1363539.0,1363539.0,,1363539.0,0.0,reconciled,row sum ties printed line-3a total within $1,4,137000.0,https://gt990datalake-rawdata.s3.amazonaws.com/EfileData/XmlFiles/202402989349100010_public.xml,82b9995df7c046dd,phase3-2026-08-04.1
411885356,Haag Family Foundation,202521759349100307,2024,990PF,2024v5.0,2024-01-01,2024-12-31,N,61,1558922.0,1558922.0,,1558922.0,0.0,reconciled,row sum ties printed line-3a total within $1,5,152500.0,https://gt990datalake-rawdata.s3.amazonaws.com/EfileData/XmlFiles/202521759349100307_public.xml,64079890521b6678,phase3-2026-08-04.1
416519559,Martha Sue Parr TR,202232209349100903,2021,990PF,2021v4.1,2021-04-01,2022-03-31,N,20,1242000.0,1242000.0,,1242000.0,0.0,reconciled,row sum ties printed line-3a total within $1,0,0.0,https://gt990datalake-rawdata.s3.amazonaws.com/EfileData/XmlFiles/202232209349100903_public.xml,fc75a0e338859dd0,phase3-2026-08-04.1
416519559,Martha Sue Parr TR,202302199349100600,2022,990PF,2022v5.0,2022-04-01,2023-03-31,N,19,1410000.0,1410000.0,,1410000.0,0.0,reconciled,row sum ties printed line-3a total within $1,0,0.0,https://gt990datalake-rawdata.s3.amazonaws.com/EfileData/XmlFiles/202302199349100600_public.xml,1ac6778c353d9779,phase3-2026-08-04.1
416519559,Martha Sue Parr TR,202401909349100850,2023,990PF,2023v5.1,2023-04-01,2024-03-31,N,18,1231500.0,1231500.0,,1231500.0,0.0,reconciled,row sum ties printed line-3a total within $1,0,0.0,https://gt990datalake-rawdata.s3.amazonaws.com/EfileData/XmlFiles/202401909349100850_public.xml,1e072c30ee7e2bc6,phase3-2026-08-04.1
416519559,Martha Sue Parr TR,202511909349100826,2024,990PF,2024v5.1,2024-04-01,2025-03-31,N,20,1271000.0,1271000.0,,1271000.0,0.0,reconciled,row sum ties printed line-3a total within $1,0,0.0,https://gt990datalake-rawdata.s3.amazonaws.com/EfileData/XmlFiles/202511909349100826_public.xml,78a6e485e7b1561c,phase3-2026-08-04.1
421493980,JNT Foundation,202331509349100203,2021,990PF,2021v4.2,2021-09-01,2022-08-31,N,1,1380000.0,1380000.0,,1380000.0,0.0,reconciled,row sum ties printed line-3a total within $1,0,0.0,https://gt990datalake-rawdata.s3.amazonaws.com/EfileData/XmlFiles/202331509349100203_public.xml,3cd99acc21676969,phase3-2026-08-04.1
421493980,JNT Foundation,202411979349100616,2022,990PF,2022v5.0,2022-09-01,2023-08-31,N,1,1712500.0,1712500.0,,1712500.0,0.0,reconciled,row sum ties printed line-3a total within $1,0,0.0,https://gt990datalake-rawdata.s3.amazonaws.com/EfileData/XmlFiles/202411979349100616_public.xml,46fcd719ad0bb3ad,phase3-2026-08-04.1
421493980,JNT Foundation,202541969349100834,2023,990PF,2023v6.0,2023-09-01,2024-08-31,N,1,1497500.0,1497500.0,,1497500.0,0.0,reconciled,row sum ties printed line-3a total within $1,0,0.0,https://gt990datalake-rawdata.s3.amazonaws.com/EfileData/XmlFiles/202541969349100834_public.xml,68b2b8da32c5f3d8,phase3-2026-08-04.1
421493980,JNT Foundation,202600139349100220,2024,990PF,2024v5.2,2024-09-01,2025-08-31,N,1,1455000.0,1455000.0,,1455000.0,0.0,reconciled,row sum ties printed line-3a total within $1,0,0.0,https://gt990datalake-rawdata.s3.amazonaws.com/EfileData/XmlFiles/202600139349100220_public.xml,6d99f725c7013284,phase3-2026-08-04.1
432057377,Ann B and Thomas L Friedman Family Foundation LTD,202333199349109643,2021,990PF,2021v4.2,2021-01-01,2021-12-31,N,26,2053000.0,2053000.0,,2053000.0,0.0,reconciled,row sum ties printed line-3a total within $1,0,0.0,https://gt990datalake-rawdata.s3.amazonaws.com/EfileData/XmlFiles/202333199349109643_public.xml,6f2f538cddebdc94,phase3-2026-08-04.1
432057377,Ann B and Thomas L Friedman Family Foundation LTD,202323199349110077,2022,990PF,2022v5.0,2022-01-01,2022-12-31,N,42,37150560.0,37150560.0,,37150560.0,0.0,reconciled,row sum ties printed line-3a total within $1,0,0.0,https://gt990datalake-rawdata.s3.amazonaws.com/EfileData/XmlFiles/202323199349110077_public.xml,267dc5e6d499755c,phase3-2026-08-04.1
432057377,Ann B and Thomas L Friedman Family Foundation LTD,202401649349100805,2023,990PF,2023v5.0,2023-01-01,2023-12-31,N,42,1334600.0,1334600.0,,1334600.0,0.0,reconciled,row sum ties printed line-3a total within $1,0,0.0,https://gt990datalake-rawdata.s3.amazonaws.com/EfileData/XmlFiles/202401649349100805_public.xml,fcaaf9e5ad13a78d,phase3-2026-08-04.1
432057377,Ann B and Thomas L Friedman Family Foundation LTD,202521349349103747,2024,990PF,2024v5.1,2024-01-01,2024-12-31,N,51,1906500.0,1906500.0,,1906500.0,0.0,reconciled,row sum ties printed line-3a total within $1,1,10000.0,https://gt990datalake-rawdata.s3.amazonaws.com/EfileData/XmlFiles/202521349349103747_public.xml,0945f87d45faeef0,phase3-2026-08-04.1
436316003,Emerson Directors & Officers Charitable TR,202213189349103116,2021,990PF,2021v4.1,2021-01-01,2021-12-31,N,1,1488692.0,1488692.0,,1488692.0,0.0,known_attachment_gap,grant schedule is a single attachment aggregate; itemization not public,0,0.0,https://gt990datalake-rawdata.s3.amazonaws.com/EfileData/XmlFiles/202213189349103116_public.xml,4a2ced6d6b6ba768,phase3-2026-08-04.1
436316003,Emerson Directors & Officers Charitable TR,202313179349103056,2022,990PF,2022v5.0,2022-01-01,2022-12-31,N,1,622044.0,622044.0,,622044.0,0.0,known_attachment_gap,grant schedule is a single attachment aggregate; itemization not public,0,0.0,https://gt990datalake-rawdata.s3.amazonaws.com/EfileData/XmlFiles/202313179349103056_public.xml,a3ca859b2e1579ab,phase3-2026-08-04.1
436316003,Emerson Directors & Officers Charitable TR,202403059349101145,2023,990PF,2023v5.1,2023-01-01,2023-12-31,N,1,1049010.0,1049010.0,,1049010.0,0.0,known_attachment_gap,grant schedule is a single attachment aggregate; itemization not public,0,0.0,https://gt990datalake-rawdata.s3.amazonaws.com/EfileData/XmlFiles/202403059349101145_public.xml,ae092821c5989c8d,phase3-2026-08-04.1
436316003,Emerson Directors & Officers Charitable TR,202521219349100907,2024,990PF,2024v5.1,2024-01-01,2024-12-31,N,1,749338.0,749338.0,,749338.0,0.0,known_attachment_gap,grant schedule is a single attachment aggregate; itemization not public,0,0.0,https://gt990datalake-rawdata.s3.amazonaws.com/EfileData/XmlFiles/202521219349100907_public.xml,828359c370e412ce,phase3-2026-08-04.1
436351190,Mathews Foundation,202221329349103422,2021,990PF,2021v4.1,2021-01-01,2021-12-31,N,1,200000.0,200000.0,,200000.0,0.0,reconciled,row sum ties printed line-3a total within $1,0,0.0,https://gt990datalake-rawdata.s3.amazonaws.com/EfileData/XmlFiles/202221329349103422_public.xml,be0b0a2390d4006e,phase3-2026-08-04.1
436351190,Mathews Foundation,202332199349100028,2022,990PF,2022v5.0,2022-01-01,2022-12-31,N,1,188442.0,188442.0,,188442.0,0.0,reconciled,row sum ties printed line-3a total within $1,0,0.0,https://gt990datalake-rawdata.s3.amazonaws.com/EfileData/XmlFiles/202332199349100028_public.xml,2a56219102133d4f,phase3-2026-08-04.1
436351190,Mathews Foundation,202421559349100827,2023,990PF,2023v5.0,2023-01-01,2023-12-31,N,2,2100000.0,2100000.0,,2100000.0,0.0,reconciled,row sum ties printed line-3a total within $1,0,0.0,https://gt990datalake-rawdata.s3.amazonaws.com/EfileData/XmlFiles/202421559349100827_public.xml,83452a12e599709e,phase3-2026-08-04.1
436351190,Mathews Foundation,202501269349102965,2024,990PF,2024v5.1,2024-01-01,2024-12-31,N,1,120000.0,120000.0,,120000.0,0.0,reconciled,row sum ties printed line-3a total within $1,0,0.0,https://gt990datalake-rawdata.s3.amazonaws.com/EfileData/XmlFiles/202501269349102965_public.xml,757625314dfb26c0,phase3-2026-08-04.1
461384089,Walter Family Foundation,202233199349103673,2021,990PF,2021v4.2,2021-01-01,2021-12-31,N,17,2844000.0,2844000.0,,2844000.0,0.0,reconciled,row sum ties printed line-3a total within $1,9,2532500.0,https://gt990datalake-rawdata.s3.amazonaws.com/EfileData/XmlFiles/202233199349103673_public.xml,dd6074719859067f,phase3-2026-08-04.1
461384089,Walter Family Foundation,202343199349109709,2022,990PF,2022v5.0,2022-01-01,2022-12-31,N,24,7122600.0,7122600.0,,7122600.0,0.0,reconciled,row sum ties printed line-3a total within $1,14,6722000.0,https://gt990datalake-rawdata.s3.amazonaws.com/EfileData/XmlFiles/202343199349109709_public.xml,38cd292c87a0942b,phase3-2026-08-04.1
461384089,Walter Family Foundation,202413209349106346,2023,990PF,2023v5.1,2023-01-01,2023-12-31,N,22,2066500.0,2066500.0,,2066500.0,0.0,reconciled,row sum ties printed line-3a total within $1,9,1744500.0,https://gt990datalake-rawdata.s3.amazonaws.com/EfileData/XmlFiles/202413209349106346_public.xml,e6352a06142f74c1,phase3-2026-08-04.1
461384089,Walter Family Foundation,202543189349103569,2024,990PF,2024v5.2,2024-01-01,2024-12-31,N,31,2755200.0,2755200.0,,2755200.0,0.0,reconciled,row sum ties printed line-3a total within $1,11,2465700.0,https://gt990datalake-rawdata.s3.amazonaws.com/EfileData/XmlFiles/202543189349103569_public.xml,c7ba035949162b75,phase3-2026-08-04.1
461528640,Perry Family Charitable Foundation,202231799349100528,2021,990PF,2021v4.2,2021-01-01,2021-12-31,N,37,2942759.0,2942759.0,,2942759.0,0.0,reconciled,row sum ties printed line-3a total within $1,18,1878250.0,https://gt990datalake-rawdata.s3.amazonaws.com/EfileData/XmlFiles/202231799349100528_public.xml,cc2fc8f8ff4c3d16,phase3-2026-08-04.1
461528640,Perry Family Charitable Foundation,202301359349103925,2022,990PF,2022v5.0,2022-01-01,2022-12-31,N,38,3377130.0,3377130.0,,3377130.0,0.0,reconciled,row sum ties printed line-3a total within $1,18,1338280.0,https://gt990datalake-rawdata.s3.amazonaws.com/EfileData/XmlFiles/202301359349103925_public.xml,dc18ef14fefd75db,phase3-2026-08-04.1
461528640,Perry Family Charitable Foundation,202422889349100527,2023,990PF,2023v5.1,2023-01-01,2023-12-31,N,31,1097000.0,1097000.0,,1097000.0,0.0,reconciled,row sum ties printed line-3a total within $1,14,555500.0,https://gt990datalake-rawdata.s3.amazonaws.com/EfileData/XmlFiles/202422889349100527_public.xml,9892ce53d4b15ebe,phase3-2026-08-04.1
461528640,Perry Family Charitable Foundation,202501329349101255,2024,990PF,2024v5.1,2024-01-01,2024-12-31,N,36,3107000.0,3107000.0,,3107000.0,0.0,reconciled,row sum ties printed line-3a total within $1,15,2049500.0,https://gt990datalake-rawdata.s3.amazonaws.com/EfileData/XmlFiles/202501329349101255_public.xml,8c29930e8eb27da2,phase3-2026-08-04.1
461615023,Minerd Foundation,202223199349109727,2021,990PF,2021v4.2,2021-01-01,2021-12-31,N,9,2812000.0,2812000.0,,2812000.0,0.0,reconciled,row sum ties printed line-3a total within $1,0,0.0,https://gt990datalake-rawdata.s3.amazonaws.com/EfileData/XmlFiles/202223199349109727_public.xml,15b9dba456504142,phase3-2026-08-04.1
461615023,Minerd Foundation,202403189349101040,2023,990PF,2023v5.1,2023-01-01,2023-12-31,N,5,2315000.0,2315000.0,,2315000.0,0.0,reconciled,row sum ties printed line-3a total within $1,0,0.0,https://gt990datalake-rawdata.s3.amazonaws.com/EfileData/XmlFiles/202403189349101040_public.xml,f9b3209492b90529,phase3-2026-08-04.1
461615023,Minerd Foundation,202513219349105956,2024,990PF,2024v5.2,2024-01-01,2024-12-31,N,18,2475500.0,2475500.0,,2475500.0,0.0,reconciled,row sum ties printed line-3a total within $1,1,30000.0,https://gt990datalake-rawdata.s3.amazonaws.com/EfileData/XmlFiles/202513219349105956_public.xml,d0883ed90c575d95,phase3-2026-08-04.1
462918450,Hyatt Hotels Foundation,202221339349104462,2021,990PF,2021v4.2,2021-01-01,2021-12-31,N,21,1008409.0,1008409.0,,1008409.0,0.0,reconciled,"row sum ties printed line-3a total within $1 | review pass held 1 row(s) ($411,500) back from publication",8,135000.0,https://gt990datalake-rawdata.s3.amazonaws.com/EfileData/XmlFiles/202221339349104462_public.xml,e036b12770f9c2dc,phase3-2026-08-04.1
462918450,Hyatt Hotels Foundation,202341309349103989,2022,990PF,2022v5.0,2022-01-01,2022-12-31,N,29,893030.0,893030.0,,893030.0,0.0,reconciled,"row sum ties printed line-3a total within $1 | review pass held 1 row(s) ($1,000) back from publication",7,212999.0,https://gt990datalake-rawdata.s3.amazonaws.com/EfileData/XmlFiles/202341309349103989_public.xml,f11a0db327e76a6d,phase3-2026-08-04.1
462918450,Hyatt Hotels Foundation,202421369349102982,2023,990PF,2023v5.0,2023-01-01,2023-12-31,N,24,1108348.0,1108348.0,,1108348.0,0.0,reconciled,row sum ties printed line-3a total within $1,7,278332.0,https://gt990datalake-rawdata.s3.amazonaws.com/EfileData/XmlFiles/202421369349102982_public.xml,485b54fbccccc2d3,phase3-2026-08-04.1
462918450,Hyatt Hotels Foundation,202531219349100203,2024,990PF,2024v5.1,2024-01-01,2024-12-31,N,13,813299.0,813299.0,,813299.0,0.0,reconciled,row sum ties printed line-3a total within $1,5,393332.0,https://gt990datalake-rawdata.s3.amazonaws.com/EfileData/XmlFiles/202531219349100203_public.xml,871267d253694a4e,phase3-2026-08-04.1
463460720,Lakonishok Foundation,202233189349102983,2021,990PF,2021v4.2,2021-01-01,2021-12-31,N,20,1228000.0,1228000.0,,1228000.0,0.0,reconciled,row sum ties printed line-3a total within $1,8,1047000.0,https://gt990datalake-rawdata.s3.amazonaws.com/EfileData/XmlFiles/202233189349102983_public.xml,ed3bcf53b8e0da87,phase3-2026-08-04.1
463460720,Lakonishok Foundation,202303129349100835,2022,990PF,2022v5.0,2022-01-01,2022-12-31,N,20,1441000.0,1441000.0,,1441000.0,0.0,reconciled,row sum ties printed line-3a total within $1,8,1052500.0,https://gt990datalake-rawdata.s3.amazonaws.com/EfileData/XmlFiles/202303129349100835_public.xml,4320c85156b7b3f6,phase3-2026-08-04.1
463460720,Lakonishok Foundation,202443179349100944,2023,990PF,2023v5.1,2023-01-01,2023-12-31,N,19,1754897.0,1754897.0,,1754897.0,0.0,reconciled,"row sum ties printed line-3a total within $1 | review pass held 1 row(s) ($3,000) back from publication",9,1422897.0,https://gt990datalake-rawdata.s3.amazonaws.com/EfileData/XmlFiles/202443179349100944_public.xml,13ebf8b6b3a624bc,phase3-2026-08-04.1
463460720,Lakonishok Foundation,202523219349102062,2024,990PF,2024v5.2,2024-01-01,2024-12-31,N,17,2185163.0,2185163.0,,2185163.0,0.0,reconciled,row sum ties printed line-3a total within $1,8,1714163.0,https://gt990datalake-rawdata.s3.amazonaws.com/EfileData/XmlFiles/202523219349102062_public.xml,bca36d799ca8036d,phase3-2026-08-04.1
463851243,Cleveland Avenue Foundation for Education,202213149349102951,2021,990PF,2021v4.1,2021-01-01,2021-12-31,N,15,6505650.0,6505650.0,,252500.0,0.0,reconciled,row sum ties printed line-3a total within $1,12,6460650.0,https://gt990datalake-rawdata.s3.amazonaws.com/EfileData/XmlFiles/202213149349102951_public.xml,b983fe1d7cd8e1de,phase3-2026-08-04.1
463851243,Cleveland Avenue Foundation for Education,202331389349100823,2022,990PF,2022v5.0,2022-01-01,2022-12-31,N,15,262500.0,262500.0,,262500.0,0.0,reconciled,row sum ties printed line-3a total within $1,11,207500.0,https://gt990datalake-rawdata.s3.amazonaws.com/EfileData/XmlFiles/202331389349100823_public.xml,18f1eb0ce07a71af,phase3-2026-08-04.1
463851243,Cleveland Avenue Foundation for Education,202421359349103587,2023,990PF,2023v5.0,2023-01-01,2023-12-31,N,9,2720959.0,2720959.0,,2720959.0,0.0,reconciled,row sum ties printed line-3a total within $1,7,2700959.0,https://gt990datalake-rawdata.s3.amazonaws.com/EfileData/XmlFiles/202421359349103587_public.xml,4441366a0569842e,phase3-2026-08-04.1
463851243,Cleveland Avenue Foundation for Education,202521339349104557,2024,990PF,2024v5.1,2024-01-01,2024-12-31,N,7,165000.0,165000.0,,165000.0,0.0,reconciled,row sum ties printed line-3a total within $1,6,140000.0,https://gt990datalake-rawdata.s3.amazonaws.com/EfileData/XmlFiles/202521339349104557_public.xml,8be2ed49edda63f0,phase3-2026-08-04.1
467048885,Robert and Jean Reid Family Foundation,202201249349100810,2021,990PF,2021v4.1,2021-01-01,2021-12-31,N,9,2420000.0,2420000.0,,2420000.0,0.0,reconciled,row sum ties printed line-3a total within $1,0,0.0,https://gt990datalake-rawdata.s3.amazonaws.com/EfileData/XmlFiles/202201249349100810_public.xml,c927a0a2fb807f90,phase3-2026-08-04.1
467048885,Robert and Jean Reid Family Foundation,202311159349100426,2022,990PF,2022v5.0,2022-01-01,2022-12-31,N,9,2600000.0,2600000.0,,2600000.0,0.0,reconciled,row sum ties printed line-3a total within $1,0,0.0,https://gt990datalake-rawdata.s3.amazonaws.com/EfileData/XmlFiles/202311159349100426_public.xml,386f0e52aea4b4be,phase3-2026-08-04.1
467048885,Robert and Jean Reid Family Foundation,202421149349100717,2023,990PF,2023v5.0,2023-01-01,2023-12-31,N,8,2700000.0,2700000.0,,2700000.0,0.0,reconciled,row sum ties printed line-3a total within $1,0,0.0,https://gt990datalake-rawdata.s3.amazonaws.com/EfileData/XmlFiles/202421149349100717_public.xml,744e564c51908c16,phase3-2026-08-04.1
467048885,Robert and Jean Reid Family Foundation,202531219349101453,2024,990PF,2024v5.1,2024-01-01,2024-12-31,N,8,2700000.0,2700000.0,,2700000.0,0.0,reconciled,row sum ties printed line-3a total within $1,0,0.0,https://gt990datalake-rawdata.s3.amazonaws.com/EfileData/XmlFiles/202531219349101453_public.xml,c4f9006d373b800d,phase3-2026-08-04.1
471330583,The Clayco Foundation,202243189349103544,2021,990PF,2021v4.2,2021-01-01,2021-12-31,N,20,2423600.0,2423600.0,,2423600.0,0.0,reconciled,row sum ties printed line-3a total within $1,4,290000.0,https://gt990datalake-rawdata.s3.amazonaws.com/EfileData/XmlFiles/202243189349103544_public.xml,cf72534c07e9b1cc,phase3-2026-08-04.1
471330583,The Clayco Foundation,202333199349107603,2022,990PF,2022v5.0,2022-01-01,2022-12-31,N,16,2433600.0,2433600.0,,2433600.0,0.0,reconciled,row sum ties printed line-3a total within $1,6,1305000.0,https://gt990datalake-rawdata.s3.amazonaws.com/EfileData/XmlFiles/202333199349107603_public.xml,4a41c8e398746aa4,phase3-2026-08-04.1
471330583,The Clayco Foundation,202412399349100316,2023,990PF,2023v5.1,2023-01-01,2023-12-31,N,19,2105263.0,2105263.0,,2105263.0,0.0,reconciled,row sum ties printed line-3a total within $1,2,250000.0,https://gt990datalake-rawdata.s3.amazonaws.com/EfileData/XmlFiles/202412399349100316_public.xml,74a6bcbbe19887e9,phase3-2026-08-04.1
471330583,The Clayco Foundation,202533189349103803,2024,990PF,2024v5.1,2024-01-01,2024-12-31,N,18,1890706.0,1890706.0,,1890706.0,0.0,reconciled,row sum ties printed line-3a total within $1,5,425000.0,https://gt990datalake-rawdata.s3.amazonaws.com/EfileData/XmlFiles/202533189349103803_public.xml,8961e6e6f82eb438,phase3-2026-08-04.1
476662944,Julian Family Foundation,202201939349100500,2021,990PF,2021v4.2,2021-01-01,2021-12-31,N,45,915850.0,915850.0,,915850.0,0.0,reconciled,row sum ties printed line-3a total within $1,29,721000.0,https://gt990datalake-rawdata.s3.amazonaws.com/EfileData/XmlFiles/202201939349100500_public.xml,0127eabe9fcf598a,phase3-2026-08-04.1
476662944,Julian Family Foundation,202301749349100800,2022,990PF,2022v5.0,2022-01-01,2022-12-31,N,42,3042400.0,3042400.0,,3042400.0,0.0,reconciled,row sum ties printed line-3a total within $1,25,2769000.0,https://gt990datalake-rawdata.s3.amazonaws.com/EfileData/XmlFiles/202301749349100800_public.xml,59da5454a6a4a14f,phase3-2026-08-04.1
476662944,Julian Family Foundation,202441299349101034,2023,990PF,2023v5.0,2023-01-01,2023-12-31,N,42,1794200.0,1794200.0,,1794200.0,0.0,reconciled,row sum ties printed line-3a total within $1,28,1587500.0,https://gt990datalake-rawdata.s3.amazonaws.com/EfileData/XmlFiles/202441299349101034_public.xml,e6e934ab327f943a,phase3-2026-08-04.1
476662944,Julian Family Foundation,202501579349100405,2024,990PF,2024v5.1,2024-01-01,2024-12-31,N,36,2956750.0,2956750.0,,2956750.0,0.0,reconciled,row sum ties printed line-3a total within $1,23,2666750.0,https://gt990datalake-rawdata.s3.amazonaws.com/EfileData/XmlFiles/202501579349100405_public.xml,05ef173ab1e14945,phase3-2026-08-04.1
510242992,Donald S Walker Fund 1613260,202211159349100941,2021,990PF,2021v4.1,2021-01-01,2021-12-31,N,2,1806798.0,1806798.0,,1806798.0,0.0,reconciled,row sum ties printed line-3a total within $1,0,0.0,https://gt990datalake-rawdata.s3.amazonaws.com/EfileData/XmlFiles/202211159349100941_public.xml,4666d775d450f0f8,phase3-2026-08-04.1
510242992,Donald S Walker Fund 1613260,202311219349100411,2022,990PF,2022v5.0,2022-01-01,2022-12-31,N,2,1925810.0,1925810.0,,1925810.0,0.0,reconciled,row sum ties printed line-3a total within $1,0,0.0,https://gt990datalake-rawdata.s3.amazonaws.com/EfileData/XmlFiles/202311219349100411_public.xml,39455cd3719255c3,phase3-2026-08-04.1
510242992,Donald S Walker Fund 1613260,202401139349100335,2023,990PF,2023v5.0,2023-01-01,2023-12-31,N,2,2011102.0,2011102.0,,2011102.0,0.0,reconciled,row sum ties printed line-3a total within $1,0,0.0,https://gt990datalake-rawdata.s3.amazonaws.com/EfileData/XmlFiles/202401139349100335_public.xml,25eee20dd98189cf,phase3-2026-08-04.1
510242992,Donald S Walker Fund 1613260,202541279349101474,2024,990PF,2024v5.0,2024-01-01,2024-12-31,N,2,2002620.0,2002620.0,,2002620.0,0.0,reconciled,row sum ties printed line-3a total within $1,0,0.0,https://gt990datalake-rawdata.s3.amazonaws.com/EfileData/XmlFiles/202541279349101474_public.xml,cede94a36d4a50f1,phase3-2026-08-04.1
516570085,Mary D Clapham Charitable TR,202342789349100409,2021,990PF,2021v4.1,2021-12-01,2022-11-30,N,18,2799997.0,2799997.0,,2799997.0,0.0,reconciled,row sum ties printed line-3a total within $1,0,0.0,https://gt990datalake-rawdata.s3.amazonaws.com/EfileData/XmlFiles/202342789349100409_public.xml,7275ddb339c628c3,phase3-2026-08-04.1
516570085,Mary D Clapham Charitable TR,202422839349100327,2022,990PF,2022v5.0,2022-12-01,2023-11-30,N,18,2600003.0,2600003.0,,2600003.0,0.0,reconciled,row sum ties printed line-3a total within $1,0,0.0,https://gt990datalake-rawdata.s3.amazonaws.com/EfileData/XmlFiles/202422839349100327_public.xml,fbf419914eabd4cb,phase3-2026-08-04.1
516570085,Mary D Clapham Charitable TR,202510989349100221,2023,990PF,2023v6.0,2023-12-01,2024-11-30,N,18,2500004.0,2500004.0,,2500004.0,0.0,reconciled,row sum ties printed line-3a total within $1,0,0.0,https://gt990datalake-rawdata.s3.amazonaws.com/EfileData/XmlFiles/202510989349100221_public.xml,7afb4446e9bf403f,phase3-2026-08-04.1
516593287,Eleanor Schwartz Charitable Foundation,202203409349100805,2021,990PF,2021v4.1,2021-08-01,2022-07-31,N,14,2000000.0,2000000.0,,2000000.0,0.0,reconciled,row sum ties printed line-3a total within $1,0,0.0,https://gt990datalake-rawdata.s3.amazonaws.com/EfileData/XmlFiles/202203409349100805_public.xml,ba33e14a77b03767,phase3-2026-08-04.1
516593287,Eleanor Schwartz Charitable Foundation,202323389349100802,2022,990PF,2022v5.0,2022-08-01,2023-07-31,N,14,2150000.0,2150000.0,,2150000.0,0.0,reconciled,row sum ties printed line-3a total within $1,0,0.0,https://gt990datalake-rawdata.s3.amazonaws.com/EfileData/XmlFiles/202323389349100802_public.xml,2e7ea79968b04189,phase3-2026-08-04.1
516593287,Eleanor Schwartz Charitable Foundation,202443449349100119,2023,990PF,2023v5.1,2023-08-01,2024-07-31,N,13,1875000.0,1875000.0,,1875000.0,0.0,reconciled,row sum ties printed line-3a total within $1,0,0.0,https://gt990datalake-rawdata.s3.amazonaws.com/EfileData/XmlFiles/202443449349100119_public.xml,c1f06d7ab60dbc46,phase3-2026-08-04.1
516593287,Eleanor Schwartz Charitable Foundation,202503429349100210,2024,990PF,2024v5.2,2024-08-01,2025-07-31,N,13,2075000.0,2075000.0,,2075000.0,0.0,reconciled,row sum ties printed line-3a total within $1,0,0.0,https://gt990datalake-rawdata.s3.amazonaws.com/EfileData/XmlFiles/202503429349100210_public.xml,7882e4a048a34fe6,phase3-2026-08-04.1
611405669,Christopher L & M Susan Gust Foundation,202201369349103455,2021,990PF,2021v4.2,2021-01-01,2021-12-31,N,42,2167507.0,2167507.0,,2167507.0,0.0,reconciled,row sum ties printed line-3a total within $1,21,1395444.0,https://gt990datalake-rawdata.s3.amazonaws.com/EfileData/XmlFiles/202201369349103455_public.xml,97acad7f98e80bd2,phase3-2026-08-04.1
611405669,Christopher L & M Susan Gust Foundation,202331319349102078,2022,990PF,2022v5.0,2022-01-01,2022-12-31,N,38,1134730.0,1134730.0,,1134730.0,0.0,reconciled,row sum ties printed line-3a total within $1,20,416219.0,https://gt990datalake-rawdata.s3.amazonaws.com/EfileData/XmlFiles/202331319349102078_public.xml,139cb997c089017d,phase3-2026-08-04.1
611405669,Christopher L & M Susan Gust Foundation,202411179349100726,2023,990PF,2023v5.0,2023-01-01,2023-12-31,N,40,1704335.0,1704335.0,,1704335.0,0.0,reconciled,row sum ties printed line-3a total within $1,22,1003335.0,https://gt990datalake-rawdata.s3.amazonaws.com/EfileData/XmlFiles/202411179349100726_public.xml,80729c14bba0bf86,phase3-2026-08-04.1
611405669,Christopher L & M Susan Gust Foundation,202523379349100402,2024,990PF,2024v5.2,2024-01-01,2024-12-31,N,32,1549945.0,1549945.0,,1549945.0,0.0,reconciled,row sum ties printed line-3a total within $1,15,905562.0,https://gt990datalake-rawdata.s3.amazonaws.com/EfileData/XmlFiles/202523379349100402_public.xml,1458476d06c788d2,phase3-2026-08-04.1
656146949,Beatrice B Tinsley Charitable Trust,202241229349100114,2021,990PF,2021v4.1,2021-01-01,2021-12-31,N,4,1175108.0,1175108.0,,1175108.0,0.0,reconciled,row sum ties printed line-3a total within $1,1,293777.0,https://gt990datalake-rawdata.s3.amazonaws.com/EfileData/XmlFiles/202241229349100114_public.xml,11a259ed703175b3,phase3-2026-08-04.1
656146949,Beatrice B Tinsley Charitable Trust,202311219349103456,2022,990PF,2022v5.0,2022-01-01,2022-12-31,N,4,1276820.0,1276820.0,,1276820.0,0.0,reconciled,row sum ties printed line-3a total within $1,1,319205.0,https://gt990datalake-rawdata.s3.amazonaws.com/EfileData/XmlFiles/202311219349103456_public.xml,783e204908b9671b,phase3-2026-08-04.1
656146949,Beatrice B Tinsley Charitable Trust,202411229349102756,2023,990PF,2023v5.0,2023-01-01,2023-12-31,N,4,1044100.0,1044100.0,,1044100.0,0.0,reconciled,row sum ties printed line-3a total within $1,1,261025.0,https://gt990datalake-rawdata.s3.amazonaws.com/EfileData/XmlFiles/202411229349102756_public.xml,91a5699b7712a6ad,phase3-2026-08-04.1
656146949,Beatrice B Tinsley Charitable Trust,202501219349101915,2024,990PF,2024v5.1,2024-01-01,2024-12-31,N,4,1122884.0,1122884.0,,1122884.0,0.0,reconciled,row sum ties printed line-3a total within $1,1,280721.0,https://gt990datalake-rawdata.s3.amazonaws.com/EfileData/XmlFiles/202501219349101915_public.xml,4b8fb7ec7bc96c19,phase3-2026-08-04.1
656393997,Emily G Plumb Charitable Trust 02-40073,202243079349100014,2021,990PF,2021v4.1,2021-08-01,2022-07-31,N,1,2966496.0,2966496.0,,2966496.0,0.0,reconciled,row sum ties printed line-3a total within $1,0,0.0,https://gt990datalake-rawdata.s3.amazonaws.com/EfileData/XmlFiles/202243079349100014_public.xml,f5c7eb6e8eba803e,phase3-2026-08-04.1
656393997,Emily G Plumb Charitable Trust 02-40073,202303359349100630,2022,990PF,2022v5.0,2022-08-01,2023-07-31,N,1,2541616.0,2541616.0,,2541616.0,0.0,reconciled,row sum ties printed line-3a total within $1,0,0.0,https://gt990datalake-rawdata.s3.amazonaws.com/EfileData/XmlFiles/202303359349100630_public.xml,20fca3d8484a9fef,phase3-2026-08-04.1
656393997,Emily G Plumb Charitable Trust 02-40073,202511479349101101,2023,990PF,2023v6.0,2023-08-01,2024-07-31,N,1,2608603.0,2608603.0,,2608603.0,0.0,reconciled,row sum ties printed line-3a total within $1,0,0.0,https://gt990datalake-rawdata.s3.amazonaws.com/EfileData/XmlFiles/202511479349101101_public.xml,b94abd3e4a01a7ef,phase3-2026-08-04.1
656393997,Emily G Plumb Charitable Trust 02-40073,202503399349100110,2024,990PF,2024v5.2,2024-08-01,2025-07-31,N,1,2693986.0,2693986.0,,2693986.0,0.0,reconciled,row sum ties printed line-3a total within $1,0,0.0,https://gt990datalake-rawdata.s3.amazonaws.com/EfileData/XmlFiles/202503399349100110_public.xml,ccdbf8ff8717a0c1,phase3-2026-08-04.1
756013845,William & Catherine Bryce Memorial Fund,202310379349100901,2021,990PF,2021v4.1,2021-10-01,2022-09-30,N,22,1000480.0,1000480.0,,1000480.0,0.0,reconciled,row sum ties printed line-3a total within $1,0,0.0,https://gt990datalake-rawdata.s3.amazonaws.com/EfileData/XmlFiles/202310379349100901_public.xml,7437c7f0443ef0ee,phase3-2026-08-04.1
756013845,William & Catherine Bryce Memorial Fund,202430369349101158,2022,990PF,2022v5.0,2022-10-01,2023-09-30,N,26,1088580.0,1088580.0,,1088580.0,0.0,reconciled,row sum ties printed line-3a total within $1,0,0.0,https://gt990datalake-rawdata.s3.amazonaws.com/EfileData/XmlFiles/202430369349101158_public.xml,9163f79b2abae249,phase3-2026-08-04.1
756013845,William & Catherine Bryce Memorial Fund,202540379349101154,2023,990PF,2023v6.0,2023-10-01,2024-09-30,N,30,958000.0,958000.0,,958000.0,0.0,reconciled,row sum ties printed line-3a total within $1,0,0.0,https://gt990datalake-rawdata.s3.amazonaws.com/EfileData/XmlFiles/202540379349101154_public.xml,6ff8539e50fae3ed,phase3-2026-08-04.1
756014459,Adeline & George McQueen Foundation of 1960 8336174700,202243089349101309,2021,990PF,2021v4.1,2021-07-01,2022-06-30,N,22,1167591.0,1167591.0,,1167591.0,0.0,reconciled,row sum ties printed line-3a total within $1,0,0.0,https://gt990datalake-rawdata.s3.amazonaws.com/EfileData/XmlFiles/202243089349101309_public.xml,a66c0956371cb53e,phase3-2026-08-04.1
756014459,Adeline & George McQueen Foundation of 1960 8336174700,202313079349101401,2022,990PF,2022v5.0,2022-07-01,2023-06-30,N,25,1241610.0,1241610.0,,1241610.0,0.0,reconciled,row sum ties printed line-3a total within $1,0,0.0,https://gt990datalake-rawdata.s3.amazonaws.com/EfileData/XmlFiles/202313079349101401_public.xml,f8ce6687d4370569,phase3-2026-08-04.1
756014459,Adeline & George McQueen Foundation of 1960 8336174700,202432839349100048,2023,990PF,2023v5.1,2023-07-01,2024-06-30,N,25,1124315.0,1124315.0,,1124315.0,0.0,reconciled,row sum ties printed line-3a total within $1,0,0.0,https://gt990datalake-rawdata.s3.amazonaws.com/EfileData/XmlFiles/202432839349100048_public.xml,0b8985ad5aca5191,phase3-2026-08-04.1
756014459,Adeline & George McQueen Foundation of 1960 8336174700,202630659349101403,2024,990PF,2024v5.2,2024-07-01,2025-06-30,N,18,1171500.0,1171500.0,,1171500.0,0.0,reconciled,row sum ties printed line-3a total within $1,0,0.0,https://gt990datalake-rawdata.s3.amazonaws.com/EfileData/XmlFiles/202630659349101403_public.xml,1cd0dd4663f101d6,phase3-2026-08-04.1
756045044,Joe & Jessie Crump Fund,202431699349100668,2021,990PF,2021v4.1,2021-10-01,2022-09-30,N,14,3544744.0,3544744.0,,3544744.0,0.0,reconciled,row sum ties printed line-3a total within $1,1,25000.0,https://gt990datalake-rawdata.s3.amazonaws.com/EfileData/XmlFiles/202431699349100668_public.xml,d6b94f6847cf40c9,phase3-2026-08-04.1
756045044,Joe & Jessie Crump Fund,202420979349100712,2022,990PF,2022v5.0,2022-10-01,2023-09-30,N,15,2167250.0,2167250.0,,2167250.0,0.0,reconciled,row sum ties printed line-3a total within $1,1,35000.0,https://gt990datalake-rawdata.s3.amazonaws.com/EfileData/XmlFiles/202420979349100712_public.xml,35396d7f26801c9a,phase3-2026-08-04.1
756045044,Joe & Jessie Crump Fund,202512199349100016,2023,990PF,2023v6.0,2023-10-01,2024-09-30,N,16,1385000.0,1385000.0,,1385000.0,0.0,reconciled,row sum ties printed line-3a total within $1,1,40000.0,https://gt990datalake-rawdata.s3.amazonaws.com/EfileData/XmlFiles/202512199349100016_public.xml,127eebf1bbe1f045,phase3-2026-08-04.1
756084824,Grace G Thornton UTA Scholarship TR R76992008,202211159349100541,2021,990PF,2021v4.1,2021-01-01,2021-12-31,N,1,1993797.0,1993797.0,,1993797.0,0.0,reconciled,row sum ties printed line-3a total within $1,0,0.0,https://gt990datalake-rawdata.s3.amazonaws.com/EfileData/XmlFiles/202211159349100541_public.xml,14166dd997c93088,phase3-2026-08-04.1
756084824,Grace G Thornton UTA Scholarship TR R76992008,202321219349100437,2022,990PF,2022v5.0,2022-01-01,2022-12-31,N,1,2212063.0,2212063.0,,2212063.0,0.0,reconciled,row sum ties printed line-3a total within $1,0,0.0,https://gt990datalake-rawdata.s3.amazonaws.com/EfileData/XmlFiles/202321219349100437_public.xml,b26a600dbd105eb9,phase3-2026-08-04.1
756084824,Grace G Thornton UTA Scholarship TR R76992008,202411139349102361,2023,990PF,2023v5.0,2023-01-01,2023-12-31,N,1,1224131.0,1224131.0,,1224131.0,0.0,reconciled,row sum ties printed line-3a total within $1,0,0.0,https://gt990datalake-rawdata.s3.amazonaws.com/EfileData/XmlFiles/202411139349102361_public.xml,e84681876ad5d810,phase3-2026-08-04.1
756084824,Grace G Thornton UTA Scholarship TR R76992008,202501339349102270,2024,990PF,2024v5.1,2024-01-01,2024-12-31,N,1,923883.0,923883.0,,923883.0,0.0,reconciled,row sum ties printed line-3a total within $1,0,0.0,https://gt990datalake-rawdata.s3.amazonaws.com/EfileData/XmlFiles/202501339349102270_public.xml,9d4d4ea3fecb9e7e,phase3-2026-08-04.1
766017128,Gladys & Ed E Hurley Endowment Foundation 3603215802,202211229349100751,2021,990PF,2021v4.1,2021-01-01,2021-12-31,N,7,1344928.0,1344928.0,,1344928.0,0.0,reconciled,row sum ties printed line-3a total within $1,0,0.0,https://gt990datalake-rawdata.s3.amazonaws.com/EfileData/XmlFiles/202211229349100751_public.xml,9b632c1d3afff776,phase3-2026-08-04.1
766017128,Gladys & Ed E Hurley Endowment Foundation 3603215802,202331229349101733,2022,990PF,2022v5.0,2022-01-01,2022-12-31,N,7,1494649.0,1494649.0,,1494649.0,0.0,reconciled,row sum ties printed line-3a total within $1,0,0.0,https://gt990datalake-rawdata.s3.amazonaws.com/EfileData/XmlFiles/202331229349101733_public.xml,a84db72717d9f0de,phase3-2026-08-04.1
766017128,Gladys & Ed E Hurley Endowment Foundation 3603215802,202421219349100217,2023,990PF,2023v5.0,2023-01-01,2023-12-31,N,7,1215409.0,1215409.0,,1215409.0,0.0,reconciled,row sum ties printed line-3a total within $1,0,0.0,https://gt990datalake-rawdata.s3.amazonaws.com/EfileData/XmlFiles/202421219349100217_public.xml,7315d57a7650df74,phase3-2026-08-04.1
766017128,Gladys & Ed E Hurley Endowment Foundation 3603215802,202541339349101934,2024,990PF,2024v5.1,2024-01-01,2024-12-31,N,7,1360391.0,1360391.0,,1360391.0,0.0,reconciled,row sum ties printed line-3a total within $1,0,0.0,https://gt990datalake-rawdata.s3.amazonaws.com/EfileData/XmlFiles/202541339349101934_public.xml,31d96b1112bd30eb,phase3-2026-08-04.1
810719050,APMPFF INC,202202349349100860,2021,990PF,2021v4.2,2021-01-01,2021-12-31,N,13,580750.0,580750.0,,580750.0,0.0,reconciled,row sum ties printed line-3a total within $1,4,164750.0,https://gt990datalake-rawdata.s3.amazonaws.com/EfileData/XmlFiles/202202349349100860_public.xml,33b4316261b7a0c9,phase3-2026-08-04.1
810719050,APMPFF INC,202300589349100610,2022,990PF,2022v4.1,2022-01-01,2022-12-31,N,23,1175583.0,1175583.0,,1175583.0,0.0,reconciled,row sum ties printed line-3a total within $1,7,447000.0,https://gt990datalake-rawdata.s3.amazonaws.com/EfileData/XmlFiles/202300589349100610_public.xml,295c85d038d649f7,phase3-2026-08-04.1
810719050,APMPFF INC,202401559349100620,2023,990PF,2023v5.0,2023-01-01,2023-12-31,N,20,1354250.0,1354250.0,,1354250.0,0.0,reconciled,row sum ties printed line-3a total within $1,6,304250.0,https://gt990datalake-rawdata.s3.amazonaws.com/EfileData/XmlFiles/202401559349100620_public.xml,248207c7a5d249e3,phase3-2026-08-04.1
810719050,APMPFF INC,202541339349103889,2024,990PF,2024v5.1,2024-01-01,2024-12-31,N,21,3467365.0,3467365.0,,3467365.0,0.0,reconciled,row sum ties printed line-3a total within $1,4,369415.0,https://gt990datalake-rawdata.s3.amazonaws.com/EfileData/XmlFiles/202541339349103889_public.xml,c19d36b383cafe91,phase3-2026-08-04.1
813101626,John R Flanagan Charitable Foundation,202211349349100106,2021,990PF,2021v4.2,2021-01-01,2021-12-31,N,11,2115500.0,2115500.0,,2115500.0,0.0,reconciled,row sum ties printed line-3a total within $1,5,435000.0,https://gt990datalake-rawdata.s3.amazonaws.com/EfileData/XmlFiles/202211349349100106_public.xml,986d9ee62bf136df,phase3-2026-08-04.1
813101626,John R Flanagan Charitable Foundation,202323149349101722,2022,990PF,2022v5.0,2022-01-01,2022-12-31,N,10,2847171.0,2847171.0,,2847171.0,0.0,reconciled,row sum ties printed line-3a total within $1,3,285000.0,https://gt990datalake-rawdata.s3.amazonaws.com/EfileData/XmlFiles/202323149349101722_public.xml,d1c0bc0acf7c1449,phase3-2026-08-04.1
813101626,John R Flanagan Charitable Foundation,202423039349101197,2023,990PF,2023v5.1,2023-01-01,2023-12-31,N,9,1681000.0,1681000.0,,1681000.0,0.0,reconciled,row sum ties printed line-3a total within $1,5,581000.0,https://gt990datalake-rawdata.s3.amazonaws.com/EfileData/XmlFiles/202423039349101197_public.xml,2352c96defa52efc,phase3-2026-08-04.1
813101626,John R Flanagan Charitable Foundation,202513179349102356,2024,990PF,2024v5.2,2024-01-01,2024-12-31,N,11,1705000.0,1705000.0,,1705000.0,0.0,reconciled,row sum ties printed line-3a total within $1,5,575000.0,https://gt990datalake-rawdata.s3.amazonaws.com/EfileData/XmlFiles/202513179349102356_public.xml,5f4c95d355e49661,phase3-2026-08-04.1
814035984,Enchanted Backpack,202223199349102482,2021,990PF,2021v4.2,2021-01-01,2021-12-31,N,241,1141041.0,1141041.0,,1141041.0,0.0,reconciled,row sum ties printed line-3a total within $1,59,358742.0,https://gt990datalake-rawdata.s3.amazonaws.com/EfileData/XmlFiles/202223199349102482_public.xml,7e0201da21b358ee,phase3-2026-08-04.1
814035984,Enchanted Backpack,202303179349103375,2022,990PF,2022v5.0,2022-01-01,2022-12-31,N,209,1267164.0,1267164.0,,1267164.0,0.0,reconciled,row sum ties printed line-3a total within $1,68,488273.0,https://gt990datalake-rawdata.s3.amazonaws.com/EfileData/XmlFiles/202303179349103375_public.xml,82c573e1718afc2c,phase3-2026-08-04.1
814035984,Enchanted Backpack,202443199349102944,2023,990PF,2023v5.1,2023-01-01,2023-12-31,N,212,1459389.0,1459389.0,,1459389.0,0.0,reconciled,row sum ties printed line-3a total within $1,67,603770.0,https://gt990datalake-rawdata.s3.amazonaws.com/EfileData/XmlFiles/202443199349102944_public.xml,537bf1be4798b0cb,phase3-2026-08-04.1
814035984,Enchanted Backpack,202543159349102859,2024,990PF,2024v5.2,2024-01-01,2024-12-31,N,157,1051426.0,1051426.0,,1051426.0,0.0,reconciled,row sum ties printed line-3a total within $1,71,453665.0,https://gt990datalake-rawdata.s3.amazonaws.com/EfileData/XmlFiles/202543159349102859_public.xml,6e53f9aded7b9524,phase3-2026-08-04.1
814600661,William Beau Wrigley Jr Foundation INC,202241319349103644,2021,990PF,2021v4.2,2021-01-01,2021-12-31,N,31,2518415.0,2518415.0,,2518415.0,0.0,reconciled,row sum ties printed line-3a total within $1,0,0.0,https://gt990datalake-rawdata.s3.amazonaws.com/EfileData/XmlFiles/202241319349103644_public.xml,cb2f26b5f5c5f5cf,phase3-2026-08-04.1
814600661,William Beau Wrigley Jr Foundation INC,202311329349102831,2022,990PF,2022v5.0,2022-01-01,2022-12-31,N,26,1200021.0,1200021.0,,1200021.0,0.0,reconciled,row sum ties printed line-3a total within $1,0,0.0,https://gt990datalake-rawdata.s3.amazonaws.com/EfileData/XmlFiles/202311329349102831_public.xml,d5342562be69fc0e,phase3-2026-08-04.1
814600661,William Beau Wrigley Jr Foundation INC,202441319349100744,2023,990PF,2023v5.0,2023-01-01,2023-12-31,N,24,1538564.0,1538564.0,,1538564.0,0.0,reconciled,row sum ties printed line-3a total within $1,0,0.0,https://gt990datalake-rawdata.s3.amazonaws.com/EfileData/XmlFiles/202441319349100744_public.xml,39f643044b2841ce,phase3-2026-08-04.1
814600661,William Beau Wrigley Jr Foundation INC,202501339349104100,2024,990PF,2024v5.1,2024-01-01,2024-12-31,N,21,1211845.0,1211845.0,,1211845.0,0.0,reconciled,row sum ties printed line-3a total within $1,0,0.0,https://gt990datalake-rawdata.s3.amazonaws.com/EfileData/XmlFiles/202501339349104100_public.xml,79b1129884ea7fe1,phase3-2026-08-04.1
815068397,Patricia A Bresky Family Foundation,202211299349100331,2021,990PF,2021v4.2,2021-01-01,2021-12-31,N,10,515000.0,515000.0,,515000.0,0.0,reconciled,"row sum ties printed line-3a total within $1 | review pass held 1 row(s) ($85,000) back from publication",0,0.0,https://gt990datalake-rawdata.s3.amazonaws.com/EfileData/XmlFiles/202211299349100331_public.xml,f41c8de0eb7c7cff,phase3-2026-08-04.1
815068397,Patricia A Bresky Family Foundation,202341319349104564,2022,990PF,2022v5.0,2022-01-01,2022-12-31,N,13,1065000.0,1065000.0,,1065000.0,0.0,reconciled,row sum ties printed line-3a total within $1,1,25000.0,https://gt990datalake-rawdata.s3.amazonaws.com/EfileData/XmlFiles/202341319349104564_public.xml,1ce7da1036562035,phase3-2026-08-04.1
815068397,Patricia A Bresky Family Foundation,202441579349100529,2023,990PF,2023v5.0,2023-01-01,2023-12-31,N,14,1700000.0,1700000.0,,1700000.0,0.0,reconciled,row sum ties printed line-3a total within $1,2,125000.0,https://gt990datalake-rawdata.s3.amazonaws.com/EfileData/XmlFiles/202441579349100529_public.xml,e9e5612664036806,phase3-2026-08-04.1
815068397,Patricia A Bresky Family Foundation,202533169349102493,2024,990PF,2024v5.2,2024-01-01,2024-12-31,N,17,6845000.0,6845000.0,,6845000.0,0.0,reconciled,"row sum ties printed line-3a total within $1 | review pass held 1 row(s) ($5,105,000) back from publication",2,150000.0,https://gt990datalake-rawdata.s3.amazonaws.com/EfileData/XmlFiles/202533169349102493_public.xml,ea5ca4b456f21f21,phase3-2026-08-04.1
823372946,Caris Charitable Trust I,202203079349100015,2021,990PF,2021v4.1,2021-01-01,2021-12-31,N,1,2887415.0,2887415.0,,2887415.0,0.0,reconciled,row sum ties printed line-3a total within $1,0,0.0,https://gt990datalake-rawdata.s3.amazonaws.com/EfileData/XmlFiles/202203079349100015_public.xml,8208b129b5d67093,phase3-2026-08-04.1
823372946,Caris Charitable Trust I,202313119349101926,2022,990PF,2022v5.0,2022-01-01,2022-12-31,N,1,2524031.0,2524031.0,,2524031.0,0.0,reconciled,row sum ties printed line-3a total within $1,0,0.0,https://gt990datalake-rawdata.s3.amazonaws.com/EfileData/XmlFiles/202313119349101926_public.xml,d80c05136fcb2621,phase3-2026-08-04.1
823372946,Caris Charitable Trust I,202443059349101734,2023,990PF,2023v5.1,2023-01-01,2023-12-31,N,1,2598493.0,2598493.0,,2598493.0,0.0,reconciled,row sum ties printed line-3a total within $1,0,0.0,https://gt990datalake-rawdata.s3.amazonaws.com/EfileData/XmlFiles/202443059349101734_public.xml,b41319b1d6063182,phase3-2026-08-04.1
823372946,Caris Charitable Trust I,202541219349101044,2024,990PF,2024v5.1,2024-01-01,2024-12-31,N,1,2989982.0,2989982.0,,2989982.0,0.0,reconciled,row sum ties printed line-3a total within $1,0,0.0,https://gt990datalake-rawdata.s3.amazonaws.com/EfileData/XmlFiles/202541219349101044_public.xml,e5cd72cff7bdd946,phase3-2026-08-04.1
823380217,Caris Charitable Trust II,202233079349100823,2021,990PF,2021v4.1,2021-01-01,2021-12-31,N,9,2856635.0,2856635.0,,2856635.0,0.0,reconciled,row sum ties printed line-3a total within $1,1,5000.0,https://gt990datalake-rawdata.s3.amazonaws.com/EfileData/XmlFiles/202233079349100823_public.xml,da42afc2e91c0106,phase3-2026-08-04.1
823380217,Caris Charitable Trust II,202303059349101435,2022,990PF,2022v5.0,2022-01-01,2022-12-31,N,9,2501497.0,2501497.0,,2501497.0,0.0,reconciled,row sum ties printed line-3a total within $1,1,5000.0,https://gt990datalake-rawdata.s3.amazonaws.com/EfileData/XmlFiles/202303059349101435_public.xml,a0c49186921fe397,phase3-2026-08-04.1
823380217,Caris Charitable Trust II,202433129349101318,2023,990PF,2023v5.1,2023-01-01,2023-12-31,N,8,2582835.0,2582835.0,,2582835.0,0.0,reconciled,row sum ties printed line-3a total within $1,0,0.0,https://gt990datalake-rawdata.s3.amazonaws.com/EfileData/XmlFiles/202433129349101318_public.xml,c7656e53e8080418,phase3-2026-08-04.1
823380217,Caris Charitable Trust II,202523099349101557,2024,990PF,2024v5.2,2024-01-01,2024-12-31,N,7,3015241.0,3015241.0,,3015241.0,0.0,reconciled,row sum ties printed line-3a total within $1,0,0.0,https://gt990datalake-rawdata.s3.amazonaws.com/EfileData/XmlFiles/202523099349101557_public.xml,e765d82347cd184d,phase3-2026-08-04.1
832424720,Marc and Jeanne Malnati Family Foundation INC,202221239349100422,2021,990PF,2021v4.0,2021-01-01,2021-12-31,N,51,1728638.0,1728638.0,,1728638.0,0.0,reconciled,row sum ties printed line-3a total within $1,26,1447000.0,https://gt990datalake-rawdata.s3.amazonaws.com/EfileData/XmlFiles/202221239349100422_public.xml,9499ec73183a5651,phase3-2026-08-04.1
832424720,Marc and Jeanne Malnati Family Foundation INC,202313179349102756,2022,990PF,2022v5.0,2022-01-01,2022-12-31,N,62,1968502.0,1968502.0,,1968502.0,0.0,reconciled,row sum ties printed line-3a total within $1,37,1643895.0,https://gt990datalake-rawdata.s3.amazonaws.com/EfileData/XmlFiles/202313179349102756_public.xml,189b84bf5b48a625,phase3-2026-08-04.1
832424720,Marc and Jeanne Malnati Family Foundation INC,202423179349102992,2023,990PF,2023v5.0,2023-01-01,2023-12-31,N,65,1799741.0,1799741.0,,1799741.0,0.0,reconciled,row sum ties printed line-3a total within $1,40,1257386.0,https://gt990datalake-rawdata.s3.amazonaws.com/EfileData/XmlFiles/202423179349102992_public.xml,9d138e343a97e8bf,phase3-2026-08-04.1
832424720,Marc and Jeanne Malnati Family Foundation INC,202502319349100855,2024,990PF,2024v5.0,2024-01-01,2024-12-31,N,79,1926088.0,1926088.0,,1926088.0,0.0,reconciled,row sum ties printed line-3a total within $1,48,1579211.0,https://gt990datalake-rawdata.s3.amazonaws.com/EfileData/XmlFiles/202502319349100855_public.xml,3464ee2667faded1,phase3-2026-08-04.1
832650413,Zarpet Family Foundation,202221889349101512,2021,990PF,2021v4.2,2021-01-01,2021-12-31,N,5,310000.0,310000.0,,310000.0,0.0,reconciled,row sum ties printed line-3a total within $1,0,0.0,https://gt990datalake-rawdata.s3.amazonaws.com/EfileData/XmlFiles/202221889349101512_public.xml,6d80dc9dbbdebc21,phase3-2026-08-04.1
832650413,Zarpet Family Foundation,202313189349100816,2022,990PF,2022v5.0,2022-01-01,2022-12-31,N,7,555000.0,555000.0,,555000.0,0.0,reconciled,row sum ties printed line-3a total within $1,0,0.0,https://gt990datalake-rawdata.s3.amazonaws.com/EfileData/XmlFiles/202313189349100816_public.xml,c4cdc44ea9a645b2,phase3-2026-08-04.1
832650413,Zarpet Family Foundation,202412929349100221,2023,990PF,2023v5.1,2023-01-01,2023-12-31,N,9,826460.0,826460.0,,826460.0,0.0,reconciled,row sum ties printed line-3a total within $1,0,0.0,https://gt990datalake-rawdata.s3.amazonaws.com/EfileData/XmlFiles/202412929349100221_public.xml,4b4a20f450b5257a,phase3-2026-08-04.1
832650413,Zarpet Family Foundation,202542839349100204,2024,990PF,2024v5.1,2024-01-01,2024-12-31,N,8,2768445.0,2768445.0,,2768445.0,0.0,reconciled,row sum ties printed line-3a total within $1,0,0.0,https://gt990datalake-rawdata.s3.amazonaws.com/EfileData/XmlFiles/202542839349100204_public.xml,3818fb41877a1898,phase3-2026-08-04.1
832726056,Harold B Smith Foundation,202241369349100709,2021,990PF,2021v4.0,2021-01-01,2021-12-31,N,2,1812854.0,1812854.0,,1812854.0,0.0,reconciled,row sum ties printed line-3a total within $1,2,1812854.0,https://gt990datalake-rawdata.s3.amazonaws.com/EfileData/XmlFiles/202241369349100709_public.xml,809d61a1f486240d,phase3-2026-08-04.1
832726056,Harold B Smith Foundation,202321339349100217,2022,990PF,2022v5.0,2022-01-01,2022-12-31,N,0,0.0,,,0.0,,no_control_total,filing publishes no Part XV or Part I grants total,0,0.0,https://gt990datalake-rawdata.s3.amazonaws.com/EfileData/XmlFiles/202321339349100217_public.xml,481c1662b8b4b4d0,phase3-2026-08-04.1
832726056,Harold B Smith Foundation,202441369349104259,2023,990PF,2023v5.0,2023-01-01,2023-12-31,N,2,1004975.0,1004975.0,,1004975.0,0.0,reconciled,row sum ties printed line-3a total within $1,2,1004975.0,https://gt990datalake-rawdata.s3.amazonaws.com/EfileData/XmlFiles/202441369349104259_public.xml,4e052e6e9e37b476,phase3-2026-08-04.1
832726056,Harold B Smith Foundation,202503169349103255,2024,990PF,2024v5.2,2024-01-01,2024-12-31,N,0,0.0,,,0.0,,no_control_total,filing publishes no Part XV or Part I grants total,0,0.0,https://gt990datalake-rawdata.s3.amazonaws.com/EfileData/XmlFiles/202503169349103255_public.xml,bc96773435ef0c9b,phase3-2026-08-04.1
833694159,Bryan Cressey and Iliana Sweis Foundation,202302859349100540,2021,990PF,2021v4.1,2021-01-01,2021-12-31,N,21,1495148.0,1495148.0,,1495148.0,0.0,reconciled,row sum ties printed line-3a total within $1,11,1255148.0,https://gt990datalake-rawdata.s3.amazonaws.com/EfileData/XmlFiles/202302859349100540_public.xml,3768e510d5675107,phase3-2026-08-04.1
833694159,Bryan Cressey and Iliana Sweis Foundation,202322839349101222,2022,990PF,2022v5.0,2022-01-01,2022-12-31,N,22,1776054.0,1776054.0,,1776054.0,0.0,reconciled,row sum ties printed line-3a total within $1,10,1599054.0,https://gt990datalake-rawdata.s3.amazonaws.com/EfileData/XmlFiles/202322839349101222_public.xml,4fc254e1f821bdae,phase3-2026-08-04.1
833694159,Bryan Cressey and Iliana Sweis Foundation,202432859349100813,2023,990PF,2023v5.1,2023-01-01,2023-12-31,N,23,1856598.0,1856598.0,,1856598.0,0.0,reconciled,row sum ties printed line-3a total within $1,10,1504648.0,https://gt990datalake-rawdata.s3.amazonaws.com/EfileData/XmlFiles/202432859349100813_public.xml,d27588e4e1847bc9,phase3-2026-08-04.1
833694159,Bryan Cressey and Iliana Sweis Foundation,202542309349100219,2024,990PF,2024v5.2,2024-01-01,2024-12-31,N,19,1674070.0,1674070.0,,1674070.0,0.0,reconciled,row sum ties printed line-3a total within $1,11,1582497.0,https://gt990datalake-rawdata.s3.amazonaws.com/EfileData/XmlFiles/202542309349100219_public.xml,ab8400cd79fda1e0,phase3-2026-08-04.1
841621866,Krehbiel Family Foundation,202322589349100747,2021,990PF,2021v4.1,2021-11-01,2022-10-31,N,36,965000.0,965000.0,,965000.0,0.0,reconciled,row sum ties printed line-3a total within $1,14,395000.0,https://gt990datalake-rawdata.s3.amazonaws.com/EfileData/XmlFiles/202322589349100747_public.xml,8a9aeaf3cf41f443,phase3-2026-08-04.1
841621866,Krehbiel Family Foundation,202402609349100820,2022,990PF,2022v5.0,2022-11-01,2023-10-31,N,42,1243766.0,1243766.0,,1243766.0,0.0,reconciled,row sum ties printed line-3a total within $1,19,650766.0,https://gt990datalake-rawdata.s3.amazonaws.com/EfileData/XmlFiles/202402609349100820_public.xml,7f37250ed4cf92b3,phase3-2026-08-04.1
841621866,Krehbiel Family Foundation,202542589349100629,2023,990PF,2023v6.0,2023-11-01,2024-10-31,N,49,869000.0,869000.0,,869000.0,0.0,reconciled,row sum ties printed line-3a total within $1,20,324500.0,https://gt990datalake-rawdata.s3.amazonaws.com/EfileData/XmlFiles/202542589349100629_public.xml,01a47fed70756d7c,phase3-2026-08-04.1
842220090,Northern Trust Foundation,202212139349100521,2021,990PF,2021v4.1,2021-01-01,2021-12-31,N,1,2485000.0,2485000.0,,2485000.0,0.0,known_attachment_gap,grant schedule is a single attachment aggregate; itemization not public,0,0.0,https://gt990datalake-rawdata.s3.amazonaws.com/EfileData/XmlFiles/202212139349100521_public.xml,14eaaf8a9c8f748a,phase3-2026-08-04.1
842220090,Northern Trust Foundation,202303119349102110,2022,990PF,2022v5.0,2022-01-01,2022-12-31,N,1,3995220.0,3995220.0,,3995220.0,0.0,known_attachment_gap,grant schedule is a single attachment aggregate; itemization not public,0,0.0,https://gt990datalake-rawdata.s3.amazonaws.com/EfileData/XmlFiles/202303119349102110_public.xml,f868af10fff19af5,phase3-2026-08-04.1
842220090,Northern Trust Foundation,202403129349102010,2023,990PF,2023v5.1,2023-01-01,2023-12-31,N,1,2531830.0,2531830.0,,2531830.0,0.0,known_attachment_gap,grant schedule is a single attachment aggregate; itemization not public,0,0.0,https://gt990datalake-rawdata.s3.amazonaws.com/EfileData/XmlFiles/202403129349102010_public.xml,33c6f8e527c5ff66,phase3-2026-08-04.1
842220090,Northern Trust Foundation,202511219349101961,2024,990PF,2024v5.1,2024-01-01,2024-12-31,N,1,3339000.0,3339000.0,,3339000.0,0.0,known_attachment_gap,grant schedule is a single attachment aggregate; itemization not public,0,0.0,https://gt990datalake-rawdata.s3.amazonaws.com/EfileData/XmlFiles/202511219349101961_public.xml,bd34f1b975aa4075,phase3-2026-08-04.1
843854465,Bluespruce Foundation,202222379349100312,2021,990PF,2021v4.2,2021-01-01,2021-12-31,N,13,135000.0,135000.0,,135000.0,0.0,reconciled,row sum ties printed line-3a total within $1,5,19250.0,https://gt990datalake-rawdata.s3.amazonaws.com/EfileData/XmlFiles/202222379349100312_public.xml,ea778f9c38bdc1ea,phase3-2026-08-04.1
843854465,Bluespruce Foundation,202300599349100610,2022,990PF,2022v4.1,2022-01-01,2022-12-31,N,20,510600.0,510600.0,,510600.0,0.0,reconciled,row sum ties printed line-3a total within $1,6,23000.0,https://gt990datalake-rawdata.s3.amazonaws.com/EfileData/XmlFiles/202300599349100610_public.xml,8ab860a4d17aa6ed,phase3-2026-08-04.1
843854465,Bluespruce Foundation,202431359349103403,2023,990PF,2023v5.0,2023-01-01,2023-12-31,N,14,1205095.0,1205095.0,,1205095.0,0.0,reconciled,row sum ties printed line-3a total within $1,4,18000.0,https://gt990datalake-rawdata.s3.amazonaws.com/EfileData/XmlFiles/202431359349103403_public.xml,13132181968b6ef1,phase3-2026-08-04.1
843854465,Bluespruce Foundation,202521359349102057,2024,990PF,2024v5.1,2024-01-01,2024-12-31,N,15,2446512.0,2446512.0,,2446511.0,0.0,reconciled,row sum ties printed line-3a total within $1,5,15000.0,https://gt990datalake-rawdata.s3.amazonaws.com/EfileData/XmlFiles/202521359349102057_public.xml,d8c7eb80434ef96c,phase3-2026-08-04.1
846025403,Woodward Governor Charitable Trust,202233199349109718,2021,990PF,2021v4.2,2021-01-01,2021-12-31,N,92,2190840.0,2190840.0,,2190840.0,0.0,reconciled,row sum ties printed line-3a total within $1,5,18750.0,https://gt990datalake-rawdata.s3.amazonaws.com/EfileData/XmlFiles/202233199349109718_public.xml,85de577203c36cab,phase3-2026-08-04.1
846025403,Woodward Governor Charitable Trust,202323189349103902,2022,990PF,2022v5.0,2022-01-01,2022-12-31,N,86,1540606.0,1540606.0,,1540606.0,0.0,reconciled,row sum ties printed line-3a total within $1,4,18500.0,https://gt990datalake-rawdata.s3.amazonaws.com/EfileData/XmlFiles/202323189349103902_public.xml,1e66f0274effd715,phase3-2026-08-04.1
846025403,Woodward Governor Charitable Trust,202432649349101008,2023,990PF,2023v5.1,2023-01-01,2023-12-31,N,96,1446000.0,1446000.0,,1446000.0,0.0,reconciled,row sum ties printed line-3a total within $1,8,27900.0,https://gt990datalake-rawdata.s3.amazonaws.com/EfileData/XmlFiles/202432649349101008_public.xml,18630981606e038e,phase3-2026-08-04.1
846025403,Woodward Governor Charitable Trust,202503169349101020,2024,990PF,2024v5.2,2024-01-01,2024-12-31,N,98,3702000.0,3702000.0,,3702000.0,0.0,reconciled,row sum ties printed line-3a total within $1,4,18000.0,https://gt990datalake-rawdata.s3.amazonaws.com/EfileData/XmlFiles/202503169349101020_public.xml,27aa52c8ae727b07,phase3-2026-08-04.1
854391880,R J Samulski Innovation Foundation INC,202232989349100523,2021,990PF,2021v4.2,2021-01-01,2021-12-31,N,11,130000.0,130000.0,,130000.0,0.0,reconciled,row sum ties printed line-3a total within $1,0,0.0,https://gt990datalake-rawdata.s3.amazonaws.com/EfileData/XmlFiles/202232989349100523_public.xml,db6365e05acc717f,phase3-2026-08-04.1
854391880,R J Samulski Innovation Foundation INC,202303039349100900,2022,990PF,2022v5.0,2022-01-01,2022-12-31,N,1,2500000.0,2500000.0,,2500000.0,0.0,reconciled,row sum ties printed line-3a total within $1,0,0.0,https://gt990datalake-rawdata.s3.amazonaws.com/EfileData/XmlFiles/202303039349100900_public.xml,e57178294ff0d8bc,phase3-2026-08-04.1
854391880,R J Samulski Innovation Foundation INC,202412489349100906,2023,990PF,2023v5.1,2023-01-01,2023-12-31,N,1,2300000.0,2300000.0,,2300000.0,0.0,reconciled,row sum ties printed line-3a total within $1,0,0.0,https://gt990datalake-rawdata.s3.amazonaws.com/EfileData/XmlFiles/202412489349100906_public.xml,7bad7b2a784ca809,phase3-2026-08-04.1
854391880,R J Samulski Innovation Foundation INC,202533159349102523,2024,990PF,2024v5.2,2024-01-01,2024-12-31,N,2,2555333.0,2555333.0,,2555333.0,0.0,reconciled,row sum ties printed line-3a total within $1,0,0.0,https://gt990datalake-rawdata.s3.amazonaws.com/EfileData/XmlFiles/202533159349102523_public.xml,5b08f8bc8795ef64,phase3-2026-08-04.1
856152110,Louise H Neuhoff Charitable Trust,202203139349101520,2021,990PF,2021v4.0,2021-01-01,2021-12-31,N,0,0.0,,,0.0,,no_control_total,filing publishes no Part XV or Part I grants total,0,0.0,https://gt990datalake-rawdata.s3.amazonaws.com/EfileData/XmlFiles/202203139349101520_public.xml,f958312a07372211,phase3-2026-08-04.1
856152110,Louise H Neuhoff Charitable Trust,202312199349100721,2022,990PF,2022v5.0,2022-01-01,2022-12-31,N,4,24044.0,24044.0,,24044.0,0.0,reconciled,row sum ties printed line-3a total within $1,0,0.0,https://gt990datalake-rawdata.s3.amazonaws.com/EfileData/XmlFiles/202312199349100721_public.xml,46ea30fb61f1daf5,phase3-2026-08-04.1
856152110,Louise H Neuhoff Charitable Trust,202441289349104219,2023,990PF,2023v5.0,2023-01-01,2023-12-31,N,4,1200000.0,1200000.0,,1200000.0,0.0,reconciled,row sum ties printed line-3a total within $1,3,900000.0,https://gt990datalake-rawdata.s3.amazonaws.com/EfileData/XmlFiles/202441289349104219_public.xml,88009ed2730cc73d,phase3-2026-08-04.1
856152110,Louise H Neuhoff Charitable Trust,202531219349101813,2024,990PF,2024v5.1,2024-01-01,2024-12-31,N,4,1200000.0,1200000.0,,1200000.0,0.0,reconciled,row sum ties printed line-3a total within $1,3,900000.0,https://gt990datalake-rawdata.s3.amazonaws.com/EfileData/XmlFiles/202531219349101813_public.xml,2d3e36fa896c899f,phase3-2026-08-04.1
871791008,Robert and Penelope Steiner Family Foundation,202310599349100401,2021,990PF,2021v4.2,2021-06-25,2021-12-31,N,1,2000000.0,2000000.0,,2000000.0,0.0,reconciled,row sum ties printed line-3a total within $1,0,0.0,https://gt990datalake-rawdata.s3.amazonaws.com/EfileData/XmlFiles/202310599349100401_public.xml,26d31a8d577dfbac,phase3-2026-08-04.1
871791008,Robert and Penelope Steiner Family Foundation,202322499349100807,2022,990PF,2022v5.0,2022-01-01,2022-12-31,N,8,1550000.0,1550000.0,,1550000.0,0.0,reconciled,row sum ties printed line-3a total within $1,7,1450000.0,https://gt990datalake-rawdata.s3.amazonaws.com/EfileData/XmlFiles/202322499349100807_public.xml,99d14bf31f27ea7b,phase3-2026-08-04.1
871791008,Robert and Penelope Steiner Family Foundation,202432399349100018,2023,990PF,2023v5.1,2023-01-01,2023-12-31,N,12,1544000.0,1544000.0,,1544000.0,0.0,reconciled,row sum ties printed line-3a total within $1,10,1375000.0,https://gt990datalake-rawdata.s3.amazonaws.com/EfileData/XmlFiles/202432399349100018_public.xml,ea922c116c9916b1,phase3-2026-08-04.1
871791008,Robert and Penelope Steiner Family Foundation,202513149349102311,2024,990PF,2024v5.2,2024-01-01,2024-12-31,N,9,2619000.0,2619000.0,,2619000.0,0.0,reconciled,row sum ties printed line-3a total within $1,7,2450000.0,https://gt990datalake-rawdata.s3.amazonaws.com/EfileData/XmlFiles/202513149349102311_public.xml,494a740fcd962f48,phase3-2026-08-04.1
873500519,The Keywell Foundation,202333189349104623,2022,990PF,2022v5.0,2022-05-19,2022-12-31,N,1,999460.0,999460.0,,999460.0,0.0,known_attachment_gap,grant schedule is a single attachment aggregate; itemization not public,0,0.0,https://gt990datalake-rawdata.s3.amazonaws.com/EfileData/XmlFiles/202333189349104623_public.xml,194defb3eb90a667,phase3-2026-08-04.1
873500519,The Keywell Foundation,202423209349102472,2023,990PF,2023v5.1,2023-01-01,2023-12-31,N,1,1288150.0,1288150.0,,1288150.0,0.0,known_attachment_gap,grant schedule is a single attachment aggregate; itemization not public,0,0.0,https://gt990datalake-rawdata.s3.amazonaws.com/EfileData/XmlFiles/202423209349102472_public.xml,de8c36ead1e16701,phase3-2026-08-04.1
873500519,The Keywell Foundation,202521969349100517,2024,990PF,2024v5.2,2024-01-01,2024-12-31,N,1,609000.0,609000.0,,609000.0,0.0,known_attachment_gap,grant schedule is a single attachment aggregate; itemization not public,0,0.0,https://gt990datalake-rawdata.s3.amazonaws.com/EfileData/XmlFiles/202521969349100517_public.xml,b20d624865ef18ca,phase3-2026-08-04.1
874395915,Arthur O Silver Foundation,202311789349100906,2022,990PF,2022v5.0,2022-01-01,2022-12-31,N,2,2000000.0,2000000.0,,2000000.0,0.0,reconciled,row sum ties printed line-3a total within $1,2,2000000.0,https://gt990datalake-rawdata.s3.amazonaws.com/EfileData/XmlFiles/202311789349100906_public.xml,adc0f9215fe4598f,phase3-2026-08-04.1
874395915,Arthur O Silver Foundation,202541369349100134,2023,990PF,2023v6.0,2023-01-01,2023-12-31,N,2,1150000.0,1150000.0,,1150000.0,0.0,reconciled,row sum ties printed line-3a total within $1,1,950000.0,https://gt990datalake-rawdata.s3.amazonaws.com/EfileData/XmlFiles/202541369349100134_public.xml,94e9090e5774387f,phase3-2026-08-04.1
874395915,Arthur O Silver Foundation,202511299349100846,2024,990PF,2024v5.1,2024-01-01,2024-12-31,N,4,1113000.0,1113000.0,,1113000.0,0.0,reconciled,row sum ties printed line-3a total within $1,3,863000.0,https://gt990datalake-rawdata.s3.amazonaws.com/EfileData/XmlFiles/202511299349100846_public.xml,f9e7b62f088abad6,phase3-2026-08-04.1
876893164,Brumfield Genrev Foundation,202211299349100741,2021,990PF,2021v4.2,2021-12-16,2021-12-31,N,1,10000.0,10000.0,,10000.0,0.0,reconciled,row sum ties printed line-3a total within $1,0,0.0,https://gt990datalake-rawdata.s3.amazonaws.com/EfileData/XmlFiles/202211299349100741_public.xml,1a1f51b5600c45af,phase3-2026-08-04.1
876893164,Brumfield Genrev Foundation,202321359349101962,2022,990PF,2022v5.0,2022-01-01,2022-12-31,N,4,71250.0,71250.0,,71250.0,0.0,reconciled,row sum ties printed line-3a total within $1,0,0.0,https://gt990datalake-rawdata.s3.amazonaws.com/EfileData/XmlFiles/202321359349101962_public.xml,d9b46e8596d81e92,phase3-2026-08-04.1
876893164,Brumfield Genrev Foundation,202401359349101620,2023,990PF,2023v5.0,2023-01-01,2023-12-31,N,22,1344000.0,1344000.0,,1344000.0,0.0,reconciled,row sum ties printed line-3a total within $1,2,2000.0,https://gt990datalake-rawdata.s3.amazonaws.com/EfileData/XmlFiles/202401359349101620_public.xml,f88efb0e0b018dea,phase3-2026-08-04.1
876893164,Brumfield Genrev Foundation,202531679349100673,2024,990PF,2024v5.1,2024-01-01,2024-12-31,N,18,1405600.0,1405600.0,,1405600.0,0.0,reconciled,row sum ties printed line-3a total within $1,2,15000.0,https://gt990datalake-rawdata.s3.amazonaws.com/EfileData/XmlFiles/202531679349100673_public.xml,8273ebcc25670706,phase3-2026-08-04.1
883337050,BRCA Research & Cure Alliance,202421839349100512,2023,990PF,2023v5.0,2023-01-01,2023-12-31,N,5,1155000.0,1155000.0,,1155000.0,0.0,reconciled,row sum ties printed line-3a total within $1,0,0.0,https://gt990datalake-rawdata.s3.amazonaws.com/EfileData/XmlFiles/202421839349100512_public.xml,b5becd8fe30939b3,phase3-2026-08-04.1
883337050,BRCA Research & Cure Alliance,202523039349101702,2024,990PF,2024v5.2,2024-01-01,2024-12-31,N,5,905000.0,905000.0,,905000.0,0.0,reconciled,row sum ties printed line-3a total within $1,0,0.0,https://gt990datalake-rawdata.s3.amazonaws.com/EfileData/XmlFiles/202523039349101702_public.xml,9b9b833cd3b52111,phase3-2026-08-04.1
956092682,Nesbitt Foundation,202231529349101203,2021,990PF,2021v4.1,2021-01-01,2021-12-31,N,0,0.0,,,0.0,,no_control_total,filing publishes no Part XV or Part I grants total,0,0.0,https://gt990datalake-rawdata.s3.amazonaws.com/EfileData/XmlFiles/202231529349101203_public.xml,4af1a2277e1a4884,phase3-2026-08-04.1
956092682,Nesbitt Foundation,202311259349101846,2022,990PF,2022v5.0,2022-01-01,2022-12-31,N,0,0.0,,,0.0,,no_control_total,filing publishes no Part XV or Part I grants total,0,0.0,https://gt990datalake-rawdata.s3.amazonaws.com/EfileData/XmlFiles/202311259349101846_public.xml,13818d11d5417fc4,phase3-2026-08-04.1
956092682,Nesbitt Foundation,202401289349104220,2023,990PF,2023v5.0,2023-01-01,2023-12-31,N,15,1070000.0,1070000.0,,1070000.0,0.0,reconciled,row sum ties printed line-3a total within $1,0,0.0,https://gt990datalake-rawdata.s3.amazonaws.com/EfileData/XmlFiles/202401289349104220_public.xml,b9296dd32b7000be,phase3-2026-08-04.1
956092682,Nesbitt Foundation,202501219349101960,2024,990PF,2024v5.1,2024-01-01,2024-12-31,N,15,1190000.0,1190000.0,,1190000.0,0.0,reconciled,row sum ties printed line-3a total within $1,0,0.0,https://gt990datalake-rawdata.s3.amazonaws.com/EfileData/XmlFiles/202501219349101960_public.xml,a03dcc1914ceaf7d,phase3-2026-08-04.1
