foundation,tax_year,recipient,address_line1,city,state,zip,amount,purpose,source_form,lat,lng,locType,exclusion_reason,object_id,reconciliation_status
Lefkofsky Family Foundation,2021,SEE ATTACHED STATEMENT OF CONTRIBUTIONS,600 West Chicago Ave Suite 510,CHICAGO,IL,60654,3497953.0,CHARITABLE,990-PF,,,intermediary_or_citywide,aggregate_only_no_itemization,202233199349109223,known_attachment_gap
Lefkofsky Family Foundation,2022,SEE ATTACHED STATEMENT OF CONTRIBUTIONS,600 West Chicago Ave Suite 510,CHICAGO,IL,60654,6706256.0,CHARITABLE,990-PF,,,intermediary_or_citywide,aggregate_only_no_itemization,202323199349109052,known_attachment_gap
Lefkofsky Family Foundation,2023,SEE ATTACHED STATEMENT OF CONTRIBUTIONS,600 West Chicago Ave Suite 510,CHICAGO,IL,60654,7113731.0,CHARITABLE,990-PF,,,intermediary_or_citywide,aggregate_only_no_itemization,202423209349106197,known_attachment_gap
Lefkofsky Family Foundation,2024,SEE ATTACHED STATEMENT OF CONTRIBUTIONS,600 West Chicago Ave Suite 510,CHICAGO,IL,60654,6620337.0,CHARITABLE,990-PF,,,intermediary_or_citywide,aggregate_only_no_itemization,202523219349107682,known_attachment_gap
The Joseph and Bessie Feinberg Foundation,2021,69TH STREET BLOCK CLUB GARDEN,415 EAST NORTH WATER STREET 2301,CHICAGO,IL,60611,3100,"GENERAL UNRESTRICTED, EXEMPT PURPOSE OF ORGANIZATION",990-PF,,,intermediary_or_citywide,"review_excluded_filing: filer-address artifact: every recipient row in all four filings carries the foundation's own office as the recipient address; recipient names and dollars are real and reconciled, recipient geography is not published — held whole, funder-exchange ask attached",,review_excluded
The Joseph and Bessie Feinberg Foundation,2021,ABOVE AND BEYOND FAMILY RECOVERY,415 EAST NORTH WATER STREET 2301,CHICAGO,IL,60611,1000,"GENERAL UNRESTRICTED, EXEMPT PURPOSE OF ORGANIZATION",990-PF,,,intermediary_or_citywide,"review_excluded_filing: filer-address artifact: every recipient row in all four filings carries the foundation's own office as the recipient address; recipient names and dollars are real and reconciled, recipient geography is not published — held whole, funder-exchange ask attached",,review_excluded
The Joseph and Bessie Feinberg Foundation,2021,AFTER SCHOOL MATTERS,415 EAST NORTH WATER STREET 2301,CHICAGO,IL,60611,25000,"GENERAL UNRESTRICTED, EXEMPT PURPOSE OF ORGANIZATION",990-PF,,,intermediary_or_citywide,"review_excluded_filing: filer-address artifact: every recipient row in all four filings carries the foundation's own office as the recipient address; recipient names and dollars are real and reconciled, recipient geography is not published — held whole, funder-exchange ask attached",,review_excluded
The Joseph and Bessie Feinberg Foundation,2021,ALBANY PARK THEATER PROJECT,415 EAST NORTH WATER STREET 2301,CHICAGO,IL,60611,130000,"GENERAL UNRESTRICTED, EXEMPT PURPOSE OF ORGANIZATION",990-PF,,,intermediary_or_citywide,"review_excluded_filing: filer-address artifact: every recipient row in all four filings carries the foundation's own office as the recipient address; recipient names and dollars are real and reconciled, recipient geography is not published — held whole, funder-exchange ask attached",,review_excluded
The Joseph and Bessie Feinberg Foundation,2021,ASSOCIATION FOR PROFESSIONAL DOG TRAINERS FOUNDATION,415 EAST NORTH WATER STREET 2301,CHICAGO,IL,60611,15000,"GENERAL UNRESTRICTED, EXEMPT PURPOSE OF ORGANIZATION",990-PF,,,intermediary_or_citywide,"review_excluded_filing: filer-address artifact: every recipient row in all four filings carries the foundation's own office as the recipient address; recipient names and dollars are real and reconciled, recipient geography is not published — held whole, funder-exchange ask attached",,review_excluded
The Joseph and Bessie Feinberg Foundation,2021,BETTER GOVERNMENT ASSOCIATION,415 EAST NORTH WATER STREET 2301,CHICAGO,IL,60611,25000,"GENERAL UNRESTRICTED, EXEMPT PURPOSE OF ORGANIZATION",990-PF,,,intermediary_or_citywide,"review_excluded_filing: filer-address artifact: every recipient row in all four filings carries the foundation's own office as the recipient address; recipient names and dollars are real and reconciled, recipient geography is not published — held whole, funder-exchange ask attached",,review_excluded
The Joseph and Bessie Feinberg Foundation,2021,BLACK GIRL WHITE COAT,415 EAST NORTH WATER STREET 2301,CHICAGO,IL,60611,5000,"GENERAL UNRESTRICTED, EXEMPT PURPOSE OF ORGANIZATION",990-PF,,,intermediary_or_citywide,"review_excluded_filing: filer-address artifact: every recipient row in all four filings carries the foundation's own office as the recipient address; recipient names and dollars are real and reconciled, recipient geography is not published — held whole, funder-exchange ask attached",,review_excluded
The Joseph and Bessie Feinberg Foundation,2021,BLOCK CLUB CHICAGO,415 EAST NORTH WATER STREET 2301,CHICAGO,IL,60611,10000,"GENERAL UNRESTRICTED, EXEMPT PURPOSE OF ORGANIZATION",990-PF,,,intermediary_or_citywide,"review_excluded_filing: filer-address artifact: every recipient row in all four filings carries the foundation's own office as the recipient address; recipient names and dollars are real and reconciled, recipient geography is not published — held whole, funder-exchange ask attached",,review_excluded
The Joseph and Bessie Feinberg Foundation,2021,BOULEVARD,415 EAST NORTH WATER STREET 2301,CHICAGO,IL,60611,50000,"GENERAL UNRESTRICTED, EXEMPT PURPOSE OF ORGANIZATION",990-PF,,,intermediary_or_citywide,"review_excluded_filing: filer-address artifact: every recipient row in all four filings carries the foundation's own office as the recipient address; recipient names and dollars are real and reconciled, recipient geography is not published — held whole, funder-exchange ask attached",,review_excluded
The Joseph and Bessie Feinberg Foundation,2021,BRIGHTER FUTURES FOR PHILLIPS,415 EAST NORTH WATER STREET 2301,CHICAGO,IL,60611,100000,"GENERAL UNRESTRICTED, EXEMPT PURPOSE OF ORGANIZATION",990-PF,,,intermediary_or_citywide,"review_excluded_filing: filer-address artifact: every recipient row in all four filings carries the foundation's own office as the recipient address; recipient names and dollars are real and reconciled, recipient geography is not published — held whole, funder-exchange ask attached",,review_excluded
The Joseph and Bessie Feinberg Foundation,2021,CANINE LYMPHOMA EDUCATION AWARENESS & RESEARCH,415 EAST NORTH WATER STREET 2301,CHICAGO,IL,60611,40000,"GENERAL UNRESTRICTED, EXEMPT PURPOSE OF ORGANIZATION",990-PF,,,intermediary_or_citywide,"review_excluded_filing: filer-address artifact: every recipient row in all four filings carries the foundation's own office as the recipient address; recipient names and dollars are real and reconciled, recipient geography is not published — held whole, funder-exchange ask attached",,review_excluded
The Joseph and Bessie Feinberg Foundation,2021,CARA CHICAGO,415 EAST NORTH WATER STREET 2301,CHICAGO,IL,60611,7500,"GENERAL UNRESTRICTED, EXEMPT PURPOSE OF ORGANIZATION",990-PF,,,intermediary_or_citywide,"review_excluded_filing: filer-address artifact: every recipient row in all four filings carries the foundation's own office as the recipient address; recipient names and dollars are real and reconciled, recipient geography is not published — held whole, funder-exchange ask attached",,review_excluded
The Joseph and Bessie Feinberg Foundation,2021,CHABAD OF CALABASAS,415 EAST NORTH WATER STREET 2301,CHICAGO,IL,60611,25000,"GENERAL UNRESTRICTED, EXEMPT PURPOSE OF ORGANIZATION",990-PF,,,intermediary_or_citywide,"review_excluded_filing: filer-address artifact: every recipient row in all four filings carries the foundation's own office as the recipient address; recipient names and dollars are real and reconciled, recipient geography is not published — held whole, funder-exchange ask attached",,review_excluded
The Joseph and Bessie Feinberg Foundation,2021,CHANGE ILLINOIS,415 EAST NORTH WATER STREET 2301,CHICAGO,IL,60611,25000,"GENERAL UNRESTRICTED, EXEMPT PURPOSE OF ORGANIZATION",990-PF,,,intermediary_or_citywide,"review_excluded_filing: filer-address artifact: every recipient row in all four filings carries the foundation's own office as the recipient address; recipient names and dollars are real and reconciled, recipient geography is not published — held whole, funder-exchange ask attached",,review_excluded
The Joseph and Bessie Feinberg Foundation,2021,CHARITYWATCH,415 EAST NORTH WATER STREET 2301,CHICAGO,IL,60611,50,"GENERAL UNRESTRICTED, EXEMPT PURPOSE OF ORGANIZATION",990-PF,,,intermediary_or_citywide,"review_excluded_filing: filer-address artifact: every recipient row in all four filings carries the foundation's own office as the recipient address; recipient names and dollars are real and reconciled, recipient geography is not published — held whole, funder-exchange ask attached",,review_excluded
The Joseph and Bessie Feinberg Foundation,2021,CHICAGO COUNCIL ON SCIENCE & TECHNOLOGY,415 EAST NORTH WATER STREET 2301,CHICAGO,IL,60611,2500,"GENERAL UNRESTRICTED, EXEMPT PURPOSE OF ORGANIZATION",990-PF,,,intermediary_or_citywide,"review_excluded_filing: filer-address artifact: every recipient row in all four filings carries the foundation's own office as the recipient address; recipient names and dollars are real and reconciled, recipient geography is not published — held whole, funder-exchange ask attached",,review_excluded
The Joseph and Bessie Feinberg Foundation,2021,CHICAGO FOOD POLICY ACTION COUNCIL - CHIFRESH KITCHENCHICAGO,415 EAST NORTH WATER STREET 2301,CHICAGO,IL,60611,5000,"GENERAL UNRESTRICTED, EXEMPT PURPOSE OF ORGANIZATION",990-PF,,,intermediary_or_citywide,"review_excluded_filing: filer-address artifact: every recipient row in all four filings carries the foundation's own office as the recipient address; recipient names and dollars are real and reconciled, recipient geography is not published — held whole, funder-exchange ask attached",,review_excluded
The Joseph and Bessie Feinberg Foundation,2021,CHICAGO FOUNDATION FOR WOMEN,415 EAST NORTH WATER STREET 2301,CHICAGO,IL,60611,7500,"GENERAL UNRESTRICTED, EXEMPT PURPOSE OF ORGANIZATION",990-PF,,,intermediary_or_citywide,"review_excluded_filing: filer-address artifact: every recipient row in all four filings carries the foundation's own office as the recipient address; recipient names and dollars are real and reconciled, recipient geography is not published — held whole, funder-exchange ask attached",,review_excluded
The Joseph and Bessie Feinberg Foundation,2021,CHICAGO FURNITURE BANK,415 EAST NORTH WATER STREET 2301,CHICAGO,IL,60611,10000,"GENERAL UNRESTRICTED, EXEMPT PURPOSE OF ORGANIZATION",990-PF,,,intermediary_or_citywide,"review_excluded_filing: filer-address artifact: every recipient row in all four filings carries the foundation's own office as the recipient address; recipient names and dollars are real and reconciled, recipient geography is not published — held whole, funder-exchange ask attached",,review_excluded
The Joseph and Bessie Feinberg Foundation,2021,CHICAGO HELP INITIATIVE,415 EAST NORTH WATER STREET 2301,CHICAGO,IL,60611,10000,"GENERAL UNRESTRICTED, EXEMPT PURPOSE OF ORGANIZATION",990-PF,,,intermediary_or_citywide,"review_excluded_filing: filer-address artifact: every recipient row in all four filings carries the foundation's own office as the recipient address; recipient names and dollars are real and reconciled, recipient geography is not published — held whole, funder-exchange ask attached",,review_excluded
The Joseph and Bessie Feinberg Foundation,2021,CHICAGO HOPES FOR KIDS,415 EAST NORTH WATER STREET 2301,CHICAGO,IL,60611,35000,"GENERAL UNRESTRICTED, EXEMPT PURPOSE OF ORGANIZATION",990-PF,,,intermediary_or_citywide,"review_excluded_filing: filer-address artifact: every recipient row in all four filings carries the foundation's own office as the recipient address; recipient names and dollars are real and reconciled, recipient geography is not published — held whole, funder-exchange ask attached",,review_excluded
The Joseph and Bessie Feinberg Foundation,2021,CHICAGO LAWYER'S COMMITTEE FOR CIVIL RIGHTS,415 EAST NORTH WATER STREET 2301,CHICAGO,IL,60611,7500,"GENERAL UNRESTRICTED, EXEMPT PURPOSE OF ORGANIZATION",990-PF,,,intermediary_or_citywide,"review_excluded_filing: filer-address artifact: every recipient row in all four filings carries the foundation's own office as the recipient address; recipient names and dollars are real and reconciled, recipient geography is not published — held whole, funder-exchange ask attached",,review_excluded
The Joseph and Bessie Feinberg Foundation,2021,CHICAGO PUBLIC MEDIA,415 EAST NORTH WATER STREET 2301,CHICAGO,IL,60611,25000,"GENERAL UNRESTRICTED, EXEMPT PURPOSE OF ORGANIZATION",990-PF,,,intermediary_or_citywide,"review_excluded_filing: filer-address artifact: every recipient row in all four filings carries the foundation's own office as the recipient address; recipient names and dollars are real and reconciled, recipient geography is not published — held whole, funder-exchange ask attached",,review_excluded
The Joseph and Bessie Feinberg Foundation,2021,READER INSTITUTE FOR COMMUNITY JOURNALISM,415 EAST NORTH WATER STREET 2301,CHICAGO,IL,60611,12500,"GENERAL UNRESTRICTED, EXEMPT PURPOSE OF ORGANIZATION",990-PF,,,intermediary_or_citywide,"review_excluded_filing: filer-address artifact: every recipient row in all four filings carries the foundation's own office as the recipient address; recipient names and dollars are real and reconciled, recipient geography is not published — held whole, funder-exchange ask attached",,review_excluded
The Joseph and Bessie Feinberg Foundation,2021,CHICAGO SURVIVORS,415 EAST NORTH WATER STREET 2301,CHICAGO,IL,60611,15000,"GENERAL UNRESTRICTED, EXEMPT PURPOSE OF ORGANIZATION",990-PF,,,intermediary_or_citywide,"review_excluded_filing: filer-address artifact: every recipient row in all four filings carries the foundation's own office as the recipient address; recipient names and dollars are real and reconciled, recipient geography is not published — held whole, funder-exchange ask attached",,review_excluded
The Joseph and Bessie Feinberg Foundation,2021,CHICAGO TORTURE JUSTICE CENTER,415 EAST NORTH WATER STREET 2301,CHICAGO,IL,60611,25000,"GENERAL UNRESTRICTED, EXEMPT PURPOSE OF ORGANIZATION",990-PF,,,intermediary_or_citywide,"review_excluded_filing: filer-address artifact: every recipient row in all four filings carries the foundation's own office as the recipient address; recipient names and dollars are real and reconciled, recipient geography is not published — held whole, funder-exchange ask attached",,review_excluded
The Joseph and Bessie Feinberg Foundation,2021,CHICAGO YOUTH CENTERS,415 EAST NORTH WATER STREET 2301,CHICAGO,IL,60611,5000,"GENERAL UNRESTRICTED, EXEMPT PURPOSE OF ORGANIZATION",990-PF,,,intermediary_or_citywide,"review_excluded_filing: filer-address artifact: every recipient row in all four filings carries the foundation's own office as the recipient address; recipient names and dollars are real and reconciled, recipient geography is not published — held whole, funder-exchange ask attached",,review_excluded
The Joseph and Bessie Feinberg Foundation,2021,CJE SENIORLIFE,415 EAST NORTH WATER STREET 2301,CHICAGO,IL,60611,25000,"GENERAL UNRESTRICTED, EXEMPT PURPOSE OF ORGANIZATION",990-PF,,,intermediary_or_citywide,"review_excluded_filing: filer-address artifact: every recipient row in all four filings carries the foundation's own office as the recipient address; recipient names and dollars are real and reconciled, recipient geography is not published — held whole, funder-exchange ask attached",,review_excluded
The Joseph and Bessie Feinberg Foundation,2021,COLLABORACTION THEATER,415 EAST NORTH WATER STREET 2301,CHICAGO,IL,60611,28000,"GENERAL UNRESTRICTED, EXEMPT PURPOSE OF ORGANIZATION",990-PF,,,intermediary_or_citywide,"review_excluded_filing: filer-address artifact: every recipient row in all four filings carries the foundation's own office as the recipient address; recipient names and dollars are real and reconciled, recipient geography is not published — held whole, funder-exchange ask attached",,review_excluded
The Joseph and Bessie Feinberg Foundation,2021,COMMUNITYHEALTH,415 EAST NORTH WATER STREET 2301,CHICAGO,IL,60611,50000,"GENERAL UNRESTRICTED, EXEMPT PURPOSE OF ORGANIZATION",990-PF,,,intermediary_or_citywide,"review_excluded_filing: filer-address artifact: every recipient row in all four filings carries the foundation's own office as the recipient address; recipient names and dollars are real and reconciled, recipient geography is not published — held whole, funder-exchange ask attached",,review_excluded
The Joseph and Bessie Feinberg Foundation,2021,CONGO SQUARE THEATRE COMPANY,415 EAST NORTH WATER STREET 2301,CHICAGO,IL,60611,7500,"GENERAL UNRESTRICTED, EXEMPT PURPOSE OF ORGANIZATION",990-PF,,,intermediary_or_citywide,"review_excluded_filing: filer-address artifact: every recipient row in all four filings carries the foundation's own office as the recipient address; recipient names and dollars are real and reconciled, recipient geography is not published — held whole, funder-exchange ask attached",,review_excluded
The Joseph and Bessie Feinberg Foundation,2021,CONGREGATION OR AMI,415 EAST NORTH WATER STREET 2301,CHICAGO,IL,60611,60000,"GENERAL UNRESTRICTED, EXEMPT PURPOSE OF ORGANIZATION",990-PF,,,intermediary_or_citywide,"review_excluded_filing: filer-address artifact: every recipient row in all four filings carries the foundation's own office as the recipient address; recipient names and dollars are real and reconciled, recipient geography is not published — held whole, funder-exchange ask attached",,review_excluded
The Joseph and Bessie Feinberg Foundation,2021,CONNECTIONS FOR THE HOMELESS,415 EAST NORTH WATER STREET 2301,CHICAGO,IL,60611,50000,"GENERAL UNRESTRICTED, EXEMPT PURPOSE OF ORGANIZATION",990-PF,,,intermediary_or_citywide,"review_excluded_filing: filer-address artifact: every recipient row in all four filings carries the foundation's own office as the recipient address; recipient names and dollars are real and reconciled, recipient geography is not published — held whole, funder-exchange ask attached",,review_excluded
The Joseph and Bessie Feinberg Foundation,2021,COVENANT HOUSE ILLINOIS,415 EAST NORTH WATER STREET 2301,CHICAGO,IL,60611,25000,"GENERAL UNRESTRICTED, EXEMPT PURPOSE OF ORGANIZATION",990-PF,,,intermediary_or_citywide,"review_excluded_filing: filer-address artifact: every recipient row in all four filings carries the foundation's own office as the recipient address; recipient names and dollars are real and reconciled, recipient geography is not published — held whole, funder-exchange ask attached",,review_excluded
The Joseph and Bessie Feinberg Foundation,2021,CROSSROADS FUND CHICAGO INDEPENDENT MEDIA ALLIANCE,415 EAST NORTH WATER STREET 2301,CHICAGO,IL,60611,15000,"GENERAL UNRESTRICTED, EXEMPT PURPOSE OF ORGANIZATION",990-PF,,,intermediary_or_citywide,"review_excluded_filing: filer-address artifact: every recipient row in all four filings carries the foundation's own office as the recipient address; recipient names and dollars are real and reconciled, recipient geography is not published — held whole, funder-exchange ask attached",,review_excluded
The Joseph and Bessie Feinberg Foundation,2021,DOVETAIL PROJECT,415 EAST NORTH WATER STREET 2301,CHICAGO,IL,60611,25000,"GENERAL UNRESTRICTED, EXEMPT PURPOSE OF ORGANIZATION",990-PF,,,intermediary_or_citywide,"review_excluded_filing: filer-address artifact: every recipient row in all four filings carries the foundation's own office as the recipient address; recipient names and dollars are real and reconciled, recipient geography is not published — held whole, funder-exchange ask attached",,review_excluded
The Joseph and Bessie Feinberg Foundation,2021,DR MARTIN LUTHER KING JR ACADEMY OF SOCIAL JUSTICE,415 EAST NORTH WATER STREET 2301,CHICAGO,IL,60611,5000,"GENERAL UNRESTRICTED, EXEMPT PURPOSE OF ORGANIZATION",990-PF,,,intermediary_or_citywide,"review_excluded_filing: filer-address artifact: every recipient row in all four filings carries the foundation's own office as the recipient address; recipient names and dollars are real and reconciled, recipient geography is not published — held whole, funder-exchange ask attached",,review_excluded
The Joseph and Bessie Feinberg Foundation,2021,DREAM ON EDUCATION,415 EAST NORTH WATER STREET 2301,CHICAGO,IL,60611,1500,"GENERAL UNRESTRICTED, EXEMPT PURPOSE OF ORGANIZATION",990-PF,,,intermediary_or_citywide,"review_excluded_filing: filer-address artifact: every recipient row in all four filings carries the foundation's own office as the recipient address; recipient names and dollars are real and reconciled, recipient geography is not published — held whole, funder-exchange ask attached",,review_excluded
The Joseph and Bessie Feinberg Foundation,2021,DUSABLE MUSEUM,415 EAST NORTH WATER STREET 2301,CHICAGO,IL,60611,5000,"GENERAL UNRESTRICTED, EXEMPT PURPOSE OF ORGANIZATION",990-PF,,,intermediary_or_citywide,"review_excluded_filing: filer-address artifact: every recipient row in all four filings carries the foundation's own office as the recipient address; recipient names and dollars are real and reconciled, recipient geography is not published — held whole, funder-exchange ask attached",,review_excluded
The Joseph and Bessie Feinberg Foundation,2021,ECHOES OF HOPE,415 EAST NORTH WATER STREET 2301,CHICAGO,IL,60611,75000,"GENERAL UNRESTRICTED, EXEMPT PURPOSE OF ORGANIZATION",990-PF,,,intermediary_or_citywide,"review_excluded_filing: filer-address artifact: every recipient row in all four filings carries the foundation's own office as the recipient address; recipient names and dollars are real and reconciled, recipient geography is not published — held whole, funder-exchange ask attached",,review_excluded
The Joseph and Bessie Feinberg Foundation,2021,EQUAL HOPE,415 EAST NORTH WATER STREET 2301,CHICAGO,IL,60611,35000,"GENERAL UNRESTRICTED, EXEMPT PURPOSE OF ORGANIZATION",990-PF,,,intermediary_or_citywide,"review_excluded_filing: filer-address artifact: every recipient row in all four filings carries the foundation's own office as the recipient address; recipient names and dollars are real and reconciled, recipient geography is not published — held whole, funder-exchange ask attached",,review_excluded
The Joseph and Bessie Feinberg Foundation,2021,EQUAL JUSTICE INITIATIVE,415 EAST NORTH WATER STREET 2301,CHICAGO,IL,60611,5000,"GENERAL UNRESTRICTED, EXEMPT PURPOSE OF ORGANIZATION",990-PF,,,intermediary_or_citywide,"review_excluded_filing: filer-address artifact: every recipient row in all four filings carries the foundation's own office as the recipient address; recipient names and dollars are real and reconciled, recipient geography is not published — held whole, funder-exchange ask attached",,review_excluded
The Joseph and Bessie Feinberg Foundation,2021,ERIKSON INSTITUTE,415 EAST NORTH WATER STREET 2301,CHICAGO,IL,60611,50000,"GENERAL UNRESTRICTED, EXEMPT PURPOSE OF ORGANIZATION",990-PF,,,intermediary_or_citywide,"review_excluded_filing: filer-address artifact: every recipient row in all four filings carries the foundation's own office as the recipient address; recipient names and dollars are real and reconciled, recipient geography is not published — held whole, funder-exchange ask attached",,review_excluded
The Joseph and Bessie Feinberg Foundation,2021,FACIAL PAIN RESEARCH FOUNDATION,415 EAST NORTH WATER STREET 2301,CHICAGO,IL,60611,2500,"GENERAL UNRESTRICTED, EXEMPT PURPOSE OF ORGANIZATION",990-PF,,,intermediary_or_citywide,"review_excluded_filing: filer-address artifact: every recipient row in all four filings carries the foundation's own office as the recipient address; recipient names and dollars are real and reconciled, recipient geography is not published — held whole, funder-exchange ask attached",,review_excluded
The Joseph and Bessie Feinberg Foundation,2021,FACING FORWARD TO END HOMELESSNESS,415 EAST NORTH WATER STREET 2301,CHICAGO,IL,60611,10000,"GENERAL UNRESTRICTED, EXEMPT PURPOSE OF ORGANIZATION",990-PF,,,intermediary_or_citywide,"review_excluded_filing: filer-address artifact: every recipient row in all four filings carries the foundation's own office as the recipient address; recipient names and dollars are real and reconciled, recipient geography is not published — held whole, funder-exchange ask attached",,review_excluded
The Joseph and Bessie Feinberg Foundation,2021,FAMILY FOCUS,415 EAST NORTH WATER STREET 2301,CHICAGO,IL,60611,5000,"GENERAL UNRESTRICTED, EXEMPT PURPOSE OF ORGANIZATION",990-PF,,,intermediary_or_citywide,"review_excluded_filing: filer-address artifact: every recipient row in all four filings carries the foundation's own office as the recipient address; recipient names and dollars are real and reconciled, recipient geography is not published — held whole, funder-exchange ask attached",,review_excluded
The Joseph and Bessie Feinberg Foundation,2021,FIGUEROA-WU FAMILY FOUNDATION PILSEN FOOD BANK,415 EAST NORTH WATER STREET 2301,CHICAGO,IL,60611,25000,"GENERAL UNRESTRICTED, EXEMPT PURPOSE OF ORGANIZATION",990-PF,,,intermediary_or_citywide,"review_excluded_filing: filer-address artifact: every recipient row in all four filings carries the foundation's own office as the recipient address; recipient names and dollars are real and reconciled, recipient geography is not published — held whole, funder-exchange ask attached",,review_excluded
The Joseph and Bessie Feinberg Foundation,2021,FOREFRONT,415 EAST NORTH WATER STREET 2301,CHICAGO,IL,60611,2500,"GENERAL UNRESTRICTED, EXEMPT PURPOSE OF ORGANIZATION",990-PF,,,intermediary_or_citywide,"review_excluded_filing: filer-address artifact: every recipient row in all four filings carries the foundation's own office as the recipient address; recipient names and dollars are real and reconciled, recipient geography is not published — held whole, funder-exchange ask attached",,review_excluded
The Joseph and Bessie Feinberg Foundation,2021,FRIENDS OF ELNET,415 EAST NORTH WATER STREET 2301,CHICAGO,IL,60611,150000,"GENERAL UNRESTRICTED, EXEMPT PURPOSE OF ORGANIZATION",990-PF,,,intermediary_or_citywide,"review_excluded_filing: filer-address artifact: every recipient row in all four filings carries the foundation's own office as the recipient address; recipient names and dollars are real and reconciled, recipient geography is not published — held whole, funder-exchange ask attached",,review_excluded
The Joseph and Bessie Feinberg Foundation,2021,FRIENDS OF THE PARKS,415 EAST NORTH WATER STREET 2301,CHICAGO,IL,60611,1000,"GENERAL UNRESTRICTED, EXEMPT PURPOSE OF ORGANIZATION",990-PF,,,intermediary_or_citywide,"review_excluded_filing: filer-address artifact: every recipient row in all four filings carries the foundation's own office as the recipient address; recipient names and dollars are real and reconciled, recipient geography is not published — held whole, funder-exchange ask attached",,review_excluded
The Joseph and Bessie Feinberg Foundation,2021,NORTHWESTERN FEINBERG SCHOOL OF MEDICINE BATTLE DISCRETIONARY,415 EAST NORTH WATER STREET 2301,CHICAGO,IL,60611,200000,"GENERAL UNRESTRICTED, EXEMPT PURPOSE OF ORGANIZATION",990-PF,,,intermediary_or_citywide,"review_excluded_filing: filer-address artifact: every recipient row in all four filings carries the foundation's own office as the recipient address; recipient names and dollars are real and reconciled, recipient geography is not published — held whole, funder-exchange ask attached",,review_excluded
The Joseph and Bessie Feinberg Foundation,2021,GIRLS 4 SCIENCE,415 EAST NORTH WATER STREET 2301,CHICAGO,IL,60611,50000,"GENERAL UNRESTRICTED, EXEMPT PURPOSE OF ORGANIZATION",990-PF,,,intermediary_or_citywide,"review_excluded_filing: filer-address artifact: every recipient row in all four filings carries the foundation's own office as the recipient address; recipient names and dollars are real and reconciled, recipient geography is not published — held whole, funder-exchange ask attached",,review_excluded
The Joseph and Bessie Feinberg Foundation,2021,GRAY MATTER EXPERIENCE,415 EAST NORTH WATER STREET 2301,CHICAGO,IL,60611,5000,"GENERAL UNRESTRICTED, EXEMPT PURPOSE OF ORGANIZATION",990-PF,,,intermediary_or_citywide,"review_excluded_filing: filer-address artifact: every recipient row in all four filings carries the foundation's own office as the recipient address; recipient names and dollars are real and reconciled, recipient geography is not published — held whole, funder-exchange ask attached",,review_excluded
The Joseph and Bessie Feinberg Foundation,2021,GREATER CHICAGO FOOD DEPOSITORY,415 EAST NORTH WATER STREET 2301,CHICAGO,IL,60611,5000,"GENERAL UNRESTRICTED, EXEMPT PURPOSE OF ORGANIZATION",990-PF,,,intermediary_or_citywide,"review_excluded_filing: filer-address artifact: every recipient row in all four filings carries the foundation's own office as the recipient address; recipient names and dollars are real and reconciled, recipient geography is not published — held whole, funder-exchange ask attached",,review_excluded
The Joseph and Bessie Feinberg Foundation,2021,GREATER ENGLEWOOD CHAMBER FOUNDATION,415 EAST NORTH WATER STREET 2301,CHICAGO,IL,60611,50000,"GENERAL UNRESTRICTED, EXEMPT PURPOSE OF ORGANIZATION",990-PF,,,intermediary_or_citywide,"review_excluded_filing: filer-address artifact: every recipient row in all four filings carries the foundation's own office as the recipient address; recipient names and dollars are real and reconciled, recipient geography is not published — held whole, funder-exchange ask attached",,review_excluded
The Joseph and Bessie Feinberg Foundation,2021,GROWING HOME INC,415 EAST NORTH WATER STREET 2301,CHICAGO,IL,60611,30000,"GENERAL UNRESTRICTED, EXEMPT PURPOSE OF ORGANIZATION",990-PF,,,intermediary_or_citywide,"review_excluded_filing: filer-address artifact: every recipient row in all four filings carries the foundation's own office as the recipient address; recipient names and dollars are real and reconciled, recipient geography is not published — held whole, funder-exchange ask attached",,review_excluded
The Joseph and Bessie Feinberg Foundation,2021,HOME,415 EAST NORTH WATER STREET 2301,CHICAGO,IL,60611,5000,"GENERAL UNRESTRICTED, EXEMPT PURPOSE OF ORGANIZATION",990-PF,,,intermediary_or_citywide,"review_excluded_filing: filer-address artifact: every recipient row in all four filings carries the foundation's own office as the recipient address; recipient names and dollars are real and reconciled, recipient geography is not published — held whole, funder-exchange ask attached",,review_excluded
The Joseph and Bessie Feinberg Foundation,2021,HADASSAH CHICAGO-NORTH SHORE,415 EAST NORTH WATER STREET 2301,CHICAGO,IL,60611,1000,"GENERAL UNRESTRICTED, EXEMPT PURPOSE OF ORGANIZATION",990-PF,,,intermediary_or_citywide,"review_excluded_filing: filer-address artifact: every recipient row in all four filings carries the foundation's own office as the recipient address; recipient names and dollars are real and reconciled, recipient geography is not published — held whole, funder-exchange ask attached",,review_excluded
The Joseph and Bessie Feinberg Foundation,2021,HEALTH & MEDICINE POLICY RESEARCH GROUP,415 EAST NORTH WATER STREET 2301,CHICAGO,IL,60611,5000,"GENERAL UNRESTRICTED, EXEMPT PURPOSE OF ORGANIZATION",990-PF,,,intermediary_or_citywide,"review_excluded_filing: filer-address artifact: every recipient row in all four filings carries the foundation's own office as the recipient address; recipient names and dollars are real and reconciled, recipient geography is not published — held whole, funder-exchange ask attached",,review_excluded
The Joseph and Bessie Feinberg Foundation,2021,HERITAGE RETREATS,415 EAST NORTH WATER STREET 2301,CHICAGO,IL,60611,55000,"GENERAL UNRESTRICTED, EXEMPT PURPOSE OF ORGANIZATION",990-PF,,,intermediary_or_citywide,"review_excluded_filing: filer-address artifact: every recipient row in all four filings carries the foundation's own office as the recipient address; recipient names and dollars are real and reconciled, recipient geography is not published — held whole, funder-exchange ask attached",,review_excluded
The Joseph and Bessie Feinberg Foundation,2021,HIGH TECH LA,415 EAST NORTH WATER STREET 2301,CHICAGO,IL,60611,25000,"GENERAL UNRESTRICTED, EXEMPT PURPOSE OF ORGANIZATION",990-PF,,,intermediary_or_citywide,"review_excluded_filing: filer-address artifact: every recipient row in all four filings carries the foundation's own office as the recipient address; recipient names and dollars are real and reconciled, recipient geography is not published — held whole, funder-exchange ask attached",,review_excluded
The Joseph and Bessie Feinberg Foundation,2021,HOUSE OF THE GOOD SHEPHERD,415 EAST NORTH WATER STREET 2301,CHICAGO,IL,60611,1500,"GENERAL UNRESTRICTED, EXEMPT PURPOSE OF ORGANIZATION",990-PF,,,intermediary_or_citywide,"review_excluded_filing: filer-address artifact: every recipient row in all four filings carries the foundation's own office as the recipient address; recipient names and dollars are real and reconciled, recipient geography is not published — held whole, funder-exchange ask attached",,review_excluded
The Joseph and Bessie Feinberg Foundation,2021,HYDROCEPHALUS ASSOCIATION,415 EAST NORTH WATER STREET 2301,CHICAGO,IL,60611,25000,"GENERAL UNRESTRICTED, EXEMPT PURPOSE OF ORGANIZATION",990-PF,,,intermediary_or_citywide,"review_excluded_filing: filer-address artifact: every recipient row in all four filings carries the foundation's own office as the recipient address; recipient names and dollars are real and reconciled, recipient geography is not published — held whole, funder-exchange ask attached",,review_excluded
The Joseph and Bessie Feinberg Foundation,2021,IGNITE,415 EAST NORTH WATER STREET 2301,CHICAGO,IL,60611,50000,"GENERAL UNRESTRICTED, EXEMPT PURPOSE OF ORGANIZATION",990-PF,,,intermediary_or_citywide,"review_excluded_filing: filer-address artifact: every recipient row in all four filings carries the foundation's own office as the recipient address; recipient names and dollars are real and reconciled, recipient geography is not published — held whole, funder-exchange ask attached",,review_excluded
The Joseph and Bessie Feinberg Foundation,2021,ILLINOIS HUMANITIES,415 EAST NORTH WATER STREET 2301,CHICAGO,IL,60611,3000,"GENERAL UNRESTRICTED, EXEMPT PURPOSE OF ORGANIZATION",990-PF,,,intermediary_or_citywide,"review_excluded_filing: filer-address artifact: every recipient row in all four filings carries the foundation's own office as the recipient address; recipient names and dollars are real and reconciled, recipient geography is not published — held whole, funder-exchange ask attached",,review_excluded
The Joseph and Bessie Feinberg Foundation,2021,IMAGINE ENGLEWOOD IF,415 EAST NORTH WATER STREET 2301,CHICAGO,IL,60611,95000,"GENERAL UNRESTRICTED, EXEMPT PURPOSE OF ORGANIZATION",990-PF,,,intermediary_or_citywide,"review_excluded_filing: filer-address artifact: every recipient row in all four filings carries the foundation's own office as the recipient address; recipient names and dollars are real and reconciled, recipient geography is not published — held whole, funder-exchange ask attached",,review_excluded
The Joseph and Bessie Feinberg Foundation,2021,INFANT WELFARE SOCIETY OF EVANSTON,415 EAST NORTH WATER STREET 2301,CHICAGO,IL,60611,10000,"GENERAL UNRESTRICTED, EXEMPT PURPOSE OF ORGANIZATION",990-PF,,,intermediary_or_citywide,"review_excluded_filing: filer-address artifact: every recipient row in all four filings carries the foundation's own office as the recipient address; recipient names and dollars are real and reconciled, recipient geography is not published — held whole, funder-exchange ask attached",,review_excluded
The Joseph and Bessie Feinberg Foundation,2021,INJUSTICE WATCH,415 EAST NORTH WATER STREET 2301,CHICAGO,IL,60611,25000,"GENERAL UNRESTRICTED, EXEMPT PURPOSE OF ORGANIZATION",990-PF,,,intermediary_or_citywide,"review_excluded_filing: filer-address artifact: every recipient row in all four filings carries the foundation's own office as the recipient address; recipient names and dollars are real and reconciled, recipient geography is not published — held whole, funder-exchange ask attached",,review_excluded
The Joseph and Bessie Feinberg Foundation,2021,INSPIRATION CORPORATION,415 EAST NORTH WATER STREET 2301,CHICAGO,IL,60611,25000,"GENERAL UNRESTRICTED, EXEMPT PURPOSE OF ORGANIZATION",990-PF,,,intermediary_or_citywide,"review_excluded_filing: filer-address artifact: every recipient row in all four filings carries the foundation's own office as the recipient address; recipient names and dollars are real and reconciled, recipient geography is not published — held whole, funder-exchange ask attached",,review_excluded
The Joseph and Bessie Feinberg Foundation,2021,INVISIBLE INSTITUTE,415 EAST NORTH WATER STREET 2301,CHICAGO,IL,60611,5000,"GENERAL UNRESTRICTED, EXEMPT PURPOSE OF ORGANIZATION",990-PF,,,intermediary_or_citywide,"review_excluded_filing: filer-address artifact: every recipient row in all four filings carries the foundation's own office as the recipient address; recipient names and dollars are real and reconciled, recipient geography is not published — held whole, funder-exchange ask attached",,review_excluded
The Joseph and Bessie Feinberg Foundation,2021,JEWISH COUNCIL ON URBAN AFFAIRS,415 EAST NORTH WATER STREET 2301,CHICAGO,IL,60611,25000,"GENERAL UNRESTRICTED, EXEMPT PURPOSE OF ORGANIZATION",990-PF,,,intermediary_or_citywide,"review_excluded_filing: filer-address artifact: every recipient row in all four filings carries the foundation's own office as the recipient address; recipient names and dollars are real and reconciled, recipient geography is not published — held whole, funder-exchange ask attached",,review_excluded
The Joseph and Bessie Feinberg Foundation,2021,JEWISH UNITED FUND,415 EAST NORTH WATER STREET 2301,CHICAGO,IL,60611,75000,"GENERAL UNRESTRICTED, EXEMPT PURPOSE OF ORGANIZATION",990-PF,,,intermediary_or_citywide,"review_excluded_filing: filer-address artifact: every recipient row in all four filings carries the foundation's own office as the recipient address; recipient names and dollars are real and reconciled, recipient geography is not published — held whole, funder-exchange ask attached",,review_excluded
The Joseph and Bessie Feinberg Foundation,2021,JOFFREY BALLET,415 EAST NORTH WATER STREET 2301,CHICAGO,IL,60611,5000,"GENERAL UNRESTRICTED, EXEMPT PURPOSE OF ORGANIZATION",990-PF,,,intermediary_or_citywide,"review_excluded_filing: filer-address artifact: every recipient row in all four filings carries the foundation's own office as the recipient address; recipient names and dollars are real and reconciled, recipient geography is not published — held whole, funder-exchange ask attached",,review_excluded
The Joseph and Bessie Feinberg Foundation,2021,JUSTINIAN SOCIETY OF LAWYERS ENDOWMENT FUND,415 EAST NORTH WATER STREET 2301,CHICAGO,IL,60611,20000,"GENERAL UNRESTRICTED, EXEMPT PURPOSE OF ORGANIZATION",990-PF,,,intermediary_or_citywide,"review_excluded_filing: filer-address artifact: every recipient row in all four filings carries the foundation's own office as the recipient address; recipient names and dollars are real and reconciled, recipient geography is not published — held whole, funder-exchange ask attached",,review_excluded
The Joseph and Bessie Feinberg Foundation,2021,KINGDOM AVENUE,415 EAST NORTH WATER STREET 2301,CHICAGO,IL,60611,25000,"GENERAL UNRESTRICTED, EXEMPT PURPOSE OF ORGANIZATION",990-PF,,,intermediary_or_citywide,"review_excluded_filing: filer-address artifact: every recipient row in all four filings carries the foundation's own office as the recipient address; recipient names and dollars are real and reconciled, recipient geography is not published — held whole, funder-exchange ask attached",,review_excluded
The Joseph and Bessie Feinberg Foundation,2021,KINGS CARE FOUNDATION,415 EAST NORTH WATER STREET 2301,CHICAGO,IL,60611,100000,"GENERAL UNRESTRICTED, EXEMPT PURPOSE OF ORGANIZATION",990-PF,,,intermediary_or_citywide,"review_excluded_filing: filer-address artifact: every recipient row in all four filings carries the foundation's own office as the recipient address; recipient names and dollars are real and reconciled, recipient geography is not published — held whole, funder-exchange ask attached",,review_excluded
The Joseph and Bessie Feinberg Foundation,2021,LA CASA NORTE,415 EAST NORTH WATER STREET 2301,CHICAGO,IL,60611,5000,"GENERAL UNRESTRICTED, EXEMPT PURPOSE OF ORGANIZATION",990-PF,,,intermediary_or_citywide,"review_excluded_filing: filer-address artifact: every recipient row in all four filings carries the foundation's own office as the recipient address; recipient names and dollars are real and reconciled, recipient geography is not published — held whole, funder-exchange ask attached",,review_excluded
The Joseph and Bessie Feinberg Foundation,2021,LA RABIDA CHILDREN'S HOSPITAL,415 EAST NORTH WATER STREET 2301,CHICAGO,IL,60611,50000,"GENERAL UNRESTRICTED, EXEMPT PURPOSE OF ORGANIZATION",990-PF,,,intermediary_or_citywide,"review_excluded_filing: filer-address artifact: every recipient row in all four filings carries the foundation's own office as the recipient address; recipient names and dollars are real and reconciled, recipient geography is not published — held whole, funder-exchange ask attached",,review_excluded
The Joseph and Bessie Feinberg Foundation,2021,LADIES OF VIRTUE,415 EAST NORTH WATER STREET 2301,CHICAGO,IL,60611,27500,"GENERAL UNRESTRICTED, EXEMPT PURPOSE OF ORGANIZATION",990-PF,,,intermediary_or_citywide,"review_excluded_filing: filer-address artifact: every recipient row in all four filings carries the foundation's own office as the recipient address; recipient names and dollars are real and reconciled, recipient geography is not published — held whole, funder-exchange ask attached",,review_excluded
The Joseph and Bessie Feinberg Foundation,2021,LAKEVIEW PANTRY,415 EAST NORTH WATER STREET 2301,CHICAGO,IL,60611,70000,"GENERAL UNRESTRICTED, EXEMPT PURPOSE OF ORGANIZATION",990-PF,,,intermediary_or_citywide,"review_excluded_filing: filer-address artifact: every recipient row in all four filings carries the foundation's own office as the recipient address; recipient names and dollars are real and reconciled, recipient geography is not published — held whole, funder-exchange ask attached",,review_excluded
The Joseph and Bessie Feinberg Foundation,2021,LEAGUE OF CHICAGO THEATERS,415 EAST NORTH WATER STREET 2301,CHICAGO,IL,60611,5000,"GENERAL UNRESTRICTED, EXEMPT PURPOSE OF ORGANIZATION",990-PF,,,intermediary_or_citywide,"review_excluded_filing: filer-address artifact: every recipient row in all four filings carries the foundation's own office as the recipient address; recipient names and dollars are real and reconciled, recipient geography is not published — held whole, funder-exchange ask attached",,review_excluded
The Joseph and Bessie Feinberg Foundation,2021,LEGAL AID CHICAGO,415 EAST NORTH WATER STREET 2301,CHICAGO,IL,60611,5000,"GENERAL UNRESTRICTED, EXEMPT PURPOSE OF ORGANIZATION",990-PF,,,intermediary_or_citywide,"review_excluded_filing: filer-address artifact: every recipient row in all four filings carries the foundation's own office as the recipient address; recipient names and dollars are real and reconciled, recipient geography is not published — held whole, funder-exchange ask attached",,review_excluded
The Joseph and Bessie Feinberg Foundation,2021,LIBRARY FOUNDATION OF LOS ANGELES,415 EAST NORTH WATER STREET 2301,CHICAGO,IL,60611,50000,"GENERAL UNRESTRICTED, EXEMPT PURPOSE OF ORGANIZATION",990-PF,,,intermediary_or_citywide,"review_excluded_filing: filer-address artifact: every recipient row in all four filings carries the foundation's own office as the recipient address; recipient names and dollars are real and reconciled, recipient geography is not published — held whole, funder-exchange ask attached",,review_excluded
The Joseph and Bessie Feinberg Foundation,2021,LOOKINGGLASS THEATRE,415 EAST NORTH WATER STREET 2301,CHICAGO,IL,60611,25000,"GENERAL UNRESTRICTED, EXEMPT PURPOSE OF ORGANIZATION",990-PF,,,intermediary_or_citywide,"review_excluded_filing: filer-address artifact: every recipient row in all four filings carries the foundation's own office as the recipient address; recipient names and dollars are real and reconciled, recipient geography is not published — held whole, funder-exchange ask attached",,review_excluded
The Joseph and Bessie Feinberg Foundation,2021,LOS ANGELES REGIONAL FOOD BANK,415 EAST NORTH WATER STREET 2301,CHICAGO,IL,60611,25000,"GENERAL UNRESTRICTED, EXEMPT PURPOSE OF ORGANIZATION",990-PF,,,intermediary_or_citywide,"review_excluded_filing: filer-address artifact: every recipient row in all four filings carries the foundation's own office as the recipient address; recipient names and dollars are real and reconciled, recipient geography is not published — held whole, funder-exchange ask attached",,review_excluded
The Joseph and Bessie Feinberg Foundation,2021,LURIE CANCER CENTER MELISSA SIMON DISCRETIONARY,415 EAST NORTH WATER STREET 2301,CHICAGO,IL,60611,70000,"GENERAL UNRESTRICTED, EXEMPT PURPOSE OF ORGANIZATION",990-PF,,,intermediary_or_citywide,"review_excluded_filing: filer-address artifact: every recipient row in all four filings carries the foundation's own office as the recipient address; recipient names and dollars are real and reconciled, recipient geography is not published — held whole, funder-exchange ask attached",,review_excluded
The Joseph and Bessie Feinberg Foundation,2021,MAPSCORPS,415 EAST NORTH WATER STREET 2301,CHICAGO,IL,60611,5000,"GENERAL UNRESTRICTED, EXEMPT PURPOSE OF ORGANIZATION",990-PF,,,intermediary_or_citywide,"review_excluded_filing: filer-address artifact: every recipient row in all four filings carries the foundation's own office as the recipient address; recipient names and dollars are real and reconciled, recipient geography is not published — held whole, funder-exchange ask attached",,review_excluded
The Joseph and Bessie Feinberg Foundation,2021,MIDWEST BRAIN INJURY CLUBHOUSE,415 EAST NORTH WATER STREET 2301,CHICAGO,IL,60611,5000,"GENERAL UNRESTRICTED, EXEMPT PURPOSE OF ORGANIZATION",990-PF,,,intermediary_or_citywide,"review_excluded_filing: filer-address artifact: every recipient row in all four filings carries the foundation's own office as the recipient address; recipient names and dollars are real and reconciled, recipient geography is not published — held whole, funder-exchange ask attached",,review_excluded
The Joseph and Bessie Feinberg Foundation,2021,MONTESSORI SCHOOL OF ENGLEWOOD,415 EAST NORTH WATER STREET 2301,CHICAGO,IL,60611,15000,"GENERAL UNRESTRICTED, EXEMPT PURPOSE OF ORGANIZATION",990-PF,,,intermediary_or_citywide,"review_excluded_filing: filer-address artifact: every recipient row in all four filings carries the foundation's own office as the recipient address; recipient names and dollars are real and reconciled, recipient geography is not published — held whole, funder-exchange ask attached",,review_excluded
The Joseph and Bessie Feinberg Foundation,2021,MORAN CENTER FOR YOUTH ADVOCACY,415 EAST NORTH WATER STREET 2301,CHICAGO,IL,60611,5000,"GENERAL UNRESTRICTED, EXEMPT PURPOSE OF ORGANIZATION",990-PF,,,intermediary_or_citywide,"review_excluded_filing: filer-address artifact: every recipient row in all four filings carries the foundation's own office as the recipient address; recipient names and dollars are real and reconciled, recipient geography is not published — held whole, funder-exchange ask attached",,review_excluded
The Joseph and Bessie Feinberg Foundation,2021,MOTHER JONES FOUNDATION FOR NATIONAL PROGRESS,415 EAST NORTH WATER STREET 2301,CHICAGO,IL,60611,25000,"GENERAL UNRESTRICTED, EXEMPT PURPOSE OF ORGANIZATION",990-PF,,,intermediary_or_citywide,"review_excluded_filing: filer-address artifact: every recipient row in all four filings carries the foundation's own office as the recipient address; recipient names and dollars are real and reconciled, recipient geography is not published — held whole, funder-exchange ask attached",,review_excluded
The Joseph and Bessie Feinberg Foundation,2021,NATIONAL MEDICAL FELLOWSHIPS,415 EAST NORTH WATER STREET 2301,CHICAGO,IL,60611,8250,"GENERAL UNRESTRICTED, EXEMPT PURPOSE OF ORGANIZATION",990-PF,,,intermediary_or_citywide,"review_excluded_filing: filer-address artifact: every recipient row in all four filings carries the foundation's own office as the recipient address; recipient names and dollars are real and reconciled, recipient geography is not published — held whole, funder-exchange ask attached",,review_excluded
The Joseph and Bessie Feinberg Foundation,2021,NATIONAL PUBLIC HOUSING MUSEUM,415 EAST NORTH WATER STREET 2301,CHICAGO,IL,60611,205000,"GENERAL UNRESTRICTED, EXEMPT PURPOSE OF ORGANIZATION",990-PF,,,intermediary_or_citywide,"review_excluded_filing: filer-address artifact: every recipient row in all four filings carries the foundation's own office as the recipient address; recipient names and dollars are real and reconciled, recipient geography is not published — held whole, funder-exchange ask attached",,review_excluded
The Joseph and Bessie Feinberg Foundation,2021,NEAR SOUTH PLANNING BOARD PRINTER'S ROW LIT FEST,415 EAST NORTH WATER STREET 2301,CHICAGO,IL,60611,16000,"GENERAL UNRESTRICTED, EXEMPT PURPOSE OF ORGANIZATION",990-PF,,,intermediary_or_citywide,"review_excluded_filing: filer-address artifact: every recipient row in all four filings carries the foundation's own office as the recipient address; recipient names and dollars are real and reconciled, recipient geography is not published — held whole, funder-exchange ask attached",,review_excluded
The Joseph and Bessie Feinberg Foundation,2021,NEW LEASH ON LIFE,415 EAST NORTH WATER STREET 2301,CHICAGO,IL,60611,25000,"GENERAL UNRESTRICTED, EXEMPT PURPOSE OF ORGANIZATION",990-PF,,,intermediary_or_citywide,"review_excluded_filing: filer-address artifact: every recipient row in all four filings carries the foundation's own office as the recipient address; recipient names and dollars are real and reconciled, recipient geography is not published — held whole, funder-exchange ask attached",,review_excluded
The Joseph and Bessie Feinberg Foundation,2021,NIGHT MINISTRY,415 EAST NORTH WATER STREET 2301,CHICAGO,IL,60611,30000,"GENERAL UNRESTRICTED, EXEMPT PURPOSE OF ORGANIZATION",990-PF,,,intermediary_or_citywide,"review_excluded_filing: filer-address artifact: every recipient row in all four filings carries the foundation's own office as the recipient address; recipient names and dollars are real and reconciled, recipient geography is not published — held whole, funder-exchange ask attached",,review_excluded
The Joseph and Bessie Feinberg Foundation,2021,NORTHERN ILLINOIS FOOD BANK,415 EAST NORTH WATER STREET 2301,CHICAGO,IL,60611,5000,"GENERAL UNRESTRICTED, EXEMPT PURPOSE OF ORGANIZATION",990-PF,,,intermediary_or_citywide,"review_excluded_filing: filer-address artifact: every recipient row in all four filings carries the foundation's own office as the recipient address; recipient names and dollars are real and reconciled, recipient geography is not published — held whole, funder-exchange ask attached",,review_excluded
The Joseph and Bessie Feinberg Foundation,2021,NORTHWESTERN BRAIN TUMOR INSTITUTE,415 EAST NORTH WATER STREET 2301,CHICAGO,IL,60611,10000,"GENERAL UNRESTRICTED, EXEMPT PURPOSE OF ORGANIZATION",990-PF,,,intermediary_or_citywide,"review_excluded_filing: filer-address artifact: every recipient row in all four filings carries the foundation's own office as the recipient address; recipient names and dollars are real and reconciled, recipient geography is not published — held whole, funder-exchange ask attached",,review_excluded
The Joseph and Bessie Feinberg Foundation,2021,NORTHWESTERN LURIE CANCER WALK,415 EAST NORTH WATER STREET 2301,CHICAGO,IL,60611,350,"GENERAL UNRESTRICTED, EXEMPT PURPOSE OF ORGANIZATION",990-PF,,,intermediary_or_citywide,"review_excluded_filing: filer-address artifact: every recipient row in all four filings carries the foundation's own office as the recipient address; recipient names and dollars are real and reconciled, recipient geography is not published — held whole, funder-exchange ask attached",,review_excluded
The Joseph and Bessie Feinberg Foundation,2021,NOTRE DAME HIGH SCHOOL,415 EAST NORTH WATER STREET 2301,CHICAGO,IL,60611,25000,"GENERAL UNRESTRICTED, EXEMPT PURPOSE OF ORGANIZATION",990-PF,,,intermediary_or_citywide,"review_excluded_filing: filer-address artifact: every recipient row in all four filings carries the foundation's own office as the recipient address; recipient names and dollars are real and reconciled, recipient geography is not published — held whole, funder-exchange ask attached",,review_excluded
The Joseph and Bessie Feinberg Foundation,2021,OLD ST PATRICK'S CHURCH - CATHOLIC BISHOP OF CHICAGO,415 EAST NORTH WATER STREET 2301,CHICAGO,IL,60611,5000,"GENERAL UNRESTRICTED, EXEMPT PURPOSE OF ORGANIZATION",990-PF,,,intermediary_or_citywide,"review_excluded_filing: filer-address artifact: every recipient row in all four filings carries the foundation's own office as the recipient address; recipient names and dollars are real and reconciled, recipient geography is not published — held whole, funder-exchange ask attached",,review_excluded
The Joseph and Bessie Feinberg Foundation,2021,OLD TOWN SCHOOL OF FOLK MUSIC,415 EAST NORTH WATER STREET 2301,CHICAGO,IL,60611,5000,"GENERAL UNRESTRICTED, EXEMPT PURPOSE OF ORGANIZATION",990-PF,,,intermediary_or_citywide,"review_excluded_filing: filer-address artifact: every recipient row in all four filings carries the foundation's own office as the recipient address; recipient names and dollars are real and reconciled, recipient geography is not published — held whole, funder-exchange ask attached",,review_excluded
The Joseph and Bessie Feinberg Foundation,2021,OPEN BOOKS,415 EAST NORTH WATER STREET 2301,CHICAGO,IL,60611,2500,"GENERAL UNRESTRICTED, EXEMPT PURPOSE OF ORGANIZATION",990-PF,,,intermediary_or_citywide,"review_excluded_filing: filer-address artifact: every recipient row in all four filings carries the foundation's own office as the recipient address; recipient names and dollars are real and reconciled, recipient geography is not published — held whole, funder-exchange ask attached",,review_excluded
The Joseph and Bessie Feinberg Foundation,2021,PEOPLE'S MUSIC SCHOOL,415 EAST NORTH WATER STREET 2301,CHICAGO,IL,60611,75000,"GENERAL UNRESTRICTED, EXEMPT PURPOSE OF ORGANIZATION",990-PF,,,intermediary_or_citywide,"review_excluded_filing: filer-address artifact: every recipient row in all four filings carries the foundation's own office as the recipient address; recipient names and dollars are real and reconciled, recipient geography is not published — held whole, funder-exchange ask attached",,review_excluded
The Joseph and Bessie Feinberg Foundation,2021,PRO PUBLICA,415 EAST NORTH WATER STREET 2301,CHICAGO,IL,60611,5000,"GENERAL UNRESTRICTED, EXEMPT PURPOSE OF ORGANIZATION",990-PF,,,intermediary_or_citywide,"review_excluded_filing: filer-address artifact: every recipient row in all four filings carries the foundation's own office as the recipient address; recipient names and dollars are real and reconciled, recipient geography is not published — held whole, funder-exchange ask attached",,review_excluded
The Joseph and Bessie Feinberg Foundation,2021,READER INSTITUTE FOR COMMUNITY JOURNALISM,415 EAST NORTH WATER STREET 2301,CHICAGO,IL,60611,100000,"GENERAL UNRESTRICTED, EXEMPT PURPOSE OF ORGANIZATION",990-PF,,,intermediary_or_citywide,"review_excluded_filing: filer-address artifact: every recipient row in all four filings carries the foundation's own office as the recipient address; recipient names and dollars are real and reconciled, recipient geography is not published — held whole, funder-exchange ask attached",,review_excluded
The Joseph and Bessie Feinberg Foundation,2021,RED LINE SERVICE INSTITUTE,415 EAST NORTH WATER STREET 2301,CHICAGO,IL,60611,5000,"GENERAL UNRESTRICTED, EXEMPT PURPOSE OF ORGANIZATION",990-PF,,,intermediary_or_citywide,"review_excluded_filing: filer-address artifact: every recipient row in all four filings carries the foundation's own office as the recipient address; recipient names and dollars are real and reconciled, recipient geography is not published — held whole, funder-exchange ask attached",,review_excluded
The Joseph and Bessie Feinberg Foundation,2021,RESIDENT ASSOCIATION OF GREATER ENGLEWOOD,415 EAST NORTH WATER STREET 2301,CHICAGO,IL,60611,5000,"GENERAL UNRESTRICTED, EXEMPT PURPOSE OF ORGANIZATION",990-PF,,,intermediary_or_citywide,"review_excluded_filing: filer-address artifact: every recipient row in all four filings carries the foundation's own office as the recipient address; recipient names and dollars are real and reconciled, recipient geography is not published — held whole, funder-exchange ask attached",,review_excluded
The Joseph and Bessie Feinberg Foundation,2021,RESTORE JUSTICE,415 EAST NORTH WATER STREET 2301,CHICAGO,IL,60611,5000,"GENERAL UNRESTRICTED, EXEMPT PURPOSE OF ORGANIZATION",990-PF,,,intermediary_or_citywide,"review_excluded_filing: filer-address artifact: every recipient row in all four filings carries the foundation's own office as the recipient address; recipient names and dollars are real and reconciled, recipient geography is not published — held whole, funder-exchange ask attached",,review_excluded
The Joseph and Bessie Feinberg Foundation,2021,ROGER BALDWIN FOUNDATION OF THE ACLU,415 EAST NORTH WATER STREET 2301,CHICAGO,IL,60611,15000,"GENERAL UNRESTRICTED, EXEMPT PURPOSE OF ORGANIZATION",990-PF,,,intermediary_or_citywide,"review_excluded_filing: filer-address artifact: every recipient row in all four filings carries the foundation's own office as the recipient address; recipient names and dollars are real and reconciled, recipient geography is not published — held whole, funder-exchange ask attached",,review_excluded
The Joseph and Bessie Feinberg Foundation,2021,RUSH UNIVERSITY,415 EAST NORTH WATER STREET 2301,CHICAGO,IL,60611,1500,"GENERAL UNRESTRICTED, EXEMPT PURPOSE OF ORGANIZATION",990-PF,,,intermediary_or_citywide,"review_excluded_filing: filer-address artifact: every recipient row in all four filings carries the foundation's own office as the recipient address; recipient names and dollars are real and reconciled, recipient geography is not published — held whole, funder-exchange ask attached",,review_excluded
The Joseph and Bessie Feinberg Foundation,2021,SAFE PLACE FOR YOUTH,415 EAST NORTH WATER STREET 2301,CHICAGO,IL,60611,25000,"GENERAL UNRESTRICTED, EXEMPT PURPOSE OF ORGANIZATION",990-PF,,,intermediary_or_citywide,"review_excluded_filing: filer-address artifact: every recipient row in all four filings carries the foundation's own office as the recipient address; recipient names and dollars are real and reconciled, recipient geography is not published — held whole, funder-exchange ask attached",,review_excluded
The Joseph and Bessie Feinberg Foundation,2021,SAVE THE WEST FOUNDATION,415 EAST NORTH WATER STREET 2301,CHICAGO,IL,60611,50000,"GENERAL UNRESTRICTED, EXEMPT PURPOSE OF ORGANIZATION",990-PF,,,intermediary_or_citywide,"review_excluded_filing: filer-address artifact: every recipient row in all four filings carries the foundation's own office as the recipient address; recipient names and dollars are real and reconciled, recipient geography is not published — held whole, funder-exchange ask attached",,review_excluded
The Joseph and Bessie Feinberg Foundation,2021,SHALVA,415 EAST NORTH WATER STREET 2301,CHICAGO,IL,60611,10000,"GENERAL UNRESTRICTED, EXEMPT PURPOSE OF ORGANIZATION",990-PF,,,intermediary_or_citywide,"review_excluded_filing: filer-address artifact: every recipient row in all four filings carries the foundation's own office as the recipient address; recipient names and dollars are real and reconciled, recipient geography is not published — held whole, funder-exchange ask attached",,review_excluded
The Joseph and Bessie Feinberg Foundation,2021,SITSTAYREAD,415 EAST NORTH WATER STREET 2301,CHICAGO,IL,60611,5000,"GENERAL UNRESTRICTED, EXEMPT PURPOSE OF ORGANIZATION",990-PF,,,intermediary_or_citywide,"review_excluded_filing: filer-address artifact: every recipient row in all four filings carries the foundation's own office as the recipient address; recipient names and dollars are real and reconciled, recipient geography is not published — held whole, funder-exchange ask attached",,review_excluded
The Joseph and Bessie Feinberg Foundation,2021,SOUTH SIDE WEEKLY (EXPERIMENTAL STATION),415 EAST NORTH WATER STREET 2301,CHICAGO,IL,60611,1000,"GENERAL UNRESTRICTED, EXEMPT PURPOSE OF ORGANIZATION",990-PF,,,intermediary_or_citywide,"review_excluded_filing: filer-address artifact: every recipient row in all four filings carries the foundation's own office as the recipient address; recipient names and dollars are real and reconciled, recipient geography is not published — held whole, funder-exchange ask attached",,review_excluded
The Joseph and Bessie Feinberg Foundation,2021,SOUTHERN POVERTY LAW CENTER,415 EAST NORTH WATER STREET 2301,CHICAGO,IL,60611,1000,"GENERAL UNRESTRICTED, EXEMPT PURPOSE OF ORGANIZATION",990-PF,,,intermediary_or_citywide,"review_excluded_filing: filer-address artifact: every recipient row in all four filings carries the foundation's own office as the recipient address; recipient names and dollars are real and reconciled, recipient geography is not published — held whole, funder-exchange ask attached",,review_excluded
The Joseph and Bessie Feinberg Foundation,2021,SPERTUS,415 EAST NORTH WATER STREET 2301,CHICAGO,IL,60611,25000,"GENERAL UNRESTRICTED, EXEMPT PURPOSE OF ORGANIZATION",990-PF,,,intermediary_or_citywide,"review_excluded_filing: filer-address artifact: every recipient row in all four filings carries the foundation's own office as the recipient address; recipient names and dollars are real and reconciled, recipient geography is not published — held whole, funder-exchange ask attached",,review_excluded
The Joseph and Bessie Feinberg Foundation,2021,START EARLY,415 EAST NORTH WATER STREET 2301,CHICAGO,IL,60611,5000,"GENERAL UNRESTRICTED, EXEMPT PURPOSE OF ORGANIZATION",990-PF,,,intermediary_or_citywide,"review_excluded_filing: filer-address artifact: every recipient row in all four filings carries the foundation's own office as the recipient address; recipient names and dollars are real and reconciled, recipient geography is not published — held whole, funder-exchange ask attached",,review_excluded
The Joseph and Bessie Feinberg Foundation,2021,STORYCATCHERS THEATRE,415 EAST NORTH WATER STREET 2301,CHICAGO,IL,60611,25000,"GENERAL UNRESTRICTED, EXEMPT PURPOSE OF ORGANIZATION",990-PF,,,intermediary_or_citywide,"review_excluded_filing: filer-address artifact: every recipient row in all four filings carries the foundation's own office as the recipient address; recipient names and dollars are real and reconciled, recipient geography is not published — held whole, funder-exchange ask attached",,review_excluded
The Joseph and Bessie Feinberg Foundation,2021,STREETWISE,415 EAST NORTH WATER STREET 2301,CHICAGO,IL,60611,25000,"GENERAL UNRESTRICTED, EXEMPT PURPOSE OF ORGANIZATION",990-PF,,,intermediary_or_citywide,"review_excluded_filing: filer-address artifact: every recipient row in all four filings carries the foundation's own office as the recipient address; recipient names and dollars are real and reconciled, recipient geography is not published — held whole, funder-exchange ask attached",,review_excluded
The Joseph and Bessie Feinberg Foundation,2021,THE CONNECTION CENTER,415 EAST NORTH WATER STREET 2301,CHICAGO,IL,60611,5000,"GENERAL UNRESTRICTED, EXEMPT PURPOSE OF ORGANIZATION",990-PF,,,intermediary_or_citywide,"review_excluded_filing: filer-address artifact: every recipient row in all four filings carries the foundation's own office as the recipient address; recipient names and dollars are real and reconciled, recipient geography is not published — held whole, funder-exchange ask attached",,review_excluded
The Joseph and Bessie Feinberg Foundation,2021,THE INNER VOICE,415 EAST NORTH WATER STREET 2301,CHICAGO,IL,60611,25000,"GENERAL UNRESTRICTED, EXEMPT PURPOSE OF ORGANIZATION",990-PF,,,intermediary_or_citywide,"review_excluded_filing: filer-address artifact: every recipient row in all four filings carries the foundation's own office as the recipient address; recipient names and dollars are real and reconciled, recipient geography is not published — held whole, funder-exchange ask attached",,review_excluded
The Joseph and Bessie Feinberg Foundation,2021,THINK OUTSIDE DA BLOCK,415 EAST NORTH WATER STREET 2301,CHICAGO,IL,60611,5000,"GENERAL UNRESTRICTED, EXEMPT PURPOSE OF ORGANIZATION",990-PF,,,intermediary_or_citywide,"review_excluded_filing: filer-address artifact: every recipient row in all four filings carries the foundation's own office as the recipient address; recipient names and dollars are real and reconciled, recipient geography is not published — held whole, funder-exchange ask attached",,review_excluded
The Joseph and Bessie Feinberg Foundation,2021,TIMELINE THEATRE,415 EAST NORTH WATER STREET 2301,CHICAGO,IL,60611,260000,"GENERAL UNRESTRICTED, EXEMPT PURPOSE OF ORGANIZATION",990-PF,,,intermediary_or_citywide,"review_excluded_filing: filer-address artifact: every recipient row in all four filings carries the foundation's own office as the recipient address; recipient names and dollars are real and reconciled, recipient geography is not published — held whole, funder-exchange ask attached",,review_excluded
The Joseph and Bessie Feinberg Foundation,2021,TUTORING CHICAGO,415 EAST NORTH WATER STREET 2301,CHICAGO,IL,60611,5000,"GENERAL UNRESTRICTED, EXEMPT PURPOSE OF ORGANIZATION",990-PF,,,intermediary_or_citywide,"review_excluded_filing: filer-address artifact: every recipient row in all four filings carries the foundation's own office as the recipient address; recipient names and dollars are real and reconciled, recipient geography is not published — held whole, funder-exchange ask attached",,review_excluded
The Joseph and Bessie Feinberg Foundation,2021,UNITY PARENTING UJIMA VILLAGE,415 EAST NORTH WATER STREET 2301,CHICAGO,IL,60611,32700,"GENERAL UNRESTRICTED, EXEMPT PURPOSE OF ORGANIZATION",990-PF,,,intermediary_or_citywide,"review_excluded_filing: filer-address artifact: every recipient row in all four filings carries the foundation's own office as the recipient address; recipient names and dollars are real and reconciled, recipient geography is not published — held whole, funder-exchange ask attached",,review_excluded
The Joseph and Bessie Feinberg Foundation,2021,UPTOWN PEOPLE'S LAW CENTER,415 EAST NORTH WATER STREET 2301,CHICAGO,IL,60611,5000,"GENERAL UNRESTRICTED, EXEMPT PURPOSE OF ORGANIZATION",990-PF,,,intermediary_or_citywide,"review_excluded_filing: filer-address artifact: every recipient row in all four filings carries the foundation's own office as the recipient address; recipient names and dollars are real and reconciled, recipient geography is not published — held whole, funder-exchange ask attached",,review_excluded
The Joseph and Bessie Feinberg Foundation,2021,URBAN GROWERS COLLECTIVE,415 EAST NORTH WATER STREET 2301,CHICAGO,IL,60611,25000,"GENERAL UNRESTRICTED, EXEMPT PURPOSE OF ORGANIZATION",990-PF,,,intermediary_or_citywide,"review_excluded_filing: filer-address artifact: every recipient row in all four filings carries the foundation's own office as the recipient address; recipient names and dollars are real and reconciled, recipient geography is not published — held whole, funder-exchange ask attached",,review_excluded
The Joseph and Bessie Feinberg Foundation,2021,VICTORY GARDENS THEATER,415 EAST NORTH WATER STREET 2301,CHICAGO,IL,60611,5000,"GENERAL UNRESTRICTED, EXEMPT PURPOSE OF ORGANIZATION",990-PF,,,intermediary_or_citywide,"review_excluded_filing: filer-address artifact: every recipient row in all four filings carries the foundation's own office as the recipient address; recipient names and dollars are real and reconciled, recipient geography is not published — held whole, funder-exchange ask attached",,review_excluded
The Joseph and Bessie Feinberg Foundation,2021,WBEZ CHICAGO PUBLIC MEDIA,415 EAST NORTH WATER STREET 2301,CHICAGO,IL,60611,5000,"GENERAL UNRESTRICTED, EXEMPT PURPOSE OF ORGANIZATION",990-PF,,,intermediary_or_citywide,"review_excluded_filing: filer-address artifact: every recipient row in all four filings carries the foundation's own office as the recipient address; recipient names and dollars are real and reconciled, recipient geography is not published — held whole, funder-exchange ask attached",,review_excluded
The Joseph and Bessie Feinberg Foundation,2021,WEST COAST SPORTS MEDICINE FOUNDATION,415 EAST NORTH WATER STREET 2301,CHICAGO,IL,60611,200000,"GENERAL UNRESTRICTED, EXEMPT PURPOSE OF ORGANIZATION",990-PF,,,intermediary_or_citywide,"review_excluded_filing: filer-address artifact: every recipient row in all four filings carries the foundation's own office as the recipient address; recipient names and dollars are real and reconciled, recipient geography is not published — held whole, funder-exchange ask attached",,review_excluded
The Joseph and Bessie Feinberg Foundation,2021,WESTSIDE FOOD BANK,415 EAST NORTH WATER STREET 2301,CHICAGO,IL,60611,25000,"GENERAL UNRESTRICTED, EXEMPT PURPOSE OF ORGANIZATION",990-PF,,,intermediary_or_citywide,"review_excluded_filing: filer-address artifact: every recipient row in all four filings carries the foundation's own office as the recipient address; recipient names and dollars are real and reconciled, recipient geography is not published — held whole, funder-exchange ask attached",,review_excluded
The Joseph and Bessie Feinberg Foundation,2021,WTTW,415 EAST NORTH WATER STREET 2301,CHICAGO,IL,60611,50000,"GENERAL UNRESTRICTED, EXEMPT PURPOSE OF ORGANIZATION",990-PF,,,intermediary_or_citywide,"review_excluded_filing: filer-address artifact: every recipient row in all four filings carries the foundation's own office as the recipient address; recipient names and dollars are real and reconciled, recipient geography is not published — held whole, funder-exchange ask attached",,review_excluded
The Joseph and Bessie Feinberg Foundation,2021,YOUNG CHICAGO AUTHORS,415 EAST NORTH WATER STREET 2301,CHICAGO,IL,60611,25000,"GENERAL UNRESTRICTED, EXEMPT PURPOSE OF ORGANIZATION",990-PF,,,intermediary_or_citywide,"review_excluded_filing: filer-address artifact: every recipient row in all four filings carries the foundation's own office as the recipient address; recipient names and dollars are real and reconciled, recipient geography is not published — held whole, funder-exchange ask attached",,review_excluded
The Joseph and Bessie Feinberg Foundation,2021,YOUTH GUIDANCE,415 EAST NORTH WATER STREET 2301,CHICAGO,IL,60611,15000,"GENERAL UNRESTRICTED, EXEMPT PURPOSE OF ORGANIZATION",990-PF,,,intermediary_or_citywide,"review_excluded_filing: filer-address artifact: every recipient row in all four filings carries the foundation's own office as the recipient address; recipient names and dollars are real and reconciled, recipient geography is not published — held whole, funder-exchange ask attached",,review_excluded
The Joseph and Bessie Feinberg Foundation,2021,YWCA METROPOLITAN CHICAGO,415 EAST NORTH WATER STREET 2301,CHICAGO,IL,60611,5000,"GENERAL UNRESTRICTED, EXEMPT PURPOSE OF ORGANIZATION",990-PF,,,intermediary_or_citywide,"review_excluded_filing: filer-address artifact: every recipient row in all four filings carries the foundation's own office as the recipient address; recipient names and dollars are real and reconciled, recipient geography is not published — held whole, funder-exchange ask attached",,review_excluded
The Joseph and Bessie Feinberg Foundation,2021,CHICAGO WOMEN IN PHILANTHROPY,415 EAST NORTH WATER STREET 2301,CHICAGO,IL,60611,1750,"GENERAL UNRESTRICTED, EXEMPT PURPOSE OF ORGANIZATION",990-PF,,,intermediary_or_citywide,"review_excluded_filing: filer-address artifact: every recipient row in all four filings carries the foundation's own office as the recipient address; recipient names and dollars are real and reconciled, recipient geography is not published — held whole, funder-exchange ask attached",,review_excluded
The Joseph and Bessie Feinberg Foundation,2022,ACCESS BOOKS,415 EAST NORTH WATER STREET 2301,CHICAGO,IL,60611,25000,"GENERAL UNRESTRICTED, EXEMPT PURPOSE OF ORGANIZATION",990-PF,,,intermediary_or_citywide,review_excluded_filing: filer-address artifact (see 2021),,review_excluded
The Joseph and Bessie Feinberg Foundation,2022,AFTER SCHOOL MATTERS,415 EAST NORTH WATER STREET 2301,CHICAGO,IL,60611,25000,"GENERAL UNRESTRICTED, EXEMPT PURPOSE OF ORGANIZATION",990-PF,,,intermediary_or_citywide,review_excluded_filing: filer-address artifact (see 2021),,review_excluded
The Joseph and Bessie Feinberg Foundation,2022,ALBANY PARK THEATER PROJECT,415 EAST NORTH WATER STREET 2301,CHICAGO,IL,60611,5000,"GENERAL UNRESTRICTED, EXEMPT PURPOSE OF ORGANIZATION",990-PF,,,intermediary_or_citywide,review_excluded_filing: filer-address artifact (see 2021),,review_excluded
The Joseph and Bessie Feinberg Foundation,2022,ASSOCIATION FOR PROFESSIONAL DOG TRAINERS FOUNDATION,415 EAST NORTH WATER STREET 2301,CHICAGO,IL,60611,15000,"GENERAL UNRESTRICTED, EXEMPT PURPOSE OF ORGANIZATION",990-PF,,,intermediary_or_citywide,review_excluded_filing: filer-address artifact (see 2021),,review_excluded
The Joseph and Bessie Feinberg Foundation,2022,BETTER GOVERNMENT ASSOCIATION,415 EAST NORTH WATER STREET 2301,CHICAGO,IL,60611,100000,"GENERAL UNRESTRICTED, EXEMPT PURPOSE OF ORGANIZATION",990-PF,,,intermediary_or_citywide,review_excluded_filing: filer-address artifact (see 2021),,review_excluded
The Joseph and Bessie Feinberg Foundation,2022,BLOCK CLUB CHICAGO,415 EAST NORTH WATER STREET 2301,CHICAGO,IL,60611,25000,"GENERAL UNRESTRICTED, EXEMPT PURPOSE OF ORGANIZATION",990-PF,,,intermediary_or_citywide,review_excluded_filing: filer-address artifact (see 2021),,review_excluded
The Joseph and Bessie Feinberg Foundation,2022,BOULEVARD,415 EAST NORTH WATER STREET 2301,CHICAGO,IL,60611,50000,"GENERAL UNRESTRICTED, EXEMPT PURPOSE OF ORGANIZATION",990-PF,,,intermediary_or_citywide,review_excluded_filing: filer-address artifact (see 2021),,review_excluded
The Joseph and Bessie Feinberg Foundation,2022,BRONZEVILLE TRAIL TASK FORCE,415 EAST NORTH WATER STREET 2301,CHICAGO,IL,60611,5000,"GENERAL UNRESTRICTED, EXEMPT PURPOSE OF ORGANIZATION",990-PF,,,intermediary_or_citywide,review_excluded_filing: filer-address artifact (see 2021),,review_excluded
The Joseph and Bessie Feinberg Foundation,2022,CANINE LYMPHOMA EDUCATION AWARENESS & RESEARCH,415 EAST NORTH WATER STREET 2301,CHICAGO,IL,60611,40000,"GENERAL UNRESTRICTED, EXEMPT PURPOSE OF ORGANIZATION",990-PF,,,intermediary_or_citywide,review_excluded_filing: filer-address artifact (see 2021),,review_excluded
The Joseph and Bessie Feinberg Foundation,2022,CARA CHICAGO,415 EAST NORTH WATER STREET 2301,CHICAGO,IL,60611,5000,"GENERAL UNRESTRICTED, EXEMPT PURPOSE OF ORGANIZATION",990-PF,,,intermediary_or_citywide,review_excluded_filing: filer-address artifact (see 2021),,review_excluded
The Joseph and Bessie Feinberg Foundation,2022,CHABAD OF CALABASAS,415 EAST NORTH WATER STREET 2301,CHICAGO,IL,60611,50000,"GENERAL UNRESTRICTED, EXEMPT PURPOSE OF ORGANIZATION",990-PF,,,intermediary_or_citywide,review_excluded_filing: filer-address artifact (see 2021),,review_excluded
The Joseph and Bessie Feinberg Foundation,2022,CHARITYWATCH,415 EAST NORTH WATER STREET 2301,CHICAGO,IL,60611,50,"GENERAL UNRESTRICTED, EXEMPT PURPOSE OF ORGANIZATION",990-PF,,,intermediary_or_citywide,review_excluded_filing: filer-address artifact (see 2021),,review_excluded
The Joseph and Bessie Feinberg Foundation,2022,CHICAGO ARCHITECTURE BIENNIAL,415 EAST NORTH WATER STREET 2301,CHICAGO,IL,60611,5000,"GENERAL UNRESTRICTED, EXEMPT PURPOSE OF ORGANIZATION",990-PF,,,intermediary_or_citywide,review_excluded_filing: filer-address artifact (see 2021),,review_excluded
The Joseph and Bessie Feinberg Foundation,2022,CHICAGO ARTS AND MUSIC PROJECT,415 EAST NORTH WATER STREET 2301,CHICAGO,IL,60611,5000,"GENERAL UNRESTRICTED, EXEMPT PURPOSE OF ORGANIZATION",990-PF,,,intermediary_or_citywide,review_excluded_filing: filer-address artifact (see 2021),,review_excluded
The Joseph and Bessie Feinberg Foundation,2022,CHICAGO COUNCIL ON GLOBAL AFFAIRS,415 EAST NORTH WATER STREET 2301,CHICAGO,IL,60611,25000,"GENERAL UNRESTRICTED, EXEMPT PURPOSE OF ORGANIZATION",990-PF,,,intermediary_or_citywide,review_excluded_filing: filer-address artifact (see 2021),,review_excluded
The Joseph and Bessie Feinberg Foundation,2022,CHICAGO COUNCIL ON SCIENCE & TECHNOLOGY,415 EAST NORTH WATER STREET 2301,CHICAGO,IL,60611,5000,"GENERAL UNRESTRICTED, EXEMPT PURPOSE OF ORGANIZATION",990-PF,,,intermediary_or_citywide,review_excluded_filing: filer-address artifact (see 2021),,review_excluded
The Joseph and Bessie Feinberg Foundation,2022,CHICAGO FOUNDATION FOR WOMEN,415 EAST NORTH WATER STREET 2301,CHICAGO,IL,60611,5500,"GENERAL UNRESTRICTED, EXEMPT PURPOSE OF ORGANIZATION",990-PF,,,intermediary_or_citywide,review_excluded_filing: filer-address artifact (see 2021),,review_excluded
The Joseph and Bessie Feinberg Foundation,2022,CHICAGO FURNITURE BANK,415 EAST NORTH WATER STREET 2301,CHICAGO,IL,60611,25000,"GENERAL UNRESTRICTED, EXEMPT PURPOSE OF ORGANIZATION",990-PF,,,intermediary_or_citywide,review_excluded_filing: filer-address artifact (see 2021),,review_excluded
The Joseph and Bessie Feinberg Foundation,2022,CHICAGO HELP INITIATIVE,415 EAST NORTH WATER STREET 2301,CHICAGO,IL,60611,5000,"GENERAL UNRESTRICTED, EXEMPT PURPOSE OF ORGANIZATION",990-PF,,,intermediary_or_citywide,review_excluded_filing: filer-address artifact (see 2021),,review_excluded
The Joseph and Bessie Feinberg Foundation,2022,CHICAGO HOPES FOR KIDS,415 EAST NORTH WATER STREET 2301,CHICAGO,IL,60611,43500,"GENERAL UNRESTRICTED, EXEMPT PURPOSE OF ORGANIZATION",990-PF,,,intermediary_or_citywide,review_excluded_filing: filer-address artifact (see 2021),,review_excluded
The Joseph and Bessie Feinberg Foundation,2022,CHICAGO LAWYER'S COMMITTEE FOR CIVIL RIGHTS,415 EAST NORTH WATER STREET 2301,CHICAGO,IL,60611,7500,"GENERAL UNRESTRICTED, EXEMPT PURPOSE OF ORGANIZATION",990-PF,,,intermediary_or_citywide,review_excluded_filing: filer-address artifact (see 2021),,review_excluded
The Joseph and Bessie Feinberg Foundation,2022,CHICAGO MULTICULTURAL DANCE CENTER,415 EAST NORTH WATER STREET 2301,CHICAGO,IL,60611,25000,"GENERAL UNRESTRICTED, EXEMPT PURPOSE OF ORGANIZATION",990-PF,,,intermediary_or_citywide,review_excluded_filing: filer-address artifact (see 2021),,review_excluded
The Joseph and Bessie Feinberg Foundation,2022,CHICAGO PUBLIC MEDIA,415 EAST NORTH WATER STREET 2301,CHICAGO,IL,60611,30000,"GENERAL UNRESTRICTED, EXEMPT PURPOSE OF ORGANIZATION",990-PF,,,intermediary_or_citywide,review_excluded_filing: filer-address artifact (see 2021),,review_excluded
The Joseph and Bessie Feinberg Foundation,2022,CHICAGO SURVIVORS,415 EAST NORTH WATER STREET 2301,CHICAGO,IL,60611,20000,"GENERAL UNRESTRICTED, EXEMPT PURPOSE OF ORGANIZATION",990-PF,,,intermediary_or_citywide,review_excluded_filing: filer-address artifact (see 2021),,review_excluded
The Joseph and Bessie Feinberg Foundation,2022,CHICAGO TORTURE JUSTICE CENTER,415 EAST NORTH WATER STREET 2301,CHICAGO,IL,60611,11000,"GENERAL UNRESTRICTED, EXEMPT PURPOSE OF ORGANIZATION",990-PF,,,intermediary_or_citywide,review_excluded_filing: filer-address artifact (see 2021),,review_excluded
The Joseph and Bessie Feinberg Foundation,2022,CHICAGO TORTURE JUSTICE CENTER,415 EAST NORTH WATER STREET 2301,CHICAGO,IL,60611,5000,"GENERAL UNRESTRICTED, EXEMPT PURPOSE OF ORGANIZATION",990-PF,,,intermediary_or_citywide,review_excluded_filing: filer-address artifact (see 2021),,review_excluded
The Joseph and Bessie Feinberg Foundation,2022,CHICAGO VOYAGERS,415 EAST NORTH WATER STREET 2301,CHICAGO,IL,60611,5000,"GENERAL UNRESTRICTED, EXEMPT PURPOSE OF ORGANIZATION",990-PF,,,intermediary_or_citywide,review_excluded_filing: filer-address artifact (see 2021),,review_excluded
The Joseph and Bessie Feinberg Foundation,2022,CHICAGO WOMEN IN PHILANTHROPY,415 EAST NORTH WATER STREET 2301,CHICAGO,IL,60611,1750,"GENERAL UNRESTRICTED, EXEMPT PURPOSE OF ORGANIZATION",990-PF,,,intermediary_or_citywide,review_excluded_filing: filer-address artifact (see 2021),,review_excluded
The Joseph and Bessie Feinberg Foundation,2022,CJE SENIORLIFE,415 EAST NORTH WATER STREET 2301,CHICAGO,IL,60611,25000,"GENERAL UNRESTRICTED, EXEMPT PURPOSE OF ORGANIZATION",990-PF,,,intermediary_or_citywide,review_excluded_filing: filer-address artifact (see 2021),,review_excluded
The Joseph and Bessie Feinberg Foundation,2022,COLLABORACTION THEATRE,415 EAST NORTH WATER STREET 2301,CHICAGO,IL,60611,25000,"GENERAL UNRESTRICTED, EXEMPT PURPOSE OF ORGANIZATION",990-PF,,,intermediary_or_citywide,review_excluded_filing: filer-address artifact (see 2021),,review_excluded
The Joseph and Bessie Feinberg Foundation,2022,COMMUNITYHEALTH,415 EAST NORTH WATER STREET 2301,CHICAGO,IL,60611,50000,"GENERAL UNRESTRICTED, EXEMPT PURPOSE OF ORGANIZATION",990-PF,,,intermediary_or_citywide,review_excluded_filing: filer-address artifact (see 2021),,review_excluded
The Joseph and Bessie Feinberg Foundation,2022,CONGREGATION OR AMI,415 EAST NORTH WATER STREET 2301,CHICAGO,IL,60611,20000,"GENERAL UNRESTRICTED, EXEMPT PURPOSE OF ORGANIZATION",990-PF,,,intermediary_or_citywide,review_excluded_filing: filer-address artifact (see 2021),,review_excluded
The Joseph and Bessie Feinberg Foundation,2022,CONNECTION CENTER,415 EAST NORTH WATER STREET 2301,CHICAGO,IL,60611,7500,"GENERAL UNRESTRICTED, EXEMPT PURPOSE OF ORGANIZATION",990-PF,,,intermediary_or_citywide,review_excluded_filing: filer-address artifact (see 2021),,review_excluded
The Joseph and Bessie Feinberg Foundation,2022,CONNECTIONS FOR THE HOMELESS,415 EAST NORTH WATER STREET 2301,CHICAGO,IL,60611,50000,"GENERAL UNRESTRICTED, EXEMPT PURPOSE OF ORGANIZATION",990-PF,,,intermediary_or_citywide,review_excluded_filing: filer-address artifact (see 2021),,review_excluded
The Joseph and Bessie Feinberg Foundation,2022,COVENANT HOUSE ILLINOIS,415 EAST NORTH WATER STREET 2301,CHICAGO,IL,60611,25000,"GENERAL UNRESTRICTED, EXEMPT PURPOSE OF ORGANIZATION",990-PF,,,intermediary_or_citywide,review_excluded_filing: filer-address artifact (see 2021),,review_excluded
The Joseph and Bessie Feinberg Foundation,2022,CROSSROADS FUND,415 EAST NORTH WATER STREET 2301,CHICAGO,IL,60611,10000,"GENERAL UNRESTRICTED, EXEMPT PURPOSE OF ORGANIZATION",990-PF,,,intermediary_or_citywide,review_excluded_filing: filer-address artifact (see 2021),,review_excluded
The Joseph and Bessie Feinberg Foundation,2022,DION'S CHICAGO DREAM,415 EAST NORTH WATER STREET 2301,CHICAGO,IL,60611,5000,"GENERAL UNRESTRICTED, EXEMPT PURPOSE OF ORGANIZATION",990-PF,,,intermediary_or_citywide,review_excluded_filing: filer-address artifact (see 2021),,review_excluded
The Joseph and Bessie Feinberg Foundation,2022,DOVETAIL PROJECT,415 EAST NORTH WATER STREET 2301,CHICAGO,IL,60611,25000,"GENERAL UNRESTRICTED, EXEMPT PURPOSE OF ORGANIZATION",990-PF,,,intermediary_or_citywide,review_excluded_filing: filer-address artifact (see 2021),,review_excluded
The Joseph and Bessie Feinberg Foundation,2022,DREAM ON EDUCATION,415 EAST NORTH WATER STREET 2301,CHICAGO,IL,60611,2500,"GENERAL UNRESTRICTED, EXEMPT PURPOSE OF ORGANIZATION",990-PF,,,intermediary_or_citywide,review_excluded_filing: filer-address artifact (see 2021),,review_excluded
The Joseph and Bessie Feinberg Foundation,2022,DUSABLE MUSEUM,415 EAST NORTH WATER STREET 2301,CHICAGO,IL,60611,5000,"GENERAL UNRESTRICTED, EXEMPT PURPOSE OF ORGANIZATION",990-PF,,,intermediary_or_citywide,review_excluded_filing: filer-address artifact (see 2021),,review_excluded
The Joseph and Bessie Feinberg Foundation,2022,ECHOES OF HOPE,415 EAST NORTH WATER STREET 2301,CHICAGO,IL,60611,100000,"GENERAL UNRESTRICTED, EXEMPT PURPOSE OF ORGANIZATION",990-PF,,,intermediary_or_citywide,review_excluded_filing: filer-address artifact (see 2021),,review_excluded
The Joseph and Bessie Feinberg Foundation,2022,EQUAL HOPE,415 EAST NORTH WATER STREET 2301,CHICAGO,IL,60611,25000,"GENERAL UNRESTRICTED, EXEMPT PURPOSE OF ORGANIZATION",990-PF,,,intermediary_or_citywide,review_excluded_filing: filer-address artifact (see 2021),,review_excluded
The Joseph and Bessie Feinberg Foundation,2022,ERIKSON INSTITUTE,415 EAST NORTH WATER STREET 2301,CHICAGO,IL,60611,25000,"GENERAL UNRESTRICTED, EXEMPT PURPOSE OF ORGANIZATION",990-PF,,,intermediary_or_citywide,review_excluded_filing: filer-address artifact (see 2021),,review_excluded
The Joseph and Bessie Feinberg Foundation,2022,EXPERIMENTAL STATION SOUTH SIDE WEEKLY,415 EAST NORTH WATER STREET 2301,CHICAGO,IL,60611,1000,"GENERAL UNRESTRICTED, EXEMPT PURPOSE OF ORGANIZATION",990-PF,,,intermediary_or_citywide,review_excluded_filing: filer-address artifact (see 2021),,review_excluded
The Joseph and Bessie Feinberg Foundation,2022,FACIAL PAIN RESEARCH FOUNDATION,415 EAST NORTH WATER STREET 2301,CHICAGO,IL,60611,2500,"GENERAL UNRESTRICTED, EXEMPT PURPOSE OF ORGANIZATION",990-PF,,,intermediary_or_citywide,review_excluded_filing: filer-address artifact (see 2021),,review_excluded
The Joseph and Bessie Feinberg Foundation,2022,FACING FORWARD TO END HOMELESSNESS,415 EAST NORTH WATER STREET 2301,CHICAGO,IL,60611,5000,"GENERAL UNRESTRICTED, EXEMPT PURPOSE OF ORGANIZATION",990-PF,,,intermediary_or_citywide,review_excluded_filing: filer-address artifact (see 2021),,review_excluded
The Joseph and Bessie Feinberg Foundation,2022,FAMILY FOCUS,415 EAST NORTH WATER STREET 2301,CHICAGO,IL,60611,5000,"GENERAL UNRESTRICTED, EXEMPT PURPOSE OF ORGANIZATION",990-PF,,,intermediary_or_citywide,review_excluded_filing: filer-address artifact (see 2021),,review_excluded
The Joseph and Bessie Feinberg Foundation,2022,FIGEROA WU FAMILY FOUNDATION,415 EAST NORTH WATER STREET 2301,CHICAGO,IL,60611,25000,"GENERAL UNRESTRICTED, EXEMPT PURPOSE OF ORGANIZATION",990-PF,,,intermediary_or_citywide,review_excluded_filing: filer-address artifact (see 2021),,review_excluded
The Joseph and Bessie Feinberg Foundation,2022,FRIENDS OF ELNET,415 EAST NORTH WATER STREET 2301,CHICAGO,IL,60611,250000,"GENERAL UNRESTRICTED, EXEMPT PURPOSE OF ORGANIZATION",990-PF,,,intermediary_or_citywide,review_excluded_filing: filer-address artifact (see 2021),,review_excluded
The Joseph and Bessie Feinberg Foundation,2022,GILDAS CLUB CHICAGO,415 EAST NORTH WATER STREET 2301,CHICAGO,IL,60611,5000,"GENERAL UNRESTRICTED, EXEMPT PURPOSE OF ORGANIZATION",990-PF,,,intermediary_or_citywide,review_excluded_filing: filer-address artifact (see 2021),,review_excluded
The Joseph and Bessie Feinberg Foundation,2022,GIRLS 4 SCIENCE,415 EAST NORTH WATER STREET 2301,CHICAGO,IL,60611,51850,"GENERAL UNRESTRICTED, EXEMPT PURPOSE OF ORGANIZATION",990-PF,,,intermediary_or_citywide,review_excluded_filing: filer-address artifact (see 2021),,review_excluded
The Joseph and Bessie Feinberg Foundation,2022,GRAY MATTER EXPERIENCE,415 EAST NORTH WATER STREET 2301,CHICAGO,IL,60611,5000,"GENERAL UNRESTRICTED, EXEMPT PURPOSE OF ORGANIZATION",990-PF,,,intermediary_or_citywide,review_excluded_filing: filer-address artifact (see 2021),,review_excluded
The Joseph and Bessie Feinberg Foundation,2022,GREATER CHICAGO FOOD DEPOSITORY,415 EAST NORTH WATER STREET 2301,CHICAGO,IL,60611,5000,"GENERAL UNRESTRICTED, EXEMPT PURPOSE OF ORGANIZATION",990-PF,,,intermediary_or_citywide,review_excluded_filing: filer-address artifact (see 2021),,review_excluded
The Joseph and Bessie Feinberg Foundation,2022,GREATER ENGLEWOOD CHAMBER OF COMMERCE FOUNDATION,415 EAST NORTH WATER STREET 2301,CHICAGO,IL,60611,500,"GENERAL UNRESTRICTED, EXEMPT PURPOSE OF ORGANIZATION",990-PF,,,intermediary_or_citywide,review_excluded_filing: filer-address artifact (see 2021),,review_excluded
The Joseph and Bessie Feinberg Foundation,2022,GROWING HOME INC,415 EAST NORTH WATER STREET 2301,CHICAGO,IL,60611,5000,"GENERAL UNRESTRICTED, EXEMPT PURPOSE OF ORGANIZATION",990-PF,,,intermediary_or_citywide,review_excluded_filing: filer-address artifact (see 2021),,review_excluded
The Joseph and Bessie Feinberg Foundation,2022,H FOUNDATION,415 EAST NORTH WATER STREET 2301,CHICAGO,IL,60611,5000,"GENERAL UNRESTRICTED, EXEMPT PURPOSE OF ORGANIZATION",990-PF,,,intermediary_or_citywide,review_excluded_filing: filer-address artifact (see 2021),,review_excluded
The Joseph and Bessie Feinberg Foundation,2022,HOME,415 EAST NORTH WATER STREET 2301,CHICAGO,IL,60611,10000,"GENERAL UNRESTRICTED, EXEMPT PURPOSE OF ORGANIZATION",990-PF,,,intermediary_or_citywide,review_excluded_filing: filer-address artifact (see 2021),,review_excluded
The Joseph and Bessie Feinberg Foundation,2022,HEALTH & MEDICINE POLICY RESEARCH GROUP,415 EAST NORTH WATER STREET 2301,CHICAGO,IL,60611,5000,"GENERAL UNRESTRICTED, EXEMPT PURPOSE OF ORGANIZATION",990-PF,,,intermediary_or_citywide,review_excluded_filing: filer-address artifact (see 2021),,review_excluded
The Joseph and Bessie Feinberg Foundation,2022,HOUSE OF THE GOOD SHEPHERD,415 EAST NORTH WATER STREET 2301,CHICAGO,IL,60611,1500,"GENERAL UNRESTRICTED, EXEMPT PURPOSE OF ORGANIZATION",990-PF,,,intermediary_or_citywide,review_excluded_filing: filer-address artifact (see 2021),,review_excluded
The Joseph and Bessie Feinberg Foundation,2022,HUMAN RIGHTS WATCH,415 EAST NORTH WATER STREET 2301,CHICAGO,IL,60611,7500,"GENERAL UNRESTRICTED, EXEMPT PURPOSE OF ORGANIZATION",990-PF,,,intermediary_or_citywide,review_excluded_filing: filer-address artifact (see 2021),,review_excluded
The Joseph and Bessie Feinberg Foundation,2022,HYDROCEPHALUS ASSOCIATION,415 EAST NORTH WATER STREET 2301,CHICAGO,IL,60611,10000,"GENERAL UNRESTRICTED, EXEMPT PURPOSE OF ORGANIZATION",990-PF,,,intermediary_or_citywide,review_excluded_filing: filer-address artifact (see 2021),,review_excluded
The Joseph and Bessie Feinberg Foundation,2022,IGNITE,415 EAST NORTH WATER STREET 2301,CHICAGO,IL,60611,50000,"GENERAL UNRESTRICTED, EXEMPT PURPOSE OF ORGANIZATION",990-PF,,,intermediary_or_citywide,review_excluded_filing: filer-address artifact (see 2021),,review_excluded
The Joseph and Bessie Feinberg Foundation,2022,ILLINOIS HUMANITIES,415 EAST NORTH WATER STREET 2301,CHICAGO,IL,60611,1500,"GENERAL UNRESTRICTED, EXEMPT PURPOSE OF ORGANIZATION",990-PF,,,intermediary_or_citywide,review_excluded_filing: filer-address artifact (see 2021),,review_excluded
The Joseph and Bessie Feinberg Foundation,2022,IMAGINE ENGLEWOOD IF,415 EAST NORTH WATER STREET 2301,CHICAGO,IL,60611,85000,"GENERAL UNRESTRICTED, EXEMPT PURPOSE OF ORGANIZATION",990-PF,,,intermediary_or_citywide,review_excluded_filing: filer-address artifact (see 2021),,review_excluded
The Joseph and Bessie Feinberg Foundation,2022,INFANT WELFARE SOCIETY OF EVANSTON,415 EAST NORTH WATER STREET 2301,CHICAGO,IL,60611,5000,"GENERAL UNRESTRICTED, EXEMPT PURPOSE OF ORGANIZATION",990-PF,,,intermediary_or_citywide,review_excluded_filing: filer-address artifact (see 2021),,review_excluded
The Joseph and Bessie Feinberg Foundation,2022,INGENUITY,415 EAST NORTH WATER STREET 2301,CHICAGO,IL,60611,5000,"GENERAL UNRESTRICTED, EXEMPT PURPOSE OF ORGANIZATION",990-PF,,,intermediary_or_citywide,review_excluded_filing: filer-address artifact (see 2021),,review_excluded
The Joseph and Bessie Feinberg Foundation,2022,INJUSTICE WATCH,415 EAST NORTH WATER STREET 2301,CHICAGO,IL,60611,52200,"GENERAL UNRESTRICTED, EXEMPT PURPOSE OF ORGANIZATION",990-PF,,,intermediary_or_citywide,review_excluded_filing: filer-address artifact (see 2021),,review_excluded
The Joseph and Bessie Feinberg Foundation,2022,INSPIRATION CORPORATION,415 EAST NORTH WATER STREET 2301,CHICAGO,IL,60611,5000,"GENERAL UNRESTRICTED, EXEMPT PURPOSE OF ORGANIZATION",990-PF,,,intermediary_or_citywide,review_excluded_filing: filer-address artifact (see 2021),,review_excluded
The Joseph and Bessie Feinberg Foundation,2022,INVISIBLE INSTITUTE,415 EAST NORTH WATER STREET 2301,CHICAGO,IL,60611,10000,"GENERAL UNRESTRICTED, EXEMPT PURPOSE OF ORGANIZATION",990-PF,,,intermediary_or_citywide,review_excluded_filing: filer-address artifact (see 2021),,review_excluded
The Joseph and Bessie Feinberg Foundation,2022,JEWISH COUNCIL ON URBAN AFFAIRS,415 EAST NORTH WATER STREET 2301,CHICAGO,IL,60611,25000,"GENERAL UNRESTRICTED, EXEMPT PURPOSE OF ORGANIZATION",990-PF,,,intermediary_or_citywide,review_excluded_filing: filer-address artifact (see 2021),,review_excluded
The Joseph and Bessie Feinberg Foundation,2022,JEWISH FAMILY SERVICE LA,415 EAST NORTH WATER STREET 2301,CHICAGO,IL,60611,25000,"GENERAL UNRESTRICTED, EXEMPT PURPOSE OF ORGANIZATION",990-PF,,,intermediary_or_citywide,review_excluded_filing: filer-address artifact (see 2021),,review_excluded
The Joseph and Bessie Feinberg Foundation,2022,JEWISH UNITED FUND,415 EAST NORTH WATER STREET 2301,CHICAGO,IL,60611,100000,"GENERAL UNRESTRICTED, EXEMPT PURPOSE OF ORGANIZATION",990-PF,,,intermediary_or_citywide,review_excluded_filing: filer-address artifact (see 2021),,review_excluded
The Joseph and Bessie Feinberg Foundation,2022,JOFFREY BALLET,415 EAST NORTH WATER STREET 2301,CHICAGO,IL,60611,5000,"GENERAL UNRESTRICTED, EXEMPT PURPOSE OF ORGANIZATION",990-PF,,,intermediary_or_citywide,review_excluded_filing: filer-address artifact (see 2021),,review_excluded
The Joseph and Bessie Feinberg Foundation,2022,JUSTINIAN SOCIETY OF LAWYERS ENDOWMENT FUND,415 EAST NORTH WATER STREET 2301,CHICAGO,IL,60611,10000,"GENERAL UNRESTRICTED, EXEMPT PURPOSE OF ORGANIZATION",990-PF,,,intermediary_or_citywide,review_excluded_filing: filer-address artifact (see 2021),,review_excluded
The Joseph and Bessie Feinberg Foundation,2022,KINGDOM AVENUE INC,415 EAST NORTH WATER STREET 2301,CHICAGO,IL,60611,5000,"GENERAL UNRESTRICTED, EXEMPT PURPOSE OF ORGANIZATION",990-PF,,,intermediary_or_citywide,review_excluded_filing: filer-address artifact (see 2021),,review_excluded
The Joseph and Bessie Feinberg Foundation,2022,KINGS CARE FOUNDATION,415 EAST NORTH WATER STREET 2301,CHICAGO,IL,60611,100000,"GENERAL UNRESTRICTED, EXEMPT PURPOSE OF ORGANIZATION",990-PF,,,intermediary_or_citywide,review_excluded_filing: filer-address artifact (see 2021),,review_excluded
The Joseph and Bessie Feinberg Foundation,2022,LA CASA NORTE,415 EAST NORTH WATER STREET 2301,CHICAGO,IL,60611,5000,"GENERAL UNRESTRICTED, EXEMPT PURPOSE OF ORGANIZATION",990-PF,,,intermediary_or_citywide,review_excluded_filing: filer-address artifact (see 2021),,review_excluded
The Joseph and Bessie Feinberg Foundation,2022,LADIES OF VIRTUE,415 EAST NORTH WATER STREET 2301,CHICAGO,IL,60611,27900,"GENERAL UNRESTRICTED, EXEMPT PURPOSE OF ORGANIZATION",990-PF,,,intermediary_or_citywide,review_excluded_filing: filer-address artifact (see 2021),,review_excluded
The Joseph and Bessie Feinberg Foundation,2022,LAKEVIEW PANTRY,415 EAST NORTH WATER STREET 2301,CHICAGO,IL,60611,50000,"GENERAL UNRESTRICTED, EXEMPT PURPOSE OF ORGANIZATION",990-PF,,,intermediary_or_citywide,review_excluded_filing: filer-address artifact (see 2021),,review_excluded
The Joseph and Bessie Feinberg Foundation,2022,LEAGUE OF CHICAGO THEATRES FOUNDATION,415 EAST NORTH WATER STREET 2301,CHICAGO,IL,60611,1000,"GENERAL UNRESTRICTED, EXEMPT PURPOSE OF ORGANIZATION",990-PF,,,intermediary_or_citywide,review_excluded_filing: filer-address artifact (see 2021),,review_excluded
The Joseph and Bessie Feinberg Foundation,2022,LEGAL AID CHICAGO,415 EAST NORTH WATER STREET 2301,CHICAGO,IL,60611,5000,"GENERAL UNRESTRICTED, EXEMPT PURPOSE OF ORGANIZATION",990-PF,,,intermediary_or_citywide,review_excluded_filing: filer-address artifact (see 2021),,review_excluded
The Joseph and Bessie Feinberg Foundation,2022,LOOKINGGLASS THEATRE COMPANY,415 EAST NORTH WATER STREET 2301,CHICAGO,IL,60611,25000,"GENERAL UNRESTRICTED, EXEMPT PURPOSE OF ORGANIZATION",990-PF,,,intermediary_or_citywide,review_excluded_filing: filer-address artifact (see 2021),,review_excluded
The Joseph and Bessie Feinberg Foundation,2022,LOS ANGELES REGIONAL FOOD BANK,415 EAST NORTH WATER STREET 2301,CHICAGO,IL,60611,25000,"GENERAL UNRESTRICTED, EXEMPT PURPOSE OF ORGANIZATION",990-PF,,,intermediary_or_citywide,review_excluded_filing: filer-address artifact (see 2021),,review_excluded
The Joseph and Bessie Feinberg Foundation,2022,MALNATI BRAIN TUMOR INSTITUTE,415 EAST NORTH WATER STREET 2301,CHICAGO,IL,60611,15000,"GENERAL UNRESTRICTED, EXEMPT PURPOSE OF ORGANIZATION",990-PF,,,intermediary_or_citywide,review_excluded_filing: filer-address artifact (see 2021),,review_excluded
The Joseph and Bessie Feinberg Foundation,2022,MONTESSORI SCHOOL OF ENGLEWOOD,415 EAST NORTH WATER STREET 2301,CHICAGO,IL,60611,25000,"GENERAL UNRESTRICTED, EXEMPT PURPOSE OF ORGANIZATION",990-PF,,,intermediary_or_citywide,review_excluded_filing: filer-address artifact (see 2021),,review_excluded
The Joseph and Bessie Feinberg Foundation,2022,MORAN CENTER FOR YOUTH ADVOCACY,415 EAST NORTH WATER STREET 2301,CHICAGO,IL,60611,5000,"GENERAL UNRESTRICTED, EXEMPT PURPOSE OF ORGANIZATION",990-PF,,,intermediary_or_citywide,review_excluded_filing: filer-address artifact (see 2021),,review_excluded
The Joseph and Bessie Feinberg Foundation,2022,MORE UP CAMPUS,415 EAST NORTH WATER STREET 2301,CHICAGO,IL,60611,5000,"GENERAL UNRESTRICTED, EXEMPT PURPOSE OF ORGANIZATION",990-PF,,,intermediary_or_citywide,review_excluded_filing: filer-address artifact (see 2021),,review_excluded
The Joseph and Bessie Feinberg Foundation,2022,MOTHER JONES FOUNDATION FOR NATIONAL PROGRESS,415 EAST NORTH WATER STREET 2301,CHICAGO,IL,60611,235310,"GENERAL UNRESTRICTED, EXEMPT PURPOSE OF ORGANIZATION",990-PF,,,intermediary_or_citywide,review_excluded_filing: filer-address artifact (see 2021),,review_excluded
The Joseph and Bessie Feinberg Foundation,2022,NATIONAL PUBLIC HOUSING MUSEUM,415 EAST NORTH WATER STREET 2301,CHICAGO,IL,60611,200000,"GENERAL UNRESTRICTED, EXEMPT PURPOSE OF ORGANIZATION",990-PF,,,intermediary_or_citywide,review_excluded_filing: filer-address artifact (see 2021),,review_excluded
The Joseph and Bessie Feinberg Foundation,2022,NEAR SOUTH PLANNING BOARD,415 EAST NORTH WATER STREET 2301,CHICAGO,IL,60611,15000,"GENERAL UNRESTRICTED, EXEMPT PURPOSE OF ORGANIZATION",990-PF,,,intermediary_or_citywide,review_excluded_filing: filer-address artifact (see 2021),,review_excluded
The Joseph and Bessie Feinberg Foundation,2022,NEW LEASH ON LIFE,415 EAST NORTH WATER STREET 2301,CHICAGO,IL,60611,25000,"GENERAL UNRESTRICTED, EXEMPT PURPOSE OF ORGANIZATION",990-PF,,,intermediary_or_citywide,review_excluded_filing: filer-address artifact (see 2021),,review_excluded
The Joseph and Bessie Feinberg Foundation,2022,NIGHT MINISTRY,415 EAST NORTH WATER STREET 2301,CHICAGO,IL,60611,30000,"GENERAL UNRESTRICTED, EXEMPT PURPOSE OF ORGANIZATION",990-PF,,,intermediary_or_citywide,review_excluded_filing: filer-address artifact (see 2021),,review_excluded
The Joseph and Bessie Feinberg Foundation,2022,NORTHERN ILLINOIS FOOD BANK,415 EAST NORTH WATER STREET 2301,CHICAGO,IL,60611,5000,"GENERAL UNRESTRICTED, EXEMPT PURPOSE OF ORGANIZATION",990-PF,,,intermediary_or_citywide,review_excluded_filing: filer-address artifact (see 2021),,review_excluded
The Joseph and Bessie Feinberg Foundation,2022,NORTHWESTERN FEINBERG SCHOOL OF MEDICINE,415 EAST NORTH WATER STREET 2301,CHICAGO,IL,60611,210000,"GENERAL UNRESTRICTED, EXEMPT PURPOSE OF ORGANIZATION",990-PF,,,intermediary_or_citywide,review_excluded_filing: filer-address artifact (see 2021),,review_excluded
The Joseph and Bessie Feinberg Foundation,2022,OLD TOWN SCHOOL OF FOLK MUSIC,415 EAST NORTH WATER STREET 2301,CHICAGO,IL,60611,5000,"GENERAL UNRESTRICTED, EXEMPT PURPOSE OF ORGANIZATION",990-PF,,,intermediary_or_citywide,review_excluded_filing: filer-address artifact (see 2021),,review_excluded
The Joseph and Bessie Feinberg Foundation,2022,OPEN BOOKS,415 EAST NORTH WATER STREET 2301,CHICAGO,IL,60611,2500,"GENERAL UNRESTRICTED, EXEMPT PURPOSE OF ORGANIZATION",990-PF,,,intermediary_or_citywide,review_excluded_filing: filer-address artifact (see 2021),,review_excluded
The Joseph and Bessie Feinberg Foundation,2022,PEOPLE'S MUSIC SCHOOL,415 EAST NORTH WATER STREET 2301,CHICAGO,IL,60611,50000,"GENERAL UNRESTRICTED, EXEMPT PURPOSE OF ORGANIZATION",990-PF,,,intermediary_or_citywide,review_excluded_filing: filer-address artifact (see 2021),,review_excluded
The Joseph and Bessie Feinberg Foundation,2022,PLANNED PARENTHOOD OF ILLINOIS,415 EAST NORTH WATER STREET 2301,CHICAGO,IL,60611,5000,"GENERAL UNRESTRICTED, EXEMPT PURPOSE OF ORGANIZATION",990-PF,,,intermediary_or_citywide,review_excluded_filing: filer-address artifact (see 2021),,review_excluded
The Joseph and Bessie Feinberg Foundation,2022,PRO PUBLICA,415 EAST NORTH WATER STREET 2301,CHICAGO,IL,60611,5000,"GENERAL UNRESTRICTED, EXEMPT PURPOSE OF ORGANIZATION",990-PF,,,intermediary_or_citywide,review_excluded_filing: filer-address artifact (see 2021),,review_excluded
The Joseph and Bessie Feinberg Foundation,2022,PROVIDENT FOUNDATION,415 EAST NORTH WATER STREET 2301,CHICAGO,IL,60611,5000,"GENERAL UNRESTRICTED, EXEMPT PURPOSE OF ORGANIZATION",990-PF,,,intermediary_or_citywide,review_excluded_filing: filer-address artifact (see 2021),,review_excluded
The Joseph and Bessie Feinberg Foundation,2022,READER INSTITUTE FOR COMMUNITY JOURNALISM,415 EAST NORTH WATER STREET 2301,CHICAGO,IL,60611,5000,"GENERAL UNRESTRICTED, EXEMPT PURPOSE OF ORGANIZATION",990-PF,,,intermediary_or_citywide,review_excluded_filing: filer-address artifact (see 2021),,review_excluded
The Joseph and Bessie Feinberg Foundation,2022,READER INSTITUTE FOR COMMUNITY JOURNALISM INC,415 EAST NORTH WATER STREET 2301,CHICAGO,IL,60611,100000,"GENERAL UNRESTRICTED, EXEMPT PURPOSE OF ORGANIZATION",990-PF,,,intermediary_or_citywide,review_excluded_filing: filer-address artifact (see 2021),,review_excluded
The Joseph and Bessie Feinberg Foundation,2022,REFRACTED THEATRE COMPANY,415 EAST NORTH WATER STREET 2301,CHICAGO,IL,60611,5000,"GENERAL UNRESTRICTED, EXEMPT PURPOSE OF ORGANIZATION",990-PF,,,intermediary_or_citywide,review_excluded_filing: filer-address artifact (see 2021),,review_excluded
The Joseph and Bessie Feinberg Foundation,2022,RESIDENT ASSOCIATION OF GREATER ENGLEWOOD,415 EAST NORTH WATER STREET 2301,CHICAGO,IL,60611,5000,"GENERAL UNRESTRICTED, EXEMPT PURPOSE OF ORGANIZATION",990-PF,,,intermediary_or_citywide,review_excluded_filing: filer-address artifact (see 2021),,review_excluded
The Joseph and Bessie Feinberg Foundation,2022,RESTORE JUSTICE FOUNDATION,415 EAST NORTH WATER STREET 2301,CHICAGO,IL,60611,20200,"GENERAL UNRESTRICTED, EXEMPT PURPOSE OF ORGANIZATION",990-PF,,,intermediary_or_citywide,review_excluded_filing: filer-address artifact (see 2021),,review_excluded
The Joseph and Bessie Feinberg Foundation,2022,ROGER BALDWIN FOUNDATION OF THE ACLU,415 EAST NORTH WATER STREET 2301,CHICAGO,IL,60611,15000,"GENERAL UNRESTRICTED, EXEMPT PURPOSE OF ORGANIZATION",990-PF,,,intermediary_or_citywide,review_excluded_filing: filer-address artifact (see 2021),,review_excluded
The Joseph and Bessie Feinberg Foundation,2022,RUSH UNIVERSITY,415 EAST NORTH WATER STREET 2301,CHICAGO,IL,60611,500,"GENERAL UNRESTRICTED, EXEMPT PURPOSE OF ORGANIZATION",990-PF,,,intermediary_or_citywide,review_excluded_filing: filer-address artifact (see 2021),,review_excluded
The Joseph and Bessie Feinberg Foundation,2022,SAFE PLACE FOR YOUTH,415 EAST NORTH WATER STREET 2301,CHICAGO,IL,60611,25000,"GENERAL UNRESTRICTED, EXEMPT PURPOSE OF ORGANIZATION",990-PF,,,intermediary_or_citywide,review_excluded_filing: filer-address artifact (see 2021),,review_excluded
The Joseph and Bessie Feinberg Foundation,2022,SHALVA,415 EAST NORTH WATER STREET 2301,CHICAGO,IL,60611,10000,"GENERAL UNRESTRICTED, EXEMPT PURPOSE OF ORGANIZATION",990-PF,,,intermediary_or_citywide,review_excluded_filing: filer-address artifact (see 2021),,review_excluded
The Joseph and Bessie Feinberg Foundation,2022,SHEDD AQUARIUM,415 EAST NORTH WATER STREET 2301,CHICAGO,IL,60611,15000,"GENERAL UNRESTRICTED, EXEMPT PURPOSE OF ORGANIZATION",990-PF,,,intermediary_or_citywide,review_excluded_filing: filer-address artifact (see 2021),,review_excluded
The Joseph and Bessie Feinberg Foundation,2022,SITSTAYREAD,415 EAST NORTH WATER STREET 2301,CHICAGO,IL,60611,5000,"GENERAL UNRESTRICTED, EXEMPT PURPOSE OF ORGANIZATION",990-PF,,,intermediary_or_citywide,review_excluded_filing: filer-address artifact (see 2021),,review_excluded
The Joseph and Bessie Feinberg Foundation,2022,SOUTHERN POVERTY LAW CENTER,415 EAST NORTH WATER STREET 2301,CHICAGO,IL,60611,1000,"GENERAL UNRESTRICTED, EXEMPT PURPOSE OF ORGANIZATION",990-PF,,,intermediary_or_citywide,review_excluded_filing: filer-address artifact (see 2021),,review_excluded
The Joseph and Bessie Feinberg Foundation,2022,SPERTUS INSTITUTE OF JEWISH STUDIES,415 EAST NORTH WATER STREET 2301,CHICAGO,IL,60611,25000,"GENERAL UNRESTRICTED, EXEMPT PURPOSE OF ORGANIZATION",990-PF,,,intermediary_or_citywide,review_excluded_filing: filer-address artifact (see 2021),,review_excluded
The Joseph and Bessie Feinberg Foundation,2022,START EARLY,415 EAST NORTH WATER STREET 2301,CHICAGO,IL,60611,5000,"GENERAL UNRESTRICTED, EXEMPT PURPOSE OF ORGANIZATION",990-PF,,,intermediary_or_citywide,review_excluded_filing: filer-address artifact (see 2021),,review_excluded
The Joseph and Bessie Feinberg Foundation,2022,STORYCATCHERS THEATRE,415 EAST NORTH WATER STREET 2301,CHICAGO,IL,60611,25000,"GENERAL UNRESTRICTED, EXEMPT PURPOSE OF ORGANIZATION",990-PF,,,intermediary_or_citywide,review_excluded_filing: filer-address artifact (see 2021),,review_excluded
The Joseph and Bessie Feinberg Foundation,2022,STREETWISE,415 EAST NORTH WATER STREET 2301,CHICAGO,IL,60611,25000,"GENERAL UNRESTRICTED, EXEMPT PURPOSE OF ORGANIZATION",990-PF,,,intermediary_or_citywide,review_excluded_filing: filer-address artifact (see 2021),,review_excluded
The Joseph and Bessie Feinberg Foundation,2022,THINK OUTSIDE DA BLOCK,415 EAST NORTH WATER STREET 2301,CHICAGO,IL,60611,7500,"GENERAL UNRESTRICTED, EXEMPT PURPOSE OF ORGANIZATION",990-PF,,,intermediary_or_citywide,review_excluded_filing: filer-address artifact (see 2021),,review_excluded
The Joseph and Bessie Feinberg Foundation,2022,TIMELINE THEATRE,415 EAST NORTH WATER STREET 2301,CHICAGO,IL,60611,40000,"GENERAL UNRESTRICTED, EXEMPT PURPOSE OF ORGANIZATION",990-PF,,,intermediary_or_citywide,review_excluded_filing: filer-address artifact (see 2021),,review_excluded
The Joseph and Bessie Feinberg Foundation,2022,TUTORING CHICAGO,415 EAST NORTH WATER STREET 2301,CHICAGO,IL,60611,25000,"GENERAL UNRESTRICTED, EXEMPT PURPOSE OF ORGANIZATION",990-PF,,,intermediary_or_citywide,review_excluded_filing: filer-address artifact (see 2021),,review_excluded
The Joseph and Bessie Feinberg Foundation,2022,UNITY PARENTING,415 EAST NORTH WATER STREET 2301,CHICAGO,IL,60611,26180,"GENERAL UNRESTRICTED, EXEMPT PURPOSE OF ORGANIZATION",990-PF,,,intermediary_or_citywide,review_excluded_filing: filer-address artifact (see 2021),,review_excluded
The Joseph and Bessie Feinberg Foundation,2022,UPTOWN PEOPLE'S LAW CENTER,415 EAST NORTH WATER STREET 2301,CHICAGO,IL,60611,5000,"GENERAL UNRESTRICTED, EXEMPT PURPOSE OF ORGANIZATION",990-PF,,,intermediary_or_citywide,review_excluded_filing: filer-address artifact (see 2021),,review_excluded
The Joseph and Bessie Feinberg Foundation,2022,WEST COAST SPORTS MEDICINE FOUNDATION,415 EAST NORTH WATER STREET 2301,CHICAGO,IL,60611,201100,"GENERAL UNRESTRICTED, EXEMPT PURPOSE OF ORGANIZATION",990-PF,,,intermediary_or_citywide,review_excluded_filing: filer-address artifact (see 2021),,review_excluded
The Joseph and Bessie Feinberg Foundation,2022,WTTW,415 EAST NORTH WATER STREET 2301,CHICAGO,IL,60611,50000,"GENERAL UNRESTRICTED, EXEMPT PURPOSE OF ORGANIZATION",990-PF,,,intermediary_or_citywide,review_excluded_filing: filer-address artifact (see 2021),,review_excluded
The Joseph and Bessie Feinberg Foundation,2022,YOUNG CHICAGO AUTHORS,415 EAST NORTH WATER STREET 2301,CHICAGO,IL,60611,52500,"GENERAL UNRESTRICTED, EXEMPT PURPOSE OF ORGANIZATION",990-PF,,,intermediary_or_citywide,review_excluded_filing: filer-address artifact (see 2021),,review_excluded
The Joseph and Bessie Feinberg Foundation,2022,YWCA METROPOLITAN CHICAGO,415 EAST NORTH WATER STREET 2301,CHICAGO,IL,60611,5000,"GENERAL UNRESTRICTED, EXEMPT PURPOSE OF ORGANIZATION",990-PF,,,intermediary_or_citywide,review_excluded_filing: filer-address artifact (see 2021),,review_excluded
The Joseph and Bessie Feinberg Foundation,2023,ACCESS BOOKS,415 EAST NORTH WATER STREET 2301,CHICAGO,IL,60611,10000,"GENERAL UNRESTRICTED, EXEMPT PURPOSE OF ORGANIZATION",990-PF,,,intermediary_or_citywide,review_excluded_filing: filer-address artifact (see 2021),,review_excluded
The Joseph and Bessie Feinberg Foundation,2023,AFTER SCHOOL MATTERS,415 EAST NORTH WATER STREET 2301,CHICAGO,IL,60611,25000,"GENERAL UNRESTRICTED, EXEMPT PURPOSE OF ORGANIZATION",990-PF,,,intermediary_or_citywide,review_excluded_filing: filer-address artifact (see 2021),,review_excluded
The Joseph and Bessie Feinberg Foundation,2023,ALBANY PARK THEATER PROJECT,415 EAST NORTH WATER STREET 2301,CHICAGO,IL,60611,5000,"GENERAL UNRESTRICTED, EXEMPT PURPOSE OF ORGANIZATION",990-PF,,,intermediary_or_citywide,review_excluded_filing: filer-address artifact (see 2021),,review_excluded
The Joseph and Bessie Feinberg Foundation,2023,ASSOCIATION FOR PROFESSIONAL DOG TRAINERS FOUNDATION,415 EAST NORTH WATER STREET 2301,CHICAGO,IL,60611,20000,"GENERAL UNRESTRICTED, EXEMPT PURPOSE OF ORGANIZATION",990-PF,,,intermediary_or_citywide,review_excluded_filing: filer-address artifact (see 2021),,review_excluded
The Joseph and Bessie Feinberg Foundation,2023,AUDITORY NEUROSCIENCE LABORATORY NORTHWESTERN UNIVERSITY,415 EAST NORTH WATER STREET 2301,CHICAGO,IL,60611,25000,"GENERAL UNRESTRICTED, EXEMPT PURPOSE OF ORGANIZATION",990-PF,,,intermediary_or_citywide,review_excluded_filing: filer-address artifact (see 2021),,review_excluded
The Joseph and Bessie Feinberg Foundation,2023,BETTER GOVERNMENT ASSOCIATION,415 EAST NORTH WATER STREET 2301,CHICAGO,IL,60611,100000,"GENERAL UNRESTRICTED, EXEMPT PURPOSE OF ORGANIZATION",990-PF,,,intermediary_or_citywide,review_excluded_filing: filer-address artifact (see 2021),,review_excluded
The Joseph and Bessie Feinberg Foundation,2023,BLOCK CLUB CHICAGO,415 EAST NORTH WATER STREET 2301,CHICAGO,IL,60611,5000,"GENERAL UNRESTRICTED, EXEMPT PURPOSE OF ORGANIZATION",990-PF,,,intermediary_or_citywide,review_excluded_filing: filer-address artifact (see 2021),,review_excluded
The Joseph and Bessie Feinberg Foundation,2023,BOULEVARD,415 EAST NORTH WATER STREET 2301,CHICAGO,IL,60611,25000,"GENERAL UNRESTRICTED, EXEMPT PURPOSE OF ORGANIZATION",990-PF,,,intermediary_or_citywide,review_excluded_filing: filer-address artifact (see 2021),,review_excluded
The Joseph and Bessie Feinberg Foundation,2023,BRIGHT COMMUNITY SERVICES,415 EAST NORTH WATER STREET 2301,CHICAGO,IL,60611,5000,"GENERAL UNRESTRICTED, EXEMPT PURPOSE OF ORGANIZATION",990-PF,,,intermediary_or_citywide,review_excluded_filing: filer-address artifact (see 2021),,review_excluded
The Joseph and Bessie Feinberg Foundation,2023,BRONZEVILLE TRAIL TASK FORCE,415 EAST NORTH WATER STREET 2301,CHICAGO,IL,60611,5000,"GENERAL UNRESTRICTED, EXEMPT PURPOSE OF ORGANIZATION",990-PF,,,intermediary_or_citywide,review_excluded_filing: filer-address artifact (see 2021),,review_excluded
The Joseph and Bessie Feinberg Foundation,2023,CANINE LYMPHOMA EDUCATION AWARENESS & RESEARCH,415 EAST NORTH WATER STREET 2301,CHICAGO,IL,60611,40000,"GENERAL UNRESTRICTED, EXEMPT PURPOSE OF ORGANIZATION",990-PF,,,intermediary_or_citywide,review_excluded_filing: filer-address artifact (see 2021),,review_excluded
The Joseph and Bessie Feinberg Foundation,2023,CARA CHICAGO,415 EAST NORTH WATER STREET 2301,CHICAGO,IL,60611,5000,"GENERAL UNRESTRICTED, EXEMPT PURPOSE OF ORGANIZATION",990-PF,,,intermediary_or_citywide,review_excluded_filing: filer-address artifact (see 2021),,review_excluded
The Joseph and Bessie Feinberg Foundation,2023,CHABAD OF CALABASAS,415 EAST NORTH WATER STREET 2301,CHICAGO,IL,60611,25000,"GENERAL UNRESTRICTED, EXEMPT PURPOSE OF ORGANIZATION",990-PF,,,intermediary_or_citywide,review_excluded_filing: filer-address artifact (see 2021),,review_excluded
The Joseph and Bessie Feinberg Foundation,2023,CHALLAH & SOUL,415 EAST NORTH WATER STREET 2301,CHICAGO,IL,60611,35000,"GENERAL UNRESTRICTED, EXEMPT PURPOSE OF ORGANIZATION",990-PF,,,intermediary_or_citywide,review_excluded_filing: filer-address artifact (see 2021),,review_excluded
The Joseph and Bessie Feinberg Foundation,2023,CHAMAH,415 EAST NORTH WATER STREET 2301,CHICAGO,IL,60611,75000,"GENERAL UNRESTRICTED, EXEMPT PURPOSE OF ORGANIZATION",990-PF,,,intermediary_or_citywide,review_excluded_filing: filer-address artifact (see 2021),,review_excluded
The Joseph and Bessie Feinberg Foundation,2023,CHARITYWATCH,415 EAST NORTH WATER STREET 2301,CHICAGO,IL,60611,125,"GENERAL UNRESTRICTED, EXEMPT PURPOSE OF ORGANIZATION",990-PF,,,intermediary_or_citywide,review_excluded_filing: filer-address artifact (see 2021),,review_excluded
The Joseph and Bessie Feinberg Foundation,2023,CHICAGO ARTS AND MUSIC PROJECT,415 EAST NORTH WATER STREET 2301,CHICAGO,IL,60611,5000,"GENERAL UNRESTRICTED, EXEMPT PURPOSE OF ORGANIZATION",990-PF,,,intermediary_or_citywide,review_excluded_filing: filer-address artifact (see 2021),,review_excluded
The Joseph and Bessie Feinberg Foundation,2023,CHICAGO COUNCIL ON SCIENCE & TECHNOLOGY,415 EAST NORTH WATER STREET 2301,CHICAGO,IL,60611,5000,"GENERAL UNRESTRICTED, EXEMPT PURPOSE OF ORGANIZATION",990-PF,,,intermediary_or_citywide,review_excluded_filing: filer-address artifact (see 2021),,review_excluded
The Joseph and Bessie Feinberg Foundation,2023,CHICAGO FOUNDATION FOR WOMEN,415 EAST NORTH WATER STREET 2301,CHICAGO,IL,60611,3000,"GENERAL UNRESTRICTED, EXEMPT PURPOSE OF ORGANIZATION",990-PF,,,intermediary_or_citywide,review_excluded_filing: filer-address artifact (see 2021),,review_excluded
The Joseph and Bessie Feinberg Foundation,2023,CHICAGO FURNITURE BANK,415 EAST NORTH WATER STREET 2301,CHICAGO,IL,60611,5000,"GENERAL UNRESTRICTED, EXEMPT PURPOSE OF ORGANIZATION",990-PF,,,intermediary_or_citywide,review_excluded_filing: filer-address artifact (see 2021),,review_excluded
The Joseph and Bessie Feinberg Foundation,2023,CHICAGO HELP INITIATIVE,415 EAST NORTH WATER STREET 2301,CHICAGO,IL,60611,5000,"GENERAL UNRESTRICTED, EXEMPT PURPOSE OF ORGANIZATION",990-PF,,,intermediary_or_citywide,review_excluded_filing: filer-address artifact (see 2021),,review_excluded
The Joseph and Bessie Feinberg Foundation,2023,CHICAGO HOPES FOR KIDS,415 EAST NORTH WATER STREET 2301,CHICAGO,IL,60611,25000,"GENERAL UNRESTRICTED, EXEMPT PURPOSE OF ORGANIZATION",990-PF,,,intermediary_or_citywide,review_excluded_filing: filer-address artifact (see 2021),,review_excluded
The Joseph and Bessie Feinberg Foundation,2023,CHICAGO LAWYER'S COMMITTEE FOR CIVIL RIGHTS,415 EAST NORTH WATER STREET 2301,CHICAGO,IL,60611,7500,"GENERAL UNRESTRICTED, EXEMPT PURPOSE OF ORGANIZATION",990-PF,,,intermediary_or_citywide,review_excluded_filing: filer-address artifact (see 2021),,review_excluded
The Joseph and Bessie Feinberg Foundation,2023,CHICAGO MEDIA PROJECT,415 EAST NORTH WATER STREET 2301,CHICAGO,IL,60611,25000,"GENERAL UNRESTRICTED, EXEMPT PURPOSE OF ORGANIZATION",990-PF,,,intermediary_or_citywide,review_excluded_filing: filer-address artifact (see 2021),,review_excluded
The Joseph and Bessie Feinberg Foundation,2023,CHICAGO PUBLIC MEDIA,415 EAST NORTH WATER STREET 2301,CHICAGO,IL,60611,30000,"GENERAL UNRESTRICTED, EXEMPT PURPOSE OF ORGANIZATION",990-PF,,,intermediary_or_citywide,review_excluded_filing: filer-address artifact (see 2021),,review_excluded
The Joseph and Bessie Feinberg Foundation,2023,CHICAGO READER,415 EAST NORTH WATER STREET 2301,CHICAGO,IL,60611,50000,"GENERAL UNRESTRICTED, EXEMPT PURPOSE OF ORGANIZATION",990-PF,,,intermediary_or_citywide,review_excluded_filing: filer-address artifact (see 2021),,review_excluded
The Joseph and Bessie Feinberg Foundation,2023,CHICAGO SURVIVORS,415 EAST NORTH WATER STREET 2301,CHICAGO,IL,60611,5000,"GENERAL UNRESTRICTED, EXEMPT PURPOSE OF ORGANIZATION",990-PF,,,intermediary_or_citywide,review_excluded_filing: filer-address artifact (see 2021),,review_excluded
The Joseph and Bessie Feinberg Foundation,2023,CHICAGO TORTURE JUSTICE CENTER,415 EAST NORTH WATER STREET 2301,CHICAGO,IL,60611,5000,"GENERAL UNRESTRICTED, EXEMPT PURPOSE OF ORGANIZATION",990-PF,,,intermediary_or_citywide,review_excluded_filing: filer-address artifact (see 2021),,review_excluded
The Joseph and Bessie Feinberg Foundation,2023,CHICAGO VIDEO PROJECT,415 EAST NORTH WATER STREET 2301,CHICAGO,IL,60611,25000,"GENERAL UNRESTRICTED, EXEMPT PURPOSE OF ORGANIZATION",990-PF,,,intermediary_or_citywide,review_excluded_filing: filer-address artifact (see 2021),,review_excluded
The Joseph and Bessie Feinberg Foundation,2023,CHICAGO VOYAGERS,415 EAST NORTH WATER STREET 2301,CHICAGO,IL,60611,5000,"GENERAL UNRESTRICTED, EXEMPT PURPOSE OF ORGANIZATION",990-PF,,,intermediary_or_citywide,review_excluded_filing: filer-address artifact (see 2021),,review_excluded
The Joseph and Bessie Feinberg Foundation,2023,CHICAGO WOMEN IN PHILANTHROPY,415 EAST NORTH WATER STREET 2301,CHICAGO,IL,60611,2000,"GENERAL UNRESTRICTED, EXEMPT PURPOSE OF ORGANIZATION",990-PF,,,intermediary_or_citywide,review_excluded_filing: filer-address artifact (see 2021),,review_excluded
The Joseph and Bessie Feinberg Foundation,2023,CJE SENIORLIFE,415 EAST NORTH WATER STREET 2301,CHICAGO,IL,60611,25000,"GENERAL UNRESTRICTED, EXEMPT PURPOSE OF ORGANIZATION",990-PF,,,intermediary_or_citywide,review_excluded_filing: filer-address artifact (see 2021),,review_excluded
The Joseph and Bessie Feinberg Foundation,2023,COLLABORACTION THEATRE,415 EAST NORTH WATER STREET 2301,CHICAGO,IL,60611,25000,"GENERAL UNRESTRICTED, EXEMPT PURPOSE OF ORGANIZATION",990-PF,,,intermediary_or_citywide,review_excluded_filing: filer-address artifact (see 2021),,review_excluded
The Joseph and Bessie Feinberg Foundation,2023,COMMUNITYHEALTH,415 EAST NORTH WATER STREET 2301,CHICAGO,IL,60611,50000,"GENERAL UNRESTRICTED, EXEMPT PURPOSE OF ORGANIZATION",990-PF,,,intermediary_or_citywide,review_excluded_filing: filer-address artifact (see 2021),,review_excluded
The Joseph and Bessie Feinberg Foundation,2023,CONGO SQUARE THEATRE COMPANY,415 EAST NORTH WATER STREET 2301,CHICAGO,IL,60611,27500,"GENERAL UNRESTRICTED, EXEMPT PURPOSE OF ORGANIZATION",990-PF,,,intermediary_or_citywide,review_excluded_filing: filer-address artifact (see 2021),,review_excluded
The Joseph and Bessie Feinberg Foundation,2023,CONNECTION CENTER,415 EAST NORTH WATER STREET 2301,CHICAGO,IL,60611,5000,"GENERAL UNRESTRICTED, EXEMPT PURPOSE OF ORGANIZATION",990-PF,,,intermediary_or_citywide,review_excluded_filing: filer-address artifact (see 2021),,review_excluded
The Joseph and Bessie Feinberg Foundation,2023,CONNECTIONS FOR THE HOMELESS,415 EAST NORTH WATER STREET 2301,CHICAGO,IL,60611,150000,"GENERAL UNRESTRICTED, EXEMPT PURPOSE OF ORGANIZATION",990-PF,,,intermediary_or_citywide,review_excluded_filing: filer-address artifact (see 2021),,review_excluded
The Joseph and Bessie Feinberg Foundation,2023,COVENANT HOUSE ILLINOIS,415 EAST NORTH WATER STREET 2301,CHICAGO,IL,60611,125000,"GENERAL UNRESTRICTED, EXEMPT PURPOSE OF ORGANIZATION",990-PF,,,intermediary_or_citywide,review_excluded_filing: filer-address artifact (see 2021),,review_excluded
The Joseph and Bessie Feinberg Foundation,2023,CROSSROADS FUND,415 EAST NORTH WATER STREET 2301,CHICAGO,IL,60611,5000,"GENERAL UNRESTRICTED, EXEMPT PURPOSE OF ORGANIZATION",990-PF,,,intermediary_or_citywide,review_excluded_filing: filer-address artifact (see 2021),,review_excluded
The Joseph and Bessie Feinberg Foundation,2023,DOVETAIL PROJECT,415 EAST NORTH WATER STREET 2301,CHICAGO,IL,60611,100000,"GENERAL UNRESTRICTED, EXEMPT PURPOSE OF ORGANIZATION",990-PF,,,intermediary_or_citywide,review_excluded_filing: filer-address artifact (see 2021),,review_excluded
The Joseph and Bessie Feinberg Foundation,2023,DREAM ON EDUCATION,415 EAST NORTH WATER STREET 2301,CHICAGO,IL,60611,2500,"GENERAL UNRESTRICTED, EXEMPT PURPOSE OF ORGANIZATION",990-PF,,,intermediary_or_citywide,review_excluded_filing: filer-address artifact (see 2021),,review_excluded
The Joseph and Bessie Feinberg Foundation,2023,DUSABLE MUSEUM,415 EAST NORTH WATER STREET 2301,CHICAGO,IL,60611,1500,"GENERAL UNRESTRICTED, EXEMPT PURPOSE OF ORGANIZATION",990-PF,,,intermediary_or_citywide,review_excluded_filing: filer-address artifact (see 2021),,review_excluded
The Joseph and Bessie Feinberg Foundation,2023,ECHOES OF HOPE,415 EAST NORTH WATER STREET 2301,CHICAGO,IL,60611,10000,"GENERAL UNRESTRICTED, EXEMPT PURPOSE OF ORGANIZATION",990-PF,,,intermediary_or_citywide,review_excluded_filing: filer-address artifact (see 2021),,review_excluded
The Joseph and Bessie Feinberg Foundation,2023,EQUAL HOPE,415 EAST NORTH WATER STREET 2301,CHICAGO,IL,60611,25000,"GENERAL UNRESTRICTED, EXEMPT PURPOSE OF ORGANIZATION",990-PF,,,intermediary_or_citywide,review_excluded_filing: filer-address artifact (see 2021),,review_excluded
The Joseph and Bessie Feinberg Foundation,2023,ERIKSON INSTITUTE,415 EAST NORTH WATER STREET 2301,CHICAGO,IL,60611,25000,"GENERAL UNRESTRICTED, EXEMPT PURPOSE OF ORGANIZATION",990-PF,,,intermediary_or_citywide,review_excluded_filing: filer-address artifact (see 2021),,review_excluded
The Joseph and Bessie Feinberg Foundation,2023,FACIAL PAIN RESEARCH FOUNDATION,415 EAST NORTH WATER STREET 2301,CHICAGO,IL,60611,2500,"GENERAL UNRESTRICTED, EXEMPT PURPOSE OF ORGANIZATION",990-PF,,,intermediary_or_citywide,review_excluded_filing: filer-address artifact (see 2021),,review_excluded
The Joseph and Bessie Feinberg Foundation,2023,FAITH CRUSADEMORE UP CAMPUS,415 EAST NORTH WATER STREET 2301,CHICAGO,IL,60611,5000,"GENERAL UNRESTRICTED, EXEMPT PURPOSE OF ORGANIZATION",990-PF,,,intermediary_or_citywide,review_excluded_filing: filer-address artifact (see 2021),,review_excluded
The Joseph and Bessie Feinberg Foundation,2023,FAMILY FOCUS,415 EAST NORTH WATER STREET 2301,CHICAGO,IL,60611,5000,"GENERAL UNRESTRICTED, EXEMPT PURPOSE OF ORGANIZATION",990-PF,,,intermediary_or_citywide,review_excluded_filing: filer-address artifact (see 2021),,review_excluded
The Joseph and Bessie Feinberg Foundation,2023,FEINBERG SCHOOL OF MEDICINE,415 EAST NORTH WATER STREET 2301,CHICAGO,IL,60611,225000,"GENERAL UNRESTRICTED, EXEMPT PURPOSE OF ORGANIZATION",990-PF,,,intermediary_or_citywide,review_excluded_filing: filer-address artifact (see 2021),,review_excluded
The Joseph and Bessie Feinberg Foundation,2023,FOUNDATION FOR NATIONAL PROGRESS,415 EAST NORTH WATER STREET 2301,CHICAGO,IL,60611,5000,"GENERAL UNRESTRICTED, EXEMPT PURPOSE OF ORGANIZATION",990-PF,,,intermediary_or_citywide,review_excluded_filing: filer-address artifact (see 2021),,review_excluded
The Joseph and Bessie Feinberg Foundation,2023,FRIENDS OF ELNET,415 EAST NORTH WATER STREET 2301,CHICAGO,IL,60611,325000,"GENERAL UNRESTRICTED, EXEMPT PURPOSE OF ORGANIZATION",990-PF,,,intermediary_or_citywide,review_excluded_filing: filer-address artifact (see 2021),,review_excluded
The Joseph and Bessie Feinberg Foundation,2023,GILDAS CLUB CHICAGO,415 EAST NORTH WATER STREET 2301,CHICAGO,IL,60611,5000,"GENERAL UNRESTRICTED, EXEMPT PURPOSE OF ORGANIZATION",990-PF,,,intermediary_or_citywide,review_excluded_filing: filer-address artifact (see 2021),,review_excluded
The Joseph and Bessie Feinberg Foundation,2023,GIRLS 4 SCIENCE,415 EAST NORTH WATER STREET 2301,CHICAGO,IL,60611,52082,"GENERAL UNRESTRICTED, EXEMPT PURPOSE OF ORGANIZATION",990-PF,,,intermediary_or_citywide,review_excluded_filing: filer-address artifact (see 2021),,review_excluded
The Joseph and Bessie Feinberg Foundation,2023,GRAY MATTER EXPERIENCE,415 EAST NORTH WATER STREET 2301,CHICAGO,IL,60611,5000,"GENERAL UNRESTRICTED, EXEMPT PURPOSE OF ORGANIZATION",990-PF,,,intermediary_or_citywide,review_excluded_filing: filer-address artifact (see 2021),,review_excluded
The Joseph and Bessie Feinberg Foundation,2023,GREATER CHICAGO FOOD DEPOSITORY,415 EAST NORTH WATER STREET 2301,CHICAGO,IL,60611,5000,"GENERAL UNRESTRICTED, EXEMPT PURPOSE OF ORGANIZATION",990-PF,,,intermediary_or_citywide,review_excluded_filing: filer-address artifact (see 2021),,review_excluded
The Joseph and Bessie Feinberg Foundation,2023,GREATER ENGLEWOOD CHAMBER OF COMMERCE FOUNDATION,415 EAST NORTH WATER STREET 2301,CHICAGO,IL,60611,5000,"GENERAL UNRESTRICTED, EXEMPT PURPOSE OF ORGANIZATION",990-PF,,,intermediary_or_citywide,review_excluded_filing: filer-address artifact (see 2021),,review_excluded
The Joseph and Bessie Feinberg Foundation,2023,GROWING HOME INC,415 EAST NORTH WATER STREET 2301,CHICAGO,IL,60611,5000,"GENERAL UNRESTRICTED, EXEMPT PURPOSE OF ORGANIZATION",990-PF,,,intermediary_or_citywide,review_excluded_filing: filer-address artifact (see 2021),,review_excluded
The Joseph and Bessie Feinberg Foundation,2023,H FOUNDATION,415 EAST NORTH WATER STREET 2301,CHICAGO,IL,60611,5000,"GENERAL UNRESTRICTED, EXEMPT PURPOSE OF ORGANIZATION",990-PF,,,intermediary_or_citywide,review_excluded_filing: filer-address artifact (see 2021),,review_excluded
The Joseph and Bessie Feinberg Foundation,2023,HOME,415 EAST NORTH WATER STREET 2301,CHICAGO,IL,60611,5000,"GENERAL UNRESTRICTED, EXEMPT PURPOSE OF ORGANIZATION",990-PF,,,intermediary_or_citywide,review_excluded_filing: filer-address artifact (see 2021),,review_excluded
The Joseph and Bessie Feinberg Foundation,2023,HEALTH & MEDICINE POLICY RESEARCH GROUP,415 EAST NORTH WATER STREET 2301,CHICAGO,IL,60611,5000,"GENERAL UNRESTRICTED, EXEMPT PURPOSE OF ORGANIZATION",990-PF,,,intermediary_or_citywide,review_excluded_filing: filer-address artifact (see 2021),,review_excluded
The Joseph and Bessie Feinberg Foundation,2023,HERITAGE RETREATS,415 EAST NORTH WATER STREET 2301,CHICAGO,IL,60611,10000,"GENERAL UNRESTRICTED, EXEMPT PURPOSE OF ORGANIZATION",990-PF,,,intermediary_or_citywide,review_excluded_filing: filer-address artifact (see 2021),,review_excluded
The Joseph and Bessie Feinberg Foundation,2023,HUMAN RIGHTS WATCH,415 EAST NORTH WATER STREET 2301,CHICAGO,IL,60611,7500,"GENERAL UNRESTRICTED, EXEMPT PURPOSE OF ORGANIZATION",990-PF,,,intermediary_or_citywide,review_excluded_filing: filer-address artifact (see 2021),,review_excluded
The Joseph and Bessie Feinberg Foundation,2023,HYDROCEPHALUS ASSOCIATION,415 EAST NORTH WATER STREET 2301,CHICAGO,IL,60611,20000,"GENERAL UNRESTRICTED, EXEMPT PURPOSE OF ORGANIZATION",990-PF,,,intermediary_or_citywide,review_excluded_filing: filer-address artifact (see 2021),,review_excluded
The Joseph and Bessie Feinberg Foundation,2023,IGNITE,415 EAST NORTH WATER STREET 2301,CHICAGO,IL,60611,50000,"GENERAL UNRESTRICTED, EXEMPT PURPOSE OF ORGANIZATION",990-PF,,,intermediary_or_citywide,review_excluded_filing: filer-address artifact (see 2021),,review_excluded
The Joseph and Bessie Feinberg Foundation,2023,ILLINOIS HUMANITIES,415 EAST NORTH WATER STREET 2301,CHICAGO,IL,60611,1500,"GENERAL UNRESTRICTED, EXEMPT PURPOSE OF ORGANIZATION",990-PF,,,intermediary_or_citywide,review_excluded_filing: filer-address artifact (see 2021),,review_excluded
The Joseph and Bessie Feinberg Foundation,2023,ILLINOIS PRISON PROJECT,415 EAST NORTH WATER STREET 2301,CHICAGO,IL,60611,25000,"GENERAL UNRESTRICTED, EXEMPT PURPOSE OF ORGANIZATION",990-PF,,,intermediary_or_citywide,review_excluded_filing: filer-address artifact (see 2021),,review_excluded
The Joseph and Bessie Feinberg Foundation,2023,ILLINOIS SCIENCE COUNCIL,415 EAST NORTH WATER STREET 2301,CHICAGO,IL,60611,2500,"GENERAL UNRESTRICTED, EXEMPT PURPOSE OF ORGANIZATION",990-PF,,,intermediary_or_citywide,review_excluded_filing: filer-address artifact (see 2021),,review_excluded
The Joseph and Bessie Feinberg Foundation,2023,IMAGINE ENGLEWOOD IF,415 EAST NORTH WATER STREET 2301,CHICAGO,IL,60611,110000,"GENERAL UNRESTRICTED, EXEMPT PURPOSE OF ORGANIZATION",990-PF,,,intermediary_or_citywide,review_excluded_filing: filer-address artifact (see 2021),,review_excluded
The Joseph and Bessie Feinberg Foundation,2023,INFANT WELFARE SOCIETY OF EVANSTON,415 EAST NORTH WATER STREET 2301,CHICAGO,IL,60611,5000,"GENERAL UNRESTRICTED, EXEMPT PURPOSE OF ORGANIZATION",990-PF,,,intermediary_or_citywide,review_excluded_filing: filer-address artifact (see 2021),,review_excluded
The Joseph and Bessie Feinberg Foundation,2023,INGENUITY,415 EAST NORTH WATER STREET 2301,CHICAGO,IL,60611,2500,"GENERAL UNRESTRICTED, EXEMPT PURPOSE OF ORGANIZATION",990-PF,,,intermediary_or_citywide,review_excluded_filing: filer-address artifact (see 2021),,review_excluded
The Joseph and Bessie Feinberg Foundation,2023,INJUSTICE WATCH,415 EAST NORTH WATER STREET 2301,CHICAGO,IL,60611,25000,"GENERAL UNRESTRICTED, EXEMPT PURPOSE OF ORGANIZATION",990-PF,,,intermediary_or_citywide,review_excluded_filing: filer-address artifact (see 2021),,review_excluded
The Joseph and Bessie Feinberg Foundation,2023,INSPIRATION CORPORATION,415 EAST NORTH WATER STREET 2301,CHICAGO,IL,60611,5000,"GENERAL UNRESTRICTED, EXEMPT PURPOSE OF ORGANIZATION",990-PF,,,intermediary_or_citywide,review_excluded_filing: filer-address artifact (see 2021),,review_excluded
The Joseph and Bessie Feinberg Foundation,2023,INSTITUTE OF MEDICINE CHICAGO,415 EAST NORTH WATER STREET 2301,CHICAGO,IL,60611,1000,"GENERAL UNRESTRICTED, EXEMPT PURPOSE OF ORGANIZATION",990-PF,,,intermediary_or_citywide,review_excluded_filing: filer-address artifact (see 2021),,review_excluded
The Joseph and Bessie Feinberg Foundation,2023,INVISIBLE INSTITUTE,415 EAST NORTH WATER STREET 2301,CHICAGO,IL,60611,25000,"GENERAL UNRESTRICTED, EXEMPT PURPOSE OF ORGANIZATION",990-PF,,,intermediary_or_citywide,review_excluded_filing: filer-address artifact (see 2021),,review_excluded
The Joseph and Bessie Feinberg Foundation,2023,JEWISH COUNCIL ON URBAN AFFAIRS,415 EAST NORTH WATER STREET 2301,CHICAGO,IL,60611,5400,"GENERAL UNRESTRICTED, EXEMPT PURPOSE OF ORGANIZATION",990-PF,,,intermediary_or_citywide,review_excluded_filing: filer-address artifact (see 2021),,review_excluded
The Joseph and Bessie Feinberg Foundation,2023,JEWISH UNITED FUND,415 EAST NORTH WATER STREET 2301,CHICAGO,IL,60611,50000,"GENERAL UNRESTRICTED, EXEMPT PURPOSE OF ORGANIZATION",990-PF,,,intermediary_or_citywide,review_excluded_filing: filer-address artifact (see 2021),,review_excluded
The Joseph and Bessie Feinberg Foundation,2023,JOFFREY BALLET,415 EAST NORTH WATER STREET 2301,CHICAGO,IL,60611,5000,"GENERAL UNRESTRICTED, EXEMPT PURPOSE OF ORGANIZATION",990-PF,,,intermediary_or_citywide,review_excluded_filing: filer-address artifact (see 2021),,review_excluded
The Joseph and Bessie Feinberg Foundation,2023,JUSTINIAN SOCIETY OF LAWYERS ENDOWMENT FUND,415 EAST NORTH WATER STREET 2301,CHICAGO,IL,60611,10000,"GENERAL UNRESTRICTED, EXEMPT PURPOSE OF ORGANIZATION",990-PF,,,intermediary_or_citywide,review_excluded_filing: filer-address artifact (see 2021),,review_excluded
The Joseph and Bessie Feinberg Foundation,2023,KINGDOM AVENUE INC,415 EAST NORTH WATER STREET 2301,CHICAGO,IL,60611,5000,"GENERAL UNRESTRICTED, EXEMPT PURPOSE OF ORGANIZATION",990-PF,,,intermediary_or_citywide,review_excluded_filing: filer-address artifact (see 2021),,review_excluded
The Joseph and Bessie Feinberg Foundation,2023,KINGS CARE FOUNDATION,415 EAST NORTH WATER STREET 2301,CHICAGO,IL,60611,35000,"GENERAL UNRESTRICTED, EXEMPT PURPOSE OF ORGANIZATION",990-PF,,,intermediary_or_citywide,review_excluded_filing: filer-address artifact (see 2021),,review_excluded
The Joseph and Bessie Feinberg Foundation,2023,LA CASA NORTE,415 EAST NORTH WATER STREET 2301,CHICAGO,IL,60611,5000,"GENERAL UNRESTRICTED, EXEMPT PURPOSE OF ORGANIZATION",990-PF,,,intermediary_or_citywide,review_excluded_filing: filer-address artifact (see 2021),,review_excluded
The Joseph and Bessie Feinberg Foundation,2023,LADIES OF VIRTUE,415 EAST NORTH WATER STREET 2301,CHICAGO,IL,60611,27500,"GENERAL UNRESTRICTED, EXEMPT PURPOSE OF ORGANIZATION",990-PF,,,intermediary_or_citywide,review_excluded_filing: filer-address artifact (see 2021),,review_excluded
The Joseph and Bessie Feinberg Foundation,2023,LEAGUE OF CHICAGO THEATRES FOUNDATION,415 EAST NORTH WATER STREET 2301,CHICAGO,IL,60611,1000,"GENERAL UNRESTRICTED, EXEMPT PURPOSE OF ORGANIZATION",990-PF,,,intermediary_or_citywide,review_excluded_filing: filer-address artifact (see 2021),,review_excluded
The Joseph and Bessie Feinberg Foundation,2023,LEGAL ACTION CHICAGO,415 EAST NORTH WATER STREET 2301,CHICAGO,IL,60611,100000,"GENERAL UNRESTRICTED, EXEMPT PURPOSE OF ORGANIZATION",990-PF,,,intermediary_or_citywide,review_excluded_filing: filer-address artifact (see 2021),,review_excluded
The Joseph and Bessie Feinberg Foundation,2023,LOOKINGGLASS THEATRE COMPANY,415 EAST NORTH WATER STREET 2301,CHICAGO,IL,60611,75000,"GENERAL UNRESTRICTED, EXEMPT PURPOSE OF ORGANIZATION",990-PF,,,intermediary_or_citywide,review_excluded_filing: filer-address artifact (see 2021),,review_excluded
The Joseph and Bessie Feinberg Foundation,2023,LURIE CANCER CENTER,415 EAST NORTH WATER STREET 2301,CHICAGO,IL,60611,25000,"GENERAL UNRESTRICTED, EXEMPT PURPOSE OF ORGANIZATION",990-PF,,,intermediary_or_citywide,review_excluded_filing: filer-address artifact (see 2021),,review_excluded
The Joseph and Bessie Feinberg Foundation,2023,MALNATI BRAIN TUMOR INSTITUTE,415 EAST NORTH WATER STREET 2301,CHICAGO,IL,60611,25000,"GENERAL UNRESTRICTED, EXEMPT PURPOSE OF ORGANIZATION",990-PF,,,intermediary_or_citywide,review_excluded_filing: filer-address artifact (see 2021),,review_excluded
The Joseph and Bessie Feinberg Foundation,2023,MAUI HUMANE SOCIETY,415 EAST NORTH WATER STREET 2301,CHICAGO,IL,60611,50000,"GENERAL UNRESTRICTED, EXEMPT PURPOSE OF ORGANIZATION",990-PF,,,intermediary_or_citywide,review_excluded_filing: filer-address artifact (see 2021),,review_excluded
The Joseph and Bessie Feinberg Foundation,2023,MAUI UNITED WAY,415 EAST NORTH WATER STREET 2301,CHICAGO,IL,60611,50000,"GENERAL UNRESTRICTED, EXEMPT PURPOSE OF ORGANIZATION",990-PF,,,intermediary_or_citywide,review_excluded_filing: filer-address artifact (see 2021),,review_excluded
The Joseph and Bessie Feinberg Foundation,2023,MORAN CENTER FOR YOUTH ADVOCACY,415 EAST NORTH WATER STREET 2301,CHICAGO,IL,60611,5000,"GENERAL UNRESTRICTED, EXEMPT PURPOSE OF ORGANIZATION",990-PF,,,intermediary_or_citywide,review_excluded_filing: filer-address artifact (see 2021),,review_excluded
The Joseph and Bessie Feinberg Foundation,2023,MUSTARD SEED OF CHICAGO,415 EAST NORTH WATER STREET 2301,CHICAGO,IL,60611,2000,"GENERAL UNRESTRICTED, EXEMPT PURPOSE OF ORGANIZATION",990-PF,,,intermediary_or_citywide,review_excluded_filing: filer-address artifact (see 2021),,review_excluded
The Joseph and Bessie Feinberg Foundation,2023,NEAR SOUTH PLANNING BOARD,415 EAST NORTH WATER STREET 2301,CHICAGO,IL,60611,25000,"GENERAL UNRESTRICTED, EXEMPT PURPOSE OF ORGANIZATION",990-PF,,,intermediary_or_citywide,review_excluded_filing: filer-address artifact (see 2021),,review_excluded
The Joseph and Bessie Feinberg Foundation,2023,NEW LEASH ON LIFE,415 EAST NORTH WATER STREET 2301,CHICAGO,IL,60611,25000,"GENERAL UNRESTRICTED, EXEMPT PURPOSE OF ORGANIZATION",990-PF,,,intermediary_or_citywide,review_excluded_filing: filer-address artifact (see 2021),,review_excluded
The Joseph and Bessie Feinberg Foundation,2023,NIGHT MINISTRY,415 EAST NORTH WATER STREET 2301,CHICAGO,IL,60611,25000,"GENERAL UNRESTRICTED, EXEMPT PURPOSE OF ORGANIZATION",990-PF,,,intermediary_or_citywide,review_excluded_filing: filer-address artifact (see 2021),,review_excluded
The Joseph and Bessie Feinberg Foundation,2023,NORTHERN ILLINOIS FOOD BANK,415 EAST NORTH WATER STREET 2301,CHICAGO,IL,60611,5000,"GENERAL UNRESTRICTED, EXEMPT PURPOSE OF ORGANIZATION",990-PF,,,intermediary_or_citywide,review_excluded_filing: filer-address artifact (see 2021),,review_excluded
The Joseph and Bessie Feinberg Foundation,2023,NOURISHING HOPE,415 EAST NORTH WATER STREET 2301,CHICAGO,IL,60611,25000,"GENERAL UNRESTRICTED, EXEMPT PURPOSE OF ORGANIZATION",990-PF,,,intermediary_or_citywide,review_excluded_filing: filer-address artifact (see 2021),,review_excluded
The Joseph and Bessie Feinberg Foundation,2023,OLD TOWN SCHOOL OF FOLK MUSIC,415 EAST NORTH WATER STREET 2301,CHICAGO,IL,60611,5000,"GENERAL UNRESTRICTED, EXEMPT PURPOSE OF ORGANIZATION",990-PF,,,intermediary_or_citywide,review_excluded_filing: filer-address artifact (see 2021),,review_excluded
The Joseph and Bessie Feinberg Foundation,2023,OPEN BOOKS,415 EAST NORTH WATER STREET 2301,CHICAGO,IL,60611,2500,"GENERAL UNRESTRICTED, EXEMPT PURPOSE OF ORGANIZATION",990-PF,,,intermediary_or_citywide,review_excluded_filing: filer-address artifact (see 2021),,review_excluded
The Joseph and Bessie Feinberg Foundation,2023,PEOPLE'S MUSIC SCHOOL,415 EAST NORTH WATER STREET 2301,CHICAGO,IL,60611,50000,"GENERAL UNRESTRICTED, EXEMPT PURPOSE OF ORGANIZATION",990-PF,,,intermediary_or_citywide,review_excluded_filing: filer-address artifact (see 2021),,review_excluded
The Joseph and Bessie Feinberg Foundation,2023,PERCEPTIONS THEATRE,415 EAST NORTH WATER STREET 2301,CHICAGO,IL,60611,10000,"GENERAL UNRESTRICTED, EXEMPT PURPOSE OF ORGANIZATION",990-PF,,,intermediary_or_citywide,review_excluded_filing: filer-address artifact (see 2021),,review_excluded
The Joseph and Bessie Feinberg Foundation,2023,PILSEN FOOD PANTRY (FIGEROA-WU FAMILY FOUNDATION),415 EAST NORTH WATER STREET 2301,CHICAGO,IL,60611,25000,"GENERAL UNRESTRICTED, EXEMPT PURPOSE OF ORGANIZATION",990-PF,,,intermediary_or_citywide,review_excluded_filing: filer-address artifact (see 2021),,review_excluded
The Joseph and Bessie Feinberg Foundation,2023,PLANNED PARENTHOOD OF ILLINOIS,415 EAST NORTH WATER STREET 2301,CHICAGO,IL,60611,5000,"GENERAL UNRESTRICTED, EXEMPT PURPOSE OF ORGANIZATION",990-PF,,,intermediary_or_citywide,review_excluded_filing: filer-address artifact (see 2021),,review_excluded
The Joseph and Bessie Feinberg Foundation,2023,PRO PUBLICA,415 EAST NORTH WATER STREET 2301,CHICAGO,IL,60611,5000,"GENERAL UNRESTRICTED, EXEMPT PURPOSE OF ORGANIZATION",990-PF,,,intermediary_or_citywide,review_excluded_filing: filer-address artifact (see 2021),,review_excluded
The Joseph and Bessie Feinberg Foundation,2023,PROVIDENT FOUNDATION,415 EAST NORTH WATER STREET 2301,CHICAGO,IL,60611,25000,"GENERAL UNRESTRICTED, EXEMPT PURPOSE OF ORGANIZATION",990-PF,,,intermediary_or_citywide,review_excluded_filing: filer-address artifact (see 2021),,review_excluded
The Joseph and Bessie Feinberg Foundation,2023,READER INSTITUTE FOR COMMUNITY JOURNALISM,415 EAST NORTH WATER STREET 2301,CHICAGO,IL,60611,52500,"GENERAL UNRESTRICTED, EXEMPT PURPOSE OF ORGANIZATION",990-PF,,,intermediary_or_citywide,review_excluded_filing: filer-address artifact (see 2021),,review_excluded
The Joseph and Bessie Feinberg Foundation,2023,RED LINE SERVICE INSTITUTE,415 EAST NORTH WATER STREET 2301,CHICAGO,IL,60611,5000,"GENERAL UNRESTRICTED, EXEMPT PURPOSE OF ORGANIZATION",990-PF,,,intermediary_or_citywide,review_excluded_filing: filer-address artifact (see 2021),,review_excluded
The Joseph and Bessie Feinberg Foundation,2023,REFRACTED THEATRE COMPANY,415 EAST NORTH WATER STREET 2301,CHICAGO,IL,60611,5000,"GENERAL UNRESTRICTED, EXEMPT PURPOSE OF ORGANIZATION",990-PF,,,intermediary_or_citywide,review_excluded_filing: filer-address artifact (see 2021),,review_excluded
The Joseph and Bessie Feinberg Foundation,2023,RESIDENT ASSOCIATION OF GREATER ENGLEWOOD,415 EAST NORTH WATER STREET 2301,CHICAGO,IL,60611,5126,"GENERAL UNRESTRICTED, EXEMPT PURPOSE OF ORGANIZATION",990-PF,,,intermediary_or_citywide,review_excluded_filing: filer-address artifact (see 2021),,review_excluded
The Joseph and Bessie Feinberg Foundation,2023,RESTORE JUSTICE FOUNDATION,415 EAST NORTH WATER STREET 2301,CHICAGO,IL,60611,5000,"GENERAL UNRESTRICTED, EXEMPT PURPOSE OF ORGANIZATION",990-PF,,,intermediary_or_citywide,review_excluded_filing: filer-address artifact (see 2021),,review_excluded
The Joseph and Bessie Feinberg Foundation,2023,ROGER BALDWIN FOUNDATION OF THE ACLU,415 EAST NORTH WATER STREET 2301,CHICAGO,IL,60611,15000,"GENERAL UNRESTRICTED, EXEMPT PURPOSE OF ORGANIZATION",990-PF,,,intermediary_or_citywide,review_excluded_filing: filer-address artifact (see 2021),,review_excluded
The Joseph and Bessie Feinberg Foundation,2023,SAFE PLACE FOR YOUTH,415 EAST NORTH WATER STREET 2301,CHICAGO,IL,60611,25000,"GENERAL UNRESTRICTED, EXEMPT PURPOSE OF ORGANIZATION",990-PF,,,intermediary_or_citywide,review_excluded_filing: filer-address artifact (see 2021),,review_excluded
The Joseph and Bessie Feinberg Foundation,2023,SHALVA,415 EAST NORTH WATER STREET 2301,CHICAGO,IL,60611,10000,"GENERAL UNRESTRICTED, EXEMPT PURPOSE OF ORGANIZATION",990-PF,,,intermediary_or_citywide,review_excluded_filing: filer-address artifact (see 2021),,review_excluded
The Joseph and Bessie Feinberg Foundation,2023,SHEDD AQUARIUM,415 EAST NORTH WATER STREET 2301,CHICAGO,IL,60611,15000,"GENERAL UNRESTRICTED, EXEMPT PURPOSE OF ORGANIZATION",990-PF,,,intermediary_or_citywide,review_excluded_filing: filer-address artifact (see 2021),,review_excluded
The Joseph and Bessie Feinberg Foundation,2023,SITSTAYREAD,415 EAST NORTH WATER STREET 2301,CHICAGO,IL,60611,5000,"GENERAL UNRESTRICTED, EXEMPT PURPOSE OF ORGANIZATION",990-PF,,,intermediary_or_citywide,review_excluded_filing: filer-address artifact (see 2021),,review_excluded
The Joseph and Bessie Feinberg Foundation,2023,SOUTH SIDE WEEKLY,415 EAST NORTH WATER STREET 2301,CHICAGO,IL,60611,1000,"GENERAL UNRESTRICTED, EXEMPT PURPOSE OF ORGANIZATION",990-PF,,,intermediary_or_citywide,review_excluded_filing: filer-address artifact (see 2021),,review_excluded
The Joseph and Bessie Feinberg Foundation,2023,SPERTUS INSTITUTE OF JEWISH STUDIES,415 EAST NORTH WATER STREET 2301,CHICAGO,IL,60611,25000,"GENERAL UNRESTRICTED, EXEMPT PURPOSE OF ORGANIZATION",990-PF,,,intermediary_or_citywide,review_excluded_filing: filer-address artifact (see 2021),,review_excluded
The Joseph and Bessie Feinberg Foundation,2023,START EARLY,415 EAST NORTH WATER STREET 2301,CHICAGO,IL,60611,5000,"GENERAL UNRESTRICTED, EXEMPT PURPOSE OF ORGANIZATION",990-PF,,,intermediary_or_citywide,review_excluded_filing: filer-address artifact (see 2021),,review_excluded
The Joseph and Bessie Feinberg Foundation,2023,STORYCATCHERS THEATRE,415 EAST NORTH WATER STREET 2301,CHICAGO,IL,60611,25000,"GENERAL UNRESTRICTED, EXEMPT PURPOSE OF ORGANIZATION",990-PF,,,intermediary_or_citywide,review_excluded_filing: filer-address artifact (see 2021),,review_excluded
The Joseph and Bessie Feinberg Foundation,2023,TEAMWORK ENGLEWOOD,415 EAST NORTH WATER STREET 2301,CHICAGO,IL,60611,5000,"GENERAL UNRESTRICTED, EXEMPT PURPOSE OF ORGANIZATION",990-PF,,,intermediary_or_citywide,review_excluded_filing: filer-address artifact (see 2021),,review_excluded
The Joseph and Bessie Feinberg Foundation,2023,TEMPLE ADAT ELOHIM,415 EAST NORTH WATER STREET 2301,CHICAGO,IL,60611,25000,"GENERAL UNRESTRICTED, EXEMPT PURPOSE OF ORGANIZATION",990-PF,,,intermediary_or_citywide,review_excluded_filing: filer-address artifact (see 2021),,review_excluded
The Joseph and Bessie Feinberg Foundation,2023,THINK OUTSIDE DA BLOCK,415 EAST NORTH WATER STREET 2301,CHICAGO,IL,60611,5000,"GENERAL UNRESTRICTED, EXEMPT PURPOSE OF ORGANIZATION",990-PF,,,intermediary_or_citywide,review_excluded_filing: filer-address artifact (see 2021),,review_excluded
The Joseph and Bessie Feinberg Foundation,2023,TIMELINE THEATRE,415 EAST NORTH WATER STREET 2301,CHICAGO,IL,60611,25000,"GENERAL UNRESTRICTED, EXEMPT PURPOSE OF ORGANIZATION",990-PF,,,intermediary_or_citywide,review_excluded_filing: filer-address artifact (see 2021),,review_excluded
The Joseph and Bessie Feinberg Foundation,2023,TUTORING CHICAGO,415 EAST NORTH WATER STREET 2301,CHICAGO,IL,60611,5000,"GENERAL UNRESTRICTED, EXEMPT PURPOSE OF ORGANIZATION",990-PF,,,intermediary_or_citywide,review_excluded_filing: filer-address artifact (see 2021),,review_excluded
The Joseph and Bessie Feinberg Foundation,2023,UPTOWN PEOPLE'S LAW CENTER,415 EAST NORTH WATER STREET 2301,CHICAGO,IL,60611,5000,"GENERAL UNRESTRICTED, EXEMPT PURPOSE OF ORGANIZATION",990-PF,,,intermediary_or_citywide,review_excluded_filing: filer-address artifact (see 2021),,review_excluded
The Joseph and Bessie Feinberg Foundation,2023,URBAN RIVERS INC,415 EAST NORTH WATER STREET 2301,CHICAGO,IL,60611,30000,"GENERAL UNRESTRICTED, EXEMPT PURPOSE OF ORGANIZATION",990-PF,,,intermediary_or_citywide,review_excluded_filing: filer-address artifact (see 2021),,review_excluded
The Joseph and Bessie Feinberg Foundation,2023,WEST COAST SPORTS MEDICINE FOUNDATION,415 EAST NORTH WATER STREET 2301,CHICAGO,IL,60611,205000,"GENERAL UNRESTRICTED, EXEMPT PURPOSE OF ORGANIZATION",990-PF,,,intermediary_or_citywide,review_excluded_filing: filer-address artifact (see 2021),,review_excluded
The Joseph and Bessie Feinberg Foundation,2023,WINDOW TO THE WORLD COMMUNICATIONS,415 EAST NORTH WATER STREET 2301,CHICAGO,IL,60611,50000,"GENERAL UNRESTRICTED, EXEMPT PURPOSE OF ORGANIZATION",990-PF,,,intermediary_or_citywide,review_excluded_filing: filer-address artifact (see 2021),,review_excluded
The Joseph and Bessie Feinberg Foundation,2023,YOUNG CHICAGO AUTHORS,415 EAST NORTH WATER STREET 2301,CHICAGO,IL,60611,50000,"GENERAL UNRESTRICTED, EXEMPT PURPOSE OF ORGANIZATION",990-PF,,,intermediary_or_citywide,review_excluded_filing: filer-address artifact (see 2021),,review_excluded
The Joseph and Bessie Feinberg Foundation,2024,AFTER SCHOOL MATTERS,415 EAST NORTH WATER STREET 2301,CHICAGO,IL,60611,15000,"GENERAL UNRESTRICTED, EXEMPT PURPOSE OF ORGANIZATION",990-PF,,,intermediary_or_citywide,review_excluded_filing: filer-address artifact (see 2021),,review_excluded
The Joseph and Bessie Feinberg Foundation,2024,ALBANY PARK THEATER PROJECT,415 EAST NORTH WATER STREET 2301,CHICAGO,IL,60611,5000,"GENERAL UNRESTRICTED, EXEMPT PURPOSE OF ORGANIZATION",990-PF,,,intermediary_or_citywide,review_excluded_filing: filer-address artifact (see 2021),,review_excluded
The Joseph and Bessie Feinberg Foundation,2024,ASCENSION LUTHERAN CHURCH,415 EAST NORTH WATER STREET 2301,CHICAGO,IL,60611,25000,"GENERAL UNRESTRICTED, EXEMPT PURPOSE OF ORGANIZATION",990-PF,,,intermediary_or_citywide,review_excluded_filing: filer-address artifact (see 2021),,review_excluded
The Joseph and Bessie Feinberg Foundation,2024,AUDITORY NEUROSCIENCE LABORATORY NORTHWESTERN UNIVERSITY,415 EAST NORTH WATER STREET 2301,CHICAGO,IL,60611,8000,"GENERAL UNRESTRICTED, EXEMPT PURPOSE OF ORGANIZATION",990-PF,,,intermediary_or_citywide,review_excluded_filing: filer-address artifact (see 2021),,review_excluded
The Joseph and Bessie Feinberg Foundation,2024,BETTER GOVERNMENT ASSOCIATION,415 EAST NORTH WATER STREET 2301,CHICAGO,IL,60611,100000,"GENERAL UNRESTRICTED, EXEMPT PURPOSE OF ORGANIZATION",990-PF,,,intermediary_or_citywide,review_excluded_filing: filer-address artifact (see 2021),,review_excluded
The Joseph and Bessie Feinberg Foundation,2024,BLOCK CLUB CHICAGO,415 EAST NORTH WATER STREET 2301,CHICAGO,IL,60611,5000,"GENERAL UNRESTRICTED, EXEMPT PURPOSE OF ORGANIZATION",990-PF,,,intermediary_or_citywide,review_excluded_filing: filer-address artifact (see 2021),,review_excluded
The Joseph and Bessie Feinberg Foundation,2024,BOULEVARD,415 EAST NORTH WATER STREET 2301,CHICAGO,IL,60611,25000,"GENERAL UNRESTRICTED, EXEMPT PURPOSE OF ORGANIZATION",990-PF,,,intermediary_or_citywide,review_excluded_filing: filer-address artifact (see 2021),,review_excluded
The Joseph and Bessie Feinberg Foundation,2024,BRONZEVILLE TRAIL TASK FORCE,415 EAST NORTH WATER STREET 2301,CHICAGO,IL,60611,2500,"GENERAL UNRESTRICTED, EXEMPT PURPOSE OF ORGANIZATION",990-PF,,,intermediary_or_citywide,review_excluded_filing: filer-address artifact (see 2021),,review_excluded
The Joseph and Bessie Feinberg Foundation,2024,CANINE LYMPHOMA EDUCATION AWARENESS & RESEARCH,415 EAST NORTH WATER STREET 2301,CHICAGO,IL,60611,50000,"GENERAL UNRESTRICTED, EXEMPT PURPOSE OF ORGANIZATION",990-PF,,,intermediary_or_citywide,review_excluded_filing: filer-address artifact (see 2021),,review_excluded
The Joseph and Bessie Feinberg Foundation,2024,CARA COLLECTIVE,415 EAST NORTH WATER STREET 2301,CHICAGO,IL,60611,5000,"GENERAL UNRESTRICTED, EXEMPT PURPOSE OF ORGANIZATION",990-PF,,,intermediary_or_citywide,review_excluded_filing: filer-address artifact (see 2021),,review_excluded
The Joseph and Bessie Feinberg Foundation,2024,CENTER FOR INVESTIGATIVE REPORTING,415 EAST NORTH WATER STREET 2301,CHICAGO,IL,60611,5000,"GENERAL UNRESTRICTED, EXEMPT PURPOSE OF ORGANIZATION",990-PF,,,intermediary_or_citywide,review_excluded_filing: filer-address artifact (see 2021),,review_excluded
The Joseph and Bessie Feinberg Foundation,2024,CHABAD OF CALABASAS,415 EAST NORTH WATER STREET 2301,CHICAGO,IL,60611,20000,"GENERAL UNRESTRICTED, EXEMPT PURPOSE OF ORGANIZATION",990-PF,,,intermediary_or_citywide,review_excluded_filing: filer-address artifact (see 2021),,review_excluded
The Joseph and Bessie Feinberg Foundation,2024,CHAMAH,415 EAST NORTH WATER STREET 2301,CHICAGO,IL,60611,75000,"GENERAL UNRESTRICTED, EXEMPT PURPOSE OF ORGANIZATION",990-PF,,,intermediary_or_citywide,review_excluded_filing: filer-address artifact (see 2021),,review_excluded
The Joseph and Bessie Feinberg Foundation,2024,CHICAGO ARTS & MUSIC PROGRAM,415 EAST NORTH WATER STREET 2301,CHICAGO,IL,60611,83,"GENERAL UNRESTRICTED, EXEMPT PURPOSE OF ORGANIZATION",990-PF,,,intermediary_or_citywide,review_excluded_filing: filer-address artifact (see 2021),,review_excluded
The Joseph and Bessie Feinberg Foundation,2024,CHICAGO ARTS & MUSIC PROGRAM THE WEBSTAURANT STORE,415 EAST NORTH WATER STREET 2301,CHICAGO,IL,60611,72,"GENERAL UNRESTRICTED, EXEMPT PURPOSE OF ORGANIZATION",990-PF,,,intermediary_or_citywide,review_excluded_filing: filer-address artifact (see 2021),,review_excluded
The Joseph and Bessie Feinberg Foundation,2024,CHICAGO ARTS AND MUSIC PROJECT,415 EAST NORTH WATER STREET 2301,CHICAGO,IL,60611,31000,"GENERAL UNRESTRICTED, EXEMPT PURPOSE OF ORGANIZATION",990-PF,,,intermediary_or_citywide,review_excluded_filing: filer-address artifact (see 2021),,review_excluded
The Joseph and Bessie Feinberg Foundation,2024,CHICAGO BUNGALOW ASSOCIATION UNBLOCKED ENGLEWOOD,415 EAST NORTH WATER STREET 2301,CHICAGO,IL,60611,25000,"GENERAL UNRESTRICTED, EXEMPT PURPOSE OF ORGANIZATION",990-PF,,,intermediary_or_citywide,review_excluded_filing: filer-address artifact (see 2021),,review_excluded
The Joseph and Bessie Feinberg Foundation,2024,CHICAGO COUNCIL ON SCIENCE & TECHNOLOGY,415 EAST NORTH WATER STREET 2301,CHICAGO,IL,60611,2000,"GENERAL UNRESTRICTED, EXEMPT PURPOSE OF ORGANIZATION",990-PF,,,intermediary_or_citywide,review_excluded_filing: filer-address artifact (see 2021),,review_excluded
The Joseph and Bessie Feinberg Foundation,2024,CHICAGO FOUNDATION FOR WOMEN,415 EAST NORTH WATER STREET 2301,CHICAGO,IL,60611,4000,"GENERAL UNRESTRICTED, EXEMPT PURPOSE OF ORGANIZATION",990-PF,,,intermediary_or_citywide,review_excluded_filing: filer-address artifact (see 2021),,review_excluded
The Joseph and Bessie Feinberg Foundation,2024,CHICAGO FURNITURE BANK,415 EAST NORTH WATER STREET 2301,CHICAGO,IL,60611,5000,"GENERAL UNRESTRICTED, EXEMPT PURPOSE OF ORGANIZATION",990-PF,,,intermediary_or_citywide,review_excluded_filing: filer-address artifact (see 2021),,review_excluded
The Joseph and Bessie Feinberg Foundation,2024,CHICAGO HELP INITIATIVE,415 EAST NORTH WATER STREET 2301,CHICAGO,IL,60611,5000,"GENERAL UNRESTRICTED, EXEMPT PURPOSE OF ORGANIZATION",990-PF,,,intermediary_or_citywide,review_excluded_filing: filer-address artifact (see 2021),,review_excluded
The Joseph and Bessie Feinberg Foundation,2024,CHICAGO HOPES FOR KIDS,415 EAST NORTH WATER STREET 2301,CHICAGO,IL,60611,25000,"GENERAL UNRESTRICTED, EXEMPT PURPOSE OF ORGANIZATION",990-PF,,,intermediary_or_citywide,review_excluded_filing: filer-address artifact (see 2021),,review_excluded
The Joseph and Bessie Feinberg Foundation,2024,CHICAGO LAWYER'S COMMITTEE FOR CIVIL RIGHTS,415 EAST NORTH WATER STREET 2301,CHICAGO,IL,60611,5000,"GENERAL UNRESTRICTED, EXEMPT PURPOSE OF ORGANIZATION",990-PF,,,intermediary_or_citywide,review_excluded_filing: filer-address artifact (see 2021),,review_excluded
The Joseph and Bessie Feinberg Foundation,2024,CHICAGO PUBLIC MEDIA,415 EAST NORTH WATER STREET 2301,CHICAGO,IL,60611,30000,"GENERAL UNRESTRICTED, EXEMPT PURPOSE OF ORGANIZATION",990-PF,,,intermediary_or_citywide,review_excluded_filing: filer-address artifact (see 2021),,review_excluded
The Joseph and Bessie Feinberg Foundation,2024,CHICAGO SURVIVORS,415 EAST NORTH WATER STREET 2301,CHICAGO,IL,60611,5000,"GENERAL UNRESTRICTED, EXEMPT PURPOSE OF ORGANIZATION",990-PF,,,intermediary_or_citywide,review_excluded_filing: filer-address artifact (see 2021),,review_excluded
The Joseph and Bessie Feinberg Foundation,2024,CHICAGO TORTURE JUSTICE CENTER,415 EAST NORTH WATER STREET 2301,CHICAGO,IL,60611,1000,"GENERAL UNRESTRICTED, EXEMPT PURPOSE OF ORGANIZATION",990-PF,,,intermediary_or_citywide,review_excluded_filing: filer-address artifact (see 2021),,review_excluded
The Joseph and Bessie Feinberg Foundation,2024,CHICAGO TORTURE JUSTICE MEMORIALS FOUNDATION,415 EAST NORTH WATER STREET 2301,CHICAGO,IL,60611,4000,"GENERAL UNRESTRICTED, EXEMPT PURPOSE OF ORGANIZATION",990-PF,,,intermediary_or_citywide,review_excluded_filing: filer-address artifact (see 2021),,review_excluded
The Joseph and Bessie Feinberg Foundation,2024,CHICAGO WOMEN IN PHILANTHROPY,415 EAST NORTH WATER STREET 2301,CHICAGO,IL,60611,2000,"GENERAL UNRESTRICTED, EXEMPT PURPOSE OF ORGANIZATION",990-PF,,,intermediary_or_citywide,review_excluded_filing: filer-address artifact (see 2021),,review_excluded
The Joseph and Bessie Feinberg Foundation,2024,CITY OF HOPE,415 EAST NORTH WATER STREET 2301,CHICAGO,IL,60611,25000,"GENERAL UNRESTRICTED, EXEMPT PURPOSE OF ORGANIZATION",990-PF,,,intermediary_or_citywide,review_excluded_filing: filer-address artifact (see 2021),,review_excluded
The Joseph and Bessie Feinberg Foundation,2024,CJE SENIORLIFE,415 EAST NORTH WATER STREET 2301,CHICAGO,IL,60611,10000,"GENERAL UNRESTRICTED, EXEMPT PURPOSE OF ORGANIZATION",990-PF,,,intermediary_or_citywide,review_excluded_filing: filer-address artifact (see 2021),,review_excluded
The Joseph and Bessie Feinberg Foundation,2024,COLLABORACTION THEATRE,415 EAST NORTH WATER STREET 2301,CHICAGO,IL,60611,40000,"GENERAL UNRESTRICTED, EXEMPT PURPOSE OF ORGANIZATION",990-PF,,,intermediary_or_citywide,review_excluded_filing: filer-address artifact (see 2021),,review_excluded
The Joseph and Bessie Feinberg Foundation,2024,COMMUNITYHEALTH,415 EAST NORTH WATER STREET 2301,CHICAGO,IL,60611,50000,"GENERAL UNRESTRICTED, EXEMPT PURPOSE OF ORGANIZATION",990-PF,,,intermediary_or_citywide,review_excluded_filing: filer-address artifact (see 2021),,review_excluded
The Joseph and Bessie Feinberg Foundation,2024,CONNECTIONS FOR THE HOMELESS,415 EAST NORTH WATER STREET 2301,CHICAGO,IL,60611,450000,"GENERAL UNRESTRICTED, EXEMPT PURPOSE OF ORGANIZATION",990-PF,,,intermediary_or_citywide,review_excluded_filing: filer-address artifact (see 2021),,review_excluded
The Joseph and Bessie Feinberg Foundation,2024,CORNELL UNIVERSITY,415 EAST NORTH WATER STREET 2301,CHICAGO,IL,60611,100000,"GENERAL UNRESTRICTED, EXEMPT PURPOSE OF ORGANIZATION",990-PF,,,intermediary_or_citywide,review_excluded_filing: filer-address artifact (see 2021),,review_excluded
The Joseph and Bessie Feinberg Foundation,2024,COVENANT HOUSE ILLINOIS,415 EAST NORTH WATER STREET 2301,CHICAGO,IL,60611,25000,"GENERAL UNRESTRICTED, EXEMPT PURPOSE OF ORGANIZATION",990-PF,,,intermediary_or_citywide,review_excluded_filing: filer-address artifact (see 2021),,review_excluded
The Joseph and Bessie Feinberg Foundation,2024,CROSSROADS FUND,415 EAST NORTH WATER STREET 2301,CHICAGO,IL,60611,2500,"GENERAL UNRESTRICTED, EXEMPT PURPOSE OF ORGANIZATION",990-PF,,,intermediary_or_citywide,review_excluded_filing: filer-address artifact (see 2021),,review_excluded
The Joseph and Bessie Feinberg Foundation,2024,CSNK2A1 FOUNDATION,415 EAST NORTH WATER STREET 2301,CHICAGO,IL,60611,10000,"GENERAL UNRESTRICTED, EXEMPT PURPOSE OF ORGANIZATION",990-PF,,,intermediary_or_citywide,review_excluded_filing: filer-address artifact (see 2021),,review_excluded
The Joseph and Bessie Feinberg Foundation,2024,DOVETAIL PROJECT,415 EAST NORTH WATER STREET 2301,CHICAGO,IL,60611,100000,"GENERAL UNRESTRICTED, EXEMPT PURPOSE OF ORGANIZATION",990-PF,,,intermediary_or_citywide,review_excluded_filing: filer-address artifact (see 2021),,review_excluded
The Joseph and Bessie Feinberg Foundation,2024,DREAM ON EDUCATION,415 EAST NORTH WATER STREET 2301,CHICAGO,IL,60611,2500,"GENERAL UNRESTRICTED, EXEMPT PURPOSE OF ORGANIZATION",990-PF,,,intermediary_or_citywide,review_excluded_filing: filer-address artifact (see 2021),,review_excluded
The Joseph and Bessie Feinberg Foundation,2024,DUSABLE MUSEUM,415 EAST NORTH WATER STREET 2301,CHICAGO,IL,60611,2500,"GENERAL UNRESTRICTED, EXEMPT PURPOSE OF ORGANIZATION",990-PF,,,intermediary_or_citywide,review_excluded_filing: filer-address artifact (see 2021),,review_excluded
The Joseph and Bessie Feinberg Foundation,2024,ECHOES OF HOPE,415 EAST NORTH WATER STREET 2301,CHICAGO,IL,60611,75000,"GENERAL UNRESTRICTED, EXEMPT PURPOSE OF ORGANIZATION",990-PF,,,intermediary_or_citywide,review_excluded_filing: filer-address artifact (see 2021),,review_excluded
The Joseph and Bessie Feinberg Foundation,2024,ERIKSON INSTITUTE,415 EAST NORTH WATER STREET 2301,CHICAGO,IL,60611,25000,"GENERAL UNRESTRICTED, EXEMPT PURPOSE OF ORGANIZATION",990-PF,,,intermediary_or_citywide,review_excluded_filing: filer-address artifact (see 2021),,review_excluded
The Joseph and Bessie Feinberg Foundation,2024,FACIAL PAIN RESEARCH FOUNDATION,415 EAST NORTH WATER STREET 2301,CHICAGO,IL,60611,2500,"GENERAL UNRESTRICTED, EXEMPT PURPOSE OF ORGANIZATION",990-PF,,,intermediary_or_citywide,review_excluded_filing: filer-address artifact (see 2021),,review_excluded
The Joseph and Bessie Feinberg Foundation,2024,FAITH CRUSADEMORE UP CAMPUS,415 EAST NORTH WATER STREET 2301,CHICAGO,IL,60611,5000,"GENERAL UNRESTRICTED, EXEMPT PURPOSE OF ORGANIZATION",990-PF,,,intermediary_or_citywide,review_excluded_filing: filer-address artifact (see 2021),,review_excluded
The Joseph and Bessie Feinberg Foundation,2024,FAMILY FOCUS,415 EAST NORTH WATER STREET 2301,CHICAGO,IL,60611,2500,"GENERAL UNRESTRICTED, EXEMPT PURPOSE OF ORGANIZATION",990-PF,,,intermediary_or_citywide,review_excluded_filing: filer-address artifact (see 2021),,review_excluded
The Joseph and Bessie Feinberg Foundation,2024,FEINBERG SCHOOL OF MEDICINE BATLLE DISCRETIONARY,415 EAST NORTH WATER STREET 2301,CHICAGO,IL,60611,225000,"GENERAL UNRESTRICTED, EXEMPT PURPOSE OF ORGANIZATION",990-PF,,,intermediary_or_citywide,review_excluded_filing: filer-address artifact (see 2021),,review_excluded
The Joseph and Bessie Feinberg Foundation,2024,FIGEROA-WU FAMILY FOUNDATION PILSEN FOOD PANTRY,415 EAST NORTH WATER STREET 2301,CHICAGO,IL,60611,25000,"GENERAL UNRESTRICTED, EXEMPT PURPOSE OF ORGANIZATION",990-PF,,,intermediary_or_citywide,review_excluded_filing: filer-address artifact (see 2021),,review_excluded
The Joseph and Bessie Feinberg Foundation,2024,FOLDED MAP PROJECT NFP,415 EAST NORTH WATER STREET 2301,CHICAGO,IL,60611,5000,"GENERAL UNRESTRICTED, EXEMPT PURPOSE OF ORGANIZATION",990-PF,,,intermediary_or_citywide,review_excluded_filing: filer-address artifact (see 2021),,review_excluded
The Joseph and Bessie Feinberg Foundation,2024,FRIENDS OF ELNET,415 EAST NORTH WATER STREET 2301,CHICAGO,IL,60611,100000,"GENERAL UNRESTRICTED, EXEMPT PURPOSE OF ORGANIZATION",990-PF,,,intermediary_or_citywide,review_excluded_filing: filer-address artifact (see 2021),,review_excluded
The Joseph and Bessie Feinberg Foundation,2024,GIRLS 4 SCIENCE,415 EAST NORTH WATER STREET 2301,CHICAGO,IL,60611,51000,"GENERAL UNRESTRICTED, EXEMPT PURPOSE OF ORGANIZATION",990-PF,,,intermediary_or_citywide,review_excluded_filing: filer-address artifact (see 2021),,review_excluded
The Joseph and Bessie Feinberg Foundation,2024,GRAY MATTER EXPERIENCE,415 EAST NORTH WATER STREET 2301,CHICAGO,IL,60611,2500,"GENERAL UNRESTRICTED, EXEMPT PURPOSE OF ORGANIZATION",990-PF,,,intermediary_or_citywide,review_excluded_filing: filer-address artifact (see 2021),,review_excluded
The Joseph and Bessie Feinberg Foundation,2024,GREATER CHICAGO FOOD DEPOSITORY,415 EAST NORTH WATER STREET 2301,CHICAGO,IL,60611,5000,"GENERAL UNRESTRICTED, EXEMPT PURPOSE OF ORGANIZATION",990-PF,,,intermediary_or_citywide,review_excluded_filing: filer-address artifact (see 2021),,review_excluded
The Joseph and Bessie Feinberg Foundation,2024,GREATER ENGLEWOOD CHAMBER FOUNDATION,415 EAST NORTH WATER STREET 2301,CHICAGO,IL,60611,5000,"GENERAL UNRESTRICTED, EXEMPT PURPOSE OF ORGANIZATION",990-PF,,,intermediary_or_citywide,review_excluded_filing: filer-address artifact (see 2021),,review_excluded
The Joseph and Bessie Feinberg Foundation,2024,GROWING HOME INC,415 EAST NORTH WATER STREET 2301,CHICAGO,IL,60611,5000,"GENERAL UNRESTRICTED, EXEMPT PURPOSE OF ORGANIZATION",990-PF,,,intermediary_or_citywide,review_excluded_filing: filer-address artifact (see 2021),,review_excluded
The Joseph and Bessie Feinberg Foundation,2024,H FOUNDATION,415 EAST NORTH WATER STREET 2301,CHICAGO,IL,60611,5000,"GENERAL UNRESTRICTED, EXEMPT PURPOSE OF ORGANIZATION",990-PF,,,intermediary_or_citywide,review_excluded_filing: filer-address artifact (see 2021),,review_excluded
The Joseph and Bessie Feinberg Foundation,2024,HEALTH & MEDICINE POLICY RESEARCH GROUP,415 EAST NORTH WATER STREET 2301,CHICAGO,IL,60611,5000,"GENERAL UNRESTRICTED, EXEMPT PURPOSE OF ORGANIZATION",990-PF,,,intermediary_or_citywide,review_excluded_filing: filer-address artifact (see 2021),,review_excluded
The Joseph and Bessie Feinberg Foundation,2024,HERITAGE RETREATS,415 EAST NORTH WATER STREET 2301,CHICAGO,IL,60611,50000,"GENERAL UNRESTRICTED, EXEMPT PURPOSE OF ORGANIZATION",990-PF,,,intermediary_or_citywide,review_excluded_filing: filer-address artifact (see 2021),,review_excluded
The Joseph and Bessie Feinberg Foundation,2024,HISTORICAL PRESERVATION SOCIETY OF THE IL CHAPTER BLACK PANTHER PARTY,415 EAST NORTH WATER STREET 2301,CHICAGO,IL,60611,25000,"GENERAL UNRESTRICTED, EXEMPT PURPOSE OF ORGANIZATION",990-PF,,,intermediary_or_citywide,review_excluded_filing: filer-address artifact (see 2021),,review_excluded
The Joseph and Bessie Feinberg Foundation,2024,HOME,415 EAST NORTH WATER STREET 2301,CHICAGO,IL,60611,5000,"GENERAL UNRESTRICTED, EXEMPT PURPOSE OF ORGANIZATION",990-PF,,,intermediary_or_citywide,review_excluded_filing: filer-address artifact (see 2021),,review_excluded
The Joseph and Bessie Feinberg Foundation,2024,HUMAN RIGHTS WATCH,415 EAST NORTH WATER STREET 2301,CHICAGO,IL,60611,7500,"GENERAL UNRESTRICTED, EXEMPT PURPOSE OF ORGANIZATION",990-PF,,,intermediary_or_citywide,review_excluded_filing: filer-address artifact (see 2021),,review_excluded
The Joseph and Bessie Feinberg Foundation,2024,IGNITE,415 EAST NORTH WATER STREET 2301,CHICAGO,IL,60611,50000,"GENERAL UNRESTRICTED, EXEMPT PURPOSE OF ORGANIZATION",990-PF,,,intermediary_or_citywide,review_excluded_filing: filer-address artifact (see 2021),,review_excluded
The Joseph and Bessie Feinberg Foundation,2024,ILLINOIS HUMANITIES,415 EAST NORTH WATER STREET 2301,CHICAGO,IL,60611,1500,"GENERAL UNRESTRICTED, EXEMPT PURPOSE OF ORGANIZATION",990-PF,,,intermediary_or_citywide,review_excluded_filing: filer-address artifact (see 2021),,review_excluded
The Joseph and Bessie Feinberg Foundation,2024,ILLINOIS PRISON PROJECT,415 EAST NORTH WATER STREET 2301,CHICAGO,IL,60611,13300,"GENERAL UNRESTRICTED, EXEMPT PURPOSE OF ORGANIZATION",990-PF,,,intermediary_or_citywide,review_excluded_filing: filer-address artifact (see 2021),,review_excluded
The Joseph and Bessie Feinberg Foundation,2024,IMAGINE ENGLEWOOD IF,415 EAST NORTH WATER STREET 2301,CHICAGO,IL,60611,75000,"GENERAL UNRESTRICTED, EXEMPT PURPOSE OF ORGANIZATION",990-PF,,,intermediary_or_citywide,review_excluded_filing: filer-address artifact (see 2021),,review_excluded
The Joseph and Bessie Feinberg Foundation,2024,INFANT WELFARE SOCIETY OF EVANSTON,415 EAST NORTH WATER STREET 2301,CHICAGO,IL,60611,5000,"GENERAL UNRESTRICTED, EXEMPT PURPOSE OF ORGANIZATION",990-PF,,,intermediary_or_citywide,review_excluded_filing: filer-address artifact (see 2021),,review_excluded
The Joseph and Bessie Feinberg Foundation,2024,INJUSTICE WATCH,415 EAST NORTH WATER STREET 2301,CHICAGO,IL,60611,25000,"GENERAL UNRESTRICTED, EXEMPT PURPOSE OF ORGANIZATION",990-PF,,,intermediary_or_citywide,review_excluded_filing: filer-address artifact (see 2021),,review_excluded
The Joseph and Bessie Feinberg Foundation,2024,INSPIRATION CORPORATION,415 EAST NORTH WATER STREET 2301,CHICAGO,IL,60611,2500,"GENERAL UNRESTRICTED, EXEMPT PURPOSE OF ORGANIZATION",990-PF,,,intermediary_or_citywide,review_excluded_filing: filer-address artifact (see 2021),,review_excluded
The Joseph and Bessie Feinberg Foundation,2024,INVISIBLE INSTITUTE,415 EAST NORTH WATER STREET 2301,CHICAGO,IL,60611,25000,"GENERAL UNRESTRICTED, EXEMPT PURPOSE OF ORGANIZATION",990-PF,,,intermediary_or_citywide,review_excluded_filing: filer-address artifact (see 2021),,review_excluded
The Joseph and Bessie Feinberg Foundation,2024,ISRAEL HEALTHCARE FOUNDATION,415 EAST NORTH WATER STREET 2301,CHICAGO,IL,60611,10000,"GENERAL UNRESTRICTED, EXEMPT PURPOSE OF ORGANIZATION",990-PF,,,intermediary_or_citywide,review_excluded_filing: filer-address artifact (see 2021),,review_excluded
The Joseph and Bessie Feinberg Foundation,2024,JEWISH COUNCIL ON URBAN AFFAIRS,415 EAST NORTH WATER STREET 2301,CHICAGO,IL,60611,5000,"GENERAL UNRESTRICTED, EXEMPT PURPOSE OF ORGANIZATION",990-PF,,,intermediary_or_citywide,review_excluded_filing: filer-address artifact (see 2021),,review_excluded
The Joseph and Bessie Feinberg Foundation,2024,JEWISH UNITED FUND,415 EAST NORTH WATER STREET 2301,CHICAGO,IL,60611,50000,"GENERAL UNRESTRICTED, EXEMPT PURPOSE OF ORGANIZATION",990-PF,,,intermediary_or_citywide,review_excluded_filing: filer-address artifact (see 2021),,review_excluded
The Joseph and Bessie Feinberg Foundation,2024,JOFFREY BALLET,415 EAST NORTH WATER STREET 2301,CHICAGO,IL,60611,5000,"GENERAL UNRESTRICTED, EXEMPT PURPOSE OF ORGANIZATION",990-PF,,,intermediary_or_citywide,review_excluded_filing: filer-address artifact (see 2021),,review_excluded
The Joseph and Bessie Feinberg Foundation,2024,KINGDOM AVENUE,415 EAST NORTH WATER STREET 2301,CHICAGO,IL,60611,5000,"GENERAL UNRESTRICTED, EXEMPT PURPOSE OF ORGANIZATION",990-PF,,,intermediary_or_citywide,review_excluded_filing: filer-address artifact (see 2021),,review_excluded
The Joseph and Bessie Feinberg Foundation,2024,KING'S CARE FOUNDATION,415 EAST NORTH WATER STREET 2301,CHICAGO,IL,60611,25000,"GENERAL UNRESTRICTED, EXEMPT PURPOSE OF ORGANIZATION",990-PF,,,intermediary_or_citywide,review_excluded_filing: filer-address artifact (see 2021),,review_excluded
The Joseph and Bessie Feinberg Foundation,2024,LA RABIDA CHILDREN'S HOSPITAL,415 EAST NORTH WATER STREET 2301,CHICAGO,IL,60611,35000,"GENERAL UNRESTRICTED, EXEMPT PURPOSE OF ORGANIZATION",990-PF,,,intermediary_or_citywide,review_excluded_filing: filer-address artifact (see 2021),,review_excluded
The Joseph and Bessie Feinberg Foundation,2024,LADIES OF VIRTUE,415 EAST NORTH WATER STREET 2301,CHICAGO,IL,60611,27500,"GENERAL UNRESTRICTED, EXEMPT PURPOSE OF ORGANIZATION",990-PF,,,intermediary_or_citywide,review_excluded_filing: filer-address artifact (see 2021),,review_excluded
The Joseph and Bessie Feinberg Foundation,2024,LEAGUE OF CHICAGO THEATRES FOUNDATION,415 EAST NORTH WATER STREET 2301,CHICAGO,IL,60611,2500,"GENERAL UNRESTRICTED, EXEMPT PURPOSE OF ORGANIZATION",990-PF,,,intermediary_or_citywide,review_excluded_filing: filer-address artifact (see 2021),,review_excluded
The Joseph and Bessie Feinberg Foundation,2024,LOOKINGGLASS THEATRE COMPANY,415 EAST NORTH WATER STREET 2301,CHICAGO,IL,60611,75000,"GENERAL UNRESTRICTED, EXEMPT PURPOSE OF ORGANIZATION",990-PF,,,intermediary_or_citywide,review_excluded_filing: filer-address artifact (see 2021),,review_excluded
The Joseph and Bessie Feinberg Foundation,2024,LOS ANGELES DODGERS FOUNDATION,415 EAST NORTH WATER STREET 2301,CHICAGO,IL,60611,52000,"GENERAL UNRESTRICTED, EXEMPT PURPOSE OF ORGANIZATION",990-PF,,,intermediary_or_citywide,review_excluded_filing: filer-address artifact (see 2021),,review_excluded
The Joseph and Bessie Feinberg Foundation,2024,LURIE CANCER CENTER MELISSA SIMON DISCRETIONARY,415 EAST NORTH WATER STREET 2301,CHICAGO,IL,60611,25000,"GENERAL UNRESTRICTED, EXEMPT PURPOSE OF ORGANIZATION",990-PF,,,intermediary_or_citywide,review_excluded_filing: filer-address artifact (see 2021),,review_excluded
The Joseph and Bessie Feinberg Foundation,2024,MALNATI BRAIN TUMOR INSTITUTE,415 EAST NORTH WATER STREET 2301,CHICAGO,IL,60611,17500,"GENERAL UNRESTRICTED, EXEMPT PURPOSE OF ORGANIZATION",990-PF,,,intermediary_or_citywide,review_excluded_filing: filer-address artifact (see 2021),,review_excluded
The Joseph and Bessie Feinberg Foundation,2024,MARGARET'S VILLAGE,415 EAST NORTH WATER STREET 2301,CHICAGO,IL,60611,5000,"GENERAL UNRESTRICTED, EXEMPT PURPOSE OF ORGANIZATION",990-PF,,,intermediary_or_citywide,review_excluded_filing: filer-address artifact (see 2021),,review_excluded
The Joseph and Bessie Feinberg Foundation,2024,MORAN CENTER FOR YOUTH ADVOCACY,415 EAST NORTH WATER STREET 2301,CHICAGO,IL,60611,5000,"GENERAL UNRESTRICTED, EXEMPT PURPOSE OF ORGANIZATION",990-PF,,,intermediary_or_citywide,review_excluded_filing: filer-address artifact (see 2021),,review_excluded
The Joseph and Bessie Feinberg Foundation,2024,NATIONAL PUBLIC HOUSING MUSEUM,415 EAST NORTH WATER STREET 2301,CHICAGO,IL,60611,50000,"GENERAL UNRESTRICTED, EXEMPT PURPOSE OF ORGANIZATION",990-PF,,,intermediary_or_citywide,review_excluded_filing: filer-address artifact (see 2021),,review_excluded
The Joseph and Bessie Feinberg Foundation,2024,NEAR SOUTH PLANNING BOARD,415 EAST NORTH WATER STREET 2301,CHICAGO,IL,60611,25000,"GENERAL UNRESTRICTED, EXEMPT PURPOSE OF ORGANIZATION",990-PF,,,intermediary_or_citywide,review_excluded_filing: filer-address artifact (see 2021),,review_excluded
The Joseph and Bessie Feinberg Foundation,2024,NIGHT MINISTRY,415 EAST NORTH WATER STREET 2301,CHICAGO,IL,60611,25000,"GENERAL UNRESTRICTED, EXEMPT PURPOSE OF ORGANIZATION",990-PF,,,intermediary_or_citywide,review_excluded_filing: filer-address artifact (see 2021),,review_excluded
The Joseph and Bessie Feinberg Foundation,2024,NORTHERN ILLINOIS FOOD BANK,415 EAST NORTH WATER STREET 2301,CHICAGO,IL,60611,5000,"GENERAL UNRESTRICTED, EXEMPT PURPOSE OF ORGANIZATION",990-PF,,,intermediary_or_citywide,review_excluded_filing: filer-address artifact (see 2021),,review_excluded
The Joseph and Bessie Feinberg Foundation,2024,NOURISHING HOPE,415 EAST NORTH WATER STREET 2301,CHICAGO,IL,60611,25000,"GENERAL UNRESTRICTED, EXEMPT PURPOSE OF ORGANIZATION",990-PF,,,intermediary_or_citywide,review_excluded_filing: filer-address artifact (see 2021),,review_excluded
The Joseph and Bessie Feinberg Foundation,2024,OPEN BOOKS,415 EAST NORTH WATER STREET 2301,CHICAGO,IL,60611,3500,"GENERAL UNRESTRICTED, EXEMPT PURPOSE OF ORGANIZATION",990-PF,,,intermediary_or_citywide,review_excluded_filing: filer-address artifact (see 2021),,review_excluded
The Joseph and Bessie Feinberg Foundation,2024,PAROLE ILLINOIS,415 EAST NORTH WATER STREET 2301,CHICAGO,IL,60611,25000,"GENERAL UNRESTRICTED, EXEMPT PURPOSE OF ORGANIZATION",990-PF,,,intermediary_or_citywide,review_excluded_filing: filer-address artifact (see 2021),,review_excluded
The Joseph and Bessie Feinberg Foundation,2024,PEOPLE'S MUSIC SCHOOL,415 EAST NORTH WATER STREET 2301,CHICAGO,IL,60611,50000,"GENERAL UNRESTRICTED, EXEMPT PURPOSE OF ORGANIZATION",990-PF,,,intermediary_or_citywide,review_excluded_filing: filer-address artifact (see 2021),,review_excluded
The Joseph and Bessie Feinberg Foundation,2024,PLANNED PARENTHOOD OF ILLINOIS,415 EAST NORTH WATER STREET 2301,CHICAGO,IL,60611,5000,"GENERAL UNRESTRICTED, EXEMPT PURPOSE OF ORGANIZATION",990-PF,,,intermediary_or_citywide,review_excluded_filing: filer-address artifact (see 2021),,review_excluded
The Joseph and Bessie Feinberg Foundation,2024,PROVIDENT FOUNDATION,415 EAST NORTH WATER STREET 2301,CHICAGO,IL,60611,25000,"GENERAL UNRESTRICTED, EXEMPT PURPOSE OF ORGANIZATION",990-PF,,,intermediary_or_citywide,review_excluded_filing: filer-address artifact (see 2021),,review_excluded
The Joseph and Bessie Feinberg Foundation,2024,READER INSTITUTE FOR COMMUNITY JOURNALISM,415 EAST NORTH WATER STREET 2301,CHICAGO,IL,60611,5000,"GENERAL UNRESTRICTED, EXEMPT PURPOSE OF ORGANIZATION",990-PF,,,intermediary_or_citywide,review_excluded_filing: filer-address artifact (see 2021),,review_excluded
The Joseph and Bessie Feinberg Foundation,2024,REFRACTED THEATRE COMPANY,415 EAST NORTH WATER STREET 2301,CHICAGO,IL,60611,5000,"GENERAL UNRESTRICTED, EXEMPT PURPOSE OF ORGANIZATION",990-PF,,,intermediary_or_citywide,review_excluded_filing: filer-address artifact (see 2021),,review_excluded
The Joseph and Bessie Feinberg Foundation,2024,RESIDENT ASSOCIATION OF GREATER ENGLEWOOD,415 EAST NORTH WATER STREET 2301,CHICAGO,IL,60611,30000,"GENERAL UNRESTRICTED, EXEMPT PURPOSE OF ORGANIZATION",990-PF,,,intermediary_or_citywide,review_excluded_filing: filer-address artifact (see 2021),,review_excluded
The Joseph and Bessie Feinberg Foundation,2024,RESTORE JUSTICE FOUNDATION,415 EAST NORTH WATER STREET 2301,CHICAGO,IL,60611,30000,"GENERAL UNRESTRICTED, EXEMPT PURPOSE OF ORGANIZATION",990-PF,,,intermediary_or_citywide,review_excluded_filing: filer-address artifact (see 2021),,review_excluded
The Joseph and Bessie Feinberg Foundation,2024,ROGER BALDWIN FOUNDATION OF THE ACLU,415 EAST NORTH WATER STREET 2301,CHICAGO,IL,60611,15000,"GENERAL UNRESTRICTED, EXEMPT PURPOSE OF ORGANIZATION",990-PF,,,intermediary_or_citywide,review_excluded_filing: filer-address artifact (see 2021),,review_excluded
The Joseph and Bessie Feinberg Foundation,2024,SAFE PLACE FOR YOUTH,415 EAST NORTH WATER STREET 2301,CHICAGO,IL,60611,25000,"GENERAL UNRESTRICTED, EXEMPT PURPOSE OF ORGANIZATION",990-PF,,,intermediary_or_citywide,review_excluded_filing: filer-address artifact (see 2021),,review_excluded
The Joseph and Bessie Feinberg Foundation,2024,SHALVA,415 EAST NORTH WATER STREET 2301,CHICAGO,IL,60611,5000,"GENERAL UNRESTRICTED, EXEMPT PURPOSE OF ORGANIZATION",990-PF,,,intermediary_or_citywide,review_excluded_filing: filer-address artifact (see 2021),,review_excluded
The Joseph and Bessie Feinberg Foundation,2024,SITSTAYREAD,415 EAST NORTH WATER STREET 2301,CHICAGO,IL,60611,6000,"GENERAL UNRESTRICTED, EXEMPT PURPOSE OF ORGANIZATION",990-PF,,,intermediary_or_citywide,review_excluded_filing: filer-address artifact (see 2021),,review_excluded
The Joseph and Bessie Feinberg Foundation,2024,SOUTHERN POVERTY LAW CENTER,415 EAST NORTH WATER STREET 2301,CHICAGO,IL,60611,1000,"GENERAL UNRESTRICTED, EXEMPT PURPOSE OF ORGANIZATION",990-PF,,,intermediary_or_citywide,review_excluded_filing: filer-address artifact (see 2021),,review_excluded
The Joseph and Bessie Feinberg Foundation,2024,SPERTUS INSTITUTE,415 EAST NORTH WATER STREET 2301,CHICAGO,IL,60611,15000,"GENERAL UNRESTRICTED, EXEMPT PURPOSE OF ORGANIZATION",990-PF,,,intermediary_or_citywide,review_excluded_filing: filer-address artifact (see 2021),,review_excluded
The Joseph and Bessie Feinberg Foundation,2024,STORYCATCHERS THEATRE,415 EAST NORTH WATER STREET 2301,CHICAGO,IL,60611,25000,"GENERAL UNRESTRICTED, EXEMPT PURPOSE OF ORGANIZATION",990-PF,,,intermediary_or_citywide,review_excluded_filing: filer-address artifact (see 2021),,review_excluded
The Joseph and Bessie Feinberg Foundation,2024,TEAMWORK ENGLEWOOD,415 EAST NORTH WATER STREET 2301,CHICAGO,IL,60611,2500,"GENERAL UNRESTRICTED, EXEMPT PURPOSE OF ORGANIZATION",990-PF,,,intermediary_or_citywide,review_excluded_filing: filer-address artifact (see 2021),,review_excluded
The Joseph and Bessie Feinberg Foundation,2024,THINK OUTSIDE DA BLOCK,415 EAST NORTH WATER STREET 2301,CHICAGO,IL,60611,5000,"GENERAL UNRESTRICTED, EXEMPT PURPOSE OF ORGANIZATION",990-PF,,,intermediary_or_citywide,review_excluded_filing: filer-address artifact (see 2021),,review_excluded
The Joseph and Bessie Feinberg Foundation,2024,TIMELINE THEATRE,415 EAST NORTH WATER STREET 2301,CHICAGO,IL,60611,60000,"GENERAL UNRESTRICTED, EXEMPT PURPOSE OF ORGANIZATION",990-PF,,,intermediary_or_citywide,review_excluded_filing: filer-address artifact (see 2021),,review_excluded
The Joseph and Bessie Feinberg Foundation,2024,TUTORING CHICAGO,415 EAST NORTH WATER STREET 2301,CHICAGO,IL,60611,5000,"GENERAL UNRESTRICTED, EXEMPT PURPOSE OF ORGANIZATION",990-PF,,,intermediary_or_citywide,review_excluded_filing: filer-address artifact (see 2021),,review_excluded
The Joseph and Bessie Feinberg Foundation,2024,UPTOWN PEOPLE'S LAW CENTER,415 EAST NORTH WATER STREET 2301,CHICAGO,IL,60611,5000,"GENERAL UNRESTRICTED, EXEMPT PURPOSE OF ORGANIZATION",990-PF,,,intermediary_or_citywide,review_excluded_filing: filer-address artifact (see 2021),,review_excluded
The Joseph and Bessie Feinberg Foundation,2024,VITUITY CARES FOUNDATION,415 EAST NORTH WATER STREET 2301,CHICAGO,IL,60611,1000,"GENERAL UNRESTRICTED, EXEMPT PURPOSE OF ORGANIZATION",990-PF,,,intermediary_or_citywide,review_excluded_filing: filer-address artifact (see 2021),,review_excluded
The Joseph and Bessie Feinberg Foundation,2024,WEST COAST SPORTS MEDICINE FOUNDATION,415 EAST NORTH WATER STREET 2301,CHICAGO,IL,60611,215000,"GENERAL UNRESTRICTED, EXEMPT PURPOSE OF ORGANIZATION",990-PF,,,intermediary_or_citywide,review_excluded_filing: filer-address artifact (see 2021),,review_excluded
The Joseph and Bessie Feinberg Foundation,2024,WINDOW TO THE WORLD COMMUNICATIONS,415 EAST NORTH WATER STREET 2301,CHICAGO,IL,60611,50000,"GENERAL UNRESTRICTED, EXEMPT PURPOSE OF ORGANIZATION",990-PF,,,intermediary_or_citywide,review_excluded_filing: filer-address artifact (see 2021),,review_excluded
The Joseph and Bessie Feinberg Foundation,2024,YOUNG CHICAGO AUTHORS,415 EAST NORTH WATER STREET 2301,CHICAGO,IL,60611,100000,"GENERAL UNRESTRICTED, EXEMPT PURPOSE OF ORGANIZATION",990-PF,,,intermediary_or_citywide,review_excluded_filing: filer-address artifact (see 2021),,review_excluded
Frechette Family Foundation,2021,SEE ATTACHMENT 1,2801 HENNEPIN AVE S 265,MINNEAPOLIS,MN,55408,10038750.0,SEE ATTACHMENT,990-PF,,,intermediary_or_citywide,aggregate_only_no_itemization,202211199349101801,known_attachment_gap
Tull Family Foundation,2023,NEUROSCIENCE RESEARCH FOUNDATION,227 W MONROE ST STE 5000,CHICAGO,IL,60606,500000,GENERAL SUPPORT,990-PF,,,intermediary_or_citywide,"review_excluded_filing: sole row (Neuroscience Research Foundation, $500,000) lists the filer's own address as the recipient address; recipient geography unknown",,review_excluded
Retirement Research Foundation,2023,ACACIA THEATRE COMPANY,8765 W HIGGINS ROADSUITE 430,CHICAGO,IL,60631,750,GENERAL UNRESTRICTED EXEMPT PURPOSE OF ORGANIZATION,990-PF,,,intermediary_or_citywide,"review_excluded_filing: filer-address artifact: all 231 recipient rows carry the foundation's own 8765 W Higgins Rd office as the recipient address (Mayo Clinic, ASPCA, Doctors Without Borders included), so neither the Chicago city attribution nor any pin is real; FY2024 files real addresses and publishes normally",,review_excluded
Retirement Research Foundation,2023,ACCESS LIVING OF METROPOLITAN CHICAGO,8765 W HIGGINS ROADSUITE 430,CHICAGO,IL,60631,600,GENERAL UNRESTRICTED EXEMPT PURPOSE OF ORGANIZATION,990-PF,,,intermediary_or_citywide,"review_excluded_filing: filer-address artifact: all 231 recipient rows carry the foundation's own 8765 W Higgins Rd office as the recipient address (Mayo Clinic, ASPCA, Doctors Without Borders included), so neither the Chicago city attribution nor any pin is real; FY2024 files real addresses and publishes normally",,review_excluded
Retirement Research Foundation,2023,ACTBLUE CHARITIES,8765 W HIGGINS ROADSUITE 430,CHICAGO,IL,60631,300,GENERAL UNRESTRICTED EXEMPT PURPOSE OF ORGANIZATION,990-PF,,,intermediary_or_citywide,"review_excluded_filing: filer-address artifact: all 231 recipient rows carry the foundation's own 8765 W Higgins Rd office as the recipient address (Mayo Clinic, ASPCA, Doctors Without Borders included), so neither the Chicago city attribution nor any pin is real; FY2024 files real addresses and publishes normally",,review_excluded
Retirement Research Foundation,2023,AGEOPTIONS INC,8765 W HIGGINS ROADSUITE 430,CHICAGO,IL,60631,1200,GENERAL UNRESTRICTED EXEMPT PURPOSE OF ORGANIZATION,990-PF,,,intermediary_or_citywide,"review_excluded_filing: filer-address artifact: all 231 recipient rows carry the foundation's own 8765 W Higgins Rd office as the recipient address (Mayo Clinic, ASPCA, Doctors Without Borders included), so neither the Chicago city attribution nor any pin is real; FY2024 files real addresses and publishes normally",,review_excluded
Retirement Research Foundation,2023,AMERICA GIVES INC,8765 W HIGGINS ROADSUITE 430,CHICAGO,IL,60631,150,GENERAL UNRESTRICTED EXEMPT PURPOSE OF ORGANIZATION,990-PF,,,intermediary_or_citywide,"review_excluded_filing: filer-address artifact: all 231 recipient rows carry the foundation's own 8765 W Higgins Rd office as the recipient address (Mayo Clinic, ASPCA, Doctors Without Borders included), so neither the Chicago city attribution nor any pin is real; FY2024 files real addresses and publishes normally",,review_excluded
Retirement Research Foundation,2023,AMERICAN RED CROSS,8765 W HIGGINS ROADSUITE 430,CHICAGO,IL,60631,1200,GENERAL UNRESTRICTED EXEMPT PURPOSE OF ORGANIZATION,990-PF,,,intermediary_or_citywide,"review_excluded_filing: filer-address artifact: all 231 recipient rows carry the foundation's own 8765 W Higgins Rd office as the recipient address (Mayo Clinic, ASPCA, Doctors Without Borders included), so neither the Chicago city attribution nor any pin is real; FY2024 files real addresses and publishes normally",,review_excluded
Retirement Research Foundation,2023,ANN & ROBERT LURIE CHILDREN'S HOSPITAL,8765 W HIGGINS ROADSUITE 430,CHICAGO,IL,60631,750,GENERAL UNRESTRICTED EXEMPT PURPOSE OF ORGANIZATION,990-PF,,,intermediary_or_citywide,"review_excluded_filing: filer-address artifact: all 231 recipient rows carry the foundation's own 8765 W Higgins Rd office as the recipient address (Mayo Clinic, ASPCA, Doctors Without Borders included), so neither the Chicago city attribution nor any pin is real; FY2024 files real addresses and publishes normally",,review_excluded
Retirement Research Foundation,2023,ASPCA,8765 W HIGGINS ROADSUITE 430,CHICAGO,IL,60631,600,GENERAL UNRESTRICTED EXEMPT PURPOSE OF ORGANIZATION,990-PF,,,intermediary_or_citywide,"review_excluded_filing: filer-address artifact: all 231 recipient rows carry the foundation's own 8765 W Higgins Rd office as the recipient address (Mayo Clinic, ASPCA, Doctors Without Borders included), so neither the Chicago city attribution nor any pin is real; FY2024 files real addresses and publishes normally",,review_excluded
Retirement Research Foundation,2023,BAPTIST HEALTH SOUTH FLORIDA FOUNDATION,8765 W HIGGINS ROADSUITE 430,CHICAGO,IL,60631,3000,GENERAL UNRESTRICTED EXEMPT PURPOSE OF ORGANIZATION,990-PF,,,intermediary_or_citywide,"review_excluded_filing: filer-address artifact: all 231 recipient rows carry the foundation's own 8765 W Higgins Rd office as the recipient address (Mayo Clinic, ASPCA, Doctors Without Borders included), so neither the Chicago city attribution nor any pin is real; FY2024 files real addresses and publishes normally",,review_excluded
Retirement Research Foundation,2023,BIG SHOULDERS FUND,8765 W HIGGINS ROADSUITE 430,CHICAGO,IL,60631,3000,GENERAL UNRESTRICTED EXEMPT PURPOSE OF ORGANIZATION,990-PF,,,intermediary_or_citywide,"review_excluded_filing: filer-address artifact: all 231 recipient rows carry the foundation's own 8765 W Higgins Rd office as the recipient address (Mayo Clinic, ASPCA, Doctors Without Borders included), so neither the Chicago city attribution nor any pin is real; FY2024 files real addresses and publishes normally",,review_excluded
Retirement Research Foundation,2023,BLACK WOMEN'S HEALTH IMPERATIVE,8765 W HIGGINS ROADSUITE 430,CHICAGO,IL,60631,1500,GENERAL UNRESTRICTED EXEMPT PURPOSE OF ORGANIZATION,990-PF,,,intermediary_or_citywide,"review_excluded_filing: filer-address artifact: all 231 recipient rows carry the foundation's own 8765 W Higgins Rd office as the recipient address (Mayo Clinic, ASPCA, Doctors Without Borders included), so neither the Chicago city attribution nor any pin is real; FY2024 files real addresses and publishes normally",,review_excluded
Retirement Research Foundation,2023,CARLETON COLLEGE,8765 W HIGGINS ROADSUITE 430,CHICAGO,IL,60631,1500,GENERAL UNRESTRICTED EXEMPT PURPOSE OF ORGANIZATION,990-PF,,,intermediary_or_citywide,"review_excluded_filing: filer-address artifact: all 231 recipient rows carry the foundation's own 8765 W Higgins Rd office as the recipient address (Mayo Clinic, ASPCA, Doctors Without Borders included), so neither the Chicago city attribution nor any pin is real; FY2024 files real addresses and publishes normally",,review_excluded
Retirement Research Foundation,2023,CENTER FOR LAW AND SOCIAL POLICY,8765 W HIGGINS ROADSUITE 430,CHICAGO,IL,60631,750,GENERAL UNRESTRICTED EXEMPT PURPOSE OF ORGANIZATION,990-PF,,,intermediary_or_citywide,"review_excluded_filing: filer-address artifact: all 231 recipient rows carry the foundation's own 8765 W Higgins Rd office as the recipient address (Mayo Clinic, ASPCA, Doctors Without Borders included), so neither the Chicago city attribution nor any pin is real; FY2024 files real addresses and publishes normally",,review_excluded
Retirement Research Foundation,2023,CENTER FOR RESPONSIBLE LENDING,8765 W HIGGINS ROADSUITE 430,CHICAGO,IL,60631,250,GENERAL UNRESTRICTED EXEMPT PURPOSE OF ORGANIZATION,990-PF,,,intermediary_or_citywide,"review_excluded_filing: filer-address artifact: all 231 recipient rows carry the foundation's own 8765 W Higgins Rd office as the recipient address (Mayo Clinic, ASPCA, Doctors Without Borders included), so neither the Chicago city attribution nor any pin is real; FY2024 files real addresses and publishes normally",,review_excluded
Retirement Research Foundation,2023,CHICAGO CITY DAY SCHOOL,8765 W HIGGINS ROADSUITE 430,CHICAGO,IL,60631,3000,GENERAL UNRESTRICTED EXEMPT PURPOSE OF ORGANIZATION,990-PF,,,intermediary_or_citywide,"review_excluded_filing: filer-address artifact: all 231 recipient rows carry the foundation's own 8765 W Higgins Rd office as the recipient address (Mayo Clinic, ASPCA, Doctors Without Borders included), so neither the Chicago city attribution nor any pin is real; FY2024 files real addresses and publishes normally",,review_excluded
Retirement Research Foundation,2023,CHICAGO HOUSE & SOCIAL SERVICE AGENCY,8765 W HIGGINS ROADSUITE 430,CHICAGO,IL,60631,250,GENERAL UNRESTRICTED EXEMPT PURPOSE OF ORGANIZATION,990-PF,,,intermediary_or_citywide,"review_excluded_filing: filer-address artifact: all 231 recipient rows carry the foundation's own 8765 W Higgins Rd office as the recipient address (Mayo Clinic, ASPCA, Doctors Without Borders included), so neither the Chicago city attribution nor any pin is real; FY2024 files real addresses and publishes normally",,review_excluded
Retirement Research Foundation,2023,CHICAGO INNOVATION FOUNDATION,8765 W HIGGINS ROADSUITE 430,CHICAGO,IL,60631,15000,GENERAL UNRESTRICTED EXEMPT PURPOSE OF ORGANIZATION,990-PF,,,intermediary_or_citywide,"review_excluded_filing: filer-address artifact: all 231 recipient rows carry the foundation's own 8765 W Higgins Rd office as the recipient address (Mayo Clinic, ASPCA, Doctors Without Borders included), so neither the Chicago city attribution nor any pin is real; FY2024 files real addresses and publishes normally",,review_excluded
Retirement Research Foundation,2023,CHICAGO INNOVATION FOUNDATION - V,8765 W HIGGINS ROADSUITE 430,CHICAGO,IL,60631,1875,GENERAL UNRESTRICTED EXEMPT PURPOSE OF ORGANIZATION,990-PF,,,intermediary_or_citywide,"review_excluded_filing: filer-address artifact: all 231 recipient rows carry the foundation's own 8765 W Higgins Rd office as the recipient address (Mayo Clinic, ASPCA, Doctors Without Borders included), so neither the Chicago city attribution nor any pin is real; FY2024 files real addresses and publishes normally",,review_excluded
Retirement Research Foundation,2023,CHICAGO JEWISH DAY SCHOOL,8765 W HIGGINS ROADSUITE 430,CHICAGO,IL,60631,3720,GENERAL UNRESTRICTED EXEMPT PURPOSE OF ORGANIZATION,990-PF,,,intermediary_or_citywide,"review_excluded_filing: filer-address artifact: all 231 recipient rows carry the foundation's own 8765 W Higgins Rd office as the recipient address (Mayo Clinic, ASPCA, Doctors Without Borders included), so neither the Chicago city attribution nor any pin is real; FY2024 files real addresses and publishes normally",,review_excluded
Retirement Research Foundation,2023,CHICAGO POLICE MEMORIAL FOUNDATION,8765 W HIGGINS ROADSUITE 430,CHICAGO,IL,60631,300,GENERAL UNRESTRICTED EXEMPT PURPOSE OF ORGANIZATION,990-PF,,,intermediary_or_citywide,"review_excluded_filing: filer-address artifact: all 231 recipient rows carry the foundation's own 8765 W Higgins Rd office as the recipient address (Mayo Clinic, ASPCA, Doctors Without Borders included), so neither the Chicago city attribution nor any pin is real; FY2024 files real addresses and publishes normally",,review_excluded
Retirement Research Foundation,2023,CHICAGO PUBLIC MEDIA,8765 W HIGGINS ROADSUITE 430,CHICAGO,IL,60631,1830,GENERAL UNRESTRICTED EXEMPT PURPOSE OF ORGANIZATION,990-PF,,,intermediary_or_citywide,"review_excluded_filing: filer-address artifact: all 231 recipient rows carry the foundation's own 8765 W Higgins Rd office as the recipient address (Mayo Clinic, ASPCA, Doctors Without Borders included), so neither the Chicago city attribution nor any pin is real; FY2024 files real addresses and publishes normally",,review_excluded
Retirement Research Foundation,2023,CHICAGO PUBLIC MEDIA INC,8765 W HIGGINS ROADSUITE 430,CHICAGO,IL,60631,300,GENERAL UNRESTRICTED EXEMPT PURPOSE OF ORGANIZATION,990-PF,,,intermediary_or_citywide,"review_excluded_filing: filer-address artifact: all 231 recipient rows carry the foundation's own 8765 W Higgins Rd office as the recipient address (Mayo Clinic, ASPCA, Doctors Without Borders included), so neither the Chicago city attribution nor any pin is real; FY2024 files real addresses and publishes normally",,review_excluded
Retirement Research Foundation,2023,CHICAGO SYMPHONY ORCHESTRA,8765 W HIGGINS ROADSUITE 430,CHICAGO,IL,60631,150,GENERAL UNRESTRICTED EXEMPT PURPOSE OF ORGANIZATION,990-PF,,,intermediary_or_citywide,"review_excluded_filing: filer-address artifact: all 231 recipient rows carry the foundation's own 8765 W Higgins Rd office as the recipient address (Mayo Clinic, ASPCA, Doctors Without Borders included), so neither the Chicago city attribution nor any pin is real; FY2024 files real addresses and publishes normally",,review_excluded
Retirement Research Foundation,2023,CHICAGO WOMEN IN PHILANTHROPY (CWIP),8765 W HIGGINS ROADSUITE 430,CHICAGO,IL,60631,1500,GENERAL UNRESTRICTED EXEMPT PURPOSE OF ORGANIZATION,990-PF,,,intermediary_or_citywide,"review_excluded_filing: filer-address artifact: all 231 recipient rows carry the foundation's own 8765 W Higgins Rd office as the recipient address (Mayo Clinic, ASPCA, Doctors Without Borders included), so neither the Chicago city attribution nor any pin is real; FY2024 files real addresses and publishes normally",,review_excluded
Retirement Research Foundation,2023,CHRISTOPHER & DANA REEVE FOUNDATION,8765 W HIGGINS ROADSUITE 430,CHICAGO,IL,60631,300,GENERAL UNRESTRICTED EXEMPT PURPOSE OF ORGANIZATION,990-PF,,,intermediary_or_citywide,"review_excluded_filing: filer-address artifact: all 231 recipient rows carry the foundation's own 8765 W Higgins Rd office as the recipient address (Mayo Clinic, ASPCA, Doctors Without Borders included), so neither the Chicago city attribution nor any pin is real; FY2024 files real addresses and publishes normally",,review_excluded
Retirement Research Foundation,2023,CROSSROADS FUND,8765 W HIGGINS ROADSUITE 430,CHICAGO,IL,60631,1500,GENERAL UNRESTRICTED EXEMPT PURPOSE OF ORGANIZATION,990-PF,,,intermediary_or_citywide,"review_excluded_filing: filer-address artifact: all 231 recipient rows carry the foundation's own 8765 W Higgins Rd office as the recipient address (Mayo Clinic, ASPCA, Doctors Without Borders included), so neither the Chicago city attribution nor any pin is real; FY2024 files real addresses and publishes normally",,review_excluded
Retirement Research Foundation,2023,CURE EPILEPSY,8765 W HIGGINS ROADSUITE 430,CHICAGO,IL,60631,1500,GENERAL UNRESTRICTED EXEMPT PURPOSE OF ORGANIZATION,990-PF,,,intermediary_or_citywide,"review_excluded_filing: filer-address artifact: all 231 recipient rows carry the foundation's own 8765 W Higgins Rd office as the recipient address (Mayo Clinic, ASPCA, Doctors Without Borders included), so neither the Chicago city attribution nor any pin is real; FY2024 files real addresses and publishes normally",,review_excluded
Retirement Research Foundation,2023,DANA-FARBER CANCER INSTITUTE INC,8765 W HIGGINS ROADSUITE 430,CHICAGO,IL,60631,150,GENERAL UNRESTRICTED EXEMPT PURPOSE OF ORGANIZATION,990-PF,,,intermediary_or_citywide,"review_excluded_filing: filer-address artifact: all 231 recipient rows carry the foundation's own 8765 W Higgins Rd office as the recipient address (Mayo Clinic, ASPCA, Doctors Without Borders included), so neither the Chicago city attribution nor any pin is real; FY2024 files real addresses and publishes normally",,review_excluded
Retirement Research Foundation,2023,DOCTORS WITHOUT BORDERS,8765 W HIGGINS ROADSUITE 430,CHICAGO,IL,60631,1200,GENERAL UNRESTRICTED EXEMPT PURPOSE OF ORGANIZATION,990-PF,,,intermediary_or_citywide,"review_excluded_filing: filer-address artifact: all 231 recipient rows carry the foundation's own 8765 W Higgins Rd office as the recipient address (Mayo Clinic, ASPCA, Doctors Without Borders included), so neither the Chicago city attribution nor any pin is real; FY2024 files real addresses and publishes normally",,review_excluded
Retirement Research Foundation,2023,DOCTORS WITHOUT BORDERS USA INC,8765 W HIGGINS ROADSUITE 430,CHICAGO,IL,60631,300,GENERAL UNRESTRICTED EXEMPT PURPOSE OF ORGANIZATION,990-PF,,,intermediary_or_citywide,"review_excluded_filing: filer-address artifact: all 231 recipient rows carry the foundation's own 8765 W Higgins Rd office as the recipient address (Mayo Clinic, ASPCA, Doctors Without Borders included), so neither the Chicago city attribution nor any pin is real; FY2024 files real addresses and publishes normally",,review_excluded
Retirement Research Foundation,2023,FIRST UNITED METHODIST CHURCH OF CHICAGO,8765 W HIGGINS ROADSUITE 430,CHICAGO,IL,60631,750,GENERAL UNRESTRICTED EXEMPT PURPOSE OF ORGANIZATION,990-PF,,,intermediary_or_citywide,"review_excluded_filing: filer-address artifact: all 231 recipient rows carry the foundation's own 8765 W Higgins Rd office as the recipient address (Mayo Clinic, ASPCA, Doctors Without Borders included), so neither the Chicago city attribution nor any pin is real; FY2024 files real addresses and publishes normally",,review_excluded
Retirement Research Foundation,2023,FOREFRONT,8765 W HIGGINS ROADSUITE 430,CHICAGO,IL,60631,2250,GENERAL UNRESTRICTED EXEMPT PURPOSE OF ORGANIZATION,990-PF,,,intermediary_or_citywide,"review_excluded_filing: filer-address artifact: all 231 recipient rows carry the foundation's own 8765 W Higgins Rd office as the recipient address (Mayo Clinic, ASPCA, Doctors Without Borders included), so neither the Chicago city attribution nor any pin is real; FY2024 files real addresses and publishes normally",,review_excluded
Retirement Research Foundation,2023,FRIENDS OF THE ISRAEL DEFENSE FORCES,8765 W HIGGINS ROADSUITE 430,CHICAGO,IL,60631,1800,GENERAL UNRESTRICTED EXEMPT PURPOSE OF ORGANIZATION,990-PF,,,intermediary_or_citywide,"review_excluded_filing: filer-address artifact: all 231 recipient rows carry the foundation's own 8765 W Higgins Rd office as the recipient address (Mayo Clinic, ASPCA, Doctors Without Borders included), so neither the Chicago city attribution nor any pin is real; FY2024 files real addresses and publishes normally",,review_excluded
Retirement Research Foundation,2023,GEORGIA HEALTHY FAMILY ALLIANCE,8765 W HIGGINS ROADSUITE 430,CHICAGO,IL,60631,7787,GENERAL UNRESTRICTED EXEMPT PURPOSE OF ORGANIZATION,990-PF,,,intermediary_or_citywide,"review_excluded_filing: filer-address artifact: all 231 recipient rows carry the foundation's own 8765 W Higgins Rd office as the recipient address (Mayo Clinic, ASPCA, Doctors Without Borders included), so neither the Chicago city attribution nor any pin is real; FY2024 files real addresses and publishes normally",,review_excluded
Retirement Research Foundation,2023,GIFT OF ADOPTION FUND INC,8765 W HIGGINS ROADSUITE 430,CHICAGO,IL,60631,1200,GENERAL UNRESTRICTED EXEMPT PURPOSE OF ORGANIZATION,990-PF,,,intermediary_or_citywide,"review_excluded_filing: filer-address artifact: all 231 recipient rows carry the foundation's own 8765 W Higgins Rd office as the recipient address (Mayo Clinic, ASPCA, Doctors Without Borders included), so neither the Chicago city attribution nor any pin is real; FY2024 files real addresses and publishes normally",,review_excluded
Retirement Research Foundation,2023,GRACE LUTHERAN CHURCH,8765 W HIGGINS ROADSUITE 430,CHICAGO,IL,60631,15000,GENERAL UNRESTRICTED EXEMPT PURPOSE OF ORGANIZATION,990-PF,,,intermediary_or_citywide,"review_excluded_filing: filer-address artifact: all 231 recipient rows carry the foundation's own 8765 W Higgins Rd office as the recipient address (Mayo Clinic, ASPCA, Doctors Without Borders included), so neither the Chicago city attribution nor any pin is real; FY2024 files real addresses and publishes normally",,review_excluded
Retirement Research Foundation,2023,HANUL FAMILY ALLIANCE-V,8765 W HIGGINS ROADSUITE 430,CHICAGO,IL,60631,150,GENERAL UNRESTRICTED EXEMPT PURPOSE OF ORGANIZATION,990-PF,,,intermediary_or_citywide,"review_excluded_filing: filer-address artifact: all 231 recipient rows carry the foundation's own 8765 W Higgins Rd office as the recipient address (Mayo Clinic, ASPCA, Doctors Without Borders included), so neither the Chicago city attribution nor any pin is real; FY2024 files real addresses and publishes normally",,review_excluded
Retirement Research Foundation,2023,HEALTH & MEDICINE POLICY RESEARCH GROUP,8765 W HIGGINS ROADSUITE 430,CHICAGO,IL,60631,450,GENERAL UNRESTRICTED EXEMPT PURPOSE OF ORGANIZATION,990-PF,,,intermediary_or_citywide,"review_excluded_filing: filer-address artifact: all 231 recipient rows carry the foundation's own 8765 W Higgins Rd office as the recipient address (Mayo Clinic, ASPCA, Doctors Without Borders included), so neither the Chicago city attribution nor any pin is real; FY2024 files real addresses and publishes normally",,review_excluded
Retirement Research Foundation,2023,HEALTH IN AGING FOUNDATION,8765 W HIGGINS ROADSUITE 430,CHICAGO,IL,60631,3000,GENERAL UNRESTRICTED EXEMPT PURPOSE OF ORGANIZATION,990-PF,,,intermediary_or_citywide,"review_excluded_filing: filer-address artifact: all 231 recipient rows carry the foundation's own 8765 W Higgins Rd office as the recipient address (Mayo Clinic, ASPCA, Doctors Without Borders included), so neither the Chicago city attribution nor any pin is real; FY2024 files real addresses and publishes normally",,review_excluded
Retirement Research Foundation,2023,HILLEL THE FOUNDATION FOR JEWISH CAMPUS,8765 W HIGGINS ROADSUITE 430,CHICAGO,IL,60631,300,GENERAL UNRESTRICTED EXEMPT PURPOSE OF ORGANIZATION,990-PF,,,intermediary_or_citywide,"review_excluded_filing: filer-address artifact: all 231 recipient rows carry the foundation's own 8765 W Higgins Rd office as the recipient address (Mayo Clinic, ASPCA, Doctors Without Borders included), so neither the Chicago city attribution nor any pin is real; FY2024 files real addresses and publishes normally",,review_excluded
Retirement Research Foundation,2023,HOUSING OPPORTUNITIES FOR WOMEN,8765 W HIGGINS ROADSUITE 430,CHICAGO,IL,60631,3000,GENERAL UNRESTRICTED EXEMPT PURPOSE OF ORGANIZATION,990-PF,,,intermediary_or_citywide,"review_excluded_filing: filer-address artifact: all 231 recipient rows carry the foundation's own 8765 W Higgins Rd office as the recipient address (Mayo Clinic, ASPCA, Doctors Without Borders included), so neither the Chicago city attribution nor any pin is real; FY2024 files real addresses and publishes normally",,review_excluded
Retirement Research Foundation,2023,ILLINOIS NETWORK OF CENTERS FOR INDEPENDE,8765 W HIGGINS ROADSUITE 430,CHICAGO,IL,60631,300,GENERAL UNRESTRICTED EXEMPT PURPOSE OF ORGANIZATION,990-PF,,,intermediary_or_citywide,"review_excluded_filing: filer-address artifact: all 231 recipient rows carry the foundation's own 8765 W Higgins Rd office as the recipient address (Mayo Clinic, ASPCA, Doctors Without Borders included), so neither the Chicago city attribution nor any pin is real; FY2024 files real addresses and publishes normally",,review_excluded
Retirement Research Foundation,2023,JANE ADDAMS SENIOR CAUCUS-V1,8765 W HIGGINS ROADSUITE 430,CHICAGO,IL,60631,250,GENERAL UNRESTRICTED EXEMPT PURPOSE OF ORGANIZATION,990-PF,,,intermediary_or_citywide,"review_excluded_filing: filer-address artifact: all 231 recipient rows carry the foundation's own 8765 W Higgins Rd office as the recipient address (Mayo Clinic, ASPCA, Doctors Without Borders included), so neither the Chicago city attribution nor any pin is real; FY2024 files real addresses and publishes normally",,review_excluded
Retirement Research Foundation,2023,JUVENILE DIABETES RESEARCH FOUNDATION,8765 W HIGGINS ROADSUITE 430,CHICAGO,IL,60631,180,GENERAL UNRESTRICTED EXEMPT PURPOSE OF ORGANIZATION,990-PF,,,intermediary_or_citywide,"review_excluded_filing: filer-address artifact: all 231 recipient rows carry the foundation's own 8765 W Higgins Rd office as the recipient address (Mayo Clinic, ASPCA, Doctors Without Borders included), so neither the Chicago city attribution nor any pin is real; FY2024 files real addresses and publishes normally",,review_excluded
Retirement Research Foundation,2023,LEGAL ACTION CHICAGO,8765 W HIGGINS ROADSUITE 430,CHICAGO,IL,60631,7500,GENERAL UNRESTRICTED EXEMPT PURPOSE OF ORGANIZATION,990-PF,,,intermediary_or_citywide,"review_excluded_filing: filer-address artifact: all 231 recipient rows carry the foundation's own 8765 W Higgins Rd office as the recipient address (Mayo Clinic, ASPCA, Doctors Without Borders included), so neither the Chicago city attribution nor any pin is real; FY2024 files real addresses and publishes normally",,review_excluded
Retirement Research Foundation,2023,LITTLE SISTERS OF THE POOR ST JOE'S HOM,8765 W HIGGINS ROADSUITE 430,CHICAGO,IL,60631,1900,GENERAL UNRESTRICTED EXEMPT PURPOSE OF ORGANIZATION,990-PF,,,intermediary_or_citywide,"review_excluded_filing: filer-address artifact: all 231 recipient rows carry the foundation's own 8765 W Higgins Rd office as the recipient address (Mayo Clinic, ASPCA, Doctors Without Borders included), so neither the Chicago city attribution nor any pin is real; FY2024 files real addresses and publishes normally",,review_excluded
Retirement Research Foundation,2023,LORAS COLLEGE,8765 W HIGGINS ROADSUITE 430,CHICAGO,IL,60631,7500,GENERAL UNRESTRICTED EXEMPT PURPOSE OF ORGANIZATION,990-PF,,,intermediary_or_citywide,"review_excluded_filing: filer-address artifact: all 231 recipient rows carry the foundation's own 8765 W Higgins Rd office as the recipient address (Mayo Clinic, ASPCA, Doctors Without Borders included), so neither the Chicago city attribution nor any pin is real; FY2024 files real addresses and publishes normally",,review_excluded
Retirement Research Foundation,2023,MAYO CLINIC ROCHESTER,8765 W HIGGINS ROADSUITE 430,CHICAGO,IL,60631,150,GENERAL UNRESTRICTED EXEMPT PURPOSE OF ORGANIZATION,990-PF,,,intermediary_or_citywide,"review_excluded_filing: filer-address artifact: all 231 recipient rows carry the foundation's own 8765 W Higgins Rd office as the recipient address (Mayo Clinic, ASPCA, Doctors Without Borders included), so neither the Chicago city attribution nor any pin is real; FY2024 files real addresses and publishes normally",,review_excluded
Retirement Research Foundation,2023,MAYWOOD FINE ARTS,8765 W HIGGINS ROADSUITE 430,CHICAGO,IL,60631,1500,GENERAL UNRESTRICTED EXEMPT PURPOSE OF ORGANIZATION,990-PF,,,intermediary_or_citywide,"review_excluded_filing: filer-address artifact: all 231 recipient rows carry the foundation's own 8765 W Higgins Rd office as the recipient address (Mayo Clinic, ASPCA, Doctors Without Borders included), so neither the Chicago city attribution nor any pin is real; FY2024 files real addresses and publishes normally",,review_excluded
Retirement Research Foundation,2023,MEDICAL ASSOCIATION OF GA FOUNDATION,8765 W HIGGINS ROADSUITE 430,CHICAGO,IL,60631,3000,GENERAL UNRESTRICTED EXEMPT PURPOSE OF ORGANIZATION,990-PF,,,intermediary_or_citywide,"review_excluded_filing: filer-address artifact: all 231 recipient rows carry the foundation's own 8765 W Higgins Rd office as the recipient address (Mayo Clinic, ASPCA, Doctors Without Borders included), so neither the Chicago city attribution nor any pin is real; FY2024 files real addresses and publishes normally",,review_excluded
Retirement Research Foundation,2023,MISERICORDIA HOME,8765 W HIGGINS ROADSUITE 430,CHICAGO,IL,60631,5250,GENERAL UNRESTRICTED EXEMPT PURPOSE OF ORGANIZATION,990-PF,,,intermediary_or_citywide,"review_excluded_filing: filer-address artifact: all 231 recipient rows carry the foundation's own 8765 W Higgins Rd office as the recipient address (Mayo Clinic, ASPCA, Doctors Without Borders included), so neither the Chicago city attribution nor any pin is real; FY2024 files real addresses and publishes normally",,review_excluded
Retirement Research Foundation,2023,MOREHOUSE SCHOOL OF MEDICINE,8765 W HIGGINS ROADSUITE 430,CHICAGO,IL,60631,1500,GENERAL UNRESTRICTED EXEMPT PURPOSE OF ORGANIZATION,990-PF,,,intermediary_or_citywide,"review_excluded_filing: filer-address artifact: all 231 recipient rows carry the foundation's own 8765 W Higgins Rd office as the recipient address (Mayo Clinic, ASPCA, Doctors Without Borders included), so neither the Chicago city attribution nor any pin is real; FY2024 files real addresses and publishes normally",,review_excluded
Retirement Research Foundation,2023,MY BLOCK MY HOOD MY CITY,8765 W HIGGINS ROADSUITE 430,CHICAGO,IL,60631,1500,GENERAL UNRESTRICTED EXEMPT PURPOSE OF ORGANIZATION,990-PF,,,intermediary_or_citywide,"review_excluded_filing: filer-address artifact: all 231 recipient rows carry the foundation's own 8765 W Higgins Rd office as the recipient address (Mayo Clinic, ASPCA, Doctors Without Borders included), so neither the Chicago city attribution nor any pin is real; FY2024 files real addresses and publishes normally",,review_excluded
Retirement Research Foundation,2023,NATIONAL CONSUMER LAW CENTER-V,8765 W HIGGINS ROADSUITE 430,CHICAGO,IL,60631,250,GENERAL UNRESTRICTED EXEMPT PURPOSE OF ORGANIZATION,990-PF,,,intermediary_or_citywide,"review_excluded_filing: filer-address artifact: all 231 recipient rows carry the foundation's own 8765 W Higgins Rd office as the recipient address (Mayo Clinic, ASPCA, Doctors Without Borders included), so neither the Chicago city attribution nor any pin is real; FY2024 files real addresses and publishes normally",,review_excluded
Retirement Research Foundation,2023,NATIONAL MEDICAL FELLOWSHIPS INC,8765 W HIGGINS ROADSUITE 430,CHICAGO,IL,60631,3000,GENERAL UNRESTRICTED EXEMPT PURPOSE OF ORGANIZATION,990-PF,,,intermediary_or_citywide,"review_excluded_filing: filer-address artifact: all 231 recipient rows carry the foundation's own 8765 W Higgins Rd office as the recipient address (Mayo Clinic, ASPCA, Doctors Without Borders included), so neither the Chicago city attribution nor any pin is real; FY2024 files real addresses and publishes normally",,review_excluded
Retirement Research Foundation,2023,NEW LIFE CENTERS OF CHICAGOLAND NFP,8765 W HIGGINS ROADSUITE 430,CHICAGO,IL,60631,750,GENERAL UNRESTRICTED EXEMPT PURPOSE OF ORGANIZATION,990-PF,,,intermediary_or_citywide,"review_excluded_filing: filer-address artifact: all 231 recipient rows carry the foundation's own 8765 W Higgins Rd office as the recipient address (Mayo Clinic, ASPCA, Doctors Without Borders included), so neither the Chicago city attribution nor any pin is real; FY2024 files real addresses and publishes normally",,review_excluded
Retirement Research Foundation,2023,NOTRE DAME ACADEMY,8765 W HIGGINS ROADSUITE 430,CHICAGO,IL,60631,7500,GENERAL UNRESTRICTED EXEMPT PURPOSE OF ORGANIZATION,990-PF,,,intermediary_or_citywide,"review_excluded_filing: filer-address artifact: all 231 recipient rows carry the foundation's own 8765 W Higgins Rd office as the recipient address (Mayo Clinic, ASPCA, Doctors Without Borders included), so neither the Chicago city attribution nor any pin is real; FY2024 files real addresses and publishes normally",,review_excluded
Retirement Research Foundation,2023,NOURISHING HOPE,8765 W HIGGINS ROADSUITE 430,CHICAGO,IL,60631,300,GENERAL UNRESTRICTED EXEMPT PURPOSE OF ORGANIZATION,990-PF,,,intermediary_or_citywide,"review_excluded_filing: filer-address artifact: all 231 recipient rows carry the foundation's own 8765 W Higgins Rd office as the recipient address (Mayo Clinic, ASPCA, Doctors Without Borders included), so neither the Chicago city attribution nor any pin is real; FY2024 files real addresses and publishes normally",,review_excluded
Retirement Research Foundation,2023,ORA LEE SMITH CANCER RESEARCH FOUNDATION,8765 W HIGGINS ROADSUITE 430,CHICAGO,IL,60631,3000,GENERAL UNRESTRICTED EXEMPT PURPOSE OF ORGANIZATION,990-PF,,,intermediary_or_citywide,"review_excluded_filing: filer-address artifact: all 231 recipient rows carry the foundation's own 8765 W Higgins Rd office as the recipient address (Mayo Clinic, ASPCA, Doctors Without Borders included), so neither the Chicago city attribution nor any pin is real; FY2024 files real addresses and publishes normally",,review_excluded
Retirement Research Foundation,2023,ORPHANS OF THE STORM,8765 W HIGGINS ROADSUITE 430,CHICAGO,IL,60631,150,GENERAL UNRESTRICTED EXEMPT PURPOSE OF ORGANIZATION,990-PF,,,intermediary_or_citywide,"review_excluded_filing: filer-address artifact: all 231 recipient rows carry the foundation's own 8765 W Higgins Rd office as the recipient address (Mayo Clinic, ASPCA, Doctors Without Borders included), so neither the Chicago city attribution nor any pin is real; FY2024 files real addresses and publishes normally",,review_excluded
Retirement Research Foundation,2023,PAWS CHICAGO,8765 W HIGGINS ROADSUITE 430,CHICAGO,IL,60631,300,GENERAL UNRESTRICTED EXEMPT PURPOSE OF ORGANIZATION,990-PF,,,intermediary_or_citywide,"review_excluded_filing: filer-address artifact: all 231 recipient rows carry the foundation's own 8765 W Higgins Rd office as the recipient address (Mayo Clinic, ASPCA, Doctors Without Borders included), so neither the Chicago city attribution nor any pin is real; FY2024 files real addresses and publishes normally",,review_excluded
Retirement Research Foundation,2023,PEER SERVICES INC,8765 W HIGGINS ROADSUITE 430,CHICAGO,IL,60631,3000,GENERAL UNRESTRICTED EXEMPT PURPOSE OF ORGANIZATION,990-PF,,,intermediary_or_citywide,"review_excluded_filing: filer-address artifact: all 231 recipient rows carry the foundation's own 8765 W Higgins Rd office as the recipient address (Mayo Clinic, ASPCA, Doctors Without Borders included), so neither the Chicago city attribution nor any pin is real; FY2024 files real addresses and publishes normally",,review_excluded
Retirement Research Foundation,2023,PLUS ONE ADOPTION FOUNDATION INC,8765 W HIGGINS ROADSUITE 430,CHICAGO,IL,60631,150,GENERAL UNRESTRICTED EXEMPT PURPOSE OF ORGANIZATION,990-PF,,,intermediary_or_citywide,"review_excluded_filing: filer-address artifact: all 231 recipient rows carry the foundation's own 8765 W Higgins Rd office as the recipient address (Mayo Clinic, ASPCA, Doctors Without Borders included), so neither the Chicago city attribution nor any pin is real; FY2024 files real addresses and publishes normally",,review_excluded
Retirement Research Foundation,2023,PROVIDENCE LIFE SERVICES,8765 W HIGGINS ROADSUITE 430,CHICAGO,IL,60631,1150,GENERAL UNRESTRICTED EXEMPT PURPOSE OF ORGANIZATION,990-PF,,,intermediary_or_citywide,"review_excluded_filing: filer-address artifact: all 231 recipient rows carry the foundation's own 8765 W Higgins Rd office as the recipient address (Mayo Clinic, ASPCA, Doctors Without Borders included), so neither the Chicago city attribution nor any pin is real; FY2024 files real addresses and publishes normally",,review_excluded
Retirement Research Foundation,2023,RAINBOW RAILROAD,8765 W HIGGINS ROADSUITE 430,CHICAGO,IL,60631,450,GENERAL UNRESTRICTED EXEMPT PURPOSE OF ORGANIZATION,990-PF,,,intermediary_or_citywide,"review_excluded_filing: filer-address artifact: all 231 recipient rows carry the foundation's own 8765 W Higgins Rd office as the recipient address (Mayo Clinic, ASPCA, Doctors Without Borders included), so neither the Chicago city attribution nor any pin is real; FY2024 files real addresses and publishes normally",,review_excluded
Retirement Research Foundation,2023,REMBRANDT CHAMBER PLAYERS INC,8765 W HIGGINS ROADSUITE 430,CHICAGO,IL,60631,300,GENERAL UNRESTRICTED EXEMPT PURPOSE OF ORGANIZATION,990-PF,,,intermediary_or_citywide,"review_excluded_filing: filer-address artifact: all 231 recipient rows carry the foundation's own 8765 W Higgins Rd office as the recipient address (Mayo Clinic, ASPCA, Doctors Without Borders included), so neither the Chicago city attribution nor any pin is real; FY2024 files real addresses and publishes normally",,review_excluded
Retirement Research Foundation,2023,RISE ACADEMY,8765 W HIGGINS ROADSUITE 430,CHICAGO,IL,60631,750,GENERAL UNRESTRICTED EXEMPT PURPOSE OF ORGANIZATION,990-PF,,,intermediary_or_citywide,"review_excluded_filing: filer-address artifact: all 231 recipient rows carry the foundation's own 8765 W Higgins Rd office as the recipient address (Mayo Clinic, ASPCA, Doctors Without Borders included), so neither the Chicago city attribution nor any pin is real; FY2024 files real addresses and publishes normally",,review_excluded
Retirement Research Foundation,2023,ROGER WILLIAMS UNIVERSITY,8765 W HIGGINS ROADSUITE 430,CHICAGO,IL,60631,30000,GENERAL UNRESTRICTED EXEMPT PURPOSE OF ORGANIZATION,990-PF,,,intermediary_or_citywide,"review_excluded_filing: filer-address artifact: all 231 recipient rows carry the foundation's own 8765 W Higgins Rd office as the recipient address (Mayo Clinic, ASPCA, Doctors Without Borders included), so neither the Chicago city attribution nor any pin is real; FY2024 files real addresses and publishes normally",,review_excluded
Retirement Research Foundation,2023,ROGERS PARK MONTESSORI SCHOOL,8765 W HIGGINS ROADSUITE 430,CHICAGO,IL,60631,18000,GENERAL UNRESTRICTED EXEMPT PURPOSE OF ORGANIZATION,990-PF,,,intermediary_or_citywide,"review_excluded_filing: filer-address artifact: all 231 recipient rows carry the foundation's own 8765 W Higgins Rd office as the recipient address (Mayo Clinic, ASPCA, Doctors Without Borders included), so neither the Chicago city attribution nor any pin is real; FY2024 files real addresses and publishes normally",,review_excluded
Retirement Research Foundation,2023,SANTA BARBARA INT FILM FESTIVAL,8765 W HIGGINS ROADSUITE 430,CHICAGO,IL,60631,3000,GENERAL UNRESTRICTED EXEMPT PURPOSE OF ORGANIZATION,990-PF,,,intermediary_or_citywide,"review_excluded_filing: filer-address artifact: all 231 recipient rows carry the foundation's own 8765 W Higgins Rd office as the recipient address (Mayo Clinic, ASPCA, Doctors Without Borders included), so neither the Chicago city attribution nor any pin is real; FY2024 files real addresses and publishes normally",,review_excluded
Retirement Research Foundation,2023,SARAH'S CIRCLE,8765 W HIGGINS ROADSUITE 430,CHICAGO,IL,60631,750,GENERAL UNRESTRICTED EXEMPT PURPOSE OF ORGANIZATION,990-PF,,,intermediary_or_citywide,"review_excluded_filing: filer-address artifact: all 231 recipient rows carry the foundation's own 8765 W Higgins Rd office as the recipient address (Mayo Clinic, ASPCA, Doctors Without Borders included), so neither the Chicago city attribution nor any pin is real; FY2024 files real addresses and publishes normally",,review_excluded
Retirement Research Foundation,2023,SHELDRICK WILDLIFE TRUST USA,8765 W HIGGINS ROADSUITE 430,CHICAGO,IL,60631,600,GENERAL UNRESTRICTED EXEMPT PURPOSE OF ORGANIZATION,990-PF,,,intermediary_or_citywide,"review_excluded_filing: filer-address artifact: all 231 recipient rows carry the foundation's own 8765 W Higgins Rd office as the recipient address (Mayo Clinic, ASPCA, Doctors Without Borders included), so neither the Chicago city attribution nor any pin is real; FY2024 files real addresses and publishes normally",,review_excluded
Retirement Research Foundation,2023,SHRIVER CENTER ON POVERTY LAW-V,8765 W HIGGINS ROADSUITE 430,CHICAGO,IL,60631,1650,GENERAL UNRESTRICTED EXEMPT PURPOSE OF ORGANIZATION,990-PF,,,intermediary_or_citywide,"review_excluded_filing: filer-address artifact: all 231 recipient rows carry the foundation's own 8765 W Higgins Rd office as the recipient address (Mayo Clinic, ASPCA, Doctors Without Borders included), so neither the Chicago city attribution nor any pin is real; FY2024 files real addresses and publishes normally",,review_excluded
Retirement Research Foundation,2023,SIMON WIESENTHAL CENTER,8765 W HIGGINS ROADSUITE 430,CHICAGO,IL,60631,150,GENERAL UNRESTRICTED EXEMPT PURPOSE OF ORGANIZATION,990-PF,,,intermediary_or_citywide,"review_excluded_filing: filer-address artifact: all 231 recipient rows carry the foundation's own 8765 W Higgins Rd office as the recipient address (Mayo Clinic, ASPCA, Doctors Without Borders included), so neither the Chicago city attribution nor any pin is real; FY2024 files real addresses and publishes normally",,review_excluded
Retirement Research Foundation,2023,SPRINGFIELD CENTER FOR INDEPENDENT LIVING,8765 W HIGGINS ROADSUITE 430,CHICAGO,IL,60631,450,GENERAL UNRESTRICTED EXEMPT PURPOSE OF ORGANIZATION,990-PF,,,intermediary_or_citywide,"review_excluded_filing: filer-address artifact: all 231 recipient rows carry the foundation's own 8765 W Higgins Rd office as the recipient address (Mayo Clinic, ASPCA, Doctors Without Borders included), so neither the Chicago city attribution nor any pin is real; FY2024 files real addresses and publishes normally",,review_excluded
Retirement Research Foundation,2023,ST JUDE CHILDREN'S RESEARCH HOSPITAL,8765 W HIGGINS ROADSUITE 430,CHICAGO,IL,60631,600,GENERAL UNRESTRICTED EXEMPT PURPOSE OF ORGANIZATION,990-PF,,,intermediary_or_citywide,"review_excluded_filing: filer-address artifact: all 231 recipient rows carry the foundation's own 8765 W Higgins Rd office as the recipient address (Mayo Clinic, ASPCA, Doctors Without Borders included), so neither the Chicago city attribution nor any pin is real; FY2024 files real addresses and publishes normally",,review_excluded
Retirement Research Foundation,2023,ST NORBERT & OUR LADY OF THE BROOK PAR,8765 W HIGGINS ROADSUITE 430,CHICAGO,IL,60631,6000,GENERAL UNRESTRICTED EXEMPT PURPOSE OF ORGANIZATION,990-PF,,,intermediary_or_citywide,"review_excluded_filing: filer-address artifact: all 231 recipient rows carry the foundation's own 8765 W Higgins Rd office as the recipient address (Mayo Clinic, ASPCA, Doctors Without Borders included), so neither the Chicago city attribution nor any pin is real; FY2024 files real addresses and publishes normally",,review_excluded
Retirement Research Foundation,2023,ST TERESA OF AVILA PARISH,8765 W HIGGINS ROADSUITE 430,CHICAGO,IL,60631,15000,GENERAL UNRESTRICTED EXEMPT PURPOSE OF ORGANIZATION,990-PF,,,intermediary_or_citywide,"review_excluded_filing: filer-address artifact: all 231 recipient rows carry the foundation's own 8765 W Higgins Rd office as the recipient address (Mayo Clinic, ASPCA, Doctors Without Borders included), so neither the Chicago city attribution nor any pin is real; FY2024 files real addresses and publishes normally",,review_excluded
Retirement Research Foundation,2023,ST VINCENT FERRER CHURCH,8765 W HIGGINS ROADSUITE 430,CHICAGO,IL,60631,9000,GENERAL UNRESTRICTED EXEMPT PURPOSE OF ORGANIZATION,990-PF,,,intermediary_or_citywide,"review_excluded_filing: filer-address artifact: all 231 recipient rows carry the foundation's own 8765 W Higgins Rd office as the recipient address (Mayo Clinic, ASPCA, Doctors Without Borders included), so neither the Chicago city attribution nor any pin is real; FY2024 files real addresses and publishes normally",,review_excluded
Retirement Research Foundation,2023,STEPPENWOLF THEATRE COMPANY,8765 W HIGGINS ROADSUITE 430,CHICAGO,IL,60631,1500,GENERAL UNRESTRICTED EXEMPT PURPOSE OF ORGANIZATION,990-PF,,,intermediary_or_citywide,"review_excluded_filing: filer-address artifact: all 231 recipient rows carry the foundation's own 8765 W Higgins Rd office as the recipient address (Mayo Clinic, ASPCA, Doctors Without Borders included), so neither the Chicago city attribution nor any pin is real; FY2024 files real addresses and publishes normally",,review_excluded
Retirement Research Foundation,2023,SURGE FOR WATER,8765 W HIGGINS ROADSUITE 430,CHICAGO,IL,60631,450,GENERAL UNRESTRICTED EXEMPT PURPOSE OF ORGANIZATION,990-PF,,,intermediary_or_citywide,"review_excluded_filing: filer-address artifact: all 231 recipient rows carry the foundation's own 8765 W Higgins Rd office as the recipient address (Mayo Clinic, ASPCA, Doctors Without Borders included), so neither the Chicago city attribution nor any pin is real; FY2024 files real addresses and publishes normally",,review_excluded
Retirement Research Foundation,2023,THE COLORADO COLLEGE,8765 W HIGGINS ROADSUITE 430,CHICAGO,IL,60631,3000,GENERAL UNRESTRICTED EXEMPT PURPOSE OF ORGANIZATION,990-PF,,,intermediary_or_citywide,"review_excluded_filing: filer-address artifact: all 231 recipient rows carry the foundation's own 8765 W Higgins Rd office as the recipient address (Mayo Clinic, ASPCA, Doctors Without Borders included), so neither the Chicago city attribution nor any pin is real; FY2024 files real addresses and publishes normally",,review_excluded
Retirement Research Foundation,2023,THE FREEDOM CENTER FOR SOCIAL JUSTICE,8765 W HIGGINS ROADSUITE 430,CHICAGO,IL,60631,300,GENERAL UNRESTRICTED EXEMPT PURPOSE OF ORGANIZATION,990-PF,,,intermediary_or_citywide,"review_excluded_filing: filer-address artifact: all 231 recipient rows carry the foundation's own 8765 W Higgins Rd office as the recipient address (Mayo Clinic, ASPCA, Doctors Without Borders included), so neither the Chicago city attribution nor any pin is real; FY2024 files real addresses and publishes normally",,review_excluded
Retirement Research Foundation,2023,THE PLAGIARISTS NFP,8765 W HIGGINS ROADSUITE 430,CHICAGO,IL,60631,300,GENERAL UNRESTRICTED EXEMPT PURPOSE OF ORGANIZATION,990-PF,,,intermediary_or_citywide,"review_excluded_filing: filer-address artifact: all 231 recipient rows carry the foundation's own 8765 W Higgins Rd office as the recipient address (Mayo Clinic, ASPCA, Doctors Without Borders included), so neither the Chicago city attribution nor any pin is real; FY2024 files real addresses and publishes normally",,review_excluded
Retirement Research Foundation,2023,THE RIVER FUND MAINE,8765 W HIGGINS ROADSUITE 430,CHICAGO,IL,60631,1500,GENERAL UNRESTRICTED EXEMPT PURPOSE OF ORGANIZATION,990-PF,,,intermediary_or_citywide,"review_excluded_filing: filer-address artifact: all 231 recipient rows carry the foundation's own 8765 W Higgins Rd office as the recipient address (Mayo Clinic, ASPCA, Doctors Without Borders included), so neither the Chicago city attribution nor any pin is real; FY2024 files real addresses and publishes normally",,review_excluded
Retirement Research Foundation,2023,THE VILLAGE CHICAGO,8765 W HIGGINS ROADSUITE 430,CHICAGO,IL,60631,22740,GENERAL UNRESTRICTED EXEMPT PURPOSE OF ORGANIZATION,990-PF,,,intermediary_or_citywide,"review_excluded_filing: filer-address artifact: all 231 recipient rows carry the foundation's own 8765 W Higgins Rd office as the recipient address (Mayo Clinic, ASPCA, Doctors Without Borders included), so neither the Chicago city attribution nor any pin is real; FY2024 files real addresses and publishes normally",,review_excluded
Retirement Research Foundation,2023,TIDES CENTER-V,8765 W HIGGINS ROADSUITE 430,CHICAGO,IL,60631,500,GENERAL UNRESTRICTED EXEMPT PURPOSE OF ORGANIZATION,990-PF,,,intermediary_or_citywide,"review_excluded_filing: filer-address artifact: all 231 recipient rows carry the foundation's own 8765 W Higgins Rd office as the recipient address (Mayo Clinic, ASPCA, Doctors Without Borders included), so neither the Chicago city attribution nor any pin is real; FY2024 files real addresses and publishes normally",,review_excluded
Retirement Research Foundation,2023,LIFESTYLE CHANGE,8765 W HIGGINS ROADSUITE 430,CHICAGO,IL,60631,750,GENERAL UNRESTRICTED EXEMPT PURPOSE OF ORGANIZATION,990-PF,,,intermediary_or_citywide,"review_excluded_filing: filer-address artifact: all 231 recipient rows carry the foundation's own 8765 W Higgins Rd office as the recipient address (Mayo Clinic, ASPCA, Doctors Without Borders included), so neither the Chicago city attribution nor any pin is real; FY2024 files real addresses and publishes normally",,review_excluded
Retirement Research Foundation,2023,US HOLOCAUST MEMORIAL MUSEUM,8765 W HIGGINS ROADSUITE 430,CHICAGO,IL,60631,150,GENERAL UNRESTRICTED EXEMPT PURPOSE OF ORGANIZATION,990-PF,,,intermediary_or_citywide,"review_excluded_filing: filer-address artifact: all 231 recipient rows carry the foundation's own 8765 W Higgins Rd office as the recipient address (Mayo Clinic, ASPCA, Doctors Without Borders included), so neither the Chicago city attribution nor any pin is real; FY2024 files real addresses and publishes normally",,review_excluded
Retirement Research Foundation,2023,VILLAGE OF DOMPOASE EDUCATION PROJECT,8765 W HIGGINS ROADSUITE 430,CHICAGO,IL,60631,4800,GENERAL UNRESTRICTED EXEMPT PURPOSE OF ORGANIZATION,990-PF,,,intermediary_or_citywide,"review_excluded_filing: filer-address artifact: all 231 recipient rows carry the foundation's own 8765 W Higgins Rd office as the recipient address (Mayo Clinic, ASPCA, Doctors Without Borders included), so neither the Chicago city attribution nor any pin is real; FY2024 files real addresses and publishes normally",,review_excluded
Retirement Research Foundation,2023,VOCEL,8765 W HIGGINS ROADSUITE 430,CHICAGO,IL,60631,3750,GENERAL UNRESTRICTED EXEMPT PURPOSE OF ORGANIZATION,990-PF,,,intermediary_or_citywide,"review_excluded_filing: filer-address artifact: all 231 recipient rows carry the foundation's own 8765 W Higgins Rd office as the recipient address (Mayo Clinic, ASPCA, Doctors Without Borders included), so neither the Chicago city attribution nor any pin is real; FY2024 files real addresses and publishes normally",,review_excluded
Retirement Research Foundation,2023,WALTHER CHRISTIAN ACADEMY,8765 W HIGGINS ROADSUITE 430,CHICAGO,IL,60631,750,GENERAL UNRESTRICTED EXEMPT PURPOSE OF ORGANIZATION,990-PF,,,intermediary_or_citywide,"review_excluded_filing: filer-address artifact: all 231 recipient rows carry the foundation's own 8765 W Higgins Rd office as the recipient address (Mayo Clinic, ASPCA, Doctors Without Borders included), so neither the Chicago city attribution nor any pin is real; FY2024 files real addresses and publishes normally",,review_excluded
Retirement Research Foundation,2023,WEST SUBURAN SPECIAL RECREATION FND,8765 W HIGGINS ROADSUITE 430,CHICAGO,IL,60631,2400,GENERAL UNRESTRICTED EXEMPT PURPOSE OF ORGANIZATION,990-PF,,,intermediary_or_citywide,"review_excluded_filing: filer-address artifact: all 231 recipient rows carry the foundation's own 8765 W Higgins Rd office as the recipient address (Mayo Clinic, ASPCA, Doctors Without Borders included), so neither the Chicago city attribution nor any pin is real; FY2024 files real addresses and publishes normally",,review_excluded
Retirement Research Foundation,2023,WORLD WILDLIFE FUND,8765 W HIGGINS ROADSUITE 430,CHICAGO,IL,60631,300,GENERAL UNRESTRICTED EXEMPT PURPOSE OF ORGANIZATION,990-PF,,,intermediary_or_citywide,"review_excluded_filing: filer-address artifact: all 231 recipient rows carry the foundation's own 8765 W Higgins Rd office as the recipient address (Mayo Clinic, ASPCA, Doctors Without Borders included), so neither the Chicago city attribution nor any pin is real; FY2024 files real addresses and publishes normally",,review_excluded
Retirement Research Foundation,2023,AGEOPTIONS INC,8765 W HIGGINS ROADSUITE 430,CHICAGO,IL,60631,30933,PROGRAM GRANT,990-PF,,,intermediary_or_citywide,"review_excluded_filing: filer-address artifact: all 231 recipient rows carry the foundation's own 8765 W Higgins Rd office as the recipient address (Mayo Clinic, ASPCA, Doctors Without Borders included), so neither the Chicago city attribution nor any pin is real; FY2024 files real addresses and publishes normally",,review_excluded
Retirement Research Foundation,2023,AGEOPTIONS INC,8765 W HIGGINS ROADSUITE 430,CHICAGO,IL,60631,50000,PROGRAM GRANT,990-PF,,,intermediary_or_citywide,"review_excluded_filing: filer-address artifact: all 231 recipient rows carry the foundation's own 8765 W Higgins Rd office as the recipient address (Mayo Clinic, ASPCA, Doctors Without Borders included), so neither the Chicago city attribution nor any pin is real; FY2024 files real addresses and publishes normally",,review_excluded
Retirement Research Foundation,2023,AGEOPTIONS INC,8765 W HIGGINS ROADSUITE 430,CHICAGO,IL,60631,50000,PROGRAM GRANT,990-PF,,,intermediary_or_citywide,"review_excluded_filing: filer-address artifact: all 231 recipient rows carry the foundation's own 8765 W Higgins Rd office as the recipient address (Mayo Clinic, ASPCA, Doctors Without Borders included), so neither the Chicago city attribution nor any pin is real; FY2024 files real addresses and publishes normally",,review_excluded
Retirement Research Foundation,2023,AGEOPTIONS INC,8765 W HIGGINS ROADSUITE 430,CHICAGO,IL,60631,20000,PROGRAM GRANT,990-PF,,,intermediary_or_citywide,"review_excluded_filing: filer-address artifact: all 231 recipient rows carry the foundation's own 8765 W Higgins Rd office as the recipient address (Mayo Clinic, ASPCA, Doctors Without Borders included), so neither the Chicago city attribution nor any pin is real; FY2024 files real addresses and publishes normally",,review_excluded
Retirement Research Foundation,2023,AGING CARE CONNECTIONS,8765 W HIGGINS ROADSUITE 430,CHICAGO,IL,60631,42461,PROGRAM GRANT,990-PF,,,intermediary_or_citywide,"review_excluded_filing: filer-address artifact: all 231 recipient rows carry the foundation's own 8765 W Higgins Rd office as the recipient address (Mayo Clinic, ASPCA, Doctors Without Borders included), so neither the Chicago city attribution nor any pin is real; FY2024 files real addresses and publishes normally",,review_excluded
Retirement Research Foundation,2023,ALIVIO MEDICAL CENTER,8765 W HIGGINS ROADSUITE 430,CHICAGO,IL,60631,42500,PROGRAM GRANT,990-PF,,,intermediary_or_citywide,"review_excluded_filing: filer-address artifact: all 231 recipient rows carry the foundation's own 8765 W Higgins Rd office as the recipient address (Mayo Clinic, ASPCA, Doctors Without Borders included), so neither the Chicago city attribution nor any pin is real; FY2024 files real addresses and publishes normally",,review_excluded
Retirement Research Foundation,2023,ALIVIO MEDICAL CENTER,8765 W HIGGINS ROADSUITE 430,CHICAGO,IL,60631,42500,PROGRAM GRANT,990-PF,,,intermediary_or_citywide,"review_excluded_filing: filer-address artifact: all 231 recipient rows carry the foundation's own 8765 W Higgins Rd office as the recipient address (Mayo Clinic, ASPCA, Doctors Without Borders included), so neither the Chicago city attribution nor any pin is real; FY2024 files real addresses and publishes normally",,review_excluded
Retirement Research Foundation,2023,ALLIANCE TO END HOMELESSNESS IN SUBURBAN COOK COUNTY,8765 W HIGGINS ROADSUITE 430,CHICAGO,IL,60631,25000,PROGRAM GRANT,990-PF,,,intermediary_or_citywide,"review_excluded_filing: filer-address artifact: all 231 recipient rows carry the foundation's own 8765 W Higgins Rd office as the recipient address (Mayo Clinic, ASPCA, Doctors Without Borders included), so neither the Chicago city attribution nor any pin is real; FY2024 files real addresses and publishes normally",,review_excluded
Retirement Research Foundation,2023,ALLIANCE TO END HOMELESSNESS IN SUBURBAN COOK COUNTY,8765 W HIGGINS ROADSUITE 430,CHICAGO,IL,60631,25000,PROGRAM GRANT,990-PF,,,intermediary_or_citywide,"review_excluded_filing: filer-address artifact: all 231 recipient rows carry the foundation's own 8765 W Higgins Rd office as the recipient address (Mayo Clinic, ASPCA, Doctors Without Borders included), so neither the Chicago city attribution nor any pin is real; FY2024 files real addresses and publishes normally",,review_excluded
Retirement Research Foundation,2023,AMALGAMATED CHARITABLE FOUNDATION,8765 W HIGGINS ROADSUITE 430,CHICAGO,IL,60631,62500,PROGRAM GRANT,990-PF,,,intermediary_or_citywide,"review_excluded_filing: filer-address artifact: all 231 recipient rows carry the foundation's own 8765 W Higgins Rd office as the recipient address (Mayo Clinic, ASPCA, Doctors Without Borders included), so neither the Chicago city attribution nor any pin is real; FY2024 files real addresses and publishes normally",,review_excluded
Retirement Research Foundation,2023,AMALGAMATED CHARITABLE FOUNDATION,8765 W HIGGINS ROADSUITE 430,CHICAGO,IL,60631,62500,PROGRAM GRANT,990-PF,,,intermediary_or_citywide,"review_excluded_filing: filer-address artifact: all 231 recipient rows carry the foundation's own 8765 W Higgins Rd office as the recipient address (Mayo Clinic, ASPCA, Doctors Without Borders included), so neither the Chicago city attribution nor any pin is real; FY2024 files real addresses and publishes normally",,review_excluded
Retirement Research Foundation,2023,AMERICAN SOCIETY ON AGING,8765 W HIGGINS ROADSUITE 430,CHICAGO,IL,60631,31670,PROGRAM GRANT,990-PF,,,intermediary_or_citywide,"review_excluded_filing: filer-address artifact: all 231 recipient rows carry the foundation's own 8765 W Higgins Rd office as the recipient address (Mayo Clinic, ASPCA, Doctors Without Borders included), so neither the Chicago city attribution nor any pin is real; FY2024 files real addresses and publishes normally",,review_excluded
Retirement Research Foundation,2023,AMERICAN SOCIETY ON AGING,8765 W HIGGINS ROADSUITE 430,CHICAGO,IL,60631,35363,PROGRAM GRANT,990-PF,,,intermediary_or_citywide,"review_excluded_filing: filer-address artifact: all 231 recipient rows carry the foundation's own 8765 W Higgins Rd office as the recipient address (Mayo Clinic, ASPCA, Doctors Without Borders included), so neither the Chicago city attribution nor any pin is real; FY2024 files real addresses and publishes normally",,review_excluded
Retirement Research Foundation,2023,AMERICAN SOCIETY ON AGING,8765 W HIGGINS ROADSUITE 430,CHICAGO,IL,60631,35363,PROGRAM GRANT,990-PF,,,intermediary_or_citywide,"review_excluded_filing: filer-address artifact: all 231 recipient rows carry the foundation's own 8765 W Higgins Rd office as the recipient address (Mayo Clinic, ASPCA, Doctors Without Borders included), so neither the Chicago city attribution nor any pin is real; FY2024 files real addresses and publishes normally",,review_excluded
Retirement Research Foundation,2023,BENJAMIN ROSE INSTITUTE ON AGING,8765 W HIGGINS ROADSUITE 430,CHICAGO,IL,60631,50000,PROGRAM GRANT,990-PF,,,intermediary_or_citywide,"review_excluded_filing: filer-address artifact: all 231 recipient rows carry the foundation's own 8765 W Higgins Rd office as the recipient address (Mayo Clinic, ASPCA, Doctors Without Borders included), so neither the Chicago city attribution nor any pin is real; FY2024 files real addresses and publishes normally",,review_excluded
Retirement Research Foundation,2023,BENJAMIN ROSE INSTITUTE ON AGING,8765 W HIGGINS ROADSUITE 430,CHICAGO,IL,60631,50000,PROGRAM GRANT,990-PF,,,intermediary_or_citywide,"review_excluded_filing: filer-address artifact: all 231 recipient rows carry the foundation's own 8765 W Higgins Rd office as the recipient address (Mayo Clinic, ASPCA, Doctors Without Borders included), so neither the Chicago city attribution nor any pin is real; FY2024 files real addresses and publishes normally",,review_excluded
Retirement Research Foundation,2023,BOSTON COLLEGE,8765 W HIGGINS ROADSUITE 430,CHICAGO,IL,60631,36430,PROGRAM GRANT,990-PF,,,intermediary_or_citywide,"review_excluded_filing: filer-address artifact: all 231 recipient rows carry the foundation's own 8765 W Higgins Rd office as the recipient address (Mayo Clinic, ASPCA, Doctors Without Borders included), so neither the Chicago city attribution nor any pin is real; FY2024 files real addresses and publishes normally",,review_excluded
Retirement Research Foundation,2023,CANDID,8765 W HIGGINS ROADSUITE 430,CHICAGO,IL,60631,12000,PROGRAM GRANT,990-PF,,,intermediary_or_citywide,"review_excluded_filing: filer-address artifact: all 231 recipient rows carry the foundation's own 8765 W Higgins Rd office as the recipient address (Mayo Clinic, ASPCA, Doctors Without Borders included), so neither the Chicago city attribution nor any pin is real; FY2024 files real addresses and publishes normally",,review_excluded
Retirement Research Foundation,2023,CENTER FOR DISABILITY AND ELDER LAW INC,8765 W HIGGINS ROADSUITE 430,CHICAGO,IL,60631,25000,PROGRAM GRANT,990-PF,,,intermediary_or_citywide,"review_excluded_filing: filer-address artifact: all 231 recipient rows carry the foundation's own 8765 W Higgins Rd office as the recipient address (Mayo Clinic, ASPCA, Doctors Without Borders included), so neither the Chicago city attribution nor any pin is real; FY2024 files real addresses and publishes normally",,review_excluded
Retirement Research Foundation,2023,CENTER FOR MEDICARE ADVOCACY INC,8765 W HIGGINS ROADSUITE 430,CHICAGO,IL,60631,62500,PROGRAM GRANT,990-PF,,,intermediary_or_citywide,"review_excluded_filing: filer-address artifact: all 231 recipient rows carry the foundation's own 8765 W Higgins Rd office as the recipient address (Mayo Clinic, ASPCA, Doctors Without Borders included), so neither the Chicago city attribution nor any pin is real; FY2024 files real addresses and publishes normally",,review_excluded
Retirement Research Foundation,2023,CENTER FOR MEDICARE ADVOCACY INC,8765 W HIGGINS ROADSUITE 430,CHICAGO,IL,60631,62500,PROGRAM GRANT,990-PF,,,intermediary_or_citywide,"review_excluded_filing: filer-address artifact: all 231 recipient rows carry the foundation's own 8765 W Higgins Rd office as the recipient address (Mayo Clinic, ASPCA, Doctors Without Borders included), so neither the Chicago city attribution nor any pin is real; FY2024 files real addresses and publishes normally",,review_excluded
Retirement Research Foundation,2023,CHICAGO CARES,8765 W HIGGINS ROADSUITE 430,CHICAGO,IL,60631,7500,PROGRAM GRANT,990-PF,,,intermediary_or_citywide,"review_excluded_filing: filer-address artifact: all 231 recipient rows carry the foundation's own 8765 W Higgins Rd office as the recipient address (Mayo Clinic, ASPCA, Doctors Without Borders included), so neither the Chicago city attribution nor any pin is real; FY2024 files real addresses and publishes normally",,review_excluded
Retirement Research Foundation,2023,CHICAGO HOUSE AND SOCIAL SERVICE AGENCY,8765 W HIGGINS ROADSUITE 430,CHICAGO,IL,60631,5000,PROGRAM GRANT,990-PF,,,intermediary_or_citywide,"review_excluded_filing: filer-address artifact: all 231 recipient rows carry the foundation's own 8765 W Higgins Rd office as the recipient address (Mayo Clinic, ASPCA, Doctors Without Borders included), so neither the Chicago city attribution nor any pin is real; FY2024 files real addresses and publishes normally",,review_excluded
Retirement Research Foundation,2023,COGENERATE,8765 W HIGGINS ROADSUITE 430,CHICAGO,IL,60631,62500,PROGRAM GRANT,990-PF,,,intermediary_or_citywide,"review_excluded_filing: filer-address artifact: all 231 recipient rows carry the foundation's own 8765 W Higgins Rd office as the recipient address (Mayo Clinic, ASPCA, Doctors Without Borders included), so neither the Chicago city attribution nor any pin is real; FY2024 files real addresses and publishes normally",,review_excluded
Retirement Research Foundation,2023,COGENERATE,8765 W HIGGINS ROADSUITE 430,CHICAGO,IL,60631,62500,PROGRAM GRANT,990-PF,,,intermediary_or_citywide,"review_excluded_filing: filer-address artifact: all 231 recipient rows carry the foundation's own 8765 W Higgins Rd office as the recipient address (Mayo Clinic, ASPCA, Doctors Without Borders included), so neither the Chicago city attribution nor any pin is real; FY2024 files real addresses and publishes normally",,review_excluded
Retirement Research Foundation,2023,COLUMBIA UNIVERSITY IN THE CITY OF NEW YORK,8765 W HIGGINS ROADSUITE 430,CHICAGO,IL,60631,75000,PROGRAM GRANT,990-PF,,,intermediary_or_citywide,"review_excluded_filing: filer-address artifact: all 231 recipient rows carry the foundation's own 8765 W Higgins Rd office as the recipient address (Mayo Clinic, ASPCA, Doctors Without Borders included), so neither the Chicago city attribution nor any pin is real; FY2024 files real addresses and publishes normally",,review_excluded
Retirement Research Foundation,2023,COLUMBIA UNIVERSITY IN THE CITY OF NEW YORK,8765 W HIGGINS ROADSUITE 430,CHICAGO,IL,60631,75000,PROGRAM GRANT,990-PF,,,intermediary_or_citywide,"review_excluded_filing: filer-address artifact: all 231 recipient rows carry the foundation's own 8765 W Higgins Rd office as the recipient address (Mayo Clinic, ASPCA, Doctors Without Borders included), so neither the Chicago city attribution nor any pin is real; FY2024 files real addresses and publishes normally",,review_excluded
Retirement Research Foundation,2023,COORDINATED CARE ALLIANCE,8765 W HIGGINS ROADSUITE 430,CHICAGO,IL,60631,5000,PROGRAM GRANT,990-PF,,,intermediary_or_citywide,"review_excluded_filing: filer-address artifact: all 231 recipient rows carry the foundation's own 8765 W Higgins Rd office as the recipient address (Mayo Clinic, ASPCA, Doctors Without Borders included), so neither the Chicago city attribution nor any pin is real; FY2024 files real addresses and publishes normally",,review_excluded
Retirement Research Foundation,2023,COUNCIL ON FOUNDATIONS,8765 W HIGGINS ROADSUITE 430,CHICAGO,IL,60631,10000,PROGRAM GRANT,990-PF,,,intermediary_or_citywide,"review_excluded_filing: filer-address artifact: all 231 recipient rows carry the foundation's own 8765 W Higgins Rd office as the recipient address (Mayo Clinic, ASPCA, Doctors Without Borders included), so neither the Chicago city attribution nor any pin is real; FY2024 files real addresses and publishes normally",,review_excluded
Retirement Research Foundation,2023,CYBER-SENIORS,8765 W HIGGINS ROADSUITE 430,CHICAGO,IL,60631,40099,PROGRAM GRANT,990-PF,,,intermediary_or_citywide,"review_excluded_filing: filer-address artifact: all 231 recipient rows carry the foundation's own 8765 W Higgins Rd office as the recipient address (Mayo Clinic, ASPCA, Doctors Without Borders included), so neither the Chicago city attribution nor any pin is real; FY2024 files real addresses and publishes normally",,review_excluded
Retirement Research Foundation,2023,CYBER-SENIORS,8765 W HIGGINS ROADSUITE 430,CHICAGO,IL,60631,40099,PROGRAM GRANT,990-PF,,,intermediary_or_citywide,"review_excluded_filing: filer-address artifact: all 231 recipient rows carry the foundation's own 8765 W Higgins Rd office as the recipient address (Mayo Clinic, ASPCA, Doctors Without Borders included), so neither the Chicago city attribution nor any pin is real; FY2024 files real addresses and publishes normally",,review_excluded
Retirement Research Foundation,2023,DARTMOUTH-HITCHCOCK CLINIC,8765 W HIGGINS ROADSUITE 430,CHICAGO,IL,60631,52362,PROGRAM GRANT,990-PF,,,intermediary_or_citywide,"review_excluded_filing: filer-address artifact: all 231 recipient rows carry the foundation's own 8765 W Higgins Rd office as the recipient address (Mayo Clinic, ASPCA, Doctors Without Borders included), so neither the Chicago city attribution nor any pin is real; FY2024 files real addresses and publishes normally",,review_excluded
Retirement Research Foundation,2023,DARTMOUTH-HITCHCOCK CLINIC,8765 W HIGGINS ROADSUITE 430,CHICAGO,IL,60631,52363,PROGRAM GRANT,990-PF,,,intermediary_or_citywide,"review_excluded_filing: filer-address artifact: all 231 recipient rows carry the foundation's own 8765 W Higgins Rd office as the recipient address (Mayo Clinic, ASPCA, Doctors Without Borders included), so neither the Chicago city attribution nor any pin is real; FY2024 files real addresses and publishes normally",,review_excluded
Retirement Research Foundation,2023,ELEVATE BRANSON,8765 W HIGGINS ROADSUITE 430,CHICAGO,IL,60631,20000,PROGRAM GRANT,990-PF,,,intermediary_or_citywide,"review_excluded_filing: filer-address artifact: all 231 recipient rows carry the foundation's own 8765 W Higgins Rd office as the recipient address (Mayo Clinic, ASPCA, Doctors Without Borders included), so neither the Chicago city attribution nor any pin is real; FY2024 files real addresses and publishes normally",,review_excluded
Retirement Research Foundation,2023,ESPERANZA HEALTH CENTERS,8765 W HIGGINS ROADSUITE 430,CHICAGO,IL,60631,50000,PROGRAM GRANT,990-PF,,,intermediary_or_citywide,"review_excluded_filing: filer-address artifact: all 231 recipient rows carry the foundation's own 8765 W Higgins Rd office as the recipient address (Mayo Clinic, ASPCA, Doctors Without Borders included), so neither the Chicago city attribution nor any pin is real; FY2024 files real addresses and publishes normally",,review_excluded
Retirement Research Foundation,2023,FOREFRONT,8765 W HIGGINS ROADSUITE 430,CHICAGO,IL,60631,19203,PROGRAM GRANT,990-PF,,,intermediary_or_citywide,"review_excluded_filing: filer-address artifact: all 231 recipient rows carry the foundation's own 8765 W Higgins Rd office as the recipient address (Mayo Clinic, ASPCA, Doctors Without Borders included), so neither the Chicago city attribution nor any pin is real; FY2024 files real addresses and publishes normally",,review_excluded
Retirement Research Foundation,2023,FOREFRONT,8765 W HIGGINS ROADSUITE 430,CHICAGO,IL,60631,10000,PROGRAM GRANT,990-PF,,,intermediary_or_citywide,"review_excluded_filing: filer-address artifact: all 231 recipient rows carry the foundation's own 8765 W Higgins Rd office as the recipient address (Mayo Clinic, ASPCA, Doctors Without Borders included), so neither the Chicago city attribution nor any pin is real; FY2024 files real addresses and publishes normally",,review_excluded
Retirement Research Foundation,2023,GEORGE MASON UNIVERSITY,8765 W HIGGINS ROADSUITE 430,CHICAGO,IL,60631,45000,PROGRAM GRANT,990-PF,,,intermediary_or_citywide,"review_excluded_filing: filer-address artifact: all 231 recipient rows carry the foundation's own 8765 W Higgins Rd office as the recipient address (Mayo Clinic, ASPCA, Doctors Without Borders included), so neither the Chicago city attribution nor any pin is real; FY2024 files real addresses and publishes normally",,review_excluded
Retirement Research Foundation,2023,GEORGE MASON UNIVERSITY,8765 W HIGGINS ROADSUITE 430,CHICAGO,IL,60631,44995,PROGRAM GRANT,990-PF,,,intermediary_or_citywide,"review_excluded_filing: filer-address artifact: all 231 recipient rows carry the foundation's own 8765 W Higgins Rd office as the recipient address (Mayo Clinic, ASPCA, Doctors Without Borders included), so neither the Chicago city attribution nor any pin is real; FY2024 files real addresses and publishes normally",,review_excluded
Retirement Research Foundation,2023,GRANTMAKERS IN AGING,8765 W HIGGINS ROADSUITE 430,CHICAGO,IL,60631,10000,PROGRAM GRANT,990-PF,,,intermediary_or_citywide,"review_excluded_filing: filer-address artifact: all 231 recipient rows carry the foundation's own 8765 W Higgins Rd office as the recipient address (Mayo Clinic, ASPCA, Doctors Without Borders included), so neither the Chicago city attribution nor any pin is real; FY2024 files real addresses and publishes normally",,review_excluded
Retirement Research Foundation,2023,GRANTMAKERS IN AGING,8765 W HIGGINS ROADSUITE 430,CHICAGO,IL,60631,70605,PROGRAM GRANT,990-PF,,,intermediary_or_citywide,"review_excluded_filing: filer-address artifact: all 231 recipient rows carry the foundation's own 8765 W Higgins Rd office as the recipient address (Mayo Clinic, ASPCA, Doctors Without Borders included), so neither the Chicago city attribution nor any pin is real; FY2024 files real addresses and publishes normally",,review_excluded
Retirement Research Foundation,2023,GRANTMAKERS IN AGING,8765 W HIGGINS ROADSUITE 430,CHICAGO,IL,60631,10000,PROGRAM GRANT,990-PF,,,intermediary_or_citywide,"review_excluded_filing: filer-address artifact: all 231 recipient rows carry the foundation's own 8765 W Higgins Rd office as the recipient address (Mayo Clinic, ASPCA, Doctors Without Borders included), so neither the Chicago city attribution nor any pin is real; FY2024 files real addresses and publishes normally",,review_excluded
Retirement Research Foundation,2023,GRANTMAKERS IN HEALTH,8765 W HIGGINS ROADSUITE 430,CHICAGO,IL,60631,5125,PROGRAM GRANT,990-PF,,,intermediary_or_citywide,"review_excluded_filing: filer-address artifact: all 231 recipient rows carry the foundation's own 8765 W Higgins Rd office as the recipient address (Mayo Clinic, ASPCA, Doctors Without Borders included), so neither the Chicago city attribution nor any pin is real; FY2024 files real addresses and publishes normally",,review_excluded
Retirement Research Foundation,2023,HABITAT FOR HUMANITY INTERNATIONAL,8765 W HIGGINS ROADSUITE 430,CHICAGO,IL,60631,50000,PROGRAM GRANT,990-PF,,,intermediary_or_citywide,"review_excluded_filing: filer-address artifact: all 231 recipient rows carry the foundation's own 8765 W Higgins Rd office as the recipient address (Mayo Clinic, ASPCA, Doctors Without Borders included), so neither the Chicago city attribution nor any pin is real; FY2024 files real addresses and publishes normally",,review_excluded
Retirement Research Foundation,2023,HABITAT FOR HUMANITY INTERNATIONAL,8765 W HIGGINS ROADSUITE 430,CHICAGO,IL,60631,50000,PROGRAM GRANT,990-PF,,,intermediary_or_citywide,"review_excluded_filing: filer-address artifact: all 231 recipient rows carry the foundation's own 8765 W Higgins Rd office as the recipient address (Mayo Clinic, ASPCA, Doctors Without Borders included), so neither the Chicago city attribution nor any pin is real; FY2024 files real addresses and publishes normally",,review_excluded
Retirement Research Foundation,2023,HARMONY COMMUNITY CARES NFP,8765 W HIGGINS ROADSUITE 430,CHICAGO,IL,60631,30000,PROGRAM GRANT,990-PF,,,intermediary_or_citywide,"review_excluded_filing: filer-address artifact: all 231 recipient rows carry the foundation's own 8765 W Higgins Rd office as the recipient address (Mayo Clinic, ASPCA, Doctors Without Borders included), so neither the Chicago city attribution nor any pin is real; FY2024 files real addresses and publishes normally",,review_excluded
Retirement Research Foundation,2023,HEALTH AND MEDICINE POLICY RESEARCH GROUP,8765 W HIGGINS ROADSUITE 430,CHICAGO,IL,60631,87500,PROGRAM GRANT,990-PF,,,intermediary_or_citywide,"review_excluded_filing: filer-address artifact: all 231 recipient rows carry the foundation's own 8765 W Higgins Rd office as the recipient address (Mayo Clinic, ASPCA, Doctors Without Borders included), so neither the Chicago city attribution nor any pin is real; FY2024 files real addresses and publishes normally",,review_excluded
Retirement Research Foundation,2023,HEALTH AND MEDICINE POLICY RESEARCH GROUP,8765 W HIGGINS ROADSUITE 430,CHICAGO,IL,60631,87500,PROGRAM GRANT,990-PF,,,intermediary_or_citywide,"review_excluded_filing: filer-address artifact: all 231 recipient rows carry the foundation's own 8765 W Higgins Rd office as the recipient address (Mayo Clinic, ASPCA, Doctors Without Borders included), so neither the Chicago city attribution nor any pin is real; FY2024 files real addresses and publishes normally",,review_excluded
Retirement Research Foundation,2023,ILLINOIS LEGAL AID ONLINE,8765 W HIGGINS ROADSUITE 430,CHICAGO,IL,60631,22500,PROGRAM GRANT,990-PF,,,intermediary_or_citywide,"review_excluded_filing: filer-address artifact: all 231 recipient rows carry the foundation's own 8765 W Higgins Rd office as the recipient address (Mayo Clinic, ASPCA, Doctors Without Borders included), so neither the Chicago city attribution nor any pin is real; FY2024 files real addresses and publishes normally",,review_excluded
Retirement Research Foundation,2023,ILLINOIS LEGAL AID ONLINE,8765 W HIGGINS ROADSUITE 430,CHICAGO,IL,60631,22500,PROGRAM GRANT,990-PF,,,intermediary_or_citywide,"review_excluded_filing: filer-address artifact: all 231 recipient rows carry the foundation's own 8765 W Higgins Rd office as the recipient address (Mayo Clinic, ASPCA, Doctors Without Borders included), so neither the Chicago city attribution nor any pin is real; FY2024 files real addresses and publishes normally",,review_excluded
Retirement Research Foundation,2023,ILLINOIS PARTNERS FOR HUMAN SERVICE,8765 W HIGGINS ROADSUITE 430,CHICAGO,IL,60631,125000,PROGRAM GRANT,990-PF,,,intermediary_or_citywide,"review_excluded_filing: filer-address artifact: all 231 recipient rows carry the foundation's own 8765 W Higgins Rd office as the recipient address (Mayo Clinic, ASPCA, Doctors Without Borders included), so neither the Chicago city attribution nor any pin is real; FY2024 files real addresses and publishes normally",,review_excluded
Retirement Research Foundation,2023,ILLINOIS PUBLIC HEALTH INSTITUTE,8765 W HIGGINS ROADSUITE 430,CHICAGO,IL,60631,45000,PROGRAM GRANT,990-PF,,,intermediary_or_citywide,"review_excluded_filing: filer-address artifact: all 231 recipient rows carry the foundation's own 8765 W Higgins Rd office as the recipient address (Mayo Clinic, ASPCA, Doctors Without Borders included), so neither the Chicago city attribution nor any pin is real; FY2024 files real addresses and publishes normally",,review_excluded
Retirement Research Foundation,2023,INJUSTICE WATCH NFP,8765 W HIGGINS ROADSUITE 430,CHICAGO,IL,60631,50000,PROGRAM GRANT,990-PF,,,intermediary_or_citywide,"review_excluded_filing: filer-address artifact: all 231 recipient rows carry the foundation's own 8765 W Higgins Rd office as the recipient address (Mayo Clinic, ASPCA, Doctors Without Borders included), so neither the Chicago city attribution nor any pin is real; FY2024 files real addresses and publishes normally",,review_excluded
Retirement Research Foundation,2023,INJUSTICE WATCH NFP,8765 W HIGGINS ROADSUITE 430,CHICAGO,IL,60631,50000,PROGRAM GRANT,990-PF,,,intermediary_or_citywide,"review_excluded_filing: filer-address artifact: all 231 recipient rows carry the foundation's own 8765 W Higgins Rd office as the recipient address (Mayo Clinic, ASPCA, Doctors Without Borders included), so neither the Chicago city attribution nor any pin is real; FY2024 files real addresses and publishes normally",,review_excluded
Retirement Research Foundation,2023,INNER CITY COMPUTER STARS FOUNDATION DBA ICSTARS,8765 W HIGGINS ROADSUITE 430,CHICAGO,IL,60631,15000,PROGRAM GRANT,990-PF,,,intermediary_or_citywide,"review_excluded_filing: filer-address artifact: all 231 recipient rows carry the foundation's own 8765 W Higgins Rd office as the recipient address (Mayo Clinic, ASPCA, Doctors Without Borders included), so neither the Chicago city attribution nor any pin is real; FY2024 files real addresses and publishes normally",,review_excluded
Retirement Research Foundation,2023,INNOVATION DEVELOPMENT INSTITUTE DBA MATTER CHICAGO,8765 W HIGGINS ROADSUITE 430,CHICAGO,IL,60631,50000,PROGRAM GRANT,990-PF,,,intermediary_or_citywide,"review_excluded_filing: filer-address artifact: all 231 recipient rows carry the foundation's own 8765 W Higgins Rd office as the recipient address (Mayo Clinic, ASPCA, Doctors Without Borders included), so neither the Chicago city attribution nor any pin is real; FY2024 files real addresses and publishes normally",,review_excluded
Retirement Research Foundation,2023,INNOVATION DEVELOPMENT INSTITUTE DBA MATTER CHICAGO,8765 W HIGGINS ROADSUITE 430,CHICAGO,IL,60631,50000,PROGRAM GRANT,990-PF,,,intermediary_or_citywide,"review_excluded_filing: filer-address artifact: all 231 recipient rows carry the foundation's own 8765 W Higgins Rd office as the recipient address (Mayo Clinic, ASPCA, Doctors Without Borders included), so neither the Chicago city attribution nor any pin is real; FY2024 files real addresses and publishes normally",,review_excluded
Retirement Research Foundation,2023,INNOVATION DEVELOPMENT INSTITUTE DBA MATTER CHICAGO,8765 W HIGGINS ROADSUITE 430,CHICAGO,IL,60631,60000,PROGRAM GRANT,990-PF,,,intermediary_or_citywide,"review_excluded_filing: filer-address artifact: all 231 recipient rows carry the foundation's own 8765 W Higgins Rd office as the recipient address (Mayo Clinic, ASPCA, Doctors Without Borders included), so neither the Chicago city attribution nor any pin is real; FY2024 files real addresses and publishes normally",,review_excluded
Retirement Research Foundation,2023,JANE ADDAMS SENIOR CAUCUS,8765 W HIGGINS ROADSUITE 430,CHICAGO,IL,60631,25000,PROGRAM GRANT,990-PF,,,intermediary_or_citywide,"review_excluded_filing: filer-address artifact: all 231 recipient rows carry the foundation's own 8765 W Higgins Rd office as the recipient address (Mayo Clinic, ASPCA, Doctors Without Borders included), so neither the Chicago city attribution nor any pin is real; FY2024 files real addresses and publishes normally",,review_excluded
Retirement Research Foundation,2023,JUSTICE IN AGING,8765 W HIGGINS ROADSUITE 430,CHICAGO,IL,60631,50000,PROGRAM GRANT,990-PF,,,intermediary_or_citywide,"review_excluded_filing: filer-address artifact: all 231 recipient rows carry the foundation's own 8765 W Higgins Rd office as the recipient address (Mayo Clinic, ASPCA, Doctors Without Borders included), so neither the Chicago city attribution nor any pin is real; FY2024 files real addresses and publishes normally",,review_excluded
Retirement Research Foundation,2023,KINGDOM HOUSE (DBA LIFEWISE STL),8765 W HIGGINS ROADSUITE 430,CHICAGO,IL,60631,60000,PROGRAM GRANT,990-PF,,,intermediary_or_citywide,"review_excluded_filing: filer-address artifact: all 231 recipient rows carry the foundation's own 8765 W Higgins Rd office as the recipient address (Mayo Clinic, ASPCA, Doctors Without Borders included), so neither the Chicago city attribution nor any pin is real; FY2024 files real addresses and publishes normally",,review_excluded
Retirement Research Foundation,2023,LATINO ALZHEIMER'S AND MEMORY DISORDERS ALLIANCE,8765 W HIGGINS ROADSUITE 430,CHICAGO,IL,60631,50000,PROGRAM GRANT,990-PF,,,intermediary_or_citywide,"review_excluded_filing: filer-address artifact: all 231 recipient rows carry the foundation's own 8765 W Higgins Rd office as the recipient address (Mayo Clinic, ASPCA, Doctors Without Borders included), so neither the Chicago city attribution nor any pin is real; FY2024 files real addresses and publishes normally",,review_excluded
Retirement Research Foundation,2023,LEGAL ACTION CENTER OF THE CITY OF NEW YORK INC,8765 W HIGGINS ROADSUITE 430,CHICAGO,IL,60631,75000,PROGRAM GRANT,990-PF,,,intermediary_or_citywide,"review_excluded_filing: filer-address artifact: all 231 recipient rows carry the foundation's own 8765 W Higgins Rd office as the recipient address (Mayo Clinic, ASPCA, Doctors Without Borders included), so neither the Chicago city attribution nor any pin is real; FY2024 files real addresses and publishes normally",,review_excluded
Retirement Research Foundation,2023,LEGAL COUNCIL FOR HEALTH JUSTICE,8765 W HIGGINS ROADSUITE 430,CHICAGO,IL,60631,50000,PROGRAM GRANT,990-PF,,,intermediary_or_citywide,"review_excluded_filing: filer-address artifact: all 231 recipient rows carry the foundation's own 8765 W Higgins Rd office as the recipient address (Mayo Clinic, ASPCA, Doctors Without Borders included), so neither the Chicago city attribution nor any pin is real; FY2024 files real addresses and publishes normally",,review_excluded
Retirement Research Foundation,2023,LEGAL COUNCIL FOR HEALTH JUSTICE,8765 W HIGGINS ROADSUITE 430,CHICAGO,IL,60631,15000,PROGRAM GRANT,990-PF,,,intermediary_or_citywide,"review_excluded_filing: filer-address artifact: all 231 recipient rows carry the foundation's own 8765 W Higgins Rd office as the recipient address (Mayo Clinic, ASPCA, Doctors Without Borders included), so neither the Chicago city attribution nor any pin is real; FY2024 files real addresses and publishes normally",,review_excluded
Retirement Research Foundation,2023,LITTLE SISTERS OF THE POOR ST JOSEPH'S HOME FOR THE ELDERLY,8765 W HIGGINS ROADSUITE 430,CHICAGO,IL,60631,35000,PROGRAM GRANT,990-PF,,,intermediary_or_citywide,"review_excluded_filing: filer-address artifact: all 231 recipient rows carry the foundation's own 8765 W Higgins Rd office as the recipient address (Mayo Clinic, ASPCA, Doctors Without Borders included), so neither the Chicago city attribution nor any pin is real; FY2024 files real addresses and publishes normally",,review_excluded
Retirement Research Foundation,2023,LOYOLA UNIVERSITY OF CHICAGO,8765 W HIGGINS ROADSUITE 430,CHICAGO,IL,60631,45025,PROGRAM GRANT,990-PF,,,intermediary_or_citywide,"review_excluded_filing: filer-address artifact: all 231 recipient rows carry the foundation's own 8765 W Higgins Rd office as the recipient address (Mayo Clinic, ASPCA, Doctors Without Borders included), so neither the Chicago city attribution nor any pin is real; FY2024 files real addresses and publishes normally",,review_excluded
Retirement Research Foundation,2023,LOYOLA UNIVERSITY OF CHICAGO,8765 W HIGGINS ROADSUITE 430,CHICAGO,IL,60631,45000,PROGRAM GRANT,990-PF,,,intermediary_or_citywide,"review_excluded_filing: filer-address artifact: all 231 recipient rows carry the foundation's own 8765 W Higgins Rd office as the recipient address (Mayo Clinic, ASPCA, Doctors Without Borders included), so neither the Chicago city attribution nor any pin is real; FY2024 files real addresses and publishes normally",,review_excluded
Retirement Research Foundation,2023,MASSACHUSETTS GENERAL HOSPITAL,8765 W HIGGINS ROADSUITE 430,CHICAGO,IL,60631,86658,PROGRAM GRANT,990-PF,,,intermediary_or_citywide,"review_excluded_filing: filer-address artifact: all 231 recipient rows carry the foundation's own 8765 W Higgins Rd office as the recipient address (Mayo Clinic, ASPCA, Doctors Without Borders included), so neither the Chicago city attribution nor any pin is real; FY2024 files real addresses and publishes normally",,review_excluded
Retirement Research Foundation,2023,MASSACHUSETTS GENERAL HOSPITAL,8765 W HIGGINS ROADSUITE 430,CHICAGO,IL,60631,86658,PROGRAM GRANT,990-PF,,,intermediary_or_citywide,"review_excluded_filing: filer-address artifact: all 231 recipient rows carry the foundation's own 8765 W Higgins Rd office as the recipient address (Mayo Clinic, ASPCA, Doctors Without Borders included), so neither the Chicago city attribution nor any pin is real; FY2024 files real addresses and publishes normally",,review_excluded
Retirement Research Foundation,2023,MEALS AT HOME DBA MEALS ON WHEELS NORTHEASTERN ILLINOIS,8765 W HIGGINS ROADSUITE 430,CHICAGO,IL,60631,50000,PROGRAM GRANT,990-PF,,,intermediary_or_citywide,"review_excluded_filing: filer-address artifact: all 231 recipient rows carry the foundation's own 8765 W Higgins Rd office as the recipient address (Mayo Clinic, ASPCA, Doctors Without Borders included), so neither the Chicago city attribution nor any pin is real; FY2024 files real addresses and publishes normally",,review_excluded
Retirement Research Foundation,2023,MEDICARE RIGHTS CENTER,8765 W HIGGINS ROADSUITE 430,CHICAGO,IL,60631,62500,PROGRAM GRANT,990-PF,,,intermediary_or_citywide,"review_excluded_filing: filer-address artifact: all 231 recipient rows carry the foundation's own 8765 W Higgins Rd office as the recipient address (Mayo Clinic, ASPCA, Doctors Without Borders included), so neither the Chicago city attribution nor any pin is real; FY2024 files real addresses and publishes normally",,review_excluded
Retirement Research Foundation,2023,MEDICARE RIGHTS CENTER,8765 W HIGGINS ROADSUITE 430,CHICAGO,IL,60631,62500,PROGRAM GRANT,990-PF,,,intermediary_or_citywide,"review_excluded_filing: filer-address artifact: all 231 recipient rows carry the foundation's own 8765 W Higgins Rd office as the recipient address (Mayo Clinic, ASPCA, Doctors Without Borders included), so neither the Chicago city attribution nor any pin is real; FY2024 files real addresses and publishes normally",,review_excluded
Retirement Research Foundation,2023,MEMORIAL SLOAN KETTERING CANCER CENTER,8765 W HIGGINS ROADSUITE 430,CHICAGO,IL,60631,61302,PROGRAM GRANT,990-PF,,,intermediary_or_citywide,"review_excluded_filing: filer-address artifact: all 231 recipient rows carry the foundation's own 8765 W Higgins Rd office as the recipient address (Mayo Clinic, ASPCA, Doctors Without Borders included), so neither the Chicago city attribution nor any pin is real; FY2024 files real addresses and publishes normally",,review_excluded
Retirement Research Foundation,2023,MEMORIAL SLOAN KETTERING CANCER CENTER,8765 W HIGGINS ROADSUITE 430,CHICAGO,IL,60631,300,PROGRAM GRANT,990-PF,,,intermediary_or_citywide,"review_excluded_filing: filer-address artifact: all 231 recipient rows carry the foundation's own 8765 W Higgins Rd office as the recipient address (Mayo Clinic, ASPCA, Doctors Without Borders included), so neither the Chicago city attribution nor any pin is real; FY2024 files real addresses and publishes normally",,review_excluded
Retirement Research Foundation,2023,MEMORIAL SLOAN KETTERING CANCER CENTER,8765 W HIGGINS ROADSUITE 430,CHICAGO,IL,60631,61602,PROGRAM GRANT,990-PF,,,intermediary_or_citywide,"review_excluded_filing: filer-address artifact: all 231 recipient rows carry the foundation's own 8765 W Higgins Rd office as the recipient address (Mayo Clinic, ASPCA, Doctors Without Borders included), so neither the Chicago city attribution nor any pin is real; FY2024 files real addresses and publishes normally",,review_excluded
Retirement Research Foundation,2023,METROPOLITAN MAYORS CAUCUS FOUNDATION,8765 W HIGGINS ROADSUITE 430,CHICAGO,IL,60631,55000,PROGRAM GRANT,990-PF,,,intermediary_or_citywide,"review_excluded_filing: filer-address artifact: all 231 recipient rows carry the foundation's own 8765 W Higgins Rd office as the recipient address (Mayo Clinic, ASPCA, Doctors Without Borders included), so neither the Chicago city attribution nor any pin is real; FY2024 files real addresses and publishes normally",,review_excluded
Retirement Research Foundation,2023,METROPOLITAN MAYORS CAUCUS FOUNDATION,8765 W HIGGINS ROADSUITE 430,CHICAGO,IL,60631,55000,PROGRAM GRANT,990-PF,,,intermediary_or_citywide,"review_excluded_filing: filer-address artifact: all 231 recipient rows carry the foundation's own 8765 W Higgins Rd office as the recipient address (Mayo Clinic, ASPCA, Doctors Without Borders included), so neither the Chicago city attribution nor any pin is real; FY2024 files real addresses and publishes normally",,review_excluded
Retirement Research Foundation,2023,MIAMI UNIVERSITY SCRIPPS GERONTOLOGY CENTER,8765 W HIGGINS ROADSUITE 430,CHICAGO,IL,60631,54758,PROGRAM GRANT,990-PF,,,intermediary_or_citywide,"review_excluded_filing: filer-address artifact: all 231 recipient rows carry the foundation's own 8765 W Higgins Rd office as the recipient address (Mayo Clinic, ASPCA, Doctors Without Borders included), so neither the Chicago city attribution nor any pin is real; FY2024 files real addresses and publishes normally",,review_excluded
Retirement Research Foundation,2023,MIAMI UNIVERSITY SCRIPPS GERONTOLOGY CENTER,8765 W HIGGINS ROADSUITE 430,CHICAGO,IL,60631,54758,PROGRAM GRANT,990-PF,,,intermediary_or_citywide,"review_excluded_filing: filer-address artifact: all 231 recipient rows carry the foundation's own 8765 W Higgins Rd office as the recipient address (Mayo Clinic, ASPCA, Doctors Without Borders included), so neither the Chicago city attribution nor any pin is real; FY2024 files real addresses and publishes normally",,review_excluded
Retirement Research Foundation,2023,MIAMI UNIVERSITY SCRIPPS GERONTOLOGY CENTER,8765 W HIGGINS ROADSUITE 430,CHICAGO,IL,60631,82000,PROGRAM GRANT,990-PF,,,intermediary_or_citywide,"review_excluded_filing: filer-address artifact: all 231 recipient rows carry the foundation's own 8765 W Higgins Rd office as the recipient address (Mayo Clinic, ASPCA, Doctors Without Borders included), so neither the Chicago city attribution nor any pin is real; FY2024 files real addresses and publishes normally",,review_excluded
Retirement Research Foundation,2023,MID-FLORIDA AREA AGENCY ON AGING INC DBA ELDER OPTIONS,8765 W HIGGINS ROADSUITE 430,CHICAGO,IL,60631,52161,PROGRAM GRANT,990-PF,,,intermediary_or_citywide,"review_excluded_filing: filer-address artifact: all 231 recipient rows carry the foundation's own 8765 W Higgins Rd office as the recipient address (Mayo Clinic, ASPCA, Doctors Without Borders included), so neither the Chicago city attribution nor any pin is real; FY2024 files real addresses and publishes normally",,review_excluded
Retirement Research Foundation,2023,MID-FLORIDA AREA AGENCY ON AGING INC DBA ELDER OPTIONS,8765 W HIGGINS ROADSUITE 430,CHICAGO,IL,60631,52069,PROGRAM GRANT,990-PF,,,intermediary_or_citywide,"review_excluded_filing: filer-address artifact: all 231 recipient rows carry the foundation's own 8765 W Higgins Rd office as the recipient address (Mayo Clinic, ASPCA, Doctors Without Borders included), so neither the Chicago city attribution nor any pin is real; FY2024 files real addresses and publishes normally",,review_excluded
Retirement Research Foundation,2023,MISSOURI COUNCIL ON AGING,8765 W HIGGINS ROADSUITE 430,CHICAGO,IL,60631,50000,PROGRAM GRANT,990-PF,,,intermediary_or_citywide,"review_excluded_filing: filer-address artifact: all 231 recipient rows carry the foundation's own 8765 W Higgins Rd office as the recipient address (Mayo Clinic, ASPCA, Doctors Without Borders included), so neither the Chicago city attribution nor any pin is real; FY2024 files real addresses and publishes normally",,review_excluded
Retirement Research Foundation,2023,NATIONAL ABLE NETWORK,8765 W HIGGINS ROADSUITE 430,CHICAGO,IL,60631,24398,PROGRAM GRANT,990-PF,,,intermediary_or_citywide,"review_excluded_filing: filer-address artifact: all 231 recipient rows carry the foundation's own 8765 W Higgins Rd office as the recipient address (Mayo Clinic, ASPCA, Doctors Without Borders included), so neither the Chicago city attribution nor any pin is real; FY2024 files real addresses and publishes normally",,review_excluded
Retirement Research Foundation,2023,NATIONAL ALLIANCE TO END HOMELESSNESS,8765 W HIGGINS ROADSUITE 430,CHICAGO,IL,60631,55464,PROGRAM GRANT,990-PF,,,intermediary_or_citywide,"review_excluded_filing: filer-address artifact: all 231 recipient rows carry the foundation's own 8765 W Higgins Rd office as the recipient address (Mayo Clinic, ASPCA, Doctors Without Borders included), so neither the Chicago city attribution nor any pin is real; FY2024 files real addresses and publishes normally",,review_excluded
Retirement Research Foundation,2023,NATIONAL ALLIANCE TO END HOMELESSNESS,8765 W HIGGINS ROADSUITE 430,CHICAGO,IL,60631,55463,PROGRAM GRANT,990-PF,,,intermediary_or_citywide,"review_excluded_filing: filer-address artifact: all 231 recipient rows carry the foundation's own 8765 W Higgins Rd office as the recipient address (Mayo Clinic, ASPCA, Doctors Without Borders included), so neither the Chicago city attribution nor any pin is real; FY2024 files real addresses and publishes normally",,review_excluded
Retirement Research Foundation,2023,NATIONAL CONSUMER LAW CENTER,8765 W HIGGINS ROADSUITE 430,CHICAGO,IL,60631,48731,PROGRAM GRANT,990-PF,,,intermediary_or_citywide,"review_excluded_filing: filer-address artifact: all 231 recipient rows carry the foundation's own 8765 W Higgins Rd office as the recipient address (Mayo Clinic, ASPCA, Doctors Without Borders included), so neither the Chicago city attribution nor any pin is real; FY2024 files real addresses and publishes normally",,review_excluded
Retirement Research Foundation,2023,NATIONAL CONSUMER LAW CENTER,8765 W HIGGINS ROADSUITE 430,CHICAGO,IL,60631,48730,PROGRAM GRANT,990-PF,,,intermediary_or_citywide,"review_excluded_filing: filer-address artifact: all 231 recipient rows carry the foundation's own 8765 W Higgins Rd office as the recipient address (Mayo Clinic, ASPCA, Doctors Without Borders included), so neither the Chicago city attribution nor any pin is real; FY2024 files real addresses and publishes normally",,review_excluded
Retirement Research Foundation,2023,NATIONAL COUNCIL ON AGING INC,8765 W HIGGINS ROADSUITE 430,CHICAGO,IL,60631,87500,PROGRAM GRANT,990-PF,,,intermediary_or_citywide,"review_excluded_filing: filer-address artifact: all 231 recipient rows carry the foundation's own 8765 W Higgins Rd office as the recipient address (Mayo Clinic, ASPCA, Doctors Without Borders included), so neither the Chicago city attribution nor any pin is real; FY2024 files real addresses and publishes normally",,review_excluded
Retirement Research Foundation,2023,NATIONAL COUNCIL ON AGING INC,8765 W HIGGINS ROADSUITE 430,CHICAGO,IL,60631,87500,PROGRAM GRANT,990-PF,,,intermediary_or_citywide,"review_excluded_filing: filer-address artifact: all 231 recipient rows carry the foundation's own 8765 W Higgins Rd office as the recipient address (Mayo Clinic, ASPCA, Doctors Without Borders included), so neither the Chicago city attribution nor any pin is real; FY2024 files real addresses and publishes normally",,review_excluded
Retirement Research Foundation,2023,NATIONAL DOMESTIC WORKERS ALLIANCE,8765 W HIGGINS ROADSUITE 430,CHICAGO,IL,60631,50000,PROGRAM GRANT,990-PF,,,intermediary_or_citywide,"review_excluded_filing: filer-address artifact: all 231 recipient rows carry the foundation's own 8765 W Higgins Rd office as the recipient address (Mayo Clinic, ASPCA, Doctors Without Borders included), so neither the Chicago city attribution nor any pin is real; FY2024 files real addresses and publishes normally",,review_excluded
Retirement Research Foundation,2023,NATIONAL DOMESTIC WORKERS ALLIANCE,8765 W HIGGINS ROADSUITE 430,CHICAGO,IL,60631,50000,PROGRAM GRANT,990-PF,,,intermediary_or_citywide,"review_excluded_filing: filer-address artifact: all 231 recipient rows carry the foundation's own 8765 W Higgins Rd office as the recipient address (Mayo Clinic, ASPCA, Doctors Without Borders included), so neither the Chicago city attribution nor any pin is real; FY2024 files real addresses and publishes normally",,review_excluded
Retirement Research Foundation,2023,NATIONAL WELL HOME NETWORK,8765 W HIGGINS ROADSUITE 430,CHICAGO,IL,60631,42500,PROGRAM GRANT,990-PF,,,intermediary_or_citywide,"review_excluded_filing: filer-address artifact: all 231 recipient rows carry the foundation's own 8765 W Higgins Rd office as the recipient address (Mayo Clinic, ASPCA, Doctors Without Borders included), so neither the Chicago city attribution nor any pin is real; FY2024 files real addresses and publishes normally",,review_excluded
Retirement Research Foundation,2023,NATIONAL WELL HOME NETWORK,8765 W HIGGINS ROADSUITE 430,CHICAGO,IL,60631,42500,PROGRAM GRANT,990-PF,,,intermediary_or_citywide,"review_excluded_filing: filer-address artifact: all 231 recipient rows carry the foundation's own 8765 W Higgins Rd office as the recipient address (Mayo Clinic, ASPCA, Doctors Without Borders included), so neither the Chicago city attribution nor any pin is real; FY2024 files real addresses and publishes normally",,review_excluded
Retirement Research Foundation,2023,NEW AMERICA FOUNDATION,8765 W HIGGINS ROADSUITE 430,CHICAGO,IL,60631,38025,PROGRAM GRANT,990-PF,,,intermediary_or_citywide,"review_excluded_filing: filer-address artifact: all 231 recipient rows carry the foundation's own 8765 W Higgins Rd office as the recipient address (Mayo Clinic, ASPCA, Doctors Without Borders included), so neither the Chicago city attribution nor any pin is real; FY2024 files real addresses and publishes normally",,review_excluded
Retirement Research Foundation,2023,NORTHEASTERN ILLINOIS UNIVERSITY,8765 W HIGGINS ROADSUITE 430,CHICAGO,IL,60631,58333,PROGRAM GRANT,990-PF,,,intermediary_or_citywide,"review_excluded_filing: filer-address artifact: all 231 recipient rows carry the foundation's own 8765 W Higgins Rd office as the recipient address (Mayo Clinic, ASPCA, Doctors Without Borders included), so neither the Chicago city attribution nor any pin is real; FY2024 files real addresses and publishes normally",,review_excluded
Retirement Research Foundation,2023,OLDER ADULTS TECHNOLOGY SERVICES INC,8765 W HIGGINS ROADSUITE 430,CHICAGO,IL,60631,125000,PROGRAM GRANT,990-PF,,,intermediary_or_citywide,"review_excluded_filing: filer-address artifact: all 231 recipient rows carry the foundation's own 8765 W Higgins Rd office as the recipient address (Mayo Clinic, ASPCA, Doctors Without Borders included), so neither the Chicago city attribution nor any pin is real; FY2024 files real addresses and publishes normally",,review_excluded
Retirement Research Foundation,2023,PENSION RIGHTS CENTER,8765 W HIGGINS ROADSUITE 430,CHICAGO,IL,60631,62500,PROGRAM GRANT,990-PF,,,intermediary_or_citywide,"review_excluded_filing: filer-address artifact: all 231 recipient rows carry the foundation's own 8765 W Higgins Rd office as the recipient address (Mayo Clinic, ASPCA, Doctors Without Borders included), so neither the Chicago city attribution nor any pin is real; FY2024 files real addresses and publishes normally",,review_excluded
Retirement Research Foundation,2023,PENSION RIGHTS CENTER,8765 W HIGGINS ROADSUITE 430,CHICAGO,IL,60631,62500,PROGRAM GRANT,990-PF,,,intermediary_or_citywide,"review_excluded_filing: filer-address artifact: all 231 recipient rows carry the foundation's own 8765 W Higgins Rd office as the recipient address (Mayo Clinic, ASPCA, Doctors Without Borders included), so neither the Chicago city attribution nor any pin is real; FY2024 files real addresses and publishes normally",,review_excluded
Retirement Research Foundation,2023,PHILANTHROPY MISSOURI,8765 W HIGGINS ROADSUITE 430,CHICAGO,IL,60631,25000,PROGRAM GRANT,990-PF,,,intermediary_or_citywide,"review_excluded_filing: filer-address artifact: all 231 recipient rows carry the foundation's own 8765 W Higgins Rd office as the recipient address (Mayo Clinic, ASPCA, Doctors Without Borders included), so neither the Chicago city attribution nor any pin is real; FY2024 files real addresses and publishes normally",,review_excluded
Retirement Research Foundation,2023,PHILANTHROPY MISSOURI,8765 W HIGGINS ROADSUITE 430,CHICAGO,IL,60631,25000,PROGRAM GRANT,990-PF,,,intermediary_or_citywide,"review_excluded_filing: filer-address artifact: all 231 recipient rows carry the foundation's own 8765 W Higgins Rd office as the recipient address (Mayo Clinic, ASPCA, Doctors Without Borders included), so neither the Chicago city attribution nor any pin is real; FY2024 files real addresses and publishes normally",,review_excluded
Retirement Research Foundation,2023,PRO BONO NET INC,8765 W HIGGINS ROADSUITE 430,CHICAGO,IL,60631,35000,PROGRAM GRANT,990-PF,,,intermediary_or_citywide,"review_excluded_filing: filer-address artifact: all 231 recipient rows carry the foundation's own 8765 W Higgins Rd office as the recipient address (Mayo Clinic, ASPCA, Doctors Without Borders included), so neither the Chicago city attribution nor any pin is real; FY2024 files real addresses and publishes normally",,review_excluded
Retirement Research Foundation,2023,PRO BONO NET INC,8765 W HIGGINS ROADSUITE 430,CHICAGO,IL,60631,30000,PROGRAM GRANT,990-PF,,,intermediary_or_citywide,"review_excluded_filing: filer-address artifact: all 231 recipient rows carry the foundation's own 8765 W Higgins Rd office as the recipient address (Mayo Clinic, ASPCA, Doctors Without Borders included), so neither the Chicago city attribution nor any pin is real; FY2024 files real addresses and publishes normally",,review_excluded
Retirement Research Foundation,2023,PRO BONO NET INC,8765 W HIGGINS ROADSUITE 430,CHICAGO,IL,60631,35000,PROGRAM GRANT,990-PF,,,intermediary_or_citywide,"review_excluded_filing: filer-address artifact: all 231 recipient rows carry the foundation's own 8765 W Higgins Rd office as the recipient address (Mayo Clinic, ASPCA, Doctors Without Borders included), so neither the Chicago city attribution nor any pin is real; FY2024 files real addresses and publishes normally",,review_excluded
Retirement Research Foundation,2023,ROGER WILLIAMS UNIVERSITY,8765 W HIGGINS ROADSUITE 430,CHICAGO,IL,60631,75000,PROGRAM GRANT,990-PF,,,intermediary_or_citywide,"review_excluded_filing: filer-address artifact: all 231 recipient rows carry the foundation's own 8765 W Higgins Rd office as the recipient address (Mayo Clinic, ASPCA, Doctors Without Borders included), so neither the Chicago city attribution nor any pin is real; FY2024 files real addresses and publishes normally",,review_excluded
Retirement Research Foundation,2023,SAGE,8765 W HIGGINS ROADSUITE 430,CHICAGO,IL,60631,40000,PROGRAM GRANT,990-PF,,,intermediary_or_citywide,"review_excluded_filing: filer-address artifact: all 231 recipient rows carry the foundation's own 8765 W Higgins Rd office as the recipient address (Mayo Clinic, ASPCA, Doctors Without Borders included), so neither the Chicago city attribution nor any pin is real; FY2024 files real addresses and publishes normally",,review_excluded
Retirement Research Foundation,2023,SAGE,8765 W HIGGINS ROADSUITE 430,CHICAGO,IL,60631,40000,PROGRAM GRANT,990-PF,,,intermediary_or_citywide,"review_excluded_filing: filer-address artifact: all 231 recipient rows carry the foundation's own 8765 W Higgins Rd office as the recipient address (Mayo Clinic, ASPCA, Doctors Without Borders included), so neither the Chicago city attribution nor any pin is real; FY2024 files real addresses and publishes normally",,review_excluded
Retirement Research Foundation,2023,SAGE,8765 W HIGGINS ROADSUITE 430,CHICAGO,IL,60631,50000,PROGRAM GRANT,990-PF,,,intermediary_or_citywide,"review_excluded_filing: filer-address artifact: all 231 recipient rows carry the foundation's own 8765 W Higgins Rd office as the recipient address (Mayo Clinic, ASPCA, Doctors Without Borders included), so neither the Chicago city attribution nor any pin is real; FY2024 files real addresses and publishes normally",,review_excluded
Retirement Research Foundation,2023,SAGE,8765 W HIGGINS ROADSUITE 430,CHICAGO,IL,60631,50000,PROGRAM GRANT,990-PF,,,intermediary_or_citywide,"review_excluded_filing: filer-address artifact: all 231 recipient rows carry the foundation's own 8765 W Higgins Rd office as the recipient address (Mayo Clinic, ASPCA, Doctors Without Borders included), so neither the Chicago city attribution nor any pin is real; FY2024 files real addresses and publishes normally",,review_excluded
Retirement Research Foundation,2023,SERVING OLDER ADULTS OF SOUTHEAST WISCONSIN INC,8765 W HIGGINS ROADSUITE 430,CHICAGO,IL,60631,30525,PROGRAM GRANT,990-PF,,,intermediary_or_citywide,"review_excluded_filing: filer-address artifact: all 231 recipient rows carry the foundation's own 8765 W Higgins Rd office as the recipient address (Mayo Clinic, ASPCA, Doctors Without Borders included), so neither the Chicago city attribution nor any pin is real; FY2024 files real addresses and publishes normally",,review_excluded
Retirement Research Foundation,2023,SHRIVER CENTER ON POVERTY LAW,8765 W HIGGINS ROADSUITE 430,CHICAGO,IL,60631,50000,PROGRAM GRANT,990-PF,,,intermediary_or_citywide,"review_excluded_filing: filer-address artifact: all 231 recipient rows carry the foundation's own 8765 W Higgins Rd office as the recipient address (Mayo Clinic, ASPCA, Doctors Without Borders included), so neither the Chicago city attribution nor any pin is real; FY2024 files real addresses and publishes normally",,review_excluded
Retirement Research Foundation,2023,SHRIVER CENTER ON POVERTY LAW,8765 W HIGGINS ROADSUITE 430,CHICAGO,IL,60631,35000,PROGRAM GRANT,990-PF,,,intermediary_or_citywide,"review_excluded_filing: filer-address artifact: all 231 recipient rows carry the foundation's own 8765 W Higgins Rd office as the recipient address (Mayo Clinic, ASPCA, Doctors Without Borders included), so neither the Chicago city attribution nor any pin is real; FY2024 files real addresses and publishes normally",,review_excluded
Retirement Research Foundation,2023,SMALL BUSINESS MAJORITY FOUNDATION INC,8765 W HIGGINS ROADSUITE 430,CHICAGO,IL,60631,40000,PROGRAM GRANT,990-PF,,,intermediary_or_citywide,"review_excluded_filing: filer-address artifact: all 231 recipient rows carry the foundation's own 8765 W Higgins Rd office as the recipient address (Mayo Clinic, ASPCA, Doctors Without Borders included), so neither the Chicago city attribution nor any pin is real; FY2024 files real addresses and publishes normally",,review_excluded
Retirement Research Foundation,2023,SOUTHWEST ORGANIZING PROJECT,8765 W HIGGINS ROADSUITE 430,CHICAGO,IL,60631,37500,PROGRAM GRANT,990-PF,,,intermediary_or_citywide,"review_excluded_filing: filer-address artifact: all 231 recipient rows carry the foundation's own 8765 W Higgins Rd office as the recipient address (Mayo Clinic, ASPCA, Doctors Without Borders included), so neither the Chicago city attribution nor any pin is real; FY2024 files real addresses and publishes normally",,review_excluded
Retirement Research Foundation,2023,TENANT EDUCATION NETWORK,8765 W HIGGINS ROADSUITE 430,CHICAGO,IL,60631,25000,PROGRAM GRANT,990-PF,,,intermediary_or_citywide,"review_excluded_filing: filer-address artifact: all 231 recipient rows carry the foundation's own 8765 W Higgins Rd office as the recipient address (Mayo Clinic, ASPCA, Doctors Without Borders included), so neither the Chicago city attribution nor any pin is real; FY2024 files real addresses and publishes normally",,review_excluded
Retirement Research Foundation,2023,THE GERONTOLOGICAL SOCIETY OF AMERICA,8765 W HIGGINS ROADSUITE 430,CHICAGO,IL,60631,50000,PROGRAM GRANT,990-PF,,,intermediary_or_citywide,"review_excluded_filing: filer-address artifact: all 231 recipient rows carry the foundation's own 8765 W Higgins Rd office as the recipient address (Mayo Clinic, ASPCA, Doctors Without Borders included), so neither the Chicago city attribution nor any pin is real; FY2024 files real addresses and publishes normally",,review_excluded
Retirement Research Foundation,2023,THE GERONTOLOGICAL SOCIETY OF AMERICA,8765 W HIGGINS ROADSUITE 430,CHICAGO,IL,60631,50000,PROGRAM GRANT,990-PF,,,intermediary_or_citywide,"review_excluded_filing: filer-address artifact: all 231 recipient rows carry the foundation's own 8765 W Higgins Rd office as the recipient address (Mayo Clinic, ASPCA, Doctors Without Borders included), so neither the Chicago city attribution nor any pin is real; FY2024 files real addresses and publishes normally",,review_excluded
Retirement Research Foundation,2023,THE JEWISH FEDERATIONS OF NORTH AMERICA INC,8765 W HIGGINS ROADSUITE 430,CHICAGO,IL,60631,50000,PROGRAM GRANT,990-PF,,,intermediary_or_citywide,"review_excluded_filing: filer-address artifact: all 231 recipient rows carry the foundation's own 8765 W Higgins Rd office as the recipient address (Mayo Clinic, ASPCA, Doctors Without Borders included), so neither the Chicago city attribution nor any pin is real; FY2024 files real addresses and publishes normally",,review_excluded
Retirement Research Foundation,2023,THE NEW SCHOOL,8765 W HIGGINS ROADSUITE 430,CHICAGO,IL,60631,50000,PROGRAM GRANT,990-PF,,,intermediary_or_citywide,"review_excluded_filing: filer-address artifact: all 231 recipient rows carry the foundation's own 8765 W Higgins Rd office as the recipient address (Mayo Clinic, ASPCA, Doctors Without Borders included), so neither the Chicago city attribution nor any pin is real; FY2024 files real addresses and publishes normally",,review_excluded
Retirement Research Foundation,2023,THE UNIVERSITY OF TEXAS FOUNDATION INC,8765 W HIGGINS ROADSUITE 430,CHICAGO,IL,60631,72310,PROGRAM GRANT,990-PF,,,intermediary_or_citywide,"review_excluded_filing: filer-address artifact: all 231 recipient rows carry the foundation's own 8765 W Higgins Rd office as the recipient address (Mayo Clinic, ASPCA, Doctors Without Borders included), so neither the Chicago city attribution nor any pin is real; FY2024 files real addresses and publishes normally",,review_excluded
Retirement Research Foundation,2023,THE VILLAGE CHICAGO,8765 W HIGGINS ROADSUITE 430,CHICAGO,IL,60631,50000,PROGRAM GRANT,990-PF,,,intermediary_or_citywide,"review_excluded_filing: filer-address artifact: all 231 recipient rows carry the foundation's own 8765 W Higgins Rd office as the recipient address (Mayo Clinic, ASPCA, Doctors Without Borders included), so neither the Chicago city attribution nor any pin is real; FY2024 files real addresses and publishes normally",,review_excluded
Retirement Research Foundation,2023,THIRD SECTOR NEW ENGLAND INC,8765 W HIGGINS ROADSUITE 430,CHICAGO,IL,60631,28080,PROGRAM GRANT,990-PF,,,intermediary_or_citywide,"review_excluded_filing: filer-address artifact: all 231 recipient rows carry the foundation's own 8765 W Higgins Rd office as the recipient address (Mayo Clinic, ASPCA, Doctors Without Borders included), so neither the Chicago city attribution nor any pin is real; FY2024 files real addresses and publishes normally",,review_excluded
Retirement Research Foundation,2023,TIDES CENTER,8765 W HIGGINS ROADSUITE 430,CHICAGO,IL,60631,65000,PROGRAM GRANT,990-PF,,,intermediary_or_citywide,"review_excluded_filing: filer-address artifact: all 231 recipient rows carry the foundation's own 8765 W Higgins Rd office as the recipient address (Mayo Clinic, ASPCA, Doctors Without Borders included), so neither the Chicago city attribution nor any pin is real; FY2024 files real addresses and publishes normally",,review_excluded
Retirement Research Foundation,2023,TIDES CENTER,8765 W HIGGINS ROADSUITE 430,CHICAGO,IL,60631,65000,PROGRAM GRANT,990-PF,,,intermediary_or_citywide,"review_excluded_filing: filer-address artifact: all 231 recipient rows carry the foundation's own 8765 W Higgins Rd office as the recipient address (Mayo Clinic, ASPCA, Doctors Without Borders included), so neither the Chicago city attribution nor any pin is real; FY2024 files real addresses and publishes normally",,review_excluded
Retirement Research Foundation,2023,UNITED COMMUNITY CENTER INC,8765 W HIGGINS ROADSUITE 430,CHICAGO,IL,60631,50000,PROGRAM GRANT,990-PF,,,intermediary_or_citywide,"review_excluded_filing: filer-address artifact: all 231 recipient rows carry the foundation's own 8765 W Higgins Rd office as the recipient address (Mayo Clinic, ASPCA, Doctors Without Borders included), so neither the Chicago city attribution nor any pin is real; FY2024 files real addresses and publishes normally",,review_excluded
Retirement Research Foundation,2023,UNIVERSITY OF CHICAGO,8765 W HIGGINS ROADSUITE 430,CHICAGO,IL,60631,40000,PROGRAM GRANT,990-PF,,,intermediary_or_citywide,"review_excluded_filing: filer-address artifact: all 231 recipient rows carry the foundation's own 8765 W Higgins Rd office as the recipient address (Mayo Clinic, ASPCA, Doctors Without Borders included), so neither the Chicago city attribution nor any pin is real; FY2024 files real addresses and publishes normally",,review_excluded
Retirement Research Foundation,2023,UNIVERSITY OF CHICAGO,8765 W HIGGINS ROADSUITE 430,CHICAGO,IL,60631,40000,PROGRAM GRANT,990-PF,,,intermediary_or_citywide,"review_excluded_filing: filer-address artifact: all 231 recipient rows carry the foundation's own 8765 W Higgins Rd office as the recipient address (Mayo Clinic, ASPCA, Doctors Without Borders included), so neither the Chicago city attribution nor any pin is real; FY2024 files real addresses and publishes normally",,review_excluded
Retirement Research Foundation,2023,UNIVERSITY OF IOWA,8765 W HIGGINS ROADSUITE 430,CHICAGO,IL,60631,62500,PROGRAM GRANT,990-PF,,,intermediary_or_citywide,"review_excluded_filing: filer-address artifact: all 231 recipient rows carry the foundation's own 8765 W Higgins Rd office as the recipient address (Mayo Clinic, ASPCA, Doctors Without Borders included), so neither the Chicago city attribution nor any pin is real; FY2024 files real addresses and publishes normally",,review_excluded
Retirement Research Foundation,2023,UNIVERSITY OF IOWA,8765 W HIGGINS ROADSUITE 430,CHICAGO,IL,60631,62500,PROGRAM GRANT,990-PF,,,intermediary_or_citywide,"review_excluded_filing: filer-address artifact: all 231 recipient rows carry the foundation's own 8765 W Higgins Rd office as the recipient address (Mayo Clinic, ASPCA, Doctors Without Borders included), so neither the Chicago city attribution nor any pin is real; FY2024 files real addresses and publishes normally",,review_excluded
Retirement Research Foundation,2023,UNIVERSITY OF MASSACHUSETTS BOSTON,8765 W HIGGINS ROADSUITE 430,CHICAGO,IL,60631,38476,PROGRAM GRANT,990-PF,,,intermediary_or_citywide,"review_excluded_filing: filer-address artifact: all 231 recipient rows carry the foundation's own 8765 W Higgins Rd office as the recipient address (Mayo Clinic, ASPCA, Doctors Without Borders included), so neither the Chicago city attribution nor any pin is real; FY2024 files real addresses and publishes normally",,review_excluded
Retirement Research Foundation,2023,UNIVERSITY OF MASSACHUSETTS BOSTON,8765 W HIGGINS ROADSUITE 430,CHICAGO,IL,60631,25000,PROGRAM GRANT,990-PF,,,intermediary_or_citywide,"review_excluded_filing: filer-address artifact: all 231 recipient rows carry the foundation's own 8765 W Higgins Rd office as the recipient address (Mayo Clinic, ASPCA, Doctors Without Borders included), so neither the Chicago city attribution nor any pin is real; FY2024 files real addresses and publishes normally",,review_excluded
Retirement Research Foundation,2023,UNIVERSITY OF MASSACHUSETTS BOSTON,8765 W HIGGINS ROADSUITE 430,CHICAGO,IL,60631,50000,PROGRAM GRANT,990-PF,,,intermediary_or_citywide,"review_excluded_filing: filer-address artifact: all 231 recipient rows carry the foundation's own 8765 W Higgins Rd office as the recipient address (Mayo Clinic, ASPCA, Doctors Without Borders included), so neither the Chicago city attribution nor any pin is real; FY2024 files real addresses and publishes normally",,review_excluded
Retirement Research Foundation,2023,UNIVERSITY OF RHODE ISLAND,8765 W HIGGINS ROADSUITE 430,CHICAGO,IL,60631,50000,PROGRAM GRANT,990-PF,,,intermediary_or_citywide,"review_excluded_filing: filer-address artifact: all 231 recipient rows carry the foundation's own 8765 W Higgins Rd office as the recipient address (Mayo Clinic, ASPCA, Doctors Without Borders included), so neither the Chicago city attribution nor any pin is real; FY2024 files real addresses and publishes normally",,review_excluded
Retirement Research Foundation,2023,UNIVERSITY OF RHODE ISLAND,8765 W HIGGINS ROADSUITE 430,CHICAGO,IL,60631,50000,PROGRAM GRANT,990-PF,,,intermediary_or_citywide,"review_excluded_filing: filer-address artifact: all 231 recipient rows carry the foundation's own 8765 W Higgins Rd office as the recipient address (Mayo Clinic, ASPCA, Doctors Without Borders included), so neither the Chicago city attribution nor any pin is real; FY2024 files real addresses and publishes normally",,review_excluded
Retirement Research Foundation,2023,WEST CENTRAL GEORGIA CANCER COALITION,8765 W HIGGINS ROADSUITE 430,CHICAGO,IL,60631,50000,PROGRAM GRANT,990-PF,,,intermediary_or_citywide,"review_excluded_filing: filer-address artifact: all 231 recipient rows carry the foundation's own 8765 W Higgins Rd office as the recipient address (Mayo Clinic, ASPCA, Doctors Without Borders included), so neither the Chicago city attribution nor any pin is real; FY2024 files real addresses and publishes normally",,review_excluded
Retirement Research Foundation,2023,WISCONSIN INSTITUTE FOR HEALTHY AGING,8765 W HIGGINS ROADSUITE 430,CHICAGO,IL,60631,49940,PROGRAM GRANT,990-PF,,,intermediary_or_citywide,"review_excluded_filing: filer-address artifact: all 231 recipient rows carry the foundation's own 8765 W Higgins Rd office as the recipient address (Mayo Clinic, ASPCA, Doctors Without Borders included), so neither the Chicago city attribution nor any pin is real; FY2024 files real addresses and publishes normally",,review_excluded
Coleman Foundation INC,2021,Matching Gifts - Details Available upon request,651 W Washington Boulevard,CHICAGO,IL,60661,45131,Program Support,990-PF,,,intermediary_or_citywide,"review_excluded_row: unitemized matching-gift pool at the foundation's own address — the 'available upon request' placeholder family, not a grant to that address",,review_excluded
Coleman Foundation INC,2022,Matching Gifts - Details available upon request,651 W Washington Boulevard Suite,CHICAGO,IL,606612134,177508,Program Support,990-PF,,,intermediary_or_citywide,"review_excluded_row: unitemized matching-gift pool at the foundation's own address — the 'available upon request' placeholder family, not a grant to that address",,review_excluded
Coleman Foundation INC,2023,Matching Gifts - Details available upon request,20 North Wacker Drive,CHICAGO,IL,60606,86822,Program Support,990-PF,,,intermediary_or_citywide,"review_excluded_row: unitemized matching-gift pool at the foundation's own address — the 'available upon request' placeholder family, not a grant to that address",,review_excluded
Coleman Foundation INC,2024,Matching Gifts - Details available upon request,651 W Washington Boulevard Suite,CHICAGO,IL,60661,116508,Program Support,990-PF,,,intermediary_or_citywide,"review_excluded_row: unitemized matching-gift pool at the foundation's own address — the 'available upon request' placeholder family, not a grant to that address",,review_excluded
William Blair & Company Foundation,2021,SEE ATTACHED LISTING,VARIOUS,CHICAGO,IL,60606,3221235.0,GENERAL PURPOSES,990-PF,,,intermediary_or_citywide,aggregate_only_no_itemization,202211299349102891,known_attachment_gap
William Blair & Company Foundation,2022,SEE ATTACHED LISTING,VARIOUS,CHICAGO,IL,60606,2667996.0,GENERAL PURPOSES,990-PF,,,intermediary_or_citywide,aggregate_only_no_itemization,202331819349100903,known_attachment_gap
William Blair & Company Foundation,2023,SEE ATTACHED LISTING,VARIOUS,CHICAGO,IL,60606,2900941.0,GENERAL PURPOSES,990-PF,,,intermediary_or_citywide,aggregate_only_no_itemization,202411599349100111,known_attachment_gap
William Blair & Company Foundation,2024,SEE ATTACHED LISTING,VARIOUS,CHICAGO,IL,60606,2089332.0,GENERAL PURPOSES,990-PF,,,intermediary_or_citywide,aggregate_only_no_itemization,202521329349102192,known_attachment_gap
Malott Family Foundation,2021,DEANE AND JILL MALOTT FAMILY FUND,333 N MICHIGAN AVENUE STE 3100,CHICAGO,IL,60601,300000,COMMUNITY,990-PF,,,intermediary_or_citywide,review_excluded_row: transfer into the officers' own donor-advised vehicle at the family-office address; ultimate grantees and geography unknowable from the filing,,review_excluded
Malott Family Foundation,2021,KIZZIAH FAMILY FUND,333 N MICHIGAN AVENUE STE 3100,CHICAGO,IL,60601,300000,COMMUNITY,990-PF,,,intermediary_or_citywide,review_excluded_row: transfer into the officers' own donor-advised vehicle at the family-office address; ultimate grantees and geography unknowable from the filing,,review_excluded
Malott Family Foundation,2021,POHLE FAMILY FUND,333 N MICHIGAN AVENUE STE 3100,CHICAGO,IL,60601,300000,COMMUNITY,990-PF,,,intermediary_or_citywide,review_excluded_row: transfer into the officers' own donor-advised vehicle at the family-office address; ultimate grantees and geography unknowable from the filing,,review_excluded
Malott Family Foundation,2022,DEANE AND JILL MALOTT FAMILY FUND,333 N MICHIGAN AVENUE STE 3100,CHICAGO,IL,60601,400000,COMMUNITY,990-PF,,,intermediary_or_citywide,review_excluded_row: transfer into the officers' own donor-advised vehicle at the family-office address; ultimate grantees and geography unknowable from the filing,,review_excluded
Malott Family Foundation,2022,KIZZIAH FAMILY FUND,333 N MICHIGAN AVENUE STE 3100,CHICAGO,IL,60601,400000,COMMUNITY,990-PF,,,intermediary_or_citywide,review_excluded_row: transfer into the officers' own donor-advised vehicle at the family-office address; ultimate grantees and geography unknowable from the filing,,review_excluded
Malott Family Foundation,2022,POHLE FAMILY FOUNDATION CHARITABLE GIVING,333 N MICHIGAN AVENUE STE 3100,CHICAGO,IL,60601,400000,COMMUNITY,990-PF,,,intermediary_or_citywide,review_excluded_row: transfer into the officers' own donor-advised vehicle at the family-office address; ultimate grantees and geography unknowable from the filing,,review_excluded
Malott Family Foundation,2023,KIZZIAH FAMILY FUND,333 N MICHIGAN AVENUE STE 3100,CHICAGO,IL,60601,400000,COMMUNITY,990-PF,,,intermediary_or_citywide,review_excluded_row: transfer into the officers' own donor-advised vehicle at the family-office address; ultimate grantees and geography unknowable from the filing,,review_excluded
Malott Family Foundation,2023,POHLE FAMILY FOUNDATION CHARITABLE GIVING,333 N MICHIGAN AVENUE STE 3100,CHICAGO,IL,60601,380000,COMMUNITY,990-PF,,,intermediary_or_citywide,review_excluded_row: transfer into the officers' own donor-advised vehicle at the family-office address; ultimate grantees and geography unknowable from the filing,,review_excluded
Malott Family Foundation,2023,MALOTT FAMILY FUND CHARITABLE GIVING ACCOUNT,333 N MICHIGAN AVENUE STE 3100,CHICAGO,IL,60601,495000,COMMUNITY,990-PF,,,intermediary_or_citywide,review_excluded_row: transfer into the officers' own donor-advised vehicle at the family-office address; ultimate grantees and geography unknowable from the filing,,review_excluded
Malott Family Foundation,2024,KIZZIAH FAMILY DONOR ADVISED FUND,333 N MICHIGAN AVENUE STE 3100,CHICAGO,IL,60601,400000,COMMUNITY,990-PF,,,intermediary_or_citywide,review_excluded_row: transfer into the officers' own donor-advised vehicle at the family-office address; ultimate grantees and geography unknowable from the filing,,review_excluded
Malott Family Foundation,2024,MALOTT FAMILY DONOR ADVISED FUND CHARITABLE GIVING ACCT,333 N MICHIGAN AVENUE STE 3100,CHICAGO,IL,60601,400000,COMMUNITY,990-PF,,,intermediary_or_citywide,review_excluded_row: transfer into the officers' own donor-advised vehicle at the family-office address; ultimate grantees and geography unknowable from the filing,,review_excluded
Malott Family Foundation,2024,POHLE FAMILY FOUNDATION CHARITABLE GIVING FUND,333 N MICHIGAN AVENUE STE 3100,CHICAGO,IL,60601,400000,COMMUNITY,990-PF,,,intermediary_or_citywide,review_excluded_row: transfer into the officers' own donor-advised vehicle at the family-office address; ultimate grantees and geography unknowable from the filing,,review_excluded
McDougal Family Foundation,2021,SEE ATTACHED SCHEDULE,125 S CLARK ST 16TH FLOOR,CHICAGO,IL,60603,3065000.0,GENERAL,990-PF,,,intermediary_or_citywide,aggregate_only_no_itemization,202203189349100635,known_attachment_gap
McDougal Family Foundation,2022,SEE ATTACHED SCHEDULE,24 E WASHINGTON STE 875,CHICAGO,IL,60602,3000000.0,GENERAL,990-PF,,,intermediary_or_citywide,aggregate_only_no_itemization,202303109349100525,known_attachment_gap
McDougal Family Foundation,2023,SEE ATTACHED SCHEDULE,24 E WASHINGTON STE 875,CHICAGO,IL,60602,3669000.0,GENERAL,990-PF,,,intermediary_or_citywide,aggregate_only_no_itemization,202413189349102141,known_attachment_gap
McDougal Family Foundation,2024,SEE ATTACHED SCHEDULE,24 E WASHINGTON STE 875,CHICAGO,IL,60602,5844345.0,GENERAL,990-PF,,,intermediary_or_citywide,aggregate_only_no_itemization,202543179349100449,known_attachment_gap
Hoehn Family Charitable TR,2021,SEE STATEMENT A,SEE STATEMENT A,STATEMENT,CA,92660,2962174.0,SEE STATEMENT A,990-PF,,,intermediary_or_citywide,aggregate_only_no_itemization,202241259349101339,known_attachment_gap
Hoehn Family Charitable TR,2022,SEE STATEMENT A,SEE STATEMENT A,STATEMENT,CA,92660,2866874.0,SEE STATEMENT A,990-PF,,,intermediary_or_citywide,aggregate_only_no_itemization,202301299349105090,known_attachment_gap
Hoehn Family Charitable TR,2023,SEE STATEMENT A,SEE STATEMENT A,STATEMENT,CA,92660,2920774.0,SEE STATEMENT A,990-PF,,,intermediary_or_citywide,aggregate_only_no_itemization,202421249349101437,known_attachment_gap
Hoehn Family Charitable TR,2024,SEE STATEMENT A,SEE STATEMENT A,STATEMENT,CA,92660,2994374.0,SEE STATEMENT A,990-PF,,,intermediary_or_citywide,aggregate_only_no_itemization,202501209349102675,known_attachment_gap
Harris Family Foundation,2021,SEE ATTACHED LIST,444 WEST LAKE STREET,CHICAGO,IL,60606,6200822.0,GENERAL OPERATING SUPPORT,990-PF,,,intermediary_or_citywide,aggregate_only_no_itemization,202340189349100104,known_attachment_gap
Harris Family Foundation,2022,SEE ATTACHED LIST,444 WEST LAKE STREET,CHICAGO,IL,60606,6358672.0,GENERAL OPERATING SUPPORT,990-PF,,,intermediary_or_citywide,aggregate_only_no_itemization,202400169349101505,known_attachment_gap
Harris Family Foundation,2023,SEE ATTACHED LIST,444 WEST LAKE STREET,CHICAGO,IL,60606,6996212.0,GENERAL OPERATING SUPPORT,990-PF,,,intermediary_or_citywide,aggregate_only_no_itemization,202540159349100159,known_attachment_gap
Harris Family Foundation,2024,SEE ATTACHED LIST,444 WEST LAKE STREET,CHICAGO,IL,60606,5382390.0,GENERAL OPERATING SUPPORT,990-PF,,,intermediary_or_citywide,aggregate_only_no_itemization,202523539349100607,known_attachment_gap
Bert William Martin Foundation,2021,SEE ATTACHED SCHEDULE,SEE ATTACHED SCHEDULE,SEE ATTACHED SCHEDULE,IL,60680,2500000.0,GENERAL,990-PF,,,intermediary_or_citywide,aggregate_only_no_itemization,202233079349100618,known_attachment_gap
Bert William Martin Foundation,2022,SEE ATTACHED SCHEDULE,SEE ATTACHED SCHEDULE,SEE ATTACHED SCHEDULE,IL,60680,2600000.0,GENERAL,990-PF,,,intermediary_or_citywide,aggregate_only_no_itemization,202313059349101561,known_attachment_gap
Bert William Martin Foundation,2023,SEE ATTACHED SCHEDULE,SEE ATTACHED SCHEDULE,SEE ATTACHED SCHEDULE,IL,60680,3100000.0,GENERAL,990-PF,,,intermediary_or_citywide,aggregate_only_no_itemization,202413199349103901,known_attachment_gap
Bert William Martin Foundation,2024,SEE ATTACHED SCHEDULE,SEE ATTACHED SCHEDULE,SEE ATTACHED SCHEDULE,IL,60680,2500000.0,GENERAL SUPPORT,990-PF,,,intermediary_or_citywide,aggregate_only_no_itemization,202533099349101513,known_attachment_gap
Offield Family Foundation,2021,SEE ATTACHED SCHEDULE,SEE ATTACHED SCHEDULE,SEE ATTACHED SCHEDULE,MI,49503,5795000.0,SEE ATTACHED SCHEDULE,990-PF,,,intermediary_or_citywide,aggregate_only_no_itemization,202203189349104805,known_attachment_gap
Offield Family Foundation,2022,SEE ATTACHED SCHEDULE,SEE ATTACHED SCHEDULE,SEE ATTACHED SCHEDULE,MI,49503,6499157.0,SEE ATTACHED SCHEDULE,990-PF,,,intermediary_or_citywide,aggregate_only_no_itemization,202333199349103883,known_attachment_gap
Offield Family Foundation,2023,SEE ATTACHED SCHEDULE,SEE ATTACHED SCHEDULE,SEE ATTACHED SCHEDULE,MI,49503,6000000.0,SEE ATTACHED SCHEDULE,990-PF,,,intermediary_or_citywide,aggregate_only_no_itemization,202413209349103551,known_attachment_gap
Offield Family Foundation,2024,SEE ATTACHED SCHEDULE,SEE ATTACHED SCHEDULE,SEE ATTACHED SCHEDULE,MI,49503,6000000.0,SEE ATTACHED SCHEDULE,990-PF,,,intermediary_or_citywide,aggregate_only_no_itemization,202503219349102300,known_attachment_gap
Elizabeth Morse Genius Charitable Trust,2021,SEE ATTACHED SCHEDULE,SEE ATTACHED,SEE ATTACHED,IL,60606,3094947.0,SEE ATTACHED,990-PF,,,intermediary_or_citywide,aggregate_only_no_itemization,202310969349100901,known_attachment_gap
Earl and Brenda Shapiro Foundation,2021,SEE ATTACHED STATEMENT,400 N MICHIGAN AVENUE SUITE 250,CHICAGO,IL,60611,2514917.0,GENERAL FUND,990-PF,,,intermediary_or_citywide,aggregate_only_no_itemization,202420549349100802,known_attachment_gap
Earl and Brenda Shapiro Foundation,2022,SEE ATTACHED STATEMENT,400 N MICHIGAN AVENUE SUITE 250,CHICAGO,IL,60611,4714583.0,GENERAL FUND,990-PF,,,intermediary_or_citywide,aggregate_only_no_itemization,202431389349101108,known_attachment_gap
Polsky Foundation,2024,Our Home Ukraine,One South Wacker Drive Suite 1810,CHICAGO,IL,60606,968283,Charity,990-PF,,,intermediary_or_citywide,review_excluded_row: recipient address is the filer's own One S Wacker office; recipient is not a Chicago organization,,review_excluded
Polsky Foundation,2024,BRCA Research and Cure Alliance,One South Wacker Drive Suite 1810,CHICAGO,IL,60606,2293698,Charity,990-PF,,,intermediary_or_citywide,review_excluded_row: recipient address is the filer's own One S Wacker office; recipient is not a Chicago organization,,review_excluded
Lev Zahav NFP,2021,SEE STATEMENT ATTACHED,SEE STATEMENT ATTACHED,CHICAGO,IL,60645,565000.0,GENERAL,990-PF,,,intermediary_or_citywide,aggregate_only_no_itemization,202213199349106496,known_attachment_gap
Lev Zahav NFP,2022,SEE STATEMENT ATTACHED,SEE STATEMENT ATTACHED,CHICAGO,IL,60645,4206906.0,GENERAL,990-PF,,,intermediary_or_citywide,aggregate_only_no_itemization,202313189349105491,known_attachment_gap
Lev Zahav NFP,2023,SEE STATEMENT ATTACHED,SEE STATEMENT ATTACHED,CHICAGO,IL,60645,5553520.0,GENERAL,990-PF,,,intermediary_or_citywide,aggregate_only_no_itemization,202402229349100520,known_attachment_gap
Lev Zahav NFP,2024,SEE STATEMENT ATTACHED,SEE STATEMENT ATTACHED,CHICAGO,IL,60645,2905433.0,GENERAL,990-PF,,,intermediary_or_citywide,aggregate_only_no_itemization,202513179349103591,known_attachment_gap
