foundation,tax_year,recipient,address_line1,city,state,zip,amount,purpose,source_form,lat,lng,locType
DZ Liebmann Fund 7428018,2021,DR TASHA VORDERSTRASSE ORIENTAL INST OF THE UNIV OF CHICAGO,1155 E 58TH ST,CHICAGO,IL,60637,4000,SCHOLARSHIP,990-PF,41.789553864111,-87.597816253187,sited
Edward E Ford Foundation Mfgr,2023,Morgan Park Academy,2153 W 111TH STREET,CHICAGO,IL,60643,100000,GENERAL,990-PF,41.691811253562,-87.67541203537,sited
Edward E Ford Foundation Mfgr,2023,Lycee Francais de Chicago,1929 W WILSON AVENUE,CHICAGO,IL,606405208,100000,GENERAL,990-PF,41.965070303436,-87.676926163119,sited
Edwin J Hoffritz TR UW Article Seventh,2021,ALZHEIMER'S DISEASE AND RELATED DISORDER,225 N MICHIGAN AVE 17TH FL,CHICAGO,IL,60601,40000,GENERAL,990-PF,41.886567067898,-87.624456678273,sited
Edwin J Hoffritz TR UW Article Seventh,2022,ALZHEIMER'S DISEASE AND RELATED DISORDER,225 N MICHIGAN AVE 17TH FL,CHICAGO,IL,60601,40000,GENERAL,990-PF,41.886567067898,-87.624456678273,sited
Edwin J Hoffritz TR UW Article Seventh,2023,ALZHEIMER'S DISEASE AND RELATED DISORDER,225 N MICHIGAN AVE 17TH FL,CHICAGO,IL,60601,55000,GENERAL CHARITABLE PURPOSES,990-PF,41.886567067898,-87.624456678273,sited
Edwin J Hoffritz TR UW Article Seventh,2024,ALZHEIMER'S DISEASE AND RELATED DISORDER,225 N MICHIGAN AVE 17TH FL,CHICAGO,IL,60601,55000,GENERAL CHARITABLE PURPOSES,990-PF,41.886567067898,-87.624456678273,sited
James and Brenda Grusecki Family Foundation,2021,826CHI,1276 N MILWAUKEE AVE,CHICAGO,IL,60622,20000,GENERAL SUPPORT,990-PF,41.904922726451,-87.669042058217,intermediary_or_citywide
James and Brenda Grusecki Family Foundation,2021,AMERICAN BLUES THEATRE,4809 N RAVENSWOOD,CHICAGO,IL,60640,5000,GENERAL SUPPORT,990-PF,41.969110848394,-87.67410548711,sited
James and Brenda Grusecki Family Foundation,2021,BREAKTHRU MINISTRIES,402 N ST LOUIS AVE,CHICAGO,IL,60624,30000,GENERAL SUPPORT,990-PF,41.888393473788,-87.713740407305,sited
James and Brenda Grusecki Family Foundation,2021,CATHOLIC CHARITIES,126 NORTH DESPLAINES,CHICAGO,IL,60661,45000,MORTGAGE & HOUSING,990-PF,41.883943007881,-87.644268806486,sited
James and Brenda Grusecki Family Foundation,2021,CHICAGO FOUNDATION FOR WOMEN,1 EAST UPPER WACKER DR,CHICAGO,IL,60601,30000,CATALYST FUND,990-PF,,,intermediary_or_citywide
James and Brenda Grusecki Family Foundation,2021,CHICAGO JESUIT ACADEMY,5058 W JACKSON BLVD,CHICAGO,IL,60644,25000,SCHOLARSHIP,990-PF,41.876756129341,-87.751718112042,sited
James and Brenda Grusecki Family Foundation,2021,CHICAGO SHAKESPEARE THEAT,800 EAST GRAND AVENUE,CHICAGO,IL,60611,25000,HUMANITIES,990-PF,41.892187438564,-87.609927254642,sited
James and Brenda Grusecki Family Foundation,2021,CHILDREN'S LITERACY INITIATIVE,641 WW LAKE ST,CHICAGO,IL,60661,20000,EDUCATION,990-PF,41.88563785021,-87.644465335155,sited
James and Brenda Grusecki Family Foundation,2021,CONNECTION FOR ABUSED WOMENCHILD,1116 N KEDZIE 5TH FLOOR,CHICAGO,IL,60651,5000,GENERAL SUPPORT,990-PF,41.901809739887,-87.706833683051,sited
James and Brenda Grusecki Family Foundation,2021,CROSSROADS FUND,3411 W DIVERSEY,CHICAGO,IL,60647,55000,GENERAL SUPPORT,990-PF,41.931906846099,-87.712837203673,sited
James and Brenda Grusecki Family Foundation,2021,DEBORAH'S PLACE,2822 W JACKSON,CHICAGO,IL,606123626,30000,GENERAL SUPPORT,990-PF,41.87748144593,-87.697018917698,sited
James and Brenda Grusecki Family Foundation,2021,FOREFRONT,208 S LA SALLE ST,CHICAGO,IL,60604,2088,GENERAL SUPPORT,990-PF,41.879132477534,-87.632361460549,intermediary_or_citywide
James and Brenda Grusecki Family Foundation,2021,GOLDEN APPLE FOUNDATION,8 SOUTH MICHIGAN AVE,CHICAGO,IL,606033463,35000,EDUCATION,990-PF,41.88205455908,-87.624550934438,intermediary_or_citywide
James and Brenda Grusecki Family Foundation,2021,INGENUITY INC CHICAGO BE CREATIVE,11 E HUBBARD ST,CHICAGO,IL,60611,25000,EDUCATION,990-PF,41.890011848534,-87.627810089704,sited
James and Brenda Grusecki Family Foundation,2021,LA CASA NORTE,3533 W NORTH AVE,CHICAGO,IL,60647,30000,GENERAL SUPPORT,990-PF,41.909955638029,-87.715532817289,sited
James and Brenda Grusecki Family Foundation,2021,LITTLE BLACK PEARL,1060 E 47TH STREET,CHICAGO,IL,60653,20000,GENERAL SUPPORT,990-PF,41.80966057808,-87.60022920556,sited
James and Brenda Grusecki Family Foundation,2021,MARWEN FOUNDATION,833 NORTH ORLEANS ST,CHICAGO,IL,60610,20000,EDUCATION,990-PF,41.898105408764,-87.637152976878,sited
James and Brenda Grusecki Family Foundation,2021,MIDWEST ACCESS COALITION,PO BOX 408363,CHICAGO,IL,60640,10000,GENERAL SUPPORT,990-PF,,,intermediary_or_citywide
James and Brenda Grusecki Family Foundation,2021,MIDWEST ACCESS PROJECT,PO BOX 13173,CHICAGO,IL,60613,10000,GENERAL SUPPORT,990-PF,,,intermediary_or_citywide
James and Brenda Grusecki Family Foundation,2021,MIKVA CHALLENGE,200 S MICHIGAN,CHICAGO,IL,60604,20000,GENERAL SUPPORT,990-PF,41.879498661338,-87.624506074574,sited
James and Brenda Grusecki Family Foundation,2021,NEW MOMS,5317 W CHICAGO AVE,CHICAGO,IL,60651,30000,GENERAL SUPPORT,990-PF,41.894853854979,-87.75837321066,sited
James and Brenda Grusecki Family Foundation,2021,PLANNED PARENTHOOD,18 S MICHIGAN AVE,CHICAGO,IL,60603,30000,GENERAL SUPPORT,990-PF,41.881367819857,-87.624527825232,sited
James and Brenda Grusecki Family Foundation,2021,PORCHLIGHT THEATRE CO,4200 W DIVERSEY,CHICAGO,IL,60639,25000,HUMANITIES,990-PF,41.931787438561,-87.731540231267,sited
James and Brenda Grusecki Family Foundation,2021,REMY BUMPPO THEATRE,3717 N RAVENSWOOD,CHICAGO,IL,60613,25000,GENERAL SUPPORT,990-PF,41.949086483175,-87.673610193348,sited
James and Brenda Grusecki Family Foundation,2021,SHATTERED GLOBE THEATRE,770 N HALSTED ST,CHICAGO,IL,60642,25000,GENERAL SUPPORT,990-PF,41.89623090555,-87.647814876841,intermediary_or_citywide
James and Brenda Grusecki Family Foundation,2021,START EARLY,33 WEST MONROE,CHICAGO,IL,60603,50000,GENERAL SUPPORT,990-PF,41.880666800206,-87.629157524398,sited
James and Brenda Grusecki Family Foundation,2021,THE CARA PROGRAM,237 SOUTH DES PLAINES,CHICAGO,IL,60661,30000,HOUSING & SOCIAL SERVICES,990-PF,41.879011277991,-87.643957283452,sited
James and Brenda Grusecki Family Foundation,2021,THE LEARNING CENTER,2153 S MILLARD,CHICAGO,IL,60623,10000,GENERAL SUPPORT,990-PF,41.852461864074,-87.716164790522,sited
James and Brenda Grusecki Family Foundation,2021,THRESHOLDS,4101 N RAVENSWOOD AVE,CHICAGO,IL,60613,40000,GENERAL SUPPORT,990-PF,41.956124486301,-87.673769629094,sited
James and Brenda Grusecki Family Foundation,2021,TIMELINE THEATRE COMPANY,615 W WELLINGTON,CHICAGO,IL,60657,10000,GENERAL SUPPORT,990-PF,41.936433416616,-87.64489803475,sited
James and Brenda Grusecki Family Foundation,2021,GILLOURY INSTITUTE,6 E MONROE,CHICAGO,IL,60603,10000,GENERAL SUPPORT,990-PF,41.880825728208,-87.627515464603,sited
James and Brenda Grusecki Family Foundation,2021,GOODMAN THEATRE,170 N DEARBORN ST,CHICAGO,IL,60601,15000,GENERAL SUPPORT,990-PF,41.885165897733,-87.629554228101,sited
James and Brenda Grusecki Family Foundation,2021,CHICAGO PUBLIC MEDIA,848 EAST GRAND AVE,CHICAGO,IL,60611,25000,GENERAL SUPPORT,990-PF,41.892187438564,-87.609927254642,sited
James and Brenda Grusecki Family Foundation,2021,WTTWWFMT,5400 N ST LOUIS,CHICAGO,IL,60625,25000,GENERAL SUPPORT,990-PF,41.979387355038,-87.716147207409,sited
James and Brenda Grusecki Family Foundation,2021,MERIT SCHOOL OF MUSIC,38 S PEORIA ST,CHICAGO,IL,60607,5000,GENERAL SUPPORT,990-PF,41.881214815794,-87.649760056368,sited
James and Brenda Grusecki Family Foundation,2022,826CHI,1276 N MILWAUKEE AVE,CHICAGO,IL,60622,20000,GENERAL OPERATIONS,990-PF,41.904922726451,-87.669042058217,intermediary_or_citywide
James and Brenda Grusecki Family Foundation,2022,AMERICAN BLUES THEATRE,4809 N RAVENSWOOD,CHICAGO,IL,60640,10000,GENERAL OPERATIONS,990-PF,41.969110848394,-87.67410548711,sited
James and Brenda Grusecki Family Foundation,2022,BREAKTHRU MINISTRIES,402 N ST LOUIS AVE,CHICAGO,IL,60624,30000,GENERAL OPERATIONS,990-PF,41.888393473788,-87.713740407305,sited
James and Brenda Grusecki Family Foundation,2022,CARA COLLECTIVE,237 S DESPLAINES,CHICAGO,IL,60661,30000,GENERAL OPERATIONS,990-PF,41.879011277991,-87.643957283452,sited
James and Brenda Grusecki Family Foundation,2022,CATHOLIC CHARITIES,721 N LASALLE STREET,CHICAGO,IL,60654,15000,SINGLE PERSONS WITH DEPENDENTS,990-PF,41.895298815986,-87.632531862567,sited
James and Brenda Grusecki Family Foundation,2022,CATHOLIC CHARITIES,721 N LASALLE STREET,CHICAGO,IL,60654,15000,MORTGAGE & HOUSING,990-PF,41.895298815986,-87.632531862567,sited
James and Brenda Grusecki Family Foundation,2022,CATHOLIC CHARITIES,721 N LASALLE STREET,CHICAGO,IL,60654,15000,OUTREACH TO SURVIVORS OF SUICIDE,990-PF,41.895298815986,-87.632531862567,sited
James and Brenda Grusecki Family Foundation,2022,CHICAGO FOUNDATION FOR WOMEN,1 EAST UPPER WACKER DR,CHICAGO,IL,60601,30000,FUND FOR CFW,990-PF,,,intermediary_or_citywide
James and Brenda Grusecki Family Foundation,2022,CHICAGO JESUIT ACADEMY,5058 W JACKSON BLVD,CHICAGO,IL,60644,25000,SCHOLARSHIP,990-PF,41.876756129341,-87.751718112042,sited
James and Brenda Grusecki Family Foundation,2022,CHICAGO SHAKESPEARE THEAT,800 EAST GRAND AVENUE,CHICAGO,IL,60611,30000,HUMANITIES,990-PF,41.892187438564,-87.609927254642,sited
James and Brenda Grusecki Family Foundation,2022,CHILDREN'S LITERACY INITIATIVE,641 WW LAKE ST,CHICAGO,IL,60661,20000,EDUCATION,990-PF,41.88563785021,-87.644465335155,sited
James and Brenda Grusecki Family Foundation,2022,CONNECTION FOR ABUSED WOMENCHILD,1116 N KEDZIE 5TH FLOOR,CHICAGO,IL,60651,5000,GENERAL OPERATIONS,990-PF,41.901809739887,-87.706833683051,sited
James and Brenda Grusecki Family Foundation,2022,CROSSROADS FUND,3411 W DIVERSEY,CHICAGO,IL,60647,30000,GENERA LOPERATIONS,990-PF,41.931906846099,-87.712837203673,sited
James and Brenda Grusecki Family Foundation,2022,DEBORAH'S PLACE,2822 W JACKSON,CHICAGO,IL,606123626,30000,GENERAL OPERATIONS,990-PF,41.87748144593,-87.697018917698,sited
James and Brenda Grusecki Family Foundation,2022,FOREFRONT,208 S LA SALLE ST,CHICAGO,IL,60604,2355,GENERAL OPERATIONS,990-PF,41.879132477534,-87.632361460549,intermediary_or_citywide
James and Brenda Grusecki Family Foundation,2022,GOLDEN APPLE FOUNDATION,8 SOUTH MICHIGAN AVE,CHICAGO,IL,606033463,35000,EDUCATION,990-PF,41.88205455908,-87.624550934438,intermediary_or_citywide
James and Brenda Grusecki Family Foundation,2022,GOODMAN THEATRE,170 N DEARBORN STREET,CHICAGO,IL,60601,25000,GENERAL OPERATIONS,990-PF,41.885165897733,-87.629554228101,sited
James and Brenda Grusecki Family Foundation,2022,INGENUITY INC CHICAGO BE CREATIVE,11 E HUBBARD ST,CHICAGO,IL,60611,25000,CREATIVE SCHOOLS FUND,990-PF,41.890011848534,-87.627810089704,sited
James and Brenda Grusecki Family Foundation,2022,LA CASA NORTE,3533 W NORTH AVE,CHICAGO,IL,60647,30000,GENERAL OPERATIONS,990-PF,41.909955638029,-87.715532817289,sited
James and Brenda Grusecki Family Foundation,2022,LITTLE BLACK PEARL,1060 E 47TH STREET,CHICAGO,IL,60653,20000,GENERAL OPERATIONS,990-PF,41.80966057808,-87.60022920556,sited
James and Brenda Grusecki Family Foundation,2022,MARWEN FOUNDATION,833 NORTH ORLEANS ST,CHICAGO,IL,60610,20000,GENERAL OPERATIONS,990-PF,41.898105408764,-87.637152976878,sited
James and Brenda Grusecki Family Foundation,2022,MERIT SCHOOL OF MUSIC,38 SOUTH PEORIA STREET,CHICAGO,IL,60607,5000,GENERAL OPERATIONS,990-PF,41.881214815794,-87.649760056368,sited
James and Brenda Grusecki Family Foundation,2022,MIDWEST ACCESS COALITION,PO BOX 408363,CHICAGO,IL,60640,25000,GENERAL OPERATIONS,990-PF,,,intermediary_or_citywide
James and Brenda Grusecki Family Foundation,2022,MIDWEST ACCESS PROJECT,PO BOX 13173,CHICAGO,IL,60613,25000,GENERAL OPERATIONS,990-PF,,,intermediary_or_citywide
James and Brenda Grusecki Family Foundation,2022,MIKVA CHALLENGE,200 S MICHIGAN,CHICAGO,IL,60604,20000,GENERAL SUPPORT,990-PF,41.879498661338,-87.624506074574,sited
James and Brenda Grusecki Family Foundation,2022,NEW MOMS,5317 W CHICAGO AVE,CHICAGO,IL,60651,30000,GENERAL SUPPORT,990-PF,41.894853854979,-87.75837321066,sited
James and Brenda Grusecki Family Foundation,2022,PLANNED PARENTHOOD,18 S MICHIGAN AVE,CHICAGO,IL,60603,30000,GENERAL SUPPORT,990-PF,41.881367819857,-87.624527825232,sited
James and Brenda Grusecki Family Foundation,2022,PORCHLIGHT THEATRE CO,4200 W DIVERSEY,CHICAGO,IL,60639,30000,GENERAL HUMANITIES,990-PF,41.931787438561,-87.731540231267,sited
James and Brenda Grusecki Family Foundation,2022,SHATTERED GLOBE THEATRE,770 N HALSTED ST,CHICAGO,IL,60642,30000,GENERAL OPERATIONS,990-PF,41.89623090555,-87.647814876841,intermediary_or_citywide
James and Brenda Grusecki Family Foundation,2022,START EARLY,33 WEST MONROE,CHICAGO,IL,60603,50000,GENERAL SUPPORT,990-PF,41.880666800206,-87.629157524398,sited
James and Brenda Grusecki Family Foundation,2022,THE LEARNING CENTER,2153 S MILLARD,CHICAGO,IL,60623,10000,GENERAL SUPPORT,990-PF,41.852461864074,-87.716164790522,sited
James and Brenda Grusecki Family Foundation,2022,THE READER INSTITUTE FOR COMMUNITY,2930 SOUTH MICHIGAN AVENU,CHICAGO,IL,60616,25000,CHICAGO INDEPENDENT MEDIA ALLIANCE P,990-PF,41.841414856654,-87.62360690116,sited
James and Brenda Grusecki Family Foundation,2022,THRESHOLDS,4101 N RAVENSWOOD AVE,CHICAGO,IL,60613,40000,THRESHOLDS VETERAN PROJECT,990-PF,41.956124486301,-87.673769629094,sited
James and Brenda Grusecki Family Foundation,2022,TIMELINE THEATRE COMPANY,615 W WELLINGTON,CHICAGO,IL,60657,25000,GENERAL OPERATIONS,990-PF,41.936433416616,-87.64489803475,sited
James and Brenda Grusecki Family Foundation,2022,WBEZ CHICAGO PUBLIC MEDIA,848 EAST GRAND AVENUE,CHICAGO,IL,60611,25000,GENERAL OPERATIONS,990-PF,41.892187438564,-87.609927254642,sited
James and Brenda Grusecki Family Foundation,2022,WTTWWFMT,5400 N ST LOUIS,CHICAGO,IL,60625,25000,GENERAL OPERATIONS,990-PF,41.979387355038,-87.716147207409,sited
James and Brenda Grusecki Family Foundation,2023,AMERICAN BLUES THEATER,4809 N RAVENSWOOD,CHICAGO,IL,60640,15000,GENERAL OPERATIONS,990-PF,41.969110848394,-87.67410548711,sited
James and Brenda Grusecki Family Foundation,2023,CHICAGO SHAKESPEARE THEATER,800 E GRAND AVE,CHICAGO,IL,60611,40000,GENERAL OPERATIONS,990-PF,41.892187438564,-87.609927254642,sited
James and Brenda Grusecki Family Foundation,2023,GOODMAN THEATRE,170 N DEARBORN ST,CHICAGO,IL,60601,30000,GENERAL OPERATIONS,990-PF,41.885165897733,-87.629554228101,sited
James and Brenda Grusecki Family Foundation,2023,PORCHLIGHT MUSIC THEATRE,4200 W DIVERSEY,CHICAGO,IL,60639,40000,GENERAL OPERATIONS,990-PF,41.931787438561,-87.731540231267,sited
James and Brenda Grusecki Family Foundation,2023,REMY BUMPPO,3759 N RAVENSWOOD,CHICAGO,IL,60613,50000,GENERAL OPERATIONS,990-PF,41.949820901197,-87.673627960924,sited
James and Brenda Grusecki Family Foundation,2023,TIMELINE THEATRE,615 W WELLINGTON,CHICAGO,IL,60657,30000,GENERAL OPERATIONS,990-PF,41.936433416616,-87.64489803475,sited
James and Brenda Grusecki Family Foundation,2023,WBEZCHICAGO PUBLIC MEDIA,848 E GRAND AVE,CHICAGO,IL,60611,30000,GENERAL OPERATIONS,990-PF,41.892187438564,-87.609927254642,sited
James and Brenda Grusecki Family Foundation,2023,WTTWWFMT,5400 N ST LOUIS,CHICAGO,IL,60625,30000,GENERAL OPERATIONS,990-PF,41.979387355038,-87.716147207409,sited
James and Brenda Grusecki Family Foundation,2023,SHATTERED GLOBE THEATRE,770 N HALSTED ST,CHICAGO,IL,60642,40000,GENERAL OPERATIONS,990-PF,41.89623090555,-87.647814876841,intermediary_or_citywide
James and Brenda Grusecki Family Foundation,2023,826CHI,1276 N MILWAUKEE AVE,CHICAGO,IL,60622,30000,GENERAL OPERATING SUPPORT & WELLNESS,990-PF,41.904922726451,-87.669042058217,intermediary_or_citywide
James and Brenda Grusecki Family Foundation,2023,AMERICAN BLUES THEATER,4809 N RAVENSWOOD,CHICAGO,IL,60640,10000,WELLNESS,990-PF,41.969110848394,-87.67410548711,sited
James and Brenda Grusecki Family Foundation,2023,BREAKTHROUGH URBAN MINISTRIES,402 N ST LOUIS AVE,CHICAGO,IL,60624,40000,GENERAL OPERATING SUPPORT & WELLNESS,990-PF,41.888393473788,-87.713740407305,intermediary_or_citywide
James and Brenda Grusecki Family Foundation,2023,CARA COLLECTIVE,237 S DES PLAINES,CHICAGO,IL,60661,40000,GENERAL OPERATING SUPPORT & WELLNESS,990-PF,41.879011277991,-87.643957283452,sited
James and Brenda Grusecki Family Foundation,2023,CATHOLIC CHARITIES OF THE ARCHDIOCESE OF CHICAGO,721 N LA SALLE ST,CHICAGO,IL,60654,45000,PER AWARD LETTER,990-PF,41.895298815986,-87.632531862567,sited
James and Brenda Grusecki Family Foundation,2023,CHICAGO FOUNDATION FOR WOMEN,1 EAST UPPER WACKER DR,CHICAGO,IL,60601,40000,GENERAL OPERATING SUPPORT & WELLNESS,990-PF,,,intermediary_or_citywide
James and Brenda Grusecki Family Foundation,2023,CHICAGO JESUIT ACADEMY,5058 W JACKSON BLVD,CHICAGO,IL,60644,35000,GENERAL OPERATING SUPPORT & WELLNESS,990-PF,41.876756129341,-87.751718112042,sited
James and Brenda Grusecki Family Foundation,2023,CHICAGO SHAKESPEARE THEATER,800 E GRAND AVE,CHICAGO,IL,60611,10000,GENERAL OPERATING SUPPORT,990-PF,41.892187438564,-87.609927254642,sited
James and Brenda Grusecki Family Foundation,2023,CHILDREN'S LITERACY INITIATIVE,641 W LAKE ST,CHICAGO,IL,60661,30000,CHICAGO PROGRAMMING & WELLNESS,990-PF,41.88563785021,-87.644465335155,sited
James and Brenda Grusecki Family Foundation,2023,CONNECTION FOR ABUSED WOMEN & CHILDREN,1116 N KEDZIE 5TH FL,CHICAGO,IL,60651,5000,GENERAL OPERATING SUPPORT,990-PF,41.901809739887,-87.706833683051,sited
James and Brenda Grusecki Family Foundation,2023,CROSSROADS FUND,3411 W DIVERSEY,CHICAGO,IL,60647,30000,GENERAL OPERATING SUPPORT,990-PF,41.931906846099,-87.712837203673,sited
James and Brenda Grusecki Family Foundation,2023,DEBORAH'S PLACE,2822 W JACKSON BLVD,CHICAGO,IL,606123626,40000,GENERAL OPERATING SUPPORT & WELLNESS,990-PF,41.87748144593,-87.697018917698,sited
James and Brenda Grusecki Family Foundation,2023,GOLDEN APPLE FOUNDATION,8 SOUTH MICHIGAN AVE,CHICAGO,IL,606033463,45000,GENERAL OPERATING SUPPORT & WELLNESS,990-PF,41.88205455908,-87.624550934438,intermediary_or_citywide
James and Brenda Grusecki Family Foundation,2023,GOODMAN THEATRE,170 N DEARBORN ST,CHICAGO,IL,60601,20000,GENERAL OPERATING SUPPORT,990-PF,41.885165897733,-87.629554228101,sited
James and Brenda Grusecki Family Foundation,2023,INGENUITY INCORPORATED CHICAGO,11 E HUBBARD ST,CHICAGO,IL,60611,35000,GENERAL OPERATING SUPPORT & WELLNESS,990-PF,41.890011848534,-87.627810089704,sited
James and Brenda Grusecki Family Foundation,2023,LA CASA NORTE,3533 W NORTH AVE,CHICAGO,IL,60647,40000,GENERAL OPERATING SUPPORT & WELLNESS,990-PF,41.909955638029,-87.715532817289,sited
James and Brenda Grusecki Family Foundation,2023,LITTLE BLACK PEARL WORKSHOP,1060 E 47TH ST,CHICAGO,IL,60653,30000,GENERAL OPERATING SUPPORT & WELLNESS,990-PF,41.80966057808,-87.60022920556,sited
James and Brenda Grusecki Family Foundation,2023,MARWEN,833 N ORLEANS ST,CHICAGO,IL,60610,30000,GENERAL OPERATING SUPPORT & WELLNESS,990-PF,41.898105408764,-87.637152976878,sited
James and Brenda Grusecki Family Foundation,2023,MERIT SCHOOL OF MUSIC,38 S PEORIA ST,CHICAGO,IL,60607,10000,GENERAL OPERATING SUPPORT,990-PF,41.881214815794,-87.649760056368,sited
James and Brenda Grusecki Family Foundation,2023,MIDWEST ACCESS COALITION,PO BOX 408363,CHICAGO,IL,60640,35000,GENERAL OPERATING SUPPORT & WELLNESS,990-PF,,,intermediary_or_citywide
James and Brenda Grusecki Family Foundation,2023,MIDWEST ACCESS PROJECT,PO BOX 13173,CHICAGO,IL,60613,35000,GENERAL OPERATING SUPPORT & WELLNESS,990-PF,,,intermediary_or_citywide
James and Brenda Grusecki Family Foundation,2023,MIKVA CHALLENGE GRANT FOUNDATION INC,200 S MICHIGAN AVE,CHICAGO,IL,60604,30000,GENERAL OPERATING SUPPORT & WELLNESS,990-PF,41.879498661338,-87.624506074574,intermediary_or_citywide
James and Brenda Grusecki Family Foundation,2023,NEW MOMS,5317 W CHICAGO AVE,CHICAGO,IL,60651,40000,GENERAL OPERATING SUPPORT & WELLNESS,990-PF,41.894853854979,-87.75837321066,sited
James and Brenda Grusecki Family Foundation,2023,PLANNED PARENTHOOD OF ILLINOIS,18 S MICHIGAN AVE,CHICAGO,IL,60603,40000,GENERAL OPERATING SUPPORT & WELLNESS,990-PF,41.881367819857,-87.624527825232,sited
James and Brenda Grusecki Family Foundation,2023,PORCHLIGHT MUSIC THEATRE,4200 W DIVERSEY,CHICAGO,IL,60639,10000,WELLNESS,990-PF,41.931787438561,-87.731540231267,sited
James and Brenda Grusecki Family Foundation,2023,REMY BUMPPO,3759 N RAVENSWOOD,CHICAGO,IL,60613,10000,WELLNESS,990-PF,41.949820901197,-87.673627960924,sited
James and Brenda Grusecki Family Foundation,2023,SHATTERED GLOBE,770 N HALSTED ST,CHICAGO,IL,60642,10000,WELLNES,990-PF,41.89623090555,-87.647814876841,sited
James and Brenda Grusecki Family Foundation,2023,START EARLY,33 W MONROE,CHICAGO,IL,60603,50000,GENERAL OPERATING SUPPORT,990-PF,41.880666800206,-87.629157524398,sited
James and Brenda Grusecki Family Foundation,2023,THE LEARNING CENTER (HOUSE OF CONNECTIONS),2153 S MILLARD,CHICAGO,IL,60623,10000,GENERAL OPERATING SUPPORT,990-PF,41.852461864074,-87.716164790522,sited
James and Brenda Grusecki Family Foundation,2023,THE READER INSTITUTE FOR COMMUNITY JOURNALISM,2930 S MICHIGAN AVE,CHICAGO,IL,60616,25000,ARTS & CULTURE COVERAGE,990-PF,41.841414856654,-87.62360690116,sited
James and Brenda Grusecki Family Foundation,2023,THRESHOLDS,4101 N RAVENSWOOD AVE,CHICAGO,IL,60613,50000,THE VETERANS PROJECT & WELLNESS,990-PF,41.956124486301,-87.673769629094,sited
James and Brenda Grusecki Family Foundation,2023,TIMELINE THEATER,615 W WELLINGTON,CHICAGO,IL,60657,10000,WELLNESS,990-PF,41.936433416616,-87.64489803475,sited
James and Brenda Grusecki Family Foundation,2023,WBEZCHICAGO PUBLIC MEDIA,848 E GRAND AVE,CHICAGO,IL,60611,20000,GENERAL OPERATING SUPPORT,990-PF,41.892187438564,-87.609927254642,sited
James and Brenda Grusecki Family Foundation,2023,WTTWWFMT,5400 N ST LOUIS,CHICAGO,IL,60625,20000,GENERAL OPERATING SUPPORT,990-PF,41.979387355038,-87.716147207409,sited
James and Brenda Grusecki Family Foundation,2024,AMERICAN BLUES THEATER,4809 N RAVENSWOOD,CHICAGO,IL,60640,30000,GENERAL OPERATIONS,990-PF,41.969110848394,-87.67410548711,sited
James and Brenda Grusecki Family Foundation,2024,AMERICAN BLUES THEATER,4809 N RAVENSWOOD,CHICAGO,IL,60640,20000,GENERAL OPERATING SUPPORT,990-PF,41.969110848394,-87.67410548711,sited
James and Brenda Grusecki Family Foundation,2024,BOYS AND GIRLS CLUB OF CHICAGO,2102 W MONROE ST,CHICAGO,IL,60612,2500,GENERAL OPERATING SUPPORT,990-PF,41.880026152215,-87.679181884502,sited
James and Brenda Grusecki Family Foundation,2024,BREAKTHROUGH URBAN MINISTRIES,402 N ST LOUIS AVE,CHICAGO,IL,60624,40000,GENERAL OPERATING SUPPORT,990-PF,41.888393473788,-87.713740407305,intermediary_or_citywide
James and Brenda Grusecki Family Foundation,2024,CARA COLLECTIVE,237 S DES PLAINES,CHICAGO,IL,60661,40000,GENERAL OPERATING SUPPORT,990-PF,41.879011277991,-87.643957283452,sited
James and Brenda Grusecki Family Foundation,2024,CATHOLIC CHARITIES OF THE ARCHDIOCESE OF CHICAGO,721 N LA SALLE ST,CHICAGO,IL,60654,45000,PER AWARD LETTER,990-PF,41.895298815986,-87.632531862567,sited
James and Brenda Grusecki Family Foundation,2024,CHICAGO FOUNDATION FOR WOMEN,1 EAST UPPER WACKER DR,CHICAGO,IL,60601,40000,GENERAL OPERATING SUPPORT,990-PF,,,intermediary_or_citywide
James and Brenda Grusecki Family Foundation,2024,CHICAGO JESUIT ACADEMY,5058 W JACKSON BLVD,CHICAGO,IL,60644,35000,GENERAL OPERATING SUPPORT,990-PF,41.876756129341,-87.751718112042,sited
James and Brenda Grusecki Family Foundation,2024,CHICAGO SHAKESPEARE THEATER,800 E GRAND AVE,CHICAGO,IL,60611,50000,GENERAL OPERATIONS,990-PF,41.892187438564,-87.609927254642,sited
James and Brenda Grusecki Family Foundation,2024,CHILDREN'S LITERACY INITIATIVE,641 W LAKE ST,CHICAGO,IL,60661,35000,CHICAGO PROGRAMMING,990-PF,41.88563785021,-87.644465335155,sited
James and Brenda Grusecki Family Foundation,2024,CONNECTION FOR ABUSED WOMEN & CHILDREN,1116 N KEDZIE 5TH FL,CHICAGO,IL,60651,5000,GENERAL OPERATING SUPPORT,990-PF,41.901809739887,-87.706833683051,sited
James and Brenda Grusecki Family Foundation,2024,DEBORAH'S PLACE,2822 W JACKSON BLVD,CHICAGO,IL,606123626,40000,GENERAL OPERATING SUPPORT,990-PF,41.87748144593,-87.697018917698,sited
James and Brenda Grusecki Family Foundation,2024,GOLDEN APPLE FOUNDATION,8 SOUTH MICHIGAN AVE,CHICAGO,IL,606033463,50000,GENERAL OPERATING SUPPORT,990-PF,41.88205455908,-87.624550934438,intermediary_or_citywide
James and Brenda Grusecki Family Foundation,2024,GOODMAN THEATRE,170 N DEARBORN ST,CHICAGO,IL,60601,30000,GENERAL OPERATING SUPPORT,990-PF,41.885165897733,-87.629554228101,sited
James and Brenda Grusecki Family Foundation,2024,INGENUITY INCORPORATED CHICAGO,11 E HUBBARD ST,CHICAGO,IL,60611,35000,CREATIVE SCHOOLS FUND,990-PF,41.890011848534,-87.627810089704,sited
James and Brenda Grusecki Family Foundation,2024,LA CASA NORTE,3533 W NORTH AVE,CHICAGO,IL,60647,40000,GENERAL OPERATING SUPPORT,990-PF,41.909955638029,-87.715532817289,sited
James and Brenda Grusecki Family Foundation,2024,LITTLE BLACK PEARL WORKSHOP,1060 E 47TH ST,CHICAGO,IL,60653,35000,GENERAL OPERATING SUPPORT,990-PF,41.80966057808,-87.60022920556,sited
James and Brenda Grusecki Family Foundation,2024,MARWEN,833 N ORLEANS ST,CHICAGO,IL,60610,35000,GENERAL OPERATING SUPPORT,990-PF,41.898105408764,-87.637152976878,sited
James and Brenda Grusecki Family Foundation,2024,MERIT SCHOOL OF MUSIC,38 S PEORIA ST,CHICAGO,IL,60607,7500,GENERAL OPERATING SUPPORT,990-PF,41.881214815794,-87.649760056368,sited
James and Brenda Grusecki Family Foundation,2024,MIDWEST ACCESS COALITION,PO BOX 408363,CHICAGO,IL,60640,50000,GENERAL OPERATING SUPPORT,990-PF,,,intermediary_or_citywide
James and Brenda Grusecki Family Foundation,2024,MIDWEST ACCESS PROJECT,PO BOX 13173,CHICAGO,IL,60613,50000,GENERAL OPERATING SUPPORT,990-PF,,,intermediary_or_citywide
James and Brenda Grusecki Family Foundation,2024,MIKVA CHALLENGE GRANT FOUNDATION INC,200 S MICHIGAN AVE,CHICAGO,IL,60604,35000,GENERAL OPERATING SUPPORT,990-PF,41.879498661338,-87.624506074574,intermediary_or_citywide
James and Brenda Grusecki Family Foundation,2024,NEW MOMS,5317 W CHICAGO AVE,CHICAGO,IL,60651,40000,GENERAL OPERATING SUPPORT,990-PF,41.894853854979,-87.75837321066,sited
James and Brenda Grusecki Family Foundation,2024,PLANNED PARENTHOOD OF ILLINOIS,18 S MICHIGAN AVE,CHICAGO,IL,60603,40000,GENERAL OPERATING SUPPORT,990-PF,41.881367819857,-87.624527825232,sited
James and Brenda Grusecki Family Foundation,2024,PLANNED PARENTHOOD OF ILLINOIS,18 S MICHIGAN AVE,CHICAGO,IL,60603,200000,INSTALLMENT 3 OF 5,990-PF,41.881367819857,-87.624527825232,sited
James and Brenda Grusecki Family Foundation,2024,PORCHLIGHT MUSIC THEATRE,4200 W DIVERSEY,CHICAGO,IL,60639,50000,GENERAL OPERATIONS,990-PF,41.931787438561,-87.731540231267,sited
James and Brenda Grusecki Family Foundation,2024,PORCHLIGHT MUSIC THEATRE,4200 W DIVERSEY,CHICAGO,IL,60639,25000,GENERAL OPERATING SUPPORT,990-PF,41.931787438561,-87.731540231267,sited
James and Brenda Grusecki Family Foundation,2024,REMY BUMPPO,3759 N RAVENSWOOD,CHICAGO,IL,60613,50000,GENERAL OPERATIONS,990-PF,41.949820901197,-87.673627960924,sited
James and Brenda Grusecki Family Foundation,2024,REMY BUMPPO,3759 N RAVENSWOOD,CHICAGO,IL,60613,25000,GENERAL OPERATING SUPPORT,990-PF,41.949820901197,-87.673627960924,sited
James and Brenda Grusecki Family Foundation,2024,SHATTERED GLOBE THEATRE,770 N HALSTED ST,CHICAGO,IL,60642,50000,GENERAL OPERATIONS,990-PF,41.89623090555,-87.647814876841,intermediary_or_citywide
James and Brenda Grusecki Family Foundation,2024,SHATTERED GLOBE,770 N HALSTED ST,CHICAGO,IL,60642,25000,GENERAL OPERATING SUPPORT,990-PF,41.89623090555,-87.647814876841,sited
James and Brenda Grusecki Family Foundation,2024,START EARLY,33 W MONROE,CHICAGO,IL,60603,50000,GENERAL OPERATING SUPPORT,990-PF,41.880666800206,-87.629157524398,sited
James and Brenda Grusecki Family Foundation,2024,THE LEARNING CENTER (HOUSE OF CONNECTIONS),2153 S MILLARD,CHICAGO,IL,60623,10000,GENERAL OPERATING SUPPORT,990-PF,41.852461864074,-87.716164790522,sited
James and Brenda Grusecki Family Foundation,2024,THE READER INSTITUTE FOR COMMUNITY JOURNALISM,2930 S MICHIGAN AVE,CHICAGO,IL,60616,25000,ARTS & CULTURE COVERAGE,990-PF,41.841414856654,-87.62360690116,sited
James and Brenda Grusecki Family Foundation,2024,THRESHOLDS,4101 N RAVENSWOOD AVE,CHICAGO,IL,60613,50000,THE VETERANS PROJECT,990-PF,41.956124486301,-87.673769629094,sited
James and Brenda Grusecki Family Foundation,2024,TIMELINE THEATRE,615 W WELLINGTON,CHICAGO,IL,60657,30000,GENERAL OPERATIONS,990-PF,41.936433416616,-87.64489803475,sited
James and Brenda Grusecki Family Foundation,2024,WBEZCHICAGO PUBLIC MEDIA,848 E GRAND AVE,CHICAGO,IL,60611,50000,GENERAL OPERATING SUPPORT,990-PF,41.892187438564,-87.609927254642,sited
James and Brenda Grusecki Family Foundation,2024,WTTWWFMT,5400 N ST LOUIS,CHICAGO,IL,60625,50000,GENERAL OPERATING SUPPORT,990-PF,41.979387355038,-87.716147207409,sited
John Hart Foundation,2021,ART INSTITUTE OF CHICAGO,116 S MICHIGAN AVE,CHICAGO,IL,60603,25000,CHARITABLE CONTRIBUTION,990-PF,41.880316555091,-87.624513636521,sited
John Hart Foundation,2021,CEDILLE CHICAGO,1205 WEST BALMORAL AVE,CHICAGO,IL,60640,500,CHARITABLE,990-PF,41.979912834946,-87.660065572172,sited
John Hart Foundation,2021,CENTER FOR ABUSED WOMEN & CHILDREN,1116 N KEDZIE AVENUE,CHICAGO,IL,60651,500,CHARITABLE,990-PF,41.901809739887,-87.706833683051,sited
John Hart Foundation,2021,CHI ARTS,521 EAST 35TH STREET,CHICAGO,IL,60616,15000,CHARITABLE CONTRIBUTION,990-PF,41.831072816885,-87.613791785321,sited
John Hart Foundation,2021,CHICAGO ACADEMY FOR THE ARTS,1010 W CHICAGO AVE,CHICAGO,IL,60642,50000,CHARITABLE,990-PF,41.896354440275,-87.653527267721,sited
John Hart Foundation,2021,CHICAGO CHILDREN'S ADVOCACY CENTER,1240 S DAMEN AVE,CHICAGO,IL,60608,500,CHARITABLE,990-PF,41.865461597109,-87.676287526432,sited
John Hart Foundation,2021,CHICAGO COALITION FOR THE HOMELESS,70 EAST LAKE STREET,CHICAGO,IL,60601,1000,CHARITABLE CONTRIBUTION,990-PF,41.885782775355,-87.625858436593,sited
John Hart Foundation,2021,CHICAGO SYMPHONY ORCHESTRA,220 S MICHIGAN AVE,CHICAGO,IL,60604,90000,CHARITABLE CONTRIBUTION,990-PF,41.879261225909,-87.624499386276,sited
John Hart Foundation,2021,FEEDING AMERICA,35 E WACKER DRIVE,CHICAGO,IL,60601,1005,CHARITABLE CONTRIBUTION,990-PF,41.887530047162,-87.625851774658,sited
John Hart Foundation,2021,FOUNDATION FOR HEARING & SPEECH,PO BOX 180018,CHICAGO,IL,60618,50000,CHARITABLE,990-PF,,,intermediary_or_citywide
John Hart Foundation,2021,FRIENDS OF THE CHILDREN,231 PINE AVE,CHICAGO,IL,60644,15000,CHARITABLE,990-PF,41.884733276749,-87.763265219749,sited
John Hart Foundation,2021,GOLDEN APPLE AWARDS,8 S MICHIGAN AVE,CHICAGO,IL,60603,1000,CHARITABLE CONTRIBUTION,990-PF,41.88205455908,-87.624550934438,sited
John Hart Foundation,2021,GOODMAN THEATRE,170 N DEARBORN,CHICAGO,IL,60601,75000,CHARITABLE CONTRIBUTION,990-PF,41.885165897733,-87.629554228101,sited
John Hart Foundation,2021,GRANT PARK MUSIC FESTIVAL,205 E RANDOLPH STREET,CHICAGO,IL,60601,2500,CHARITABLE,990-PF,41.884225378761,-87.622769087728,sited
John Hart Foundation,2021,GREATER CHICAGO FOOD DEPOSITORY,4100 W 42ND PL,CHICAGO,IL,60632,10000,CHARITABLE CONTRIBUTION,990-PF,41.816387664333,-87.726295439021,intermediary_or_citywide
John Hart Foundation,2021,GUARNERI HALL,11 E ADAMS ST,CHICAGO,IL,60603,500,CHARITABLE,990-PF,41.879438567535,-87.627314442138,sited
John Hart Foundation,2021,HARMONY HOPE & HEALING,703 W MONROE ST,CHICAGO,IL,60661,500,CHARITABLE,990-PF,41.880471851079,-87.644177367864,sited
John Hart Foundation,2021,INGENUITY,440 N WELLS ST,CHICAGO,IL,60654,5000,CHARITABLE,990-PF,41.890170853726,-87.634111271441,sited
John Hart Foundation,2021,JEWISH CHILD & FAMILY SERVICES,216 W JACKSON BLVD,CHICAGO,IL,60606,1000,CHARITABLE,990-PF,41.878167006393,-87.634386456701,sited
John Hart Foundation,2021,LINCOLN PARK ZOO,PO BOX 14903 CANNON DR,CHICAGO,IL,60614,116350,CHARITABLE CONTRIBUTION,990-PF,,,intermediary_or_citywide
John Hart Foundation,2021,LYRIC OPERA OF CHICAGO,20 N WACKER DR,CHICAGO,IL,60606,10145,CHARITABLE CONTRIBUTION,990-PF,41.882191369239,-87.637100009791,sited
John Hart Foundation,2021,MEALS ON WHEELS CHICAGO,314 W SUPERIOR ST 300,CHICAGO,IL,60654,2500,CHARITABLE,990-PF,41.895609756967,-87.63707401827,sited
John Hart Foundation,2021,MUSEUM OF CONTEMPORARY ART,200 EAST CHICAGO,CHICAGO,IL,60611,50000,CHARITABLE CONTRIBUTION,990-PF,41.896795438566,-87.624164775796,intermediary_or_citywide
John Hart Foundation,2021,NORTHWESTERN MEMORIAL FOUNDATION,251 E HURON ST,CHICAGO,IL,60611,100000,CHARITABLE CONTRIBUTION,990-PF,41.894944133154,-87.6215156415,intermediary_or_citywide
John Hart Foundation,2021,PREVENT CHILD ABUSE AMERICA,228 S WABASH AVE,CHICAGO,IL,60604,500,CHARITABLE,990-PF,41.87888064402,-87.626181519052,sited
John Hart Foundation,2021,THE CHICAGO FOUNDATION FOR WOMEN,140 S DEARBORN ST,CHICAGO,IL,60603,125000,CHARITABLE CONTRIBUTION,990-PF,41.879807335912,-87.629433511513,intermediary_or_citywide
John Hart Foundation,2021,THE JOFFREY BALLET,10 EAST RANDOLPH ST,CHICAGO,IL,60601,5500,CHARITABLE CONTRIBUTION,990-PF,41.884546846461,-87.62753189865,sited
John Hart Foundation,2021,THE RYAN SANG BIPOLAR FOUNDATION,875 N MICHIGAN AVE,CHICAGO,IL,60611,2500,CHARITABLE,990-PF,41.898768343588,-87.624038249653,intermediary_or_citywide
John Hart Foundation,2021,UCAN,3605 W FILMORE,CHICAGO,IL,60624,2500,CHARITABLE,990-PF,,,intermediary_or_citywide
John Hart Foundation,2021,WTTW 11 WFMT,5400 N ST LOUIS AVE,CHICAGO,IL,60625,15000,CHARITABLE CONTRIBUTION,990-PF,41.979387355038,-87.716147207409,sited
John Hart Foundation,2022,ACCESS LIVING,115 W CHICAGO AVE,CHICAGO,IL,60654,2500,CHARITABLE,990-PF,41.896559368626,-87.632227154611,sited
John Hart Foundation,2022,ACLU FOUNDATION,150 N MICHIGAN AVE,CHICAGO,IL,60601,10000,CHARITABLE,990-PF,41.884931224143,-87.624552861651,intermediary_or_citywide
John Hart Foundation,2022,AMERICAN WRITER MUSEUM,180 N MICHIGAN AVE,CHICAGO,IL,60601,1000,CHARITABLE,990-PF,41.885373782983,-87.624570287649,intermediary_or_citywide
John Hart Foundation,2022,ART INSTITUTE OF CHICAGO,116 S MICHIGAN AVE,CHICAGO,IL,60603,25000,CHARITABLE CONTRIBUTION,990-PF,41.880316555091,-87.624513636521,sited
John Hart Foundation,2022,ARTS OF LIFE,2010 W CARROLL AVE,CHICAGO,IL,60612,2500,CHARITABLE,990-PF,41.887726718898,-87.677128150579,sited
John Hart Foundation,2022,CHI ARTS,521 EAST 35TH STREET,CHICAGO,IL,60616,110000,CHARITABLE CONTRIBUTION,990-PF,41.831072816885,-87.613791785321,sited
John Hart Foundation,2022,CHICAGO COALITION FOR THE HOMELESS,70 EAST LAKE STREET,CHICAGO,IL,60601,2500,CHARITABLE CONTRIBUTION,990-PF,41.885782775355,-87.625858436593,sited
John Hart Foundation,2022,CHICAGO MUSICAL PATHWAYS INITIATIVE,38 PEORIA ST,CHICAGO,IL,60607,1000,CHARITABLE,990-PF,41.881214815794,-87.649760056368,sited
John Hart Foundation,2022,CHICAGO SYMPHONY ORCHESTRA,220 S MICHIGAN AVE,CHICAGO,IL,60604,190000,CHARITABLE CONTRIBUTION,990-PF,41.879261225909,-87.624499386276,sited
John Hart Foundation,2022,ERIKSON INSTITUTE,451 NORTH LASALLE STREET,CHICAGO,IL,60654,25000,CHARITABLE,990-PF,41.890492649322,-87.632388281839,sited
John Hart Foundation,2022,EVERSIGHT,924 W 19TH PL,CHICAGO,IL,60608,2500,CHARITABLE,990-PF,41.856070446897,-87.648454582524,sited
John Hart Foundation,2022,FRANCIS W PARKER SCHOOL,330 W WEBSTER AVE,CHICAGO,IL,60614,10000,CHARITABLE,990-PF,41.922033597766,-87.637843024581,sited
John Hart Foundation,2022,GOODMAN THEATRE,170 N DEARBORN,CHICAGO,IL,60601,105000,CHARITABLE CONTRIBUTION,990-PF,41.885165897733,-87.629554228101,sited
John Hart Foundation,2022,GREATER CHICAGO FOOD DEPOSITORY,4100 W 42ND PL,CHICAGO,IL,60632,50000,CHARITABLE CONTRIBUTION,990-PF,41.816387664333,-87.726295439021,intermediary_or_citywide
John Hart Foundation,2022,INVEST FOR KIDS,875 N MICHIGAN AVE,CHICAGO,IL,60611,15000,CHARITABLE,990-PF,41.898768343588,-87.624038249653,sited
John Hart Foundation,2022,LINCOLN PARK ZOO,PO BOX 14903 CANNON DR,CHICAGO,IL,60614,1000,CHARITABLE CONTRIBUTION,990-PF,,,intermediary_or_citywide
John Hart Foundation,2022,MERIT SCHOOL OF MUSIC,38 S PEORIA STREET,CHICAGO,IL,60607,40000,CHARITABLE CONTRIBUTION,990-PF,41.881214815794,-87.649760056368,sited
John Hart Foundation,2022,NORTHWESTERN MEMORIAL FOUNDATION,251 E HURON ST,CHICAGO,IL,60611,152500,CHARITABLE CONTRIBUTION,990-PF,41.894944133154,-87.6215156415,intermediary_or_citywide
John Hart Foundation,2022,PAWS CHICAGO,1997 N CLYBOURN AVE,CHICAGO,IL,60614,1750,CHARITABLE,990-PF,41.917592542542,-87.658713511266,sited
John Hart Foundation,2022,STEPPENWOLF THEATRE,1650 N HALSTED ST,CHICAGO,IL,60614,100000,CHARITABLE CONTRIBUTION,990-PF,41.912123943602,-87.648384717839,sited
John Hart Foundation,2022,THE JOFFREY BALLET,10 EAST RANDOLPH ST,CHICAGO,IL,60601,11000,CHARITABLE CONTRIBUTION,990-PF,41.884546846461,-87.62753189865,sited
John Hart Foundation,2022,THE NIGHT MINISTRY,1735 N ASHLAND,CHICAGO,IL,60622,5000,CHARITABLE,990-PF,41.913146606144,-87.667683335934,sited
John Hart Foundation,2022,THE RYAN SANG BIPOLAR FOUNDATION,875 N MICHIGAN AVE,CHICAGO,IL,60611,500,CHARITABLE,990-PF,41.898768343588,-87.624038249653,intermediary_or_citywide
John Hart Foundation,2022,THRESHOLDS,4423 N RAVENSWOOD AVE,CHICAGO,IL,60654,2500,CHARITABLE,990-PF,41.961970053688,-87.673909979892,sited
John Hart Foundation,2022,WTTW 11 WFMT,5400 N ST LOUIS AVE,CHICAGO,IL,60625,15000,CHARITABLE CONTRIBUTION,990-PF,41.979387355038,-87.716147207409,sited
John Hart Foundation,2023,ACLU FOUNDATION,150 N MICHIGAN AVE,CHICAGO,IL,60601,2500,CHARITABLE,990-PF,41.884931224143,-87.624552861651,intermediary_or_citywide
John Hart Foundation,2023,ART INSTITUTE OF CHICAGO,116 S MICHIGAN AVE,CHICAGO,IL,60603,30000,CHARITABLE CONTRIBUTION,990-PF,41.880316555091,-87.624513636521,sited
John Hart Foundation,2023,CEDILLE CHICAGO,1205 WEST BALMORAL AVE,CHICAGO,IL,60640,250,CHARITABLE,990-PF,41.979912834946,-87.660065572172,sited
John Hart Foundation,2023,CHI ARTS,521 EAST 35TH STREET,CHICAGO,IL,60616,100000,CHARITABLE CONTRIBUTION,990-PF,41.831072816885,-87.613791785321,sited
John Hart Foundation,2023,CHICAGO MUSICAL PATHWAYS INITIATIVE,38 PEORIA ST,CHICAGO,IL,60607,2500,CHARITABLE,990-PF,41.881214815794,-87.649760056368,sited
John Hart Foundation,2023,CHICAGO SYMPHONY ORCHESTRA,220 S MICHIGAN AVE,CHICAGO,IL,60604,91500,CHARITABLE CONTRIBUTION,990-PF,41.879261225909,-87.624499386276,sited
John Hart Foundation,2023,FAMILY MATTERS,7731 N MARSHFIELD AVE,CHICAGO,IL,60626,2500,CHARITABLE,990-PF,42.021607121712,-87.671813262543,sited
John Hart Foundation,2023,FOUNDATION FOR HEARING & SPEECH,PO BOX 180018,CHICAGO,IL,60618,20000,CHARITABLE,990-PF,,,intermediary_or_citywide
John Hart Foundation,2023,FRANCIS W PARKER SCHOOL,330 W WEBSTER AVE,CHICAGO,IL,60614,10000,CHARITABLE,990-PF,41.922033597766,-87.637843024581,sited
John Hart Foundation,2023,GOODMAN THEATRE,170 N DEARBORN,CHICAGO,IL,60601,250000,CHARITABLE CONTRIBUTION,990-PF,41.885165897733,-87.629554228101,sited
John Hart Foundation,2023,GREATER CHICAGO FOOD DEPOSITORY,4100 W 42ND PL,CHICAGO,IL,60632,35000,CHARITABLE CONTRIBUTION,990-PF,41.816387664333,-87.726295439021,intermediary_or_citywide
John Hart Foundation,2023,INVEST FOR KIDS,875 N MICHIGAN AVE,CHICAGO,IL,60611,15000,CHARITABLE,990-PF,41.898768343588,-87.624038249653,sited
John Hart Foundation,2023,LINCOLN PARK ZOO,PO BOX 14903 CANNON DR,CHICAGO,IL,60614,131250,CHARITABLE CONTRIBUTION,990-PF,,,intermediary_or_citywide
John Hart Foundation,2023,LYRIC OPERA OF CHICAGO,20 N WACKER DR,CHICAGO,IL,60606,10000,CHARITABLE CONTRIBUTION,990-PF,41.882191369239,-87.637100009791,sited
John Hart Foundation,2023,MERIT SCHOOL OF MUSIC,38 S PEORIA STREET,CHICAGO,IL,60607,40000,CHARITABLE CONTRIBUTION,990-PF,41.881214815794,-87.649760056368,sited
John Hart Foundation,2023,MUSEUM OF CONTEMPORARY ART,200 EAST CHICAGO,CHICAGO,IL,60611,50000,CHARITABLE CONTRIBUTION,990-PF,41.896795438566,-87.624164775796,intermediary_or_citywide
John Hart Foundation,2023,NORTHWESTERN MEMORIAL FOUNDATION,251 E HURON ST,CHICAGO,IL,60611,150000,CHARITABLE CONTRIBUTION,990-PF,41.894944133154,-87.6215156415,intermediary_or_citywide
John Hart Foundation,2023,PAWS CHICAGO,1997 N CLYBOURN AVE,CHICAGO,IL,60614,1000,CHARITABLE,990-PF,41.917592542542,-87.658713511266,sited
John Hart Foundation,2023,STEPPENWOLF THEATRE,1650 N HALSTED ST,CHICAGO,IL,60614,125000,CHARITABLE CONTRIBUTION,990-PF,41.912123943602,-87.648384717839,sited
John Hart Foundation,2023,THE JOFFREY BALLET,10 EAST RANDOLPH ST,CHICAGO,IL,60601,11000,CHARITABLE CONTRIBUTION,990-PF,41.884546846461,-87.62753189865,sited
John Hart Foundation,2023,THE NIGHT MINISTRY,1735 N ASHLAND,CHICAGO,IL,60622,5000,CHARITABLE,990-PF,41.913146606144,-87.667683335934,sited
John Hart Foundation,2023,WTTW 11 WFMT,5400 N ST LOUIS AVE,CHICAGO,IL,60625,10000,CHARITABLE CONTRIBUTION,990-PF,41.979387355038,-87.716147207409,sited
John Hart Foundation,2023,FORWARD MOMENTUM CHICAGO,1530 S STATE ST UNIT G01,CHICAGO,IL,60605,1000,CHARITABLE,990-PF,41.861206535785,-87.627444756278,sited
John Hart Foundation,2024,ART INSTITUTE OF CHICAGO,116 S MICHIGAN AVE,CHICAGO,IL,60603,30000,CHARITABLE CONTRIBUTION,990-PF,41.880316555091,-87.624513636521,sited
John Hart Foundation,2024,ARTS OF LIFE,2010 W CARROLL AVE,CHICAGO,IL,60612,3500,CHARITABLE,990-PF,41.887726718898,-87.677128150579,sited
John Hart Foundation,2024,CENTER ON HALSTED,3656 N HALSTED,CHICAGO,IL,60613,2500,CHARITABLE CONTRIBUTION,990-PF,41.947887176906,-87.649583423594,sited
John Hart Foundation,2024,CHI ARTS,521 EAST 35TH STREET,CHICAGO,IL,60616,115000,CHARITABLE CONTRIBUTION,990-PF,41.831072816885,-87.613791785321,sited
John Hart Foundation,2024,CHICAGO SYMPHONY ORCHESTRA,220 S MICHIGAN AVE,CHICAGO,IL,60604,90000,CHARITABLE CONTRIBUTION,990-PF,41.879261225909,-87.624499386276,sited
John Hart Foundation,2024,FAMILY MATTERS,7731 N MARSHFIELD AVE,CHICAGO,IL,60626,3500,CHARITABLE,990-PF,42.021607121712,-87.671813262543,sited
John Hart Foundation,2024,FOUNDATION FOR HEARING & SPEECH,PO BOX 180018,CHICAGO,IL,60618,50000,CHARITABLE,990-PF,,,intermediary_or_citywide
John Hart Foundation,2024,FRANCIS W PARKER SCHOOL,330 W WEBSTER AVE,CHICAGO,IL,60614,10000,CHARITABLE,990-PF,41.922033597766,-87.637843024581,sited
John Hart Foundation,2024,FRIENDS OF THE CHILDREN,231 PINE AVE,CHICAGO,IL,60644,10000,CHARITABLE,990-PF,41.884733276749,-87.763265219749,sited
John Hart Foundation,2024,GOODMAN THEATRE,170 N DEARBORN,CHICAGO,IL,60601,50000,CHARITABLE CONTRIBUTION,990-PF,41.885165897733,-87.629554228101,sited
John Hart Foundation,2024,GREATER CHICAGO FOOD DEPOSITORY,4100 W 42ND PL,CHICAGO,IL,60632,50000,CHARITABLE CONTRIBUTION,990-PF,41.816387664333,-87.726295439021,intermediary_or_citywide
John Hart Foundation,2024,INGENUITY,440 N WELLS ST,CHICAGO,IL,60654,5000,CHARITABLE,990-PF,41.890170853726,-87.634111271441,sited
John Hart Foundation,2024,INVEST FOR KIDS,875 N MICHIGAN AVE,CHICAGO,IL,60611,15000,CHARITABLE,990-PF,41.898768343588,-87.624038249653,sited
John Hart Foundation,2024,LINCOLN PARK ZOO,PO BOX 14903 CANNON DR,CHICAGO,IL,60614,150000,CHARITABLE CONTRIBUTION,990-PF,,,intermediary_or_citywide
John Hart Foundation,2024,LYRIC OPERA OF CHICAGO,20 N WACKER DR,CHICAGO,IL,60606,10000,CHARITABLE CONTRIBUTION,990-PF,41.882191369239,-87.637100009791,sited
John Hart Foundation,2024,MERIT SCHOOL OF MUSIC,38 S PEORIA STREET,CHICAGO,IL,60607,50000,CHARITABLE CONTRIBUTION,990-PF,41.881214815794,-87.649760056368,sited
John Hart Foundation,2024,MUSEUM OF CONTEMPORARY ART,200 EAST CHICAGO,CHICAGO,IL,60611,50000,CHARITABLE CONTRIBUTION,990-PF,41.896795438566,-87.624164775796,intermediary_or_citywide
John Hart Foundation,2024,NORTHWESTERN MEMORIAL FOUNDATION,251 E HURON ST,CHICAGO,IL,60611,150000,CHARITABLE CONTRIBUTION,990-PF,41.894944133154,-87.6215156415,intermediary_or_citywide
John Hart Foundation,2024,PAWS CHICAGO,1997 N CLYBOURN AVE,CHICAGO,IL,60614,1000,CHARITABLE,990-PF,41.917592542542,-87.658713511266,sited
John Hart Foundation,2024,STEPPENWOLF THEATRE,1650 N HALSTED ST,CHICAGO,IL,60614,125000,CHARITABLE CONTRIBUTION,990-PF,41.912123943602,-87.648384717839,sited
John Hart Foundation,2024,THE JOFFREY BALLET,10 EAST RANDOLPH ST,CHICAGO,IL,60601,11000,CHARITABLE CONTRIBUTION,990-PF,41.884546846461,-87.62753189865,sited
John Hart Foundation,2024,WTTW 11 WFMT,5400 N ST LOUIS AVE,CHICAGO,IL,60625,10000,CHARITABLE CONTRIBUTION,990-PF,41.979387355038,-87.716147207409,sited
John Hart Foundation,2024,CHICAGO FOUNDATION FOR WOMEN,140 SOUTH DEARBORN ST 400,CHICAGO,IL,60603,25000,CHARITABLE,990-PF,41.879807335912,-87.629433511513,intermediary_or_citywide
John Hart Foundation,2024,A BETTER CHICAGO,200 W MADISON ST 3RD FLOOR,CHICAGO,IL,60606,7500,CHARITABLE,990-PF,41.881999441643,-87.633899204958,sited
Stephen W and Susan M Baird Foundation,2021,OLD TOWN SCHOOL OF FOLK MUSIC,909 W ARMITAGE AVE,CHICAGO,IL,60614,1000,GENERAL AND UNRESTRICTED,990-PF,41.918080505271,-87.651279093719,sited
Stephen W and Susan M Baird Foundation,2021,THE TRUST FOR PUBLIC LAND,CHICAGO FIELD OFFICE 53 W JACKSON,CHICAGO,IL,60604,35000,GENERAL AND UNRESTRICTED,990-PF,,,intermediary_or_citywide
Stephen W and Susan M Baird Foundation,2021,CHICAGO PUBLIC MEDIA,848 EAST GRAND AVENUE,CHICAGO,IL,60611,225000,GENERAL AND UNRESTRICTED,990-PF,41.892187438564,-87.609927254642,sited
Stephen W and Susan M Baird Foundation,2021,THE ART INSTITUTE OF CHICAGO,111 S MICHIGAN AVE,CHICAGO,IL,60603,2500,GENERAL AND UNRESTRICTED,990-PF,41.880649213362,-87.624171570115,sited
Stephen W and Susan M Baird Foundation,2021,LURIE CHILDREN'S HOSPITAL,225 E CHICAGO AVE,CHICAGO,IL,60611,10000,GENERAL AND UNRESTRICTED,990-PF,41.896693751301,-87.622923905467,intermediary_or_citywide
Stephen W and Susan M Baird Foundation,2021,CHICAGO SHAKESPEARE THEATER,800 E GRAND AVE,CHICAGO,IL,60611,1000,GENERAL AND UNRESTRICTED,990-PF,41.892187438564,-87.609927254642,sited
Stephen W and Susan M Baird Foundation,2021,THE CHICAGO COMMUNITY TRUST,225 N MICHIGAN AVE STE 2200,CHICAGO,IL,60601,197500,GENERAL AND UNRESTRCITED,990-PF,41.886567067898,-87.624456678273,intermediary_or_citywide
Stephen W and Susan M Baird Foundation,2021,BULLETIN FOR THE ATOMIC SCIENTISTS,PO BOX 15461,CHICAGO,IL,60615,3000,GENERAL AND UNRESTRICTED,990-PF,,,intermediary_or_citywide
Stephen W and Susan M Baird Foundation,2021,SHIRLEY RYAN ABILITY LAB,355 E ERIE ST,CHICAGO,IL,60611,1500,GENERAL AND UNRESTRICTED,990-PF,41.894168660526,-87.619125924909,sited
Stephen W and Susan M Baird Foundation,2021,START EARLY,33 WEST MONROE ST STE 1200,CHICAGO,IL,60603,60000,GENERAL AND UNRESTRICTED,990-PF,41.880666800206,-87.629157524398,sited
Stephen W and Susan M Baird Foundation,2021,THE UNIVERSITY OF CHICAGO,5801 SELLIS AVE,CHICAGO,IL,60637,1000,GENERAL AND UNRESTRICTED,990-PF,41.789553508174,-87.601183264568,intermediary_or_citywide
Stephen W and Susan M Baird Foundation,2021,THE UNIVERSITY OF ILLINOIS,1200 WEST HARRISON ST,CHICAGO,IL,60607,165000,GENERAL AND UNRESTRICTED,990-PF,41.874276179726,-87.657008351176,intermediary_or_citywide
Stephen W and Susan M Baird Foundation,2021,RUSH UNIVERSITY MEDICAL CENTER,1653 W CONGRESS PKWY,CHICAGO,IL,60612,5000,GENERAL AND UNRESTRICTED,990-PF,,,intermediary_or_citywide
Stephen W and Susan M Baird Foundation,2021,CHICAGO HUMANITIES FESTIVAL,500 N DEARBORN ST,CHICAGO,IL,60654,3000,GENERAL AND UNRESTRICTED,990-PF,41.875822893506,-87.629320471942,intermediary_or_citywide
Stephen W and Susan M Baird Foundation,2021,YMCA OF METRO CHICAGO,1030 W VAN BUREN ST,CHICAGO,IL,60607,5000,GENERAL AND UNRESTRICTED,990-PF,41.876644443627,-87.653069961149,sited
Stephen W and Susan M Baird Foundation,2021,DEPAUL COLEMAN ENTREPRENEURSHIP CENTER,1 E JACKSON BLVD,CHICAGO,IL,60604,5000,GENERAL AND UNRESTRICTED,990-PF,41.878153806501,-87.627572334786,sited
Stephen W and Susan M Baird Foundation,2021,ANIXTER CENTER,6610 N CLARK ST,CHICAGO,IL,60626,1000,GENERAL AND UNRESTRICTED,990-PF,42.002030972542,-87.67205195963,sited
Stephen W and Susan M Baird Foundation,2021,CHICAGO SYMPHONY ORCHESTRA,220 S MICHIGAN AVE,CHICAGO,IL,60604,2500,GENERAL AND UNRESTRICTED,990-PF,41.879261225909,-87.624499386276,sited
Stephen W and Susan M Baird Foundation,2021,WTTW,5400 N SAINT LOUIS AVE,CHICAGO,IL,60625,10000,GENERAL AND UNRESTRICTED,990-PF,41.979387355038,-87.716147207409,sited
Stephen W and Susan M Baird Foundation,2021,FIELD MUSEUM,1400S LAKE SHORE DR,CHICAGO,IL,60605,28500,GENERAL AND UNRESTRICTED,990-PF,41.868263653882,-87.617866676914,intermediary_or_citywide
Stephen W and Susan M Baird Foundation,2021,IMPACT GRANTS CHICAGO,PO BOX 578082,CHICAGO,IL,60657,1100,GENERAL AND UNRESTRICTED,990-PF,,,intermediary_or_citywide
Stephen W and Susan M Baird Foundation,2021,THE JOFFREY BALLET,10 E RANDOLPH ST,CHICAGO,IL,60601,2000,GENERAL AND UNRESTRICTED,990-PF,41.884546846461,-87.62753189865,sited
Stephen W and Susan M Baird Foundation,2021,ORIENTAL INSITUTE,1155 E 58TH ST,CHICAGO,IL,60637,2500,GENERAL AND UNRESTRICTED,990-PF,41.789553864111,-87.597816253187,sited
Stephen W and Susan M Baird Foundation,2022,ALLIES FOR COMMUNITY BUSINESS,135 N KEDZIE AVE,CHICAGO,IL,60612,30000,GENERAL AND UNRESTRICTED,990-PF,41.884052365004,-87.706133523753,sited
Stephen W and Susan M Baird Foundation,2022,AMERICAN RED CROSS,2200 W HARRISON ST,CHICAGO,IL,60612,5000,GENERAL AND UNRESTRICTED,990-PF,41.874022733816,-87.681427159324,sited
Stephen W and Susan M Baird Foundation,2022,THE TRUST FOR PUBLIC LAND,CHICAGO FIELD OFFICE 53 W JACKSON,CHICAGO,IL,60604,77500,GENERAL AND UNRESTRICTED,990-PF,,,intermediary_or_citywide
Stephen W and Susan M Baird Foundation,2022,CHICAGO PUBLIC MEDIA,848 EAST GRAND AVENUE,CHICAGO,IL,60611,155000,GENERAL AND UNRESTRICTED,990-PF,41.892187438564,-87.609927254642,sited
Stephen W and Susan M Baird Foundation,2022,THE ART INSTITUTE OF CHICAGO,111 S MICHIGAN AVE,CHICAGO,IL,60603,10000,GENERAL AND UNRESTRICTED,990-PF,41.880649213362,-87.624171570115,sited
Stephen W and Susan M Baird Foundation,2022,EVERGREEN CLIMATE INNOVATIONS,20 N WACKER DRIVE STE 1200,CHICAGO,IL,60606,50000,GENERAL AND UNRESTRICTED,990-PF,41.882191369239,-87.637100009791,sited
Stephen W and Susan M Baird Foundation,2022,LURIE CHILDREN'S HOSPITAL,225 E CHICAGO AVE,CHICAGO,IL,60611,60000,GENERAL AND UNRESTRICTED,990-PF,41.896693751301,-87.622923905467,intermediary_or_citywide
Stephen W and Susan M Baird Foundation,2022,CHICAGO SHAKESPEARE THEATER,800 E GRAND AVE,CHICAGO,IL,60611,1000,GENERAL AND UNRESTRICTED,990-PF,41.892187438564,-87.609927254642,sited
Stephen W and Susan M Baird Foundation,2022,MIKVA CHALLENGE GRANT FOUNDATION,200 S MICHIGAN AVE,CHICAGO,IL,60604,2500,GENERAL AND UNRESTRICTED,990-PF,41.879498661338,-87.624506074574,intermediary_or_citywide
Stephen W and Susan M Baird Foundation,2022,THE CHICAGO COMMUNITY TRUST,225 N MICHIGAN AVE STE 2200,CHICAGO,IL,60601,397500,GENERAL AND UNRESTRCITED,990-PF,41.886567067898,-87.624456678273,intermediary_or_citywide
Stephen W and Susan M Baird Foundation,2022,BULLETIN FOR THE ATOMIC SCIENTISTS,PO BOX 15461,CHICAGO,IL,60615,5000,GENERAL AND UNRESTRICTED,990-PF,,,intermediary_or_citywide
Stephen W and Susan M Baird Foundation,2022,VOCEL,1550 W CARROL AVE,CHICAGO,IL,60607,35000,GENERAL AND UNRESTRICTED,990-PF,41.88745896559,-87.665987437886,sited
Stephen W and Susan M Baird Foundation,2022,RUSH UNIVERSITY MEDICAL CENTER,1653 W CONGRESS PKWY,CHICAGO,IL,60612,5000,GENERAL AND UNRESTRICTED,990-PF,,,intermediary_or_citywide
Stephen W and Susan M Baird Foundation,2022,DEPAUL UNIVERSITY,1 E JACKSON BLVD,CHICAGO,IL,60604,5000,GENERAL AND UNRESTRICTED,990-PF,41.878153806501,-87.627572334786,intermediary_or_citywide
Stephen W and Susan M Baird Foundation,2022,WTTW,5400 N SAINT LOUIS AVE,CHICAGO,IL,60625,25000,GENERAL AND UNRESTRICTED,990-PF,41.979387355038,-87.716147207409,sited
Stephen W and Susan M Baird Foundation,2022,FIELD MUSEUM,1400S LAKE SHORE DR,CHICAGO,IL,60605,5000,GENERAL AND UNRESTRICTED,990-PF,41.868263653882,-87.617866676914,intermediary_or_citywide
Stephen W and Susan M Baird Foundation,2022,ORIENTAL INSITUTE,1155 E 58TH ST,CHICAGO,IL,60637,5000,GENERAL AND UNRESTRICTED,990-PF,41.789553864111,-87.597816253187,sited
Stephen W and Susan M Baird Foundation,2022,CHICAGO SYMPHONY ORCHESTRA,220 S MICHIGAN AVE,CHICAGO,IL,60604,5000,GENERAL AND UNRESTRICTED,990-PF,41.879261225909,-87.624499386276,sited
Stephen W and Susan M Baird Foundation,2023,ALLIES FOR COMMUNITY BUSINESS,135 N KEDZIE AVENUE,CHICAGO,IL,60612,50000,GENERAL AND UNRESTRICTED,990-PF,41.884052365004,-87.706133523753,sited
Stephen W and Susan M Baird Foundation,2023,ANN & ROBERT H LURIE CHILDREN'S HOSPITAL OF CHICAGO,225 EAST CHICAGO AVENUE BOX 4,CHICAGO,IL,60611,60000,GENERAL AND UNRESTRICTED,990-PF,41.896693751301,-87.622923905467,intermediary_or_citywide
Stephen W and Susan M Baird Foundation,2023,CAROLE ROBERTSON CENTER FOR LEARNING,1111 S WESTERN AVE SUITE B,CHICAGO,IL,60612,50000,GENERAL AND UNRESTRICTED,990-PF,41.86807167016,-87.686001358073,sited
Stephen W and Susan M Baird Foundation,2023,CHICAGO MEDIA PROJECT,301 WEST GRAND AVENUE 170,CHICAGO,IL,60654,60000,GENERAL AND UNRESTRICTED,990-PF,41.891505848714,-87.635654215084,sited
Stephen W and Susan M Baird Foundation,2023,CHICAGO PUBLIC MEDIA WBEZ,848 EAST GRAND AVENUE,CHICAGO,IL,60611,120000,GENERAL AND UNRESTRICTED,990-PF,41.892187438564,-87.609927254642,sited
Stephen W and Susan M Baird Foundation,2023,ERIE FAMILY HEALTH FOUNDATION,1701 W SUPERIOR STREET,CHICAGO,IL,60622,20000,GENERAL AND UNRESTRICTED,990-PF,41.89505944276,-87.669771270814,sited
Stephen W and Susan M Baird Foundation,2023,EVERGREEN CLIMATE INNOVATIONS,20 NORTH WACKER DRIVE SUITE 1200,CHICAGO,IL,60606,50000,GENERAL AND UNRESTRICTED,990-PF,41.882191369239,-87.637100009791,sited
Stephen W and Susan M Baird Foundation,2023,START EARLY,33 WEST MONROE STREET SUITE 1200,CHICAGO,IL,60603,10000,GENERAL AND UNRESTRICTED,990-PF,41.880666800206,-87.629157524398,sited
Stephen W and Susan M Baird Foundation,2023,CHICAGO COMMUNITY FOUNDATION,33 SOUTH STATE STREET SUITE 750,CHICAGO,IL,60603,247500,GENERAL AND UNRESTRICTED,990-PF,41.881652198165,-87.627682025192,intermediary_or_citywide
Stephen W and Susan M Baird Foundation,2023,VOCEL VIEWING OUR CHILDREN AS EMERGING LEADERS NFP,1550 WEST CARROL AVENUE 203,CHICAGO,IL,60607,25000,GENERAL AND UNRESTRICTED,990-PF,41.88745896559,-87.665987437886,sited
Stephen W and Susan M Baird Foundation,2023,WORKING IN THE SCHOOLS,150 N WACKER DR STE 1120,CHICAGO,IL,60606,10000,GENERAL AND UNRESTRICTED,990-PF,41.885075882296,-87.637107896676,sited
Stephen W and Susan M Baird Foundation,2023,WTTW WINDOW TO THE WORLD COMMUNICATIONS,5400 NORTH ST LOUIS AVENUE,CHICAGO,IL,60625,25000,GENERAL AND UNRESTRICTED,990-PF,41.979387355038,-87.716147207409,sited
Stephen W and Susan M Baird Foundation,2024,ALLIES FOR COMMUNITY BUSINESS,135 N KEDZIE AVENUE,CHICAGO,IL,60612,50000,GENERAL AND UNRESTRICTED,990-PF,41.884052365004,-87.706133523753,sited
Stephen W and Susan M Baird Foundation,2024,ANN & ROBERT H LURIE CHILDREN'S HOSPITAL OF CHICAGO,225 EAST CHICAGO AVENUE BOX 4,CHICAGO,IL,60611,10000,GENERAL AND UNRESTRICTED,990-PF,41.896693751301,-87.622923905467,intermediary_or_citywide
Stephen W and Susan M Baird Foundation,2024,CAROLE ROBERTSON CENTER FOR LEARNING,1111 S WESTERN AVE SUITE B,CHICAGO,IL,60612,65000,GENERAL AND UNRESTRICTED,990-PF,41.86807167016,-87.686001358073,sited
Stephen W and Susan M Baird Foundation,2024,CHICAGO COMMUNITY FOUNDATION,33 SOUTH STATE STREET SUITE 750,CHICAGO,IL,60603,247500,GENERAL AND UNRESTRICTED,990-PF,41.881652198165,-87.627682025192,intermediary_or_citywide
Stephen W and Susan M Baird Foundation,2024,CHICAGO MEDIA PROJECT,301 WEST GRAND AVENUE 170,CHICAGO,IL,60654,35000,GENERAL AND UNRESTRICTED,990-PF,41.891505848714,-87.635654215084,sited
Stephen W and Susan M Baird Foundation,2024,CHICAGO PUBLIC MEDIA WBEZ,848 EAST GRAND AVENUE,CHICAGO,IL,60611,125000,GENERAL AND UNRESTRICTED,990-PF,41.892187438564,-87.609927254642,sited
Stephen W and Susan M Baird Foundation,2024,ERIE FAMILY HEALTH FOUNDATION,1701 W SUPERIOR STREET,CHICAGO,IL,60622,25000,GENERAL AND UNRESTRICTED,990-PF,41.89505944276,-87.669771270814,sited
Stephen W and Susan M Baird Foundation,2024,EVERGREEN CLIMATE INNOVATIONS,20 NORTH WACKER DRIVE SUITE 1200,CHICAGO,IL,60606,50000,GENERAL AND UNRESTRICTED,990-PF,41.882191369239,-87.637100009791,sited
Stephen W and Susan M Baird Foundation,2024,VOCEL VIEWING OUR CHILDREN AS EMERGING LEADERS NFP,1550 WEST CARROL AVENUE 203,CHICAGO,IL,60607,25000,GENERAL AND UNRESTRICTED,990-PF,41.88745896559,-87.665987437886,sited
Stephen W and Susan M Baird Foundation,2024,WORKING IN THE SCHOOLS,150 N WACKER DR STE 1120,CHICAGO,IL,60606,10000,GENERAL AND UNRESTRICTED,990-PF,41.885075882296,-87.637107896676,sited
Stephen W and Susan M Baird Foundation,2024,WTTW WINDOW TO THE WORLD COMMUNICATIONS,5400 NORTH ST LOUIS AVENUE,CHICAGO,IL,60625,10000,GENERAL AND UNRESTRICTED,990-PF,41.979387355038,-87.716147207409,sited
Stephen W and Susan M Baird Foundation,2024,ELEVATE ENERGY,322 SOUTH GREEN STREET SUITE 300,CHICAGO,IL,60607,10000,GENERAL AND UNRESTRICTED,990-PF,41.877610205745,-87.648476895173,sited
Stephen W and Susan M Baird Foundation,2024,ENVIRONMENTAL LAW & POLICY CENTER,35 EAST WACKER DRIVE SUITE 1600,CHICAGO,IL,60601,10000,GENERAL AND UNRESTRICTED,990-PF,41.887530047162,-87.625851774658,sited
Stephen W and Susan M Baird Foundation,2024,LITTLE VILLAGE ENVIRONMENTAL JUSTICE ORGANIZATION,2501 SOUTH WHIPPLE STREET,CHICAGO,IL,60623,10000,GENERAL AND UNRESTRICTED,990-PF,41.846327482392,-87.701337700952,sited
Stephen W and Susan M Baird Foundation,2024,PROOFING STATION,500 WEST MADISON STREET 1000,CHICAGO,IL,60661,25000,GENERAL AND UNRESTRICTED,990-PF,41.881945441978,-87.639762703171,intermediary_or_citywide
Stephen W and Susan M Baird Foundation,2024,VIVERY COMMUNITY,351 W HUBBARD STREET SUITE 709,CHICAGO,IL,60654,10000,GENERAL AND UNRESTRICTED,990-PF,41.889883316038,-87.637054652602,sited
DRW Foundation,2021,BRAVE SPACE ALLIANCE,1515 E 52ND PL FL 3,CHICAGO,IL,60615,10000,GENERAL SUPPORT,990-PF,41.799966861827,-87.588900442913,sited
DRW Foundation,2021,CHICAGO SCHOLARS FOUNDATION,247 SOUTH STATE STREET SUITE 700,CHICAGO,IL,60604,51946,GENERAL SUPPORT,990-PF,41.878856274586,-87.627616953938,intermediary_or_citywide
DRW Foundation,2021,CHICAGO TECH ACADEMY HIGH SCHOOL,1301 W 14TH STREET,CHICAGO,IL,60608,80900,GENERAL SUPPORT,990-PF,41.863325168406,-87.659101343804,sited
DRW Foundation,2021,CODE PLATOON,125 S CLARK STREET 17TH FLOOR,CHICAGO,IL,60603,53230,GENERAL SUPPORT,990-PF,41.879894571142,-87.630755983561,sited
DRW Foundation,2021,FEEDING AMERICA,161 NORTH CLARK STREET SUITE 700,CHICAGO,IL,60601,500,GENERAL SUPPORT,990-PF,41.885238782678,-87.630883288957,sited
DRW Foundation,2021,GREATER CHICAGO FOOD DEPOSITORY,4100 W ANN LURIE PLACE,CHICAGO,IL,60622,50000,GENERAL SUPPORT,990-PF,,,intermediary_or_citywide
DRW Foundation,2021,GREENWOOD PROJECT,118 N CLINTON STREET 202,CHICAGO,IL,60661,101313,GENERAL SUPPORT,990-PF,41.883722056026,-87.641328500359,sited
DRW Foundation,2021,INVEST FOR KIDS,875 N MICHIGAN AVENUE,CHICAGO,IL,60611,25000,GENERAL SUPPORT,990-PF,41.898768343588,-87.624038249653,sited
DRW Foundation,2021,KIDS FIRST CHICAGO FOR EDUCATION,21 S CLARK STREET SUITE 4301,CHICAGO,IL,60603,101925,GENERAL SUPPORT,990-PF,41.881923760895,-87.630803072709,sited
DRW Foundation,2021,MAKE MOMMA PROUD,1947 S CANALPORT AVE 2,CHICAGO,IL,60616,11760,GENERAL SUPPORT,990-PF,41.856050874941,-87.64329925086,sited
DRW Foundation,2021,METROSQUASH,6100 S COTTAGE GROVE AVENUE,CHICAGO,IL,60637,77283,GENERAL SUPPORT,990-PF,41.783999944407,-87.606083349791,sited
DRW Foundation,2021,MY BLOCK MY HOOD MY CITY,47 W POLK ST STE 100,CHICAGO,IL,60605,20000,GENERAL SUPPORT,990-PF,41.872227851641,-87.628870808889,sited
DRW Foundation,2021,NOBLE NETWORK OF CHARTER SCHOOLS,1 N STATE STREET 7-LOWER,CHICAGO,IL,60602,392979,GENERAL SUPPORT,990-PF,41.882657943888,-87.627775865919,sited
DRW Foundation,2021,OUTREACH WITH LACROSSE & SCHOOLS (OWLS) LACROSSE,1772 W AINSLIE ST,CHICAGO,IL,60640,51050,GENERAL SUPPORT,990-PF,41.971852518405,-87.673724193945,sited
DRW Foundation,2021,START EARLY,33 WEST MONROE STREET SUITE 1200,CHICAGO,IL,60603,53340,GENERAL SUPPORT,990-PF,41.880666800206,-87.629157524398,sited
DRW Foundation,2021,VOCEL VIEWING OUR CHILDREN AS EMERGING LEADERS,5317 W CHICAGO AVENUE,CHICAGO,IL,60651,20654,GENERAL SUPPORT,990-PF,41.894853854979,-87.75837321066,sited
DRW Foundation,2022,BEAT THE STREETS CHICAGO,2189 W BOWLER ST,CHICAGO,IL,60601,75000,GENERAL SUPPORT,990-PF,41.870452638226,-87.680867081915,sited
DRW Foundation,2022,BRAVE SPACE ALLIANCE,1515 E 52ND PL FL 3,CHICAGO,IL,60615,10000,GENERAL SUPPORT,990-PF,41.799966861827,-87.588900442913,sited
DRW Foundation,2022,CHICAGO SCHOLARS FOUNDATION,247 SOUTH STATE STREET SUITE 700,CHICAGO,IL,60604,50000,GENERAL SUPPORT,990-PF,41.878856274586,-87.627616953938,intermediary_or_citywide
DRW Foundation,2022,CHICAGO TECH ACADEMY HIGH SCHOOL,1301 W 14TH STREET,CHICAGO,IL,60608,100000,GENERAL SUPPORT,990-PF,41.863325168406,-87.659101343804,sited
DRW Foundation,2022,CODE PLATOON,125 S CLARK STREET 17TH FL,CHICAGO,IL,60603,150000,GENERAL SUPPORT,990-PF,41.879894571142,-87.630755983561,sited
DRW Foundation,2022,GREENWOOD PROJECT,118 N CLINTON STREET 202,CHICAGO,IL,60661,150000,GENERAL SUPPORT,990-PF,41.883722056026,-87.641328500359,sited
DRW Foundation,2022,HYDE PARK ART CENTER,5020 S CORNELL AVE,CHICAGO,IL,60615,20000,GENERAL SUPPORT,990-PF,41.804102033512,-87.586553130653,sited
DRW Foundation,2022,INSPIRATION CORPORATION,4554 N BROADWAY SUITE 207,CHICAGO,IL,60640,40000,GENERAL SUPPORT,990-PF,41.964552431543,-87.657020755639,sited
DRW Foundation,2022,INSTITUTO DEL PROGRESO LATINO,2520 S WESTERN AVE,CHICAGO,IL,60608,10000,GENERAL SUPPORT,990-PF,41.845945979033,-87.685554713213,sited
DRW Foundation,2022,INVEST FOR KIDS INC,875 N MICHIGAN AVENUE,CHICAGO,IL,60611,25000,GENERAL SUPPORT,990-PF,41.898768343588,-87.624038249653,sited
DRW Foundation,2022,KIDS FIRST CHICAGO FOR EDUCATION,21 S CLARK STREET SUITE 4301,CHICAGO,IL,60603,100000,GENERAL SUPPORT,990-PF,41.881923760895,-87.630803072709,sited
DRW Foundation,2022,MAKE MOMMA PROUD,1947 S CANALPORT AVE 2,CHICAGO,IL,60616,10000,GENERAL SUPPORT,990-PF,41.856050874941,-87.64329925086,sited
DRW Foundation,2022,METROSQUASH NFP,6100 S COTTAGE GROVE AVENUE,CHICAGO,IL,60637,100000,GENERAL SUPPORT,990-PF,41.783999944407,-87.606083349791,sited
DRW Foundation,2022,NOBLE NETWORK OF CHARTER SCHOOLS,1 NORTH STATE STREET 7-LOWER,CHICAGO,IL,60602,263145,GENERAL SUPPORT,990-PF,41.882657943888,-87.627775865919,sited
DRW Foundation,2022,OPEN BOOKS LTD,651 W LAKE ST,CHICAGO,IL,60661,30000,GENERAL SUPPORT,990-PF,41.885637850218,-87.644609464264,sited
DRW Foundation,2022,OWLS LACROSSE,1772 W AINSLIE ST,CHICAGO,IL,60640,75000,GENERAL SUPPORT,990-PF,41.971852518405,-87.673724193945,sited
DRW Foundation,2022,PAWS CHICAGO,1997 N CLYOURN AVE,CHICAGO,IL,60614,1000,GENERAL SUPPORT,990-PF,41.917592542542,-87.658713511266,sited
DRW Foundation,2022,READING IN MOTION,641 W LAKE STREET STE 200,CHICAGO,IL,60661,5000,GENERAL SUPPORT,990-PF,41.88563785021,-87.644465335155,sited
DRW Foundation,2022,RESILIENCE,180 N MICHIGAN AVE STE 600,CHICAGO,IL,60601,25000,GENERAL SUPPORT,990-PF,41.885373782983,-87.624570287649,sited
DRW Foundation,2022,START EARLY,33 WEST MONROE STREET SUITE 1200,CHICAGO,IL,60603,75000,GENERAL SUPPORT,990-PF,41.880666800206,-87.629157524398,sited
DRW Foundation,2022,THE ALLIANCE 98,2738 S AYERS AVE,CHICAGO,IL,60623,15000,GENERAL SUPPORT,990-PF,41.841733345449,-87.720897874236,sited
DRW Foundation,2022,THE BLOC,1345 N KARLOV AVENUE,CHICAGO,IL,60651,110000,GENERAL SUPPORT,990-PF,41.905721999559,-87.728773393441,sited
DRW Foundation,2022,UNIVERSITY OF CHICAGO,5235 S HARPER COURT 4TH FL,CHICAGO,IL,60615,18000,GENERAL SUPPORT,990-PF,41.799935726883,-87.588037196681,sited
DRW Foundation,2022,VOCEL,5317 W CHICAGO AVENUE,CHICAGO,IL,60651,20000,GENERAL SUPPORT,990-PF,41.894853854979,-87.75837321066,sited
DRW Foundation,2023,A BETTER CHICAGO,200 W MADISON ST FL 3,CHICAGO,IL,60606,15000,GENERAL SUPPORT,990-PF,41.881999441643,-87.633899204958,sited
DRW Foundation,2023,AFTER SCHOOL MATTERS INC,66 E RANDOLPH ST,CHICAGO,IL,60601,2500,GENERAL SUPPORT,990-PF,41.88455544074,-87.625548107337,sited
DRW Foundation,2023,AMERICA SCORES CHICAGO,600 W CERMAK RD STE 204,CHICAGO,IL,60616,5000,GENERAL SUPPORT,990-PF,41.852757353697,-87.64268011057,sited
DRW Foundation,2023,AUTISM SPEAKS,2829 N LINCOLN AVE,CHICAGO,IL,60657,10000,GENERAL SUPPORT,990-PF,41.933126606004,-87.659389554168,sited
DRW Foundation,2023,BEAT THE STREETS CHICAGO,5985 S ARCHER AVE,CHICAGO,IL,60638,75000,GENERAL SUPPORT,990-PF,41.79509576711,-87.766033556657,sited
DRW Foundation,2023,BOTTOM LINE,200 N LASALLE ST,CHICAGO,IL,60601,5000,GENERAL SUPPORT,990-PF,41.885796837609,-87.632526709602,sited
DRW Foundation,2023,BOTTOM LINE,200 N LASALLE ST,CHICAGO,IL,60601,100000,GENERAL SUPPORT,990-PF,41.885796837609,-87.632526709602,sited
DRW Foundation,2023,CHICAGO SCHOLARS FOUNDATION,247 S STATE ST STE 700,CHICAGO,IL,60604,50000,GENERAL SUPPORT,990-PF,41.878856274586,-87.627616953938,intermediary_or_citywide
DRW Foundation,2023,CHICAGO TECH ACADEMY HIGH SCHOOL,1301 W 14TH ST,CHICAGO,IL,60608,5000,GENERAL SUPPORT,990-PF,41.863325168406,-87.659101343804,sited
DRW Foundation,2023,CHICAGO TECH ACADEMY HIGH SCHOOL,1301 W 14TH ST,CHICAGO,IL,60608,100000,GENERAL SUPPORT,990-PF,41.863325168406,-87.659101343804,sited
DRW Foundation,2023,CODE PLATOON,1 S DEARBORN ST 20TH FL,CHICAGO,IL,60603,150000,GENERAL SUPPORT,990-PF,41.881940393202,-87.629324275157,sited
DRW Foundation,2023,COLLEGE POSSIBLE,833 N ORLEANS ST STE 400,CHICAGO,IL,60610,50000,GENERAL SUPPORT,990-PF,41.898105408764,-87.637152976878,sited
DRW Foundation,2023,GREENWOOD PROJECT,118 N CLINTON ST STE 202,CHICAGO,IL,60661,150000,GENERAL SUPPORT,990-PF,41.883722056026,-87.641328500359,sited
DRW Foundation,2023,INSPIRATION CORPORATION,4554 N BROADWAY SUITE 207,CHICAGO,IL,60640,40000,GENERAL SUPPORT,990-PF,41.964552431543,-87.657020755639,sited
DRW Foundation,2023,INVEST FOR KIDS INC,875 N MICHIGAN AVE STE 3400,CHICAGO,IL,60611,35000,GENERAL SUPPORT,990-PF,41.898768343588,-87.624038249653,sited
DRW Foundation,2023,KIDS FIRST CHICAGO FOR EDUCATION,21 S CLARK ST STE 4301,CHICAGO,IL,60603,100000,GENERAL SUPPORT,990-PF,41.881923760895,-87.630803072709,sited
DRW Foundation,2023,MAKE MOMMA PROUD,1813 W CERMAK RD SUITE 2,CHICAGO,IL,60608,10000,GENERAL SUPPORT,990-PF,41.852187299526,-87.671294699602,sited
DRW Foundation,2023,METROSQUASH NFP,6100 S COTTAGE GROVE AVE,CHICAGO,IL,60637,80000,GENERAL SUPPORT,990-PF,41.783999944407,-87.606083349791,sited
DRW Foundation,2023,NAVY PIER INC,600 EST GRAND AVE,CHICAGO,IL,60611,25000,GENERAL SUPPORT,990-PF,41.891284002437,-87.644451568887,intermediary_or_citywide
DRW Foundation,2023,NEIGHBORHOOD BOYS & GIRLS CLUB,2501 W IRVING PARK RD,CHICAGO,IL,60618,7000,GENERAL SUPPORT,990-PF,41.953956841107,-87.690954767921,sited
DRW Foundation,2023,NOBLE NETWORK OF CHARTER SCHOOLS,1 N STATE ST FL 7,CHICAGO,IL,60602,465398,GENERAL SUPPORT,990-PF,41.882657943888,-87.627775865919,sited
DRW Foundation,2023,NOURISHING HOPE DBA LAKEVIEW PANTRY,1716 W HUBBARD ST,CHICAGO,IL,60622,50000,GENERAL SUPPORT,990-PF,41.889891478427,-87.670195550102,sited
DRW Foundation,2023,ONE GOAL,180 N WABASH AVE STE 800,CHICAGO,IL,60601,25000,GENERAL SUPPORT,990-PF,41.885383955464,-87.626340906809,sited
DRW Foundation,2023,OPEN BOOKS LTD,651 W LAKE ST,CHICAGO,IL,60661,35000,GENERAL SUPPORT,990-PF,41.885637850218,-87.644609464264,sited
DRW Foundation,2023,OPEN HEART MAGIC,67 E MADISON ST 1504,CHICAGO,IL,60603,2500,GENERAL SUPPORT,990-PF,41.88203784977,-87.625472602075,sited
DRW Foundation,2023,OWLS LACROSSE,1772 W AINSLIE ST,CHICAGO,IL,60640,100000,GENERAL SUPPORT,990-PF,41.971852518405,-87.673724193945,sited
DRW Foundation,2023,READING IN MOTION,332 S MICHIGAN AVE STE 121,CHICAGO,IL,60604,20000,GENERAL SUPPORT,990-PF,41.877843189944,-87.624454573168,sited
DRW Foundation,2023,REBUILDING EXCHANGE,1740 WEST WEBSTER AVENUE,CHICAGO,IL,60614,25000,GENERAL SUPPORT,990-PF,41.921560531088,-87.671399785501,sited
DRW Foundation,2023,RESILIENCE,180 N MICHIGAN AVE STE 600,CHICAGO,IL,60601,25000,GENERAL SUPPORT,990-PF,41.885373782983,-87.624570287649,sited
DRW Foundation,2023,START EARLY,33 W MONROE ST STE 1200,CHICAGO,IL,60603,75000,GENERAL SUPPORT,990-PF,41.880666800206,-87.629157524398,sited
DRW Foundation,2023,T4 YOUTH NFP,344 N STATE ST,CHICAGO,IL,60654,15000,GENERAL SUPPORT,990-PF,41.888457508657,-87.628112913241,sited
DRW Foundation,2023,THE ALLIANCE 98,2738 S AVERS AVE,CHICAGO,IL,60623,30000,GENERAL SUPPORT,990-PF,41.841733345449,-87.720897874236,sited
DRW Foundation,2023,THE BLOC,1345 N KARLOV AVE,CHICAGO,IL,60651,75000,GENERAL SUPPORT,990-PF,41.905721999559,-87.728773393441,sited
DRW Foundation,2023,UNIVERSITY OF CHICAGO,5801 S ELLIS AVE,CHICAGO,IL,60637,25000,GENERAL SUPPORT,990-PF,41.789553508174,-87.601183264568,sited
DRW Foundation,2023,VOCEL,1550 W CARROLL AVE,CHICAGO,IL,60607,25000,GENERAL SUPPORT,990-PF,41.88745896559,-87.665987437886,sited
DRW Foundation,2024,AMERICA SCORES CHICAGO,600 W CERMAK RD STE 204,CHICAGO,IL,60616,5000,GENERAL SUPPORT,990-PF,41.852757353697,-87.64268011057,sited
DRW Foundation,2024,AUTISM SPEAKS,233 S WACKER DR STE 2400,CHICAGO,IL,60606,15000,SPONSORSHIP,990-PF,41.878916229496,-87.636602795305,sited
DRW Foundation,2024,BEAT THE STREETS CHICAGO,5985 S ARCHER AVE,CHICAGO,IL,60638,80000,GENERAL SUPPORT,990-PF,41.79509576711,-87.766033556657,sited
DRW Foundation,2024,BOTTOM LINE,200 N LASALLE ST,CHICAGO,IL,60601,113400,GENERAL SUPPORT,990-PF,41.885796837609,-87.632526709602,sited
DRW Foundation,2024,CHICAGO SCHOLARS FOUNDATION,247 S STATE ST STE 700,CHICAGO,IL,60604,50000,GENERAL SUPPORT,990-PF,41.878856274586,-87.627616953938,intermediary_or_citywide
DRW Foundation,2024,CHICAGO TECH ACADEMY HIGH SCHOOL,1301 W 14TH ST,CHICAGO,IL,60608,110000,GENERAL SUPPORT,990-PF,41.863325168406,-87.659101343804,sited
DRW Foundation,2024,CODE PLATOON,1 S DEARBORN ST 20TH FL,CHICAGO,IL,60603,200000,GENERAL SUPPORT,990-PF,41.881940393202,-87.629324275157,sited
DRW Foundation,2024,COLLEGE POSSIBLE,833 N ORLEANS ST STE 400,CHICAGO,IL,60610,50000,GENERAL SUPPORT,990-PF,41.898105408764,-87.637152976878,sited
DRW Foundation,2024,GREENWOOD PROJECT,118 N CLINTON ST STE 202,CHICAGO,IL,60661,150000,GENERAL SUPPORT,990-PF,41.883722056026,-87.641328500359,sited
DRW Foundation,2024,HYDE PARK ART CENTER,5020 S CORNELL AVE,CHICAGO,IL,60615,25000,GENERAL SUPPORT,990-PF,41.804102033512,-87.586553130653,sited
DRW Foundation,2024,INSPIRATION CORPORATION,4554 N BROADWAY STE 207,CHICAGO,IL,60640,40000,GENERAL SUPPORT,990-PF,41.964552431543,-87.657020755639,sited
DRW Foundation,2024,KIDS FIRST CHICAGO FOR EDUCATION,21 S CLARK ST STE 4301,CHICAGO,IL,60603,100000,GENERAL SUPPORT,990-PF,41.881923760895,-87.630803072709,sited
DRW Foundation,2024,MAKE MOMMA PROUD,1813 W CERMAK RD SUITE 2,CHICAGO,IL,60608,10000,GENERAL SUPPORT,990-PF,41.852187299526,-87.671294699602,sited
DRW Foundation,2024,MAKE-A-WISH FOUNDATION OF ILLINOIS,200 W MONROE ST STE 1801,CHICAGO,IL,60606,2500,GENERAL SUPPORT,990-PF,41.880719814776,-87.633880215174,intermediary_or_citywide
DRW Foundation,2024,METROSQUASH NFP,6100 S COTTAGE GROVE AVE,CHICAGO,IL,60637,80000,GENERAL SUPPORT,990-PF,41.783999944407,-87.606083349791,sited
DRW Foundation,2024,NEIGHBORHOOD BOYS & GIRLS CLUB,2501 W IRVING PARK RD,CHICAGO,IL,60618,15000,GENERAL SUPPORT,990-PF,41.953956841107,-87.690954767921,sited
DRW Foundation,2024,NOBLE NETWORK OF CHARTER SCHOOLS,1 N STATE ST FLOOR 7,CHICAGO,IL,60602,315000,GENERAL SUPPORT,990-PF,41.882657943888,-87.627775865919,sited
DRW Foundation,2024,NOURISHING HOPE DBA LAKEVIEW PANTRY,1716 W HUBBARD ST,CHICAGO,IL,60622,60000,GENERAL SUPPORT,990-PF,41.889891478427,-87.670195550102,sited
DRW Foundation,2024,ONE GOAL,180 N WABASH AVE STE 800,CHICAGO,IL,60601,25000,GENERAL SUPPORT,990-PF,41.885383955464,-87.626340906809,sited
DRW Foundation,2024,OPEN BOOKS LTD,651 W LAKE ST,CHICAGO,IL,60661,35000,GENERAL SUPPORT,990-PF,41.885637850218,-87.644609464264,sited
DRW Foundation,2024,OPEN HEART MAGIC,67 E MADISON ST STE 1504,CHICAGO,IL,60603,2500,GENERAL SUPPORT,990-PF,41.88203784977,-87.625472602075,sited
DRW Foundation,2024,OWLS LACROSSE,1772 W AINSLIE ST,CHICAGO,IL,60640,100000,GENERAL SUPPORT,990-PF,41.971852518405,-87.673724193945,sited
DRW Foundation,2024,READING IN MOTION,332 S MICHIGAN AVE STE 121,CHICAGO,IL,60604,25000,GENERAL SUPPORT,990-PF,41.877843189944,-87.624454573168,sited
DRW Foundation,2024,REBUILDING EXCHANGE,1740 WEST WEBSTER AVENUE,CHICAGO,IL,60614,25000,GENERAL SUPPORT,990-PF,41.921560531088,-87.671399785501,sited
DRW Foundation,2024,RESILIENCE,180 N MICHIGAN AVE STE 600,CHICAGO,IL,60601,25000,GENERAL SUPPORT,990-PF,41.885373782983,-87.624570287649,sited
DRW Foundation,2024,START EARLY,33 W MONROE ST STE 1200,CHICAGO,IL,60603,65000,GENERAL SUPPORT,990-PF,41.880666800206,-87.629157524398,sited
DRW Foundation,2024,THE ALLIANCE 98,2738 S AVERS AVE,CHICAGO,IL,60623,30000,GENERAL SUPPORT,990-PF,41.841733345449,-87.720897874236,sited
DRW Foundation,2024,THE BLOC,1345 N KARLOV AVE,CHICAGO,IL,60651,100000,GENERAL SUPPORT,990-PF,41.905721999559,-87.728773393441,sited
DRW Foundation,2024,UNIVERSITY OF CHICAGO,5801 S ELLIS AVE,CHICAGO,IL,60637,21500,GENERAL SUPPORT,990-PF,41.789553508174,-87.601183264568,sited
DRW Foundation,2024,VOCEL,1550 W CARROLL AVE,CHICAGO,IL,60607,25000,GENERAL SUPPORT,990-PF,41.88745896559,-87.665987437886,sited
The George E Richmond Foundation,2021,UNIVERSITY OF CHICAGO MEDICINE,130 E RANDOLPH STREET,CHICAGO,IL,60601,25000,PSOM COUNCIL,990-PF,41.88452844065,-87.623845751304,intermediary_or_citywide
The George E Richmond Foundation,2022,UNIVERSITY OF CHICAGO MEDICINE,130 E RANDOLPH STREET,CHICAGO,IL,60601,500000,Study effects on oral health on systemic health,990-PF,41.88452844065,-87.623845751304,intermediary_or_citywide
The George E Richmond Foundation,2022,THE CHICAGO COMMUNITY TRUST,33 South State Street Suite 750,CHICAGO,IL,60603,800000,George Richmond Foundation DAF,990-PF,41.881652198165,-87.627682025192,intermediary_or_citywide
The George E Richmond Foundation,2022,University of Chicago Medicine,130 E Randolph Street Suite 2500,CHICAGO,IL,60601,25000,PSOM Council,990-PF,41.88452844065,-87.623845751304,intermediary_or_citywide
The George E Richmond Foundation,2023,THE CHICAGO COMMUNITY TRUST,33 South State Street Suite 750,CHICAGO,IL,60603,350000,George Richmond Foundation DAF,990-PF,41.881652198165,-87.627682025192,intermediary_or_citywide
The George E Richmond Foundation,2023,University of Chicago Medicine,5841 S Maryland Ave,CHICAGO,IL,60637,500000,Study the effects of oral health on systemic health,990-PF,41.78877397345,-87.604857148474,intermediary_or_citywide
The George E Richmond Foundation,2023,University of Chicago,130 E Randolph Street Suite 2500,CHICAGO,IL,60601,25000,PSOM Council,990-PF,41.88452844065,-87.623845751304,sited
The George E Richmond Foundation,2024,University of Chicago Medicine,5841 S Maryland Ave,CHICAGO,IL,60637,1200000,Study the effects of oral health on systemic health,990-PF,41.78877397345,-87.604857148474,intermediary_or_citywide
The George E Richmond Foundation,2024,University of Chicago,130 E Randolph Street Suite 2500,CHICAGO,IL,60601,40000,Cancer Pavilion,990-PF,41.88452844065,-87.623845751304,sited
The George E Richmond Foundation,2024,University of Chicago Medicine,5841 S Maryland Ave,CHICAGO,IL,60637,10000,Forefront,990-PF,41.78877397345,-87.604857148474,intermediary_or_citywide
Edlis-Neeson Foundation NFP,2021,CHICAGO OPERA THEATER,70 E LAKE ST STE 815,CHICAGO,IL,60601,50000,UNRESTRICTED,990-PF,41.885782775355,-87.625858436593,sited
Edlis-Neeson Foundation NFP,2021,LYRIC OPERA OF CHICAGO,20 N WACKER DR,CHICAGO,IL,60606,500600,UNRESTRICTED,990-PF,41.882191369239,-87.637100009791,sited
Edlis-Neeson Foundation NFP,2022,LYRIC OPERA OF CHICAGO,20 N WACKER DR,CHICAGO,IL,60606,500,UNRESTRICTED,990-PF,41.882191369239,-87.637100009791,sited
Edlis-Neeson Foundation NFP,2022,MUSEUM OF CONTEMPORARY ART,220 E CHICAGO AVE,CHICAGO,IL,60611,105000,UNRESTRICTED,990-PF,41.896824755958,-87.621756021322,intermediary_or_citywide
Edlis-Neeson Foundation NFP,2022,RENAISSANCE SOCIETY,5811 S ELLIS AVE BERGMAN GALLERY,CHICAGO,IL,60637,11000,UNRESTRICTED,990-PF,41.789375175546,-87.601181089797,sited
Edlis-Neeson Foundation NFP,2022,WTTWWFMT,5400 N ST LOUIS AVE,CHICAGO,IL,60625,10000,UNRESTRICTED,990-PF,41.979387355038,-87.716147207409,sited
Edlis-Neeson Foundation NFP,2023,LYRIC OPERA OF CHICAGO,20 N WACKER DR,CHICAGO,IL,60606,500500,UNRESTRICTED,990-PF,41.882191369239,-87.637100009791,sited
Edlis-Neeson Foundation NFP,2023,MUSEUM OF CONTEMPORARY ART,220 E CHICAGO AVE,CHICAGO,IL,60611,136500,UNRESTRICTED,990-PF,41.896824755958,-87.621756021322,intermediary_or_citywide
Edlis-Neeson Foundation NFP,2023,RENAISSANCE SOCIETY,5811 S ELLIS AVE BERGMAN GALLERY,CHICAGO,IL,60637,10000,UNRESTRICTED,990-PF,41.789375175546,-87.601181089797,sited
Edlis-Neeson Foundation NFP,2023,ROGER BALDWIN FOUNDATION OF THE ACLU,180 N MICHIGAN AVE,CHICAGO,IL,60601,10000,UNRESTRICTED,990-PF,41.885373782983,-87.624570287649,intermediary_or_citywide
Edlis-Neeson Foundation NFP,2023,WTTWWFMT,5400 N ST LOUIS AVE,CHICAGO,IL,60625,10000,UNRESTRICTED,990-PF,41.979387355038,-87.716147207409,sited
Edlis-Neeson Foundation NFP,2024,CHICAGO FOUNDATION FOR WOMEN,1 E WACKER DR,CHICAGO,IL,60601,1000,UNRESTRICTED,990-PF,41.887177895037,-87.626333450504,intermediary_or_citywide
Edlis-Neeson Foundation NFP,2024,CHICAGO OPERA THEATER,70 E LAKE ST STE 815,CHICAGO,IL,60601,45000,UNRESTRICTED,990-PF,41.885782775355,-87.625858436593,sited
Edlis-Neeson Foundation NFP,2024,LYRIC OPERA OF CHICAGO,20 N WACKER DR,CHICAGO,IL,60606,600000,UNRESTRICTED,990-PF,41.882191369239,-87.637100009791,sited
Edlis-Neeson Foundation NFP,2024,MUSEUM OF CONTEMPORARY ART,220 E CHICAGO AVE,CHICAGO,IL,60611,75000,UNRESTRICTED,990-PF,41.896824755958,-87.621756021322,intermediary_or_citywide
Edlis-Neeson Foundation NFP,2024,RENAISSANCE SOCIETY,5811 S ELLIS AVE BERGMAN GALLERY,CHICAGO,IL,60637,25000,UNRESTRICTED,990-PF,41.789375175546,-87.601181089797,sited
Edlis-Neeson Foundation NFP,2024,WTTWWFMT,5400 N ST LOUIS AVE,CHICAGO,IL,60625,10000,UNRESTRICTED,990-PF,41.979387355038,-87.716147207409,sited
Hull Family Foundation,2021,CHICAGO VOTES,PO BOX 377820,CHICAGO,IL,60637,15000,General & Unrestricted,990-PF,,,intermediary_or_citywide
Hull Family Foundation,2021,MIDWEST ACADEMY INC,53 W JACKSON BLVD STE 1634,CHICAGO,IL,60604,15000,Paul Booth Rising Leadership Project,990-PF,41.878104850676,-87.629636798425,sited
Hull Family Foundation,2022,MISERICORDIA HOME,6300 N RIDGE AVE,CHICAGO,IL,60660,5000,General & Unrestricted,990-PF,41.995584734896,-87.675806161321,sited
Hull Family Foundation,2023,DANIEL MURPHY SCHOLARSHIP FUND,309 W WASHINGTON ST STE 700,CHICAGO,IL,60606,5000,GENERAL OPERATING,990-PF,41.88314485014,-87.635526294391,intermediary_or_citywide
Hull Family Foundation,2023,MISERICORDIA HOME,6300 N RIDGE AVE,CHICAGO,IL,60660,10000,GENERAL OPERATING,990-PF,41.995584734896,-87.675806161321,sited
Best Portion Foundation,2021,A BETTER CHICAGO,600 WEST VAN BUREN SUITE 510,CHICAGO,IL,60607,100000,PUBLIC,990-PF,41.876788443018,-87.642575196646,sited
Best Portion Foundation,2021,CHICAGO COLLEGIATE CHARTER,11816 S INDIANA,CHICAGO,IL,60628,20000,PUBLIC,990-PF,41.679406509545,-87.617935722163,sited
Best Portion Foundation,2021,CHICAGO HIGH SCHOOL OF THE ARTS,2714 W AUGUSTA BLVD,CHICAGO,IL,60622,50000,PUBLIC,990-PF,41.899345169681,-87.695489099391,sited
Best Portion Foundation,2021,CHICAGO MEDIA PROJECT,301 W GRAND AVE 170,CHICAGO,IL,60654,12500,PUBLIC,990-PF,41.891505848714,-87.635654215084,sited
Best Portion Foundation,2021,CHICAGO PUBLIC EDUCATION FUND,200 WEST ADAMS SUITE 1175,CHICAGO,IL,60606,25000,PUBLIC,990-PF,41.879443442077,-87.633831702154,intermediary_or_citywide
Best Portion Foundation,2021,CHICAGO SCHOLARS FOUNDATION,247 SOUTH STATE STREET SUITE 700,CHICAGO,IL,60604,265000,PUBLIC,990-PF,41.878856274586,-87.627616953938,intermediary_or_citywide
Best Portion Foundation,2021,CHICAGO SCHOOLS,11 EAST ADAMS STE 600,CHICAGO,IL,60603,25000,PUBLIC,990-PF,41.879438567535,-87.627314442138,sited
Best Portion Foundation,2021,CLEVELAND AVENUE FOUNDATION,222 N CANAL ST,CHICAGO,IL,60606,50000,PUBLIC,990-PF,41.885999307712,-87.63992174998,intermediary_or_citywide
Best Portion Foundation,2021,INVEST FOR KIDS,875 N MICHIGAN AVE STE 3400,CHICAGO,IL,60611,50000,PUBLIC,990-PF,41.898768343588,-87.624038249653,sited
Best Portion Foundation,2021,LEAP INNOVATIONS,222 MERCHANDISE MART PLZ STE 1225,CHICAGO,IL,60654,226100,PUBLIC,990-PF,41.888045283034,-87.634338654764,sited
Best Portion Foundation,2021,MIKVA CHALLENGE GRANT,200 S MICHIGAN AVE STE 1000,CHICAGO,IL,60604,10000,PUBLIC,990-PF,41.879498661338,-87.624506074574,sited
Best Portion Foundation,2021,ONE GOAL,6800 S STEWART AVE,CHICAGO,IL,60621,25000,PUBLIC,990-PF,41.772579083313,-87.634928515978,sited
Best Portion Foundation,2021,PARTNERSHIP FOR COLLEGE COM,200 S MICHIGAN AVE STE 1410,CHICAGO,IL,60604,75000,PUBLIC,990-PF,41.879498661338,-87.624506074574,intermediary_or_citywide
Best Portion Foundation,2021,ROGER BALDWIN FOUNDATION,150 N MICHIGAN AVE SUITE 600,CHICAGO,IL,60601,250000,PUBLIC,990-PF,41.884931224143,-87.624552861651,intermediary_or_citywide
Best Portion Foundation,2021,SGA YOUTH & FAMILY SERVICES,11 EAST ADAMS SUITE 1500,CHICAGO,IL,60603,50000,PUBLIC,990-PF,41.879438567535,-87.627314442138,sited
Best Portion Foundation,2021,THRIVE CHICAGO,211 W WACKER DR,CHICAGO,IL,60606,100000,PUBLIC,990-PF,41.88681684946,-87.63461922447,sited
Best Portion Foundation,2021,URBAN GATEWAYS,1637 N ASHLAND AVE STE 1,CHICAGO,IL,60622,25000,PUBLIC,990-PF,41.911644414176,-87.667642532624,sited
Best Portion Foundation,2021,KIDS FIRST CHICAGO,21 S CLARK ST STE 4301,CHICAGO,IL,60603,50000,PUBLIC,990-PF,41.881923760895,-87.630803072709,sited
Best Portion Foundation,2022,CHIARTS,2714 W AUGUSTA BLVD,CHICAGO,IL,60622,50000,PUBLIC,990-PF,41.899345169681,-87.695489099391,sited
Best Portion Foundation,2022,CHICAGO MEDIA PROJECT,301 W GRAND AVE 170,CHICAGO,IL,60654,12500,PUBLIC,990-PF,41.891505848714,-87.635654215084,sited
Best Portion Foundation,2022,THE CHICAGO PUBLIC EDUCATION FUND,200 WEST ADAMS SUITE 1175,CHICAGO,IL,60606,49444,PUBLIC,990-PF,41.879443442077,-87.633831702154,intermediary_or_citywide
Best Portion Foundation,2022,THE CHICAGO SCHOLARS FOUNDATION,247 SOUTH STATE STREET SUITE 700,CHICAGO,IL,60604,511875,PUBLIC,990-PF,41.878856274586,-87.627616953938,intermediary_or_citywide
Best Portion Foundation,2022,KIPP CHICAGO SCHOOLS,2007 S HALSTED STREET,CHICAGO,IL,60608,25000,PUBLIC,990-PF,41.855172566776,-87.646487508164,sited
Best Portion Foundation,2022,THE CAFE GROUP,222 N CANAL ST,CHICAGO,IL,60606,50000,PUBLIC,990-PF,41.885999307712,-87.63992174998,sited
Best Portion Foundation,2022,INVEST FOR KIDS,875 N MICHIGAN AVE STE 3400,CHICAGO,IL,60611,25000,PUBLIC,990-PF,41.898768343588,-87.624038249653,sited
Best Portion Foundation,2022,LEAP INNOVATIONS,222 MERCHANDISE MART PLZ STE 1225,CHICAGO,IL,60654,125000,PUBLIC,990-PF,41.888045283034,-87.634338654764,sited
Best Portion Foundation,2022,ONE GOAL,6800 S STEWART AVE,CHICAGO,IL,60621,25000,PUBLIC,990-PF,41.772579083313,-87.634928515978,sited
Best Portion Foundation,2022,PARTNERSHIP FOR COLLEGE COMPLETION,200 S MICHIGAN AVE STE 1410,CHICAGO,IL,60604,75000,PUBLIC,990-PF,41.879498661338,-87.624506074574,intermediary_or_citywide
Best Portion Foundation,2022,THRIVE CHICAGO,211 W WACKER DR,CHICAGO,IL,60606,50000,PUBLIC,990-PF,41.88681684946,-87.63461922447,sited
Best Portion Foundation,2022,URBAN GATEWAYS,1637 N ASHLAND AVE STE 1,CHICAGO,IL,60622,25000,PUBLIC,990-PF,41.911644414176,-87.667642532624,sited
Best Portion Foundation,2023,CHIARTS,2714 W AUGUSTA BLVD,CHICAGO,IL,60622,25000,PUBLIC,990-PF,41.899345169681,-87.695489099391,sited
Best Portion Foundation,2023,CHICAGO MEDIA PROJECT,301 W GRAND AVE 170,CHICAGO,IL,60654,25000,PUBLIC,990-PF,41.891505848714,-87.635654215084,sited
Best Portion Foundation,2023,INVEST FOR KIDS,875 N MICHIGAN AVE STE 3400,CHICAGO,IL,60611,25000,PUBLIC,990-PF,41.898768343588,-87.624038249653,sited
Best Portion Foundation,2023,LEAP INNOVATIONS,222 MERCHANDISE MART PLZ STE 1225,CHICAGO,IL,60654,50000,PUBLIC,990-PF,41.888045283034,-87.634338654764,sited
Best Portion Foundation,2023,PARTNERSHIP FOR COLLEGE COMPLETION,200 S MICHIGAN AVE STE 1410,CHICAGO,IL,60604,25000,PUBLIC,990-PF,41.879498661338,-87.624506074574,intermediary_or_citywide
Best Portion Foundation,2023,THE CHICAGO SCHOLARS FOUNDATION,247 SOUTH STATE STREET SUITE 700,CHICAGO,IL,60604,523548,PUBLIC,990-PF,41.878856274586,-87.627616953938,intermediary_or_citywide
Best Portion Foundation,2023,URBAN GATEWAYS,1637 N ASHLAND AVE STE 1,CHICAGO,IL,60622,25000,PUBLIC,990-PF,41.911644414176,-87.667642532624,sited
Best Portion Foundation,2023,A BETTER CHICAGO,200 W MADISON STREET 3RD FLOOR,CHICAGO,IL,60606,159835,PUBLIC,990-PF,41.881999441643,-87.633899204958,sited
Best Portion Foundation,2023,DREAM FOR KIDS,9 WEST WASHINGTON STREET,CHICAGO,IL,60602,25000,PUBLIC,990-PF,41.883162781907,-87.628190307051,sited
Best Portion Foundation,2023,EVERGREEN CLIMATE INNOVATIONS,20 NORTH WACKER DRIVE SUITE 1200,CHICAGO,IL,60606,35000,PUBLIC,990-PF,41.882191369239,-87.637100009791,sited
Best Portion Foundation,2024,A BETTER CHICAGO,200 W MADISON STREET 3RD FLOOR,CHICAGO,IL,60606,100472,PUBLIC,990-PF,41.881999441643,-87.633899204958,sited
Best Portion Foundation,2024,CHIARTS,2714 W AUGUSTA BLVD,CHICAGO,IL,60622,14836,PUBLIC,990-PF,41.899345169681,-87.695489099391,sited
Best Portion Foundation,2024,THE CHICAGO SCHOLARS FOUNDATION,247 SOUTH STATE STREET SUITE 700,CHICAGO,IL,60604,539663,PUBLIC,990-PF,41.878856274586,-87.627616953938,intermediary_or_citywide
Best Portion Foundation,2024,DREAM FOR KIDS,9 WEST WASHINGTON STREET,CHICAGO,IL,60602,25000,PUBLIC,990-PF,41.883162781907,-87.628190307051,sited
Best Portion Foundation,2024,EVERGREEN CLIMATE INNOVATIONS,20 NORTH WACKER DRIVE SUITE 1200,CHICAGO,IL,60606,35000,PUBLIC,990-PF,41.882191369239,-87.637100009791,sited
Best Portion Foundation,2024,KIDS FIRST CHICAGO,190 S LASALLE STREET FLOOR 39,CHICAGO,IL,60603,54910,PUBLIC,990-PF,41.879514148711,-87.63237315861,sited
Best Portion Foundation,2024,INVEST FOR KIDS,875 N MICHIGAN AVE STE 3400,CHICAGO,IL,60611,25000,PUBLIC,990-PF,41.898768343588,-87.624038249653,sited
Best Portion Foundation,2024,MIKVA CHALLENGE,200 S MICHIGAN AVE STE 1000,CHICAGO,IL,60604,5000,PUBLIC,990-PF,41.879498661338,-87.624506074574,sited
Best Portion Foundation,2024,PARTNERSHIP FOR COLLEGE COMPLETION,200 S MICHIGAN AVE STE 1410,CHICAGO,IL,60604,49871,PUBLIC,990-PF,41.879498661338,-87.624506074574,intermediary_or_citywide
Daniel P Haerther Charitable Trust,2021,ACADEMIC APPROACH,342 W ARMITATGE AVE,CHICAGO,IL,60614,29071,GENERAL PURPOSES,990-PF,41.918393978568,-87.638014492561,sited
Daniel P Haerther Charitable Trust,2021,ARRUPE COLLEGE OF LOYOLA UNIVERSITY,820 N MICHIGAN AVE,CHICAGO,IL,60611,34000,GENERAL PURPOSES,990-PF,41.897778543221,-87.624179231671,intermediary_or_citywide
Daniel P Haerther Charitable Trust,2021,BROTHER RICE HIGH SCHOOL,10001 S PULASKI,CHICAGO,IL,60655,56800,GENERAL PURPOSES,990-PF,41.711291510139,-87.721011870399,sited
Daniel P Haerther Charitable Trust,2021,CATHOLIC CHARITIES,721 N LASALLE,CHICAGO,IL,60654,100000,GENERAL PURPOSES,990-PF,41.895298815986,-87.632531862567,sited
Daniel P Haerther Charitable Trust,2021,CHICAGO JESUIT ACADEMY,5058 W JACKSON BLVD,CHICAGO,IL,60644,35250,GENERAL PURPOSES,990-PF,41.876756129341,-87.751718112042,sited
Daniel P Haerther Charitable Trust,2021,DE LASALLE INSTITUTE,3434 S MICHIGAN AVE,CHICAGO,IL,60616,78650,GENERAL PURPOSES,990-PF,41.832227774024,-87.623358841644,sited
Daniel P Haerther Charitable Trust,2021,DEPAUL PREP COLLEGE,3333 N ROCKWELL ST,CHICAGO,IL,60618,19600,GENERAL PURPOSES,990-PF,41.942090044254,-87.693066661025,intermediary_or_citywide
Daniel P Haerther Charitable Trust,2021,HIGHSIGHT,1711 N CLEVELAND AVE,CHICAGO,IL,60614,22500,GENERAL PURPOSES,990-PF,41.913538201661,-87.641024291177,sited
Daniel P Haerther Charitable Trust,2021,HOLY FAMILY SCHOLARS,1019 S MAY ST,CHICAGO,IL,60607,70000,GENERAL PURPOSES,990-PF,41.868953007686,-87.655163783736,sited
Daniel P Haerther Charitable Trust,2021,HOLY TRINITY HIGH SCHOOL,1443 W DAVISION ST,CHICAGO,IL,60642,78650,GENERAL PURPOSES,990-PF,41.903319293911,-87.664358503954,sited
Daniel P Haerther Charitable Trust,2021,LAWRENCE HALL YOUTH SERVICES,4833 N FRANCISCO AVE,CHICAGO,IL,60625,30000,GENERAL PURPOSES,990-PF,41.969113056645,-87.700155212705,sited
Daniel P Haerther Charitable Trust,2021,MARILLAC ST VINCENT FAMILY SERVICES,2145 N HALSTED ST,CHICAGO,IL,60614,10000,GENERAL PURPOSES,990-PF,41.920821627759,-87.648525042293,sited
Daniel P Haerther Charitable Trust,2021,MOTHER MCAULEY HIGH SCHOOL,3737 W 99TH ST,CHICAGO,IL,60655,78650,GENERAL PURPOSES,990-PF,41.71323116355,-87.713045297307,sited
Daniel P Haerther Charitable Trust,2021,OFFICE OF HUMAN DIGNITY,3525 SOUTH LAKE PARK AVE,CHICAGO,IL,60653,20000,GENERAL PURPOSES,990-PF,41.830927891911,-87.607980330125,sited
Daniel P Haerther Charitable Trust,2021,OFFICE OF IMMIGRATION,3525 SOUTH LAKE PARK AVE,CHICAGO,IL,60653,20000,GENERAL PURPOSES,990-PF,41.830927891911,-87.607980330125,sited
Daniel P Haerther Charitable Trust,2021,SAN MIGUEL SCHOOLS,819 N LEARNINGTON,CHICAGO,IL,60651,30000,GENERAL PURPOSES,990-PF,41.895722281342,-87.754319486251,sited
Daniel P Haerther Charitable Trust,2021,SHEDD AQUARIUM,1200 S LAKE SHORE DR,CHICAGO,IL,60605,345000,GENERAL PURPOSES,990-PF,41.866476458506,-87.613814359169,sited
Daniel P Haerther Charitable Trust,2021,ST PATRICK HIGH SCHOOL,5900 W BELMONT AVE,CHICAGO,IL,60634,78400,GENERAL PURPOSES,990-PF,41.938537439772,-87.773862726282,sited
Daniel P Haerther Charitable Trust,2021,THE RESURRECTION PROJECT,1818 S PAULINA,CHICAGO,IL,60608,40000,GENERAL PURPOSES,990-PF,41.857253019883,-87.668713364221,sited
Daniel P Haerther Charitable Trust,2022,SHEDD AQUARIUM,1200 S LAKE SHORE DR,CHICAGO,IL,60605,330000,GENERAL PURPOSES,990-PF,41.866476458506,-87.613814359169,sited
Daniel P Haerther Charitable Trust,2022,CATHOLIC CHARITIES,721 N LASALLE,CHICAGO,IL,60654,300000,GENERAL PURPOSES,990-PF,41.895298815986,-87.632531862567,sited
Daniel P Haerther Charitable Trust,2022,BROTHER RICE HIGH SCHOOL,10001 S PULASKI,CHICAGO,IL,60655,121419,GENERAL PURPOSES,990-PF,41.711291510139,-87.721011870399,sited
Daniel P Haerther Charitable Trust,2022,DE LASALLE INSTITUTE,3434 S MICHIGAN AVE,CHICAGO,IL,60616,121419,GENERAL PURPOSES,990-PF,41.832227774024,-87.623358841644,sited
Daniel P Haerther Charitable Trust,2022,HOLY TRINITY HIGH SCHOOL,1443 W DAVISION ST,CHICAGO,IL,60642,121419,GENERAL PURPOSES,990-PF,41.903319293911,-87.664358503954,sited
Daniel P Haerther Charitable Trust,2022,MOTHER MCAULEY HIGH SCHOOL,3737 W 99TH ST,CHICAGO,IL,60655,121419,GENERAL PURPOSES,990-PF,41.71323116355,-87.713045297307,sited
Daniel P Haerther Charitable Trust,2022,ST PATRICK HIGH SCHOOL,5900 W BELMONT AVE,CHICAGO,IL,60634,121419,GENERAL PURPOSES,990-PF,41.938537439772,-87.773862726282,sited
Daniel P Haerther Charitable Trust,2022,HOLY FAMILY SCHOLARS,1019 S MAY ST,CHICAGO,IL,60607,80000,GENERAL PURPOSES,990-PF,41.868953007686,-87.655163783736,sited
Daniel P Haerther Charitable Trust,2022,DEPAUL PREP COLLEGE,3333 N ROCKWELL ST,CHICAGO,IL,60618,74045,GENERAL PURPOSES,990-PF,41.942090044254,-87.693066661025,intermediary_or_citywide
Daniel P Haerther Charitable Trust,2022,CHICAGO JESUIT ACADEMY,5058 W JACKSON BLVD,CHICAGO,IL,60644,52500,GENERAL PURPOSES,990-PF,41.876756129341,-87.751718112042,sited
Daniel P Haerther Charitable Trust,2022,ARRUPE COLLEGE OF LOYOLA UNIVERSITY,820 N MICHIGAN AVE,CHICAGO,IL,60611,51000,GENERAL PURPOSES,990-PF,41.897778543221,-87.624179231671,intermediary_or_citywide
Daniel P Haerther Charitable Trust,2022,OFFICE OF IMMIGRATION,3525 SOUTH LAKE PARK AVE,CHICAGO,IL,60653,50000,GENERAL PURPOSES,990-PF,41.830927891911,-87.607980330125,sited
Daniel P Haerther Charitable Trust,2022,THE RESURRECTION PROJECT,1818 S PAULINA,CHICAGO,IL,60608,50000,GENERAL PURPOSES,990-PF,41.857253019883,-87.668713364221,sited
Daniel P Haerther Charitable Trust,2022,SAN MIGUEL SCHOOLS,819 N LEARNINGTON,CHICAGO,IL,60651,45000,GENERAL PURPOSES,990-PF,41.895722281342,-87.754319486251,sited
Daniel P Haerther Charitable Trust,2022,LAWRENCE HALL YOUTH SERVICES,4833 N FRANCISCO AVE,CHICAGO,IL,60625,40000,GENERAL PURPOSES,990-PF,41.969113056645,-87.700155212705,sited
Daniel P Haerther Charitable Trust,2022,HIGHSIGHT,1711 N CLEVELAND AVE,CHICAGO,IL,60614,22500,GENERAL PURPOSES,990-PF,41.913538201661,-87.641024291177,sited
Daniel P Haerther Charitable Trust,2022,MARILLAC ST VINCENT FAMILY SERVICES,2145 N HALSTED ST,CHICAGO,IL,60614,10000,GENERAL PURPOSES,990-PF,41.920821627759,-87.648525042293,sited
Daniel P Haerther Charitable Trust,2022,ACADEMIC APPROACH,342 W ARMITATGE AVE,CHICAGO,IL,60614,8000,GENERAL PURPOSES,990-PF,41.918393978568,-87.638014492561,sited
Daniel P Haerther Charitable Trust,2023,ACADEMIC APPROACH,342 W ARMITATGE AVE,CHICAGO,IL,60614,16948,GENERAL PURPOSES,990-PF,41.918393978568,-87.638014492561,sited
Daniel P Haerther Charitable Trust,2023,ARRUPE COLLEGE OF LOYOLA UNIVERSITY,820 N MICHIGAN AVE,CHICAGO,IL,60611,51000,GENERAL PURPOSES,990-PF,41.897778543221,-87.624179231671,intermediary_or_citywide
Daniel P Haerther Charitable Trust,2023,BROTHER RICE HIGH SCHOOL,10001 S PULASKI,CHICAGO,IL,60655,142895,GENERAL PURPOSES,990-PF,41.711291510139,-87.721011870399,sited
Daniel P Haerther Charitable Trust,2023,CATHOLIC CHARITIES,721 N LASALLE,CHICAGO,IL,60654,125000,GENERAL PURPOSES,990-PF,41.895298815986,-87.632531862567,sited
Daniel P Haerther Charitable Trust,2023,CHICAGO JESUIT ACADEMY,5058 W JACKSON BLVD,CHICAGO,IL,60644,52500,GENERAL PURPOSES,990-PF,41.876756129341,-87.751718112042,sited
Daniel P Haerther Charitable Trust,2023,DE LASALLE INSTITUTE,3434 S MICHIGAN AVE,CHICAGO,IL,60616,140045,GENERAL PURPOSES,990-PF,41.832227774024,-87.623358841644,sited
Daniel P Haerther Charitable Trust,2023,DEPAUL PREP COLLEGE,3333 N ROCKWELL ST,CHICAGO,IL,60618,110975,GENERAL PURPOSES,990-PF,41.942090044254,-87.693066661025,intermediary_or_citywide
Daniel P Haerther Charitable Trust,2023,HIGHSIGHT,1711 N CLEVELAND AVE,CHICAGO,IL,60614,32500,GENERAL PURPOSES,990-PF,41.913538201661,-87.641024291177,sited
Daniel P Haerther Charitable Trust,2023,HOLY FAMILY SCHOLARS,1019 S MAY ST,CHICAGO,IL,60607,60000,GENERAL PURPOSES,990-PF,41.868953007686,-87.655163783736,sited
Daniel P Haerther Charitable Trust,2023,HOLY TRINITY HIGH SCHOOL,1443 W DAVISION ST,CHICAGO,IL,60642,139895,GENERAL PURPOSES,990-PF,41.903319293911,-87.664358503954,sited
Daniel P Haerther Charitable Trust,2023,LAWRENCE HALL YOUTH SERVICES,4833 N FRANCISCO AVE,CHICAGO,IL,60625,40000,GENERAL PURPOSES,990-PF,41.969113056645,-87.700155212705,sited
Daniel P Haerther Charitable Trust,2023,MARILLAC ST VINCENT FAMILY SERVICES,2145 N HALSTED ST,CHICAGO,IL,60614,10000,GENERAL PURPOSES,990-PF,41.920821627759,-87.648525042293,sited
Daniel P Haerther Charitable Trust,2023,MOTHER MCAULEY HIGH SCHOOL,3737 W 99TH ST,CHICAGO,IL,60655,140045,GENERAL PURPOSES,990-PF,41.71323116355,-87.713045297307,sited
Daniel P Haerther Charitable Trust,2023,OFFICE OF IMMIGRATION,3525 SOUTH LAKE PARK AVE,CHICAGO,IL,60653,50000,GENERAL PURPOSES,990-PF,41.830927891911,-87.607980330125,sited
Daniel P Haerther Charitable Trust,2023,SAN MIGUEL SCHOOLS,819 N LEARNINGTON,CHICAGO,IL,60651,45000,GENERAL PURPOSES,990-PF,41.895722281342,-87.754319486251,sited
Daniel P Haerther Charitable Trust,2023,SHEDD AQUARIUM,1200 S LAKE SHORE DR,CHICAGO,IL,60605,215000,GENERAL PURPOSES,990-PF,41.866476458506,-87.613814359169,sited
Daniel P Haerther Charitable Trust,2023,ST PATRICK HIGH SCHOOL,5900 W BELMONT AVE,CHICAGO,IL,60634,139895,GENERAL PURPOSES,990-PF,41.938537439772,-87.773862726282,sited
Daniel P Haerther Charitable Trust,2023,THE RESURRECTION PROJECT,1818 S PAULINA,CHICAGO,IL,60608,50000,GENERAL PURPOSES,990-PF,41.857253019883,-87.668713364221,sited
Daniel P Haerther Charitable Trust,2024,ACADEMIC APPROACH,342 W ARMITATGE AVE,CHICAGO,IL,60614,18135,GENERAL PURPOSES,990-PF,41.918393978568,-87.638014492561,sited
Daniel P Haerther Charitable Trust,2024,ARRUPE COLLEGE OF LOYOLA UNIVERSITY,820 N MICHIGAN AVE,CHICAGO,IL,60611,51000,GENERAL PURPOSES,990-PF,41.897778543221,-87.624179231671,intermediary_or_citywide
Daniel P Haerther Charitable Trust,2024,BROTHER RICE HIGH SCHOOL,10001 S PULASKI,CHICAGO,IL,60655,140895,GENERAL PURPOSES,990-PF,41.711291510139,-87.721011870399,sited
Daniel P Haerther Charitable Trust,2024,CATHOLIC CHARITIES,721 N LASALLE,CHICAGO,IL,60654,100000,GENERAL PURPOSES,990-PF,41.895298815986,-87.632531862567,sited
Daniel P Haerther Charitable Trust,2024,CHICAGO JESUIT ACADEMY,5058 W JACKSON BLVD,CHICAGO,IL,60644,52500,GENERAL PURPOSES,990-PF,41.876756129341,-87.751718112042,sited
Daniel P Haerther Charitable Trust,2024,DE LASALLE INSTITUTE,3434 S MICHIGAN AVE,CHICAGO,IL,60616,154650,GENERAL PURPOSES,990-PF,41.832227774024,-87.623358841644,sited
Daniel P Haerther Charitable Trust,2024,DEPAUL PREP COLLEGE,3333 N ROCKWELL ST,CHICAGO,IL,60618,148300,GENERAL PURPOSES,990-PF,41.942090044254,-87.693066661025,intermediary_or_citywide
Daniel P Haerther Charitable Trust,2024,HIGHSIGHT,1711 N CLEVELAND AVE,CHICAGO,IL,60614,100000,GENERAL PURPOSES,990-PF,41.913538201661,-87.641024291177,sited
Daniel P Haerther Charitable Trust,2024,HOLY FAMILY SCHOLARS,1019 S MAY ST,CHICAGO,IL,60607,30000,GENERAL PURPOSES,990-PF,41.868953007686,-87.655163783736,sited
Daniel P Haerther Charitable Trust,2024,HOLY TRINITY HIGH SCHOOL,1443 W DAVISION ST,CHICAGO,IL,60642,148250,GENERAL PURPOSES,990-PF,41.903319293911,-87.664358503954,sited
Daniel P Haerther Charitable Trust,2024,LAWRENCE HALL YOUTH SERVICES,4833 N FRANCISCO AVE,CHICAGO,IL,60625,40000,GENERAL PURPOSES,990-PF,41.969113056645,-87.700155212705,sited
Daniel P Haerther Charitable Trust,2024,MARILLAC ST VINCENT FAMILY SERVICES,2145 N HALSTED ST,CHICAGO,IL,60614,10000,GENERAL PURPOSES,990-PF,41.920821627759,-87.648525042293,sited
Daniel P Haerther Charitable Trust,2024,MOTHER MCAULEY HIGH SCHOOL,3737 W 99TH ST,CHICAGO,IL,60655,148100,GENERAL PURPOSES,990-PF,41.71323116355,-87.713045297307,sited
Daniel P Haerther Charitable Trust,2024,OFFICE OF HUMAN DIGINITY,3525 SOUTH LAKE PARK AVE,CHICAGO,IL,60653,50000,GENERAL PURPOSES,990-PF,41.830927891911,-87.607980330125,sited
Daniel P Haerther Charitable Trust,2024,SAN MIGUEL SCHOOLS,819 N LEARNINGTON,CHICAGO,IL,60651,45000,GENERAL PURPOSES,990-PF,41.895722281342,-87.754319486251,sited
Daniel P Haerther Charitable Trust,2024,SHEDD AQUARIUM,1200 S LAKE SHORE DR,CHICAGO,IL,60605,460000,GENERAL PURPOSES,990-PF,41.866476458506,-87.613814359169,sited
Daniel P Haerther Charitable Trust,2024,ST PATRICK HIGH SCHOOL,5900 W BELMONT AVE,CHICAGO,IL,60634,148100,GENERAL PURPOSES,990-PF,41.938537439772,-87.773862726282,sited
Daniel P Haerther Charitable Trust,2024,THE RESURRECTION PROJECT,1818 S PAULINA,CHICAGO,IL,60608,50000,GENERAL PURPOSES,990-PF,41.857253019883,-87.668713364221,sited
McCune Family Foundation,2021,CHILDREN FIRST INC,33 N LASALLE ST,CHICAGO,IL,60602,50000,GENERAL,990-PF,41.882669411932,-87.632303917026,sited
McCune Family Foundation,2022,CHILDREN FIRST INC,33 N LASALLE ST,CHICAGO,IL,60602,50000,GENERAL,990-PF,41.882669411932,-87.632303917026,sited
McCune Family Foundation,2023,CHILDREN FIRST INC,33 N LASALLE ST,CHICAGO,IL,60602,50000,GENERAL,990-PF,41.882669411932,-87.632303917026,sited
McCune Family Foundation,2024,CHILDREN FIRST INC,33 N LASALLE ST,CHICAGO,IL,60602,50000,GENERAL SUPPORT,990-PF,41.882669411932,-87.632303917026,sited
Jerome Nerenberg 2000 Charitable TR,2021,NEWBERRY LIBRARY,60 WEST WALTON,CHICAGO,IL,60610,66332,GENERAL,990-PF,41.899859574468,-87.630394134617,sited
Jerome Nerenberg 2000 Charitable TR,2021,GATEWAY FOUNDATION INC,55 EAST JACKSON BLVD,CHICAGO,IL,60604,79598,GENERAL,990-PF,41.878186887212,-87.626002494406,intermediary_or_citywide
Jerome Nerenberg 2000 Charitable TR,2021,LYRIC OPERA OF CHICAGO,20 NORTH WACKER DRIVE,CHICAGO,IL,60606,106131,GENERAL,990-PF,41.882191369239,-87.637100009791,sited
Jerome Nerenberg 2000 Charitable TR,2022,NEWBERRY LIBRARY,60 WEST WALTON,CHICAGO,IL,60610,69512,GENERAL,990-PF,41.899859574468,-87.630394134617,sited
Jerome Nerenberg 2000 Charitable TR,2022,GATEWAY FOUNDATION INC,55 EAST JACKSON BLVD,CHICAGO,IL,60604,83414,GENERAL,990-PF,41.878186887212,-87.626002494406,intermediary_or_citywide
Jerome Nerenberg 2000 Charitable TR,2022,LYRIC OPERA OF CHICAGO,20 NORTH WACKER DRIVE,CHICAGO,IL,60606,111219,GENERAL,990-PF,41.882191369239,-87.637100009791,sited
Jerome Nerenberg 2000 Charitable TR,2023,NEWBERRY LIBRARY,60 WEST WALTON,CHICAGO,IL,60610,52501,GENERAL,990-PF,41.899859574468,-87.630394134617,sited
Jerome Nerenberg 2000 Charitable TR,2023,GATEWAY FOUNDATION INC,55 EAST JACKSON BLVD,CHICAGO,IL,60604,63001,GENERAL,990-PF,41.878186887212,-87.626002494406,intermediary_or_citywide
Jerome Nerenberg 2000 Charitable TR,2023,LYRIC OPERA OF CHICAGO,20 NORTH WACKER DRIVE,CHICAGO,IL,60606,84002,GENERAL,990-PF,41.882191369239,-87.637100009791,sited
Jerome Nerenberg 2000 Charitable TR,2024,NEWBERRY LIBRARY,60 WEST WALTON,CHICAGO,IL,60610,55155,GENERAL SUPPORT,990-PF,41.899859574468,-87.630394134617,sited
Jerome Nerenberg 2000 Charitable TR,2024,GATEWAY FOUNDATION INC,55 EAST JACKSON BLVD,CHICAGO,IL,60604,66186,GENERAL SUPPORT,990-PF,41.878186887212,-87.626002494406,intermediary_or_citywide
Jerome Nerenberg 2000 Charitable TR,2024,LYRIC OPERA OF CHICAGO,20 NORTH WACKER DRIVE,CHICAGO,IL,60606,88248,GENERAL SUPPORT,990-PF,41.882191369239,-87.637100009791,sited
Manaaki Foundation,2021,ALLIANCECHICAGO,225 W ILLINOIS STREET 5TH FLOOR,CHICAGO,IL,60654,5000,EXEMPT PURPOSE OF ORGANIZATION,990-PF,41.890720437236,-87.634791318856,sited
Manaaki Foundation,2021,CHICAGO MEDIA PROJECT,301 W GRAND AVENUE SUITE 170,CHICAGO,IL,60654,50000,EXEMPT PURPOSE OF ORGANIZATION,990-PF,41.891505848714,-87.635654215084,sited
Manaaki Foundation,2021,CHICAGO PUBLIC MEDIA,848 E GRAND AVENUE,CHICAGO,IL,60611,125000,EXEMPT PURPOSE OF ORGANIZATION,990-PF,41.892187438564,-87.609927254642,sited
Manaaki Foundation,2021,CURE VIOLENCE GLOBAL,207 W MONROE STREET SUITE 1025,CHICAGO,IL,60606,5000,EXEMPT PURPOSE OF ORGANIZATION,990-PF,41.880602547148,-87.633954264593,sited
Manaaki Foundation,2021,ENVIRONMENTAL LAW AND POLICY CENTER OF THE MIDWEST,35 UPPER EAST WACKER DRIVE SUITE,CHICAGO,IL,60601,70000,EXEMPT PURPOSE OF ORGANIZATION,990-PF,41.887530047162,-87.625851774658,sited
Manaaki Foundation,2021,FULL SPECTRUM FEATURES,1407 W OHIO STREET,CHICAGO,IL,60642,7420,EXEMPT PURPOSE OF ORGANIZATION,990-PF,41.892428253453,-87.66247128114,sited
Manaaki Foundation,2021,GROWING HOME INC,2732 N CLARK STREET SUITE 310,CHICAGO,IL,60614,20000,EXEMPT PURPOSE OF ORGANIZATION,990-PF,41.932008731782,-87.644752454457,sited
Manaaki Foundation,2021,LINK UNLIMITED,2221 S STATE STREET,CHICAGO,IL,60616,30000,EXEMPT PURPOSE OF ORGANIZATION,990-PF,41.852412770197,-87.627000639137,sited
Manaaki Foundation,2021,PLANNED PARENTHOOD OF ILLINOIS,18 S MICHIGAN AVENUE,CHICAGO,IL,60603,285000,EXEMPT PURPOSE OF ORGANIZATION,990-PF,41.881367819857,-87.624527825232,sited
Manaaki Foundation,2021,REFUSHE (PREVIOUSLY KNOWN AS HESHIMA KENYA),PO BOX 408077,CHICAGO,IL,60640,25000,EXEMPT PURPOSE OF ORGANIZATION,990-PF,,,intermediary_or_citywide
Manaaki Foundation,2021,ROGER BALDWIN FOUNDATION OF THE ACLU INC,150 N MICHIGAN AVENUE SUITE 600,CHICAGO,IL,60601,20000,EXEMPT PURPOSE OF ORGANIZATION,990-PF,41.884931224143,-87.624552861651,intermediary_or_citywide
Manaaki Foundation,2021,VOICES AND FACES PROJECT,47 W POLK STREET 170,CHICAGO,IL,60605,10000,EXEMPT PURPOSE OF ORGANIZATION,990-PF,41.872227851641,-87.628870808889,sited
Manaaki Foundation,2021,WOMENS GLOBAL EDUCATION PROJECT,PO BOX 617613,CHICAGO,IL,60661,35000,EXEMPT PURPOSE OF ORGANIZATION,990-PF,,,intermediary_or_citywide
Manaaki Foundation,2022,ALLIANCECHICAGO,225 W ILLINOIS STREET 5TH FLOOR,CHICAGO,IL,60654,20000,EXEMPT PURPOSE OF ORGANIZATION,990-PF,41.890720437236,-87.634791318856,sited
Manaaki Foundation,2022,BLAIR THOMAS & COMPANY,410 S MICHIGAN AVENUE SUITE 310,CHICAGO,IL,60605,15000,EXEMPT PURPOSE OF ORGANIZATION,990-PF,41.87661684649,-87.624436493807,sited
Manaaki Foundation,2022,CHICAGO ABORTION FUND,333 W NORTH AVENUE SUITE 267,CHICAGO,IL,60610,10000,EXEMPT PURPOSE OF ORGANIZATION,990-PF,41.910999845488,-87.637697236039,sited
Manaaki Foundation,2022,CHICAGO MEDIA PROJECT,301 W GRAND AVENUE SUITE 170,CHICAGO,IL,60654,50000,EXEMPT PURPOSE OF ORGANIZATION,990-PF,41.891505848714,-87.635654215084,sited
Manaaki Foundation,2022,CHICAGO PUBLIC MEDIA,848 E GRAND AVENUE,CHICAGO,IL,60611,125000,EXEMPT PURPOSE OF ORGANIZATION,990-PF,41.892187438564,-87.609927254642,sited
Manaaki Foundation,2022,CURE VIOLENCE GLOBAL,207 W MONROE STREET SUITE 1025,CHICAGO,IL,60606,20000,EXEMPT PURPOSE OF ORGANIZATION,990-PF,41.880602547148,-87.633954264593,sited
Manaaki Foundation,2022,ENVIRONMENTAL LAW AND POLICY CENTER OF THE MIDWEST,35 UPPER EAST WACKER DRIVE SUITE,CHICAGO,IL,60601,70000,EXEMPT PURPOSE OF ORGANIZATION,990-PF,41.887530047162,-87.625851774658,sited
Manaaki Foundation,2022,FULL SPECTRUM FEATURES,1407 W OHIO STREET,CHICAGO,IL,60642,11000,EXEMPT PURPOSE OF ORGANIZATION,990-PF,41.892428253453,-87.66247128114,sited
Manaaki Foundation,2022,GLOBAL PHILANTHROPY PARTNERSHIP,2440 N LAKEVIEW AVENUE,CHICAGO,IL,60614,5000,EXEMPT PURPOSE OF ORGANIZATION,990-PF,41.926793884312,-87.639235571208,sited
Manaaki Foundation,2022,GROWING HOME INC,2732 N CLARK STREET SUITE 310,CHICAGO,IL,60614,30000,EXEMPT PURPOSE OF ORGANIZATION,990-PF,41.932008731782,-87.644752454457,sited
Manaaki Foundation,2022,PLANNED PARENTHOOD OF ILLINOIS,18 S MICHIGAN AVENUE,CHICAGO,IL,60603,50000,EXEMPT PURPOSE OF ORGANIZATION,990-PF,41.881367819857,-87.624527825232,sited
Manaaki Foundation,2022,REFUSHE (PREVIOUSLY KNOWN AS HESHIMA KENYA),PO BOX 408077,CHICAGO,IL,60640,25000,EXEMPT PURPOSE OF ORGANIZATION,990-PF,,,intermediary_or_citywide
Manaaki Foundation,2022,ROGER BALDWIN FOUNDATION OF THE ACLU INC,150 N MICHIGAN AVENUE SUITE 600,CHICAGO,IL,60601,30000,EXEMPT PURPOSE OF ORGANIZATION,990-PF,41.884931224143,-87.624552861651,intermediary_or_citywide
Manaaki Foundation,2022,VOICES AND FACES PROJECT,47 W POLK STREET 170,CHICAGO,IL,60605,50000,EXEMPT PURPOSE OF ORGANIZATION,990-PF,41.872227851641,-87.628870808889,sited
Manaaki Foundation,2022,WOMENS GLOBAL EDUCATION PROJECT,PO BOX 617613,CHICAGO,IL,60661,25000,EXEMPT PURPOSE OF ORGANIZATION,990-PF,,,intermediary_or_citywide
Manaaki Foundation,2023,ALLIANCECHICAGO,225 W ILLINOIS STREET 5TH FLOOR,CHICAGO,IL,60654,30000,EXEMPT PURPOSE OF ORGANIZATION,990-PF,41.890720437236,-87.634791318856,sited
Manaaki Foundation,2023,BLAIR THOMAS & COMPANY,410 S MICHIGAN AVENUE SUITE 310,CHICAGO,IL,60605,21300,EXEMPT PURPOSE OF ORGANIZATION,990-PF,41.87661684649,-87.624436493807,sited
Manaaki Foundation,2023,CHICAGO ABORTION FUND,333 W NORTH AVENUE SUITE 267,CHICAGO,IL,60610,10000,EXEMPT PURPOSE OF ORGANIZATION,990-PF,41.910999845488,-87.637697236039,sited
Manaaki Foundation,2023,CHICAGO MEDIA PROJECT,301 W GRAND AVENUE SUITE 170,CHICAGO,IL,60654,70000,EXEMPT PURPOSE OF ORGANIZATION,990-PF,41.891505848714,-87.635654215084,sited
Manaaki Foundation,2023,CHICAGO PUBLIC MEDIA,848 E GRAND AVENUE,CHICAGO,IL,60611,150000,EXEMPT PURPOSE OF ORGANIZATION,990-PF,41.892187438564,-87.609927254642,sited
Manaaki Foundation,2023,ENVIRONMENTAL LAW AND POLICY CENTER OF THE MIDWEST,35 UPPER EAST WACKER DRIVE SUITE,CHICAGO,IL,60601,70000,EXEMPT PURPOSE OF ORGANIZATION,990-PF,41.887530047162,-87.625851774658,sited
Manaaki Foundation,2023,GROWING HOME INC,2732 N CLARK STREET SUITE 310,CHICAGO,IL,60614,15000,EXEMPT PURPOSE OF ORGANIZATION,990-PF,41.932008731782,-87.644752454457,sited
Manaaki Foundation,2023,LINK UNLIMITED SCHOLARS,2221 STATE ST,CHICAGO,IL,60616,20000,EXEMPT PURPOSE OF ORGANIZATION,990-PF,41.852412770197,-87.627000639137,sited
Manaaki Foundation,2023,PLANNED PARENTHOOD OF ILLINOIS,18 S MICHIGAN AVENUE,CHICAGO,IL,60603,165000,EXEMPT PURPOSE OF ORGANIZATION,990-PF,41.881367819857,-87.624527825232,sited
Manaaki Foundation,2023,ROGER BALDWIN FOUNDATION OF THE ACLU INC,150 N MICHIGAN AVENUE SUITE 600,CHICAGO,IL,60601,30000,EXEMPT PURPOSE OF ORGANIZATION,990-PF,41.884931224143,-87.624552861651,intermediary_or_citywide
Manaaki Foundation,2023,WOMENS GLOBAL EDUCATION PROJECT,PO BOX 617613,CHICAGO,IL,60661,25000,EXEMPT PURPOSE OF ORGANIZATION,990-PF,,,intermediary_or_citywide
Manaaki Foundation,2024,ALLIANCECHICAGO,225 W ILLINOIS STREET 5TH FLOOR,CHICAGO,IL,60654,20000,SUPPORT OF THE ILLINOIS CONTRACEPTIVE ACCESS NOW (ICAN) INITIATIVE,990-PF,41.890720437236,-87.634791318856,sited
Manaaki Foundation,2024,CHICAGO ABORTION FUND,333 W NORTH AVENUE SUITE 267,CHICAGO,IL,60610,30000,GRANT FOR REPRODUCTIVE JUSTICE AND IN SUPPORT OF GENERAL OPERATIONS,990-PF,41.910999845488,-87.637697236039,sited
Manaaki Foundation,2024,CHICAGO INTERNATIONAL PUPPET THEATER FESTIVAL,410 S MICHIGAN AVE SUITE 310,CHICAGO,IL,60605,15000,SUPPORT OF GENERAL OPERATIONS,990-PF,41.87661684649,-87.624436493807,sited
Manaaki Foundation,2024,CHICAGO MEDIA PROJECT,301 W GRAND AVENUE SUITE 170,CHICAGO,IL,60654,60000,"IN SUPPORT OF THE SHIFTING VOICES FILM FUND (BIPOC FILM FUND), SUPPORT OF THE DOC10 FILM FESTIVAL & SHIFTING VOICES, SUPPORT OF THE RE/CONSTRUCTION FILM PROJECT",990-PF,41.891505848714,-87.635654215084,sited
Manaaki Foundation,2024,CHICAGO PUBLIC MEDIA,848 EAST GRAND AVENUE,CHICAGO,IL,60611,129045,SUPPORT OF GENERAL OPERATIONS,990-PF,41.892187438564,-87.609927254642,sited
Manaaki Foundation,2024,ENVIRONMENTAL LAW AND POLICY CENTER,35 UPPER EAST WACKER DRIVE SUITE,CHICAGO,IL,60601,70000,SUPPORT OF GENERAL OPERATIONS,990-PF,41.887530047162,-87.625851774658,sited
Manaaki Foundation,2024,FOREFRONT,208 S LASALLE SUITE 1540,CHICAGO,IL,60604,75000,SUPPORT OF FRESH TASTE FOR THE II REGEN/MIDWEST REGENERATIVE AGRICULTURE FUND,990-PF,41.879132477534,-87.632361460549,intermediary_or_citywide
Manaaki Foundation,2024,GROWING HOME INC,6429 S HONORE STREET,CHICAGO,IL,60636,15000,SUPPORT OF GENERAL OPERATIONS,990-PF,41.777026302633,-87.670154870847,sited
Manaaki Foundation,2024,LINK UNLIMITED SCHOLARS,2221 STATE ST,CHICAGO,IL,60616,20000,SUPPORT OF GENERAL OPERATIONS,990-PF,41.852412770197,-87.627000639137,sited
Manaaki Foundation,2024,PLANNED PARENTHOOD OF ILLINOIS,18 SOUTH MICHIGAN AVE 6TH FLOOR,CHICAGO,IL,60603,155000,SUPPORT OF GENERAL OPERATIONS,990-PF,41.881367819857,-87.624527825232,sited
Manaaki Foundation,2024,REFUSHE,17 EAST MONROE ST SUITE 228,CHICAGO,IL,60603,25000,"SUPPORT THE THREADS OF HOPE FUNDRAISER, SUPPORT OF GENERAL OPERATIONS",990-PF,41.880717752457,-87.627116407047,sited
Manaaki Foundation,2024,ROGER BALDWIN FOUNDATION OF THE ACLU INC,150 N MICHIGAN AVENUE SUITE 600,CHICAGO,IL,60601,30000,SUPPORT OF GENERAL OPERATIONS,990-PF,41.884931224143,-87.624552861651,intermediary_or_citywide
Manaaki Foundation,2024,THE VOICES AND FACES PROJECT,303 E WACKER DRIVE SUITE 2108,CHICAGO,IL,60601,10000,SUPPORT OF GENERAL OPERATIONS,990-PF,41.887748427515,-87.620522089915,sited
Blowitz-Ridgeway Foundation,2021,Above and Beyond Family Recovery Center,2942 West Lake Street,CHICAGO,IL,60612,15000,"For the West Garfield Park Supportive Housing and Employment Program Expansion, which integrates permanent supportive and emergency housing behavioral health treatment, and health and nutrition for low-income adults and families.",990-PF,41.884174400887,-87.699901322273,sited
Blowitz-Ridgeway Foundation,2021,All Chicago Making Homelessness History (Formerly Emergency Fund),651 W Washington Suite 504,CHICAGO,IL,60661,20000,"For the All Chicago Emergency Fund for Agencies. Funds could be used towards, for example, Mental Health Counseling, hiring staff, transportation, technology, or cover expenses related to the pandemic that is not covered by grants.",990-PF,41.883104198314,-87.644697339863,intermediary_or_citywide
Blowitz-Ridgeway Foundation,2021,Alternatives Inc,4730 N Sheridan Rd,CHICAGO,IL,60640,12500,"For Behavioral Health Services, which provides comprehensive trauma-informed counseling services in schools & at a community-based center, substance abuse treatment, crisis intervention counseling for at-risk youth from low-income families in Chicago.",990-PF,41.96823742805,-87.654887294249,sited
Blowitz-Ridgeway Foundation,2021,Association House of Chicago,1116 N Kedzie Avenue,CHICAGO,IL,60651,15000,"For Integrated Health Program, which provides bilingual primary and mental healthcare services as well as intensive case management services on-site, in-home and telehealth to low-income African American & Latino adults in multiple Chicago neighborhoods.",990-PF,41.901809739887,-87.706833683051,sited
Blowitz-Ridgeway Foundation,2021,Between Friends,PO Box 608548,CHICAGO,IL,60660,15000,"For General Operating Support. Between Friends provides comprehensive counseling and support services for individuals and families, as well as prevention education for both youth and adults in Chicago's northside.",990-PF,,,intermediary_or_citywide
Blowitz-Ridgeway Foundation,2021,Casa Central,1343 N California Ave,CHICAGO,IL,60622,15000,"For LaPosada Transitional/Interim Housing Program, which provides low-income families in Chicago with short-term housing with bilingual and cultural responsive support services. Each family is assigned a case manager who will assist with their needs.",990-PF,41.905864672349,-87.696876185183,sited
Blowitz-Ridgeway Foundation,2021,Center on Halsted (formerly Horizons Community Services),3656 N Halsted St,CHICAGO,IL,60613,20000,"For the Behavioral Health Services, which provides LGBTQ+ community with comprehensive bilingual (English/Spanish) therapeutic short-term and long-term individual, group family and relationship therapies, and crisis support in Chicago.",990-PF,41.947887176906,-87.649583423594,sited
Blowitz-Ridgeway Foundation,2021,Chicago Children's Advocacy Center,1240 S Damen Ave,CHICAGO,IL,60608,15000,"For the Family Hope Center, which provides evidenced-based trauma-informed therapy for children and families impacted by child sexual abuse and other trauma in Chicago. The Center provides individual, group and family therapy as well as provides support.",990-PF,41.865461597109,-87.676287526432,sited
Blowitz-Ridgeway Foundation,2021,Chicago Workers Collaborative,1914 S Ashland Ave,CHICAGO,IL,60608,15000,"For the Working Families Protection Program, which utilizes a community health worker approach to reaching workers at manufacturing, hospitality, landscaping and other day laborer sites in Kane, DuPage, Lake and Cook Counties.",990-PF,41.855806478013,-87.666164166617,sited
Blowitz-Ridgeway Foundation,2021,Children's Research Triangle,70 East Lake Street Suite 1300,CHICAGO,IL,60601,10000,"For the Evaluation and Treatment Fund, which provides medical and developmental/psychological evaluations, individual, family, group psychotherapy, and medication management for low-income families. Funding would support 18 children and their families.",990-PF,41.885782775355,-87.625858436593,sited
Blowitz-Ridgeway Foundation,2021,Connections for Abused Women and their Children (CAWC),1115 N Kedzie Ave 5th Floor,CHICAGO,IL,60651,20000,"For General Operating Support. CAWC's comprehensive domestic violence services include crisis intervention, shelter, safety planning/assessment, legal and medical advocacy, individual and group counseling for survivors of domestic violence in Chicago.",990-PF,41.90147924999,-87.70666920665,sited
Blowitz-Ridgeway Foundation,2021,Deborah's Place,2822 W Jackson Blvd,CHICAGO,IL,60612,17500,For General Operating Support. Deborah's Place provides housing and comprehensive supportive services to chronically homeless women in Chicago. Funding is needed to help expand programs and increase the number of women served.,990-PF,41.87748144593,-87.697018917698,sited
Blowitz-Ridgeway Foundation,2021,Enlace Chicago,2759 S Harding Ave,CHICAGO,IL,60623,15000,"For the Community Health Worker-led Access to Care Initiative, in which trained public health workers assist community members in Chicago's Little Village with enrolling in Medicaid, health insurance, finding a medical home, etc.",990-PF,41.841348326559,-87.723171551161,sited
Blowitz-Ridgeway Foundation,2021,Family Rescue,8811 S Stony Island Ave,CHICAGO,IL,60617,15000,General operating support of it programs which provide comprehensive support services and shelter to victims of domestic violence.,990-PF,41.73487529336,-87.585095191163,intermediary_or_citywide
Blowitz-Ridgeway Foundation,2021,Forefront (formerly Donors Forum of Chicago),208 South LaSalle Street Suite 740,CHICAGO,IL,60604,2150,FY22 membership dues,990-PF,41.879132477534,-87.632361460549,sited
Blowitz-Ridgeway Foundation,2021,Franciscan Outreach Association,717b W 18th St,CHICAGO,IL,60616,20000,"For General Operating Support of its programs and services, which include Emergency Shelters, Transitional Housing Program (Streets to Home Initiative/Interim Housing), case management, financial assistance fund, meals, access to health care, and more.",990-PF,41.8575055511,-87.645528608965,sited
Blowitz-Ridgeway Foundation,2021,Gads Hill Center,1919 w Cullerton St,CHICAGO,IL,60608,10000,"For the Healthy Moves Program, which trains Health Promoters to provide critical community education on health, nutrition and mental wellness, and financial literacy. Funding will expand on educating on COVID-19 information and importance of vaccinations.",990-PF,41.854893769929,-87.673968712711,sited
Blowitz-Ridgeway Foundation,2021,Health & Medicine Policy Research Group,29 E Madison Ste 602,CHICAGO,IL,60602,15000,"For the Chicago Area Schweitzer Fellows Program, a year-long service learning program that helps graduate students in healthcare professions design/implement innovative direct service projects in underserved communities.",990-PF,41.882019849846,-87.626770185583,sited
Blowitz-Ridgeway Foundation,2021,Howard Brown Health Center,1025 W Sunnyside Ave Suite 300,CHICAGO,IL,60640,15000,"For the Broadway Youth Center, a drop-in center for LGBTQ and unstably housed youth in Chicago's Lakeview neighborhood, with services in the south side. The Center provides comprehensive low barrier medical care, behavioral health services, etc.",990-PF,41.96354009433,-87.655582371046,sited
Blowitz-Ridgeway Foundation,2021,Ignite (formerly Teen Living Programs),180 N Michigan Ave Suite 1900,CHICAGO,IL,60601,15000,"For General Operating Support. Ignite provides homeless youth, age 14-24, in Chicago's Bronzeville neighborhood with comprehensive services, such as emergency & transitional housing, Street and Community Outreach, case management, employment support, etc.",990-PF,41.885373782983,-87.624570287649,sited
Blowitz-Ridgeway Foundation,2021,Infant Welfare Society of Chicago,3600 W Fullerton Avenue,CHICAGO,IL,60647,10000,"For General Operating Support of the Angel Harvey Family Clinic, which provides medical, dental, optometry, therapeutic, and behavioral health services, and child development for low-income, uninsured families in Chicago.",990-PF,41.924659438972,-87.717072727636,sited
Blowitz-Ridgeway Foundation,2021,Inspiration Corporation,4554 N Broadway Suite 207,CHICAGO,IL,60640,10000,"For the Housing Program, which provides individuals and families in Chicago who are experiencing homelessness with access to housing and rental support. Program includes transitional, permanent supportive housing, and supportive services.",990-PF,41.964552431543,-87.657020755639,sited
Blowitz-Ridgeway Foundation,2021,Juvenile Protective Association,1707 N Halsted St,CHICAGO,IL,60614,10000,"For the Treatment & Counseling Program in 16 schools in North Lawndale, and west and south side neighborhoods in Chicago. The Program includes Relationship-based individual and small group therapy, Therapist-led psycho-educational classroom groups, etc.",990-PF,41.912694786583,-87.648250143667,sited
Blowitz-Ridgeway Foundation,2021,Kids Above All (formerly ChildServ),8765 Higgins Road Suite 450,CHICAGO,IL,60631,10000,"For the Emerge Program, which provides homeless youth, ages 18-24, in Chicago with subsidized temporary housing and supportive services. Services include trauma-informed individual case management, therapeutic individual and group counseling, etc.",990-PF,41.987670068984,-87.84570013132,sited
Blowitz-Ridgeway Foundation,2021,La Casa Norte,3533 W North Avenue,CHICAGO,IL,60647,15000,"For General Operating Support. La Casa Norte serves youth and families facing homelessness in Chicago. Services include emergency shelter, rapid rehousing, transitional housing, permanent supportive housing, counseling, health care, rental assistance etc",990-PF,41.909955638029,-87.715532817289,sited
Blowitz-Ridgeway Foundation,2021,Law Center for Better Housing (formerly Lawyers Committee for Better Housin,33 N LaSalle Suite 900,CHICAGO,IL,60602,15000,"For the Tenant Supportive Services, which provide integrated social service case management to renters in Chicago facing eviction with the goal of keeping them stably housed and avoiding court.",990-PF,41.882669411932,-87.632303917026,sited
Blowitz-Ridgeway Foundation,2021,Margaret's Village (Formerly Institute of Women Today),7315 S Yale Ave,CHICAGO,IL,60621,15000,"For General Operating Support. The agency operates Maria's Shelter, a 50-bed interim shelter for women and children in Englewood; Believe is a 50-bed interim facility for families in South Chicago; and Vincennes Senior Center for low-income seniors.",990-PF,41.761474043096,-87.630834694492,sited
Blowitz-Ridgeway Foundation,2021,Mercy Housing Lakefront,120 S LaSalle Street Suite 1915,CHICAGO,IL,60603,12500,"For the Supportive Housing for the Homeless Program, which provides stable housing for families and individuals with supportive case management, health and wellness to address chronic conditions and mental illness, job training, and Tenant Leadership.",990-PF,41.88008989864,-87.632389221807,sited
Blowitz-Ridgeway Foundation,2021,Mobile CARE Chicago,239 W Root St,CHICAGO,IL,60609,12000,"For General Operating. Mobile Care Chicago's mission is to deliver no-cost medical and preventative care, education, and support to low-income children and families within their native communities aboard mobile medical clinics.",990-PF,41.819055860966,-87.632508636074,sited
Blowitz-Ridgeway Foundation,2021,New Moms,5317 W Chicago Ave,CHICAGO,IL,60651,15000,"For General Operating Support. New Moms serves young mothers in need of housing stability in Chicago and near western suburbs. Programs include housing and support, job training, classroom training, home-based parent coaching, prenatal/parent support etc",990-PF,41.894853854979,-87.75837321066,sited
Blowitz-Ridgeway Foundation,2021,Nourishing Hope (formerly Lakeview Pantry),3945 North Sheridan Road,CHICAGO,IL,60613,15000,"For General Operating Support. Hunger is often connected to unemployment, homelessness, and mental health, the Pantry provides groceries and social services to Chicago's Lakeview area. Services include, job training and search, access to healthcare etc.",990-PF,41.954118724761,-87.654455396743,sited
Blowitz-Ridgeway Foundation,2021,Old Irving Park Community Clinic,5425 W Addison,CHICAGO,IL,60641,15000,"For General Operating Support. Funds will cover expenses incurred to provide free, quality primary and behavioral health care to uninsured and underserved low-income individuals in Chicago's northwest side.",990-PF,41.94586584651,-87.762906989895,sited
Blowitz-Ridgeway Foundation,2021,Organizing Neighborhoods for Equality Northside aka ONE Northside,4648 N Racine Ave,CHICAGO,IL,60640,10000,"For the Mental Health Justice Campaign, which works with people living with mental illness to educate the broader community and break down the stigma of mental illness. Funds will be used toward salary support for a community organizer.",990-PF,41.966263066035,-87.659713321149,sited
Blowitz-Ridgeway Foundation,2021,Primo Center for Women and Children,6212 S Sangamon,CHICAGO,IL,60621,15000,"For General Operating Support. The Center provides housing and services to families who are homeless in Chicago's Austin and Englewood neighborhoods. Services include comprehensive behavioral/medical health treatment, which addresses trauma experienced.",990-PF,41.781357576045,-87.648540409844,sited
Blowitz-Ridgeway Foundation,2021,Refugee One (formerly Interfaith Refugee and Immigration Ministries),6008 N California Ave,CHICAGO,IL,60659,15000,"For general operating support of its programs which create opportunities for refugees fleeing war, terror, and persecution to build new lives of safety, dignity, and self-reliance.",990-PF,41.991007177329,-87.699496292923,sited
Blowitz-Ridgeway Foundation,2021,Renaissance Collaborative,3757 S Wabash Ave,CHICAGO,IL,60653,15000,"For General Operating Support of its affordable housing for low-income seniors and chronically homeless in Chicago's Bronzeville neighborhood. In addition to SROs, Renaissance offers supportive services such as case management, employment training, etc.",990-PF,41.826126415253,-87.624778742983,sited
Blowitz-Ridgeway Foundation,2021,Renaissance Social Services,2501 W Washington Suite 401,CHICAGO,IL,60612,15000,"For General Operating Support. Programs serving homeless individuals and families in Chicago's west side include Street Outreach, rapid re-housing, mental health drop-in center, a new short-term supportive housing program, homeless prevention, etc.",990-PF,41.882927724588,-87.688604143716,sited
Blowitz-Ridgeway Foundation,2021,Resilience (formerly Rape Victim Advocates),Resilience 180 N Michigan Ave Suite,CHICAGO,IL,60601,15000,"For General Operating Support. Resilience empowers people and communities to help prevent sexual violence and provides a full range of services to decrease trauma and support healing, such as follow-up health care, trauma-informed therapy.",990-PF,41.885373782983,-87.624570287649,sited
Blowitz-Ridgeway Foundation,2021,Sargent Shriver National Center On Poverty Law,67 E Madison St Suite 2000,CHICAGO,IL,60603,15000,"For Reaching the Remaining Uninsured & Keeping the Newly Insured in Coverage Project. The Center will conduct trainings, technical assistance public education, outreach on four programs: coverage for low-income noncitizens, etc.",990-PF,41.88203784977,-87.625472602075,sited
Blowitz-Ridgeway Foundation,2021,Test Positive Aware Network,5537 N Broadway,CHICAGO,IL,60640,10000,"For the Total Care Portal, a care coordination program that works to ensure that people living with HIV or are vulnerable to HIV and other chronic illnesses in Chicago are connected to primary care and supportive services.",990-PF,41.982644546197,-87.659962474139,sited
Blowitz-Ridgeway Foundation,2021,The Ark,6450 North California Avenue,CHICAGO,IL,60645,15000,"For The Pharmacy Program, which provides medications for low-income, un- or under-insured Chicago residents who experience barriers to health care. Funds would be used to purchase needed medications not available through donations or wholesale.",990-PF,41.99855358817,-87.699750843871,sited
Blowitz-Ridgeway Foundation,2021,The Boulevard of Chicago (Formerly Interfaith House),542 S Dearborn 300,CHICAGO,IL,60605,17000,For General Operating Support to provide transitional housing and support services for Chicago homeless adults discharged from the hospital with acute medical needs and prepare them for independent living.,990-PF,41.875152746557,-87.629299852938,sited
Blowitz-Ridgeway Foundation,2021,The Night Ministry,1735 North Ashland Avenue Suite,CHICAGO,IL,60622,15000,"For General Operating Support to meet the needs of homeless adults and youth in Chicago through Youth Services and Health Outreach. Services include the Health Outreach Bus, Street Medicine Team, Youth Outreach Team, Crib Overnight Emergency Shelter, etc.",990-PF,41.913146606144,-87.667683335934,sited
Blowitz-Ridgeway Foundation,2021,Young Invincibles,125 S Clark Street FL 17,CHICAGO,IL,60603,10000,"For the Health Care Program, including Mental Health needs of young adults. Working in partnership with NAMI Chicago, the program will target higher education institutions to ensure students' mental health needs are being met.",990-PF,41.879894571142,-87.630755983561,sited
Blowitz-Ridgeway Foundation,2021,Youth Outreach Services,2411 West Congress Parkway,CHICAGO,IL,60612,15000,"For general operating support of its programs which help at-risk youth in the Chicago area to reach their potential. Programs include counseling, child welfare and prevention services which help youth and families develop the skills/opportunities",990-PF,41.874943999424,-87.686726578009,sited
Blowitz-Ridgeway Foundation,2022,Association House of Chicago,1116 N Kedzie Ave,CHICAGO,IL,60601,15000,"For Integrated Health Program, which provides bilingual primary/mental healthcare services as well as intensive case management services on-site, in-home and telehealth to low-income African American & Latino adults in multiple Chicago neighborhoods.",990-PF,41.901809739887,-87.706833683051,sited
Blowitz-Ridgeway Foundation,2022,Casa Central,1343 N California Avenue,CHICAGO,IL,60601,15000,"For LaPosada Transitional/Interim Housing Program, which provides low-income families in Chicago with short-term housing with bilingual and cultural responsive support services. Each family is assigned a case manager who will assist with their needs.",990-PF,41.905864672349,-87.696876185183,sited
Blowitz-Ridgeway Foundation,2022,Center on Halsted (formerly Horizons Community Services),3656 N Halsted,CHICAGO,IL,60601,20000,"For the Behavioral Health Services, which provides LGBTQ+ community in Chicago with comprehensive bilingual (English/Spanish) therapeutic short-term and long-term individual, group family and relationship therapies, and crisis support in Chicago.",990-PF,41.947887176906,-87.649583423594,sited
Blowitz-Ridgeway Foundation,2022,Chicago Children's Advocacy Center,1240 S Damen Avenue,CHICAGO,IL,60601,15000,"For Family Hope Center, which provides evidenced-based trauma-informed therapy for children & families impacted by child sexual abuse and other trauma in Chicago. CAC provides individual, group and family therapy as well as provides supportive services.",990-PF,41.865461597109,-87.676287526432,sited
Blowitz-Ridgeway Foundation,2022,Chicago Coalition for the Homeless,70 E Lake St Ste 720,CHICAGO,IL,60601,15000,"For the Youth Futures Legal Clinic, which provides legal aid and representation to students and youth experiencing homelessness in Chicago. Services include assistance with accessing public benefits, identification documents, legal needs and more.",990-PF,41.885782775355,-87.625858436593,sited
Blowitz-Ridgeway Foundation,2022,Chicago Coalition To Save Our Mental Health Centers,5760 W Irving Park rd,CHICAGO,IL,60601,10000,For Conducting Mental Health Needs Assessments for two EMHSP (Expanded Mental Health Services Programs) Areas. The assessments will identify the unmet mental health needs and define services to be provided at the incoming community mental health center.,990-PF,41.953189437128,-87.771354434576,sited
Blowitz-Ridgeway Foundation,2022,Children's Research Triangle,70 East Lake Street Suite 1300,CHICAGO,IL,60601,10000,"For the Evaluation and Treatment Fund which provides medical and psychological evaluations, individual, family and group psychotherapy, and medication management for low-income families in community-based settings in Chicago and Cook County area.",990-PF,41.885782775355,-87.625858436593,sited
Blowitz-Ridgeway Foundation,2022,Chinese American Service League,2141 S Tan Ct,CHICAGO,IL,60601,15000,"For the Client Advocacy Unit, part of the Behavioral Health and Clinical Services program to assess and address the rising mental health needs of immigrant Chinese community in the surrounding Chinatown neighborhood in Chicago.",990-PF,41.854647348166,-87.635337073848,sited
Blowitz-Ridgeway Foundation,2022,Community Health,2611 W Chicago Ave,CHICAGO,IL,60601,20000,"For General Operating Support of this free health care center which provides uninsured and low-income individuals in Chicago with primary, dental, specialty care, medication, mental health, and lab services, as well as health education, Telehealth, etc.",990-PF,41.895632216929,-87.692081138071,sited
Blowitz-Ridgeway Foundation,2022,Crossroads Fund,3411 W Diversey Ave,CHICAGO,IL,60601,15000,Mutual Aid Pooled Fund Grant (Emergency Grant),990-PF,41.931906846099,-87.712837203673,sited
Blowitz-Ridgeway Foundation,2022,Deborah's Place,2822 W Jackson Blvd,CHICAGO,IL,60601,17500,"For General Operating Support. Deborah's Place provides housing and comprehensive supportive services to chronically homeless women in Chicago. Services include Interim/Permanent Supportive Housing, comprehensive support services, case management, etc.",990-PF,41.87748144593,-87.697018917698,sited
Blowitz-Ridgeway Foundation,2022,Enlace Chicago,2759 S Harding,CHICAGO,IL,60601,15000,"For the Community Health Worker-led Access to Care Initiative, in which trained public health workers assist community members in Chicago's Little Village neighborhood with accessing the healthcare system.",990-PF,41.841348326559,-87.723171551161,sited
Blowitz-Ridgeway Foundation,2022,Facing Forward (formerly Interfaith Council for the Homeless),642 N Kedzie Ave,CHICAGO,IL,60601,15000,"For General Operating Support. They provide individuals and families in Chicago with Permanent Supportive Housing, clinical case management, supportive services (e.g. health care, life skills training), housing location, education and advocacy.",990-PF,41.892686134033,-87.706545890051,sited
Blowitz-Ridgeway Foundation,2022,Family Rescue,8811 S Stony Island Ave,CHICAGO,IL,60601,15000,"For General Operating Support of comprehensive services for domestic violence survivors and their children in Chicago's south side. Services include crisis intervention, supportive housing, individual and group counseling, financial literacy, etc.",990-PF,41.73487529336,-87.585095191163,intermediary_or_citywide
Blowitz-Ridgeway Foundation,2022,Franciscan Outreach Association,717B W 18th St,CHICAGO,IL,60601,20000,"For General Operating Support. They provide emergency shelter, transitional housing, rapid rehousing, case management, meals, financial assistance, access to health care, and more, for individuals who are homeless.",990-PF,41.8575055511,-87.645528608965,sited
Blowitz-Ridgeway Foundation,2022,Gads Hill Center,1919 W Cullerton st,CHICAGO,IL,60601,10000,"For Healthy Moves Program, which trains Health Promoters to provide critical community education on health, nutrition and mental wellness, and financial literacy. Funding will continue to educate on COVID-19 information and importance of vaccinations.",990-PF,41.854893769929,-87.673968712711,sited
Blowitz-Ridgeway Foundation,2022,HOME,1419 W Carroll Ave Fl 2,CHICAGO,IL,60601,10000,"For Intergenerational Housing Program, which provides a family-like support system in addition to affordable housing for low-income seniors, families and children, and young adults who work as Resident Assistants/RA. RAs assist seniors with misc chores.",990-PF,41.88738259328,-87.663331975047,sited
Blowitz-Ridgeway Foundation,2022,Health & Medicine Policy Research Group,29 E Madison St Suite 602,CHICAGO,IL,60601,15000,"For the Chicago Area Schweitzer Fellows Program, a year-long service learning program that helps graduate students in healthcare professions design/implement innovative direct service projects in underserved communities.",990-PF,41.882019849846,-87.626770185583,sited
Blowitz-Ridgeway Foundation,2022,Healthcare Alternative Systems,4734 W Chicago,CHICAGO,IL,60601,10000,General Operating Support. Community counseling & treatment Center provides bilingual therapeutic/substance abuse counseling services. Funding is needed to make the new facility in Chicago's Austin neighborhood physically accessible.,990-PF,41.895091169652,-87.74411292079,sited
Blowitz-Ridgeway Foundation,2022,Healthy Schools Campaign,190 S LaSalle Suite 1508,CHICAGO,IL,60601,10000,"For Transforming School Health Services, which will expand equitable access to comprehensive, coordinated and sustainable school-based physical and mental health services for low-income children in CPS and surrounding collar counties.",990-PF,41.879514148711,-87.63237315861,sited
Blowitz-Ridgeway Foundation,2022,Heartland Alliance,208 S La Salle St Suite 1300,CHICAGO,IL,60601,20000,"For General Operating Support of the Kovler Center, which provide critical trauma-informed services to individuals, unaccompanied children, and families affected by forced migration, now residing in Chicago and surrounding Cook County suburbs.",990-PF,41.879132477534,-87.632361460549,sited
Blowitz-Ridgeway Foundation,2022,Ignite (formerly Teen Living Programs),180 N Michigan Ave Ste 1900,CHICAGO,IL,60601,15000,"For General Operating Support. They provide homeless youth, age 14-24, in the Bronzeville neighborhood with comprehensive services, such as emergency & transitional housing, Street/Community Outreach, case management, employment support, aftercare, etc.",990-PF,41.885373782983,-87.624570287649,sited
Blowitz-Ridgeway Foundation,2022,Indian American Medical Association Illinois Charitable Foundation Incorpor,2645 W Peterson Ave,CHICAGO,IL,60601,10000,"General Operating Support. The free health clinic provides basic health care, including prescription medications and lab work for uninsured, underinsured, low-income populations in Chicago's West Ridge, Albany Park and Edgewater communities.",990-PF,41.990406194847,-87.696045445252,intermediary_or_citywide
Blowitz-Ridgeway Foundation,2022,Infant Welfare Society of Chicago,3600 W Fullerton Avenue,CHICAGO,IL,60601,15000,"For General Operating Support of the Angel Harvey Family Clinic, which provides medical, dental, optometry, therapeutic, and behavioral health services, and child development for low-income, uninsured families in Chicago.",990-PF,41.924659438972,-87.717072727636,sited
Blowitz-Ridgeway Foundation,2022,Juvenile Protective Association,1707 N Halsted St,CHICAGO,IL,60601,10000,"For the Treatment & Counseling Program, which serves schools in North Lawndale, and west/south side neighborhoods in Chicago. The Program includes Relationship-based individual/small group therapy, Therapist-led psycho-educational classroom groups, etc.",990-PF,41.912694786583,-87.648250143667,sited
Blowitz-Ridgeway Foundation,2022,Margaret's Village (Formerly Institute of Women Today),7315 S Yale,CHICAGO,IL,60601,15500,"For General Operating Support. The agency operates Maria's Shelter, a 50-bed interim shelter for women/children; Believe is a 50-bed interim facility for families in South Chicago; and Vincennes Senior Center for low-income seniors in Englewood.",990-PF,41.761474043096,-87.630834694492,sited
Blowitz-Ridgeway Foundation,2022,Matthew House,3722 S Indiana Ave,CHICAGO,IL,60601,15000,"For General Operating Support. They provide daytime shelter, permanent supportive housing, health screening, case management services and food to individuals/families who are or at-risk of becoming homeless in the Douglas neighborhood of Chicago.",990-PF,41.826813857024,-87.62174464779,sited
Blowitz-Ridgeway Foundation,2022,Mercy Housing Lakefront,120 S LaSalle Street Suite 1915,CHICAGO,IL,60601,12500,"For the Supportive Housing for the Homeless Program, which serves new residents in its Permanent Supportive Housing communities in Chicago. Services include tailored case management, physical and mental health referrals, onsite mental health, etc.",990-PF,41.88008989864,-87.632389221807,sited
Blowitz-Ridgeway Foundation,2022,Mobile CARE Chicago,239 W Root St,CHICAGO,IL,60601,12000,"For General Operating Support. Mobile Care provides no-cost medical and preventative care, education, and support to low-income children and families within their neighborhoods aboard mobile medical clinics.",990-PF,41.819055860966,-87.632508636074,sited
Blowitz-Ridgeway Foundation,2022,New Moms,5317 W Chicago Ave,CHICAGO,IL,60601,15000,"For General Operating Support. They serve young mothers in need of housing stability in Chicago and near western suburbs. Programs include housing and support, job training, classroom training, home-based parent coaching, prenatal/parent support, etc.",990-PF,41.894853854979,-87.75837321066,sited
Blowitz-Ridgeway Foundation,2022,North Side Housing & Supportive Services (formerly Lakeview Shelter),410 N Ravenswood Suite 101,CHICAGO,IL,60601,15000,"For General Operating Support. Funds will be used towards programs and comprehensive services for individuals facing homelessness in Chicago. Programs include Permanent Supportive Housing, Integrated Health Services, Housing System Navigation, etc.",990-PF,,,intermediary_or_citywide
Blowitz-Ridgeway Foundation,2022,Nourishing Hope (formerly Lakeview Pantry),1716 W Hubbard St,CHICAGO,IL,60601,15000,"For General Operating Support. Hunger is often connected to unemployment, homelessness, and mental health, the Pantry provides groceries and social services to Chicago's Lakeview area. Services include, job training and search, access to healthcare etc.",990-PF,41.889891478427,-87.670195550102,sited
Blowitz-Ridgeway Foundation,2022,Old Irving Park Community Clinic,5425 W Addison,CHICAGO,IL,60601,15000,"For General Operating Support. Funds will cover expenses incurred to provide free, quality primary and behavioral health care to uninsured and underserved low-income individuals in Chicago's northwest side.",990-PF,41.94586584651,-87.762906989895,sited
Blowitz-Ridgeway Foundation,2022,Primo Center for Women and Children,6212 S Sangamon St,CHICAGO,IL,60601,15000,For General Operating Support. The Center provides housing & services to families who are homeless in Chicago's Austin and Englewood neighborhoods. Services include comprehensive behavioral and mental health treatment which addresses trauma experienced.,990-PF,41.781357576045,-87.648540409844,sited
Blowitz-Ridgeway Foundation,2022,Refugee One (formerly Interfaith Refugee and Immigration Ministries),6008 N California Ave,CHICAGO,IL,60601,20000,"For the Wellness Program for Refugee Youth, which addresses the mental health needs of youth in Chicago's West Ridge neighborhood. Youth, age 6-18, receive culturally and linguistically appropriate trauma-informed care, individual and group therapy, etc",990-PF,41.991007177329,-87.699496292923,sited
Blowitz-Ridgeway Foundation,2022,Renaissance Social Services,2501 W Washington Ste 402,CHICAGO,IL,60601,15000,"For General Operating Support. Programs serving homeless individuals and families in Chicago's west side include Street Outreach, rapid re-housing, mental health drop-in center, a new short-term supportive housing program, homeless prevention, etc.",990-PF,41.882927724588,-87.688604143716,sited
Blowitz-Ridgeway Foundation,2022,Resilience (formerly Rape Victim Advocates),180 N Michigan Ave Ste 600,CHICAGO,IL,60601,20000,For General Operating Support. Resilience empowers people and communities to help prevent sexual violence and provides a full range of services to decrease trauma and support healing.,990-PF,41.885373782983,-87.624570287649,sited
Blowitz-Ridgeway Foundation,2022,Sarah's Circle,4838 N Sheridan Road,CHICAGO,IL,60601,15000,"For General Operating Support of women who are homeless/at-risk of being homeless in Chicago. Services include Daytime Support Center, Clinical Services, Interim Housing, Permanent Supportive Housing, case management and referrals.",990-PF,41.970220392732,-87.654924666894,sited
Blowitz-Ridgeway Foundation,2022,Sargent Shriver National Center On Poverty Law,67 E Madison St Suite 2000,CHICAGO,IL,60601,15000,"For Reaching the Remaining Uninsured & Keeping the Newly Insured in Coverage Project. They will conduct trainings, technical assistance public education, outreach on 4 programs.",990-PF,41.88203784977,-87.625472602075,sited
Blowitz-Ridgeway Foundation,2022,St Leonard's Ministries,2100 W Warren Blvd,CHICAGO,IL,60601,15000,"For General Operating Support of Grace House and St. Leonard's Ministries, which assists formerly incarcerated women and men in Cook County work to improve critical areas of their lives and achieve successful reentry.",990-PF,41.882251444119,-87.6791781919,sited
Blowitz-Ridgeway Foundation,2022,The Network Advocating Against Domestic Violence (formerly Chicago Metropol,1 E Wacker Drive Suite 1630,CHICAGO,IL,60601,15000,"For the Housing Advocacy Program, which works to increase the number of housing units available to survivors of domestic violence in the Chicago area. Funds will be used toward support for a new staff member.",990-PF,41.887177895037,-87.626333450504,sited
Blowitz-Ridgeway Foundation,2023,AIDS Legal Council of Chicago,17 N State Street 9th Floor,CHICAGO,IL,60602,10000,AIDS Legal Council of Chicago,990-PF,41.882740138023,-87.627778646,sited
Blowitz-Ridgeway Foundation,2023,Alternatives Inc,5700 S Prairie Ave,CHICAGO,IL,60637,12500,"Alternatives, Inc.",990-PF,41.791064832766,-87.619205199257,sited
Blowitz-Ridgeway Foundation,2023,Become Inc,171 N Aberdeen St Ste 400,CHICAGO,IL,60607,10000,Become Inc,990-PF,41.884835944569,-87.654376250037,sited
Blowitz-Ridgeway Foundation,2023,Between Friends,PO Box 608548,CHICAGO,IL,60660,15000,Between Friends,990-PF,,,intermediary_or_citywide
Blowitz-Ridgeway Foundation,2023,BUILD Inc,5100 W Harrison Street,CHICAGO,IL,60644,10000,"BUILD, Inc.",990-PF,41.873024143845,-87.753359136798,sited
Blowitz-Ridgeway Foundation,2023,Casa Central,1343 N California Avenue,CHICAGO,IL,60622,15000,Casa Central,990-PF,41.905864672349,-87.696876185183,sited
Blowitz-Ridgeway Foundation,2023,Center on Halsted (formerly Horizons Community Services),3656 N Halsted Street,CHICAGO,IL,60626,20000,Center on Halsted (formerly Horizons Community Services),990-PF,41.947887176906,-87.649583423594,sited
Blowitz-Ridgeway Foundation,2023,Chicago Coalition for the Homeless,70 East Lake Street Suite 720,CHICAGO,IL,60601,15000,Chicago Coalition for the Homeless,990-PF,41.885782775355,-87.625858436593,sited
Blowitz-Ridgeway Foundation,2023,Chinese American Service League,2141 S Tan Ct,CHICAGO,IL,60616,15000,Chinese American Service League,990-PF,41.854647348166,-87.635337073848,sited
Blowitz-Ridgeway Foundation,2023,Deborah's Place,2822 W Jackson Blvd,CHICAGO,IL,60612,17500,Deborah's Place,990-PF,41.87748144593,-87.697018917698,sited
Blowitz-Ridgeway Foundation,2023,Franciscan Outreach Association,1101 W Adams Street suite A,CHICAGO,IL,60607,20000,Franciscan Outreach Association,990-PF,41.879039457752,-87.654687276509,sited
Blowitz-Ridgeway Foundation,2023,Franciscan Outreach Association,1101 West Adams Street suite A,CHICAGO,IL,60607,6250,Franciscan Outreach Association,990-PF,41.879039457752,-87.654687276509,sited
Blowitz-Ridgeway Foundation,2023,HOME,945 W George St Suite 218,CHICAGO,IL,60657,10000,H.O.M.E.,990-PF,41.934407352586,-87.653382201218,sited
Blowitz-Ridgeway Foundation,2023,Health & Medicine Policy Research Group,29 E Madison Suite 602,CHICAGO,IL,60602,15000,Health & Medicine Policy Research Group,990-PF,41.882019849846,-87.626770185583,sited
Blowitz-Ridgeway Foundation,2023,Healthy Schools Campaign,190 S LaSalle St Suite 1508,CHICAGO,IL,60603,10000,Healthy Schools Campaign,990-PF,41.879514148711,-87.63237315861,sited
Blowitz-Ridgeway Foundation,2023,Heartland Alliance,208 S La Salle St suite 1300,CHICAGO,IL,60604,6250,Heartland Alliance,990-PF,41.879132477534,-87.632361460549,sited
Blowitz-Ridgeway Foundation,2023,Howard Brown Health Center,1025 W Sunnyside Ave STE 300,CHICAGO,IL,60640,15000,Howard Brown Health Center,990-PF,41.96354009433,-87.655582371046,sited
Blowitz-Ridgeway Foundation,2023,Ignite (formerly Teen Living Programs),180 N MICHIGAN AVE,CHICAGO,IL,60601,15000,Ignite (formerly Teen Living Programs),990-PF,41.885373782983,-87.624570287649,sited
Blowitz-Ridgeway Foundation,2023,IL Immigrant Funders Collaborative,33 S State St Suite 750,CHICAGO,IL,60603,15000,IL Immigrant Funders Collaborative,990-PF,41.881652198165,-87.627682025192,sited
Blowitz-Ridgeway Foundation,2023,Inspiration Corporation,4554 N Broadway STE 207,CHICAGO,IL,60640,10000,Inspiration Corporation,990-PF,41.964552431543,-87.657020755639,sited
Blowitz-Ridgeway Foundation,2023,Juvenile Protective Association,1707 N Halsted St,CHICAGO,IL,60614,10000,Juvenile Protective Association,990-PF,41.912694786583,-87.648250143667,sited
Blowitz-Ridgeway Foundation,2023,Kids Above All (formerly ChildServ),8765 W Higgins Suite 450,CHICAGO,IL,60631,10000,Kids Above All (formerly ChildServ),990-PF,41.987670068984,-87.84570013132,sited
Blowitz-Ridgeway Foundation,2023,La Casa Norte,3533 W North Ave,CHICAGO,IL,60647,15000,La Casa Norte,990-PF,41.909955638029,-87.715532817289,sited
Blowitz-Ridgeway Foundation,2023,Law Center for Better Housing (formerly Lawyers Committee for Better Housin,100 N LaSalle Suite 2500,CHICAGO,IL,60602,15000,Law Center for Better Housing (formerly Lawyers Committee for Better Housing),990-PF,41.883268441347,-87.632486206776,sited
Blowitz-Ridgeway Foundation,2023,Law Center for Better Housing (formerly Lawyers Committee for Better Housin,100 N LaSalle Suite 2500,CHICAGO,IL,60602,6250,Law Center for Better Housing (formerly Lawyers Committee for Better Housing),990-PF,41.883268441347,-87.632486206776,sited
Blowitz-Ridgeway Foundation,2023,Lincoln Park Community Shelter,1521 N Sedgwick,CHICAGO,IL,60610,15000,Lincoln Park Community Shelter,990-PF,41.909900576086,-87.638477921569,sited
Blowitz-Ridgeway Foundation,2023,Margaret's Village (Formerly Institute of Women Today),2452 W Estes,CHICAGO,IL,60645,15000,Margaret's Village (Formerly Institute of Women Today),990-PF,42.010512165304,-87.691242036669,sited
Blowitz-Ridgeway Foundation,2023,Matthew House,3722 S Indiana Ave,CHICAGO,IL,60653,15000,Matthew House,990-PF,41.826813857024,-87.62174464779,sited
Blowitz-Ridgeway Foundation,2023,Matthew House,3722-28 S Indiana Ave,CHICAGO,IL,60653,6250,Matthew House,990-PF,41.826813857024,-87.62174464779,sited
Blowitz-Ridgeway Foundation,2023,Metropolitan Family Services,101 N Wacker Dr 17th Floor,CHICAGO,IL,60606,10000,Metropolitan Family Services,990-PF,41.883259441584,-87.636719789755,sited
Blowitz-Ridgeway Foundation,2023,Mobile CARE Chicago,239 W Root Street,CHICAGO,IL,60609,15000,Mobile CARE Chicago,990-PF,41.819055860966,-87.632508636074,sited
Blowitz-Ridgeway Foundation,2023,New Moms,5317 W Chicago Ave,CHICAGO,IL,60651,15000,New Moms,990-PF,41.894853854979,-87.75837321066,sited
Blowitz-Ridgeway Foundation,2023,Nourishing Hope (formerly Lakeview Pantry),1716 W Hubbard St,CHICAGO,IL,60622,15000,Nourishing Hope (formerly Lakeview Pantry),990-PF,41.889891478427,-87.670195550102,sited
Blowitz-Ridgeway Foundation,2023,Of Color Inc,2033 W 95th St,CHICAGO,IL,60643,15000,Of Color Inc,990-PF,41.720935401802,-87.673734787302,sited
Blowitz-Ridgeway Foundation,2023,Old Irving Park Community Clinic,5425 W Addison,CHICAGO,IL,60641,15000,Old Irving Park Community Clinic,990-PF,41.94586584651,-87.762906989895,sited
Blowitz-Ridgeway Foundation,2023,Port Ministries,5013 S Hermitage Ave,CHICAGO,IL,60609,10000,Port Ministries,990-PF,41.802894821338,-87.668390095395,sited
Blowitz-Ridgeway Foundation,2023,Refugee One (formerly Interfaith Refugee and Immigration Ministries),6008 N California Ave,CHICAGO,IL,60659,20000,Refugee One (formerly Interfaith Refugee and Immigration Ministries),990-PF,41.991007177329,-87.699496292923,sited
Blowitz-Ridgeway Foundation,2023,ReVive Center for Housing and Healing (formerly Cathedral Shelter of Chicag,1668 West Ogden Avenue,CHICAGO,IL,60612,10000,ReVive Center for Housing and Healing (formerly Cathedral Shelter of Chicago),990-PF,41.879338246697,-87.668775241749,sited
Blowitz-Ridgeway Foundation,2023,Sargent Shriver National Center On Poverty Law,67 E Madison Suite 2000,CHICAGO,IL,60603,15000,Sargent Shriver National Center On Poverty Law,990-PF,41.88203784977,-87.625472602075,sited
Blowitz-Ridgeway Foundation,2023,Southside Center of Hope (formerly St Martin de Porres House of Hope),820 S Independence Blvd,CHICAGO,IL,606244112,15000,Southside Center of Hope (formerly St. Martin de Porres House of Hope),990-PF,41.870561266087,-87.720341038332,sited
Blowitz-Ridgeway Foundation,2023,The Ark,6450 N California Ave,CHICAGO,IL,60645,15000,The Ark,990-PF,41.99855358817,-87.699750843871,sited
Blowitz-Ridgeway Foundation,2023,The Boulevard of Chicago (Formerly Interfaith House),542 S Dearborn Street Suite 300,CHICAGO,IL,60605,20000,The Boulevard of Chicago (Formerly Interfaith House),990-PF,41.875152746557,-87.629299852938,sited
Blowitz-Ridgeway Foundation,2023,The Night Ministry,1735 N Ashland Ave Ste 2000,CHICAGO,IL,60622,15000,The Night Ministry,990-PF,41.913146606144,-87.667683335934,sited
Blowitz-Ridgeway Foundation,2023,Youth Outreach Services,2411 W Congress Parkway,CHICAGO,IL,60612,15000,Youth Outreach Services,990-PF,41.874943999424,-87.686726578009,sited
Blowitz-Ridgeway Foundation,2024,Alexian Brothers Housing & Health Alliance,1000 Remington Blvd Suite 100,CHICAGO,IL,60602,15000,"For Bonaventure House, a transitional housing program for formerly homeless adults living with HIV/AIDS in Chicago's Lakeview neighborhood. Program provides therapeutic/supportive services such as case management, recovery services, etc.",990-PF,,,intermediary_or_citywide
Blowitz-Ridgeway Foundation,2024,Anew Building Beyond Violence & Abuse (formerly South Suburban Family Shelt,18137 South Harwood,CHICAGO,IL,60603,10000,"For General Operating Support. Anew provides comprehensive, coordinated services in south suburban Cook County to families experiencing domestic violence. Services include 24-hour hotline, emergency shelter, court advocacy, counseling, etc.",990-PF,,,intermediary_or_citywide
Blowitz-Ridgeway Foundation,2024,Brave Space Alliance,1515 East 52nd Place,CHICAGO,IL,60660,15000,"For Health Programming. BSA currently offers onsite HIV/STI testing along with medical referrals for a variety of care, linkage to PrEP (HIV prevention medication), and educational materials as well as early intervention/prevention, treatment, support.",990-PF,41.799966861827,-87.588900442913,sited
Blowitz-Ridgeway Foundation,2024,Chicago Children's Advocacy Center,1240 S Damen Ave,CHICAGO,IL,60626,15000,"For General Operating Support. ChicagoCAC provides child survivors of sexual abuse in Chicago with comprehensive services 24/7 year-round. Services include Advocacy and Investigative Services, Clinical Services, and Education, Outreach and Prevention.",990-PF,41.865461597109,-87.676287526432,sited
Blowitz-Ridgeway Foundation,2024,Chicago Coalition for the Homeless,70 E Lake Street Ste 720,CHICAGO,IL,60601,15000,"For the Youth Futures Legal Clinic, which provides legal aid and representation to students and youth experiencing homelessness in Chicago. Services include assistance with accessing public benefits, identification documents, legal needs and more.",990-PF,41.885782775355,-87.625858436593,sited
Blowitz-Ridgeway Foundation,2024,Chicago Community Foundation,222 N Michigan Ave Suite 2200,CHICAGO,IL,60616,15000,Immigrant Funders Collaborative,990-PF,41.886025121673,-87.624599007156,intermediary_or_citywide
Blowitz-Ridgeway Foundation,2024,Chinese American Service League,2141 S Tan Ct,CHICAGO,IL,60612,15000,"For Behavioral Health and Clinical Services Program, which offers uninsured individuals and families in Chicago's Armour Square, Bridgeport area with mental health screening and assessment, individual, couples and/or family counseling and intervention.",990-PF,41.854647348166,-87.635337073848,sited
Blowitz-Ridgeway Foundation,2024,Community Health,2611 W Chicago Ave,CHICAGO,IL,60622,20000,"For General Operating Support of this free health care center which provides uninsured and low-income individuals in Chicago with primary, dental, specialty care, medication, mental health, and lab services, as well as health education, Telehealth, etc.",990-PF,41.895632216929,-87.692081138071,sited
Blowitz-Ridgeway Foundation,2024,Deborah's Place,2822 W Jackson Blvd,CHICAGO,IL,60607,17500,"For General Operating Support. Deborah's Place provides housing and comprehensive supportive services to chronically homeless women in Chicago. Services include Interim/Permanent Supportive Housing, comprehensive support services, case management, etc.",990-PF,41.87748144593,-87.697018917698,sited
Blowitz-Ridgeway Foundation,2024,Facing Forward (formerly Interfaith Council for the Homeless),642 N Kedzie Ave,CHICAGO,IL,60657,15000,"For General Operating Support. They provide individuals and families in Chicago with Permanent Supportive Housing, clinical case management, supportive services (e.g. health care, life skills training), housing location, education and advocacy.",990-PF,41.892686134033,-87.706545890051,sited
Blowitz-Ridgeway Foundation,2024,Family Health Partnership Clinic,401 E Congress,CHICAGO,IL,60602,15000,"For General Operating Support. FHPC provides a medical home for the uninsured in McHenry County. They provide primary care, lab tests, pharmacy, dental, mental health therapy, case management services and onsite medical care at 2 area homeless shelters.",990-PF,41.876920651834,-87.624227223472,sited
Blowitz-Ridgeway Foundation,2024,Family Rescue,PO Box 17528,CHICAGO,IL,60603,15000,"For General Operating Support of comprehensive services for domestic violence survivors and their children in Chicago's south side. Services include crisis intervention, supportive housing, individual and group counseling, financial literacy, etc.",990-PF,,,intermediary_or_citywide
Blowitz-Ridgeway Foundation,2024,Franciscan Outreach Association,1101 W Adams Street suite A Chicago,CHICAGO,IL,60604,20000,"For General Operating Support to provide emergency shelter, transitional housing, rapid rehousing, case management, meals, financial assistance, access to health care, etc. for individuals who are homeless in Chicago, shelters in the west side and Pilsen.",990-PF,41.879039457752,-87.654687276509,sited
Blowitz-Ridgeway Foundation,2024,Healthy Schools Campaign,190 S LaSalle St Suite 1508,CHICAGO,IL,60601,10000,"For Transforming School Health Services, which will expand equitable access to comprehensive, coordinated and sustainable school-based physical and mental health services for low-income children in CPS and surrounding collar counties.",990-PF,41.879514148711,-87.63237315861,sited
Blowitz-Ridgeway Foundation,2024,Heartland Alliance International,1331 W Albion Ave,CHICAGO,IL,60603,20000,"For General Operating Support of the Kovler Center, which provide critical trauma-informed services to individuals, unaccompanied children, and families affected by forced migration, now residing in Chicago and surrounding Cook County suburbs.",990-PF,42.002371915491,-87.664725624608,sited
Blowitz-Ridgeway Foundation,2024,Howard Brown Health Center,4025 N Sheridan Rd,CHICAGO,IL,60640,15000,"For Broadway Youth Center, a drop-in center for LGBTQ and unstably housed youth in Chicago's Lakeview neighborhood, with services in the south side. They provides comprehensive low barrier medical care, behavioral health services, resource advocacy etc.",990-PF,41.955245790383,-87.65449057491,sited
Blowitz-Ridgeway Foundation,2024,Ignite (formerly Teen Living Programs),180 Michigan Ave,CHICAGO,IL,60645,15000,"For General Operating Support. Ignite provides homeless youth, age 14-24, in Bronzeville neighborhood with comprehensive services, such as emergency & transitional housing, Street/Community Outreach, case management,employment support, aftercare, etc.",990-PF,41.885373782983,-87.624570287649,sited
Blowitz-Ridgeway Foundation,2024,Inspiration Corporation,4554 N Broadway Suite 207,CHICAGO,IL,60614,10000,"For the Housing Program, which provides individuals/families in Chicago who are experiencing homelessness with access to housing/rental support. Program includes transitional, permanent supportive housing, rapid rehousing, intensive case management, etc.",990-PF,41.964552431543,-87.657020755639,sited
Blowitz-Ridgeway Foundation,2024,KAN-WIN (Korean American Women in Need),PO Box 996,CHICAGO,IL,60647,20000,"For General Operating Support. KAN-WIN serves Asian American domestic violence and sexual assault survivors in Chicago and suburbs. Programs include multi-lingual crisis hotline, legal clinic, advocacy, transitional housing, emergency hotel stay, etc.",990-PF,,,intermediary_or_citywide
Blowitz-Ridgeway Foundation,2024,La Casa Norte,3533 W North Ave,CHICAGO,IL,60602,15000,"For General Operating Support. LCN serves youth and families facing homelessness in Chicago's west and southwest communities. Services include emergency shelter, rapid rehousing, transitional housing, permanent supportive housing, counseling, etc.",990-PF,41.909955638029,-87.715532817289,sited
Blowitz-Ridgeway Foundation,2024,Lake County Haven,117 McKinley Ave,CHICAGO,IL,60602,15000,"For General Operating Support. Lake County Haven provides women and their children who are homeless with shelter, transitional housing, counseling, mental health support, access to medical care, life-skills training, and more.",990-PF,,,intermediary_or_citywide
Blowitz-Ridgeway Foundation,2024,Law Center for Better Housing (formerly Lawyers Committee for Better Housin,100 N LaSalle St 2500,CHICAGO,IL,60610,15000,Tenant Supportive Services,990-PF,41.883268441347,-87.632486206776,sited
Blowitz-Ridgeway Foundation,2024,Legal Council for Health Justice (formerly AIDS Legal Council of Chicago),17 N State St Ste 900,CHICAGO,IL,60653,10000,"For the Homeless Outreach Program (HOP). HOP provides trauma-informed legal care to individuals who are unhoused/at risk of becoming unhoused in Chicago. The Program works closely with shelters, behavioral health, and medical care providers, and others.",990-PF,41.882740138023,-87.627778646,sited
Blowitz-Ridgeway Foundation,2024,Mercy Housing Lakefront,120 S LaSalle Street Suite 1915,CHICAGO,IL,60606,12500,"For the Supportive Housing for the Homeless Program, which serves new residents in its Permanent Supportive Housing communities in Chicago. Services include tailored case management, physical and mental health referrals, onsite mental health, etc.",990-PF,41.88008989864,-87.632389221807,sited
Blowitz-Ridgeway Foundation,2024,Metropolitan Family Services,101 N Wacker Dr 17th Floor,CHICAGO,IL,60609,10000,"For General Operating Support. FSS provides comprehensive services for survivors of domestic violence in DuPage County. Services include an emergency shelter, trauma informed counseling, case management, court advocacy, outreach, 24/7 hotline, etc.",990-PF,41.883259441584,-87.636719789755,sited
Blowitz-Ridgeway Foundation,2024,New Moms,5317 W Chicago Ave,CHICAGO,IL,60651,15000,"For General Operating Support, serving young mothers and their children in need of housing stability in Chicago and near western suburbs. Programs include housing and support, job training, classroom training, home-based parent coaching, etc.",990-PF,41.894853854979,-87.75837321066,sited
Blowitz-Ridgeway Foundation,2024,North Side Housing & Supportive Services (formerly Lakeview Shelter),4410 N Ravenswood Ave,CHICAGO,IL,60643,15000,"For General Operating Support. Funds will be used towards programs and comprehensive services for individuals facing homelessness in Chicago. Programs include Permanent Supportive Housing, Integrated Health Services, Housing System Navigation, etc.",990-PF,41.961750188583,-87.674603045697,sited
Blowitz-Ridgeway Foundation,2024,Northwest Compass (formerly CEDA Northwest Self-Help),1300 W Northwest Highway,CHICAGO,IL,60622,10000,"For General Operating Support. They provide stabilization, Housing, and Empowerment programs to underserved low/ moderate income populations in the NW Suburban Cook County who are experiencing housing instability, homelessness, and/or food insecurity.",990-PF,,,intermediary_or_citywide
Blowitz-Ridgeway Foundation,2024,Nourishing Hope (formerly Lakeview Pantry),1716 W Hubbard ST,CHICAGO,IL,60641,15000,"For General Operating Support. Hunger is often connected to unemployment, homelessness, and mental health, the Pantry provides groceries and social services to Chicago's Lakeview area. Services include, job training and search, access to healthcare etc.",990-PF,41.889891478427,-87.670195550102,sited
Blowitz-Ridgeway Foundation,2024,Primo Center for Women and Children,6212 S Sangamon,CHICAGO,IL,60609,15000,For General Operating Support. The Center provides housing and services to families who are homeless in Chicago's Austin and Englewood neighborhoods. Services include comprehensive behavioral/mental health treatment which addresses trauma experienced.,990-PF,41.781357576045,-87.648540409844,sited
Blowitz-Ridgeway Foundation,2024,ReVive Center for Housing and Healing (formerly Cathedral Shelter of Chicag,1668 West Ogden Avenue,CHICAGO,IL,60644,10000,"For General Operating Support. Revive provides homeless individuals in Chicago with housing and supportive services, such as Permanent Supportive Housing, and Housing with Support Services.",990-PF,41.879338246697,-87.668775241749,sited
Blowitz-Ridgeway Foundation,2024,Sargent Shriver National Center On Poverty Law,67 E Madison St Suite 2000 Chicago,CHICAGO,IL,60612,15000,"For Reaching the Remaining Uninsured & Keeping the Newly Insured in Coverage Project. Funding will help insure the remaining uninsured and keep the newly insured in coverage in IL through trainings, technical assistance, public education and outreach.",990-PF,41.88203784977,-87.625472602075,sited
Blowitz-Ridgeway Foundation,2024,St Leonard's Ministries,2100 W Warren Blvd,CHICAGO,IL,606244112,15000,"For General Operating Support of Grace House and St. Leonard's Ministries, which assists formerly incarcerated women and men in Cook County work to improve critical areas of their lives and achieve successful reentry.",990-PF,41.882251444119,-87.6791781919,sited
Blowitz-Ridgeway Foundation,2024,The Harbour,1440 Renaissance Drive,CHICAGO,IL,60640,15000,"For General Operating Support of its programs which provide immediate, stable and safe housing to homeless young people and young mothers with children in north and northwest suburban Cook County .Services include emergency shelter, trauma informed, etc.",990-PF,,,intermediary_or_citywide
Blowitz-Ridgeway Foundation,2024,Transitional Living Services dba TLS Veterans,805 S McHenry Avenue,CHICAGO,IL,60605,10000,"For the New Horizons Program which provides Veterans in McHenry County who are homeless with housing services including a 20-bed transitional housing shelter, counseling, case management, employment assistance, housing assistance and food assistance.",990-PF,,,intermediary_or_citywide
Blowitz-Ridgeway Foundation,2024,Will-Grundy Health Partnership,213 East Cass Street,CHICAGO,IL,60622,15000,"For General Operating Support of this free health care clinic which provides comprehensive medical and dental care through volunteer doctors, dentists, and specialty physicians in Will/Grundy Counties. Services include lab tests, medications, etc.",990-PF,,,intermediary_or_citywide
S & E Bramsen Foundation,2021,ALZHEIMER'S ASSOCIATION,225 N MICHIGAN AVE FL 17,CHICAGO,IL,606017633,2000,OPERATING NEEDS,990-PF,41.886567067898,-87.624456678273,sited
S & E Bramsen Foundation,2021,JUNIOR ACHIEVEMENT OF CHICAGO,651 W WASHINGTON BLVD 404,CHICAGO,IL,60661,50000,MAJOR GIFTS CAMPAIGN,990-PF,41.883104198314,-87.644697339863,sited
S & E Bramsen Foundation,2021,OPENLANDS,25 EAST WASHINGTON STREET SUITE,CHICAGO,IL,60602,2500,OPERATING NEEDS,990-PF,41.883162849634,-87.626490086268,sited
S & E Bramsen Foundation,2022,ALZHEIMER'S ASSOCIATION,225 N MICHIGAN AVE FL 17,CHICAGO,IL,606017633,2000,OPERATING NEEDS,990-PF,41.886567067898,-87.624456678273,sited
S & E Bramsen Foundation,2022,JUNIOR ACHIEVEMENT OF CHICAGO,651 W WASHINGTON BLVD 404,CHICAGO,IL,60661,50000,MAJOR GIFTS CAMPAIGN,990-PF,41.883104198314,-87.644697339863,sited
S & E Bramsen Foundation,2022,OPENLANDS,25 EAST WASHINGTON STREET SUITE,CHICAGO,IL,60602,2500,OPERATING NEEDS,990-PF,41.883162849634,-87.626490086268,sited
S & E Bramsen Foundation,2022,NATURE CONSERVANCY OF ILLINOIS,400 N MICHIGAN AVE SUITE 1100,CHICAGO,IL,60611,5000,OPERATING NEEDS,990-PF,41.889364493618,-87.624394465091,sited
S & E Bramsen Foundation,2023,NATURE CONSERVANCY OF ILLINOIS,400 N MICHIGAN AVE SUITE 1100,CHICAGO,IL,60611,5000,OPERATING NEEDS,990-PF,41.889364493618,-87.624394465091,sited
S & E Bramsen Foundation,2023,OPENLANDS,25 EAST WASHINGTON STREET SUITE,CHICAGO,IL,60602,2500,OPERATING NEEDS,990-PF,41.883162849634,-87.626490086268,sited
S & E Bramsen Foundation,2024,NATURE CONSERVANCY OF ILLINOIS,400 N MICHIGAN AVE SUITE 1100,CHICAGO,IL,60611,5000,OPERATING NEEDS,990-PF,41.889364493618,-87.624394465091,sited
S & E Bramsen Foundation,2024,OPENLANDS,25 EAST WASHINGTON STREET SUITE,CHICAGO,IL,60602,2500,OPERATING NEEDS,990-PF,41.883162849634,-87.626490086268,sited
Abra Prentice Foundation INC,2021,AMERICAN WRITERS MUSEUM,180 N MICHIGAN AVE SUITE 300,CHICAGO,IL,60035,50000,SPONSORSHIP FOR WRITE IN PROGRAM,990-PF,41.885373782983,-87.624570287649,intermediary_or_citywide
Abra Prentice Foundation INC,2021,MEALS ON WHEELS,314 W SUPERIOR ST SUITE 300,CHICAGO,IL,60654,60000,SUPPORT FEEDING THE HUNGRY,990-PF,41.895609756967,-87.63707401827,sited
Abra Prentice Foundation INC,2021,MERIT SCHOOL OF MUSIC,38 S PEORIA STREET,CHICAGO,IL,60607,30000,INSTRUMENTAL MUSIC AND VOCAL PROGRAM,990-PF,41.881214815794,-87.649760056368,sited
Abra Prentice Foundation INC,2021,NEW MOMS,5317 W CHICAGO AVENUE,CHICAGO,IL,60651,50000,"SUPPORT FOR YOUNG, HOMELESS AND HIGH RISK MOTHERS",990-PF,41.894853854979,-87.75837321066,sited
Abra Prentice Foundation INC,2021,NORTHSIDE HOUSING,4410 N RAVENSWOOD STE 101,CHICAGO,IL,60640,20000,EXTRA SUPPORT TO HELP THE HOMELESS,990-PF,41.961750188583,-87.674603045697,sited
Abra Prentice Foundation INC,2021,OLD IRVING PARK COMMUNITY CLINIC,5425 W ADDISON STREET,CHICAGO,IL,60641,25000,PROVIDE HEATHCARE FOR UNISURED ADULTS ON CHICAGO'S NORTHWEST SIDE,990-PF,41.94586584651,-87.762906989895,sited
Abra Prentice Foundation INC,2021,SAFE FAMILIES (LYDIA) ASSOCIATION,4300 W IRVING PARK RD,CHICAGO,IL,60641,40000,IN SUPPORT CHILD ABUSE PROGRAM AND TO ASSIST FAMILIES IN CHICAGO,990-PF,41.953612435052,-87.735513754276,sited
Abra Prentice Foundation INC,2021,SARAH'S CIRCLE,4838 N SHERIDAN ROAD,CHICAGO,IL,60640,60000,FOOD AND COMPREHNSIVE SERVICES TO HOMELESS WOMEN,990-PF,41.970220392732,-87.654924666894,sited
Abra Prentice Foundation INC,2021,ST CHRYSOTOM'S CHURCH & DAY SCHOOL,1424 N DEARBORN STREET,CHICAGO,IL,60610,150000,CAPITAL CAMPAIGN,990-PF,41.908273312029,-87.630194403631,sited
Abra Prentice Foundation INC,2021,THE RED CROSS OF CHICAGO,2200 W HARRISON ST,CHICAGO,IL,60612,25000,TIFFANY CIRCLE AND DECEMBER 2021 MIDWEST TORNADO RELIEF,990-PF,41.874022733816,-87.681427159324,sited
Abra Prentice Foundation INC,2021,THE WETLANDS INITIATIVE,53 W JACKSON SUITE 1015,CHICAGO,IL,60604,30000,RESTORE INDIAN RIDGE MARSH,990-PF,41.878104850676,-87.629636798425,sited
Abra Prentice Foundation INC,2021,TUTORING CHICAGO,303 W MADISON STE 750,CHICAGO,IL,60606,45000,GENERAL OPERATING SUPPORT,990-PF,41.881875850351,-87.635415233588,sited
Abra Prentice Foundation INC,2021,JUNIOR ACHIEVEMENT,651 W WASHINGTON SUITE 404,CHICAGO,IL,60661,20000,WHOLE SCHOOL PROGRAM,990-PF,41.883104198314,-87.644697339863,sited
Abra Prentice Foundation INC,2021,CHICAGO JESUIT ACADEMY,5058 W JACKSON BLVD,CHICAGO,IL,60644,60000,SCHOLARSHIPS,990-PF,41.876756129341,-87.751718112042,sited
Abra Prentice Foundation INC,2021,COMPASS TO CARE,6776 NORTHWEST HWY SUITE 1D,CHICAGO,IL,60631,100000,"NOT TAKING CHANCES, AN EXPANSION OF TRAVEL SERVICES FOR CHILDREN",990-PF,42.004218477427,-87.818544044476,sited
Abra Prentice Foundation INC,2021,DANIEL MURPHY SCHOLARSHIP FUND,309 W WASHINGTON ST SUITE 1250,CHICAGO,IL,60606,150000,SUMMER BRIDGE PROGRAM AND WELLNESS PROGRAMMING,990-PF,41.88314485014,-87.635526294391,intermediary_or_citywide
Abra Prentice Foundation INC,2021,ENVIRONMENTAL LAW & POLICY CENTER,35 EAST WACKER DRIVE STE 1600,CHICAGO,IL,60601,100000,GREAT LAKES AND MIDWEST WILD AND NATURAL PLACES PROTECTION PROJECT,990-PF,41.887530047162,-87.625851774658,sited
Abra Prentice Foundation INC,2021,FRANCISCAN OUTREACH,1645 W LEMOYNE STREET,CHICAGO,IL,60622,80000,SERVICES FOR HOMELESS IN CHICAGO,990-PF,41.909038647829,-87.668805151578,sited
Abra Prentice Foundation INC,2021,FRIENDS OF THE CHICAGO RIVER,411 S WELLS STREET STE 800,CHICAGO,IL,60607,50000,CHICAGO RIVER ECO-WARRIORS VOLUNTEER PROGRAM AND BRIDGE MUSEUM,990-PF,41.876686085723,-87.633613034309,sited
Abra Prentice Foundation INC,2021,HOPE FOR THE DAY,PO BOX 13015,CHICAGO,IL,60613,10000,SUICIDE PREVENTION AND EDUCATION,990-PF,,,intermediary_or_citywide
Abra Prentice Foundation INC,2022,AMERICAN WRITERS MUSEUM,180 N MICHIGAN AVE SUITE 300,CHICAGO,IL,60601,50000,EARMARKED FOR LEAD SPONSORSHIP FOR ITS WRITE IN PROGRAM,990-PF,41.885373782983,-87.624570287649,intermediary_or_citywide
Abra Prentice Foundation INC,2022,CHICAGO JESUIT ACADEMY,5058 W JACKSON BLVD,CHICAGO,IL,60644,60000,EARMARKED FOR 2 FULL SCHOLARSHIPS FOR TWO INCOMING 5TH GRADERS (CLASS OF 2026),990-PF,41.876756129341,-87.751718112042,sited
Abra Prentice Foundation INC,2022,COMPASS TO CARE,6776 NORTHWEST HWY SUITE 1D,CHICAGO,IL,60631,100000,"EARMARKED FOR ACCESS LIFE PROGRAM, TRAVEL SERVICES FOR CHILDREN TO ACCESS CANCER TREATMENT.",990-PF,42.004218477427,-87.818544044476,sited
Abra Prentice Foundation INC,2022,DANIEL MURPHY SCHOLARSHIP FUND,309 W WASHINGTON ST SUITE 1250,CHICAGO,IL,60606,150000,SUPPORT FOR SUMMER BRIDGE PROGRAM AND WELLNESS PROGRAMMING,990-PF,41.88314485014,-87.635526294391,intermediary_or_citywide
Abra Prentice Foundation INC,2022,ENVIRONMENTAL LAW & POLICY CENTER,35 EAST WACKER DRIVE STE 1600,CHICAGO,IL,60601,100000,EARMARKED FOR THE GREAT LAKES AND MIDWEST WILD AND NATURAL PLACES PROTECTION PROJECT,990-PF,41.887530047162,-87.625851774658,sited
Abra Prentice Foundation INC,2022,FRANCISCAN OUTREACH,1645 W LEMOYNE STREET,CHICAGO,IL,60622,80000,EARMARKED FOR SERVICES NEEDED FOR THE HOMELESS ON WEST AND SOUTH SIDES OF CHICAGO,990-PF,41.909038647829,-87.668805151578,sited
Abra Prentice Foundation INC,2022,FRIENDS OF THE CHICAGO RIVER,411 S WELLS STREET STE 800,CHICAGO,IL,60607,25000,EARMARKED FOR THE CHICAGO RIVER ECO-WARRIORS (CREW) VOLUNTEER PROGRAM,990-PF,41.876686085723,-87.633613034309,sited
Abra Prentice Foundation INC,2022,HOPE FOR THE DAY,PO BOX 13015,CHICAGO,IL,60613,10000,EARMARKED FOR SUICIDE PREVENTION AND EDUCATION.,990-PF,,,intermediary_or_citywide
Abra Prentice Foundation INC,2022,JUNIOR ACHIEVEMENT,651 W WASHINGTON SUITE 404,CHICAGO,IL,60661,25000,EARMARKED TO SPONSOR ONE OF CPS K-8 WHOLE SCHOOL PROGRAMS FOCUSING ON FINANCIAL LITERACY & WORK READINESS AND ADDITIONAL PARK DISTRICTS,990-PF,41.883104198314,-87.644697339863,sited
Abra Prentice Foundation INC,2022,MEALS ON WHEELS,314 W SUPERIOR ST SUITE 300,CHICAGO,IL,60654,60000,EARMARKED FOR SUPPORT FEEDING THE HUNGRY.,990-PF,41.895609756967,-87.63707401827,sited
Abra Prentice Foundation INC,2022,MERIT SCHOOL OF MUSIC,38 S PEORIA STREET,CHICAGO,IL,60607,50000,EARMARKED FOR RENEWED SUPPORT OF ITS INSTRUMENTAL MUSIC AND VOCAL PROGRAM,990-PF,41.881214815794,-87.649760056368,sited
Abra Prentice Foundation INC,2022,NEW MOMS,5317 W CHICAGO AVENUE,CHICAGO,IL,60651,50000,"EARMARKED FOR SUPPORT FOR YOUNG, HOMELESS, AND HIGH-RISK MOTHERS",990-PF,41.894853854979,-87.75837321066,sited
Abra Prentice Foundation INC,2022,NORTHSIDE HOUSING,4410 N RAVENSWOOD STE 101,CHICAGO,IL,60640,25000,EARMARKED FOR EXTRA SUPPORT TO HELP THE HOMELESS.,990-PF,41.961750188583,-87.674603045697,sited
Abra Prentice Foundation INC,2022,OLD IRVING PARK COMMUNITY CLINIC,5425 W ADDISON STREET,CHICAGO,IL,60641,25000,EARMARKED FOR SUPPORT TO PROVIDE HEALTHCARE FOR UNINSURED ADULTS ON CHICAGOS NORTHWEST SIDE.,990-PF,41.94586584651,-87.762906989895,sited
Abra Prentice Foundation INC,2022,SARAH'S CIRCLE,4838 N SHERIDAN ROAD,CHICAGO,IL,60640,75000,EARMARKED FOR SUPPORT FOR FOOD AND COMPREHENSIVE SERVICES TO HOMELESS WOMEN,990-PF,41.970220392732,-87.654924666894,sited
Abra Prentice Foundation INC,2022,SAFE FAMILIES (LYDIA) ASSOCIATION,4300 W IRVING PARK RD,CHICAGO,IL,60641,40000,IN SUPPORT CHILD ABUSE PROGRAM AND TO ASSIST FAMILIES IN CHICAGO,990-PF,41.953612435052,-87.735513754276,sited
Abra Prentice Foundation INC,2022,THE WETLANDS INITIATIVE,53 W JACKSON SUITE 1015,CHICAGO,IL,60604,42500,EARMARKED FOR PHASE II OF RESTORING INDIAN RIDGE MARSH ON CHICAGOS SOUTHWEST SIDE,990-PF,41.878104850676,-87.629636798425,sited
Abra Prentice Foundation INC,2022,TUTORING CHICAGO,303 W MADISON STE 750,CHICAGO,IL,60606,45000,EARMARKED FOR GENERAL OPERATING SUPPORT,990-PF,41.881875850351,-87.635415233588,sited
Abra Prentice Foundation INC,2023,AMERICAN WRITERS MUSEUM,180 N MICHIGAN AVE SUITE 300,CHICAGO,IL,60601,50000,EARMARKED FOR LEAD SPONSORSHIP FOR ITS WRITE IN PROGRAM,990-PF,41.885373782983,-87.624570287649,intermediary_or_citywide
Abra Prentice Foundation INC,2023,CHICAGO JESUIT ACADEMY,5058 W JACKSON BLVD,CHICAGO,IL,60644,60000,EARMARKED FOR 2 FULL SCHOLARSHIPS FOR TWO INCOMING 5TH GRADERS (CLASS OF 2026),990-PF,41.876756129341,-87.751718112042,sited
Abra Prentice Foundation INC,2023,COMPASS TO CARE,6776 NORTHWEST HWY SUITE 1D,CHICAGO,IL,60631,100000,"EARMARKED FOR ACCESS LIFE PROGRAM, TRAVEL SERVICES FOR CHILDREN TO ACCESS CANCER TREATMENT.",990-PF,42.004218477427,-87.818544044476,sited
Abra Prentice Foundation INC,2023,DANIEL MURPHY SCHOLARSHIP FUND,309 W WASHINGTON ST SUITE 1250,CHICAGO,IL,60606,150000,CONTINUED SUPPORT FOR THE SUMMER BRIDGE PROGRAM,990-PF,41.88314485014,-87.635526294391,intermediary_or_citywide
Abra Prentice Foundation INC,2023,ENVIRONMENTAL LAW & POLICY CENTER,35 EAST WACKER DRIVE STE 1600,CHICAGO,IL,60601,200000,EARMARKED FOR THE GREAT LAKES AND MIDWEST WILD AND NATURAL PLACES PROTECTION PROJECT,990-PF,41.887530047162,-87.625851774658,sited
Abra Prentice Foundation INC,2023,FRANCISCAN OUTREACH,1645 W LEMOYNE STREET,CHICAGO,IL,60622,80000,EARMARKED FOR SERVICES NEEDED FOR THE HOMELESS ON WEST AND SOUTH SIDES OF CHICAGO,990-PF,41.909038647829,-87.668805151578,sited
Abra Prentice Foundation INC,2023,FRIENDS OF THE CHICAGO RIVER,411 S WELLS STREET STE 800,CHICAGO,IL,60607,50000,EARMARKED FOR THE CHICAGO RIVER ECO-WARRIORS (CREW) VOLUNTEER PROGRAM,990-PF,41.876686085723,-87.633613034309,sited
Abra Prentice Foundation INC,2023,HOPE FOR THE DAY,PO BOX 13015,CHICAGO,IL,60613,15000,EARMARKED FOR SUICIDE PREVENTION AND EDUCATION,990-PF,,,intermediary_or_citywide
Abra Prentice Foundation INC,2023,JUNIOR ACHIEVEMENT,651 W WASHINGTON SUITE 404,CHICAGO,IL,60661,25000,EARMARKED TO SPONSOR ONE OF CPS K-8 WHOLE SCHOOL PROGRAMS FOCUSING ON FINANCIAL LITERACY & WORK READINESS AND ADDITIONAL PARK DISTRICTS,990-PF,41.883104198314,-87.644697339863,sited
Abra Prentice Foundation INC,2023,MEALS ON WHEELS,314 W SUPERIOR ST SUITE 300,CHICAGO,IL,60654,60000,EARMARKED FOR SUPPORT FEEDING THE HUNGRY,990-PF,41.895609756967,-87.63707401827,sited
Abra Prentice Foundation INC,2023,MERIT SCHOOL OF MUSIC,38 S PEORIA STREET,CHICAGO,IL,60607,50000,EARMARKED FOR RENEWED SUPPORT OF ITS INSTRUMENTAL MUSIC AND VOCAL PROGRAM,990-PF,41.881214815794,-87.649760056368,sited
Abra Prentice Foundation INC,2023,NEW MOMS,5317 W CHICAGO AVENUE,CHICAGO,IL,60651,75000,"EARMARKED FOR SUPPORT FOR YOUNG, HOMELESS, AND HIGH-RISK MOTHERS",990-PF,41.894853854979,-87.75837321066,sited
Abra Prentice Foundation INC,2023,NORTHSIDE HOUSING,4410 N RAVENSWOOD STE 101,CHICAGO,IL,60640,30000,EARMARKED FOR EXTRA SUPPORT TO HELP THE HOMELESS,990-PF,41.961750188583,-87.674603045697,sited
Abra Prentice Foundation INC,2023,OLD IRVING PARK COMMUNITY CLINIC,5425 W ADDISON STREET,CHICAGO,IL,60641,25000,EARMARKED FOR SUPPORT TO PROVIDE HEALTHCARE FOR UNINSURED ADULTS ON CHICAGOS NORTHWEST SIDE.,990-PF,41.94586584651,-87.762906989895,sited
Abra Prentice Foundation INC,2023,SARAH'S CIRCLE,4838 N SHERIDAN ROAD,CHICAGO,IL,60640,75000,EARMARKED FOR SUPPORT FOR FOOD AND COMPREHENSIVE SERVICES TO HOMELESS WOMEN,990-PF,41.970220392732,-87.654924666894,sited
Abra Prentice Foundation INC,2023,SAFE FAMILIES (LYDIA) ASSOCIATION,4300 W IRVING PARK RD,CHICAGO,IL,60641,50000,IN SUPPORT CHILD ABUSE PROGRAM AND TO ASSIST FAMILIES IN CHICAGO,990-PF,41.953612435052,-87.735513754276,sited
Abra Prentice Foundation INC,2023,THE WETLANDS INITIATIVE,53 W JACKSON SUITE 1015,CHICAGO,IL,60604,42500,EARMARKED FOR PHASE II OF RESTORING INDIAN RIDGE MARSH ON CHICAGOS SOUTHWEST SIDE,990-PF,41.878104850676,-87.629636798425,sited
Abra Prentice Foundation INC,2023,TUTORING CHICAGO,303 W MADISON STE 750,CHICAGO,IL,60606,50000,SUPPORT FOR FREE TUTORING PROGRAM,990-PF,41.881875850351,-87.635415233588,sited
Abra Prentice Foundation INC,2024,AMERICAN WRITERS MUSEUM,180 N MICHIGAN AVE SUITE 300,CHICAGO,IL,60601,50000,EARMARKED FOR LEAD SPONSORSHIP FOR ITS WRITE IN PROGRAM,990-PF,41.885373782983,-87.624570287649,intermediary_or_citywide
Abra Prentice Foundation INC,2024,CHICAGO JESUIT ACADEMY,5058 W JACKSON BLVD,CHICAGO,IL,60644,166750,EARMARKED FOR 2 FULL SCHOLARSHIPS FOR TWO INCOMING 5TH GRADERS (CLASS OF 2026).EARMARKED FOR 4 FULL SCHOLARSHIPS FOR TWO INCOMING 5TH GRADERS (CLASS OF 2030),990-PF,41.876756129341,-87.751718112042,sited
Abra Prentice Foundation INC,2024,COMPASS TO CARE,6776 NORTHWEST HWY SUITE 1D,CHICAGO,IL,60631,100000,"EARMARKED FOR ACCESS LIFE PROGRAM, TRAVEL SERVICES FOR CHILDREN TO ACCESS CANCER TREATMENT.",990-PF,42.004218477427,-87.818544044476,sited
Abra Prentice Foundation INC,2024,DANIEL MURPHY SCHOLARSHIP FUND,309 W WASHINGTON ST SUITE 1250,CHICAGO,IL,60606,150000,CONTINUED SUPPORT FOR THE SUMMER BRIDGE PROGRAM,990-PF,41.88314485014,-87.635526294391,intermediary_or_citywide
Abra Prentice Foundation INC,2024,ENVIRONMENTAL LAW & POLICY CENTER,35 EAST WACKER DRIVE STE 1600,CHICAGO,IL,60601,200000,EARMARKED FOR THE GREAT LAKES AND MIDWEST WILD AND NATURAL PLACES PROTECTION PROJECT,990-PF,41.887530047162,-87.625851774658,sited
Abra Prentice Foundation INC,2024,FRANCISCAN OUTREACH,1645 W LEMOYNE STREET,CHICAGO,IL,60622,150000,EARMARKED FOR SERVICES NEEDED FOR THE HOMELESS ON WEST AND SOUTH SIDES OF CHICAGO,990-PF,41.909038647829,-87.668805151578,sited
Abra Prentice Foundation INC,2024,FRIENDS OF THE CHICAGO RIVER,411 S WELLS STREET STE 800,CHICAGO,IL,60607,50000,EARMARKED FOR THE CHICAGO RIVER ECO-WARRIORS (CREW) VOLUNTEER PROGRAM,990-PF,41.876686085723,-87.633613034309,sited
Abra Prentice Foundation INC,2024,HOPE FOR THE DAY,PO BOX 13015,CHICAGO,IL,60613,25000,EARMARKED FOR SUICIDE PREVENTION AND EDUCATION,990-PF,,,intermediary_or_citywide
Abra Prentice Foundation INC,2024,JUNIOR ACHIEVEMENT,651 W WASHINGTON SUITE 404,CHICAGO,IL,60661,35000,EARMARKED TO SPONSOR ONE OF CPS K-8 WHOLE SCHOOL PROGRAMS FOCUSING ON FINANCIAL LITERACY & WORK READINESS AND ADDITIONAL PARK DISTRICTS,990-PF,41.883104198314,-87.644697339863,sited
Abra Prentice Foundation INC,2024,MERIT SCHOOL OF MUSIC,38 S PEORIA STREET,CHICAGO,IL,60607,55000,EARMARKED FOR RENEWED SUPPORT OF ITS INSTRUMENTAL MUSIC AND VOCAL PROGRAM,990-PF,41.881214815794,-87.649760056368,sited
Abra Prentice Foundation INC,2024,NEW MOMS,5317 W CHICAGO AVENUE,CHICAGO,IL,60651,75000,"EARMARKED FOR SUPPORT FOR YOUNG, HOMELESS, AND HIGH-RISK MOTHERS",990-PF,41.894853854979,-87.75837321066,sited
Abra Prentice Foundation INC,2024,OLD IRVING PARK COMMUNITY CLINIC,5425 W ADDISON STREET,CHICAGO,IL,60641,25000,EARMARKED FOR SUPPORT TO PROVIDE HEALTHCARE FOR UNINSURED ADULTS ON CHICAGOS NORTHWEST SIDE.,990-PF,41.94586584651,-87.762906989895,sited
Abra Prentice Foundation INC,2024,SAFE FAMILIES (LYDIA) ASSOCIATION,4300 W IRVING PARK RD,CHICAGO,IL,60641,50000,IN SUPPORT CHILD ABUSE PROGRAM AND TO ASSIST FAMILIES IN CHICAGO,990-PF,41.953612435052,-87.735513754276,sited
Abra Prentice Foundation INC,2024,SARAH'S CIRCLE,4838 N SHERIDAN ROAD,CHICAGO,IL,60640,75000,EARMARKED FOR SUPPORT FOR FOOD AND COMPREHENSIVE SERVICES TO HOMELESS WOMEN,990-PF,41.970220392732,-87.654924666894,sited
Abra Prentice Foundation INC,2024,THE WETLANDS INITIATIVE,53 W JACKSON SUITE 1015,CHICAGO,IL,60604,125000,EARMARKED FOR PHASE II OF RESTORING INDIAN RIDGE MARSH ON CHICAGOS SOUTHWEST SIDE,990-PF,41.878104850676,-87.629636798425,sited
Abra Prentice Foundation INC,2024,TUTORING CHICAGO,303 W MADISON STE 750,CHICAGO,IL,60606,50000,SUPPORT FOR FREE TUTORING PROGRAM,990-PF,41.881875850351,-87.635415233588,sited
Abra Prentice Foundation INC,2024,BANDWITH,212 S FRANCISCO AVE,CHICAGO,IL,60612,50000,ARTS ENSEMBLE PROGRAMMING FOR UNDERSERVED KIDS,990-PF,41.87816126014,-87.698718141517,sited
Abra Prentice Foundation INC,2024,GREATER CHICAGO FOOD DEPOSITORY,4100 W ANN LURIE PL,CHICAGO,IL,60632,100000,SUPPORT FOR THE PREPARED MEALS PROGRAM,990-PF,,,intermediary_or_citywide
Abra Prentice Foundation INC,2024,WTTW,5400 N ST LOUIS AVE,CHICAGO,IL,60625,100000,EARMARKED FOR THE 2025 SEASON OF CHICAGO STORIES,990-PF,41.979387355038,-87.716147207409,sited
The Siragusa Family Foundation,2021,3ARTS INC,200 W MADISON ST FL 3,CHICAGO,IL,60601,10250,MAKE A WAVE FUND AND GENERAL OPERATING,990-PF,41.881999441643,-87.633899204958,sited
The Siragusa Family Foundation,2021,A SAFE HAVEN FOUNDATION,2750 WEST ROOSEVELT ROAD,CHICAGO,IL,60608,15000,CENTER FOR WORKFORCE DEVELOPMENT,990-PF,41.866577776519,-87.695317903688,sited
The Siragusa Family Foundation,2021,ADLER PLANETARIUM,1300 SOUTH LAKE SHORE DRIVE,CHICAGO,IL,60605,10000,ADLER TEEN LEADERS ADVANCING STEM PROGRAM AND GENERAL OPERATING,990-PF,41.866443548114,-87.613933402484,intermediary_or_citywide
The Siragusa Family Foundation,2021,ALBANY PARK THEATER PROJECT,PO BOX 25072,CHICAGO,IL,60625,20000,GENERAL OPERATING,990-PF,,,intermediary_or_citywide
The Siragusa Family Foundation,2021,ALLIANCE FOR THE GREAT LAKES,150 N MICHIGAN AVE SUITE 700,CHICAGO,IL,60601,7500,EDUCATION PROGRAMS,990-PF,41.884931224143,-87.624552861651,sited
The Siragusa Family Foundation,2021,ALTERNATIVES INCORPORATED,4730 N SHERIDAN RD,CHICAGO,IL,60640,10000,URBAN ARTS PROGRAM,990-PF,41.96823742805,-87.654887294249,sited
The Siragusa Family Foundation,2021,AMERICAN BRAIN TUMOR ASSOCIATION,8550 WEST BRYN MAWR SUITE 550,CHICAGO,IL,60631,10000,BASIC RESEARCH FELLOWSHIP,990-PF,41.981087941159,-87.840996608175,sited
The Siragusa Family Foundation,2021,ART INSTITUTE OF CHICAGO,111 SOUTH MICHIGAN AVENUE,CHICAGO,IL,60603,10000,TEACHING EXPERIENCES AT THE ART MUSEUM (TEAM),990-PF,41.880649213362,-87.624171570115,sited
The Siragusa Family Foundation,2021,ASSOCIATED COLLEGES OF ILLINOIS,70 EAST LAKE ST SUITE 418,CHICAGO,IL,60601,10000,PEER MENTORING PROGRAM,990-PF,41.885782775355,-87.625858436593,sited
The Siragusa Family Foundation,2021,BIG SHOULDERS FUND,212 W VAN BUREN SUITE 900,CHICAGO,IL,60607,5000,EMERGENCY SCHOLARSHIP FUND,990-PF,41.876900811278,-87.633848353417,intermediary_or_citywide
The Siragusa Family Foundation,2021,BOTTOM LINE,65 E WACKER PLACE SUITE 800,CHICAGO,IL,60601,10000,GENERAL OPERATING SUPPORT FOR BOTTOM LINE CHICAGO,990-PF,41.886762848959,-87.625449468425,sited
The Siragusa Family Foundation,2021,BRAVEN,100 N LASALLE ST STE 310,CHICAGO,IL,60602,10000,GENERAL OPERATING,990-PF,41.883268441347,-87.632486206776,sited
The Siragusa Family Foundation,2021,BUILD,5100 WEST HARRISON STREET,CHICAGO,IL,60644,10000,RESTORATIVE JUSTICE & INTERVENTION INITIATIVE,990-PF,41.873024143845,-87.753359136798,sited
The Siragusa Family Foundation,2021,CATHOLIC THEOLOGICAL UNION,5401 S CORNELL AVENUE,CHICAGO,IL,60615,2500,SCHOLARSHIP PROGRAM,990-PF,41.798069131714,-87.585404749283,sited
The Siragusa Family Foundation,2021,CENTER FOR CHANGING LIVES,1955 N ST LOUIS 101,CHICAGO,IL,60647,10000,GENERAL OPERATING,990-PF,41.916858757777,-87.713443469391,sited
The Siragusa Family Foundation,2021,CHICAGO CARES,1200 W 35TH ST UNIT 302,CHICAGO,IL,60609,10000,GENERAL OPERATING,990-PF,41.830680444473,-87.655806470223,sited
The Siragusa Family Foundation,2021,CHICAGO CHILDREN'S CHOIR,78 E WASHINGTON ST 5TH FLOOR,CHICAGO,IL,60602,10000,CHICAGO CHILDREN'S CHOIR'S PILSEN/LITTLE VILLAGE NEIGHBORHOOD CHOIR,990-PF,41.883277440933,-87.625067547676,intermediary_or_citywide
The Siragusa Family Foundation,2021,CHICAGO HIGH SCHOOL FOR THE ARTS FOUNDATION,2714 W AUGUSTA BLVD,CHICAGO,IL,60622,10000,STUDENT ASSISTANCE FUND,990-PF,41.899345169681,-87.695489099391,sited
The Siragusa Family Foundation,2021,CHICAGO OPERA THEATER,PO BOX 180120,CHICAGO,IL,60618,10000,OPERA FOR ALL PROGRAM,990-PF,,,intermediary_or_citywide
The Siragusa Family Foundation,2021,CHICAGO SINFONIETTA,70 EAST LAKE STREET SUITE 1430,CHICAGO,IL,60601,10000,AUDIENCE ENGAGEMENT FOR UNDESERVED AUDIENCES IN CHICAGO,990-PF,41.885782775355,-87.625858436593,sited
The Siragusa Family Foundation,2021,CHICAGO SYMPHONY ORCHESTRA,220 SOUTH MICHIGAN AVENUE,CHICAGO,IL,60604,7500,HIGH SCHOOL PROGRAMS,990-PF,41.879261225909,-87.624499386276,sited
The Siragusa Family Foundation,2021,CHICAGO WOMEN IN PHILANTHROPY,4210 W IRVING PARK RD,CHICAGO,IL,60641,1000,WOMEN'S MENTORING AND LEADERSHIP PROGRAM,990-PF,41.953648434904,-87.732978124541,sited
The Siragusa Family Foundation,2021,CHICAGOLAND WORKFORCE FUNDER ALLIANCE,225 NORTH MICHIGAN AVE STE 2200,CHICAGO,IL,60601,10000,PROGRESSIVE PATHWAYS SUPPORT FUND,990-PF,41.886567067898,-87.624456678273,intermediary_or_citywide
The Siragusa Family Foundation,2021,CHILDREN'S HOME & AID SOCIETY,200 W MONROE STREET STE 2100,CHICAGO,IL,60606,10000,ENGLEWOOD EARLY HEAD START,990-PF,41.880719814776,-87.633880215174,sited
The Siragusa Family Foundation,2021,CHILDREN'S HOSPITAL OF CHICAGO FOUNDATION,225 EAST CHICAGO AVENUE,CHICAGO,IL,60611,15000,CENTER FOR CHILDHOOD RESILIENCE,990-PF,41.896693751301,-87.622923905467,intermediary_or_citywide
The Siragusa Family Foundation,2021,COLLEGE POSSIBLE,833 N ORLEANS ST STE 400,CHICAGO,IL,60610,10000,GENERAL OPERATING,990-PF,41.898105408764,-87.637152976878,sited
The Siragusa Family Foundation,2021,CONNECTIONS FOR ABUSED WOMEN & THEIR CHILDREN,1116 N KEDZIE 5TH FLOOR,CHICAGO,IL,60651,10000,GENERAL OPERATING,990-PF,41.901809739887,-87.706833683051,sited
The Siragusa Family Foundation,2021,ERIE FAMILY HEALTH CENTER,1701 W SUPERIOR 3RD FLOOR,CHICAGO,IL,60622,10000,WESTSIDE H3: HEALTHY MINDS. HEALTHY CHILDREN. HEALTHY CHICAGO,990-PF,41.89505944276,-87.669771270814,sited
The Siragusa Family Foundation,2021,FAMILY FOCUS,5467 S UNIVERSITY AVE,CHICAGO,IL,60615,10000,ENGLEWOOD FAMILY SUPPORT SERVICES,990-PF,41.796166161439,-87.598028161796,sited
The Siragusa Family Foundation,2021,FOREFRONT,200 W MADISON AVE 2ND FLOOR,CHICAGO,IL,60606,4750,GENERAL OPERATING AND 2020 VIRTUAL SUMMITT SPONSORSHIP,990-PF,41.881999441643,-87.633899204958,intermediary_or_citywide
The Siragusa Family Foundation,2021,FRIENDS OF THE CHICAGO RIVER,411 SOUTH WELLS STREET SUITE 800,CHICAGO,IL,60607,7500,ADOPT-A-RIVER: RIVER VOLUNTEER STEWARDSHIP PROGRAM (RSVP),990-PF,41.876686085723,-87.633613034309,sited
The Siragusa Family Foundation,2021,GOODMAN THEATRE,170 NORTH DEARBORN STREET,CHICAGO,IL,60601,10000,TEACHING ARTIST PROGRAM,990-PF,41.885165897733,-87.629554228101,sited
The Siragusa Family Foundation,2021,GROWING HOME,825 W 69TH ST 2ND FLOOR,CHICAGO,IL,60621,10000,GENERAL OPERATING,990-PF,41.768771078766,-87.645188542869,sited
The Siragusa Family Foundation,2021,HARRIS THEATER FOR MUSIC AND DANCE,205 EAST RANDOLPH DR,CHICAGO,IL,60601,10000,ACCESS TICKETS PROGRAM,990-PF,41.884225378761,-87.622769087728,sited
The Siragusa Family Foundation,2021,HEALTHY SCHOOLS CAMPAIGN,2545 W DIVERSEY AVE 214,CHICAGO,IL,60647,2500,GENERAL OPERATING,990-PF,41.932077844887,-87.691643243477,sited
The Siragusa Family Foundation,2021,HOWARD BROWN HEALTH,PO BOX 13500,CHICAGO,IL,60613,11000,BROADWAY YOUTH CENTER (BYC),990-PF,,,intermediary_or_citywide
The Siragusa Family Foundation,2021,HUBBARD STREET DANCE THEATER,1658 MILWAUKEE AVE 100-15838,CHICAGO,IL,60647,10000,"EDUCATION, YOUTH AND COMMUNITY PROGRAMS",990-PF,,,intermediary_or_citywide
The Siragusa Family Foundation,2021,INFANT WELFARE SOCIETY OF CHICAGO,3600 WEST FULLERTON,CHICAGO,IL,60647,10000,CHILD-CENTERED HEALTH AND ADVANCED THERAPIES (CHAT) PROGRAM,990-PF,41.924659438972,-87.717072727636,sited
The Siragusa Family Foundation,2021,INGENUITY INCORPORATED,440 N ST STE 505 WELLS,CHICAGO,IL,60654,10000,CREATIVE SCHOOLS INITIATIVE AND INGENUITY INSTITUTES,990-PF,,,intermediary_or_citywide
The Siragusa Family Foundation,2021,INSPIRATION CORPORATION,4554 N BROADWAY SUITE 207,CHICAGO,IL,60640,10000,FOODSERVICE TRAINING AND EMPLOYMENT SERVICES,990-PF,41.964552431543,-87.657020755639,sited
The Siragusa Family Foundation,2021,JOHN G SHEDD AQUARIUM,1200 S LAKE SHORE DRIVE,CHICAGO,IL,60605,10000,GENERAL LEARNING PROGRAM,990-PF,41.866476458506,-87.613814359169,sited
The Siragusa Family Foundation,2021,JOSEPHINUM ACADEMY,1501 N OAKLEY BLVD,CHICAGO,IL,60622,5000,SCHOLARSHIP PROGRAM,990-PF,41.908585439915,-87.684658242585,sited
The Siragusa Family Foundation,2021,JUVENILE PROTECTIVE ASSOCIATION,1707 NORTH HALSTED STREET,CHICAGO,IL,60614,10000,THE PARENT-INFANT DEVELOPMENT PROGRAM,990-PF,41.912694786583,-87.648250143667,sited
The Siragusa Family Foundation,2021,LINCOLN PARK ZOO,2001 NORTH CLARK STREET,CHICAGO,IL,60614,10000,YOUNG RESEARCHERS COLLABORATIVE,990-PF,41.91854925312,-87.636079895114,sited
The Siragusa Family Foundation,2021,LITTLE BROTHERS FRIENDS OF THE ELDERLY,355 NORTH ASHLAND AVENUE,CHICAGO,IL,60607,5000,GENERAL OPERATING,990-PF,41.88795842367,-87.666978647848,sited
The Siragusa Family Foundation,2021,LOOKINGGLASS THEATRE COMPANY,821 N MICHIGAN AVE,CHICAGO,IL,60611,10000,GENERAL OPERATING,990-PF,41.897345828166,-87.624078046791,sited
The Siragusa Family Foundation,2021,LOYOLA UNIVERSITY OF CHICAGO,WATER TOWER CAMPUS 820 N MICHIGAN,CHICAGO,IL,60611,20000,S.T.A.R.S MENTORING PROGRAM (STUDENTS TOGETHER ARE REACHING SUCCESS),990-PF,,,intermediary_or_citywide
The Siragusa Family Foundation,2021,LYRIC OPERA OF CHICAGO,20 NORTH WACKER DRIVE SUITE 860,CHICAGO,IL,60606,10000,SENIOR MATINEE,990-PF,41.882191369239,-87.637100009791,sited
The Siragusa Family Foundation,2021,MARILLAC SOCIAL CENTER,PO BOX 14699,CHICAGO,IL,60614,10000,SENIOR SERVICES PROGRAM,990-PF,,,intermediary_or_citywide
The Siragusa Family Foundation,2021,MARWEN,833 NORTH ORLEANS STREET,CHICAGO,IL,60610,10000,COLLEGE AND CAREER PROGRAMS,990-PF,41.898105408764,-87.637152976878,sited
The Siragusa Family Foundation,2021,MERIT SCHOOL OF MUSIC,JOY FAITH KNAPP MUSIC CENTER 38,CHICAGO,IL,60607,10000,SCHOLARSHIPS,990-PF,,,intermediary_or_citywide
The Siragusa Family Foundation,2021,METROPOLITAN FAMILY SERVICES,101 N WACKER DR 17TH FLOOR,CHICAGO,IL,60606,10000,COMM. PARTNERING 4 PEACE,990-PF,41.883259441584,-87.636719789755,sited
The Siragusa Family Foundation,2021,MIDTOWN EDUCATIONAL FOUNDATION,718 SOUTH LOOMIS STREET,CHICAGO,IL,60607,10000,GENERAL OPERATING,990-PF,41.87287489207,-87.661824873789,intermediary_or_citywide
The Siragusa Family Foundation,2021,MIKVA CHALLENGE,200 S MICHIGAN AVE STE 1000,CHICAGO,IL,60604,10000,GENERAL OPERATING,990-PF,41.879498661338,-87.624506074574,sited
The Siragusa Family Foundation,2021,MUSEUM OF CONTEMPORARY ART,220 E CHICAGO AVENUE,CHICAGO,IL,60611,10000,S.P.A.C.E. PROGRAM,990-PF,41.896824755958,-87.621756021322,intermediary_or_citywide
The Siragusa Family Foundation,2021,NEWBERRY LIBRARY,60 WEST WALTON STREET,CHICAGO,IL,60610,10000,K-12 TEACHER PROGRAM,990-PF,41.899859574468,-87.630394134617,sited
The Siragusa Family Foundation,2021,NORTHWESTERN MEMORIAL FOUNDATION,541 N FAIRBANKS CT STE 800,CHICAGO,IL,60611,15000,TRANSITIONAL CARE CLINIC,990-PF,41.89214113481,-87.620164916817,intermediary_or_citywide
The Siragusa Family Foundation,2021,NORTHWESTERN UNIVERSITY SETTLEMENT ASSOC,1400 W AUGUSTA BLVD,CHICAGO,IL,60642,7500,"HOUSE IN THE WOODS, A WILDERNESS CAMP IN DELEVAN, WI",990-PF,41.89983591904,-87.663182706881,intermediary_or_citywide
The Siragusa Family Foundation,2021,ONE MILLION DEGREES,180 N WABASH STE 310,CHICAGO,IL,60601,10000,GENERAL OPERATING,990-PF,41.885383955464,-87.626340906809,sited
The Siragusa Family Foundation,2021,ONEGOAL,180 N WABASH AVE STE 800,CHICAGO,IL,60601,10000,GENERAL OPERATING,990-PF,41.885383955464,-87.626340906809,sited
The Siragusa Family Foundation,2021,OPENLANDS,25 E WASHINGTON ST SUITE 1650,CHICAGO,IL,60602,10000,URBAN FORESTRY PROGRAM,990-PF,41.883162849634,-87.626490086268,sited
The Siragusa Family Foundation,2021,PARTNERSHIP FOR COLLEGE COMPLETION,200 S MICHIGAN AVE STE 1410,CHICAGO,IL,60604,20000,GENERAL OPERATING,990-PF,41.879498661338,-87.624506074574,intermediary_or_citywide
The Siragusa Family Foundation,2021,PEOPLE'S MUSIC SCHOOL,931 W EASTWOOD AVE,CHICAGO,IL,60640,10000,SCHOLARSHIP AND GENERAL OPERATING,990-PF,41.966335346284,-87.653519089204,sited
The Siragusa Family Foundation,2021,PLAYMAKERS LABORATORY (BARREL OF MONKEYS),PO BOX 408368,CHICAGO,IL,60640,10000,GENERAL OPERATING,990-PF,,,intermediary_or_citywide
The Siragusa Family Foundation,2021,PROJECT EXPLORATION,4511 SOUTH EVANS,CHICAGO,IL,60653,10000,GENERAL OPERATING,990-PF,41.812916125056,-87.608193125248,sited
The Siragusa Family Foundation,2021,PUBLIC ALLIES,180 N MICHIGAN AVE SUITE 1016,CHICAGO,IL,60601,10000,ALLY APPRENTICESHIP PROGRAM,990-PF,41.885373782983,-87.624570287649,sited
The Siragusa Family Foundation,2021,REDWOOD LITERACY,410 S MICHIGAN AVE UNIT 306,CHICAGO,IL,60605,100,GENERAL OPERATING,990-PF,41.87661684649,-87.624436493807,sited
The Siragusa Family Foundation,2021,ROOSEVELT UNIVERSITY,1201 W HARRISON ST STE 300,CHICAGO,IL,60607,20000,SCHOLARSHIPS,990-PF,41.874161615653,-87.657004991389,intermediary_or_citywide
The Siragusa Family Foundation,2021,RUSH UNIVERSITY,1700 W VAN BUREN SUITE 250,CHICAGO,IL,60605,20000,NURSING SCHOLARSHIP,990-PF,41.876365444605,-87.669797488581,intermediary_or_citywide
The Siragusa Family Foundation,2021,SALVATION ARMY,5040 N PULASKI RD,CHICAGO,IL,60603,5000,WONDERLAND CAMP,990-PF,41.97256606672,-87.728228946784,sited
The Siragusa Family Foundation,2021,SCHOOL OF THE ART INSTITUTE OF CHICAGO,116 S MICHIGAN AVE 5TH FLOOR,CHICAGO,IL,60603,20000,SIRAGUSA FOUNDATION CHIARTS SCHOLARSHIP,990-PF,41.880316555091,-87.624513636521,sited
The Siragusa Family Foundation,2021,SGA YOUTH & FAMILY SERVICES,11 E ADAMS ST 240,CHICAGO,IL,60603,10000,HIGHER SIGHTS EDUCATION PROGRAM,990-PF,41.879438567535,-87.627314442138,sited
The Siragusa Family Foundation,2021,SILK ROAD RISING,150 N MICHIGAN AVE STE 1970,CHICAGO,IL,60601,10000,GENERAL OPERATING,990-PF,41.884931224143,-87.624552861651,sited
The Siragusa Family Foundation,2021,SIT STAY READ,2849 N CLARK STREET,CHICAGO,IL,60657,10000,GENERAL OPERATING,990-PF,41.934172211362,-87.645903875293,sited
The Siragusa Family Foundation,2021,SKYART,3026 E 91ST,CHICAGO,IL,60617,10000,GENERAL OPERATING,990-PF,41.730142463096,-87.550174318593,sited
The Siragusa Family Foundation,2021,ST IGNATIUS COLLEGE PREP,1076 WEST ROOSEVELT ROAD,CHICAGO,IL,60608,10000,TUITION FUND FOR LOW INCOME STUDENTS,990-PF,41.867140445159,-87.651320297627,sited
The Siragusa Family Foundation,2021,STEPPENWOLF,1700 NORTH HALSTED STREET,CHICAGO,IL,60614,10000,STEPPENWOLF FOR YOUNG ADULTS,990-PF,41.912680158034,-87.648403679637,sited
The Siragusa Family Foundation,2021,THE CHICAGO LIGHTHOUSE,1850 WEST ROOSEVELT ROAD,CHICAGO,IL,60608,10000,TRANSITIONAL JOBS PROGRAM,990-PF,41.866924195032,-87.672525512924,sited
The Siragusa Family Foundation,2021,THE FIELD MUSEUM,1400 SOUTH LAKE SHORE DRIVE,CHICAGO,IL,60605,10000,COMMUNITY OUTREACH PROGRAMS,990-PF,41.865006735724,-87.614118889895,intermediary_or_citywide
The Siragusa Family Foundation,2021,THE JOFFREY BALLET OF CHICAGO,10 EAST RANDOLPH STREET,CHICAGO,IL,60601,10000,COMMUNITY ENGAGEMENT,990-PF,41.884546846461,-87.62753189865,sited
The Siragusa Family Foundation,2021,THE NIGHT MINISTRY,1735 N ASHLAND AVE STE 2000,CHICAGO,IL,60622,10000,HEALTH AND OUTREACH MINISTRY,990-PF,41.913146606144,-87.667683335934,sited
The Siragusa Family Foundation,2021,THE ROTARY FOUNDATION,14280 COLLECTIONS CENTER DR,CHICAGO,IL,60693,100,GENERAL OPERATING,990-PF,,,intermediary_or_citywide
The Siragusa Family Foundation,2021,THE UNIVERSITY OF CHICAGO,5235 S HARPER COURT 5TH FLOOR,CHICAGO,IL,60615,20000,SCHOLARSHIPS,990-PF,41.799935726883,-87.588037196681,intermediary_or_citywide
The Siragusa Family Foundation,2021,THRESHOLDS,4101 N RAVENSWOOD AVENUE,CHICAGO,IL,60613,10000,WOMEN VETERAN HEALTH INITIATIVE,990-PF,41.956124486301,-87.673769629094,sited
The Siragusa Family Foundation,2021,TUESDAY'S CHILD CO GORDON TECH HIGH SCHOOL,3633 N CALIFORNIA AVENUE,CHICAGO,IL,60618,10000,BEHAVIORAL INTERVENTION PROGRAM,990-PF,41.947196544296,-87.697970710436,sited
The Siragusa Family Foundation,2021,UMOJA STUDENT DEVELOPMENT CORP,910 W VAN BUREN ST STE 710,CHICAGO,IL,60607,10000,RESTORATIVE JUSTICE PROGRAMS,990-PF,41.876689443447,-87.649972392414,sited
The Siragusa Family Foundation,2021,UNITED NEGRO COLLEGE FUND,105 W ADAMS STREET SUITE 2400,CHICAGO,IL,60603,20000,SCHOLARSHIPS,990-PF,41.879355850538,-87.631003553079,intermediary_or_citywide
The Siragusa Family Foundation,2021,UNITED SERVICE ORGANIZATION OF ILLINOIS,333 N MICHIGAN AVE STE 2226,CHICAGO,IL,60601,10000,PROGRAMS FOR AMERICA'S SERVICEMAN AND SERVICEWOMEN,990-PF,41.887717519044,-87.624478897778,sited
The Siragusa Family Foundation,2021,URBAN GATEWAYS,1637 N ASHLAND AVE STE 1,CHICAGO,IL,60622,10000,GENERAL OPERATING,990-PF,41.911644414176,-87.667642532624,sited
The Siragusa Family Foundation,2021,WEST POINT SCHOOL OF MUSIC,7411 S STONEY ISLAND AVE,CHICAGO,IL,60649,10000,EPIC STEEL ORCHESTRA,990-PF,41.76034763306,-87.585697384409,sited
The Siragusa Family Foundation,2021,YMCA OF METROPOLITAN CHICAGO,1030 WEST VAN BUREN,CHICAGO,IL,60607,10000,SAFE COMMUNITIES,990-PF,41.876644443627,-87.653069961149,sited
The Siragusa Family Foundation,2022,3ARTS INC,200 W MADISON STREET FL 3,CHICAGO,IL,60601,10750,MAKE A WAVE FUND AND GENERAL OPERATING,990-PF,41.881999441643,-87.633899204958,sited
The Siragusa Family Foundation,2022,A SAFE HAVEN FOUNDATION,2750 WEST ROOSEVELT ROAD,CHICAGO,IL,60608,15000,CENTER FOR WORKFORCE DEVELOPMENT,990-PF,41.866577776519,-87.695317903688,sited
The Siragusa Family Foundation,2022,ADLER PLANETARIUM,1300 SOUTH LAKE SHORE DRIVE,CHICAGO,IL,60605,10000,ADLER TEEN LEADERS ADVANCING STEM PROGRAM AND GENERAL OPERATING,990-PF,41.866443548114,-87.613933402484,intermediary_or_citywide
The Siragusa Family Foundation,2022,ALBANY PARK THEATER PROJECT,PO BOX 25072,CHICAGO,IL,60625,10000,GENERAL OPERATING,990-PF,,,intermediary_or_citywide
The Siragusa Family Foundation,2022,ALLIANCE FOR THE GREAT LAKES,150 N MICHIGAN AVENUE SUITE 700,CHICAGO,IL,60601,7500,EDUCATION PROGRAMS,990-PF,41.884931224143,-87.624552861651,sited
The Siragusa Family Foundation,2022,ALTERNATIVES INCORPORATED,5700 S PRARIE AVE,CHICAGO,IL,60637,10000,GENERAL OPERATING,990-PF,41.791064832766,-87.619205199257,sited
The Siragusa Family Foundation,2022,AMERICAN BRAIN TUMOR ASSOCIATION,8550 WEST BRYN MAWR SUITE 550,CHICAGO,IL,60631,10000,BASIC RESEARCH FELLOWSHIP,990-PF,41.981087941159,-87.840996608175,sited
The Siragusa Family Foundation,2022,ART INSTITUTE OF CHICAGO,111 SOUTH MICHIGAN AVENUE,CHICAGO,IL,60603,10000,TEACHING EXPERIENCES AT THE ART MUSEUM (TEAM),990-PF,41.880649213362,-87.624171570115,sited
The Siragusa Family Foundation,2022,ASSOCIATED COLLEGES OF ILLINOIS,70 EAST LAKE ST SUITE 418,CHICAGO,IL,60601,10000,PEER MENTORING PROGRAM,990-PF,41.885782775355,-87.625858436593,sited
The Siragusa Family Foundation,2022,BIG SHOULDERS FUND,212 W VAN BUREN SUITE 900,CHICAGO,IL,60607,10000,EMERGENCY SCHOLARSHIP FUND,990-PF,41.876900811278,-87.633848353417,intermediary_or_citywide
The Siragusa Family Foundation,2022,BOTTOM LINE,200 N LASALLE ST 2175,CHICAGO,IL,60601,10000,GENERAL OPERATING SUPPORT FOR BOTTOM LINE CHICAGO,990-PF,41.885796837609,-87.632526709602,sited
The Siragusa Family Foundation,2022,BRAVEN INC,100 N LASALLE ST STE 310,CHICAGO,IL,60602,10000,GENERAL OPERATING,990-PF,41.883268441347,-87.632486206776,sited
The Siragusa Family Foundation,2022,BUILD,5100 WEST HARRISON STREET,CHICAGO,IL,60644,11000,RESTORATIVE JUSTICE & INTERVENTION INITIATIVE,990-PF,41.873024143845,-87.753359136798,sited
The Siragusa Family Foundation,2022,CARA COLLECTIVE,237 S DESPLAINES,CHICAGO,IL,60661,10000,GENERAL OPERATING,990-PF,41.879011277991,-87.643957283452,sited
The Siragusa Family Foundation,2022,CENTER FOR CHANGING LIVES,1955 N ST LOUIS 101,CHICAGO,IL,60647,10000,GENERAL OPERATING,990-PF,41.916858757777,-87.713443469391,sited
The Siragusa Family Foundation,2022,CHICAGO CARES,1200 W 35TH ST UNIT 302,CHICAGO,IL,60609,10000,GENERAL OPERATING,990-PF,41.830680444473,-87.655806470223,sited
The Siragusa Family Foundation,2022,CHICAGO HIGH SCHOOL FOR THE ARTS FOUNDATION,PO BOX 772076,CHICAGO,IL,60677,10000,STUDENT ASSISTANCE FUND,990-PF,,,intermediary_or_citywide
The Siragusa Family Foundation,2022,CHICAGO OPERA THEATER,PO BOX 180120,CHICAGO,IL,60618,10000,OPERA FOR ALL PROGRAM,990-PF,,,intermediary_or_citywide
The Siragusa Family Foundation,2022,CHICAGO SINFONIETTA,70 EAST LAKE STREET SUITE 1430,CHICAGO,IL,60601,10000,AUDIENCE ENGAGEMENT FOR UNDESERVED AUDIENCES IN CHICAGO,990-PF,41.885782775355,-87.625858436593,sited
The Siragusa Family Foundation,2022,CHICAGO WOMEN IN PHILANTHROPY,400 E RANDOLPH ST 2305,CHICAGO,IL,60601,1000,WOMEN'S MENTORING AND LEADERSHIP PROGRAM,990-PF,41.884601677652,-87.616570492729,sited
The Siragusa Family Foundation,2022,CHILDREN'S HOME & AID SOCIETY,200 W MONROE STREET STE 2100,CHICAGO,IL,60606,10000,ENGLEWOOD EARLY HEAD START,990-PF,41.880719814776,-87.633880215174,sited
The Siragusa Family Foundation,2022,CHILDREN'S HOSPITAL OF CHICAGO FOUNDATION,225 EAST CHICAGO AVENUE,CHICAGO,IL,60611,15000,CENTER FOR CHILDHOOD RESILIENCE,990-PF,41.896693751301,-87.622923905467,intermediary_or_citywide
The Siragusa Family Foundation,2022,COLLEGE POSSIBLE,833 N ORLEANS ST STE 400,CHICAGO,IL,60610,10000,GENERAL OPERATING,990-PF,41.898105408764,-87.637152976878,sited
The Siragusa Family Foundation,2022,COMMUNITIES IN SCHOOLS (CIS),815 W VAN BUREN ST SUITE 300,CHICAGO,IL,60607,10000,GENERAL OPERATING,990-PF,41.876603022207,-87.648075570713,sited
The Siragusa Family Foundation,2022,CONNECTIONS FOR ABUSED WOMEN & THEIR CHILDREN,1116 N KEDZIE 5TH FLOOR,CHICAGO,IL,60651,10000,GENERAL OPERATING,990-PF,41.901809739887,-87.706833683051,sited
The Siragusa Family Foundation,2022,ERIE FAMILY HEALTH CENTER,1701 W SUPERIOR 3RD FLOOR,CHICAGO,IL,60622,10000,WESTSIDE H3: HEALTHY MINDS. HEALTHY CHILDREN. HEALTHY CHICAGO,990-PF,41.89505944276,-87.669771270814,sited
The Siragusa Family Foundation,2022,FAMILY EMPOWERMENT CENTERS,1533 W DEVON AVENUE 1,CHICAGO,IL,60660,500,GENERAL OPERATING,990-PF,41.998038832354,-87.669092629947,sited
The Siragusa Family Foundation,2022,FAMILY FOCUS,5467 S UNIVERSITY AVE,CHICAGO,IL,60615,10000,ENGLEWOOD FAMILY SUPPORT SERVICES,990-PF,41.796166161439,-87.598028161796,sited
The Siragusa Family Foundation,2022,FRIENDS OF THE CHICAGO RIVER,411 SOUTH WELLS STREET SUITE 800,CHICAGO,IL,60607,7500,ADOPT-A-RIVER: RIVER VOLUNTEER STEWARDSHIP PROGRAM (RSVP),990-PF,41.876686085723,-87.633613034309,sited
The Siragusa Family Foundation,2022,GOODMAN THEATRE,170 NORTH DEARBORN STREET,CHICAGO,IL,60601,10000,TEACHING ARTIST PROGRAM,990-PF,41.885165897733,-87.629554228101,sited
The Siragusa Family Foundation,2022,GROWING HOME,6429 S HONORE ST,CHICAGO,IL,60636,11000,GENERAL OPERATING,990-PF,41.777026302633,-87.670154870847,sited
The Siragusa Family Foundation,2022,HARRIS THEATER FOR MUSIC AND DANCE,205 EAST RANDOLPH DR,CHICAGO,IL,60601,10000,ACCESS TICKETS PROGRAM,990-PF,41.884225378761,-87.622769087728,sited
The Siragusa Family Foundation,2022,HOWARD BROWN HEALTH,PO BOX 13500,CHICAGO,IL,60613,20000,BROADWAY YOUTH CENTER (BYC),990-PF,,,intermediary_or_citywide
The Siragusa Family Foundation,2022,HUBBARD STREET DANCE THEATER,1658 MILWAUKEE AVE 100-15838,CHICAGO,IL,60647,10000,"EDUCATION, YOUTH AND COMMUNITY PROGRAMS",990-PF,,,intermediary_or_citywide
The Siragusa Family Foundation,2022,INFANT WELFARE SOCIETY OF CHICAGO,3600 WEST FULLERTON,CHICAGO,IL,60647,10000,CHILD-CENTERED HEALTH AND ADVANCED THERAPIES (CHAT) PROGRAM,990-PF,41.924659438972,-87.717072727636,sited
The Siragusa Family Foundation,2022,INGENUITY INCORPORATED,440 N WELLS ST STE 505,CHICAGO,IL,60654,10000,CREATIVE SCHOOLS INITIATIVE AND INGENUITY INSTITUTES,990-PF,41.890170853726,-87.634111271441,sited
The Siragusa Family Foundation,2022,INSPIRATION CORPORATION,4554 N BROADWAY SUITE 207,CHICAGO,IL,60640,10000,FOODSERVICE TRAINING AND EMPLOYMENT SERVICES,990-PF,41.964552431543,-87.657020755639,sited
The Siragusa Family Foundation,2022,JOHN G SHEDD AQUARIUM,1200 S DUSABLE LAKE SHORE DRIVE,CHICAGO,IL,60605,10000,GENERAL LEARNING PROGRAM,990-PF,,,intermediary_or_citywide
The Siragusa Family Foundation,2022,JOSEPHINUM ACADEMY,1501 N OAKLEY BLVD,CHICAGO,IL,60622,5000,SCHOLARSHIP PROGRAM,990-PF,41.908585439915,-87.684658242585,sited
The Siragusa Family Foundation,2022,JUVENILE PROTECTIVE ASSOCIATION,1707 NORTH HALSTED STREET,CHICAGO,IL,60614,10500,CONNECT TO KIDS PROGRAM,990-PF,41.912694786583,-87.648250143667,sited
The Siragusa Family Foundation,2022,LINCOLN PARK ZOO,2001 NORTH CLARK STREET,CHICAGO,IL,60614,10000,EDUCATION DEPARTMENT PROGRAMS,990-PF,41.91854925312,-87.636079895114,sited
The Siragusa Family Foundation,2022,LITTLE BROTHERS FRIENDS OF THE ELDERLY,355 NORTH ASHLAND AVENUE,CHICAGO,IL,60607,5000,GENERAL OPERATING,990-PF,41.88795842367,-87.666978647848,sited
The Siragusa Family Foundation,2022,LOOKINGGLASS THEATRE COMPANY,3320 W FOSTER AVE 102,CHICAGO,IL,60625,10000,GENERAL OPERATING,990-PF,41.975763740538,-87.711904198011,sited
The Siragusa Family Foundation,2022,LOYOLA UNIVERSITY OF CHICAGO,WATER TOWER CAMPUS 820 N MICHIGAN,CHICAGO,IL,60611,20000,S.T.A.R.S MENTORING PROGRAM (STUDENTS TOGETHER ARE REACHING SUCCESS),990-PF,,,intermediary_or_citywide
The Siragusa Family Foundation,2022,LYRIC OPERA OF CHICAGO,20 NORTH WACKER DRIVE SUITE 860,CHICAGO,IL,60606,10000,LYRIC UNLIMITED,990-PF,41.882191369239,-87.637100009791,sited
The Siragusa Family Foundation,2022,MARILLAC ST VINCENT FAMILY SERVICES INC,2145 N HALSTED,CHICAGO,IL,60614,10000,GENERAL OPERATING,990-PF,41.920821627759,-87.648525042293,intermediary_or_citywide
The Siragusa Family Foundation,2022,MARWEN,833 NORTH ORLEANS STREET,CHICAGO,IL,60610,10000,COLLEGE AND CAREER PROGRAMS,990-PF,41.898105408764,-87.637152976878,sited
The Siragusa Family Foundation,2022,MERIT SCHOOL OF MUSIC,JOY FAITH KNAPP MUSIC CENTER 38,CHICAGO,IL,60607,10000,SCHOLARSHIPS,990-PF,,,intermediary_or_citywide
The Siragusa Family Foundation,2022,METROPOLITAN FAMILY SERVICES,101 N WACKER DR 17TH FLOOR,CHICAGO,IL,60606,10000,COMM. PARTNERING 4 PEACE,990-PF,41.883259441584,-87.636719789755,sited
The Siragusa Family Foundation,2022,MIDTOWN EDUCATIONAL FOUNDATION,718 SOUTH LOOMIS STREET,CHICAGO,IL,60607,10000,GENERAL OPERATING,990-PF,41.87287489207,-87.661824873789,intermediary_or_citywide
The Siragusa Family Foundation,2022,MIKVA CHALLENGE,200 S MICHIGAN AVE STE 1000,CHICAGO,IL,60604,10000,GENERAL OPERATING,990-PF,41.879498661338,-87.624506074574,sited
The Siragusa Family Foundation,2022,MUSEUM OF CONTEMPORARY ART,220 E CHICAGO AVENUE,CHICAGO,IL,60611,10000,S.P.A.C.E. PROGRAM,990-PF,41.896824755958,-87.621756021322,intermediary_or_citywide
The Siragusa Family Foundation,2022,NEWBERRY LIBRARY,60 WEST WALTON STREET,CHICAGO,IL,60610,10000,K-12 TEACHER PROGRAM,990-PF,41.899859574468,-87.630394134617,sited
The Siragusa Family Foundation,2022,NEWROOT LEARNING INSTITUTE,910 W VAN BUREN STREET SUITE 710,CHICAGO,IL,60607,10000,GENERAL OPERATING,990-PF,41.876689443447,-87.649972392414,sited
The Siragusa Family Foundation,2022,NORTHWESTERN MEMORIAL FOUNDATION,541 N FAIRBANKS CT STE 800,CHICAGO,IL,60611,15000,TRANSITIONAL CARE CLINIC,990-PF,41.89214113481,-87.620164916817,intermediary_or_citywide
The Siragusa Family Foundation,2022,NORTHWESTERN UNIVERSITY SETTLEMENT ASSOC,1400 W AUGUSTA BLVD,CHICAGO,IL,60642,7500,GENERAL OPERATING,990-PF,41.89983591904,-87.663182706881,intermediary_or_citywide
The Siragusa Family Foundation,2022,ONE MILLION DEGREES,180 N WABASH STE 310,CHICAGO,IL,60601,10000,GENERAL OPERATING,990-PF,41.885383955464,-87.626340906809,sited
The Siragusa Family Foundation,2022,ONEGOAL,180 N WABASH AVE STE 800,CHICAGO,IL,60601,10000,GENERAL OPERATING,990-PF,41.885383955464,-87.626340906809,sited
The Siragusa Family Foundation,2022,OPENLANDS,25 E WASHINGTON ST SUITE 1650,CHICAGO,IL,60602,10000,GENERAL OPERATING,990-PF,41.883162849634,-87.626490086268,sited
The Siragusa Family Foundation,2022,PARTNERSHIP FOR COLLEGE COMPLETION,200 S MICHIGAN AVE STE 1410,CHICAGO,IL,60604,20000,GENERAL OPERATING,990-PF,41.879498661338,-87.624506074574,intermediary_or_citywide
The Siragusa Family Foundation,2022,PEOPLE'S MUSIC SCHOOL,931 W EASTWOOD AVE,CHICAGO,IL,60640,10000,GENERAL OPERATING,990-PF,41.966335346284,-87.653519089204,sited
The Siragusa Family Foundation,2022,PLAYMAKERS LABORATORY (BARREL OF MONKEYS),PO BOX 408368,CHICAGO,IL,60640,10000,GENERAL OPERATING,990-PF,,,intermediary_or_citywide
The Siragusa Family Foundation,2022,PROJECT EXPLORATION,4511 SOUTH EVANS,CHICAGO,IL,60653,10000,GENERAL OPERATING,990-PF,41.812916125056,-87.608193125248,sited
The Siragusa Family Foundation,2022,PUBLIC ALLIES,180 N MICHIGAN AVE SUITE 1016,CHICAGO,IL,60601,10000,GENERAL OPERATING,990-PF,41.885373782983,-87.624570287649,sited
The Siragusa Family Foundation,2022,ROLE MODEL MOVEMENT INC NFP,47 W POLK STREET STE 100-260,CHICAGO,IL,60605,77,GENERAL OPERATING,990-PF,41.872227851641,-87.628870808889,sited
The Siragusa Family Foundation,2022,ROOSEVELT UNIVERSITY,430 S MICHIGAN AVE,CHICAGO,IL,60605,20000,SCHOLARSHIPS,990-PF,41.876360102818,-87.6244311664,intermediary_or_citywide
The Siragusa Family Foundation,2022,RUSH UNIVERSITY,1201 W HARRISON ST,CHICAGO,IL,60605,20000,NURSING SCHOLARSHIP,990-PF,41.874161615653,-87.657004991389,intermediary_or_citywide
The Siragusa Family Foundation,2022,SALVATION ARMY,5040 N PULASKI RD,CHICAGO,IL,60630,5000,WONDERLAND CAMP,990-PF,41.97256606672,-87.728228946784,sited
The Siragusa Family Foundation,2022,SCHOOL OF THE ART INSTITUTE OF CHICAGO,116 S MICHIGAN AVE 5TH FLOOR,CHICAGO,IL,60603,20000,SIRAGUSA FOUNDATION CHIARTS SCHOLARSHIP,990-PF,41.880316555091,-87.624513636521,sited
The Siragusa Family Foundation,2022,SGA YOUTH & FAMILY SERVICES,11 E ADAMS ST 240,CHICAGO,IL,60603,10000,HIGHER SIGHTS EDUCATION PROGRAM,990-PF,41.879438567535,-87.627314442138,sited
The Siragusa Family Foundation,2022,SILK ROAD RISING,150 N MICHIGAN AVE STE 1970,CHICAGO,IL,60601,10000,GENERAL OPERATING,990-PF,41.884931224143,-87.624552861651,sited
The Siragusa Family Foundation,2022,SIT STAY READ,2849 N CLARK STREET,CHICAGO,IL,60657,10000,GENERAL OPERATING,990-PF,41.934172211362,-87.645903875293,sited
The Siragusa Family Foundation,2022,SKYART,3026 E 91ST,CHICAGO,IL,60617,10000,GENERAL OPERATING,990-PF,41.730142463096,-87.550174318593,sited
The Siragusa Family Foundation,2022,ST IGNATIUS COLLEGE PREP,1076 WEST ROOSEVELT ROAD,CHICAGO,IL,60608,5000,TUITION FUND FOR LOW INCOME STUDENTS,990-PF,41.867140445159,-87.651320297627,sited
The Siragusa Family Foundation,2022,STEPPENWOLF,1700 NORTH HALSTED STREET,CHICAGO,IL,60614,10000,STEPPENWOLF FOR YOUNG ADULTS,990-PF,41.912680158034,-87.648403679637,sited
The Siragusa Family Foundation,2022,THE CHICAGO COMMUNITY TRUST,33 S STATE STREET SUITE 750,CHICAGO,IL,60603,10000,GENERAL OPERATING,990-PF,41.881652198165,-87.627682025192,intermediary_or_citywide
The Siragusa Family Foundation,2022,THE CHICAGO LIGHTHOUSE,1850 WEST ROOSEVELT ROAD,CHICAGO,IL,60608,10000,TRANSITIONAL JOBS PROGRAM,990-PF,41.866924195032,-87.672525512924,sited
The Siragusa Family Foundation,2022,THE FIELD MUSEUM,1400 SOUTH LAKE SHORE DRIVE,CHICAGO,IL,60605,10000,COMMUNITY OUTREACH PROGRAMS,990-PF,41.865006735724,-87.614118889895,intermediary_or_citywide
The Siragusa Family Foundation,2022,THE JOFFREY BALLET OF CHICAGO,10 EAST RANDOLPH STREET,CHICAGO,IL,60601,10000,COMMUNITY ENGAGEMENT,990-PF,41.884546846461,-87.62753189865,sited
The Siragusa Family Foundation,2022,THE NIGHT MINISTRY,1735 N ASHLAND AVE STE 2000,CHICAGO,IL,60622,10000,HEALTH AND OUTREACH MINISTRY,990-PF,41.913146606144,-87.667683335934,sited
The Siragusa Family Foundation,2022,THE UNIVERSITY OF CHICAGO,5235 S HARPER COURT 5TH FLOOR,CHICAGO,IL,60615,20000,SCHOLARSHIPS,990-PF,41.799935726883,-87.588037196681,intermediary_or_citywide
The Siragusa Family Foundation,2022,THRESHOLDS,4101 N RAVENSWOOD AVENUE,CHICAGO,IL,60613,10000,WOMEN VETERAN HEALTH INITIATIVE,990-PF,41.956124486301,-87.673769629094,sited
The Siragusa Family Foundation,2022,TUESDAY'S CHILD CO GORDON TECH HIGH SCHOOL,3633 N CALIFORNIA AVENUE,CHICAGO,IL,60618,10000,GENERAL OPERATING,990-PF,41.947196544296,-87.697970710436,sited
The Siragusa Family Foundation,2022,UNITED NEGRO COLLEGE FUND,105 W ADAMS STREET SUITE 2400,CHICAGO,IL,60603,20000,SCHOLARSHIPS,990-PF,41.879355850538,-87.631003553079,intermediary_or_citywide
The Siragusa Family Foundation,2022,UNITING VOICES CHICAGO -(FORMERLY CHICAGO CHILDREN'S CHOIR),78 E WASHINGTON ST 5TH FLOOR,CHICAGO,IL,60602,10000,CHICAGO CHILDREN'S CHOIR'S PILSEN/LITTLE VILLAGE NEIGHBORHOOD CHOIR,990-PF,41.883277440933,-87.625067547676,sited
The Siragusa Family Foundation,2022,URBAN GATEWAYS,1637 N ASHLAND AVE STE 1,CHICAGO,IL,60622,10000,GENERAL OPERATING,990-PF,41.911644414176,-87.667642532624,sited
The Siragusa Family Foundation,2022,USO OF ILLINOIS,333 N MICHIGAN AVE STE 2226,CHICAGO,IL,60601,10000,GENERAL OPERATING,990-PF,41.887717519044,-87.624478897778,sited
The Siragusa Family Foundation,2022,WEST POINT SCHOOL OF MUSIC,7411 S STONEY ISLAND AVE,CHICAGO,IL,60649,20000,GENERAL OPERATING,990-PF,41.76034763306,-87.585697384409,sited
The Siragusa Family Foundation,2022,YMCA OF METROPOLITAN CHICAGO,1030 WEST VAN BUREN,CHICAGO,IL,60607,10000,SAFE COMMUNITIES,990-PF,41.876644443627,-87.653069961149,sited
The Siragusa Family Foundation,2023,3ARTS INC,200 W MADISON STREET FL 3,CHICAGO,IL,60601,10500,MAKE A WAVE FUND AND GENERAL OPERATING,990-PF,41.881999441643,-87.633899204958,sited
The Siragusa Family Foundation,2023,A SAFE HAVEN FOUNDATION,2750 WEST ROOSEVELT ROAD,CHICAGO,IL,60608,15000,CENTER FOR WORKFORCE DEVELOPMENT,990-PF,41.866577776519,-87.695317903688,sited
The Siragusa Family Foundation,2023,ADLER PLANETARIUM,1300 SOUTH LAKE SHORE DRIVE,CHICAGO,IL,60605,10000,ADLER TEEN LEADERS ADVANCING STEM PROGRAM AND GENERAL OPERATING,990-PF,41.866443548114,-87.613933402484,intermediary_or_citywide
The Siragusa Family Foundation,2023,ALBANY PARK THEATER PROJECT,PO BOX 25072,CHICAGO,IL,60625,10000,GENERAL OPERATING,990-PF,,,intermediary_or_citywide
The Siragusa Family Foundation,2023,ALLIANCE FOR THE GREAT LAKES,150 N MICHIGAN AVENUE SUITE 700,CHICAGO,IL,60601,5000,EDUCATION PROGRAMS,990-PF,41.884931224143,-87.624552861651,sited
The Siragusa Family Foundation,2023,ALTERNATIVES INCORPORATED,5700 S PRARIE AVE,CHICAGO,IL,60637,10000,GENERAL OPERATING,990-PF,41.791064832766,-87.619205199257,sited
The Siragusa Family Foundation,2023,ART INSTITUTE OF CHICAGO,111 SOUTH MICHIGAN AVENUE,CHICAGO,IL,60603,10000,TEACHING EXPERIENCES AT THE ART MUSEUM (TEAM),990-PF,41.880649213362,-87.624171570115,sited
The Siragusa Family Foundation,2023,ASSOCIATED COLLEGES OF ILLINOIS,70 EAST LAKE ST SUITE 418,CHICAGO,IL,60601,10000,PEER MENTORING PROGRAM,990-PF,41.885782775355,-87.625858436593,sited
The Siragusa Family Foundation,2023,BIG SHOULDERS FUND,212 W VAN BUREN SUITE 900,CHICAGO,IL,60607,10000,EMERGENCY SCHOLARSHIP FUND,990-PF,41.876900811278,-87.633848353417,intermediary_or_citywide
The Siragusa Family Foundation,2023,BOTTOM LINE,200 N LASALLE ST 2175,CHICAGO,IL,60601,10000,GENERAL OPERATING SUPPORT FOR BOTTOM LINE CHICAGO,990-PF,41.885796837609,-87.632526709602,sited
The Siragusa Family Foundation,2023,BRAVEN INC,100 N LASALLE ST STE 310,CHICAGO,IL,60602,10000,GENERAL OPERATING,990-PF,41.883268441347,-87.632486206776,sited
The Siragusa Family Foundation,2023,BUILD,5100 WEST HARRISON STREET,CHICAGO,IL,60644,15000,RESTORATIVE JUSTICE & INTERVENTION INITIATIVE,990-PF,41.873024143845,-87.753359136798,sited
The Siragusa Family Foundation,2023,CARA COLLECTIVE,237 S DESPLAINES,CHICAGO,IL,60661,10000,GENERAL OPERATING,990-PF,41.879011277991,-87.643957283452,sited
The Siragusa Family Foundation,2023,CENTER FOR CHANGING LIVES,1955 N ST LOUIS 101,CHICAGO,IL,60647,10000,GENERAL OPERATING,990-PF,41.916858757777,-87.713443469391,sited
The Siragusa Family Foundation,2023,CHICAGO CARES,1200 W 35TH ST UNIT 302,CHICAGO,IL,60609,10000,GENERAL OPERATING,990-PF,41.830680444473,-87.655806470223,sited
The Siragusa Family Foundation,2023,CHICAGO HIGH SCHOOL FOR THE ARTS FOUNDATION,PO BOX 772076,CHICAGO,IL,60677,10000,STUDENT ASSISTANCE FUND,990-PF,,,intermediary_or_citywide
The Siragusa Family Foundation,2023,CHICAGO OPERA THEATER,PO BOX 180120,CHICAGO,IL,60618,10000,OPERA FOR ALL PROGRAM,990-PF,,,intermediary_or_citywide
The Siragusa Family Foundation,2023,CHICAGO SINFONIETTA,70 EAST LAKE STREET SUITE 1430,CHICAGO,IL,60601,10000,AUDIENCE ENGAGEMENT FOR UNDESERVED AUDIENCES IN CHICAGO,990-PF,41.885782775355,-87.625858436593,sited
The Siragusa Family Foundation,2023,CHICAGO WOMEN IN PHILANTHROPY,400 E RANDOLPH ST 2305,CHICAGO,IL,60601,1000,WOMEN'S MENTORING AND LEADERSHIP PROGRAM,990-PF,41.884601677652,-87.616570492729,sited
The Siragusa Family Foundation,2023,CHILDREN'S HOME & AID SOCIETY,200 W MONROE STREET STE 2100,CHICAGO,IL,60606,10000,ENGLEWOOD EARLY HEAD START,990-PF,41.880719814776,-87.633880215174,sited
The Siragusa Family Foundation,2023,CHILDREN'S HOSPITAL OF CHICAGO FOUNDATION,225 EAST CHICAGO AVENUE,CHICAGO,IL,60611,15000,CENTER FOR CHILDHOOD RESILIENCE,990-PF,41.896693751301,-87.622923905467,intermediary_or_citywide
The Siragusa Family Foundation,2023,COLLEGE POSSIBLE,833 N ORLEANS ST STE 400,CHICAGO,IL,60610,10000,GENERAL OPERATING,990-PF,41.898105408764,-87.637152976878,sited
The Siragusa Family Foundation,2023,COMMUNITIES IN SCHOOLS (CIS),815 W VAN BUREN ST SUITE 300,CHICAGO,IL,60607,10000,GENERAL OPERATING,990-PF,41.876603022207,-87.648075570713,sited
The Siragusa Family Foundation,2023,CONNECTIONS FOR ABUSED WOMEN & THEIR CHILDREN,1116 N KEDZIE 5TH FLOOR,CHICAGO,IL,60651,10000,GENERAL OPERATING,990-PF,41.901809739887,-87.706833683051,sited
The Siragusa Family Foundation,2023,ERIE FAMILY HEALTH CENTER,1701 W SUPERIOR 3RD FLOOR,CHICAGO,IL,60622,10000,WESTSIDE H3: HEALTHY MINDS. HEALTHY CHILDREN. HEALTHY CHICAGO,990-PF,41.89505944276,-87.669771270814,sited
The Siragusa Family Foundation,2023,FAMILY FOCUS,5467 S UNIVERSITY AVE,CHICAGO,IL,60615,10000,ENGLEWOOD FAMILY SUPPORT SERVICES,990-PF,41.796166161439,-87.598028161796,sited
The Siragusa Family Foundation,2023,FOREFRONT,200 W MADISON AVE 2ND FLOOR,CHICAGO,IL,60606,2135,GENERAL OPERATING,990-PF,41.881999441643,-87.633899204958,intermediary_or_citywide
The Siragusa Family Foundation,2023,FRIENDS OF THE CHICAGO RIVER,411 SOUTH WELLS STREET SUITE 800,CHICAGO,IL,60607,7500,ADOPT-A-RIVER: RIVER VOLUNTEER STEWARDSHIP PROGRAM (RSVP),990-PF,41.876686085723,-87.633613034309,sited
The Siragusa Family Foundation,2023,GOODMAN THEATRE,170 NORTH DEARBORN STREET,CHICAGO,IL,60601,10000,TEACHING ARTIST PROGRAM,990-PF,41.885165897733,-87.629554228101,sited
The Siragusa Family Foundation,2023,GROWING HOME,6429 S HONORE ST,CHICAGO,IL,60636,10000,GENERAL OPERATING,990-PF,41.777026302633,-87.670154870847,sited
The Siragusa Family Foundation,2023,HARRIS THEATER FOR MUSIC AND DANCE,205 EAST RANDOLPH DR,CHICAGO,IL,60601,10000,ACCESS TICKETS PROGRAM,990-PF,41.884225378761,-87.622769087728,sited
The Siragusa Family Foundation,2023,HOWARD BROWN HEALTH,PO BOX 13500,CHICAGO,IL,60613,20000,BROADWAY YOUTH CENTER (BYC),990-PF,,,intermediary_or_citywide
The Siragusa Family Foundation,2023,HUBBARD STREET DANCE THEATER,1658 MILWAUKEE AVE 100-15838,CHICAGO,IL,60647,10000,"EDUCATION, YOUTH AND COMMUNITY PROGRAMS",990-PF,,,intermediary_or_citywide
The Siragusa Family Foundation,2023,INFANT WELFARE SOCIETY OF CHICAGO,3600 WEST FULLERTON,CHICAGO,IL,60647,10000,CHILD-CENTERED HEALTH AND ADVANCED THERAPIES (CHAT) PROGRAM,990-PF,41.924659438972,-87.717072727636,sited
The Siragusa Family Foundation,2023,INGENUITY INCORPORATED,440 N WELLS ST STE 505,CHICAGO,IL,60654,10000,CREATIVE SCHOOLS INITIATIVE AND INGENUITY INSTITUTES,990-PF,41.890170853726,-87.634111271441,sited
The Siragusa Family Foundation,2023,INSPIRATION CORPORATION,4554 N BROADWAY SUITE 207,CHICAGO,IL,60640,10000,FOODSERVICE TRAINING AND EMPLOYMENT SERVICES,990-PF,41.964552431543,-87.657020755639,sited
The Siragusa Family Foundation,2023,JOHN G SHEDD AQUARIUM,1200 S DUSABLE LAKE SHORE DRIVE,CHICAGO,IL,60605,10000,GENERAL LEARNING PROGRAM,990-PF,,,intermediary_or_citywide
The Siragusa Family Foundation,2023,JOSEPHINUM ACADEMY,1501 N OAKLEY BLVD,CHICAGO,IL,60622,5000,SCHOLARSHIP PROGRAM,990-PF,41.908585439915,-87.684658242585,sited
The Siragusa Family Foundation,2023,JUVENILE PROTECTIVE ASSOCIATION,1707 NORTH HALSTED STREET,CHICAGO,IL,60614,10000,CONNECT TO KIDS PROGRAM,990-PF,41.912694786583,-87.648250143667,sited
The Siragusa Family Foundation,2023,LINCOLN PARK ZOO,2001 NORTH CLARK STREET,CHICAGO,IL,60614,10000,EDUCATION DEPARTMENT PROGRAMS,990-PF,41.91854925312,-87.636079895114,sited
The Siragusa Family Foundation,2023,LITTLE BROTHERS FRIENDS OF THE ELDERLY,355 NORTH ASHLAND AVENUE,CHICAGO,IL,60607,5000,GENERAL OPERATING,990-PF,41.88795842367,-87.666978647848,sited
The Siragusa Family Foundation,2023,LOOKINGGLASS THEATRE COMPANY,3320 W FOSTER AVE 102,CHICAGO,IL,60625,10000,GENERAL OPERATING,990-PF,41.975763740538,-87.711904198011,sited
The Siragusa Family Foundation,2023,LOYOLA UNIVERSITY OF CHICAGO,WATER TOWER CAMPUS 820 N MICHIGAN,CHICAGO,IL,60611,20000,S.T.A.R.S MENTORING PROGRAM (STUDENTS TOGETHER ARE REACHING SUCCESS),990-PF,,,intermediary_or_citywide
The Siragusa Family Foundation,2023,LYRIC OPERA OF CHICAGO,20 NORTH WACKER DRIVE SUITE 860,CHICAGO,IL,60606,10000,LYRIC UNLIMITED,990-PF,41.882191369239,-87.637100009791,sited
The Siragusa Family Foundation,2023,MARILLAC ST VINCENT FAMILY SERVICES INC,2145 N HALSTED,CHICAGO,IL,60614,10000,GENERAL OPERATING,990-PF,41.920821627759,-87.648525042293,intermediary_or_citywide
The Siragusa Family Foundation,2023,MARWEN,833 NORTH ORLEANS STREET,CHICAGO,IL,60610,10000,COLLEGE AND CAREER PROGRAMS,990-PF,41.898105408764,-87.637152976878,sited
The Siragusa Family Foundation,2023,MERIT SCHOOL OF MUSIC,JOY FAITH KNAPP MUSIC CENTER 38,CHICAGO,IL,60607,10000,SCHOLARSHIPS,990-PF,,,intermediary_or_citywide
The Siragusa Family Foundation,2023,METROPOLITAN FAMILY SERVICES,101 N WACKER DR 17TH FLOOR,CHICAGO,IL,60606,10000,COMM. PARTNERING 4 PEACE,990-PF,41.883259441584,-87.636719789755,sited
The Siragusa Family Foundation,2023,MIDTOWN EDUCATIONAL FOUNDATION,718 SOUTH LOOMIS STREET,CHICAGO,IL,60607,10000,GENERAL OPERATING,990-PF,41.87287489207,-87.661824873789,intermediary_or_citywide
The Siragusa Family Foundation,2023,MIKVA CHALLENGE,200 S MICHIGAN AVE STE 1000,CHICAGO,IL,60604,10000,GENERAL OPERATING,990-PF,41.879498661338,-87.624506074574,sited
The Siragusa Family Foundation,2023,MUSEUM OF CONTEMPORARY ART,220 E CHICAGO AVENUE,CHICAGO,IL,60611,10000,S.P.A.C.E. PROGRAM,990-PF,41.896824755958,-87.621756021322,intermediary_or_citywide
The Siragusa Family Foundation,2023,NEWBERRY LIBRARY,60 WEST WALTON STREET,CHICAGO,IL,60610,10000,K-12 TEACHER PROGRAM,990-PF,41.899859574468,-87.630394134617,sited
The Siragusa Family Foundation,2023,NEWROOT LEARNING INSTITUTE,910 W VAN BUREN STREET SUITE 710,CHICAGO,IL,60607,10000,GENERAL OPERATING,990-PF,41.876689443447,-87.649972392414,sited
The Siragusa Family Foundation,2023,NORTHWESTERN MEMORIAL FOUNDATION,541 N FAIRBANKS CT STE 800,CHICAGO,IL,60611,15000,TRANSITIONAL CARE CLINIC,990-PF,41.89214113481,-87.620164916817,intermediary_or_citywide
The Siragusa Family Foundation,2023,NORTHWESTERN UNIVERSITY SETTLEMENT ASSOC,1400 W AUGUSTA BLVD,CHICAGO,IL,60642,7500,GENERAL OPERATING,990-PF,41.89983591904,-87.663182706881,intermediary_or_citywide
The Siragusa Family Foundation,2023,ONE MILLION DEGREES,180 N WABASH STE 310,CHICAGO,IL,60601,10000,GENERAL OPERATING,990-PF,41.885383955464,-87.626340906809,sited
The Siragusa Family Foundation,2023,ONEGOAL,180 N WABASH AVE STE 800,CHICAGO,IL,60601,10000,GENERAL OPERATING,990-PF,41.885383955464,-87.626340906809,sited
The Siragusa Family Foundation,2023,OPENLANDS,25 E WASHINGTON ST SUITE 1650,CHICAGO,IL,60602,10000,GENERAL OPERATING,990-PF,41.883162849634,-87.626490086268,sited
The Siragusa Family Foundation,2023,PARTNERSHIP FOR COLLEGE COMPLETION,200 S MICHIGAN AVE STE 1410,CHICAGO,IL,60604,20000,GENERAL OPERATING,990-PF,41.879498661338,-87.624506074574,intermediary_or_citywide
The Siragusa Family Foundation,2023,PEOPLE'S MUSIC SCHOOL,931 W EASTWOOD AVE,CHICAGO,IL,60640,10000,GENERAL OPERATING,990-PF,41.966335346284,-87.653519089204,sited
The Siragusa Family Foundation,2023,PLAYMAKERS LABORATORY (BARREL OF MONKEYS),PO BOX 408368,CHICAGO,IL,60640,10000,GENERAL OPERATING,990-PF,,,intermediary_or_citywide
The Siragusa Family Foundation,2023,PROJECT EXPLORATION,4511 SOUTH EVANS,CHICAGO,IL,60653,10000,GENERAL OPERATING,990-PF,41.812916125056,-87.608193125248,sited
The Siragusa Family Foundation,2023,PUBLIC ALLIES,180 N MICHIGAN AVE SUITE 1016,CHICAGO,IL,60601,10000,GENERAL OPERATING,990-PF,41.885373782983,-87.624570287649,sited
The Siragusa Family Foundation,2023,ROOSEVELT UNIVERSITY,430 S MICHIGAN AVE,CHICAGO,IL,60605,20000,SCHOLARSHIPS,990-PF,41.876360102818,-87.6244311664,intermediary_or_citywide
The Siragusa Family Foundation,2023,RUSH UNIVERSITY,1201 W HARRISON ST,CHICAGO,IL,60605,20000,NURSING SCHOLARSHIP,990-PF,41.874161615653,-87.657004991389,intermediary_or_citywide
The Siragusa Family Foundation,2023,SAINT ANTHONY HOSPITAL,2875 W 19TH STREET,CHICAGO,IL,60623,500,GENERAL OPERATING,990-PF,41.855464021692,-87.698092618417,intermediary_or_citywide
The Siragusa Family Foundation,2023,SALVATION ARMY,5040 N PULASKI RD,CHICAGO,IL,60630,5000,WONDERLAND CAMP,990-PF,41.97256606672,-87.728228946784,sited
The Siragusa Family Foundation,2023,SCHOOL OF THE ART INSTITUTE OF CHICAGO,116 S MICHIGAN AVE 5TH FLOOR,CHICAGO,IL,60603,20000,SIRAGUSA FOUNDATION CHIARTS SCHOLARSHIP,990-PF,41.880316555091,-87.624513636521,sited
The Siragusa Family Foundation,2023,SILK ROAD RISING,150 N MICHIGAN AVE STE 1970,CHICAGO,IL,60601,10000,GENERAL OPERATING,990-PF,41.884931224143,-87.624552861651,sited
The Siragusa Family Foundation,2023,SIT STAY READ,2849 N CLARK STREET,CHICAGO,IL,60657,10000,GENERAL OPERATING,990-PF,41.934172211362,-87.645903875293,sited
The Siragusa Family Foundation,2023,SKYART,3026 E 91ST,CHICAGO,IL,60617,10000,GENERAL OPERATING,990-PF,41.730142463096,-87.550174318593,sited
The Siragusa Family Foundation,2023,STEPPENWOLF,1700 NORTH HALSTED STREET,CHICAGO,IL,60614,10000,STEPPENWOLF FOR YOUNG ADULTS,990-PF,41.912680158034,-87.648403679637,sited
The Siragusa Family Foundation,2023,THE CHICAGO COMMUNITY TRUST,33 S STATE STREET SUITE 750,CHICAGO,IL,60603,10000,GENERAL OPERATING,990-PF,41.881652198165,-87.627682025192,intermediary_or_citywide
The Siragusa Family Foundation,2023,THE CHICAGO LIGHTHOUSE,1850 WEST ROOSEVELT ROAD,CHICAGO,IL,60608,10000,TRANSITIONAL JOBS PROGRAM,990-PF,41.866924195032,-87.672525512924,sited
The Siragusa Family Foundation,2023,THE FIELD MUSEUM,1400 SOUTH LAKE SHORE DRIVE,CHICAGO,IL,60605,10000,COMMUNITY OUTREACH PROGRAMS,990-PF,41.865006735724,-87.614118889895,intermediary_or_citywide
The Siragusa Family Foundation,2023,THE JOFFREY BALLET OF CHICAGO,10 EAST RANDOLPH STREET,CHICAGO,IL,60601,10000,COMMUNITY ENGAGEMENT,990-PF,41.884546846461,-87.62753189865,sited
The Siragusa Family Foundation,2023,THE NIGHT MINISTRY,1735 N ASHLAND AVE STE 2000,CHICAGO,IL,60622,10000,HEALTH AND OUTREACH MINISTRY,990-PF,41.913146606144,-87.667683335934,sited
The Siragusa Family Foundation,2023,THE UNIVERSITY OF CHICAGO,5235 S HARPER COURT 5TH FLOOR,CHICAGO,IL,60615,20000,SCHOLARSHIPS,990-PF,41.799935726883,-87.588037196681,intermediary_or_citywide
The Siragusa Family Foundation,2023,THRESHOLDS,4101 N RAVENSWOOD AVENUE,CHICAGO,IL,60613,10000,WOMEN VETERAN HEALTH INITIATIVE,990-PF,41.956124486301,-87.673769629094,sited
The Siragusa Family Foundation,2023,TUESDAY'S CHILD CO GORDON TECH HIGH SCHOOL,3633 N CALIFORNIA AVENUE,CHICAGO,IL,60618,10000,GENERAL OPERATING,990-PF,41.947196544296,-87.697970710436,sited
The Siragusa Family Foundation,2023,UNITED NEGRO COLLEGE FUND,105 W ADAMS STREET SUITE 2400,CHICAGO,IL,60603,20000,SCHOLARSHIPS,990-PF,41.879355850538,-87.631003553079,intermediary_or_citywide
The Siragusa Family Foundation,2023,UNITING VOICES CHICAGO -(FORMERLY CHICAGO CHILDREN'S CHOIR),78 E WASHINGTON ST 5TH FLOOR,CHICAGO,IL,60602,10000,CHICAGO CHILDREN'S CHOIR'S PILSEN/LITTLE VILLAGE NEIGHBORHOOD CHOIR,990-PF,41.883277440933,-87.625067547676,sited
The Siragusa Family Foundation,2023,URBAN GATEWAYS,1637 N ASHLAND AVE STE 1,CHICAGO,IL,60622,10000,GENERAL OPERATING,990-PF,41.911644414176,-87.667642532624,sited
The Siragusa Family Foundation,2023,USO OF ILLINOIS,333 N MICHIGAN AVE STE 2226,CHICAGO,IL,60601,10000,GENERAL OPERATING,990-PF,41.887717519044,-87.624478897778,sited
The Siragusa Family Foundation,2023,WEST POINT SCHOOL OF MUSIC,7411 S STONEY ISLAND AVE,CHICAGO,IL,60649,1000,GENERAL OPERATING,990-PF,41.76034763306,-87.585697384409,sited
The Siragusa Family Foundation,2023,YMCA OF METROPOLITAN CHICAGO,1030 WEST VAN BUREN,CHICAGO,IL,60607,10000,SAFE COMMUNITIES,990-PF,41.876644443627,-87.653069961149,sited
The Siragusa Family Foundation,2024,3ARTS INC,200 W MADISON STREET FL 3,CHICAGO,IL,60601,10250,MAKE A WAVE FUND AND GENERAL OPERATING,990-PF,41.881999441643,-87.633899204958,sited
The Siragusa Family Foundation,2024,A SAFE HAVEN FOUNDATION,2750 WEST ROOSEVELT ROAD,CHICAGO,IL,60608,15000,CENTER FOR WORKFORCE DEVELOPMENT,990-PF,41.866577776519,-87.695317903688,sited
The Siragusa Family Foundation,2024,ADLER PLANETARIUM,1300 SOUTH LAKE SHORE DRIVE,CHICAGO,IL,60605,10000,ADLER TEEN LEADERS ADVANCING STEM PROGRAM AND GENERAL OPERATING,990-PF,41.866443548114,-87.613933402484,intermediary_or_citywide
The Siragusa Family Foundation,2024,ALBANY PARK THEATER PROJECT,PO BOX 25072,CHICAGO,IL,60625,10000,GENERAL OPERATING,990-PF,,,intermediary_or_citywide
The Siragusa Family Foundation,2024,ALTERNATIVES INCORPORATED,5700 S PRARIE AVE,CHICAGO,IL,60637,10000,GENERAL OPERATING,990-PF,41.791064832766,-87.619205199257,sited
The Siragusa Family Foundation,2024,ART INSTITUTE OF CHICAGO,111 SOUTH MICHIGAN AVENUE,CHICAGO,IL,60603,10000,TEACHING EXPERIENCES AT THE ART MUSEUM (TEAM),990-PF,41.880649213362,-87.624171570115,sited
The Siragusa Family Foundation,2024,ASSOCIATED COLLEGES OF ILLINOIS,70 EAST LAKE ST SUITE 418,CHICAGO,IL,60601,10000,PEER MENTORING PROGRAM,990-PF,41.885782775355,-87.625858436593,sited
The Siragusa Family Foundation,2024,BIG SHOULDERS FUND,212 W VAN BUREN SUITE 900,CHICAGO,IL,60607,10000,EMERGENCY SCHOLARSHIP FUND,990-PF,41.876900811278,-87.633848353417,intermediary_or_citywide
The Siragusa Family Foundation,2024,BOTTOM LINE,200 N LASALLE ST 2175,CHICAGO,IL,60601,10000,GENERAL OPERATING SUPPORT FOR BOTTOM LINE CHICAGO,990-PF,41.885796837609,-87.632526709602,sited
The Siragusa Family Foundation,2024,BRAVEN INC,100 N LASALLE ST STE 310,CHICAGO,IL,60602,10000,GENERAL OPERATING,990-PF,41.883268441347,-87.632486206776,sited
The Siragusa Family Foundation,2024,BUILD,5100 WEST HARRISON STREET,CHICAGO,IL,60644,15000,RESTORATIVE JUSTICE & INTERVENTION INITIATIVE,990-PF,41.873024143845,-87.753359136798,sited
The Siragusa Family Foundation,2024,CARA COLLECTIVE,237 S DESPLAINES,CHICAGO,IL,60661,10000,GENERAL OPERATING,990-PF,41.879011277991,-87.643957283452,sited
The Siragusa Family Foundation,2024,CENTER FOR CHANGING LIVES,1955 N ST LOUIS 101,CHICAGO,IL,60647,10000,GENERAL OPERATING,990-PF,41.916858757777,-87.713443469391,sited
The Siragusa Family Foundation,2024,CHICAGO CARES,1200 W 35TH ST UNIT 302,CHICAGO,IL,60609,10000,GENERAL OPERATING,990-PF,41.830680444473,-87.655806470223,sited
The Siragusa Family Foundation,2024,CHICAGO HIGH SCHOOL FOR THE ARTS FOUNDATION,PO BOX 772076,CHICAGO,IL,60677,10000,STUDENT ASSISTANCE FUND,990-PF,,,intermediary_or_citywide
The Siragusa Family Foundation,2024,CHICAGO OPERA THEATER,PO BOX 180120,CHICAGO,IL,60618,10000,OPERA FOR ALL PROGRAM,990-PF,,,intermediary_or_citywide
The Siragusa Family Foundation,2024,CHICAGO SINFONIETTA,70 EAST LAKE STREET SUITE 1430,CHICAGO,IL,60601,10000,AUDIENCE ENGAGEMENT FOR UNDESERVED AUDIENCES IN CHICAGO,990-PF,41.885782775355,-87.625858436593,sited
The Siragusa Family Foundation,2024,CHICAGO WOMEN IN PHILANTHROPY,400 E RANDOLPH ST 2305,CHICAGO,IL,60601,1000,WOMEN'S MENTORING AND LEADERSHIP PROGRAM,990-PF,41.884601677652,-87.616570492729,sited
The Siragusa Family Foundation,2024,CHILDREN'S HOME & AID SOCIETY,200 W MONROE STREET STE 2100,CHICAGO,IL,60606,10000,ENGLEWOOD EARLY HEAD START,990-PF,41.880719814776,-87.633880215174,sited
The Siragusa Family Foundation,2024,CHILDREN'S HOSPITAL OF CHICAGO FOUNDATION,225 EAST CHICAGO AVENUE,CHICAGO,IL,60611,15000,CENTER FOR CHILDHOOD RESILIENCE,990-PF,41.896693751301,-87.622923905467,intermediary_or_citywide
The Siragusa Family Foundation,2024,COLLEGE POSSIBLE,833 N ORLEANS ST STE 400,CHICAGO,IL,60610,10000,GENERAL OPERATING,990-PF,41.898105408764,-87.637152976878,sited
The Siragusa Family Foundation,2024,COMMUNITIES IN SCHOOLS (CIS),815 W VAN BUREN ST SUITE 300,CHICAGO,IL,60607,10000,GENERAL OPERATING,990-PF,41.876603022207,-87.648075570713,sited
The Siragusa Family Foundation,2024,CONNECTIONS FOR ABUSED WOMEN & THEIR CHILDREN,1116 N KEDZIE 5TH FLOOR,CHICAGO,IL,60651,10000,GENERAL OPERATING,990-PF,41.901809739887,-87.706833683051,sited
The Siragusa Family Foundation,2024,ERIE FAMILY HEALTH CENTER,1701 W SUPERIOR 3RD FLOOR,CHICAGO,IL,60622,10000,WESTSIDE H3: HEALTHY MINDS. HEALTHY CHILDREN. HEALTHY CHICAGO,990-PF,41.89505944276,-87.669771270814,sited
The Siragusa Family Foundation,2024,FAMILY FOCUS,5467 S UNIVERSITY AVE,CHICAGO,IL,60615,10000,ENGLEWOOD FAMILY SUPPORT SERVICES,990-PF,41.796166161439,-87.598028161796,sited
The Siragusa Family Foundation,2024,FRIENDS OF THE CHICAGO RIVER,411 SOUTH WELLS STREET SUITE 800,CHICAGO,IL,60607,7500,ADOPT-A-RIVER: RIVER VOLUNTEER STEWARDSHIP PROGRAM (RSVP),990-PF,41.876686085723,-87.633613034309,sited
The Siragusa Family Foundation,2024,GOODMAN THEATRE,170 NORTH DEARBORN STREET,CHICAGO,IL,60601,10000,TEACHING ARTIST PROGRAM,990-PF,41.885165897733,-87.629554228101,sited
The Siragusa Family Foundation,2024,GROWING HOME,6429 S HONORE ST,CHICAGO,IL,60636,10000,GENERAL OPERATING,990-PF,41.777026302633,-87.670154870847,sited
The Siragusa Family Foundation,2024,HARRIS THEATER FOR MUSIC AND DANCE,205 EAST RANDOLPH DR,CHICAGO,IL,60601,10000,ACCESS TICKETS PROGRAM,990-PF,41.884225378761,-87.622769087728,sited
The Siragusa Family Foundation,2024,HOWARD BROWN HEALTH,PO BOX 13500,CHICAGO,IL,60613,20000,BROADWAY YOUTH CENTER (BYC),990-PF,,,intermediary_or_citywide
The Siragusa Family Foundation,2024,HUBBARD STREET DANCE THEATER,1658 MILWAUKEE AVE 100-15838,CHICAGO,IL,60647,10000,"EDUCATION, YOUTH AND COMMUNITY PROGRAMS",990-PF,,,intermediary_or_citywide
The Siragusa Family Foundation,2024,INFANT WELFARE SOCIETY OF CHICAGO,3600 WEST FULLERTON,CHICAGO,IL,60647,10000,CHILD-CENTERED HEALTH AND ADVANCED THERAPIES (CHAT) PROGRAM,990-PF,41.924659438972,-87.717072727636,sited
The Siragusa Family Foundation,2024,INGENUITY INCORPORATED,440 N WELLS ST STE 505,CHICAGO,IL,60654,10000,CREATIVE SCHOOLS INITIATIVE AND INGENUITY INSTITUTES,990-PF,41.890170853726,-87.634111271441,sited
The Siragusa Family Foundation,2024,INSPIRATION CORPORATION,4554 N BROADWAY SUITE 207,CHICAGO,IL,60640,10000,FOODSERVICE TRAINING AND EMPLOYMENT SERVICES,990-PF,41.964552431543,-87.657020755639,sited
The Siragusa Family Foundation,2024,JOHN G SHEDD AQUARIUM,1200 S DUSABLE LAKE SHORE DRIVE,CHICAGO,IL,60605,10000,GENERAL LEARNING PROGRAM,990-PF,,,intermediary_or_citywide
The Siragusa Family Foundation,2024,JOSEPHINUM ACADEMY,1501 N OAKLEY BLVD,CHICAGO,IL,60622,5000,SCHOLARSHIP PROGRAM,990-PF,41.908585439915,-87.684658242585,sited
The Siragusa Family Foundation,2024,JUVENILE PROTECTIVE ASSOCIATION,1707 NORTH HALSTED STREET,CHICAGO,IL,60614,10000,CONNECT TO KIDS PROGRAM,990-PF,41.912694786583,-87.648250143667,sited
The Siragusa Family Foundation,2024,LINCOLN PARK ZOO,2001 NORTH CLARK STREET,CHICAGO,IL,60614,10000,EDUCATION DEPARTMENT PROGRAMS,990-PF,41.91854925312,-87.636079895114,sited
The Siragusa Family Foundation,2024,LITTLE BROTHERS FRIENDS OF THE ELDERLY,355 NORTH ASHLAND AVENUE,CHICAGO,IL,60607,5000,GENERAL OPERATING,990-PF,41.88795842367,-87.666978647848,sited
The Siragusa Family Foundation,2024,LOOKINGGLASS THEATRE COMPANY,3320 W FOSTER AVE 102,CHICAGO,IL,60625,10000,GENERAL OPERATING,990-PF,41.975763740538,-87.711904198011,sited
The Siragusa Family Foundation,2024,LOYOLA UNIVERSITY OF CHICAGO,WATER TOWER CAMPUS 820 N MICHIGAN,CHICAGO,IL,60611,20000,S.T.A.R.S MENTORING PROGRAM (STUDENTS TOGETHER ARE REACHING SUCCESS),990-PF,,,intermediary_or_citywide
The Siragusa Family Foundation,2024,LYRIC OPERA OF CHICAGO,20 NORTH WACKER DRIVE SUITE 860,CHICAGO,IL,60606,10000,LYRIC UNLIMITED,990-PF,41.882191369239,-87.637100009791,sited
The Siragusa Family Foundation,2024,MARILLAC ST VINCENT FAMILY SERVICES INC,2145 N HALSTED,CHICAGO,IL,60614,5000,GENERAL OPERATING,990-PF,41.920821627759,-87.648525042293,intermediary_or_citywide
The Siragusa Family Foundation,2024,MARWEN,833 NORTH ORLEANS STREET,CHICAGO,IL,60610,10000,COLLEGE AND CAREER PROGRAMS,990-PF,41.898105408764,-87.637152976878,sited
The Siragusa Family Foundation,2024,MERIT SCHOOL OF MUSIC,JOY FAITH KNAPP MUSIC CENTER 38,CHICAGO,IL,60607,10000,SCHOLARSHIPS,990-PF,,,intermediary_or_citywide
The Siragusa Family Foundation,2024,METROPOLITAN FAMILY SERVICES,101 N WACKER DR 17TH FLOOR,CHICAGO,IL,60606,10000,COMM. PARTNERING 4 PEACE,990-PF,41.883259441584,-87.636719789755,sited
The Siragusa Family Foundation,2024,MIDTOWN EDUCATIONAL FOUNDATION,718 SOUTH LOOMIS STREET,CHICAGO,IL,60607,10000,GENERAL OPERATING,990-PF,41.87287489207,-87.661824873789,intermediary_or_citywide
The Siragusa Family Foundation,2024,MIKVA CHALLENGE,200 S MICHIGAN AVE STE 1000,CHICAGO,IL,60604,10000,GENERAL OPERATING,990-PF,41.879498661338,-87.624506074574,sited
The Siragusa Family Foundation,2024,NEWBERRY LIBRARY,60 WEST WALTON STREET,CHICAGO,IL,60610,10000,K-12 TEACHER PROGRAM,990-PF,41.899859574468,-87.630394134617,sited
The Siragusa Family Foundation,2024,NEWROOT LEARNING INSTITUTE,910 W VAN BUREN STREET SUITE 710,CHICAGO,IL,60607,10000,GENERAL OPERATING,990-PF,41.876689443447,-87.649972392414,sited
The Siragusa Family Foundation,2024,NORTHWESTERN MEMORIAL FOUNDATION,541 N FAIRBANKS CT STE 800,CHICAGO,IL,60611,15000,TRANSITIONAL CARE CLINIC,990-PF,41.89214113481,-87.620164916817,intermediary_or_citywide
The Siragusa Family Foundation,2024,NORTHWESTERN UNIVERSITY SETTLEMENT ASSOC,1400 W AUGUSTA BLVD,CHICAGO,IL,60642,7500,GENERAL OPERATING,990-PF,41.89983591904,-87.663182706881,intermediary_or_citywide
The Siragusa Family Foundation,2024,ONE MILLION DEGREES,180 N WABASH STE 310,CHICAGO,IL,60601,10000,GENERAL OPERATING,990-PF,41.885383955464,-87.626340906809,sited
The Siragusa Family Foundation,2024,ONEGOAL,180 N WABASH AVE STE 800,CHICAGO,IL,60601,10000,GENERAL OPERATING,990-PF,41.885383955464,-87.626340906809,sited
The Siragusa Family Foundation,2024,OPENLANDS,25 E WASHINGTON ST SUITE 1650,CHICAGO,IL,60602,10000,GENERAL OPERATING,990-PF,41.883162849634,-87.626490086268,sited
The Siragusa Family Foundation,2024,PARTNERSHIP FOR COLLEGE COMPLETION,200 S MICHIGAN AVE STE 1410,CHICAGO,IL,60604,20000,GENERAL OPERATING,990-PF,41.879498661338,-87.624506074574,intermediary_or_citywide
The Siragusa Family Foundation,2024,PEOPLE'S MUSIC SCHOOL,931 W EASTWOOD AVE,CHICAGO,IL,60640,10000,GENERAL OPERATING,990-PF,41.966335346284,-87.653519089204,sited
The Siragusa Family Foundation,2024,PLAYMAKERS LABORATORY (BARREL OF MONKEYS),PO BOX 408368,CHICAGO,IL,60640,10000,GENERAL OPERATING,990-PF,,,intermediary_or_citywide
The Siragusa Family Foundation,2024,PROJECT EXPLORATION,4511 SOUTH EVANS,CHICAGO,IL,60653,10000,GENERAL OPERATING,990-PF,41.812916125056,-87.608193125248,sited
The Siragusa Family Foundation,2024,PUBLIC ALLIES,180 N MICHIGAN AVE SUITE 1016,CHICAGO,IL,60601,10000,GENERAL OPERATING,990-PF,41.885373782983,-87.624570287649,sited
The Siragusa Family Foundation,2024,ROOSEVELT UNIVERSITY,430 S MICHIGAN AVE,CHICAGO,IL,60605,20000,SCHOLARSHIPS,990-PF,41.876360102818,-87.6244311664,intermediary_or_citywide
The Siragusa Family Foundation,2024,RUSH UNIVERSITY,1201 W HARRISON ST,CHICAGO,IL,60605,20000,NURSING SCHOLARSHIP,990-PF,41.874161615653,-87.657004991389,intermediary_or_citywide
The Siragusa Family Foundation,2024,SALVATION ARMY,5040 N PULASKI RD,CHICAGO,IL,60630,5000,WONDERLAND CAMP,990-PF,41.97256606672,-87.728228946784,sited
The Siragusa Family Foundation,2024,SCHOOL OF THE ART INSTITUTE OF CHICAGO,116 S MICHIGAN AVE 5TH FLOOR,CHICAGO,IL,60603,20000,SIRAGUSA FOUNDATION CHIARTS SCHOLARSHIP,990-PF,41.880316555091,-87.624513636521,sited
The Siragusa Family Foundation,2024,SILK ROAD RISING,150 N MICHIGAN AVE STE 1970,CHICAGO,IL,60601,10000,GENERAL OPERATING,990-PF,41.884931224143,-87.624552861651,sited
The Siragusa Family Foundation,2024,SIT STAY READ,2849 N CLARK STREET,CHICAGO,IL,60657,10000,GENERAL OPERATING,990-PF,41.934172211362,-87.645903875293,sited
The Siragusa Family Foundation,2024,SKYART,3026 E 91ST,CHICAGO,IL,60617,10000,GENERAL OPERATING,990-PF,41.730142463096,-87.550174318593,sited
The Siragusa Family Foundation,2024,STEPPENWOLF,1700 NORTH HALSTED STREET,CHICAGO,IL,60614,10000,STEPPENWOLF FOR YOUNG ADULTS,990-PF,41.912680158034,-87.648403679637,sited
The Siragusa Family Foundation,2024,THE CHICAGO COMMUNITY TRUST,33 S STATE STREET SUITE 750,CHICAGO,IL,60603,10000,GENERAL OPERATING,990-PF,41.881652198165,-87.627682025192,intermediary_or_citywide
The Siragusa Family Foundation,2024,THE CHICAGO LIGHTHOUSE,1850 WEST ROOSEVELT ROAD,CHICAGO,IL,60608,10000,TRANSITIONAL JOBS PROGRAM,990-PF,41.866924195032,-87.672525512924,sited
The Siragusa Family Foundation,2024,THE FIELD MUSEUM,1400 SOUTH LAKE SHORE DRIVE,CHICAGO,IL,60605,10000,COMMUNITY OUTREACH PROGRAMS,990-PF,41.865006735724,-87.614118889895,intermediary_or_citywide
The Siragusa Family Foundation,2024,THE JOFFREY BALLET OF CHICAGO,10 EAST RANDOLPH STREET,CHICAGO,IL,60601,10000,COMMUNITY ENGAGEMENT,990-PF,41.884546846461,-87.62753189865,sited
The Siragusa Family Foundation,2024,THE NIGHT MINISTRY,1735 N ASHLAND AVE STE 2000,CHICAGO,IL,60622,10000,HEALTH AND OUTREACH MINISTRY,990-PF,41.913146606144,-87.667683335934,sited
The Siragusa Family Foundation,2024,THE UNIVERSITY OF CHICAGO,5235 S HARPER COURT 5TH FLOOR,CHICAGO,IL,60615,10000,SCHOLARSHIPS,990-PF,41.799935726883,-87.588037196681,intermediary_or_citywide
The Siragusa Family Foundation,2024,THRESHOLDS,4101 N RAVENSWOOD AVENUE,CHICAGO,IL,60613,10000,WOMEN VETERAN HEALTH INITIATIVE,990-PF,41.956124486301,-87.673769629094,sited
The Siragusa Family Foundation,2024,TUESDAY'S CHILD CO GORDON TECH HIGH SCHOOL,3633 N CALIFORNIA AVENUE,CHICAGO,IL,60618,10000,GENERAL OPERATING,990-PF,41.947196544296,-87.697970710436,sited
The Siragusa Family Foundation,2024,UNITED NEGRO COLLEGE FUND,105 W ADAMS STREET SUITE 2400,CHICAGO,IL,60603,20000,SCHOLARSHIPS,990-PF,41.879355850538,-87.631003553079,intermediary_or_citywide
The Siragusa Family Foundation,2024,UNITING VOICES CHICAGO -(FORMERLY CHICAGO CHILDREN'S CHOIR),78 E WASHINGTON ST 5TH FLOOR,CHICAGO,IL,60602,10000,CHICAGO CHILDREN'S CHOIR'S PILSEN/LITTLE VILLAGE NEIGHBORHOOD CHOIR,990-PF,41.883277440933,-87.625067547676,sited
The Siragusa Family Foundation,2024,URBAN GATEWAYS,1637 N ASHLAND AVE STE 1,CHICAGO,IL,60622,10000,GENERAL OPERATING,990-PF,41.911644414176,-87.667642532624,sited
The Siragusa Family Foundation,2024,USO OF ILLINOIS,333 N MICHIGAN AVE STE 2226,CHICAGO,IL,60601,10000,GENERAL OPERATING,990-PF,41.887717519044,-87.624478897778,sited
The Siragusa Family Foundation,2024,WEST POINT SCHOOL OF MUSIC,7411 S STONEY ISLAND AVE,CHICAGO,IL,60649,10000,GENERAL OPERATING,990-PF,41.76034763306,-87.585697384409,sited
The Siragusa Family Foundation,2024,YMCA OF METROPOLITAN CHICAGO,1030 WEST VAN BUREN,CHICAGO,IL,60607,10000,SAFE COMMUNITIES,990-PF,41.876644443627,-87.653069961149,sited
Regenstein Foundation,2021,ANN & ROBERT H LURIE CHILDREN'S HOSPITAL,OF CHICAGO,CHICAGO,IL,60611,2025000,OPERATIONAL SUPPORT,990-PF,,,intermediary_or_citywide
Regenstein Foundation,2021,FIELD MUSEUM,1400 S LAKE SHORE DR,CHICAGO,IL,60605,75000,OPERATIONAL SUPPORT,990-PF,41.865006735724,-87.614118889895,intermediary_or_citywide
Regenstein Foundation,2021,GREATER CHICAGO FOOD DEPOSITORY,4100 W ANN LURIE PLACE,CHICAGO,IL,60632,50000,OPERATIONAL SUPPORT,990-PF,,,intermediary_or_citywide
Regenstein Foundation,2021,LINCOLN PARK ZOO,PO BOX 14903 CANNON DRIVE AT FULL,CHICAGO,IL,60614,2065000,OPERATIONAL SUPPORT,990-PF,,,intermediary_or_citywide
Regenstein Foundation,2021,MILLENNIUM PARK FOUNDATION,201 E RANDOLPH ST,CHICAGO,IL,60601,10000,OPERATIONAL SUPPORT,990-PF,41.884289409363,-87.623854519313,intermediary_or_citywide
Regenstein Foundation,2021,NORTHWESTERN MEMORIAL FOUNDATION,676 CLAIR STREET STE 2080,CHICAGO,IL,60611,1030000,OPERATIONAL SUPPORT,990-PF,41.894574076824,-87.622822875376,intermediary_or_citywide
Regenstein Foundation,2021,RUSH UNIVERSITY MEDICAL CENTER,1725 WEST HARRISON STE 364,CHICAGO,IL,60612,1025000,OPERATIONAL SUPPORT,990-PF,41.874073003519,-87.670180897281,intermediary_or_citywide
Regenstein Foundation,2021,SHEDD AQUARIUM,1200 SOUTH LAKE SHORE DRIVE,CHICAGO,IL,60605,10000,OPERATIONAL SUPPORT,990-PF,41.866476458506,-87.613814359169,sited
Regenstein Foundation,2021,ART INSTITUTE OF CHICAGO,111 S MICHIGAN AVE,CHICAGO,IL,60603,25000,OPERATIONAL SUPPORT,990-PF,41.880649213362,-87.624171570115,sited
Regenstein Foundation,2021,SHIRLEY RYAN ABILITY LAB,355 EAST ERIE,CHICAGO,IL,60611,2135000,OPERATIONAL SUPPORT,990-PF,41.894168660526,-87.619125924909,sited
Regenstein Foundation,2021,CHICAGO SYMPHONY ORCHESTRA,220 S MICHIGAN AVE,CHICAGO,IL,60604,50000,OPERATIONAL SUPPORT,990-PF,41.879261225909,-87.624499386276,sited
Regenstein Foundation,2021,UNIVERSITY OF ILLINOIS,1200 W HARRISON ST,CHICAGO,IL,60607,25000,OPERATIONAL SUPPORT,990-PF,41.874276179726,-87.657008351176,intermediary_or_citywide
Regenstein Foundation,2021,VANDER COOK COLLEGE OF MUSIC,3140 S FEDERAL STREET,CHICAGO,IL,60616,4500,OPERATIONAL SUPPORT,990-PF,41.840532048682,-87.629138618525,intermediary_or_citywide
Regenstein Foundation,2022,ANN & ROBERT H LURIE CHILDREN'S HOSPITAL,OF CHICAGO,CHICAGO,IL,60611,25000,OPERATIONAL SUPPORT,990-PF,,,intermediary_or_citywide
Regenstein Foundation,2022,FIELD MUSEUM,1400 S LAKE SHORE DR,CHICAGO,IL,60605,75000,OPERATIONAL SUPPORT,990-PF,41.865006735724,-87.614118889895,intermediary_or_citywide
Regenstein Foundation,2022,GREATER CHICAGO FOOD DEPOSITORY,4100 W ANN LURIE PLACE,CHICAGO,IL,60632,50000,OPERATIONAL SUPPORT,990-PF,,,intermediary_or_citywide
Regenstein Foundation,2022,LINCOLN PARK ZOO,PO BOX 14903 CANNON DRIVE AT FULL,CHICAGO,IL,60614,65000,OPERATIONAL SUPPORT,990-PF,,,intermediary_or_citywide
Regenstein Foundation,2022,MILLENNIUM PARK FOUNDATION,201 E RANDOLPH ST,CHICAGO,IL,60601,10000,OPERATIONAL SUPPORT,990-PF,41.884289409363,-87.623854519313,intermediary_or_citywide
Regenstein Foundation,2022,NORTHWESTERN MEMORIAL FOUNDATION,676 CLAIR STREET STE 2080,CHICAGO,IL,60611,30000,OPERATIONAL SUPPORT,990-PF,41.894574076824,-87.622822875376,intermediary_or_citywide
Regenstein Foundation,2022,RUSH UNIVERSITY MEDICAL CENTER,1725 WEST HARRISON STE 364,CHICAGO,IL,60612,1025000,OPERATIONAL SUPPORT,990-PF,41.874073003519,-87.670180897281,intermediary_or_citywide
Regenstein Foundation,2022,SHEDD AQUARIUM,1200 SOUTH LAKE SHORE DRIVE,CHICAGO,IL,60605,1510000,OPERATIONAL SUPPORT,990-PF,41.866476458506,-87.613814359169,sited
Regenstein Foundation,2022,ART INSTITUTE OF CHICAGO,111 S MICHIGAN AVE,CHICAGO,IL,60603,25000,OPERATIONAL SUPPORT,990-PF,41.880649213362,-87.624171570115,sited
Regenstein Foundation,2022,SHIRLEY RYAN ABILITY LAB,355 EAST ERIE,CHICAGO,IL,60611,35000,OPERATIONAL SUPPORT,990-PF,41.894168660526,-87.619125924909,sited
Regenstein Foundation,2022,CHICAGO SYMPHONY ORCHESTRA,220 S MICHIGAN AVE,CHICAGO,IL,60604,25000,OPERATIONAL SUPPORT,990-PF,41.879261225909,-87.624499386276,sited
Regenstein Foundation,2022,UNIVERISTY OF ILLINOIS,1200 W HARRISON ST,CHICAGO,IL,60607,20000,OPERATIONAL SUPPORT,990-PF,41.874276179726,-87.657008351176,sited
Regenstein Foundation,2022,VANDER COOK COLLEGE OF MUSIC,3140 S FEDERAL STREET,CHICAGO,IL,60616,4500,OPERATIONAL SUPPORT,990-PF,41.840532048682,-87.629138618525,intermediary_or_citywide
Regenstein Foundation,2022,University of Chicago,5801 S Ellis Ave,CHICAGO,IL,60637,20000,OPERATIONAL SUPPORT,990-PF,41.789553508174,-87.601183264568,sited
Regenstein Foundation,2023,ANN & ROBERT H LURIE CHILDREN'S HOSPITAL,OF CHICAGO,CHICAGO,IL,60611,1070000,OPERATIONAL SUPPORT,990-PF,,,intermediary_or_citywide
Regenstein Foundation,2023,GREATER CHICAGO FOOD DEPOSITORY,4100 W ANN LURIE PLACE,CHICAGO,IL,60632,25000,OPERATIONAL SUPPORT,990-PF,,,intermediary_or_citywide
Regenstein Foundation,2023,LINCOLN PARK ZOO,PO BOX 14903 CANNON DRIVE AT FULL,CHICAGO,IL,60614,1112000,OPERATIONAL SUPPORT,990-PF,,,intermediary_or_citywide
Regenstein Foundation,2023,MILLENNIUM PARK FOUNDATION,201 E RANDOLPH ST,CHICAGO,IL,60601,10000,OPERATIONAL SUPPORT,990-PF,41.884289409363,-87.623854519313,intermediary_or_citywide
Regenstein Foundation,2023,NORTHWESTERN MEMORIAL FOUNDATION,676 CLAIR STREET STE 2080,CHICAGO,IL,60611,550000,OPERATIONAL SUPPORT,990-PF,41.894574076824,-87.622822875376,intermediary_or_citywide
Regenstein Foundation,2023,RUSH UNIVERSITY MEDICAL CENTER,1725 WEST HARRISON STE 364,CHICAGO,IL,60612,1035000,OPERATIONAL SUPPORT,990-PF,41.874073003519,-87.670180897281,intermediary_or_citywide
Regenstein Foundation,2023,SHEDD AQUARIUM,1200 SOUTH LAKE SHORE DRIVE,CHICAGO,IL,60605,1010000,OPERATIONAL SUPPORT,990-PF,41.866476458506,-87.613814359169,sited
Regenstein Foundation,2023,ART INSTITUTE OF CHICAGO,111 S MICHIGAN AVE,CHICAGO,IL,60603,25000,OPERATIONAL SUPPORT,990-PF,41.880649213362,-87.624171570115,sited
Regenstein Foundation,2023,SHIRLEY RYAN ABILITY LAB,355 EAST ERIE,CHICAGO,IL,60611,555000,OPERATIONAL SUPPORT,990-PF,41.894168660526,-87.619125924909,sited
Regenstein Foundation,2023,CHICAGO SYMPHONY ORCHESTRA,220 S MICHIGAN AVE,CHICAGO,IL,60604,25000,OPERATIONAL SUPPORT,990-PF,41.879261225909,-87.624499386276,sited
Regenstein Foundation,2023,UNIVERISTY OF ILLINOIS,1200 W HARRISON ST,CHICAGO,IL,60607,125000,OPERATIONAL SUPPORT,990-PF,41.874276179726,-87.657008351176,sited
Regenstein Foundation,2023,VANDER COOK COLLEGE OF MUSIC,3140 S FEDERAL STREET,CHICAGO,IL,60616,5000,OPERATIONAL SUPPORT,990-PF,41.840532048682,-87.629138618525,intermediary_or_citywide
Regenstein Foundation,2023,JEWISH UNITED FERATION OF METROPOLITAN CHICAGO,5715 S WOODLAWN AVENUE,CHICAGO,IL,60637,50000,OPERATIONAL SUPPORT,990-PF,41.791021661828,-87.596371507597,sited
Regenstein Foundation,2023,REBUILDING EXCHANGE,1740 WEST WEBSTER AVENUE,CHICAGO,IL,60614,20000,OPERATIONAL SUPPORT,990-PF,41.921560531088,-87.671399785501,sited
Regenstein Foundation,2023,THE SERVICE CLUB OF CHICAGO,233 EAST ERIE STREET SUITE 405,CHICAGO,IL,60611,10000,OPERATIONAL SUPPORT,990-PF,41.894104037223,-87.621907519492,sited
Regenstein Foundation,2024,ANN & ROBERT H LURIE CHILDREN'S HOSPITAL OF CHICAGO,225 EAST CHICAGO AVE,CHICAGO,IL,60611,1000000,OPERATIONAL SUPPORT,990-PF,41.896693751301,-87.622923905467,intermediary_or_citywide
Regenstein Foundation,2024,ANN & ROBERT H LURIE CHILDREN'S HOSPITAL OF CHICAGO,225 EAST CHICAGO AVE,CHICAGO,IL,60611,70000,OPERATIONAL SUPPORT,990-PF,41.896693751301,-87.622923905467,intermediary_or_citywide
Regenstein Foundation,2024,ART INSTITUTE OF CHICAGO,111 S MICHIGAN AVE,CHICAGO,IL,60603,25000,OPERATIONAL SUPPORT,990-PF,41.880649213362,-87.624171570115,sited
Regenstein Foundation,2024,UNIVERSITY OF ILLINOIS,1200 W HARRISON ST,CHICAGO,IL,60608,55000,OPERATIONAL SUPPORT,990-PF,41.874276179726,-87.657008351176,intermediary_or_citywide
Regenstein Foundation,2024,FIELD MUSEUM,1400 S LAKE SHORE DRIVE,CHICAGO,IL,60605,100000,OPERATIONAL SUPPORT,990-PF,41.865006735724,-87.614118889895,intermediary_or_citywide
Regenstein Foundation,2024,GREATER CHICAGO FOOD DEPOSITORY,4100 W ANN LURIE PLACE,CHICAGO,IL,60632,50000,OPERATIONAL SUPPORT,990-PF,,,intermediary_or_citywide
Regenstein Foundation,2024,JEWISH UNITED FEDERATION OF METROPOLITAN CHICAGO,5715 S WOODLAWN AVENUE,CHICAGO,IL,60637,50000,OPERATIONAL SUPPORT,990-PF,41.791021661828,-87.596371507597,sited
Regenstein Foundation,2024,SHEDD AQUARIUM,1200 SOUTH LAKE SHORE DR,CHICAGO,IL,60605,10000,OPERATIONAL SUPPORT,990-PF,41.866476458506,-87.613814359169,sited
Regenstein Foundation,2024,LINCOLN PARK ZOO,PO BOX 14903 CANNON,CHICAGO,IL,60614,112000,OPERATIONAL SUPPORT,990-PF,,,intermediary_or_citywide
Regenstein Foundation,2024,MILLENNIUM PARK FOUNDATION,201 E RANDOLPH ST,CHICAGO,IL,60601,10000,OPERATIONAL SUPPORT,990-PF,41.884289409363,-87.623854519313,intermediary_or_citywide
Regenstein Foundation,2024,NORTHWESTERN MEMORIAL FOUNDATION,676 CLAIR STREET,CHICAGO,IL,60611,500000,OPERATIONAL SUPPORT,990-PF,41.894574076824,-87.622822875376,intermediary_or_citywide
Regenstein Foundation,2024,NORTHWESTERN MEMORIAL FOUNDATION,676 CLAIR STREET,CHICAGO,IL,60611,150000,OPERATIONAL SUPPORT,990-PF,41.894574076824,-87.622822875376,intermediary_or_citywide
Regenstein Foundation,2024,REBUILDING EXCHANGE,1740 WEST WEBSTER AVENUE,CHICAGO,IL,60614,10000,OPERATIONAL SUPPORT,990-PF,41.921560531088,-87.671399785501,sited
Regenstein Foundation,2024,RUSH UNIVERSITY MEDICAL CENTER,1725 WEST HARRISON,CHICAGO,IL,60612,1000000,OPERATIONAL SUPPORT,990-PF,41.874073003519,-87.670180897281,intermediary_or_citywide
Regenstein Foundation,2024,RUSH UNIVERSITY MEDICAL CENTER,1725 WEST HARRISON,CHICAGO,IL,60612,35000,OPERATIONAL SUPPORT,990-PF,41.874073003519,-87.670180897281,intermediary_or_citywide
Regenstein Foundation,2024,SHIRLEY RYAN ABILITY LAB,355 EAST ERIE,CHICAGO,IL,60611,45000,OPERATIONAL SUPPORT,990-PF,41.894168660526,-87.619125924909,sited
Regenstein Foundation,2024,THE SERVICE CLUB OF CHICAGO,233 EAST ERRIE STREET,CHICAGO,IL,60611,10000,OPERATIONAL SUPPORT,990-PF,41.894104037223,-87.621907519492,sited
Regenstein Foundation,2024,VANDER COOK COLLEGE OF MUSIC,3140 S FEDERAL STREET,CHICAGO,IL,60616,5000,OPERATIONAL SUPPORT,990-PF,41.840532048682,-87.629138618525,intermediary_or_citywide
Regenstein Foundation,2024,PARLIAMENT OF WORLD'S RELIGIONS,4422 N RAVENSWOOD AVE,CHICAGO,IL,60640,10000,OPERATIONAL SUPPORT,990-PF,41.961958446904,-87.674608871962,sited
Katten Muchin Rosenman Foundation INC,2021,1871 FOUNDATION INC,222 MERCHANDISE MART PLAZA STE 1212,CHICAGO,IL,60654,10000,"IN ORDER TO MAKE CONTRIBUTIONS FOR CHARITABLE, RELIGIOUS, EDUCATIONAL OR SCIENTIFIC PURPOSES.",990-PF,41.888045283034,-87.634338654764,intermediary_or_citywide
Katten Muchin Rosenman Foundation INC,2021,ACADEMY FOR URBAN SCHOOL LEADERSHIP,3400 N AUSTIN AVE,CHICAGO,IL,60634,50000,"IN ORDER TO MAKE CONTRIBUTIONS FOR CHARITABLE, RELIGIOUS, EDUCATIONAL OR SCIENTIFIC PURPOSES.",990-PF,41.943540613734,-87.7764918249,intermediary_or_citywide
Katten Muchin Rosenman Foundation INC,2021,AFTER SCHOOL MATTERS,66 E RANDOLPH ST,CHICAGO,IL,60601,5000,"IN ORDER TO MAKE CONTRIBUTIONS FOR CHARITABLE, RELIGIOUS, EDUCATIONAL OR SCIENTIFIC PURPOSES.",990-PF,41.88455544074,-87.625548107337,sited
Katten Muchin Rosenman Foundation INC,2021,ALZHEIMERS ASSOCIATION,225 N MICHIGAN AVE,CHICAGO,IL,60603,14900,"IN ORDER TO MAKE CONTRIBUTIONS FOR CHARITABLE, RELIGIOUS, EDUCATIONAL OR SCIENTIFIC PURPOSES.",990-PF,41.886567067898,-87.624456678273,sited
Katten Muchin Rosenman Foundation INC,2021,ASCEND JUSTICE,555 W HARRISON ST RM 1900,CHICAGO,IL,60607,5000,"IN ORDER TO MAKE CONTRIBUTIONS FOR CHARITABLE, RELIGIOUS, EDUCATIONAL OR SCIENTIFIC PURPOSES.",990-PF,41.874319649623,-87.641756553099,sited
Katten Muchin Rosenman Foundation INC,2021,ASIAN AMERICANS ADVANCING JUSTICE,4716 N BROADWAY ST,CHICAGO,IL,60640,11000,"IN ORDER TO MAKE CONTRIBUTIONS FOR CHARITABLE, RELIGIOUS, EDUCATIONAL OR SCIENTIFIC PURPOSES.",990-PF,41.967716552675,-87.65904434461,sited
Katten Muchin Rosenman Foundation INC,2021,CABRINI GREEN LEGAL AID,6 S CLARK ST STE 200,CHICAGO,IL,60603,10000,"IN ORDER TO MAKE CONTRIBUTIONS FOR CHARITABLE, RELIGIOUS, EDUCATIONAL OR SCIENTIFIC PURPOSES.",990-PF,41.881629047027,-87.630947041572,sited
Katten Muchin Rosenman Foundation INC,2021,CANCER RESEARCH FOUNDATION CHICAGO CHAPTER,3354 N PAULINA,CHICAGO,IL,60657,30000,"IN ORDER TO MAKE CONTRIBUTIONS FOR CHARITABLE, RELIGIOUS, EDUCATIONAL OR SCIENTIFIC PURPOSES.",990-PF,41.942956129801,-87.671260057069,sited
Katten Muchin Rosenman Foundation INC,2021,CANCER SUPPORT COMMUNITY,537 N WELLS ST,CHICAGO,IL,60654,5000,"IN ORDER TO MAKE CONTRIBUTIONS FOR CHARITABLE, RELIGIOUS, EDUCATIONAL OR SCIENTIFIC PURPOSES.",990-PF,41.891709241727,-87.633996264031,sited
Katten Muchin Rosenman Foundation INC,2021,CARPLS,17 N STATE STREET,CHICAGO,IL,60602,2500,"IN ORDER TO MAKE CONTRIBUTIONS FOR CHARITABLE, RELIGIOUS, EDUCATIONAL OR SCIENTIFIC PURPOSES.",990-PF,41.882740138023,-87.627778646,sited
Katten Muchin Rosenman Foundation INC,2021,CATHOLIC CHARITIES,4622 W DIVERSY,CHICAGO,IL,60639,5000,"IN ORDER TO MAKE CONTRIBUTIONS FOR CHARITABLE, RELIGIOUS, EDUCATIONAL OR SCIENTIFIC PURPOSES.",990-PF,41.931642117398,-87.742444035922,sited
Katten Muchin Rosenman Foundation INC,2021,CENTER FOR COMPANIES THAT CARE,641 W LAKE ST STE 200,CHICAGO,IL,60661,2500,"IN ORDER TO MAKE CONTRIBUTIONS FOR CHARITABLE, RELIGIOUS, EDUCATIONAL OR SCIENTIFIC PURPOSES.",990-PF,41.88563785021,-87.644465335155,sited
Katten Muchin Rosenman Foundation INC,2021,CENTER FOR CONFLICT RESOLUTION,11 E ADAMS ST STE 500,CHICAGO,IL,60603,2500,"IN ORDER TO MAKE CONTRIBUTIONS FOR CHARITABLE, RELIGIOUS, EDUCATIONAL OR SCIENTIFIC PURPOSES.",990-PF,41.879438567535,-87.627314442138,sited
Katten Muchin Rosenman Foundation INC,2021,CENTER FOR DISABILITY & ELDER LAW,205 W RANDOLPH ST STE 1610,CHICAGO,IL,60606,2500,"IN ORDER TO MAKE CONTRIBUTIONS FOR CHARITABLE, RELIGIOUS, EDUCATIONAL OR SCIENTIFIC PURPOSES.",990-PF,41.884413849839,-87.634026677031,sited
Katten Muchin Rosenman Foundation INC,2021,CHGO COMM ON MIN IN LARGE LAW FIRMS,70 W MADISON ST STE 3300,CHICAGO,IL,60602,7000,"IN ORDER TO MAKE CONTRIBUTIONS FOR CHARITABLE, RELIGIOUS, EDUCATIONAL OR SCIENTIFIC PURPOSES.",990-PF,41.88204491887,-87.630121034318,sited
Katten Muchin Rosenman Foundation INC,2021,CHICAGO BAR FOUNDATION,321 S PLYMOUTH CT SUITE 3B,CHICAGO,IL,60604,32581,"IN ORDER TO MAKE CONTRIBUTIONS FOR CHARITABLE, RELIGIOUS, EDUCATIONAL OR SCIENTIFIC PURPOSES.",990-PF,41.877692411713,-87.62867602091,intermediary_or_citywide
Katten Muchin Rosenman Foundation INC,2021,CHICAGO CHILDRENS ADVOCACY CENTER,1240 S DAMEN AVE,CHICAGO,IL,60608,5000,"IN ORDER TO MAKE CONTRIBUTIONS FOR CHARITABLE, RELIGIOUS, EDUCATIONAL OR SCIENTIFIC PURPOSES.",990-PF,41.865461597109,-87.676287526432,sited
Katten Muchin Rosenman Foundation INC,2021,CHICAGO LAWYERS COMMITTEE FOR CIVIL RIGHTS UNDER LAW,100 N LA SALLE ST STE 600,CHICAGO,IL,60602,11875,"IN ORDER TO MAKE CONTRIBUTIONS FOR CHARITABLE, RELIGIOUS, EDUCATIONAL OR SCIENTIFIC PURPOSES.",990-PF,41.883268441347,-87.632486206776,sited
Katten Muchin Rosenman Foundation INC,2021,CHICAGO LAWYERS COMMITTEE FOR CIVIL RIGHTS UNDER LAW,100 N LA SALLE ST STE 600,CHICAGO,IL,60602,34625,PAYMENT TO CHARITY THAT IS NOT COUNTED AS A QD SINCE IT FALLS UNDER SECTION 4941.,990-PF,41.883268441347,-87.632486206776,sited
Katten Muchin Rosenman Foundation INC,2021,CHICAGO SUMMER BUSINESS INSTITUTE,PO BOX 64445,CHICAGO,IL,60664,5000,"IN ORDER TO MAKE CONTRIBUTIONS FOR CHARITABLE, RELIGIOUS, EDUCATIONAL OR SCIENTIFIC PURPOSES.",990-PF,,,intermediary_or_citywide
Katten Muchin Rosenman Foundation INC,2021,CHICAGO UNITED,300 E RANDOLPH ST STE CL920,CHICAGO,IL,60601,10000,"IN ORDER TO MAKE CONTRIBUTIONS FOR CHARITABLE, RELIGIOUS, EDUCATIONAL OR SCIENTIFIC PURPOSES.",990-PF,41.884573440455,-87.620479292826,sited
Katten Muchin Rosenman Foundation INC,2021,CHICAGO VOLUNTEER LEGAL SERVICES,33 N DEARBORN ST STE 400,CHICAGO,IL,60602,5049,"IN ORDER TO MAKE CONTRIBUTIONS FOR CHARITABLE, RELIGIOUS, EDUCATIONAL OR SCIENTIFIC PURPOSES.",990-PF,41.882737574404,-87.629349530679,sited
Katten Muchin Rosenman Foundation INC,2021,CHICAGOLAND ENTREPRENEURIAL CENTER,222 MERCHANDISE MART PLZ STE 121,CHICAGO,IL,60654,10000,"IN ORDER TO MAKE CONTRIBUTIONS FOR CHARITABLE, RELIGIOUS, EDUCATIONAL OR SCIENTIFIC PURPOSES.",990-PF,41.888045283034,-87.634338654764,sited
Katten Muchin Rosenman Foundation INC,2021,CHRIST THE KING JESUIT COLLEGE PREP,5088 W JACKSON BLVD,CHICAGO,IL,60644,10000,"IN ORDER TO MAKE CONTRIBUTIONS FOR CHARITABLE, RELIGIOUS, EDUCATIONAL OR SCIENTIFIC PURPOSES.",990-PF,41.876739695784,-87.752936587079,intermediary_or_citywide
Katten Muchin Rosenman Foundation INC,2021,COMER EDUCATION CAMPUS,7200 S INGLESIDE AVE,CHICAGO,IL,60619,10000,"IN ORDER TO MAKE CONTRIBUTIONS FOR CHARITABLE, RELIGIOUS, EDUCATIONAL OR SCIENTIFIC PURPOSES.",990-PF,41.763917723838,-87.601988157414,sited
Katten Muchin Rosenman Foundation INC,2021,COMMUNITIES IN SCHOOL OF CHICAGO,815 W VAN BUREN ST STE 300,CHICAGO,IL,60607,11000,"IN ORDER TO MAKE CONTRIBUTIONS FOR CHARITABLE, RELIGIOUS, EDUCATIONAL OR SCIENTIFIC PURPOSES.",990-PF,41.876603022207,-87.648075570713,sited
Katten Muchin Rosenman Foundation INC,2021,CRISTO REY JESUIT HIGH SCHOOL,1852 W 22ND PL,CHICAGO,IL,60608,35000,"IN ORDER TO MAKE CONTRIBUTIONS FOR CHARITABLE, RELIGIOUS, EDUCATIONAL OR SCIENTIFIC PURPOSES.",990-PF,41.851519341172,-87.671822329897,sited
Katten Muchin Rosenman Foundation INC,2021,FEINSTEIN INSTITUTE FOR MEDICAL RESEARCH,675 N ST CLAIR ST 19-100,CHICAGO,IL,60611,5000,"IN ORDER TO MAKE CONTRIBUTIONS FOR CHARITABLE, RELIGIOUS, EDUCATIONAL OR SCIENTIFIC PURPOSES.",990-PF,41.894312958709,-87.622661646911,sited
Katten Muchin Rosenman Foundation INC,2021,FIA CARES,4100 W ANN LURIE PL,CHICAGO,IL,60632,5000,"IN ORDER TO MAKE CONTRIBUTIONS FOR CHARITABLE, RELIGIOUS, EDUCATIONAL OR SCIENTIFIC PURPOSES.",990-PF,,,intermediary_or_citywide
Katten Muchin Rosenman Foundation INC,2021,FRIENDS OF BURLEY,1630 W BARRY AVE,CHICAGO,IL,60657,1000,"IN ORDER TO MAKE CONTRIBUTIONS FOR CHARITABLE, RELIGIOUS, EDUCATIONAL OR SCIENTIFIC PURPOSES.",990-PF,41.937912357481,-87.669875492074,sited
Katten Muchin Rosenman Foundation INC,2021,GARDENEERS,3414 WEST ROOSEVELT RD 2,CHICAGO,IL,60624,30000,"IN ORDER TO MAKE CONTRIBUTIONS FOR CHARITABLE, RELIGIOUS, EDUCATIONAL OR SCIENTIFIC PURPOSES.",990-PF,41.866402448603,-87.710946161411,sited
Katten Muchin Rosenman Foundation INC,2021,GOODMAN THEATRE,170 N DEARBORN ST,CHICAGO,IL,60601,30000,"IN ORDER TO MAKE CONTRIBUTIONS FOR CHARITABLE, RELIGIOUS, EDUCATIONAL OR SCIENTIFIC PURPOSES.",990-PF,41.885165897733,-87.629554228101,sited
Katten Muchin Rosenman Foundation INC,2021,GREATER CHICAGO FOOD DEPOSITORY,4100 W ANN LURIE PLACE,CHICAGO,IL,60632,1000,"IN ORDER TO MAKE CONTRIBUTIONS FOR CHARITABLE, RELIGIOUS, EDUCATIONAL OR SCIENTIFIC PURPOSES.",990-PF,,,intermediary_or_citywide
Katten Muchin Rosenman Foundation INC,2021,HELP FOR CHILDREN,5875 N LINCOLN AVE,CHICAGO,IL,60659,45000,"IN ORDER TO MAKE CONTRIBUTIONS FOR CHARITABLE, RELIGIOUS, EDUCATIONAL OR SCIENTIFIC PURPOSES.",990-PF,41.988140662247,-87.703475517466,sited
Katten Muchin Rosenman Foundation INC,2021,HFS CHICAGO SCHOLARS,1074 WEST TAYLOR STREET 201,CHICAGO,IL,60607,3000,"IN ORDER TO MAKE CONTRIBUTIONS FOR CHARITABLE, RELIGIOUS, EDUCATIONAL OR SCIENTIFIC PURPOSES.",990-PF,41.869521180747,-87.653696964616,sited
Katten Muchin Rosenman Foundation INC,2021,ILLINOIS LEGAL AID ONLINE,120 S LASALLE ST,CHICAGO,IL,60603,500,"IN ORDER TO MAKE CONTRIBUTIONS FOR CHARITABLE, RELIGIOUS, EDUCATIONAL OR SCIENTIFIC PURPOSES.",990-PF,41.88008989864,-87.632389221807,sited
Katten Muchin Rosenman Foundation INC,2021,INVEST FOR KIDS,875 N MICHIGAN AVE STE 3400,CHICAGO,IL,60611,10000,"IN ORDER TO MAKE CONTRIBUTIONS FOR CHARITABLE, RELIGIOUS, EDUCATIONAL OR SCIENTIFIC PURPOSES.",990-PF,41.898768343588,-87.624038249653,sited
Katten Muchin Rosenman Foundation INC,2021,JEWISH UNITED FUND,30 S WELLS ST,CHICAGO,IL,60606,123602,"IN ORDER TO MAKE CONTRIBUTIONS FOR CHARITABLE, RELIGIOUS, EDUCATIONAL OR SCIENTIFIC PURPOSES.",990-PF,41.881085502878,-87.633883748516,intermediary_or_citywide
Katten Muchin Rosenman Foundation INC,2021,JOHN BUCK COMPANY FOUNDATION,51 N FRANKLIN SUITE 300,CHICAGO,IL,60606,5014,PAYMENT TO CHARITY THAT IS NOT COUNTED AS A QD SINCE IT FALLS UNDER SECTION 4941.,990-PF,41.882258493941,-87.635241606783,intermediary_or_citywide
Katten Muchin Rosenman Foundation INC,2021,JUDD GOLDMAN ADAPTIVE SAILING FOUNDATION,875 N MICHIGAN AVE STE 3718,CHICAGO,IL,60611,3500,"IN ORDER TO MAKE CONTRIBUTIONS FOR CHARITABLE, RELIGIOUS, EDUCATIONAL OR SCIENTIFIC PURPOSES.",990-PF,41.898768343588,-87.624038249653,intermediary_or_citywide
Katten Muchin Rosenman Foundation INC,2021,LAWYERS ASSISTANCE PROGRAM,20 S CLARK ST STE 450,CHICAGO,IL,60603,1000,"IN ORDER TO MAKE CONTRIBUTIONS FOR CHARITABLE, RELIGIOUS, EDUCATIONAL OR SCIENTIFIC PURPOSES.",990-PF,41.881918080181,-87.630956796239,sited
Katten Muchin Rosenman Foundation INC,2021,LAWYERS FOR THE CREATIVE ARTS,161 N CLARK ST STE 4300,CHICAGO,IL,60601,10000,"IN ORDER TO MAKE CONTRIBUTIONS FOR CHARITABLE, RELIGIOUS, EDUCATIONAL OR SCIENTIFIC PURPOSES.",990-PF,41.885238782678,-87.630883288957,sited
Katten Muchin Rosenman Foundation INC,2021,LEADERSHIP GREATER CHICAGO INC,205 W WACKER DR STE 1400,CHICAGO,IL,60606,20000,"IN ORDER TO MAKE CONTRIBUTIONS FOR CHARITABLE, RELIGIOUS, EDUCATIONAL OR SCIENTIFIC PURPOSES.",990-PF,41.886816849441,-87.634273616014,sited
Katten Muchin Rosenman Foundation INC,2021,LEGAL AID CHICAGO,120 S LA SALLE ST STE 900,CHICAGO,IL,60603,80000,"IN ORDER TO MAKE CONTRIBUTIONS FOR CHARITABLE, RELIGIOUS, EDUCATIONAL OR SCIENTIFIC PURPOSES.",990-PF,41.88008989864,-87.632389221807,sited
Katten Muchin Rosenman Foundation INC,2021,LEGAL COUNCIL FOR HEALTH JUSTICE,17 N STATE STREET STE 1900,CHICAGO,IL,60602,3000,"IN ORDER TO MAKE CONTRIBUTIONS FOR CHARITABLE, RELIGIOUS, EDUCATIONAL OR SCIENTIFIC PURPOSES.",990-PF,41.882740138023,-87.627778646,sited
Katten Muchin Rosenman Foundation INC,2021,LURIE CHILDRENS FOUNDATION,225 E CHICAGO AVE BOX 282,CHICAGO,IL,60611,15000,"IN ORDER TO MAKE CONTRIBUTIONS FOR CHARITABLE, RELIGIOUS, EDUCATIONAL OR SCIENTIFIC PURPOSES.",990-PF,41.896693751301,-87.622923905467,intermediary_or_citywide
Katten Muchin Rosenman Foundation INC,2021,MUSEUM OF CONTEMPORARY ART,220 E CHICAGO AVE,CHICAGO,IL,60611,10000,"IN ORDER TO MAKE CONTRIBUTIONS FOR CHARITABLE, RELIGIOUS, EDUCATIONAL OR SCIENTIFIC PURPOSES.",990-PF,41.896824755958,-87.621756021322,intermediary_or_citywide
Katten Muchin Rosenman Foundation INC,2021,NATIONAL IMMIGRANT JUSTICE CENTER,224 S MICHIGAN AVE,CHICAGO,IL,60604,30000,"IN ORDER TO MAKE CONTRIBUTIONS FOR CHARITABLE, RELIGIOUS, EDUCATIONAL OR SCIENTIFIC PURPOSES.",990-PF,41.879213738823,-87.624498048617,sited
Katten Muchin Rosenman Foundation INC,2021,NATIONAL KIDNEY FOUNDATION OF ILLINOIS,215 WEST ILLINOIS,CHICAGO,IL,60654,50000,"IN ORDER TO MAKE CONTRIBUTIONS FOR CHARITABLE, RELIGIOUS, EDUCATIONAL OR SCIENTIFIC PURPOSES.",990-PF,41.89072176002,-87.634698723569,sited
Katten Muchin Rosenman Foundation INC,2021,NOAH BENJAMIN REISMAN FOUNDATION,525 WMONROE STREET,CHICAGO,IL,60661,50000,"IN ORDER TO MAKE CONTRIBUTIONS FOR CHARITABLE, RELIGIOUS, EDUCATIONAL OR SCIENTIFIC PURPOSES.",990-PF,41.880515962213,-87.640879475377,intermediary_or_citywide
Katten Muchin Rosenman Foundation INC,2021,PEGGY NOTEBAERT NATURE MUSEUM,2430 N CANNON DR,CHICAGO,IL,60614,7500,"IN ORDER TO MAKE CONTRIBUTIONS FOR CHARITABLE, RELIGIOUS, EDUCATIONAL OR SCIENTIFIC PURPOSES.",990-PF,41.927107827526,-87.634471738483,sited
Katten Muchin Rosenman Foundation INC,2021,PUBLIC INTEREST LAW INITIATIVE,105 W MADISON ST STE 610,CHICAGO,IL,60602,15000,"IN ORDER TO MAKE CONTRIBUTIONS FOR CHARITABLE, RELIGIOUS, EDUCATIONAL OR SCIENTIFIC PURPOSES.",990-PF,41.881920850103,-87.631087798947,sited
Katten Muchin Rosenman Foundation INC,2021,READER INSTITUTE FOR COMMUNITY JOURNALISM,2930 S MICHIGAN AVE STE 102,CHICAGO,IL,60616,1000,"IN ORDER TO MAKE CONTRIBUTIONS FOR CHARITABLE, RELIGIOUS, EDUCATIONAL OR SCIENTIFIC PURPOSES.",990-PF,41.841414856654,-87.62360690116,sited
Katten Muchin Rosenman Foundation INC,2021,TEACHERS SUPPORTING TEACHERS,641 W LAKE ST STE 200,CHICAGO,IL,60661,500,"IN ORDER TO MAKE CONTRIBUTIONS FOR CHARITABLE, RELIGIOUS, EDUCATIONAL OR SCIENTIFIC PURPOSES.",990-PF,41.88563785021,-87.644465335155,sited
Katten Muchin Rosenman Foundation INC,2021,TIMELINE THEATRE COMPANY,615 W WELLINGTON AVE,CHICAGO,IL,60657,2500,"IN ORDER TO MAKE CONTRIBUTIONS FOR CHARITABLE, RELIGIOUS, EDUCATIONAL OR SCIENTIFIC PURPOSES.",990-PF,41.936433416616,-87.64489803475,sited
Katten Muchin Rosenman Foundation INC,2021,USO OF ILLINOIS,333 N MICHIGAN AVE,CHICAGO,IL,60601,8000,"IN ORDER TO MAKE CONTRIBUTIONS FOR CHARITABLE, RELIGIOUS, EDUCATIONAL OR SCIENTIFIC PURPOSES.",990-PF,41.887717519044,-87.624478897778,sited
Katten Muchin Rosenman Foundation INC,2021,YOUTH GUIDANCE,1 NORTH LASALLE ST,CHICAGO,IL,60602,3500,"IN ORDER TO MAKE CONTRIBUTIONS FOR CHARITABLE, RELIGIOUS, EDUCATIONAL OR SCIENTIFIC PURPOSES.",990-PF,41.88201744155,-87.632282792682,sited
Katten Muchin Rosenman Foundation INC,2022,1871 FOUNDATION INC,222 MERCHANDISE MART PLAZA STE 1212,CHICAGO,IL,60654,15200,PAYMENT TO CHARITY THAT IS NOT COUNTED AS A QD SINCE IT FALLS UNDER SECTION 4941.,990-PF,41.888045283034,-87.634338654764,intermediary_or_citywide
Katten Muchin Rosenman Foundation INC,2022,AFTER SCHOOL MATTERS,66 E RANDOLPH ST,CHICAGO,IL,60601,10000,PAYMENT TO CHARITY THAT IS NOT COUNTED AS A QD SINCE IT FALLS UNDER SECTION 4941.,990-PF,41.88455544074,-87.625548107337,sited
Katten Muchin Rosenman Foundation INC,2022,APNA GHAR INC,4350 N BROADWAY ST STE 2,CHICAGO,IL,60613,250,PAYMENT TO CHARITY THAT IS NOT COUNTED AS A QD SINCE IT FALLS UNDER SECTION 4941.,990-PF,41.961435825679,-87.655004955601,sited
Katten Muchin Rosenman Foundation INC,2022,ASCEND JUSTICE,555 W HARRISON ST RM 1900,CHICAGO,IL,60607,10000,PAYMENT TO CHARITY THAT IS NOT COUNTED AS A QD SINCE IT FALLS UNDER SECTION 4941.,990-PF,41.874319649623,-87.641756553099,sited
Katten Muchin Rosenman Foundation INC,2022,ASIAN AMERICANS ADVANCING JUSTICE,4716 N BROADWAY ST,CHICAGO,IL,60640,10000,"IN ORDER TO MAKE CONTRIBUTIONS FOR CHARITABLE, RELIGIOUS, EDUCATIONAL OR SCIENTIFIC PURPOSES.",990-PF,41.967716552675,-87.65904434461,sited
Katten Muchin Rosenman Foundation INC,2022,BIG SHOULDERS FUND,212 W VAN BUREN ST SUITE 900,CHICAGO,IL,60607,2000,PAYMENT TO CHARITY THAT IS NOT COUNTED AS A QD SINCE IT FALLS UNDER SECTION 4941.,990-PF,41.876900811278,-87.633848353417,intermediary_or_citywide
Katten Muchin Rosenman Foundation INC,2022,BOYS & GIRLS CLUBS OF CHICAGO,2102 W MONROE STREET,CHICAGO,IL,60612,10000,PAYMENT TO CHARITY THAT IS NOT COUNTED AS A QD SINCE IT FALLS UNDER SECTION 4941.,990-PF,41.880026152215,-87.679181884502,sited
Katten Muchin Rosenman Foundation INC,2022,CABRINI GREEN LEGAL AID,6 S CLARK ST STE 200,CHICAGO,IL,60603,10000,"IN ORDER TO MAKE CONTRIBUTIONS FOR CHARITABLE, RELIGIOUS, EDUCATIONAL OR SCIENTIFIC PURPOSES.",990-PF,41.881629047027,-87.630947041572,sited
Katten Muchin Rosenman Foundation INC,2022,CAMP ONE STEP BY CHILDREN'S ONCOLOGY SVS,100 NORTH LASALLE STREET SUITE 600,CHICAGO,IL,60602,10000,PAYMENT TO CHARITY THAT IS NOT COUNTED AS A QD SINCE IT FALLS UNDER SECTION 4941.,990-PF,41.883268441347,-87.632486206776,sited
Katten Muchin Rosenman Foundation INC,2022,CAMP OUT FOR KIDS,1643 N MILWAUKEE AVE 5TH FLOOR,CHICAGO,IL,60647,5000,PAYMENT TO CHARITY THAT IS NOT COUNTED AS A QD SINCE IT FALLS UNDER SECTION 4941.,990-PF,41.911250369349,-87.678649305179,sited
Katten Muchin Rosenman Foundation INC,2022,CARPLS,17 N STATE STREET,CHICAGO,IL,60602,2500,PAYMENT TO CHARITY THAT IS NOT COUNTED AS A QD SINCE IT FALLS UNDER SECTION 4941.,990-PF,41.882740138023,-87.627778646,sited
Katten Muchin Rosenman Foundation INC,2022,CATHOLIC CHARITIES,4622 W DIVERSY,CHICAGO,IL,60639,5000,"IN ORDER TO MAKE CONTRIBUTIONS FOR CHARITABLE, RELIGIOUS, EDUCATIONAL OR SCIENTIFIC PURPOSES.",990-PF,41.931642117398,-87.742444035922,sited
Katten Muchin Rosenman Foundation INC,2022,CENTER FOR DISABILITY & ELDER LAW,205 W RANDOLPH ST STE 1610,CHICAGO,IL,60606,2500,PAYMENT TO CHARITY THAT IS NOT COUNTED AS A QD SINCE IT FALLS UNDER SECTION 4941.,990-PF,41.884413849839,-87.634026677031,sited
Katten Muchin Rosenman Foundation INC,2022,CHICAGO BAR FOUNDATION,321 S PLYMOUTH CT SUITE 3B,CHICAGO,IL,60604,34615,"IN ORDER TO MAKE CONTRIBUTIONS FOR CHARITABLE, RELIGIOUS, EDUCATIONAL OR SCIENTIFIC PURPOSES.",990-PF,41.877692411713,-87.62867602091,intermediary_or_citywide
Katten Muchin Rosenman Foundation INC,2022,CHICAGO CHILDREN'S ADVOCACY CENTER,1240 S DAMEN AVE,CHICAGO,IL,60608,3000,PAYMENT TO CHARITY THAT IS NOT COUNTED AS A QD SINCE IT FALLS UNDER SECTION 4941.,990-PF,41.865461597109,-87.676287526432,sited
Katten Muchin Rosenman Foundation INC,2022,CHICAGO COMMITTEE ON MINORITIES IN LARGE LAW FIRMS,70 W MADISON ST STE 3300,CHICAGO,IL,60602,7000,"IN ORDER TO MAKE CONTRIBUTIONS FOR CHARITABLE, RELIGIOUS, EDUCATIONAL OR SCIENTIFIC PURPOSES.",990-PF,41.88204491887,-87.630121034318,sited
Katten Muchin Rosenman Foundation INC,2022,CHICAGO COUNCIL ON GLOBAL AFFAIRS,180 N STETSON AVE STE 1400,CHICAGO,IL,60601,2000,"IN ORDER TO MAKE CONTRIBUTIONS FOR CHARITABLE, RELIGIOUS, EDUCATIONAL OR SCIENTIFIC PURPOSES.",990-PF,41.885318166121,-87.622377044363,sited
Katten Muchin Rosenman Foundation INC,2022,CHICAGO FOUNDATION FOR WOMEN,140 S DEARBORN ST,CHICAGO,IL,60603,15000,PAYMENT TO CHARITY THAT IS NOT COUNTED AS A QD SINCE IT FALLS UNDER SECTION 4941.,990-PF,41.879807335912,-87.629433511513,intermediary_or_citywide
Katten Muchin Rosenman Foundation INC,2022,CHICAGO FURNITURE BANK,4801 S WHIPPLE ST,CHICAGO,IL,60632,1000,"IN ORDER TO MAKE CONTRIBUTIONS FOR CHARITABLE, RELIGIOUS, EDUCATIONAL OR SCIENTIFIC PURPOSES.",990-PF,41.806697809933,-87.700193188441,sited
Katten Muchin Rosenman Foundation INC,2022,CHICAGO LAWYERS COMMITTEE FOR CIVIL RIGHTS UNDER LAW,100 N LA SALLE ST STE 600,CHICAGO,IL,60602,89250,"IN ORDER TO MAKE CONTRIBUTIONS FOR CHARITABLE, RELIGIOUS, EDUCATIONAL OR SCIENTIFIC PURPOSES.",990-PF,41.883268441347,-87.632486206776,sited
Katten Muchin Rosenman Foundation INC,2022,CHICAGO POLICE MEMORIAL FOUNDATION,10343 S PULASKI RD,CHICAGO,IL,60655,1750,"IN ORDER TO MAKE CONTRIBUTIONS FOR CHARITABLE, RELIGIOUS, EDUCATIONAL OR SCIENTIFIC PURPOSES.",990-PF,41.705082132774,-87.720801392504,intermediary_or_citywide
Katten Muchin Rosenman Foundation INC,2022,CHICAGO SUMMER BUSINESS INSTITUTE,PO BOX 64445,CHICAGO,IL,60664,5000,"IN ORDER TO MAKE CONTRIBUTIONS FOR CHARITABLE, RELIGIOUS, EDUCATIONAL OR SCIENTIFIC PURPOSES.",990-PF,,,intermediary_or_citywide
Katten Muchin Rosenman Foundation INC,2022,CHICAGO UNITED,300 E RANDOLPH ST STE CL920,CHICAGO,IL,60601,10000,"IN ORDER TO MAKE CONTRIBUTIONS FOR CHARITABLE, RELIGIOUS, EDUCATIONAL OR SCIENTIFIC PURPOSES.",990-PF,41.884573440455,-87.620479292826,sited
Katten Muchin Rosenman Foundation INC,2022,CHICAGO VOLUNTEER LEGAL SERVICES,33 N DEARBORN ST STE 400,CHICAGO,IL,60602,5914,PAYMENT TO CHARITY THAT IS NOT COUNTED AS A QD SINCE IT FALLS UNDER SECTION 4941.,990-PF,41.882737574404,-87.629349530679,sited
Katten Muchin Rosenman Foundation INC,2022,CHICAGO WHITE SOX CHARITIES,333 W 35TH ST,CHICAGO,IL,606163621,5000,PAYMENT TO CHARITY THAT IS NOT COUNTED AS A QD SINCE IT FALLS UNDER SECTION 4941.,990-PF,41.830870190786,-87.633444960366,sited
Katten Muchin Rosenman Foundation INC,2022,CHILDREN'S HOME AND AID,200 W MONROE ST STE 2100,CHICAGO,IL,606065071,1000,"IN ORDER TO MAKE CONTRIBUTIONS FOR CHARITABLE, RELIGIOUS, EDUCATIONAL OR SCIENTIFIC PURPOSES.",990-PF,41.880719814776,-87.633880215174,sited
Katten Muchin Rosenman Foundation INC,2022,CHRIST THE KING JESUIT COLLEGE PREP,5088 W JACKSON BLVD,CHICAGO,IL,60644,5000,PAYMENT TO CHARITY THAT IS NOT COUNTED AS A QD SINCE IT FALLS UNDER SECTION 4941.,990-PF,41.876739695784,-87.752936587079,intermediary_or_citywide
Katten Muchin Rosenman Foundation INC,2022,COMER EDUCATION CAMPUS,7200 S INGLESIDE AVE,CHICAGO,IL,60619,10000,PAYMENT TO CHARITY THAT IS NOT COUNTED AS A QD SINCE IT FALLS UNDER SECTION 4941.,990-PF,41.763917723838,-87.601988157414,sited
Katten Muchin Rosenman Foundation INC,2022,COMMUNITIES IN SCHOOL OF CHICAGO,815 W VAN BUREN ST STE 300,CHICAGO,IL,60607,10000,PAYMENT TO CHARITY THAT IS NOT COUNTED AS A QD SINCE IT FALLS UNDER SECTION 4941.,990-PF,41.876603022207,-87.648075570713,sited
Katten Muchin Rosenman Foundation INC,2022,CURES WITHIN REACH,134 N LA SALLE ST STE 1130,CHICAGO,IL,606021186,5000,PAYMENT TO CHARITY THAT IS NOT COUNTED AS A QD SINCE IT FALLS UNDER SECTION 4941.,990-PF,41.884015378499,-87.632504579496,sited
Katten Muchin Rosenman Foundation INC,2022,DEPAUL UNIVERSITY COLLEGE OF LAW,1 E JACKSON BLVD,CHICAGO,IL,60604,1000,PAYMENT TO CHARITY THAT IS NOT COUNTED AS A QD SINCE IT FALLS UNDER SECTION 4941.,990-PF,41.878153806501,-87.627572334786,intermediary_or_citywide
Katten Muchin Rosenman Foundation INC,2022,DIGS WITH DIGNITY,1634 W 37TH PL,CHICAGO,IL,60609,5000,PAYMENT TO CHARITY THAT IS NOT COUNTED AS A QD SINCE IT FALLS UNDER SECTION 4941.,990-PF,41.825976736244,-87.666809189495,sited
Katten Muchin Rosenman Foundation INC,2022,DOMESTIC VIOLENCE LEGAL CLINIC (ASCEND JUSTICE),555 W HARRISON ST RM 1900,CHICAGO,IL,60607,3000,PAYMENT TO CHARITY THAT IS NOT COUNTED AS A QD SINCE IT FALLS UNDER SECTION 4941.,990-PF,41.874319649623,-87.641756553099,sited
Katten Muchin Rosenman Foundation INC,2022,EDIFYE,330 N WABASH AVE FLOOR 23,CHICAGO,IL,60611,500,"IN ORDER TO MAKE CONTRIBUTIONS FOR CHARITABLE, RELIGIOUS, EDUCATIONAL OR SCIENTIFIC PURPOSES.",990-PF,41.888444993053,-87.627289918295,sited
Katten Muchin Rosenman Foundation INC,2022,EVERTHRIVE ILLINOIS,1006 S MICHIGAN AVE STE 200,CHICAGO,IL,60605,5000,PAYMENT TO CHARITY THAT IS NOT COUNTED AS A QD SINCE IT FALLS UNDER SECTION 4941.,990-PF,41.869974015503,-87.624282694695,sited
Katten Muchin Rosenman Foundation INC,2022,FEINSTEIN INSTITUTE FOR MEDICAL RESEARCH,675 N ST CLAIR ST 19-100,CHICAGO,IL,60611,5000,PAYMENT TO CHARITY THAT IS NOT COUNTED AS A QD SINCE IT FALLS UNDER SECTION 4941.,990-PF,41.894312958709,-87.622661646911,sited
Katten Muchin Rosenman Foundation INC,2022,FELLOWS OF THE AMERICAN BAR FOUNDATION,750 N LAKE SHORE DR FL 4TH,CHICAGO,IL,606114557,2100,"IN ORDER TO MAKE CONTRIBUTIONS FOR CHARITABLE, RELIGIOUS, EDUCATIONAL OR SCIENTIFIC PURPOSES.",990-PF,41.895891345476,-87.616496759914,intermediary_or_citywide
Katten Muchin Rosenman Foundation INC,2022,GILMORE FAMILY FOUNDATION,303 W MADISON ST STE 1000,CHICAGO,IL,606063321,1000,PAYMENT TO CHARITY THAT IS NOT COUNTED AS A QD SINCE IT FALLS UNDER SECTION 4941.,990-PF,41.881875850351,-87.635415233588,intermediary_or_citywide
Katten Muchin Rosenman Foundation INC,2022,GIRLS IN THE GAME,DOUGLAS PARK CULTURAL CENTER FIELD,CHICAGO,IL,60623,3000,PAYMENT TO CHARITY THAT IS NOT COUNTED AS A QD SINCE IT FALLS UNDER SECTION 4941.,990-PF,,,intermediary_or_citywide
Katten Muchin Rosenman Foundation INC,2022,GOODMAN THEATRE,170 N DEARBORN ST,CHICAGO,IL,60601,30000,PAYMENT TO CHARITY THAT IS NOT COUNTED AS A QD SINCE IT FALLS UNDER SECTION 4941.,990-PF,41.885165897733,-87.629554228101,sited
Katten Muchin Rosenman Foundation INC,2022,GREATER CHICAGO FOOD DEPOSITORY,4100 W ANN LURIE PLACE,CHICAGO,IL,60632,5000,PAYMENT TO CHARITY THAT IS NOT COUNTED AS A QD SINCE IT FALLS UNDER SECTION 4941.,990-PF,,,intermediary_or_citywide
Katten Muchin Rosenman Foundation INC,2022,HELP FOR CHILDREN,5875 N LINCOLN AVE,CHICAGO,IL,60659,35000,PAYMENT TO CHARITY THAT IS NOT COUNTED AS A QD SINCE IT FALLS UNDER SECTION 4941.,990-PF,41.988140662247,-87.703475517466,sited
Katten Muchin Rosenman Foundation INC,2022,HOPE CHICAGO INC,303 E WACKER DRIVE SUITE 360,CHICAGO,IL,606015312,10000,"IN ORDER TO MAKE CONTRIBUTIONS FOR CHARITABLE, RELIGIOUS, EDUCATIONAL OR SCIENTIFIC PURPOSES.",990-PF,41.887748427515,-87.620522089915,sited
Katten Muchin Rosenman Foundation INC,2022,ILLINOIS LEGAL AID ONLINE,120 S LASALLE ST,CHICAGO,IL,60603,1000,PAYMENT TO CHARITY THAT IS NOT COUNTED AS A QD SINCE IT FALLS UNDER SECTION 4941.,990-PF,41.88008989864,-87.632389221807,sited
Katten Muchin Rosenman Foundation INC,2022,INVEST FOR KIDS,875 N MICHIGAN AVE STE 3400,CHICAGO,IL,60611,10000,PAYMENT TO CHARITY THAT IS NOT COUNTED AS A QD SINCE IT FALLS UNDER SECTION 4941.,990-PF,41.898768343588,-87.624038249653,sited
Katten Muchin Rosenman Foundation INC,2022,IVCA PROMOTING DIVERSITY FOUNDATION,27 NORTH WACKER DRIVE - SUITE 405,CHICAGO,IL,606062800,7500,PAYMENT TO CHARITY THAT IS NOT COUNTED AS A QD SINCE IT FALLS UNDER SECTION 4941.,990-PF,41.882704101041,-87.636706420118,intermediary_or_citywide
Katten Muchin Rosenman Foundation INC,2022,JEWISH UNITED FUND,30 S WELLS ST,CHICAGO,IL,60606,25000,"IN ORDER TO MAKE CONTRIBUTIONS FOR CHARITABLE, RELIGIOUS, EDUCATIONAL OR SCIENTIFIC PURPOSES.",990-PF,41.881085502878,-87.633883748516,intermediary_or_citywide
Katten Muchin Rosenman Foundation INC,2022,JOHN BUCK COMPANY FOUNDATION,51 N FRANKLIN SUITE 300,CHICAGO,IL,60606,8000,PAYMENT TO CHARITY THAT IS NOT COUNTED AS A QD SINCE IT FALLS UNDER SECTION 4941.,990-PF,41.882258493941,-87.635241606783,intermediary_or_citywide
Katten Muchin Rosenman Foundation INC,2022,JUDD GOLDMAN ADAPTIVE SAILING FOUNDATION,875 N MICHIGAN AVE STE 3718,CHICAGO,IL,60611,3500,PAYMENT TO CHARITY THAT IS NOT COUNTED AS A QD SINCE IT FALLS UNDER SECTION 4941.,990-PF,41.898768343588,-87.624038249653,intermediary_or_citywide
Katten Muchin Rosenman Foundation INC,2022,JUST THE BEGINNING - A PIPELINE ORG,70 W MADISON ST STE 2900,CHICAGO,IL,60602,25000,PAYMENT TO CHARITY THAT IS NOT COUNTED AS A QD SINCE IT FALLS UNDER SECTION 4941.,990-PF,41.88204491887,-87.630121034318,sited
Katten Muchin Rosenman Foundation INC,2022,LAMBDA LEGAL,105 W ADAMS ST,CHICAGO,IL,60603,5000,"IN ORDER TO MAKE CONTRIBUTIONS FOR CHARITABLE, RELIGIOUS, EDUCATIONAL OR SCIENTIFIC PURPOSES.",990-PF,41.879355850538,-87.631003553079,sited
Katten Muchin Rosenman Foundation INC,2022,LAW FIRM ANTIRACISM ALLIANCE,155 N WACKER DRIVE,CHICAGO,IL,606061787,2500,"IN ORDER TO MAKE CONTRIBUTIONS FOR CHARITABLE, RELIGIOUS, EDUCATIONAL OR SCIENTIFIC PURPOSES.",990-PF,41.884519441369,-87.636751288103,sited
Katten Muchin Rosenman Foundation INC,2022,LAWYERS ASSISTANCE PROGRAM,20 S CLARK ST STE 450,CHICAGO,IL,60603,1000,PAYMENT TO CHARITY THAT IS NOT COUNTED AS A QD SINCE IT FALLS UNDER SECTION 4941.,990-PF,41.881918080181,-87.630956796239,sited
Katten Muchin Rosenman Foundation INC,2022,LAWYERS' COMMITTEE FOR CIVIL RIGHTS UNDER LAW,100 N LA SALLE ST STE 600,CHICAGO,IL,60602,5000,PAYMENT TO CHARITY THAT IS NOT COUNTED AS A QD SINCE IT FALLS UNDER SECTION 4941.,990-PF,41.883268441347,-87.632486206776,sited
Katten Muchin Rosenman Foundation INC,2022,LAWYERS FOR THE CREATIVE ARTS,161 N CLARK ST STE 4300,CHICAGO,IL,60601,12500,PAYMENT TO CHARITY THAT IS NOT COUNTED AS A QD SINCE IT FALLS UNDER SECTION 4941.,990-PF,41.885238782678,-87.630883288957,sited
Katten Muchin Rosenman Foundation INC,2022,LEGAL AID CHICAGO,120 S LA SALLE ST STE 900,CHICAGO,IL,60603,70000,PAYMENT TO CHARITY THAT IS NOT COUNTED AS A QD SINCE IT FALLS UNDER SECTION 4941.,990-PF,41.88008989864,-87.632389221807,sited
Katten Muchin Rosenman Foundation INC,2022,LEGAL COUNCIL FOR HEALTH JUSTICE,17 N STATE STREET STE 1900,CHICAGO,IL,60602,3000,"IN ORDER TO MAKE CONTRIBUTIONS FOR CHARITABLE, RELIGIOUS, EDUCATIONAL OR SCIENTIFIC PURPOSES.",990-PF,41.882740138023,-87.627778646,sited
Katten Muchin Rosenman Foundation INC,2022,LUNGEVITY FOUNDATION,228 SOUTH WABASH AVENUE SUITE 700,CHICAGO,IL,60604,15000,"IN ORDER TO MAKE CONTRIBUTIONS FOR CHARITABLE, RELIGIOUS, EDUCATIONAL OR SCIENTIFIC PURPOSES.",990-PF,41.87888064402,-87.626181519052,intermediary_or_citywide
Katten Muchin Rosenman Foundation INC,2022,MARINE TOYS FOR TOTS FOUNDATION,PO BOX 388500,CHICAGO,IL,60638,5000,"IN ORDER TO MAKE CONTRIBUTIONS FOR CHARITABLE, RELIGIOUS, EDUCATIONAL OR SCIENTIFIC PURPOSES.",990-PF,,,intermediary_or_citywide
Katten Muchin Rosenman Foundation INC,2022,MUSEUM OF CONTEMPORARY ART,220 E CHICAGO AVE,CHICAGO,IL,60611,10000,PAYMENT TO CHARITY THAT IS NOT COUNTED AS A QD SINCE IT FALLS UNDER SECTION 4941.,990-PF,41.896824755958,-87.621756021322,intermediary_or_citywide
Katten Muchin Rosenman Foundation INC,2022,NATIONAL IMMIGRANT JUSTICE CENTER,224 S MICHIGAN AVE,CHICAGO,IL,60604,65000,PAYMENT TO CHARITY THAT IS NOT COUNTED AS A QD SINCE IT FALLS UNDER SECTION 4941.,990-PF,41.879213738823,-87.624498048617,sited
Katten Muchin Rosenman Foundation INC,2022,NATIONAL KIDNEY FOUNDATION OF ILLINOIS,215 WEST ILLINOIS,CHICAGO,IL,60654,50000,PAYMENT TO CHARITY THAT IS NOT COUNTED AS A QD SINCE IT FALLS UNDER SECTION 4941.,990-PF,41.89072176002,-87.634698723569,sited
Katten Muchin Rosenman Foundation INC,2022,NAVY PIER INC,600 EAST GRAND AVENUE,CHICAGO,IL,606113419,15000,"IN ORDER TO MAKE CONTRIBUTIONS FOR CHARITABLE, RELIGIOUS, EDUCATIONAL OR SCIENTIFIC PURPOSES.",990-PF,41.891284002437,-87.644451568887,intermediary_or_citywide
Katten Muchin Rosenman Foundation INC,2022,ONE TAIL AT A TIME,2144 N WOOD ST,CHICAGO,IL,60614,2500,PAYMENT TO CHARITY THAT IS NOT COUNTED AS A QD SINCE IT FALLS UNDER SECTION 4941.,990-PF,41.920833974632,-87.672923930328,sited
Katten Muchin Rosenman Foundation INC,2022,PUBLIC INTEREST LAW INITIATIVE,105 W MADISON ST STE 610,CHICAGO,IL,60602,15000,PAYMENT TO CHARITY THAT IS NOT COUNTED AS A QD SINCE IT FALLS UNDER SECTION 4941.,990-PF,41.881920850103,-87.631087798947,sited
Katten Muchin Rosenman Foundation INC,2022,READER INSTITUTE FOR COMMUNITY JOURNALISM,2930 S MICHIGAN AVE STE 102,CHICAGO,IL,60616,1000,PAYMENT TO CHARITY THAT IS NOT COUNTED AS A QD SINCE IT FALLS UNDER SECTION 4941.,990-PF,41.841414856654,-87.62360690116,sited
Katten Muchin Rosenman Foundation INC,2022,SPECIAL CHILDREN'S CHARITIES,2 EAST EIGHTH STREET SUITE 2M,CHICAGO,IL,60605,1500,PAYMENT TO CHARITY THAT IS NOT COUNTED AS A QD SINCE IT FALLS UNDER SECTION 4941.,990-PF,41.871865443017,-87.627377807361,sited
Katten Muchin Rosenman Foundation INC,2022,SWEDISH COVENANT HOSPITAL FOUNDATION,5145 N CALIFORNIA AVE,CHICAGO,IL,60625,5000,PAYMENT TO CHARITY THAT IS NOT COUNTED AS A QD SINCE IT FALLS UNDER SECTION 4941.,990-PF,41.799919171078,-87.693893719689,intermediary_or_citywide
Katten Muchin Rosenman Foundation INC,2022,THE BREAKTHROUGH BOARD,5801 S ELLIS AVENUE,CHICAGO,IL,60637,25000,PAYMENT TO CHARITY THAT IS NOT COUNTED AS A QD SINCE IT FALLS UNDER SECTION 4941.,990-PF,41.789553508174,-87.601183264568,sited
Katten Muchin Rosenman Foundation INC,2022,THE WOMANS BOARD OF RUSH UNIVERSITY MEDICAL CENTER,1725 WEST HARRISON STREET SUITE 545,CHICAGO,IL,606123824,5000,"IN ORDER TO MAKE CONTRIBUTIONS FOR CHARITABLE, RELIGIOUS, EDUCATIONAL OR SCIENTIFIC PURPOSES.",990-PF,41.874073003519,-87.670180897281,intermediary_or_citywide
Katten Muchin Rosenman Foundation INC,2022,TIMELINE THEATRE COMPANY,615 W WELLINGTON AVE,CHICAGO,IL,60657,5000,PAYMENT TO CHARITY THAT IS NOT COUNTED AS A QD SINCE IT FALLS UNDER SECTION 4941.,990-PF,41.936433416616,-87.64489803475,sited
Katten Muchin Rosenman Foundation INC,2022,UPBEAT MUSIC AND ARTS,2619 W HOMER ST,CHICAGO,IL,60647,1000,PAYMENT TO CHARITY THAT IS NOT COUNTED AS A QD SINCE IT FALLS UNDER SECTION 4941.,990-PF,41.916561770114,-87.692773387849,sited
Katten Muchin Rosenman Foundation INC,2022,USO OF ILLINOIS,333 N MICHIGAN AVE,CHICAGO,IL,60601,8000,PAYMENT TO CHARITY THAT IS NOT COUNTED AS A QD SINCE IT FALLS UNDER SECTION 4941.,990-PF,41.887717519044,-87.624478897778,sited
Katten Muchin Rosenman Foundation INC,2022,WOOD FAMILY FOUNDATION,121 W WACKER DR STE 619,CHICAGO,IL,606011781,10000,PAYMENT TO CHARITY THAT IS NOT COUNTED AS A QD SINCE IT FALLS UNDER SECTION 4941.,990-PF,41.886816849278,-87.631352022473,intermediary_or_citywide
Katten Muchin Rosenman Foundation INC,2022,YOUTH GUIDANCE,1 NORTH LASALLE ST,CHICAGO,IL,60602,3500,PAYMENT TO CHARITY THAT IS NOT COUNTED AS A QD SINCE IT FALLS UNDER SECTION 4941.,990-PF,41.88201744155,-87.632282792682,sited
Katten Muchin Rosenman Foundation INC,2023,AFTER SCHOOL MATTERS,66 E RANDOLPH ST,CHICAGO,IL,60601,10000,PAYMENT TO CHARITY THAT IS NOT COUNTED AS A QD SINCE IT FALLS UNDER SECTION 4941.,990-PF,41.88455544074,-87.625548107337,sited
Katten Muchin Rosenman Foundation INC,2023,ALZHEIMER'S ASSOCIATION,225 N MICHIGAN AVE,CHICAGO,IL,60603,10000,PAYMENT TO CHARITY THAT IS NOT COUNTED AS A QD SINCE IT FALLS UNDER SECTION 4941.,990-PF,41.886567067898,-87.624456678273,sited
Katten Muchin Rosenman Foundation INC,2023,ASCEND JUSTICE,555 W HARRISON ST RM 1900,CHICAGO,IL,60607,5000,PAYMENT TO CHARITY THAT IS NOT COUNTED AS A QD SINCE IT FALLS UNDER SECTION 4941.,990-PF,41.874319649623,-87.641756553099,sited
Katten Muchin Rosenman Foundation INC,2023,BOYS & GIRLS CLUBS OF CHICAGO,2102 W MONROE STREET,CHICAGO,IL,60612,16000,PAYMENT TO CHARITY THAT IS NOT COUNTED AS A QD SINCE IT FALLS UNDER SECTION 4941.,990-PF,41.880026152215,-87.679181884502,sited
Katten Muchin Rosenman Foundation INC,2023,CANCER RESEARCH FOUNDATION CHICAGO CHAPTER,6200 N HIAWATHA AVENUE SUITE 640,CHICAGO,IL,60646,10000,"IN ORDER TO MAKE CONTRIBUTIONS FOR CHARITABLE, RELIGIOUS, EDUCATIONAL OR SCIENTIFIC PURPOSES.",990-PF,41.99361334834,-87.74965925662,sited
Katten Muchin Rosenman Foundation INC,2023,CANCER RESEARCH FOUNDATION CHICAGO CHAPTER,6200 N HIAWATHA AVENUE SUITE 640,CHICAGO,IL,60646,5000,"IN ORDER TO MAKE CONTRIBUTIONS FOR CHARITABLE, RELIGIOUS, EDUCATIONAL OR SCIENTIFIC PURPOSES.",990-PF,41.99361334834,-87.74965925662,sited
Katten Muchin Rosenman Foundation INC,2023,CENTER FOR CONFLICT RESOLUTION,11 E ADAMS ST STE 500,CHICAGO,IL,60603,2000,PAYMENT TO CHARITY THAT IS NOT COUNTED AS A QD SINCE IT FALLS UNDER SECTION 4941.,990-PF,41.879438567535,-87.627314442138,sited
Katten Muchin Rosenman Foundation INC,2023,CHICAGO COMMITTEE ON MINORITIES IN LARGE LAW FIRMS,70 W MADISON ST STE 3300,CHICAGO,IL,60602,7000,"IN ORDER TO MAKE CONTRIBUTIONS FOR CHARITABLE, RELIGIOUS, EDUCATIONAL OR SCIENTIFIC PURPOSES.",990-PF,41.88204491887,-87.630121034318,sited
Katten Muchin Rosenman Foundation INC,2023,CHICAGO BAR FOUNDATION,321 S PLYMOUTH CT SUITE 3B,CHICAGO,IL,60604,37285,"IN ORDER TO MAKE CONTRIBUTIONS FOR CHARITABLE, RELIGIOUS, EDUCATIONAL OR SCIENTIFIC PURPOSES.",990-PF,41.877692411713,-87.62867602091,intermediary_or_citywide
Katten Muchin Rosenman Foundation INC,2023,CHICAGO CHILDREN'S ADVOCACY CENTER,1240 S DAMEN AVE,CHICAGO,IL,60608,3000,PAYMENT TO CHARITY THAT IS NOT COUNTED AS A QD SINCE IT FALLS UNDER SECTION 4941.,990-PF,41.865461597109,-87.676287526432,sited
Katten Muchin Rosenman Foundation INC,2023,CHICAGO LAWYERS COMMITTEE FOR CIVIL RIGHTS,100 N LASALLE ST STE 600,CHICAGO,IL,60602,44625,"IN ORDER TO MAKE CONTRIBUTIONS FOR CHARITABLE, RELIGIOUS, EDUCATIONAL OR SCIENTIFIC PURPOSES.",990-PF,41.883268441347,-87.632486206776,sited
Katten Muchin Rosenman Foundation INC,2023,CHICAGO LAWYERS COMMITTEE FOR CIVIL RIGHTS,100 N LASALLE ST STE 600,CHICAGO,IL,60602,6000,PAYMENT TO CHARITY THAT IS NOT COUNTED AS A QD SINCE IT FALLS UNDER SECTION 4941.,990-PF,41.883268441347,-87.632486206776,sited
Katten Muchin Rosenman Foundation INC,2023,CHICAGO SUMMER BUSINESS INSTITUTE,PO BOX 64445,CHICAGO,IL,60664,5000,"IN ORDER TO MAKE CONTRIBUTIONS FOR CHARITABLE, RELIGIOUS, EDUCATIONAL OR SCIENTIFIC PURPOSES.",990-PF,,,intermediary_or_citywide
Katten Muchin Rosenman Foundation INC,2023,CHICAGO UNITED,300 E RANDOLPH ST STE CL920,CHICAGO,IL,60601,10000,"IN ORDER TO MAKE CONTRIBUTIONS FOR CHARITABLE, RELIGIOUS, EDUCATIONAL OR SCIENTIFIC PURPOSES.",990-PF,41.884573440455,-87.620479292826,sited
Katten Muchin Rosenman Foundation INC,2023,CHICAGO VOLUNTEER LEGAL SERVICES,33 N DEARBORN ST STE 400,CHICAGO,IL,60602,4099,"IN ORDER TO MAKE CONTRIBUTIONS FOR CHARITABLE, RELIGIOUS, EDUCATIONAL OR SCIENTIFIC PURPOSES.",990-PF,41.882737574404,-87.629349530679,sited
Katten Muchin Rosenman Foundation INC,2023,CHICAGO WHITE SOX CHARITIES,333 W 35TH ST,CHICAGO,IL,606163621,5000,PAYMENT TO CHARITY THAT IS NOT COUNTED AS A QD SINCE IT FALLS UNDER SECTION 4941.,990-PF,41.830870190786,-87.633444960366,sited
Katten Muchin Rosenman Foundation INC,2023,COMMUNITIES IN SCHOOL OF CHICAGO,815 W VAN BUREN ST STE 300,CHICAGO,IL,60607,10000,PAYMENT TO CHARITY THAT IS NOT COUNTED AS A QD SINCE IT FALLS UNDER SECTION 4941.,990-PF,41.876603022207,-87.648075570713,sited
Katten Muchin Rosenman Foundation INC,2023,EVERTHRIVE ILLINOIS,1006 S MICHIGAN AVE STE 200,CHICAGO,IL,60605,10000,PAYMENT TO CHARITY THAT IS NOT COUNTED AS A QD SINCE IT FALLS UNDER SECTION 4941.,990-PF,41.869974015503,-87.624282694695,sited
Katten Muchin Rosenman Foundation INC,2023,FELLOWS OF THE AMERICAN BAR FOUNDATION,750 N LAKE SHORE DR FL 4TH,CHICAGO,IL,606114557,3000,"IN ORDER TO MAKE CONTRIBUTIONS FOR CHARITABLE, RELIGIOUS, EDUCATIONAL OR SCIENTIFIC PURPOSES.",990-PF,41.895891345476,-87.616496759914,intermediary_or_citywide
Katten Muchin Rosenman Foundation INC,2023,GOODMAN THEATRE,170 N DEARBORN ST,CHICAGO,IL,60601,30000,PAYMENT TO CHARITY THAT IS NOT COUNTED AS A QD SINCE IT FALLS UNDER SECTION 4941.,990-PF,41.885165897733,-87.629554228101,sited
Katten Muchin Rosenman Foundation INC,2023,HELP FOR CHILDREN,5875 N LINCOLN AVE,CHICAGO,IL,60659,45000,"IN ORDER TO MAKE CONTRIBUTIONS FOR CHARITABLE, RELIGIOUS, EDUCATIONAL OR SCIENTIFIC PURPOSES.",990-PF,41.988140662247,-87.703475517466,sited
Katten Muchin Rosenman Foundation INC,2023,HOPE CHICAGO INC,303 E WACKER DRIVE SUITE 360,CHICAGO,IL,606015312,1000,"IN ORDER TO MAKE CONTRIBUTIONS FOR CHARITABLE, RELIGIOUS, EDUCATIONAL OR SCIENTIFIC PURPOSES.",990-PF,41.887748427515,-87.620522089915,sited
Katten Muchin Rosenman Foundation INC,2023,IVCA PROMOTING DIVERSITY FOUNDATION,27 NORTH WACKER DRIVE SUITE 405,CHICAGO,IL,606062800,7500,PAYMENT TO CHARITY THAT IS NOT COUNTED AS A QD SINCE IT FALLS UNDER SECTION 4941.,990-PF,41.882704101041,-87.636706420118,intermediary_or_citywide
Katten Muchin Rosenman Foundation INC,2023,JEWISH UNITED FUND,30 S WELLS ST,CHICAGO,IL,60606,212763,"IN ORDER TO MAKE CONTRIBUTIONS FOR CHARITABLE, RELIGIOUS, EDUCATIONAL OR SCIENTIFIC PURPOSES.",990-PF,41.881085502878,-87.633883748516,intermediary_or_citywide
Katten Muchin Rosenman Foundation INC,2023,JOHN BUCK COMPANY FOUNDATION,51 N FRANKLIN SUITE 300,CHICAGO,IL,60606,3000,PAYMENT TO CHARITY THAT IS NOT COUNTED AS A QD SINCE IT FALLS UNDER SECTION 4941.,990-PF,41.882258493941,-87.635241606783,intermediary_or_citywide
Katten Muchin Rosenman Foundation INC,2023,JUDD GOLDMAN ADAPTIVE SAILING FOUNDATION,875 N MICHIGAN AVE STE 3718,CHICAGO,IL,60611,5000,"IN ORDER TO MAKE CONTRIBUTIONS FOR CHARITABLE, RELIGIOUS, EDUCATIONAL OR SCIENTIFIC PURPOSES.",990-PF,41.898768343588,-87.624038249653,intermediary_or_citywide
Katten Muchin Rosenman Foundation INC,2023,LAW FIRM ANTIRACISM ALLIANCE,155 N WACKER DRIVE,CHICAGO,IL,606061787,2500,"IN ORDER TO MAKE CONTRIBUTIONS FOR CHARITABLE, RELIGIOUS, EDUCATIONAL OR SCIENTIFIC PURPOSES.",990-PF,41.884519441369,-87.636751288103,sited
Katten Muchin Rosenman Foundation INC,2023,LEGAL AID CHICAGO,120 S LASALLE ST STE 900,CHICAGO,IL,60603,80000,PAYMENT TO CHARITY THAT IS NOT COUNTED AS A QD SINCE IT FALLS UNDER SECTION 4941.,990-PF,41.88008989864,-87.632389221807,sited
Katten Muchin Rosenman Foundation INC,2023,LEGAL AID CHICAGO,120 S LA ALLE ST STE 900,CHICAGO,IL,60603,1000,"IN ORDER TO MAKE CONTRIBUTIONS FOR CHARITABLE, RELIGIOUS, EDUCATIONAL OR SCIENTIFIC PURPOSES.",990-PF,41.88008989864,-87.632389221807,sited
Katten Muchin Rosenman Foundation INC,2023,LESTER AND ROSALIE ANIXTER CENTER,6610 N CLARK ST,CHICAGO,IL,60626,2500,PAYMENT TO CHARITY THAT IS NOT COUNTED AS A QD SINCE IT FALLS UNDER SECTION 4941.,990-PF,42.002030972542,-87.67205195963,sited
Katten Muchin Rosenman Foundation INC,2023,LOYOLA UNIVERSITY FAMILY BUSINESS CTR,820 N MICHIGAN AVE,CHICAGO,IL,60611,20000,PAYMENT TO CHARITY THAT IS NOT COUNTED AS A QD SINCE IT FALLS UNDER SECTION 4941.,990-PF,41.897778543221,-87.624179231671,intermediary_or_citywide
Katten Muchin Rosenman Foundation INC,2023,LUNGEVITY FOUNDATION,228 SOUTH WABASH AVENUE SUITE 700,CHICAGO,IL,60604,15000,"IN ORDER TO MAKE CONTRIBUTIONS FOR CHARITABLE, RELIGIOUS, EDUCATIONAL OR SCIENTIFIC PURPOSES.",990-PF,41.87888064402,-87.626181519052,intermediary_or_citywide
Katten Muchin Rosenman Foundation INC,2023,LURIE CHILDREN'S FOUNDATION,225 E CHICAGO AVE BOX 282,CHICAGO,IL,60611,10000,PAYMENT TO CHARITY THAT IS NOT COUNTED AS A QD SINCE IT FALLS UNDER SECTION 4941.,990-PF,41.896693751301,-87.622923905467,intermediary_or_citywide
Katten Muchin Rosenman Foundation INC,2023,NATIONAL IMMIGRANT JUSTICE CENTER,224 S MICHIGAN AVE,CHICAGO,IL,60604,35000,"IN ORDER TO MAKE CONTRIBUTIONS FOR CHARITABLE, RELIGIOUS, EDUCATIONAL OR SCIENTIFIC PURPOSES.",990-PF,41.879213738823,-87.624498048617,sited
Katten Muchin Rosenman Foundation INC,2023,NATIONAL KIDNEY FOUNDATION OF ILLINOIS,215 WEST ILLINOIS,CHICAGO,IL,60654,50000,PAYMENT TO CHARITY THAT IS NOT COUNTED AS A QD SINCE IT FALLS UNDER SECTION 4941.,990-PF,41.89072176002,-87.634698723569,sited
Katten Muchin Rosenman Foundation INC,2023,NAVY PIER INC,600 EAST GRAND AVENUE,CHICAGO,IL,606113419,25000,PAYMENT TO CHARITY THAT IS NOT COUNTED AS A QD SINCE IT FALLS UNDER SECTION 4941.,990-PF,41.891284002437,-87.644451568887,intermediary_or_citywide
Katten Muchin Rosenman Foundation INC,2023,ONE TAIL AT A TIME,2144 N WOOD ST,CHICAGO,IL,60614,3250,PAYMENT TO CHARITY THAT IS NOT COUNTED AS A QD SINCE IT FALLS UNDER SECTION 4941.,990-PF,41.920833974632,-87.672923930328,sited
Katten Muchin Rosenman Foundation INC,2023,SHIRLEY RYAN ABILITYLAB,355 EAST ERIE,CHICAGO,IL,60611,7500,"IN ORDER TO MAKE CONTRIBUTIONS FOR CHARITABLE, RELIGIOUS, EDUCATIONAL OR SCIENTIFIC PURPOSES.",990-PF,41.894168660526,-87.619125924909,sited
Katten Muchin Rosenman Foundation INC,2023,THE CHICAGO BAR ASSOCIATION - YLS,321 S PLYMOUTH CT SUITE 3B,CHICAGO,IL,60604,2500,PAYMENT TO CHARITY THAT IS NOT COUNTED AS A QD SINCE IT FALLS UNDER SECTION 4941.,990-PF,41.877692411713,-87.62867602091,sited
Katten Muchin Rosenman Foundation INC,2023,THE WOMANS BOARD OF RUSH UNIVERSITY MEDICAL CENTER,1725 WEST HARRISON STREET SUITE 545,CHICAGO,IL,606123824,5000,PAYMENT TO CHARITY THAT IS NOT COUNTED AS A QD SINCE IT FALLS UNDER SECTION 4941.,990-PF,41.874073003519,-87.670180897281,intermediary_or_citywide
Katten Muchin Rosenman Foundation INC,2023,TIMELINE THEATRE COMPANY,615 W WELLINGTON AVE,CHICAGO,IL,60657,5000,PAYMENT TO CHARITY THAT IS NOT COUNTED AS A QD SINCE IT FALLS UNDER SECTION 4941.,990-PF,41.936433416616,-87.64489803475,sited
Katten Muchin Rosenman Foundation INC,2023,YOUTH GUIDANCE,1 NORTH LASALLE ST,CHICAGO,IL,60602,5000,PAYMENT TO CHARITY THAT IS NOT COUNTED AS A QD SINCE IT FALLS UNDER SECTION 4941.,990-PF,41.88201744155,-87.632282792682,sited
Katten Muchin Rosenman Foundation INC,2024,AMERICAN BAR ASSOCIATION FUND FOR JUSTICE AND EDUCATION,321 N CLARK ST,CHICAGO,IL,60654,1000,"IN ORDER TO MAKE CONTRIBUTIONS FOR CHARITABLE, RELIGIOUS, EDUCATIONAL OR SCIENTIFIC PURPOSES.",990-PF,41.88812415326,-87.630961388177,intermediary_or_citywide
Katten Muchin Rosenman Foundation INC,2024,FIGUEROA WU FAMILY FOUNDATION,2124 S ASHLAND AVE,CHICAGO,IL,60608,1000,"IN ORDER TO MAKE CONTRIBUTIONS FOR CHARITABLE, RELIGIOUS, EDUCATIONAL OR SCIENTIFIC PURPOSES.",990-PF,41.853919637548,-87.66612313186,sited
Katten Muchin Rosenman Foundation INC,2024,JEWISH UNITED FUND,30 S WELLS ST,CHICAGO,IL,60606,43100,"IN ORDER TO MAKE CONTRIBUTIONS FOR CHARITABLE, RELIGIOUS, EDUCATIONAL OR SCIENTIFIC PURPOSES.",990-PF,41.881085502878,-87.633883748516,intermediary_or_citywide
Division Fund,2021,Rehabilitation Institute of Chicago,345 E Superior Street,CHICAGO,IL,60611,125000,New Research Hospital,990-PF,41.895774154124,-87.618431719415,sited
Division Fund,2021,University of Chicago,5801 S Ellis Avenue,CHICAGO,IL,60637,100000,School of Social Service Administration,990-PF,41.789553508174,-87.601183264568,sited
Division Fund,2021,Jewish United Fund of Metropolitan Chicago,30 South Wells Street,CHICAGO,IL,60606,200000,Annual Campaign,990-PF,41.881085502878,-87.633883748516,intermediary_or_citywide
Division Fund,2021,Anti Defamation League,120 South LaSalle Street,CHICAGO,IL,60603,20000,Annual Campaign,990-PF,41.88008989864,-87.632389221807,sited
Division Fund,2021,Greater Chicago Food Depository,4100 West Ann Lurie Place,CHICAGO,IL,60632,50000,General Use,990-PF,,,intermediary_or_citywide
Division Fund,2021,Jewish United Fund of Metropolitan Chicago,30 South Wells Street,CHICAGO,IL,60606,100000,Israel Action Network,990-PF,41.881085502878,-87.633883748516,intermediary_or_citywide
Division Fund,2021,Jewish Federation of Metropolitan Chicago,30 South Wells Street,CHICAGO,IL,60606,40000,Ezra Multi Service Center,990-PF,41.881085502878,-87.633883748516,intermediary_or_citywide
Division Fund,2021,Old Town School of Folk Music,4544 North Lincoln Avenue,CHICAGO,IL,60625,5000,General Use,990-PF,41.963945333996,-87.685578811133,sited
Division Fund,2021,Council for Jewish Elderly,3003 W Touhy Avenue,CHICAGO,IL,60645,118900,Gidwitz Place Renovation,990-PF,42.011905047554,-87.704561476946,sited
Division Fund,2021,Jewish United Fund,30 South Wells Street,CHICAGO,IL,60603,100000,Fund For The FuturePJ Library,990-PF,41.881085502878,-87.633883748516,intermediary_or_citywide
Division Fund,2022,Rehabilitation Institute of Chicago,345 E Superior Street,CHICAGO,IL,60611,125000,New Research Hospital,990-PF,41.895774154124,-87.618431719415,sited
Division Fund,2022,University of Chicago,5801 S Ellis Avenue,CHICAGO,IL,60637,100000,School of Social Service Administration,990-PF,41.789553508174,-87.601183264568,sited
Division Fund,2022,Jewish United Fund,30 South Wells Street,CHICAGO,IL,60606,100000,Fund For the FuturePJ Library,990-PF,41.881085502878,-87.633883748516,intermediary_or_citywide
Division Fund,2022,Council for Jewish Elderly,3003 W Touhy Avenue,CHICAGO,IL,60645,200000,Gidwitz Place Renovation,990-PF,42.011905047554,-87.704561476946,sited
Division Fund,2022,Jewish United Fund of Metropolitan Chicago,30 South Wells Street,CHICAGO,IL,60606,200000,Annual Campaign,990-PF,41.881085502878,-87.633883748516,intermediary_or_citywide
Division Fund,2022,Anti Defamation League,120 South LaSalle Street,CHICAGO,IL,60603,20000,Annual Campaign,990-PF,41.88008989864,-87.632389221807,sited
Division Fund,2022,Greater Chicago Food Depository,4100 West Anne Lurie Place,CHICAGO,IL,60632,50000,General Use,990-PF,,,intermediary_or_citywide
Division Fund,2022,Jewish United Fund,30 South Wells Street,CHICAGO,IL,60606,100000,Ukraine Emergency Fund,990-PF,41.881085502878,-87.633883748516,intermediary_or_citywide
Division Fund,2022,Jewish Federation of Metropolitan Chicago,30 South Wells Street,CHICAGO,IL,60606,40000,Ezra Multi Service Center,990-PF,41.881085502878,-87.633883748516,intermediary_or_citywide
Division Fund,2022,Jewish United Fund of Metroploitan Chicago,30 South Wells Street,CHICAGO,IL,60606,100000,Israel Action Network,990-PF,41.881085502878,-87.633883748516,intermediary_or_citywide
Division Fund,2022,Old Town School of Folk Music,4544 North Lincoln Avenue,CHICAGO,IL,60625,7500,General Use,990-PF,41.963945333996,-87.685578811133,sited
Division Fund,2023,Rehabilitation Institute of Chicago,345 E Superior Street,CHICAGO,IL,60611,125000,New Research Hospital,990-PF,41.895774154124,-87.618431719415,sited
Division Fund,2023,University of Chicago,5801 S Ellis Avenue,CHICAGO,IL,60637,250000,School of Social Service Administration,990-PF,41.789553508174,-87.601183264568,sited
Division Fund,2023,Jewish United Fund,30 South Wells Street,CHICAGO,IL,60606,100000,Fund For the FuturePJ Library,990-PF,41.881085502878,-87.633883748516,intermediary_or_citywide
Division Fund,2023,Council for Jewish Elderly,3003 W Touhy Avenue,CHICAGO,IL,60645,290000,Gidwitz Place Renovation,990-PF,42.011905047554,-87.704561476946,sited
Division Fund,2023,Jewish United Fund of Metropolitan Chicago,30 South Wells Street,CHICAGO,IL,60606,200000,Annual Campaign,990-PF,41.881085502878,-87.633883748516,intermediary_or_citywide
Division Fund,2023,Anti Defamation League,120 South LaSalle Street,CHICAGO,IL,60603,20000,Annual Campaign,990-PF,41.88008989864,-87.632389221807,sited
Division Fund,2023,Greater Chicago Food Depository,4100 West Anne Lurie Place,CHICAGO,IL,60632,50000,General Use,990-PF,,,intermediary_or_citywide
Division Fund,2023,Jewish United Fund,30 South Wells Street,CHICAGO,IL,60606,500000,Israel Emergency Fund,990-PF,41.881085502878,-87.633883748516,intermediary_or_citywide
Division Fund,2023,Jewish United Fund of Metropolitan Chicago,30 South Wells Street,CHICAGO,IL,60606,100000,Israel Action Network,990-PF,41.881085502878,-87.633883748516,intermediary_or_citywide
Division Fund,2023,Old Town School of Folk Music,4544 North Lincoln Avenue,CHICAGO,IL,60625,7500,General Use,990-PF,41.963945333996,-87.685578811133,sited
Division Fund,2024,University of Chicago,5801 S Ellis Avenue,CHICAGO,IL,60637,250000,School of Social Service Administration,990-PF,41.789553508174,-87.601183264568,sited
Division Fund,2024,Jewish United Fund,30 South Wells Street,CHICAGO,IL,60606,100000,Fund for the Future-PJ Library,990-PF,41.881085502878,-87.633883748516,intermediary_or_citywide
Division Fund,2024,Council for Jewish Elderly,3003 W Touhy Avenue,CHICAGO,IL,60645,300000,Gidwitz Place,990-PF,42.011905047554,-87.704561476946,sited
Division Fund,2024,Jewish United Fund of Metropolitan Chicago,30 South Wells Street,CHICAGO,IL,60606,200000,Annual Campaign,990-PF,41.881085502878,-87.633883748516,intermediary_or_citywide
Division Fund,2024,Anti Defamation League,120 South LaSalle Street,CHICAGO,IL,60603,20000,Annual Campaign,990-PF,41.88008989864,-87.632389221807,sited
Division Fund,2024,Greater Chicago Food Depository,4100 West Anne Lurie Place,CHICAGO,IL,60632,50000,General Use,990-PF,,,intermediary_or_citywide
Division Fund,2024,Jewish United Fund of Metropolitan Chicago,30 South Wells Street,CHICAGO,IL,60606,100000,Israel Action Network,990-PF,41.881085502878,-87.633883748516,intermediary_or_citywide
Division Fund,2024,Jewish United Fund,30 South Wells Street,CHICAGO,IL,60606,50000,Israel Education Center,990-PF,41.881085502878,-87.633883748516,intermediary_or_citywide
Division Fund,2024,Old Town School of Folk Musinc,4544 North Lincoln Avenue,CHICAGO,IL,60625,7500,Youth Outreach Programs,990-PF,41.963945333996,-87.685578811133,sited
Division Fund,2024,Council for Jewish Elderly,3003 W Touhy Avenue,CHICAGO,IL,60645,100000,Anshe Emet Needs Assessment Study,990-PF,42.011905047554,-87.704561476946,sited
Division Fund,2024,Jewish United Fund of Metropolitan Chicago,30 South Wells Street,CHICAGO,IL,60606,45000,Ezra Multi Service Center,990-PF,41.881085502878,-87.633883748516,intermediary_or_citywide
Division Fund,2024,Cara Collective,237 S Des Plaines Street,CHICAGO,IL,60661,15000,General Use,990-PF,41.879011277991,-87.643957283452,sited
JMR Chairities INC,2021,AMERICAN HEART ASSOCIATION,300 S RIVERSIDE,CHICAGO,IL,60606,25000,ALL UNRESTRICTED DONATIONS,990-PF,,,intermediary_or_citywide
JMR Chairities INC,2021,CHICAGO HISTORICAL SOCIETY,1601 N CLARK,CHICAGO,IL,60614,1000,ALL UNRESTRICTED DONATIONS,990-PF,41.91125225948,-87.631620549744,sited
JMR Chairities INC,2021,CITIZENSHIP EDUCATION FUND,930 E 50TH,CHICAGO,IL,60615,10000,ALL UNRESTRICTED DONATIONS,990-PF,41.80417645325,-87.602419895563,sited
JMR Chairities INC,2021,JESSE WHITE FOUNDATION,412 W CHICAGO,CHICAGO,IL,60610,10000,ALL UNRESTRICTED DONATIONS,990-PF,41.896588439419,-87.638872295432,sited
JMR Chairities INC,2021,MICHAEL REESE,2600 S MICHIGAN,CHICAGO,IL,60616,1000,ALL UNRESTRICTED DONATIONS,990-PF,41.845578008736,-87.623710013574,sited
JMR Chairities INC,2021,NORTHWESTERN MEMORIAL FOUNDATION,633 CLARK ST,CHICAGO,IL,60208,10000,ALL UNRESTRICTED DONATIONS,990-PF,41.873868561707,-87.630579414794,intermediary_or_citywide
JMR Chairities INC,2022,CHICAGO BULLS CHARITIES,1901 W MADISON,CHICAGO,IL,60612,250000,ALL UNRESTRICTED DONATIONS,990-PF,41.881291171765,-87.674216570865,sited
JMR Chairities INC,2022,HAYMARKET CENTER,120 SANGAMON,CHICAGO,IL,60607,25000,ALL UNRESTRICTED DONATIONS,990-PF,41.880136028624,-87.650889977681,sited
JMR Chairities INC,2022,JEWISH UNITED FUND,30 S WELLS ST,CHICAGO,IL,60606,100000,ALL UNRESTRICTED DONATIONS,990-PF,41.881085502878,-87.633883748516,intermediary_or_citywide
JMR Chairities INC,2023,CHICAGO BULLS CHARITIES,1901 W MADISON,CHICAGO,IL,60612,250000,ALL UNRESTRICTED DONATIONS,990-PF,41.881291171765,-87.674216570865,sited
JMR Chairities INC,2023,CHICAGO WHITE SOX CHARITIES,1901 W MADISON,CHICAGO,IL,60612,175000,ALL UNRESTRICTED DONATIONS,990-PF,41.881291171765,-87.674216570865,sited
JMR Chairities INC,2023,HAYMARKET CENTER,120 SANGAMON,CHICAGO,IL,60607,10000,ALL UNRESTRICTED DONATIONS,990-PF,41.880136028624,-87.650889977681,sited
JMR Chairities INC,2023,JEWISH UNITED FUND,30 S WELLS ST,CHICAGO,IL,60606,100000,ALL UNRESTRICTED DONATIONS,990-PF,41.881085502878,-87.633883748516,intermediary_or_citywide
JMR Chairities INC,2023,OFF THE STREET CLUB,25 N KARLOV,CHICAGO,IL,60624,10000,ALL UNRESTRICTED DONATIONS,990-PF,41.88155528198,-87.728066002412,sited
JMR Chairities INC,2024,HAYMARKET CENTER,120 SANGAMON,CHICAGO,IL,60607,10000,ALL UNRESTRICTED DONATIONS,990-PF,41.880136028624,-87.650889977681,sited
JMR Chairities INC,2024,JEWISH UNITED FUND,30 S WELLS ST,CHICAGO,IL,60606,100000,ALL UNRESTRICTED DONATIONS,990-PF,41.881085502878,-87.633883748516,intermediary_or_citywide
Aon Foundation,2021,AMERICAN RED CROSS OF ILLINOIS,2200 W HARRISON ST,CHICAGO,IL,60612,500000,DISASTER PREPAREDNESS AND RESPONSE PROGRAMS,990-PF,41.874022733816,-87.681427159324,sited
Aon Foundation,2021,CHICAGO ACADEMY OF SCIENCES,2430 N CANNON DR,CHICAGO,IL,606142874,10000,INSPIRE PEOPLE TO LEARN ABOUT AND CARE FOR NATURE AND THE ENVIRONMENT,990-PF,41.927107827526,-87.634471738483,sited
Aon Foundation,2021,CHILDRENS HOME & AID SOCIETY FOUNDATION,125 S WACKER DR STE 1400,CHICAGO,IL,606064429,25000,"GIVE CHILDREN HELP, HOPE AND OPPORTUNITY",990-PF,41.880286916026,-87.636650393905,intermediary_or_citywide
Aon Foundation,2021,FACING HISTORY AND OURSELVES,2 N LASALLE ST STE 23002 N LASALLE,CHICAGO,IL,60602,75000,"TO ENGAGE STUDENTS OF DIVERSE BACKGROUDS IN AN EXAMINATION OF RACISM, PREJUDICE, AND ANTISEMITISM IN ORDER TO PROMOTE THE DEVELOPMENT OF A MORE HUMANE AND INFORMED CITIZENRY",990-PF,41.882017441558,-87.632436705409,sited
Aon Foundation,2021,GREATER CHICAGO FOOD DEPOSITORY,4100 W ANN LURIE PLACE,CHICAGO,IL,606323920,25000,PROVIDING FOOD FOR HUNGRY PEOPLE WHILE STRIVING TO END HUNGER IN OUR COMMUNITY,990-PF,,,intermediary_or_citywide
Aon Foundation,2021,JEWISH UNITED FUND OF METROPOLITAN CHICAGO,30 S WELLS ST RM 4049,CHICAGO,IL,60606,15000,"PROVIDES THE CRITICAL RESOURCES THAT BRING STATE- OF-THE-ART EMERGENCY ASSISTANCE, FOOD, REFUGE, HEALTH CARE AND EDUCATION",990-PF,41.881085502878,-87.633883748516,intermediary_or_citywide
Aon Foundation,2021,JUNIOR ACHIEVEMENT OF CHICAGO,651 W WASHINGTON BLVD STE 404,CHICAGO,IL,606612126,10000,"VOLUNTEER-LED, HANDS-ON, EXPERIENTIAL PROGRAMS TEACH YOUNG PEOPLE THE KEY CONCEPTS OF WORK READINESS, ENTRENEURSHIP AND FINANCIAL LITERACY",990-PF,41.883104198314,-87.644697339863,sited
Aon Foundation,2021,PARTNERSHIP FOR CURES DBA CURES WITHIN REACH,134 N LASALLE STE 1130,CHICAGO,IL,60602,5000,"CURES WITHIN REACH IMPROVES PATIENT QUALITY AND LENGTH OF LIFE BY LEVERAGING THE SPEED, SAFETY AND COST-EFFECTIVENESS OF MEDICAL REPURPOSING RESEARCH, DRIVING MORE TREATMENTS TO MORE PATIENTS MORE QUICKLY",990-PF,41.884015378499,-87.632504579496,sited
Aon Foundation,2021,SHIRLEY RYAN ABILITY LAB,355 E ERIE ST,CHICAGO,IL,60611,100000,"PROVIDE QUALITY, COMPREHENSIVE REHABILITATION",990-PF,41.894168660526,-87.619125924909,sited
Aon Foundation,2021,UNITED WAY OF METROPOLITAN CHICAGO,560 W LAKE ST,CHICAGO,IL,606044503,200000,"SUPPORT TO COMMUNITY-BASED ORGANIZATIONS THAT PROVIDE EDUCATION, INCOME, HEALTH PROGRAMS",990-PF,41.885761441475,-87.642472795288,intermediary_or_citywide
Aon Foundation,2021,UNITED WAY OF METROPOLITAN CHICAGO,560 W LAKE ST,CHICAGO,IL,606044503,10000,"SUPPORT TO COMMUNITY-BASED ORGANIZATIONS THAT PROVIDE EDUCATION, INCOME, HEALTH PROGRAMS",990-PF,41.885761441475,-87.642472795288,intermediary_or_citywide
Aon Foundation,2021,UNIVERSITY OF CHICAGO DIVINITY SCHOOL,1025 E 58TH ST,CHICAGO,IL,606371509,45000,GRADUATE AND UNDERGRADUATE DEGREE PROGRAMS,990-PF,41.789535864183,-87.599060743285,intermediary_or_citywide
Aon Foundation,2021,WORLD BUSINESS CHICAGO,177 N STATE ST STE 500,CHICAGO,IL,606013607,100000,TO LEAD AND COORDINATE ECONOMIC DEVELOPMENT EFFORTS WITHIN THE CITY OF CHICAGO,990-PF,41.885321523252,-87.62785209614,sited
Aon Foundation,2022,CHICAGO ACADEMY OF SCIENCES,2430 N CANNON DR,CHICAGO,IL,606142874,10000,Inspire people to learn about and care for nature environment.,990-PF,41.927107827526,-87.634471738483,sited
Aon Foundation,2022,CHILDRENS HOME & AID SOCIETY FOUNDATION,125 S WACKER DR STE 1400,CHICAGO,IL,606064429,25000,"Give children help, hope and opportunity",990-PF,41.880286916026,-87.636650393905,intermediary_or_citywide
Aon Foundation,2022,FACING HISTORY AND OURSELVES,2 N LASALLE ST,CHICAGO,IL,60602,75000,"To engage students of diverse backgrounds in an examination of racism, prejudice, and antisemitism in order to promote the development of a more humane and informed citizenry.",990-PF,41.882017441558,-87.632436705409,sited
Aon Foundation,2022,JEWISH UNITED FUND OF METROPOLITAN CHICAGO,30 S WELLS ST RM 4049,CHICAGO,IL,60606,15000,"Provides the critical resources that bring state-of-the-art emergency assistance, food, refuge, health care and education",990-PF,41.881085502878,-87.633883748516,intermediary_or_citywide
Aon Foundation,2022,JUNIOR ACHIEVEMENT OF CHICAGO,651 W WASHINGTON BLVD STE 404,CHICAGO,IL,606612126,10000,"Volunteer-led, hands-on, experiential programs teach young people the key concepts of work readiness, entrepreneurship and financial literacy.",990-PF,41.883104198314,-87.644697339863,sited
Aon Foundation,2022,PARTNERSHIP FOR CURES DBA CURES WITHIN REACH,134 N LASALLE ST,CHICAGO,IL,60602,10000,"Cures Within Reach improves patient quality and length of life by leveraging the speed, safety and cost-effectiveness of medical repurposing research, driving more treatments to more patients more quickly.",990-PF,41.884015378499,-87.632504579496,sited
Aon Foundation,2022,RUSH UNIVERSITY MEDICAL CENTER,1201 W HARRISON ST SUITE 300,CHICAGO,IL,60607,10000,"Rush's mission is to provide the very best care for our patients Our education & research endeavors, community service programs & relationships with other hospitals are dedicated to enhancing excellence in patients care for the diverse communities of the Chicago area, now & in the future.",990-PF,41.874161615653,-87.657004991389,intermediary_or_citywide
Aon Foundation,2022,SHIRLEY RYAN ABILITY LAB,355 E ERIE ST,CHICAGO,IL,60611,100000,"Provide quality, comprehensive rehabilitation",990-PF,41.894168660526,-87.619125924909,sited
Aon Foundation,2022,ST JOHNS EPISCOPAL CHURCH,4100 W ANN LURIE PLACE,CHICAGO,IL,606323920,10000,Providing faith-based resources for those in St John's parish,990-PF,,,intermediary_or_citywide
Aon Foundation,2022,UNITED WAY OF METROPOLITAN CHICAGO,560 W LAKE ST,CHICAGO,IL,606044503,241000,"Support to community-based organizations that provide education, income, health programs",990-PF,41.885761441475,-87.642472795288,intermediary_or_citywide
Aon Foundation,2022,UNIVERSITY OF CHICAGO,5235 S HARPER COURTH 4TH FLOOR,CHICAGO,IL,60615,45000,Higher education; bequest payment on behalf of Daniel T Carroll,990-PF,41.799935726883,-87.588037196681,sited
Aon Foundation,2022,WORLD BUSINESS CHICAGO,177 N STATE ST STE 500,CHICAGO,IL,606013607,100000,To lead and coordinate economic development effort the city of Chicago,990-PF,41.885321523252,-87.62785209614,sited
Aon Foundation,2023,CHICAGO ACADEMY OF SCIENCES,2430 N CANNON DR CHICAGO IL,CHICAGO,IL,606142874,10000,INSPIRE PEOPLE TO LEARN ABOUT AND CARE FOR NATURE AND THE ENVIRONMENT.,990-PF,41.927107827526,-87.634471738483,sited
Aon Foundation,2023,CHILDRENS HOME & AID SOCIETY OF ILLINOIS,200 W MONROE ST 2100 CHICAGO IL,CHICAGO,IL,60606,10000,"ADVANCING THE WELL-BEING OF CHILDREN BY INVESTING IN FAMILIES TO DISRUPT THE SYSTEMIC AND MULTI-GENERATIONAL CYCLE OF RACIAL, SOCIAL AND ECONOMIC INEQUALITY.",990-PF,41.880719814776,-87.633880215174,sited
Aon Foundation,2023,COMMERCIAL CLUB FOUNDATION,21 S CLARK ST STE 4301 CHICAGO IL,CHICAGO,IL,60603,75000,"FUNDS ACTIVITIES OF THE CIVIC COMMITTEE OF THE COMMERCIAL CLUB OF CHICAGO AND ITS RELATED AND AFFILIATED ORGANIZATIONS IN THEIR MISSIONS TO MAKE THE CHICAGO REGION A BETTER PLACE FOR EVERYONE TO LIVE, WORK AND DO BUSINESS.",990-PF,41.881923760895,-87.630803072709,intermediary_or_citywide
Aon Foundation,2023,FACING HISTORY AND OURSELVES,2 N LASALLE ST STE 2300 CHICAGO IL,CHICAGO,IL,60602,75000,"TO ENGAGE STUDENTS OF DIVERSE BACKGROUNDS IN AN EXAMINATION OF RACISM, PREJUDICE, AND ANTISEMITISM IN ORDER TO PROMOTE THE DEVELOPMENT OF A MORE HUMANE AND INFORMED CITIZENRY.",990-PF,41.882017441558,-87.632436705409,sited
Aon Foundation,2023,JEWISH UNITED FUND OF METROPOLITAN CHICAGO,30 S WELLS ST RM 4049 CHICAGO IL,CHICAGO,IL,60606,15000,"PROVIDES THE CRITICAL RESOURCES THAT BRING STATE-OF-THE-ART EMERGENCY ASSISTANCE, FOOD, REFUGE, HEALTH CARE AND EDUCATION IMPACTING EVERY ASPECT OF LOCAL AND GLOBAL JEWISH LIFE.",990-PF,41.881085502878,-87.633883748516,intermediary_or_citywide
Aon Foundation,2023,JUNIOR ACHIEVEMENT OF CHICAGO,651 W WASHINGTON BLVD STE 404,CHICAGO,IL,606612126,10000,"VOLUNTEER-LED, HANDS-ON, EXPERIENTIAL PROGRAMS TEACH YOUNG PEOPLE THE KEY CONCEPTS OF WORK READINESS, ENTREPRENEURSHIP AND FINANCIAL LITERACY.",990-PF,41.883104198314,-87.644697339863,sited
Aon Foundation,2023,PARTNERSHIP FOR CURES DBA CURES WITHIN REACH,134 N LA SALLE STE 1130 CHICAGO IL,CHICAGO,IL,60602,10000,"IMPROVES PATIENT QUALITY AND LENGTH OF LIFE BY LEVERAGING THE SPEED, SAFETY AND COST-EFFECTIVENESS OF MEDICAL REPURPOSING RESEARCH, DRIVING MORE TREATMENTS TO MORE PATIENTS MORE QUICKLY.",990-PF,41.884015378499,-87.632504579496,sited
Aon Foundation,2023,UNITED WAY OF METROPOLITAN CHICAGO,560 W LAKE ST CHICAGO IL 60604-4503,CHICAGO,IL,606044503,246000,"SUPPORT TO COMMUNITY-BASED ORGANIZATIONS THAT PROVIDE EDUCATION, INCOME, HEALTH PROGRAMS",990-PF,,,intermediary_or_citywide
Aon Foundation,2023,UNITED WAY OF METROPOLITAN CHICAGO,560 W LAKE ST CHICAGO IL 60604-4503,CHICAGO,IL,606044503,10000,"SUPPORT TO COMMUNITY-BASED ORGANIZATIONS THAT PROVIDE EDUCATION, INCOME, HEALTH PROGRAMS",990-PF,,,intermediary_or_citywide
Aon Foundation,2023,WORLD BUSINESS CHICAGO,180 N LA SALLE ST STE 2505 CHICAGO,CHICAGO,IL,60601,100000,TO LEAD AND COORDINATE ECONOMIC DEVELOPMENT EFFORTS WITHIN THE CITY OF CHICAGO,990-PF,41.885176441021,-87.632504208879,sited
Aon Foundation,2024,AMERICAN RED CROSS GREATER CHICAGO CHAPTER,2200 W HARRISON,CHICAGO,IL,60612,500000,GENERAL OPERATING SUPPORT,990-PF,41.874022733816,-87.681427159324,sited
Aon Foundation,2024,ANN & ROBERT H LURIE CHILDRENS HOSPITAL OF CHICAGO FOUNDATION,225 E CHICAGO AVE BOX 4,CHICAGO,IL,606112991,10000,GENERAL OPERATING SUPPORT,990-PF,41.896693751301,-87.622923905467,intermediary_or_citywide
Aon Foundation,2024,BRIGHTPOINT,200 W MONORE ST STE 2100,CHICAGO,IL,60606,15000,GENERAL OPERATING SUPPORT,990-PF,41.880719814776,-87.633880215174,sited
Aon Foundation,2024,CHICAGO ACADEMY OF SCIENCES,2430 N CANNON DR,CHICAGO,IL,606142874,10000,GENERAL OPERATING SUPPORT,990-PF,41.927107827526,-87.634471738483,sited
Aon Foundation,2024,COMMERCIAL CLUB FOUNDATION,21 S CLARK ST STE 4301,CHICAGO,IL,606032022,15000,GENERAL OPERATING SUPPORT,990-PF,41.881923760895,-87.630803072709,intermediary_or_citywide
Aon Foundation,2024,JEWISH UNITED FUND OF METROPOLITAN CHICAGO,30 S WELLS ST ROOM 4059,CHICAGO,IL,606065054,15000,GENERAL OPERATING SUPPORT,990-PF,41.881085502878,-87.633883748516,intermediary_or_citywide
Aon Foundation,2024,JUNIOR ACHIEVEMENT OF CHICAGO,651 W WASHINGTON BLVD STE 404,CHICAGO,IL,606612126,10000,GENERAL OPERATING SUPPORT,990-PF,41.883104198314,-87.644697339863,sited
Aon Foundation,2024,PARTNERSHIP FOR CURES DBA CURES WITHIN REACH,134 N LA SALLE STE 1130,CHICAGO,IL,60602,5000,GENERAL OPERATING SUPPORT,990-PF,41.884015378499,-87.632504579496,sited
Aon Foundation,2024,UNITED WAY OF METROPOLITAN CHICAGO,560 W LAKE ST,CHICAGO,IL,606611420,250000,GENERAL OPERATING SUPPORT,990-PF,41.885761441475,-87.642472795288,intermediary_or_citywide
Aon Foundation,2024,UNITED WAY OF METROPOLITAN CHICAGO,560 W LAKE ST,CHICAGO,IL,606611420,10000,GENERAL OPERATING SUPPORT,990-PF,41.885761441475,-87.642472795288,intermediary_or_citywide
Aon Foundation,2024,WORLD BUSINESS CHICAGO,180 N LA SALLE ST STE 2505,CHICAGO,IL,60601,100000,GENERAL OPERATING SUPPORT,990-PF,41.885176441021,-87.632504208879,sited
Lester and Edward Anixter Family Foundation,2021,THE AMERICAN BLUES THEATER,4809 N RAVENSWOOD AVENUE SUITE 22,CHICAGO,IL,60640,5000,GENERAL,990-PF,41.969110848394,-87.67410548711,sited
Lester and Edward Anixter Family Foundation,2021,ANIXTER CENTER,2001 N CLYBOURN AVENUE 3RD FLOOR,CHICAGO,IL,60614,75000,GENERAL,990-PF,41.917683017384,-87.658837086627,sited
Lester and Edward Anixter Family Foundation,2021,ANN AND ROBERT LURIE CHILDRENS HOSPITAL,225 EAST CHICAGO AVENUE,CHICAGO,IL,60611,15000,GENERAL,990-PF,41.896693751301,-87.622923905467,intermediary_or_citywide
Lester and Edward Anixter Family Foundation,2021,CHANGING WORLDS,329 WEST 18TH STREET SUITE 506,CHICAGO,IL,60616,2500,GENERAL,990-PF,41.857620854653,-87.637988752698,intermediary_or_citywide
Lester and Edward Anixter Family Foundation,2021,CHICAGO HEARING SOCIETY,2001 NORTH CLYBOURN AVENUE,CHICAGO,IL,60614,5000,GENERAL,990-PF,41.917683017384,-87.658837086627,sited
Lester and Edward Anixter Family Foundation,2021,CHICAGO HUMANITIES FESTIVAL,500 NORTH DEARBORN STREET SUITE 82,CHICAGO,IL,60654,3000,GENERAL,990-PF,41.875822893506,-87.629320471942,intermediary_or_citywide
Lester and Edward Anixter Family Foundation,2021,CHILDREN'S ONCOLOGY SERVICES,213 WEST INSTITUTE PLACE SUITE 306,CHICAGO,IL,60610,20000,GENERAL,990-PF,41.897355847669,-87.634883771769,sited
Lester and Edward Anixter Family Foundation,2021,CJE SENIORLIFE,3003 TOUHY AVE,CHICAGO,IL,60645,25000,GENERAL,990-PF,42.011905047554,-87.704561476946,sited
Lester and Edward Anixter Family Foundation,2021,GREATER CHICAGO FOOD DEPOSITORY,4100 WEST ANN LURIE PLACE,CHICAGO,IL,60632,20000,GENERAL,990-PF,,,intermediary_or_citywide
Lester and Edward Anixter Family Foundation,2021,JEWISH COUNCIL FOR YOUTH SERVICES,150 NORTH MICHIGAN AVENUE SUITE 64,CHICAGO,IL,60601,5000,GENERAL,990-PF,41.884931224143,-87.624552861651,sited
Lester and Edward Anixter Family Foundation,2021,JEWISH UNITED FUND OF METROPOLITAN CHICAGO,30 SOUTH WELLS STREET,CHICAGO,IL,60606,190000,GENERAL,990-PF,41.881085502878,-87.633883748516,intermediary_or_citywide
Lester and Edward Anixter Family Foundation,2021,LEUKEMIA & LYMPHOMA SOCIETY,954 W WASHINGTON BLVD SUITE 305,CHICAGO,IL,60607,5000,GENERAL,990-PF,41.883130852117,-87.651336449164,sited
Lester and Edward Anixter Family Foundation,2021,MISERICORDIA,6300 NORTH RIDGE AVENUE,CHICAGO,IL,60660,30000,GENERAL,990-PF,41.995584734896,-87.675806161321,sited
Lester and Edward Anixter Family Foundation,2021,MUSEUM OF CONTEMPORARY ART CHICAGO,220 EAST CHICAGO AVENUE,CHICAGO,IL,60611,3000,GENERAL,990-PF,41.896824755958,-87.621756021322,sited
Lester and Edward Anixter Family Foundation,2021,SHALVA,PO BOX 46375,CHICAGO,IL,606460375,5000,GENERAL,990-PF,,,intermediary_or_citywide
Lester and Edward Anixter Family Foundation,2021,UNION LEAGUE BOYS AND GIRLS CLUBS,65 WEST JACKSON BOULEVARD,CHICAGO,IL,60604,5000,GENERAL,990-PF,41.878103882453,-87.629997767922,sited
Lester and Edward Anixter Family Foundation,2021,YOUTH CENTERS OF ISRAEL INC,100 EAST HURON STREET SUITE 1102,CHICAGO,IL,60611,5000,GENERAL,990-PF,41.894978571861,-87.625385830473,sited
Lester and Edward Anixter Family Foundation,2021,COMMON PANTRY,3744 NORTH DAMEN AVENUE,CHICAGO,IL,60618,10000,GENERAL,990-PF,41.949651409147,-87.678707118514,sited
Lester and Edward Anixter Family Foundation,2021,SHIRLEY RYAN ABILITY LAB,355 E ERIE ST,CHICAGO,IL,60611,15000,GENERAL,990-PF,41.894168660526,-87.619125924909,sited
Lester and Edward Anixter Family Foundation,2021,Lynn Sage Cancer Research Foundation,Galter Pavilion,CHICAGO,IL,60611,5000,GENERAL,990-PF,,,intermediary_or_citywide
Lester and Edward Anixter Family Foundation,2021,Northwestern Memorial Foundation,541 North Fairbanks Court Suite 80,CHICAGO,IL,60611,25000,GENERAL,990-PF,41.89214113481,-87.620164916817,intermediary_or_citywide
Lester and Edward Anixter Family Foundation,2021,Northwestern Settlement,1400 W Augusta Blvd,CHICAGO,IL,60642,5000,GENERAL,990-PF,41.89983591904,-87.663182706881,sited
Lester and Edward Anixter Family Foundation,2021,Joffrey Ballet,10 East Randolph Street,CHICAGO,IL,60601,3500,GENERAL,990-PF,41.884546846461,-87.62753189865,sited
Lester and Edward Anixter Family Foundation,2021,Erie Neighborhood House,4225 W 25th Street,CHICAGO,IL,60623,5000,GENERAL,990-PF,41.845946824931,-87.72990574534,sited
Lester and Edward Anixter Family Foundation,2021,Margaret's Village,7315 S Yale Avenue,CHICAGO,IL,60621,10000,GENERAL,990-PF,41.761474043096,-87.630834694492,sited
Lester and Edward Anixter Family Foundation,2022,ANIXTER CENTER,2001 N CLYBOURN AVENUE 3RD FLOOR,CHICAGO,IL,60614,75000,GENERAL,990-PF,41.917683017384,-87.658837086627,sited
Lester and Edward Anixter Family Foundation,2022,ANN AND ROBERT LURIE CHILDRENS HOSPITAL,225 EAST CHICAGO AVENUE,CHICAGO,IL,60611,62500,GENERAL,990-PF,41.896693751301,-87.622923905467,intermediary_or_citywide
Lester and Edward Anixter Family Foundation,2022,CHANGING WORLDS,329 WEST 18TH STREET SUITE 506,CHICAGO,IL,60616,1000,GENERAL,990-PF,41.857620854653,-87.637988752698,intermediary_or_citywide
Lester and Edward Anixter Family Foundation,2022,CHILDREN'S ONCOLOGY SERVICES,213 WEST INSTITUTE PLACE SUITE 306,CHICAGO,IL,60610,20000,GENERAL,990-PF,41.897355847669,-87.634883771769,sited
Lester and Edward Anixter Family Foundation,2022,CJE SENIORLIFE,3003 TOUHY AVE,CHICAGO,IL,60645,35000,GENERAL,990-PF,42.011905047554,-87.704561476946,sited
Lester and Edward Anixter Family Foundation,2022,GREATER CHICAGO FOOD DEPOSITORY,4100 WEST ANN LURIE PLACE,CHICAGO,IL,60632,20000,GENERAL,990-PF,,,intermediary_or_citywide
Lester and Edward Anixter Family Foundation,2022,JEWISH COUNCIL FOR YOUTH SERVICES,150 NORTH MICHIGAN AVENUE SUITE 64,CHICAGO,IL,60601,5000,GENERAL,990-PF,41.884931224143,-87.624552861651,sited
Lester and Edward Anixter Family Foundation,2022,JEWISH UNITED FUND OF METROPOLITAN CHICAGO,30 SOUTH WELLS STREET,CHICAGO,IL,60606,178615,GENERAL,990-PF,41.881085502878,-87.633883748516,intermediary_or_citywide
Lester and Edward Anixter Family Foundation,2022,LEUKEMIA & LYMPHOMA SOCIETY,954 W WASHINGTON BLVD SUITE 305,CHICAGO,IL,60607,5000,GENERAL,990-PF,41.883130852117,-87.651336449164,sited
Lester and Edward Anixter Family Foundation,2022,MISERICORDIA,6300 NORTH RIDGE AVENUE,CHICAGO,IL,60660,30000,GENERAL,990-PF,41.995584734896,-87.675806161321,sited
Lester and Edward Anixter Family Foundation,2022,MUSEUM OF CONTEMPORARY ART CHICAGO,220 EAST CHICAGO AVENUE,CHICAGO,IL,60611,8000,GENERAL,990-PF,41.896824755958,-87.621756021322,sited
Lester and Edward Anixter Family Foundation,2022,SHALVA,PO BOX 46375,CHICAGO,IL,606460375,5000,GENERAL,990-PF,,,intermediary_or_citywide
Lester and Edward Anixter Family Foundation,2022,UNION LEAGUE BOYS AND GIRLS CLUBS,65 WEST JACKSON BOULEVARD,CHICAGO,IL,60604,15000,GENERAL,990-PF,41.878103882453,-87.629997767922,sited
Lester and Edward Anixter Family Foundation,2022,YOUTH CENTERS OF ISRAEL INC,100 EAST HURON STREET SUITE 1102,CHICAGO,IL,60611,5000,GENERAL,990-PF,41.894978571861,-87.625385830473,sited
Lester and Edward Anixter Family Foundation,2022,SHIRLEY RYAN ABILITY LAB,355 E ERIE ST,CHICAGO,IL,60611,15000,GENERAL,990-PF,41.894168660526,-87.619125924909,sited
Lester and Edward Anixter Family Foundation,2022,Lynn Sage Cancer Research Foundation,Galter Pavilion,CHICAGO,IL,60611,2000,GENERAL,990-PF,,,intermediary_or_citywide
Lester and Edward Anixter Family Foundation,2022,Northwestern Memorial Foundation,541 North Fairbanks Court Suite 80,CHICAGO,IL,60611,25000,GENERAL,990-PF,41.89214113481,-87.620164916817,intermediary_or_citywide
Lester and Edward Anixter Family Foundation,2023,ANIXTER CENTER,2001 N CLYBOURN AVENUE 3RD FLOOR,CHICAGO,IL,60614,75000,GENERAL,990-PF,41.917683017384,-87.658837086627,sited
Lester and Edward Anixter Family Foundation,2023,ANN AND ROBERT LURIE CHILDRENS HOSPITAL,225 EAST CHICAGO AVENUE,CHICAGO,IL,60611,62500,GENERAL,990-PF,41.896693751301,-87.622923905467,intermediary_or_citywide
Lester and Edward Anixter Family Foundation,2023,CHANGING WORLDS,329 WEST 18TH STREET SUITE 506,CHICAGO,IL,60616,1500,GENERAL,990-PF,41.857620854653,-87.637988752698,intermediary_or_citywide
Lester and Edward Anixter Family Foundation,2023,CHILDREN'S ONCOLOGY SERVICES,213 WEST INSTITUTE PLACE SUITE 306,CHICAGO,IL,60610,22000,GENERAL,990-PF,41.897355847669,-87.634883771769,sited
Lester and Edward Anixter Family Foundation,2023,CJE SENIORLIFE,3003 TOUHY AVE,CHICAGO,IL,60645,35000,GENERAL,990-PF,42.011905047554,-87.704561476946,sited
Lester and Edward Anixter Family Foundation,2023,GREATER CHICAGO FOOD DEPOSITORY,4100 WEST ANN LURIE PLACE,CHICAGO,IL,60632,20000,GENERAL,990-PF,,,intermediary_or_citywide
Lester and Edward Anixter Family Foundation,2023,JEWISH COUNCIL FOR YOUTH SERVICES,150 NORTH MICHIGAN AVENUE SUITE 64,CHICAGO,IL,60601,5000,GENERAL,990-PF,41.884931224143,-87.624552861651,sited
Lester and Edward Anixter Family Foundation,2023,JEWISH UNITED FUND OF METROPOLITAN CHICAGO,30 SOUTH WELLS STREET,CHICAGO,IL,60606,190000,GENERAL,990-PF,41.881085502878,-87.633883748516,intermediary_or_citywide
Lester and Edward Anixter Family Foundation,2023,LEUKEMIA & LYMPHOMA SOCIETY,954 W WASHINGTON BLVD SUITE 305,CHICAGO,IL,60607,5000,GENERAL,990-PF,41.883130852117,-87.651336449164,sited
Lester and Edward Anixter Family Foundation,2023,MISERICORDIA,6300 NORTH RIDGE AVENUE,CHICAGO,IL,60660,50000,GENERAL,990-PF,41.995584734896,-87.675806161321,sited
Lester and Edward Anixter Family Foundation,2023,MUSEUM OF CONTEMPORARY ART CHICAGO,220 EAST CHICAGO AVENUE,CHICAGO,IL,60611,6000,GENERAL,990-PF,41.896824755958,-87.621756021322,sited
Lester and Edward Anixter Family Foundation,2023,SHALVA,PO BOX 46375,CHICAGO,IL,606460375,15000,GENERAL,990-PF,,,intermediary_or_citywide
Lester and Edward Anixter Family Foundation,2023,UNION LEAGUE BOYS AND GIRLS CLUBS,65 WEST JACKSON BOULEVARD,CHICAGO,IL,60604,15000,GENERAL,990-PF,41.878103882453,-87.629997767922,sited
Lester and Edward Anixter Family Foundation,2023,YOUTH CENTERS OF ISRAEL INC,100 EAST HURON STREET SUITE 1102,CHICAGO,IL,60611,5000,GENERAL,990-PF,41.894978571861,-87.625385830473,sited
Lester and Edward Anixter Family Foundation,2023,SHIRLEY RYAN ABILITY LAB,355 E ERIE ST,CHICAGO,IL,60611,15000,GENERAL,990-PF,41.894168660526,-87.619125924909,sited
Lester and Edward Anixter Family Foundation,2023,Lynn Sage Cancer Research Foundation,Galter Pavilion,CHICAGO,IL,60611,5000,GENERAL,990-PF,,,intermediary_or_citywide
Lester and Edward Anixter Family Foundation,2023,Northwestern Memorial Foundation,541 North Fairbanks Court Suite 80,CHICAGO,IL,60611,25000,GENERAL,990-PF,41.89214113481,-87.620164916817,intermediary_or_citywide
Lester and Edward Anixter Family Foundation,2023,THE RYAN LICHT SANG BIPOLAR FOUNDATION,875 NORTH MICHIGAN AVENUE SUITE 31,CHICAGO,IL,60611,1000,GENERAL,990-PF,41.898768343588,-87.624038249653,intermediary_or_citywide
Lester and Edward Anixter Family Foundation,2023,NORTHWESTERN SETTLEMENT,1400 W AUGUSTA BLVD,CHICAGO,IL,60642,2500,GENERAL,990-PF,41.89983591904,-87.663182706881,sited
Lester and Edward Anixter Family Foundation,2023,JOFFREY BALLET,10 EAST RANDOLPH STREET,CHICAGO,IL,60601,5000,GENERAL,990-PF,41.884546846461,-87.62753189865,sited
Lester and Edward Anixter Family Foundation,2023,CHICAGO HEARING SOCIETY,2017 N MENDELL ST SUITE 3NE,CHICAGO,IL,60614,5000,GENERAL,990-PF,41.918649717609,-87.666683847196,sited
Lester and Edward Anixter Family Foundation,2023,MISSD,PO BOX 10107,CHICAGO,IL,60610,1000,GENERAL,990-PF,,,intermediary_or_citywide
Lester and Edward Anixter Family Foundation,2023,SPECIAL OLYMPICS CHICAGO,2 EAST 8TH STREET SUITE 2M,CHICAGO,IL,60605,3000,GENERAL,990-PF,41.871865443017,-87.627377807361,sited
Lester and Edward Anixter Family Foundation,2023,MARGARET'S VILLAGE,7315 SOUTH YALE AVENUE,CHICAGO,IL,60621,2500,GENERAL,990-PF,41.761474043096,-87.630834694492,sited
Lester and Edward Anixter Family Foundation,2024,ANIXTER CENTER,2001 N CLYBOURN AVENUE 3RD FLOOR,CHICAGO,IL,60614,75000,GENERAL,990-PF,41.917683017384,-87.658837086627,sited
Lester and Edward Anixter Family Foundation,2024,ANN AND ROBERT LURIE CHILDRENS HOSPITAL,225 EAST CHICAGO AVENUE,CHICAGO,IL,60611,62500,GENERAL,990-PF,41.896693751301,-87.622923905467,intermediary_or_citywide
Lester and Edward Anixter Family Foundation,2024,CHANGING WORLDS,329 WEST 18TH STREET SUITE 506,CHICAGO,IL,60616,1500,GENERAL,990-PF,41.857620854653,-87.637988752698,intermediary_or_citywide
Lester and Edward Anixter Family Foundation,2024,CHILDREN'S ONCOLOGY SERVICES,213 WEST INSTITUTE PLACE SUITE 306,CHICAGO,IL,60610,25000,GENERAL,990-PF,41.897355847669,-87.634883771769,sited
Lester and Edward Anixter Family Foundation,2024,CJE SENIORLIFE,3003 TOUHY AVE,CHICAGO,IL,60645,35000,GENERAL,990-PF,42.011905047554,-87.704561476946,sited
Lester and Edward Anixter Family Foundation,2024,GREATER CHICAGO FOOD DEPOSITORY,4100 WEST ANN LURIE PLACE,CHICAGO,IL,60632,20000,GENERAL,990-PF,,,intermediary_or_citywide
Lester and Edward Anixter Family Foundation,2024,JEWISH COUNCIL FOR YOUTH SERVICES,150 NORTH MICHIGAN AVENUE SUITE 64,CHICAGO,IL,60601,5000,GENERAL,990-PF,41.884931224143,-87.624552861651,sited
Lester and Edward Anixter Family Foundation,2024,JEWISH UNITED FUND OF METROPOLITAN CHICAGO,30 SOUTH WELLS STREET,CHICAGO,IL,60606,150000,GENERAL,990-PF,41.881085502878,-87.633883748516,intermediary_or_citywide
Lester and Edward Anixter Family Foundation,2024,LEUKEMIA & LYMPHOMA SOCIETY,954 W WASHINGTON BLVD SUITE 305,CHICAGO,IL,60607,5000,GENERAL,990-PF,41.883130852117,-87.651336449164,sited
Lester and Edward Anixter Family Foundation,2024,MISERICORDIA,6300 NORTH RIDGE AVENUE,CHICAGO,IL,60660,50000,GENERAL,990-PF,41.995584734896,-87.675806161321,sited
Lester and Edward Anixter Family Foundation,2024,MUSEUM OF CONTEMPORARY ART CHICAGO,220 EAST CHICAGO AVENUE,CHICAGO,IL,60611,7500,GENERAL,990-PF,41.896824755958,-87.621756021322,sited
Lester and Edward Anixter Family Foundation,2024,SHALVA,PO BOX 46375,CHICAGO,IL,606460375,20000,GENERAL,990-PF,,,intermediary_or_citywide
Lester and Edward Anixter Family Foundation,2024,UNION LEAGUE BOYS AND GIRLS CLUBS,65 WEST JACKSON BOULEVARD,CHICAGO,IL,60604,17000,GENERAL,990-PF,41.878103882453,-87.629997767922,sited
Lester and Edward Anixter Family Foundation,2024,YOUTH CENTERS OF ISRAEL INC,100 EAST HURON STREET SUITE 1102,CHICAGO,IL,60611,5000,GENERAL,990-PF,41.894978571861,-87.625385830473,sited
Lester and Edward Anixter Family Foundation,2024,SHIRLEY RYAN ABILITY LAB,355 E ERIE ST,CHICAGO,IL,60611,15000,GENERAL,990-PF,41.894168660526,-87.619125924909,sited
Lester and Edward Anixter Family Foundation,2024,Lynn Sage Cancer Research Foundation,Galter Pavilion,CHICAGO,IL,60611,5000,GENERAL,990-PF,,,intermediary_or_citywide
Lester and Edward Anixter Family Foundation,2024,Northwestern Memorial Foundation,541 North Fairbanks Court Suite 80,CHICAGO,IL,60611,50000,GENERAL,990-PF,41.89214113481,-87.620164916817,intermediary_or_citywide
Lester and Edward Anixter Family Foundation,2024,THE RYAN LICHT SANG BIPOLAR FOUNDATION,875 NORTH MICHIGAN AVENUE SUITE 31,CHICAGO,IL,60611,2000,GENERAL,990-PF,41.898768343588,-87.624038249653,intermediary_or_citywide
Lester and Edward Anixter Family Foundation,2024,NORTHWESTERN SETTLEMENT,1400 W AUGUSTA BLVD,CHICAGO,IL,60642,5000,GENERAL,990-PF,41.89983591904,-87.663182706881,sited
Lester and Edward Anixter Family Foundation,2024,JOFFREY BALLET,10 EAST RANDOLPH STREET,CHICAGO,IL,60601,5000,GENERAL,990-PF,41.884546846461,-87.62753189865,sited
Lester and Edward Anixter Family Foundation,2024,CHICAGO HEARING SOCIETY,2017 N MENDELL ST SUITE 3NE,CHICAGO,IL,60614,5000,GENERAL,990-PF,41.918649717609,-87.666683847196,sited
Lester and Edward Anixter Family Foundation,2024,SPECIAL OLYMPICS CHICAGO,2 EAST 8TH STREET SUITE 2M,CHICAGO,IL,60605,1000,GENERAL,990-PF,41.871865443017,-87.627377807361,sited
Lester and Edward Anixter Family Foundation,2024,MARGARET'S VILLAGE,7315 SOUTH YALE AVENUE,CHICAGO,IL,60621,3500,GENERAL,990-PF,41.761474043096,-87.630834694492,sited
Lester and Edward Anixter Family Foundation,2024,BRYN MAWR CNTRY CLUB EDUCATIONAL ASSISTANCE FOUND,161 N CLARK STREET STE 2700,CHICAGO,IL,606013241,5000,GENERAL,990-PF,41.885238782678,-87.630883288957,sited
Lester and Edward Anixter Family Foundation,2024,PLANNED PARENTHOOD OF ILLINOIS,17 N STATE STREET SUITE 500,CHICAGO,IL,60602,10000,GENERAL,990-PF,41.882740138023,-87.627778646,sited
Lester and Edward Anixter Family Foundation,2024,CHICAGO CHILDREN'S THEATRE,100 S RACINE AVENUE,CHICAGO,IL,60607,5000,GENERAL,990-PF,41.880272349085,-87.65717562359,sited
Lester and Edward Anixter Family Foundation,2024,FRIENDS OF PRENTICE,676 N SAINT CLAIR STREET,CHICAGO,IL,60611,5000,GENERAL,990-PF,41.894574076824,-87.622822875376,sited
Lester and Edward Anixter Family Foundation,2024,AMERICAN BLUES THEATER,5627 N LINCOLN AVENUE,CHICAGO,IL,60659,5000,GENERAL,990-PF,41.983698653723,-87.695959912732,sited
Lester and Edward Anixter Family Foundation,2024,JEWISH UNITED FUND - ISRAEL EMERGENCY FUND,30 SOUTH WELLS STREET,CHICAGO,IL,60606,14000,GENERAL,990-PF,41.881085502878,-87.633883748516,intermediary_or_citywide
Lester and Edward Anixter Family Foundation,2024,COMMON PANTRY,3908 N LINCOLN AVENUE,CHICAGO,IL,60613,5000,GENERAL,990-PF,41.952583071432,-87.677741112,sited
Lester and Edward Anixter Family Foundation,2024,CHICAGO HUMANITIES FESTIVAL,500 N DEARBORN STREET SUITE 825,CHICAGO,IL,60654,7500,GENERAL,990-PF,41.875822893506,-87.629320471942,intermediary_or_citywide
Lester and Edward Anixter Family Foundation,2024,JCFS,230 W MONROE SUITE 1100,CHICAGO,IL,60606,5000,GENERAL,990-PF,41.880710512946,-87.634283735213,sited
Paul A & Joan S Rubschlager Foundation,2021,EASTER SEALS OF MET CHICAGO,1939 WEST 13TH STREET,CHICAGO,IL,60608,25000,CIVIC & SOCIAL,990-PF,41.864902691608,-87.674715220466,sited
Paul A & Joan S Rubschlager Foundation,2021,EPILEPSY FOUNDATION OF GREATER CHICAGO,17 N STATE ST STE 650,CHICAGO,IL,60602,5000,CIVIC & SOCIAL,990-PF,41.882740138023,-87.627778646,intermediary_or_citywide
Paul A & Joan S Rubschlager Foundation,2021,JOFFREY BALLET,10 EAST RANDOLPH STREET,CHICAGO,IL,60601,5000,CIVIC & SOCIAL,990-PF,41.884546846461,-87.62753189865,sited
Paul A & Joan S Rubschlager Foundation,2021,JUVENILE DIABETES RESEARCH FOUNDATION,1 EAST WACKER DRIVE STE 1400,CHICAGO,IL,60601,5000,CIVIC & SOCIAL,990-PF,41.887177895037,-87.626333450504,intermediary_or_citywide
Paul A & Joan S Rubschlager Foundation,2021,LUPUS SOCIETY OF ILLINOIS,411 S WELLS ST STE 503,CHICAGO,IL,60607,10000,CIVIC & SOCIAL,990-PF,41.876686085723,-87.633613034309,sited
Paul A & Joan S Rubschlager Foundation,2021,MUSCULAR DYSTROPHY ASSOCIATION,161 N CLARK ST STE 3550,CHICAGO,IL,60601,15000,CIVIC & SOCIAL,990-PF,41.885238782678,-87.630883288957,intermediary_or_citywide
Paul A & Joan S Rubschlager Foundation,2021,NATIONAL KIDNEY FOUNDATION OF ILLINOIS,215 WEST ILLINOIS STREET SUITE 1C,CHICAGO,IL,60654,30000,CIVIC & SOCIAL,990-PF,41.89072176002,-87.634698723569,sited
Paul A & Joan S Rubschlager Foundation,2021,RUSH UNIVERSITY MEDICAL CENTER - PHILANTHROPY,1201 WEST HARRISON STREET STE 300,CHICAGO,IL,606073319,2000000,CIVIC & SOCIAL,990-PF,41.874161615653,-87.657004991389,intermediary_or_citywide
Paul A & Joan S Rubschlager Foundation,2021,SALVATION ARMY,5040 NORTH PULASKI,CHICAGO,IL,60630,50000,CIVIC & SOCIAL,990-PF,41.97256606672,-87.728228946784,sited
Paul A & Joan S Rubschlager Foundation,2021,SHRINER'S CHILDREN'S HOSPITAL,2211 OAK PARK AVENUE,CHICAGO,IL,60607,25000,CIVIC & SOCIAL,990-PF,41.916949732166,-87.794959313886,intermediary_or_citywide
Paul A & Joan S Rubschlager Foundation,2021,UNICEF,200 WEST MADISON STREET SUITE 850,CHICAGO,IL,60606,5000,CIVIC & SOCIAL,990-PF,41.881999441643,-87.633899204958,sited
Paul A & Joan S Rubschlager Foundation,2022,EASTER SEALS OF MET CHICAGO,1939 WEST 13TH STREET,CHICAGO,IL,60608,25000,CIVIC & SOCIAL,990-PF,41.864902691608,-87.674715220466,sited
Paul A & Joan S Rubschlager Foundation,2022,EPILEPSY FOUNDATION OF GREATER CHICAGO,17 N STATE ST STE 650,CHICAGO,IL,60602,5000,CIVIC & SOCIAL,990-PF,41.882740138023,-87.627778646,intermediary_or_citywide
Paul A & Joan S Rubschlager Foundation,2022,JOFFREY BALLET,10 EAST RANDOLPH STREET,CHICAGO,IL,60601,10000,CIVIC & SOCIAL,990-PF,41.884546846461,-87.62753189865,sited
Paul A & Joan S Rubschlager Foundation,2022,JUVENILE DIABETES RESEARCH FOUNDATION,1 EAST WACKER DRIVE STE 1400,CHICAGO,IL,60601,5000,CIVIC & SOCIAL,990-PF,41.887177895037,-87.626333450504,intermediary_or_citywide
Paul A & Joan S Rubschlager Foundation,2022,LUPUS SOCIETY OF ILLINOIS,411 S WELLS ST STE 503,CHICAGO,IL,60607,10000,CIVIC & SOCIAL,990-PF,41.876686085723,-87.633613034309,sited
Paul A & Joan S Rubschlager Foundation,2022,MUSCULAR DYSTROPHY ASSOCIATION,PO BOX 7410354,CHICAGO,IL,60674,15000,CIVIC & SOCIAL,990-PF,,,intermediary_or_citywide
Paul A & Joan S Rubschlager Foundation,2022,NATIONAL KIDNEY FOUNDATION OF ILLINOIS,215 WEST ILLINOIS STREET SUITE 1C,CHICAGO,IL,60654,30000,CIVIC & SOCIAL,990-PF,41.89072176002,-87.634698723569,sited
Paul A & Joan S Rubschlager Foundation,2022,SALVATION ARMY,5040 NORTH PULASKI,CHICAGO,IL,60630,50000,CIVIC & SOCIAL,990-PF,41.97256606672,-87.728228946784,sited
Paul A & Joan S Rubschlager Foundation,2022,SHRINER'S CHILDREN'S HOSPITAL,2211 OAK PARK AVENUE,CHICAGO,IL,60607,25000,CIVIC & SOCIAL,990-PF,41.916949732166,-87.794959313886,intermediary_or_citywide
Paul A & Joan S Rubschlager Foundation,2022,UNICEF,200 WEST MADISON STREET SUITE 850,CHICAGO,IL,60606,5000,CIVIC & SOCIAL,990-PF,41.881999441643,-87.633899204958,sited
Paul A & Joan S Rubschlager Foundation,2022,ALZHEIMER'S ASSOCIATION,225 NORTH MICHIGAN STE 1700,CHICAGO,IL,60601,75000,CIVIC & SOCIAL,990-PF,41.886567067898,-87.624456678273,sited
Paul A & Joan S Rubschlager Foundation,2022,LEUKEMIA & LYMPHOMA SOCIETY OF AMERICA ILLINOIS CHAPTER,954 W WASHINGTON BLVD STE 305,CHICAGO,IL,60607,50000,CIVIC & SOCIAL,990-PF,41.883130852117,-87.651336449164,sited
Paul A & Joan S Rubschlager Foundation,2022,LOOKINGGLASS THEATER COMPANY,875 NORTH MICHIGAN AVE STE 2200,CHICAGO,IL,60611,1000000,CIVIC & SOCIAL,990-PF,41.898768343588,-87.624038249653,sited
Paul A & Joan S Rubschlager Foundation,2022,MAKE-A-WISH FOUNDATION ILLINOIS,640 N LASALLE DR STE 280,CHICAGO,IL,60654,50000,CIVIC & SOCIAL,990-PF,41.893952675914,-87.632813110776,intermediary_or_citywide
Paul A & Joan S Rubschlager Foundation,2022,MARCH OF DIMES,111 W JACKSON BLVD STE 2200,CHICAGO,IL,60604,25000,CIVIC & SOCIAL,990-PF,41.878077850822,-87.632179297711,sited
Paul A & Joan S Rubschlager Foundation,2022,NATIONAL MULTIPLE SCLEROSIS SOCIETY,525 W MONROE ST STE 900,CHICAGO,IL,60661,50000,CIVIC & SOCIAL,990-PF,41.880515962213,-87.640879475377,intermediary_or_citywide
Paul A & Joan S Rubschlager Foundation,2022,RESPIRATORY HEALTH ASSOCIATION OF METROPOLITAN CHICAGO,1440 W WASHINGTON BLVD,CHICAGO,IL,60607,25000,CIVIC & SOCIAL,990-PF,41.882935443146,-87.663806197183,sited
Paul A & Joan S Rubschlager Foundation,2023,ALZHEIMER'S ASSOCIATION,225 NORTH MICHIGAN STE 1700,CHICAGO,IL,60601,75000,CIVIC & SOCIAL,990-PF,41.886567067898,-87.624456678273,sited
Paul A & Joan S Rubschlager Foundation,2023,AMERICAN HEART ASSOCIATION,300 RIVERSIDE PLAZA SUITE 1200,CHICAGO,IL,60606,125000,CIVIL & SOCIAL,990-PF,,,intermediary_or_citywide
Paul A & Joan S Rubschlager Foundation,2023,AMERICAN RED CROSS,2200 WEST HARRISON STREET,CHICAGO,IL,60612,25000,CIVIL & SOCIAL,990-PF,41.874022733816,-87.681427159324,sited
Paul A & Joan S Rubschlager Foundation,2023,BREAKTHROUGH BOARD CANCER RESEARCH FOUNDATION,6200 NORTH HIAWATHA SUITE 640,CHICAGO,IL,60646,50000,CIVIL & SOCIAL,990-PF,41.99361334834,-87.74965925662,sited
Paul A & Joan S Rubschlager Foundation,2023,EASTER SEALS OF MET CHICAGO,1939 WEST 13TH STREET,CHICAGO,IL,60608,25000,CIVIC & SOCIAL,990-PF,41.864902691608,-87.674715220466,sited
Paul A & Joan S Rubschlager Foundation,2023,EPILEPSY FOUNDATION OF GREATER CHICAGO,17 N STATE ST STE 650,CHICAGO,IL,60602,5000,CIVIC & SOCIAL,990-PF,41.882740138023,-87.627778646,intermediary_or_citywide
Paul A & Joan S Rubschlager Foundation,2023,FIELD MUSEUM,1400 SOUTH DUSABLE LAKE SHORE DRIVE,CHICAGO,IL,60605,50000,CIVIL & SOCIAL,990-PF,,,intermediary_or_citywide
Paul A & Joan S Rubschlager Foundation,2023,JOFFREY BALLET,10 EAST RANDOLPH STREET,CHICAGO,IL,60601,10000,CIVIC & SOCIAL,990-PF,41.884546846461,-87.62753189865,sited
Paul A & Joan S Rubschlager Foundation,2023,JUVENILE DIABETES RESEARCH FOUNDATION,1 EAST WACKER DRIVE STE 1400,CHICAGO,IL,60601,5000,CIVIC & SOCIAL,990-PF,41.887177895037,-87.626333450504,intermediary_or_citywide
Paul A & Joan S Rubschlager Foundation,2023,LEUKEMIA & LYMPHOMA SOCIETY OF AMERICA ILLINOIS CHAPTER,954 W WASHINGTON BLVD STE 305,CHICAGO,IL,60607,50000,CIVIC & SOCIAL,990-PF,41.883130852117,-87.651336449164,sited
Paul A & Joan S Rubschlager Foundation,2023,LOOKINGGLASS THEATER COMPANY,875 NORTH MICHIGAN AVE STE 2200,CHICAGO,IL,60611,500000,CIVIC & SOCIAL,990-PF,41.898768343588,-87.624038249653,sited
Paul A & Joan S Rubschlager Foundation,2023,LUPUS SOCIETY OF ILLINOIS,411 S WELLS ST STE 503,CHICAGO,IL,60607,10000,CIVIC & SOCIAL,990-PF,41.876686085723,-87.633613034309,sited
Paul A & Joan S Rubschlager Foundation,2023,MAKE-A-WISH FOUNDATION ILLINOIS,640 N LASALLE DR STE 280,CHICAGO,IL,60654,50000,CIVIC & SOCIAL,990-PF,41.893952675914,-87.632813110776,intermediary_or_citywide
Paul A & Joan S Rubschlager Foundation,2023,MARCH OF DIMES,111 W JACKSON BLVD STE 2200,CHICAGO,IL,60604,25000,CIVIC & SOCIAL,990-PF,41.878077850822,-87.632179297711,sited
Paul A & Joan S Rubschlager Foundation,2023,MUSCULAR DYSTROPHY ASSOCIATION,PO BOX 7410354,CHICAGO,IL,60674,15000,CIVIC & SOCIAL,990-PF,,,intermediary_or_citywide
Paul A & Joan S Rubschlager Foundation,2023,NATIONAL KIDNEY FOUNDATION OF ILLINOIS,215 WEST ILLINOIS STREET SUITE 1C,CHICAGO,IL,60654,30000,CIVIC & SOCIAL,990-PF,41.89072176002,-87.634698723569,sited
Paul A & Joan S Rubschlager Foundation,2023,RESPIRATORY HEALTH ASSOCIATION OF METROPOLITAN CHICAGO,1440 W WASHINGTON BLVD,CHICAGO,IL,60607,25000,CIVIC & SOCIAL,990-PF,41.882935443146,-87.663806197183,sited
Paul A & Joan S Rubschlager Foundation,2023,SALVATION ARMY,5040 NORTH PULASKI,CHICAGO,IL,60630,50000,CIVIC & SOCIAL,990-PF,41.97256606672,-87.728228946784,sited
Paul A & Joan S Rubschlager Foundation,2023,SHRINER'S CHILDREN'S HOSPITAL,2211 OAK PARK AVENUE,CHICAGO,IL,60607,25000,CIVIC & SOCIAL,990-PF,41.916949732166,-87.794959313886,intermediary_or_citywide
Paul A & Joan S Rubschlager Foundation,2023,WTTW CHICAGO,5400 NORTH SAINT LOUIS AVENUE,CHICAGO,IL,60625,10000,CIVIL & SOCIAL,990-PF,41.979387355038,-87.716147207409,sited
Noah Wolff Family Foundation INC,2021,CHICAGO CENTER FOR TORAH VCHESED,LOCAL,CHICAGO,IL,60659,10000,EDUCATIONAL & RELIGIOUS,990-PF,,,intermediary_or_citywide
Noah Wolff Family Foundation INC,2021,CHICAGO CHESED FUND,LOCAL,CHICAGO,IL,60645,86000,EDUCATIONAL & RELIGIOUS,990-PF,,,intermediary_or_citywide
Noah Wolff Family Foundation INC,2021,CHICAGO COMMUNITY KOLLEL,LOCAL,CHICAGO,IL,60645,12000,EDUCATIONAL,990-PF,,,intermediary_or_citywide
Noah Wolff Family Foundation INC,2021,CONGREGATION ATERES YEHOSHUA,LOCAL,CHICAGO,IL,60645,5000,RELIGIOUS,990-PF,,,intermediary_or_citywide
Noah Wolff Family Foundation INC,2021,HATZALAH-CHICAGO,LOCAL,CHICAGO,IL,60645,10000,CHARITABLE,990-PF,,,intermediary_or_citywide
Noah Wolff Family Foundation INC,2021,OHR YISRAEL,LOCAL,CHICAGO,IL,60645,50000,EDUCATIONAL & RELIGIOUS,990-PF,,,intermediary_or_citywide
Noah Wolff Family Foundation INC,2021,CHICAGO MEZUZAH & MITZVAH CAMPAIGN,LOCAL,CHICAGO,IL,60645,36000,RELIGIOUS & EDUCATIONAL,990-PF,,,intermediary_or_citywide
Noah Wolff Family Foundation INC,2021,THE ARK,LOCAL,CHICAGO,IL,60645,5000,CHARITABLE,990-PF,,,intermediary_or_citywide
Noah Wolff Family Foundation INC,2022,HANNAH SACKS BAIS YAAKOV,3021 W DEVON AVE,CHICAGO,IL,60659,2500,UNRESTRICTED,990-PF,41.997400103104,-87.705474872049,sited
Noah Wolff Family Foundation INC,2022,AGUDATH ISRAEL OF BO,7061 N KEDZIE AVE,CHICAGO,IL,60645,5000,UNRESTRICTED,990-PF,42.010040883882,-87.709127083657,sited
Noah Wolff Family Foundation INC,2022,CONGREGATION KINS,2800 NORTH SHORE AVE,CHICAGO,IL,60645,500,UNRESTRICTED,990-PF,,,intermediary_or_citywide
Noah Wolff Family Foundation INC,2022,OHR YISRAEL,7061 N KEDZIE ST,CHICAGO,IL,60645,10000,UNRESTRICTED,990-PF,42.010040883882,-87.709127083657,sited
Noah Wolff Family Foundation INC,2022,CHICAGO MITZVAH CAMPAIGN,2757 W PRATT BLVD,CHICAGO,IL,60645,10000,UNRESTRICTED,990-PF,42.004801400764,-87.699289298862,sited
Noah Wolff Family Foundation INC,2022,CHICAGO COMMUNITY KOLLEL,6506 N CALIFORNIA AVE,CHICAGO,IL,60645,10000,UNRESTRICTED,990-PF,41.999543669471,-87.699778743924,sited
Noah Wolff Family Foundation INC,2022,THE ARK,3500 W PETERSON AVE,CHICAGO,IL,60659,5000,UNRESTRICTED,990-PF,,,intermediary_or_citywide
Noah Wolff Family Foundation INC,2022,HATZALAH CHICAGO,6501 HAMLIN AVE,CHICAGO,IL,60712,13600,UNRESTRICTED,990-PF,41.774119951424,-87.71766448893,sited
Noah Wolff Family Foundation INC,2022,CHICAGO CHESED FUND,7045 N RIDGEWAY AVE,CHICAGO,IL,60712,61000,UNRESTRICTED,990-PF,,,intermediary_or_citywide
Noah Wolff Family Foundation INC,2022,CONGREGATION ATERETH YEHOSHUA,2915 W TOUHY AVE,CHICAGO,IL,60645,3600,UNRESTRICTED,990-PF,42.011952831845,-87.702480400584,sited
Noah Wolff Family Foundation INC,2022,CHICAGO MIKVEH ASSOCIATION,3110 W TOUHY AVE,CHICAGO,IL,60645,3600,UNRESTRICTED,990-PF,42.011957317328,-87.707351061414,sited
Noah Wolff Family Foundation INC,2022,YU KOLLEL TORAH MITZION,8233 CENTRAL PARK AVE,CHICAGO,IL,60076,1800,UNRESTRICTED,990-PF,,,intermediary_or_citywide
Noah Wolff Family Foundation INC,2022,SOCIETY FOR ADVANCEMENT OF ORAL TRADITION,7061 N KEDZIE ST,CHICAGO,IL,60645,1800,UNRESTRICTED,990-PF,42.010040883882,-87.709127083657,sited
Noah Wolff Family Foundation INC,2022,CHILDRENS BRIDGE,7061 N KEDZIE ST,CHICAGO,IL,60645,1500,UNRESTRICTED,990-PF,42.010040883882,-87.709127083657,sited
Noah Wolff Family Foundation INC,2022,NCSY,3200 TOUHY AVE,CHICAGO,IL,60076,3600,UNRESTRICTED,990-PF,,,intermediary_or_citywide
Noah Wolff Family Foundation INC,2022,AMERICAN FRIENDS,7061 N KEDZIE ST,CHICAGO,IL,60645,3500,UNRESTRICTED,990-PF,42.010040883882,-87.709127083657,sited
Noah Wolff Family Foundation INC,2022,CHILDRENS BRIDGE,7061 N KEDZIE ST,CHICAGO,IL,60645,2250,UNRESTRICTED,990-PF,42.010040883882,-87.709127083657,sited
Noah Wolff Family Foundation INC,2022,AMERICAN FRIENDS PAN,7061 N KEDZIE ST,CHICAGO,IL,60645,1500,UNRESTRICTED,990-PF,42.010040883882,-87.709127083657,sited
Noah Wolff Family Foundation INC,2022,SOCIETY FOR ADVANCEMENT OF ORAL TRADITION,7061 N KEDZIE ST,CHICAGO,IL,60645,5500,UNRESTRICTED,990-PF,42.010040883882,-87.709127083657,sited
Noah Wolff Family Foundation INC,2022,DARCHEI NOAM,3465 TECHNY RD,CHICAGO,IL,60062,800,UNRESTRICTED,990-PF,,,intermediary_or_citywide
Noah Wolff Family Foundation INC,2022,KHAL CHASIDIM,6757 N RICHMOND ST,CHICAGO,IL,60645,2500,UNRESTRICTED,990-PF,42.004363424586,-87.703333111695,sited
Noah Wolff Family Foundation INC,2022,RABBI MEIR BAL HANES,7061 N KEDZIE,CHICAGO,IL,60645,1000,UNRESTRICTED,990-PF,42.010040883882,-87.709127083657,sited
Noah Wolff Family Foundation INC,2023,OHR YISRAEL,7061 N KEDZIE ST,CHICAGO,IL,60645,15000,UNRESTRICTED,990-PF,42.010040883882,-87.709127083657,sited
Noah Wolff Family Foundation INC,2023,CHICAGO MITZVAH CAMPAIGN,2757 W PRATT BLVD,CHICAGO,IL,60645,10000,UNRESTRICTED,990-PF,42.004801400764,-87.699289298862,sited
Noah Wolff Family Foundation INC,2023,CHICAGO CHESED FUND,7045 N RIDGEWAY AVE,CHICAGO,IL,60712,35000,UNRESTRICTED,990-PF,,,intermediary_or_citywide
Noah Wolff Family Foundation INC,2023,RABBI MEIR BAAL HANESS,7061 N KEDZIE AVE,CHICAGO,IL,60645,1000,UNRESTRICTED,990-PF,42.010040883882,-87.709127083657,sited
Noah Wolff Family Foundation INC,2024,CHICAGO MITZVAH CAMPAIGN,2757 W PRATT AVE,CHICAGO,IL,60645,8250,UNRESTRICTED,990-PF,42.004801400764,-87.699289298862,sited
Noah Wolff Family Foundation INC,2024,CHICAGO COMMUNITY KOLLEL,6506 N CALIFORNIA,CHICAGO,IL,60645,3850,UNRESTRICTED,990-PF,41.999543669471,-87.699778743924,sited
Noah Wolff Family Foundation INC,2024,Meorot kolel sochotshov,7061 N KEDZIE ST,CHICAGO,IL,60645,3000,UNRESTRICTED,990-PF,42.010040883882,-87.709127083657,sited
Noah Wolff Family Foundation INC,2024,NCSY CHICAGO,3200 W TOUHY AVE,CHICAGO,IL,60645,500,UNRESTRICTED,990-PF,,,intermediary_or_citywide
Noah Wolff Family Foundation INC,2024,CONG ATERETH YEHOSHUA,2915 W TOUHY AVE,CHICAGO,IL,60645,500,UNRESTRICTED,990-PF,42.011952831845,-87.702480400584,sited
Pepper Family Foundation,2021,BIG SHOULDERS FUND,309 W WASHINGTON SUITE 550,CHICAGO,IL,60606,10000,OPERATING FUNDS,990-PF,41.88314485014,-87.635526294391,intermediary_or_citywide
Pepper Family Foundation,2021,MARYVILLE ACADEMY CENTER FOR CHILDREN,6650 W IRVING PARK RD,CHICAGO,IL,60634,25000,OPERATING FUNDS,990-PF,41.95285722728,-87.792826898213,sited
Pepper Family Foundation,2022,BIG SHOULDERS FUND,309 W WASHINGTON SUITE 550,CHICAGO,IL,60606,10000,OPERATING FUNDS,990-PF,41.88314485014,-87.635526294391,intermediary_or_citywide
Pepper Family Foundation,2022,BISHOP ANDERSON HOUSE,707 S WOOD ST 101,CHICAGO,IL,60612,50000,OPERATING FUNDS,990-PF,41.872543787422,-87.671438901564,sited
Pepper Family Foundation,2022,CHICAGO HISTORY MUSEUM,1601 N CLARK ST,CHICAGO,IL,60614,10000,OPERATING FUNDS,990-PF,41.91125225948,-87.631620549744,sited
Pepper Family Foundation,2022,LINCOLN PARK ZOO,2001 N CLARK STREET,CHICAGO,IL,60614,10000,OPERATING FUNDS,990-PF,41.91854925312,-87.636079895114,sited
Pepper Family Foundation,2022,MARYVILLE ACADEMY CENTER FOR CHILDREN,6650 W IRVING PARK RD,CHICAGO,IL,60634,25000,OPERATING FUNDS,990-PF,41.95285722728,-87.792826898213,sited
Pepper Family Foundation,2022,MUSEUM OF SCIENCE AND INDUSTRY,57TH AND LAKE SHORE DRIVE,CHICAGO,IL,60637,10000,OPERATING FUNDS,990-PF,,,intermediary_or_citywide
Pepper Family Foundation,2022,OPENLANDS,25 E WASHINGTON ST SUITE 1650,CHICAGO,IL,60602,25000,OPERATING FUNDS,990-PF,41.883162849634,-87.626490086268,sited
Pepper Family Foundation,2022,THE ART INSTITUTE OF CHICAGO,111 S MICHIGAN AVE,CHICAGO,IL,60603,10000,OPERATING FUNDS,990-PF,41.880649213362,-87.624171570115,sited
Pepper Family Foundation,2022,ADLER PLANETARIUM,1300 S DUSABLE LK SHR DR,CHICAGO,IL,60605,10000,OPERATING FUNDS,990-PF,,,intermediary_or_citywide
Pepper Family Foundation,2022,CHICAGO FIELD MUSEUM,1400 S LAKE SHORE DR,CHICAGO,IL,60605,10000,OPERATING FUNDS,990-PF,41.865006735724,-87.614118889895,intermediary_or_citywide
Pepper Family Foundation,2022,MADONNA MISSION,1706 W MORSE AVE,CHICAGO,IL,60626,35000,OPERATING FUNDS,990-PF,42.00784818658,-87.672807565982,sited
Pepper Family Foundation,2023,ADLER PLANETARIUM,1300 S DUSABLE LK SHR DR,CHICAGO,IL,60605,10000,OPERATING FUNDS,990-PF,,,intermediary_or_citywide
Pepper Family Foundation,2023,BIG SHOULDERS FUND,309 W WASHINGTON SUITE 550,CHICAGO,IL,60606,10000,OPERATING FUNDS,990-PF,41.88314485014,-87.635526294391,intermediary_or_citywide
Pepper Family Foundation,2023,BISHOP ANDERSON HOUSE,707 S WOOD ST 101,CHICAGO,IL,60612,50000,OPERATING FUNDS,990-PF,41.872543787422,-87.671438901564,sited
Pepper Family Foundation,2023,CHICAGO FIELD MUSEUM,1400 S LAKE SHORE DR,CHICAGO,IL,60605,10000,OPERATING FUNDS,990-PF,41.865006735724,-87.614118889895,intermediary_or_citywide
Pepper Family Foundation,2023,CHICAGO HISTORY MUSEUM,1601 N CLARK ST,CHICAGO,IL,60614,10000,OPERATING FUNDS,990-PF,41.91125225948,-87.631620549744,sited
Pepper Family Foundation,2023,LINCOLN PARK ZOO,2001 N CLARK STREET,CHICAGO,IL,60614,10000,OPERATING FUNDS,990-PF,41.91854925312,-87.636079895114,sited
Pepper Family Foundation,2023,MADONNA MISSION,1706 W MORSE AVE,CHICAGO,IL,60626,35000,OPERATING FUNDS,990-PF,42.00784818658,-87.672807565982,sited
Pepper Family Foundation,2023,MARYVILLE ACADEMY CENTER FOR CHILDREN,6650 W IRVING PARK RD,CHICAGO,IL,60634,25000,OPERATING FUNDS,990-PF,41.95285722728,-87.792826898213,sited
Pepper Family Foundation,2023,MUSEUM OF SCIENCE AND INDUSTRY,57TH AND LAKE SHORE DRIVE,CHICAGO,IL,60637,10000,OPERATING FUNDS,990-PF,,,intermediary_or_citywide
Pepper Family Foundation,2023,OPENLANDS,25 E WASHINGTON ST SUITE 1650,CHICAGO,IL,60602,25000,OPERATING FUNDS,990-PF,41.883162849634,-87.626490086268,sited
Pepper Family Foundation,2023,THE ART INSTITUTE OF CHICAGO,111 S MICHIGAN AVE,CHICAGO,IL,60603,85000,OPERATING FUNDS,990-PF,41.880649213362,-87.624171570115,sited
Pepper Family Foundation,2023,GIRL SCOUTS OF GREATER CHICAGO AND NORTHWEST INDIANA,20 S CLARK ST SUITE 200,CHICAGO,IL,60603,142000,OPERATING FUNDS,990-PF,41.881918080181,-87.630956796239,sited
Pepper Family Foundation,2023,JOHN G SHEDD AQUARIUM,1200 S DUSABLE LAKE SHORE DR,CHICAGO,IL,60605,500000,OPERATING FUNDS,990-PF,,,intermediary_or_citywide
Pepper Family Foundation,2024,ADLER PLANETARIUM,1300 S DUSABLE LK SHR DR,CHICAGO,IL,60605,146250,OPERATING FUNDS,990-PF,,,intermediary_or_citywide
Pepper Family Foundation,2024,BIG SHOULDERS FUND,309 W WASHINGTON SUITE 550,CHICAGO,IL,60606,10000,OPERATING FUNDS,990-PF,41.88314485014,-87.635526294391,intermediary_or_citywide
Pepper Family Foundation,2024,BISHOP ANDERSON HOUSE,707 S WOOD ST 101,CHICAGO,IL,60612,50000,OPERATING FUNDS,990-PF,41.872543787422,-87.671438901564,sited
Pepper Family Foundation,2024,CHICAGO FIELD MUSEUM,1400 S LAKE SHORE DR,CHICAGO,IL,60605,10000,OPERATING FUNDS,990-PF,41.865006735724,-87.614118889895,intermediary_or_citywide
Pepper Family Foundation,2024,CHICAGO HISTORY MUSEUM,1601 N CLARK ST,CHICAGO,IL,60614,10000,OPERATING FUNDS,990-PF,41.91125225948,-87.631620549744,sited
Pepper Family Foundation,2024,JOHN G SHEDD AQUARIUM,1200 S DUSABLE LAKE SHORE DR,CHICAGO,IL,60605,500000,OPERATING FUNDS,990-PF,,,intermediary_or_citywide
Pepper Family Foundation,2024,LINCOLN PARK ZOO,2001 N CLARK STREET,CHICAGO,IL,60614,185000,OPERATING FUNDS,990-PF,41.91854925312,-87.636079895114,sited
Pepper Family Foundation,2024,MADONNA MISSION,1706 W MORSE AVE,CHICAGO,IL,60626,50000,OPERATING FUNDS,990-PF,42.00784818658,-87.672807565982,sited
Pepper Family Foundation,2024,MARYVILLE ACADEMY CENTER FOR CHILDREN,6650 W IRVING PARK RD,CHICAGO,IL,60634,25000,OPERATING FUNDS,990-PF,41.95285722728,-87.792826898213,sited
Pepper Family Foundation,2024,MUSEUM OF SCIENCE AND INDUSTRY,57TH AND LAKE SHORE DRIVE,CHICAGO,IL,60637,10000,OPERATING FUNDS,990-PF,,,intermediary_or_citywide
Pepper Family Foundation,2024,OPENLANDS,25 E WASHINGTON ST SUITE 1650,CHICAGO,IL,60602,25000,OPERATING FUNDS,990-PF,41.883162849634,-87.626490086268,sited
Pepper Family Foundation,2024,THE ART INSTITUTE OF CHICAGO,111 S MICHIGAN AVE,CHICAGO,IL,60603,1010000,OPERATING FUNDS,990-PF,41.880649213362,-87.624171570115,sited
Eugene and Janet Lerner Family Foundation INC,2021,FRIENDS OF THE IDF,29 E MADISON ST,CHICAGO,IL,606024550,16000,CHARITY,990-PF,41.882019849846,-87.626770185583,sited
Eugene and Janet Lerner Family Foundation INC,2021,JEWISH UNITED FUND,30 S WELLS ST,CHICAGO,IL,60606,285000,CHARITY,990-PF,41.881085502878,-87.633883748516,intermediary_or_citywide
Eugene and Janet Lerner Family Foundation INC,2021,JUDD GOLDMAN ADOPTIVE SAILING,875 MICHIGAN AVE 3718,CHICAGO,IL,60611,15000,CHARITY,990-PF,41.898768343588,-87.624038249653,sited
Eugene and Janet Lerner Family Foundation INC,2021,PROJECT 613,2836 W JARVIS AVE,CHICAGO,IL,60645,5000,CHARITY,990-PF,42.015729693515,-87.700926555676,sited
Eugene and Janet Lerner Family Foundation INC,2021,RIVENDELL THEATRE ENSEMBLE,5779 N RIDGE AVE,CHICAGO,IL,60660,3000,CHARITY,990-PF,41.987056814064,-87.665550586341,sited
Eugene and Janet Lerner Family Foundation INC,2021,UNITED WAY OF METROPOLITAN CHICAGO,333 S WABASH AVE 30TH FLOOR,CHICAGO,IL,60604,5000,CHARITY,990-PF,41.877809331031,-87.62599882096,intermediary_or_citywide
Eugene and Janet Lerner Family Foundation INC,2021,WBEZ,848 E GRAND AVE,CHICAGO,IL,60611,10000,CHARITY,990-PF,41.892187438564,-87.609927254642,sited
Eugene and Janet Lerner Family Foundation INC,2021,WTTW,5400 N ST LOUIS AVE,CHICAGO,IL,60625,10000,CHARITY,990-PF,41.979387355038,-87.716147207409,sited
Eugene and Janet Lerner Family Foundation INC,2022,FRIENDS OF THE IDF,29 E MADISON ST,CHICAGO,IL,606024550,16000,CHARITY,990-PF,41.882019849846,-87.626770185583,sited
Eugene and Janet Lerner Family Foundation INC,2022,JEWISH UNITED FUND,30 S WELLS ST,CHICAGO,IL,60606,275000,CHARITY,990-PF,41.881085502878,-87.633883748516,intermediary_or_citywide
Eugene and Janet Lerner Family Foundation INC,2022,JUDD GOLDMAN ADOPTIVE SAILING FOUNDATION,623 W LAKE ST SUITE 150,CHICAGO,IL,60661,15000,CHARITY,990-PF,41.885637850186,-87.64404287307,intermediary_or_citywide
Eugene and Janet Lerner Family Foundation INC,2022,RIVENDELL THEATRE ENSEMBLE,5779 N RIDGE AVE,CHICAGO,IL,60660,3000,CHARITY,990-PF,41.987056814064,-87.665550586341,sited
Eugene and Janet Lerner Family Foundation INC,2022,WBEZ,848 E GRAND AVE,CHICAGO,IL,60611,10000,CHARITY,990-PF,41.892187438564,-87.609927254642,sited
Eugene and Janet Lerner Family Foundation INC,2022,WTTW,5400 N ST LOUIS AVE,CHICAGO,IL,60625,10000,CHARITY,990-PF,41.979387355038,-87.716147207409,sited
Eugene and Janet Lerner Family Foundation INC,2023,FRIENDS OF THE IDF,29 E MADISON ST,CHICAGO,IL,606024550,16000,CHARITY,990-PF,41.882019849846,-87.626770185583,sited
Eugene and Janet Lerner Family Foundation INC,2023,JEWISH UNITED FUND,30 S WELLS ST,CHICAGO,IL,60606,285000,CHARITY,990-PF,41.881085502878,-87.633883748516,intermediary_or_citywide
Eugene and Janet Lerner Family Foundation INC,2023,JUDD GOLDMAN ADOPTIVE SAILING FOUNDATION,623 W LAKE ST SUITE 150,CHICAGO,IL,60661,55000,CHARITY,990-PF,41.885637850186,-87.64404287307,intermediary_or_citywide
Eugene and Janet Lerner Family Foundation INC,2023,LUV CITY,3849 W LAKE STREET,CHICAGO,IL,60624,3000,CHARITY,990-PF,41.885237848619,-87.72257335105,sited
Eugene and Janet Lerner Family Foundation INC,2023,RIVENDELL THEATRE ENSEMBLE,5779 N RIDGE AVE,CHICAGO,IL,60660,5000,CHARITY,990-PF,41.987056814064,-87.665550586341,sited
Eugene and Janet Lerner Family Foundation INC,2023,WBEZ,848 E GRAND AVE,CHICAGO,IL,60611,10000,CHARITY,990-PF,41.892187438564,-87.609927254642,sited
Eugene and Janet Lerner Family Foundation INC,2023,WTTW,5400 N ST LOUIS AVE,CHICAGO,IL,60625,10000,CHARITY,990-PF,41.979387355038,-87.716147207409,sited
Eugene and Janet Lerner Family Foundation INC,2024,BAYIT BRIGADE,1235 N CLYBOURN AVE STE 237,CHICAGO,IL,60610,5000,CHARITY,990-PF,41.904454594298,-87.640400884855,sited
Eugene and Janet Lerner Family Foundation INC,2024,FRIENDS OF THE IDF,29 E MADISON ST,CHICAGO,IL,606024550,10000,CHARITY,990-PF,41.882019849846,-87.626770185583,sited
Eugene and Janet Lerner Family Foundation INC,2024,JEWISH UNITED FUND,30 S WELLS ST,CHICAGO,IL,60606,275000,CHARITY,990-PF,41.881085502878,-87.633883748516,intermediary_or_citywide
Eugene and Janet Lerner Family Foundation INC,2024,JUDD GOLDMAN ADOPTIVE SAILING FOUNDATION,623 W LAKE ST SUITE 150,CHICAGO,IL,60661,25000,CHARITY,990-PF,41.885637850186,-87.64404287307,intermediary_or_citywide
Eugene and Janet Lerner Family Foundation INC,2024,RIVENDELL THEATRE ENSEMBLE,5779 N RIDGE AVE,CHICAGO,IL,60660,10000,CHARITY,990-PF,41.987056814064,-87.665550586341,sited
Eugene and Janet Lerner Family Foundation INC,2024,WBEZ,848 E GRAND AVE,CHICAGO,IL,60611,12000,CHARITY,990-PF,41.892187438564,-87.609927254642,sited
Eugene and Janet Lerner Family Foundation INC,2024,WTTW,5400 N ST LOUIS AVE,CHICAGO,IL,60625,12000,CHARITY,990-PF,41.979387355038,-87.716147207409,sited
Sirius Fund,2021,ACCESS LIVING,115 WEST CHICAGO AVE,CHICAGO,IL,60015,100,TO SUPPORT CHARITABLE PURPOSE,990-PF,41.896559368626,-87.632227154611,sited
Sirius Fund,2021,ANTI-DEFAMATION LEAGUE,120 SOUTH LASALLE STREET SUITE 1150,CHICAGO,IL,60603,1000,TO SUPPORT CHARITABLE PURPOSE,990-PF,41.88008989864,-87.632389221807,sited
Sirius Fund,2021,ART INSTITUTE OF CHICAGO,111 SOUTH MICHIGAN AVENUE,CHICAGO,IL,60603,5000,TO SUPPORT CHARITABLE PURPOSE,990-PF,41.880649213362,-87.624171570115,sited
Sirius Fund,2021,CHICAGO CARES,641 W LAKE STREET SUITE 200,CHICAGO,IL,60661,1000,TO SUPPORT CHARITABLE PURPOSE,990-PF,41.88563785021,-87.644465335155,sited
Sirius Fund,2021,CHICAGO HISTORY MUSEUM (CHECK MADE OUT TO THE CHICAGO HISTORICAL SOCIETY),1601 N CLARK STREET,CHICAGO,IL,60614,140,TO SUPPORT CHARITABLE PURPOSE,990-PF,41.91125225948,-87.631620549744,intermediary_or_citywide
Sirius Fund,2021,FAMILY FOCUS CHICAGO CHILD CARE SOCIETY,5467 S UNIVERSITY AVE,CHICAGO,IL,60615,250,TO SUPPORT CHARITABLE PURPOSE,990-PF,41.796166161439,-87.598028161796,sited
Sirius Fund,2021,FIELD MUSEUM,1400 S LAKE SHORE DRIVE,CHICAGO,IL,60605,6000,TO SUPPORT CHARITABLE PURPOSE,990-PF,41.865006735724,-87.614118889895,intermediary_or_citywide
Sirius Fund,2021,FRIENDS OF THE CHICAGO RIVER,411 SOUTH WELLS STREET SUITE 800,CHICAGO,IL,60607,1000,TO SUPPORT CHARITABLE PURPOSE,990-PF,41.876686085723,-87.633613034309,sited
Sirius Fund,2021,GOLD COAST NEIGHBORS ASSOCIATION,PO BOX 101241,CHICAGO,IL,60601,100,TO SUPPORT CHARITABLE PURPOSE,990-PF,,,intermediary_or_citywide
Sirius Fund,2021,GRANT PARK MUSIC FESTIVAL,205 EAST RANDOLPH STREET,CHICAGO,IL,60601,7000,TO SUPPORT CHARITABLE PURPOSE,990-PF,41.884225378761,-87.622769087728,sited
Sirius Fund,2021,GREATER CHICAGO FOOD DEPOSITORY,4100 W ANN LURIE PLACE,CHICAGO,IL,606323920,10000,TO SUPPORT CHARITABLE PURPOSE,990-PF,,,intermediary_or_citywide
Sirius Fund,2021,JEWISH UNITED FUND (JUF),30 S WELLS STREET ROOM 501,CHICAGO,IL,606065056,5000,TO SUPPORT CHARITABLE PURPOSE,990-PF,41.881085502878,-87.633883748516,intermediary_or_citywide
Sirius Fund,2021,LINCOLN PARK ZOO,2001 N CLARK STREET,CHICAGO,IL,60614,10000,TO SUPPORT CHARITABLE PURPOSE,990-PF,41.91854925312,-87.636079895114,sited
Sirius Fund,2021,MALNATI BRAIN TUMOR INSTITUTE,675 N ST CLAIR 20TH FLOOR,CHICAGO,IL,60611,1000,TO SUPPORT CHARITABLE PURPOSE,990-PF,41.894312958709,-87.622661646911,sited
Sirius Fund,2021,MERIT SCHOOL OF MUSIC,38 S PEORIA STREET,CHICAGO,IL,60607,51000,TO SUPPORT CHARITABLE PURPOSE,990-PF,41.881214815794,-87.649760056368,sited
Sirius Fund,2021,MILLENIUM PARK FOUNDATION,201 E RANDOLPH STREET,CHICAGO,IL,606016530,10000,TO SUPPORT CHARITABLE PURPOSE,990-PF,41.884289409363,-87.623854519313,sited
Sirius Fund,2021,MUSEUM OF CONTEMPORARY ART,220 E CHICAGO AVE,CHICAGO,IL,60611,1000,TO SUPPORT CHARITABLE PURPOSE,990-PF,41.896824755958,-87.621756021322,intermediary_or_citywide
Sirius Fund,2021,NATURE CONSERVANCY - ILLINOIS,8 S MICHIGAN AVENUE SUITE 900,CHICAGO,IL,60603,1000,TO SUPPORT CHARITABLE PURPOSE,990-PF,41.88205455908,-87.624550934438,sited
Sirius Fund,2021,NORTHWESTERN MEMORIAL HOSPITAL WOMEN'S BOARD,541 N FAIRBANK SUITE 800,CHICAGO,IL,60611,5000,TO SUPPORT CHARITABLE PURPOSE,990-PF,41.89214113481,-87.620164916817,intermediary_or_citywide
Sirius Fund,2021,OPENLANDS,25 E WASHINGTON STREET SUITE 1650,CHICAGO,IL,606021708,500,TO SUPPORT CHARITABLE PURPOSE,990-PF,41.883162849634,-87.626490086268,sited
Sirius Fund,2021,OUNCE OF PREVENTION,33 WEST MONROE STREET SUITE 1200,CHICAGO,IL,60603,1000,TO SUPPORT CHARITABLE PURPOSE,990-PF,41.880666800206,-87.629157524398,sited
Sirius Fund,2021,PEDAL THE CAUSE,8410 SOLUTIONS CENTER,CHICAGO,IL,60677,1000,TO SUPPORT CHARITABLE PURPOSE,990-PF,,,intermediary_or_citywide
Sirius Fund,2021,PLANNED PARENTHOOD OF ILLINOIS,18 SOUTH MICHIGAN AVE 6TH FLOOR,CHICAGO,IL,60603,1000,TO SUPPORT CHARITABLE CAUSE,990-PF,41.881367819857,-87.624527825232,sited
Sirius Fund,2021,RUSH UNIVERSITY MEDICAL CENTER,1201 W HARRISON STREET SUITE 300,CHICAGO,IL,60607,100000,TO SUPPORT CHARITABLE PURPOSE,990-PF,41.874161615653,-87.657004991389,intermediary_or_citywide
Sirius Fund,2021,SHEDD AQUARIUM,1200 S LAKE SHORE DRIVE,CHICAGO,IL,60605,110000,TO SUPPORT CHARITABLE PURPOSE,990-PF,41.866476458506,-87.613814359169,sited
Sirius Fund,2021,SMART MUSEUM OF ART,75 REMITTANCE DRIVE SUITE 1551,CHICAGO,IL,606751151,1000,TO SUPPORT CHARITABLE PURPOSE,990-PF,,,intermediary_or_citywide
Sirius Fund,2021,SPERTUS INSTITUTE FOR JEWISH LEARNING,610 S MICHIGAN AVENUE,CHICAGO,IL,606051901,1000,TO SUPPORT CHARITABLE PURPOSE,990-PF,41.873645350583,-87.624365209803,sited
Sirius Fund,2021,WBEZ,848 EAST GRAND AVE,CHICAGO,IL,60611,1000,TO SUPPORT CHARITABLE PURPOSE,990-PF,41.892187438564,-87.609927254642,sited
Sirius Fund,2021,WOLCOTT SCHOOL,524 N WOLCOTT AVE,CHICAGO,IL,60622,5000,TO SUPPORT CHARITABLE PURPOSE,990-PF,41.891670104285,-87.67456400438,sited
Sirius Fund,2021,WOMEN'S BOARD - UNIVERSITY OF CHICAGO,5235 SOUTH HARPER COURT SUITE 450,CHICAGO,IL,60615,1500,TO SUPPORT CHARITABLE PURPOSE,990-PF,41.799935726883,-87.588037196681,intermediary_or_citywide
Sirius Fund,2021,WOMEN'S BOARD OF RUSH UNIVERSITY MEDICAL CENTER,1725 WEST HARRISON STREET SUITE 545,CHICAGO,IL,60612,2700,TO SUPPORT CHARITABLE PURPOSE,990-PF,41.874073003519,-87.670180897281,intermediary_or_citywide
Sirius Fund,2022,ANTI-DEFAMATION LEAGUE,120 SOUTH LASALLE STREET SUITE 1150,CHICAGO,IL,60603,1000,TO SUPPORT CHARITABLE PURPOSE,990-PF,41.88008989864,-87.632389221807,sited
Sirius Fund,2022,ART INSTITUTE OF CHICAGO,111 SOUTH MICHIGAN AVENUE,CHICAGO,IL,60603,5000,TO SUPPORT CHARITABLE PURPOSE,990-PF,41.880649213362,-87.624171570115,sited
Sirius Fund,2022,CHIARTS (CHICAGO HIGH SCHOOL FOR THE ARTS),PO BOX 772076,CHICAGO,IL,606772076,100,TO SUPPORT CHARITABLE PURPOSE,990-PF,,,intermediary_or_citywide
Sirius Fund,2022,CHICAGO ACTIVE TRANSPORTATION ALLIANCE,35 E WACKER DRIVE SUITE 1782,CHICAGO,IL,60601,100,TO SUPPORT CHARITABLE PURPOSE,990-PF,41.887530047162,-87.625851774658,sited
Sirius Fund,2022,CHICAGO CARES,641 W LAKE STREET SUITE 200,CHICAGO,IL,60661,1000,TO SUPPORT CHARITABLE PURPOSE,990-PF,41.88563785021,-87.644465335155,sited
Sirius Fund,2022,CHICAGO COALITION FOR THE HOMELESS,70 E LAKE STREET,CHICAGO,IL,60601,100,TO SUPPORT CHARITABLE PURPOSE,990-PF,41.885782775355,-87.625858436593,sited
Sirius Fund,2022,CHICAGO FURNITURE BANK,4801 S WHIPPLE STREET,CHICAGO,IL,60632,5000,TO SUPPORT CHARITABLE PURPOSE,990-PF,41.806697809933,-87.700193188441,sited
Sirius Fund,2022,CHICAGO HISTORY MUSEUM (CHECK MADE OUT TO THE CHICAGO HISTORICAL SOCIETY),1601 N CLARK STREET,CHICAGO,IL,60614,70,TO SUPPORT CHARITABLE PURPOSE,990-PF,41.91125225948,-87.631620549744,intermediary_or_citywide
Sirius Fund,2022,ERIKSON INSTITUTE,451 NORTH LASALLE STREET,CHICAGO,IL,606544510,25000,TO SUPPORT CHARITABLE PURPOSE,990-PF,41.890492649322,-87.632388281839,sited
Sirius Fund,2022,FIELD MUSEUM,1400 S LAKE SHORE DRIVE,CHICAGO,IL,60605,6000,TO SUPPORT CHARITABLE PURPOSE,990-PF,41.865006735724,-87.614118889895,intermediary_or_citywide
Sirius Fund,2022,FOUNDATION FOR HEARING & SPEECH RESOURCES (FHSR),PO BOX 180018,CHICAGO,IL,60618,100,TO SUPPORT CHARITABLE PURPOSE,990-PF,,,intermediary_or_citywide
Sirius Fund,2022,FRIENDS OF THE CHICAGO RIVER,411 SOUTH WELLS STREET SUITE 800,CHICAGO,IL,60607,1000,TO SUPPORT CHARITABLE PURPOSE,990-PF,41.876686085723,-87.633613034309,sited
Sirius Fund,2022,GRANT PARK MUSIC FESTIVAL,205 EAST RANDOLPH STREET,CHICAGO,IL,60601,5000,TO SUPPORT CHARITABLE PURPOSE,990-PF,41.884225378761,-87.622769087728,sited
Sirius Fund,2022,GRANT PARK ORCHESTRAL ASSOCIATION,205 EAST RANDOLPH STREET,CHICAGO,IL,60601,2060,TO SUPPORT CHARITABLE PURPOSE,990-PF,41.884225378761,-87.622769087728,sited
Sirius Fund,2022,GREATER CHICAGO FOOD DEPOSITORY,4100 W ANN LURIE PLACE,CHICAGO,IL,606323920,10000,TO SUPPORT CHARITABLE PURPOSE,990-PF,,,intermediary_or_citywide
Sirius Fund,2022,JEWISH UNITED FUND (JUF),30 S WELLS STREET ROOM 501,CHICAGO,IL,606065056,5000,TO SUPPORT CHARITABLE PURPOSE,990-PF,41.881085502878,-87.633883748516,intermediary_or_citywide
Sirius Fund,2022,LINCOLN PARK ZOO,2001 N CLARK STREET,CHICAGO,IL,60614,1000,TO SUPPORT CHARITABLE PURPOSE,990-PF,41.91854925312,-87.636079895114,sited
Sirius Fund,2022,MERIT SCHOOL OF MUSIC,38 S PEORIA STREET,CHICAGO,IL,60607,51000,TO SUPPORT CHARITABLE PURPOSE,990-PF,41.881214815794,-87.649760056368,sited
Sirius Fund,2022,MILLENIUM PARK FOUNDATION,201 E RANDOLPH STREET,CHICAGO,IL,606016530,10000,TO SUPPORT CHARITABLE PURPOSE,990-PF,41.884289409363,-87.623854519313,sited
Sirius Fund,2022,NATIONAL MULTIPLE SCLEROSIS SOCIETY,525 W MONROE STREET 1510,CHICAGO,IL,60661,25,TO SUPPORT CHARITABLE PURPOSE,990-PF,41.880515962213,-87.640879475377,intermediary_or_citywide
Sirius Fund,2022,NATURE CONSERVANCY - ILLINOIS,8 S MICHIGAN AVENUE SUITE 900,CHICAGO,IL,60603,1000,TO SUPPORT CHARITABLE PURPOSE,990-PF,41.88205455908,-87.624550934438,sited
Sirius Fund,2022,NEWBERRY LIBRARY,60 W WALTON STREET,CHICAGO,IL,60610,750,TO SUPPORT CHARITABLE PURPOSE,990-PF,41.899859574468,-87.630394134617,sited
Sirius Fund,2022,NORTHWESTERN MEMORIAL HOSPITAL WOMEN'S BOARD,541 N FAIRBANK SUITE 800,CHICAGO,IL,60611,5000,TO SUPPORT CHARITABLE PURPOSE,990-PF,41.89214113481,-87.620164916817,intermediary_or_citywide
Sirius Fund,2022,NORTHWESTERN UNIVERSITY,28274 NETWORK PLACE,CHICAGO,IL,606731282,100,TO SUPPORT CHARITABLE PURPOSE,990-PF,,,intermediary_or_citywide
Sirius Fund,2022,OPENLANDS,25 E WASHINGTON STREET SUITE 1650,CHICAGO,IL,606021708,500,TO SUPPORT CHARITABLE PURPOSE,990-PF,41.883162849634,-87.626490086268,sited
Sirius Fund,2022,OUNCE OF PREVENTION,33 WEST MONROE STREET SUITE 1200,CHICAGO,IL,60603,1000,TO SUPPORT CHARITABLE PURPOSE,990-PF,41.880666800206,-87.629157524398,sited
Sirius Fund,2022,PLANNED PARENTHOOD OF ILLINOIS,18 SOUTH MICHIGAN AVE 6TH FLOOR,CHICAGO,IL,60603,1100,TO SUPPORT CHARITABLE CAUSE,990-PF,41.881367819857,-87.624527825232,sited
Sirius Fund,2022,RUSH UNIVERSITY MEDICAL CENTER,1201 W HARRISON STREET SUITE 300,CHICAGO,IL,60607,100000,TO SUPPORT CHARITABLE PURPOSE,990-PF,41.874161615653,-87.657004991389,intermediary_or_citywide
Sirius Fund,2022,SHEDD AQUARIUM,1200 S LAKE SHORE DRIVE,CHICAGO,IL,60605,110000,TO SUPPORT CHARITABLE PURPOSE,990-PF,41.866476458506,-87.613814359169,sited
Sirius Fund,2022,SPERTUS INSTITUTE FOR JEWISH LEARNING,610 S MICHIGAN AVENUE,CHICAGO,IL,606051901,1000,TO SUPPORT CHARITABLE PURPOSE,990-PF,41.873645350583,-87.624365209803,sited
Sirius Fund,2022,WBEZ,848 EAST GRAND AVE,CHICAGO,IL,60611,1000,TO SUPPORT CHARITABLE PURPOSE,990-PF,41.892187438564,-87.609927254642,sited
Sirius Fund,2022,WITS CHICAGO,150 N WACKER DRIVE SUITE 1120,CHICAGO,IL,60606,25,TO SUPPORT CHARITABLE PURPOSE,990-PF,41.885075882296,-87.637107896676,sited
Sirius Fund,2022,WOLCOTT SCHOOL,524 N WOLCOTT AVE,CHICAGO,IL,60622,2500,TO SUPPORT CHARITABLE PURPOSE,990-PF,41.891670104285,-87.67456400438,sited
Sirius Fund,2022,WOMEN'S BOARD - UNIVERSITY OF CHICAGO,5235 SOUTH HARPER COURT SUITE 450,CHICAGO,IL,60615,1500,TO SUPPORT CHARITABLE PURPOSE,990-PF,41.799935726883,-87.588037196681,intermediary_or_citywide
Sirius Fund,2022,WOMEN'S BOARD OF RUSH UNIVERSITY MEDICAL CENTER,1725 WEST HARRISON STREET SUITE 545,CHICAGO,IL,60612,2500,TO SUPPORT CHARITABLE PURPOSE,990-PF,41.874073003519,-87.670180897281,intermediary_or_citywide
Sirius Fund,2023,ANTI-DEFAMATION LEAGUE,120 SOUTH LASALLE STREET SUITE 1150,CHICAGO,IL,60603,2550,TO SUPPORT CHARITABLE PURPOSE,990-PF,41.88008989864,-87.632389221807,sited
Sirius Fund,2023,ART INSTITUTE OF CHICAGO,111 SOUTH MICHIGAN AVENUE,CHICAGO,IL,60603,10000,TO SUPPORT CHARITABLE PURPOSE,990-PF,41.880649213362,-87.624171570115,sited
Sirius Fund,2023,BETTER GOVERNMENT ASSOCIATION,205 WEST WACKER DRIVE SUITE 1400,CHICAGO,IL,60606,10000,TO SUPPORT CHARITABLE PURPOSE,990-PF,41.886816849441,-87.634273616014,sited
Sirius Fund,2023,CHIARTS (CHICAGO HIGH SCHOOL FOR THE ARTS),PO BOX 772076,CHICAGO,IL,606772076,100,TO SUPPORT CHARITABLE PURPOSE,990-PF,,,intermediary_or_citywide
Sirius Fund,2023,CHIARTS FOUNDATION,PO BOX 772076,CHICAGO,IL,606772076,1000,TO SUPPORT CHARITABLE PURPOSE,990-PF,,,intermediary_or_citywide
Sirius Fund,2023,CHICAGO ACTIVE TRANSPORTATION ALLIANCE,35 E WACKER DRIVE SUITE 1782,CHICAGO,IL,60601,100,TO SUPPORT CHARITABLE PURPOSE,990-PF,41.887530047162,-87.625851774658,sited
Sirius Fund,2023,CHICAGO CARES,641 W LAKE STREET SUITE 200,CHICAGO,IL,60661,1000,TO SUPPORT CHARITABLE PURPOSE,990-PF,41.88563785021,-87.644465335155,sited
Sirius Fund,2023,CHICAGO COMMUNITY SCULLING INC,2013 WEST THOMAS STREET,CHICAGO,IL,60622,50000,TO SUPPORT CHARITABLE PURPOSE,990-PF,41.901299244567,-87.67802726711,sited
Sirius Fund,2023,CHICAGO ECO HOUSE,6439 PEORIA STREET,CHICAGO,IL,60621,100,TO SUPPORT CHARITABLE PURPOSE,990-PF,41.777176529369,-87.647072895555,sited
Sirius Fund,2023,CHICAGO HISTORY MUSEUM (CHECK MADE OUT TO THE CHICAGO HISTORICAL SOCIETY),1601 N CLARK STREET,CHICAGO,IL,60614,70,TO SUPPORT CHARITABLE PURPOSE,990-PF,41.91125225948,-87.631620549744,intermediary_or_citywide
Sirius Fund,2023,CHRIST THE KING JESUIT COLLEGE PREP,5088 W JACKSON BLVD,CHICAGO,IL,60644,100,TO SUPPORT CHARITABLE PURPOSE,990-PF,41.876739695784,-87.752936587079,intermediary_or_citywide
Sirius Fund,2023,DANIEL MURPHY SCHOLARSHIP FUND,309 WEST WASHINGTON STREET SUITE,CHICAGO,IL,60606,50,TO SUPPORT CHARITABLE PURPOSE,990-PF,41.88314485014,-87.635526294391,intermediary_or_citywide
Sirius Fund,2023,FIELD MUSEUM,1400 S LAKE SHORE DRIVE,CHICAGO,IL,60605,5000,TO SUPPORT CHARITABLE PURPOSE,990-PF,41.865006735724,-87.614118889895,intermediary_or_citywide
Sirius Fund,2023,FRIENDS OF THE CHICAGO RIVER,411 SOUTH WELLS STREET SUITE 800,CHICAGO,IL,60607,1000,TO SUPPORT CHARITABLE PURPOSE,990-PF,41.876686085723,-87.633613034309,sited
Sirius Fund,2023,GOLD COAST NEIGHBORS ASSOCIATION,PO BOX 101241,CHICAGO,IL,606101241,100,TO SUPPORT CHARITABLE PURPOSE,990-PF,,,intermediary_or_citywide
Sirius Fund,2023,GRANT PARK MUSIC FESTIVAL,205 EAST RANDOLPH STREET,CHICAGO,IL,60601,12000,TO SUPPORT CHARITABLE PURPOSE,990-PF,41.884225378761,-87.622769087728,sited
Sirius Fund,2023,GRANT PARK ORCHESTRAL ASSOCIATION,205 EAST RANDOLPH STREET,CHICAGO,IL,60601,2136,TO SUPPORT CHARITABLE PURPOSE,990-PF,41.884225378761,-87.622769087728,sited
Sirius Fund,2023,GREATER CHICAGO FOOD DEPOSITORY,4100 W ANN LURIE PLACE,CHICAGO,IL,606323920,10000,TO SUPPORT CHARITABLE PURPOSE,990-PF,,,intermediary_or_citywide
Sirius Fund,2023,JEWISH UNITED FUND (JUF),30 S WELLS STREET ROOM 501,CHICAGO,IL,606065056,5000,TO SUPPORT CHARITABLE PURPOSE,990-PF,41.881085502878,-87.633883748516,intermediary_or_citywide
Sirius Fund,2023,LINCOLN PARK ZOO,2001 N CLARK STREET,CHICAGO,IL,60614,1000,TO SUPPORT CHARITABLE PURPOSE,990-PF,41.91854925312,-87.636079895114,sited
Sirius Fund,2023,MERIT SCHOOL OF MUSIC,38 S PEORIA STREET,CHICAGO,IL,60607,72100,TO SUPPORT CHARITABLE PURPOSE,990-PF,41.881214815794,-87.649760056368,sited
Sirius Fund,2023,MILLENIUM PARK FOUNDATION,201 E RANDOLPH STREET,CHICAGO,IL,606016530,10000,TO SUPPORT CHARITABLE PURPOSE,990-PF,41.884289409363,-87.623854519313,sited
Sirius Fund,2023,NATURE CONSERVANCY - ILLINOIS,8 S MICHIGAN AVENUE SUITE 900,CHICAGO,IL,60603,1000,TO SUPPORT CHARITABLE PURPOSE,990-PF,41.88205455908,-87.624550934438,sited
Sirius Fund,2023,NEWBERRY LIBRARY,60 W WALTON STREET,CHICAGO,IL,60610,1000,TO SUPPORT CHARITABLE PURPOSE,990-PF,41.899859574468,-87.630394134617,sited
Sirius Fund,2023,NORTHWESTERN MEMORIAL HOSPITAL WOMEN'S BOARD,541 N FAIRBANK SUITE 800,CHICAGO,IL,60611,5000,TO SUPPORT CHARITABLE PURPOSE,990-PF,41.89214113481,-87.620164916817,intermediary_or_citywide
Sirius Fund,2023,NOURISHING HOPE,1716 W HUBBARD STREET,CHICAGO,IL,60622,100,TO SUPPORT CHARITABLE PURPOSE,990-PF,41.889891478427,-87.670195550102,sited
Sirius Fund,2023,OPENLANDS,25 E WASHINGTON STREET SUITE 1650,CHICAGO,IL,606021708,500,TO SUPPORT CHARITABLE PURPOSE,990-PF,41.883162849634,-87.626490086268,sited
Sirius Fund,2023,OUNCE OF PREVENTION,33 WEST MONROE STREET SUITE 1200,CHICAGO,IL,60603,1500,TO SUPPORT CHARITABLE PURPOSE,990-PF,41.880666800206,-87.629157524398,sited
Sirius Fund,2023,PEDAL THE CAUSE,8410 SOLUTIONS CENTER,CHICAGO,IL,606778004,1000,TO SUPPORT CHARITABLE PURPOSE,990-PF,,,intermediary_or_citywide
Sirius Fund,2023,PLANNED PARENTHOOD OF ILLINOIS,18 SOUTH MICHIGAN AVE 6TH FLOOR,CHICAGO,IL,60603,7500,TO SUPPORT CHARITABLE CAUSE,990-PF,41.881367819857,-87.624527825232,sited
Sirius Fund,2023,RUSH UNIVERSITY MEDICAL CENTER,1201 W HARRISON STREET SUITE 300,CHICAGO,IL,60607,100190,TO SUPPORT CHARITABLE PURPOSE,990-PF,41.874161615653,-87.657004991389,intermediary_or_citywide
Sirius Fund,2023,SHEDD AQUARIUM,1200 S LAKE SHORE DRIVE,CHICAGO,IL,60605,110000,TO SUPPORT CHARITABLE PURPOSE,990-PF,41.866476458506,-87.613814359169,sited
Sirius Fund,2023,SPERTUS INSTITUTE FOR JEWISH LEARNING,610 S MICHIGAN AVENUE,CHICAGO,IL,606051901,1000,TO SUPPORT CHARITABLE PURPOSE,990-PF,41.873645350583,-87.624365209803,sited
Sirius Fund,2023,WBEZ,848 EAST GRAND AVE,CHICAGO,IL,60611,1000,TO SUPPORT CHARITABLE PURPOSE,990-PF,41.892187438564,-87.609927254642,sited
Sirius Fund,2023,WOLCOTT SCHOOL,524 N WOLCOTT AVE,CHICAGO,IL,60622,5000,TO SUPPORT CHARITABLE PURPOSE,990-PF,41.891670104285,-87.67456400438,sited
Sirius Fund,2023,WOMEN'S BOARD - UNIVERSITY OF CHICAGO,5235 SOUTH HARPER COURT SUITE 450,CHICAGO,IL,60615,3000,TO SUPPORT CHARITABLE PURPOSE,990-PF,41.799935726883,-87.588037196681,intermediary_or_citywide
Sirius Fund,2023,WOMEN'S BOARD OF RUSH UNIVERSITY MEDICAL CENTER,1725 WEST HARRISON STREET SUITE 545,CHICAGO,IL,60612,2500,TO SUPPORT CHARITABLE PURPOSE,990-PF,41.874073003519,-87.670180897281,intermediary_or_citywide
Sirius Fund,2024,ANN & ROBERT LURIE CHILDREN'S HOSPITAL OF CHICAGO,225 E CHICAGO AVE,CHICAGO,IL,60611,50,TO SUPPORT CHARITABLE PURPOSE,990-PF,41.896693751301,-87.622923905467,intermediary_or_citywide
Sirius Fund,2024,ANTI-DEFAMATION LEAGUE,120 S LASALLE STREET SUITE 1550,CHICAGO,IL,60603,2500,TO SUPPORT CHARITABLE PURPOSE,990-PF,41.88008989864,-87.632389221807,sited
Sirius Fund,2024,ART INSTITUTE OF CHICAGO,111 SOUTH MICHIGAN AVENUE,CHICAGO,IL,60603,10000,TO SUPPORT CHARITABLE PURPOSE,990-PF,41.880649213362,-87.624171570115,sited
Sirius Fund,2024,CHICAGO CARES,1200 W 35TH STREET UNIT 302,CHICAGO,IL,60609,1000,TO SUPPORT CHARITABLE PURPOSE,990-PF,41.830680444473,-87.655806470223,sited
Sirius Fund,2024,CHICAGO COMMUNITY SCULLING INC,2013 WEST THOMAS STREET,CHICAGO,IL,60622,25000,TO SUPPORT CHARITABLE PURPOSE,990-PF,41.901299244567,-87.67802726711,sited
Sirius Fund,2024,CHICAGO HISTORY MUSEUM (CHECK MADE OUT TO THE CHICAGO HISTORICAL SOCIETY),1601 N CLARK STREET,CHICAGO,IL,60614,70,TO SUPPORT CHARITABLE PURPOSE,990-PF,41.91125225948,-87.631620549744,intermediary_or_citywide
Sirius Fund,2024,FAMILY FOCUS CHICAGO CHILD CARE SOCIETY,5467 S UNIVERSITY AVE,CHICAGO,IL,60615,100,TO SUPPORT CHARITABLE PURPOSE,990-PF,41.796166161439,-87.598028161796,sited
Sirius Fund,2024,FIELD MUSEUM,1400 S LAKE SHORE DRIVE,CHICAGO,IL,60605,5000,TO SUPPORT CHARITABLE PURPOSE,990-PF,41.865006735724,-87.614118889895,intermediary_or_citywide
Sirius Fund,2024,FRIENDS OF THE CHICAGO RIVER,121 E WACKER DRIVE SUITE 1700,CHICAGO,IL,60601,1000,TO SUPPORT CHARITABLE PURPOSE,990-PF,41.888139848624,-87.623660322145,sited
Sirius Fund,2024,GRANT PARK MUSIC FESTIVAL (ADVOCATE FOR THE ARTS AWARDS BENEFIT),205 EAST RANDOLPH STREET,CHICAGO,IL,60601,6000,TO SUPPORT CHARITABLE PURPOSE,990-PF,41.884225378761,-87.622769087728,sited
Sirius Fund,2024,GRANT PARK ORCHESTRAL ASSOCIATION,205 EAST RANDOLPH STREET,CHICAGO,IL,60601,2240,TO SUPPORT CHARITABLE PURPOSE,990-PF,41.884225378761,-87.622769087728,sited
Sirius Fund,2024,GREATER CHICAGO FOOD DEPOSITORY,4100 W ANN LURIE PLACE,CHICAGO,IL,60632,10000,TO SUPPORT CHARITABLE PURPOSE,990-PF,,,intermediary_or_citywide
Sirius Fund,2024,JEWISH UNITED FUND (JUF),30 S WELLS STREET ROOM 501,CHICAGO,IL,60606,5000,TO SUPPORT CHARITABLE PURPOSE,990-PF,41.881085502878,-87.633883748516,intermediary_or_citywide
Sirius Fund,2024,JOFFREY BALLET,10 E RANDOLPH STREET,CHICAGO,IL,60601,10000,TO SUPPORT CHARITABLE PURPOSE,990-PF,41.884546846461,-87.62753189865,sited
Sirius Fund,2024,LINCOLN PARK ZOO,2001 N CLARK STREET,CHICAGO,IL,60614,1000,TO SUPPORT CHARITABLE PURPOSE,990-PF,41.91854925312,-87.636079895114,sited
Sirius Fund,2024,MERIT SCHOOL OF MUSIC,38 E PEORIA STREET,CHICAGO,IL,60607,25,TO SUPPORT CHARITABLE PURPOSE,990-PF,41.881214815794,-87.649760056368,sited
Sirius Fund,2024,MERIT SCHOOL OF MUSIC,JOY FAITH KNAPP MUSIC CENTER 38 S,CHICAGO,IL,60607,10000,TO SUPPORT CHARITABLE PURPOSE,990-PF,,,intermediary_or_citywide
Sirius Fund,2024,MERIT SCHOOL OF MUSIC,JOY FAITH KNAPP MUSIC CENTER 38 S,CHICAGO,IL,60607,50000,TO SUPPORT CHARITABLE PURPOSE,990-PF,,,intermediary_or_citywide
Sirius Fund,2024,MERIT SCHOOL OF MUSIC,JOY FAITH KNAPP MUSIC CENTER 38 S,CHICAGO,IL,60607,108000,TO SUPPORT CHARITABLE PURPOSE,990-PF,,,intermediary_or_citywide
Sirius Fund,2024,MILLENIUM PARK FOUNDATION,201 E RANDOLPH STREET,CHICAGO,IL,60601,10000,TO SUPPORT CHARITABLE PURPOSE,990-PF,41.884289409363,-87.623854519313,sited
Sirius Fund,2024,NATURE CONSERVANCY - ILLINOIS,8 S MICHIGAN AVENUE SUITE 900,CHICAGO,IL,60603,1000,TO SUPPORT CHARITABLE PURPOSE,990-PF,41.88205455908,-87.624550934438,sited
Sirius Fund,2024,NEWBERRY LIBRARY,60 W WALTON STREET,CHICAGO,IL,60610,1000,TO SUPPORT CHARITABLE PURPOSE,990-PF,41.899859574468,-87.630394134617,sited
Sirius Fund,2024,NORTHWESTERN MEMORIAL HOSPITAL WOMEN'S BOARD,PO BOX 734985,CHICAGO,IL,60673,5000,TO SUPPORT CHARITABLE PURPOSE,990-PF,,,intermediary_or_citywide
Sirius Fund,2024,OPENLANDS,25 E WASHINGTON STREET SUITE 1650,CHICAGO,IL,60602,500,TO SUPPORT CHARITABLE PURPOSE,990-PF,41.883162849634,-87.626490086268,sited
Sirius Fund,2024,PLANNED PARENTHOOD OF ILLINOIS,DEVELOPMENT DEPARTMENT 17 N STATE,CHICAGO,IL,60602,2500,TO SUPPORT CHARITABLE PURPOSE,990-PF,41.882740138023,-87.627778646,sited
Sirius Fund,2024,RUSH UNIVERSITY MEDICAL CENTER,OFFICE OF PHILANTHROPY 1201 W,CHICAGO,IL,60607,100000,TO SUPPORT CHARITABLE PURPOSE,990-PF,,,intermediary_or_citywide
Sirius Fund,2024,RUSH UNIVERSITY MEDICAL CENTER,OFFICE OF PHILANTHROPY 1201 W,CHICAGO,IL,60607,2500,TO SUPPORT CHARITABLE PURPOSE,990-PF,,,intermediary_or_citywide
Sirius Fund,2024,SHEDD AQUARIUM,1200 S LAKE SHORE DRIVE,CHICAGO,IL,60605,10000,TO SUPPORT CHARITABLE PURPOSE,990-PF,41.866476458506,-87.613814359169,sited
Sirius Fund,2024,SHEDD AQUARIUM,1200 S LAKE SHORE DRIVE,CHICAGO,IL,60605,100000,TO SUPPORT CHARITABLE PURPOSE,990-PF,41.866476458506,-87.613814359169,sited
Sirius Fund,2024,SPERTUS INSTITUTE FOR JEWISH LEARNING & LEADERSHIP,610 S MICHIGAN AVENUE,CHICAGO,IL,60605,1000,TO SUPPORT CHARITABLE PURPOSE,990-PF,41.873645350583,-87.624365209803,sited
Sirius Fund,2024,START EARLY (FKA OUNCE OF PREVENTION),33 WEST MONROE STREET SUITE 1200,CHICAGO,IL,60603,2500,TO SUPPORT CHARITABLE PURPOSE,990-PF,41.880666800206,-87.629157524398,sited
Sirius Fund,2024,THE WOMEN'S BOARD - UNIVERSITY OF CHICAGO,5235 SOUTH HARPER COURT SUITE 450,CHICAGO,IL,60615,1500,TO SUPPORT CHARITABLE PURPOSE,990-PF,41.799935726883,-87.588037196681,intermediary_or_citywide
Sirius Fund,2024,WBEZ,848 EAST GRAND AVE,CHICAGO,IL,60611,1000,TO SUPPORT CHARITABLE PURPOSE,990-PF,41.892187438564,-87.609927254642,sited
Sirius Fund,2024,WOLCOTT SCHOOL,524 N WOLCOTT AVE,CHICAGO,IL,60622,5000,TO SUPPORT CHARITABLE PURPOSE,990-PF,41.891670104285,-87.67456400438,sited
Sirius Fund,2024,WOMEN'S BOARD OF RUSH UNIVERSITY MEDICAL CENTER,1201 W HARRISON STREET SUITE 300,CHICAGO,IL,60607,2500,TO SUPPORT CHARITABLE PURPOSE,990-PF,41.874161615653,-87.657004991389,intermediary_or_citywide
Conant Family Foundation,2021,ALLIANCE OF THE SOUTHEAST,9204 S COMMERICAL AVE 301,CHICAGO,IL,60617,40000,UNRESTRICTED,990-PF,41.728076803889,-87.55128750911,sited
Conant Family Foundation,2021,ALTERNATIVE INC,4730 N SHERIDAN RD,CHICAGO,IL,60640,20000,UNRESTRICTED,990-PF,41.96823742805,-87.654887294249,sited
Conant Family Foundation,2021,BLOCK CLUB CHGOINST FOR NON PROFIT NEWS,1132 S WABASH 200,CHICAGO,IL,60605,45000,UNRESTRICTED,990-PF,41.868533719522,-87.625927512535,sited
Conant Family Foundation,2021,CHICAGO ABORTION FUND,333 W NORTH AVE 267,CHICAGO,IL,60610,50000,UNRESTRICTED,990-PF,,,intermediary_or_citywide
Conant Family Foundation,2021,CHICAGO COMMUNITY BOND FUND,61 S CALIFORNIA AVE,CHICAGO,IL,60612,25000,UNRESTRICTED,990-PF,41.880354881106,-87.696187659796,sited
Conant Family Foundation,2021,CHICAGO FOUNDATION FOR WOMEN,3304 N LINCOLN,CHICAGO,IL,60657,50000,UNRESTRICTED,990-PF,41.941598325601,-87.670082716034,intermediary_or_citywide
Conant Family Foundation,2021,CHICAGO HELP INITIATIVE,440 N WELLS ST STE 440,CHICAGO,IL,60654,10000,UNRESTRICTED,990-PF,41.890170853726,-87.634111271441,sited
Conant Family Foundation,2021,CHICAGO PUBIC MEDIA,848 E GRAND AVE,CHICAGO,IL,60611,50000,UNRESTRICTED,990-PF,41.892187438564,-87.609927254642,sited
Conant Family Foundation,2021,CHICAGO RACIAL JUSTICE POOLED FUND,3411 W DIVERSEY AVE 20,CHICAGO,IL,60647,25000,UNRESTRICTED,990-PF,41.931906846099,-87.712837203673,sited
Conant Family Foundation,2021,CHICAGO UNITED FOR EQUITY,1 W MONROW ST 4TH FL,CHICAGO,IL,60603,10000,UNRESTRICTED,990-PF,41.880676600871,-87.628811060471,sited
Conant Family Foundation,2021,CHILDREN AND TEACHERS FOUNDATION FOR UNITED WORKING FAMILIES,19021 W CARROLL AVE,CHICAGO,IL,60612,15000,UNRESTRICTED,990-PF,,,intermediary_or_citywide
Conant Family Foundation,2021,CHRISTIANAIRE INC,2030 E 71ST ST,CHICAGO,IL,60649,5050,UNRESTRICTED,990-PF,41.766286458247,-87.57500696,sited
Conant Family Foundation,2021,CIRCESTEEM,4730 N SHERIDAN RD,CHICAGO,IL,60640,20000,UNRESTRICTED,990-PF,41.96823742805,-87.654887294249,sited
Conant Family Foundation,2021,EVERTHRIVE,1006 S MICHIGAN AVE 200,CHICAGO,IL,60605,5000,UNRESTRICTED,990-PF,41.869974015503,-87.624282694695,sited
Conant Family Foundation,2021,FACETS MULTIMEDIA,1517 W FULLERTON,CHICAGO,IL,60614,10000,UNRESTRICTED,990-PF,41.925115420274,-87.666452188686,sited
Conant Family Foundation,2021,FACING FORWARD TO END HOMELESS,642 N KEDZIE AVE,CHICAGO,IL,60612,5000,UNRESTRICTED,990-PF,41.892686134033,-87.706545890051,sited
Conant Family Foundation,2021,FAITH IN PLACE,70 E LAKE ST 920,CHICAGO,IL,60601,25000,UNRESTRICTED,990-PF,41.885782775355,-87.625858436593,sited
Conant Family Foundation,2021,FRIENDS OF THE PARKS,67 E MADISON ST 1817,CHICAGO,IL,60602,25000,UNRESTRICTED,990-PF,41.88203784977,-87.625472602075,sited
Conant Family Foundation,2021,GOODMAN THEATRE,170 N DEARBORN,CHICAGO,IL,60601,10000,UNRESTRICTED,990-PF,41.885165897733,-87.629554228101,sited
Conant Family Foundation,2021,HANA CENTER,4300 N CALIFORNIA,CHICAGO,IL,60618,10000,UNRESTRICTED,990-PF,41.95946138356,-87.698489156224,sited
Conant Family Foundation,2021,HOUSING OPPORTUNITIES FOR WOMEN,1607 W HOWARD ST,CHICAGO,IL,60626,10000,UNRESTRICTED,990-PF,42.019322210392,-87.671735933799,sited
Conant Family Foundation,2021,HUMAN RIGHTS WATCH,400 N WELLS ST 200,CHICAGO,IL,60654,50000,UNRESTRICTED,990-PF,41.889222312372,-87.634088884741,sited
Conant Family Foundation,2021,HYDE PARK ART CENTER,5020 S CORNELL AVE,CHICAGO,IL,60615,10000,UNRESTRICTED,990-PF,41.804102033512,-87.586553130653,sited
Conant Family Foundation,2021,INTERNATIONAL CHILDRENS MEDIA CENTER,625 N KINGSBURY,CHICAGO,IL,60654,10000,UNRESTRICTED,990-PF,41.893067290933,-87.641040583272,sited
Conant Family Foundation,2021,LITTLE VILLAGE ENVIRONMENTAL JUSTICE ORG,2445 S SPAULDING AVE,CHICAGO,IL,60623,40000,UNRESTRICTED,990-PF,41.846816224145,-87.707468753873,sited
Conant Family Foundation,2021,LOGAN SQUARE NEIGHBORHOOD ASSOC,2840 N MILWAUKEE AVE,CHICAGO,IL,60618,10000,UNRESTRICTED,990-PF,41.932829513241,-87.713684155816,sited
Conant Family Foundation,2021,METROPOLITAN PLANNING COUNCIL,140 S DEARBORN ST 1400,CHICAGO,IL,60603,25000,UNRESTRICTED,990-PF,41.879807335912,-87.629433511513,sited
Conant Family Foundation,2021,MIDWEST ACCESS COALITION,PO BOX 408363,CHICAGO,IL,60640,50000,UNRESTRICTED,990-PF,,,intermediary_or_citywide
Conant Family Foundation,2021,NORTH LAWNDALE COLLEGE PREP,1615 S CHRISTIANA AVE,CHICAGO,IL,60623,10000,UNRESTRICTED,990-PF,41.858060456794,-87.70900917669,intermediary_or_citywide
Conant Family Foundation,2021,NORTHWEST SIDE HOUSING CENTER,5233 W DIVERSEY AVE,CHICAGO,IL,60639,10000,UNRESTRICTED,990-PF,41.931326734654,-87.75724639636,sited
Conant Family Foundation,2021,ONE FOR ONE,914 W HUBBARD ST 301,CHICAGO,IL,60642,10000,UNRESTRICTED,990-PF,41.89011003964,-87.650485710668,sited
Conant Family Foundation,2021,PEOPLE FOR COMMUNITY RECOVER,13061 S CHAMPLAIN AVE,CHICAGO,IL,60827,15000,UNRESTRICTEDUNRESTRICTED,990-PF,41.657875569347,-87.604901811261,sited
Conant Family Foundation,2021,PLANNED PARENTHOOD ILLINOIS,1152 N MILWAUKEE AVE,CHICAGO,IL,60642,50000,UNRESTRICTED,990-PF,41.902597409691,-87.66540635249,sited
Conant Family Foundation,2021,PUBLIC HEALTH INST OF METRO CHICAGO FOR LIGHTHOUSE FOUNDATION,180 N MICHIGAN 1200,CHICAGO,IL,60601,10000,UNRESTRICTED,990-PF,41.885373782983,-87.624570287649,intermediary_or_citywide
Conant Family Foundation,2021,ROLE MODEL MOVEMENT,8035 S WABASH AVE,CHICAGO,IL,60619,10000,UNRESTRICTED,990-PF,41.748505993272,-87.622856384459,sited
Conant Family Foundation,2021,SOUTHEAST SIDE COAL BAN PETCOKE,13300 S BALTIMORE,CHICAGO,IL,60617,25000,UNRESTRICTED,990-PF,41.653617884733,-87.5472244797,sited
Conant Family Foundation,2021,SOUTHSIDERS ORGANIZED FOR UNITY & LIBERATION,11211 S ST LAWRENCE AVE,CHICAGO,IL,60628,20000,UNRESTRICTED,990-PF,41.690379162263,-87.608289472443,sited
Conant Family Foundation,2021,ST AGATHA CHURCH,3147 W DOUGLAS BLVD,CHICAGO,IL,60623,10000,UNRESTRICTED,990-PF,41.862463342531,-87.704641131972,sited
Conant Family Foundation,2021,SWEET WATER FOUNDATION,5749 S PERRY AVE,CHICAGO,IL,60621,30000,UNRESTRICTED,990-PF,41.789287810979,-87.627594116296,sited
Conant Family Foundation,2021,THE NETWORK,1 E WACKER DR 1530,CHICAGO,IL,60601,10000,UNRESTRICTED,990-PF,41.887177895037,-87.626333450504,sited
Conant Family Foundation,2021,VICTORY GARDENS THEATRE,2433 N LINCOLN AVE,CHICAGO,IL,60614,10000,UNRESTRICTED,990-PF,41.92622541621,-87.649743631757,sited
Conant Family Foundation,2021,WE ALL LIVE HERE FOUNDATION,625 N KINGSBURY,CHICAGO,IL,60654,5000,UNRESTRICTED,990-PF,41.893067290933,-87.641040583272,intermediary_or_citywide
Conant Family Foundation,2021,WORKING FAMILY SOLIDARITY,1857 W 19TH ST,CHICAGO,IL,60608,15000,UNRESTRICTED,990-PF,41.855827887454,-87.672432859048,sited
Conant Family Foundation,2021,ART WORKS PROJECTS,625 N KINGSBURY ST,CHICAGO,IL,60654,5000,UNRESTRICTED,990-PF,41.893067290933,-87.641040583272,sited
Conant Family Foundation,2021,BRAVE SPACE ALLIANCE,1515 E 52ND PL 3RD FLOOR,CHICAGO,IL,60615,20000,UNRESTRICTED,990-PF,41.799966861827,-87.588900442913,sited
Conant Family Foundation,2021,CHICAGO COALITION FOR THE HOMELESS,70 EAST LAKE STREET SUITE 720,CHICAGO,IL,60601,5000,UNRESTRICTED,990-PF,41.885782775355,-87.625858436593,sited
Conant Family Foundation,2021,CHICAGO LAWYERS COMMITTEE FOR CIVIL RIGHTS,100 NORTH LA SALLE ST STE 600,CHICAGO,IL,60602,5000,UNRESTRICTED,990-PF,41.883268441347,-87.632486206776,sited
Conant Family Foundation,2021,CHICAGO PARTNERSHIP SUMMER FUND,1424 W CHICAGO AVE STE EF,CHICAGO,IL,60642,25000,UNRESTRICTED,990-PF,41.896193673911,-87.663246721815,sited
Conant Family Foundation,2021,CHICAGO PEACE FELLOWS CO GOLDIN INSTITUTE,1235 A N CLYBOURN AVE 327,CHICAGO,IL,60610,25000,UNRESTRICTED,990-PF,41.904454594298,-87.640400884855,sited
Conant Family Foundation,2021,DEBORAH'S PLACE,2822 W JACKSON BLVD,CHICAGO,IL,60612,5000,UNRESTRICTED,990-PF,41.87748144593,-87.697018917698,sited
Conant Family Foundation,2021,EQUITY AND TRANSFORMATION,10 W 35TH ST SUITE 10F4-2,CHICAGO,IL,60616,20000,UNRESTRICTED,990-PF,41.831067772341,-87.626815853448,sited
Conant Family Foundation,2021,FARMWORKER ADVOCACY PROJECT,33 N LA SALLE ST STE 900,CHICAGO,IL,60602,5000,UNRESTRICTED,990-PF,41.882669411932,-87.632303917026,sited
Conant Family Foundation,2021,ILLINOIS BLACK ADVOCACY INITIATIVE,200 WEST MADISON STREET 2ND FLOOR,CHICAGO,IL,60606,10000,UNRESTRICTED,990-PF,41.881999441643,-87.633899204958,sited
Conant Family Foundation,2021,LA CASA NORTE,3533 W NORTH AVE,CHICAGO,IL,60647,5000,UNRESTRICTED,990-PF,41.909955638029,-87.715532817289,sited
Conant Family Foundation,2021,MIDWEST ACCESS PROJECT,5215 NORTH RAVENWOOD AVENUE SUITE,CHICAGO,IL,60640,10000,UNRESTRICTED,990-PF,41.976560551408,-87.674344180612,sited
Conant Family Foundation,2021,ORGANIZED COMMUNITIES AGAINST DEPORTATION,4811 N CENTRAL PARK AVE,CHICAGO,IL,60625,20000,UNRESTRICTED,990-PF,41.968689406103,-87.718186906176,sited
Conant Family Foundation,2021,PUBLIC HEALTH INSTITUTECHICAGO TORTURE JUSTICE CENTER,180 N MICHIGAN SUITE 1200,CHICAGO,IL,60601,5000,UNRESTRICTED,990-PF,41.885373782983,-87.624570287649,sited
Conant Family Foundation,2022,ALLIANCE OF THE SOUTHEAST,9204 S COMMERICAL AVE 301,CHICAGO,IL,60617,40000,UNRESTRICTED,990-PF,41.728076803889,-87.55128750911,sited
Conant Family Foundation,2022,ALTERNATIVE INC,4730 N SHERIDAN RD,CHICAGO,IL,60640,20000,UNRESTRICTED,990-PF,41.96823742805,-87.654887294249,sited
Conant Family Foundation,2022,BLOCK CLUB CHGOINST FOR NON PROFIT NEWS,1132 S WABASH 200,CHICAGO,IL,60605,35000,UNRESTRICTED,990-PF,41.868533719522,-87.625927512535,sited
Conant Family Foundation,2022,CHICAGO ABORTION FUND,333 W NORTH AVE 267,CHICAGO,IL,60610,50000,UNRESTRICTED,990-PF,,,intermediary_or_citywide
Conant Family Foundation,2022,CHICAGO COALITION FOR THE HOMELESS,70 EAST LAKE STREET SUITE 720,CHICAGO,IL,60601,5000,UNRESTRICTED,990-PF,41.885782775355,-87.625858436593,sited
Conant Family Foundation,2022,PATERNSHIP FOR SAFE AND PEACEFUL COMMUNITIES CO CHICAGO COMMUNITY TRUST,33 S STATE ST SUITE 750,CHICAGO,IL,60603,25000,UNRESTRICTED,990-PF,41.881652198165,-87.627682025192,intermediary_or_citywide
Conant Family Foundation,2022,CHICAGO FOUNDATION FOR WOMEN,3304 N LINCOLN,CHICAGO,IL,60657,50000,UNRESTRICTED,990-PF,41.941598325601,-87.670082716034,intermediary_or_citywide
Conant Family Foundation,2022,CHICAGO PEACE FELLOWS CO GOLDIN INSTITUTE,1235 A N CLYBOURN AVE 327,CHICAGO,IL,60610,12000,UNRESTRICTED,990-PF,41.904454594298,-87.640400884855,sited
Conant Family Foundation,2022,CHICAGO PUBIC MEDIA,848 E GRAND AVE,CHICAGO,IL,60611,50000,UNRESTRICTED,990-PF,41.892187438564,-87.609927254642,sited
Conant Family Foundation,2022,CHICAGO RACIAL JUSTICE POOLED FUND CO CROSSROADS FUND,3411 W DIVERSEY AVE 20,CHICAGO,IL,60647,25000,UNRESTRICTED,990-PF,41.931906846099,-87.712837203673,sited
Conant Family Foundation,2022,CIRCESTEEM,4730 N SHERIDAN RD,CHICAGO,IL,60640,20000,UNRESTRICTED,990-PF,41.96823742805,-87.654887294249,sited
Conant Family Foundation,2022,EQUITY AND TRANSFORMATION,10 W 35TH ST SUITE 10F4-2,CHICAGO,IL,60616,25000,UNRESTRICTED,990-PF,41.831067772341,-87.626815853448,sited
Conant Family Foundation,2022,FACETS MULTIMEDIA,1517 W FULLERTON,CHICAGO,IL,60614,10000,UNRESTRICTED,990-PF,41.925115420274,-87.666452188686,sited
Conant Family Foundation,2022,FRIENDS OF THE PARKS,67 E MADISON ST 1817,CHICAGO,IL,60602,25000,UNRESTRICTED,990-PF,41.88203784977,-87.625472602075,sited
Conant Family Foundation,2022,GOODMAN THEATRE,170 N DEARBORN,CHICAGO,IL,60601,10000,UNRESTRICTED,990-PF,41.885165897733,-87.629554228101,sited
Conant Family Foundation,2022,HANA CENTER,4300 N CALIFORNIA,CHICAGO,IL,60618,25000,UNRESTRICTED,990-PF,41.95946138356,-87.698489156224,sited
Conant Family Foundation,2022,HUMAN RIGHTS WATCH,400 N WELLS ST 200,CHICAGO,IL,60654,50000,UNRESTRICTED,990-PF,41.889222312372,-87.634088884741,sited
Conant Family Foundation,2022,HYDE PARK ART CENTER,5020 S CORNELL AVE,CHICAGO,IL,60615,20000,UNRESTRICTED,990-PF,41.804102033512,-87.586553130653,sited
Conant Family Foundation,2022,INTERNATIONAL CHILDRENS MEDIA CENTER,625 N KINGSBURY,CHICAGO,IL,60654,10000,UNRESTRICTED,990-PF,41.893067290933,-87.641040583272,sited
Conant Family Foundation,2022,LITTLE VILLAGE ENVIRONMENTAL JUSTICE ORG,2445 S SPAULDING AVE,CHICAGO,IL,60623,40000,UNRESTRICTED,990-PF,41.846816224145,-87.707468753873,sited
Conant Family Foundation,2022,METROPOLITAN PLANNING COUNCIL,140 S DEARBORN ST 1400,CHICAGO,IL,60603,25000,UNRESTRICTED,990-PF,41.879807335912,-87.629433511513,sited
Conant Family Foundation,2022,MIDWEST ACCESS COALITION,PO BOX 408363,CHICAGO,IL,60640,50000,UNRESTRICTED,990-PF,,,intermediary_or_citywide
Conant Family Foundation,2022,MIDWEST ACCESS PROJECT,5215 NORTH RAVENWOOD AVENUE SUITE,CHICAGO,IL,60640,10000,UNRESTRICTED,990-PF,41.976560551408,-87.674344180612,sited
Conant Family Foundation,2022,NORTH LAWNDALE COLLEGE PREP,1615 S CHRISTIANA AVE,CHICAGO,IL,60623,10000,UNRESTRICTED,990-PF,41.858060456794,-87.70900917669,intermediary_or_citywide
Conant Family Foundation,2022,PLANNED PARENTHOOD ILLINOIS,1152 N MILWAUKEE AVE,CHICAGO,IL,60642,50000,UNRESTRICTED,990-PF,41.902597409691,-87.66540635249,sited
Conant Family Foundation,2022,PUBLIC HEALTH INSTITUTECHICAGO TORTURE JUSTICE CENTER,180 N MICHIGAN SUITE 1200,CHICAGO,IL,60601,5000,UNRESTRICTED,990-PF,41.885373782983,-87.624570287649,sited
Conant Family Foundation,2022,RURAL ORGANIZING AND RESLILENCE,180 N MICHIGAN 1200,CHICAGO,IL,60601,5000,UNRESTRICTED,990-PF,41.885373782983,-87.624570287649,sited
Conant Family Foundation,2022,SOUTHEAST SIDE COAL BAN PETCOKE,13300 S BALTIMORE,CHICAGO,IL,60617,25000,UNRESTRICTED,990-PF,41.653617884733,-87.5472244797,sited
Conant Family Foundation,2022,SOUTHSIDERS ORGANIZED FOR UNITY & LIBERATION,11211 S ST LAWRENCE AVE,CHICAGO,IL,60628,10000,UNRESTRICTED,990-PF,41.690379162263,-87.608289472443,sited
Conant Family Foundation,2022,MOVE CO ST AGATHA CHURCH,3147 W DOUGLAS BLVD,CHICAGO,IL,60623,25000,UNRESTRICTED,990-PF,41.862463342531,-87.704641131972,sited
Conant Family Foundation,2022,SWEET WATER FOUNDATION,5749 S PERRY AVE,CHICAGO,IL,60621,30000,UNRESTRICTED,990-PF,41.789287810979,-87.627594116296,sited
Conant Family Foundation,2022,VICTORY GARDENS THEATRE,2433 N LINCOLN AVE,CHICAGO,IL,60614,10000,UNRESTRICTED,990-PF,41.92622541621,-87.649743631757,sited
Conant Family Foundation,2022,PILSEN ALLIANCE,1744 W 18TH STREET,CHICAGO,IL,60608,25000,UNRESTRICTED,990-PF,41.857795705134,-87.669926594784,sited
Conant Family Foundation,2022,JANE ADDAMS SENIOR CAUCUS,1343 W IRVING PARK RD 134,CHICAGO,IL,60613,25000,UNRESTRICTED,990-PF,41.954306353159,-87.66374845607,sited
Conant Family Foundation,2022,LIGHTHOUSE FOUNDATION OF CHICAGOLAND,2335 N ORCHARD ST,CHICAGO,IL,60614,25000,UNRESTRICTED,990-PF,41.924643525417,-87.646231148966,sited
Conant Family Foundation,2022,LUGENIA BURNS HOPE CENTER,710 E 47TH ST STE 200W,CHICAGO,IL,60653,5000,UNRESTRICTED,990-PF,41.809559844853,-87.608638933745,sited
Conant Family Foundation,2022,ASIAN AMERICANS ADVANCING JUSTICE CHICAGO,4716 N BROADWAY,CHICAGO,IL,60640,25000,UNRESTRICTED,990-PF,41.967716552675,-87.65904434461,sited
Conant Family Foundation,2022,AFIRE,4300 N CALIFORNIA,CHICAGO,IL,60618,25000,UNRESTRICTED,990-PF,41.95946138356,-87.698489156224,sited
Conant Family Foundation,2022,HEALING TO ACTION,332 S MICHIGAN AVE,CHICAGO,IL,60604,25000,UNRESTRICTED,990-PF,41.877843189944,-87.624454573168,sited
Conant Family Foundation,2022,UPTOWN PEOPLE'S LAW CENTER,4413 N SHERIDAN RD,CHICAGO,IL,60640,10000,UNRESTRICTED,990-PF,41.962174552097,-87.654678232592,sited
Conant Family Foundation,2022,TENANT EDUCATION NETWORK,835 W ADDISON ST,CHICAGO,IL,60613,25000,UNRESTRICTED,990-PF,41.947242840021,-87.650900026032,sited
Conant Family Foundation,2022,SOUTHEAST ENVIRONMENTAL TASK FORCE,13300 S BALTIMORE,CHICAGO,IL,60633,10000,UNRESTRICTED,990-PF,41.653617884733,-87.5472244797,sited
Conant Family Foundation,2023,LITTLE VILLAGE ENVIRONMENTAL JUSTICE ORGANIZATION LVEJO,2445 S SPAULDING AVE,CHICAGO,IL,60654,65000,UNRESTRICTED,990-PF,41.846816224145,-87.707468753873,sited
Conant Family Foundation,2023,HUMAN RIGHTS WATCH,400 N WELLS ST 200,CHICAGO,IL,60654,50050,UNRESTRICTED,990-PF,41.889222312372,-87.634088884741,sited
Conant Family Foundation,2023,MIDWEST ACCESS COALITION,PO BOX 408363,CHICAGO,IL,60640,50000,UNRESTRICTED,990-PF,,,intermediary_or_citywide
Conant Family Foundation,2023,PLANNED PARENTHOOD OF ILLINOIS,N MILWAUKEE AVE,CHICAGO,IL,60642,50000,UNRESTRICTED,990-PF,,,intermediary_or_citywide
Conant Family Foundation,2023,CHICAGO ABORTION FUND,333 W NORTH AVE 267,CHICAGO,IL,60610,50000,UNRESTRICTED,990-PF,,,intermediary_or_citywide
Conant Family Foundation,2023,CHICAGO FOUNDATION FOR WOMEN,3304 N LINCOLN,CHICAGO,IL,60657,50000,UNRESTRICTED,990-PF,41.941598325601,-87.670082716034,intermediary_or_citywide
Conant Family Foundation,2023,CHICAGO PUBLIC MEDIA INC,848 E GRAND AVE,CHICAGO,IL,60611,50000,UNRESTRICTED,990-PF,41.892187438564,-87.609927254642,sited
Conant Family Foundation,2023,CIRCESTEEM INC,4760 N SHERIDAN RD,CHICAGO,IL,60640,45000,UNRESTRICTED,990-PF,41.968587207637,-87.654890934947,sited
Conant Family Foundation,2023,ALIANZA LEADERSHIP INSTITUTE DBA ALLIANCE OF THE SOUTHEAST,8944 S COMMERCIAL AVE 1,CHICAGO,IL,60617,40000,UNRESTRICTED,990-PF,41.732902805759,-87.551400933631,sited
Conant Family Foundation,2023,BLOCK CLUB CHICAGO NFP,1132 S WABASH 200,CHICAGO,IL,60605,35000,UNRESTRICTED,990-PF,41.868533719522,-87.625927512535,sited
Conant Family Foundation,2023,SWEET WATER FOUNDATION INC,5749 S PERRY AVE,CHICAGO,IL,60621,30000,UNRESTRICTED,990-PF,41.789287810979,-87.627594116296,sited
Conant Family Foundation,2023,GOLDIN INSTITUTE FOR CHICAGO PEACE FELLOWS,1235 A N CLYBOURN AVE 327,CHICAGO,IL,60610,30000,UNRESTRICTED,990-PF,41.904454594298,-87.640400884855,sited
Conant Family Foundation,2023,MAMAS,4300 N CALIFORNIA AVE,CHICAGO,IL,60618,25000,UNRESTRICTED,990-PF,41.95946138356,-87.698489156224,sited
Conant Family Foundation,2023,CHICAGO IWOC,332 S MICHIGAN AVE 121B,CHICAGO,IL,60604,25000,UNRESTRICTED,990-PF,41.877843189944,-87.624454573168,sited
Conant Family Foundation,2023,FAITH IN PLACE,1100 E 55TH ST AC 1,CHICAGO,IL,60615,25000,UNRESTRICTED,990-PF,41.795088637314,-87.599570959085,sited
Conant Family Foundation,2023,SOUTHEAST ENVIRONMENTAL TASK FORCE,13300 S BALTIMORE,CHICAGO,IL,60633,25000,UNRESTRICTED,990-PF,41.653617884733,-87.5472244797,sited
Conant Family Foundation,2023,FRIENDS OF THE PARKS,67 E MADISON ST 1817,CHICAGO,IL,60602,25000,UNRESTRICTED,990-PF,41.88203784977,-87.625472602075,sited
Conant Family Foundation,2023,CHICAGO EM COLLECTIVE,4056 W 31ST ST,CHICAGO,IL,60623,25000,UNRESTRICTED,990-PF,41.836915490166,-87.726051973595,sited
Conant Family Foundation,2023,NOT ME WE,602 E 61ST ST,CHICAGO,IL,60637,25000,UNRESTRICTED,990-PF,41.784029393304,-87.610781396885,intermediary_or_citywide
Conant Family Foundation,2023,HYDE PARK ART CENTER,5020 S CORNELL AVE,CHICAGO,IL,60615,25000,UNRESTRICTED,990-PF,41.804102033512,-87.586553130653,sited
Conant Family Foundation,2023,CHICAGO RACIAL JUSTICE POOLED FUND,3411 W DIVERSEY AVE 20,CHICAGO,IL,60647,25000,UNRESTRICTED,990-PF,41.931906846099,-87.712837203673,sited
Conant Family Foundation,2023,COALITION TO END PERMANENT PUNISHMENT,644 E 79TH ST,CHICAGO,IL,60619,25000,UNRESTRICTED,990-PF,41.751283773223,-87.608602251261,sited
Conant Family Foundation,2023,ALTERNATIVES INC,4730 N SHERIDAN RD,CHICAGO,IL,60640,25000,UNRESTRICTED,990-PF,41.96823742805,-87.654887294249,sited
Conant Family Foundation,2023,LIBERATION LIBRARY,719 S STATE ST STE 300,CHICAGO,IL,60605,25000,UNRESTRICTED,990-PF,41.872361615544,-87.627392914178,sited
Conant Family Foundation,2023,THE CHICAGO COMMUNITY FOUNDATION FOR CHICAGO FUND PSPC,225 N MICHIGAN AVE STE 2200,CHICAGO,IL,60601,20000,UNRESTRICTED,990-PF,41.886567067898,-87.624456678273,intermediary_or_citywide
Conant Family Foundation,2023,INTERNATIONAL CHILDRENS MEDIA CENTER,625 N KINGSBURY,CHICAGO,IL,60654,20000,UNRESTRICTED,990-PF,41.893067290933,-87.641040583272,sited
Conant Family Foundation,2023,ALLIANCE OF FILIPINOS AFIRE,4300 N CALIFORNIA AVE STE 200B,CHICAGO,IL,60618,15000,UNRESTRICTED,990-PF,41.95946138356,-87.698489156224,sited
Conant Family Foundation,2023,EQUITY AND TRANSFORMATION,10 W 35TH ST SUITE 10F4 2,CHICAGO,IL,60616,15000,UNRESTRICTED,990-PF,41.831067772341,-87.626815853448,sited
Conant Family Foundation,2023,ORGANIZED COMMUNITIES AGAINST DEPORTATIONS,4811 N CENTRAL PARK AVE,CHICAGO,IL,60625,15000,UNRESTRICTED,990-PF,41.968689406103,-87.718186906176,sited
Conant Family Foundation,2023,CHICAGO FRONTLINES FUNDING INITIATIVE,2445 S SPAULDING AVE,CHICAGO,IL,60623,10000,UNRESTRICTED,990-PF,41.846816224145,-87.707468753873,sited
Conant Family Foundation,2023,RESTORE JUSTICE FOUNDATION,445 N WELLS ST STE 200,CHICAGO,IL,60654,10000,UNRESTRICTED,990-PF,41.89034146818,-87.633960483887,intermediary_or_citywide
Conant Family Foundation,2023,ONE FOR ONE CHICAGO,14 W SUPERIOR,CHICAGO,IL,60654,10000,UNRESTRICTED,990-PF,41.895731043431,-87.628668912179,sited
Conant Family Foundation,2023,MIDWEST ACCESS PROJECT,5215 NORTH RAVENWOOD AVENUE,CHICAGO,IL,60640,10000,UNRESTRICTED,990-PF,41.976560551408,-87.674344180612,sited
Conant Family Foundation,2023,HOUSING OPPORTUNITIES FOR WOMEN,1607 W HOWARD ST 3RD FLOOR,CHICAGO,IL,60626,10000,UNRESTRICTED,990-PF,42.019322210392,-87.671735933799,sited
Conant Family Foundation,2023,CHICAGO TORTURE JUSTICE CENTER,6337 S WOODLAWN AVE,CHICAGO,IL,60637,5000,UNRESTRICTED,990-PF,41.779189219288,-87.596089437243,sited
Conant Family Foundation,2023,THE RESURRECTION PROJECT,1805 S PAULINA ST,CHICAGO,IL,60608,5000,UNRESTRICTED,990-PF,41.857588583336,-87.668573051876,sited
Conant Family Foundation,2023,CHICAGO COALITION FOR THE HOMELESS,70 EAST LAKE STREET SUITE 720,CHICAGO,IL,60601,5000,UNRESTRICTED,990-PF,41.885782775355,-87.625858436593,sited
Conant Family Foundation,2023,CHICAGO UNITED SOLIDARITY PROJECT,2313 W GREENLEAF AVE,CHICAGO,IL,60645,500,UNRESTRICTED,990-PF,42.009833357707,-87.688422361197,sited
Conant Family Foundation,2023,PILSEN ALLIANCE,1744 W 18TH STREET,CHICAGO,IL,60608,500,UNRESTRICTED,990-PF,41.857795705134,-87.669926594784,sited
Conant Family Foundation,2023,63RD HOUSE,3055 W 63RD ST,CHICAGO,IL,60629,500,UNRESTRICTED,990-PF,41.778964756114,-87.699935144984,sited
Conant Family Foundation,2023,HEALING TO ACTION,4811 N CENTRAL PARK AVE,CHICAGO,IL,60625,300,UNRESTRICTED,990-PF,41.968689406103,-87.718186906176,sited
Conant Family Foundation,2024,CHRISTIANAIRE,2101 S MICHIGAN ST APT 1010,CHICAGO,IL,60616,3000,GENERAL SUPPORT,990-PF,41.854228570077,-87.623772382333,sited
Conant Family Foundation,2024,INTERNATIONAL CHILDRENS MEDIA CENTER,625 N KINGSBURY ST,CHICAGO,IL,60654,25000,GENERAL SUPPORT,990-PF,41.893067290933,-87.641040583272,sited
Conant Family Foundation,2024,PALESTINE LEGAL,637 S DEARBORN ST FLOOR 3,CHICAGO,IL,60605,5000,GENERAL SUPPORT,990-PF,41.8740949492,-87.629117421653,sited
Conant Family Foundation,2024,ALIANZA LEADERSHIP INSTITUTE DBA ALLIANCE OF THE SOUTHEAST,8944 S COMMERCIAL AVE 1,CHICAGO,IL,60617,25000,GENERAL SUPPORT,990-PF,41.732902805759,-87.551400933631,sited
Conant Family Foundation,2024,ALLIANCE OF FILIPINOS AFIRE,4300 N CALIFORNIA AVE STE 200B,CHICAGO,IL,60618,15000,GENERAL SUPPORT,990-PF,41.95946138356,-87.698489156224,sited
Conant Family Foundation,2024,ALTERNATIVES,4730 N SHERIDAN RD,CHICAGO,IL,60640,30000,GENERAL SUPPORT,990-PF,41.96823742805,-87.654887294249,sited
Conant Family Foundation,2024,BLOCK CLUB CHICAGO NFP,1132 S WABASH 200,CHICAGO,IL,60605,25000,GENERAL SUPPORT,990-PF,41.868533719522,-87.625927512535,sited
Conant Family Foundation,2024,CHICAGO ABORTION FUND,333 W NORTH AVE 267,CHICAGO,IL,60610,60000,GENERAL SUPPORT,990-PF,,,intermediary_or_citywide
Conant Family Foundation,2024,CHICAGO COALITION FOR THE HOMELESS,70 EAST LAKE STREET SUITE 720,CHICAGO,IL,60601,5000,GENERAL SUPPORT,990-PF,41.885782775355,-87.625858436593,sited
Conant Family Foundation,2024,CHICAGO EM COLLECTIVE,4056 W 31ST ST,CHICAGO,IL,60623,25000,GENERAL SUPPORT,990-PF,41.836915490166,-87.726051973595,sited
Conant Family Foundation,2024,CHICAGO FRONTLINES FUNDING INITIATIVE,2445 S SPAULDING AVE,CHICAGO,IL,60623,150000,GENERAL SUPPORT,990-PF,41.846816224145,-87.707468753873,sited
Conant Family Foundation,2024,CHICAGO IWOC,332 S MICHIGAN AVE NO 121B,CHICAGO,IL,60604,25000,GENERAL SUPPORT,990-PF,41.877843189944,-87.624454573168,sited
Conant Family Foundation,2024,CHICAGO PUBLIC MEDIA INC,848 E GRAND AVE,CHICAGO,IL,60611,50000,GENERAL SUPPORT,990-PF,41.892187438564,-87.609927254642,sited
Conant Family Foundation,2024,CIRCESTEEM INC,4760 N SHERIDAN RD,CHICAGO,IL,60640,20000,GENERAL SUPPORT,990-PF,41.968587207637,-87.654890934947,sited
Conant Family Foundation,2024,COALITION TO END PERMANENT PUNISHMENT,644 E 79TH ST,CHICAGO,IL,60619,25000,GENERAL SUPPORT,990-PF,41.751283773223,-87.608602251261,sited
Conant Family Foundation,2024,EQUITY AND TRANSFORMATION,10 W 35TH ST SUITE 10F4 2,CHICAGO,IL,60616,20000,GENERAL SUPPORT,990-PF,41.831067772341,-87.626815853448,sited
Conant Family Foundation,2024,FRIENDS OF THE PARKS,67 E MADISON ST 1817,CHICAGO,IL,60602,25000,GENERAL SUPPORT,990-PF,41.88203784977,-87.625472602075,sited
Conant Family Foundation,2024,GOLDIN INSTITUTE FOR CHICAGO PEACE FELLOWS,1235 A N CLYBOURN AVE NO 327,CHICAGO,IL,60610,30000,GENERAL SUPPORT,990-PF,41.904454594298,-87.640400884855,sited
Conant Family Foundation,2024,HUMAN RIGHTS WATCH,400 N WELLS ST 200,CHICAGO,IL,60654,50000,GENERAL SUPPORT,990-PF,41.889222312372,-87.634088884741,sited
Conant Family Foundation,2024,HYDE PARK ART CENTER,5020 S CORNELL AVE,CHICAGO,IL,60615,35000,GENERAL SUPPORT,990-PF,41.804102033512,-87.586553130653,sited
Conant Family Foundation,2024,MAMAS,4300 N CALIFORNIA AVE,CHICAGO,IL,60618,26000,GENERAL SUPPORT,990-PF,41.95946138356,-87.698489156224,sited
Conant Family Foundation,2024,MIDWEST ACCESS COALITION,PO BOX 408363,CHICAGO,IL,60640,30000,GENERAL SUPPORT,990-PF,,,intermediary_or_citywide
Conant Family Foundation,2024,MIDWEST ACCESS PROJECT,5215 NORTH RAVENWOOD AVE STE 206,CHICAGO,IL,60640,10000,GENERAL SUPPORT,990-PF,41.976560551408,-87.674344180612,sited
Conant Family Foundation,2024,NOT ME WE,602 E 61ST ST,CHICAGO,IL,60637,26000,GENERAL SUPPORT,990-PF,41.784029393304,-87.610781396885,intermediary_or_citywide
Conant Family Foundation,2024,ONE FOR ONE CHICAGO,14 W SUPERIOR,CHICAGO,IL,60654,2500,GENERAL SUPPORT,990-PF,41.895731043431,-87.628668912179,sited
Conant Family Foundation,2024,ORGANIZED COMMUNITIES AGAINST DEPORTATIONS,4811 N CENTRAL PARK AVE,CHICAGO,IL,60625,15000,GENERAL SUPPORT,990-PF,41.968689406103,-87.718186906176,sited
Conant Family Foundation,2024,SWEET WATER FOUNDATION INC,5749 S PERRY AVE,CHICAGO,IL,60621,25000,GENERAL SUPPORT,990-PF,41.789287810979,-87.627594116296,sited
Conant Family Foundation,2024,THE CHICAGO COMMUNITY FOUNDATION FOR CHICAGO FUND PSPC,225 N MICHIGAN AVE STE 2200,CHICAGO,IL,60601,10000,GENERAL SUPPORT,990-PF,41.886567067898,-87.624456678273,intermediary_or_citywide
Conant Family Foundation,2024,CROSSROADS FUND FOR THE CHICAGO RACIAL JUSTICE POOLED FUND,3411 W DIVERSEY AVENUE NO 20,CHICAGO,IL,60647,25000,GENERAL SUPPORT,990-PF,41.931906846099,-87.712837203673,sited
Conant Family Foundation,2024,CHICAGO FOUNDATION FOR WOMEN,140 S DEARBORN STREET NO 400,CHICAGO,IL,60603,50000,GENERAL SUPPORT,990-PF,41.879807335912,-87.629433511513,intermediary_or_citywide
Conant Family Foundation,2024,LIBERATION LIBRARY,2040 N MILWAUKEE AVENUE,CHICAGO,IL,60647,27000,GENERAL SUPPORT,990-PF,41.91840604651,-87.690110277311,sited
Conant Family Foundation,2024,PLANNED PARENTHOOD OF ILLINOIS,17 N STATE STREET 5TH FLOOR,CHICAGO,IL,60602,50000,GENERAL SUPPORT,990-PF,41.882740138023,-87.627778646,sited
Bill Nygren Foundation,2021,ADVOCATE ILLINOIS MASONIC MEDICAL CENTER,836 W WELLINGTON AVE,CHICAGO,IL,60657,10000,UNRESTRICTED,990-PF,41.936363464429,-87.652202398349,intermediary_or_citywide
Bill Nygren Foundation,2021,BIG BROTHERS BIG SISTERS OF METROPOLITAN CHICAGO,560 WEST LAKE ST,CHICAGO,IL,60661,50000,UNRESTRICTED,990-PF,41.885761441475,-87.642472795288,sited
Bill Nygren Foundation,2021,CHICAGO PUBLIC LIBRARY FOUNDATION,200 W MADISON - 3RD FLR,CHICAGO,IL,60606,20000,UNRESTRICTED,990-PF,41.881999441643,-87.633899204958,intermediary_or_citywide
Bill Nygren Foundation,2021,COMMUNITIES IN SCHOOLS CHICAGO,815 W VAN BUREN STREET,CHICAGO,IL,60607,100000,UNRESTRICTED,990-PF,41.876603022207,-87.648075570713,sited
Bill Nygren Foundation,2021,DANIEL MURPHY SCHOLARSHIP FUND,309 W WASHINGTON SUITE 1250,CHICAGO,IL,60606,10000,UNRESTRICTED,990-PF,41.88314485014,-87.635526294391,intermediary_or_citywide
Bill Nygren Foundation,2021,GREATER CHICAGO FOOD DEPOSITORY,4100 W ANN LURIE PLACE,CHICAGO,IL,60680,50000,UNRESTRICTED,990-PF,,,intermediary_or_citywide
Bill Nygren Foundation,2021,GREEN CITY MARKET,2613 WEST LAWRENCE,CHICAGO,IL,60625,1000,UNRESTRICTED,990-PF,41.968506280529,-87.694332369551,sited
Bill Nygren Foundation,2021,IMERMAN ANGELS,205 W RANDOLPH ST 19TH FLOOR,CHICAGO,IL,60606,3000,UNRESTRICTED,990-PF,41.884413849839,-87.634026677031,sited
Bill Nygren Foundation,2021,MERCY HOME FOR BOYS & GIRLS,1140 W JACKSON BLVD,CHICAGO,IL,60607,50000,UNRESTRICTED,990-PF,41.877863321677,-87.656088961182,sited
Bill Nygren Foundation,2021,ONE HOPE UNITED,333 SOUTH WABASH AVE,CHICAGO,IL,60604,10000,UNRESTRICTED,990-PF,41.877809331031,-87.62599882096,sited
Bill Nygren Foundation,2021,SPRINGBOARD FOUNDATION,311 W MONROE ST,CHICAGO,IL,60601,10000,UNRESTRICTED,990-PF,41.880579850577,-87.63548982292,intermediary_or_citywide
Bill Nygren Foundation,2021,STRIDE FOR PEACES,200 W MADISON,CHICAGO,IL,60606,100000,UNRESTRICTED,990-PF,41.881999441643,-87.633899204958,sited
Bill Nygren Foundation,2021,UNITED WAY OF METROPOLITAN CHICAGO,333 S WABASH AVE - 30TH FLR,CHICAGO,IL,60604,200000,UNRESTRICTED,990-PF,41.877809331031,-87.62599882096,intermediary_or_citywide
Bill Nygren Foundation,2021,YOUTH GUIDANCE,1 NORTH LASALLE ST SUITE 900,CHICAGO,IL,60602,5000,UNRESTRICTED,990-PF,41.88201744155,-87.632282792682,sited
Bill Nygren Foundation,2022,ADVOCATE ILLINOIS MASONIC MEDICAL CENTER,836 W WELLINGTON AVE,CHICAGO,IL,60657,10000,UNRESTRICTED,990-PF,41.936363464429,-87.652202398349,intermediary_or_citywide
Bill Nygren Foundation,2022,BIG BROTHERS BIG SISTERS OF METROPOLITAN CHICAGO,560 WEST LAKE ST,CHICAGO,IL,60661,50000,UNRESTRICTED,990-PF,41.885761441475,-87.642472795288,sited
Bill Nygren Foundation,2022,CHICAGO PUBLIC LIBRARY FOUNDATION,200 W MADISON - 3RD FLR,CHICAGO,IL,60606,20000,UNRESTRICTED,990-PF,41.881999441643,-87.633899204958,intermediary_or_citywide
Bill Nygren Foundation,2022,COMMUNITIES IN SCHOOLS CHICAGO,815 W VAN BUREN STREET,CHICAGO,IL,60607,100000,UNRESTRICTED,990-PF,41.876603022207,-87.648075570713,sited
Bill Nygren Foundation,2022,DANIEL MURPHY SCHOLARSHIP FUND,309 W WASHINGTON SUITE 1250,CHICAGO,IL,60606,10000,UNRESTRICTED,990-PF,41.88314485014,-87.635526294391,intermediary_or_citywide
Bill Nygren Foundation,2022,GREATER CHICAGO FOOD DEPOSITORY,4100 W ANN LURIE PLACE,CHICAGO,IL,60680,50000,UNRESTRICTED,990-PF,,,intermediary_or_citywide
Bill Nygren Foundation,2022,GREEN CITY MARKET,2613 WEST LAWRENCE,CHICAGO,IL,60625,1000,UNRESTRICTED,990-PF,41.968506280529,-87.694332369551,sited
Bill Nygren Foundation,2022,IMERMAN ANGELS,205 W RANDOLPH ST 19TH FLOOR,CHICAGO,IL,60606,3000,UNRESTRICTED,990-PF,41.884413849839,-87.634026677031,sited
Bill Nygren Foundation,2022,LEARN CHARTER SCHOOL NETWORK,PO BOX 08328,CHICAGO,IL,60608,75000,UNRESTRICTED,990-PF,,,intermediary_or_citywide
Bill Nygren Foundation,2022,MERCY HOME FOR BOYS & GIRLS,1140 W JACKSON BLVD,CHICAGO,IL,60607,50000,UNRESTRICTED,990-PF,41.877863321677,-87.656088961182,sited
Bill Nygren Foundation,2022,ONE HOPE UNITED,333 SOUTH WABASH AVE,CHICAGO,IL,60604,10000,UNRESTRICTED,990-PF,41.877809331031,-87.62599882096,sited
Bill Nygren Foundation,2022,SPRINGBOARD FOUNDATION,311 W MONROE ST,CHICAGO,IL,60601,15000,UNRESTRICTED,990-PF,41.880579850577,-87.63548982292,intermediary_or_citywide
Bill Nygren Foundation,2022,STRIDES FOR PEACE,207 EAST OHIO ST 437,CHICAGO,IL,60611,100000,UNRESTRICTED,990-PF,41.892508131073,-87.622510997331,sited
Bill Nygren Foundation,2022,UNIVERSITY OF CHICAGO URBAN LABS,5235 SOUTH HARPER COURT SUITE 450,CHICAGO,IL,60615,350000,UNRESTRICTED,990-PF,41.799935726883,-87.588037196681,intermediary_or_citywide
Bill Nygren Foundation,2022,YOUTH GUIDANCE,1 NORTH LASALLE ST SUITE 900,CHICAGO,IL,60602,3400,UNRESTRICTED,990-PF,41.88201744155,-87.632282792682,sited
Bill Nygren Foundation,2023,BIG BROTHERS BIG SISTERS OF METROPOLITAN CHICAGO,560 WEST LAKE ST,CHICAGO,IL,60661,50000,UNRESTRICTED,990-PF,41.885761441475,-87.642472795288,sited
Bill Nygren Foundation,2023,CHICAGO PUBLIC LIBRARY FOUNDATION,200 W MADISON - 3RD FLR,CHICAGO,IL,60606,20000,UNRESTRICTED,990-PF,41.881999441643,-87.633899204958,intermediary_or_citywide
Bill Nygren Foundation,2023,COMMUNITIES IN SCHOOLS OF CHICAGO,815 W VAN BUREN STREET STE 300,CHICAGO,IL,60607,100000,UNRESTRICTED,990-PF,41.876603022207,-87.648075570713,sited
Bill Nygren Foundation,2023,GREATER CHICAGO FOOD DEPOSITORY,4100 W ANN LURIE PLACE,CHICAGO,IL,60680,25000,UNRESTRICTED,990-PF,,,intermediary_or_citywide
Bill Nygren Foundation,2023,IMERMAN ANGELS,2001 N HALSTED ST STE 302,CHICAGO,IL,60614,3000,UNRESTRICTED,990-PF,41.918234974218,-87.648435364578,sited
Bill Nygren Foundation,2023,LEARN CHARTER SCHOOL NETWORK,PO BOX 08328,CHICAGO,IL,60608,75000,UNRESTRICTED,990-PF,,,intermediary_or_citywide
Bill Nygren Foundation,2023,MERCY HOME FOR BOYS & GIRLS,1140 W JACKSON BLVD,CHICAGO,IL,60607,50000,UNRESTRICTED,990-PF,41.877863321677,-87.656088961182,sited
Bill Nygren Foundation,2023,ONE HOPE UNITED,333 SOUTH WABASH AVE STE 2750,CHICAGO,IL,60604,10000,UNRESTRICTED,990-PF,41.877809331031,-87.62599882096,sited
Bill Nygren Foundation,2023,RE-CONNECT CHICAGO,308 S JEFFERSON 317,CHICAGO,IL,60661,5000,UNRESTRICTED,990-PF,41.877847841608,-87.642608485118,sited
Bill Nygren Foundation,2023,SPRINGBOARD FOUNDATION,33 S STATE ST STE 750,CHICAGO,IL,60603,15000,UNRESTRICTED,990-PF,41.881652198165,-87.627682025192,intermediary_or_citywide
Bill Nygren Foundation,2023,STRIDES FOR PEACE,200 W MADISON ST 3RD FLR,CHICAGO,IL,60606,125000,UNRESTRICTED,990-PF,41.881999441643,-87.633899204958,sited
Bill Nygren Foundation,2023,THRESHOLDS,4101 NORTH RAVENSWOOD AVENUE,CHICAGO,IL,60613,2500,UNRESTRICTED,990-PF,41.956124486301,-87.673769629094,sited
Bill Nygren Foundation,2023,YOUTH GUIDANCE,1 NORTH LASALLE ST SUITE 900,CHICAGO,IL,60602,3200,UNRESTRICTED,990-PF,41.88201744155,-87.632282792682,sited
Bill Nygren Foundation,2024,ADVOCATE ILLINOIS MASONIC MEDICAL CTR FDN,836 W WELLINGTON AVE,CHICAGO,IL,60657,10000,UNRESTRICTED,990-PF,41.936363464429,-87.652202398349,sited
Bill Nygren Foundation,2024,BIG BROTHERS BIG SISTERS OF METROPOLITAN CHICAGO,560 WEST LAKE ST,CHICAGO,IL,60661,50000,UNRESTRICTED,990-PF,41.885761441475,-87.642472795288,sited
Bill Nygren Foundation,2024,CHICAGO PUBLIC LIBRARY FOUNDATION,200 W MADISON - 3RD FLR,CHICAGO,IL,60606,17500,UNRESTRICTED,990-PF,41.881999441643,-87.633899204958,intermediary_or_citywide
Bill Nygren Foundation,2024,CHICAGO SURVIVORS,1010 W 35TH ST SUITE 510,CHICAGO,IL,60609,1250,UNRESTRICTED,990-PF,41.83072928233,-87.651888666022,sited
Bill Nygren Foundation,2024,GREATER CHICAGO FOOD DEPOSITORY,4100 W ANN LURIE PLACE,CHICAGO,IL,60680,25000,UNRESTRICTED,990-PF,,,intermediary_or_citywide
Bill Nygren Foundation,2024,IMERMAN ANGELS,205 WEST RANDOLPH,CHICAGO,IL,60606,3000,UNRESTRICTED,990-PF,41.884413849839,-87.634026677031,sited
Bill Nygren Foundation,2024,MERCY HOME FOR BOYS & GIRLS,1140 W JACKSON BLVD,CHICAGO,IL,60607,50000,UNRESTRICTED,990-PF,41.877863321677,-87.656088961182,sited
Bill Nygren Foundation,2024,ONE HOPE UNITED,333 SOUTH WABASH AVE STE 2750,CHICAGO,IL,60604,10000,UNRESTRICTED,990-PF,41.877809331031,-87.62599882096,sited
Bill Nygren Foundation,2024,RE-CONNECT CHICAGO,308 S JEFFERSON 317,CHICAGO,IL,60661,5000,UNRESTRICTED,990-PF,41.877847841608,-87.642608485118,sited
Bill Nygren Foundation,2024,SPRINGBOARD FOUNDATION,33 S STATE ST STE 750,CHICAGO,IL,60603,15000,UNRESTRICTED,990-PF,41.881652198165,-87.627682025192,intermediary_or_citywide
Bill Nygren Foundation,2024,STRIDES FOR PEACE,207 EAST OHIO,CHICAGO,IL,60611,135000,UNRESTRICTED,990-PF,41.892508131073,-87.622510997331,sited
Bill Nygren Foundation,2024,UNITED WAY OF CHICAGO,231196 MOMENTUM PLACE,CHICAGO,IL,60689,100000,UNRESTRICTED,990-PF,,,intermediary_or_citywide
Bill Nygren Foundation,2024,YOUTH GUIDANCE,PO BOX 95286,CHICAGO,IL,60694,8000,UNRESTRICTED,990-PF,,,intermediary_or_citywide
Clinton Family Fund,2021,CATHOLIC CHURCH EXTENTION,150 SOUTH WACKER DRIVE STE 2000,CHICAGO,IL,60606,5000,GENERAL SUPPORT,990-PF,41.879971807862,-87.637046647092,sited
Clinton Family Fund,2021,CHCIAGO COUNCIL ON GLOBAL AFFAIRS,180 N STETSON AVENUE SUITE 1400,CHICAGO,IL,60601,25000,UNDERWRITE INTERNATIONAL FELLOWSHIP,990-PF,41.885318166121,-87.622377044363,sited
Clinton Family Fund,2021,CHICAGO SYMPHONY ORCHESTRA,220 SOUTH MICHIGAN,CHICAGO,IL,60604,30000,FLORIDA RESIDENCY/INITATIVE FOR A MORE PEACEFUL CHICAGO,990-PF,41.879261225909,-87.624499386276,sited
Clinton Family Fund,2021,DOMESTIC VIOLENCE OUTREACH,3525 S LAKE PARK,CHICAGO,IL,60653,6000,GENERAL SUPPORT,990-PF,41.830927891911,-87.607980330125,sited
Clinton Family Fund,2021,DUSABLE WOMENS BOARD,740 E 56TH,CHICAGO,IL,60637,1000,GENERAL SUPPORT,990-PF,41.792495534665,-87.644109080601,sited
Clinton Family Fund,2021,FRANK LLOYD WRIGHT PRESERVATION TRUST,209 S LASALLE STREET SUITE 118,CHICAGO,IL,60604,5000,GENERAL SUPPORT,990-PF,41.87913450862,-87.632207578481,intermediary_or_citywide
Clinton Family Fund,2021,HUMBLE DESIGN,431 W PERSHING,CHICAGO,IL,60609,10000,GENERAL SUPPORT,990-PF,41.823501860487,-87.637631480237,sited
Clinton Family Fund,2021,MERIT SCHOOL OF MUSIC,38 SOUTH PEORIA STREET,CHICAGO,IL,60607,10000,GENERAL SUPPORT,990-PF,41.881214815794,-87.649760056368,sited
Clinton Family Fund,2021,MISERICORDIA,6300 NORTH RIDGE,CHICAGO,IL,60660,15000,GENERAL SUPPORT,990-PF,41.995584734896,-87.675806161321,sited
Clinton Family Fund,2021,SALVATION ARMY CHICAGO,5040 N PULASKI,CHICAGO,IL,60630,3000,GENERAL SUPPORT,990-PF,41.97256606672,-87.728228946784,sited
Clinton Family Fund,2021,UCCCHSC,5628 S HARPER AVENUE,CHICAGO,IL,60637,2000,GENERAL SUPPORT,990-PF,41.792587308993,-87.589051810258,sited
Clinton Family Fund,2021,UNIVERSITY OF CHI DIV OF HUM,101 E 59TH STREET,CHICAGO,IL,60637,10000,GENERAL SUPPORT,990-PF,41.787360038596,-87.622200111151,intermediary_or_citywide
Clinton Family Fund,2022,ALZHEIMERS ASSOCIATION,225 N MICHIGAN AVENUE,CHICAGO,IL,60661,1000,GENERAL SUPPORT,990-PF,41.886567067898,-87.624456678273,sited
Clinton Family Fund,2022,CATHOLIC CHURCH EXTENTION,150 SOUTH WACKER DRIVE STE 2000,CHICAGO,IL,60606,5000,GENERAL SUPPORT,990-PF,41.879971807862,-87.637046647092,sited
Clinton Family Fund,2022,CHCIAGO COUNCIL ON GLOBAL AFFAIRS,180 N STETSON AVENUE SUITE 1400,CHICAGO,IL,60601,25000,UNDERWRITE INTERNATIONAL FELLOWSHIP,990-PF,41.885318166121,-87.622377044363,sited
Clinton Family Fund,2022,CHICAGO HIGH SCHOOL FOR THE ARTS,2714 W AUGUSTA BLVD,CHICAGO,IL,60622,5000,GENERAL SUPPORT,990-PF,41.899345169681,-87.695489099391,intermediary_or_citywide
Clinton Family Fund,2022,CHICAGO SYMPHONY ORCHESTRA,220 SOUTH MICHIGAN,CHICAGO,IL,60604,55000,FLORIDA RESIDENCY/INITATIVE FOR A MORE PEACEFUL CHICAGO,990-PF,41.879261225909,-87.624499386276,sited
Clinton Family Fund,2022,FRANK LLOYD WRIGHT PRESERVATION TRUST,209 S LASALLE STREET SUITE 118,CHICAGO,IL,60604,5000,GENERAL SUPPORT,990-PF,41.87913450862,-87.632207578481,intermediary_or_citywide
Clinton Family Fund,2022,GRACE AND TRUTH REVEALED CHURCH,1312 W 71ST PLACE,CHICAGO,IL,60636,2000,GENERAL SUPPORT,990-PF,41.764146321302,-87.657584290872,sited
Clinton Family Fund,2022,LANDMARKS ILLINOIS,30 N MICHIGAN AVENUE 2020,CHICAGO,IL,60602,1000,GENERAL SUPPORT,990-PF,,,intermediary_or_citywide
Clinton Family Fund,2022,MERIT SCHOOL OF MUSIC,38 SOUTH PEORIA STREET,CHICAGO,IL,60607,10000,GENERAL SUPPORT,990-PF,41.881214815794,-87.649760056368,sited
Clinton Family Fund,2022,MISERICORDIA,6300 NORTH RIDGE,CHICAGO,IL,60660,10000,GENERAL SUPPORT,990-PF,41.995584734896,-87.675806161321,sited
Clinton Family Fund,2022,PACTT LEARNING CENTER,433 W VAN BUREN,CHICAGO,IL,60607,1250,GENERAL SUPPORT,990-PF,41.876726041519,-87.638502866026,sited
Clinton Family Fund,2022,SALVATION ARMY CHICAGO,5040 N PULASKI,CHICAGO,IL,60630,3000,GENERAL SUPPORT,990-PF,41.97256606672,-87.728228946784,sited
Clinton Family Fund,2022,UCCCHSC,5628 S HARPER AVENUE,CHICAGO,IL,60637,2000,GENERAL SUPPORT,990-PF,41.792587308993,-87.589051810258,sited
Clinton Family Fund,2022,UNIVERSITY OF CHI DIV OF HUM,101 E 59TH STREET,CHICAGO,IL,60637,8000,GENERAL SUPPORT,990-PF,41.787360038596,-87.622200111151,intermediary_or_citywide
Clinton Family Fund,2023,ALZHEIMERS ASSOCIATION,225 N MICHIGAN AVENUE,CHICAGO,IL,60661,1000,GENERAL SUPPORT,990-PF,41.886567067898,-87.624456678273,sited
Clinton Family Fund,2023,CATHOLIC CHURCH EXTENTION,150 SOUTH WACKER DRIVE STE 2000,CHICAGO,IL,60606,5000,GENERAL SUPPORT,990-PF,41.879971807862,-87.637046647092,sited
Clinton Family Fund,2023,CHICAGO SYMPHONY ORCHESTRA,220 SOUTH MICHIGAN,CHICAGO,IL,60604,15000,GENERAL SUPPORT,990-PF,41.879261225909,-87.624499386276,sited
Clinton Family Fund,2023,FRANK LLOYD WRIGHT PRESERVATION TRUST,209 S LASALLE STREET SUITE 118,CHICAGO,IL,60604,5000,GENERAL SUPPORT,990-PF,41.87913450862,-87.632207578481,intermediary_or_citywide
Clinton Family Fund,2023,HARRIS THEATER,205 E RANDOLPH,CHICAGO,IL,60601,5000,GENERAL SUPPORT,990-PF,41.884225378761,-87.622769087728,sited
Clinton Family Fund,2023,LANDMARKS ILLINOIS,30 N MICHIGAN AVENUE 2020,CHICAGO,IL,60602,2500,GENERAL SUPPORT,990-PF,,,intermediary_or_citywide
Clinton Family Fund,2023,LURIES CHILDRENS HOSPITAL,225 E CHICAGO,CHICAGO,IL,60611,5000,GENERAL SUPPORT,990-PF,41.896693751301,-87.622923905467,intermediary_or_citywide
Clinton Family Fund,2023,MERIT SCHOOL OF MUSIC,38 SOUTH PEORIA STREET,CHICAGO,IL,60607,10000,GENERAL SUPPORT,990-PF,41.881214815794,-87.649760056368,sited
Clinton Family Fund,2023,MISERICORDIA,6300 NORTH RIDGE,CHICAGO,IL,60660,10000,GENERAL SUPPORT,990-PF,41.995584734896,-87.675806161321,sited
Clinton Family Fund,2023,PACTT LEARNING CENTER,433 W VAN BUREN,CHICAGO,IL,60607,1250,GENERAL SUPPORT,990-PF,41.876726041519,-87.638502866026,sited
Clinton Family Fund,2023,SALVATION ARMY CHICAGO,5040 N PULASKI,CHICAGO,IL,60630,3000,GENERAL SUPPORT,990-PF,41.97256606672,-87.728228946784,sited
Clinton Family Fund,2023,UCCCHSC,5628 S HARPER AVENUE,CHICAGO,IL,60637,2000,GENERAL SUPPORT,990-PF,41.792587308993,-87.589051810258,sited
Clinton Family Fund,2023,UNIVERSITY OF CHI DIV OF HUM,101 E 59TH STREET,CHICAGO,IL,60637,8000,GENERAL SUPPORT,990-PF,41.787360038596,-87.622200111151,intermediary_or_citywide
Clinton Family Fund,2023,VIRGINIO FERRARI FOUNDATION,5429 S EAST VIEW PARK 3,CHICAGO,IL,60615,15000,GENERAL SUPPORT,990-PF,41.798032738322,-87.582624294318,sited
Clinton Family Fund,2024,ALZHEIMERS ASSOCIATION,225 N MICHIGAN AVENUE,CHICAGO,IL,60661,5000,GENERAL SUPPORT,990-PF,41.886567067898,-87.624456678273,sited
Clinton Family Fund,2024,CATHOLIC CHURCH EXTENTION,150 SOUTH WACKER DRIVE STE 2000,CHICAGO,IL,60606,6000,GENERAL SUPPORT,990-PF,41.879971807862,-87.637046647092,sited
Clinton Family Fund,2024,CHICAGO HIGH SCHOOL FOR THE ARTS,2714 W AUGUSTA BLVD,CHICAGO,IL,60622,5000,GENERAL SUPPORT,990-PF,41.899345169681,-87.695489099391,intermediary_or_citywide
Clinton Family Fund,2024,CHICAGO SYMPHONY ORCHESTRA,220 SOUTH MICHIGAN,CHICAGO,IL,60604,40000,GENERAL SUPPORT,990-PF,41.879261225909,-87.624499386276,sited
Clinton Family Fund,2024,CHINESE AMERICAN SERVICE LEAGUE,2141 S TAN COURT,CHICAGO,IL,60616,10000,NEW FACILITY,990-PF,41.854647348166,-87.635337073848,sited
Clinton Family Fund,2024,FRANK LLOYD WRIGHT PRESERVATION TRUST,209 S LASALLE STREET SUITE 118,CHICAGO,IL,60604,5000,GENERAL SUPPORT,990-PF,41.87913450862,-87.632207578481,intermediary_or_citywide
Clinton Family Fund,2024,LANDMARKS ILLINOIS,30 N MICHIGAN AVENUE 2020,CHICAGO,IL,60602,4000,GENERAL SUPPORT,990-PF,,,intermediary_or_citywide
Clinton Family Fund,2024,MERIT SCHOOL OF MUSIC,38 SOUTH PEORIA STREET,CHICAGO,IL,60607,12000,GENERAL SUPPORT,990-PF,41.881214815794,-87.649760056368,sited
Clinton Family Fund,2024,MISERICORDIA,6300 NORTH RIDGE,CHICAGO,IL,60660,10000,GENERAL SUPPORT,990-PF,41.995584734896,-87.675806161321,sited
Clinton Family Fund,2024,RED THEATER,PO BOX 408382,CHICAGO,IL,60640,5000,GENERAL SUPPORT,990-PF,,,intermediary_or_citywide
Clinton Family Fund,2024,SALVATION ARMY CHICAGO,5040 N PULASKI,CHICAGO,IL,60630,5000,GENERAL SUPPORT,990-PF,41.97256606672,-87.728228946784,sited
Clinton Family Fund,2024,UCCCHSC,5628 S HARPER AVENUE,CHICAGO,IL,60637,2500,GENERAL SUPPORT,990-PF,41.792587308993,-87.589051810258,sited
Clinton Family Fund,2024,UNIVERSITY OF CHI DIV OF HUM,101 E 59TH STREET,CHICAGO,IL,60637,8000,GENERAL SUPPORT,990-PF,41.787360038596,-87.622200111151,intermediary_or_citywide
Clinton Family Fund,2024,VIRGINIO FERRARI FOUNDATION,5429 S EAST VIEW PARK 3,CHICAGO,IL,60615,10855,GENERAL SUPPORT,990-PF,41.798032738322,-87.582624294318,sited
Peter and Paula Fasseas Foundation,2021,BOYS AND GIRLS CLUB OF CHICAGO,550 W VAN BUREN STREET,CHICAGO,IL,60607,5000,UNRESTRICTED GENERAL OPERATING SUPPORT,990-PF,41.876797442972,-87.641775986873,sited
Peter and Paula Fasseas Foundation,2021,CITY OF HOPE,20 N UPPER WACKER DR 1530,CHICAGO,IL,60606,25000,UNRESTRICTED GENERAL OPERATING SUPPORT,990-PF,41.887031011328,-87.627659455674,sited
Peter and Paula Fasseas Foundation,2021,HELLENIC FOUNDATION,6251-53 W TOUGY AVE,CHICAGO,IL,60646,2500,UNRESTRICTED GENERAL OPERATING SUPPORT,990-PF,42.011943836387,-87.783546396003,sited
Peter and Paula Fasseas Foundation,2021,LOOKINGGLASS THEATRE COMPANY,821 NORTH MICHIGAN AVENUE,CHICAGO,IL,60611,2500,UNRESTRICTED GENERAL OPERATING SUPPORT,990-PF,41.897345828166,-87.624078046791,sited
Peter and Paula Fasseas Foundation,2021,PAWS CHICAGO,3516 W 26TH STREET,CHICAGO,IL,60623,2201500,UNRESTRICTED GENERAL OPERATING SUPPORT,990-PF,41.84446045248,-87.713036140226,sited
Peter and Paula Fasseas Foundation,2021,UNIVERSITY OF CHICAGO MEDICINE & BIOLOGICAL SCIENCES,5235 S HARPER COURT,CHICAGO,IL,60615,50000,UNRESTRICTED GENERAL OPERATING SUPPORT,990-PF,41.799935726883,-87.588037196681,intermediary_or_citywide
Peter and Paula Fasseas Foundation,2022,ABOVE AND BEYOND FAMILY RECOVERY CENTER FOUNDATION,2942 W LAKE ST,CHICAGO,IL,60612,10000,UNRESTRICTED GENERAL OPERATING SUPPORT,990-PF,41.884174400887,-87.699901322273,sited
Peter and Paula Fasseas Foundation,2022,CHICAGO CITY DAY SCHOOL,541 W HAWTHORNE PL,CHICAGO,IL,60657,350500,UNRESTRICTED GENERAL OPERATING SUPPORT,990-PF,41.944485079193,-87.642909953042,sited
Peter and Paula Fasseas Foundation,2022,CITY OF HOPE,20 N UPPER WACKER DR 1530,CHICAGO,IL,60606,50000,UNRESTRICTED GENERAL OPERATING SUPPORT,990-PF,41.887031011328,-87.627659455674,sited
Peter and Paula Fasseas Foundation,2022,GARRIDO STRAY RESCUE FOUNDATION,5310 N HARLEM AVE SUITE 210,CHICAGO,IL,60656,10000,UNRESTRICTED GENERAL OPERATING SUPPORT,990-PF,41.976453608153,-87.807107307786,sited
Peter and Paula Fasseas Foundation,2022,LURIE CANCER CENTER,675 N ST CLAIR ST FI 21 STE 100,CHICAGO,IL,60611,50000,UNRESTRICTED GENERAL OPERATING SUPPORT,990-PF,41.894312958709,-87.622661646911,sited
Peter and Paula Fasseas Foundation,2022,NORTHWESTERN UNIVERSITY,357 EAST CHICAGO AVENUE,CHICAGO,IL,60611,2500,UNRESTRICTED GENERAL OPERATING SUPPORT,990-PF,41.896745708425,-87.61939840735,intermediary_or_citywide
Peter and Paula Fasseas Foundation,2022,PAWS CHICAGO,3516 W 26TH STREET,CHICAGO,IL,60623,2132284,UNRESTRICTED GENERAL OPERATING SUPPORT,990-PF,41.84446045248,-87.713036140226,sited
Peter and Paula Fasseas Foundation,2022,ST ANDREW'S GREEK ORTHODOX CHURCH,5649 N SHERIDAN RD,CHICAGO,IL,60660,260,UNRESTRICTED GENERAL OPERATING SUPPORT,990-PF,41.984648483872,-87.655139946844,sited
Peter and Paula Fasseas Foundation,2022,THE UNIVERSITY OF CHICAGO,5801 SOUTH ELLIS AVENUE,CHICAGO,IL,60637,12500,UNRESTRICTED GENERAL OPERATING SUPPORT,990-PF,41.789553508174,-87.601183264568,intermediary_or_citywide
Peter and Paula Fasseas Foundation,2023,ALS ASSOCIATION,939 W RANDOLPH STREET SUITE 2W,CHICAGO,IL,60607,1030,UNRESTRICTED GENERAL OPERATING SUPPORT,990-PF,41.884287585367,-87.651183196269,sited
Peter and Paula Fasseas Foundation,2023,FAMILY MATTERS INC,7731 N MARSHFIELD AVE,CHICAGO,IL,606261107,1400,UNRESTRICTED GENERAL OPERATING SUPPORT,990-PF,42.021607121712,-87.671813262543,sited
Peter and Paula Fasseas Foundation,2023,FRIENDS OF CHICAGO ANIMAL CARE AND CONTROL,PO BOX 4414,CHICAGO,IL,606804414,20000,UNRESTRICTED GENERAL OPERATING SUPPORT,990-PF,,,intermediary_or_citywide
Peter and Paula Fasseas Foundation,2023,HIPPOCRATIC CANCER RESEARCH FOUNDATION,676 NORTH ST CLAIR SUITE 1200,CHICAGO,IL,60611,5000,UNRESTRICTED GENERAL OPERATING SUPPORT,990-PF,41.894574076824,-87.622822875376,intermediary_or_citywide
Peter and Paula Fasseas Foundation,2023,HYDE PARK DAY SCHOOL,6254 S ELLIS AVENUE,CHICAGO,IL,60637,150,UNRESTRICTED GENERAL OPERATING SUPPORT,990-PF,41.780688303864,-87.601149145097,sited
Peter and Paula Fasseas Foundation,2023,LYRIC OPERA OF CHICAGO,20 NORTH WACKER DRIVE,CHICAGO,IL,60606,15000,UNRESTRICTED GENERAL OPERATING SUPPORT,990-PF,41.882191369239,-87.637100009791,sited
Peter and Paula Fasseas Foundation,2023,NOURISHING HOPE,1716 W HUBBARD ST,CHICAGO,IL,60622,5000,UNRESTRICTED GENERAL OPERATING SUPPORT,990-PF,41.889891478427,-87.670195550102,sited
Peter and Paula Fasseas Foundation,2023,PAWS CHICAGO,3516 W 26TH STREET,CHICAGO,IL,60623,2196400,UNRESTRICTED GENERAL OPERATING SUPPORT,990-PF,41.84446045248,-87.713036140226,sited
Peter and Paula Fasseas Foundation,2023,ST CHRYSOSTOM'S DAY SCHOOL,1424 N DEARBORN ST,CHICAGO,IL,60610,570,UNRESTRICTED GENERAL OPERATING SUPPORT,990-PF,41.908273312029,-87.630194403631,intermediary_or_citywide
Peter and Paula Fasseas Foundation,2024,ABOVE AND BEYOND FAMILY RECOVERY CENTER FOUNDATION,2942 W LAKE ST,CHICAGO,IL,60612,10000,UNRESTRICTED GENERAL OPERATING SUPPORT,990-PF,41.884174400887,-87.699901322273,sited
Peter and Paula Fasseas Foundation,2024,BETTER GOVERNMENT ASSOCIATION,223 W JACKSON BLVD,CHICAGO,IL,60606,5000,UNRESTRICTED GENERAL OPERATING SUPPORT,990-PF,41.878050850959,-87.634553292759,sited
Peter and Paula Fasseas Foundation,2024,CHICAGO CITY DAY SCHOOL,541 W HAWTHORNE PL,CHICAGO,IL,60657,11400,UNRESTRICTED GENERAL OPERATING SUPPORT,990-PF,41.944485079193,-87.642909953042,sited
Peter and Paula Fasseas Foundation,2024,CHURCH OF THE HOLY FAMILY,1080 WEST ROOSEVELT RD,CHICAGO,IL,60608,5000,UNRESTRICTED GENERAL OPERATING SUPPORT,990-PF,41.867140445159,-87.651333753776,sited
Peter and Paula Fasseas Foundation,2024,LURIE CANCER CENTER,675 N ST CLAIR ST FI 21 STE 100,CHICAGO,IL,60611,50000,UNRESTRICTED GENERAL OPERATING SUPPORT,990-PF,41.894312958709,-87.622661646911,sited
Peter and Paula Fasseas Foundation,2024,PAWS CHICAGO,3516 W 26TH STREET,CHICAGO,IL,60623,2661280,UNRESTRICTED GENERAL OPERATING SUPPORT,990-PF,41.84446045248,-87.713036140226,sited
Peter and Paula Fasseas Foundation,2024,WTTW,5400 NORTH ST LOUIS AVENUE,CHICAGO,IL,60625,2508,UNRESTRICTED GENERAL OPERATING SUPPORT,990-PF,41.979387355038,-87.716147207409,sited
Bruce Foundation,2021,GIRL SCOUTS OF CHICAGO GIRL SCOUTS OF CHICAGO,20 S CLARK,CHICAGO,IL,60603,20000,SOCIAL,990-PF,41.881918080181,-87.630956796239,sited
Bruce Foundation,2021,ABILITY LAB ABILITY LAB,355 E ERIE ST,CHICAGO,IL,60611,20000,HEALTH,990-PF,41.894168660526,-87.619125924909,sited
Bruce Foundation,2021,ONE TAIL AT A TIME ONE TAIL AT A TIME,2020 N CALIFORNIA STE 7,CHICAGO,IL,60647,15000,CIVIC,990-PF,41.918390277547,-87.697302865811,sited
Bruce Foundation,2021,PROVIDENCE ST MEL PROVIDENCE ST MEL,119 S CENTRAL PARK,CHICAGO,IL,60624,20000,EDUCATIONAL,990-PF,41.879264009929,-87.715766239363,sited
Bruce Foundation,2021,LINCOLN PARK ZOO LINCOLN PARK ZOO,2001 N CLARK ST,CHICAGO,IL,60614,10000,SOCIAL,990-PF,41.91854925312,-87.636079895114,sited
Bruce Foundation,2021,FCACC FCACC,PO BOX 4414,CHICAGO,IL,60680,15000,CIVIC,990-PF,,,intermediary_or_citywide
Bruce Foundation,2021,REVIVE CENTER REVIVE CENTER,1668 W OGDEN AVE,CHICAGO,IL,606123249,20000,SOCIAL,990-PF,41.879338246697,-87.668775241749,sited
Bruce Foundation,2021,DREAMCATCHER FOUNDATION DREAMCATCHER FOUNDATION,1411 E 67TH PL,CHICAGO,IL,60637,12000,SOCIAL,990-PF,41.772318866688,-87.590841008374,sited
Bruce Foundation,2021,CHICAGO FURNITURE BANK CHICAGO FURNITURE BANK,4800 W ROOSEVELT RD,CHICAGO,IL,60644,55000,CIVIC,990-PF,41.865952450568,-87.744833154576,sited
Bruce Foundation,2021,LAKEVIEW PANTRY LAKEVIEW PANTRY,3945 N SHERIDAN RD,CHICAGO,IL,60613,25000,CIVIC,990-PF,41.954118724761,-87.654455396743,sited
Bruce Foundation,2022,GIRL SCOUTS OF CHICAGO GIRL SCOUTS OF CHICAGO,20 S CLARK,CHICAGO,IL,60603,20000,SOCIAL,990-PF,41.881918080181,-87.630956796239,sited
Bruce Foundation,2022,ABILITY LAB ABILITY LAB,355 E ERIE ST,CHICAGO,IL,60611,20000,HEALTH,990-PF,41.894168660526,-87.619125924909,sited
Bruce Foundation,2022,ONE TAIL AT A TIME ONE TAIL AT A TIME,2020 N CALIFORNIA STE 7,CHICAGO,IL,60647,15000,CIVIC,990-PF,41.918390277547,-87.697302865811,sited
Bruce Foundation,2022,PROVIDENCE ST MEL PROVIDENCE ST MEL,119 S CENTRAL PARK,CHICAGO,IL,60624,20000,EDUCATIONAL,990-PF,41.879264009929,-87.715766239363,sited
Bruce Foundation,2022,LINCOLN PARK ZOO LINCOLN PARK ZOO,2001 N CLARK ST,CHICAGO,IL,60614,10000,SOCIAL,990-PF,41.91854925312,-87.636079895114,sited
Bruce Foundation,2022,FCACC FCACC,PO BOX 4414,CHICAGO,IL,60680,15000,CIVIC,990-PF,,,intermediary_or_citywide
Bruce Foundation,2022,REVIVE CENTER REVIVE CENTER,1668 W OGDEN AVE,CHICAGO,IL,606123249,20000,SOCIAL,990-PF,41.879338246697,-87.668775241749,sited
Bruce Foundation,2022,DREAMCATCHER FOUNDATION DREAMCATCHER FOUNDATION,5401 S HYDE PARK BLVD,CHICAGO,IL,60615,12000,SOCIAL,990-PF,41.798087190868,-87.583942173715,sited
Bruce Foundation,2022,CHICAGO FURNITURE BANK CHICAGO FURNITURE BANK,4800 W ROOSEVELT RD,CHICAGO,IL,60644,50000,CIVIC,990-PF,41.865952450568,-87.744833154576,sited
Bruce Foundation,2022,NOURISHING HOPE,1716 W HUBBARD ST,CHICAGO,IL,60622,15000,CIVIC,990-PF,41.889891478427,-87.670195550102,sited
Bruce Foundation,2022,TOUCHED BY AN ANIMAL,2131 W BERWYN AVE,CHICAGO,IL,60659,20000,CIVIC,990-PF,41.977742942385,-87.683168574641,sited
Bruce Foundation,2023,GIRL SCOUTS OF CHICAGO GIRL SCOUTS OF CHICAGO,20 S CLARK,CHICAGO,IL,60603,50000,SOCIAL,990-PF,41.881918080181,-87.630956796239,sited
Bruce Foundation,2023,ABILITY LAB ABILITY LAB,355 E ERIE ST,CHICAGO,IL,60611,50000,HEALTH,990-PF,41.894168660526,-87.619125924909,sited
Bruce Foundation,2023,ONE TAIL AT A TIME ONE TAIL AT A TIME,2020 N CALIFORNIA STE 7,CHICAGO,IL,60647,15000,CIVIC,990-PF,41.918390277547,-87.697302865811,sited
Bruce Foundation,2023,PROVIDENCE ST MEL PROVIDENCE ST MEL,119 S CENTRAL PARK,CHICAGO,IL,60624,50000,EDUCATIONAL,990-PF,41.879264009929,-87.715766239363,sited
Bruce Foundation,2023,FCACC FCACC,PO BOX 4414,CHICAGO,IL,60680,30000,CIVIC,990-PF,,,intermediary_or_citywide
Bruce Foundation,2023,REVIVE CENTER REVIVE CENTER,1668 W OGDEN AVE,CHICAGO,IL,60612,20000,SOCIAL,990-PF,41.879338246697,-87.668775241749,sited
Bruce Foundation,2023,DREAMCATCHER FOUNDATION DREAMCATCHER FOUNDATION,5401 S HYDE PARK BLVD,CHICAGO,IL,60615,12000,SOCIAL,990-PF,41.798087190868,-87.583942173715,sited
Bruce Foundation,2023,CHICAGO FURNITURE BANK CHICAGO FURNITURE BANK,4800 W ROOSEVELT RD,CHICAGO,IL,60644,30000,CIVIC,990-PF,41.865952450568,-87.744833154576,sited
Bruce Foundation,2023,NOURISHING HOPE NOURISHING HOPE,1716 W HUBBARD ST,CHICAGO,IL,60622,20000,CIVIC,990-PF,41.889891478427,-87.670195550102,sited
Bruce Foundation,2023,TOUCHED BY AN ANIMAL TOUCHED BY AN ANIMAL,2131 W BERWYN AVE,CHICAGO,IL,60659,20000,CIVIC,990-PF,41.977742942385,-87.683168574641,sited
Bruce Foundation,2023,NIGHT MINISTRY NIGH MINISTRY,1735 N ASHLAND AVE,CHICAGO,IL,60622,15000,CIVIC,990-PF,41.913146606144,-87.667683335934,sited
Bruce Foundation,2024,ABILITY LAB ABILITY LAB,355 E ERIE ST,CHICAGO,IL,60611,20000,HEALTH,990-PF,41.894168660526,-87.619125924909,sited
Bruce Foundation,2024,CHICAGO FURNITURE BANK CHICAGO FURNITURE BANK,4801 S WHIPPLE,CHICAGO,IL,60632,70000,CIVIC,990-PF,41.806697809933,-87.700193188441,sited
Bruce Foundation,2024,DREAMCATCHER FOUNDATION DREAMCATCHER FOUNDATION,PO BOX 16935,CHICAGO,IL,60616,15000,SOCIAL,990-PF,,,intermediary_or_citywide
Bruce Foundation,2024,FCACC FCACC,PO BOX 4414,CHICAGO,IL,60680,50000,CIVIC,990-PF,,,intermediary_or_citywide
Bruce Foundation,2024,GIRL SCOUTS OF CHICAGO GIRL SCOUTS OF CHICAGO,20 S CLARK,CHICAGO,IL,60603,20000,SOCIAL,990-PF,41.881918080181,-87.630956796239,sited
Bruce Foundation,2024,NIGHT MINISTRY NIGH MINISTRY,1735 N ASHLAND AVE,CHICAGO,IL,60622,20000,CIVIC,990-PF,41.913146606144,-87.667683335934,sited
Bruce Foundation,2024,NOURISHING HOPE NOURISHING HOPE,1716 W HUBBARD ST,CHICAGO,IL,60622,40000,CIVIC,990-PF,41.889891478427,-87.670195550102,sited
Bruce Foundation,2024,ONE TAIL AT A TIME ONE TAIL AT A TIME,2144 N WEED,CHICAGO,IL,60614,20000,CIVIC,990-PF,,,intermediary_or_citywide
Bruce Foundation,2024,PROVIDENCE ST MEL PROVIDENCE ST MEL,119 S CENTRAL PARK,CHICAGO,IL,60624,20000,EDUCATIONAL,990-PF,41.879264009929,-87.715766239363,sited
Bruce Foundation,2024,REVIVE CENTER REVIVE CENTER,1668 W OGDEN AVE,CHICAGO,IL,60612,40000,SOCIAL,990-PF,41.879338246697,-87.668775241749,sited
Bruce Foundation,2024,TOUCHED BY AN ANIMAL TOUCHED BY AN ANIMAL,2131 W BERWYN AVE,CHICAGO,IL,60659,40000,CIVIC,990-PF,41.977742942385,-87.683168574641,sited
Bruce Foundation,2024,NEW MOMS,5317 W CHICAGO AVENUE,CHICAGO,IL,60651,20000,HOUSING/PROGRAMS FOR YOUNG MOMS,990-PF,41.894853854979,-87.75837321066,sited
Bruce Foundation,2024,RENAISSANCE SOCIAL SERVICES,2501 W WASHINGTON BLVD,CHICAGO,IL,60602,40000,END HOMELESSNESS,990-PF,41.882927724588,-87.688604143716,sited
Modestus Bauer Foundation,2021,THE ARK,6450 N CALIFORNIA AVE,CHICAGO,IL,60645,8000,GENERAL CHARITABLE USE,990-PF,41.99855358817,-87.699750843871,sited
Modestus Bauer Foundation,2021,THE NIGHT MINISTRY,1735 N ASHLAND AVE,CHICAGO,IL,60622,5000,GENERAL CHARITABLE USE,990-PF,41.913146606144,-87.667683335934,sited
Modestus Bauer Foundation,2021,GREATER CHICAGO FOOD DEPOSITORY,4100 W ANN LURIE PL,CHICAGO,IL,60632,18500,GENERAL CHARITABLE USE,990-PF,,,intermediary_or_citywide
Modestus Bauer Foundation,2021,HORIZONS FOR YOUTH,703 W MONROE ST,CHICAGO,IL,60661,9000,GENERAL CHARITABLE USE,990-PF,41.880471851079,-87.644177367864,sited
Modestus Bauer Foundation,2021,JEWISH UNITED FUND,30 S WELLS STREET,CHICAGO,IL,60606,75000,GENERAL CHARITABLE USE,990-PF,41.881085502878,-87.633883748516,intermediary_or_citywide
Modestus Bauer Foundation,2021,NATIONAL MULTIPLE SCLEROSIS SOCIETY,525 W MONROE ST,CHICAGO,IL,60661,11500,GENERAL CHARITABLE USE,990-PF,41.880515962213,-87.640879475377,intermediary_or_citywide
Modestus Bauer Foundation,2021,PLANNED PARENTHOOD OF ILLINOIS,18 S MICHIGAN AVE,CHICAGO,IL,60603,50000,GENERAL CHARITABLE USE,990-PF,41.881367819857,-87.624527825232,sited
Modestus Bauer Foundation,2021,NORTHWESTERN MEMORIAL FOUNDATION,541 N FAIRBANKS CT,CHICAGO,IL,60611,10000,GENERAL CHARITABLE USE,990-PF,41.89214113481,-87.620164916817,intermediary_or_citywide
Modestus Bauer Foundation,2021,SHIRLEY RYAN ABILITY LAB,355 E ERIE ST,CHICAGO,IL,60611,10000,GENERAL CHARITABLE USE,990-PF,41.894168660526,-87.619125924909,sited
Modestus Bauer Foundation,2021,COUNCIL FOR JEWISH ELDERLY,3003 W TOUHY AVE,CHICAGO,IL,60645,10000,GENERAL CHARITABLE USE,990-PF,42.011905047554,-87.704561476946,sited
Modestus Bauer Foundation,2021,RUSH UNIVERSITY MEDICAL CENTER,1620 W HARRISON ST,CHICAGO,IL,60612,5000,GENERAL CHARITABLE USE,990-PF,41.874246325946,-87.667749960708,intermediary_or_citywide
Modestus Bauer Foundation,2021,THE CHICAGO LIGHTHOUSE,1850 W ROOSEVELT RD,CHICAGO,IL,60608,3000,GENERAL CHARITABLE USE,990-PF,41.866924195032,-87.672525512924,sited
Modestus Bauer Foundation,2021,ANN & ROBERT H LURIE CHILDREN'S HOSPITAL OF CHICAGO,225 E CHICAGO AVE,CHICAGO,IL,60611,10000,GENERAL CHARITABLE USE,990-PF,41.896693751301,-87.622923905467,intermediary_or_citywide
Modestus Bauer Foundation,2021,AMERICAN COMMITTEE WEIZMANN INSTITUTE,180 N LASALLE ST,CHICAGO,IL,60601,8000,GENERAL CHARITABLE USE,990-PF,41.885176441021,-87.632504208879,sited
Modestus Bauer Foundation,2021,ANTI-DEFAMATION LEAGUE,309 W WASHINGTON ST,CHICAGO,IL,60606,13000,GENERAL CHARITABLE USE,990-PF,41.88314485014,-87.635526294391,sited
Modestus Bauer Foundation,2021,AMERICAN JEWISH COMMITTEE,70 WEST MADISON STREET,CHICAGO,IL,60602,1000,GENERAL CHARITABLE USE,990-PF,41.88204491887,-87.630121034318,sited
Modestus Bauer Foundation,2021,AMERICAN TECHNION SOCIETY,111 W WASHINGTON ST,CHICAGO,IL,60602,3600,GENERAL CHARITABLE USE,990-PF,41.883153849912,-87.631465022879,sited
Modestus Bauer Foundation,2021,DANIEL MURPHY SCHOLARSHIP FUND,309 WEST WASHINGTON ST,CHICAGO,IL,60606,10000,GENERAL CHARITABLE USE,990-PF,41.88314485014,-87.635526294391,intermediary_or_citywide
Modestus Bauer Foundation,2021,LUNGEVITY FOUNDATION,218 S WABASH AVE,CHICAGO,IL,60604,1000,GENERAL CHARITABLE USE,990-PF,41.879462347482,-87.626202131819,intermediary_or_citywide
Modestus Bauer Foundation,2021,ROLFE PANCREATIC CANCER FOUNDATION,4809 N RAVENSWOOD,CHICAGO,IL,60640,2500,GENERAL CHARITABLE USE,990-PF,41.969110848394,-87.67410548711,sited
Modestus Bauer Foundation,2021,ENVIRONMENTAL LAW AND POLICY CENTER,35 E WACKER DRIVE,CHICAGO,IL,60601,5400,GENERAL CHARITABLE USE,990-PF,41.887530047162,-87.625851774658,sited
Modestus Bauer Foundation,2021,CHICAGO COALITION FOR THE HOMELESS,70 EAST LAKE STREET,CHICAGO,IL,60601,2000,GENERAL CHARITABLE USE,990-PF,41.885782775355,-87.625858436593,sited
Modestus Bauer Foundation,2021,WFMT,7341 SOLUTIONS CENTER,CHICAGO,IL,60677,8000,GENERAL CHARITABLE USE,990-PF,,,intermediary_or_citywide
Modestus Bauer Foundation,2021,WBEZ,848 E GRAND AVE,CHICAGO,IL,60611,3000,GENERAL CHARITABLE USE,990-PF,41.892187438564,-87.609927254642,sited
Modestus Bauer Foundation,2021,WTTW,7341 SOLUTIONS CENTER,CHICAGO,IL,60677,2000,GENERAL CHARITABLE USE,990-PF,,,intermediary_or_citywide
Modestus Bauer Foundation,2021,STEPPENWOLF THEATRE COMPANY,1650 N HALSTED ST,CHICAGO,IL,60614,3000,GENERAL CHARITABLE USE,990-PF,41.912123943602,-87.648384717839,sited
Modestus Bauer Foundation,2021,CHICAGO FURNITURE BANK,4801 S WHIPPLE ST,CHICAGO,IL,60632,2000,GENERAL CHARITABLE USE,990-PF,41.806697809933,-87.700193188441,sited
Modestus Bauer Foundation,2021,THE SALVATION ARMY,5040 N PULASKI RD,CHICAGO,IL,60630,2000,GENERAL CHARITABLE USE,990-PF,41.97256606672,-87.728228946784,sited
Modestus Bauer Foundation,2021,COMMUNITY HEALTH PARTNERSHIP OF ILLINOIS,265 W RANDOLPH ST,CHICAGO,IL,60606,3000,GENERAL CHARITABLE USE,990-PF,41.884404849889,-87.634901537284,sited
Modestus Bauer Foundation,2021,ILLINOIS BAR FOUNDATION,20 S CLARK ST SUITE 900,CHICAGO,IL,60603,1000,GENERAL CHARITABLE USE,990-PF,41.881918080181,-87.630956796239,intermediary_or_citywide
Modestus Bauer Foundation,2021,CHICAGO POLICE MEMORIAL FOUNDATION,1407 W WASHINGTON BLVD,CHICAGO,IL,60607,2000,GENERAL CHARITABLE USE,990-PF,41.882838851691,-87.662466081001,intermediary_or_citywide
Modestus Bauer Foundation,2021,FRIENDS OF THE IDF,29 E MADISON STREET,CHICAGO,IL,60602,2500,GENERAL CHARITABLE USE,990-PF,41.882019849846,-87.626770185583,sited
Modestus Bauer Foundation,2021,NATURE CONSERVANCY,400 N MICHIGAN AVE,CHICAGO,IL,60611,10000,GENERAL CHARITABLE USE,990-PF,41.889364493618,-87.624394465091,sited
Modestus Bauer Foundation,2021,ONE MILLION DEGREES,180 NORTH WABASH,CHICAGO,IL,60601,1000,GENERAL CHARITABLE USE,990-PF,41.885383955464,-87.626340906809,sited
Modestus Bauer Foundation,2021,ACLU FOUNDATION,150 N MICHIGAN AVE,CHICAGO,IL,60601,3000,GENERAL CHARITABLE USE,990-PF,41.884931224143,-87.624552861651,intermediary_or_citywide
Modestus Bauer Foundation,2021,JCSF,216 W JACKSON BLVD STE 700,CHICAGO,IL,60606,1000,GENERAL CHARITABLE USE,990-PF,41.878167006393,-87.634386456701,sited
Modestus Bauer Foundation,2021,UNIVERSITY OF ILLINOIS AT CHICAGO,835 S WOLCOTT AVE,CHICAGO,IL,60612,5000,GENERAL CHARITABLE USE,990-PF,41.871077302584,-87.673674743647,intermediary_or_citywide
Modestus Bauer Foundation,2021,WINDOW TO THE WORLD COMMUNICATIONS INC,5400 N ST LOUIS AVE,CHICAGO,IL,60624,1000,GENERAL CHARITABLE USE,990-PF,41.979387355038,-87.716147207409,sited
Modestus Bauer Foundation,2021,ART INSTITUTE OF CHICAGO,111 S MICHIGAN AVE,CHICAGO,IL,60303,1000,GENERAL CHARITABLE USE,990-PF,41.880649213362,-87.624171570115,sited
Modestus Bauer Foundation,2021,PUMONARY FIBROSIS FOUNDATION,811 W EVERGREEN AVE STE 303,CHICAGO,IL,60642,1000,GENERAL CHARITABLE USE,990-PF,41.90494350607,-87.652263622785,sited
Modestus Bauer Foundation,2022,ACLU FOUNDATION,150 N MICHIGAN AVE,CHICAGO,IL,60601,1000,GENERAL CHARITABLE USE,990-PF,41.884931224143,-87.624552861651,intermediary_or_citywide
Modestus Bauer Foundation,2022,AMER COMM FORWEIZMANN INSTITUTE,180 N LASALLE ST,CHICAGO,IL,60601,3000,GENERAL CHARITABLE USE,990-PF,41.885176441021,-87.632504208879,sited
Modestus Bauer Foundation,2022,AMERICAN JEWISH COMMITTEE,70 WEST MADISON STREET,CHICAGO,IL,60602,1000,GENERAL CHARITABLE USE,990-PF,41.88204491887,-87.630121034318,sited
Modestus Bauer Foundation,2022,AMERICAN TECHNION SOCIETY,111 W WASHINGTON STREET,CHICAGO,IL,60602,3600,GENERAL CHARITABLE USE,990-PF,41.883153849912,-87.631465022879,sited
Modestus Bauer Foundation,2022,ANN & ROBERT LURIE CHILDRENS HOSP CHICAGO,225 E CHICAGO AVE,CHICAGO,IL,60611,10000,GENERAL CHARITABLE USE,990-PF,41.896693751301,-87.622923905467,sited
Modestus Bauer Foundation,2022,ANTI-DEFAMATION LEAGUE,309 W WASHINGTON ST,CHICAGO,IL,60606,10000,GENERAL CHARITABLE USE,990-PF,41.88314485014,-87.635526294391,sited
Modestus Bauer Foundation,2022,ART INSTITUTE OF CHICAGO,111 S MICHIGAN AVE,CHICAGO,IL,60603,1000,GENERAL CHARITABLE USE,990-PF,41.880649213362,-87.624171570115,sited
Modestus Bauer Foundation,2022,CHICAGO COALITION FOR THE HOMELESS,70 EAST LAKE STREET CHICAGO,CHICAGO,IL,60601,1000,GENERAL CHARITABLE USE,990-PF,41.885782775355,-87.625858436593,sited
Modestus Bauer Foundation,2022,CHICAGO FURNITURE BANK,4801 S WHIPPLE ST SUITE A,CHICAGO,IL,60632,1000,GENERAL CHARITABLE USE,990-PF,41.806697809933,-87.700193188441,sited
Modestus Bauer Foundation,2022,CHICAGO POLICE MEMORIAL FOUNDATION,1407 W WASHINGTN BLVD,CHICAGO,IL,60607,2000,GENERAL CHARITABLE USE,990-PF,41.882838851691,-87.662466081001,intermediary_or_citywide
Modestus Bauer Foundation,2022,COMMUNITY HEALTH PARTNERS,265 W RANDOLPH ST,CHICAGO,IL,60606,3000,GENERAL CHARITABLE USE,990-PF,41.884404849889,-87.634901537284,sited
Modestus Bauer Foundation,2022,COUNCIL FOR JEWISH ELDERLY,3003 W TOUHY AVE,CHICAGO,IL,60645,10000,GENERAL CHARITABLE USE,990-PF,42.011905047554,-87.704561476946,sited
Modestus Bauer Foundation,2022,DANIEL MURPHY SCHOLARSHIP FUND,309 WEST WASHINGTON STREET,CHICAGO,IL,60606,10000,GENERAL CHARITABLE USE,990-PF,41.88314485014,-87.635526294391,intermediary_or_citywide
Modestus Bauer Foundation,2022,ENVIRONMENTAL LAW AND POLICY CENTER,35 E WACKER DRIVE,CHICAGO,IL,60601,3600,GENERAL CHARITABLE USE,990-PF,41.887530047162,-87.625851774658,sited
Modestus Bauer Foundation,2022,FEEDING AMERICA,161 N CLARK ST,CHICAGO,IL,60601,6500,GENERAL CHARITABLE USE,990-PF,41.885238782678,-87.630883288957,sited
Modestus Bauer Foundation,2022,FRIENDS OF THE IDF,29 E MADISON STREET,CHICAGO,IL,60602,2500,GENERAL CHARITABLE USE,990-PF,41.882019849846,-87.626770185583,sited
Modestus Bauer Foundation,2022,GREATER CHICAGO FOOD DEPOSITORY,4100 W ANN LURIE PL,CHICAGO,IL,60632,21500,GENERAL CHARITABLE USE,990-PF,,,intermediary_or_citywide
Modestus Bauer Foundation,2022,HORIZONS FOR YOUTH,703 W MONROE ST,CHICAGO,IL,60661,6000,GENERAL CHARITABLE USE,990-PF,41.880471851079,-87.644177367864,sited
Modestus Bauer Foundation,2022,ILLINOIS BAR FOUNDATION,20 S CLARK ST SUITE 900,CHICAGO,IL,60603,1000,GENERAL CHARITABLE USE,990-PF,41.881918080181,-87.630956796239,intermediary_or_citywide
Modestus Bauer Foundation,2022,JEWISH UNITED FUND,30 S WELLS STREET,CHICAGO,IL,60606,27700,GENERAL CHARITABLE USE,990-PF,41.881085502878,-87.633883748516,intermediary_or_citywide
Modestus Bauer Foundation,2022,LUNGEVITY FOUNDATION,218 S WABASH AVE,CHICAGO,IL,60604,1000,GENERAL CHARITABLE USE,990-PF,41.879462347482,-87.626202131819,intermediary_or_citywide
Modestus Bauer Foundation,2022,NATIONAL MULTIPLE SCLEROSIS SOCIETY,525 W MONROE ST,CHICAGO,IL,60661,12000,GENERAL CHARITABLE USE,990-PF,41.880515962213,-87.640879475377,intermediary_or_citywide
Modestus Bauer Foundation,2022,NATURE CONSERVANCY,400 N MICHIGAN AVE,CHICAGO,IL,60611,5000,GENERAL CHARITABLE USE,990-PF,41.889364493618,-87.624394465091,sited
Modestus Bauer Foundation,2022,NORTHWESTERN MEMORIAL FOUNDATION,541 N FAIRBANKS CT,CHICAGO,IL,60611,10000,GENERAL CHARITABLE USE,990-PF,41.89214113481,-87.620164916817,intermediary_or_citywide
Modestus Bauer Foundation,2022,ONE MILLION DEGREES,180 NORTH WABASH,CHICAGO,IL,60601,1000,GENERAL CHARITABLE USE,990-PF,41.885383955464,-87.626340906809,sited
Modestus Bauer Foundation,2022,PLANNED PARENTHOOD OF ILLINOIS,18 S MICHIGAN AVE,CHICAGO,IL,60603,40000,GENERAL CHARITABLE USE,990-PF,41.881367819857,-87.624527825232,sited
Modestus Bauer Foundation,2022,ROLFE PANCREATIC CANCER FOUNDATION,4809 N RAVENSWOOD,CHICAGO,IL,60640,2500,GENERAL CHARITABLE USE,990-PF,41.969110848394,-87.67410548711,sited
Modestus Bauer Foundation,2022,RUSH UNIVERSITY MEDICAL CENTER,1620 W HARRISON ST,CHICAGO,IL,60612,5000,GENERAL CHARITABLE USE,990-PF,41.874246325946,-87.667749960708,intermediary_or_citywide
Modestus Bauer Foundation,2022,SHIRLEY RYAN ABILITYLAB,355 E ERIE ST,CHICAGO,IL,60611,10000,GENERAL CHARITABLE USE,990-PF,41.894168660526,-87.619125924909,sited
Modestus Bauer Foundation,2022,STEPPENWOLF THEATRE COMPANY,1650 N HALSTED ST,CHICAGO,IL,60614,3000,GENERAL CHARITABLE USE,990-PF,41.912123943602,-87.648384717839,sited
Modestus Bauer Foundation,2022,THE ARK,6450 N CALIFORNIA AVE,CHICAGO,IL,60645,8000,GENERAL CHARITABLE USE,990-PF,41.99855358817,-87.699750843871,sited
Modestus Bauer Foundation,2022,THE CHICAGO LIGHTHOUSE,1850 W ROOSEVELT RD,CHICAGO,IL,60608,5000,GENERAL CHARITABLE USE,990-PF,41.866924195032,-87.672525512924,sited
Modestus Bauer Foundation,2022,THE NIGHT MINISTRY,1735 N ASHLAND AVE,CHICAGO,IL,60622,4000,GENERAL CHARITABLE USE,990-PF,41.913146606144,-87.667683335934,sited
Modestus Bauer Foundation,2022,THE SALVATION ARMY,5040 N PULASKI RD,CHICAGO,IL,60630,1000,GENERAL CHARITABLE USE,990-PF,41.97256606672,-87.728228946784,sited
Modestus Bauer Foundation,2022,UNIVERSITY OF ILLINOIS AT CHICAGO,835 S WOLCOTT AV,CHICAGO,IL,60612,5000,GENERAL CHARITABLE USE,990-PF,41.871077302584,-87.673674743647,intermediary_or_citywide
Modestus Bauer Foundation,2022,URBAN INITIATIVES,650 W LAKE ST STE 340,CHICAGO,IL,60661,1000,GENERAL CHARITABLE USE,990-PF,41.885752441579,-87.644321206034,sited
Modestus Bauer Foundation,2022,WBEZ,848 E GRAND AVE,CHICAGO,IL,60611,1000,GENERAL CHARITABLE USE,990-PF,41.892187438564,-87.609927254642,sited
Modestus Bauer Foundation,2022,WFMT,7341 SOLUTIONS CENTER,CHICAGO,IL,60677,5000,GENERAL CHARITABLE USE,990-PF,,,intermediary_or_citywide
Modestus Bauer Foundation,2022,WINDOW TO THE WORLD COMMUNICATIONS INC,5400 N ST LOUIS AVE,CHICAGO,IL,60624,1000,GENERAL CHARITABLE USE,990-PF,41.979387355038,-87.716147207409,sited
Modestus Bauer Foundation,2022,WTTW,7341 SOLUTIONS CENTER,CHICAGO,IL,60677,1000,GENERAL CHARITABLE USE,990-PF,,,intermediary_or_citywide
Modestus Bauer Foundation,2023,ACLU FOUNDATION,150 N MICHIGAN AVE,CHICAGO,IL,60601,1000,GENERAL CHARITABLE USE,990-PF,41.884931224143,-87.624552861651,intermediary_or_citywide
Modestus Bauer Foundation,2023,AMER COMM FORWEIZMANN INSTITUTE,180 N LASALLE ST,CHICAGO,IL,60601,8000,GENERAL CHARITABLE USE,990-PF,41.885176441021,-87.632504208879,sited
Modestus Bauer Foundation,2023,AMERICAN JEWISH COMMITTEE,70 WEST MADISON STREET,CHICAGO,IL,60602,1000,GENERAL CHARITABLE USE,990-PF,41.88204491887,-87.630121034318,sited
Modestus Bauer Foundation,2023,AMERICAN TECHNION SOCIETY,111 W WASHINGTON STREET,CHICAGO,IL,60602,3600,GENERAL CHARITABLE USE,990-PF,41.883153849912,-87.631465022879,sited
Modestus Bauer Foundation,2023,ANN & ROBERT LURIE CHILDRENS HOSP CHICAGO,225 E CHICAGO AVE,CHICAGO,IL,60611,10000,GENERAL CHARITABLE USE,990-PF,41.896693751301,-87.622923905467,sited
Modestus Bauer Foundation,2023,ANTI-DEFAMATION LEAGUE,309 W WASHINGTON ST,CHICAGO,IL,60606,12500,GENERAL CHARITABLE USE,990-PF,41.88314485014,-87.635526294391,sited
Modestus Bauer Foundation,2023,ART INSTITUTE OF CHICAGO,111 S MICHIGAN AVE,CHICAGO,IL,60603,1500,GENERAL CHARITABLE USE,990-PF,41.880649213362,-87.624171570115,sited
Modestus Bauer Foundation,2023,CAMP STEP ONE,213 W INSTITUTE PL SUITE 410,CHICAGO,IL,60610,2000,GENERAL CHARITABLE USE,990-PF,41.897355847669,-87.634883771769,sited
Modestus Bauer Foundation,2023,CHICAGO COALITION FOR THE HOMELESS,70 EAST LAKE STREET CHICAGO,CHICAGO,IL,60601,2000,GENERAL CHARITABLE USE,990-PF,41.885782775355,-87.625858436593,sited
Modestus Bauer Foundation,2023,CHICAGO FURNITURE BANK,4801 S WHIPPLE ST SUITE A,CHICAGO,IL,60632,1000,GENERAL CHARITABLE USE,990-PF,41.806697809933,-87.700193188441,sited
Modestus Bauer Foundation,2023,CHICAGO POLICE MEMORIAL FOUNDATION,1407 W WASHINGTN BLVD,CHICAGO,IL,60607,2000,GENERAL CHARITABLE USE,990-PF,41.882838851691,-87.662466081001,intermediary_or_citywide
Modestus Bauer Foundation,2023,COMMUNITY HEALTH PARTNERS,265 W RANDOLPH ST,CHICAGO,IL,60606,2000,GENERAL CHARITABLE USE,990-PF,41.884404849889,-87.634901537284,sited
Modestus Bauer Foundation,2023,COUNCIL FOR JEWISH ELDERLY,3003 W TOUHY AVE,CHICAGO,IL,60645,5000,GENERAL CHARITABLE USE,990-PF,42.011905047554,-87.704561476946,sited
Modestus Bauer Foundation,2023,DANIEL MURPHY SCHOLARSHIP FUND,309 WEST WASHINGTON STREET,CHICAGO,IL,60606,10000,GENERAL CHARITABLE USE,990-PF,41.88314485014,-87.635526294391,intermediary_or_citywide
Modestus Bauer Foundation,2023,ENVIRONMENTAL LAW AND POLICY CENTER,35 E WACKER DRIVE,CHICAGO,IL,60601,1000,GENERAL CHARITABLE USE,990-PF,41.887530047162,-87.625851774658,sited
Modestus Bauer Foundation,2023,FEEDING AMERICA,161 N CLARK ST,CHICAGO,IL,60601,5000,GENERAL CHARITABLE USE,990-PF,41.885238782678,-87.630883288957,sited
Modestus Bauer Foundation,2023,FRIENDS OF THE IDF,29 E MADISON STREET,CHICAGO,IL,60602,14000,GENERAL CHARITABLE USE,990-PF,41.882019849846,-87.626770185583,sited
Modestus Bauer Foundation,2023,GREATER CHICAGO FOOD DEPOSITORY,4100 W ANN LURIE PL,CHICAGO,IL,60632,16500,GENERAL CHARITABLE USE,990-PF,,,intermediary_or_citywide
Modestus Bauer Foundation,2023,HORIZONS FOR YOUTH,703 W MONROE ST,CHICAGO,IL,60661,6000,GENERAL CHARITABLE USE,990-PF,41.880471851079,-87.644177367864,sited
Modestus Bauer Foundation,2023,ILLINOIS BAR FOUNDATION,20 S CLARK ST SUITE 900,CHICAGO,IL,60603,1000,GENERAL CHARITABLE USE,990-PF,41.881918080181,-87.630956796239,intermediary_or_citywide
Modestus Bauer Foundation,2023,JEWISH UNITED FUND,30 S WELLS STREET,CHICAGO,IL,60606,104000,GENERAL CHARITABLE USE,990-PF,41.881085502878,-87.633883748516,intermediary_or_citywide
Modestus Bauer Foundation,2023,LITTLE BROTHERS FRIENDS OF THE ELDERLY IN CHICAGO,355 N ASHLAND AV,CHICAGO,IL,60607,500,GENERAL CHARITABLE USE,990-PF,41.88795842367,-87.666978647848,sited
Modestus Bauer Foundation,2023,LUNGEVITY FOUNDATION,218 S WABASH AVE,CHICAGO,IL,60604,1000,GENERAL CHARITABLE USE,990-PF,41.879462347482,-87.626202131819,intermediary_or_citywide
Modestus Bauer Foundation,2023,NATIONAL MULTIPLE SCLEROSIS SOCIETY,525 W MONROE ST,CHICAGO,IL,60661,12000,GENERAL CHARITABLE USE,990-PF,41.880515962213,-87.640879475377,intermediary_or_citywide
Modestus Bauer Foundation,2023,NATURE CONSERVANCY,400 N MICHIGAN AVE,CHICAGO,IL,60611,5000,GENERAL CHARITABLE USE,990-PF,41.889364493618,-87.624394465091,sited
Modestus Bauer Foundation,2023,NORTHWESTERN MEMORIAL FOUNDATION,541 N FAIRBANKS CT,CHICAGO,IL,60611,10000,GENERAL CHARITABLE USE,990-PF,41.89214113481,-87.620164916817,intermediary_or_citywide
Modestus Bauer Foundation,2023,PLANNED PARENTHOOD OF ILLINOIS,18 S MICHIGAN AVE,CHICAGO,IL,60603,30000,GENERAL CHARITABLE USE,990-PF,41.881367819857,-87.624527825232,sited
Modestus Bauer Foundation,2023,ROLFE PANCREATIC CANCER FOUNDATION,4809 N RAVENSWOOD,CHICAGO,IL,60640,3000,GENERAL CHARITABLE USE,990-PF,41.969110848394,-87.67410548711,sited
Modestus Bauer Foundation,2023,RUSH UNIVERSITY MEDICAL CENTER,1620 W HARRISON ST,CHICAGO,IL,60612,5000,GENERAL CHARITABLE USE,990-PF,41.874246325946,-87.667749960708,intermediary_or_citywide
Modestus Bauer Foundation,2023,SHIRLEY RYAN ABILITY LAB,355 E ERIE ST,CHICAGO,IL,60611,10000,GENERAL CHARITABLE USE,990-PF,41.894168660526,-87.619125924909,sited
Modestus Bauer Foundation,2023,STEPPENWOLF THEATRE COMPANY,1650 N HALSTED ST,CHICAGO,IL,60614,3000,GENERAL CHARITABLE USE,990-PF,41.912123943602,-87.648384717839,sited
Modestus Bauer Foundation,2023,THE ARK,6450 N CALIFORNIA AVE,CHICAGO,IL,60645,8000,GENERAL CHARITABLE USE,990-PF,41.99855358817,-87.699750843871,sited
Modestus Bauer Foundation,2023,THE CHICAGO LIGHTHOUSE,1850 W ROOSEVELT RD,CHICAGO,IL,60608,5000,GENERAL CHARITABLE USE,990-PF,41.866924195032,-87.672525512924,sited
Modestus Bauer Foundation,2023,THE SALVATION ARMY,5040 N PULASKI RD,CHICAGO,IL,60630,1000,GENERAL CHARITABLE USE,990-PF,41.97256606672,-87.728228946784,sited
Modestus Bauer Foundation,2023,UNIVERSITY OF ILLINOIS AT CHICAGO,835 S WOLCOTT AV,CHICAGO,IL,60612,15000,GENERAL CHARITABLE USE,990-PF,41.871077302584,-87.673674743647,intermediary_or_citywide
Modestus Bauer Foundation,2023,WBEZ,848 E GRAND AVE,CHICAGO,IL,60611,1000,GENERAL CHARITABLE USE,990-PF,41.892187438564,-87.609927254642,sited
Modestus Bauer Foundation,2023,WFMT,7341 SOLUTIONS CENTER,CHICAGO,IL,60677,5000,GENERAL CHARITABLE USE,990-PF,,,intermediary_or_citywide
Modestus Bauer Foundation,2023,WINDOW TO THE WORLD COMMUNICATIONS INC,5400 N ST LOUIS AVE,CHICAGO,IL,60624,1000,GENERAL CHARITABLE USE,990-PF,41.979387355038,-87.716147207409,sited
Modestus Bauer Foundation,2024,ACLU FOUNDATION,150 N MICHIGAN AVE,CHICAGO,IL,60601,5000,GENERAL CHARITABLE USE,990-PF,41.884931224143,-87.624552861651,intermediary_or_citywide
Modestus Bauer Foundation,2024,AMER COMM FORWEIZMANN INSTITUTE,180 N LASALLE ST,CHICAGO,IL,60601,8000,GENERAL CHARITABLE USE,990-PF,41.885176441021,-87.632504208879,sited
Modestus Bauer Foundation,2024,AMERICAN JEWISH COMMITTEE,70 WEST MADISON STREET,CHICAGO,IL,60602,1000,GENERAL CHARITABLE USE,990-PF,41.88204491887,-87.630121034318,sited
Modestus Bauer Foundation,2024,AMERICAN TECHNION SOCIETY,111 W WASHINGTON STREET,CHICAGO,IL,60602,3600,GENERAL CHARITABLE USE,990-PF,41.883153849912,-87.631465022879,sited
Modestus Bauer Foundation,2024,ANN & ROBERT LURIE CHILDRENS HOSP CHICAGO,225 E CHICAGO AVE,CHICAGO,IL,60611,10000,GENERAL CHARITABLE USE,990-PF,41.896693751301,-87.622923905467,sited
Modestus Bauer Foundation,2024,ANTI-DEFAMATION LEAGUE,309 W WASHINGTON,CHICAGO,IL,60606,23000,GENERAL CHARITABLE USE,990-PF,41.88314485014,-87.635526294391,sited
Modestus Bauer Foundation,2024,ART INSTITUTE OF CHICAGO,111 S MICHIGAN AVE,CHICAGO,IL,60603,1500,GENERAL CHARITABLE USE,990-PF,41.880649213362,-87.624171570115,sited
Modestus Bauer Foundation,2024,CAMP ONE STEP,213 W INSTITUTE,CHICAGO,IL,60610,2000,GENERAL CHARITABLE USE,990-PF,41.897355847669,-87.634883771769,sited
Modestus Bauer Foundation,2024,CHICAGO COALITION FOR THE HOMELESS,70 EAST LAKE STREET,CHICAGO,IL,60601,2000,GENERAL CHARITABLE USE,990-PF,41.885782775355,-87.625858436593,sited
Modestus Bauer Foundation,2024,CHICAGO FURNITURE BANK,4801 S WHIPPLE ST SUITE A,CHICAGO,IL,60632,1000,GENERAL CHARITABLE USE,990-PF,41.806697809933,-87.700193188441,sited
Modestus Bauer Foundation,2024,CHICAGO POLICE MEMORIAL FOUNDATION,1407 W WASHINGTN BLVD,CHICAGO,IL,60607,1500,GENERAL CHARITABLE USE,990-PF,41.882838851691,-87.662466081001,intermediary_or_citywide
Modestus Bauer Foundation,2024,COMMUNITY HEALTH PARTNERS,265 W RANDOLPH S,CHICAGO,IL,60606,3000,GENERAL CHARITABLE USE,990-PF,41.884404849889,-87.634901537284,sited
Modestus Bauer Foundation,2024,COUNCIL FOR JEWISH ELDERLY,3003 W TOUHY AVE,CHICAGO,IL,60645,5000,GENERAL CHARITABLE USE,990-PF,42.011905047554,-87.704561476946,sited
Modestus Bauer Foundation,2024,DANIEL MURPHY SCHOLARSHIP FUND,309 WEST WASHING,CHICAGO,IL,60606,5500,GENERAL CHARITABLE USE,990-PF,,,intermediary_or_citywide
Modestus Bauer Foundation,2024,EASTERSEALS CHICAGO,141 W JACKSON BLVD STE 1400A,CHICAGO,IL,60604,1000,GENERAL CHARITABLE USE,990-PF,41.87806885085,-87.632656297582,sited
Modestus Bauer Foundation,2024,EPILEPSY FOUNDATION OF CHICAGO,17 N STATE ST,CHICAGO,IL,60602,500,GENERAL CHARITABLE USE,990-PF,41.882740138023,-87.627778646,intermediary_or_citywide
Modestus Bauer Foundation,2024,FACE THE FUTURE FOUNDATION,205 MICHIGAN AVE,CHICAGO,IL,60601,1000,GENERAL CHARITABLE USE,990-PF,41.885942348304,-87.62444275857,intermediary_or_citywide
Modestus Bauer Foundation,2024,FEEDING AMERICA,161 N CLARK ST,CHICAGO,IL,60601,5000,GENERAL CHARITABLE USE,990-PF,41.885238782678,-87.630883288957,sited
Modestus Bauer Foundation,2024,FRIENDS OF THE IDF,29 E MADISON STREET,CHICAGO,IL,60602,18000,GENERAL CHARITABLE USE,990-PF,41.882019849846,-87.626770185583,sited
Modestus Bauer Foundation,2024,GREATER CHICAGO FOOD DEPOSITORY,4100 W ANN LURIE PL,CHICAGO,IL,60632,11500,GENERAL CHARITABLE USE,990-PF,,,intermediary_or_citywide
Modestus Bauer Foundation,2024,HORIZONS FOR YOUTH,703 W MONROE ST,CHICAGO,IL,60661,5000,GENERAL CHARITABLE USE,990-PF,41.880471851079,-87.644177367864,sited
Modestus Bauer Foundation,2024,ILLINOIS BAR FOUNDATION,20 S CLARK ST SUITE 900,CHICAGO,IL,60603,1000,GENERAL CHARITABLE USE,990-PF,41.881918080181,-87.630956796239,intermediary_or_citywide
Modestus Bauer Foundation,2024,JEWISH UNITED FUND,30 S WELLS,CHICAGO,IL,60606,109700,GENERAL CHARITABLE USE,990-PF,41.881085502878,-87.633883748516,intermediary_or_citywide
Modestus Bauer Foundation,2024,LUNGEVITY FOUNDATION,218 S WABASH AVE,CHICAGO,IL,60604,1000,GENERAL CHARITABLE USE,990-PF,41.879462347482,-87.626202131819,intermediary_or_citywide
Modestus Bauer Foundation,2024,NATIONAL MULTIPLE SCLEROSIS SOCIETY,525 W MONROE ST,CHICAGO,IL,60661,12000,GENERAL CHARITABLE USE,990-PF,41.880515962213,-87.640879475377,intermediary_or_citywide
Modestus Bauer Foundation,2024,NATURE CONSERVANCY,400 N MICHIGAN,CHICAGO,IL,60611,6000,GENERAL CHARITABLE USE,990-PF,41.889364493618,-87.624394465091,sited
Modestus Bauer Foundation,2024,NORTHWESTERN MEMORIAL FOUNDATION,541 N FAIRBANKS CT,CHICAGO,IL,60611,15000,GENERAL CHARITABLE USE,990-PF,41.89214113481,-87.620164916817,intermediary_or_citywide
Modestus Bauer Foundation,2024,OPENLANDS,26 E WASHINGTON ST,CHICAGO,IL,60602,3000,GENERAL CHARITABLE USE,990-PF,41.883277440978,-87.625885762308,sited
Modestus Bauer Foundation,2024,PLANNED PARENTHOOD OF ILLINOIS,18 S MICHIGAN AVE,CHICAGO,IL,60603,40000,GENERAL CHARITABLE USE,990-PF,41.881367819857,-87.624527825232,sited
Modestus Bauer Foundation,2024,ROLFE PANCREATIC CANCER FOUNDATION,4809 N RAVENSWOOD C,CHICAGO,IL,60640,5000,GENERAL CHARITABLE USE,990-PF,41.969110848394,-87.67410548711,sited
Modestus Bauer Foundation,2024,RUSH UNIVERSITY MEDICAL CENTER,1620 W HARRISON ST,CHICAGO,IL,60612,5000,GENERAL CHARITABLE USE,990-PF,41.874246325946,-87.667749960708,intermediary_or_citywide
Modestus Bauer Foundation,2024,SHIRLEY RYAN ABILITYLAB,355 E ERIE ST,CHICAGO,IL,60611,10000,GENERAL CHARITABLE USE,990-PF,41.894168660526,-87.619125924909,sited
Modestus Bauer Foundation,2024,THE ARK,6450 N CALIFORNIA AVE,CHICAGO,IL,60645,10000,GENERAL CHARITABLE USE,990-PF,41.99855358817,-87.699750843871,sited
Modestus Bauer Foundation,2024,THE CHICAGO LIGHTHOUSE,1850 W ROOSEVELT RD,CHICAGO,IL,60608,3000,GENERAL CHARITABLE USE,990-PF,41.866924195032,-87.672525512924,sited
Modestus Bauer Foundation,2024,THE SALVATION ARMY,5040 N PULASKI RD,CHICAGO,IL,60630,1000,GENERAL CHARITABLE USE,990-PF,41.97256606672,-87.728228946784,sited
Modestus Bauer Foundation,2024,WBEZ,848 E GRAND AVE,CHICAGO,IL,60611,500,GENERAL CHARITABLE USE,990-PF,41.892187438564,-87.609927254642,sited
Modestus Bauer Foundation,2024,WFMT,7341 SOLUTIONS CENTER,CHICAGO,IL,60677,3000,GENERAL CHARITABLE USE,990-PF,,,intermediary_or_citywide
Modestus Bauer Foundation,2024,WINDOW TO THE WORLD COMMUNICATIONS INC,5400 N ST LOUIS AVE,CHICAGO,IL,60624,1000,GENERAL CHARITABLE USE,990-PF,41.979387355038,-87.716147207409,sited
The Kemper Foundation,2021,MAKE A WISH ILLINOIS,640 N LASALLE ST 280,CHICAGO,IL,60654,20000,WISH BALL 2021,990-PF,41.893952675914,-87.632813110776,sited
The Kemper Foundation,2021,GREATER CHICAGO FOOD DEPOSITORY,4100 W ANN LURIE PL,CHICAGO,IL,60632,10000,2021 ANNUAL CONTRIBUTION,990-PF,,,intermediary_or_citywide
The Kemper Foundation,2021,AMERICAN CANCER SOCIETY,PO BOX 10393,CHICAGO,IL,60610,891,GENERAL SUPPORT,990-PF,,,intermediary_or_citywide
The Kemper Foundation,2022,AMERICAN CANCER SOCIETY,PO BOX 10393,CHICAGO,IL,60610,92200,2022 PARTNERSHIP,990-PF,,,intermediary_or_citywide
The Kemper Foundation,2022,BIG SHOULDERS FUND,212 W VAN BUREN ST STE 900,CHICAGO,IL,60607,10000,GENERAL OPERATING SUPPORT,990-PF,41.876900811278,-87.633848353417,intermediary_or_citywide
The Kemper Foundation,2022,CHICAGO URBAN LEAGUE,4510 S MICHIGAN AVE,CHICAGO,IL,60653,7250,ANNUAL DINNER,990-PF,41.812858802057,-87.623008057154,sited
The Kemper Foundation,2022,GREATER CHICAGO FOOD DEPOSITORY,4100 W ANN LURIE PL,CHICAGO,IL,60632,10000,2022 DONATION,990-PF,,,intermediary_or_citywide
The Kemper Foundation,2022,JDRF ILLINOIS,1 E WACKER DR STE 1400,CHICAGO,IL,60601,10000,JDRF ONE WALK CHICAGO,990-PF,41.887177895037,-87.626333450504,sited
The Kemper Foundation,2022,LURIE CHILDREN'S FOUNDATION,225 E CHICAGO AVE BOX 4,CHICAGO,IL,60611,6750,STEP UP FOR KIDS,990-PF,41.896693751301,-87.622923905467,intermediary_or_citywide
The Kemper Foundation,2022,MAKE-A-WISH ILLINOIS,640 N LASALLE ST STE 280,CHICAGO,IL,60654,14500,WISH BALL 2022,990-PF,41.893952675914,-87.632813110776,sited
The Kemper Foundation,2022,THE UNIVERSITY OF CHICAGO,5801 S ELLIS AVENUE,CHICAGO,IL,60637,200000,KEMPER SCHOLARS PROGRAM - 2022-2023,990-PF,41.789553508174,-87.601183264568,intermediary_or_citywide
The Kemper Foundation,2023,AMERICAN CANCER SOCIETY,PO BOX 10393,CHICAGO,IL,60610,93055,2023 PARTNERSHIP,990-PF,,,intermediary_or_citywide
The Kemper Foundation,2023,AMERICAN HEART ASSOCIATION,300 S RIVERSIDE PLZ STE 1200,CHICAGO,IL,60606,75000,CPR ANYTIME/ANYWHERE KITS/GRANT,990-PF,,,intermediary_or_citywide
The Kemper Foundation,2023,CHICAGO URBAN LEAGUE,4510 S MICHIGAN AVE,CHICAGO,IL,60653,11000,GOLDEN FELLOWSHIP DINNER,990-PF,41.812858802057,-87.623008057154,sited
The Kemper Foundation,2023,GREATER CHICAGO FOOD DEPOSITORY,4100 W ANN LURIE PL,CHICAGO,IL,60632,15000,2023 CONTRIBUTION,990-PF,,,intermediary_or_citywide
The Kemper Foundation,2023,JDRF,35 E WACKER DR STE 2200,CHICAGO,IL,60601,42160,"T1 DETECT SCREENING PROGRAM, 2023 WALKS, CHI, BHAM",990-PF,41.887530047162,-87.625851774658,sited
The Kemper Foundation,2023,MAKE-A-WISH ILLINOIS,640 N LASALLE DR STE 280,CHICAGO,IL,60654,22500,WISH BALL 2023,990-PF,41.893952675914,-87.632813110776,sited
The Kemper Foundation,2023,PEGGY NOTEBAERT NATURE MUSEUM,2430 N CANNON DR,CHICAGO,IL,60614,5000,MATCHING GIFT FOR SUSAN WHITING DONATION,990-PF,41.927107827526,-87.634471738483,sited
The Kemper Foundation,2023,THE UNIVERSITY OF CHICAGO,5801 S ELLIS AVENUE,CHICAGO,IL,60637,200000,2023-2024 KEMPER SCHOLARS PROGRAM,990-PF,41.789553508174,-87.601183264568,intermediary_or_citywide
The Kemper Foundation,2024,AMERICAN CANCER SOCIETY,PO BOX 10393,CHICAGO,IL,60610,94322,KEMPER'S ACS MATCHING GIFT CAMPAIGN,990-PF,,,intermediary_or_citywide
The Kemper Foundation,2024,AMERICAN HEART ASSOCIATION,300 S RIVERSIDE PLZ STE 1200,CHICAGO,IL,60606,103250,2024 PARTNERSHIP,990-PF,,,intermediary_or_citywide
The Kemper Foundation,2024,CHICAGO URBAN LEAGUE,4510 S MICHIGAN AVE,CHICAGO,IL,60653,22000,2024 DONATION,990-PF,41.812858802057,-87.623008057154,sited
The Kemper Foundation,2024,CHICAGO WOMEN IN PHILANTHROPY,400 E RANDOLPH APT 3115,CHICAGO,IL,60601,1150,2024 MAKING A DIFFERENCE LUNCHEON,990-PF,41.884601677652,-87.616570492729,sited
The Kemper Foundation,2024,GREATER CHICAGO FOOD DEPOSITORY,4100 W ANN LURIE PL,CHICAGO,IL,60632,25000,2024 DONATION,990-PF,,,intermediary_or_citywide
The Kemper Foundation,2024,ISTAT FOUNDATION,27160 NETWORK PL,CHICAGO,IL,60673,5000,MATCHING GIFT FOR GERRY LADERMAN DONATION,990-PF,,,intermediary_or_citywide
The Kemper Foundation,2024,PEGGY NOTEBAERT NATURE MUSEUM,2430 N CANNON DR,CHICAGO,IL,60614,5000,MATCHING GIFT FOR SUSAN WHITING DONATION,990-PF,41.927107827526,-87.634471738483,sited
The Kemper Foundation,2024,THE UNIVERSITY OF CHICAGO,5801 S ELLIS AVENUE,CHICAGO,IL,60637,150000,2024-2025 KEMPER SCHOLARS PROGRAM,990-PF,41.789553508174,-87.601183264568,intermediary_or_citywide
A G Cox Char TR 15128-00-2,2021,CHICAGO HISTORY MUSEUM,1601 N CLARK STREET,CHICAGO,IL,60614,10000,GENERAL,990-PF,41.91125225948,-87.631620549744,sited
A G Cox Char TR 15128-00-2,2021,PREVENT CHILD ABUSE AMERICA,228 SOUTH WABASH AVE 10TH FL,CHICAGO,IL,60604,10000,GENERAL,990-PF,41.87888064402,-87.626181519052,sited
A G Cox Char TR 15128-00-2,2021,CHRISTOPHER HOUSE,2507 N GREENVIEW AVE,CHICAGO,IL,60614,15000,GENERAL,990-PF,41.927223316534,-87.66572902936,sited
A G Cox Char TR 15128-00-2,2021,HEARTLAND ALLIANCE FOR HUMAN NEEDS AND HUMAN RIGHTS,208 S LASALLE ST STE 1818,CHICAGO,IL,60604,10000,GENERAL,990-PF,41.879132477534,-87.632361460549,sited
A G Cox Char TR 15128-00-2,2021,BOYS AND GIRLS CLUBS OF CHICAGO,550 W VAN BUREN ST STE 350,CHICAGO,IL,60607,40000,GENERAL,990-PF,41.876797442972,-87.641775986873,sited
A G Cox Char TR 15128-00-2,2021,CHICAGO CHILD CARE SOCIETY,5467 S UNIVERSITY AVE,CHICAGO,IL,60615,15000,GENERAL,990-PF,41.796166161439,-87.598028161796,sited
A G Cox Char TR 15128-00-2,2021,FIELD MUSEUM OF NATURAL HISTORY,1400 S LAKESHORE DR,CHICAGO,IL,60605,15000,GENERAL,990-PF,41.865006735724,-87.614118889895,intermediary_or_citywide
A G Cox Char TR 15128-00-2,2021,INFANT WELFARE SOCIETY OF CHICAGO,3600 W FULLERTON AVE,CHICAGO,IL,60647,15000,GENERAL,990-PF,41.924659438972,-87.717072727636,sited
A G Cox Char TR 15128-00-2,2021,MUSEUM OF SCIENCE AND INDUSTRY,57TH STREET AND LAKESHORE DR,CHICAGO,IL,60637,15000,GENERAL,990-PF,,,intermediary_or_citywide
A G Cox Char TR 15128-00-2,2021,SHEDD AQUARIUM SOCIETY,1200 S LAKESHORE DRIVE,CHICAGO,IL,60605,5000,GENERAL,990-PF,41.866476458506,-87.613814359169,sited
A G Cox Char TR 15128-00-2,2021,OFF THE STREET CLUB,25 N KALOV AVE,CHICAGO,IL,60624,10000,GENERAL,990-PF,41.88155528198,-87.728066002412,sited
A G Cox Char TR 15128-00-2,2021,RUSH UNIVERSITY MEDICAL CENTER,1700 W VAN BUREN ST RM 150,CHICAGO,IL,60612,85000,GENERAL,990-PF,41.876365444605,-87.669797488581,intermediary_or_citywide
A G Cox Char TR 15128-00-2,2021,WINDOW TO THE WORLD,5400 N SAINT LOUIS AVENUE,CHICAGO,IL,606254698,10000,GENERAL,990-PF,41.979387355038,-87.716147207409,sited
A G Cox Char TR 15128-00-2,2021,CHICAGO YOUTH CENTERS,218 S WABASH AVENUE STE 600,CHICAGO,IL,60604,15000,GENERAL,990-PF,41.879462347482,-87.626202131819,sited
A G Cox Char TR 15128-00-2,2021,GREATER CHICAGO FOOD DEPOSITORY,4100 W ANN LURIE PL,CHICAGO,IL,60632,35000,GENERAL,990-PF,,,intermediary_or_citywide
A G Cox Char TR 15128-00-2,2021,ANN & ROBERT H LURIE CHILDRENS HOSPITAL FOUNDATION,225 E CHICAGO AVE,CHICAGO,IL,60611,55000,GENERAL,990-PF,41.896693751301,-87.622923905467,intermediary_or_citywide
A G Cox Char TR 15128-00-2,2021,GIRL SCOUTS OF GREATER CHICAGO AND NW IN,20 S CLARK STREET STE 200,CHICAGO,IL,60603,25000,GENERAL,990-PF,41.881918080181,-87.630956796239,sited
A G Cox Char TR 15128-00-2,2021,CHICAGO CHILDREN'S ADVOCACY CENTER,1240 S DAMEN AVENUE,CHICAGO,IL,60608,10000,GENERAL,990-PF,41.865461597109,-87.676287526432,sited
A G Cox Char TR 15128-00-2,2021,ADLER PLANETARIUM,1300 S LAKESHORE DR,CHICAGO,IL,60605,5000,GENERAL,990-PF,41.866443548114,-87.613933402484,intermediary_or_citywide
A G Cox Char TR 15128-00-2,2021,NORTHWESTERN MEMORIAL FOUNDATION,420 E SUPERIOR ST 10,CHICAGO,IL,60611,10000,GENERAL,990-PF,41.895881974597,-87.618900321423,intermediary_or_citywide
A G Cox Char TR 15128-00-2,2021,SHIRLEY RYAN ABILITYLAB,355 EAST ERIE,CHICAGO,IL,60611,40000,GENERAL,990-PF,41.894168660526,-87.619125924909,sited
A G Cox Char TR 15128-00-2,2021,LADDER UP,233 S WACKER DR 400,CHICAGO,IL,60606,10000,GENERAL,990-PF,41.878916229496,-87.636602795305,sited
A G Cox Char TR 15128-00-2,2021,FACETS,1517 W FULLERTON AVE,CHICAGO,IL,60614,10000,GENERAL,990-PF,41.925115420274,-87.666452188686,sited
A G Cox Char TR 15128-00-2,2021,GOODWILL OF METROPOLITAN CHICAGO,819 S WABASH AVE STE 400,CHICAGO,IL,60605,25000,GENERAL,990-PF,41.871572484912,-87.625856548611,sited
A G Cox Char TR 15128-00-2,2021,FACING HISTORY AND OURSELVES,2 N LA SALLE ST STE 2300,CHICAGO,IL,60602,10000,GENERAL,990-PF,41.882017441558,-87.632436705409,sited
A G Cox Char TR 15128-00-2,2021,100 CLUB OF CHICAGO,875 N MICHIGAN AVE SUITE 1351,CHICAGO,IL,60611,20000,GENERAL,990-PF,41.898768343588,-87.624038249653,sited
A G Cox Char TR 15128-00-2,2021,DANIEL MURPHY SCHOLARSHIP FUND,309 WEST WASHINGTON SUITE 1250,CHICAGO,IL,60606,10000,GENERAL,990-PF,41.88314485014,-87.635526294391,intermediary_or_citywide
A G Cox Char TR 15128-00-2,2022,CHICAGO HISTORY MUSEUM,1601 N CLARK STREET,CHICAGO,IL,60614,15000,GENERAL,990-PF,41.91125225948,-87.631620549744,sited
A G Cox Char TR 15128-00-2,2022,GIRL SCOUTS OF THE UNITED STATES OF AMERICA,20 S CLARK STREET SUITE 200,CHICAGO,IL,606031809,25000,GENERAL,990-PF,41.881918080181,-87.630956796239,sited
A G Cox Char TR 15128-00-2,2022,CHRISTOPHER HOUSE,2507 N GREENVIEW AVE,CHICAGO,IL,60614,15000,GENERAL,990-PF,41.927223316534,-87.66572902936,sited
A G Cox Char TR 15128-00-2,2022,HEARTLAND ALLIANCE FOR HUMAN NEEDS AND HUMAN RIGHTS,208 S LASALLE ST STE 1818,CHICAGO,IL,60604,15000,GENERAL,990-PF,41.879132477534,-87.632361460549,sited
A G Cox Char TR 15128-00-2,2022,BOYS AND GIRLS CLUBS OF CHICAGO,550 W VAN BUREN ST STE 350,CHICAGO,IL,60607,20000,GENERAL,990-PF,41.876797442972,-87.641775986873,sited
A G Cox Char TR 15128-00-2,2022,CHICAGO CHILD CARE SOCIETY,5467 S UNIVERSITY AVE,CHICAGO,IL,60615,15000,GENERAL,990-PF,41.796166161439,-87.598028161796,sited
A G Cox Char TR 15128-00-2,2022,FIELD MUSEUM OF NATURAL HISTORY,1400 S LAKESHORE DR,CHICAGO,IL,60605,20000,GENERAL,990-PF,41.865006735724,-87.614118889895,intermediary_or_citywide
A G Cox Char TR 15128-00-2,2022,INFANT WELFARE SOCIETY OF CHICAGO,3600 W FULLERTON AVE,CHICAGO,IL,60647,20000,GENERAL,990-PF,41.924659438972,-87.717072727636,sited
A G Cox Char TR 15128-00-2,2022,MUSEUM OF SCIENCE AND INDUSTRY,57TH STREET AND LAKESHORE DR,CHICAGO,IL,60637,20000,GENERAL,990-PF,,,intermediary_or_citywide
A G Cox Char TR 15128-00-2,2022,Northwestern Settlement ASSOCIATION,1400 W AUGUSTA BLVD,CHICAGO,IL,60642,25000,GENERAL,990-PF,41.89983591904,-87.663182706881,sited
A G Cox Char TR 15128-00-2,2022,SHEDD AQUARIUM SOCIETY,1200 S LAKESHORE DRIVE,CHICAGO,IL,60605,10000,GENERAL,990-PF,41.866476458506,-87.613814359169,sited
A G Cox Char TR 15128-00-2,2022,BOY SCOUTS OF AMERICA CHICAGO AREA COUNCIL,1218 WEST ADAMS,CHICAGO,IL,60607,25000,GENERAL,990-PF,41.879101443487,-87.658132111435,sited
A G Cox Char TR 15128-00-2,2022,OFF THE STREET CLUB,25 N KALOV AVE,CHICAGO,IL,60624,10000,GENERAL,990-PF,41.88155528198,-87.728066002412,sited
A G Cox Char TR 15128-00-2,2022,RUSH UNIVERSITY MEDICAL CENTER,1700 W VAN BUREN ST RM 150,CHICAGO,IL,60612,150000,GENERAL,990-PF,41.876365444605,-87.669797488581,intermediary_or_citywide
A G Cox Char TR 15128-00-2,2022,WINDOW TO THE WORLD,5400 N SAINT LOUIS AVENUE,CHICAGO,IL,606254698,15000,GENERAL,990-PF,41.979387355038,-87.716147207409,sited
A G Cox Char TR 15128-00-2,2022,CHICAGO YOUTH CENTERS,218 S WABASH AVENUE STE 600,CHICAGO,IL,60604,20000,GENERAL,990-PF,41.879462347482,-87.626202131819,sited
A G Cox Char TR 15128-00-2,2022,GREATER CHICAGO FOOD DEPOSITORY,4100 W ANN LURIE PL,CHICAGO,IL,60632,45000,GENERAL,990-PF,,,intermediary_or_citywide
A G Cox Char TR 15128-00-2,2022,NIGHT MINISTRY,4711 N RAVENSWOOD AVE,CHICAGO,IL,60640,25000,GENERAL,990-PF,41.967225203616,-87.674052841194,sited
A G Cox Char TR 15128-00-2,2022,ANN & ROBERT H LURIE CHILDRENS HOSPITAL FOUNDATION,225 E CHICAGO AVE,CHICAGO,IL,60611,115000,GENERAL,990-PF,41.896693751301,-87.622923905467,intermediary_or_citywide
A G Cox Char TR 15128-00-2,2022,Goodwill Industries of Metropolitan Chicago,30 N RACINE AVE SUITE 230,CHICAGO,IL,60607,25000,GENERAL,990-PF,41.88252425088,-87.656793463785,sited
A G Cox Char TR 15128-00-2,2022,ADLER PLANETARIUM,1300 S LAKESHORE DR,CHICAGO,IL,60605,10000,GENERAL,990-PF,41.866443548114,-87.613933402484,intermediary_or_citywide
A G Cox Char TR 15128-00-2,2022,NORTHWESTERN MEMORIAL FOUNDATION,420 E SUPERIOR ST 10,CHICAGO,IL,60611,15000,GENERAL,990-PF,41.895881974597,-87.618900321423,intermediary_or_citywide
A G Cox Char TR 15128-00-2,2022,SHIRLEY RYAN ABILITYLAB,355 EAST ERIE,CHICAGO,IL,60611,60000,GENERAL,990-PF,41.894168660526,-87.619125924909,sited
A G Cox Char TR 15128-00-2,2022,LADDER UP,233 S WACKER DR 400,CHICAGO,IL,60606,10000,GENERAL,990-PF,41.878916229496,-87.636602795305,sited
A G Cox Char TR 15128-00-2,2022,FACETS,1517 W FULLERTON AVE,CHICAGO,IL,60614,15000,GENERAL,990-PF,41.925115420274,-87.666452188686,sited
A G Cox Char TR 15128-00-2,2022,100 CLUB OF CHICAGO,875 N MICHIGAN AVE SUITE 1351,CHICAGO,IL,60611,25000,GENERAL,990-PF,41.898768343588,-87.624038249653,sited
A G Cox Char TR 15128-00-2,2022,DANIEL MURPHY SCHOLARSHIP FUND,309 WEST WASHINGTON SUITE 1250,CHICAGO,IL,60606,10000,GENERAL,990-PF,41.88314485014,-87.635526294391,intermediary_or_citywide
A G Cox Char TR 15128-00-2,2023,CHICAGO HISTORY MUSEUM,1601 N CLARK STREET,CHICAGO,IL,60614,10000,GENERAL,990-PF,41.91125225948,-87.631620549744,sited
A G Cox Char TR 15128-00-2,2023,GIRL SCOUTS OF THE UNITED STATES OF AMERICA,20 S CLARK STREET SUITE 200,CHICAGO,IL,606031809,25000,GENERAL,990-PF,41.881918080181,-87.630956796239,sited
A G Cox Char TR 15128-00-2,2023,CHRISTOPHER HOUSE,2507 N GREENVIEW AVE,CHICAGO,IL,60614,15000,GENERAL,990-PF,41.927223316534,-87.66572902936,sited
A G Cox Char TR 15128-00-2,2023,HEARTLAND ALLIANCE FOR HUMAN NEEDS AND HUMAN RIGHTS,208 S LASALLE ST STE 1818,CHICAGO,IL,60604,10000,GENERAL,990-PF,41.879132477534,-87.632361460549,sited
A G Cox Char TR 15128-00-2,2023,BOYS AND GIRLS CLUBS OF CHICAGO,550 W VAN BUREN ST STE 350,CHICAGO,IL,60607,15000,GENERAL,990-PF,41.876797442972,-87.641775986873,sited
A G Cox Char TR 15128-00-2,2023,FAMILY FOCUS,5467 S UNIVERSITY AVE,CHICAGO,IL,60615,15000,GENERAL,990-PF,41.796166161439,-87.598028161796,sited
A G Cox Char TR 15128-00-2,2023,FIELD MUSEUM OF NATURAL HISTORY,1400 S LAKESHORE DR,CHICAGO,IL,60605,15000,GENERAL,990-PF,41.865006735724,-87.614118889895,intermediary_or_citywide
A G Cox Char TR 15128-00-2,2023,INFANT WELFARE SOCIETY OF CHICAGO,3600 W FULLERTON AVE,CHICAGO,IL,60647,15000,GENERAL,990-PF,41.924659438972,-87.717072727636,sited
A G Cox Char TR 15128-00-2,2023,MUSEUM OF SCIENCE AND INDUSTRY,57TH STREET AND LAKESHORE DR,CHICAGO,IL,60637,15000,GENERAL,990-PF,,,intermediary_or_citywide
A G Cox Char TR 15128-00-2,2023,Northwestern Settlement ASSOCIATION,1400 W AUGUSTA BLVD,CHICAGO,IL,60642,20000,GENERAL,990-PF,41.89983591904,-87.663182706881,sited
A G Cox Char TR 15128-00-2,2023,SHEDD AQUARIUM SOCIETY,1200 S LAKESHORE DRIVE,CHICAGO,IL,60605,5000,GENERAL,990-PF,41.866476458506,-87.613814359169,sited
A G Cox Char TR 15128-00-2,2023,BOY SCOUTS OF AMERICA CHICAGO AREA COUNCIL,1218 WEST ADAMS,CHICAGO,IL,60607,25000,GENERAL,990-PF,41.879101443487,-87.658132111435,sited
A G Cox Char TR 15128-00-2,2023,OFF THE STREET CLUB,25 N KALOV AVE,CHICAGO,IL,60624,10000,GENERAL,990-PF,41.88155528198,-87.728066002412,sited
A G Cox Char TR 15128-00-2,2023,RUSH UNIVERSITY MEDICAL CENTER,1700 W VAN BUREN ST RM 150,CHICAGO,IL,60612,95000,GENERAL,990-PF,41.876365444605,-87.669797488581,intermediary_or_citywide
A G Cox Char TR 15128-00-2,2023,WINDOW TO THE WORLD,5400 N SAINT LOUIS AVENUE,CHICAGO,IL,606254698,10000,GENERAL,990-PF,41.979387355038,-87.716147207409,sited
A G Cox Char TR 15128-00-2,2023,CHICAGO YOUTH CENTERS,218 S WABASH AVENUE STE 600,CHICAGO,IL,60604,15000,GENERAL,990-PF,41.879462347482,-87.626202131819,sited
A G Cox Char TR 15128-00-2,2023,GREATER CHICAGO FOOD DEPOSITORY,4100 W ANN LURIE PL,CHICAGO,IL,60632,40000,GENERAL,990-PF,,,intermediary_or_citywide
A G Cox Char TR 15128-00-2,2023,NIGHT MINISTRY,4711 N RAVENSWOOD AVE,CHICAGO,IL,60640,10000,GENERAL,990-PF,41.967225203616,-87.674052841194,sited
A G Cox Char TR 15128-00-2,2023,ANN & ROBERT H LURIE CHILDRENS HOSPITAL FOUNDATION,225 E CHICAGO AVE,CHICAGO,IL,60611,60000,GENERAL,990-PF,41.896693751301,-87.622923905467,intermediary_or_citywide
A G Cox Char TR 15128-00-2,2023,Goodwill Industries of Metropolitan Chicago,30 N RACINE AVE SUITE 230,CHICAGO,IL,60607,25000,GENERAL,990-PF,41.88252425088,-87.656793463785,sited
A G Cox Char TR 15128-00-2,2023,ADLER PLANETARIUM,1300 S LAKESHORE DR,CHICAGO,IL,60605,10000,GENERAL,990-PF,41.866443548114,-87.613933402484,intermediary_or_citywide
A G Cox Char TR 15128-00-2,2023,NORTHWESTERN MEMORIAL FOUNDATION,420 E SUPERIOR ST 10,CHICAGO,IL,60611,25000,GENERAL,990-PF,41.895881974597,-87.618900321423,intermediary_or_citywide
A G Cox Char TR 15128-00-2,2023,SHIRLEY RYAN ABILITYLAB,355 EAST ERIE,CHICAGO,IL,60611,100000,GENERAL,990-PF,41.894168660526,-87.619125924909,sited
A G Cox Char TR 15128-00-2,2023,FACETS,1517 W FULLERTON AVE,CHICAGO,IL,60614,15000,GENERAL,990-PF,41.925115420274,-87.666452188686,sited
A G Cox Char TR 15128-00-2,2023,100 CLUB OF CHICAGO,875 N MICHIGAN AVE SUITE 1351,CHICAGO,IL,60611,20000,GENERAL,990-PF,41.898768343588,-87.624038249653,sited
A G Cox Char TR 15128-00-2,2023,DANIEL MURPHY SCHOLARSHIP FUND,309 WEST WASHINGTON SUITE 1250,CHICAGO,IL,60606,10000,GENERAL,990-PF,41.88314485014,-87.635526294391,intermediary_or_citywide
A G Cox Char TR 15128-00-2,2024,CHICAGO HISTORY MUSEUM,1601 N CLARK STREET,CHICAGO,IL,60614,10000,GENERAL,990-PF,41.91125225948,-87.631620549744,sited
A G Cox Char TR 15128-00-2,2024,GIRL SCOUTS OF THE UNITED STATES OF AMERICA,20 S CLARK STREET SUITE 200,CHICAGO,IL,606031809,20000,GENERAL,990-PF,41.881918080181,-87.630956796239,sited
A G Cox Char TR 15128-00-2,2024,CHRISTOPHER HOUSE,2507 N GREENVIEW AVE,CHICAGO,IL,60614,15000,GENERAL,990-PF,41.927223316534,-87.66572902936,sited
A G Cox Char TR 15128-00-2,2024,HEARTLAND ALLIANCE FOR HUMAN NEEDS AND HUMAN RIGHTS,208 S LASALLE ST STE 1818,CHICAGO,IL,60604,20000,GENERAL,990-PF,41.879132477534,-87.632361460549,sited
A G Cox Char TR 15128-00-2,2024,BOYS AND GIRLS CLUBS OF CHICAGO,550 W VAN BUREN ST STE 350,CHICAGO,IL,60607,10000,GENERAL,990-PF,41.876797442972,-87.641775986873,sited
A G Cox Char TR 15128-00-2,2024,FIELD MUSEUM OF NATURAL HISTORY,1400 S LAKESHORE DR,CHICAGO,IL,60605,15000,GENERAL,990-PF,41.865006735724,-87.614118889895,intermediary_or_citywide
A G Cox Char TR 15128-00-2,2024,INFANT WELFARE SOCIETY OF CHICAGO,3600 W FULLERTON AVE,CHICAGO,IL,60647,15000,GENERAL,990-PF,41.924659438972,-87.717072727636,sited
A G Cox Char TR 15128-00-2,2024,GRIFFIN MUSEUM OF SCIENCE AND INDUSTRY,5700 S DUSABLE LAKE SHORE DRIVE,CHICAGO,IL,60637,10000,GENERAL,990-PF,,,intermediary_or_citywide
A G Cox Char TR 15128-00-2,2024,Northwestern Settlement ASSOCIATION,1400 W AUGUSTA BLVD,CHICAGO,IL,60642,20000,GENERAL,990-PF,41.89983591904,-87.663182706881,sited
A G Cox Char TR 15128-00-2,2024,SHEDD AQUARIUM SOCIETY,1200 S LAKESHORE DRIVE,CHICAGO,IL,60605,10000,GENERAL,990-PF,41.866476458506,-87.613814359169,sited
A G Cox Char TR 15128-00-2,2024,BOY SCOUTS OF AMERICA CHICAGO AREA COUNCIL,1218 WEST ADAMS,CHICAGO,IL,60607,20000,GENERAL,990-PF,41.879101443487,-87.658132111435,sited
A G Cox Char TR 15128-00-2,2024,RUSH UNIVERSITY MEDICAL CENTER,1700 W VAN BUREN ST RM 150,CHICAGO,IL,60612,100000,GENERAL,990-PF,41.876365444605,-87.669797488581,intermediary_or_citywide
A G Cox Char TR 15128-00-2,2024,WINDOW TO THE WORLD,5400 N SAINT LOUIS AVENUE,CHICAGO,IL,606254698,20000,GENERAL,990-PF,41.979387355038,-87.716147207409,sited
A G Cox Char TR 15128-00-2,2024,CHICAGO YOUTH CENTERS,218 S WABASH AVENUE STE 600,CHICAGO,IL,60604,10000,GENERAL,990-PF,41.879462347482,-87.626202131819,sited
A G Cox Char TR 15128-00-2,2024,GREATER CHICAGO FOOD DEPOSITORY,4100 W ANN LURIE PL,CHICAGO,IL,60632,50000,GENERAL,990-PF,,,intermediary_or_citywide
A G Cox Char TR 15128-00-2,2024,NIGHT MINISTRY,4711 N RAVENSWOOD AVE,CHICAGO,IL,60640,10000,GENERAL,990-PF,41.967225203616,-87.674052841194,sited
A G Cox Char TR 15128-00-2,2024,ANN & ROBERT H LURIE CHILDRENS HOSPITAL FOUNDATION,225 E CHICAGO AVE,CHICAGO,IL,60611,60000,GENERAL,990-PF,41.896693751301,-87.622923905467,intermediary_or_citywide
A G Cox Char TR 15128-00-2,2024,Goodwill Industries of Metropolitan Chicago,30 N RACINE AVE SUITE 230,CHICAGO,IL,60607,25000,GENERAL,990-PF,41.88252425088,-87.656793463785,sited
A G Cox Char TR 15128-00-2,2024,ADLER PLANETARIUM,1300 S LAKESHORE DR,CHICAGO,IL,60605,10000,GENERAL,990-PF,41.866443548114,-87.613933402484,intermediary_or_citywide
A G Cox Char TR 15128-00-2,2024,NORTHWESTERN MEMORIAL FOUNDATION,420 E SUPERIOR ST 10,CHICAGO,IL,60611,10000,GENERAL,990-PF,41.895881974597,-87.618900321423,intermediary_or_citywide
A G Cox Char TR 15128-00-2,2024,SHIRLEY RYAN ABILITYLAB,355 EAST ERIE,CHICAGO,IL,60611,40000,GENERAL,990-PF,41.894168660526,-87.619125924909,sited
A G Cox Char TR 15128-00-2,2024,FACETS,1517 W FULLERTON AVE,CHICAGO,IL,60614,15000,GENERAL,990-PF,41.925115420274,-87.666452188686,sited
A G Cox Char TR 15128-00-2,2024,100 CLUB OF CHICAGO,875 N MICHIGAN AVE SUITE 1351,CHICAGO,IL,60611,25000,GENERAL,990-PF,41.898768343588,-87.624038249653,sited
A G Cox Char TR 15128-00-2,2024,DANIEL MURPHY SCHOLARSHIP FUND,309 WEST WASHINGTON SUITE 1250,CHICAGO,IL,60606,15000,GENERAL,990-PF,41.88314485014,-87.635526294391,intermediary_or_citywide
Carylon Foundation,2021,A SAFE HAVEN,2750 ROOSEVELT RD,CHICAGO,IL,60608,2000,CHARITY,990-PF,41.866577776519,-87.695317903688,sited
Carylon Foundation,2021,ACCESS LIVING,115 W CHICAGO AVE,CHICAGO,IL,60654,5000,CHARITY,990-PF,41.896559368626,-87.632227154611,sited
Carylon Foundation,2021,CHEVRA KADISHA,2701 W HOWARD ST,CHICAGO,IL,60645,5000,RELIGIOUS,990-PF,42.019322380608,-87.697306836604,sited
Carylon Foundation,2021,CHICAGO COALITION FOR THE HOMELESS,70 E LAKE ST STE 720,CHICAGO,IL,60601,1000,CHARITY,990-PF,41.885782775355,-87.625858436593,sited
Carylon Foundation,2021,CHICAGO JEWISH DAY SCHOOL,3730 N CALIFORNIA AVE,CHICAGO,IL,60618,35000,EDUCATION,990-PF,41.948874269173,-87.698173014454,sited
Carylon Foundation,2021,CHICAGO PUBLIC LIBRARY FOUNDATION,20 N MICHIGAN AVE STE 520,CHICAGO,IL,60602,10000,EDUCATION,990-PF,41.881253347124,-87.624523634293,intermediary_or_citywide
Carylon Foundation,2021,CONGREGATION ANSHE SHOLOM B'NAI ISRAEL,540 W MELROSE ST,CHICAGO,IL,60657,10000,RELIGIOUS,990-PF,41.941214939965,-87.64302935042,sited
Carylon Foundation,2021,EQUAL HOPE,300 SOUTH ASHLAND AVE SUITE 202,CHICAGO,IL,60607,50000,CHARITY,990-PF,41.877564466335,-87.66685216787,sited
Carylon Foundation,2021,FEEDING AMERICA,35 E WACKER DR STE 2000,CHICAGO,IL,60601,20000,CHARITY,990-PF,41.887530047162,-87.625851774658,sited
Carylon Foundation,2021,GREATER CHICAGO FOOD DEPOSITORY,4100 W ANN LURIE PL,CHICAGO,IL,60632,10000,CHARITY,990-PF,,,intermediary_or_citywide
Carylon Foundation,2021,HEARTLAND ALLIANCE,208 S LASALLE ST STE 1300,CHICAGO,IL,60601,50000,CHARITY,990-PF,41.879132477534,-87.632361460549,sited
Carylon Foundation,2021,JCFS,216 W JACKSON BLVD,CHICAGO,IL,60645,2500,CHARITY,990-PF,41.878167006393,-87.634386456701,sited
Carylon Foundation,2021,JEWISH UNITED FUND,30 S WELLS ST,CHICAGO,IL,60606,50000,CHARITY,990-PF,41.881085502878,-87.633883748516,intermediary_or_citywide
Carylon Foundation,2021,JOHN HOWARD ASSOCIATION,70 E LAKE ST STE 410,CHICAGO,IL,60601,50000,EDUCATION,990-PF,41.885782775355,-87.625858436593,sited
Carylon Foundation,2021,MISERICORDIA,6300 N RIDGE AVE,CHICAGO,IL,60660,30000,CHARITY,990-PF,41.995584734896,-87.675806161321,sited
Carylon Foundation,2021,MISHKAN CHICAGO,4001 N RAVENSWOOD AVE STE 101,CHICAGO,IL,60613,65000,RELIGIOUS,990-PF,41.95427708483,-87.673716916858,sited
Carylon Foundation,2021,NOURISHING HOPE,1716 W HUBBARD ST,CHICAGO,IL,60622,2500,CHARITY,990-PF,41.889891478427,-87.670195550102,sited
Carylon Foundation,2021,PARKINSON'S FOUNDATION,1028 N RUSH ST,CHICAGO,IL,60611,5000,CHARITY,990-PF,41.900994179663,-87.627704810763,intermediary_or_citywide
Carylon Foundation,2021,PAWS CHICAGO,3516 W 26TH ST,CHICAGO,IL,60623,5000,CHARITY,990-PF,41.84446045248,-87.713036140226,sited
Carylon Foundation,2021,PLANNED PARENTHOOD,17 N STATE STREET 5TH FLOOR,CHICAGO,IL,60602,100000,CHARITY,990-PF,41.882740138023,-87.627778646,sited
Carylon Foundation,2021,REACH,3240 W FRANKLIN BLVD,CHICAGO,IL,60624,10000,EDUCATION,990-PF,41.89035144432,-87.707694692453,sited
Carylon Foundation,2021,RUSH UNIVERSITY MEDICAL CENTER,1620 W HARRISON ST,CHICAGO,IL,60612,250000,CHARITY,990-PF,41.874246325946,-87.667749960708,intermediary_or_citywide
Carylon Foundation,2021,SARAH'S CIRCLE,4838 N SHERIDAN RD,CHICAGO,IL,60640,1000,CHARITY,990-PF,41.970220392732,-87.654924666894,sited
Carylon Foundation,2021,SINAI HEALTH SYSTEM,1500 S FAIRFIELD AVE,CHICAGO,IL,60608,25000,EDUCATION,990-PF,41.908467930706,-87.695797395029,intermediary_or_citywide
Carylon Foundation,2021,SPERTUS INSTITUTE,610 S MICHIGAN AVE,CHICAGO,IL,60605,5000,EDUCATION,990-PF,41.873645350583,-87.624365209803,sited
Carylon Foundation,2021,THE ARK,6450 N CALIFORNIA AVE,CHICAGO,IL,60645,5000,CHARITY,990-PF,41.99855358817,-87.699750843871,sited
Carylon Foundation,2021,UIC URBAN HEALTH EARLY OUTREACH PROGRAM,808 S WOOD ST STE 173,CHICAGO,IL,60612,15000,EDUCATION,990-PF,41.871397973474,-87.671559896989,sited
Carylon Foundation,2022,A SAFE HAVEN,2750 ROOSEVELT RD,CHICAGO,IL,60608,2000,CHARITY,990-PF,41.866577776519,-87.695317903688,sited
Carylon Foundation,2022,ACCESS LIVING,115 W CHICAGO AVE,CHICAGO,IL,60654,5000,CHARITY,990-PF,41.896559368626,-87.632227154611,sited
Carylon Foundation,2022,CHICAGO ABORTION FUND,333 W NORTH AVE STE 267,CHICAGO,IL,60610,50000,CHARITY,990-PF,41.910999845488,-87.637697236039,sited
Carylon Foundation,2022,CHICAGO COALITION FOR THE HOMELESS,70 E LAKE ST STE 720,CHICAGO,IL,60601,1000,CHARITY,990-PF,41.885782775355,-87.625858436593,sited
Carylon Foundation,2022,CHICAGO JEWISH DAY SCHOOL,3730 N CALIFORNIA AVE,CHICAGO,IL,60618,35000,EDUCATION,990-PF,41.948874269173,-87.698173014454,sited
Carylon Foundation,2022,CHICAGO PUBLIC LIBRARY FOUNDATION,20 N MICHIGAN AVE STE 520,CHICAGO,IL,60602,10000,EDUCATION,990-PF,41.881253347124,-87.624523634293,intermediary_or_citywide
Carylon Foundation,2022,EQUAL HOPE,300 SOUTH ASHLAND AVE SUITE 202,CHICAGO,IL,60607,50000,CHARITY,990-PF,41.877564466335,-87.66685216787,sited
Carylon Foundation,2022,GREATER CHICAGO FOOD DEPOSITORY,4100 W ANN LURIE PL,CHICAGO,IL,60632,10000,CHARITY,990-PF,,,intermediary_or_citywide
Carylon Foundation,2022,HEARTLAND ALLIANCE,208 S LASALLE ST STE 1300,CHICAGO,IL,60601,50000,CHARITY,990-PF,41.879132477534,-87.632361460549,sited
Carylon Foundation,2022,HYDE PARK DAY SCHOOL,6254 S ELLIS AVE,CHICAGO,IL,60637,15000,CHARITY,990-PF,41.780688303864,-87.601149145097,sited
Carylon Foundation,2022,JCFS,216 W JACKSON BLVD,CHICAGO,IL,60645,2500,CHARITY,990-PF,41.878167006393,-87.634386456701,sited
Carylon Foundation,2022,JEWISH COUNCIL ON URBAN AFFAIRS,4411 N RAVENSWOOD AVE,CHICAGO,IL,60640,15000,CHARITY,990-PF,41.961761310611,-87.673904467517,sited
Carylon Foundation,2022,JEWISH EMERGENT NETWORK,4001 N RAVENSWOOD AVE STE 101,CHICAGO,IL,60613,15000,CHARITY,990-PF,41.95427708483,-87.673716916858,sited
Carylon Foundation,2022,JOHN HOWARD ASSOCIATION,70 E LAKE ST STE 410,CHICAGO,IL,60601,50000,EDUCATION,990-PF,41.885782775355,-87.625858436593,sited
Carylon Foundation,2022,MISERICORDIA,6300 N RIDGE AVE,CHICAGO,IL,60660,30000,CHARITY,990-PF,41.995584734896,-87.675806161321,sited
Carylon Foundation,2022,MISHKAN CHICAGO,4001 N RAVENSWOOD AVE STE 101,CHICAGO,IL,60613,50000,RELIGIOUS,990-PF,41.95427708483,-87.673716916858,sited
Carylon Foundation,2022,NOURISHING HOPE,1716 W HUBBARD ST,CHICAGO,IL,60622,2500,CHARITY,990-PF,41.889891478427,-87.670195550102,sited
Carylon Foundation,2022,PARKINSON'S FOUNDATION,1028 N RUSH ST,CHICAGO,IL,60611,5000,CHARITY,990-PF,41.900994179663,-87.627704810763,intermediary_or_citywide
Carylon Foundation,2022,PAWS CHICAGO,3516 W 26TH ST,CHICAGO,IL,60623,10000,CHARITY,990-PF,41.84446045248,-87.713036140226,sited
Carylon Foundation,2022,PLANNED PARENTHOOD,17 N STATE STREET 5TH FLOOR,CHICAGO,IL,60602,50000,CHARITY,990-PF,41.882740138023,-87.627778646,sited
Carylon Foundation,2022,REACH,3240 W FRANKLIN BLVD,CHICAGO,IL,60624,10000,EDUCATION,990-PF,41.89035144432,-87.707694692453,sited
Carylon Foundation,2022,RUSH UNIVERSITY MEDICAL CENTER,1620 W HARRISON ST,CHICAGO,IL,60612,100000,CHARITY,990-PF,41.874246325946,-87.667749960708,intermediary_or_citywide
Carylon Foundation,2022,SARAH'S CIRCLE,4838 N SHERIDAN RD,CHICAGO,IL,60640,1000,CHARITY,990-PF,41.970220392732,-87.654924666894,sited
Carylon Foundation,2022,SINAI HEALTH SYSTEM,1500 S FAIRFIELD AVE,CHICAGO,IL,60608,25000,EDUCATION,990-PF,41.908467930706,-87.695797395029,intermediary_or_citywide
Carylon Foundation,2022,SPERTUS INSTITUTE,610 S MICHIGAN AVE,CHICAGO,IL,60605,5000,EDUCATION,990-PF,41.873645350583,-87.624365209803,sited
Carylon Foundation,2022,SVARA,4411 N RAVENSWOOD AVE SUITE 300,CHICAGO,IL,60640,5000,CHARITY,990-PF,41.961761310611,-87.673904467517,sited
Carylon Foundation,2022,THE ARK,6450 N CALIFORNIA AVE,CHICAGO,IL,60645,5000,CHARITY,990-PF,41.99855358817,-87.699750843871,sited
Carylon Foundation,2022,UIC URBAN HEALTH EARLY OUTREACH PROGRAM,808 S WOOD ST STE 173,CHICAGO,IL,60612,15000,EDUCATION,990-PF,41.871397973474,-87.671559896989,sited
Carylon Foundation,2023,A SAFE HAVEN FOUNDATION,2750 ROOSEVELT RD,CHICAGO,IL,60608,2000,CHARITY,990-PF,41.866577776519,-87.695317903688,sited
Carylon Foundation,2023,ACCESS LIVING,115 W CHICAGO AVE,CHICAGO,IL,60654,5000,CHARITY,990-PF,41.896559368626,-87.632227154611,sited
Carylon Foundation,2023,AMERICAN JEWISH COMMITTEE,55 E MONROE ST,CHICAGO,IL,60603,50000,RELIGIOUS,990-PF,41.880736975602,-87.625959294918,sited
Carylon Foundation,2023,BUMBLEE AGENCY,3260 N LAKE SHORE DRIVE,CHICAGO,IL,60657,5000,CHARITY,990-PF,41.940513532348,-87.639638125716,sited
Carylon Foundation,2023,CHICAGO ABORTION FUND,333 W NORTH AVE STE 267,CHICAGO,IL,60610,50000,CHARITY,990-PF,41.910999845488,-87.637697236039,sited
Carylon Foundation,2023,CHICAGO COALITION FOR THE HOMELESS,70 E LAKE ST STE 720,CHICAGO,IL,60601,1000,CHARITY,990-PF,41.885782775355,-87.625858436593,sited
Carylon Foundation,2023,CHICAGO PUBLIC LIBRARY FOUNDATION,20 N MICHIGAN AVE STE 520,CHICAGO,IL,60602,10000,EDUCATION,990-PF,41.881253347124,-87.624523634293,intermediary_or_citywide
Carylon Foundation,2023,EQUAL HOPE,300 SOUTH ASHLAND AVE SUITE 202,CHICAGO,IL,60607,50000,CHARITY,990-PF,41.877564466335,-87.66685216787,sited
Carylon Foundation,2023,GREATER CHICAGO FOOD DEPOSITORY,4100 W ANN LURIE PL,CHICAGO,IL,60632,10000,CHARITY,990-PF,,,intermediary_or_citywide
Carylon Foundation,2023,HEARTLAND ALLIANCE HEALTH,1015 W LAWRENCE AVE,CHICAGO,IL,60640,20000,CHARITY,990-PF,41.969024593634,-87.655423879117,sited
Carylon Foundation,2023,HEARTLAND ALLIANCE,208 S LASALLE ST STE 1300,CHICAGO,IL,60601,15000,CHARITY,990-PF,41.879132477534,-87.632361460549,sited
Carylon Foundation,2023,HYDE PARK DAY SCHOOL,6254 S ELLIS AVE,CHICAGO,IL,60637,15000,CHARITY,990-PF,41.780688303864,-87.601149145097,sited
Carylon Foundation,2023,JCFS,216 W JACKSON BLVD,CHICAGO,IL,60645,12500,CHARITY,990-PF,41.878167006393,-87.634386456701,sited
Carylon Foundation,2023,JEWISH COUNCIL ON URBAN AFFAIRS,4411 N RAVENSWOOD AVE,CHICAGO,IL,60640,15000,CHARITY,990-PF,41.961761310611,-87.673904467517,sited
Carylon Foundation,2023,JEWISH EMERGENT NETWORK,4001 N RAVENSWOOD AVE STE 101,CHICAGO,IL,60613,15000,CHARITY,990-PF,41.95427708483,-87.673716916858,sited
Carylon Foundation,2023,JOHN HOWARD ASSOCIATION,70 E LAKE ST STE 410,CHICAGO,IL,60601,50000,EDUCATION,990-PF,41.885782775355,-87.625858436593,sited
Carylon Foundation,2023,MISERICORDIA,6300 N RIDGE AVE,CHICAGO,IL,60660,30000,CHARITY,990-PF,41.995584734896,-87.675806161321,sited
Carylon Foundation,2023,MISHKAN CHICAGO,4001 N RAVENSWOOD AVE STE 101,CHICAGO,IL,60613,100000,RELIGIOUS,990-PF,41.95427708483,-87.673716916858,sited
Carylon Foundation,2023,NATIONAL IMMIGRANT JUSTICE CENTER,111 W JACKSON BLVD STE 800,CHICAGO,IL,60604,15000,CHARITY,990-PF,41.878077850822,-87.632179297711,sited
Carylon Foundation,2023,NOURISHING HOPE,1716 W HUBBARD ST,CHICAGO,IL,60622,2500,CHARITY,990-PF,41.889891478427,-87.670195550102,sited
Carylon Foundation,2023,PARKINSON'S FOUNDATION,1028 N RUSH ST,CHICAGO,IL,60611,5000,CHARITY,990-PF,41.900994179663,-87.627704810763,intermediary_or_citywide
Carylon Foundation,2023,PAWS CHICAGO,3516 W 26TH ST,CHICAGO,IL,60623,10000,CHARITY,990-PF,41.84446045248,-87.713036140226,sited
Carylon Foundation,2023,PLANNED PARENTHOOD,17 N STATE STREET 5TH FLOOR,CHICAGO,IL,60602,50000,CHARITY,990-PF,41.882740138023,-87.627778646,sited
Carylon Foundation,2023,REACH,3240 W FRANKLIN BLVD,CHICAGO,IL,60624,10000,EDUCATION,990-PF,41.89035144432,-87.707694692453,sited
Carylon Foundation,2023,RUSH UNIVERSITY MEDICAL CENTER,1620 W HARRISON ST,CHICAGO,IL,60612,100000,CHARITY,990-PF,41.874246325946,-87.667749960708,intermediary_or_citywide
Carylon Foundation,2023,SARAH'S CIRCLE,4838 N SHERIDAN RD,CHICAGO,IL,60640,1000,CHARITY,990-PF,41.970220392732,-87.654924666894,sited
Carylon Foundation,2023,SINAI HEALTH SYSTEM,1500 S FAIRFIELD AVE,CHICAGO,IL,60608,25000,EDUCATION,990-PF,41.908467930706,-87.695797395029,intermediary_or_citywide
Carylon Foundation,2023,SPERTUS INSTITUTE,610 S MICHIGAN AVE,CHICAGO,IL,60605,5000,EDUCATION,990-PF,41.873645350583,-87.624365209803,sited
Carylon Foundation,2023,SVARA,4411 N RAVENSWOOD AVE SUITE 300,CHICAGO,IL,60640,7500,CHARITY,990-PF,41.961761310611,-87.673904467517,sited
Carylon Foundation,2023,THE ARK,6450 N CALIFORNIA AVE,CHICAGO,IL,60645,5000,CHARITY,990-PF,41.99855358817,-87.699750843871,sited
Carylon Foundation,2023,UIC URBAN HEALTH EARLY OUTREACH PROGRAM,808 S WOOD ST STE 173,CHICAGO,IL,60612,15000,EDUCATION,990-PF,41.871397973474,-87.671559896989,sited
Carylon Foundation,2024,A SAFE HAVEN FOUNDATION,2750 ROOSEVELT RD,CHICAGO,IL,60608,2000,CHARITY,990-PF,41.866577776519,-87.695317903688,sited
Carylon Foundation,2024,ACCESS LIVING,115 W CHICAGO AVE,CHICAGO,IL,60654,7500,CHARITY,990-PF,41.896559368626,-87.632227154611,sited
Carylon Foundation,2024,ANCONA SCHOOL,4770 S DORCHESTER AVE,CHICAGO,IL,60615,5000,EDUCATION,990-PF,41.808153011004,-87.59203344617,sited
Carylon Foundation,2024,BUMBLEE AGENCY,3260 N LAKE SHORE DRIVE,CHICAGO,IL,60657,20000,CHARITY,990-PF,41.940513532348,-87.639638125716,sited
Carylon Foundation,2024,CENTER ON HALSTED,3656 N HALSTED ST,CHICAGO,IL,60613,5000,CHARITY,990-PF,41.947887176906,-87.649583423594,sited
Carylon Foundation,2024,CHICAGO ABORTION FUND,333 W NORTH AVE STE 267,CHICAGO,IL,60610,60000,CHARITY,990-PF,41.910999845488,-87.637697236039,sited
Carylon Foundation,2024,CHICAGO COALITION FOR THE HOMELESS,70 E LAKE ST STE 720,CHICAGO,IL,60601,1000,CHARITY,990-PF,41.885782775355,-87.625858436593,sited
Carylon Foundation,2024,CHICAGO PUBLIC LIBRARY FOUNDATION,20 N MICHIGAN AVE STE 520,CHICAGO,IL,60602,10000,EDUCATION,990-PF,41.881253347124,-87.624523634293,intermediary_or_citywide
Carylon Foundation,2024,EQUAL HOPE,300 SOUTH ASHLAND AVE SUITE 202,CHICAGO,IL,60607,50000,CHARITY,990-PF,41.877564466335,-87.66685216787,sited
Carylon Foundation,2024,EQUALITY ILLINOIS,PO BOX 1313,CHICAGO,IL,60690,5000,CHARITY,990-PF,,,intermediary_or_citywide
Carylon Foundation,2024,GREATER CHICAGO FOOD DEPOSITORY,4100 W ANN LURIE PL,CHICAGO,IL,60632,10000,CHARITY,990-PF,,,intermediary_or_citywide
Carylon Foundation,2024,HEARTLAND ALLIANCE,208 S LASALLE ST STE 1300,CHICAGO,IL,60601,15000,CHARITY,990-PF,41.879132477534,-87.632361460549,sited
Carylon Foundation,2024,HEARTLAND HUMAN CARE SERVICES,4822 N BROADWAY 2ND FLOOR,CHICAGO,IL,60640,12500,CHARITY,990-PF,41.969687392288,-87.659766905272,sited
Carylon Foundation,2024,HYDE PARK DAY SCHOOL,6254 S ELLIS AVE,CHICAGO,IL,60637,5000,CHARITY,990-PF,41.780688303864,-87.601149145097,sited
Carylon Foundation,2024,JCFS,216 W JACKSON BLVD,CHICAGO,IL,60645,5000,CHARITY,990-PF,41.878167006393,-87.634386456701,sited
Carylon Foundation,2024,JEWISH COUNCIL ON URBAN AFFAIRS,4411 N RAVENSWOOD AVE,CHICAGO,IL,60640,20000,CHARITY,990-PF,41.961761310611,-87.673904467517,sited
Carylon Foundation,2024,JOHN HOWARD ASSOCIATION,70 E LAKE ST STE 410,CHICAGO,IL,60601,55000,EDUCATION,990-PF,41.885782775355,-87.625858436593,sited
Carylon Foundation,2024,KEDZIE CENTER,4141 N KEDZIE AVE STE 2,CHICAGO,IL,60618,5000,CHARITY,990-PF,41.956825016645,-87.708026506438,sited
Carylon Foundation,2024,MISERICORDIA,6300 N RIDGE AVE,CHICAGO,IL,60660,30000,CHARITY,990-PF,41.995584734896,-87.675806161321,sited
Carylon Foundation,2024,MISHKAN CHICAGO,4001 N RAVENSWOOD AVE STE 101,CHICAGO,IL,60613,105000,RELIGIOUS,990-PF,41.95427708483,-87.673716916858,sited
Carylon Foundation,2024,NATIONAL IMMIGRANT JUSTICE CENTER,111 W JACKSON BLVD STE 800,CHICAGO,IL,60604,20000,CHARITY,990-PF,41.878077850822,-87.632179297711,sited
Carylon Foundation,2024,NETTLEHORST SCHOOL,3252 NORTH BROADWAY,CHICAGO,IL,60657,5000,EDUCATION,990-PF,41.941190890343,-87.644512285709,sited
Carylon Foundation,2024,NOURISHING HOPE,1716 W HUBBARD ST,CHICAGO,IL,60622,3000,CHARITY,990-PF,41.889891478427,-87.670195550102,sited
Carylon Foundation,2024,PARKINSON'S FOUNDATION,1028 N RUSH ST,CHICAGO,IL,60611,5000,CHARITY,990-PF,41.900994179663,-87.627704810763,intermediary_or_citywide
Carylon Foundation,2024,PAWS CHICAGO,3516 W 26TH ST,CHICAGO,IL,60623,10000,CHARITY,990-PF,41.84446045248,-87.713036140226,sited
Carylon Foundation,2024,PLANNED PARENTHOOD,17 N STATE STREET 5TH FLOOR,CHICAGO,IL,60602,50000,CHARITY,990-PF,41.882740138023,-87.627778646,sited
Carylon Foundation,2024,REACH,3240 W FRANKLIN BLVD,CHICAGO,IL,60624,10000,EDUCATION,990-PF,41.89035144432,-87.707694692453,sited
Carylon Foundation,2024,RUSH UNIVERSITY MEDICAL CENTER,1620 W HARRISON ST,CHICAGO,IL,60612,100000,CHARITY,990-PF,41.874246325946,-87.667749960708,intermediary_or_citywide
Carylon Foundation,2024,SARAH'S CIRCLE,4838 N SHERIDAN RD,CHICAGO,IL,60640,1000,CHARITY,990-PF,41.970220392732,-87.654924666894,sited
Carylon Foundation,2024,SINAI HEALTH SYSTEM,1500 S FAIRFIELD AVE,CHICAGO,IL,60608,25000,EDUCATION,990-PF,41.908467930706,-87.695797395029,intermediary_or_citywide
Carylon Foundation,2024,SPERTUS INSTITUTE,610 S MICHIGAN AVE,CHICAGO,IL,60605,5000,EDUCATION,990-PF,41.873645350583,-87.624365209803,sited
Carylon Foundation,2024,SVARA,4411 N RAVENSWOOD AVE SUITE 300,CHICAGO,IL,60640,10000,CHARITY,990-PF,41.961761310611,-87.673904467517,sited
Carylon Foundation,2024,THE ARK,6450 N CALIFORNIA AVE,CHICAGO,IL,60645,5000,CHARITY,990-PF,41.99855358817,-87.699750843871,sited
Carylon Foundation,2024,UIC URBAN HEALTH EARLY OUTREACH PROGRAM,808 S WOOD ST STE 173,CHICAGO,IL,60612,15000,EDUCATION,990-PF,41.871397973474,-87.671559896989,sited
Deering Foundation,2021,ART INSTITUTE OF CHICAGO - SUSTAINING FELLOWS,111 S MICHIGAN AVE,CHICAGO,IL,60603,25000,ARTS AND HUMANITIES,990-PF,41.880649213362,-87.624171570115,sited
Deering Foundation,2021,GIBBET HILL FOUNDATION,410 NORTH MICHIGAN ROOM 590,CHICAGO,IL,60611,200000,OTHER,990-PF,41.889728958938,-87.624408397376,intermediary_or_citywide
Deering Foundation,2021,JAMES D DANIELSON FOUNDATION,410 NORTH MICHIGAN ROOM 590,CHICAGO,IL,60611,200000,OTHER,990-PF,41.889728958938,-87.624408397376,intermediary_or_citywide
Deering Foundation,2021,THE DANIELSON FOUNDATION,410 NORTH MICHIGAN ROOM 590,CHICAGO,IL,60611,200000,OTHER,990-PF,41.889728958938,-87.624408397376,intermediary_or_citywide
Deering Foundation,2022,ART INSTITUTE OF CHICAGO - LUMINARY,111 S MICHIGAN AVE,CHICAGO,IL,60603,25000,ARTS AND HUMANITIES,990-PF,41.880649213362,-87.624171570115,sited
Deering Foundation,2022,GIBBET HILL FOUNDATION,410 NORTH MICHIGAN ROOM 590,CHICAGO,IL,60611,200000,OTHER,990-PF,41.889728958938,-87.624408397376,intermediary_or_citywide
Deering Foundation,2022,JAMES D DANIELSON FOUNDATION,410 NORTH MICHIGAN ROOM 590,CHICAGO,IL,60611,200000,OTHER,990-PF,41.889728958938,-87.624408397376,intermediary_or_citywide
Deering Foundation,2022,THE DANIELSON FOUNDATION,410 NORTH MICHIGAN ROOM 590,CHICAGO,IL,60611,200000,OTHER,990-PF,41.889728958938,-87.624408397376,intermediary_or_citywide
Deering Foundation,2023,ART INSTITUTE OF CHICAGO - LUMINARY,111 S MICHIGAN AVE,CHICAGO,IL,60603,25000,ARTS AND HUMANITIES,990-PF,41.880649213362,-87.624171570115,sited
Deering Foundation,2023,GREATER CHICAGO FOOD DEPOSITORY,4100 W ANNE LURIE PLACE,CHICAGO,IL,60632,5000,SOCIAL SERVICES,990-PF,,,intermediary_or_citywide
Deering Foundation,2023,GIBBET HILL FOUNDATION,410 NORTH MICHIGAN ROOM 590,CHICAGO,IL,60611,200000,OTHER,990-PF,41.889728958938,-87.624408397376,intermediary_or_citywide
Deering Foundation,2023,JAMES D DANIELSON FOUNDATION,410 NORTH MICHIGAN ROOM 590,CHICAGO,IL,60611,200000,OTHER,990-PF,41.889728958938,-87.624408397376,intermediary_or_citywide
Deering Foundation,2023,THE DANIELSON FOUNDATION,410 NORTH MICHIGAN ROOM 590,CHICAGO,IL,60611,200000,OTHER,990-PF,41.889728958938,-87.624408397376,intermediary_or_citywide
Deering Foundation,2024,ART INSTITUTE OF CHICAGO - LUMINARY,111 S MICHIGAN AVE,CHICAGO,IL,60603,25000,ARTS AND HUMANITIES,990-PF,41.880649213362,-87.624171570115,sited
Deering Foundation,2024,GREATER CHICAGO FOOD DEPOSITORY,4100 W ANNE LURIE PLACE,CHICAGO,IL,60632,5000,SOCIAL SERVICES,990-PF,,,intermediary_or_citywide
Deering Foundation,2024,GIBBET HILL FOUNDATION,410 NORTH MICHIGAN ROOM 590,CHICAGO,IL,60611,200000,OTHER,990-PF,41.889728958938,-87.624408397376,intermediary_or_citywide
Deering Foundation,2024,JAMES D DANIELSON FOUNDATION,410 NORTH MICHIGAN ROOM 590,CHICAGO,IL,60611,200000,OTHER,990-PF,41.889728958938,-87.624408397376,intermediary_or_citywide
Deering Foundation,2024,THE DANIELSON FOUNDATION,410 NORTH MICHIGAN ROOM 590,CHICAGO,IL,60611,200000,OTHER,990-PF,41.889728958938,-87.624408397376,intermediary_or_citywide
Knowles Foundation,2021,ADLER PLANETARIUM,1300 S LAKE SHORE DRIVE,CHICAGO,IL,60605,70000,School Experiences Program,990-PF,41.866443548114,-87.613933402484,intermediary_or_citywide
Knowles Foundation,2021,ALLIANCE FOR THE GREAT LAKES,150 N MICHIGAN AVE SUITE 700,CHICAGO,IL,60601,30000,General Fund,990-PF,41.884931224143,-87.624552861651,sited
Knowles Foundation,2021,CHICAGO ARCHITECTURE CENTER,111 E WACKER DR SUITE 1321,CHICAGO,IL,60601,75000,General Fund,990-PF,41.888139848633,-87.623818054576,sited
Knowles Foundation,2021,FOUNDATION FOR HEARING AND SPEECH RESOURCES,PO BOX 180018,CHICAGO,IL,60618,22500,Music To My Ears Program,990-PF,,,intermediary_or_citywide
Knowles Foundation,2021,FOUNDATION FOR HEARING AND SPEECH RESOURCES,PO BOX 180018,CHICAGO,IL,60618,15000,MUSIC THERAPY PROGRAM,990-PF,,,intermediary_or_citywide
Knowles Foundation,2021,FOUNDATION FOR HEARING AND SPEECH RESOURCES,PO BOX 180018,CHICAGO,IL,60618,27500,GENERAL FUND,990-PF,,,intermediary_or_citywide
Knowles Foundation,2021,FRIENDS OF THE CHICAGO RIVER,411 S WELLS ST SUITE 800,CHICAGO,IL,60607,75000,Music To My Ears Program,990-PF,41.876686085723,-87.633613034309,sited
Knowles Foundation,2021,LINCOLN PARK ZOO,2001 N CLARK ST,CHICAGO,IL,60614,30000,General Fund,990-PF,41.91854925312,-87.636079895114,sited
Knowles Foundation,2021,LYRIC OPERA OF CHICAGO,20 N WACKER DR SUITE 860,CHICAGO,IL,60606,100000,Student and Family Performances Fund,990-PF,41.882191369239,-87.637100009791,sited
Knowles Foundation,2021,MERIT SCHOOL OF MUSIC,38 SOUTH PEORIA STREET,CHICAGO,IL,60607,22500,Music To My Ears Program,990-PF,41.881214815794,-87.649760056368,sited
Knowles Foundation,2021,MERIT SCHOOL OF MUSIC,38 SOUTH PEORIA STREET,CHICAGO,IL,60607,7500,MUSIC THERAPY PROGRAM,990-PF,41.881214815794,-87.649760056368,sited
Knowles Foundation,2021,MERIT SCHOOL OF MUSIC,38 SOUTH PEORIA STREET,CHICAGO,IL,60607,60000,GENERAL FUND,990-PF,41.881214815794,-87.649760056368,sited
Knowles Foundation,2021,MUSEUM OF SCIENCE AND INDUSTRY,5700 SOUTH LAKE SHORE DRIVE,CHICAGO,IL,60637,50000,General Fund,990-PF,41.791686537325,-87.580281855501,intermediary_or_citywide
Knowles Foundation,2021,SHEDD AQUARIUM SOCIETY,1200 S LAKE SHORE DRIVE,CHICAGO,IL,60605,50000,General Fund,990-PF,41.866476458506,-87.613814359169,sited
Knowles Foundation,2021,SHIRLEY RYAN ABILITYLAB,355 E ERIE ST,CHICAGO,IL,60611,75000,General Fund,990-PF,41.894168660526,-87.619125924909,sited
Knowles Foundation,2021,SPECIAL CHILDREN'S CHARITES,2 E 8TH STREET MEZZANINE LEVEL,CHICAGO,IL,60605,25000,General Fund,990-PF,41.871865443017,-87.627377807361,sited
Knowles Foundation,2021,THE FIELD MUSEUM,1400 S LAKE SHORE DR,CHICAGO,IL,60605,50000,General Fund,990-PF,41.865006735724,-87.614118889895,intermediary_or_citywide
Knowles Foundation,2022,ADLER PLANETARIUM,1300 S LAKE SHORE DRIVE,CHICAGO,IL,60605,70000,SCHOOL EXPERIENCES PROGRAM,990-PF,41.866443548114,-87.613933402484,intermediary_or_citywide
Knowles Foundation,2022,ALLIANCE FOR THE GREAT LAKES,150 N MICHIGAN AVE SUITE 700,CHICAGO,IL,60601,30000,GENERAL FUND,990-PF,41.884931224143,-87.624552861651,sited
Knowles Foundation,2022,CHICAGO ARCHITECTURE CENTER,111 E WACKER DR SUITE 1321,CHICAGO,IL,60601,75000,GENERAL FUND,990-PF,41.888139848633,-87.623818054576,sited
Knowles Foundation,2022,FOUNDATION FOR HEARING AND SPEECH RESOURCES,PO BOX 180018,CHICAGO,IL,60618,15000,MUSIC THERAPY PROGRAM,990-PF,,,intermediary_or_citywide
Knowles Foundation,2022,FOUNDATION FOR HEARING AND SPEECH RESOURCES,PO BOX 180019,CHICAGO,IL,60618,33000,MUSIC TO MY EARS PROGRAM,990-PF,,,intermediary_or_citywide
Knowles Foundation,2022,FOUNDATION FOR HEARING AND SPEECH RESOURCES,PO BOX 180020,CHICAGO,IL,60618,28000,GENERAL FUND,990-PF,,,intermediary_or_citywide
Knowles Foundation,2022,FRIENDS OF THE CHICAGO RIVER,411 S WELLS ST SUITE 800,CHICAGO,IL,60607,75000,GENERAL FUND,990-PF,41.876686085723,-87.633613034309,sited
Knowles Foundation,2022,LINCOLN PARK ZOO,2001 N CLARK ST,CHICAGO,IL,60614,30000,GENERAL FUND,990-PF,41.91854925312,-87.636079895114,sited
Knowles Foundation,2022,LYRIC OPERA OF CHICAGO,20 N WACKER DR SUITE 860,CHICAGO,IL,60606,100000,STUDENT AND FAMILY PERFORMANCES FUND,990-PF,41.882191369239,-87.637100009791,sited
Knowles Foundation,2022,MERIT SCHOOL OF MUSIC,37 SOUTH PEORIA STREET,CHICAGO,IL,60607,33000,MUSIC TO MY EARS PROGRAM,990-PF,41.881225291969,-87.649606344464,sited
Knowles Foundation,2022,MERIT SCHOOL OF MUSIC,38 SOUTH PEORIA STREET,CHICAGO,IL,60607,68000,GENERAL FUND,990-PF,41.881214815794,-87.649760056368,sited
Knowles Foundation,2022,MUSEUM OF SCIENCE AND INDUSTRY,5700 SOUTH LAKE SHORE DRIVE,CHICAGO,IL,60637,50000,GENERAL FUND,990-PF,41.791686537325,-87.580281855501,intermediary_or_citywide
Knowles Foundation,2022,SHEDD AQUARIUM SOCIETY,1200 S LAKE SHORE DRIVE,CHICAGO,IL,60605,50000,GENERAL FUND,990-PF,41.866476458506,-87.613814359169,sited
Knowles Foundation,2022,SHIRLEY RYAN ABILITY LAB,355 E ERIE ST,CHICAGO,IL,60611,50000,GENERAL FUND,990-PF,41.894168660526,-87.619125924909,sited
Knowles Foundation,2022,THE FIELD MUSEUM,1400 S LAKE SHORE DR,CHICAGO,IL,60605,50000,GENERAL FUND,990-PF,41.865006735724,-87.614118889895,intermediary_or_citywide
Knowles Foundation,2023,ADLER PLANETARIUM,1300 S LAKE SHORE DRIVE,CHICAGO,IL,60605,70000,SCHOOL EXPERIENCES PROGRAM,990-PF,41.866443548114,-87.613933402484,intermediary_or_citywide
Knowles Foundation,2023,ALLIANCE FOR THE GREAT LAKES,150 N MICHIGAN AVE SUITE 700,CHICAGO,IL,60601,30000,GENERAL FUND,990-PF,41.884931224143,-87.624552861651,sited
Knowles Foundation,2023,CHICAGO ARCHITECTURE CENTER,111 E WACKER DR SUITE 1321,CHICAGO,IL,60601,75000,GENERAL FUND,990-PF,41.888139848633,-87.623818054576,sited
Knowles Foundation,2023,FOUNDATION FOR HEARING AND SPEECH RESEARCH,PO BOX 180018,CHICAGO,IL,60618,32000,MUSIC TO MY EARS PROGRAM,990-PF,,,intermediary_or_citywide
Knowles Foundation,2023,FOUNDATION FOR HEARING AND SPEECH RESEARCH,PO BOX 180018,CHICAGO,IL,60618,15000,MUSIC THERAPY PROGRAM,990-PF,,,intermediary_or_citywide
Knowles Foundation,2023,FOUNDATION FOR HEARING AND SPEECH RESEARCH,PO BOX 180018,CHICAGO,IL,60618,28000,GENERAL FUND,990-PF,,,intermediary_or_citywide
Knowles Foundation,2023,FRIENDS OF THE CHICAGO RIVER,411 S WELLS ST SUITE 800,CHICAGO,IL,60607,75000,GENERAL FUND,990-PF,41.876686085723,-87.633613034309,sited
Knowles Foundation,2023,LINCOLN PARK ZOO,2001 N CLARK ST,CHICAGO,IL,60614,30000,GENERAL FUND,990-PF,41.91854925312,-87.636079895114,sited
Knowles Foundation,2023,LYRIC OPERA OF CHICAGO,20 N WACKER DR SUITE 860,CHICAGO,IL,60606,100000,STUDENT AND FAMILY PERFORMANCES FUND,990-PF,41.882191369239,-87.637100009791,sited
Knowles Foundation,2023,MERIT SCHOOL OF MUSIC,38 SOUTH PEORIA STREET,CHICAGO,IL,60607,32000,MUSIC TO MY EARS PROGRAM,990-PF,41.881214815794,-87.649760056368,sited
Knowles Foundation,2023,MERIT SCHOOL OF MUSIC,38 SOUTH PEORIA STREET,CHICAGO,IL,60607,68000,GENERAL FUND,990-PF,41.881214815794,-87.649760056368,sited
Knowles Foundation,2023,MERIT SCHOOL OF MUSIC,38 SOUTH PEORIA STREET,CHICAGO,IL,60607,187500,CAPITAL CAMPAIGN,990-PF,41.881214815794,-87.649760056368,sited
Knowles Foundation,2023,MUSEUM OF SCIENCE AND INDUSTRY,5700 SOUTH LAKE SHORE DRIVE,CHICAGO,IL,60637,50000,GENERAL FUND,990-PF,41.791686537325,-87.580281855501,intermediary_or_citywide
Knowles Foundation,2023,SHEDD AQUARIUM SOCIETY,1200 S LAKE SHORE DRIVE,CHICAGO,IL,60605,50000,GENERAL FUND,990-PF,41.866476458506,-87.613814359169,sited
Knowles Foundation,2023,SHIRLEY RYAN ABILITY LAB,355 E ERIE ST,CHICAGO,IL,60611,50000,GENERAL FUND,990-PF,41.894168660526,-87.619125924909,sited
Knowles Foundation,2023,THE FIELD MUSEUM,1400 S LAKE SHORE DR,CHICAGO,IL,60605,50000,GENERAL FUND,990-PF,41.865006735724,-87.614118889895,intermediary_or_citywide
Mazza Foundation,2021,ALEXIAN BROTHERS HOUSING & HEALTH ALLIANCE,825 W WELLINGTON,CHICAGO,IL,60657,10000,BONAVENTURE HOUSE SPIRITUAL CARE MGR,990-PF,41.936289841853,-87.650146670173,sited
Mazza Foundation,2021,AMATE HOUSE,3600 SOUTH SEELEY AVENUE,CHICAGO,IL,60609,5000,LEADERSHIP TRAINING,990-PF,41.828495749505,-87.676530611243,sited
Mazza Foundation,2021,BIG SHOULDERS FUND,212 WEST VAN BUREN SUITE 900,CHICAGO,IL,60607,300000,GENERAL OPERATING SUPPORT,990-PF,41.876900811278,-87.633848353417,intermediary_or_citywide
Mazza Foundation,2021,CATHOLIC EXTENSION SOCIETY,150 S WACKER DRIVE 2000,CHICAGO,IL,60606,15000,"SEVEN DOLORS CHURCH, SPIRIT LAKE RESERVATION",990-PF,41.879971807862,-87.637046647092,sited
Mazza Foundation,2021,CHICAGO ACADEMY OF SCIENCESNOTEBAERT NATURE MUSEUM,2430 N CANNON DR,CHICAGO,IL,60614,10000,SCIENCE ON THE GO PROG,990-PF,41.927107827526,-87.634471738483,intermediary_or_citywide
Mazza Foundation,2021,CHICAGO CHILDREN'S CHOIR,78 E WASHINGTON ST,CHICAGO,IL,60602,5000,GENERAL OPERATING SUPPORT,990-PF,41.883277440933,-87.625067547676,intermediary_or_citywide
Mazza Foundation,2021,CHICAGO HELP INITIATIVE,440 N WELLS STE 440,CHICAGO,IL,60654,5000,GENERAL OPERATING SUPPORT,990-PF,41.890170853726,-87.634111271441,sited
Mazza Foundation,2021,CHICAGO LIGHTHOUSE,1850 WEST ROOSEVELT ROAD,CHICAGO,IL,606081298,15000,MEDIA PROGRAM,990-PF,41.866924195032,-87.672525512924,sited
Mazza Foundation,2021,CHICAGO SHAKESPEARE THEATER,800 E GRAND AVE ON NAVY PIER,CHICAGO,IL,606113461,25000,ARTS-IN-EDUCATION PROGRAM,990-PF,41.892187438564,-87.609927254642,sited
Mazza Foundation,2021,CHRIST THE KING JESUIT COLLEGE PREP,5088 W JACKSON BLVD,CHICAGO,IL,60644,20000,SCHOLARSHIPS,990-PF,41.876739695784,-87.752936587079,intermediary_or_citywide
Mazza Foundation,2021,DEPAUL UNIVERSITY,1 EAST JACKSON BOULEVARD,CHICAGO,IL,606042201,200000,SCHOLARSHIPS,990-PF,41.878153806501,-87.627572334786,intermediary_or_citywide
Mazza Foundation,2021,GILDA'S CLUB CHICAGO,537 N WELLS STREET,CHICAGO,IL,60654,10000,GENERAL OPERATING SUPPORT,990-PF,41.891709241727,-87.633996264031,sited
Mazza Foundation,2021,GRANT PARK MUSIC FESTIVAL,205 E RANDOLPH STREET,CHICAGO,IL,60601,30000,GENERAL OPERATING SUPPORT,990-PF,41.884225378761,-87.622769087728,sited
Mazza Foundation,2021,GREATER CHICAGO FOOD DEPOSITORY,4100 W ANN LURIE PL,CHICAGO,IL,60632,10000,GENERAL OPERATING SUPPORT,990-PF,,,intermediary_or_citywide
Mazza Foundation,2021,HIGHSIGHT,315 W WALTON ST,CHICAGO,IL,60610,5000,GENERAL OPERATING SUPPORT,990-PF,41.899677847357,-87.636419087378,sited
Mazza Foundation,2021,HORIZONS FOR YOUTH,703 W MONROE STREET,CHICAGO,IL,60661,10000,GENERAL OPERATING SUPPORT,990-PF,41.880471851079,-87.644177367864,sited
Mazza Foundation,2021,HOUSING OPPORTUNITIES AND MAINTENANCE FOR THE ELDERLY (HOME),1419 W CAROLL AVE FLOOR 2,CHICAGO,IL,60607,5000,GENERAL OPERATING SUPPORT,990-PF,41.88738259328,-87.663331975047,sited
Mazza Foundation,2021,INSPIRATION CORPORATION,4554 N BROADWAY STE 207,CHICAGO,IL,60640,10000,GENERAL OPERATING SUPPORT,990-PF,41.964552431543,-87.657020755639,sited
Mazza Foundation,2021,JOFFREY BALLET,JEFFREY TOWER 10 E RANDOLPH ST,CHICAGO,IL,60601,5000,COMMUNITY ENGAGEMENT,990-PF,41.884546846461,-87.62753189865,sited
Mazza Foundation,2021,LINCOLN PARK ZOO,2001 N CLARK ST,CHICAGO,IL,60614,25000,COMMUNITY ENGAGEMENT PROGRAMS,990-PF,41.91854925312,-87.636079895114,sited
Mazza Foundation,2021,LITTLE BROTHERS - FRIENDS OF THE ELDERLY,355 N ASHLAND AVE,CHICAGO,IL,60607,20000,GENERAL OPERATING SUPPORT,990-PF,41.88795842367,-87.666978647848,sited
Mazza Foundation,2021,LITTLE SISTERS OF THE POOR,ST MARYS HOME 2325 N LAKEWOOD AVE,CHICAGO,IL,606143112,75000,GENERAL OPERATING SUPPORT,990-PF,41.923813493896,-87.66076331422,sited
Mazza Foundation,2021,LOYOLA UNIVERSITY CHICAGO - ARRUPE COLLEGE,820 N MICHIGAN AVENUE,CHICAGO,IL,60611,125000,GENERAL OPERATING SUPPORT,990-PF,41.897778543221,-87.624179231671,intermediary_or_citywide
Mazza Foundation,2021,LUMEN CHRISTI INSTITUTE,1220 E 58TH STREET,CHICAGO,IL,60637,45000,"UNIV 25,SEM 15, HS 5",990-PF,41.789695455349,-87.59539298301,sited
Mazza Foundation,2021,LURIE CHILDREN'S HOSPITAL OF CHICAGO,225 E CHICAGO AVENUE BOX 4,CHICAGO,IL,606112991,300000,NEUROMUSCULAR PROG,990-PF,41.896693751301,-87.622923905467,intermediary_or_citywide
Mazza Foundation,2021,LYRIC OPERA OF CHICAGO,20 N WACKER DR,CHICAGO,IL,60606,150000,TOSCA,990-PF,41.882191369239,-87.637100009791,sited
Mazza Foundation,2021,MERCY HOME FOR BOYS AND GIRLS,1140 W JACKSON BLVD,CHICAGO,IL,60607,10000,EDUCATION & CAREER RESOURCES PROGRAM,990-PF,41.877863321677,-87.656088961182,sited
Mazza Foundation,2021,MISERICORDIA FOUNDATION,6300 N RIDGE,CHICAGO,IL,60660,300000,NEW RESIDENCE,990-PF,41.995584734896,-87.675806161321,sited
Mazza Foundation,2021,MOTHER MCAULEY HIGH SCHOOL,3737 W 99TH ST,CHICAGO,IL,60655,10000,SCHOLARSHIP SUPPORT,990-PF,41.71323116355,-87.713045297307,sited
Mazza Foundation,2021,MUSEUM OF SCIENCE AND INDUSTRY,57TH STREET LAKE SHORE DRIVE,CHICAGO,IL,60637,25000,INSTITUTE FOR QUALITY SCIENCE TEACHING,990-PF,,,intermediary_or_citywide
Mazza Foundation,2021,NATIONAL MUSEUM OF MEXICAN ART,1852 W 19TH STREET,CHICAGO,IL,60608,5000,ARTS EDUCATION OUTREACH PROGRAM,990-PF,41.855943608882,-87.672341738983,sited
Mazza Foundation,2021,NIGHT MINISTRY,4711 N RAVENSWOOD AVE,CHICAGO,IL,606404407,5000,GENERAL OPERATING SUPPORT,990-PF,41.967225203616,-87.674052841194,sited
Mazza Foundation,2021,NORTHWESTERN UNIVERSITY SETTLEMENT HOUSE,1400 AUGUSTA BLVD,CHICAGO,IL,60642,10000,FOOD PANTRY/SUPPORT SERVICES,990-PF,41.89983591904,-87.663182706881,intermediary_or_citywide
Mazza Foundation,2021,ST LEONARD'S MINISTRIES,2100 WEST WARREN,CHICAGO,IL,60612,10000,GRACE HOUSE,990-PF,41.882251444119,-87.6791781919,sited
Mazza Foundation,2022,ALEXIAN BROTHERS BONAVENTURE HOUSE,825 W WELLINGTON,CHICAGO,IL,60657,10000,GENERAL OPERATING SUPPORT,990-PF,41.936289841853,-87.650146670173,sited
Mazza Foundation,2022,AMATE HOUSE,3600 SOUTH SEELEY AVENUE,CHICAGO,IL,60609,5000,GENERAL OPERATING SUPPORT,990-PF,41.828495749505,-87.676530611243,sited
Mazza Foundation,2022,BIG SHOULDERS FUND,212 WEST VAN BUREN SUITE 900,CHICAGO,IL,60607,300000,SCHOLARSHIPS,990-PF,41.876900811278,-87.633848353417,intermediary_or_citywide
Mazza Foundation,2022,CHICAGO LIGHTHOUSE,1850 WEST ROOSEVELT ROAD,CHICAGO,IL,606081298,15000,MEDIA PROGRAM,990-PF,41.866924195032,-87.672525512924,sited
Mazza Foundation,2022,CHICAGO SHAKESPEARE THEATER,800 E GRAND AVE ON NAVY PIER,CHICAGO,IL,606113461,25000,TEAM SHAKESPEARE 2023-24 SCHOOL YEAR,990-PF,41.892187438564,-87.609927254642,sited
Mazza Foundation,2022,CHRIST THE KING JESUIT COLLEGE PREP,5088 W JACKSON BLVD,CHICAGO,IL,60644,20000,SCHOLARSHIPS,990-PF,41.876739695784,-87.752936587079,intermediary_or_citywide
Mazza Foundation,2022,DEPAUL UNIVERSITY,1 EAST JACKSON BOULEVARD,CHICAGO,IL,606042201,200000,SCHOLARSHIPS,990-PF,41.878153806501,-87.627572334786,intermediary_or_citywide
Mazza Foundation,2022,GRANT PARK MUSIC FESTIVAL,205 E RANDOLPH STREET,CHICAGO,IL,60601,30000,GENERAL OPERATING SUPPORT,990-PF,41.884225378761,-87.622769087728,sited
Mazza Foundation,2022,HIGHSIGHT,315 W WALTON ST,CHICAGO,IL,60610,5000,GENERAL OPERATING SUPPORT,990-PF,41.899677847357,-87.636419087378,sited
Mazza Foundation,2022,HOUSING OPPORTUNITIES AND MAINTENANCE FOR THE ELDERLY,1419 W CAROLL AVE FLOOR 2,CHICAGO,IL,60607,5000,GENERAL OPERATING SUPPORT,990-PF,41.88738259328,-87.663331975047,sited
Mazza Foundation,2022,IGNATIAN SPIRITUALITY PROJECT,1641 S ALLPORT ST,CHICAGO,IL,60608,5000,GENERAL OPERATING SUPPORT,990-PF,41.859347947243,-87.657616633873,sited
Mazza Foundation,2022,INSPIRATION CORPORATION,4554 N BROADWAY STE 207,CHICAGO,IL,60640,10000,GENERAL OPERATING SUPPORT,990-PF,41.964552431543,-87.657020755639,sited
Mazza Foundation,2022,JOFFREY BALLET,JEFFREY TOWER 10 E RANDOLPH ST,CHICAGO,IL,60601,5000,COMMUNITY PROGRAMS,990-PF,41.884546846461,-87.62753189865,sited
Mazza Foundation,2022,LINCOLN PARK ZOO,2001 N CLARK ST,CHICAGO,IL,60614,30000,COMMUNITY PROGRAMS,990-PF,41.91854925312,-87.636079895114,sited
Mazza Foundation,2022,LITTLE BROTHERS FRIENDS OF THE ELDERLY,355 N ASHLAND AVE,CHICAGO,IL,60607,20000,GENERAL OPERATING SUPPORT,990-PF,41.88795842367,-87.666978647848,sited
Mazza Foundation,2022,LITTLE SISTERS OF THE POOR,ST MARYS HOME 2325 N LAKEWOOD AVE,CHICAGO,IL,606143112,75000,GENERAL OPERATING SUPPORT,990-PF,41.923813493896,-87.66076331422,sited
Mazza Foundation,2022,LOYOLA UNIVERSITY CHICAGO - ARRUPE COLLEGE,820 N MICHIGAN AVENUE,CHICAGO,IL,60611,125000,SCHOLARSHIPS,990-PF,41.897778543221,-87.624179231671,intermediary_or_citywide
Mazza Foundation,2022,LUMEN CHRISTI INSTITUTE,1220 E 58TH STREET,CHICAGO,IL,60637,45000,"UNIV 25K, SEM 15K, HS 5K",990-PF,41.789695455349,-87.59539298301,sited
Mazza Foundation,2022,LURIE CHILDREN'S HOSPITAL OF CHICAGO,225 E CHICAGO AVENUE BOX 4,CHICAGO,IL,606112991,300000,NEUROMUSCULAR PROG,990-PF,41.896693751301,-87.622923905467,intermediary_or_citywide
Mazza Foundation,2022,LYRIC OPERA OF CHICAGO,20 N WACKER DR,CHICAGO,IL,60606,75000,OPERA IN THE NEIGHBORHOODS,990-PF,41.882191369239,-87.637100009791,sited
Mazza Foundation,2022,MERCY HOME FOR BOYS AND GIRLS,1140 W JACKSON BLVD,CHICAGO,IL,60607,10000,EDUCATION AND CAREER RESOURCES,990-PF,41.877863321677,-87.656088961182,sited
Mazza Foundation,2022,MISERICORDIA FOUNDATION,6300 N RIDGE,CHICAGO,IL,60660,300000,NEW RESIDENCE,990-PF,41.995584734896,-87.675806161321,sited
Mazza Foundation,2022,MOTHER MCAULEY HIGH SCHOOL,3737 W 99TH ST,CHICAGO,IL,60655,10000,SCHOLARSHIPS,990-PF,41.71323116355,-87.713045297307,sited
Mazza Foundation,2022,MUSEUM OF SCIENCE AND INDUSTRY,5700 S DUSABLE LAKE SHORE DR,CHICAGO,IL,60637,25000,QUALITY SCIENCE TEACHING,990-PF,,,intermediary_or_citywide
Mazza Foundation,2022,NIGHT MINISTRY,4711 N RAVENSWOOD AVE,CHICAGO,IL,606404407,5000,GENERAL OPERATING SUPPORT,990-PF,41.967225203616,-87.674052841194,sited
Mazza Foundation,2022,PEGGY NOTEBAERT NATURE MUSEUM,2430 N CANNON DR,CHICAGO,IL,60614,10000,SCIENCE ON THE GO,990-PF,41.927107827526,-87.634471738483,sited
Mazza Foundation,2022,ST LEONARD'S MINISTRIES,2100 WEST WARREN,CHICAGO,IL,60612,10000,GRACE HOUSE PROGRAM,990-PF,41.882251444119,-87.6791781919,sited
Mazza Foundation,2023,AMATE HOUSE,3600 SOUTH SEELEY AVENUE,CHICAGO,IL,60609,5000,GENERAL OPERATING SUPPORT,990-PF,41.828495749505,-87.676530611243,sited
Mazza Foundation,2023,BIG SHOULDERS FUND,212 WEST VAN BUREN SUITE 900,CHICAGO,IL,60607,300000,"SCHOLARSHIPS, HIGH SCHOOL SUPPORT",990-PF,41.876900811278,-87.633848353417,intermediary_or_citywide
Mazza Foundation,2023,CALVERT HOUSE,5735 S UNIVERSITY AVE,CHICAGO,IL,60637,5000,GENERAL OPERATING SUPPORT,990-PF,41.790781774377,-87.597982660187,sited
Mazza Foundation,2023,CATHOLIC EXTENSION,150 S WACKER DRIVE 2000,CHICAGO,IL,60606,10000,GENERAL OPERATING SUPPORT,990-PF,41.879971807862,-87.637046647092,sited
Mazza Foundation,2023,CHICAGO LIGHTHOUSE,1850 WEST ROOSEVELT ROAD,CHICAGO,IL,606081298,15000,CRIS MEDIA PROGRAM,990-PF,41.866924195032,-87.672525512924,sited
Mazza Foundation,2023,CHICAGO SHAKESPEARE THEATER,800 E GRAND AVE ON NAVY PIER,CHICAGO,IL,606113461,25000,TEAM SHAKESPEARE,990-PF,41.892187438564,-87.609927254642,sited
Mazza Foundation,2023,DEPAUL UNIVERSITY,1 EAST JACKSON BOULEVARD,CHICAGO,IL,606042201,200000,SCHOLARSHIPS,990-PF,41.878153806501,-87.627572334786,intermediary_or_citywide
Mazza Foundation,2023,GILDA'S CLUB CHICAGO,537 N WELLS STREET,CHICAGO,IL,60654,10000,GENERAL OPERATING SUPPORT,990-PF,41.891709241727,-87.633996264031,sited
Mazza Foundation,2023,GRANT PARK MUSIC FESTIVAL,205 E RANDOLPH STREET,CHICAGO,IL,60601,40000,2024 SEASON,990-PF,41.884225378761,-87.622769087728,sited
Mazza Foundation,2023,HIGHSIGHT,315 W WALTON ST,CHICAGO,IL,60610,5000,GENERAL OPERATING SUPPORT,990-PF,41.899677847357,-87.636419087378,sited
Mazza Foundation,2023,HOUSING OPPORTUNITIES AND MAINTENANCE FOR THE ELDERLY,1419 W CAROLL AVE FLOOR 2,CHICAGO,IL,60607,5000,GENERAL OPERATING SUPPORT,990-PF,41.88738259328,-87.663331975047,sited
Mazza Foundation,2023,IGNATIAN SPIRITUALITY PROJECT,1641 S ALLPORT ST,CHICAGO,IL,60608,5000,GENERAL OPERATING SUPPORT,990-PF,41.859347947243,-87.657616633873,sited
Mazza Foundation,2023,ILLINOIS PATRONS OF THE ARTS IN THE VATICAN MUSEUMS,835 N RUSH ST,CHICAGO,IL,60611,7500,ART & FAITH PROGRAM,990-PF,41.898431824581,-87.626324955917,sited
Mazza Foundation,2023,INSPIRATION CORPORATION,4554 N BROADWAY STE 207,CHICAGO,IL,60640,10000,GENERAL OPERATING SUPPORT,990-PF,41.964552431543,-87.657020755639,sited
Mazza Foundation,2023,JOFFREY BALLET,JEFFREY TOWER 10 E RANDOLPH ST,CHICAGO,IL,60601,5000,COMMUNITY ENGAGEMENT,990-PF,41.884546846461,-87.62753189865,sited
Mazza Foundation,2023,LINCOLN PARK ZOO,2001 N CLARK ST,CHICAGO,IL,60614,30000,COMMUNITY ENGAGEMENT,990-PF,41.91854925312,-87.636079895114,sited
Mazza Foundation,2023,LITTLE BROTHERS - FRIENDS OF THE ELDERLY,355 N ASHLAND AVE,CHICAGO,IL,60607,20000,GENERAL OPERATING SUPPORT,990-PF,41.88795842367,-87.666978647848,sited
Mazza Foundation,2023,LITTLE SISTERS OF THE POOR - ST MARY'S HOME,ST MARYS HOME 2325 N LAKEWOOD AVE,CHICAGO,IL,606143112,75000,GENERAL OPERATING SUPPORT,990-PF,41.923813493896,-87.66076331422,sited
Mazza Foundation,2023,LOYOLA PRESS,8770 W BRYN MAWR AVE STE 1125,CHICAGO,IL,60631,70000,HEALTHY RELATIONSHIPS PROGRAM,990-PF,41.981025949409,-87.844997422671,sited
Mazza Foundation,2023,LOYOLA UNIVERSITY CHICAGO,820 N MICHIGAN AVENUE,CHICAGO,IL,60611,125000,ARRUPE COLLEGE SCHOLARSHIPS,990-PF,41.897778543221,-87.624179231671,intermediary_or_citywide
Mazza Foundation,2023,LUMEN CHRISTI INSTITUTE,1220 E 58TH STREET,CHICAGO,IL,60637,50000,"UNIV PROG, SUMMER SEMINARS, HS PROG",990-PF,41.789695455349,-87.59539298301,sited
Mazza Foundation,2023,LURIE CHILDREN'S HOSPITAL,225 E CHICAGO AVENUE BOX 4,CHICAGO,IL,606112991,300000,NEUROMUSCULAR PROGRAM,990-PF,41.896693751301,-87.622923905467,intermediary_or_citywide
Mazza Foundation,2023,LYRIC OPERA,20 N WACKER DR,CHICAGO,IL,60606,75000,LEARNING & CIVIC ENGAGEMENT,990-PF,41.882191369239,-87.637100009791,sited
Mazza Foundation,2023,MERCY HOME FOR BOYS AND GIRLS,1140 W JACKSON BLVD,CHICAGO,IL,60607,10000,"EDUCATION, CAREER RESOURCES",990-PF,41.877863321677,-87.656088961182,sited
Mazza Foundation,2023,MISERICORDIA FOUNDATION,6300 N RIDGE,CHICAGO,IL,60660,300000,NEW RESIDENCE,990-PF,41.995584734896,-87.675806161321,sited
Mazza Foundation,2023,MOTHER MCAULEY HIGH SCHOOL,3737 W 99TH ST,CHICAGO,IL,60655,10000,SCHOLARSHIPS,990-PF,41.71323116355,-87.713045297307,sited
Mazza Foundation,2023,GRIFFIN MUSEUM OF SCIENCE AND INDUSTRY,5700 S DUSABLE LAKE SHORE DR,CHICAGO,IL,60637,25000,INSTITUTE FOR QUALITY SCIENCE TEACHING,990-PF,,,intermediary_or_citywide
Mazza Foundation,2023,NORTHWESTERN MEMORIAL FOUNDATION,21 E HURON ST STE 3-200,CHICAGO,IL,60611,250000,PRECISION NEUROLOGY,990-PF,41.894824046182,-87.627649834083,intermediary_or_citywide
Mazza Foundation,2023,PEGGY NOTEBAERT NATURE MUSEUM,2430 N CANNON DR,CHICAGO,IL,60614,10000,SCIENCE ON THE GO PROGRAM,990-PF,41.927107827526,-87.634471738483,sited
Mazza Foundation,2023,UNITING VOICES CHICAGO (CHICAGO CHILDREN'S CHOIR),537 N WELLS STREET,CHICAGO,IL,60654,5000,GENERAL OPERATING SUPPORT,990-PF,41.891709241727,-87.633996264031,sited
Mazza Foundation,2024,AMATE HOUSE,3600 SOUTH SEELEY AVENUE,CHICAGO,IL,60609,5000,GENERAL OPERATING SUPPORT,990-PF,41.828495749505,-87.676530611243,sited
Mazza Foundation,2024,ARCHDIOCESE OF CHICAGO,835 N RUSH ST,CHICAGO,IL,60611,200000,GENERATION TO GENERATION CAMPAIGN,990-PF,41.898431824581,-87.626324955917,sited
Mazza Foundation,2024,BIG SHOULDERS FUND,212 WEST VAN BUREN SUITE 900,CHICAGO,IL,60607,300000,SCHOLARSHIPS,990-PF,41.876900811278,-87.633848353417,intermediary_or_citywide
Mazza Foundation,2024,CATHOLIC EXTENSION SOCIETY,150 S WACKER DRIVE 2000,CHICAGO,IL,60606,10000,FOR TEKAWITHA CENTER MN,990-PF,41.879971807862,-87.637046647092,sited
Mazza Foundation,2024,CHICAGO LIGHTHOUSE,1850 WEST ROOSEVELT ROAD,CHICAGO,IL,606081298,15000,LIGHTHOUSE MEDIA,990-PF,41.866924195032,-87.672525512924,sited
Mazza Foundation,2024,CHRIST THE KING JESUIT COLLEGE PREP,5088 W JACKSON BLVD,CHICAGO,IL,60644,20000,SCHOLARSHIP SUPPORT,990-PF,41.876739695784,-87.752936587079,intermediary_or_citywide
Mazza Foundation,2024,DEPAUL UNIVERSITY,1 EAST JACKSON BOULEVARD,CHICAGO,IL,606042201,250000,SCHOLARSHIPS,990-PF,41.878153806501,-87.627572334786,intermediary_or_citywide
Mazza Foundation,2024,GILDA'S CLUB CHICAGO,537 N WELLS STREET,CHICAGO,IL,60654,10000,GENERAL OPERATING SUPPORT,990-PF,41.891709241727,-87.633996264031,sited
Mazza Foundation,2024,GRANT PARK MUSIC FESTIVAL,205 E RANDOLPH STREET,CHICAGO,IL,60601,40000,2025 SEASON,990-PF,41.884225378761,-87.622769087728,sited
Mazza Foundation,2024,GREATER CHICAGO FOOD DEPOSITORY,4100 W ANN LURIE PLACE,CHICAGO,IL,60632,10000,GENERAL OPERATING SUPPORT,990-PF,,,intermediary_or_citywide
Mazza Foundation,2024,GRIFFIN MUSEUM OF SCIENCE AND INDUSTRY,5700 S DUSABLE LAKE SHORE DR,CHICAGO,IL,60637,25000,INSTITUTE FOR QUALITY SCIENCE TEACHING,990-PF,,,intermediary_or_citywide
Mazza Foundation,2024,HIGHSIGHT,315 W WALTON ST,CHICAGO,IL,60610,5000,GENERAL OPERATING SUPPORT,990-PF,41.899677847357,-87.636419087378,sited
Mazza Foundation,2024,HOUSING OPPORTUNITIES AND MAINTENANCE FOR THE ELDERLY,1419 W CAROLL AVE FLOOR 2,CHICAGO,IL,60607,5000,GENERAL OPERATING SUPPORT,990-PF,41.88738259328,-87.663331975047,sited
Mazza Foundation,2024,IGNATIAN SPIRITUALITY PROJECT,1641 S ALLPORT ST,CHICAGO,IL,60608,5000,GENERAL OPERATING SUPPORT,990-PF,41.859347947243,-87.657616633873,sited
Mazza Foundation,2024,JOFFREY BALLET,JEFFREY TOWER 10 E RANDOLPH ST,CHICAGO,IL,60601,5000,COMMUNITY ENGAGEMENT,990-PF,41.884546846461,-87.62753189865,sited
Mazza Foundation,2024,LINCOLN PARK ZOO,2001 N CLARK ST,CHICAGO,IL,60614,30000,COMMUNITY ENGAGEMENT PROGRAM,990-PF,41.91854925312,-87.636079895114,sited
Mazza Foundation,2024,LITTLE BROTHERS - FRIENDS OF THE ELDERLY,355 N ASHLAND AVE,CHICAGO,IL,60607,20000,VISITING SOCIAL ENGAGEMENT PROGRAM,990-PF,41.88795842367,-87.666978647848,sited
Mazza Foundation,2024,LOYOLA UNIVERSITY CHICAGO,820 N MICHIGAN AVENUE,CHICAGO,IL,60611,125000,SCHOLARSHIPS/HOUSING,990-PF,41.897778543221,-87.624179231671,intermediary_or_citywide
Mazza Foundation,2024,LUMEN CHRISTI INSTITUTE,1220 E 58TH STREET,CHICAGO,IL,60637,50000,UNIV PROG & SUMMER SEMINARS,990-PF,41.789695455349,-87.59539298301,sited
Mazza Foundation,2024,LURIE CHILDREN'S HOSPITAL,225 E CHICAGO AVENUE BOX 4,CHICAGO,IL,606112991,300000,NEUROMUSCULAR PROGRAM,990-PF,41.896693751301,-87.622923905467,intermediary_or_citywide
Mazza Foundation,2024,LYRIC OPERA OF CHICAGO,20 N WACKER DR,CHICAGO,IL,60606,75000,LYRIC UNLIMITED PROGRAM,990-PF,41.882191369239,-87.637100009791,sited
Mazza Foundation,2024,MATH CIRCLES OF CHICAGO,2907 S WABASH STE 100B,CHICAGO,IL,60616,5000,GENERAL OPERATING SUPPORT,990-PF,41.841853565387,-87.625155945256,sited
Mazza Foundation,2024,MERCY HOME FOR BOYS AND GIRLS,1140 W JACKSON BLVD,CHICAGO,IL,60607,10000,EDUCATION & CAREER RESOURCES PROGRAM,990-PF,41.877863321677,-87.656088961182,sited
Mazza Foundation,2024,MISERICORDIA FOUNDATION,6300 N RIDGE,CHICAGO,IL,60660,300000,NEW RESIDENCE,990-PF,41.995584734896,-87.675806161321,sited
Mazza Foundation,2024,MOTHER MCAULEY LIBERAL ARTS HIGH SCHOOL,3737 W 99TH ST,CHICAGO,IL,60655,10000,SCHOLARSHIPS,990-PF,41.71323116355,-87.713045297307,sited
Mazza Foundation,2024,NORTHWESTERN MEMORIAL FOUNDATION,21 E HURON ST STE 3-200,CHICAGO,IL,60611,250000,PRECISION NEUROLOGY,990-PF,41.894824046182,-87.627649834083,intermediary_or_citywide
Mazza Foundation,2024,PEGGY NOTEBAERT NATURE MUSEUM,2430 N CANNON DR,CHICAGO,IL,60614,15000,SCIENCE ON THE GO PROGRAM,990-PF,41.927107827526,-87.634471738483,sited
Mazza Foundation,2024,ST LEONARD MINISTRIES,2100 W WARREN,CHICAGO,IL,60612,10000,GRACE HOUSE,990-PF,41.882251444119,-87.6791781919,sited
Mazza Foundation,2024,UNITING VOICES CHICAGO (CHICAGO CHILDREN'S CHOIR),537 N WELLS STREET,CHICAGO,IL,60654,5000,GENERAL OPERATING SUPPORT,990-PF,41.891709241727,-87.633996264031,sited
Otho S A Sprague Memorial Institute,2021,Chicago Asthma Consortium,400 E Randolph St,CHICAGO,IL,60601,2500,Program Support,990-PF,41.884601677652,-87.616570492729,sited
Otho S A Sprague Memorial Institute,2021,City Tech Collaborative,222 Merchandise Mart Plz,CHICAGO,IL,60654,9286,Program Support,990-PF,41.888045283034,-87.634338654764,sited
Otho S A Sprague Memorial Institute,2021,Forefront,208 S LASALLE ST SUITE 1540,CHICAGO,IL,60604,4534,Program Support,990-PF,41.879132477534,-87.632361460549,intermediary_or_citywide
Otho S A Sprague Memorial Institute,2021,Greater Chicago Food Depository,4100 W Ann Lurie Pl,CHICAGO,IL,60632,150000,Program Support,990-PF,,,intermediary_or_citywide
Otho S A Sprague Memorial Institute,2021,Health and Medicine Policy Research Group,29 E MADISON ST 602,CHICAGO,IL,60602,50000,Program Support,990-PF,41.882019849846,-87.626770185583,sited
Otho S A Sprague Memorial Institute,2021,Heartland Alliance Health,208 S LASALLE STREET SUITE 1300,CHICAGO,IL,60604,325000,Program Support,990-PF,41.879132477534,-87.632361460549,sited
Otho S A Sprague Memorial Institute,2021,Illinois Chapter of the American Academy of Pediatrics,1400 W HUBBARD ST,CHICAGO,IL,60642,175000,Program Support,990-PF,,,intermediary_or_citywide
Otho S A Sprague Memorial Institute,2021,Illinois Public Health Institute,954 WEST WASHINGTON BLVD SUITE 405,CHICAGO,IL,60607,132267,Program Support,990-PF,41.883130852117,-87.651336449164,sited
Otho S A Sprague Memorial Institute,2021,Iomc Institute of Medicine,1339 S Wood St,CHICAGO,IL,60608,50000,Program Support,990-PF,41.863941171969,-87.671194716705,sited
Otho S A Sprague Memorial Institute,2021,MAPSCorps,5307 S HYDE PARK BLVD,CHICAGO,IL,60615,100000,Program Support,990-PF,41.799479821737,-87.583975672167,sited
Otho S A Sprague Memorial Institute,2021,Mobile CARE Foundation,321 N LOOMIS SUITE 202,CHICAGO,IL,60607,41635,Program Support,990-PF,41.887393984168,-87.662426784132,sited
Otho S A Sprague Memorial Institute,2021,UIC School of Public Health,1603 W TAYLOR ST,CHICAGO,IL,60612,376136,Program Support,990-PF,41.869185854329,-87.667820180954,sited
Otho S A Sprague Memorial Institute,2022,Anne & Robert H Lurie Childrens Hospital of Chicago,2 N RIVERSIDE PLAZA NO 1240,CHICAGO,IL,60606,24935,Program Support,990-PF,,,intermediary_or_citywide
Otho S A Sprague Memorial Institute,2022,Children First Fund,200 W MADISON 2ND FL,CHICAGO,IL,60606,20000,Program Support,990-PF,41.881999441643,-87.633899204958,intermediary_or_citywide
Otho S A Sprague Memorial Institute,2022,Depaul University,1 E JACKSON BLVD,CHICAGO,IL,60604,12245,Program Support,990-PF,41.878153806501,-87.627572334786,intermediary_or_citywide
Otho S A Sprague Memorial Institute,2022,Everthrive,1006 S MICHIGAN AVE STE 200,CHICAGO,IL,60605,80000,Program Support,990-PF,41.869974015503,-87.624282694695,sited
Otho S A Sprague Memorial Institute,2022,Forefront,208 S LASALLE ST SUITE 1540,CHICAGO,IL,60604,4558,Program Support,990-PF,41.879132477534,-87.632361460549,intermediary_or_citywide
Otho S A Sprague Memorial Institute,2022,Greater Chicago Food Depository,4100 W Ann Lurie Pl,CHICAGO,IL,60632,122300,Program Support,990-PF,,,intermediary_or_citywide
Otho S A Sprague Memorial Institute,2022,Health and Medicine Policy Research Group,29 E MADISON ST 602,CHICAGO,IL,60602,5000,Program Support,990-PF,41.882019849846,-87.626770185583,sited
Otho S A Sprague Memorial Institute,2022,Heartland Alliance Health,208 S LASALLE STREET SUITE 1300,CHICAGO,IL,60604,245000,Program Support,990-PF,41.879132477534,-87.632361460549,sited
Otho S A Sprague Memorial Institute,2022,Illinois Chapter of the American Academy of Pediatrics,1400 W HUBBARD ST,CHICAGO,IL,60642,100000,Program Support,990-PF,,,intermediary_or_citywide
Otho S A Sprague Memorial Institute,2022,Institute of Medicine of Chicago,180 N MICHIGAN AVE SUITE 1200,CHICAGO,IL,60601,24500,Program Support,990-PF,41.885373782983,-87.624570287649,sited
Otho S A Sprague Memorial Institute,2022,MAPSCorps,5307 S HYDE PARK BLVD,CHICAGO,IL,60615,75000,Program Support,990-PF,41.799479821737,-87.583975672167,sited
Otho S A Sprague Memorial Institute,2022,Mobile CARE Foundation,321 N LOOMIS SUITE 202,CHICAGO,IL,60607,175000,Program Support,990-PF,41.887393984168,-87.662426784132,sited
Otho S A Sprague Memorial Institute,2022,Rush University Medical Center,1700 WEST VAN BUREN STREET 265,CHICAGO,IL,60612,25000,Program Support,990-PF,41.876365444605,-87.669797488581,intermediary_or_citywide
Otho S A Sprague Memorial Institute,2022,Sinai Health System,2750 WEST 15TH STREET,CHICAGO,IL,60608,50000,Program Support,990-PF,41.860210308902,-87.694420630214,intermediary_or_citywide
Otho S A Sprague Memorial Institute,2022,UIC School of Public Health,1603 W TAYLOR ST,CHICAGO,IL,60612,539767,Program Support,990-PF,41.869185854329,-87.667820180954,sited
Otho S A Sprague Memorial Institute,2022,UIC Urban Health Program,808 S WOOD ST,CHICAGO,IL,60612,25200,Program Support,990-PF,41.871397973474,-87.671559896989,sited
Otho S A Sprague Memorial Institute,2022,United Way of Metropolitan Chicago,333 SOUTH WABASH AVENUE 30TH FL,CHICAGO,IL,60604,100000,Program Support,990-PF,41.877809331031,-87.62599882096,intermediary_or_citywide
Otho S A Sprague Memorial Institute,2022,UIL at Chicago - College of Dentistry,808 S WOOD ST,CHICAGO,IL,60612,100000,Program Support,990-PF,41.871397973474,-87.671559896989,intermediary_or_citywide
Otho S A Sprague Memorial Institute,2022,UIL at Chicago - College of Medicine Hispanic Center of Excellence,808 S WOOD ST,CHICAGO,IL,60612,60000,Program Support,990-PF,41.871397973474,-87.671559896989,intermediary_or_citywide
Otho S A Sprague Memorial Institute,2023,CHICAGO COMMUNITY FOUNDATION,33 S STATE STREET SUITE 750,CHICAGO,IL,606032809,50000,PROGRAM SUPPORT,990-PF,41.881652198165,-87.627682025192,intermediary_or_citywide
Otho S A Sprague Memorial Institute,2023,CHILDREN FIRST FUND,200 W MADISON ST2ND FL,CHICAGO,IL,60606,65221,PROGRAM SUPPORT,990-PF,41.881999441643,-87.633899204958,intermediary_or_citywide
Otho S A Sprague Memorial Institute,2023,CITY OF COLLEGES OF CHICAGO FOUNDATION,180 N WABASH STREET SUITE 200,CHICAGO,IL,60601,50000,PROGRAM SUPPORT,990-PF,41.885383955464,-87.626340906809,intermediary_or_citywide
Otho S A Sprague Memorial Institute,2023,EVERTHRIVE,1006 S MICHIGAN AVESTE 200,CHICAGO,IL,60605,65000,PROGRAM SUPPORT,990-PF,41.869974015503,-87.624282694695,sited
Otho S A Sprague Memorial Institute,2023,FOREFRONT,208 S LASALLE STSUITE 1540,CHICAGO,IL,60604,4558,PROGRAM SUPPORT,990-PF,41.879132477534,-87.632361460549,intermediary_or_citywide
Otho S A Sprague Memorial Institute,2023,GREATER CHICAGO FOOD DEPOSITORY,4100 W ANN LURIE PL,CHICAGO,IL,60632,250500,PROGRAM SUPPORT,990-PF,,,intermediary_or_citywide
Otho S A Sprague Memorial Institute,2023,HEARTLAND ALLIANCE HEALTH,208 S LASALLE STREETSUITE 1300,CHICAGO,IL,60642,60000,PROGRAM SUPPORT,990-PF,41.879132477534,-87.632361460549,sited
Otho S A Sprague Memorial Institute,2023,ILLINOIS CHAPTER OF THE AMERICAN ACADEMY OF PEDIATRICS,1400 W HUBBARD ST,CHICAGO,IL,60601,75000,PROGRAM SUPPORT,990-PF,,,intermediary_or_citywide
Otho S A Sprague Memorial Institute,2023,INSTITUTE OF MEDICINE OF CHICAGO,180 N MICHIGAN AVESUITE 1200,CHICAGO,IL,60601,75500,PROGRAM SUPPORT,990-PF,41.885373782983,-87.624570287649,sited
Otho S A Sprague Memorial Institute,2023,LAWNDALE CHRISTIAN HEALTH CENTER,3860 W OGDEN AVENUE,CHICAGO,IL,606232460,150000,PROGRAM SUPPORT,990-PF,41.851294707063,-87.724360490335,sited
Otho S A Sprague Memorial Institute,2023,MOBILE CARE FOUNDATION,321 N LOOMISSUITE 202,CHICAGO,IL,60607,100000,PROGRAM SUPPORT,990-PF,,,intermediary_or_citywide
Otho S A Sprague Memorial Institute,2023,RUSH UNIVERSITY MEDICAL CENTER,1700 WEST VAN BUREN STREET 265,CHICAGO,IL,60612,25000,PROGRAM SUPPORT,990-PF,41.876365444605,-87.669797488581,intermediary_or_citywide
Otho S A Sprague Memorial Institute,2023,SINAI HEALTH SYSTEM,2750 WEST 15TH STREET,CHICAGO,IL,60608,100000,PROGRAM SUPPORT,990-PF,41.860210308902,-87.694420630214,intermediary_or_citywide
Otho S A Sprague Memorial Institute,2023,UNITED WAY OF METROPOLITAN CHICAGO,333 SOUTH WABASH AVENUE30TH FL,CHICAGO,IL,60604,100000,PROGRAM SUPPORT,990-PF,41.877809331031,-87.62599882096,intermediary_or_citywide
Otho S A Sprague Memorial Institute,2023,UNIVERSITY OF IL AT CHICAGO,808 S WOOD ST,CHICAGO,IL,60612,442511,PROGRAM SUPPORT,990-PF,41.871397973474,-87.671559896989,intermediary_or_citywide
Otho S A Sprague Memorial Institute,2023,UIC COLLEGE OF DENTISTRY,304 AOB M/C 672 1737 W POLK STREET,CHICAGO,IL,606127227,500,PROGRAM SUPPORT,990-PF,41.871507854076,-87.670426433302,intermediary_or_citywide
Otho S A Sprague Memorial Institute,2024,CHICAGO COMMUNITY FOUNDATION,33 S STATE STREET SUITE 750,CHICAGO,IL,606032809,50000,PROGRAM SUPPORT,990-PF,41.881652198165,-87.627682025192,intermediary_or_citywide
Otho S A Sprague Memorial Institute,2024,CHILDREN FIRST FUND,200 W MADISON ST2ND FL,CHICAGO,IL,60606,50000,PROGRAM SUPPORT,990-PF,41.881999441643,-87.633899204958,intermediary_or_citywide
Otho S A Sprague Memorial Institute,2024,CITY OF COLLEGES OF CHICAGO FOUNDATION,180 N WABASH STREET SUITE 200,CHICAGO,IL,60601,125263,PROGRAM SUPPORT,990-PF,41.885383955464,-87.626340906809,intermediary_or_citywide
Otho S A Sprague Memorial Institute,2024,GREATER CHICAGO FOOD DEPOSITORY,4100 W ANN LURIE PL,CHICAGO,IL,60632,100000,PROGRAM SUPPORT,990-PF,,,intermediary_or_citywide
Otho S A Sprague Memorial Institute,2024,HEARTLAND ALLIANCE HEALTH,208 S LASALLE STREETSUITE 1300,CHICAGO,IL,60642,180000,PROGRAM SUPPORT,990-PF,41.879132477534,-87.632361460549,sited
Otho S A Sprague Memorial Institute,2024,ILLINOIS CHAPTER OF THE AMERICAN ACADEMY OF PEDIATRICS,1400 W HUBBARD ST,CHICAGO,IL,60601,125000,PROGRAM SUPPORT,990-PF,,,intermediary_or_citywide
Otho S A Sprague Memorial Institute,2024,LAWNDALE CHRISTIAN HEALTH CENTER,3860 W OGDEN AVENUE,CHICAGO,IL,606232460,100000,PROGRAM SUPPORT,990-PF,41.851294707063,-87.724360490335,sited
Otho S A Sprague Memorial Institute,2024,MOBILE CARE FOUNDATION,321 N LOOMISSUITE 202,CHICAGO,IL,60607,100000,PROGRAM SUPPORT,990-PF,,,intermediary_or_citywide
Otho S A Sprague Memorial Institute,2024,RUSH UNIVERSITY MEDICAL CENTER,1700 WEST VAN BUREN STREET 265,CHICAGO,IL,60612,25000,PROGRAM SUPPORT,990-PF,41.876365444605,-87.669797488581,intermediary_or_citywide
Otho S A Sprague Memorial Institute,2024,SINAI HEALTH SYSTEM,2750 WEST 15TH STREET,CHICAGO,IL,60608,75000,PROGRAM SUPPORT,990-PF,41.860210308902,-87.694420630214,intermediary_or_citywide
Otho S A Sprague Memorial Institute,2024,UNITED WAY OF METROPOLITAN CHICAGO,333 SOUTH WABASH AVENUE30TH FL,CHICAGO,IL,60604,100000,PROGRAM SUPPORT,990-PF,41.877809331031,-87.62599882096,intermediary_or_citywide
Otho S A Sprague Memorial Institute,2024,UNIVERSITY OF IL AT CHICAGO,808 S WOOD ST,CHICAGO,IL,60612,417052,PROGRAM SUPPORT,990-PF,41.871397973474,-87.671559896989,intermediary_or_citywide
Otho S A Sprague Memorial Institute,2024,AIDS FOUNDATION OF CHICAGO,200 W MONROE ST STE 1150,CHICAGO,IL,60606,10000,PROGRAM SUPPORT,990-PF,41.880719814776,-87.633880215174,intermediary_or_citywide
Otho S A Sprague Memorial Institute,2024,ANN & ROBERT H LURIE CHILDRENS HOSPITAL OF CHICAGO FOUNDATION,225 EAST CHICAGO AVENUE BOX 4,CHICAGO,IL,60611,120000,PROGRAM SUPPORT,990-PF,41.896693751301,-87.622923905467,intermediary_or_citywide
Otho S A Sprague Memorial Institute,2024,ESPERANZA HEALTH CENTERS,2001 S CALIFORNIA AVE 100,CHICAGO,IL,60608,138200,PROGRAM SUPPORT,990-PF,41.917550940965,-87.697125299932,sited
Otho S A Sprague Memorial Institute,2024,SWEDISH COVENANT HOSPITAL FOUNDATION,5145 S CALIFORNIA AVE 100,CHICAGO,IL,60608,200000,PROGRAM SUPPORT,990-PF,41.799919171078,-87.693893719689,intermediary_or_citywide
Mayer & Morris Kaplan Foundation,2021,A Better Chicago,600 W Van Buren Suite 510,CHICAGO,IL,60607,25000,general operating support,990-PF,41.876788443018,-87.642575196646,sited
Mayer & Morris Kaplan Foundation,2021,All Chicago,651 W Washington Suite 504,CHICAGO,IL,60661,7000,support of Student Emergency Fund,990-PF,41.883104198314,-87.644697339863,sited
Mayer & Morris Kaplan Foundation,2021,Apna Ghar Inc,4350 N Broadway 2nd Floor,CHICAGO,IL,60613,500,recommended for general operating support,990-PF,41.961435825679,-87.655004955601,sited
Mayer & Morris Kaplan Foundation,2021,Art Institute of Chicago,111 S Michigan Ave,CHICAGO,IL,606036110,5000,support of racial equity and community engagement initiatives,990-PF,41.880649213362,-87.624171570115,sited
Mayer & Morris Kaplan Foundation,2021,Bottom Line Chicago,65 E Wacker Pl Suite 800,CHICAGO,IL,60601,40000,general operating support of Chicago program,990-PF,41.886762848959,-87.625449468425,sited
Mayer & Morris Kaplan Foundation,2021,Braven Inc,100 N LaSalle St Suite 310,CHICAGO,IL,60602,30000,general operating support of Braven Chicago,990-PF,41.883268441347,-87.632486206776,sited
Mayer & Morris Kaplan Foundation,2021,Chicago CRED,300 E Randolph St,CHICAGO,IL,60601,60000,"support of 100 Blocks, 100 Churches",990-PF,41.884573440455,-87.620479292826,sited
Mayer & Morris Kaplan Foundation,2021,Chicago Public Media,848 E Grand Ave Navy Pier,CHICAGO,IL,60611,5000,general operating support,990-PF,41.892187438564,-87.609927254642,sited
Mayer & Morris Kaplan Foundation,2021,Chicago State Foundation,9501 S King Dr ADM 322,CHICAGO,IL,606281598,30000,general operating support,990-PF,41.721838929017,-87.6140656214,sited
Mayer & Morris Kaplan Foundation,2021,Chicago Symphony Orchestra,220 S Michigan Ave,CHICAGO,IL,60604,5000,support of racial equity and community engagement iniatives,990-PF,41.879261225909,-87.624499386276,sited
Mayer & Morris Kaplan Foundation,2021,Chicago Volunteer Doulas,PO Box 5851,CHICAGO,IL,606805851,500,general operating support,990-PF,,,intermediary_or_citywide
Mayer & Morris Kaplan Foundation,2021,Chicagoland Workforce Funders Alliance,225 N Michigan Suite 2200,CHICAGO,IL,60601,15000,support of Chicagoland Workforce Funder Alliance's Pro Path Fund,990-PF,41.886567067898,-87.624456678273,intermediary_or_citywide
Mayer & Morris Kaplan Foundation,2021,Citizens Utility Board,309 W Washington St,CHICAGO,IL,60606,25000,support of CUB's participation in the IL Clean Jobs Coalition and additional clena energy policy efforts,990-PF,41.88314485014,-87.635526294391,sited
Mayer & Morris Kaplan Foundation,2021,Cleveland Avenue Foundation for Education Group,222 N Canal St,CHICAGO,IL,606061206,1500,DEI professional development for managers for the Citywide Foundation Summer Internship Program,990-PF,41.885999307712,-87.63992174998,intermediary_or_citywide
Mayer & Morris Kaplan Foundation,2021,College Possible,215 W Superior St Suite 300,CHICAGO,IL,60654,30000,general operating support of Chicago progam,990-PF,41.895526169611,-87.634935994882,sited
Mayer & Morris Kaplan Foundation,2021,Columbia College Chicago,600 S Michigan Ave,CHICAGO,IL,60605,500,support of the Museum of Contemporary Photography,990-PF,41.892612530712,-87.624342803439,intermediary_or_citywide
Mayer & Morris Kaplan Foundation,2021,Elevate Energy,322 S Green St 300,CHICAGO,IL,60607,25000,support of participation in the Illinois Clean Jobs Coalition & efforts on building electrification,990-PF,41.877610205745,-87.648476895173,sited
Mayer & Morris Kaplan Foundation,2021,Embarc,PO Box 221450,CHICAGO,IL,60622,1000,general operating support,990-PF,,,intermediary_or_citywide
Mayer & Morris Kaplan Foundation,2021,Embarc,PO Box 221450,CHICAGO,IL,60622,40000,general operating support,990-PF,,,intermediary_or_citywide
Mayer & Morris Kaplan Foundation,2021,Embarc,PO Box 221450,CHICAGO,IL,60622,1750,general operating support,990-PF,,,intermediary_or_citywide
Mayer & Morris Kaplan Foundation,2021,Enlace Chicago,2756 S Harding,CHICAGO,IL,60623,35000,general operating support,990-PF,41.841381009931,-87.723326340622,sited
Mayer & Morris Kaplan Foundation,2021,Feeding San Diego,c/o FBRK Impact House 200 W Madison,CHICAGO,IL,60606,5000,support of Forefront's virtual summit,990-PF,41.881999441643,-87.633899204958,sited
Mayer & Morris Kaplan Foundation,2021,Forefront,c/o FBRK Impact House 200 W Madison,CHICAGO,IL,60606,2972,2021 membership,990-PF,41.881999441643,-87.633899204958,intermediary_or_citywide
Mayer & Morris Kaplan Foundation,2021,Forefront,c/o FBRK Impact House 200 W Madison,CHICAGO,IL,60606,500,sponsorship of 2021 virtual summit,990-PF,41.881999441643,-87.633899204958,intermediary_or_citywide
Mayer & Morris Kaplan Foundation,2021,Forefront,c/o FBRK Impact House 200 W Madison,CHICAGO,IL,60606,500,general operating support,990-PF,41.881999441643,-87.633899204958,intermediary_or_citywide
Mayer & Morris Kaplan Foundation,2021,Friends of Brentano School,c/o Brentano Math and Science,CHICAGO,IL,60647,1000,general operating support,990-PF,,,intermediary_or_citywide
Mayer & Morris Kaplan Foundation,2021,Gray Matter Experience,222 N Canal St,CHICAGO,IL,60606,21000,general operating support,990-PF,41.885999307712,-87.63992174998,sited
Mayer & Morris Kaplan Foundation,2021,Greenwood Project,118 N Clinton St 202,CHICAGO,IL,60661,21000,general operating support,990-PF,41.883722056026,-87.641328500359,sited
Mayer & Morris Kaplan Foundation,2021,Growing Home Inc,825 W 69th St 2nd Floor,CHICAGO,IL,60621,1000,general operating support,990-PF,41.768771078766,-87.645188542869,sited
Mayer & Morris Kaplan Foundation,2021,Kids First Chicago for Education,21 S Clark St Suite 4301,CHICAGO,IL,60603,1000,general operating support,990-PF,41.881923760895,-87.630803072709,sited
Mayer & Morris Kaplan Foundation,2021,Loyola University Chicago,820 N Michigan Ave,CHICAGO,IL,60661,40000,general operating support for Arrupe College,990-PF,41.897778543221,-87.624179231671,intermediary_or_citywide
Mayer & Morris Kaplan Foundation,2021,Midwest Access Project,5215 N Ravenswood Suite 206,CHICAGO,IL,60640,1000,general operating support,990-PF,41.976560551408,-87.674344180612,sited
Mayer & Morris Kaplan Foundation,2021,Midwest Access Project,5215 N Ravenswood Suite 206,CHICAGO,IL,60640,1000,general operating support,990-PF,41.976560551408,-87.674344180612,sited
Mayer & Morris Kaplan Foundation,2021,National Louis University,122 S Michigan Ave,CHICAGO,IL,60603,42000,general operating support,990-PF,41.880302594059,-87.624513078081,intermediary_or_citywide
Mayer & Morris Kaplan Foundation,2021,Network for College Success,969 East 60th Street,CHICAGO,IL,60637,42000,general operating support,990-PF,41.785859115802,-87.602022324313,intermediary_or_citywide
Mayer & Morris Kaplan Foundation,2021,NewRoot Learning Institute (formerly Umoja),910 W Van Buren St Suite 710,CHICAGO,IL,60607,40000,general operating support,990-PF,41.876689443447,-87.649972392414,sited
Mayer & Morris Kaplan Foundation,2021,North Lawndale Preparatory School,1615 S Christiana Ave PO Box 23400,CHICAGO,IL,60623,35000,general operating support,990-PF,41.858060456794,-87.70900917669,sited
Mayer & Morris Kaplan Foundation,2021,One Million Degrees,180 N Wabash Suite 310,CHICAGO,IL,60601,40000,general operating support of Chicago program,990-PF,41.885383955464,-87.626340906809,sited
Mayer & Morris Kaplan Foundation,2021,OneGoal,180 N Wabash Ave Suite 800,CHICAGO,IL,60601,35000,general operating support of Chicago program,990-PF,41.885383955464,-87.626340906809,sited
Mayer & Morris Kaplan Foundation,2021,Partnership for College Completion,200 S Michigan Ave 14th Floor,CHICAGO,IL,60604,20000,general operating support,990-PF,41.879498661338,-87.624506074574,intermediary_or_citywide
Mayer & Morris Kaplan Foundation,2021,Planned Parenthood of Illinois,18 S Michigan Ave 6th Floor,CHICAGO,IL,60603,1000,general operating support,990-PF,41.881367819857,-87.624527825232,sited
Mayer & Morris Kaplan Foundation,2021,RefugeeOne,4753 N Broadway St Suite 401,CHICAGO,IL,60640,500,general operating support,990-PF,41.968222373579,-87.659195405517,sited
Mayer & Morris Kaplan Foundation,2021,RefugeeOne,4753 N Broadway St Suite 401,CHICAGO,IL,60640,1000,general operating support,990-PF,41.968222373579,-87.659195405517,sited
Mayer & Morris Kaplan Foundation,2021,Resident Association of Greater Englewood,6623 S Union Ave Floor 1,CHICAGO,IL,60621,62500,support of the resident-led fund,990-PF,41.773603720132,-87.642565539182,sited
Mayer & Morris Kaplan Foundation,2021,Sarah's Circle,4838 N Sheridan Rd,CHICAGO,IL,60640,1500,general operating support,990-PF,41.970220392732,-87.654924666894,sited
Mayer & Morris Kaplan Foundation,2021,Skills for Chicagoland's Future,191 N Wacker Dr Suite 1150,CHICAGO,IL,60606,25000,general operating support,990-PF,41.885507820257,-87.636743605423,sited
Mayer & Morris Kaplan Foundation,2021,The Chicago Public Education Fund,200 W Adams Suite 1910,CHICAGO,IL,60606,10000,general operating support,990-PF,41.879443442077,-87.633831702154,intermediary_or_citywide
Mayer & Morris Kaplan Foundation,2021,Top Box Foods,222 Merchandise Mart Plaza Suite,CHICAGO,IL,60654,500,general operating support,990-PF,41.888045283034,-87.634338654764,sited
Mayer & Morris Kaplan Foundation,2021,University of Chicago - Consortium on School Research,1313 E 60th St,CHICAGO,IL,60637,20000,support of the Investor Council,990-PF,41.786009496616,-87.594257072829,intermediary_or_citywide
Mayer & Morris Kaplan Foundation,2021,Westside Justice Center Inc,601 S California Ave,CHICAGO,IL,606123305,500,general operating support,990-PF,41.873741921414,-87.696022606236,sited
Mayer & Morris Kaplan Foundation,2021,Working Family Solidarity,1857 W 19th St,CHICAGO,IL,606082713,500,general operating support,990-PF,41.855827887454,-87.672432859048,sited
Mayer & Morris Kaplan Foundation,2021,Year Up Chicago,233 West Jackson Blvd 400,CHICAGO,IL,60606,35000,general operating support of Chicago program,990-PF,41.878050850963,-87.634628753828,sited
Mayer & Morris Kaplan Foundation,2021,Youth Guidance,1 N LaSalle St Suite 900,CHICAGO,IL,60602,1000,support of WOW,990-PF,41.88201744155,-87.632282792682,sited
Mayer & Morris Kaplan Foundation,2022,All Chicago,651 W Washington Suite 504,CHICAGO,IL,60661,7000,support of the Student Emergency Fund,990-PF,41.883104198314,-87.644697339863,sited
Mayer & Morris Kaplan Foundation,2022,Art Institute of Chicago,111 South Michigan Avenue,CHICAGO,IL,60603,5000,support of racial equity and community engagement initiatives,990-PF,41.880649213362,-87.624171570115,sited
Mayer & Morris Kaplan Foundation,2022,Bottom Line Chicago,65 East Wacker Place Suite 800,CHICAGO,IL,60601,40000,general operating support of Chicago program,990-PF,41.886762848959,-87.625449468425,sited
Mayer & Morris Kaplan Foundation,2022,Braven Inc,100 N LaSalle Street Suite 310,CHICAGO,IL,60602,30000,general operating support of Braven Chicago,990-PF,41.883268441347,-87.632486206776,sited
Mayer & Morris Kaplan Foundation,2022,Chicago CRED,300 E Randolph St,CHICAGO,IL,60601,60000,"support of 100 Blocks, 100 Churches",990-PF,41.884573440455,-87.620479292826,sited
Mayer & Morris Kaplan Foundation,2022,Chicago Public Media,848 East Grand Avenue,CHICAGO,IL,60611,5000,general operating support,990-PF,41.892187438564,-87.609927254642,sited
Mayer & Morris Kaplan Foundation,2022,Chicago State Foundation,9501 S King Dr ADM 322,CHICAGO,IL,60628,30000,general operating support,990-PF,41.721838929017,-87.6140656214,sited
Mayer & Morris Kaplan Foundation,2022,Chicago Symphony Orchestra,220 South Michigan Avenue,CHICAGO,IL,60604,5000,support of racial equity and community engagement initiatives,990-PF,41.879261225909,-87.624499386276,sited
Mayer & Morris Kaplan Foundation,2022,Chicagoland Workforce Funders Alliance,33 S State Street Suite 750,CHICAGO,IL,60603,15000,support of Chicagoland Workforce Funder Alliance's Pro Path Fund,990-PF,41.881652198165,-87.627682025192,intermediary_or_citywide
Mayer & Morris Kaplan Foundation,2022,College Possible,215 W Superior St Ste 300,CHICAGO,IL,60654,30000,general operating support of Chicago program,990-PF,41.895526169611,-87.634935994882,sited
Mayer & Morris Kaplan Foundation,2022,Communities in Schools of Chicago,815 West Van Buren Street Suite 300,CHICAGO,IL,60607,1000,general operating support,990-PF,41.876603022207,-87.648075570713,sited
Mayer & Morris Kaplan Foundation,2022,Crossroads Fund,3411 W Diversey 20,CHICAGO,IL,60647,50000,the Chicago Racial Justice Pooled Fund,990-PF,41.931906846099,-87.712837203673,sited
Mayer & Morris Kaplan Foundation,2022,Elevate Energy,322 S Green St 300,CHICAGO,IL,60607,25000,support of equitable implementation of IRA in Illinois,990-PF,41.877610205745,-87.648476895173,sited
Mayer & Morris Kaplan Foundation,2022,Embarc,PO Box 221450,CHICAGO,IL,60623,1500,general operating support,990-PF,,,intermediary_or_citywide
Mayer & Morris Kaplan Foundation,2022,Embarc,PO Box 221450,CHICAGO,IL,60622,40000,general operating support,990-PF,,,intermediary_or_citywide
Mayer & Morris Kaplan Foundation,2022,Enlace Chicago,2756 S Harding,CHICAGO,IL,60623,35000,general operating support,990-PF,41.841381009931,-87.723326340622,sited
Mayer & Morris Kaplan Foundation,2022,Forefront co FBRK Impact House,200 W Madison St 2nd Floor,CHICAGO,IL,60606,3215,2022 membership,990-PF,41.881999441643,-87.633899204958,sited
Mayer & Morris Kaplan Foundation,2022,Friends of Brentano School,2723 N Fairfield Ave,CHICAGO,IL,60647,500,general operating support,990-PF,41.930643424615,-87.696315209033,sited
Mayer & Morris Kaplan Foundation,2022,Goodkids Madcity - Englewood,2050 W 59th St,CHICAGO,IL,60636,15000,general operating support,990-PF,41.786667867817,-87.675627620902,sited
Mayer & Morris Kaplan Foundation,2022,Gray Matter Experience,222 North Canal Street,CHICAGO,IL,60606,21000,general operating support,990-PF,41.885999307712,-87.63992174998,sited
Mayer & Morris Kaplan Foundation,2022,Greenwood Project,119 N Clinton Street 202,CHICAGO,IL,60661,21000,general operating support,990-PF,41.883724594496,-87.641174621867,sited
Mayer & Morris Kaplan Foundation,2022,Greenwood Project,118 N Clinton Street 202,CHICAGO,IL,60661,1000,general operating support,990-PF,41.883722056026,-87.641328500359,sited
Mayer & Morris Kaplan Foundation,2022,Human Rights Watch,314 West Superior St Ste 300,CHICAGO,IL,60654,1000,general operating support,990-PF,41.895609756967,-87.63707401827,sited
Mayer & Morris Kaplan Foundation,2022,Loyola University Chicago,820 North Michigan Avenue,CHICAGO,IL,60661,40000,general operating support of Arrupe College,990-PF,41.897778543221,-87.624179231671,intermediary_or_citywide
Mayer & Morris Kaplan Foundation,2022,Merit School of Music,38 South Peoria Street,CHICAGO,IL,60607,1000,general operating support,990-PF,41.881214815794,-87.649760056368,sited
Mayer & Morris Kaplan Foundation,2022,Midwest Access Project,5216 N Ravenswood Suite 206,CHICAGO,IL,60640,2000,general operating support,990-PF,41.977158590155,-87.675117167142,sited
Mayer & Morris Kaplan Foundation,2022,Midwest Access Project,5215 N Ravenswood Suite 206,CHICAGO,IL,60640,1000,general operating support,990-PF,41.976560551408,-87.674344180612,sited
Mayer & Morris Kaplan Foundation,2022,National Louis University,122 South Michigan Avenue,CHICAGO,IL,60603,42000,general operating support,990-PF,41.880302594059,-87.624513078081,intermediary_or_citywide
Mayer & Morris Kaplan Foundation,2022,Network for College Success,969 East 60th Street,CHICAGO,IL,60637,42000,general operating support,990-PF,41.785859115802,-87.602022324313,intermediary_or_citywide
Mayer & Morris Kaplan Foundation,2022,NewRoot Learning Institute (formerly Umoja),910 West Van Buren St Suite 710,CHICAGO,IL,60607,40000,general operating support,990-PF,41.876689443447,-87.649972392414,sited
Mayer & Morris Kaplan Foundation,2022,North Lawndale College Preparatory School,1615 South Christiana Ave,CHICAGO,IL,60623,35000,general operating support,990-PF,41.858060456794,-87.70900917669,intermediary_or_citywide
Mayer & Morris Kaplan Foundation,2022,North Lawndale College Preparatory School,1615 South Christiana Ave,CHICAGO,IL,60623,5000,support of partnership with Chicago State University,990-PF,41.858060456794,-87.70900917669,intermediary_or_citywide
Mayer & Morris Kaplan Foundation,2022,One Million Degrees,180 N Wabash Suite 310,CHICAGO,IL,60601,40000,general operating support of Chicago program,990-PF,41.885383955464,-87.626340906809,sited
Mayer & Morris Kaplan Foundation,2022,OneGoal,180 N Wabash Ave Suite 800,CHICAGO,IL,60601,35000,general operating support of Chicago program,990-PF,41.885383955464,-87.626340906809,sited
Mayer & Morris Kaplan Foundation,2022,Openlands Project,25 E Washington St Suite 1650,CHICAGO,IL,60602,1000,$500 - general operating support; $500 - Birds in my Neighborhood program,990-PF,41.883162849634,-87.626490086268,sited
Mayer & Morris Kaplan Foundation,2022,Palenque LSNA (formerly Logan Square Neighborhood Association),2840 N Milwaukee Ave,CHICAGO,IL,60618,500,general operating support,990-PF,41.932829513241,-87.713684155816,sited
Mayer & Morris Kaplan Foundation,2022,Partnership for College Completion,201 S Michigan Ave 14th Fl,CHICAGO,IL,60604,20000,general operating support,990-PF,41.885817264081,-87.624437320139,intermediary_or_citywide
Mayer & Morris Kaplan Foundation,2022,Partnership for College Completion,200 S Michigan Ave 14th Fl,CHICAGO,IL,60604,10000,support of Illinois Equity in Attainment Initiative,990-PF,41.879498661338,-87.624506074574,intermediary_or_citywide
Mayer & Morris Kaplan Foundation,2022,Planned Parenthood of Illinois,18 S Michigan 6th Floor,CHICAGO,IL,60603,1000,general operating support,990-PF,41.881367819857,-87.624527825232,sited
Mayer & Morris Kaplan Foundation,2022,Resident Association of Greater Englewood,6623 S Union Ave Fl 1,CHICAGO,IL,60621,62500,support of the resident-led fund,990-PF,41.773603720132,-87.642565539182,sited
Mayer & Morris Kaplan Foundation,2022,Sarah's Circle,4838 N Sheridan Road,CHICAGO,IL,60640,1000,general operating support,990-PF,41.970220392732,-87.654924666894,sited
Mayer & Morris Kaplan Foundation,2022,Skills for Chicagoland's Future,191 N Wacker Drive Suite 1150,CHICAGO,IL,60606,10000,general operating support,990-PF,41.885507820257,-87.636743605423,sited
Mayer & Morris Kaplan Foundation,2022,The Chicago Public Education Fund,200 West Adams Suite 1910,CHICAGO,IL,60606,10000,general operating support,990-PF,41.879443442077,-87.633831702154,intermediary_or_citywide
Mayer & Morris Kaplan Foundation,2022,University of Chicago - Consortium on School Research,1313 E 60th St,CHICAGO,IL,60637,20000,support of the Investor Council,990-PF,41.786009496616,-87.594257072829,intermediary_or_citywide
Mayer & Morris Kaplan Foundation,2022,Working Family Solidarity,1857 W 19th St,CHICAGO,IL,60608,500,recommended for support of Women for Green Spaces,990-PF,41.855827887454,-87.672432859048,sited
Mayer & Morris Kaplan Foundation,2022,Working Family Solidarity,1857 W 19th St,CHICAGO,IL,60608,500,general operating support,990-PF,41.855827887454,-87.672432859048,sited
Mayer & Morris Kaplan Foundation,2022,Year Up Chicago,233 West Jackson Blvd 400,CHICAGO,IL,60606,35000,general operating support of Chicago program,990-PF,41.878050850963,-87.634628753828,sited
Mayer & Morris Kaplan Foundation,2022,Youth Guidance,1 North LaSalle Street Suite 900,CHICAGO,IL,60602,1000,support of WOW,990-PF,41.88201744155,-87.632282792682,sited
Mayer & Morris Kaplan Foundation,2023,All Chicago,651 W Washington Suite 504,CHICAGO,IL,60661,10000,support of the Student Emergency Fund,990-PF,41.883104198314,-87.644697339863,sited
Mayer & Morris Kaplan Foundation,2023,Art Institute of Chicago,111 South Michigan Avenue,CHICAGO,IL,606036110,5000,support of racial equity and community engagement initiatives,990-PF,41.880649213362,-87.624171570115,sited
Mayer & Morris Kaplan Foundation,2023,Bottom Line Chicago,65 East Wacker Place Suite 800,CHICAGO,IL,60601,40000,general operating support of Chicago program,990-PF,41.886762848959,-87.625449468425,sited
Mayer & Morris Kaplan Foundation,2023,Braven Inc,100 N LaSalle Street Suite 310,CHICAGO,IL,60602,30000,general operating support of Braven Chicago,990-PF,41.883268441347,-87.632486206776,sited
Mayer & Morris Kaplan Foundation,2023,Chicago CRED,300 E Randolph St Suite 3850,CHICAGO,IL,60601,500,general operating support,990-PF,41.884573440455,-87.620479292826,sited
Mayer & Morris Kaplan Foundation,2023,Chicago CRED,300 E Randolph St Suite 3850,CHICAGO,IL,60601,60000,"support of 100 Blocks, 100 Churches",990-PF,41.884573440455,-87.620479292826,sited
Mayer & Morris Kaplan Foundation,2023,Chicago Public Media,848 East Grand Avenue Navy Pier,CHICAGO,IL,60611,5000,general operating support,990-PF,41.892187438564,-87.609927254642,sited
Mayer & Morris Kaplan Foundation,2023,Chicago State Foundation,9501 S King Dr ADM 322,CHICAGO,IL,606281598,30000,general operating support,990-PF,41.721838929017,-87.6140656214,sited
Mayer & Morris Kaplan Foundation,2023,Chicago Symphony Orchestra,220 South Michigan Avenue,CHICAGO,IL,60604,5000,support of racial equity and community engagement initiatives,990-PF,41.879261225909,-87.624499386276,sited
Mayer & Morris Kaplan Foundation,2023,Chicagoland Workforce Funders Alliance,33 S State Street Suite 750,CHICAGO,IL,60603,15000,support of Chicagoland Workforce Funder Alliance's Pro Path Fund,990-PF,41.881652198165,-87.627682025192,intermediary_or_citywide
Mayer & Morris Kaplan Foundation,2023,Children First Fund The Chicago Public Schools Foundation,200 West Madison Street 2nd Floor,CHICAGO,IL,60606,500,the CPS Dream Fund,990-PF,41.881999441643,-87.633899204958,intermediary_or_citywide
Mayer & Morris Kaplan Foundation,2023,City Colleges of Chicago Foundation,180 N Wabash Suite 200,CHICAGO,IL,60601,500,general operating support,990-PF,41.885383955464,-87.626340906809,intermediary_or_citywide
Mayer & Morris Kaplan Foundation,2023,Cleveland Avenue Foundation for Education Group,222 N Canal St,CHICAGO,IL,606061206,1500,DEI professional development for managers for LEAD,990-PF,41.885999307712,-87.63992174998,intermediary_or_citywide
Mayer & Morris Kaplan Foundation,2023,College Possible,215 W Superior St Ste 300,CHICAGO,IL,60654,30000,general operating support of Chicago program,990-PF,41.895526169611,-87.634935994882,sited
Mayer & Morris Kaplan Foundation,2023,Elevate Energy,322 S Green St 300,CHICAGO,IL,60607,15000,support of equitable implementation of IRA in Illinois,990-PF,41.877610205745,-87.648476895173,sited
Mayer & Morris Kaplan Foundation,2023,Embarc,PO Box 221450,CHICAGO,IL,60622,40000,general operating support,990-PF,,,intermediary_or_citywide
Mayer & Morris Kaplan Foundation,2023,Enlace Chicago,2756 S Harding,CHICAGO,IL,60623,35000,general operating support,990-PF,41.841381009931,-87.723326340622,sited
Mayer & Morris Kaplan Foundation,2023,Gray Matter Experience,20 North Wacker Drive Suite 1200,CHICAGO,IL,60606,25000,general operating support,990-PF,41.882191369239,-87.637100009791,sited
Mayer & Morris Kaplan Foundation,2023,Greenwood Project,118 N Clinton Street 202,CHICAGO,IL,60661,21000,general operating support,990-PF,41.883722056026,-87.641328500359,sited
Mayer & Morris Kaplan Foundation,2023,Kids First Chicago for Education,21 S Clark St Ste 4301,CHICAGO,IL,60603,9000,support of summer internship program,990-PF,41.881923760895,-87.630803072709,sited
Mayer & Morris Kaplan Foundation,2023,Loyola University Chicago,820 North Michigan Avenue,CHICAGO,IL,60661,40000,general operating support of Arrupe College,990-PF,41.897778543221,-87.624179231671,intermediary_or_citywide
Mayer & Morris Kaplan Foundation,2023,National Louis University,122 South Michigan Avenue,CHICAGO,IL,60603,42000,general operating support,990-PF,41.880302594059,-87.624513078081,intermediary_or_citywide
Mayer & Morris Kaplan Foundation,2023,Network for College Success,969 East 60th Street,CHICAGO,IL,60637,42000,general operating support,990-PF,41.785859115802,-87.602022324313,intermediary_or_citywide
Mayer & Morris Kaplan Foundation,2023,NewRoot Learning Institute (formerly Umoja),910 West Van Buren St Suite 710,CHICAGO,IL,60607,40000,general operating support,990-PF,41.876689443447,-87.649972392414,sited
Mayer & Morris Kaplan Foundation,2023,North Lawndale College Preparatory School,1615 South Christiana Ave,CHICAGO,IL,60623,500,general operating support,990-PF,41.858060456794,-87.70900917669,intermediary_or_citywide
Mayer & Morris Kaplan Foundation,2023,North Lawndale College Preparatory School,1615 South Christiana Ave,CHICAGO,IL,60623,500,"support of Peace Warriors, in honor of Jessica Nash",990-PF,41.858060456794,-87.70900917669,intermediary_or_citywide
Mayer & Morris Kaplan Foundation,2023,North Lawndale College Preparatory School,1615 South Christiana Ave,CHICAGO,IL,60623,35000,general operating support,990-PF,41.858060456794,-87.70900917669,intermediary_or_citywide
Mayer & Morris Kaplan Foundation,2023,One Million Degrees,180 N Wabash Suite 310,CHICAGO,IL,60601,500,general operating support,990-PF,41.885383955464,-87.626340906809,sited
Mayer & Morris Kaplan Foundation,2023,One Million Degrees,180 N Wabash Suite 310,CHICAGO,IL,60601,40000,general operating support of Chicago program,990-PF,41.885383955464,-87.626340906809,sited
Mayer & Morris Kaplan Foundation,2023,OneGoal,180 N Wabash Ave Suite 800,CHICAGO,IL,60601,35000,general operating support of Chicago program,990-PF,41.885383955464,-87.626340906809,sited
Mayer & Morris Kaplan Foundation,2023,Partnership for College Completion,200 S Michigan Ave 14th Fl,CHICAGO,IL,60604,20000,general operating support,990-PF,41.879498661338,-87.624506074574,intermediary_or_citywide
Mayer & Morris Kaplan Foundation,2023,The Chicago Public Education Fund,200 West Adams Suite 1910,CHICAGO,IL,60606,10000,general operating support,990-PF,41.879443442077,-87.633831702154,intermediary_or_citywide
Mayer & Morris Kaplan Foundation,2023,University of Chicago - Consortium on School Research,969 E 60th St,CHICAGO,IL,60637,10000,support of the Investor Council,990-PF,41.785859115802,-87.602022324313,intermediary_or_citywide
Mayer & Morris Kaplan Foundation,2023,Year Up Chicago,233 West Jackson Blvd 400,CHICAGO,IL,60606,35000,general operating support of Chicago program,990-PF,41.878050850963,-87.634628753828,sited
Mayer & Morris Kaplan Foundation,2023,Communities in Schools of Chicago,815 West Van Buren Street Suite 300,CHICAGO,IL,60607,500,general operating support,990-PF,41.876603022207,-87.648075570713,sited
Mayer & Morris Kaplan Foundation,2023,Friends of Brentano School,c/o Brentano Math and Science,CHICAGO,IL,60647,1000,general operating support,990-PF,,,intermediary_or_citywide
Mayer & Morris Kaplan Foundation,2023,Midwest Access Project,5215 N Ravenswood Suite 206,CHICAGO,IL,60640,1000,general operating support,990-PF,41.976560551408,-87.674344180612,sited
Mayer & Morris Kaplan Foundation,2023,RefugeeOne,6008 N California Ave,CHICAGO,IL,60659,500,general operating support,990-PF,41.991007177329,-87.699496292923,sited
Mayer & Morris Kaplan Foundation,2023,Sarah's Circle,4838 N Sheridan Road,CHICAGO,IL,60640,1000,general operating support,990-PF,41.970220392732,-87.654924666894,sited
Mayer & Morris Kaplan Foundation,2023,Southwest Organizing Project,2558 W 63rd St,CHICAGO,IL,60629,1000,general operating support,990-PF,41.779263949833,-87.687824155342,sited
Mayer & Morris Kaplan Foundation,2023,Youth Guidance,1 North LaSalle Street Suite 900,CHICAGO,IL,60602,1000,support of the Working on Womanhood program,990-PF,41.88201744155,-87.632282792682,sited
Mayer & Morris Kaplan Foundation,2023,Human Rights Watch,314 West Superior St Ste 300,CHICAGO,IL,60654,500,general operating support,990-PF,41.895609756967,-87.63707401827,sited
Mayer & Morris Kaplan Foundation,2023,Midwest Access Project,5215 N Ravenswood Suite 206,CHICAGO,IL,60640,1000,general operating support,990-PF,41.976560551408,-87.674344180612,sited
Mayer & Morris Kaplan Foundation,2023,Openlands Project,25 E Washington St Suite 1650,CHICAGO,IL,60602,1000,$500 for gen op and $500 for Birds in My Neighborhood Program,990-PF,41.883162849634,-87.626490086268,sited
Mayer & Morris Kaplan Foundation,2023,Planned Parenthood of Illinois,18 S Michigan 6th Floor,CHICAGO,IL,60603,1000,general operating support,990-PF,41.881367819857,-87.624527825232,sited
Mayer & Morris Kaplan Foundation,2023,RefugeeOne,6008 N California Ave,CHICAGO,IL,60659,1000,general operating support,990-PF,41.991007177329,-87.699496292923,sited
Mayer & Morris Kaplan Foundation,2023,Restore Justice Foundation,PO Box 101099,CHICAGO,IL,60610,500,general operating support,990-PF,,,intermediary_or_citywide
Mayer & Morris Kaplan Foundation,2024,Art Institute of Chicago,111 South Michigan Avenue,CHICAGO,IL,60603,5000,general operating support,990-PF,41.880649213362,-87.624171570115,sited
Mayer & Morris Kaplan Foundation,2024,Chicago Public Media,848 East Grand Avenue Navy Pier,CHICAGO,IL,60611,5000,general operating support,990-PF,41.892187438564,-87.609927254642,sited
Mayer & Morris Kaplan Foundation,2024,Chicago Symphony Orchestra,220 South Michigan Avenue,CHICAGO,IL,60604,5000,general operating support,990-PF,41.879261225909,-87.624499386276,sited
Mayer & Morris Kaplan Foundation,2024,All Chicago,651 W Washington Suite 504,CHICAGO,IL,60661,10000,support of the Student Emergency Fund,990-PF,41.883104198314,-87.644697339863,sited
Mayer & Morris Kaplan Foundation,2024,Bottom Line Chicago,65 East Wacker Place Suite 800,CHICAGO,IL,60601,20000,general operating support of Chicago program,990-PF,41.886762848959,-87.625449468425,sited
Mayer & Morris Kaplan Foundation,2024,Braven Inc,100 N LaSalle Street Suite 310,CHICAGO,IL,60602,30000,general operating support of Braven Chicago,990-PF,41.883268441347,-87.632486206776,sited
Mayer & Morris Kaplan Foundation,2024,Chicago CRED,300 E Randolph St Suite 3850,CHICAGO,IL,60601,36000,support of the school partnership pilot,990-PF,41.884573440455,-87.620479292826,sited
Mayer & Morris Kaplan Foundation,2024,Embarc,PO Box 221450,CHICAGO,IL,60622,40000,general operating support,990-PF,,,intermediary_or_citywide
Mayer & Morris Kaplan Foundation,2024,Enlace Chicago,2756 S Harding,CHICAGO,IL,60623,35000,general operating support,990-PF,41.841381009931,-87.723326340622,sited
Mayer & Morris Kaplan Foundation,2024,Gray Matter Experience,20 North Wacker Drive Suite 1200,CHICAGO,IL,60606,10000,general operating support,990-PF,41.882191369239,-87.637100009791,sited
Mayer & Morris Kaplan Foundation,2024,Loyola University Chicago,820 North Michigan Avenue,CHICAGO,IL,60661,40000,general operating support of Arrupe College,990-PF,41.897778543221,-87.624179231671,intermediary_or_citywide
Mayer & Morris Kaplan Foundation,2024,Network for College Success,969 East 60th Street,CHICAGO,IL,60637,42000,general operating support,990-PF,41.785859115802,-87.602022324313,intermediary_or_citywide
Mayer & Morris Kaplan Foundation,2024,North Lawndale College Preparatory School,1615 South Christiana Ave,CHICAGO,IL,60623,35000,general operating support,990-PF,41.858060456794,-87.70900917669,intermediary_or_citywide
Mayer & Morris Kaplan Foundation,2024,OneGoal,180 N Wabash Ave Suite 800,CHICAGO,IL,60601,35000,general operating support of Chicago program,990-PF,41.885383955464,-87.626340906809,sited
Mayer & Morris Kaplan Foundation,2024,Small Moves Foundation,540 North Dearborn Street 101080,CHICAGO,IL,60610,44000,support of the Principal Emergency Fund,990-PF,41.89191229321,-87.629736253072,sited
Mayer & Morris Kaplan Foundation,2024,The Chicago Public Education Fund,200 West Adams Suite 1910,CHICAGO,IL,60606,10000,general operating support,990-PF,41.879443442077,-87.633831702154,intermediary_or_citywide
Mayer & Morris Kaplan Foundation,2024,University of Chicago - Consortium on School Research,969 E 60th St,CHICAGO,IL,60637,10000,support of the Investor Council,990-PF,41.785859115802,-87.602022324313,intermediary_or_citywide
Mayer & Morris Kaplan Foundation,2024,College Possible,833 N Orleans Street Suite 400,CHICAGO,IL,60647,30000,general operating support of Chicago program,990-PF,41.898105408764,-87.637152976878,sited
Mayer & Morris Kaplan Foundation,2024,National Louis University,122 South Michigan Avenue,CHICAGO,IL,60603,45000,support of Learn and Earn in Three,990-PF,41.880302594059,-87.624513078081,intermediary_or_citywide
Mayer & Morris Kaplan Foundation,2024,One Million Degrees,180 N Wabash Suite 415,CHICAGO,IL,60601,40000,general operating support,990-PF,41.885383955464,-87.626340906809,sited
Mayer & Morris Kaplan Foundation,2024,Chicago CRED,300 E Randolph St Suite 3850,CHICAGO,IL,60601,500,general operating support,990-PF,41.884573440455,-87.620479292826,sited
Mayer & Morris Kaplan Foundation,2024,The Chicago Public Education Fund,200 West Adams Suite 1910,CHICAGO,IL,60606,4500,support of LSC summer intern,990-PF,41.879443442077,-87.633831702154,intermediary_or_citywide
Mayer & Morris Kaplan Foundation,2024,Forefront,C/O FBRK Impact House 200 W Madison,CHICAGO,IL,60606,2913,2024 membership,990-PF,41.881999441643,-87.633899204958,intermediary_or_citywide
Mayer & Morris Kaplan Foundation,2024,Chicago State Foundation,9501 S King Dr ADM 322,CHICAGO,IL,60628,30000,general operating support,990-PF,41.721838929017,-87.6140656214,sited
Mayer & Morris Kaplan Foundation,2024,Chicagoland Workforce Funders Alliance,33 S State Street Suite 750,CHICAGO,IL,60603,15000,support of Chicagoland Workforce Funder Alliance's Pro Path Fund,990-PF,41.881652198165,-87.627682025192,intermediary_or_citywide
Mayer & Morris Kaplan Foundation,2024,Greenwood Project,231 S La Salle Street Suite 2100,CHICAGO,IL,60604,21000,general operating support,990-PF,41.878647090898,-87.63219337486,sited
Mayer & Morris Kaplan Foundation,2024,Partnership for College Completion,200 S Michigan Ave 14th Fl,CHICAGO,IL,60604,20000,general operating support,990-PF,41.879498661338,-87.624506074574,intermediary_or_citywide
Mayer & Morris Kaplan Foundation,2024,Year Up Chicago,233 West Jackson Blvd 400,CHICAGO,IL,60606,35000,general operating support of Chicago program,990-PF,41.878050850963,-87.634628753828,sited
Mayer & Morris Kaplan Foundation,2024,NewRoot Learning Institute (formerly Umoja),910 West Van Buren St Suite 710,CHICAGO,IL,60607,40000,general operating support,990-PF,41.876689443447,-87.649972392414,sited
Mayer & Morris Kaplan Foundation,2024,Communities in Schools of Chicago,815 West Van Buren Street Suite 300,CHICAGO,IL,60607,1000,general operating support,990-PF,41.876603022207,-87.648075570713,sited
Mayer & Morris Kaplan Foundation,2024,CommunityHealth,2611 W Chicago Ave,CHICAGO,IL,60622,1000,general operating support,990-PF,41.895632216929,-87.692081138071,sited
Mayer & Morris Kaplan Foundation,2024,Friends of Brentano School,c/o Brentano Math and Science,CHICAGO,IL,60647,1000,$500 in support of AAPI and $500 for general operating support,990-PF,,,intermediary_or_citywide
Mayer & Morris Kaplan Foundation,2024,Midwest Access Project,2638 N Greenview Ave,CHICAGO,IL,60614,1000,general operating support,990-PF,41.929677403324,-87.665964637363,sited
Mayer & Morris Kaplan Foundation,2024,Sarah's Circle,4838 N Sheridan Road,CHICAGO,IL,60640,1000,general operating support,990-PF,41.970220392732,-87.654924666894,sited
Mayer & Morris Kaplan Foundation,2024,Youth Guidance,1 North LaSalle Street Suite 900,CHICAGO,IL,60602,1000,support of WOW,990-PF,41.88201744155,-87.632282792682,sited
Mayer & Morris Kaplan Foundation,2024,Embarc,PO Box 221450,CHICAGO,IL,60622,5000,general operating support,990-PF,,,intermediary_or_citywide
Mayer & Morris Kaplan Foundation,2024,Human Rights Watch,314 West Superior St Ste 300,CHICAGO,IL,60654,500,general operating support,990-PF,41.895609756967,-87.63707401827,sited
Mayer & Morris Kaplan Foundation,2024,Merit School of Music,38 South Peoria Street,CHICAGO,IL,60607,1000,general operating support,990-PF,41.881214815794,-87.649760056368,sited
Mayer & Morris Kaplan Foundation,2024,Midwest Access Project,2638 N Greenview Ave,CHICAGO,IL,60614,1000,general operating support,990-PF,41.929677403324,-87.665964637363,sited
Mayer & Morris Kaplan Foundation,2024,Openlands,25 E Washington St Suite 1650,CHICAGO,IL,60602,500,general operating support,990-PF,41.883162849634,-87.626490086268,sited
Mayer & Morris Kaplan Foundation,2024,Planned Parenthood of Illinois,18 S Michigan 6th Floor,CHICAGO,IL,60603,1000,general operating support,990-PF,41.881367819857,-87.624527825232,sited
Mayer & Morris Kaplan Foundation,2024,RefugeeOne,6008 N California Ave,CHICAGO,IL,60659,1000,general operating support,990-PF,41.991007177329,-87.699496292923,sited
Robert Allerton Trust Under Will Dated April 15 1964,2021,THE ART INSTITUTE OF CHICAGO,111 SOUTH MICHIGAN AVE,CHICAGO,IL,60603,1507693,GENERAL,990-PF,41.880649213362,-87.624171570115,sited
Robert Allerton Trust Under Will Dated April 15 1964,2022,THE ART INSTITUTE OF CHICAGO,111 SOUTH MICHIGAN AVE,CHICAGO,IL,60603,1669157,GENERAL,990-PF,41.880649213362,-87.624171570115,sited
Robert Allerton Trust Under Will Dated April 15 1964,2023,THE ART INSTITUTE OF CHICAGO,111 SOUTH MICHIGAN AVE,CHICAGO,IL,60603,1619817,GENERAL,990-PF,41.880649213362,-87.624171570115,sited
Robert Allerton Trust Under Will Dated April 15 1964,2024,THE ART INSTITUTE OF CHICAGO,111 SOUTH MICHIGAN AVE,CHICAGO,IL,60603,1599935,GENERAL,990-PF,41.880649213362,-87.624171570115,sited
Baskin Family Foundation,2021,ACADEMY FOR GLOBAL CITIZENSHIP,44647 W 47TH ST,CHICAGO,IL,60632,25000,EDUCATION,990-PF,,,intermediary_or_citywide
Baskin Family Foundation,2021,BARACK OBAMA FOUNDATION,5235 S HARPER,CHICAGO,IL,60615,100000,INSPIRE & EMPOWER CHANGE,990-PF,41.799935726883,-87.588037196681,sited
Baskin Family Foundation,2021,BUSINESS & PROF PEOPLE FOR PUBLIC INT,25 E WASHINGTON ST SUITE 1515,CHICAGO,IL,60602,5000,PUBLIC INTEREST LAW FIRM AND POLICY CENTER,990-PF,41.883162849634,-87.626490086268,sited
Baskin Family Foundation,2021,BUSINESS & PROF PEOPLE FOR PUBLIC INTEREST,25 E WASHINGTON ST SUITE 1515,CHICAGO,IL,60602,25000,PUBLIC INTEREST LAW FIRM AND POLICY CENTER,990-PF,41.883162849634,-87.626490086268,sited
Baskin Family Foundation,2021,CHIARTS FOUNDATION,2714 W AUGUSTA BLVD,CHICAGO,IL,60622,2500,EDUCATION,990-PF,41.899345169681,-87.695489099391,intermediary_or_citywide
Baskin Family Foundation,2021,CHICAGO CHILDREN'S MUSEUM,700 E GRAND AVE,CHICAGO,IL,60611,35000,EDUCATION,990-PF,41.892187438564,-87.609927254642,intermediary_or_citywide
Baskin Family Foundation,2021,CHICAGO HUMAN RHYTHYM PROJECT,410 S MICHIGAN,CHICAGO,IL,60605,1000,ARTS,990-PF,41.87661684649,-87.624436493807,sited
Baskin Family Foundation,2021,COLUMBIA COLLEGE CHICAGO,720 S MICHIGAN AVE,CHICAGO,IL,60603,1000,EDUCATION,990-PF,41.872862821953,-87.624346042829,intermediary_or_citywide
Baskin Family Foundation,2021,ENVIRONMENTAL LAW & POLICY CENTER,35 E WACKER STE 1600,CHICAGO,IL,60601,25000,ENVIRONMENTAL ISSUES,990-PF,41.887530047162,-87.625851774658,sited
Baskin Family Foundation,2021,EXPERIMENTAL STATION,6100 S BLACKSTONE AVE,CHICAGO,IL,60637,2588,AGRICULTURAL RESEARCH,990-PF,41.783881985116,-87.59037351009,sited
Baskin Family Foundation,2021,GREATER CHICAGO FOOD DEPOSITORY,4100 W ANN LURIE PL,CHICAGO,IL,60632,1000,FOOD FOR THE NEEDY,990-PF,,,intermediary_or_citywide
Baskin Family Foundation,2021,HEDWIG DANCES,1016 N DEARBORN,CHICAGO,IL,60610,1000,ARTS,990-PF,41.900820818296,-87.629974827064,sited
Baskin Family Foundation,2021,HUBBARD STREET DANCE,1147 W JACKSON BLVD,CHICAGO,IL,60607,5000,ARTS,990-PF,41.87774485224,-87.656643473519,sited
Baskin Family Foundation,2021,JOHN HOWARD ASSOCATION,70 E LAKE ST,CHICAGO,IL,60601,25000,CRIMINAL JUSTICE,990-PF,41.885782775355,-87.625858436593,sited
Baskin Family Foundation,2021,LURIE CHILDREN'S FOUNDATION,225 E CHICAGO AVE,CHICAGO,IL,60611,1000,CHILDREN'S RIGHTS,990-PF,41.896693751301,-87.622923905467,intermediary_or_citywide
Baskin Family Foundation,2021,MIKVA CHALLENGE,200 S MICHIGAN AVE,CHICAGO,IL,60604,5000,EDUCATION,990-PF,41.879498661338,-87.624506074574,sited
Baskin Family Foundation,2021,NEW MOMS,5317 W CHICAGO AVE,CHICAGO,IL,60651,15000,EDUCATION,990-PF,41.894853854979,-87.75837321066,sited
Baskin Family Foundation,2021,PANORAMA GLOBAL,918 W SCHOOL ST,CHICAGO,IL,60606,1023,EDUCATION,990-PF,41.941807489551,-87.653481292492,sited
Baskin Family Foundation,2021,PERSPECTIVES CHARTER SCHOOLS,1530 S STATE ST,CHICAGO,IL,60605,5000,EDUCATION,990-PF,41.861206535785,-87.627444756278,sited
Baskin Family Foundation,2021,PERSPECTIVES CHARTER SCHOOLS,1530 S STATE ST,CHICAGO,IL,60605,5000,EDUCATION,990-PF,41.861206535785,-87.627444756278,sited
Baskin Family Foundation,2021,PUBLIC HOUSING MUSEUM,625 N KINGSBURY,CHICAGO,IL,60654,25000,EDUCATION,990-PF,41.893067290933,-87.641040583272,intermediary_or_citywide
Baskin Family Foundation,2021,REFUGEEONE,5705 N LINCOLN AVE,CHICAGO,IL,60659,35000,WORLDWIDE REFUGEE SUPPORT,990-PF,41.985170641501,-87.698477343582,sited
Baskin Family Foundation,2021,RESTORE JUSTICE FOUNDATION,445 N WELLS ST STE 200,CHICAGO,IL,60654,50000,CRIMINAL JUSTICE,990-PF,41.89034146818,-87.633960483887,intermediary_or_citywide
Baskin Family Foundation,2021,SHRIVER CENTER ON POVERTY LAW,111 N WABASH,CHICAGO,IL,60602,25000,SOCIAL JUSTICE,990-PF,41.885236216357,-87.626185290342,sited
Baskin Family Foundation,2021,THE POINT MAGAZINE,30 N LASALLE ST STE 2240,CHICAGO,IL,60602,50000,ARTS,990-PF,41.881117106366,-87.632417926891,sited
Baskin Family Foundation,2021,THE POINT MAGAZINE,30 N LASALLE ST STE 2240,CHICAGO,IL,60602,5000,ARTS,990-PF,41.881117106366,-87.632417926891,sited
Baskin Family Foundation,2021,UNIVERSITY OF CHICAGO,5801 S ELLIS,CHICAGO,IL,60637,5000,EDUCATION,990-PF,41.789553508174,-87.601183264568,sited
Baskin Family Foundation,2021,URBAN GATEWAYS,1637 N ASHLAND AVE STE 1,CHICAGO,IL,60622,25000,ENGAGE YOUTH IN ARTS EXPERIENCE,990-PF,41.911644414176,-87.667642532624,sited
Baskin Family Foundation,2021,URBAN INITIATIVES INC,650 W LAKE ST STE 340,CHICAGO,IL,60601,40000,EDUCATION,990-PF,41.885752441579,-87.644321206034,sited
Baskin Family Foundation,2021,WBEZ,848 EAST GRAND AVE,CHICAGO,IL,60611,1000,PUBLIC RADIO,990-PF,41.892187438564,-87.609927254642,sited
Baskin Family Foundation,2021,WORKING CREDIT NFP,111 W WASHINGTON ST STE 900,CHICAGO,IL,60602,60000,CREDIT COUNSELING FOR UNDERPRIVILEDGED,990-PF,41.883153849912,-87.631465022879,sited
Baskin Family Foundation,2021,WORKING IN THE SCHOOLS (WITS),150 N WACKER DR,CHICAGO,IL,60606,250,EDUCATION,990-PF,41.885075882296,-87.637107896676,sited
Baskin Family Foundation,2022,ACADEMY FOR GLOBAL CITIZENSHIP,44647 W 47TH ST,CHICAGO,IL,60632,50000,EDUCATION,990-PF,,,intermediary_or_citywide
Baskin Family Foundation,2022,CHIARTS FOUNDATION,2714 W AUGUSTA BLVD,CHICAGO,IL,60622,1558,EDUCATION,990-PF,41.899345169681,-87.695489099391,intermediary_or_citywide
Baskin Family Foundation,2022,CHICAGO FURNITURE BANK,4801 S WHIPPLE,CHICAGO,IL,60632,10000,FURNITURE FOR THE NEEDY,990-PF,41.806697809933,-87.700193188441,sited
Baskin Family Foundation,2022,CHICAGO HOPE,303 EAST WACKER DR,CHICAGO,IL,60601,1040,REDUCING SOCIAL AND ECONOMIC INEQUITY,990-PF,41.887748427515,-87.620522089915,sited
Baskin Family Foundation,2022,CHICAGO HUMANITIES FESTIVAL,500 N DEARBORN ST STE 825,CHICAGO,IL,60654,6100,ARTS,990-PF,41.875822893506,-87.629320471942,intermediary_or_citywide
Baskin Family Foundation,2022,CHICAGO MEDIA PROJECT,301 W GRAND AVE STE 170,CHICAGO,IL,60654,35000,FILM AND MEDIA PROJECTS,990-PF,41.891505848714,-87.635654215084,sited
Baskin Family Foundation,2022,CITY ELEMENTARY,1100 E HYDE PARK BLVD,CHICAGO,IL,60615,1000,EDUCATION,990-PF,,,intermediary_or_citywide
Baskin Family Foundation,2022,COVENANT HOUSE,2934 W LAKE STQ,CHICAGO,IL,60612,1000,SHELTER FOR HOMELESS YOUTHS,990-PF,41.884181278627,-87.699713330473,sited
Baskin Family Foundation,2022,EXPERIMENTAL STATION,6100 S BLACKSTONE AVE,CHICAGO,IL,60637,1558,AGRICULTURAL RESEACH,990-PF,41.783881985116,-87.59037351009,sited
Baskin Family Foundation,2022,HEDWIG DANCES,1016 N DEARBORN,CHICAGO,IL,60610,1030,ARTS,990-PF,41.900820818296,-87.629974827064,sited
Baskin Family Foundation,2022,HUBBARD STREET DANCE,1147 W JACKSON BLVD,CHICAGO,IL,60607,2752,ARTS,990-PF,41.87774485224,-87.656643473519,sited
Baskin Family Foundation,2022,INJUSTICE WATCH,55 E JACKSON BLVD,CHICAGO,IL,60604,2060,EQUALITY & JUSTICE IN COURTS,990-PF,41.878186887212,-87.626002494406,sited
Baskin Family Foundation,2022,JOHN HOWARD ASSOCATION,70 E LAKE ST,CHICAGO,IL,60601,25000,CRIMINAL JUSTICE,990-PF,41.885782775355,-87.625858436593,sited
Baskin Family Foundation,2022,MIKVA CHALLENGE,200 S MICHIGAN AVE,CHICAGO,IL,60604,5149,EDUCATION,990-PF,41.879498661338,-87.624506074574,sited
Baskin Family Foundation,2022,NEW MOMS,5317 W CHICAGO AVE,CHICAGO,IL,60651,15000,EDUCATION,990-PF,41.894853854979,-87.75837321066,sited
Baskin Family Foundation,2022,NOURISHING HOPE (FORMERLY LAKEVIEW FOOD PANTRY,1716 W HUBBARD STQ,CHICAGO,IL,60622,25000,FOOD PANTRY,990-PF,41.889891478427,-87.670195550102,sited
Baskin Family Foundation,2022,OBAMA ORGANIZATION,5235 S HARPER,CHICAGO,IL,60615,5282,INSPIRE & EMPOWER CHANGE,990-PF,41.799935726883,-87.588037196681,sited
Baskin Family Foundation,2022,OBAMA ORGANIZATION,5235 S HARPER,CHICAGO,IL,60615,10563,INSPIRE & EMPOWER CHANGE,990-PF,41.799935726883,-87.588037196681,sited
Baskin Family Foundation,2022,OBAMA FOUNDATION,5235 S HARPER,CHICAGO,IL,60615,5000,INSPIRE & EMPOWER CHANGE,990-PF,41.799935726883,-87.588037196681,sited
Baskin Family Foundation,2022,PERSPECTIVES CHARTER SCHOOLS,1530 S STATE ST,CHICAGO,IL,60605,15000,EDUCATION,990-PF,41.861206535785,-87.627444756278,sited
Baskin Family Foundation,2022,PLANNED PARENTHOOD FEDERATION OF AMERICA,18 S MICHIGAN,CHICAGO,IL,60602,2000,PUBLIC HEALTH,990-PF,41.881367819857,-87.624527825232,intermediary_or_citywide
Baskin Family Foundation,2022,READING BETWEEN THE LINES,PO BOX 378373,CHICAGO,IL,60637,2500,EDUCATION,990-PF,,,intermediary_or_citywide
Baskin Family Foundation,2022,REFUGEEONE,5705 N LINCOLN AVE,CHICAGO,IL,60659,35000,WORLDWIDE REFUGEE SUPPORT,990-PF,41.985170641501,-87.698477343582,sited
Baskin Family Foundation,2022,RESTORE JUSTICE FOUNDATION,445 N WELLS ST STE 200,CHICAGO,IL,60654,50000,CRIMINAL JUSTICE,990-PF,41.89034146818,-87.633960483887,intermediary_or_citywide
Baskin Family Foundation,2022,RESTORE JUSTICE FOUNDATION,445 N WELLS ST STE 200,CHICAGO,IL,60654,1500,CRIMINAL JUSTICE,990-PF,41.89034146818,-87.633960483887,intermediary_or_citywide
Baskin Family Foundation,2022,RESTORE JUSTICE FOUNDATION,445 N WELLS ST STE 200,CHICAGO,IL,60654,10000,CRIMINAL JUSTICE,990-PF,41.89034146818,-87.633960483887,intermediary_or_citywide
Baskin Family Foundation,2022,THE POINT MAGAZINE,30 N LASALLE ST STE 2240,CHICAGO,IL,60602,25000,ARTS,990-PF,41.881117106366,-87.632417926891,sited
Baskin Family Foundation,2022,THE POINT MAGAZINE,30 N LASALLE ST STE 2240,CHICAGO,IL,60602,60000,ARTS,990-PF,41.881117106366,-87.632417926891,sited
Baskin Family Foundation,2022,JOHN HOWARD ASSOCATION,70 E LAKE ST,CHICAGO,IL,60601,1030,CRIMINAL JUSTICE,990-PF,41.885782775355,-87.625858436593,sited
Baskin Family Foundation,2022,URBAN INITIATIVES INC,650 W LAKE ST STE 340,CHICAGO,IL,60601,40000,EDUCATION,990-PF,41.885752441579,-87.644321206034,sited
Baskin Family Foundation,2022,WBEZ,848 EAST GRAND AVE,CHICAGO,IL,60611,1700,PUBLIC RADIO,990-PF,41.892187438564,-87.609927254642,sited
Baskin Family Foundation,2022,WORKING CREDIT NFP,111 W WASHINGTON ST STE 900,CHICAGO,IL,60602,60000,CREDIT COUNSELING FOR UNDERPRIVILEDGED,990-PF,41.883153849912,-87.631465022879,sited
Baskin Family Foundation,2022,WORKING IN THE SCHOOLS (WITS),150 N WACKER DR,CHICAGO,IL,60606,1000,EDUCATION,990-PF,41.885075882296,-87.637107896676,sited
Baskin Family Foundation,2023,BARACK OBAMA FOUNDATION,5235 S HARPER,CHICAGO,IL,60615,25000,INSPIRE & EMPOWER CHANGE,990-PF,41.799935726883,-87.588037196681,sited
Baskin Family Foundation,2023,CHIARTS FOUNDATION,2714 W AUGUSTA BLVD,CHICAGO,IL,60622,2603,EDUCATION,990-PF,41.899345169681,-87.695489099391,intermediary_or_citywide
Baskin Family Foundation,2023,CHICAGO CHILDREN'S MUSEUM,700 E GRAND AVE,CHICAGO,IL,60611,35000,EDUCATION,990-PF,41.892187438564,-87.609927254642,intermediary_or_citywide
Baskin Family Foundation,2023,CHICAGO FOUNDATION FOR WOMEN,140 S DEARBORN SUITE 400,CHICAGO,IL,60603,1000,WOMEN'S RIGHTS,990-PF,41.879807335912,-87.629433511513,intermediary_or_citywide
Baskin Family Foundation,2023,CHICAGO FOUNDATION FOR WOMEN,140 S DEARBORN SUITE 400,CHICAGO,IL,60603,10000,WOMEN'S RIGHTS,990-PF,41.879807335912,-87.629433511513,intermediary_or_citywide
Baskin Family Foundation,2023,CHICAGO FOUNDATION FOR WOMEN,140 S DEARBORN SUITE 400,CHICAGO,IL,60603,5182,WOMEN'S RIGHTS,990-PF,41.879807335912,-87.629433511513,intermediary_or_citywide
Baskin Family Foundation,2023,CHICAGO MEDIA PROJECT,301 W GRAND AVE STE 170,CHICAGO,IL,60654,25000,FILM AND MEDIA PROJECTS,990-PF,41.891505848714,-87.635654215084,sited
Baskin Family Foundation,2023,CHICAGO MEDIA PROJECT,301 W GRAND AVE STE 170,CHICAGO,IL,60654,20000,FILM AND MEDIA PROJECTS,990-PF,41.891505848714,-87.635654215084,sited
Baskin Family Foundation,2023,CPL FOUNDATION,200 W MADISON ST 3RD FL,CHICAGO,IL,60606,1000,LIBRARY,990-PF,41.881999441643,-87.633899204958,intermediary_or_citywide
Baskin Family Foundation,2023,ERICKSON INSTITUTE,451 N LASALLE ST,CHICAGO,IL,60654,5000,EDUCATION,990-PF,41.890492649322,-87.632388281839,sited
Baskin Family Foundation,2023,HIGH CONCEPT LABORATORIES,2233 S THROOP SUITE 401,CHICAGO,IL,60608,1030,ARTS,990-PF,41.851856596384,-87.658608557734,sited
Baskin Family Foundation,2023,HUBBARD STREET DANCE,1147 W JACKSON BLVD,CHICAGO,IL,60607,25000,ARTS,990-PF,41.87774485224,-87.656643473519,sited
Baskin Family Foundation,2023,HUBBARD STREET DANCE,1147 W JACKSON BLVD,CHICAGO,IL,60607,25000,ARTS,990-PF,41.87774485224,-87.656643473519,sited
Baskin Family Foundation,2023,HUBBARD STREET DANCE,1147 W JACKSON BLVD,CHICAGO,IL,60607,1000,ARTS,990-PF,41.87774485224,-87.656643473519,sited
Baskin Family Foundation,2023,HUBBARD STREET DANCE,1147 W JACKSON BLVD,CHICAGO,IL,60607,460,ARTS,990-PF,41.87774485224,-87.656643473519,sited
Baskin Family Foundation,2023,ILLINOIS HUMANITIES,125 S CLARK ST SUITE 650,CHICAGO,IL,60603,3109,ARTS,990-PF,41.879894571142,-87.630755983561,sited
Baskin Family Foundation,2023,INSPIRATION CORPORATION,4554 N BROADWAY SUITE 207,CHICAGO,IL,60640,10000,JOB TRAININT,990-PF,41.964552431543,-87.657020755639,sited
Baskin Family Foundation,2023,JOFFERY BALLET,10 E RANDOLPH ST,CHICAGO,IL,60601,25000,ARTS,990-PF,41.884546846461,-87.62753189865,sited
Baskin Family Foundation,2023,JOHN HOWARD ASSOCIATION,70 E LAKE ST,CHICAGO,IL,60601,25000,CRIMINAL JUSTICE,990-PF,41.885782775355,-87.625858436593,sited
Baskin Family Foundation,2023,KINDLING GROUP,5501 N CLARK,CHICAGO,IL,60640,5000,DOCUMENTARY FILMS,990-PF,41.98173348181,-87.668357613538,sited
Baskin Family Foundation,2023,LEKET YONI,303 E WACKER DR SUITE 2300,CHICAGO,IL,60601,30000,JEWISH CAUSES,990-PF,41.887748427515,-87.620522089915,sited
Baskin Family Foundation,2023,NEW MOMS,5317 W CHICAGO AVE,CHICAGO,IL,60651,20000,EDUCATION,990-PF,41.894853854979,-87.75837321066,sited
Baskin Family Foundation,2023,NOURISHING HOPE,1716 W HUBBARD STQ,CHICAGO,IL,60622,26250,FOOD PANTRY,990-PF,41.889891478427,-87.670195550102,sited
Baskin Family Foundation,2023,REFUGEEONE,5705 N LINCOLN AVE,CHICAGO,IL,60659,40000,WORLDWIDE REFUGEE SUPPORT,990-PF,41.985170641501,-87.698477343582,sited
Baskin Family Foundation,2023,RESTORE JUSTICE FOUNDATION,445 N WELLS ST STE 200,CHICAGO,IL,60654,75000,CRIMINAL JUSTICE,990-PF,41.89034146818,-87.633960483887,intermediary_or_citywide
Baskin Family Foundation,2023,RESTORE JUSTICE FOUNDATION,445 N WELLS ST STE 200,CHICAGO,IL,60654,75000,CRIMINAL JUSTICE,990-PF,41.89034146818,-87.633960483887,intermediary_or_citywide
Baskin Family Foundation,2023,RESTORE JUSTICE FOUNDATION,445 N WELLS ST STE 200,CHICAGO,IL,60654,5000,CRIMINAL JUSTICE,990-PF,41.89034146818,-87.633960483887,intermediary_or_citywide
Baskin Family Foundation,2023,SARGENT SHRIVER NATIONAL CENTER ON POVERTY LAW,111 N WABASH,CHICAGO,IL,60602,10363,SOCIAL JUSTICE,990-PF,41.885236216357,-87.626185290342,sited
Baskin Family Foundation,2023,THE POINT MAGAZINE,200 E RANDOLPH SUITE 5100,CHICAGO,IL,60601,25000,ARTS,990-PF,41.884581517155,-87.622210571687,sited
Baskin Family Foundation,2023,THE POINT MAGAZINE,200 E RANDOLPH SUITE 5100,CHICAGO,IL,60601,75000,ARTS,990-PF,41.884581517155,-87.622210571687,sited
Baskin Family Foundation,2023,URBAN GATEWAYS,1637 N ASHLAND AVE STE 1,CHICAGO,IL,60622,25000,ENGAGE YOUTH IN ARTS EXPERIENCE,990-PF,41.911644414176,-87.667642532624,sited
Baskin Family Foundation,2023,WBEZ CHICAGO,848 EAST GRAND AVE,CHICAGO,IL,60611,1000,PUBLIC RADIO,990-PF,41.892187438564,-87.609927254642,sited
Baskin Family Foundation,2023,WORKING IN THE SCHOOLS (WITS),150 N WACKER DR,CHICAGO,IL,60606,5258,EDUCATION,990-PF,41.885075882296,-87.637107896676,sited
Baskin Family Foundation,2023,YOUNG CENTER FOR IMMIGRANT CHILDREN'S RIGHTS,PPO BOX 2417,CHICAGO,IL,60690,1000,IMMIGRANT RIGHTS,990-PF,,,intermediary_or_citywide
Baskin Family Foundation,2023,YOUNG CENTER FOR IMMIGRATION,PPO BOX 2417,CHICAGO,IL,60690,1033,IMMIGRANT RIGHTS,990-PF,,,intermediary_or_citywide
The Elizabeth Morse Charitable Trust 2620341200,2021,SILK ROAD RISING,150 NORTH MICHIGAN AVENUE SUITE 19,CHICAGO,IL,60601,25000,TO SUPPORT ENGAGEMENT WITH,990-PF,41.884931224143,-87.624552861651,sited
The Elizabeth Morse Charitable Trust 2620341200,2021,CRADLES TO CRAYONS,4141 W GEORGE STREET,CHICAGO,IL,60641,25000,TO SUPPORT EVERYDAY,990-PF,41.933538382606,-87.73038765577,intermediary_or_citywide
The Elizabeth Morse Charitable Trust 2620341200,2021,CHICAGO CULTURAL ALLIANCE,100 SOUTH STATE STREET 4TH FLOOR,CHICAGO,IL,60603,15000,TO SUPPORT CULTURAL PROGRAM,990-PF,41.880692262374,-87.627807206785,sited
The Elizabeth Morse Charitable Trust 2620341200,2021,OPTIONS FOR YOUTH,5234 S BLACKSTONE AVENUE H,CHICAGO,IL,60615,122500,TO SUPPORT SALARY OF A NEW,990-PF,41.80046880079,-87.590536935916,sited
The Elizabeth Morse Charitable Trust 2620341200,2021,RECOVERY ON WATER,1200 W 35TH STREET,CHICAGO,IL,60609,18000,TO SUPPORT ROW TEAM,990-PF,41.830680444473,-87.655806470223,sited
The Elizabeth Morse Charitable Trust 2620341200,2021,AMERICAN WRITERS MUSEUM,180 NORTH MICHIGAN AVE STE 300,CHICAGO,IL,60601,25000,TO SUPPORT OPERATIONS OF,990-PF,41.885373782983,-87.624570287649,intermediary_or_citywide
The Elizabeth Morse Charitable Trust 2620341200,2021,CHICAGO NEIGHBORHOOD INITIATIVES,1000 EAST 111TH STREET,CHICAGO,IL,60628,100000,AWARD TO PROVIDE OPERATING,990-PF,41.692889412129,-87.600271164724,sited
The Elizabeth Morse Charitable Trust 2620341200,2021,EXPERIMENTAL STATION,6100 SOUTH BLACKSTONE AVENUE,CHICAGO,IL,60637,10000,AWARD TO PROVIDE GENERAL,990-PF,41.783881985116,-87.59037351009,sited
The Elizabeth Morse Charitable Trust 2620341200,2021,CHICAGO PSYCHOANALYTIC INSTITUTE,122 SOUTH MICHIGAN AVENUE 1300,CHICAGO,IL,60603,20000,TO SUPPORT CHILD GRIEF,990-PF,41.880302594059,-87.624513078081,sited
The Elizabeth Morse Charitable Trust 2620341200,2021,CHICAGO COMMUNITY TRUST,PO BOX 577309,CHICAGO,IL,60657,100000,TO COVER PARTIAL EXPENSES,990-PF,,,intermediary_or_citywide
The Elizabeth Morse Charitable Trust 2620341200,2021,CHICAGO HISTORY MUSEUM,1601 NORTH CLARK STREET,CHICAGO,IL,60614,116667,TO PROVIDE CHALLENGE GRANT,990-PF,41.91125225948,-87.631620549744,sited
The Elizabeth Morse Charitable Trust 2620341200,2021,GADS HILL CENTER,1919 WEST CULLERTON AVENUE,CHICAGO,IL,60608,25000,TO SUPPORT THE BUILDING,990-PF,41.854893769929,-87.673968712711,sited
The Elizabeth Morse Charitable Trust 2620341200,2021,SCHOOL OF THE ART INSTITUTE OF CHICAGO,116 SOUTH MICHIGAN AVENUE 5TH FLOO,CHICAGO,IL,60603,20000,TO SUPPORT CAPX INTERNSHIP,990-PF,41.880316555091,-87.624513636521,sited
The Elizabeth Morse Charitable Trust 2620341200,2021,UNION LEAGUE BOYS AND GIRLS CLUBS,65 W JACKSON BOULEVARD,CHICAGO,IL,60604,20000,TO ASSIST YOUTH IN-PERSON,990-PF,41.878103882453,-87.629997767922,sited
The Elizabeth Morse Charitable Trust 2620341200,2021,CIVIC FEDERATION,10 NORTH DEARBORN STREET STE 800,CHICAGO,IL,60602,100000,TO SUPPORT SALARY OF A,990-PF,41.882093407784,-87.629480206316,intermediary_or_citywide
The Elizabeth Morse Charitable Trust 2620341200,2021,OLD TOWN SCHOOL OF FOLK MUSIC,4544 N LINCOLN AVENUE,CHICAGO,IL,60625,50000,ARTS AND COMMUNITY WELLNESS,990-PF,41.963945333996,-87.685578811133,sited
The Elizabeth Morse Charitable Trust 2620341200,2021,BRAIN RESEARCH FOUNDATION,111 WEST WASHINGTON STREET SUITE 1,CHICAGO,IL,60602,20000,TO SUPPORT RESEARCH GRANT,990-PF,41.883153849912,-87.631465022879,intermediary_or_citywide
The Elizabeth Morse Charitable Trust 2620341200,2021,VANDERCOOK COLLEGE OF MUSIC,3140 SOUTH FEDERAL STREET,CHICAGO,IL,60616,15000,AWARD TO PROVIDE SUPPORT OF,990-PF,41.840532048682,-87.629138618525,sited
The Elizabeth Morse Charitable Trust 2620341200,2021,ALBANY PARK COMMUNITY CENTER,5101 NORTH KIMBALL AVENUE,CHICAGO,IL,60625,10000,TO SUPPORT FAMILY SUPPORT,990-PF,41.973980511944,-87.71344163099,sited
The Elizabeth Morse Charitable Trust 2620341200,2021,HOWARD BROWN HEALTH CENTER,4025 NORTH SHERIDAN ROAD,CHICAGO,IL,60613,20000,TO SUPPORT CORE YOUTH,990-PF,41.955245790383,-87.65449057491,sited
The Elizabeth Morse Charitable Trust 2620341200,2021,CHICAGO THEATRE GROUP INC,170 N DEARBORN STREET,CHICAGO,IL,60601,50000,TO SUPPORT THE EXPANSION OF,990-PF,41.885165897733,-87.629554228101,sited
The Elizabeth Morse Charitable Trust 2620341200,2021,AUDITORIUM THEATRE OF ROOSEVELT UNIVERSITY,50 EAST IDA B WELLS DRIVE,CHICAGO,IL,60605,25000,TO SUPPORT ARTXCHANGE,990-PF,,,intermediary_or_citywide
The Elizabeth Morse Charitable Trust 2620341200,2021,NORTHWESTERN MEMORIAL FOUNDATION,541 N FAIRBANKS COURT SUITE 800,CHICAGO,IL,60611,245000,TO SUPPORT FULL-TIME,990-PF,41.89214113481,-87.620164916817,intermediary_or_citywide
The Elizabeth Morse Charitable Trust 2620341200,2021,CENTER FOR DISABILITY & ELDER LAW,205 WEST RANDOLPH SUITE 1610,CHICAGO,IL,60606,25000,TO SUPPORT ADULT,990-PF,41.884413849839,-87.634026677031,sited
The Elizabeth Morse Charitable Trust 2620341200,2021,CHICAGO YOUTH PROGRAMS,5350 SOUTH PRAIRIE AVENUE,CHICAGO,IL,60615,15000,TO SUPPORT THE MENTAL,990-PF,41.797476727518,-87.619372676464,sited
The Elizabeth Morse Charitable Trust 2620341200,2021,ASCEND JUSTICE,555 WEST HARRISON STREET SUITE 190,CHICAGO,IL,60607,15000,TO SUPPORT FAMILY DEFENSE,990-PF,41.874319649623,-87.641756553099,sited
The Elizabeth Morse Charitable Trust 2620341200,2021,BREAKTHROUGH URBAN MINISTRIES,402 NORTH ST LOUIS AVENUE,CHICAGO,IL,60624,10000,TO SUPPORT BREAKTHROUGH,990-PF,41.888393473788,-87.713740407305,intermediary_or_citywide
The Elizabeth Morse Charitable Trust 2620341200,2021,RIVENDELL THEATRE ENSEMBLE,5775 N RIDGE AVENUE,CHICAGO,IL,60660,15000,TO SUPPORT THE SALARY OF,990-PF,41.986995323869,-87.665452372862,sited
The Elizabeth Morse Charitable Trust 2620341200,2021,INNER-CITY COMPUTER STARS FOUNDATION,415 NORTH DEARBORN STREET SUITE 30,CHICAGO,IL,60654,10000,AWARD TO SUPPORT EMERGENCY,990-PF,41.88986464699,-87.629523989164,intermediary_or_citywide
The Elizabeth Morse Charitable Trust 2620341200,2021,CHICAGO SURVIVORS INC,1010 WEST 35TH STREET SUITE 510,CHICAGO,IL,60609,15000,TO SUPPORT YOUTH SUPPORT,990-PF,41.83072928233,-87.651888666022,sited
The Elizabeth Morse Charitable Trust 2620341200,2021,CHICAGO ARCHITECTURE FOUNDATION,111 E WACKER DRIVE SUITE 1321,CHICAGO,IL,60601,140000,TO FUND CITY OF,990-PF,41.888139848633,-87.623818054576,intermediary_or_citywide
The Elizabeth Morse Charitable Trust 2620341200,2021,CIVIC CONSULTING ALLIANCE,21 S CLARK STREET SUITE 4301,CHICAGO,IL,60603,25000,TO SUPPORT RACIAL EQUITY,990-PF,41.881923760895,-87.630803072709,sited
The Elizabeth Morse Charitable Trust 2620341200,2021,THE HONEYCOMB PROJECT,1658 NORTH MILWAUKEE AVE 190,CHICAGO,IL,60647,15000,TO SUPPORT CAPACITY,990-PF,41.911499842121,-87.679313172507,sited
The Elizabeth Morse Charitable Trust 2620341200,2021,CHICAGO NATIONAL BREWSEUM,1158 NORTH HOWE STREET UNIT 3,CHICAGO,IL,60610,50000,TO SUPPORT THE STRATEGIC,990-PF,41.902930141941,-87.644530944079,sited
The Elizabeth Morse Charitable Trust 2620341200,2021,SKYART,3026 E 91ST STREET,CHICAGO,IL,60617,60000,TO SUPPORT EXPANSION OF,990-PF,41.730142463096,-87.550174318593,sited
The Elizabeth Morse Charitable Trust 2620341200,2021,COVENANT HOUSE ILLINOIS,2934 WEST LAKE STREET,CHICAGO,IL,60612,10000,AWARD TO PROVIDE GENERAL,990-PF,41.884181278627,-87.699713330473,sited
The Elizabeth Morse Charitable Trust 2620341200,2021,CHICAGO CRED,300 EAST RANDOLPH STREET SUITE 385,CHICAGO,IL,60601,90000,TO SUPPORT THE VIOLENCE,990-PF,41.884573440455,-87.620479292826,sited
The Elizabeth Morse Charitable Trust 2620341200,2021,CPS LIVES,1244 NORTH STATE PARKWAY,CHICAGO,IL,60601,10000,TO SUPPORT GENERAL,990-PF,41.905044595148,-87.628793418953,sited
The Elizabeth Morse Charitable Trust 2620341200,2021,KIDS FIRST FOR CHICAGO EDUCATION,21 SOUTH CLARK STREET SUITE 4301,CHICAGO,IL,60603,75000,TO PROVIDE GENERAL,990-PF,41.881923760895,-87.630803072709,sited
The Elizabeth Morse Charitable Trust 2620341200,2021,P33,21 SOUTH CLARK STREET SUITE 4301,CHICAGO,IL,60603,150000,TO SUPPORT PATHWAYS AND,990-PF,41.881923760895,-87.630803072709,sited
The Elizabeth Morse Charitable Trust 2620341200,2021,PLAYWORKS EDUCATION ENERGIZED,P O BOX 578261,CHICAGO,IL,60657,15000,TO SUPPORT JUNIOR COACH,990-PF,,,intermediary_or_citywide
The Elizabeth Morse Charitable Trust 2620341200,2022,SILK ROAD RISING,150 NORTH MICHIGAN AVENUE SUITE 19,CHICAGO,IL,60601,25000,TO SUPPORT STORYTELLING,990-PF,41.884931224143,-87.624552861651,sited
The Elizabeth Morse Charitable Trust 2620341200,2022,CHICAGO CULTURAL ALLIANCE,100 SOUTH STATE STREET 4TH FLOOR,CHICAGO,IL,60603,15000,TO SUPPORT INCUBATOR,990-PF,41.880692262374,-87.627807206785,sited
The Elizabeth Morse Charitable Trust 2620341200,2022,COMMON THREADS,222 W MERCHANDISE MART PLAZA STE 1,CHICAGO,IL,60654,15000,TO SUPPORT COOKING AND,990-PF,41.888045283034,-87.634338654764,sited
The Elizabeth Morse Charitable Trust 2620341200,2022,OPTIONS FOR YOUTH,5234 S BLACKSTONE AVENUE H,CHICAGO,IL,60615,55000,TO SUPPORT SALARY OF A NEW,990-PF,41.80046880079,-87.590536935916,sited
The Elizabeth Morse Charitable Trust 2620341200,2022,HAYMARKET CENTER,932 W WASHINGTON STREET,CHICAGO,IL,60607,15000,TO SUPPORT SALARY OF GRANTS,990-PF,41.883138261766,-87.651010426321,sited
The Elizabeth Morse Charitable Trust 2620341200,2022,CHICAGO OPERA THEATER,70 E LAKE STREET SUITE 415,CHICAGO,IL,60601,500000,TO SUPPORT ENDOWMENT,990-PF,41.885782775355,-87.625858436593,sited
The Elizabeth Morse Charitable Trust 2620341200,2022,KARTEMQUIN FILMS,1901 W WELLINGTON AVENUE,CHICAGO,IL,60657,25000,TO SUPPORT GENERAL,990-PF,41.935901422237,-87.675886793358,sited
The Elizabeth Morse Charitable Trust 2620341200,2022,CHICAGO RUN,3611 N KEDZIE AVE,CHICAGO,IL,60618,30000,TO SUPPORT GENERAL,990-PF,41.94684965736,-87.707751772607,sited
The Elizabeth Morse Charitable Trust 2620341200,2022,RECOVERY ON WATER,1200 W 35TH STREET,CHICAGO,IL,60609,19800,TO SUPPORT BREAST CANCER,990-PF,41.830680444473,-87.655806470223,sited
The Elizabeth Morse Charitable Trust 2620341200,2022,AMERICAN WRITERS MUSEUM,180 NORTH MICHIGAN AVE STE 300,CHICAGO,IL,60601,25000,TO SUPPORT OPERATIONS OF,990-PF,41.885373782983,-87.624570287649,intermediary_or_citywide
The Elizabeth Morse Charitable Trust 2620341200,2022,GRANT PARK MUSIC FESTIVAL,205 E RANDOLPH STREET 4TH FLOOR,CHICAGO,IL,60601,25000,TO SUPPORT EXPENSES FOR A,990-PF,41.884225378761,-87.622769087728,sited
The Elizabeth Morse Charitable Trust 2620341200,2022,OLD IRVING PARK COMMUNITY CLINIC,5425 WEST ADDISON STREET,CHICAGO,IL,60641,20000,TO SUPPORT GENERAL,990-PF,41.94586584651,-87.762906989895,sited
The Elizabeth Morse Charitable Trust 2620341200,2022,CHICAGO PSYCHOANALYTIC INSTITUTE,122 SOUTH MICHIGAN AVENUE 1300,CHICAGO,IL,60603,65000,TO SUPPORT CHILD GRIEF,990-PF,41.880302594059,-87.624513078081,sited
The Elizabeth Morse Charitable Trust 2620341200,2022,LOYOLA UNIVERSITY CHICAGO,820 N MICHIGAN AVENUE,CHICAGO,IL,60611,25000,TO SUPPORT OPERATION OF,990-PF,41.897778543221,-87.624179231671,intermediary_or_citywide
The Elizabeth Morse Charitable Trust 2620341200,2022,SCHOOL OF THE ART INSTITUTE OF CHICAGO,116 SOUTH MICHIGAN AVENUE 5TH FLOO,CHICAGO,IL,60603,50000,TO SUPPORT CHICAGO MAKERS,990-PF,41.880316555091,-87.624513636521,sited
The Elizabeth Morse Charitable Trust 2620341200,2022,CHICAGO LIGHTHOUSE FOR BLIND OR VISUALLY IMPAIRED,1850 WEST ROOSEVELT ROAD,CHICAGO,IL,60608,50000,TO SUPPORT LOW VISION,990-PF,41.866924195032,-87.672525512924,sited
The Elizabeth Morse Charitable Trust 2620341200,2022,LUMINARTS CULTURAL FOUNDATION,65 W JACKSON BOULEVARD RM 907,CHICAGO,IL,60604,10000,TO SUPPORT CONTINUED,990-PF,41.878103882453,-87.629997767922,intermediary_or_citywide
The Elizabeth Morse Charitable Trust 2620341200,2022,LEGAL AID CHICAGO,120 S LASALLE STREET SUITE 900,CHICAGO,IL,60603,20000,TO SUPPORT GENERAL,990-PF,41.88008989864,-87.632389221807,sited
The Elizabeth Morse Charitable Trust 2620341200,2022,CHICAGO THEATRE GROUP INC,170 N DEARBORN STREET,CHICAGO,IL,60601,100000,TO SUPPORT INCLUSION PLAN,990-PF,41.885165897733,-87.629554228101,sited
The Elizabeth Morse Charitable Trust 2620341200,2022,CHINESE AMERICAN SERVICE LEAGUE,2141 SOUTH TAN COURT,CHICAGO,IL,60616,25000,TO SUPPORT SENIOR MEALS,990-PF,41.854647348166,-87.635337073848,sited
The Elizabeth Morse Charitable Trust 2620341200,2022,CHICAGO FOUNDATION FOR WOMEN,140 S DEARBORN STREET SUITE 400,CHICAGO,IL,60603,100000,TO UNDERWRITE EXPENSES OF,990-PF,41.879807335912,-87.629433511513,intermediary_or_citywide
The Elizabeth Morse Charitable Trust 2620341200,2022,CHICAGO COMMUNITY TRUST,33 S STATE STREET SUITE 750,CHICAGO,IL,60603,50000,TO SUPPORT IL IMMIGRATION,990-PF,41.881652198165,-87.627682025192,intermediary_or_citywide
The Elizabeth Morse Charitable Trust 2620341200,2022,MERCY HOUSING LAKEFRONT,120 S LASALLE STREET SUITE 1850,CHICAGO,IL,60603,25000,TO SUPPORT HOUSING FOR THE,990-PF,41.88008989864,-87.632389221807,sited
The Elizabeth Morse Charitable Trust 2620341200,2022,COMMUNITIES IN SCHOOLS OF CHICAGO,815 W VAN BUREN STREET,CHICAGO,IL,60607,25000,TO SUPPORT PARTNERSHIP,990-PF,41.876603022207,-87.648075570713,sited
The Elizabeth Morse Charitable Trust 2620341200,2022,BEVERLY THEATRE GUILD,2153 W 111TH STREET,CHICAGO,IL,60643,34500,TO SUPPORT PURCHASE OF,990-PF,41.691811253562,-87.67541203537,sited
The Elizabeth Morse Charitable Trust 2620341200,2022,CANINE THERAPY CORPS,3918 WEST FULLERTON AVE,CHICAGO,IL,60647,20000,TO SUPPORT GROUP TRAINING,990-PF,41.924565275096,-87.724911323281,sited
The Elizabeth Morse Charitable Trust 2620341200,2022,COALITION TO SAVE OUR MENTAL HEALTH CENTERS,5760 W IRVING PARK ROAD,CHICAGO,IL,60634,83333,TO SUPPORT MENTAL HEALTH,990-PF,41.953189437128,-87.771354434576,sited
The Elizabeth Morse Charitable Trust 2620341200,2022,ALLIES FOR COMMUNITY BUSINESS,135 N KEDZIE AVENUE,CHICAGO,IL,60612,25000,TO SUPPORT COSTS FOR,990-PF,41.884052365004,-87.706133523753,sited
The Elizabeth Morse Charitable Trust 2620341200,2022,JOFFREY BALLET OF CHICAGO,10 E RANDOLPH STREET,CHICAGO,IL,60601,50000,TO SUPPORT TECH,990-PF,41.884546846461,-87.62753189865,sited
The Elizabeth Morse Charitable Trust 2620341200,2022,RIVENDELL THEATRE ENSEMBLE,5775 N RIDGE AVENUE,CHICAGO,IL,60660,20000,TO SUPPORT THE SALARY OF,990-PF,41.986995323869,-87.665452372862,sited
The Elizabeth Morse Charitable Trust 2620341200,2022,ILLINOIS JUSTICE PROJECT,21 SOUTH CLARK STREET STE 4301,CHICAGO,IL,60603,200000,TO SUPPORT MORSE GENIUS,990-PF,41.881923760895,-87.630803072709,sited
The Elizabeth Morse Charitable Trust 2620341200,2022,CHICAGO ARCHITECTURE FOUNDATION,111 E WACKER DRIVE SUITE 1321,CHICAGO,IL,60601,25000,TO SUPPORT NEIGHBORHOOD,990-PF,41.888139848633,-87.623818054576,intermediary_or_citywide
The Elizabeth Morse Charitable Trust 2620341200,2022,EVERSIGHT,924 W 19TH PLACE,CHICAGO,IL,60608,25000,TO SUPPORT EYE BANK PROGRAM,990-PF,41.856070446897,-87.648454582524,sited
The Elizabeth Morse Charitable Trust 2620341200,2022,THE HONEYCOMB PROJECT,1658 NORTH MILWAUKEE AVE 190,CHICAGO,IL,60647,50000,TO SUPPORT GENERAL,990-PF,41.911499842121,-87.679313172507,sited
The Elizabeth Morse Charitable Trust 2620341200,2022,CHICAGO CHILDREN'S CHOIR,78 E WASHINGTON STREET 5TH FLOOR,CHICAGO,IL,60602,200000,TO SUPPORT TECHNOLOGY,990-PF,41.883277440933,-87.625067547676,intermediary_or_citywide
The Elizabeth Morse Charitable Trust 2620341200,2022,PEER HEALTH EXCHANGE,223 W JACKSON BOULEVARD SUITE 600,CHICAGO,IL,60606,25000,TO SUPPORT GENERAL,990-PF,41.878050850959,-87.634553292759,sited
The Elizabeth Morse Charitable Trust 2620341200,2022,P33,21 SOUTH CLARK STREET SUITE 4301,CHICAGO,IL,60603,150000,TO SUPPORT PATHWAYS AND,990-PF,41.881923760895,-87.630803072709,sited
The Elizabeth Morse Charitable Trust 2620341200,2022,CHICAGO READER UNDER FISCAL SPONSOR READER INSTITUTE FOR COMMUNITY JOURNALIS,2930 S MICHIGAN AVENUE SUITE 102,CHICAGO,IL,60616,98000,TO SUPPORT GENERAL,990-PF,41.841414856654,-87.62360690116,sited
The Elizabeth Morse Charitable Trust 2620341200,2023,COMMON THREADS,222 W MERCHANDISE MART PLZ STE1212,CHICAGO,IL,60654,50000,SUPPORT IN CULINARY MED.,990-PF,41.888045283034,-87.634338654764,sited
The Elizabeth Morse Charitable Trust 2620341200,2023,OPTIONS FOR YOUTH,1525 EAST 53RD STREET STE 920,CHICAGO,IL,60615,47500,TO SUPPORT SALARY OF A NEW,990-PF,41.799496722425,-87.588295813296,sited
The Elizabeth Morse Charitable Trust 2620341200,2023,METROSQUASH,6100 S COTTAGE GROVE AVENUE,CHICAGO,IL,60637,25000,"SUPPORT ACADEMICS, SQUASH",990-PF,41.783999944407,-87.606083349791,sited
The Elizabeth Morse Charitable Trust 2620341200,2023,HISTORIC PULLMAN FOUNDATION,614 E 113TH STREET,CHICAGO,IL,606284651,25000,SUPPORT EXECUTIVE DIRECTOR,990-PF,41.689237473321,-87.607686275382,sited
The Elizabeth Morse Charitable Trust 2620341200,2023,FOREFRONT,200 WEST MADISON STREET 2ND FLOOR,CHICAGO,IL,60606,30000,SUPPORT EFFORTS FOR RACIAL,990-PF,41.881999441643,-87.633899204958,intermediary_or_citywide
The Elizabeth Morse Charitable Trust 2620341200,2023,THE CHICAGO POETRY CENTER,1448 E 52ND STREET 256,CHICAGO,IL,60615,10000,SUPPORT POETRY CENTERS IN,990-PF,41.80105781244,-87.589800952481,sited
The Elizabeth Morse Charitable Trust 2620341200,2023,BLESSINGS IN A BACKPACK,303 EAST WACKER DRIVE STE 2030,CHICAGO,IL,60601,10000,SUPPORT FEEDING EXPENSES,990-PF,41.887748427515,-87.620522089915,sited
The Elizabeth Morse Charitable Trust 2620341200,2023,CHICAGO NEIGHBORHOOD INITIATIVES,1000 EAST 111TH ST 10TH FLOOR,CHICAGO,IL,60628,100000,SUPPORT TO RECLAIMING,990-PF,41.692889412129,-87.600271164724,sited
The Elizabeth Morse Charitable Trust 2620341200,2023,GRANT PARK MUSIC FESTIVAL,205 E RANDOLPH STREET 4TH FLOOR,CHICAGO,IL,60601,25000,TO SPONSOR GPMF CHORAL,990-PF,41.884225378761,-87.622769087728,sited
The Elizabeth Morse Charitable Trust 2620341200,2023,OLD IRVING PARK COMMUNITY CLINIC,5425 WEST ADDISON STREET,CHICAGO,IL,60641,33000,TO SUPPORT OPERATING AND,990-PF,41.94586584651,-87.762906989895,sited
The Elizabeth Morse Charitable Trust 2620341200,2023,BETTER GOVERNMENT ASSOCIATION,223 W JACKSON BLVD STE 300,CHICAGO,IL,60606,25000,SUPPORT STRATEGIC,990-PF,41.878050850959,-87.634553292759,sited
The Elizabeth Morse Charitable Trust 2620341200,2023,CHICAGO COMMUNITY TRUST,PO BOX 577309,CHICAGO,IL,60657,200000,"SUPPORT ARTS WORK FUND,",990-PF,,,intermediary_or_citywide
The Elizabeth Morse Charitable Trust 2620341200,2023,GADS HILL CENTER,1919 WEST CULLERTON AVENUE,CHICAGO,IL,60608,50000,TO SUPPORT THE BUILDING,990-PF,41.854893769929,-87.673968712711,sited
The Elizabeth Morse Charitable Trust 2620341200,2023,THE NEWBERRY LIBRARY,60 WEST WALTON STREET,CHICAGO,IL,60610,20000,SUPPORT A MULTIFORMAT,990-PF,41.899859574468,-87.630394134617,sited
The Elizabeth Morse Charitable Trust 2620341200,2023,OLD TOWN SCHOOL OF FOLK MUSIC,4544 N LINCOLN AVENUE,CHICAGO,IL,60625,25000,SUPPORT ARTS AND COMMUNITY,990-PF,41.963945333996,-87.685578811133,sited
The Elizabeth Morse Charitable Trust 2620341200,2023,LUMINARTS CULTURAL FOUNDATION,65 W JACKSON BLVD RM 907,CHICAGO,IL,60604,20000,TO SUPPORT CONTINUED,990-PF,41.878103882453,-87.629997767922,intermediary_or_citywide
The Elizabeth Morse Charitable Trust 2620341200,2023,BRAIN RESEARCH FOUNDATION,111 WEST WASHINGTON ST STE 1460,CHICAGO,IL,60602,20000,TO SUPPORT RESEARCH GRANT,990-PF,41.883153849912,-87.631465022879,intermediary_or_citywide
The Elizabeth Morse Charitable Trust 2620341200,2023,NOURISHING HOPE,1716 W HUBBARD ST,CHICAGO,IL,60622,15000,SUPPORT ONLINE MARKET,990-PF,41.889891478427,-87.670195550102,sited
The Elizabeth Morse Charitable Trust 2620341200,2023,HOWARD BROWN HEALTH CENTER,4025 NORTH SHERIDAN ROAD,CHICAGO,IL,60613,25000,SUPPORT BROADWAY YOUTH,990-PF,41.955245790383,-87.65449057491,sited
The Elizabeth Morse Charitable Trust 2620341200,2023,CHICAGO THEATRE GROUP INC,170 N DEARBORN STREET,CHICAGO,IL,60601,100000,SUPPORT TO IMPLEMENT A,990-PF,41.885165897733,-87.629554228101,sited
The Elizabeth Morse Charitable Trust 2620341200,2023,CONNECTIONS FOR ABUSED WOMEN AND THEIR CHILDREN,1116 NORTH KEDZIE AVE 5TH FLOOR,CHICAGO,IL,60651,20000,SUPPORT THE OPEN DOOR,990-PF,41.901809739887,-87.706833683051,sited
The Elizabeth Morse Charitable Trust 2620341200,2023,CHINESE AMERICAN SERVICE LEAGUE,2141 SOUTH TAN COURT,CHICAGO,IL,60616,100000,SUPPORT CHANGE INSIGHT TECH,990-PF,41.854647348166,-87.635337073848,sited
The Elizabeth Morse Charitable Trust 2620341200,2023,EXECUTIVE SERVICE CORPS,1244 NORTH STATE PARKWAY,CHICAGO,IL,60610,10000,SUPPORT GENERAL OPERATING,990-PF,41.905044595148,-87.628793418953,sited
The Elizabeth Morse Charitable Trust 2620341200,2023,AUDITORIUM THEATRE AT ROOSEVELT UNIVERSITY,50 EAST IDA B WELLS DRIVE,CHICAGO,IL,60605,25000,TO SUPPORT ARTXCHANGE,990-PF,,,intermediary_or_citywide
The Elizabeth Morse Charitable Trust 2620341200,2023,HOUSING OPPORTUNITIES AND MAINTENANCE FOR THE ELDERLY,1419 WEST CARROLL AVNUE FLOOR 2,CHICAGO,IL,60607,10000,SUPPORT GENERAL OPERATIONS.,990-PF,41.88738259328,-87.663331975047,sited
The Elizabeth Morse Charitable Trust 2620341200,2023,CENTER FOR DISABILITY & ELDER LAW,205 WEST RANDOLPH ST STE 1610,CHICAGO,IL,60606,25000,TO SUPPORT ADULT,990-PF,41.884413849839,-87.634026677031,sited
The Elizabeth Morse Charitable Trust 2620341200,2023,CHICAGO FOUNDATION FOR WOMEN,140 S DEARBORN STREET SUITE 400,CHICAGO,IL,60603,50000,TO UNDERWRITE COST OF,990-PF,41.879807335912,-87.629433511513,intermediary_or_citywide
The Elizabeth Morse Charitable Trust 2620341200,2023,BEVERLY THEATRE GUILD,2153 W 111TH STREET,CHICAGO,IL,60643,34500,TO SUPPORT PURCHASE OF,990-PF,41.691811253562,-87.67541203537,sited
The Elizabeth Morse Charitable Trust 2620341200,2023,CHICAGO YOUTH PROGRAMS,5350 SOUTH PRAIRIE AVENUE,CHICAGO,IL,60615,50000,TO SUPPORT THE MENTAL,990-PF,41.797476727518,-87.619372676464,sited
The Elizabeth Morse Charitable Trust 2620341200,2023,MEAL ON WHEELS CHICAGO,314 WEST SUPERIOR ST STE 201,CHICAGO,IL,60654,10000,TO SUPPORT HOME MEAL,990-PF,41.895609756967,-87.63707401827,sited
The Elizabeth Morse Charitable Trust 2620341200,2023,BREAKTHROUGH URBAN MINISTRIES,402 NORTH ST LOUIS AVENUE,CHICAGO,IL,60624,15000,TO SUPPORT BREAKTHROUGH,990-PF,41.888393473788,-87.713740407305,intermediary_or_citywide
The Elizabeth Morse Charitable Trust 2620341200,2023,COALITION TO SAVE OUR MENTAL HEALTH CENTERS,5760 W IRVING PARK ROAD,CHICAGO,IL,60634,83333,TO SUPPORT MENTAL HEALTH,990-PF,41.953189437128,-87.771354434576,sited
The Elizabeth Morse Charitable Trust 2620341200,2023,ALLIES FOR COMMUNITY BUSINESS,135 NORTH KEDZIE AVENUE,CHICAGO,IL,60612,25000,TO SUPPORT NEIGHBORHOOD,990-PF,41.884052365004,-87.706133523753,sited
The Elizabeth Morse Charitable Trust 2620341200,2023,JOFFREY BALLET OF CHICAGO,10 E RANDOLPH STREET,CHICAGO,IL,60601,50000,SUPPORT TECH IMPROVEMENTS,990-PF,41.884546846461,-87.62753189865,sited
The Elizabeth Morse Charitable Trust 2620341200,2023,PUERTO RICAN ARTS ALLIANCE,3000 N ELBRIDGE AVE,CHICAGO,IL,60618,50000,SUPPORT LATIN MUSIC PROJECT,990-PF,41.935441437136,-87.717211197901,sited
The Elizabeth Morse Charitable Trust 2620341200,2023,CHILDREN'S RESEARCH TRIANGLE,70 E LAKE ST STE 1300,CHICAGO,IL,60601,50000,SUPPORT TRAUMA TREATMENT,990-PF,41.885782775355,-87.625858436593,sited
The Elizabeth Morse Charitable Trust 2620341200,2023,LYRIC OPERA OF CHICAGO,20 NORTH WACKER DRIVE STE 860,CHICAGO,IL,60606,18975,TO SUPPORT BOARD RETREAT,990-PF,41.882191369239,-87.637100009791,sited
The Elizabeth Morse Charitable Trust 2620341200,2023,CHICAGO ARCHITECTURE FOUNDATION,111 E WACKER DRIVE SUITE 1321,CHICAGO,IL,60601,58358,TO COMPLETE A SCHEMATIC,990-PF,41.888139848633,-87.623818054576,intermediary_or_citywide
The Elizabeth Morse Charitable Trust 2620341200,2023,URBAN AUTISM SOLUTIONS,1212 WEST FLOURNOY STREET,CHICAGO,IL,60607,20000,TO SUPPORT LIFE LAB PROGRAM,990-PF,41.873284010614,-87.657316317262,sited
The Elizabeth Morse Charitable Trust 2620341200,2023,SAFE FAMILIES FOR CHILDREN ALLIANCE,4300 WEST IRVING PARK ROAD,CHICAGO,IL,60641,20000,TO SUPPORT GENERAL,990-PF,41.953612435052,-87.735513754276,sited
The Elizabeth Morse Charitable Trust 2620341200,2023,HABITAT FOR HUMANITY CHICAGO,1100 WESTCERMAK RD STE 404,CHICAGO,IL,60608,10000,SUPPORT COSTS FOR,990-PF,41.852604166098,-87.653129349811,sited
The Elizabeth Morse Charitable Trust 2620341200,2023,UNITING VOICES CHICAGO,78 E WASHINGTON STREET 5TH FLOOR,CHICAGO,IL,60602,100000,TO SUPPORT TECHNOLOGY,990-PF,41.883277440933,-87.625067547676,sited
The Elizabeth Morse Charitable Trust 2620341200,2023,THE NATIONAL PUBLIC HOUSING MUSEUM,625 N KINGSBURY ST,CHICAGO,IL,60654,50000,SUPPORT HIRING AND 1ST YR,990-PF,41.893067290933,-87.641040583272,intermediary_or_citywide
The Elizabeth Morse Charitable Trust 2620341200,2023,SOUTHSIDETOGETHER ORGANIZING FOR POWER,602 EAST 61ST STREET,CHICAGO,IL,60637,10000,TO SUPPORT YOUNG LEADER FOR,990-PF,41.784029393304,-87.610781396885,sited
The Elizabeth Morse Charitable Trust 2620341200,2023,SKYART,3026 E 91ST STREET,CHICAGO,IL,60617,50000,TO SUPPORT GENERAL,990-PF,41.730142463096,-87.550174318593,sited
The Elizabeth Morse Charitable Trust 2620341200,2023,CPS LIVES,1244 NORTH STATE PARKWAY,CHICAGO,IL,60601,50000,SUPPORT FOR STRATEGIC PLAN,990-PF,41.905044595148,-87.628793418953,sited
The Elizabeth Morse Charitable Trust 2620341200,2023,KIDS FIRST CHICAGO,21 SOUTH CLARK STREET SUITE 4301,CHICAGO,IL,60603,50000,TO PROVIDE GENERAL,990-PF,41.881923760895,-87.630803072709,sited
The Elizabeth Morse Charitable Trust 2620341200,2023,P33,21 SOUTH CLARK STREET SUITE 4301,CHICAGO,IL,60603,150000,TO SUPPORT TALENT PATHWAYS,990-PF,41.881923760895,-87.630803072709,sited
The Elizabeth Morse Charitable Trust 2620341200,2024,HISTORIC PULLMAN FOUNDATION,614 E 113TH STREET,CHICAGO,IL,606284651,50000,SUPPORT EXECUTIVE DIRECTOR,990-PF,41.689237473321,-87.607686275382,sited
The Elizabeth Morse Charitable Trust 2620341200,2024,CHICAGO OPERA THEATER,410 SOUTH MICHIGAN AVENUE SUITE 40,CHICAGO,IL,60605,250000,SUPPORT ENDOWMENT CAMPAIGN,990-PF,41.87661684649,-87.624436493807,sited
The Elizabeth Morse Charitable Trust 2620341200,2024,CHICAGO RUN,4115 NORTH RAVENSWOOD AVENUE SUITE,CHICAGO,IL,60613,20000,SUPPORT GENERAL OPERATIONS,990-PF,41.956366605683,-87.673775682054,sited
The Elizabeth Morse Charitable Trust 2620341200,2024,RECOVERY ON WATER,1010 W 35TH STREET SUITE 600,CHICAGO,IL,60609,24000,SUPPORT OPERATION OF NOVICE,990-PF,41.83072928233,-87.651888666022,sited
The Elizabeth Morse Charitable Trust 2620341200,2024,GRANT PARK MUSIC FESTIVAL,205 E RANDOLPH STREET 4TH FLOOR,CHICAGO,IL,60601,50000,SUPPORT SPONSORSHIP OF 2024,990-PF,41.884225378761,-87.622769087728,sited
The Elizabeth Morse Charitable Trust 2620341200,2024,OLD IRVING PARK COMMUNITY CLINIC,5425 WEST ADDISON STREET,CHICAGO,IL,60641,10000,SUPPORT GENERAL OPERATION,990-PF,41.94586584651,-87.762906989895,sited
The Elizabeth Morse Charitable Trust 2620341200,2024,BETTER GOVERNMENT ASSOCIATION,223 W JACKSON BLVD STE 300,CHICAGO,IL,60606,25000,SUPPORT EXPANDING OUTREACH,990-PF,41.878050850959,-87.634553292759,sited
The Elizabeth Morse Charitable Trust 2620341200,2024,LOYOLA UNIVERSITY CHICAGO,820 N MICHIGAN AVENUE,CHICAGO,IL,60611,25000,SUPPORT OPERATION OF THE,990-PF,41.897778543221,-87.624179231671,intermediary_or_citywide
The Elizabeth Morse Charitable Trust 2620341200,2024,CHICAGO COMMUNITY TRUST,33 SOUTH STATE STREET SUITE 750,CHICAGO,IL,60603,25000,SUPPORT OPERATIONS OF ARTS,990-PF,41.881652198165,-87.627682025192,intermediary_or_citywide
The Elizabeth Morse Charitable Trust 2620341200,2024,CHICAGO HISTORY MUSEUM,1601 NORTH CLARK STREET,CHICAGO,IL,60614,25000,HELP RECRUITING A MAJOR,990-PF,41.91125225948,-87.631620549744,sited
The Elizabeth Morse Charitable Trust 2620341200,2024,SCHOOL OF THE ART INSTITUTE OF CHICAGO,116 SOUTH MICHIGAN AVENUE 5TH FLOO,CHICAGO,IL,60603,50000,TO SUPPORT CHICAGO MAKERS,990-PF,41.880316555091,-87.624513636521,sited
The Elizabeth Morse Charitable Trust 2620341200,2024,THE NEWBERRY LIBRARY,60 WEST WALTON STREET,CHICAGO,IL,60610,10000,SUPPORT A MULTIFORMAT,990-PF,41.899859574468,-87.630394134617,sited
The Elizabeth Morse Charitable Trust 2620341200,2024,CHICAGO LIGHTHOUSE FOR BLIND OR VISUALLY IMPAIRED,1850 WEST ROOSEVELT ROAD,CHICAGO,IL,60608,50000,SUPPORT THE SALARY OF VP OF,990-PF,41.866924195032,-87.672525512924,sited
The Elizabeth Morse Charitable Trust 2620341200,2024,OLD TOWN SCHOOL OF FOLK MUSIC,4544 N LINCOLN AVENUE,CHICAGO,IL,60625,50000,SUPPORT GENERAL OPERATION,990-PF,41.963945333996,-87.685578811133,sited
The Elizabeth Morse Charitable Trust 2620341200,2024,LUMINARTS CULTURAL FOUNDATION,65 W JACKSON BLVD RM 907,CHICAGO,IL,60604,30000,SUPPORT RENEWED CAPACITY,990-PF,41.878103882453,-87.629997767922,intermediary_or_citywide
The Elizabeth Morse Charitable Trust 2620341200,2024,LEGAL AID CHICAGO,120 S LASALLE STREET SUITE 900,CHICAGO,IL,60603,30000,TO SUPPORT GENERAL,990-PF,41.88008989864,-87.632389221807,sited
The Elizabeth Morse Charitable Trust 2620341200,2024,CHICAGO THEATRE GROUP INC,170 N DEARBORN STREET,CHICAGO,IL,60601,100000,SUPPORT TO IMPLEMENT A,990-PF,41.885165897733,-87.629554228101,sited
The Elizabeth Morse Charitable Trust 2620341200,2024,CHINESE AMERICAN SERVICE LEAGUE,2141 SOUTH TAN COURT,CHICAGO,IL,60616,100000,SUPPORT CHANGE INSIGHT TECH,990-PF,41.854647348166,-87.635337073848,sited
The Elizabeth Morse Charitable Trust 2620341200,2024,MERCY HOUSING LAKEFRONT,120 S LASALLE STREET SUITE 1850,CHICAGO,IL,60603,25000,SUPPORT HOUSING FOR THE,990-PF,41.88008989864,-87.632389221807,sited
The Elizabeth Morse Charitable Trust 2620341200,2024,BREAKTHROUGH URBAN MINISTRIES,402 NORTH ST LOUIS AVENUE,CHICAGO,IL,60624,15000,SUPPORT EARLY CHILDHOOD,990-PF,41.888393473788,-87.713740407305,intermediary_or_citywide
The Elizabeth Morse Charitable Trust 2620341200,2024,CANINE THERAPY CORPS,3918 WEST FULLERTON AVE,CHICAGO,IL,60647,20000,TO SUPPORT DOG TRAINING,990-PF,41.924565275096,-87.724911323281,sited
The Elizabeth Morse Charitable Trust 2620341200,2024,COALITION TO SAVE OUR MENTAL HEALTH CENTERS,5760 W IRVING PARK ROAD,CHICAGO,IL,60634,83333,TO SUPPORT MENTAL HEALTH,990-PF,41.953189437128,-87.771354434576,sited
The Elizabeth Morse Charitable Trust 2620341200,2024,ALLIES FOR COMMUNITY BUSINESS,135 NORTH KEDZIE AVENUE,CHICAGO,IL,60612,35000,SUPPORT NEIGHBORHOOD,990-PF,41.884052365004,-87.706133523753,sited
The Elizabeth Morse Charitable Trust 2620341200,2024,JOFFREY BALLET OF CHICAGO,10 E RANDOLPH STREET,CHICAGO,IL,60601,75000,SUPPORT TECHNOLOGICAL,990-PF,41.884546846461,-87.62753189865,sited
The Elizabeth Morse Charitable Trust 2620341200,2024,PUERTO RICAN ARTS ALLIANCE,3000 N ELBRIDGE AVE,CHICAGO,IL,60618,100000,SUPPORT GENERAL OPERATIONS,990-PF,41.935441437136,-87.717211197901,sited
The Elizabeth Morse Charitable Trust 2620341200,2024,CHILDREN'S RESEARCH TRIANGLE,70 E LAKE ST STE 1300,CHICAGO,IL,60601,50000,SUPPORT TRAUMA TREATMENT,990-PF,41.885782775355,-87.625858436593,sited
The Elizabeth Morse Charitable Trust 2620341200,2024,ILLINOIS JUSTICE PROJECT,21 SOUTH CLARK STREET STE 4301,CHICAGO,IL,60603,100000,SUPPORT MORSE GENIUS,990-PF,41.881923760895,-87.630803072709,sited
The Elizabeth Morse Charitable Trust 2620341200,2024,THE HONEYCOMB PROJECT,1658 NORTH MILWAUKEE AVE 190,CHICAGO,IL,60647,50000,SUPPORT TO BUILD,990-PF,41.911499842121,-87.679313172507,sited
The Elizabeth Morse Charitable Trust 2620341200,2024,P33,1234 WEST FULTON STREET,CHICAGO,IL,60607,150000,SUPPORT TALENT PATHWAYS,990-PF,41.886719716614,-87.657573694424,sited
The Elizabeth Morse Charitable Trust 2620341200,2024,CHILDREN'S ONCOLOGYSERVICES INC,213 WEST INSTITUTE STREET SUITE 30,CHICAGO,IL,60606,25000,HELP CHILDREN WITH CANCER,990-PF,41.897355847669,-87.634883771769,sited
The Elizabeth Morse Charitable Trust 2620341200,2024,READERS INSTITUTE FOR COMMUNITY JOURNALI,2930 SOUTH MICHIGAN AVENUE SUITE 1,CHICAGO,IL,60616,98000,SUPPORT REVENUE GROWTH,990-PF,41.841414856654,-87.62360690116,sited
The Elizabeth Morse Charitable Trust 2620341200,2024,ENVISION UNLIMITED,8 SOUTH MICHIGAN AVENUE SUITE 1700,CHICAGO,IL,60603,20000,SUPPORT BUDDY BIKING,990-PF,41.88205455908,-87.624550934438,sited
The Elizabeth Morse Charitable Trust 2620341200,2024,FRIENDS OF HISTORIC SECOND CHURCH,1936 SOUTH MICHIGAN AVENUE,CHICAGO,IL,60616,43750,SUPPORT HIRING OF TWO,990-PF,41.856258195806,-87.623971253257,sited
The Elizabeth Morse Charitable Trust 2620341200,2024,MHUB,1623 WEST FULTON STREET,CHICAGO,IL,60612,12500,SUPPORT THE CATALYZE,990-PF,41.886837393234,-87.668888294658,sited
The Elizabeth Morse Charitable Trust 2620341200,2024,NAVY PIER,600 EAST GRAND AVENUE,CHICAGO,IL,60611,83333,SUPPORT AUDIENCE,990-PF,41.891284002437,-87.644451568887,intermediary_or_citywide
The Elizabeth Morse Charitable Trust 2620341200,2024,THE CHICAGO POETRY CENTER,1448 EAST 52ND STREET 256,CHICAGO,IL,60615,10000,SUPPORT POETRY RESIDENCIES,990-PF,41.80105781244,-87.589800952481,sited
The Elizabeth Morse Charitable Trust 2620341200,2024,CHILDREN'S ADVOCATES FOR CHANGE,200 WEST MADISON STREET SUITE 300,CHICAGO,IL,60606,15000,SUPPORT YOUTH PUBLIC POLICY,990-PF,41.881999441643,-87.633899204958,sited
The Elizabeth Morse Charitable Trust 2620341200,2024,RE WORK TRAINING,1 SOUTH DEARBORN STREET 20TH FLOOR,CHICAGO,IL,60603,15000,SUPPORT GENERAL OPERATIONS,990-PF,41.881940393202,-87.629324275157,sited
The Elizabeth Morse Charitable Trust 2620341200,2024,TASKFORCE PREVENTION AND COMMUNITY SERVICES,9 NORTH CICERO AVENUE,CHICAGO,IL,60644,10000,SUPPORT DROP-IN PROGRAM,990-PF,41.880606657715,-87.745204839603,sited
The Elizabeth Morse Charitable Trust 2620341200,2024,BRIGHTPOINT,200 WEST MONROE STREET SUITE 2100,CHICAGO,IL,60606,20000,SUPPORT BEHAVIORAL,990-PF,41.880719814776,-87.633880215174,sited
Harold M and Adeline S Morrison Family Foundation,2021,ADVANCE ILLINOIS,303 E WACKER DRIVE SUITE 500,CHICAGO,IL,60601,5000,GENERAL SUPPORT,990-PF,41.887748427515,-87.620522089915,sited
Harold M and Adeline S Morrison Family Foundation,2021,AUDUBON GREAT LAKES,125 S WACKER DRIVE STE 2125,CHICAGO,IL,60615,2000,GENERAL SUPPORT,990-PF,41.880286916026,-87.636650393905,sited
Harold M and Adeline S Morrison Family Foundation,2021,ENVIRONMENTAL LAW & POLICY CENTER,35 E WACKER DRIVE SUITE 1600,CHICAGO,IL,60601,3000,GENERAL SUPPORT,990-PF,41.887530047162,-87.625851774658,sited
Harold M and Adeline S Morrison Family Foundation,2021,FAITH IN PLACE,70 E LAKE STREET SUITE 920,CHICAGO,IL,60601,3000,GENERAL SUPPORT,990-PF,41.885782775355,-87.625858436593,sited
Harold M and Adeline S Morrison Family Foundation,2021,FAMILY FARMED,225 W HUBBARD STREET SUITE 650,CHICAGO,IL,60601,1000,GENERAL SUPPORT,990-PF,41.889912848944,-87.634872142348,sited
Harold M and Adeline S Morrison Family Foundation,2021,FOREFRONT,200 W MADISON ST 2ND FLR,CHICAGO,IL,60606,1367,GENERAL SUPPORT,990-PF,41.881999441643,-87.633899204958,intermediary_or_citywide
Harold M and Adeline S Morrison Family Foundation,2021,LINCOLN PARK ZOO,2001 N CLARK STREET,CHICAGO,IL,60614,1000,GENERAL SUPPORT,990-PF,41.91854925312,-87.636079895114,sited
Harold M and Adeline S Morrison Family Foundation,2021,LITTLE VILLAGE ENVIRONMENTAL JUSTICE ORG,2445 S SPAULING AVE,CHICAGO,IL,60623,2000,GENERAL SUPPORT,990-PF,41.846816224145,-87.707468753873,sited
Harold M and Adeline S Morrison Family Foundation,2021,NORTH LAWNDALE COLLEGE PREP HIGH SCHOOL,PO BOX 23400,CHICAGO,IL,60623,5000,GENERAL SUPPORT,990-PF,,,intermediary_or_citywide
Harold M and Adeline S Morrison Family Foundation,2021,OPENLANDS,25 E WASHINGTON ST SUITE 1650,CHICAGO,IL,60602,35000,GENERAL SUPPORT,990-PF,41.883162849634,-87.626490086268,sited
Harold M and Adeline S Morrison Family Foundation,2021,THE FIELD MUSEUM,1400 S LAKE SHORE DRIVE,CHICAGO,IL,60605,1000,GENERAL SUPPORT,990-PF,41.865006735724,-87.614118889895,intermediary_or_citywide
Harold M and Adeline S Morrison Family Foundation,2021,THE NATURE CONSERVANCY IN ILLINOIS,8 SOUTH MICHIGAN AVE SUITE 900,CHICAGO,IL,60603,4500,GENERAL SUPPORT,990-PF,41.88205455908,-87.624550934438,sited
Harold M and Adeline S Morrison Family Foundation,2021,UNIVERSITY OF CHICAGOSSA FUND,969 E 60TH STREET,CHICAGO,IL,60637,1000,GENERAL SUPPORT,990-PF,41.785859115802,-87.602022324313,intermediary_or_citywide
Harold M and Adeline S Morrison Family Foundation,2021,GREATER CHICAGO FOOD DEPOSITORY,4100 W ANN LURIE PL,CHICAGO,IL,60632,1000,GENERAL SUPPORT,990-PF,,,intermediary_or_citywide
Harold M and Adeline S Morrison Family Foundation,2021,LEUKIMIA & LYMPHOMA SOCIETY INC,954 W WASHINGTON BLVD 305,CHICAGO,IL,60607,4000,GENERAL SUPPORT,990-PF,41.883130852117,-87.651336449164,sited
Harold M and Adeline S Morrison Family Foundation,2021,MCCORMICK THEOLOGICAL SEMINARY,5640 S UNIVERSITY AVE,CHICAGO,IL,60615,2000,GENERAL SUPPORT,990-PF,41.792493546699,-87.598177451265,intermediary_or_citywide
Harold M and Adeline S Morrison Family Foundation,2021,NATIONAL RESOURCES DEFENSE COUNCIL,20 N UPPER WACKER DR 1600,CHICAGO,IL,60606,1000,GENERAL SUPPORT,990-PF,41.887031011328,-87.627659455674,sited
Harold M and Adeline S Morrison Family Foundation,2021,P33,21 S CLARK ST SUITE 4301,CHICAGO,IL,60603,25000,GENERAL SUPPORT,990-PF,41.881923760895,-87.630803072709,sited
Harold M and Adeline S Morrison Family Foundation,2021,RUSH UNIVERSITY MEDICAL CENTER,1620 W HARRISON ST,CHICAGO,IL,60612,333333,GENERAL SUPPORT,990-PF,41.874246325946,-87.667749960708,intermediary_or_citywide
Harold M and Adeline S Morrison Family Foundation,2022,ADVANCE ILLINOIS,303 E WACKER DRIVE SUITE 500,CHICAGO,IL,60601,5000,GENERAL SUPPORT,990-PF,41.887748427515,-87.620522089915,sited
Harold M and Adeline S Morrison Family Foundation,2022,AUDUBON GREAT LAKES,125 S WACKER DRIVE SUITE 2125,CHICAGO,IL,60606,2000,GENERAL SUPPORT,990-PF,41.880286916026,-87.636650393905,sited
Harold M and Adeline S Morrison Family Foundation,2022,CHICAGO ACADEMY OF SCIENCES PEGGY NOTEBAERT NATURE MUSEUM,2430 N CANNON DRIVE,CHICAGO,IL,60614,1000,GENERAL SUPPORT,990-PF,41.927107827526,-87.634471738483,sited
Harold M and Adeline S Morrison Family Foundation,2022,ENVIRONMENTAL LAW & POLICY CENTER,35 E WACKER DRIVE SUITE 1600,CHICAGO,IL,60601,3000,GENERAL SUPPORT,990-PF,41.887530047162,-87.625851774658,sited
Harold M and Adeline S Morrison Family Foundation,2022,FAITH IN PLACE,70 E LAKE STREET SUITE 920,CHICAGO,IL,60601,2000,GENERAL SUPPORT,990-PF,41.885782775355,-87.625858436593,sited
Harold M and Adeline S Morrison Family Foundation,2022,FRIENDS OF THE CHICAGO RIVER,411 S WELLS STREET SUITE 800,CHICAGO,IL,60607,1000,GENERAL SUPPORT,990-PF,41.876686085723,-87.633613034309,sited
Harold M and Adeline S Morrison Family Foundation,2022,LITTLE VILLAGE ENVIRONMENTAL JUSTICE ORG,2445 S SPAULING AVE,CHICAGO,IL,60623,6000,GENERAL SUPPORT,990-PF,41.846816224145,-87.707468753873,sited
Harold M and Adeline S Morrison Family Foundation,2022,METROSQUASH,6100 S COTTAGE GROVE AVE,CHICAGO,IL,60637,10000,GENERAL SUPPORT,990-PF,41.783999944407,-87.606083349791,sited
Harold M and Adeline S Morrison Family Foundation,2022,NORTH LAWNDALE COLLEGE PREP HIGH SCHOOL,PO BOX 23400 2302 SOUTH PULASKI,CHICAGO,IL,60623,2000,GENERAL SUPPORT,990-PF,41.849618082769,-87.724785569869,intermediary_or_citywide
Harold M and Adeline S Morrison Family Foundation,2022,OPENLANDS,25 E WASHINGTON ST SUITE 1650,CHICAGO,IL,60602,61000,GENERAL SUPPORT,990-PF,41.883162849634,-87.626490086268,sited
Harold M and Adeline S Morrison Family Foundation,2022,P33 CO CIVIC COMMITTEE,21 S CLARK STREET SUITE 4301,CHICAGO,IL,60603,25000,GENERAL SUPPORT,990-PF,41.881923760895,-87.630803072709,sited
Harold M and Adeline S Morrison Family Foundation,2022,RUSH UNIVERSITY MEDICAL CENTER OFFICE OF PHILANTHROPY,1201 W HARRISON ST SUITE 300,CHICAGO,IL,606073319,333333,GENERAL SUPPORT,990-PF,41.874161615653,-87.657004991389,intermediary_or_citywide
Harold M and Adeline S Morrison Family Foundation,2022,THE FIELD MUSEUM,1400 S LAKE SHORE DRIVE,CHICAGO,IL,60605,1000,GENERAL SUPPORT,990-PF,41.865006735724,-87.614118889895,intermediary_or_citywide
Harold M and Adeline S Morrison Family Foundation,2022,THE NATURE CONSERVANCY IN ILLINOIS,8 SOUTH MICHIGAN AVE SUITE 900,CHICAGO,IL,60603,3000,GENERAL SUPPORT,990-PF,41.88205455908,-87.624550934438,sited
Harold M and Adeline S Morrison Family Foundation,2022,UNIVERSITY OF CHICAGOSSA FUND,969 E 60TH STREET,CHICAGO,IL,60637,1000,GENERAL SUPPORT,990-PF,41.785859115802,-87.602022324313,intermediary_or_citywide
Harold M and Adeline S Morrison Family Foundation,2023,ADVANCE ILLINOIS,303 E WACKER DRIVE SUITE 500,CHICAGO,IL,60601,25000,15TH ANNIVERSARY SUPPORT,990-PF,41.887748427515,-87.620522089915,sited
Harold M and Adeline S Morrison Family Foundation,2023,CAMP FOR ALL KIDS,818 E 63RD STREET 193,CHICAGO,IL,60637,20000,GENERAL SUPPORT,990-PF,41.780485701168,-87.604729128067,sited
Harold M and Adeline S Morrison Family Foundation,2023,ENVIRONMENTAL LAW & POLICY CENTER,35 E WACKER DRIVE SUITE 1600,CHICAGO,IL,60601,7500,GENERAL SUPPORT,990-PF,41.887530047162,-87.625851774658,sited
Harold M and Adeline S Morrison Family Foundation,2023,FAITH IN PLACE,70 E LAKE STREET SUITE 920,CHICAGO,IL,60601,5000,GENERAL SUPPORT,990-PF,41.885782775355,-87.625858436593,sited
Harold M and Adeline S Morrison Family Foundation,2023,FRIENDS OF THE CHICAGO RIVER,411 S WELLS STREET SUITE 800,CHICAGO,IL,60607,2500,GENERAL SUPPORT,990-PF,41.876686085723,-87.633613034309,sited
Harold M and Adeline S Morrison Family Foundation,2023,GARDENEERS,3414 WEST ROOSEVELT RD 2,CHICAGO,IL,60624,7000,GENERAL SUPPORT,990-PF,41.866402448603,-87.710946161411,sited
Harold M and Adeline S Morrison Family Foundation,2023,LINCOLN PARK ZOO,2001 N CLARK STREET,CHICAGO,IL,60614,1500,GENERAL SUPPORT,990-PF,41.91854925312,-87.636079895114,sited
Harold M and Adeline S Morrison Family Foundation,2023,MERIT SCHOOL OF MUSIC - JOY FAITH KNAPP MUSIC CENTER,38 SOUTH PEORIA STREET,CHICAGO,IL,60607,2500,GENERAL SUPPORT,990-PF,41.881214815794,-87.649760056368,sited
Harold M and Adeline S Morrison Family Foundation,2023,METROSQUASH,6100 S COTTAGE GROVE AVE,CHICAGO,IL,60637,5000,TO HONOR JANAE MEYER,990-PF,41.783999944407,-87.606083349791,sited
Harold M and Adeline S Morrison Family Foundation,2023,OPENLANDS,25 E WASHINGTON ST SUITE 1650,CHICAGO,IL,60602,62750,GENERAL SUPPORT,990-PF,41.883162849634,-87.626490086268,sited
Harold M and Adeline S Morrison Family Foundation,2023,P33 CO CIVIC COMMITTEE,21 S CLARK STREET SUITE 4301,CHICAGO,IL,60603,25000,GENERAL SUPPORT,990-PF,41.881923760895,-87.630803072709,sited
Harold M and Adeline S Morrison Family Foundation,2023,RUSH UNIVERSITY MEDICAL CENTER OFFICE OF PHILANTHROPY,1201 W HARRISON ST SUITE 300,CHICAGO,IL,606073319,333334,STEANS RBIHE DIRECTORSHIP,990-PF,41.874161615653,-87.657004991389,intermediary_or_citywide
Harold M and Adeline S Morrison Family Foundation,2023,THE FIELD MUSEUM,1400 S LAKE SHORE DRIVE,CHICAGO,IL,60605,1500,GENERAL SUPPORT,990-PF,41.865006735724,-87.614118889895,intermediary_or_citywide
Harold M and Adeline S Morrison Family Foundation,2023,THE NATURE CONSERVANCY IN ILLINOIS,8 SOUTH MICHIGAN AVE SUITE 900,CHICAGO,IL,60603,5000,GENERAL SUPPORT,990-PF,41.88205455908,-87.624550934438,sited
Harold M and Adeline S Morrison Family Foundation,2023,UNIVERSITY OF CHICAGOSSA FUND,969 E 60TH STREET,CHICAGO,IL,60637,1500,CROWN FAMILY SCHOOOL FUND,990-PF,41.785859115802,-87.602022324313,intermediary_or_citywide
Harold M and Adeline S Morrison Family Foundation,2024,ADVANCE ILLINOIS,303 E WACKER DRIVE 19TH FLOOR,CHICAGO,IL,60601,5000,GENERAL SUPPORT,990-PF,41.887748427515,-87.620522089915,sited
Harold M and Adeline S Morrison Family Foundation,2024,ARISE CHICAGO,1700 W HUBBARD 2E,CHICAGO,IL,60622,1000,GENERAL SUPPORT,990-PF,41.889901442277,-87.669624703166,sited
Harold M and Adeline S Morrison Family Foundation,2024,CAMP FOR ALL KIDS,818 E 63RD STREET 193,CHICAGO,IL,60637,25000,GENERAL SUPPORT,990-PF,41.780485701168,-87.604729128067,sited
Harold M and Adeline S Morrison Family Foundation,2024,DEPAUL UNIVERSITY - IRWIN STEANS CENTER,2233 N KENMORE,CHICAGO,IL,60614,9000,SUPPORT ENVIRONMENTAL INTERNSHIPS,990-PF,41.922334095192,-87.654644891592,intermediary_or_citywide
Harold M and Adeline S Morrison Family Foundation,2024,ENVIRONMENTAL LAW & POLICY CENTER,35 E WACKER DRIVE SUITE 1600,CHICAGO,IL,60601,5000,GENERAL SUPPORT,990-PF,41.887530047162,-87.625851774658,sited
Harold M and Adeline S Morrison Family Foundation,2024,FAITH IN PLACE,5416 SOUTH CORNELL AVENUE 4TH FLOOR,CHICAGO,IL,60615,5000,GENERAL SUPPORT,990-PF,41.797894674088,-87.585553366358,sited
Harold M and Adeline S Morrison Family Foundation,2024,FARMWORKER & LANDSCAPER ADVOCACY PROJECT,100 N LASALLE ST SUITE 2500,CHICAGO,IL,60602,4000,FOR WORK IN LAKE COUNTY,990-PF,41.883268441347,-87.632486206776,sited
Harold M and Adeline S Morrison Family Foundation,2024,GARDENEERS,3414 WEST ROOSEVELT RD 2,CHICAGO,IL,60624,7000,GENERAL SUPPORT,990-PF,41.866402448603,-87.710946161411,sited
Harold M and Adeline S Morrison Family Foundation,2024,LINCOLN PARK ZOO,2001 N CLARK STREET,CHICAGO,IL,60614,2500,GENERAL SUPPORT,990-PF,41.91854925312,-87.636079895114,sited
Harold M and Adeline S Morrison Family Foundation,2024,LYRIC OPERA OF CHICAGO,20 N WACKER DR SUITE 860,CHICAGO,IL,60606,5000,GENERAL SUPPORT,990-PF,41.882191369239,-87.637100009791,sited
Harold M and Adeline S Morrison Family Foundation,2024,METROSQUASH,6100 S COTTAGE GROVE AVE,CHICAGO,IL,60637,5000,TO HONOR JANAE MEYER,990-PF,41.783999944407,-87.606083349791,sited
Harold M and Adeline S Morrison Family Foundation,2024,NORTHWESTERN LAKE FOREST HOSPITAL,541 NORTH FAIRBANKS COURT SUITE 800,CHICAGO,IL,60611,1500,GENERAL SUPPORT,990-PF,41.89214113481,-87.620164916817,intermediary_or_citywide
Harold M and Adeline S Morrison Family Foundation,2024,OPENLANDS,25 E WASHINGTON ST SUITE 1650,CHICAGO,IL,60602,53500,GENERAL SUPPORT,990-PF,41.883162849634,-87.626490086268,sited
Harold M and Adeline S Morrison Family Foundation,2024,THE FIELD MUSEUM,1400 S LAKE SHORE DRIVE,CHICAGO,IL,60605,1500,GENERAL SUPPORT,990-PF,41.865006735724,-87.614118889895,intermediary_or_citywide
Harold M and Adeline S Morrison Family Foundation,2024,THE NATURE CONSERVANCY IN ILLINOIS,400 N MICHIGAN AVE SUITE S1100,CHICAGO,IL,60611,5000,GENERAL SUPPORT,990-PF,41.889364493618,-87.624394465091,sited
Harold M and Adeline S Morrison Family Foundation,2024,UNIVERSITY OF CHICAGOSSA FUND,969 E 60TH STREET,CHICAGO,IL,60637,1500,CROWN FAMILY SCHOOOL FUND,990-PF,41.785859115802,-87.602022324313,intermediary_or_citywide
Barney Family Foundation,2021,BIG SHOULDERS FUND,212 W VAN BUREN STREET,CHICAGO,IL,60607,15000,GENERAL PURPOSES,990-PF,41.876900811278,-87.633848353417,intermediary_or_citywide
Barney Family Foundation,2021,CHICAGO POLICE MEMORIAL FOUNDATION,1407 W WASHINGTON BLVD,CHICAGO,IL,60607,10000,GENERAL PURPOSES,990-PF,41.882838851691,-87.662466081001,intermediary_or_citywide
Barney Family Foundation,2021,CHILDREN AT THE CROSSROADS FOUNDATION,751 N STATE STREET,CHICAGO,IL,60654,15000,GENERAL PURPOSES,990-PF,41.896029199523,-87.628105716894,intermediary_or_citywide
Barney Family Foundation,2021,MISERICORDIA - HEART OF MERCY,6300 N RIDGE AVENUE,CHICAGO,IL,60660,30000,GENERAL PURPOSES,990-PF,41.995584734896,-87.675806161321,sited
Barney Family Foundation,2021,NU FEINBERG SCHOOL OF MEDICINE,303 E CHICAGO AVENUE,CHICAGO,IL,60611,50000,GENERAL PURPOSES,990-PF,41.896736212675,-87.620227464553,sited
Barney Family Foundation,2022,BIG SHOULDERS FUND,212 W VAN BUREN STREET,CHICAGO,IL,60607,10000,GENERAL PURPOSES,990-PF,41.876900811278,-87.633848353417,intermediary_or_citywide
Barney Family Foundation,2022,CHICAGO POLICE MEMORIAL FOUNDATION,1407 W WASHINGTON BLVD,CHICAGO,IL,60607,10000,GENERAL PURPOSES,990-PF,41.882838851691,-87.662466081001,intermediary_or_citywide
Barney Family Foundation,2022,MISERICORDIA - HEART OF MERCY,6300 N RIDGE AVENUE,CHICAGO,IL,60660,30000,GENERAL PURPOSES,990-PF,41.995584734896,-87.675806161321,sited
Barney Family Foundation,2022,NU FEINBERG SCHOOL OF MEDICINE,303 E CHICAGO AVENUE,CHICAGO,IL,60611,50000,GENERAL PURPOSES,990-PF,41.896736212675,-87.620227464553,sited
Barney Family Foundation,2023,ALZHEIMER'S ASSOCIATION,225 N MICHIGAN AVENUE 17TH FLOOR,CHICAGO,IL,60601,50000,GENERAL PURPOSES,990-PF,41.886567067898,-87.624456678273,sited
Barney Family Foundation,2023,BIG SHOULDERS FUND,212 W VAN BUREN STREET,CHICAGO,IL,60607,10000,GENERAL PURPOSES,990-PF,41.876900811278,-87.633848353417,intermediary_or_citywide
Barney Family Foundation,2023,CHICAGO POLICE MEMORIAL FOUNDATION,1407 W WASHINGTON BLVD,CHICAGO,IL,60607,20000,GENERAL PURPOSES,990-PF,41.882838851691,-87.662466081001,intermediary_or_citywide
Barney Family Foundation,2023,MISERICORDIA - HEART OF MERCY,6300 N RIDGE AVENUE,CHICAGO,IL,60660,50000,GENERAL PURPOSES,990-PF,41.995584734896,-87.675806161321,sited
Barney Family Foundation,2023,NU FEINBERG SCHOOL OF MEDICINE,303 E CHICAGO AVENUE,CHICAGO,IL,60611,50000,GENERAL PURPOSES,990-PF,41.896736212675,-87.620227464553,sited
Barney Family Foundation,2024,ALZHEIMER'S ASSOCIATION,225 N MICHIGAN AVENUE 17TH FLOOR,CHICAGO,IL,60601,50000,GENERAL PURPOSES,990-PF,41.886567067898,-87.624456678273,sited
Barney Family Foundation,2024,BIG SHOULDERS FUND,212 W VAN BUREN STREET,CHICAGO,IL,60607,10000,GENERAL PURPOSES,990-PF,41.876900811278,-87.633848353417,intermediary_or_citywide
Barney Family Foundation,2024,CHICAGO POLICE MEMORIAL FOUNDATION,1407 W WASHINGTON BLVD,CHICAGO,IL,60607,20000,GENERAL PURPOSES,990-PF,41.882838851691,-87.662466081001,intermediary_or_citywide
Barney Family Foundation,2024,MISERICORDIA - HEART OF MERCY,6300 N RIDGE AVENUE,CHICAGO,IL,60660,50000,GENERAL PURPOSES,990-PF,41.995584734896,-87.675806161321,sited
Barney Family Foundation,2024,NU FEINBERG SCHOOL OF MEDICINE,303 E CHICAGO AVENUE,CHICAGO,IL,60611,50000,GENERAL PURPOSES,990-PF,41.896736212675,-87.620227464553,sited
Kensington Square Foundation Dtd 11091999,2021,CHURCH OF OUR SAVIOR,530 W FULLERTON PARKWAY,CHICAGO,IL,60614,50000,GENERAL SUPPORT,990-PF,41.925605539647,-87.642670247101,sited
Kensington Square Foundation Dtd 11091999,2021,CRISTO REY JESUIT HIGH SCHOOL,1852 W 22ND PLACE,CHICAGO,IL,60608,475000,GENERAL SUPPORT,990-PF,41.851519341172,-87.671822329897,sited
Kensington Square Foundation Dtd 11091999,2021,DEPAUL COLLEGE PREP HIGH SCHOOL,3633 N CALIFORNIA AVENUE,CHICAGO,IL,60618,50000,GENERAL SUPPORT,990-PF,41.947196544296,-87.697970710436,intermediary_or_citywide
Kensington Square Foundation Dtd 11091999,2021,MISERICORDIA,6300 N RIDGE,CHICAGO,IL,60660,100000,GENERAL SUPPORT,990-PF,41.995584734896,-87.675806161321,sited
Kensington Square Foundation Dtd 11091999,2021,STEEP THEATRE,1115 W BERWYN AVENUE,CHICAGO,IL,60640,100000,GENERAL SUPPORT,990-PF,41.978112835162,-87.658418189024,intermediary_or_citywide
Kensington Square Foundation Dtd 11091999,2021,STEPPENWOLF THEATRE,758 W NORTH AVENUE 4TH FLOOR,CHICAGO,IL,60610,50000,GENERAL SUPPORT,990-PF,41.910982820601,-87.647897512444,sited
Kensington Square Foundation Dtd 11091999,2021,THE CARA PROGRAM,237 S DES PLAINES,CHICAGO,IL,60661,50000,GENERAL SUPPORT,990-PF,41.879011277991,-87.643957283452,sited
Kensington Square Foundation Dtd 11091999,2021,TIMELINE THEATRE,615 W WELLINGTON AVENUE,CHICAGO,IL,60657,100000,GENERAL SUPPORT,990-PF,41.936433416616,-87.64489803475,sited
Kensington Square Foundation Dtd 11091999,2021,WINDOW TO THE WORLD COMMUNICATIONS INC (WTTW),5400 N ST LOUIS AVENUE,CHICAGO,IL,60625,100000,GENERAL SUPPORT,990-PF,41.979387355038,-87.716147207409,sited
Kensington Square Foundation Dtd 11091999,2022,ART INSTITUTE OF CHICAGO,111 SOUTH MICHIGAN AVENUE,CHICAGO,IL,60603,10000,GENERAL SUPPORT,990-PF,41.880649213362,-87.624171570115,sited
Kensington Square Foundation Dtd 11091999,2022,CATHOLIC CHARITIES OF CHICAGO,651 WEST LAKE STREET,CHICAGO,IL,60661,25000,GENERAL SUPPORT,990-PF,41.885637850218,-87.644609464264,sited
Kensington Square Foundation Dtd 11091999,2022,CHICAGO PUBLIC RADIO - WBEZ,848 EAST GRAND AVENUE,CHICAGO,IL,60611,20000,GENERAL SUPPORT,990-PF,41.892187438564,-87.609927254642,sited
Kensington Square Foundation Dtd 11091999,2022,CHILDREN AT THE CROSSROADS FOUNDATION,751 N STATE STREET,CHICAGO,IL,60610,25000,GENERAL SUPPORT,990-PF,41.896029199523,-87.628105716894,sited
Kensington Square Foundation Dtd 11091999,2022,CHRIST THE KING JESUIT COLLEGE PREPARATORY SCHOOL,5088 WEST JACKSON BOULEVARD,CHICAGO,IL,60644,25000,GENERAL SUPPORT,990-PF,41.876739695784,-87.752936587079,sited
Kensington Square Foundation Dtd 11091999,2022,COURT THEATRE,5535 S ELLIS AVENUE,CHICAGO,IL,60637,15000,GENERAL SUPPORT,990-PF,41.793856226914,-87.601280040883,sited
Kensington Square Foundation Dtd 11091999,2022,DEPAUL COLLEGE PREP HIGH SCHOOL,3633 N CALIFORNIA AVENUE,CHICAGO,IL,60618,50000,GENERAL SUPPORT,990-PF,41.947196544296,-87.697970710436,intermediary_or_citywide
Kensington Square Foundation Dtd 11091999,2022,LA RABIDA CHILDREN'S HOSPITAL,6501 SOUTH PROMONTORY DRIVE,CHICAGO,IL,60649,90000,GENERAL SUPPORT,990-PF,41.777612120017,-87.572055878947,sited
Kensington Square Foundation Dtd 11091999,2022,MISERICORDIA,6300 N RIDGE,CHICAGO,IL,60660,1097000,GENERAL SUPPORT,990-PF,41.995584734896,-87.675806161321,sited
Kensington Square Foundation Dtd 11091999,2022,OLD ST PATRICK'S CHURCH,711 WEST ADAMS STREET,CHICAGO,IL,60611,50000,GENERAL SUPPORT,990-PF,41.87917277429,-87.646475921502,sited
Kensington Square Foundation Dtd 11091999,2022,OUR LADY OF TEPEYAC HIGH SCHOOL,2228 S WHIPPLE STREET,CHICAGO,IL,60623,50000,GENERAL SUPPORT,990-PF,41.850939555905,-87.701629076556,sited
Kensington Square Foundation Dtd 11091999,2022,SHIRLEY RYAN ABILITYLAB,355 EAST ERIE,CHICAGO,IL,60611,25000,GENERAL SUPPORT,990-PF,41.894168660526,-87.619125924909,sited
Kensington Square Foundation Dtd 11091999,2022,ST IGNATIUS COLLEGE PREPARATORY,1076 W ROOSEVELT ROAD,CHICAGO,IL,60608,35000,GENERAL SUPPORT,990-PF,41.867140445159,-87.651320297627,intermediary_or_citywide
Kensington Square Foundation Dtd 11091999,2022,STEEP THEATRE,1115 W BERWYN AVENUE,CHICAGO,IL,60640,10000,GENERAL SUPPORT,990-PF,41.978112835162,-87.658418189024,intermediary_or_citywide
Kensington Square Foundation Dtd 11091999,2022,STEPPENWOLF THEATRE,758 W NORTH AVENUE 4TH FLOOR,CHICAGO,IL,60610,90000,GENERAL SUPPORT,990-PF,41.910982820601,-87.647897512444,sited
Kensington Square Foundation Dtd 11091999,2022,THE CARA PROGRAM,237 S DES PLAINES,CHICAGO,IL,60661,50000,GENERAL SUPPORT,990-PF,41.879011277991,-87.643957283452,sited
Kensington Square Foundation Dtd 11091999,2022,THE GOODMAN THEATRE,170 N DEARBORN,CHICAGO,IL,60601,25000,GENERAL SUPPORT,990-PF,41.885165897733,-87.629554228101,sited
Kensington Square Foundation Dtd 11091999,2022,THEO UBIQUE THEATRE COMPANY,1331 WEST FARGO 2N,CHICAGO,IL,60626,10000,GENERAL SUPPORT,990-PF,42.017127872401,-87.664225714341,sited
Kensington Square Foundation Dtd 11091999,2022,WINDOW TO THE WORLD COMMUNICATIONS INC (WTTW),5400 N ST LOUIS AVENUE,CHICAGO,IL,60625,200000,GENERAL SUPPORT,990-PF,41.979387355038,-87.716147207409,sited
Kensington Square Foundation Dtd 11091999,2023,ART INSTITUTE OF CHICAGO,111 SOUTH MICHIGAN AVENUE,CHICAGO,IL,60603,12000,GENERAL SUPPORT,990-PF,41.880649213362,-87.624171570115,sited
Kensington Square Foundation Dtd 11091999,2023,CATHOLIC CHARITIES OF CHICAGO,651 WEST LAKE STREET,CHICAGO,IL,60661,25000,GENERAL SUPPORT,990-PF,41.885637850218,-87.644609464264,sited
Kensington Square Foundation Dtd 11091999,2023,CHICAGO ARCHITECTURE FOUNDATION,224 S MICHIGAN AVENUE,CHICAGO,IL,60604,7500,GENERAL SUPPORT,990-PF,41.879213738823,-87.624498048617,intermediary_or_citywide
Kensington Square Foundation Dtd 11091999,2023,CHICAGO HISTORY MUSEUM,1601 N CLARK ST,CHICAGO,IL,60614,5000,GENERAL SUPPORT,990-PF,41.91125225948,-87.631620549744,sited
Kensington Square Foundation Dtd 11091999,2023,CHICAGO PUBLIC RADIO - WBEZ,848 EAST GRAND AVENUE,CHICAGO,IL,60611,20000,GENERAL SUPPORT,990-PF,41.892187438564,-87.609927254642,sited
Kensington Square Foundation Dtd 11091999,2023,CHICAGO SYMPHONY ORCHESTRA,220 SOUTH MICHIGAN AVENUE,CHICAGO,IL,60604,10000,GENERAL SUPPORT,990-PF,41.879261225909,-87.624499386276,sited
Kensington Square Foundation Dtd 11091999,2023,CHILDREN AT THE CROSSROADS FOUNDATION,751 N STATE STREET,CHICAGO,IL,60610,25000,GENERAL SUPPORT,990-PF,41.896029199523,-87.628105716894,sited
Kensington Square Foundation Dtd 11091999,2023,CHRIST THE KING JESUIT COLLEGE PREPARATORY SCHOOL,5088 WEST JACKSON BOULEVARD,CHICAGO,IL,60644,25000,GENERAL SUPPORT,990-PF,41.876739695784,-87.752936587079,sited
Kensington Square Foundation Dtd 11091999,2023,COURT THEATRE,5535 S ELLIS AVENUE,CHICAGO,IL,60637,20000,GENERAL SUPPORT,990-PF,41.793856226914,-87.601280040883,sited
Kensington Square Foundation Dtd 11091999,2023,CRISTO REY JESUIT HIGH SCHOOL,1852 W 22ND PLACE,CHICAGO,IL,60608,210000,GENERAL SUPPORT,990-PF,41.851519341172,-87.671822329897,sited
Kensington Square Foundation Dtd 11091999,2023,DEPAUL COLLEGE PREP HIGH SCHOOL,3633 N CALIFORNIA AVENUE,CHICAGO,IL,60618,50000,GENERAL SUPPORT,990-PF,41.947196544296,-87.697970710436,intermediary_or_citywide
Kensington Square Foundation Dtd 11091999,2023,LA RABIDA CHILDREN'S HOSPITAL,6501 SOUTH PROMONTORY DRIVE,CHICAGO,IL,60649,15000,GENERAL SUPPORT,990-PF,41.777612120017,-87.572055878947,sited
Kensington Square Foundation Dtd 11091999,2023,LINCOLN PARK ZOO,PO BOX 14903,CHICAGO,IL,60614,5000,GENERAL SUPPORT,990-PF,,,intermediary_or_citywide
Kensington Square Foundation Dtd 11091999,2023,MISERICORDIA,6300 N RIDGE,CHICAGO,IL,60660,100000,GENERAL SUPPORT,990-PF,41.995584734896,-87.675806161321,sited
Kensington Square Foundation Dtd 11091999,2023,OLD ST PATRICK'S CHURCH,711 WEST ADAMS STREET,CHICAGO,IL,60611,50000,GENERAL SUPPORT,990-PF,41.87917277429,-87.646475921502,sited
Kensington Square Foundation Dtd 11091999,2023,OUR LADY OF TEPEYAC HIGH SCHOOL,2228 S WHIPPLE STREET,CHICAGO,IL,60623,50000,GENERAL SUPPORT,990-PF,41.850939555905,-87.701629076556,sited
Kensington Square Foundation Dtd 11091999,2023,PORCHLIGHT THEATRE,1016 N DEARBORN STREET,CHICAGO,IL,60610,5000,GENERAL SUPPORT,990-PF,41.900820818296,-87.629974827064,sited
Kensington Square Foundation Dtd 11091999,2023,SHIRLEY RYAN ABILITYLAB,355 EAST ERIE,CHICAGO,IL,60611,25000,GENERAL SUPPORT,990-PF,41.894168660526,-87.619125924909,sited
Kensington Square Foundation Dtd 11091999,2023,STEEP THEATRE,1115 W BERWYN AVENUE,CHICAGO,IL,60640,10000,GENERAL SUPPORT,990-PF,41.978112835162,-87.658418189024,intermediary_or_citywide
Kensington Square Foundation Dtd 11091999,2023,STEPPENWOLF THEATRE,758 W NORTH AVENUE 4TH FLOOR,CHICAGO,IL,60610,95000,GENERAL SUPPORT,990-PF,41.910982820601,-87.647897512444,sited
Kensington Square Foundation Dtd 11091999,2023,THE CARA PROGRAM,237 S DES PLAINES,CHICAGO,IL,60661,50000,GENERAL SUPPORT,990-PF,41.879011277991,-87.643957283452,sited
Kensington Square Foundation Dtd 11091999,2023,THE GOODMAN THEATRE,170 N DEARBORN,CHICAGO,IL,60601,25000,GENERAL SUPPORT,990-PF,41.885165897733,-87.629554228101,sited
Kensington Square Foundation Dtd 11091999,2023,THEO UBIQUE THEATRE COMPANY,1331 WEST FARGO 2N,CHICAGO,IL,60626,15000,GENERAL SUPPORT,990-PF,42.017127872401,-87.664225714341,sited
Kensington Square Foundation Dtd 11091999,2023,UCAN,3605 W FILLMORE ST,CHICAGO,IL,60624,10000,GENERAL SUPPORT,990-PF,,,intermediary_or_citywide
Kensington Square Foundation Dtd 11091999,2023,WINDOW TO THE WORLD COMMUNICATIONS INC (WTTW),5400 N ST LOUIS AVENUE,CHICAGO,IL,60625,275000,GENERAL SUPPORT,990-PF,41.979387355038,-87.716147207409,sited
Kensington Square Foundation Dtd 11091999,2024,ARCHDIOCESE OF CHICAGO,835 N RUSH ST,CHICAGO,IL,60611,25000,GENERAL SUPPORT,990-PF,41.898431824581,-87.626324955917,sited
Kensington Square Foundation Dtd 11091999,2024,ART INSTITUTE OF CHICAGO,111 SOUTH MICHIGAN AVENUE,CHICAGO,IL,60603,50000,GENERAL SUPPORT,990-PF,41.880649213362,-87.624171570115,sited
Kensington Square Foundation Dtd 11091999,2024,CHICAGO SYMPHONY ORCHESTRA,220 SOUTH MICHIGAN AVENUE,CHICAGO,IL,60604,12000,GENERAL SUPPORT,990-PF,41.879261225909,-87.624499386276,sited
Kensington Square Foundation Dtd 11091999,2024,CHILDREN AT THE CROSSROADS FOUNDATION,751 N STATE STREET,CHICAGO,IL,60610,10000,GENERAL SUPPORT,990-PF,41.896029199523,-87.628105716894,sited
Kensington Square Foundation Dtd 11091999,2024,COURT THEATRE,5535 S ELLIS AVENUE,CHICAGO,IL,60637,20000,GENERAL SUPPORT,990-PF,41.793856226914,-87.601280040883,sited
Kensington Square Foundation Dtd 11091999,2024,CRISTO REY JESUIT HIGH SCHOOL,1852 W 22ND PLACE,CHICAGO,IL,60608,200000,GENERAL SUPPORT,990-PF,41.851519341172,-87.671822329897,sited
Kensington Square Foundation Dtd 11091999,2024,DEPAUL COLLEGE PREP HIGH SCHOOL,3633 N CALIFORNIA AVENUE,CHICAGO,IL,60618,25000,GENERAL SUPPORT,990-PF,41.947196544296,-87.697970710436,intermediary_or_citywide
Kensington Square Foundation Dtd 11091999,2024,GOODMAN THEATRE,170 N DEARBORN ST,CHICAGO,IL,60601,25000,GENERAL SUPPORT,990-PF,41.885165897733,-87.629554228101,sited
Kensington Square Foundation Dtd 11091999,2024,GRANT PARK ORCHESTRAL ASSOCIATION,24612 NETWORK PLACE,CHICAGO,IL,60673,40000,GENERAL SUPPORT,990-PF,,,intermediary_or_citywide
Kensington Square Foundation Dtd 11091999,2024,MISERICORDIA,6300 N RIDGE,CHICAGO,IL,60660,100000,GENERAL SUPPORT,990-PF,41.995584734896,-87.675806161321,sited
Kensington Square Foundation Dtd 11091999,2024,OLD ST PATRICK'S CHURCH,711 WEST ADAMS STREET,CHICAGO,IL,60611,50000,GENERAL SUPPORT,990-PF,41.87917277429,-87.646475921502,sited
Kensington Square Foundation Dtd 11091999,2024,OUR LADY OF TEPEYAC HIGH SCHOOL,2228 S WHIPPLE STREET,CHICAGO,IL,60623,50000,GENERAL SUPPORT,990-PF,41.850939555905,-87.701629076556,sited
Kensington Square Foundation Dtd 11091999,2024,RUSH UNIVERSITY MEDICAL CENTER,1700 W VAN BUREN SUITE 250,CHICAGO,IL,60612,15000,GENERAL SUPPORT,990-PF,41.876365444605,-87.669797488581,intermediary_or_citywide
Kensington Square Foundation Dtd 11091999,2024,SHIRLEY RYAN ABILITYLAB,355 EAST ERIE,CHICAGO,IL,60611,5000,GENERAL SUPPORT,990-PF,41.894168660526,-87.619125924909,sited
Kensington Square Foundation Dtd 11091999,2024,STEPPENWOLF THEATRE,758 W NORTH AVENUE 4TH FLOOR,CHICAGO,IL,60610,100000,GENERAL SUPPORT,990-PF,41.910982820601,-87.647897512444,sited
Kensington Square Foundation Dtd 11091999,2024,THE CARA PROGRAM,237 S DES PLAINES,CHICAGO,IL,60661,10000,GENERAL SUPPORT,990-PF,41.879011277991,-87.643957283452,sited
Kensington Square Foundation Dtd 11091999,2024,THEO UBIQUE THEATRE COMPANY,1331 WEST FARGO 2N,CHICAGO,IL,60626,15000,GENERAL SUPPORT,990-PF,42.017127872401,-87.664225714341,sited
Kensington Square Foundation Dtd 11091999,2024,WINDOW TO THE WORLD COMMUNICATIONS INC (WTTW),5400 N ST LOUIS AVENUE,CHICAGO,IL,60625,275000,GENERAL SUPPORT,990-PF,41.979387355038,-87.716147207409,sited
Souder Family Foundation INC,2024,Shedd Aquarium,1200 South Lake Shore Drive,CHICAGO,IL,60605,100000,In support of annual giving,990-PF,41.866476458506,-87.613814359169,sited
Souder Family Foundation INC,2024,Shirley Ryan Ability Lab - Institute's Scuba Progr,Sandra Miller Director of Advancem,CHICAGO,IL,60611,75000,In support of annual giving,990-PF,,,intermediary_or_citywide
Haag Family Foundation,2021,CHICAGO JESUIT ACADEMY,5058 WEST JACKSON BLVD,CHICAGO,IL,606446103,50000,GENERAL PURPOSE,990-PF,41.876756129341,-87.751718112042,sited
Haag Family Foundation,2021,FAMILY MATTERS,7731 N MARSHFIELD AVENUE,CHICAGO,IL,60626,50000,GENERAL PURPOSE,990-PF,42.021607121712,-87.671813262543,sited
Haag Family Foundation,2022,CHICAGO JESUIT ACADEMY,5058 WEST JACKSON BLVD,CHICAGO,IL,606446103,50000,GENERAL PURPOSE,990-PF,41.876756129341,-87.751718112042,sited
Haag Family Foundation,2022,FAMILY MATTERS,7731 N MARSHFIELD AVENUE,CHICAGO,IL,60626,100000,GENERAL PURPOSE,990-PF,42.021607121712,-87.671813262543,sited
Haag Family Foundation,2022,WEST POINT SCHOOL OF MUSIC,7411 SONEY ISLAND AVENUE,CHICAGO,IL,60649,10000,GENERAL PURPOSE,990-PF,,,intermediary_or_citywide
Haag Family Foundation,2022,CHICAGO CENTER FOR URBAN LIFE AND CULTURE,1448 EAST 52ND STREET 430,CHICAGO,IL,60615,12000,GENERAL PURPOSE,990-PF,41.80105781244,-87.589800952481,sited
Haag Family Foundation,2022,CHICAGO MATH SCIENCE ACADEMY,7212 N CLARK ST,CHICAGO,IL,60626,10000,GENERAL PURPOSE,990-PF,42.013266390437,-87.674821760961,sited
Haag Family Foundation,2023,CHICAGO JESUIT ACADEMY,5058 WEST JACKSON BLVD,CHICAGO,IL,606446103,100000,GENERAL PURPOSE,990-PF,41.876756129341,-87.751718112042,sited
Haag Family Foundation,2023,CHICAGO MATH SCIENCE ACADEMY,7212 N CLARK ST,CHICAGO,IL,60626,5000,GENERAL PURPOSE,990-PF,42.013266390437,-87.674821760961,sited
Haag Family Foundation,2023,NOURISHING HOPE,1716 W HUBBARD ST,CHICAGO,IL,60622,17000,GENERAL PURPOSE,990-PF,41.889891478427,-87.670195550102,sited
Haag Family Foundation,2023,SUNSHINE ENTERPRISES,503 E 61ST ST,CHICAGO,IL,60637,15000,GENERAL PURPOSE,990-PF,41.783874865934,-87.613103254139,sited
Haag Family Foundation,2024,CHICAGO JESUIT ACADEMY,5058 WEST JACKSON BLVD,CHICAGO,IL,606446103,50000,GENERAL PURPOSE,990-PF,41.876756129341,-87.751718112042,sited
Haag Family Foundation,2024,CHICAGO MATH SCIENCE ACADEMY,7212 N CLARK ST,CHICAGO,IL,60626,7500,GENERAL PURPOSE,990-PF,42.013266390437,-87.674821760961,sited
Haag Family Foundation,2024,NOURISHING HOPE,1716 W HUBBARD ST,CHICAGO,IL,60622,20000,GENERAL PURPOSE,990-PF,41.889891478427,-87.670195550102,sited
Haag Family Foundation,2024,SUNSHINE ENTERPRISES,503 E 61ST ST,CHICAGO,IL,60637,25000,GENERAL PURPOSE,990-PF,41.783874865934,-87.613103254139,sited
Haag Family Foundation,2024,WEST POINT SCHOOL OF MUSIC,123 W 109TH PL,CHICAGO,IL,60643,50000,GENERAL PURPOSE,990-PF,41.695225479362,-87.626018135043,sited
Ann B and Thomas L Friedman Family Foundation LTD,2024,OBAMA FOUNDATION,5235 SOUTH HARPER COURT SUITE 1140,CHICAGO,IL,60615,10000,ALL CONTRIBUTIONS MADE FOR THE INTENT ESTABLISHED BY THE VARIOUS CHARITIES,990-PF,41.799935726883,-87.588037196681,sited
Walter Family Foundation,2021,BENEDICTINE SISTERS OF CHICAGO,7430 N RIDGE BLVD,CHICAGO,IL,60645,1000,"TO SERVE THE LESS FORTUNATE, CREATING AWARENESSS AND HOPE FOR THOSE IN NEED",990-PF,42.016733560107,-87.684401684922,intermediary_or_citywide
Walter Family Foundation,2021,CHICAGO THEATRE GROUP INC,170 NORTH DEARBORN,CHICAGO,IL,60601,850000,FOR EDUCATION AND COMMUNITY PROGRAMS,990-PF,41.885165897733,-87.629554228101,sited
Walter Family Foundation,2021,CITY YEAR CHICAGO,36 SOUTH WABASH SUITE 1300,CHICAGO,IL,60603,25000,"TO BUILD DEMOCRACY THROUGH CITIZEN SERVICE, CIVIC LEADERSHIP AND SOCIAL ENTREPRENEURSHIP.",990-PF,41.88167964791,-87.626275657545,sited
Walter Family Foundation,2021,FIELD MUSEUM OF NATURAL HISTORY,1400 S LAKE SHORE DRIVE,CHICAGO,IL,60605,50000,TO INSPIRE CURIOSITY ABOUT LIFE ON EARTH WHILE EXPLORING HOW THE WORLD CAME TO BE AND HOW WE CAN MAKE IT A BETER PLACE,990-PF,41.865006735724,-87.614118889895,intermediary_or_citywide
Walter Family Foundation,2021,LINCOLN PARK ZOOLOGICAL SOCIETY,2001 N CLARK STREET,CHICAGO,IL,60614,1000000,FOR THE PRESERVATION OF THE ZOO AND ANIMALS,990-PF,41.91854925312,-87.636079895114,sited
Walter Family Foundation,2021,LOOKINGGLASS THEATRE COMPANY,875 N MICHIGAN AVENUE SUITE 1330,CHICAGO,IL,60611,25000,"TO PRESENT LIVE THEATRICAL PRODUCTIONS, EDUCATION, TEACHING, COMMUNITY AND OUTREASH PROGRAMS",990-PF,41.898768343588,-87.624038249653,sited
Walter Family Foundation,2021,LYRIC OPERA OF CHICAGO,20 N WACKER DRIVE SUITE 860,CHICAGO,IL,60606,50000,"TO EXPRESS AND PROMOTE THE LIFE-CHANGING, TRANSFORMATIONAL, REVELATORY POWER OF GREAT OPERA",990-PF,41.882191369239,-87.637100009791,sited
Walter Family Foundation,2021,ONEGOAL,215 W SUPERIOR STREET SUITE 700,CHICAGO,IL,60654,500000,"TO PROVIDE URBAN STUDENTS WITH THE RESOURCES, SUPPORT AND NETWORK TO ENROLL IN AND GRADUATE FROM FOUR-YEAR COLLEGES",990-PF,41.895526169611,-87.634935994882,sited
Walter Family Foundation,2021,ST TERESA PARISH,1950 N KENMORE AVENUE,CHICAGO,IL,60614,31500,FOR RELIGIOUS EDUCATION PROGRAMS,990-PF,41.916961964735,-87.654442634426,sited
Walter Family Foundation,2022,CHICAGO BLACKHAWKS FOUNDATION,1901 W MADISON STREET,CHICAGO,IL,60612,25000,GENERAL SUPPORT,990-PF,41.881291171765,-87.674216570865,intermediary_or_citywide
Walter Family Foundation,2022,CHICAGO HISTORY MUSEUM,1601 N CLARK STREET,CHICAGO,IL,60614,10000,GENERAL SUPPORT,990-PF,41.91125225948,-87.631620549744,sited
Walter Family Foundation,2022,CHICAGO INTERNATIONAL FILM FESTIVAL INC CINEMA-CHICAGO,212 W VAN BUREN STREET SUITE 400,CHICAGO,IL,60607,5000,GENERAL SUPPORT,990-PF,41.876900811278,-87.633848353417,sited
Walter Family Foundation,2022,CHICAGO PUBLIC MEDIA INC,848 E GRAND AVENUE,CHICAGO,IL,60611,25000,GENERAL SUPPORT,990-PF,41.892187438564,-87.609927254642,sited
Walter Family Foundation,2022,CHICAGO THEATRE GROUP INC,170 NORTH DEARBORN,CHICAGO,IL,60601,150000,GENERAL SUPPORT,990-PF,41.885165897733,-87.629554228101,sited
Walter Family Foundation,2022,CITY YEAR CHICAGO,36 SOUTH WABASH SUITE 1300,CHICAGO,IL,60603,25000,"TO BUILD DEMOCRACY THROUGH CITIZEN SERVICE, CIVIC LEADERSHIP AND SOCIAL ENTREPRENEURSHIP.",990-PF,41.88167964791,-87.626275657545,sited
Walter Family Foundation,2022,ERICSON INSTITUTE,451 N LASALLE STREET,CHICAGO,IL,60654,5000,GENERAL SUPPORT,990-PF,41.890492649322,-87.632388281839,sited
Walter Family Foundation,2022,FIELD MUSEUM OF NATURAL HISTORY,1400 S LAKE SHORE DRIVE,CHICAGO,IL,60605,1550000,GENERAL SUPPORT,990-PF,41.865006735724,-87.614118889895,intermediary_or_citywide
Walter Family Foundation,2022,LINCOLN PARK ZOOLOGICAL SOCIETY,2001 N CLARK STREET,CHICAGO,IL,60614,1450000,FOR THE PRESERVATION OF THE ZOO AND ANIMALS,990-PF,41.91854925312,-87.636079895114,sited
Walter Family Foundation,2022,LOOKINGGLASS THEATRE COMPANY,875 N MICHIGAN AVENUE SUITE 1330,CHICAGO,IL,60611,25000,"TO PRESENT LIVE THEATRICAL PRODUCTIONS, EDUCATION, TEACHING, COMMUNITY AND OUTREASH PROGRAMS",990-PF,41.898768343588,-87.624038249653,sited
Walter Family Foundation,2022,LYRIC OPERA OF CHICAGO,20 N WACKER DRIVE SUITE 860,CHICAGO,IL,60606,50000,"TO EXPRESS AND PROMOTE THE LIFE-CHANGING, TRANSFORMATIONAL, REVELATORY POWER OF GREAT OPERA",990-PF,41.882191369239,-87.637100009791,sited
Walter Family Foundation,2022,MISSION OF OUR LADY OF MERCY INC,1140 W JACKSON BLVD,CHICAGO,IL,60607,1000,GENERAL SUPPORT,990-PF,41.877863321677,-87.656088961182,sited
Walter Family Foundation,2022,ONEGOAL,215 W SUPERIOR STREET SUITE 700,CHICAGO,IL,60654,3365000,"TO PROVIDE URBAN STUDENTS WITH THE RESOURCES, SUPPORT AND NETWORK TO ENROLL IN AND GRADUATE FROM FOUR-YEAR COLLEGES",990-PF,41.895526169611,-87.634935994882,sited
Walter Family Foundation,2022,ST TERESA PARISH,1950 N KENMORE AVENUE,CHICAGO,IL,60614,36000,FOR RELIGIOUS EDUCATION PROGRAMS,990-PF,41.916961964735,-87.654442634426,sited
Walter Family Foundation,2023,BETTER GOVERNMENT ASSOCIATION INC (BGA),223 W JACKSON BOULEVARD SUITE 300,CHICAGO,IL,60606,5000,"A NONPARTISAN, NONPROFIT NEWS ORGANIZATION AND CIVIC ADVOCATE WORKING FOR TRANSPARENCY, EQUITY AND ACCOUNTABILITY IN GOVERNMENT ACROSS ILLINOIS",990-PF,41.878050850959,-87.634553292759,sited
Walter Family Foundation,2023,CHICAGO BLACKHAWKS FOUNDATION,1901 W MADISON STREET,CHICAGO,IL,60612,25000,"PLEDGES TO SUPPORT PROGRAMS AND INSTITUTIONS THROUGHOUT ILLINOIS THAT WORK TOWARDS CREATING A BETTER TOMORROW. FOCUSING ON HEALTH AND WELLNESS, EDUCATION AND HOUSING, STRIVING TO SERVE LOCAL CITIZENS AND IMPACT THE LIVES OF YOUTH AND THEIR FAMILIES IN AND AROUND THE CITY OF CHICAGO",990-PF,41.881291171765,-87.674216570865,intermediary_or_citywide
Walter Family Foundation,2023,CHICAGO PUBLIC MEDIA INC,848 E GRAND AVENUE,CHICAGO,IL,60611,10000,"SERVE THE PUBLIC INTEREST BY CREATING AND DELIVERING DIVERSE, COMPELLING CONTENT THAT INFORMS, INSPIRES, ENRICHES AND ENTERTAINS",990-PF,41.892187438564,-87.609927254642,sited
Walter Family Foundation,2023,CHICAGO THEATRE GROUP INC,170 NORTH DEARBORN,CHICAGO,IL,60601,148500,"COMMITTED TO PRODUCING BOTH CLASSIC AND CONTEMPORARY WORKS, GIVING FULL VOICE TO A WIDE RANGE OF ARTISTS AND VISIONS",990-PF,41.885165897733,-87.629554228101,sited
Walter Family Foundation,2023,FIELD MUSEUM OF NATURAL HISTORY,1400 S LAKE SHORE DRIVE,CHICAGO,IL,60605,50000,TO INSPIRE CURIOSITY ABOUT LIFE ON EARTH WHILE EXPLORING HOW THE WORLD CAME TO BE AND HOW WE CAN MAKE IT A BETER PLACE,990-PF,41.865006735724,-87.614118889895,intermediary_or_citywide
Walter Family Foundation,2023,LINCOLN PARK ZOOLOGICAL SOCIETY,2001 N CLARK STREET,CHICAGO,IL,60614,1400000,"TO CONNECT PEOPLE WITH NATURE BY PROVIDING A FREE, FAMILY-ORIENTED WILDLIFE EXPERIENCE IN THE HEART OF CHICAGO AND BY ADVANCING THE HIGHEST QUALITY OF ANIMAL CARE, EDUCATION, SCIENCE AND CONSERVATION",990-PF,41.91854925312,-87.636079895114,sited
Walter Family Foundation,2023,LOOKINGGLASS THEATRE COMPANY,875 N MICHIGAN AVENUE SUITE 1330,CHICAGO,IL,60611,50000,"THROUGH THEATRE, WHICH INVITES, EVEN DEMANDS, INTERACTION WITH ITS AUDIENCE, OUR GOAL IS TO FIRE THE IMAGINATION WITH LOVE, TO CELEBRATE THE HUMAN CAPACITY TO TASTE AND SMELL, WEEP AND LAUGH, CREATE AND DESTROY, AND WAKE UP WHERE WE FIRST FELL-CHANGED, CHARGED AND EMPOWERED",990-PF,41.898768343588,-87.624038249653,sited
Walter Family Foundation,2023,METRO SQUASH NFP,6100 S COTTAGE GROVE AVENUE,CHICAGO,IL,60637,25000,"COMBINES ACADEMIC SUPPORT, COMPETITIVE SQUASH AND ENRICHMENT OPPORTUNITIES TO EMPOWER STUDENTS TO REALIZE THEIR POTENTIAL AND MAKE THEIR MARK",990-PF,41.783999944407,-87.606083349791,sited
Walter Family Foundation,2023,ST TERESA PARISH,1950 N KENMORE AVENUE,CHICAGO,IL,60614,31000,FOR RELIGIOUS EDUCATION PROGRAMS,990-PF,41.916961964735,-87.654442634426,sited
Walter Family Foundation,2024,CHICAGO HISTORICAL SOCIETY AKA CHICAGO HISTORY MUSEUM,1601 N CLARK STREET,CHICAGO,IL,60614,10000,"TO SHARE CHICAGO'S STORIES, SERVING AS A HUB OF SCHOLARSHIP AND LEARNING, INSPIRATION AND CIVIC ENGAGEMENT",990-PF,41.91125225948,-87.631620549744,intermediary_or_citywide
Walter Family Foundation,2024,CHICAGO INTERNATIONAL FILM FESTIVAL INC CINEMA-CHICAGO,212 W VAN BUREN STREET SUITE 400,CHICAGO,IL,60607,10000,ENRICHES THE COMMUNITY THROUGH YEAR-ROUND PROGRAMMING DEVOTED TO INTERNATIONAL AND INDEPENDENT CINEMA,990-PF,41.876900811278,-87.633848353417,sited
Walter Family Foundation,2024,CHICAGO PUBLIC MEDIA INC,848 E GRAND AVENUE,CHICAGO,IL,60611,10000,"SERVE THE PUBLIC INTEREST BY CREATING AND DELIVERING DIVERSE, COMPELLING CONTENT THAT INFORMS, INSPIRES, ENRICHES AND ENTERTAINS",990-PF,41.892187438564,-87.609927254642,sited
Walter Family Foundation,2024,CHICAGO THEATRE GROUP INC,170 NORTH DEARBORN,CHICAGO,IL,60601,359200,"COMMITTED TO PRODUCING BOTH CLASSIC AND CONTEMPORARY WORKS, GIVING FULL VOICE TO A WIDE RANGE OF ARTISTS AND VISIONS",990-PF,41.885165897733,-87.629554228101,sited
Walter Family Foundation,2024,FIELD MUSEUM OF NATURAL HISTORY,1400 S LAKE SHORE DRIVE,CHICAGO,IL,60605,50000,TO INSPIRE CURIOSITY ABOUT LIFE ON EARTH WHILE EXPLORING HOW THE WORLD CAME TO BE AND HOW WE CAN MAKE IT A BETER PLACE,990-PF,41.865006735724,-87.614118889895,intermediary_or_citywide
Walter Family Foundation,2024,FRIENDS OF THE CHILDREN-CHICAGO,1030 W VAN BUREN STREET,CHICAGO,IL,60607,1000,"PREVENTION AND EARLY INTERVENTION PROGRAM IMPACTING GENERATIONAL CHANGE BY HELPING CHILDREN FACING THE GREATED RISK FACTORS TO DEVELOP THE RELATIONSHIPS, GOALS AND SKILLS NECESSARY TO BREAK THE CYCLE OF POVERTY, ABUSE AND VIOLENCE TO CHANGE THEIR LIFE'S TRAJECTORY",990-PF,41.876644443627,-87.653069961149,sited
Walter Family Foundation,2024,LINCOLN PARK ZOOLOGICAL SOCIETY,2001 N CLARK STREET,CHICAGO,IL,60614,1450000,"TO CONNECT PEOPLE WITH NATURE BY PROVIDING A FREE, FAMILY-ORIENTED WILDLIFE EXPERIENCE IN THE HEART OF CHICAGO AND BY ADVANCING THE HIGHEST QUALITY OF ANIMAL CARE, EDUCATION, SCIENCE AND CONSERVATION",990-PF,41.91854925312,-87.636079895114,sited
Walter Family Foundation,2024,LOOKINGGLASS THEATRE COMPANY,875 N MICHIGAN AVENUE SUITE 1330,CHICAGO,IL,60611,10000,"THROUGH THEATRE, WHICH INVITES, EVEN DEMANDS, INTERACTION WITH ITS AUDIENCE, OUR GOAL IS TO FIRE THE IMAGINATION WITH LOVE, TO CELEBRATE THE HUMAN CAPACITY TO TASTE AND SMELL, WEEP AND LAUGH, CREATE AND DESTROY, AND WAKE UP WHERE WE FIRST FELL-CHANGED, CHARGED AND EMPOWERED",990-PF,41.898768343588,-87.624038249653,sited
Walter Family Foundation,2024,METRO SQUASH NFP,6100 S COTTAGE GROVE AVENUE,CHICAGO,IL,60637,25000,"COMBINES ACADEMIC SUPPORT, COMPETITIVE SQUASH AND ENRICHMENT OPPORTUNITIES TO EMPOWER STUDENTS TO REALIZE THEIR POTENTIAL AND MAKE THEIR MARK",990-PF,41.783999944407,-87.606083349791,sited
Walter Family Foundation,2024,ONEGOAL,180 N WABACH AVENUE SUITE 800,CHICAGO,IL,60601,500000,TRANSFORMS POSTSECONDARY ADVISING AND SUPPORT SO THAT EVERY STUDENT HAS THE POWER TO DEFINE THEIR OWN FUTURE,990-PF,41.885383955464,-87.626340906809,sited
Walter Family Foundation,2024,ST TERESA OF AVILA PARISH,1950 N KENMORE AVENUE,CHICAGO,IL,60614,40500,FOR RELIGIOUS EDUCATION PROGRAMS,990-PF,41.916961964735,-87.654442634426,sited
Perry Family Charitable Foundation,2021,ALZHEIMER'S ASSOCIATION,225 N MICHIGAN AVE FLOOR 17,CHICAGO,IL,60601,250,TO FURTHER PROGRAM SERVICES,990-PF,41.886567067898,-87.624456678273,sited
Perry Family Charitable Foundation,2021,ARCHDIOCESE OF CHICAGO,835 N RUSH ST,CHICAGO,IL,60611,10000,TO FURTHER PROGRAM SERVICES,990-PF,41.898431824581,-87.626324955917,sited
Perry Family Charitable Foundation,2021,BIG SHOULDERS FUND,212 W VAN BUREN ST 900,CHICAGO,IL,60607,5000,TO FURTHER PROGRAM SERVICES,990-PF,41.876900811278,-87.633848353417,intermediary_or_citywide
Perry Family Charitable Foundation,2021,CATHOLIC CHARITIES OF THE ARCHDIOCESE OF CHICAGO,721 N LASALLE,CHICAGO,IL,60654,5000,TO FURTHER PROGRAM SERVICES,990-PF,41.895298815986,-87.632531862567,sited
Perry Family Charitable Foundation,2021,CATHOLIC EXTENSION,150 S WACKER DR STE 2000,CHICAGO,IL,60606,50000,TO FURTHER PROGRAM SERVICES,990-PF,41.879971807862,-87.637046647092,sited
Perry Family Charitable Foundation,2021,CHICAGO JESUIT ACADEMY,5058 W JACKSON BLVD,CHICAGO,IL,60644,40000,TO FURTHER PROGRAM SERVICES,990-PF,41.876756129341,-87.751718112042,sited
Perry Family Charitable Foundation,2021,CHRIST THE KING JESUIT COLLEGE PREP SCHOOL,5059 W JACKSON BLVD,CHICAGO,IL,60644,621000,TO FURTHER PROGRAM SERVICES,990-PF,41.876641559775,-87.751715111635,intermediary_or_citywide
Perry Family Charitable Foundation,2021,CRISTO REY JESUIT HIGH SCHOOL,1852 W 22ND PLACE,CHICAGO,IL,60608,605000,TO FURTHER PROGRAM SERVICES,990-PF,41.851519341172,-87.671822329897,sited
Perry Family Charitable Foundation,2021,CRISTO REY NETWORK,14 E JACKSON BLVD,CHICAGO,IL,60604,440000,TO FURTHER PROGRAM SERVICES,990-PF,41.878276652331,-87.627211727248,sited
Perry Family Charitable Foundation,2021,DANIEL MURPHY SCHOLARSHIP FUND,309 W WASHINGTON ST STE 700,CHICAGO,IL,60606,2500,TO FURTHER PROGRAM SERVICES,990-PF,41.88314485014,-87.635526294391,intermediary_or_citywide
Perry Family Charitable Foundation,2021,ILLINOIS PRISON PROJECT,53 W JACKSON SUITE 452,CHICAGO,IL,60604,25000,TO FURTHER PROGRAM SERVICES,990-PF,41.878104850676,-87.629636798425,sited
Perry Family Charitable Foundation,2021,LINK UNLIMITED SCHOLARS,2221 S STATE ST,CHICAGO,IL,60616,1000,TO FURTHER PROGRAM SERVICES,990-PF,41.852412770197,-87.627000639137,sited
Perry Family Charitable Foundation,2021,LOYOLA UNIVERSITY CHICAGO,1032 W SHERIDAN RD,CHICAGO,IL,60660,25000,TO FURTHER PROGRAM SERVICES,990-PF,41.998288422993,-87.656289430314,intermediary_or_citywide
Perry Family Charitable Foundation,2021,MADONNA MISSION CHICAGO,1706 W MORSE AVE,CHICAGO,IL,60626,1000,TO FURTHER PROGRAM SERVICES,990-PF,42.00784818658,-87.672807565982,sited
Perry Family Charitable Foundation,2021,MIDWEST PROVINCE JESUITS,1010 N HOOKER ST,CHICAGO,IL,60642,6000,TO FURTHER PROGRAM SERVICES,990-PF,41.900118106317,-87.648161560378,sited
Perry Family Charitable Foundation,2021,OUR LADY OF TEPEYAC PARISH,3047 W CERMAK RD,CHICAGO,IL,60623,15500,TO FURTHER PROGRAM SERVICES,990-PF,41.85175927608,-87.701909911101,sited
Perry Family Charitable Foundation,2021,THE PEOPLE'S MUSIC SCHOOL,931 W EASTWOOD AVE,CHICAGO,IL,60640,25000,TO FURTHER PROGRAM SERVICES,990-PF,41.966335346284,-87.653519089204,sited
Perry Family Charitable Foundation,2021,THE WELL OF MERCY,6339 N FAIRFIELD AVE,CHICAGO,IL,60659,1000,TO FURTHER PROGRAM SERVICES,990-PF,41.996995031203,-87.698324312277,sited
Perry Family Charitable Foundation,2022,BIG SHOULDERS FUND,212 W VAN BUREN ST 900,CHICAGO,IL,60607,2500,TO FURTHER PROGRAM SERVICES,990-PF,41.876900811278,-87.633848353417,intermediary_or_citywide
Perry Family Charitable Foundation,2022,CATHOLIC CHARITIES OF THE ARCHDIOCESE OF CHICAGO,721 N LASALLE,CHICAGO,IL,60654,140000,TO FURTHER PROGRAM SERVICES,990-PF,41.895298815986,-87.632531862567,sited
Perry Family Charitable Foundation,2022,CATHOLIC EXTENSION,150 S WACKER DR STE 2000,CHICAGO,IL,60606,50000,TO FURTHER PROGRAM SERVICES,990-PF,41.879971807862,-87.637046647092,sited
Perry Family Charitable Foundation,2022,CHICAGO JESUIT ACADEMY,5058 W JACKSON BLVD,CHICAGO,IL,60644,25000,TO FURTHER PROGRAM SERVICES,990-PF,41.876756129341,-87.751718112042,sited
Perry Family Charitable Foundation,2022,CHRIST THE KING JESUIT COLLEGE PREP SCHOOL,5059 W JACKSON BLVD,CHICAGO,IL,60644,400000,TO FURTHER PROGRAM SERVICES,990-PF,41.876641559775,-87.751715111635,intermediary_or_citywide
Perry Family Charitable Foundation,2022,CRISTO REY JESUIT HIGH SCHOOL,1852 W 22ND PLACE,CHICAGO,IL,60608,415000,TO FURTHER PROGRAM SERVICES,990-PF,41.851519341172,-87.671822329897,sited
Perry Family Charitable Foundation,2022,CRISTO REY NETWORK,14 E JACKSON BLVD,CHICAGO,IL,60604,200000,TO FURTHER PROGRAM SERVICES,990-PF,41.878276652331,-87.627211727248,sited
Perry Family Charitable Foundation,2022,DANIEL MURPHY SCHOLARSHIP FUND,309 W WASHINGTON ST STE 700,CHICAGO,IL,60606,1000,TO FURTHER PROGRAM SERVICES,990-PF,41.88314485014,-87.635526294391,intermediary_or_citywide
Perry Family Charitable Foundation,2022,ILLINOIS PRISON PROJECT,53 W JACKSON SUITE 452,CHICAGO,IL,60604,25000,TO FURTHER PROGRAM SERVICES,990-PF,41.878104850676,-87.629636798425,sited
Perry Family Charitable Foundation,2022,LINK UNLIMITED SCHOLARS,2221 S STATE ST,CHICAGO,IL,60616,1000,TO FURTHER PROGRAM SERVICES,990-PF,41.852412770197,-87.627000639137,sited
Perry Family Charitable Foundation,2022,LOYOLA UNIVERSITY CHICAGO,1032 W SHERIDAN RD,CHICAGO,IL,60660,25000,TO FURTHER PROGRAM SERVICES,990-PF,41.998288422993,-87.656289430314,intermediary_or_citywide
Perry Family Charitable Foundation,2022,MADONNA MISSION CHICAGO,1706 W MORSE AVE,CHICAGO,IL,60626,1000,TO FURTHER PROGRAM SERVICES,990-PF,42.00784818658,-87.672807565982,sited
Perry Family Charitable Foundation,2022,OUR LADY OF TEPEYAC PARISH,3047 W CERMAK RD,CHICAGO,IL,60623,16000,TO FURTHER PROGRAM SERVICES,990-PF,41.85175927608,-87.701909911101,sited
Perry Family Charitable Foundation,2022,THE PEOPLE'S MUSIC SCHOOL,931 W EASTWOOD AVE,CHICAGO,IL,60640,25000,TO FURTHER PROGRAM SERVICES,990-PF,41.966335346284,-87.653519089204,sited
Perry Family Charitable Foundation,2022,ANN & ROBERT H LURIE CHILDRENS HOSPITAL OF CHICAGO,225 E CHICAGO AVE BOX 282,CHICAGO,IL,606112991,500,TO FURTHER PROGRAM SERVICES,990-PF,41.896693751301,-87.622923905467,intermediary_or_citywide
Perry Family Charitable Foundation,2022,INVEST FOR KIDS INC,875 N MICHIGAN AVE SUITE 3400,CHICAGO,IL,606111958,1030,TO FURTHER PROGRAM SERVICES,990-PF,41.898768343588,-87.624038249653,sited
Perry Family Charitable Foundation,2022,CHICAGO PARKS FOUNDATION,541 NORTH FAIRBANKS COURT,CHICAGO,IL,60611,250,TO FURTHER PROGRAM SERVICES,990-PF,41.89214113481,-87.620164916817,intermediary_or_citywide
Perry Family Charitable Foundation,2022,EMPOWER ILLINOIS,200 N LASALLE STREET SUITE 2310,CHICAGO,IL,60601,10000,TO FURTHER PROGRAM SERVICES,990-PF,41.885796837609,-87.632526709602,sited
Perry Family Charitable Foundation,2023,ANN & ROBERT H LURIE CHILDRENS HOSPITAL OF CHICAGO,225 E CHICAGO AVE BOX 282,CHICAGO,IL,606112991,25000,TO FURTHER PROGRAM SERVICES,990-PF,41.896693751301,-87.622923905467,intermediary_or_citywide
Perry Family Charitable Foundation,2023,BIG SHOULDERS FUND,212 W VAN BUREN ST 900,CHICAGO,IL,60607,5000,TO FURTHER PROGRAM SERVICES,990-PF,41.876900811278,-87.633848353417,intermediary_or_citywide
Perry Family Charitable Foundation,2023,CATHOLIC CHARITIES OF THE ARCHDIOCESE OF CHICAGO,721 N LASALLE,CHICAGO,IL,60654,135000,TO FURTHER PROGRAM SERVICES,990-PF,41.895298815986,-87.632531862567,sited
Perry Family Charitable Foundation,2023,CATHOLIC EXTENSION,150 S WACKER DR STE 2000,CHICAGO,IL,60606,50000,TO FURTHER PROGRAM SERVICES,990-PF,41.879971807862,-87.637046647092,sited
Perry Family Charitable Foundation,2023,CHICAGO JESUIT ACADEMY,5058 W JACKSON BLVD,CHICAGO,IL,60644,25000,TO FURTHER PROGRAM SERVICES,990-PF,41.876756129341,-87.751718112042,sited
Perry Family Charitable Foundation,2023,CHRIST THE KING JESUIT COLLEGE PREP SCHOOL,5059 W JACKSON BLVD,CHICAGO,IL,60644,26000,TO FURTHER PROGRAM SERVICES,990-PF,41.876641559775,-87.751715111635,intermediary_or_citywide
Perry Family Charitable Foundation,2023,CRISTO REY NETWORK,14 E JACKSON BLVD,CHICAGO,IL,60604,200000,TO FURTHER PROGRAM SERVICES,990-PF,41.878276652331,-87.627211727248,sited
Perry Family Charitable Foundation,2023,DANIEL MURPHY SCHOLARSHIP FUND,309 W WASHINGTON ST STE 700,CHICAGO,IL,60606,2500,TO FURTHER PROGRAM SERVICES,990-PF,41.88314485014,-87.635526294391,intermediary_or_citywide
Perry Family Charitable Foundation,2023,LINK UNLIMITED SCHOLARS,2221 S STATE ST,CHICAGO,IL,60616,2500,TO FURTHER PROGRAM SERVICES,990-PF,41.852412770197,-87.627000639137,sited
Perry Family Charitable Foundation,2023,LOYOLA UNIVERSITY CHICAGO,1032 W SHERIDAN RD,CHICAGO,IL,60660,40000,TO FURTHER PROGRAM SERVICES,990-PF,41.998288422993,-87.656289430314,intermediary_or_citywide
Perry Family Charitable Foundation,2023,MADONNA MISSION CHICAGO,1706 W MORSE AVE,CHICAGO,IL,60626,1000,TO FURTHER PROGRAM SERVICES,990-PF,42.00784818658,-87.672807565982,sited
Perry Family Charitable Foundation,2023,OUR LADY OF TEPEYAC PARISH,3047 W CERMAK RD,CHICAGO,IL,60623,16000,TO FURTHER PROGRAM SERVICES,990-PF,41.85175927608,-87.701909911101,sited
Perry Family Charitable Foundation,2023,THE PEOPLE'S MUSIC SCHOOL,931 W EASTWOOD AVE,CHICAGO,IL,60640,25000,TO FURTHER PROGRAM SERVICES,990-PF,41.966335346284,-87.653519089204,sited
Perry Family Charitable Foundation,2023,JESUETS USA MIDWEST PROUMY,1010 N HOOKER ST,CHICAGO,IL,60642,2500,TO FURTHER PROGRAM SERVICES,990-PF,41.900118106317,-87.648161560378,sited
Perry Family Charitable Foundation,2024,ANN & ROBERT H LURIE CHILDRENS HOSPITAL OF CHICAGO,225 E CHICAGO AVE BOX 282,CHICAGO,IL,606112991,25000,TO FURTHER PROGRAM SERVICES,990-PF,41.896693751301,-87.622923905467,intermediary_or_citywide
Perry Family Charitable Foundation,2024,BIG SHOULDERS FUND,212 W VAN BUREN ST 900,CHICAGO,IL,60607,1000,TO FURTHER PROGRAM SERVICES,990-PF,41.876900811278,-87.633848353417,intermediary_or_citywide
Perry Family Charitable Foundation,2024,CATHOLIC CHARITIES OF THE ARCHDIOCESE OF CHICAGO,721 N LASALLE,CHICAGO,IL,60654,150000,TO FURTHER PROGRAM SERVICES,990-PF,41.895298815986,-87.632531862567,sited
Perry Family Charitable Foundation,2024,CATHOLIC EXTENSION,150 S WACKER DR STE 2000,CHICAGO,IL,60606,100000,TO FURTHER PROGRAM SERVICES,990-PF,41.879971807862,-87.637046647092,sited
Perry Family Charitable Foundation,2024,CHICAGO JESUIT ACADEMY,5058 W JACKSON BLVD,CHICAGO,IL,60644,25000,TO FURTHER PROGRAM SERVICES,990-PF,41.876756129341,-87.751718112042,sited
Perry Family Charitable Foundation,2024,CHRIST THE KING JESUIT COLLEGE PREP SCHOOL,5059 W JACKSON BLVD,CHICAGO,IL,60644,70000,TO FURTHER PROGRAM SERVICES,990-PF,41.876641559775,-87.751715111635,intermediary_or_citywide
Perry Family Charitable Foundation,2024,CRISTO REY JESUIT HIGH SCHOOL,1852 W 22ND PLACE,CHICAGO,IL,60608,1000,TO FURTHER PROGRAM SERVICES,990-PF,41.851519341172,-87.671822329897,sited
Perry Family Charitable Foundation,2024,CRISTO REY NETWORK,14 E JACKSON BLVD,CHICAGO,IL,60604,210000,TO FURTHER PROGRAM SERVICES,990-PF,41.878276652331,-87.627211727248,sited
Perry Family Charitable Foundation,2024,ILLINOIS PRISON PROJECT,53 W JACKSON SUITE 452,CHICAGO,IL,60604,50000,TO FURTHER PROGRAM SERVICES,990-PF,41.878104850676,-87.629636798425,sited
Perry Family Charitable Foundation,2024,LINK UNLIMITED SCHOLARS,2221 S STATE ST,CHICAGO,IL,60616,3000,TO FURTHER PROGRAM SERVICES,990-PF,41.852412770197,-87.627000639137,sited
Perry Family Charitable Foundation,2024,LOYOLA UNIVERSITY CHICAGO,1032 W SHERIDAN RD,CHICAGO,IL,60660,1340000,TO FURTHER PROGRAM SERVICES,990-PF,41.998288422993,-87.656289430314,intermediary_or_citywide
Perry Family Charitable Foundation,2024,MURPHY SCHOLARS,309 WEST WASHINGTON SUITE 700,CHICAGO,IL,60606,3500,TO FURTHER PROGRAM SERVICES,990-PF,41.88314485014,-87.635526294391,sited
Perry Family Charitable Foundation,2024,OUR LADY OF TEPEYAC PARISH,3047 W CERMAK RD,CHICAGO,IL,60623,20500,TO FURTHER PROGRAM SERVICES,990-PF,41.85175927608,-87.701909911101,sited
Perry Family Charitable Foundation,2024,THE PEOPLE'S MUSIC SCHOOL,931 W EASTWOOD AVE,CHICAGO,IL,60640,50000,TO FURTHER PROGRAM SERVICES,990-PF,41.966335346284,-87.653519089204,sited
Perry Family Charitable Foundation,2024,THE WELL OF MERCY CHICAGO,6339 N FAIRFIELD AVE,CHICAGO,IL,60659,500,TO FURTHER PROGRAM SERVICES,990-PF,41.996995031203,-87.698324312277,sited
Minerd Foundation,2024,ANTI-CRUELTY SOCIETY,157 W GRAND AVENUE,CHICAGO,IL,60654,30000,"TO BUILD A HEALTHY AND HAPPY COMMUNITY WHERE PETS AND PEOPLE THRIVE TOGETHER, THROUGH ADOPTION, CHARITY VETERINARY CLINIC, LOW OR NO-COST SPAY/NEUTER CLINIC, CRUELTY INVESTIGATIONS AND RESCUE, HUMANE EDUCATION & COMMUNITY OUTREACH, A FREE BEHAVIOR HELPLINE, POP-UP PET FOOD PANTRY PROGRAM, S.A.F.E. PROGRAM (SHORT-TERM ACCOMMODATIONS FOR EMERGENCIES), THE BRUCKNER REHABILITATION & TREATMENT CENTER, THE VIRGINIA BUTTS BERGER CAT CLINIC AND THE DOG REHABILITATION CENTER.",990-PF,41.891539418717,-87.633106455417,sited
Hyatt Hotels Foundation,2021,CHICAGO FIRE DEPARTMENT FOUNDATION,35 W WACKER DRIVE,CHICAGO,IL,60601,10000,GENERAL SUPPORT,990-PF,41.886821875205,-87.629187096117,intermediary_or_citywide
Hyatt Hotels Foundation,2021,CHICAGO POLICE MEMORIAL FOUNDATION,10343 SOUTH PULASKI ROAD,CHICAGO,IL,60655,15000,GENERAL SUPPORT,990-PF,41.705082132774,-87.720801392504,intermediary_or_citywide
Hyatt Hotels Foundation,2021,CHICAGO URBAN LEAGUE,4510 S MICHIGAN AVENUE,CHICAGO,IL,60653,10000,GENERAL SUPPORT,990-PF,41.812858802057,-87.623008057154,sited
Hyatt Hotels Foundation,2021,MAKE A WISH FOUNDATION - ILLINOIS,640 N LASALLE DRIVE NO 280,CHICAGO,IL,60654,10000,GENERAL SUPPORT,990-PF,41.893952675914,-87.632813110776,intermediary_or_citywide
Hyatt Hotels Foundation,2021,SKILLS FOR CHICAGOLAND'S FUTURE,191 N WACKER DRIVE SUITE 1150,CHICAGO,IL,60606,50000,GENERAL SUPPORT,990-PF,41.885507820257,-87.636743605423,sited
Hyatt Hotels Foundation,2021,UNITED WAY OF METRO CHICAGO,333 SOUTH WABASH AVENUE 30TH FLOOR,CHICAGO,IL,60604,25000,GENERAL SUPPORT,990-PF,41.877809331031,-87.62599882096,intermediary_or_citywide
Hyatt Hotels Foundation,2021,WORLD BUSINESS CHICAGO,177 N STATE STREET NO 500,CHICAGO,IL,60601,10000,GENERAL SUPPORT,990-PF,41.885321523252,-87.62785209614,sited
Hyatt Hotels Foundation,2021,YOUTH GUIDANCE,1 N LASALLE,CHICAGO,IL,60602,5000,GENERAL SUPPORT,990-PF,41.88201744155,-87.632282792682,sited
Hyatt Hotels Foundation,2022,ALLIES FOR COMMUNITY BUSINESS,135 N KEDZIE AVE,CHICAGO,IL,60612,48333,GENERAL SUPPORT,990-PF,41.884052365004,-87.706133523753,sited
Hyatt Hotels Foundation,2022,CHICAGO FIRE DEPARTMENT FOUNDATION,35 W WACKER DR,CHICAGO,IL,60601,10000,GENERAL SUPPORT,990-PF,41.886821875205,-87.629187096117,intermediary_or_citywide
Hyatt Hotels Foundation,2022,CHICAGO SYMPHONY OCHESTRA,220 S MICHIGAN AVE,CHICAGO,IL,60604,3000,GENERAL SUPPORT,990-PF,41.879261225909,-87.624499386276,sited
Hyatt Hotels Foundation,2022,CONGO SQUARE THEATRE,1016 N DEARBORN ST,CHICAGO,IL,60610,5000,GENERAL SUPPORT,990-PF,41.900820818296,-87.629974827064,sited
Hyatt Hotels Foundation,2022,GREATER WEST TOWN COMMUNITY PROJECT,500 N SACRAMENTO BLVD,CHICAGO,IL,60612,48333,GENERAL SUPPORT,990-PF,41.874288855307,-87.701102176788,sited
Hyatt Hotels Foundation,2022,SKILLS FOR CHICAGOLAND'S FUTURE,191 N WACKER DR STE 1150,CHICAGO,IL,60606,50000,GENERAL SUPPORT,990-PF,41.885507820257,-87.636743605423,sited
Hyatt Hotels Foundation,2022,URBAN JUNCTURE FOUNDATION,5061 S PRAIRIE AVE,CHICAGO,IL,60615,48333,GENERAL SUPPORT,990-PF,41.802771564157,-87.619345147653,sited
Hyatt Hotels Foundation,2023,ALLIES FOR COMMUNITY BUSINESS,135 N KEDZIE AVE,CHICAGO,IL,60612,48333,GENERAL SUPPORT,990-PF,41.884052365004,-87.706133523753,sited
Hyatt Hotels Foundation,2023,GREATER WEST TOWN COMMUNITY DEVELOPMENT PROJECT,500 N SACRAMENTO BLVD,CHICAGO,IL,60612,48333,GENERAL SUPPORT,990-PF,41.874288855307,-87.701102176788,sited
Hyatt Hotels Foundation,2023,MAKE A WISH FOUNDATION - ILLINOIS,640 N LASALLE DR STE 280,CHICAGO,IL,60654,10000,GENERAL SUPPORT,990-PF,41.893952675914,-87.632813110776,intermediary_or_citywide
Hyatt Hotels Foundation,2023,MALE MOGUL INITIATIVE INC,5055 S PRAIRIE AVE,CHICAGO,IL,60615,48333,GENERAL SUPPORT,990-PF,41.802876408297,-87.619347747084,sited
Hyatt Hotels Foundation,2023,SALT AND LIGHT COALITION,222 W HUBBARD ST STE 300,CHICAGO,IL,60654,25000,GENERAL SUPPORT,990-PF,41.890029072481,-87.634690975771,sited
Hyatt Hotels Foundation,2023,SKILLS FOR CHICAGOLAND'S FUTURE,191 N WACKER DR STE 1150,CHICAGO,IL,60606,50000,GENERAL SUPPORT,990-PF,41.885507820257,-87.636743605423,sited
Hyatt Hotels Foundation,2023,URBAN JUNCTURE FOUNDATION,5061 S PRAIRIE AVE,CHICAGO,IL,60615,48333,GENERAL SUPPORT,990-PF,41.802771564157,-87.619345147653,sited
Hyatt Hotels Foundation,2024,ALLIES FOR COMMUNITY BUSINESS,135 N KEDZIE AVE,CHICAGO,IL,60612,48333,GENERAL SUPPORT,990-PF,41.884052365004,-87.706133523753,sited
Hyatt Hotels Foundation,2024,COMMERCIAL CLUB FOUNDATION,21 S CLARK ST STE 4301,CHICAGO,IL,60603,200000,GENERAL SUPPORT,990-PF,41.881923760895,-87.630803072709,intermediary_or_citywide
Hyatt Hotels Foundation,2024,GREATER WEST TOWN COMMUNITY DEVELOPMENT PROJECT,500 N SACRAMENTO BLVD,CHICAGO,IL,60612,48333,GENERAL SUPPORT,990-PF,41.874288855307,-87.701102176788,sited
Hyatt Hotels Foundation,2024,MALE MOGUL INITIATIVE INC,5055 S PRAIRIE AVE,CHICAGO,IL,60615,48333,GENERAL SUPPORT,990-PF,41.802876408297,-87.619347747084,sited
Hyatt Hotels Foundation,2024,URBAN JUNCTURE FOUNDATION,5061 S PRAIRIE AVE,CHICAGO,IL,60615,48333,GENERAL SUPPORT,990-PF,41.802771564157,-87.619345147653,sited
Lakonishok Foundation,2021,JOFFREY BALLET,50 E CONGRESS PKWY,CHICAGO,IL,60605,530000,ARTS,990-PF,41.875726442325,-87.626822637329,sited
Lakonishok Foundation,2021,LINCOLN PARK ZOO,2001 N CLARK,CHICAGO,IL,60614,1000,WILDLIFE PRESERVATION,990-PF,41.91854925312,-87.636079895114,sited
Lakonishok Foundation,2021,LYRIC OPERA OF CHICAGO,20 N UPPER WACKER,CHICAGO,IL,60606,250000,ARTS,990-PF,41.886877440373,-87.626107461084,sited
Lakonishok Foundation,2021,NORTHWESTERN MEDICAL SCHOOL,303 E CHICAGO,CHICAGO,IL,60611,10000,HOSPITALS,990-PF,41.896736212675,-87.620227464553,sited
Lakonishok Foundation,2021,BRIGHT PROMISES,70 E LAKE ST,CHICAGO,IL,60601,500,COMMUNITY SERVICES,990-PF,41.885782775355,-87.625858436593,sited
Lakonishok Foundation,2021,COLLEGE POSSIBLE,215 W SUPERIOR,CHICAGO,IL,60654,5000,EDUCATION,990-PF,41.895526169611,-87.634935994882,sited
Lakonishok Foundation,2021,ART INSTITUTE,111 S MICHIGAN AVE,CHICAGO,IL,60603,250000,ARTS,990-PF,41.880649213362,-87.624171570115,sited
Lakonishok Foundation,2021,GREATER CHICAGO FOOD DEPOSITORY,4100 W ANN LURIE PL,CHICAGO,IL,60632,500,HUMAN SERVICES,990-PF,,,intermediary_or_citywide
Lakonishok Foundation,2022,JOFFREY BALLET,50 E CONGRESS PKWY,CHICAGO,IL,60605,525000,ARTS,990-PF,41.875726442325,-87.626822637329,sited
Lakonishok Foundation,2022,LINCOLN PARK ZOO,2001 N CLARK,CHICAGO,IL,60614,1000,GENERAL CHARITY,990-PF,41.91854925312,-87.636079895114,sited
Lakonishok Foundation,2022,LYRIC OPERA OF CHICAGO,20 N UPPER WACKER,CHICAGO,IL,60606,250000,ARTS,990-PF,41.886877440373,-87.626107461084,sited
Lakonishok Foundation,2022,NORTHWESTERN MEDICAL SCHOOL,303 E CHICAGO,CHICAGO,IL,60611,15000,EDUCATION,990-PF,41.896736212675,-87.620227464553,sited
Lakonishok Foundation,2022,BRIGHT PROMISES,70 E LAKE ST,CHICAGO,IL,60601,500,EDUCATION,990-PF,41.885782775355,-87.625858436593,sited
Lakonishok Foundation,2022,COLLEGE POSSIBLE,215 W SUPERIOR,CHICAGO,IL,60654,10000,EDUCATION,990-PF,41.895526169611,-87.634935994882,sited
Lakonishok Foundation,2022,ART INSTITUTE,111 S MICHIGAN AVE,CHICAGO,IL,60603,250000,ARTS,990-PF,41.880649213362,-87.624171570115,sited
Lakonishok Foundation,2022,UNIV OF CHICAGO,5841 S MARYLAND AVE,CHICAGO,IL,60637,1000,RESEARCH,990-PF,41.78877397345,-87.604857148474,sited
Lakonishok Foundation,2023,JOFFREY BALLET,50 E CONGRESS PKWY,CHICAGO,IL,60605,524705,ARTS,990-PF,41.875726442325,-87.626822637329,sited
Lakonishok Foundation,2023,LINCOLN PARK ZOO,2001 N CLARK,CHICAGO,IL,60614,1000,COMMUNITY,990-PF,41.91854925312,-87.636079895114,sited
Lakonishok Foundation,2023,LYRIC OPERA OF CHICAGO,20 N UPPER WACKER,CHICAGO,IL,60606,250708,ARTS,990-PF,41.886877440373,-87.626107461084,sited
Lakonishok Foundation,2023,NORTHWESTERN MEDICAL SCHOOL,303 E CHICAGO,CHICAGO,IL,60611,20350,EDUCATION,990-PF,41.896736212675,-87.620227464553,sited
Lakonishok Foundation,2023,BRIGHT PROMISES,70 E LAKE ST,CHICAGO,IL,60601,1000,EDUCATION,990-PF,41.885782775355,-87.625858436593,sited
Lakonishok Foundation,2023,ART INSTITUTE,111 S MICHIGAN AVE,CHICAGO,IL,60603,251404,ARTS,990-PF,41.880649213362,-87.624171570115,sited
Lakonishok Foundation,2023,UNIV OF CHICAGO,5841 S MARYLAND AVE,CHICAGO,IL,60637,1000,MEDICAL,990-PF,41.78877397345,-87.604857148474,sited
Lakonishok Foundation,2023,CHICAGO SYMPHONY ORCHESTRA,220 S MICHIGAN AVE,CHICAGO,IL,60604,372230,ARTS,990-PF,41.879261225909,-87.624499386276,sited
Lakonishok Foundation,2023,MERIT SCHOOL OF MUSIC,38 S PEORIA ST,CHICAGO,IL,60607,500,EDUCATION,990-PF,41.881214815794,-87.649760056368,sited
Lakonishok Foundation,2024,JOFFREY BALLET,50 E CONGRESS PKWY,CHICAGO,IL,60605,800563,ARTS,990-PF,41.875726442325,-87.626822637329,sited
Lakonishok Foundation,2024,LINCOLN PARK ZOO,2001 N CLARK,CHICAGO,IL,60614,1000,EDUCATION,990-PF,41.91854925312,-87.636079895114,sited
Lakonishok Foundation,2024,LYRIC OPERA OF CHICAGO,20 N UPPER WACKER,CHICAGO,IL,60606,250000,ARTS,990-PF,41.886877440373,-87.626107461084,sited
Lakonishok Foundation,2024,NORTHWESTERN MEDICAL SCHOOL,303 E CHICAGO,CHICAGO,IL,60611,25000,EDUCATION,990-PF,41.896736212675,-87.620227464553,sited
Lakonishok Foundation,2024,ART INSTITUTE,111 S MICHIGAN AVE,CHICAGO,IL,60603,250000,ARTS,990-PF,41.880649213362,-87.624171570115,sited
Lakonishok Foundation,2024,CHICAGO SYMPHONY ORCHESTRA,220 S MICHIGAN AVE,CHICAGO,IL,60604,375000,ARTS,990-PF,41.879261225909,-87.624499386276,sited
Lakonishok Foundation,2024,COLLEGE POSSIBLE CHICAGO,833 N ORLEANS,CHICAGO,IL,60610,10000,EDUCATION,990-PF,41.898105408764,-87.637152976878,intermediary_or_citywide
Lakonishok Foundation,2024,NORTHWESTERNKESAN CAMP,303 E CHICAGO,CHICAGO,IL,60611,2600,EDUCATION,990-PF,41.896736212675,-87.620227464553,sited
Cleveland Avenue Foundation for Education,2021,SURGE INSTITUTE,935 W CHESTNUT ST,CHICAGO,IL,60642,25000,GENERAL,990-PF,41.898127232961,-87.654268746643,sited
Cleveland Avenue Foundation for Education,2021,PROJECT SYNCERE,9012 S STONY ISLAND,CHICAGO,IL,60617,25000,GENERAL,990-PF,41.731239452983,-87.585602497936,sited
Cleveland Avenue Foundation for Education,2021,THE CHICAGO COMMUNITY TRUST,225 N MICHIGAN AVE STE 2200,CHICAGO,IL,60601,5000,CHICAGO WORKFORCE,990-PF,41.886567067898,-87.624456678273,intermediary_or_citywide
Cleveland Avenue Foundation for Education,2021,CAFE GROUP,222 N CANAL STREET,CHICAGO,IL,60606,6253150,GENERAL,990-PF,41.885999307712,-87.63992174998,sited
Cleveland Avenue Foundation for Education,2021,FOREFRONT C/O FBRK IMPACT HOUSE,200 W MADISON ST 2ND FL,CHICAGO,IL,60606,10000,VIRTUAL SUMMIT SPONSOR,990-PF,41.881999441643,-87.633899204958,sited
Cleveland Avenue Foundation for Education,2021,CITY COLLEGES OF CHICAGO,180 NORTH WABASH ST,CHICAGO,IL,606013608,25000,GENERAL,990-PF,41.885383955464,-87.626340906809,sited
Cleveland Avenue Foundation for Education,2021,CHICAGO SCHOLARS FOUNDATION,PO BOX 389497,CHICAGO,IL,60638,25000,ANNIVERSARY CELEBRATION,990-PF,,,intermediary_or_citywide
Cleveland Avenue Foundation for Education,2021,GARY COMER YOUTH CENTER,7200 S INGLESIDE AVE,CHICAGO,IL,60619,2500,AFTERSCHOOL MATTERS ART,990-PF,41.763917723838,-87.601988157414,sited
Cleveland Avenue Foundation for Education,2021,BRAVEN INCORPORATED,100 NORTH LASALLE,CHICAGO,IL,606022406,25000,GENERAL,990-PF,41.883268441347,-87.632486206776,sited
Cleveland Avenue Foundation for Education,2021,ONEGOAL,180 N WABASH STE 800,CHICAGO,IL,60601,25000,GENERAL,990-PF,41.885383955464,-87.626340906809,sited
Cleveland Avenue Foundation for Education,2021,Partnership for College Completion,200 S MICHIGAN AVE STE 1410,CHICAGO,IL,60604,25000,GENERAL,990-PF,41.879498661338,-87.624506074574,intermediary_or_citywide
Cleveland Avenue Foundation for Education,2021,KIDS FIRST CHICAGO,21 SOUTH CLARK STREET,CHICAGO,IL,606032022,15000,GENERAL,990-PF,41.881923760895,-87.630803072709,sited
Cleveland Avenue Foundation for Education,2022,BRAVEN INC,100 NORTH LASALLE ST NO 310,CHICAGO,IL,60602,25000,GENERAL CHARITABLE PURPOSES,990-PF,41.883268441347,-87.632486206776,sited
Cleveland Avenue Foundation for Education,2022,CHICAGO URBAN LEAGUE,4510 S MICHIGAN AVE,CHICAGO,IL,60653,10000,GENERAL CHARITABLE PURPOSES,990-PF,41.812858802057,-87.623008057154,sited
Cleveland Avenue Foundation for Education,2022,CITY COLLEGES OF CHICAGO,180 N WABASH AVE SUITE 200,CHICAGO,IL,60601,25000,GENERAL CHARITABLE PURPOSES,990-PF,41.885383955464,-87.626340906809,sited
Cleveland Avenue Foundation for Education,2022,GARY COMER YOUTH CENTER INC,7200 S INGLESIDE AVE,CHICAGO,IL,60619,2500,GENERAL CHARITABLE PURPOSES,990-PF,41.763917723838,-87.601988157414,sited
Cleveland Avenue Foundation for Education,2022,ILLINOIS INSTITUTE OF TECHNOLOGY,10 WEST 35TH STREET SUITE 1700,CHICAGO,IL,60616,25000,GENERAL CHARITABLE PURPOSES,990-PF,41.831067772341,-87.626815853448,sited
Cleveland Avenue Foundation for Education,2022,KIDS FIRST CHICAGO,21 SOUTH CLARK STREET,CHICAGO,IL,60603,15000,GENERAL CHARITABLE PURPOSES,990-PF,41.881923760895,-87.630803072709,sited
Cleveland Avenue Foundation for Education,2022,ONEGOAL,180 N WABASH AVE SUITE 800,CHICAGO,IL,60601,25000,GENERAL CHARITABLE PURPOSES,990-PF,41.885383955464,-87.626340906809,sited
Cleveland Avenue Foundation for Education,2022,PARTNERSHIP FOR COLLEGE COMPLETION,200 S MICHIGAN AVE SUITE 1410,CHICAGO,IL,60604,25000,GENERAL CHARITABLE PURPOSES,990-PF,41.879498661338,-87.624506074574,intermediary_or_citywide
Cleveland Avenue Foundation for Education,2022,PROJECT SYNCERE,9012 S STONY ISLAND AVE,CHICAGO,IL,60617,25000,GENERAL CHARITABLE PURPOSES,990-PF,41.731239452983,-87.585602497936,sited
Cleveland Avenue Foundation for Education,2022,THE CHICAGO COMMUNITY FOUNDATION,225 NORTH MICHIGAN AVENUE SUITE,CHICAGO,IL,60601,5000,GENERAL CHARITABLE PURPOSES,990-PF,41.886567067898,-87.624456678273,intermediary_or_citywide
Cleveland Avenue Foundation for Education,2022,THE SURGE INSTITUTE,935 W CHESTNUT STREET SUITE 515,CHICAGO,IL,60642,25000,GENERAL CHARITABLE PURPOSES,990-PF,41.898127232961,-87.654268746643,sited
Cleveland Avenue Foundation for Education,2023,BRAVEN INC,100 NORTH LASALLE ST NO 310,CHICAGO,IL,60602,25000,GENERAL CHARITABLE PURPOSES,990-PF,41.883268441347,-87.632486206776,sited
Cleveland Avenue Foundation for Education,2023,CHICAGO STATE FOUNDATION,9501 S KING DR ADM 126,CHICAGO,IL,60628,40000,GENERAL CHARITABLE PURPOSES,990-PF,41.721838929017,-87.6140656214,sited
Cleveland Avenue Foundation for Education,2023,CHICAGO WOMEN IN PHILANTHROPY,216 W JACKSON BLVD 625,CHICAGO,IL,60606,10000,GENERAL CHARITABLE PURPOSES,990-PF,41.878167006393,-87.634386456701,sited
Cleveland Avenue Foundation for Education,2023,KIDS FIRST CHICAGO,21 SOUTH CLARK STREET,CHICAGO,IL,60603,25000,GENERAL CHARITABLE PURPOSES,990-PF,41.881923760895,-87.630803072709,sited
Cleveland Avenue Foundation for Education,2023,ONEGOAL,180 N WABASH AVE SUITE 800,CHICAGO,IL,60601,25000,GENERAL CHARITABLE PURPOSES,990-PF,41.885383955464,-87.626340906809,sited
Cleveland Avenue Foundation for Education,2023,PARTNERSHIP FOR COLLEGE COMPLETION,200 S MICHIGAN AVE SUITE 1410,CHICAGO,IL,60604,25000,GENERAL CHARITABLE PURPOSES,990-PF,41.879498661338,-87.624506074574,intermediary_or_citywide
Cleveland Avenue Foundation for Education,2023,THE CAFE GROUP,222 N CANAL ST,CHICAGO,IL,60606,2550959,GENERAL CHARITABLE PURPOSES,990-PF,41.885999307712,-87.63992174998,sited
Cleveland Avenue Foundation for Education,2024,BRAVEN INC,100 NORTH LASALLE ST NO 310,CHICAGO,IL,60602,25000,GENERAL CHARITABLE PURPOSES,990-PF,41.883268441347,-87.632486206776,sited
Cleveland Avenue Foundation for Education,2024,CHICAGO HISTORICAL SOCIETY,1601 N CLARK STREET,CHICAGO,IL,60614,25000,GENERAL CHARITABLE PURPOSES,990-PF,41.91125225948,-87.631620549744,sited
Cleveland Avenue Foundation for Education,2024,ILLINOIS INSTITUTE OF TECHNOLOGY,10 WEST 35TH STREET SUITE 1700,CHICAGO,IL,60616,25000,GENERAL CHARITABLE PURPOSES,990-PF,41.831067772341,-87.626815853448,sited
Cleveland Avenue Foundation for Education,2024,KIDS FIRST CHICAGO,21 SOUTH CLARK STREET,CHICAGO,IL,60603,25000,GENERAL CHARITABLE PURPOSES,990-PF,41.881923760895,-87.630803072709,sited
Cleveland Avenue Foundation for Education,2024,ONEGOAL,180 N WABASH AVE SUITE 800,CHICAGO,IL,60601,15000,GENERAL CHARITABLE PURPOSES,990-PF,41.885383955464,-87.626340906809,sited
Cleveland Avenue Foundation for Education,2024,PARTNERSHIP FOR COLLEGE COMPLETION,200 S MICHIGAN AVE SUITE 1410,CHICAGO,IL,60604,25000,GENERAL CHARITABLE PURPOSES,990-PF,41.879498661338,-87.624506074574,intermediary_or_citywide
The Clayco Foundation,2021,University of Chicago,5801 S ELLIS AVE,CHICAGO,IL,60637,200000,Discretion of Dean of the Division of Biological Sciences and the Pritzker School of Medicine,990-PF,41.789553508174,-87.601183264568,sited
The Clayco Foundation,2021,University of Chicago Harris School of Public Policy,1307 E 60th St,CHICAGO,IL,60637,50000,Obama Foundation Scholars Program,990-PF,41.786007864534,-87.594446948178,intermediary_or_citywide
The Clayco Foundation,2021,Role Model Movement Inc NFP,47 West Polk,CHICAGO,IL,60619,20000,Provide underprivileged youth with an awareness of the world and opportunities,990-PF,41.872227851641,-87.628870808889,sited
The Clayco Foundation,2021,Pride ROC,PO BOX 15232,CHICAGO,IL,606155141,20000,"To bring a radical new model of hearing to the lives of young Black men who have experienced deep, systemic trauma.",990-PF,,,intermediary_or_citywide
The Clayco Foundation,2022,University of Chicago,5801 S ELLIS AVE,CHICAGO,IL,60637,200000,Discretion of Dean of the Division of Biological Sciences and the Pritzker School of Medicine,990-PF,41.789553508174,-87.601183264568,sited
The Clayco Foundation,2022,University of Chicago Harris School of Public Policy,1307 E 60th St,CHICAGO,IL,60637,50000,Obama Foundation Scholars Program,990-PF,41.786007864534,-87.594446948178,intermediary_or_citywide
The Clayco Foundation,2022,Rebuild Foundation,6760 S Stony Island Ave,CHICAGO,IL,60649,1000000,Construction of St. Laurence Arts Incubator,990-PF,41.772795493745,-87.586374599133,sited
The Clayco Foundation,2022,Brave Space Alliance,1515 E 52nd Pl 3rd Fl,CHICAGO,IL,60615,5000,Lucy Hicks Anderson housing program for BIPOC Trans people.,990-PF,41.799966861827,-87.588900442913,sited
The Clayco Foundation,2022,Institute of Positive Education,7825 S Ellis,CHICAGO,IL,60619,25000,"The Institute of Positive Education uses the principles found in African-centered education to bring residents together to identify issues and provide educational solutions. African-centered education is a holistic approach to meet students' intellectual, social, emotional needs. We also emphasize healthy physical development. IPE uses curriculum and strategies to support positive identity development to help students understand their roles as citizens of the world and their power and influence on the world.",990-PF,41.752685395541,-87.600290088645,sited
The Clayco Foundation,2022,Ex-Cons for Community and Society,Ex-Cons for Community and Society,CHICAGO,IL,60609,25000,"ECCSC isa Reentry, Workforce Readiness, and Street Outreach and Intervention Agency that specializes in Conflict Resolution, Policy Advocacy Initiatives, and Workforce Development.",990-PF,,,intermediary_or_citywide
The Clayco Foundation,2023,University of Chicago,5801 S ELLIS AVE,CHICAGO,IL,60637,200000,Discretion of Dean of the Division of Biological Sciences and the Pritzker School of Medicine,990-PF,41.789553508174,-87.601183264568,sited
The Clayco Foundation,2023,University of Chicago Harris School of Public Policy,1307 E 60th St,CHICAGO,IL,60637,50000,Obama Foundation Scholars Program,990-PF,41.786007864534,-87.594446948178,intermediary_or_citywide
The Clayco Foundation,2024,University of Chicago,5801 S ELLIS AVE,CHICAGO,IL,60637,200000,Discretion of Dean of the Division of Biological Sciences and the Pritzker School of Medicine,990-PF,41.789553508174,-87.601183264568,sited
The Clayco Foundation,2024,University of Chicago Harris School of Public Policy,1307 E 60th St,CHICAGO,IL,60637,50000,Obama Foundation Scholars Program,990-PF,41.786007864534,-87.594446948178,intermediary_or_citywide
The Clayco Foundation,2024,Greater Chicago Food Depository,4100 W Ann Lurie Pl,CHICAGO,IL,60632,125000,Nourish Campaign,990-PF,,,intermediary_or_citywide
The Clayco Foundation,2024,Tools Up Foundation Inc,1500 E 71st Street,CHICAGO,IL,60619,25000,"Tools Up Foundation (TUF) is 501c3 nonprofit organization focused on diversity, equity, inclusion, and workforce development, in the construction industry.",990-PF,41.766178459017,-87.58859245614,sited
The Clayco Foundation,2024,TGi Movement,6430 S CAMPBELL AVE,CHICAGO,IL,606291307,25000,Our mission is to curate and cultivate Oasis-es throughout the city of Chicago to unite youth across neighborhood boundaries ultimately dismantling Dream Deserts.,990-PF,41.776824102707,-87.686095771002,sited
Julian Family Foundation,2021,ALMOST HOME KIDS - CHICAGO,211 E GRAND AVENUE 6TH FLOOR,CHICAGO,IL,60611,2500,GENERAL PURPOSES,990-PF,41.891705506834,-87.622354475629,sited
Julian Family Foundation,2021,ARTS ALLIANCE ILLINOIS,200 W MADISON STREET 3RD FLOOR,CHICAGO,IL,60606,10000,GENERAL PURPOSES,990-PF,41.881999441643,-87.633899204958,sited
Julian Family Foundation,2021,CEDILLE CHICAGO - RECORDING FOUNDATION,1205 W BALMORAL AVENUE,CHICAGO,IL,60640,30000,GENERAL PURPOSES,990-PF,41.979912834946,-87.660065572172,sited
Julian Family Foundation,2021,CHICAGO HIGH SCHOOL FOR THE ARTS,2714 W AUGUSTA BLVD,CHICAGO,IL,60622,2500,GENERAL PURPOSES,990-PF,41.899345169681,-87.695489099391,intermediary_or_citywide
Julian Family Foundation,2021,CHICAGO HISTORY MUSEUM,1601 N CLARK STREET,CHICAGO,IL,60614,2500,GENERAL PURPOSES,990-PF,41.91125225948,-87.631620549744,sited
Julian Family Foundation,2021,CHICAGO OPERA THEATER,70 E LAKE STREET SUITE 415,CHICAGO,IL,60601,2500,GENERAL PURPOSES,990-PF,41.885782775355,-87.625858436593,sited
Julian Family Foundation,2021,CHICAGO SYMPHONY ORCHESTRA,220 S MICHIGAN AVENUE,CHICAGO,IL,60604,160000,GENERAL PURPOSES,990-PF,41.879261225909,-87.624499386276,sited
Julian Family Foundation,2021,CHICAGO YOUTH SYMPHONY ORCHESTRA,410 S MICHIGAN AVENUE SUITE 833,CHICAGO,IL,60606,2500,GENERAL PURPOSES,990-PF,41.87661684649,-87.624436493807,sited
Julian Family Foundation,2021,EAR TAXI FESTIVAL - NEW MUSIC CHICAGO,2051 W FARWELL AVENUE,CHICAGO,IL,60645,2500,GENERAL PURPOSES,990-PF,42.006331958364,-87.68306408424,sited
Julian Family Foundation,2021,EIGHTH BLACKBIRD,4045 N ROCKWELL STREET,CHICAGO,IL,60640,2500,GENERAL PURPOSES,990-PF,41.955101204063,-87.693180015523,sited
Julian Family Foundation,2021,ENSEMBLE DAL NIENTE,4045 N ROCKWELL STREET SUITE 312,CHICAGO,IL,60618,2500,GENERAL PURPOSES,990-PF,41.955101204063,-87.693180015523,sited
Julian Family Foundation,2021,GRANT PARK SYMPHONY & MUSIC FESTIVAL,205 W RANDOLPH STREET 4TH FLOOR,CHICAGO,IL,60601,10000,GENERAL PURPOSES,990-PF,41.884413849839,-87.634026677031,sited
Julian Family Foundation,2021,GREATER CHICAGO FOOD DEPOSITORY,4100 W ANN LURIE PLACE,CHICAGO,IL,60632,10000,GENERAL PURPOSES,990-PF,,,intermediary_or_citywide
Julian Family Foundation,2021,I GROW CHICAGO,6402 S HONORE STREET,CHICAGO,IL,60636,30000,GENERAL PURPOSES,990-PF,41.777475533173,-87.67032309805,sited
Julian Family Foundation,2021,INGENUITY - CHICAGO PUBLIC SCHOOLS,440 N WELLS STREET SUITE 505,CHICAGO,IL,60654,10000,GENERAL PURPOSES,990-PF,41.890170853726,-87.634111271441,sited
Julian Family Foundation,2021,INTERNATIONAL MUSIC FOUNDATION,11 E ADAMS STREET SUITE 350B,CHICAGO,IL,60603,5000,GENERAL PURPOSES,990-PF,41.879438567535,-87.627314442138,sited
Julian Family Foundation,2021,KARTEMQUIN EDUCATIONAL FILMS,1901 W WELLINGTON AVENUE,CHICAGO,IL,60657,10000,GENERAL PURPOSES,990-PF,41.935901422237,-87.675886793358,sited
Julian Family Foundation,2021,LURIE CHILDREN'S HOSPITAL OF CHICAGO,225 E CHICAGO AVENUE,CHICAGO,IL,60611,1000,GENERAL PURPOSES,990-PF,41.896693751301,-87.622923905467,intermediary_or_citywide
Julian Family Foundation,2021,LYRIC OPERA OF CHICAGO,20 N WACKER DRIVE,CHICAGO,IL,60606,135000,GENERAL PURPOSES,990-PF,41.882191369239,-87.637100009791,sited
Julian Family Foundation,2021,MERIT SCHOOL OF MUSIC,38 S PEORIA STREET,CHICAGO,IL,60607,125000,GENERAL PURPOSES,990-PF,41.881214815794,-87.649760056368,sited
Julian Family Foundation,2021,MUSIC INSTITUTE OF CHICAGO,65 E HURON STREET,CHICAGO,IL,60611,25000,GENERAL PURPOSES,990-PF,41.89483741247,-87.626727731127,sited
Julian Family Foundation,2021,MUSICIANS CLUB OF WOMEN,PO BOX 507,CHICAGO,IL,60690,1500,GENERAL PURPOSES,990-PF,,,intermediary_or_citywide
Julian Family Foundation,2021,PEOPLE'S MUSIC SCHOOL,931 W EASTWOOD AVENUE,CHICAGO,IL,60640,5000,GENERAL PURPOSES,990-PF,41.966335346284,-87.653519089204,sited
Julian Family Foundation,2021,THE NEWBERRY LIBRARY,60 W WALTON STREET,CHICAGO,IL,60610,2500,GENERAL PURPOSES,990-PF,41.899859574468,-87.630394134617,sited
Julian Family Foundation,2021,THE SALVATION ARMY,5040 N PULASKI ROAD,CHICAGO,IL,60630,2500,GENERAL PURPOSES,990-PF,41.97256606672,-87.728228946784,sited
Julian Family Foundation,2021,THIRD COAST PERCUSSION,4045 N ROCKWELL STREET,CHICAGO,IL,60618,10000,GENERAL PURPOSES,990-PF,41.955101204063,-87.693180015523,sited
Julian Family Foundation,2021,URBAN GATEWAYS,205 W RANDOLPH STREET SUITE 1700,CHICAGO,IL,60606,2500,GENERAL PURPOSES,990-PF,41.884413849839,-87.634026677031,sited
Julian Family Foundation,2021,WOUNDED WARRIOR PROJECT CHICAGO,230 W MONROE STREET SUITE 200,CHICAGO,IL,60606,1000,GENERAL PURPOSES,990-PF,41.880710512946,-87.634283735213,sited
Julian Family Foundation,2021,WTTWWFMT,5400 N ST LOUIS AVENUE,CHICAGO,IL,60625,115000,GENERAL PURPOSES,990-PF,41.979387355038,-87.716147207409,sited
Julian Family Foundation,2022,ALMOST HOME KIDS - CHICAGO,211 E GRAND AVENUE 6TH FLOOR,CHICAGO,IL,60611,2500,GENERAL PURPOSES,990-PF,41.891705506834,-87.622354475629,sited
Julian Family Foundation,2022,ARTS ALLIANCE ILLINOIS,200 W MADISON STREET 3RD FLOOR,CHICAGO,IL,60606,10000,GENERAL PURPOSES,990-PF,41.881999441643,-87.633899204958,sited
Julian Family Foundation,2022,CEDILLE CHICAGO - RECORDING FOUNDATION,1205 W BALMORAL AVENUE,CHICAGO,IL,60640,70000,GENERAL PURPOSES,990-PF,41.979912834946,-87.660065572172,sited
Julian Family Foundation,2022,CHICAGO ARCHITECTURAL FOUNDATION,111 E WACKER STREET,CHICAGO,IL,60601,5500,GENERAL PURPOSES,990-PF,41.888139848633,-87.623818054576,intermediary_or_citywide
Julian Family Foundation,2022,CHICAGO HISTORY MUSEUM,1601 N CLARK STREET,CHICAGO,IL,60614,2500,GENERAL PURPOSES,990-PF,41.91125225948,-87.631620549744,sited
Julian Family Foundation,2022,CHICAGO OPERA THEATER,70 E LAKE STREET SUITE 415,CHICAGO,IL,60601,2500,GENERAL PURPOSES,990-PF,41.885782775355,-87.625858436593,sited
Julian Family Foundation,2022,CHICAGO SYMPHONY ORCHESTRA,220 S MICHIGAN AVENUE,CHICAGO,IL,60604,2026000,GENERAL PURPOSES,990-PF,41.879261225909,-87.624499386276,sited
Julian Family Foundation,2022,CHICAGO YOUTH SYMPHONY ORCHESTRA,410 S MICHIGAN AVENUE SUITE 833,CHICAGO,IL,60606,2500,GENERAL PURPOSES,990-PF,41.87661684649,-87.624436493807,sited
Julian Family Foundation,2022,EAR TAXI FESTIVAL - NEW MUSIC CHICAGO,2051 W FARWELL AVENUE,CHICAGO,IL,60645,5000,GENERAL PURPOSES,990-PF,42.006331958364,-87.68306408424,sited
Julian Family Foundation,2022,EIGHTH BLACKBIRD,4045 N ROCKWELL STREET,CHICAGO,IL,60640,2500,GENERAL PURPOSES,990-PF,41.955101204063,-87.693180015523,sited
Julian Family Foundation,2022,ENSEMBLE DAL NIENTE,4045 N ROCKWELL STREET SUITE 312,CHICAGO,IL,60618,2500,GENERAL PURPOSES,990-PF,41.955101204063,-87.693180015523,sited
Julian Family Foundation,2022,GRANT PARK SYMPHONY & MUSIC FESTIVAL,205 W RANDOLPH STREET 4TH FLOOR,CHICAGO,IL,60601,17500,GENERAL PURPOSES,990-PF,41.884413849839,-87.634026677031,sited
Julian Family Foundation,2022,GREATER CHICAGO FOOD DEPOSITORY,4100 W ANN LURIE PLACE,CHICAGO,IL,60632,10000,GENERAL PURPOSES,990-PF,,,intermediary_or_citywide
Julian Family Foundation,2022,INGENUITY - CHICAGO PUBLIC SCHOOLS,440 N WELLS STREET SUITE 505,CHICAGO,IL,60654,10000,GENERAL PURPOSES,990-PF,41.890170853726,-87.634111271441,sited
Julian Family Foundation,2022,INTERNATIONAL MUSIC FOUNDATION,11 E ADAMS STREET SUITE 350B,CHICAGO,IL,60603,5000,GENERAL PURPOSES,990-PF,41.879438567535,-87.627314442138,sited
Julian Family Foundation,2022,LURIE CHILDREN'S HOSPITAL OF CHICAGO,225 E CHICAGO AVENUE,CHICAGO,IL,60611,1000,GENERAL PURPOSES,990-PF,41.896693751301,-87.622923905467,intermediary_or_citywide
Julian Family Foundation,2022,LYRIC OPERA OF CHICAGO,20 N WACKER DRIVE,CHICAGO,IL,60606,139000,GENERAL PURPOSES,990-PF,41.882191369239,-87.637100009791,sited
Julian Family Foundation,2022,MERIT SCHOOL OF MUSIC,38 S PEORIA STREET,CHICAGO,IL,60607,275000,GENERAL PURPOSES,990-PF,41.881214815794,-87.649760056368,sited
Julian Family Foundation,2022,MUSIC INSTITUTE OF CHICAGO,65 E HURON STREET,CHICAGO,IL,60611,25000,GENERAL PURPOSES,990-PF,41.89483741247,-87.626727731127,sited
Julian Family Foundation,2022,PEOPLE'S MUSIC SCHOOL,931 W EASTWOOD AVENUE,CHICAGO,IL,60640,5000,GENERAL PURPOSES,990-PF,41.966335346284,-87.653519089204,sited
Julian Family Foundation,2022,THE CHICAGO COMMUNITY TRUST - INNOVATION 80,33 S STATE STREET SUITE 750,CHICAGO,IL,60603,25000,GENERAL PURPOSES,990-PF,41.881652198165,-87.627682025192,intermediary_or_citywide
Julian Family Foundation,2022,THE SALVATION ARMY,5040 N PULASKI ROAD,CHICAGO,IL,60630,2500,GENERAL PURPOSES,990-PF,41.97256606672,-87.728228946784,sited
Julian Family Foundation,2022,THIRD COAST PERCUSSION,4045 N ROCKWELL STREET,CHICAGO,IL,60618,15000,GENERAL PURPOSES,990-PF,41.955101204063,-87.693180015523,sited
Julian Family Foundation,2022,URBAN GATEWAYS,205 W RANDOLPH STREET SUITE 1700,CHICAGO,IL,60606,2500,GENERAL PURPOSES,990-PF,41.884413849839,-87.634026677031,sited
Julian Family Foundation,2022,WTTWWFMT - WINDOW TO THE WORLD COMMUNICATIONS INC,5400 N ST LOUIS AVENUE,CHICAGO,IL,60625,105000,GENERAL PURPOSES,990-PF,41.979387355038,-87.716147207409,sited
Julian Family Foundation,2023,ALMOST HOME KIDS - CHICAGO,211 E GRAND AVENUE 6TH FLOOR,CHICAGO,IL,60611,2500,GENERAL PURPOSES,990-PF,41.891705506834,-87.622354475629,sited
Julian Family Foundation,2023,CEDILLE CHICAGO - RECORDING FOUNDATION,1205 W BALMORAL AVENUE,CHICAGO,IL,60640,25000,GENERAL PURPOSES,990-PF,41.979912834946,-87.660065572172,sited
Julian Family Foundation,2023,CHICAGO A CAPELLA,4043 N RAVENSWOOD AVENUE SUITE 119,CHICAGO,IL,60613,1000,GENERAL PURPOSES,990-PF,41.955021236639,-87.673735435394,sited
Julian Family Foundation,2023,CHICAGO ARCHITECTURAL FOUNDATION,111 E WACKER STREET,CHICAGO,IL,60601,2500,GENERAL PURPOSES,990-PF,41.888139848633,-87.623818054576,intermediary_or_citywide
Julian Family Foundation,2023,CHICAGO HIGH SCHOOL FOR THE ARTS - CHIARTS FOUNDATION,2714 W AUGUSTA BLVD,CHICAGO,IL,60622,2500,GENERAL PURPOSES,990-PF,41.899345169681,-87.695489099391,sited
Julian Family Foundation,2023,CHICAGO HISTORY MUSEUM,1601 N CLARK STREET,CHICAGO,IL,60614,2500,GENERAL PURPOSES,990-PF,41.91125225948,-87.631620549744,sited
Julian Family Foundation,2023,CHICAGO OPERA THEATER,70 E LAKE STREET SUITE 415,CHICAGO,IL,60601,2500,GENERAL PURPOSES,990-PF,41.885782775355,-87.625858436593,sited
Julian Family Foundation,2023,CHICAGO SYMPHONY ORCHESTRA,220 S MICHIGAN AVENUE,CHICAGO,IL,60604,684500,GENERAL PURPOSES,990-PF,41.879261225909,-87.624499386276,sited
Julian Family Foundation,2023,CHICAGO YOUTH SYMPHONY ORCHESTRA,410 S MICHIGAN AVENUE SUITE 833,CHICAGO,IL,60606,1000,GENERAL PURPOSES,990-PF,41.87661684649,-87.624436493807,sited
Julian Family Foundation,2023,CIVITAS EDUCATION PARTNERS,1006 S MICHIGAN AVENUE SUITE 3001,CHICAGO,IL,60605,5000,GENERAL PURPOSES,990-PF,41.869974015503,-87.624282694695,sited
Julian Family Foundation,2023,COLLABORATIVE ARTS INSTITUTE OF CHICAGO (CAIC),1126 W FULLERTON AVENUE SUITE 1,CHICAGO,IL,60614,15000,GENERAL PURPOSES,990-PF,41.925370435506,-87.657095751861,sited
Julian Family Foundation,2023,EAR TAXI FESTIVAL - NEW MUSIC CHICAGO,2051 W FARWELL AVENUE,CHICAGO,IL,60645,2500,GENERAL PURPOSES,990-PF,42.006331958364,-87.68306408424,sited
Julian Family Foundation,2023,EIGHTH BLACKBIRD,4045 N ROCKWELL STREET,CHICAGO,IL,60640,2500,GENERAL PURPOSES,990-PF,41.955101204063,-87.693180015523,sited
Julian Family Foundation,2023,ENSEMBLE DAL NIENTE,4045 N ROCKWELL STREET SUITE 312,CHICAGO,IL,60618,2500,GENERAL PURPOSES,990-PF,41.955101204063,-87.693180015523,sited
Julian Family Foundation,2023,GRANT PARK SYMPHONY & MUSIC FESTIVAL,205 W RANDOLPH STREET 4TH FLOOR,CHICAGO,IL,60601,262500,GENERAL PURPOSES,990-PF,41.884413849839,-87.634026677031,sited
Julian Family Foundation,2023,GREATER CHICAGO FOOD DEPOSITORY,4100 W ANN LURIE PLACE,CHICAGO,IL,60632,10000,GENERAL PURPOSES,990-PF,,,intermediary_or_citywide
Julian Family Foundation,2023,INTERNATIONAL MUSIC FOUNDATION,11 E ADAMS STREET SUITE 350B,CHICAGO,IL,60603,5000,GENERAL PURPOSES,990-PF,41.879438567535,-87.627314442138,sited
Julian Family Foundation,2023,LURIE CHILDREN'S HOSPITAL OF CHICAGO,225 E CHICAGO AVENUE,CHICAGO,IL,60611,2500,GENERAL PURPOSES,990-PF,41.896693751301,-87.622923905467,intermediary_or_citywide
Julian Family Foundation,2023,LYRIC OPERA OF CHICAGO,20 N WACKER DRIVE,CHICAGO,IL,60606,140500,GENERAL PURPOSES,990-PF,41.882191369239,-87.637100009791,sited
Julian Family Foundation,2023,MERIT SCHOOL OF MUSIC,38 S PEORIA STREET,CHICAGO,IL,60607,225000,GENERAL PURPOSES,990-PF,41.881214815794,-87.649760056368,sited
Julian Family Foundation,2023,MUSIC INSTITUTE OF CHICAGO,65 E HURON STREET,CHICAGO,IL,60611,10000,GENERAL PURPOSES,990-PF,41.89483741247,-87.626727731127,sited
Julian Family Foundation,2023,PEOPLE'S MUSIC SCHOOL,931 W EASTWOOD AVENUE,CHICAGO,IL,60640,5000,GENERAL PURPOSES,990-PF,41.966335346284,-87.653519089204,sited
Julian Family Foundation,2023,SOUND MIND MUSICIAN INC,1920 N MILWAUKEE AVENUE UNIT 607,CHICAGO,IL,60647,500,GENERAL PURPOSES,990-PF,41.916352434729,-87.686800741603,sited
Julian Family Foundation,2023,THE CHICAGO COMMUNITY TRUST - INNOVATION 80,33 S STATE STREET SUITE 750,CHICAGO,IL,60603,25000,GENERAL PURPOSES,990-PF,41.881652198165,-87.627682025192,intermediary_or_citywide
Julian Family Foundation,2023,THE SALVATION ARMY,5040 N PULASKI ROAD,CHICAGO,IL,60630,2500,GENERAL PURPOSES,990-PF,41.97256606672,-87.728228946784,sited
Julian Family Foundation,2023,THIRD COAST PERCUSSION,4045 N ROCKWELL STREET,CHICAGO,IL,60618,15000,GENERAL PURPOSES,990-PF,41.955101204063,-87.693180015523,sited
Julian Family Foundation,2023,URBAN GATEWAYS,205 W RANDOLPH STREET SUITE 1700,CHICAGO,IL,60606,2500,GENERAL PURPOSES,990-PF,41.884413849839,-87.634026677031,sited
Julian Family Foundation,2023,WTTWWFMT - WINDOW TO THE WORLD COMMUNICATIONS INC,5400 N ST LOUIS AVENUE,CHICAGO,IL,60625,130000,GENERAL PURPOSES,990-PF,41.979387355038,-87.716147207409,sited
Julian Family Foundation,2024,ALMOST HOME KIDS - CHICAGO,211 E GRAND AVENUE 6TH FLOOR,CHICAGO,IL,60611,2500,GENERAL PURPOSES,990-PF,41.891705506834,-87.622354475629,sited
Julian Family Foundation,2024,ARTS ALLIANCE ILLINOIS,200 W MADISON STREET 3RD FLOOR,CHICAGO,IL,60606,9000,GENERAL PURPOSES,990-PF,41.881999441643,-87.633899204958,sited
Julian Family Foundation,2024,CEDILLE CHICAGO - RECORDING FOUNDATION,1205 W BALMORAL AVENUE,CHICAGO,IL,60640,65000,GENERAL PURPOSES,990-PF,41.979912834946,-87.660065572172,sited
Julian Family Foundation,2024,CHICAGO A CAPELLA,4043 N RAVENSWOOD AVENUE SUITE 119,CHICAGO,IL,60613,500,GENERAL PURPOSES,990-PF,41.955021236639,-87.673735435394,sited
Julian Family Foundation,2024,CHICAGO ARCHITECTURAL FOUNDATION,111 E WACKER STREET,CHICAGO,IL,60601,2500,GENERAL PURPOSES,990-PF,41.888139848633,-87.623818054576,intermediary_or_citywide
Julian Family Foundation,2024,CHICAGO OPERA THEATER,70 E LAKE STREET SUITE 415,CHICAGO,IL,60601,5000,GENERAL PURPOSES,990-PF,41.885782775355,-87.625858436593,sited
Julian Family Foundation,2024,CHICAGO SYMPHONY ORCHESTRA,220 S MICHIGAN AVENUE,CHICAGO,IL,60604,985000,GENERAL PURPOSES,990-PF,41.879261225909,-87.624499386276,sited
Julian Family Foundation,2024,CIVITAS EDUCATION PARTNERS,1006 S MICHIGAN AVENUE SUITE 3001,CHICAGO,IL,60605,5000,GENERAL PURPOSES,990-PF,41.869974015503,-87.624282694695,sited
Julian Family Foundation,2024,CLASSICAL MUSIC CHICAGO,200 W MADISON STREET 2ND FLOOR,CHICAGO,IL,60606,5000,GENERAL PURPOSES,990-PF,41.881999441643,-87.633899204958,sited
Julian Family Foundation,2024,COLLABORATIVE ARTS INSTITUTE OF CHICAGO (CAIC),1126 W FULLERTON AVENUE SUITE 1,CHICAGO,IL,60614,15000,GENERAL PURPOSES,990-PF,41.925370435506,-87.657095751861,sited
Julian Family Foundation,2024,EIGHTH BLACKBIRD,4045 N ROCKWELL STREET,CHICAGO,IL,60640,2500,GENERAL PURPOSES,990-PF,41.955101204063,-87.693180015523,sited
Julian Family Foundation,2024,GRANT PARK SYMPHONY & MUSIC FESTIVAL,205 W RANDOLPH STREET 4TH FLOOR,CHICAGO,IL,60601,255000,GENERAL PURPOSES,990-PF,41.884413849839,-87.634026677031,sited
Julian Family Foundation,2024,GREATER CHICAGO FOOD DEPOSITORY,4100 W ANN LURIE PLACE,CHICAGO,IL,60632,10000,GENERAL PURPOSES,990-PF,,,intermediary_or_citywide
Julian Family Foundation,2024,IMMACULATE CONCEPTION PARISH,7211 W TALCOTT AVENUE,CHICAGO,IL,60631,1250,GENERAL PURPOSES,990-PF,41.986452238229,-87.808352363108,sited
Julian Family Foundation,2024,LURIE CHILDREN'S HOSPITAL OF CHICAGO,225 E CHICAGO AVENUE,CHICAGO,IL,60611,2500,GENERAL PURPOSES,990-PF,41.896693751301,-87.622923905467,intermediary_or_citywide
Julian Family Foundation,2024,LYRIC OPERA OF CHICAGO,20 N WACKER DRIVE,CHICAGO,IL,60606,433000,GENERAL PURPOSES,990-PF,41.882191369239,-87.637100009791,sited
Julian Family Foundation,2024,MERIT SCHOOL OF MUSIC,38 S PEORIA STREET,CHICAGO,IL,60607,475000,GENERAL PURPOSES,990-PF,41.881214815794,-87.649760056368,sited
Julian Family Foundation,2024,MUSIC INSTITUTE OF CHICAGO,65 E HURON STREET,CHICAGO,IL,60611,110000,GENERAL PURPOSES,990-PF,41.89483741247,-87.626727731127,sited
Julian Family Foundation,2024,PEOPLE'S MUSIC SCHOOL,931 W EASTWOOD AVENUE,CHICAGO,IL,60640,5000,GENERAL PURPOSES,990-PF,41.966335346284,-87.653519089204,sited
Julian Family Foundation,2024,THE ART INSTITUTE OF CHICAGO,111 S MICHIGAN AVENUE,CHICAGO,IL,60603,3000,GENERAL PURPOSES,990-PF,41.880649213362,-87.624171570115,sited
Julian Family Foundation,2024,THE CHICAGO COMMUNITY TRUST - INNOVATION 80,33 S STATE STREET SUITE 750,CHICAGO,IL,60603,25000,GENERAL PURPOSES,990-PF,41.881652198165,-87.627682025192,intermediary_or_citywide
Julian Family Foundation,2024,THIRD COAST PERCUSSION,4045 N ROCKWELL STREET,CHICAGO,IL,60618,95000,GENERAL PURPOSES,990-PF,41.955101204063,-87.693180015523,sited
Julian Family Foundation,2024,WTTWWFMT - WINDOW TO THE WORLD COMMUNICATIONS INC,5400 N ST LOUIS AVENUE,CHICAGO,IL,60625,155000,GENERAL PURPOSES,990-PF,41.979387355038,-87.716147207409,sited
Christopher L & M Susan Gust Foundation,2021,CHICAGO MISSION,1801 W JACKSON BLVD,CHICAGO,IL,60612,70000,GENERAL PURPOSE,990-PF,41.877483853124,-87.671726188966,sited
Christopher L & M Susan Gust Foundation,2021,CHICAGO PUBLIC MEDIA,848 E GRAND AVE,CHICAGO,IL,60611,5000,GENERAL PURPOSE,990-PF,41.892187438564,-87.609927254642,sited
Christopher L & M Susan Gust Foundation,2021,CHICAGO PUBLIC SCHOOLSHELEN C PEIRCE INTERNATIONAL STUDIES SCHOOL,1423 W BRYN MAWR AVE,CHICAGO,IL,60660,8000,TEACHER TRAINING/SUPPORT,990-PF,41.98347670718,-87.666127702971,sited
Christopher L & M Susan Gust Foundation,2021,CHICAGO PUBLIC SCHOOLSRUFUS M HITCH ELEMENTARY SCHOOL,5625 N MCVICKER AVE,CHICAGO,IL,60646,800,TEACHER TRAINING/SUPPORT,990-PF,41.983726548602,-87.779155435903,sited
Christopher L & M Susan Gust Foundation,2021,CHICAGO COALITION FOR THE HOMELESS,70 E LAKE ST STE 720,CHICAGO,IL,60601,5000,GENERAL PURPOSE,990-PF,41.885782775355,-87.625858436593,sited
Christopher L & M Susan Gust Foundation,2021,CHICAGO HOPE ACADEMY,2189 W BOWLER ST,CHICAGO,IL,60611,5000,GENERAL PURPOSE,990-PF,41.870452638226,-87.680867081915,sited
Christopher L & M Susan Gust Foundation,2021,CHICAGO PUBLIC SCHOOLSSADLOWSKI ELEMENTARY SCHOOL,3930 E 105TH ST,CHICAGO,IL,60617,709,TEACHER TRAINING/SUPPORT,990-PF,41.704598308929,-87.527958763424,sited
Christopher L & M Susan Gust Foundation,2021,GREATER CHICAGO FOOD DEPOSITORY,4100 W ANN LURIE PLACE,CHICAGO,IL,606323920,25000,GENERAL PURPOSE,990-PF,,,intermediary_or_citywide
Christopher L & M Susan Gust Foundation,2021,HEARTLAND ALLIANCE,208 S LASALLE ST STE 1300,CHICAGO,IL,60604,25000,GENERAL PURPOSE,990-PF,41.879132477534,-87.632361460549,sited
Christopher L & M Susan Gust Foundation,2021,LAKEVIEW FOOD PANTRY,3945 NORTH SHERIDAN RD,CHICAGO,IL,60613,25000,GENERAL PURPOSE,990-PF,41.954118724761,-87.654455396743,sited
Christopher L & M Susan Gust Foundation,2021,LEAGUE OF WOMEN VOTERS,332 S MICHIGAN AVE STE 634,CHICAGO,IL,606044422,5000,GENERAL PURPOSE,990-PF,41.877843189944,-87.624454573168,sited
Christopher L & M Susan Gust Foundation,2021,MEALS ON WHEELS,314 W SUPERIOR STE 300,CHICAGO,IL,60654,10000,GENERAL PURPOSEGENERAL PURPOSESGENERAL PURPOSES,990-PF,41.895609756967,-87.63707401827,sited
Christopher L & M Susan Gust Foundation,2021,MERCY HOME FOR BOYS AND GIRLS,1140 W JACKSON BLVD,CHICAGO,IL,60607,5000,GENERAL PURPOSE,990-PF,41.877863321677,-87.656088961182,sited
Christopher L & M Susan Gust Foundation,2021,OUR LADY OF ANGELS CHURCH,3808 WEST IOWA ST,CHICAGO,IL,60651,3000,SUPPLIES FOR CHURCH THANKSGIVING ACTIVITIES,990-PF,41.897290443909,-87.721629062969,sited
Christopher L & M Susan Gust Foundation,2021,ROOSEVELT UNIVERSITY,430 S MICHIGAN AVE WB1312,CHICAGO,IL,60605,5000,CHICAGO COLLEGE OF PERFORMING ARTS DEAN'S FUND FOR EXCELLENCE,990-PF,41.876360102818,-87.6244311664,intermediary_or_citywide
Christopher L & M Susan Gust Foundation,2021,SHIRLEY RYAN ABILITY LAB,355 EAST ERIE ST,CHICAGO,IL,60611,40000,NEW BUILDING FUND PHASE II (SKYRISE),990-PF,41.894168660526,-87.619125924909,sited
Christopher L & M Susan Gust Foundation,2021,SHIRLEY RYAN ABILITY LAB,355 EAST ERIE ST,CHICAGO,IL,60611,100000,SHIRLEY RYAN ABILITY LAB SPARK 2020 PROGRAM,990-PF,41.894168660526,-87.619125924909,sited
Christopher L & M Susan Gust Foundation,2021,SHIRLEY RYAN ABILITY LAB,355 EAST ERIE ST,CHICAGO,IL,60611,1000000,GENERAL PURPOSE,990-PF,41.894168660526,-87.619125924909,sited
Christopher L & M Susan Gust Foundation,2021,THE NIGHT MINISTRY,1735 N ASHLAND AVE STE 2000,CHICAGO,IL,60622,25000,GENERAL PURPOSE,990-PF,41.913146606144,-87.667683335934,sited
Christopher L & M Susan Gust Foundation,2021,ROLFE PANCREATIC CANCER FOUNDATION,4809 N RAVENSWOOD STE 326,CHICAGO,IL,60640,20435,GENERAL PURPOSE,990-PF,41.969110848394,-87.67410548711,sited
Christopher L & M Susan Gust Foundation,2021,ST IGNATIUS HOCKEY CLUB,1219 W MONTANA ST,CHICAGO,IL,60614,12500,GENERAL PURPOSE,990-PF,41.926189448273,-87.659235596606,sited
Christopher L & M Susan Gust Foundation,2022,CHICAGO COALITION FOR THE HOMELESS,70 E LAKE ST STE 720,CHICAGO,IL,60601,5000,GENERAL PURPOSE,990-PF,41.885782775355,-87.625858436593,sited
Christopher L & M Susan Gust Foundation,2022,CHICAGO HOPE ACADEMY,2189 W BOWLER ST,CHICAGO,IL,60611,2500,GENERAL PURPOSE,990-PF,41.870452638226,-87.680867081915,sited
Christopher L & M Susan Gust Foundation,2022,CHICAGO MISSION,1801 W JACKSON BLVD,CHICAGO,IL,60612,50000,GENERAL PURPOSE,990-PF,41.877483853124,-87.671726188966,sited
Christopher L & M Susan Gust Foundation,2022,CHICAGO PUBLIC MEDIA,848 E GRAND AVE,CHICAGO,IL,60611,5000,GENERAL PURPOSE,990-PF,41.892187438564,-87.609927254642,sited
Christopher L & M Susan Gust Foundation,2022,CHICAGO PUBLIC SCHOOLSWEST PARK STREAM ACADEMY,1425 N TRIPP AVE,CHICAGO,IL,60651,2600,TEACHER TRAINING/SUPPORT,990-PF,41.907831245704,-87.732508447032,sited
Christopher L & M Susan Gust Foundation,2022,CHICAGO PUBLIC SCHOOLSSADLOWSKI ELEMENTARY SCHOOL,3930 E 105TH ST,CHICAGO,IL,60617,2200,TEACHER TRAINING/SUPPORT,990-PF,41.704598308929,-87.527958763424,sited
Christopher L & M Susan Gust Foundation,2022,GREATER CHICAGO FOOD DEPOSITORY,4100 W ANN LURIE PLACE,CHICAGO,IL,606323920,25000,GENERAL PURPOSE,990-PF,,,intermediary_or_citywide
Christopher L & M Susan Gust Foundation,2022,HEARTLAND ALLIANCE,208 S LASALLE ST STE 1300,CHICAGO,IL,60604,25000,GENERAL PURPOSE,990-PF,41.879132477534,-87.632361460549,sited
Christopher L & M Susan Gust Foundation,2022,LAKEVIEW FOOD PANTRY,3945 NORTH SHERIDAN RD,CHICAGO,IL,60613,25000,GENERAL PURPOSE,990-PF,41.954118724761,-87.654455396743,sited
Christopher L & M Susan Gust Foundation,2022,LEAGUE OF WOMEN VOTERS,332 S MICHIGAN AVE STE 634,CHICAGO,IL,606044422,5000,GENERAL PURPOSE,990-PF,41.877843189944,-87.624454573168,sited
Christopher L & M Susan Gust Foundation,2022,MEALS ON WHEELS,314 W SUPERIOR STE 300,CHICAGO,IL,60654,10000,GENERAL PURPOSEGENERAL PURPOSESGENERAL PURPOSES,990-PF,41.895609756967,-87.63707401827,sited
Christopher L & M Susan Gust Foundation,2022,MERCY HOME FOR BOYS AND GIRLS,1140 W JACKSON BLVD,CHICAGO,IL,60607,5000,GENERAL PURPOSE,990-PF,41.877863321677,-87.656088961182,sited
Christopher L & M Susan Gust Foundation,2022,CHICAGO JETS HOCKEY CLUB,47 W DIVISION ST BOX 182,CHICAGO,IL,60610,25000,GENERAL PURPOSE,990-PF,41.903862846293,-87.630187242498,sited
Christopher L & M Susan Gust Foundation,2022,ISRAELS GIFTS OF HOPE,3243 W WILSON AVE - CHRIST LUTHERAN,CHICAGO,IL,60625,1000,GENERAL PURPOSE,990-PF,41.964630840337,-87.709822711697,sited
Christopher L & M Susan Gust Foundation,2022,OUR LADY OF ANGELS CHURCH,3808 WEST IOWA ST,CHICAGO,IL,60651,37539,SUPPLIES FOR CHURCH THANKSGIVING ACTIVITIES,990-PF,41.897290443909,-87.721629062969,sited
Christopher L & M Susan Gust Foundation,2022,ROLFE PANCREATIC CANCER FOUNDATION,4809 N RAVENSWOOD STE 326,CHICAGO,IL,60640,10380,GENERAL PURPOSE,990-PF,41.969110848394,-87.67410548711,sited
Christopher L & M Susan Gust Foundation,2022,SHIRLEY RYAN ABILITY LAB,355 EAST ERIE ST,CHICAGO,IL,60611,40000,NEW BUILDING FUND PHASE II (SKYRISE),990-PF,41.894168660526,-87.619125924909,sited
Christopher L & M Susan Gust Foundation,2022,SHIRLEY RYAN ABILITY LAB,355 EAST ERIE ST,CHICAGO,IL,60611,100000,SHIRLEY RYAN ABILITY LAB SPARK 2022 PROGRAM,990-PF,41.894168660526,-87.619125924909,sited
Christopher L & M Susan Gust Foundation,2022,ST IGNATIUS COLLEGE PREP,1076 ROOSEVELT RD,CHICAGO,IL,60608,15000,GENERAL PURPOSE,990-PF,41.867140445159,-87.651320297627,sited
Christopher L & M Susan Gust Foundation,2022,THE NIGHT MINISTRY,1735 N ASHLAND AVE STE 2000,CHICAGO,IL,60622,25000,GENERAL PURPOSE,990-PF,41.913146606144,-87.667683335934,sited
Christopher L & M Susan Gust Foundation,2023,CHICAGO COALITION FOR THE HOMELESS,70 E LAKE ST STE 720,CHICAGO,IL,60601,10000,GENERAL PURPOSE,990-PF,41.885782775355,-87.625858436593,sited
Christopher L & M Susan Gust Foundation,2023,CHICAGO HOPE ACADEMY,2189 W BOWLER ST,CHICAGO,IL,60611,943,GENERAL PURPOSE,990-PF,41.870452638226,-87.680867081915,sited
Christopher L & M Susan Gust Foundation,2023,CHICAGO MISSION,1801 W JACKSON BLVD,CHICAGO,IL,60612,1000,GENERAL PURPOSE,990-PF,41.877483853124,-87.671726188966,sited
Christopher L & M Susan Gust Foundation,2023,CHICAGO PUBLIC MEDIA,848 E GRAND AVE,CHICAGO,IL,60611,5000,GENERAL PURPOSE,990-PF,41.892187438564,-87.609927254642,sited
Christopher L & M Susan Gust Foundation,2023,CHICAGO PUBLIC SCHOOLSWEST PARK STREAM ACADEMY,1425 N TRIPP AVE,CHICAGO,IL,60651,7353,TEACHER TRAINING/SUPPORT,990-PF,41.907831245704,-87.732508447032,sited
Christopher L & M Susan Gust Foundation,2023,GREATER CHICAGO FOOD DEPOSITORY,4100 W ANN LURIE PLACE,CHICAGO,IL,606323920,50000,GENERAL PURPOSE,990-PF,,,intermediary_or_citywide
Christopher L & M Susan Gust Foundation,2023,HEARTLAND ALLIANCE,208 S LASALLE ST STE 1300,CHICAGO,IL,60604,25000,GENERAL PURPOSE,990-PF,41.879132477534,-87.632361460549,sited
Christopher L & M Susan Gust Foundation,2023,NOURISHING HOPE (FKA LAKEVIEW FOOD PANTRY),1716 W HUBBARD ST,CHICAGO,IL,60622,25000,GENERAL PURPOSE,990-PF,41.889891478427,-87.670195550102,sited
Christopher L & M Susan Gust Foundation,2023,LEAGUE OF WOMEN VOTERS,332 S MICHIGAN AVE STE 634,CHICAGO,IL,606044422,5000,GENERAL PURPOSE,990-PF,41.877843189944,-87.624454573168,sited
Christopher L & M Susan Gust Foundation,2023,MEALS ON WHEELS,314 W SUPERIOR STE 300,CHICAGO,IL,60654,10000,GENERAL PURPOSE,990-PF,41.895609756967,-87.63707401827,sited
Christopher L & M Susan Gust Foundation,2023,MERCY HOME FOR BOYS AND GIRLS,1140 W JACKSON BLVD,CHICAGO,IL,60607,5000,GENERAL PURPOSE,990-PF,41.877863321677,-87.656088961182,sited
Christopher L & M Susan Gust Foundation,2023,OUR LADY OF ANGELS CHURCH,3808 WEST IOWA ST,CHICAGO,IL,60651,55266,SUPPLIES FOR CHURCH THANKSGIVING ACTIVITIES,990-PF,41.897290443909,-87.721629062969,sited
Christopher L & M Susan Gust Foundation,2023,INTERNATIONAL SPORTS CORP,1841 N LARAMIE AVE,CHICAGO,IL,60639,50000,GENERAL PURPOSE,990-PF,41.914256215734,-87.755762493248,sited
Christopher L & M Susan Gust Foundation,2023,SHIRLEY RYAN ABILITY LAB,355 EAST ERIE ST,CHICAGO,IL,60611,80000,NEW BUILDING FUND PHASE II (SKYRISE),990-PF,41.894168660526,-87.619125924909,sited
Christopher L & M Susan Gust Foundation,2023,SHIRLEY RYAN ABILITY LAB,355 EAST ERIE ST,CHICAGO,IL,60611,100000,SHIRLEY RYAN ABILITY LAB SPARK 2022 PROGRAM,990-PF,41.894168660526,-87.619125924909,sited
Christopher L & M Susan Gust Foundation,2023,ST IGNATIUS COLLEGE PREP,1076 ROOSEVELT RD,CHICAGO,IL,60608,535000,GENERAL PURPOSE,990-PF,41.867140445159,-87.651320297627,sited
Christopher L & M Susan Gust Foundation,2023,THE NIGHT MINISTRY,1735 N ASHLAND AVE STE 2000,CHICAGO,IL,60622,25000,GENERAL PURPOSE,990-PF,41.913146606144,-87.667683335934,sited
Christopher L & M Susan Gust Foundation,2023,CHICAGO PUBLIC SCHOOLSHELEN C PEIRCE INTERNATIONAL STUDIES SCHOOL,1423 W BRYN MAWR AVE,CHICAGO,IL,60660,5163,TEACHER TRAINING/SUPPORT,990-PF,41.98347670718,-87.666127702971,sited
Christopher L & M Susan Gust Foundation,2023,CHICAGO PUBLIC SCHOOLSRUFUS M HITCH ELEMENTARY SCHOOL,5625 N MCVICKER AVE,CHICAGO,IL,60646,4600,TEACHER TRAINING/SUPPORT,990-PF,41.983726548602,-87.779155435903,sited
Christopher L & M Susan Gust Foundation,2023,CHICAGO PUBLIC SCHOOLSGRIMES ELEMENTARY SCHOOL,5450 W 64TH PL,CHICAGO,IL,60638,857,TEACHER TRAINING/SUPPORT,990-PF,41.775447641801,-87.758302199761,sited
Christopher L & M Susan Gust Foundation,2023,CHICAGO PUBLIC SCHOOLSRAVENSWOOD ELEMENTARY SCHOOL,4332 N PAULINA ST,CHICAGO,IL,60613,1052,TEACHER TRAINING/SUPPORT,990-PF,41.960362329657,-87.670878419739,sited
Christopher L & M Susan Gust Foundation,2023,CHICAGO PUBLIC SCHOOLSBURBANK ELEMENTARY SCHOOL,2035 N MOBILE AVE,CHICAGO,IL,60639,2101,TEACHER TRAINING/SUPPORT,990-PF,41.917244059734,-87.782724794849,sited
Christopher L & M Susan Gust Foundation,2024,CHICAGO COALITION FOR THE HOMELESS,70 E LAKE ST STE 720,CHICAGO,IL,60601,10000,GENERAL PURPOSE,990-PF,41.885782775355,-87.625858436593,sited
Christopher L & M Susan Gust Foundation,2024,CHICAGO PUBLIC MEDIA,848 E GRAND AVE,CHICAGO,IL,60611,10000,GENERAL PURPOSE,990-PF,41.892187438564,-87.609927254642,sited
Christopher L & M Susan Gust Foundation,2024,CHICAGO PUBLIC SCHOOLSHELEN C PEIRCE INTERNATIONAL STUDIES SCHOOL,1423 W BRYN MAWR AVE,CHICAGO,IL,60660,8800,TEACHER TRAINING/SUPPORT,990-PF,41.98347670718,-87.666127702971,sited
Christopher L & M Susan Gust Foundation,2024,CHICAGO PUBLIC SCHOOLSJOHN FISKE ELEMENTARY SCHOOL,6020 S LANGLEY AVE,CHICAGO,IL,60637,2800,TEACHER TRAINING/SUPPORT,990-PF,41.785607031794,-87.60860815264,sited
Christopher L & M Susan Gust Foundation,2024,GREATER CHICAGO FOOD DEPOSITORY,4100 W ANN LURIE PLACE,CHICAGO,IL,606323920,50000,GENERAL PURPOSE,990-PF,,,intermediary_or_citywide
Christopher L & M Susan Gust Foundation,2024,INTERNATIONAL SPORTS CORP,1841 N LARAMIE AVE,CHICAGO,IL,60639,50000,GENERAL PURPOSE,990-PF,41.914256215734,-87.755762493248,sited
Christopher L & M Susan Gust Foundation,2024,LEAGUE OF WOMEN VOTERS,332 S MICHIGAN AVE STE 634,CHICAGO,IL,606044422,5000,GENERAL PURPOSE,990-PF,41.877843189944,-87.624454573168,sited
Christopher L & M Susan Gust Foundation,2024,MEALS ON WHEELS,314 W SUPERIOR STE 300,CHICAGO,IL,60654,10000,GENERAL PURPOSE,990-PF,41.895609756967,-87.63707401827,sited
Christopher L & M Susan Gust Foundation,2024,MERCY HOME FOR BOYS AND GIRLS,1140 W JACKSON BLVD,CHICAGO,IL,60607,5000,GENERAL PURPOSE,990-PF,41.877863321677,-87.656088961182,sited
Christopher L & M Susan Gust Foundation,2024,NOURISHING HOPE (FKA LAKEVIEW FOOD PANTRY),1716 W HUBBARD ST,CHICAGO,IL,60622,25000,GENERAL PURPOSE,990-PF,41.889891478427,-87.670195550102,sited
Christopher L & M Susan Gust Foundation,2024,MISSION OF OUR LADY OF ANGELS CHURCH,3808 WEST IOWA ST,CHICAGO,IL,60651,50962,GENERAL PURPOSE/SUPPLIES FOR CHURCH,990-PF,41.897290443909,-87.721629062969,sited
Christopher L & M Susan Gust Foundation,2024,REHAB INSTITUTE OF CHICAGO (SHIRLEY RYAB ABILITY LAB),355 EAST ERIE ST,CHICAGO,IL,60611,100000,GENERAL PURPOSE,990-PF,41.894168660526,-87.619125924909,sited
Christopher L & M Susan Gust Foundation,2024,ST IGNATIUS COLLEGE PREP,1076 ROOSEVELT RD,CHICAGO,IL,60608,550000,GENERAL PURPOSE/HOCKEY PROGRAM,990-PF,41.867140445159,-87.651320297627,sited
Christopher L & M Susan Gust Foundation,2024,THE NIGHT MINISTRY,1735 N ASHLAND AVE STE 2000,CHICAGO,IL,60622,25000,GENERAL PURPOSE,990-PF,41.913146606144,-87.667683335934,sited
Christopher L & M Susan Gust Foundation,2024,ART INSTITUTE OF CHICAGO,111 S MICHIGAN,CHICAGO,IL,60603,3000,GENERAL PURPOSE,990-PF,41.880649213362,-87.624171570115,sited
Beatrice B Tinsley Charitable Trust,2021,CHICAGO SYMPHONY ORCHESTRA,220 S MICHIGAN AVE,CHICAGO,IL,60604,293777,GENERAL,990-PF,41.879261225909,-87.624499386276,sited
Beatrice B Tinsley Charitable Trust,2022,CHICAGO SYMPHONY ORCHESTRA,220 S MICHIGAN AVE,CHICAGO,IL,60604,319205,GENERAL,990-PF,41.879261225909,-87.624499386276,sited
Beatrice B Tinsley Charitable Trust,2023,CHICAGO SYMPHONY ORCHESTRA,220 S MICHIGAN AVE,CHICAGO,IL,60604,261025,GENERAL,990-PF,41.879261225909,-87.624499386276,sited
Beatrice B Tinsley Charitable Trust,2024,CHICAGO SYMPHONY ORCHESTRA,220 S MICHIGAN AVE,CHICAGO,IL,60604,280721,GENERAL SUPPORT,990-PF,41.879261225909,-87.624499386276,sited
Joe & Jessie Crump Fund,2021,MUSCULAR DYSTROPHY ASSOCIATION,222 S RIVERSIDE PLAZA SUITE 1500 A,CHICAGO,IL,60606,25000,GENERAL,990-PF,,,intermediary_or_citywide
Joe & Jessie Crump Fund,2022,MUSCULAR DYSTROPHY ASSOCIATION,222 S RIVERSIDE PLAZA SUITE 1500 A,CHICAGO,IL,60606,35000,GENERAL,990-PF,,,intermediary_or_citywide
Joe & Jessie Crump Fund,2023,MUSCULAR DYSTROPHY ASSOCIATION,222 S RIVERSIDE PLAZA SUITE 1500 A,CHICAGO,IL,60606,40000,GENERAL,990-PF,,,intermediary_or_citywide
APMPFF INC,2021,UNIVERSITY OF CHICAGO,6054 South Drexel Avenue,CHICAGO,IL,60637,106250,GENERAL SUPPORT,990-PF,41.784501234739,-87.604475143745,sited
APMPFF INC,2021,GOL SOCCER FOUNDATION,5520 W Cornelia Ave,CHICAGO,IL,60641,22000,GENERAL SUPPORT,990-PF,41.944132831607,-87.765023519332,sited
APMPFF INC,2021,LATIN SCHOOL OF CHICAGO,1531 N Dearborn Pkwy,CHICAGO,IL,60610,30000,GENERAL SUPPORT,990-PF,41.910013162,-87.630092983894,sited
APMPFF INC,2021,CHICAGO HOPE ACADEMY,2189 W BOWLER ST,CHICAGO,IL,60612,6500,GENERAL SUPPORT,990-PF,41.870452638226,-87.680867081915,sited
APMPFF INC,2022,CHICAGO SKY CARES,2301 S LAKE SHORE DR,CHICAGO,IL,60616,50000,GENERAL SUPPORT,990-PF,,,intermediary_or_citywide
APMPFF INC,2022,CHICAGO YOUTH FOUNDATION,1440 W TAYLOR ST,CHICAGO,IL,60607,10000,GENERAL SUPPORT,990-PF,41.869372687081,-87.663112785676,sited
APMPFF INC,2022,GOL SOCCER FOUNDATION,5520 W CORNELIA AVE,CHICAGO,IL,60641,44500,GENERAL SUPPORT,990-PF,41.944132831607,-87.765023519332,sited
APMPFF INC,2022,ANN AND ROBERT H LURIE CHILDRENS HOSPITAL OF CHICAGO,225 E CHICAGO AVE BOX 282,CHICAGO,IL,60611,75000,GENERAL SUPPORT,990-PF,41.896693751301,-87.622923905467,intermediary_or_citywide
APMPFF INC,2022,LATIN SCHOOL OF CHICAGO,1531 N DEARBORN PKWY,CHICAGO,IL,60610,50000,GENERAL SUPPORT,990-PF,41.910013162,-87.630092983894,sited
APMPFF INC,2022,UNIVERSITY OF CHICAGO,6054 SOUTH DREXEL AVENUE,CHICAGO,IL,60637,212500,GENERAL SUPPORT,990-PF,41.784501234739,-87.604475143745,sited
APMPFF INC,2022,VOCEL VIEWING OUR CHILDREN AS EMERGING LEADERS,5317 W CHICAGO AVENUE,CHICAGO,IL,60651,5000,GENERAL SUPPORT,990-PF,41.894853854979,-87.75837321066,sited
APMPFF INC,2023,CHICAGO YOUTH FOUNDATION,1440 W TAYLOR ST,CHICAGO,IL,60607,10000,GENERAL SUPPORT,990-PF,41.869372687081,-87.663112785676,sited
APMPFF INC,2023,GOL SOCCER FOUNDATION,5520 W CORNELIA AVE,CHICAGO,IL,60641,28000,GENERAL SUPPORT,990-PF,41.944132831607,-87.765023519332,sited
APMPFF INC,2023,ANN AND ROBERT H LURIE CHILDRENS HOSPITAL OF CHICAGO,225 E CHICAGO AVE BOX 282,CHICAGO,IL,60611,105000,GENERAL SUPPORT,990-PF,41.896693751301,-87.622923905467,intermediary_or_citywide
APMPFF INC,2023,CHICAGO SKY CARES,2301 S LAKE SHORE DRIVE,CHICAGO,IL,60616,50000,GENERAL SUPPORT,990-PF,,,intermediary_or_citywide
APMPFF INC,2023,UNIVERSITY OF CHICAGO,6054 SOUTH DREXEL AVENUE,CHICAGO,IL,60637,106250,GENERAL SUPPORT,990-PF,41.784501234739,-87.604475143745,sited
APMPFF INC,2023,VOCEL VIEWING OUR CHILDREN AS EMERGING LEADERS,5317 W CHICAGO AVENUE,CHICAGO,IL,60651,5000,GENERAL SUPPORT,990-PF,41.894853854979,-87.75837321066,sited
APMPFF INC,2024,Gol Soccer,5520 W CORNELIA AVE,CHICAGO,IL,60641,25000,General Support,990-PF,41.944132831607,-87.765023519332,sited
APMPFF INC,2024,Ann and Robert H Lurie Children's Hospital of Chicago,225 E CHICAGO AVE BOX 282,CHICAGO,IL,60611,130000,General Support,990-PF,41.896693751301,-87.622923905467,intermediary_or_citywide
APMPFF INC,2024,Chicago Hope Academy,2630 W Lexington St,CHICAGO,IL,60612,14415,Designated for Turnabout Athletics Inc general operating support,990-PF,,,intermediary_or_citywide
APMPFF INC,2024,University of Chicago,6054 SOUTH DREXEL AVENUE,CHICAGO,IL,60637,200000,General Support,990-PF,41.784501234739,-87.604475143745,sited
John R Flanagan Charitable Foundation,2021,FEMMEBOUGHT COMMUNITY NFP,111 W MONROE ST,CHICAGO,IL,60603,50000,FOR GENERAL CHARITABLE PURPOSES,990-PF,41.880635434335,-87.631095411916,sited
John R Flanagan Charitable Foundation,2021,GAD'S HILL,1919 W CULLERTON ST,CHICAGO,IL,60608,75000,FOR GENERAL CHARTIABLE PURPOSES,990-PF,41.854893769929,-87.673968712711,sited
John R Flanagan Charitable Foundation,2021,GREATER CHICAGO FOOD DEPOSITORY,4100 W ANN LURIE PL,CHICAGO,IL,60632,75000,FOR GENERAL CHARITABLE PURPOSES,990-PF,,,intermediary_or_citywide
John R Flanagan Charitable Foundation,2021,METROPOLITAN FAMILY SERVICES,2413 EAST 107TH STREET,CHICAGO,IL,60617,100000,FOR GENERAL CHARITABLE PURPOSES,990-PF,41.700885877539,-87.564632810987,sited
John R Flanagan Charitable Foundation,2021,NORTHWESTERN MEMORIAL FOUNDATION,251 EAST HURON STREET,CHICAGO,IL,60611,135000,FOR GENERAL CHARITABLE PURPOSES,990-PF,41.894944133154,-87.6215156415,intermediary_or_citywide
John R Flanagan Charitable Foundation,2022,GAD'S HILL,1919 W CULLERTON ST,CHICAGO,IL,60608,100000,FOR GENERAL CHARTIABLE PURPOSES,990-PF,41.854893769929,-87.673968712711,sited
John R Flanagan Charitable Foundation,2022,METROPOLITAN FAMILY SERVICES,2413 EAST 107TH STREET,CHICAGO,IL,60617,50000,FOR GENERAL CHARITABLE PURPOSES,990-PF,41.700885877539,-87.564632810987,sited
John R Flanagan Charitable Foundation,2022,NORTHWESTERN MEMORIAL FOUNDATION,251 EAST HURON STREET,CHICAGO,IL,60611,135000,FOR GENERAL CHARITABLE PURPOSES,990-PF,41.894944133154,-87.6215156415,intermediary_or_citywide
John R Flanagan Charitable Foundation,2023,GAD'S HILL,1919 W CULLERTON ST,CHICAGO,IL,60608,100000,FOR GENERAL CHARTIABLE PURPOSES,990-PF,41.854893769929,-87.673968712711,sited
John R Flanagan Charitable Foundation,2023,METROPOLITAN FAMILY SERVICES,2413 EAST 107TH STREET,CHICAGO,IL,60617,50000,FOR GENERAL CHARITABLE PURPOSES,990-PF,41.700885877539,-87.564632810987,sited
John R Flanagan Charitable Foundation,2023,NORTHWESTERN MEMORIAL FOUNDATION,251 EAST HURON STREET,CHICAGO,IL,60611,250000,FOR GENERAL CHARITABLE PURPOSES,990-PF,41.894944133154,-87.6215156415,intermediary_or_citywide
John R Flanagan Charitable Foundation,2023,GREATER CHICAGO FOOD DEPOSITORY,4100 W ANN LURIE PL,CHICAGO,IL,60632,150000,FOR GENERAL CHARITABLE PURPOSES,990-PF,,,intermediary_or_citywide
John R Flanagan Charitable Foundation,2023,FEMMEBOUGHT COMMUNITY NFP,111 W MONROE ST,CHICAGO,IL,60603,31000,FOR GFENERAL CHARITABLE PURPOSES,990-PF,41.880635434335,-87.631095411916,sited
John R Flanagan Charitable Foundation,2024,FEMMEBOUGHT COMMUNITY NFP,111 W MONROE ST,CHICAGO,IL,60603,25000,FOR GFENERAL CHARITABLE PURPOSES,990-PF,41.880635434335,-87.631095411916,sited
John R Flanagan Charitable Foundation,2024,GAD'S HILL,1919 W CULLERTON ST,CHICAGO,IL,60608,100000,FOR GENERAL CHARTIABLE PURPOSES,990-PF,41.854893769929,-87.673968712711,sited
John R Flanagan Charitable Foundation,2024,GREATER CHICAGO FOOD DEPOSITORY,4100 W ANN LURIE PL,CHICAGO,IL,60632,150000,FOR GENERAL CHARITABLE PURPOSES,990-PF,,,intermediary_or_citywide
John R Flanagan Charitable Foundation,2024,METROPOLITAN FAMILY SERVICES,2413 EAST 107TH STREET,CHICAGO,IL,60617,50000,FOR GENERAL CHARITABLE PURPOSES,990-PF,41.700885877539,-87.564632810987,sited
John R Flanagan Charitable Foundation,2024,NORTHWESTERN MEMORIAL FOUNDATION,251 EAST HURON STREET,CHICAGO,IL,60611,250000,FOR GENERAL CHARITABLE PURPOSES,990-PF,41.894944133154,-87.6215156415,intermediary_or_citywide
Enchanted Backpack,2021,ACADEMY OF ST BENEDICT THE AFRICAN,6020 S LAFLIN,CHICAGO,IL,60636,6636,DONATION OF SCHOOL SUPPLIES & OTHER EDUCATIONAL ITEMS,990-PF,41.784653026919,-87.661993940667,sited
Enchanted Backpack,2021,ALTUS ACADEMY,751 S SACREMENTO BLVD,CHICAGO,IL,60612,1496,DONATION OF SUPPLIES AND EDUCATIONAL ITEMS TO SUPPORT TEACHERS,990-PF,41.871410587025,-87.700860529475,sited
Enchanted Backpack,2021,BIG SHOULDERS,212 W VAN BURE STREET 900,CHICAGO,IL,60607,2092,DONATION OF SCHOOL SUPPLIES & OTHER EDUCATIONAL ITEMS,990-PF,41.876900811278,-87.633848353417,sited
Enchanted Backpack,2021,CATALYST CIRCLE ROCK CHARTER SCHOOL,5608 W WASHINGTON BLVD,CHICAGO,IL,60644,12598,DONATION OF SUPPLIES AND EDUCATIONAL ITEMS TO SUPPORT TEACHERS,990-PF,41.882278448981,-87.766499752825,sited
Enchanted Backpack,2021,CHILDREN'S HOME & AID SOCIETY FOUNDATION,125 S WACKER DRIVE FLOOR 14,CHICAGO,IL,60606,2040,DONATION OF SCHOOL SUPPLIES & OTHER EDUCATIONAL ITEMS,990-PF,41.880286916026,-87.636650393905,intermediary_or_citywide
Enchanted Backpack,2021,GREAT LAKES ACADEMY,8401 S SAGINAW AVE,CHICAGO,IL,60617,11682,DONATION OF SCHOOL SUPPLIES & OTHER EDUCATIONAL ITEMS,990-PF,41.742664406935,-87.559940282071,sited
Enchanted Backpack,2021,HORACE MANN ELEMENTARY,8050 CHAPEL RD,CHICAGO,IL,60617,7729,DONATION OF SCHOOL SUPPLIES & OTHER EDUCATIONAL ITEMS,990-PF,,,intermediary_or_citywide
Enchanted Backpack,2021,LIBBY ELEMENTARY & MIDDLE SCHOOL,5300 S LOOMIS BLVD,CHICAGO,IL,60609,999,DONATION OF SUPPLIES AND EDUCATIONAL ITEMS TO SUPPORT TEACHERS,990-PF,41.797679808439,-87.659898658994,sited
Enchanted Backpack,2021,MADERO MIDDLE SCHOOL,3202 WEST 28TH STREET,CHICAGO,IL,60623,7014,DONATION OF SCHOOL SUPPLIES & OTHER EDUCATIONAL ITEMS,990-PF,41.840923452674,-87.705629422598,sited
Enchanted Backpack,2021,MARK TWAIN ELEMENTARY SCHOOL,5134 S LOTUS AVE,CHICAGO,IL,60638,9205,DONATION OF SCHOOL SUPPLIES & OTHER EDUCATIONAL ITEMS,990-PF,41.799449819326,-87.758905243932,sited
Enchanted Backpack,2021,MCNAIR SCHOOL OF EXCELLENCE,4820 W WALTON,CHICAGO,IL,60651,7092,DONATION OF SCHOOL SUPPLIES & OTHER EDUCATIONAL ITEMS,990-PF,41.897790333696,-87.746894703653,sited
Enchanted Backpack,2021,OUR LADY OF GUADALUPE,9050 S BURLEY AVE,CHICAGO,IL,60647,1607,DONATION OF SUPPLIES AND EDUCATIONAL ITEMS TO SUPPORT TEACHERS,990-PF,41.731034833495,-87.545760299528,sited
Enchanted Backpack,2021,OUR LADY OF THE ANGELS,3808 W IOWA ST,CHICAGO,IL,60651,2223,DONATION OF SCHOOL SUPPLIES & OTHER EDUCATIONAL ITEMS,990-PF,41.897290443909,-87.721629062969,sited
Enchanted Backpack,2021,POPE JOHN PAUL II CATHOLIC SCHOOL,4325 S RICHMOND,CHICAGO,IL,60632,11104,DONATION OF SCHOOL SUPPLIES & OTHER EDUCATIONAL ITEMS,990-PF,41.814673474611,-87.698010262988,sited
Enchanted Backpack,2021,QUEEN OF THE UNIVERSE,7130 S HAMLIN AVE,CHICAGO,IL,60629,7686,DONATION OF SCHOOL SUPPLIES & OTHER EDUCATIONAL ITEMS,990-PF,41.763266826904,-87.717544623614,sited
Enchanted Backpack,2021,SAN MIGUEL SCHOOL,1954 W 48TH STREET,CHICAGO,IL,60609,4944,DONATION OF SCHOOL SUPPLIES & OTHER EDUCATIONAL ITEMS,990-PF,41.806750456785,-87.674106610143,sited
Enchanted Backpack,2021,ST BART'S SCHOOL,4941 W PATTERSON AVE,CHICAGO,IL,60641,8984,DONATION OF SCHOOL SUPPLIES & OTHER EDUCATIONAL ITEMS,990-PF,41.946939425522,-87.750662742363,sited
Enchanted Backpack,2021,ST BRUNO SCHOOL,4839 S HARDING AVE,CHICAGO,IL,60632,8752,DONATION OF SCHOOL SUPPLIES & OTHER EDUCATIONAL ITEMS,990-PF,41.805333970578,-87.722206716705,sited
Enchanted Backpack,2021,ST GENEVIEVE CATHOLIC SCHOOL,4854 N MONTANA ST,CHICAGO,IL,60639,10317,DONATION OF SCHOOL SUPPLIES & OTHER EDUCATIONAL ITEMS,990-PF,41.925222701629,-87.747994317107,sited
Enchanted Backpack,2021,ST MARGARET OF SCOTLAND,9833 S THROOP,CHICAGO,IL,60643,25457,DONATION OF SCHOOL SUPPLIES & OTHER EDUCATIONAL ITEMS,990-PF,41.714926824232,-87.655130842296,sited
Enchanted Backpack,2021,ST MARY STAR OF THE SEA,6424 S KENNETH AVE,CHICAGO,IL,60629,6559,DONATION OF SCHOOL SUPPLIES & OTHER EDUCATIONAL ITEMS,990-PF,41.776229977276,-87.733756433373,sited
Enchanted Backpack,2021,ST WILLIAM SCHOOL,2559 NORTH SAYRE,CHICAGO,IL,60707,868,DONATION OF SUPPLIES AND EDUCATIONAL ITEMS TO SUPPORT TEACHERS,990-PF,41.926430839002,-87.800749827665,sited
Enchanted Backpack,2021,THE SALVATION ARMY METROPOLITAN DIVISION,5040 N PULASKI RD,CHICAGO,IL,60630,2577,DONATION OF SCHOOL SUPPLIES & OTHER EDUCATIONAL ITEMS,990-PF,41.97256606672,-87.728228946784,sited
Enchanted Backpack,2021,THRESHOLDS,4101 N RAVENSWOOD,CHICAGO,IL,60613,540,DONATION OF SCHOOL SUPPLIES & OTHER EDUCATIONAL ITEMS,990-PF,41.956124486301,-87.673769629094,sited
Enchanted Backpack,2021,UCAN ACADEMY,1551 W 95TH AVE,CHICAGO,IL,60643,4663,DONATION OF SCHOOL SUPPLIES & OTHER EDUCATIONAL ITEMS,990-PF,41.721098289934,-87.661679955756,sited
Enchanted Backpack,2021,YWCA,ONE LASALLE ST SUITE 150,CHICAGO,IL,60602,54,DONATION OF SCHOOL SUPPLIES & OTHER EDUCATIONAL ITEMS,990-PF,41.88201744155,-87.632282792682,sited
Enchanted Backpack,2021,A SAFE HAVEN,2750 WEST ROOSEVELT RD,CHICAGO,IL,60608,2027,IN-KIND DONATION OF CLOTHING AND HOME GOODS,990-PF,41.866577776519,-87.695317903688,sited
Enchanted Backpack,2021,BIG SHOULDERS,212 W VAN BURE STREET 900,CHICAGO,IL,60607,3117,IN-KIND DONATION OF CLOTHING AND HOME GOODS,990-PF,41.876900811278,-87.633848353417,sited
Enchanted Backpack,2021,BOYS & GIRLS CLUB,2102 W MONROE ST,CHICAGO,IL,60612,7549,IN-KIND DONATION OF CLOTHING AND HOME GOODS,990-PF,41.880026152215,-87.679181884502,sited
Enchanted Backpack,2021,CASA CENTRAL,1343 N CALIFORNIA AVE,CHICAGO,IL,60602,4557,IN-KIND DONATION OF CLOTHING AND HOME GOODS,990-PF,41.905864672349,-87.696876185183,sited
Enchanted Backpack,2021,CLARETIAN ASSOCIATES,9108 S BRANDON AVE,CHICAGO,IL,60617,1536,IN-KIND DONATION OF CLOTHING AND HOME GOODS,990-PF,41.729923015097,-87.547003623018,sited
Enchanted Backpack,2021,COVENANT HOUSE,30 W CHICAGO AVE,CHICAGO,IL,60654,768,IN-KIND DONATION OF CLOTHING AND HOME GOODS,990-PF,41.89672081826,-87.62926758911,sited
Enchanted Backpack,2021,DEPAUL CAREER CLOSET,1 E JACKSON BLVD SUITE 9500,CHICAGO,IL,60604,6762,IN-KIND DONATION OF CLOTHING AND HOME GOODS,990-PF,41.878153806501,-87.627572334786,sited
Enchanted Backpack,2021,DEPAUL UNIVERSITY,1 E JACKSON BLVD SUITE 9500,CHICAGO,IL,60604,2112,IN-KIND DONATION OF CLOTHING AND HOME GOODS,990-PF,41.878153806501,-87.627572334786,intermediary_or_citywide
Enchanted Backpack,2021,FAMILY RESCUE,PO BOX 17528,CHICAGO,IL,60617,3735,IN-KIND DONATION OF CLOTHING AND HOME GOODS,990-PF,,,intermediary_or_citywide
Enchanted Backpack,2021,HOUSING OPPORTUNITIES FOR WOMEN,1607 W HOWARD ST 3RD FLOOR,CHICAGO,IL,60626,2220,IN-KIND DONATION OF CLOTHING AND HOME GOODS,990-PF,42.019322210392,-87.671735933799,sited
Enchanted Backpack,2021,LINCOLN PARK COMMUNITY SERVICES,1521 SEDGWICK,CHICAGO,IL,60610,1723,IN-KIND DONATION OF CLOTHING AND HOME GOODS,990-PF,41.909900576086,-87.638477921569,sited
Enchanted Backpack,2021,MADONNA MISSION,1706 W MORSE AVE,CHICAGO,IL,60626,1738,IN-KIND DONATION OF CLOTHING AND HOME GOODS,990-PF,42.00784818658,-87.672807565982,sited
Enchanted Backpack,2021,MARILLAC ST VINCENT,212 S FRANCISCO AVE,CHICAGO,IL,60612,1110,IN-KIND DONATION OF CLOTHING AND HOME GOODS,990-PF,41.87816126014,-87.698718141517,sited
Enchanted Backpack,2021,MERCY HOME FOR BOYS & GIRLS,1140 W JACKSON BLVD,CHICAGO,IL,60607,5208,IN-KIND DONATION OF CLOTHING AND HOME GOODS,990-PF,41.877863321677,-87.656088961182,sited
Enchanted Backpack,2021,MIDTOWN EDUCATIONAL FOUNDATION,310 S PEORIA ST,CHICAGO,IL,60607,358,IN-KIND DONATION OF CLOTHING AND HOME GOODS,990-PF,41.877733548762,-87.649651915989,intermediary_or_citywide
Enchanted Backpack,2021,NEW MOUNT PILGRIM CHURCH,4301 W WASHINGTON BLVD,CHICAGO,IL,60624,4052,IN-KIND DONATION OF CLOTHING AND HOME GOODS,990-PF,41.881901461569,-87.733140256399,sited
Enchanted Backpack,2021,NIGHT MINISTRY,1735 NORTH ASHLAND AVE SUITE 2000,CHICAGO,IL,60622,3487,IN-KIND DONATION OF CLOTHING AND HOME GOODS,990-PF,41.913146606144,-87.667683335934,sited
Enchanted Backpack,2021,NORTHWESTERN TRANSIENT CARE,541 N FAIRBANKS,CHICAGO,IL,60611,396,IN-KIND DONATION OF CLOTHING AND HOME GOODS,990-PF,41.89214113481,-87.620164916817,sited
Enchanted Backpack,2021,OUR LADY OF THE ANGELS,3808 W IOWA ST,CHICAGO,IL,60651,7743,IN-KIND DONATION OF CLOTHING AND HOME GOODS,990-PF,41.897290443909,-87.721629062969,sited
Enchanted Backpack,2021,PRIMO CENTER FOR WOMEN & CHILDREN,6212 S SANGAMON ST,CHICAGO,IL,60621,10077,IN-KIND DONATION OF CLOTHING AND HOME GOODS,990-PF,41.781357576045,-87.648540409844,sited
Enchanted Backpack,2021,SHILOAH BAPTIST CHURCH,9211 S JUSTINE ST,CHICAGO,IL,60620,9202,IN-KIND DONATION OF CLOTHING AND HOME GOODS,990-PF,41.726470198454,-87.661504839479,sited
Enchanted Backpack,2021,SOS CHILDRENS VILLAGE OF IL,216 W JACKSON,CHICAGO,IL,60606,4849,IN-KIND DONATION OF CLOTHING AND HOME GOODS,990-PF,41.878167006393,-87.634386456701,sited
Enchanted Backpack,2021,ST JOSEPH SERVICES,1501 N OAKLEY BLVD,CHICAGO,IL,60622,10531,IN-KIND DONATION OF CLOTHING AND HOME GOODS,990-PF,41.908585439915,-87.684658242585,sited
Enchanted Backpack,2021,ST MARGARET OF SCOTLAND,9833 S THROOP,CHICAGO,IL,60643,1359,IN-KIND DONATION OF CLOTHING AND HOME GOODS,990-PF,41.714926824232,-87.655130842296,sited
Enchanted Backpack,2021,ST MARY STAR OF THE SEA,6424 S KENNETH AVE,CHICAGO,IL,60629,16,IN-KIND DONATION OF CLOTHING AND HOME GOODS,990-PF,41.776229977276,-87.733756433373,sited
Enchanted Backpack,2021,SUNSHINE GOSPEL MINISTRIES,500 E 61ST ST,CHICAGO,IL,60637,398,IN-KIND DONATION OF CLOTHING AND HOME GOODS,990-PF,41.783989457315,-87.613175925807,sited
Enchanted Backpack,2021,THE SALVATION ARMY METROPOLITAN DIVISION,5040 N PULASKI RD,CHICAGO,IL,60630,33708,IN-KIND DONATION OF CLOTHING AND HOME GOODS,990-PF,41.97256606672,-87.728228946784,sited
Enchanted Backpack,2021,THRESHOLDS,4101 N RAVENSWOOD,CHICAGO,IL,60613,19369,IN-KIND DONATION OF CLOTHING AND HOME GOODS,990-PF,41.956124486301,-87.673769629094,sited
Enchanted Backpack,2021,UCAN,3605 W FILMORE ST,CHICAGO,IL,60624,6355,IN-KIND DONATION OF CLOTHING AND HOME GOODS,990-PF,,,intermediary_or_citywide
Enchanted Backpack,2021,VOCEL,5317 W CHICAGO AVE,CHICAGO,IL,60651,279,IN-KIND DONATION OF CLOTHING AND HOME GOODS,990-PF,41.894853854979,-87.75837321066,sited
Enchanted Backpack,2021,YWCA,ONE LASALLE ST SUITE 150,CHICAGO,IL,60602,15785,IN-KIND DONATION OF CLOTHING AND HOME GOODS,990-PF,41.88201744155,-87.632282792682,sited
Enchanted Backpack,2021,CHILDREN OF PEACE CATHOLIC SCHOOL,1900 W TAYLOR ST,CHICAGO,IL,60612,8016,DONATION OF SCHOOL SUPPLIES & OTHER EDUCTIONAL ITEMS,990-PF,,,intermediary_or_citywide
Enchanted Backpack,2021,DURKIN PARK ELEMENTARY SCHOOL,8445 S KOLIN AVE,CHICAGO,IL,60652,13682,DONATION OF SCHOOL SUPPLIES & OTHER EDUCATIONAL ITEMS,990-PF,41.739376446611,-87.730007983721,sited
Enchanted Backpack,2022,ACADEMY OF ST BENEDICT THE AFRICAN,6020 S LAFLIN,CHICAGO,IL,60636,111,DONATION OF SUPPLIES AND EDUCATIONAL ITEMS TO SUPPORT TEACHERS,990-PF,41.784653026919,-87.661993940667,sited
Enchanted Backpack,2022,ALTUS ACADEMY,751 S SACREMENTO BLVD,CHICAGO,IL,60612,698,DONATION OF SUPPLIES AND EDUCATIONAL ITEMS TO SUPPORT TEACHERS,990-PF,41.871410587025,-87.700860529475,sited
Enchanted Backpack,2022,AUGUSTUS TOLTON CATHOLIC ACADEMY,7120 S CALUMET AVE,CHICAGO,IL,60619,8295,DONATION OF SCHOOL SUPPLIES & OTHER EDUCATIONAL ITEMS,990-PF,41.765272529565,-87.616933292348,sited
Enchanted Backpack,2022,BIG SHOULDERS,212 W VAN BURE STREET 900,CHICAGO,IL,60607,2294,DONATION OF SCHOOL SUPPLIES & OTHER EDUCATIONAL ITEMS,990-PF,41.876900811278,-87.633848353417,sited
Enchanted Backpack,2022,CAST WATER SAFETY FOUNDATION,155 N WACKER DRIVE STE 1680,CHICAGO,IL,60606,339,DONATION OF SCHOOL SUPPLIES & OTHER EDUCATIONAL ITEMS,990-PF,41.884519441369,-87.636751288103,intermediary_or_citywide
Enchanted Backpack,2022,CATALYST CIRCLE ROCK CHARTER SCHOOL,5608 W WASHINGTON BLVD,CHICAGO,IL,60644,1738,DONATION OF SUPPLIES AND EDUCATIONAL ITEMS TO SUPPORT TEACHERS,990-PF,41.882278448981,-87.766499752825,sited
Enchanted Backpack,2022,CORNERSTONE ACADEMY,1111 N WELLS STREET 4TH FLOOR,CHICAGO,IL,60610,1764,DONATION OF SCHOOL SUPPLIES & OTHER EDUCATIONAL ITEMS,990-PF,41.902830407606,-87.634362971527,sited
Enchanted Backpack,2022,DONOGHUE CHARTER SCHOOL,1313 EAST 60TH STREET,CHICAGO,IL,60637,8715,DONATION OF SCHOOL SUPPLIES & OTHER EDUCATIONAL ITEMS,990-PF,41.786009496616,-87.594257072829,sited
Enchanted Backpack,2022,FLORENCE NIGHTINGALE ELEMENTARY SCHOOL,5225 SOUTH TALMON AVE,CHICAGO,IL,60632,9803,DONATION OF SCHOOL SUPPLIES & OTHER EDUCATIONAL ITEMS,990-PF,41.798749762462,-87.690199582315,sited
Enchanted Backpack,2022,GALE COMMUNITY ELEMENTARY SCHOOL,1631 W JONQUIL TERRACE,CHICAGO,IL,60626,7887,DONATION OF SCHOOL SUPPLIES & OTHER EDUCATIONAL ITEMS,990-PF,42.021110821724,-87.671825399083,sited
Enchanted Backpack,2022,GALE COMMUNITY ELEMENTARY SCHOOL,1631 W JONQUIL TERRACE,CHICAGO,IL,60626,3286,DONATION OF WASHING MACHINES AND SUPPLIES TO BENEFIT STUDENTS,990-PF,42.021110821724,-87.671825399083,sited
Enchanted Backpack,2022,HENRY LLOYD ELEMENTARY SCHOOL,2103 N LAMON AVE,CHICAGO,IL,60639,9415,DONATION OF SCHOOL SUPPLIES & OTHER EDUCATIONAL ITEMS,990-PF,41.919586874099,-87.748565857599,sited
Enchanted Backpack,2022,HORACE MANN ELEMENTARY,8050 CHAPEL RD,CHICAGO,IL,60617,3530,DONATION OF SCHOOL SUPPLIES & OTHER EDUCATIONAL ITEMS,990-PF,,,intermediary_or_citywide
Enchanted Backpack,2022,HOWE SCHOOL OF EXCELLENCE,720 N LOREL AVE,CHICAGO,IL,60644,8657,DONATION OF SCHOOL SUPPLIES & OTHER EDUCATIONAL ITEMS,990-PF,41.893394445063,-87.759360612182,sited
Enchanted Backpack,2022,HOWE SCHOOL OF EXCELLENCE,720 N LOREL AVE,CHICAGO,IL,60644,3201,DONATION OF WASHING MACHINES AND SUPPLIES TO BENEFIT STUDENTS,990-PF,41.893394445063,-87.759360612182,sited
Enchanted Backpack,2022,JOSEPHINUM ACADEMY,1501 N OAKLEY BLVD,CHICAGO,IL,60622,468,DONATION OF SCHOOL SUPPLIES & OTHER EDUCATIONAL ITEMS,990-PF,41.908585439915,-87.684658242585,sited
Enchanted Backpack,2022,MADERO MIDDLE SCHOOL,3202 WEST 28TH STREET,CHICAGO,IL,60623,2426,DONATION OF SUPPLIES AND EDUCATIONAL ITEMS TO SUPPORT TEACHERS,990-PF,41.840923452674,-87.705629422598,sited
Enchanted Backpack,2022,MATERNITY BVM,1537 NORTH LAWNDALE AVENUE,CHICAGO,IL,60651,8265,DONATION OF SCHOOL SUPPLIES & OTHER EDUCATIONAL ITEMS,990-PF,41.910147392148,-87.718906966545,sited
Enchanted Backpack,2022,NORTH KENWOOD OAKLAND CHARTER SCHOOL,1119 EAST 46TH STREET,CHICAGO,IL,60653,8996,DONATION OF SCHOOL SUPPLIES & OTHER EDUCATIONAL ITEMS,990-PF,41.811386178342,-87.59848631261,sited
Enchanted Backpack,2022,OUR LADY OF GUADALUPE,9050 S BURLEY AVE,CHICAGO,IL,60647,823,DONATION OF SUPPLIES AND EDUCATIONAL ITEMS TO SUPPORT TEACHERS,990-PF,41.731034833495,-87.545760299528,sited
Enchanted Backpack,2022,OUR LADY OF THE ANGELS,3808 W IOWA ST,CHICAGO,IL,60651,808,DONATION OF SCHOOL SUPPLIES & OTHER EDUCATIONAL ITEMS,990-PF,41.897290443909,-87.721629062969,sited
Enchanted Backpack,2022,OUR LADY OF THE SNOWS,4810 S LEAMINGTON AVE,CHICAGO,IL,60638,7712,DONATION OF SCHOOL SUPPLIES & OTHER EDUCATIONAL ITEMS,990-PF,41.804355135612,-87.751701824408,sited
Enchanted Backpack,2022,POPE JOHN PAUL II SCHOOL CATHOLIC SCHOOL,4325 S RICHMOND ST,CHICAGO,IL,60632,521,DONATION OF SCHOOL SUPPLIES & OTHER EDUCATIONAL ITEMS,990-PF,41.814673474611,-87.698010262988,sited
Enchanted Backpack,2022,ST MARGARET OF SCOTLAND,9833 S THROOP,CHICAGO,IL,60643,41353,DONATION OF SCHOOL SUPPLIES & OTHER EDUCATIONAL ITEMS,990-PF,41.714926824232,-87.655130842296,sited
Enchanted Backpack,2022,ST MARY STAR OF THE SEA,6424 S KENNETH AVE,CHICAGO,IL,60629,37401,DONATION OF SCHOOL SUPPLIES & OTHER EDUCATIONAL ITEMS,990-PF,41.776229977276,-87.733756433373,sited
Enchanted Backpack,2022,ST RICHARD SCHOOL,5025 KENNETH AVE,CHICAGO,IL,60632,7064,DONATION OF SCHOOL SUPPLIES & OTHER EDUCATIONAL ITEMS,990-PF,41.972244635115,-87.739214935574,sited
Enchanted Backpack,2022,TONTI ELEMENTARY SCHOOL,5815 S HOMAN AVE,CHICAGO,IL,60629,11325,DONATION OF SCHOOL SUPPLIES & OTHER EDUCATIONAL ITEMS,990-PF,41.787755855353,-87.708219140602,sited
Enchanted Backpack,2022,TONTI ELEMENTARY SCHOOL,5815 S HOMAN AVE,CHICAGO,IL,60629,2730,DONATION OF SUPPLIES AND EDUCATIONAL ITEMS TO SUPPORT TEACHERS,990-PF,41.787755855353,-87.708219140602,sited
Enchanted Backpack,2022,VISITATION CATHOLIC SCHOOL,900 W GARFIELD BLVD,CHICAGO,IL,60609,99,DONATION OF SCHOOL SUPPLIES & OTHER EDUCATIONAL ITEMS,990-PF,41.794338017051,-87.647675488878,sited
Enchanted Backpack,2022,ST MARGARET OF SCOTLAND,9833 S THROOP,CHICAGO,IL,60643,1106,ADOPT A SCHOOL PROGRAM GRANT RECIPIENT (BIG SHOULDERS),990-PF,41.714926824232,-87.655130842296,sited
Enchanted Backpack,2022,ST MARY STAR OF THE SEA,6424 S KENNETH AVE,CHICAGO,IL,60629,578,ADOPT A SCHOOL PROGRAM GRANT RECIPIENT (BIG SHOULDERS),990-PF,41.776229977276,-87.733756433373,sited
Enchanted Backpack,2022,BIG SHOULDERS LAVIN SCHOLARS RECEIPIENTS,212 W VAN BURE STREET 900,CHICAGO,IL,60607,313,ADOPT A SCHOOL PROGRAM GRANT RECIPIENT (BIG SHOULDERS),990-PF,41.876900811278,-87.633848353417,sited
Enchanted Backpack,2022,A SAFE HAVEN,2750 WEST ROOSEVELT RD,CHICAGO,IL,60608,6414,IN-KIND DONATION OF CLOTHING AND HOME GOODS,990-PF,41.866577776519,-87.695317903688,sited
Enchanted Backpack,2022,ABOVE AND BEYOND FAMILY RECOVERY CENTER,2942 W LAKE,CHICAGO,IL,60612,847,IN-KIND DONATION OF CLOTHING AND HOME GOODS,990-PF,41.884174400887,-87.699901322273,sited
Enchanted Backpack,2022,BEAT THE STREETS,5985 S ARCHER AVE,CHICAGO,IL,60638,417,IN-KIND DONATION OF CLOTHING AND HOME GOODS,990-PF,41.79509576711,-87.766033556657,sited
Enchanted Backpack,2022,BIG SHOULDERS,212 W VAN BURE STREET 900,CHICAGO,IL,60607,3569,IN-KIND DONATION OF CLOTHING AND HOME GOODS,990-PF,41.876900811278,-87.633848353417,sited
Enchanted Backpack,2022,BOYS & GIRLS CLUB,2102 W MONROE ST,CHICAGO,IL,60612,9397,IN-KIND DONATION OF CLOTHING AND HOME GOODS,990-PF,41.880026152215,-87.679181884502,sited
Enchanted Backpack,2022,BREAKTHROUGH,402 N ST LOUIS AVE,CHICAGO,IL,60624,1166,IN-KIND DONATION OF CLOTHING AND HOME GOODS,990-PF,41.888393473788,-87.713740407305,sited
Enchanted Backpack,2022,CASA CENTRAL,1343 N CALIFORNIA AVE,CHICAGO,IL,60602,4232,IN-KIND DONATION OF CLOTHING AND HOME GOODS,990-PF,41.905864672349,-87.696876185183,sited
Enchanted Backpack,2022,CLARETIAN ASSOCIATES,9108 S BRANDON AVE,CHICAGO,IL,60617,1708,IN-KIND DONATION OF CLOTHING AND HOME GOODS,990-PF,41.729923015097,-87.547003623018,sited
Enchanted Backpack,2022,DARE2TRI,516 N OGDEN AVE 172,CHICAGO,IL,60642,677,IN-KIND DONATION OF CLOTHING AND HOME GOODS,990-PF,41.891542771421,-87.658826291113,sited
Enchanted Backpack,2022,DEPAUL CAREER CLOSET,1 E JACKSON BLVD SUITE 9500,CHICAGO,IL,60604,2454,IN-KIND DONATION OF CLOTHING AND HOME GOODS,990-PF,41.878153806501,-87.627572334786,sited
Enchanted Backpack,2022,DEPAUL UNIVERSITY,1 E JACKSON BLVD SUITE 9500,CHICAGO,IL,60604,12098,IN-KIND DONATION OF CLOTHING AND HOME GOODS,990-PF,41.878153806501,-87.627572334786,intermediary_or_citywide
Enchanted Backpack,2022,HAVEN OF REST MISSIONARY BAPTIST CHURCH,7925 S SOUTH CHICAGO AVE,CHICAGO,IL,60617,3502,IN-KIND DONATION OF CLOTHING AND HOME GOODS,990-PF,41.751004946645,-87.584780146758,sited
Enchanted Backpack,2022,HOUSING OPPORTUNITIES FOR WOMEN,1607 W HOWARD ST 3RD FLOOR,CHICAGO,IL,60626,246,IN-KIND DONATION OF CLOTHING AND HOME GOODS,990-PF,42.019322210392,-87.671735933799,sited
Enchanted Backpack,2022,JOSEPHINUM ACADEMY,1501 N OAKLEY BLVD,CHICAGO,IL,60622,965,IN-KIND DONATION OF CLOTHING AND HOME GOODS,990-PF,41.908585439915,-87.684658242585,sited
Enchanted Backpack,2022,MADONNA MISSION,1706 W MORSE AVE,CHICAGO,IL,60626,631,IN-KIND DONATION OF CLOTHING AND HOME GOODS,990-PF,42.00784818658,-87.672807565982,sited
Enchanted Backpack,2022,MERCY HOME FOR BOYS & GIRLS,1140 W JACKSON BLVD,CHICAGO,IL,60607,7599,IN-KIND DONATION OF CLOTHING AND HOME GOODS,990-PF,41.877863321677,-87.656088961182,sited
Enchanted Backpack,2022,NEW MOUNT PILGRIM CHURCH,4301 W WASHINGTON BLVD,CHICAGO,IL,60624,19792,IN-KIND DONATION OF CLOTHING AND HOME GOODS,990-PF,41.881901461569,-87.733140256399,sited
Enchanted Backpack,2022,NIGHT MINISTRY,1735 NORTH ASHLAND AVE SUITE 2000,CHICAGO,IL,60622,715,IN-KIND DONATION OF CLOTHING AND HOME GOODS,990-PF,41.913146606144,-87.667683335934,sited
Enchanted Backpack,2022,NORTHEASTERN ILLINOIS UNIVERSITY,5500 NORTH ST LOUIS AVENUE,CHICAGO,IL,60625,3150,IN-KIND DONATION OF CLOTHING AND HOME GOODS,990-PF,41.98121403927,-87.71619261649,sited
Enchanted Backpack,2022,NORTHWESTERN HOSPITAL,541 N FAIRBANKS,CHICAGO,IL,60611,50078,IN-KIND DONATION OF CLOTHING AND HOME GOODS,990-PF,41.89214113481,-87.620164916817,intermediary_or_citywide
Enchanted Backpack,2022,NORTHWESTERN SETTLEMENT,1400 W AUGUSTA BLVD,CHICAGO,IL,60642,1339,IN-KIND DONATION OF CLOTHING AND HOME GOODS,990-PF,41.89983591904,-87.663182706881,sited
Enchanted Backpack,2022,NORTHWESTERN TRANSIENT CARE,541 N FAIRBANKS,CHICAGO,IL,60611,693,IN-KIND DONATION OF CLOTHING AND HOME GOODS,990-PF,41.89214113481,-87.620164916817,sited
Enchanted Backpack,2022,OUR LADY OF THE ANGELS,3808 W IOWA ST,CHICAGO,IL,60651,2840,IN-KIND DONATION OF CLOTHING AND HOME GOODS,990-PF,41.897290443909,-87.721629062969,sited
Enchanted Backpack,2022,PRIMO CENTER FOR WOMEN & CHILDREN,6212 S SANGAMON ST,CHICAGO,IL,60621,20997,IN-KIND DONATION OF CLOTHING AND HOME GOODS,990-PF,41.781357576045,-87.648540409844,sited
Enchanted Backpack,2022,SAN MIGUEL SCHOOL,1954 W 48TH STREET,CHICAGO,IL,60609,1972,IN-KIND DONATION OF CLOTHING AND HOME GOODS,990-PF,41.806750456785,-87.674106610143,sited
Enchanted Backpack,2022,SERVANTS FOR HOPE,6223 S JUSTINE STREET,CHICAGO,IL,60636,10234,IN-KIND DONATION OF CLOTHING AND HOME GOODS,990-PF,41.780975194641,-87.662964394309,sited
Enchanted Backpack,2022,SHILOAH BAPTIST CHURCH,9211 S JUSTINE ST,CHICAGO,IL,60620,7564,IN-KIND DONATION OF CLOTHING AND HOME GOODS,990-PF,41.726470198454,-87.661504839479,sited
Enchanted Backpack,2022,SOS CHILDRENS VILLAGE OF IL,216 W JACKSON,CHICAGO,IL,60606,9550,IN-KIND DONATION OF CLOTHING AND HOME GOODS,990-PF,41.878167006393,-87.634386456701,sited
Enchanted Backpack,2022,ST JOSEPH SERVICES,1501 N OAKLEY BLVD,CHICAGO,IL,60622,3539,IN-KIND DONATION OF CLOTHING AND HOME GOODS,990-PF,41.908585439915,-87.684658242585,sited
Enchanted Backpack,2022,SUNSHINE GOSPEL MINISTRIES,500 E 61ST ST,CHICAGO,IL,60637,552,IN-KIND DONATION OF CLOTHING AND HOME GOODS,990-PF,41.783989457315,-87.613175925807,sited
Enchanted Backpack,2022,THE LEGION OF YOUNG POLISH WOMEN,PO BOX 56110,CHICAGO,IL,60656,5184,IN-KIND DONATION OF CLOTHING AND HOME GOODS,990-PF,,,intermediary_or_citywide
Enchanted Backpack,2022,THE SALVATION ARMY METROPOLITAN DIVISION,5040 N PULASKI RD,CHICAGO,IL,60630,47536,IN-KIND DONATION OF CLOTHING AND HOME GOODS,990-PF,41.97256606672,-87.728228946784,sited
Enchanted Backpack,2022,THE SALVATION ARMY NORTH AND CENTRAL ILLINOIS (NCI) DIVISION,5040 N PULASKI RD,CHICAGO,IL,60630,2961,IN-KIND DONATION OF CLOTHING AND HOME GOODS,990-PF,41.97256606672,-87.728228946784,sited
Enchanted Backpack,2022,THRESHOLDS,4101 N RAVENSWOOD,CHICAGO,IL,60613,32013,IN-KIND DONATION OF CLOTHING AND HOME GOODS,990-PF,41.956124486301,-87.673769629094,sited
Enchanted Backpack,2022,UNITED WAY,333 S WABASH AVE,CHICAGO,IL,60604,3515,IN-KIND DONATION OF CLOTHING AND HOME GOODS,990-PF,41.877809331031,-87.62599882096,intermediary_or_citywide
Enchanted Backpack,2022,YWCA,ONE LASALLE ST SUITE 150,CHICAGO,IL,60602,6406,IN-KIND DONATION OF CLOTHING AND HOME GOODS,990-PF,41.88201744155,-87.632282792682,sited
Enchanted Backpack,2023,A SAFE HAVEN,2750 WEST ROOSEVELT RD,CHICAGO,IL,60608,11712,IN-KIND DONATION OF CLOTHING AND HOME GOODS,990-PF,41.866577776519,-87.695317903688,sited
Enchanted Backpack,2023,ABOVE AND BEYOND FAMILY RECOVERY CENTER,2942 W LAKE,CHICAGO,IL,60612,1953,IN-KIND DONATION OF CLOTHING AND HOME GOODS,990-PF,41.884174400887,-87.699901322273,sited
Enchanted Backpack,2023,ABUNDANT HARVEST MINISTRIES (FPHDC),8044 S RACINE AVE,CHICAGO,IL,60620,844,DONATION OF SCHOOL SUPPLIES & OTHER EDUCATIONAL ITEMS,990-PF,41.747855839684,-87.653744428114,sited
Enchanted Backpack,2023,AMOS A STAGG ELEMENTARY,7424 SOUTH MORGAN STREET,CHICAGO,IL,60621,9643,DONATION OF SCHOOL SUPPLIES & OTHER EDUCATIONAL ITEMS,990-PF,41.759302789389,-87.64919198947,sited
Enchanted Backpack,2023,BIG SHOULDERS,212 W VAN BURE STREET 900,CHICAGO,IL,60607,19993,DONATION OF SCHOOL SUPPLIES & OTHER EDUCATIONAL ITEMS,990-PF,41.876900811278,-87.633848353417,sited
Enchanted Backpack,2023,BIG SHOULDERS LAVIN SCHOLARS RECEIPIENTS,212 W VAN BURE STREET 900,CHICAGO,IL,60607,500,ADOPT A SCHOOL PROGRAM GRANT RECIPIENT (BIG SHOULDERS),990-PF,41.876900811278,-87.633848353417,sited
Enchanted Backpack,2023,BOYS & GIRLS CLUB,2102 W MONROE ST,CHICAGO,IL,60612,9320,IN-KIND DONATION OF CLOTHING AND HOME GOODS,990-PF,41.880026152215,-87.679181884502,sited
Enchanted Backpack,2023,BREAKTHROUGH,402 N ST LOUIS AVE,CHICAGO,IL,60624,964,IN-KIND DONATION OF CLOTHING AND HOME GOODS,990-PF,41.888393473788,-87.713740407305,sited
Enchanted Backpack,2023,BRIGHT STAR,4518 S COTTAGE GROVE AVE,CHICAGO,IL,60653,56930,IN-KIND DONATION OF CLOTHING AND HOME GOODS,990-PF,41.812801955696,-87.606714374213,sited
Enchanted Backpack,2023,BRIGHTPOINT,200 W MONROE STREET 2100,CHICAGO,IL,60606,1856,DONATION OF SCHOOL SUPPLIES & OTHER EDUCATIONAL ITEMS,990-PF,41.880719814776,-87.633880215174,sited
Enchanted Backpack,2023,BY THE HAND CLUB FOR KIDS,415 N LARAMIE AVENUE,CHICAGO,IL,60644,4879,DONATION OF SCHOOL SUPPLIES & OTHER EDUCATIONAL ITEMS,990-PF,41.888265560913,-87.755276810405,intermediary_or_citywide
Enchanted Backpack,2023,CARROLL-ROSENWALD ELEMENTARY,2929 W 83RD STREET,CHICAGO,IL,60652,9345,DONATION OF SCHOOL SUPPLIES & OTHER EDUCATIONAL ITEMS,990-PF,41.742534512885,-87.696476596584,sited
Enchanted Backpack,2023,CAST WATER SAFETY FOUNDATION,155 N WACKER DRIVE STE 1680,CHICAGO,IL,60606,36,DONATION OF SCHOOL SUPPLIES & OTHER EDUCATIONAL ITEMS,990-PF,41.884519441369,-87.636751288103,intermediary_or_citywide
Enchanted Backpack,2023,CHALMERS SCHOOL OF EXCELLENCE,2745 W ROOSEVELT RD,CHICAGO,IL,60608,8997,DONATION OF SCHOOL SUPPLIES & OTHER EDUCATIONAL ITEMS,990-PF,41.866467856295,-87.694779670015,sited
Enchanted Backpack,2023,CITY OF CHICAGO,121 NORTH LASALLE STREET,CHICAGO,IL,60602,14241,IN-KIND DONATION OF CLOTHING AND HOME GOODS,990-PF,41.883378835076,-87.632333752582,sited
Enchanted Backpack,2023,CLARA BARTON ELEMENTARY SCHOOL,7650 S WOLCOTT AVE,CHICAGO,IL,60620,8932,DONATION OF SCHOOL SUPPLIES & OTHER EDUCATIONAL ITEMS,990-PF,41.754798600628,-87.670908789591,sited
Enchanted Backpack,2023,CLARETIAN ASSOCIATES,9108 S BRANDON AVE,CHICAGO,IL,60617,22634,IN-KIND DONATION OF CLOTHING AND HOME GOODS,990-PF,41.729923015097,-87.547003623018,sited
Enchanted Backpack,2023,DEPAUL STUDENT CENTER,1 E JACKSON BLVD SUITE 9500,CHICAGO,IL,60604,8820,IN-KIND DONATION OF CLOTHING AND HOME GOODS,990-PF,41.878153806501,-87.627572334786,sited
Enchanted Backpack,2023,GEORGE W CURTIS ELEMENTARY,32 E 115TH STREET,CHICAGO,IL,60643,8860,DONATION OF SCHOOL SUPPLIES & OTHER EDUCATIONAL ITEMS,990-PF,41.685388674269,-87.621936016687,sited
Enchanted Backpack,2023,GRAHAM ELEMENTARY SCHOOL,4436 SOUTH UNION AVE,CHICAGO,IL,60609,12520,DONATION OF SCHOOL SUPPLIES & OTHER EDUCATIONAL ITEMS,990-PF,41.813474900347,-87.643316313733,sited
Enchanted Backpack,2023,GREATER BETHLEHEM HEALING TEMPLE,12 S OAKLEY BLVD,CHICAGO,IL,60612,697,IN-KIND DONATION OF CLOTHING AND HOME GOODS,990-PF,41.880648576986,-87.68402720962,sited
Enchanted Backpack,2023,HAVEN OF REST MISSIONARY BAPTIST CHURCH,7925 S SOUTH CHICAGO AVE,CHICAGO,IL,60617,3687,IN-KIND DONATION OF CLOTHING AND HOME GOODS,990-PF,41.751004946645,-87.584780146758,sited
Enchanted Backpack,2023,HENDRICKS ELEMENTARY COMMUNITY ACADEMY,4316 S PRINCETON AVE,CHICAGO,IL,60609,9910,DONATION OF SCHOOL SUPPLIES & OTHER EDUCATIONAL ITEMS,990-PF,41.815983059324,-87.633635458064,sited
Enchanted Backpack,2023,HENRY LLOYD ELEMENTARY SCHOOL,2103 N LAMON AVE,CHICAGO,IL,60639,3557,DONATION OF SCHOOL SUPPLIES & OTHER EDUCATIONAL ITEMS,990-PF,41.919586874099,-87.748565857599,sited
Enchanted Backpack,2023,HORACE MANN ELEMENTARY,8050 CHAPEL RD,CHICAGO,IL,60617,1100,DONATION OF SCHOOL SUPPLIES & OTHER EDUCATIONAL ITEMS,990-PF,,,intermediary_or_citywide
Enchanted Backpack,2023,JANICE VISION HOMES,1501 W 63RD STREET,CHICAGO,IL,60636,496,IN-KIND DONATION OF CLOTHING AND HOME GOODS,990-PF,41.779446869398,-87.661862083854,sited
Enchanted Backpack,2023,JEWISH UNITED FUND,30 S WELLS ST 4049,CHICAGO,IL,60606,1999,IN-KIND DONATION OF CLOTHING AND HOME GOODS,990-PF,41.881085502878,-87.633883748516,intermediary_or_citywide
Enchanted Backpack,2023,JOHN C DORE ELEMENTARY SCHOOL,7134 W 65TH STREET,CHICAGO,IL,60638,9358,DONATION OF SCHOOL SUPPLIES & OTHER EDUCATIONAL ITEMS,990-PF,41.773790043769,-87.798856310577,sited
Enchanted Backpack,2023,JOHN W COOK ACADEMY,8150 SOUTH BISHOP STREET,CHICAGO,IL,60620,8786,DONATION OF SCHOOL SUPPLIES & OTHER EDUCATIONAL ITEMS,990-PF,41.745839137347,-87.659755601802,sited
Enchanted Backpack,2023,LANGSTON HUGHES ELEMENTARY SCHOOL,240 WEST 104TH STREET,CHICAGO,IL,60628,9040,DONATION OF SCHOOL SUPPLIES & OTHER EDUCATIONAL ITEMS,990-PF,41.705323051612,-87.629227725476,sited
Enchanted Backpack,2023,LOUIS PASTEUR ELEMENTARY SCHOOL,5825 S KOSTNER AVE,CHICAGO,IL,60629,14629,DONATION OF SCHOOL SUPPLIES & OTHER EDUCATIONAL ITEMS,990-PF,41.787295529341,-87.732709589997,sited
Enchanted Backpack,2023,MADONNA MISSION,1706 W MORSE AVE,CHICAGO,IL,60626,5069,IN-KIND DONATION OF CLOTHING AND HOME GOODS,990-PF,42.00784818658,-87.672807565982,sited
Enchanted Backpack,2023,MAHALIA JACKSON ELEMENTARY SCHOOL,917 WEST 88TH STREET,CHICAGO,IL,60620,8925,DONATION OF SCHOOL SUPPLIES & OTHER EDUCATIONAL ITEMS,990-PF,41.734149876351,-87.646788460048,sited
Enchanted Backpack,2023,MERCY HOME FOR BOYS & GIRLS,1140 W JACKSON BLVD,CHICAGO,IL,60607,6875,IN-KIND DONATION OF CLOTHING AND HOME GOODS,990-PF,41.877863321677,-87.656088961182,sited
Enchanted Backpack,2023,MICHAEL FARADAY ELEMENTARY SCHOOL,3250 W MONROE ST,CHICAGO,IL,60624,9650,DONATION OF SCHOOL SUPPLIES & OTHER EDUCATIONAL ITEMS,990-PF,,,intermediary_or_citywide
Enchanted Backpack,2023,MISERICORDIA,6300 N RIDGE AVENUE,CHICAGO,IL,60660,275,IN-KIND DONATION OF CLOTHING AND HOME GOODS,990-PF,41.995584734896,-87.675806161321,sited
Enchanted Backpack,2023,NICHOLSON STEM ACADEMY,6006 SOUTH PEORIA STREET,CHICAGO,IL,60621,9736,DONATION OF SCHOOL SUPPLIES & OTHER EDUCATIONAL ITEMS,990-PF,41.783997927469,-87.647398756531,sited
Enchanted Backpack,2023,NORTHWESTERN HOSPITAL,541 N FAIRBANKS,CHICAGO,IL,60611,2468,IN-KIND DONATION OF CLOTHING AND HOME GOODS,990-PF,41.89214113481,-87.620164916817,intermediary_or_citywide
Enchanted Backpack,2023,NORTHWESTERN SETTLEMENT,1400 W AUGUSTA BLVD,CHICAGO,IL,60642,2219,IN-KIND DONATION OF CLOTHING AND HOME GOODS,990-PF,41.89983591904,-87.663182706881,sited
Enchanted Backpack,2023,OUR LADY OF GUADALUPE,9050 S BURLEY AVE,CHICAGO,IL,60647,5000,ADOPT A SCHOOL PROGRAM GRANT RECIPIENT,990-PF,41.731034833495,-87.545760299528,sited
Enchanted Backpack,2023,OUR LADY OF THE ANGELS,3808 W IOWA ST,CHICAGO,IL,60651,6111,IN-KIND DONATION OF CLOTHING AND HOME GOODS,990-PF,41.897290443909,-87.721629062969,sited
Enchanted Backpack,2023,OUR LADY OF THE SNOWS,4810 S LEAMINGTON AVE,CHICAGO,IL,60638,1790,DONATION OF SCHOOL SUPPLIES & OTHER EDUCATIONAL ITEMS,990-PF,41.804355135612,-87.751701824408,sited
Enchanted Backpack,2023,PARKER COMMUNITY ACADEMY,6800 S STEWART AVE,CHICAGO,IL,60621,8850,DONATION OF SCHOOL SUPPLIES & OTHER EDUCATIONAL ITEMS,990-PF,41.772579083313,-87.634928515978,sited
Enchanted Backpack,2023,PRIMO CENTER FOR WOMEN & CHILDREN,6212 S SANGAMON ST,CHICAGO,IL,60621,12622,IN-KIND DONATION OF CLOTHING AND HOME GOODS,990-PF,41.781357576045,-87.648540409844,sited
Enchanted Backpack,2023,RHEMA REVEALED WORSHIP CENTER,8151 S RACINE AVE,CHICAGO,IL,60620,697,IN-KIND DONATION OF CLOTHING AND HOME GOODS,990-PF,41.745931433303,-87.653538224964,sited
Enchanted Backpack,2023,RICHARD J OGLESBY ELEMENTARY SCHOOL,7646 S GREEN STREET,CHICAGO,IL,60620,8865,DONATION OF SCHOOL SUPPLIES & OTHER EDUCATIONAL ITEMS,990-PF,41.755370684841,-87.645453436303,sited
Enchanted Backpack,2023,ROBERT J RICHARDSON MIDDLE SCHOOL,6018 S KARLOV,CHICAGO,IL,60629,9386,DONATION OF SCHOOL SUPPLIES & OTHER EDUCATIONAL ITEMS,990-PF,41.78371377159,-87.725424260425,sited
Enchanted Backpack,2023,ROSWELL B MASON ELEMENTARY,4217 W 18TH STREET,CHICAGO,IL,60623,11767,DONATION OF SCHOOL SUPPLIES & OTHER EDUCATIONAL ITEMS,990-PF,41.856910593958,-87.730234269741,sited
Enchanted Backpack,2023,RUBEN SALAZAR BILINGUAL CENTER,160 W WENDELL STREET,CHICAGO,IL,60610,9322,DONATION OF SCHOOL SUPPLIES & OTHER EDUCATIONAL ITEMS,990-PF,41.901388543709,-87.633996428006,sited
Enchanted Backpack,2023,SACRED HEART SCHOOL,2926 E 96TH ST,CHICAGO,IL,60617,9430,DONATION OF SCHOOL SUPPLIES & OTHER EDUCATIONAL ITEMS,990-PF,41.720980104723,-87.552743476325,sited
Enchanted Backpack,2023,SAN MIGUEL SCHOOL,1954 W 48TH STREET,CHICAGO,IL,60609,802,DONATION OF SCHOOL SUPPLIES & OTHER EDUCATIONAL ITEMS,990-PF,41.806750456785,-87.674106610143,sited
Enchanted Backpack,2023,SHARE YOUR SOLES,11201 S COTTAGE GROVE 2ND FL,CHICAGO,IL,60628,9276,IN-KIND DONATION OF CLOTHING AND HOME GOODS,990-PF,41.690896368187,-87.610201468979,sited
Enchanted Backpack,2023,SHILOAH BAPTIST CHURCH,9211 S JUSTINE ST,CHICAGO,IL,60620,5026,IN-KIND DONATION OF CLOTHING AND HOME GOODS,990-PF,41.726470198454,-87.661504839479,sited
Enchanted Backpack,2023,ST ANN SCHOOL,2211 W 18TH PLACE,CHICAGO,IL,60608,13844,DONATION OF SCHOOL SUPPLIES & OTHER EDUCATIONAL ITEMS,990-PF,41.856633948266,-87.681595026702,sited
Enchanted Backpack,2023,ST JOSEPH SERVICES,1501 N OAKLEY BLVD,CHICAGO,IL,60622,15586,IN-KIND DONATION OF CLOTHING AND HOME GOODS,990-PF,41.908585439915,-87.684658242585,sited
Enchanted Backpack,2023,ST MARGARET OF SCOTLAND,9833 S THROOP,CHICAGO,IL,60643,26284,DONATION OF SCHOOL SUPPLIES & OTHER EDUCATIONAL ITEMS,990-PF,41.714926824232,-87.655130842296,sited
Enchanted Backpack,2023,ST MARY STAR OF THE SEA,6424 S KENNETH AVE,CHICAGO,IL,60629,25971,ADOPT A SCHOOL PROGRAM GRANT RECIPIENT (BIG SHOULDERS),990-PF,41.776229977276,-87.733756433373,sited
Enchanted Backpack,2023,ST PHILIP NERI,2110 E 72ND ST,CHICAGO,IL,60649,7528,DONATION OF SCHOOL SUPPLIES & OTHER EDUCATIONAL ITEMS,990-PF,41.764417387676,-87.573620601815,sited
Enchanted Backpack,2023,TALMAN ELEMENTARY SCHOOL,5450 SOUTH TALMAN AVENUE,CHICAGO,IL,60632,9172,DONATION OF SCHOOL SUPPLIES & OTHER EDUCATIONAL ITEMS,990-PF,41.79488022543,-87.690252556201,sited
Enchanted Backpack,2023,THE ENDELEO INSTITUTE INC,901 EAST 95TH STREET STE G,CHICAGO,IL,60628,7625,IN-KIND DONATION OF CLOTHING AND HOME GOODS,990-PF,41.721992958307,-87.603102316989,sited
Enchanted Backpack,2023,THE SALVATION ARMY NORTH AND CENTRAL ILLINOIS (NCI) DIVISION,5040 N PULASKI RD,CHICAGO,IL,60630,29916,IN-KIND DONATION OF CLOTHING AND HOME GOODS,990-PF,41.97256606672,-87.728228946784,sited
Enchanted Backpack,2023,THRESHOLDS,4101 N RAVENSWOOD,CHICAGO,IL,60613,6539,IN-KIND DONATION OF CLOTHING AND HOME GOODS,990-PF,41.956124486301,-87.673769629094,sited
Enchanted Backpack,2023,TO WALK IN MY SHOES,5 1/2 N CICERO AVE,CHICAGO,IL,60644,11032,IN-KIND DONATION OF CLOTHING AND HOME GOODS,990-PF,41.88058377872,-87.745204050674,sited
Enchanted Backpack,2023,UNITED WAY,333 S WABASH AVE,CHICAGO,IL,60604,4943,IN-KIND DONATION OF CLOTHING AND HOME GOODS,990-PF,41.877809331031,-87.62599882096,intermediary_or_citywide
Enchanted Backpack,2023,WALTER S CHRISTOPHER SCHOOL,5042 SOUTH ARTESIAN AVE,CHICAGO,IL,60632,9028,DONATION OF SCHOOL SUPPLIES & OTHER EDUCATIONAL ITEMS,990-PF,41.80223378231,-87.685589119043,sited
Enchanted Backpack,2023,WOLFGANG A MOZART ELEMENTARY,2200 N HAMLIN AVE,CHICAGO,IL,60647,10114,DONATION OF SCHOOL SUPPLIES & OTHER EDUCATIONAL ITEMS,990-PF,41.851076654196,-87.719937491566,sited
Enchanted Backpack,2023,YWCA,ONE LASALLE ST SUITE 150,CHICAGO,IL,60602,5789,IN-KIND DONATION OF CLOTHING AND HOME GOODS,990-PF,41.88201744155,-87.632282792682,sited
Enchanted Backpack,2024,A SAFE HAVEN,2750 WEST ROOSEVELT RD,CHICAGO,IL,60608,8186,IN-KIND DONATION OF CLOTHING AND HOME GOODS,990-PF,41.866577776519,-87.695317903688,sited
Enchanted Backpack,2024,ARCHDIOCESE OF CHICAGO,835 NORTH RUSH STREET,CHICAGO,IL,60611,11708,IN-KIND DONATION OF CLOTHING AND HOME GOODS,990-PF,41.898431824581,-87.626324955917,sited
Enchanted Backpack,2024,BOYS & GIRLS CLUB,2102 W MONROE ST,CHICAGO,IL,60612,1203,IN-KIND DONATION OF CLOTHING AND HOME GOODS,990-PF,41.880026152215,-87.679181884502,sited
Enchanted Backpack,2024,BOYS & GIRLS CLUB - JAMES JORDAN CENTER,2102 W MONROE ST,CHICAGO,IL,60612,5339,IN-KIND DONATION OF CLOTHING AND HOME GOODS,990-PF,41.880026152215,-87.679181884502,sited
Enchanted Backpack,2024,BRIGHT STAR,4518 S COTTAGE GROVE AVE,CHICAGO,IL,60653,4197,IN-KIND DONATION OF CLOTHING AND HOME GOODS,990-PF,41.812801955696,-87.606714374213,sited
Enchanted Backpack,2024,BRIGHTPOINT,200 W MONROE STREET 2100,CHICAGO,IL,60606,3307,IN-KIND DONATION OF CLOTHING AND HOME GOODS,990-PF,41.880719814776,-87.633880215174,sited
Enchanted Backpack,2024,CASA CENTRAL,1343 N CALIFORNIA AVENUE,CHICAGO,IL,60622,396,IN-KIND DONATION OF CLOTHING AND HOME GOODS,990-PF,41.905864672349,-87.696876185183,sited
Enchanted Backpack,2024,CASA ESPERANZA,8801 S SAGINAW AVE,CHICAGO,IL,60617,7878,IN-KIND DONATION OF CLOTHING AND HOME GOODS,990-PF,41.735392949987,-87.55960658562,sited
Enchanted Backpack,2024,CHICAGO DREAM CENTER,2704 W NORTH AVE,CHICAGO,IL,60647,2338,IN-KIND DONATION OF CLOTHING AND HOME GOODS,990-PF,41.910304440184,-87.694769978292,sited
Enchanted Backpack,2024,CHICAGO HOPE ACADEMY,2189 W BOWLER ST,CHICAGO,IL,60612,19525,IN-KIND DONATION OF CLOTHING AND HOME GOODS,990-PF,41.870452638226,-87.680867081915,sited
Enchanted Backpack,2024,CHILDREN FIRST FUND,200 W MADISON 2ND FL,CHICAGO,IL,60606,2322,IN-KIND DONATION OF CLOTHING AND HOME GOODS,990-PF,41.881999441643,-87.633899204958,intermediary_or_citywide
Enchanted Backpack,2024,CLARETIAN ASSOCIATES,9108 S BRANDON AVE,CHICAGO,IL,60617,3497,IN-KIND DONATION OF CLOTHING AND HOME GOODS,990-PF,41.729923015097,-87.547003623018,sited
Enchanted Backpack,2024,COVENANT HOUSE,2934 W LAKE STREET,CHICAGO,IL,60612,5178,IN-KIND DONATION OF CLOTHING AND HOME GOODS,990-PF,41.884181278627,-87.699713330473,sited
Enchanted Backpack,2024,EMMANUEL COMMUNITY DEVELOPMENT,6844 S INDIANA AVENUE,CHICAGO,IL,60637,4599,IN-KIND DONATION OF CLOTHING AND HOME GOODS,990-PF,41.770693917837,-87.620326865742,sited
Enchanted Backpack,2024,ERIE NEIGHBORHOOD HOUSE,1701 W SUPERIOR ST,CHICAGO,IL,60622,651,IN-KIND DONATION OF CLOTHING AND HOME GOODS,990-PF,41.89505944276,-87.669771270814,sited
Enchanted Backpack,2024,GREATER BETHLEHEM HEALING TEMPLE,12 S OAKLEY BLVD,CHICAGO,IL,60612,4071,IN-KIND DONATION OF CLOTHING AND HOME GOODS,990-PF,41.880648576986,-87.68402720962,sited
Enchanted Backpack,2024,HAVEN OF REST MISSIONARY BAPTIST CHURCH,7925 S SOUTH CHICAGO AVE,CHICAGO,IL,60617,4555,IN-KIND DONATION OF CLOTHING AND HOME GOODS,990-PF,41.751004946645,-87.584780146758,sited
Enchanted Backpack,2024,INNER-CITY MUSLIM ACTION NETWORK (IMAN),2745 W 63RD STREET,CHICAGO,IL,60629,4792,IN-KIND DONATION OF CLOTHING AND HOME GOODS,990-PF,41.779068235578,-87.692472088202,sited
Enchanted Backpack,2024,INSTITUTO DEL PROGRESO LATINO,2520 SOUTH WESTERN AVENUE,CHICAGO,IL,60608,3497,IN-KIND DONATION OF CLOTHING AND HOME GOODS,990-PF,41.845945979033,-87.685554713213,sited
Enchanted Backpack,2024,JANICE VISION HOMES,1501 W 63RD STREET,CHICAGO,IL,60636,4512,IN-KIND DONATION OF CLOTHING AND HOME GOODS,990-PF,41.779446869398,-87.661862083854,sited
Enchanted Backpack,2024,JOSEPHINUM ACADEMY,1501 N OAKLEY BLVD,CHICAGO,IL,60622,3610,IN-KIND DONATION OF CLOTHING AND HOME GOODS,990-PF,41.908585439915,-87.684658242585,sited
Enchanted Backpack,2024,LYDIA HOME ASSOCIATION,4300 WEST IRVING PARK ROAD,CHICAGO,IL,60641,4149,IN-KIND DONATION OF CLOTHING AND HOME GOODS,990-PF,41.953612435052,-87.735513754276,sited
Enchanted Backpack,2024,MARILLAC ST VINCENT,PO BOX 14699,CHICAGO,IL,60614,5237,IN-KIND DONATION OF CLOTHING AND HOME GOODS,990-PF,,,intermediary_or_citywide
Enchanted Backpack,2024,MERCY HOME FOR BOYS & GIRLS,1140 W JACKSON BLVD,CHICAGO,IL,60607,10529,IN-KIND DONATION OF CLOTHING AND HOME GOODS,990-PF,41.877863321677,-87.656088961182,sited
Enchanted Backpack,2024,ONE FAMILY ILLINOIS (FKA SOS CHILDRENS VILLAGE OF IL),216 W JACKSON BLVD 925,CHICAGO,IL,60606,11267,IN-KIND DONATION OF CLOTHING AND HOME GOODS,990-PF,41.878167006393,-87.634386456701,sited
Enchanted Backpack,2024,OUR LADY OF THE ANGELS,3808 W IOWA ST,CHICAGO,IL,60651,12216,IN-KIND DONATION OF CLOTHING AND HOME GOODS,990-PF,41.897290443909,-87.721629062969,sited
Enchanted Backpack,2024,PRIMO CENTER FOR WOMEN & CHILDREN,6212 S SANGAMON ST,CHICAGO,IL,60621,3721,IN-KIND DONATION OF CLOTHING AND HOME GOODS,990-PF,41.781357576045,-87.648540409844,sited
Enchanted Backpack,2024,RHEMA REVEALED WORSHIP CENTER,8151 S RACINE AVE,CHICAGO,IL,60620,9676,IN-KIND DONATION OF CLOTHING AND HOME GOODS,990-PF,41.745931433303,-87.653538224964,sited
Enchanted Backpack,2024,SAINT SABINA CATHOLIC CHURCH,1210 W 78TH PL,CHICAGO,IL,60620,14381,IN-KIND DONATION OF CLOTHING AND HOME GOODS,990-PF,41.751450227759,-87.654502987944,sited
Enchanted Backpack,2024,SHILOAH BAPTIST CHURCH,9211 S JUSTINE ST,CHICAGO,IL,60620,2114,IN-KIND DONATION OF CLOTHING AND HOME GOODS,990-PF,41.726470198454,-87.661504839479,sited
Enchanted Backpack,2024,ST JOSEPH SERVICES,4123 W GRAND AVENUE,CHICAGO,IL,60651,3777,IN-KIND DONATION OF CLOTHING AND HOME GOODS,990-PF,41.907424447216,-87.72975069658,sited
Enchanted Backpack,2024,SUNSHINE GOSPEL MINISTRIES,500 EAST 61ST STREET,CHICAGO,IL,60637,572,IN-KIND DONATION OF CLOTHING AND HOME GOODS,990-PF,41.783989457315,-87.613175925807,sited
Enchanted Backpack,2024,THE ENDELEO INSTITUTE INC,901 EAST 95TH STREET STE G,CHICAGO,IL,60628,13142,IN-KIND DONATION OF CLOTHING AND HOME GOODS,990-PF,41.721992958307,-87.603102316989,sited
Enchanted Backpack,2024,THE SALVATION ARMY NORTH AND CENTRAL ILLINOIS (NCI) DIVISION,5040 N PULASKI RD,CHICAGO,IL,60630,3777,IN-KIND DONATION OF CLOTHING AND HOME GOODS,990-PF,41.97256606672,-87.728228946784,sited
Enchanted Backpack,2024,THRESHOLDS,4101 N RAVENSWOOD,CHICAGO,IL,60613,7471,IN-KIND DONATION OF CLOTHING AND HOME GOODS,990-PF,41.956124486301,-87.673769629094,sited
Enchanted Backpack,2024,TO WALK IN MY SHOES,5 1/2 N CICERO AVE,CHICAGO,IL,60644,2114,IN-KIND DONATION OF CLOTHING AND HOME GOODS,990-PF,41.88058377872,-87.745204050674,sited
Enchanted Backpack,2024,TRUE BELIEVERS COMMUNITY CONNECTIONS,459 W 79TH STREET,CHICAGO,IL,60620,3475,IN-KIND DONATION OF CLOTHING AND HOME GOODS,990-PF,41.750699440955,-87.636219545764,sited
Enchanted Backpack,2024,UCAN,3605 W FILMORE ST,CHICAGO,IL,60624,7193,IN-KIND DONATION OF CLOTHING AND HOME GOODS,990-PF,,,intermediary_or_citywide
Enchanted Backpack,2024,UNITED WAY,333 S WABASH AVE,CHICAGO,IL,60604,4720,IN-KIND DONATION OF CLOTHING AND HOME GOODS,990-PF,41.877809331031,-87.62599882096,intermediary_or_citywide
Enchanted Backpack,2024,ALTUS ACADEMY,751 S SACREMENTO BLVD,CHICAGO,IL,60612,11360,ADOPT A SCHOOL PROGRAM GRANT RECIPIENT,990-PF,41.871410587025,-87.700860529475,sited
Enchanted Backpack,2024,BIG SHOULDERS LAVIN SCHOLARS RECEIPIENTS,212 W VAN BUREN ST 900,CHICAGO,IL,60603,1320,ADOPT A SCHOOL PROGRAM GRANT RECIPIENT (BIG SHOULDERS),990-PF,41.876900811278,-87.633848353417,sited
Enchanted Backpack,2024,ACERO - BARTOLOME DE LAS CASAS ELEMENTARY SCHOOL,1641 W 16TH STREET,CHICAGO,IL,60608,7857,DONATION OF SCHOOL SUPPLIES & OTHER EDUCATIONAL ITEMS,990-PF,41.859531392268,-87.667640061439,sited
Enchanted Backpack,2024,AMOS A STAGG ELEMENTARY,7424 SOUTH MORGAN STREET,CHICAGO,IL,60621,2712,DONATION OF SCHOOL SUPPLIES & OTHER EDUCATIONAL ITEMS,990-PF,41.759302789389,-87.64919198947,sited
Enchanted Backpack,2024,ARCHDIOCESE OF CHICAGO,835 NORTH RUSH STREET,CHICAGO,IL,60611,153,DONATION OF SCHOOL SUPPLIES & OTHER EDUCATIONAL ITEMS,990-PF,41.898431824581,-87.626324955917,sited
Enchanted Backpack,2024,BENJAMIN E MAYS ACADEMY,6656 S NORMAL BLVD,CHICAGO,IL,60621,10327,DONATION OF SCHOOL SUPPLIES & OTHER EDUCATIONAL ITEMS,990-PF,41.773895263693,-87.636914813607,sited
Enchanted Backpack,2024,BIG SHOULDERS,212 W VAN BUREN STREET 900,CHICAGO,IL,60607,1482,DONATION OF SCHOOL SUPPLIES & OTHER EDUCATIONAL ITEMS,990-PF,41.876900811278,-87.633848353417,sited
Enchanted Backpack,2024,CHARLES W EARLE ELEMENTARY SCHOOL,2040 W 62ND STREET,CHICAGO,IL,60636,7908,DONATION OF SCHOOL SUPPLIES & OTHER EDUCATIONAL ITEMS,990-PF,41.781199461247,-87.675444185504,sited
Enchanted Backpack,2024,CICS LONGWOOD ELEMENTARY,11 EAST ADAMS 600,CHICAGO,IL,60603,11873,DONATION OF SCHOOL SUPPLIES & OTHER EDUCATIONAL ITEMS,990-PF,41.879438567535,-87.627314442138,sited
Enchanted Backpack,2024,CICS LOOMIS PRIMARY,11 EAST ADAMS 600,CHICAGO,IL,60603,8699,DONATION OF SCHOOL SUPPLIES & OTHER EDUCATIONAL ITEMS,990-PF,41.879438567535,-87.627314442138,sited
Enchanted Backpack,2024,CICS WEST BELDEN,11 EAST ADAMS 600,CHICAGO,IL,60603,9189,DONATION OF SCHOOL SUPPLIES & OTHER EDUCATIONAL ITEMS,990-PF,41.879438567535,-87.627314442138,sited
Enchanted Backpack,2024,EDWARD N HURLEY ELEMENTARY SCHOOL,3849 W 69TH PL,CHICAGO,IL,60629,9822,DONATION OF SCHOOL SUPPLIES & OTHER EDUCATIONAL ITEMS,990-PF,41.766820169404,-87.718764265792,sited
Enchanted Backpack,2024,HAUGAN ELEMENTARY SCHOOL,4540 N HAMLIN AVE,CHICAGO,IL,60625,4539,DONATION OF SCHOOL SUPPLIES & OTHER EDUCATIONAL ITEMS,990-PF,41.963475050555,-87.72307898919,sited
Enchanted Backpack,2024,HENDRICKS ELEMENTARY COMMUNITY ACADEMY,4316 S PRINCETON AVE,CHICAGO,IL,60609,2702,DONATION OF SCHOOL SUPPLIES & OTHER EDUCATIONAL ITEMS,990-PF,41.815983059324,-87.633635458064,sited
Enchanted Backpack,2024,HIGGINS COMMUNITY ACADEMY,11710 S MORGAN ST,CHICAGO,IL,60643,10208,DONATION OF SCHOOL SUPPLIES & OTHER EDUCATIONAL ITEMS,990-PF,41.680694928856,-87.646950998549,sited
Enchanted Backpack,2024,JOSEPH BRENNEMANN ELEMENTARY SCHOOL,4251 N CLARENDON AVE,CHICAGO,IL,60613,11486,DONATION OF SCHOOL SUPPLIES & OTHER EDUCATIONAL ITEMS,990-PF,41.959355309932,-87.649766389243,sited
Enchanted Backpack,2024,PARKER COMMUNITY ACADEMY,6800 S STEWART AVE,CHICAGO,IL,60621,3180,DONATION OF SCHOOL SUPPLIES & OTHER EDUCATIONAL ITEMS,990-PF,41.772579083313,-87.634928515978,sited
Enchanted Backpack,2024,PAUL REVERE ELEMENTARY SCHOOL,1010 EAST 72ND,CHICAGO,IL,60619,11398,DONATION OF SCHOOL SUPPLIES & OTHER EDUCATIONAL ITEMS,990-PF,41.76416692836,-87.600534031079,sited
Enchanted Backpack,2024,PERKINS BASS ELEMENTARY,1140 W 66TH STREET,CHICAGO,IL,60621,11497,DONATION OF SCHOOL SUPPLIES & OTHER EDUCATIONAL ITEMS,990-PF,41.774223854063,-87.653409902936,sited
Enchanted Backpack,2024,ROBERT J RICHARDSON MIDDLE SCHOOL,6018 S KARLOV,CHICAGO,IL,60629,3794,DONATION OF SCHOOL SUPPLIES & OTHER EDUCATIONAL ITEMS,990-PF,41.78371377159,-87.725424260425,sited
Enchanted Backpack,2024,RUBEN SALAZAR BILINGUAL CENTER,160 W WENDELL STREET,CHICAGO,IL,60610,2027,DONATION OF SCHOOL SUPPLIES & OTHER EDUCATIONAL ITEMS,990-PF,41.901388543709,-87.633996428006,sited
Enchanted Backpack,2024,ST AILBE SCHOOL,9037 S HARPER AVE,CHICAGO,IL,60619,7043,DONATION OF SCHOOL SUPPLIES & OTHER EDUCATIONAL ITEMS,990-PF,41.730734154513,-87.586708111009,sited
Enchanted Backpack,2024,ST MARGARET OF SCOTLAND,9833 S THROOP,CHICAGO,IL,60643,1842,DONATION OF SCHOOL SUPPLIES & OTHER EDUCATIONAL ITEMS,990-PF,41.714926824232,-87.655130842296,sited
Enchanted Backpack,2024,ST MARY STAR OF THE SEA,6424 S KENNETH AVE,CHICAGO,IL,60629,1842,DONATION OF SCHOOL SUPPLIES & OTHER EDUCATIONAL ITEMS,990-PF,41.776229977276,-87.733756433373,sited
Enchanted Backpack,2024,ST NICHOLAS OF TOLENTINE SCHOOL,3741 WEST 62ND STREET,CHICAGO,IL,60629,8921,DONATION OF SCHOOL SUPPLIES & OTHER EDUCATIONAL ITEMS,990-PF,41.78052046664,-87.716465762957,sited
Enchanted Backpack,2024,ST PIUS V SCHOOL,1919 S ASHLAND AVE,CHICAGO,IL,60608,7174,DONATION OF SCHOOL SUPPLIES & OTHER EDUCATIONAL ITEMS,990-PF,41.855774756827,-87.666010087677,sited
Enchanted Backpack,2024,TARKINGTON SCHOOL OF EXCELLENCE,3330 W 71ST STREET,CHICAGO,IL,60629,10016,DONATION OF SCHOOL SUPPLIES & OTHER EDUCATIONAL ITEMS,990-PF,41.764378465863,-87.706556054013,sited
Enchanted Backpack,2024,WILLA CATHER ELEMENTARY SCHOOL,2908 WASHINGTON BLVD,CHICAGO,IL,60612,8401,DONATION OF SCHOOL SUPPLIES & OTHER EDUCATIONAL ITEMS,990-PF,41.882926445111,-87.699058577272,sited
Enchanted Backpack,2024,HOWE SCHOOL OF EXCELLENCE,720 N LAUREL,CHICAGO,IL,60644,10002,PAY IT FORWARD PROGRAM GRANT RECIPIENT,990-PF,,,intermediary_or_citywide
Enchanted Backpack,2024,MONARCAS ACADEMY,5815 S HOMAN AVE,CHICAGO,IL,60629,9999,PAY IT FORWARD PROGRAM GRANT RECIPIENT,990-PF,41.787755855353,-87.708219140602,sited
Enchanted Backpack,2024,SAN MIGUEL SCHOOL,1954 W 48TH ST,CHICAGO,IL,60609,10000,PAY IT FORWARD PROGRAM GRANT RECIPIENT,990-PF,41.806750456785,-87.674106610143,sited
Enchanted Backpack,2024,ST MALACHY SCHOOL,2252 W WASHINGTON BLVD,CHICAGO,IL,60612,10000,PAY IT FORWARD PROGRAM GRANT RECIPIENT,990-PF,41.883100596719,-87.682865396472,sited
Patricia A Bresky Family Foundation,2022,The Foundation for Sarcoidosis Research,1820 W Webster Ave suite 304,CHICAGO,IL,60614,25000,General Operating Support,990-PF,41.921519582897,-87.673620693609,sited
Patricia A Bresky Family Foundation,2023,The Foundation for Sarcoidosis Research,1820 W Webster Ave suite 304,CHICAGO,IL,60614,25000,General Operating Support,990-PF,41.921519582897,-87.673620693609,sited
Patricia A Bresky Family Foundation,2023,Feeding America,161 N Clark Street Suite 700,CHICAGO,IL,60601,100000,General Operating Support,990-PF,41.885238782678,-87.630883288957,sited
Patricia A Bresky Family Foundation,2024,The Foundation for Sarcoidosis Research,1820 W Webster Ave suite 304,CHICAGO,IL,60614,25000,General Operating Support,990-PF,41.921519582897,-87.673620693609,sited
Patricia A Bresky Family Foundation,2024,Feeding America,161 N Clark Street Suite 700,CHICAGO,IL,60601,125000,General Operating Support,990-PF,41.885238782678,-87.630883288957,sited
Caris Charitable Trust II,2021,SPARKSHOP,965 WEST CHICAGO AVE,CHICAGO,IL,60642,5000,GENERAL,990-PF,41.896266848803,-87.651917215556,sited
Caris Charitable Trust II,2022,SPARKSHOP,965 WEST CHICAGO AVE,CHICAGO,IL,60642,5000,GENERAL,990-PF,41.896266848803,-87.651917215556,sited
Marc and Jeanne Malnati Family Foundation INC,2021,ACADEMY FOR GLOBAL CITIZENSHIP,4647 WEST 47TH STREET,CHICAGO,IL,60632,50000,GENERAL OPERATING,990-PF,41.807607136609,-87.739792903484,sited
Marc and Jeanne Malnati Family Foundation INC,2021,AUSTIN COMING TOGETHER,5049 W HARRISON ST,CHICAGO,IL,60644,15000,GENERAL OPERATING,990-PF,41.872938858313,-87.750893247147,sited
Marc and Jeanne Malnati Family Foundation INC,2021,BREAKTHROUGH URBAN MINISTRIES,PO BOX 47200,CHICAGO,IL,60647,50000,GENERAL OPERATIONS,990-PF,,,intermediary_or_citywide
Marc and Jeanne Malnati Family Foundation INC,2021,BY THE HAND CLUB FOR KIDS,PO BOX 10043,CHICAGO,IL,60610,50000,COUNSELING SERVICES,990-PF,,,intermediary_or_citywide
Marc and Jeanne Malnati Family Foundation INC,2021,CHICAGO SURVIVORS,1010 W 35TH ST,CHICAGO,IL,60609,10000,GENERAL OPERATING,990-PF,41.83072928233,-87.651888666022,sited
Marc and Jeanne Malnati Family Foundation INC,2021,COLLABORACTION,5937 W BYRON ST,CHICAGO,IL,60634,60000,YOUTH PROGRAMMING,990-PF,41.951170573441,-87.775182302485,sited
Marc and Jeanne Malnati Family Foundation INC,2021,GIRL FORWARD,PO BOX 607516,CHICAGO,IL,60660,10000,GENERAL OPERATING,990-PF,,,intermediary_or_citywide
Marc and Jeanne Malnati Family Foundation INC,2021,HEARTLAND ALLIANCE,208 S LASALLE ST,CHICAGO,IL,60604,150000,READI CHICAGO,990-PF,41.879132477534,-87.632361460549,sited
Marc and Jeanne Malnati Family Foundation INC,2021,JUSTICE JOURNEY ALLIANCE,25 E WASHINGTON ST,CHICAGO,IL,60622,20000,GENERAL SUPPORT,990-PF,41.883162849634,-87.626490086268,sited
Marc and Jeanne Malnati Family Foundation INC,2021,LAWNDALE COMMUNITY CHURCH,3827 W OGDEN AVE,CHICAGO,IL,60623,25000,GENERAL OPERATING,990-PF,41.852322254671,-87.720587369513,sited
Marc and Jeanne Malnati Family Foundation INC,2021,METROPOLITAN FAMILY SERVICES,1 N DEARBORN AVE,CHICAGO,IL,60602,50000,CP4P,990-PF,41.882053441379,-87.629326293506,sited
Marc and Jeanne Malnati Family Foundation INC,2021,MIKVA CHALLENGE,200 S MICHIGAN AVE,CHICAGO,IL,60604,10000,OPERATING EXPENSES,990-PF,41.879498661338,-87.624506074574,sited
Marc and Jeanne Malnati Family Foundation INC,2021,MISERCORDIA,6300 N RIDGE AVE,CHICAGO,IL,60660,5000,GENERAL OPERATING,990-PF,41.995584734896,-87.675806161321,sited
Marc and Jeanne Malnati Family Foundation INC,2021,NORTHWESTERN MEMORIAL FDN,541 NORTH FAIRBANKS COURT,CHICAGO,IL,60611,480000,GENERAL FUNDS,990-PF,41.89214113481,-87.620164916817,sited
Marc and Jeanne Malnati Family Foundation INC,2021,NORTHWESTERN UNIVERSITY,420 E SUPERIOR ST,CHICAGO,IL,60611,10000,MESULAM CENTER,990-PF,41.895881974597,-87.618900321423,intermediary_or_citywide
Marc and Jeanne Malnati Family Foundation INC,2021,ONE ON ONE,4655 S KING DR,CHICAGO,IL,60653,50000,GENERAL OPERATING,990-PF,41.809975479639,-87.61626727795,sited
Marc and Jeanne Malnati Family Foundation INC,2021,ONEGOAL,PO BOX 734137,CHICAGO,IL,60673,25000,GENERAL OPERATING,990-PF,,,intermediary_or_citywide
Marc and Jeanne Malnati Family Foundation INC,2021,REFUGEE ONE,5705 N LINCOLN AVE,CHICAGO,IL,60659,30000,GENERAL OPERATING,990-PF,41.985170641501,-87.698477343582,sited
Marc and Jeanne Malnati Family Foundation INC,2021,SOCIAL INNOVATION GROUP,5701 S WINCHESTER AVE,CHICAGO,IL,60636,17000,GENERAL OPERATING,990-PF,41.790230491878,-87.672906782261,sited
Marc and Jeanne Malnati Family Foundation INC,2021,SOUL CITY CHURCH,1150 W ADAMS ST,CHICAGO,IL,60607,50000,GENERAL OPERATING,990-PF,41.87913253525,-87.655859366441,sited
Marc and Jeanne Malnati Family Foundation INC,2021,THE CHICAGO COMMUNITY FOUNDATION,225 N MICHIGAN AVENUE,CHICAGO,IL,60601,25000,CHICAGO FUND FOR SAFE AND PEACEFUL C,990-PF,41.886567067898,-87.624456678273,intermediary_or_citywide
Marc and Jeanne Malnati Family Foundation INC,2021,THE SALVATION ARMY CHICAGO,5040 N PULASKI ROAD,CHICAGO,IL,60630,80000,STOP-IT PROGRAM AND METRO SOCIAL SER,990-PF,41.97256606672,-87.728228946784,sited
Marc and Jeanne Malnati Family Foundation INC,2021,TURNING THE PAGE,906 S HOMAN AVENUE,CHICAGO,IL,60624,15000,GENERAL OPERATING,990-PF,41.869888957423,-87.710732439416,sited
Marc and Jeanne Malnati Family Foundation INC,2021,UCAN,3605 W FILMORE,CHICAGO,IL,60624,25000,GENERAL OPERATING,990-PF,,,intermediary_or_citywide
Marc and Jeanne Malnati Family Foundation INC,2021,UNITED WAY OF METRO CHICAGO,231196 MOMENTUM PLACE,CHICAGO,IL,60689,125000,COMMUNITY LEADERSHIP FELLOWS AND GAR,990-PF,,,intermediary_or_citywide
Marc and Jeanne Malnati Family Foundation INC,2021,WTTW CHICAGO,5400 N ST LOUIS AVE,CHICAGO,IL,60625,10000,"DIGITAL SERIES ""FIRST HAND: SEGREGAT",990-PF,41.979387355038,-87.716147207409,sited
Marc and Jeanne Malnati Family Foundation INC,2022,ACADEMY FOR GLOBAL CITIZENSHIP,4647 WEST 47TH STREET,CHICAGO,IL,60632,50000,GENERAL OPERATING,990-PF,41.807607136609,-87.739792903484,sited
Marc and Jeanne Malnati Family Foundation INC,2022,AUSTIN COMING TOGETHER,5049 W HARRISON ST,CHICAGO,IL,60644,15000,GENERAL OPERATING,990-PF,41.872938858313,-87.750893247147,sited
Marc and Jeanne Malnati Family Foundation INC,2022,BRAVEN,100 N LASALLE ST,CHICAGO,IL,60602,50000,GENERAL,990-PF,41.883268441347,-87.632486206776,sited
Marc and Jeanne Malnati Family Foundation INC,2022,BREAKTHROUGH URBAN MINISTRIES,PO BOX 47200,CHICAGO,IL,60647,60000,GENERAL OPERATIONS,990-PF,,,intermediary_or_citywide
Marc and Jeanne Malnati Family Foundation INC,2022,BY THE HAND CLUB FOR KIDS,PO BOX 10043,CHICAGO,IL,60610,50000,COUNSELING SERVICES,990-PF,,,intermediary_or_citywide
Marc and Jeanne Malnati Family Foundation INC,2022,CAROLE ROBERTSON CENTER FO LEARNING,1111 S WESTERN AVE,CHICAGO,IL,60612,5000,GENERAL,990-PF,41.86807167016,-87.686001358073,sited
Marc and Jeanne Malnati Family Foundation INC,2022,CHICAGO FOUNDATION FOR WOMEN,140 S DEARBORN ST,CHICAGO,IL,60603,51000,GENERAL,990-PF,41.879807335912,-87.629433511513,intermediary_or_citywide
Marc and Jeanne Malnati Family Foundation INC,2022,CHICAGO LAWYERS COMMITTEE,100 N LASALLE ST,CHICAGO,IL,60602,15000,GENERAL,990-PF,41.883268441347,-87.632486206776,sited
Marc and Jeanne Malnati Family Foundation INC,2022,CHICAGO SURVIVORS,1010 W 35TH ST,CHICAGO,IL,60609,30000,GENERAL OPERATING,990-PF,41.83072928233,-87.651888666022,sited
Marc and Jeanne Malnati Family Foundation INC,2022,COLLABORACTION,5937 W BYRON ST,CHICAGO,IL,60634,50000,YOUTH PROGRAMMING,990-PF,41.951170573441,-87.775182302485,sited
Marc and Jeanne Malnati Family Foundation INC,2022,CWIP,400 E RANDOLPH ST,CHICAGO,IL,60601,2613,GENERAL,990-PF,41.884601677652,-87.616570492729,sited
Marc and Jeanne Malnati Family Foundation INC,2022,HEARTLAND ALLIANCE,208 S LASALLE ST,CHICAGO,IL,60604,150000,READI CHICAGO,990-PF,41.879132477534,-87.632361460549,sited
Marc and Jeanne Malnati Family Foundation INC,2022,INHERENTANCE,4647 W POLK ST,CHICAGO,IL,60644,100000,GENERAL,990-PF,41.870446383377,-87.741193730057,sited
Marc and Jeanne Malnati Family Foundation INC,2022,JUSTICE JOURNEY ALLIANCE,25 E WASHINGTON ST,CHICAGO,IL,60622,20000,GENERAL SUPPORT,990-PF,41.883162849634,-87.626490086268,sited
Marc and Jeanne Malnati Family Foundation INC,2022,LAWNDALE COMMUNITY CHURCH,3827 W OGDEN AVE,CHICAGO,IL,60623,25000,GENERAL OPERATING,990-PF,41.852322254671,-87.720587369513,sited
Marc and Jeanne Malnati Family Foundation INC,2022,LEGAL PREP CHARTER ACADEMY,4319 W WASHINGTON BLVD,CHICAGO,IL,60624,10000,GENERAL OPERATING,990-PF,41.881893758512,-87.733563042103,sited
Marc and Jeanne Malnati Family Foundation INC,2022,MESULAM CENTER FOR COGNITIVE NEUROLOGY AND ALZHEIMER'S DISEASE,420 E SUPERIOR ST 9TH FL,CHICAGO,IL,60611,7500,GENERAL,990-PF,41.895881974597,-87.618900321423,sited
Marc and Jeanne Malnati Family Foundation INC,2022,METROPOLITAN FAMILY SERVICES,1 N DEARBORN AVE,CHICAGO,IL,60602,50000,CP4P,990-PF,41.882053441379,-87.629326293506,sited
Marc and Jeanne Malnati Family Foundation INC,2022,MIKVA CHALLENGE,200 S MICHIGAN AVE,CHICAGO,IL,60604,15000,OPERATING EXPENSES,990-PF,41.879498661338,-87.624506074574,sited
Marc and Jeanne Malnati Family Foundation INC,2022,MISERCORDIA,6300 N RIDGE AVE,CHICAGO,IL,60660,5000,GENERAL OPERATING,990-PF,41.995584734896,-87.675806161321,sited
Marc and Jeanne Malnati Family Foundation INC,2022,NATIONAL LOUIS UNIVERSITY,122 S MICHIGAN AVE,CHICAGO,IL,60603,50000,GENERAL,990-PF,41.880302594059,-87.624513078081,intermediary_or_citywide
Marc and Jeanne Malnati Family Foundation INC,2022,NORTH LAWNDALE EMPLOYMEMT NETWORK,1111 S HOMAN,CHICAGO,IL,60624,10000,GENERAL,990-PF,41.868032616251,-87.71051735824,sited
Marc and Jeanne Malnati Family Foundation INC,2022,NORTHWESTERN MEMORIAL FDN,541 NORTH FAIRBANKS COURT,CHICAGO,IL,60611,430000,GENERAL FUNDS,990-PF,41.89214113481,-87.620164916817,sited
Marc and Jeanne Malnati Family Foundation INC,2022,OASIS PRODUCTIONS,1200 W 35TH ST,CHICAGO,IL,60609,7500,GENERAL OPERATING,990-PF,41.830680444473,-87.655806470223,sited
Marc and Jeanne Malnati Family Foundation INC,2022,ONE ON ONE,4655 S KING DR,CHICAGO,IL,60653,50000,GENERAL OPERATING,990-PF,41.809975479639,-87.61626727795,sited
Marc and Jeanne Malnati Family Foundation INC,2022,ONEGOAL,PO BOX 734137,CHICAGO,IL,60673,25000,GENERAL OPERATING,990-PF,,,intermediary_or_citywide
Marc and Jeanne Malnati Family Foundation INC,2022,REFUGEE ONE,5705 N LINCOLN AVE,CHICAGO,IL,60659,15000,GENERAL OPERATING,990-PF,41.985170641501,-87.698477343582,sited
Marc and Jeanne Malnati Family Foundation INC,2022,SOUL CITY CHURCH,1150 W ADAMS ST,CHICAGO,IL,60607,10000,GENERAL OPERATING,990-PF,41.87913253525,-87.655859366441,sited
Marc and Jeanne Malnati Family Foundation INC,2022,THE CHICAGO COMMUNITY TRUST,225 N MICHIGAN AVENUE,CHICAGO,IL,60601,25000,CHICAGO FUND FOR SAFE AND PEACEFUL C,990-PF,41.886567067898,-87.624456678273,intermediary_or_citywide
Marc and Jeanne Malnati Family Foundation INC,2022,THE SALVATION ARMY CHICAGO,5040 N PULASKI ROAD,CHICAGO,IL,60630,87700,STOP-IT PROGRAM AND METRO SOCIAL SER,990-PF,41.97256606672,-87.728228946784,sited
Marc and Jeanne Malnati Family Foundation INC,2022,TURNING THE PAGE,906 S HOMAN AVENUE,CHICAGO,IL,60624,10000,GENERAL OPERATING,990-PF,41.869888957423,-87.710732439416,sited
Marc and Jeanne Malnati Family Foundation INC,2022,UCAN,3605 W FILMORE,CHICAGO,IL,60624,30000,GENERAL OPERATING,990-PF,,,intermediary_or_citywide
Marc and Jeanne Malnati Family Foundation INC,2022,UNITED WAY OF METRO CHICAGO,231196 MOMENTUM PLACE,CHICAGO,IL,60689,131000,COMMUNITY LEADERSHIP FELLOWS AND GAR,990-PF,,,intermediary_or_citywide
Marc and Jeanne Malnati Family Foundation INC,2022,11TH DISTRICT CAPS,3151 W HARRISON ST,CHICAGO,IL,60612,521,GENERAL,990-PF,41.873640577975,-87.704712544645,sited
Marc and Jeanne Malnati Family Foundation INC,2022,LEADERSHIP GREATER CHICAGO,111 E WACKER DRIVE,CHICAGO,IL,60601,292,GENERAL,990-PF,41.888139848633,-87.623818054576,sited
Marc and Jeanne Malnati Family Foundation INC,2022,SALVATION ARMY,5040 N PULASKI RD,CHICAGO,IL,60630,295,GENERAL,990-PF,41.97256606672,-87.728228946784,sited
Marc and Jeanne Malnati Family Foundation INC,2022,CHAMPS MENTORING,PO BOX 19584,CHICAGO,IL,60619,474,GENERAL,990-PF,,,intermediary_or_citywide
Marc and Jeanne Malnati Family Foundation INC,2023,12TH DISTRICT CAPS,1412 S BLUE ISLAND,CHICAGO,IL,60608,2097,GENERAL,990-PF,41.863141925796,-87.656745385433,sited
Marc and Jeanne Malnati Family Foundation INC,2023,ACADEMY FOR GLOBAL CITIZENSHIP,4647 WEST 47TH STREET,CHICAGO,IL,60632,50000,GENERAL OPERATING,990-PF,41.807607136609,-87.739792903484,sited
Marc and Jeanne Malnati Family Foundation INC,2023,AUSTIN COMING TOGETHER,5049 W HARRISON ST,CHICAGO,IL,60644,25000,GENERAL OPERATING,990-PF,41.872938858313,-87.750893247147,sited
Marc and Jeanne Malnati Family Foundation INC,2023,BRAVEN,100 N LASALLE ST,CHICAGO,IL,60602,50000,GENERAL,990-PF,41.883268441347,-87.632486206776,sited
Marc and Jeanne Malnati Family Foundation INC,2023,BREAKTHROUGH URBAN MINISTRIES,PO BOX 47200,CHICAGO,IL,60647,51394,GENERAL OPERATIONS,990-PF,,,intermediary_or_citywide
Marc and Jeanne Malnati Family Foundation INC,2023,BY THE HAND CLUB FOR KIDS,PO BOX 10043,CHICAGO,IL,60610,50000,GENERAL,990-PF,,,intermediary_or_citywide
Marc and Jeanne Malnati Family Foundation INC,2023,CAROLE ROBERTSON CENTER FO LEARNING,1111 S WESTERN AVE,CHICAGO,IL,60612,1068,GENERAL,990-PF,41.86807167016,-87.686001358073,sited
Marc and Jeanne Malnati Family Foundation INC,2023,CHAMPS MENTORING,PO BOX 19584,CHICAGO,IL,60619,331,GENERAL,990-PF,,,intermediary_or_citywide
Marc and Jeanne Malnati Family Foundation INC,2023,CHICAGO FOUNDATION FOR WOMEN,140 S DEARBORN ST,CHICAGO,IL,60603,8000,GENERAL,990-PF,41.879807335912,-87.629433511513,intermediary_or_citywide
Marc and Jeanne Malnati Family Foundation INC,2023,CHICAGO SURVIVORS,1010 W 35TH ST,CHICAGO,IL,60609,30000,GENERAL OPERATING,990-PF,41.83072928233,-87.651888666022,sited
Marc and Jeanne Malnati Family Foundation INC,2023,COLLABORACTION,5937 W BYRON ST,CHICAGO,IL,60634,30000,GENERAL,990-PF,41.951170573441,-87.775182302485,sited
Marc and Jeanne Malnati Family Foundation INC,2023,CWIP,400 E RANDOLPH ST,CHICAGO,IL,60601,3000,GENERAL,990-PF,41.884601677652,-87.616570492729,sited
Marc and Jeanne Malnati Family Foundation INC,2023,EQUALITY ILLINOIS,5400 N ST LOUIS AVE,CHICAGO,IL,60690,2000,GENERAL,990-PF,41.979387355038,-87.716147207409,sited
Marc and Jeanne Malnati Family Foundation INC,2023,FIGUEROA WU FAMILY FOUNDATION,2124 S ASHLAND AVE,CHICAGO,IL,60608,10000,PILSEN FOOD PANTRY,990-PF,41.853919637548,-87.66612313186,sited
Marc and Jeanne Malnati Family Foundation INC,2023,HECKTMAN FAMILY FOUNDATION,150 S WACKER DR,CHICAGO,IL,60606,10168,COATS FOR MIGRANTS,990-PF,41.879971807862,-87.637046647092,intermediary_or_citywide
Marc and Jeanne Malnati Family Foundation INC,2023,HOLY FAMILY,3415 W ARTHINGTON,CHICAGO,IL,60624,10000,GENERAL,990-PF,41.869943218252,-87.710960134477,sited
Marc and Jeanne Malnati Family Foundation INC,2023,HONEYCOMB PROJECT,1658 N MILWAUKEE AVE,CHICAGO,IL,60647,2591,GENERAL,990-PF,41.911499842121,-87.679313172507,sited
Marc and Jeanne Malnati Family Foundation INC,2023,HOPE CHICAGO,303 E WACKER DR,CHICAGO,IL,60601,1040,GENERAL,990-PF,41.887748427515,-87.620522089915,sited
Marc and Jeanne Malnati Family Foundation INC,2023,INHERENTANCE,4647 W POLK ST,CHICAGO,IL,60644,100000,GENERAL,990-PF,41.870446383377,-87.741193730057,sited
Marc and Jeanne Malnati Family Foundation INC,2023,INSTITUTE FOR NONVIOLENCE CHICAGO,819 N LEAMINGTON AVE,CHICAGO,IL,60651,50385,GENERAL,990-PF,41.895722281342,-87.754319486251,sited
Marc and Jeanne Malnati Family Foundation INC,2023,JUSTICE JOURNEY ALLIANCE,25 E WASHINGTON ST,CHICAGO,IL,60622,29327,GENERAL SUPPORT,990-PF,41.883162849634,-87.626490086268,sited
Marc and Jeanne Malnati Family Foundation INC,2023,LAWNDALE COMMUNITY CHURCH,3827 W OGDEN AVE,CHICAGO,IL,60623,10000,GENERAL OPERATING,990-PF,41.852322254671,-87.720587369513,sited
Marc and Jeanne Malnati Family Foundation INC,2023,METROPOLITAN FAMILY SERVICES,1 N DEARBORN AVE,CHICAGO,IL,60602,50000,GENERAL,990-PF,41.882053441379,-87.629326293506,sited
Marc and Jeanne Malnati Family Foundation INC,2023,MIKVA CHALLENGE,200 S MICHIGAN AVE,CHICAGO,IL,60604,15000,GENERAL,990-PF,41.879498661338,-87.624506074574,sited
Marc and Jeanne Malnati Family Foundation INC,2023,MISERCORDIA,6300 N RIDGE AVE,CHICAGO,IL,60660,5000,GENERAL OPERATING,990-PF,41.995584734896,-87.675806161321,sited
Marc and Jeanne Malnati Family Foundation INC,2023,NATIONAL LOUIS UNIVERSITY,122 S MICHIGAN AVE,CHICAGO,IL,60603,50000,GENERAL,990-PF,41.880302594059,-87.624513078081,intermediary_or_citywide
Marc and Jeanne Malnati Family Foundation INC,2023,NORTH LAWNDALE EMPLOYMENT NETWORK,1111 S HOMAN,CHICAGO,IL,60624,25000,GENERAL,990-PF,41.868032616251,-87.71051735824,sited
Marc and Jeanne Malnati Family Foundation INC,2023,NORTHWESTERN MEMORIAL FDN,541 NORTH FAIRBANKS COURT,CHICAGO,IL,60611,180000,GENERAL FUNDS,990-PF,41.89214113481,-87.620164916817,sited
Marc and Jeanne Malnati Family Foundation INC,2023,NORTHWESTERN UNIVERSITY,420 E SUPERIOR ST,CHICAGO,IL,60611,7500,MESULAM CENTER,990-PF,41.895881974597,-87.618900321423,intermediary_or_citywide
Marc and Jeanne Malnati Family Foundation INC,2023,OASIS PRODUCTIONS,1200 W 35TH ST,CHICAGO,IL,60609,7500,GENERAL OPERATING,990-PF,41.830680444473,-87.655806470223,sited
Marc and Jeanne Malnati Family Foundation INC,2023,ONE ON ONE,4655 S KING DR,CHICAGO,IL,60653,50000,GENERAL OPERATING,990-PF,41.809975479639,-87.61626727795,sited
Marc and Jeanne Malnati Family Foundation INC,2023,ONEGOAL,PO BOX 734137,CHICAGO,IL,60673,40000,GENERAL OPERATING,990-PF,,,intermediary_or_citywide
Marc and Jeanne Malnati Family Foundation INC,2023,PILSEN FOOD PANTRY,2124 S ASHLAND AVE,CHICAGO,IL,60608,126,CHARITABLE PURPOSES,990-PF,41.853919637548,-87.66612313186,sited
Marc and Jeanne Malnati Family Foundation INC,2023,REFUGEE ONE,5705 N LINCOLN AVE,CHICAGO,IL,60659,15000,GENERAL OPERATING,990-PF,41.985170641501,-87.698477343582,sited
Marc and Jeanne Malnati Family Foundation INC,2023,SOUL CITY CHURCH,1150 W ADAMS ST,CHICAGO,IL,60607,10000,GENERAL OPERATING,990-PF,41.87913253525,-87.655859366441,sited
Marc and Jeanne Malnati Family Foundation INC,2023,THE CHICAGO COMMUNITY TRUST,225 N MICHIGAN AVENUE,CHICAGO,IL,60601,130000,READI AND SAFE AND PEACEFUL FUND,990-PF,41.886567067898,-87.624456678273,intermediary_or_citywide
Marc and Jeanne Malnati Family Foundation INC,2023,THE SALVATION ARMY CHICAGO,5040 N PULASKI ROAD,CHICAGO,IL,60630,75859,GENERAL,990-PF,41.97256606672,-87.728228946784,sited
Marc and Jeanne Malnati Family Foundation INC,2023,UCAN,3605 W FILMORE,CHICAGO,IL,60624,30000,GENERAL OPERATING,990-PF,,,intermediary_or_citywide
Marc and Jeanne Malnati Family Foundation INC,2023,UNITED WAY OF METRO CHICAGO,231196 MOMENTUM PLACE,CHICAGO,IL,60689,30000,COMMUNITY LEADERSHIP FELLOWS,990-PF,,,intermediary_or_citywide
Marc and Jeanne Malnati Family Foundation INC,2023,WTTW CHICAGO,5400 N ST LOUIS AVE,CHICAGO,IL,60625,10000,GENERAL,990-PF,41.979387355038,-87.716147207409,sited
Marc and Jeanne Malnati Family Foundation INC,2024,ACADEMY FOR GLOBAL CITIZENSHIP,4647 WEST 47TH STREET,CHICAGO,IL,60632,50000,GENERAL OPERATING,990-PF,41.807607136609,-87.739792903484,sited
Marc and Jeanne Malnati Family Foundation INC,2024,AUSTIN COMING TOGETHER,5049 W HARRISON ST,CHICAGO,IL,60644,26000,GENERAL OPERATING,990-PF,41.872938858313,-87.750893247147,sited
Marc and Jeanne Malnati Family Foundation INC,2024,BRAVEN,100 N LASALLE ST,CHICAGO,IL,60602,50000,GENERAL,990-PF,41.883268441347,-87.632486206776,sited
Marc and Jeanne Malnati Family Foundation INC,2024,BREAKTHROUGH URBAN MINISTRIES,PO BOX 47200,CHICAGO,IL,60647,50000,GENERAL OPERATIONS,990-PF,,,intermediary_or_citywide
Marc and Jeanne Malnati Family Foundation INC,2024,BY THE HAND CLUB FOR KIDS,PO BOX 10043,CHICAGO,IL,60610,50000,GENERAL,990-PF,,,intermediary_or_citywide
Marc and Jeanne Malnati Family Foundation INC,2024,CAROLE ROBERTSON CENTER FO LEARNING,1111 S WESTERN AVE,CHICAGO,IL,60612,242,GENERAL,990-PF,41.86807167016,-87.686001358073,sited
Marc and Jeanne Malnati Family Foundation INC,2024,CAROLE ROBERTSON CENTER FOR LEARNIN,1111 S WESTERN AVE,CHICAGO,IL,60612,101300,GENERAL,990-PF,41.86807167016,-87.686001358073,sited
Marc and Jeanne Malnati Family Foundation INC,2024,CHICAGO BLACKHAWKS FOUNDATION,1901 W MADISON ST,CHICAGO,IL,60612,1000,GENERAL,990-PF,41.881291171765,-87.674216570865,intermediary_or_citywide
Marc and Jeanne Malnati Family Foundation INC,2024,CHICAGO CARES INC,1200 W 35TH ST UNIT 302,CHICAGO,IL,60609,50000,GENERAL,990-PF,41.830680444473,-87.655806470223,sited
Marc and Jeanne Malnati Family Foundation INC,2024,CHICAGO FOUNDATION FOR WOMEN,140 S DEARBORN ST,CHICAGO,IL,60603,1000,GENERAL,990-PF,41.879807335912,-87.629433511513,intermediary_or_citywide
Marc and Jeanne Malnati Family Foundation INC,2024,CHICAGO SURVIVORS,1010 W 35TH ST,CHICAGO,IL,60609,40000,GENERAL OPERATING,990-PF,41.83072928233,-87.651888666022,sited
Marc and Jeanne Malnati Family Foundation INC,2024,CITY CLUB OF CHICAGO,70 W HUBBARD ST STE 202,CHICAGO,IL,60654,695,GENERAL,990-PF,41.890086185789,-87.630320194274,sited
Marc and Jeanne Malnati Family Foundation INC,2024,COLLABORACTION,5937 W BYRON ST,CHICAGO,IL,60634,30000,GENERAL,990-PF,41.951170573441,-87.775182302485,sited
Marc and Jeanne Malnati Family Foundation INC,2024,CWIP,400 E RANDOLPH ST,CHICAGO,IL,60601,3000,GENERAL,990-PF,41.884601677652,-87.616570492729,sited
Marc and Jeanne Malnati Family Foundation INC,2024,GARFIELD PARK RITE TO WELLNESS COLLABORATIVE,4349 W WASHINGTON BLVD,CHICAGO,IL,60624,100000,GENERAL,990-PF,41.881885150527,-87.734266748067,sited
Marc and Jeanne Malnati Family Foundation INC,2024,GIRL FORWARD,PO BOX 607516,CHICAGO,IL,60660,3000,GENERAL OPERATING,990-PF,,,intermediary_or_citywide
Marc and Jeanne Malnati Family Foundation INC,2024,HOLY FAMILY,3415 W ARTHINGTON,CHICAGO,IL,60624,5000,GENERAL,990-PF,41.869943218252,-87.710960134477,sited
Marc and Jeanne Malnati Family Foundation INC,2024,ILLINOIS HUMANITIES,125 S CLARK ST STE 650,CHICAGO,IL,60603,504,GENERAL,990-PF,41.879894571142,-87.630755983561,sited
Marc and Jeanne Malnati Family Foundation INC,2024,INSTITUTE FOR NONVIOLENCE CHICAGO,PO BOX 51490,CHICAGO,IL,60651,30000,GENERAL,990-PF,,,intermediary_or_citywide
Marc and Jeanne Malnati Family Foundation INC,2024,INSTITUTE FOR NONVIOLENCE CHICAGO,819 N LEAMINGTON AVE,CHICAGO,IL,60651,949,GENERAL,990-PF,41.895722281342,-87.754319486251,sited
Marc and Jeanne Malnati Family Foundation INC,2024,JACKSON CHANCE FOUNDATION,1953 N CLYBOURN AVE,CHICAGO,IL,60614,2500,GENERAL,990-PF,41.916887489197,-87.657741178042,sited
Marc and Jeanne Malnati Family Foundation INC,2024,JUSTICE JOURNEY ALLIANCE,25 E WASHINGTON ST,CHICAGO,IL,60622,25104,GENERAL,990-PF,41.883162849634,-87.626490086268,sited
Marc and Jeanne Malnati Family Foundation INC,2024,JUSTICE JOURNEY ALLIANCE,25 E WASHINGTON ST,CHICAGO,IL,60622,1501,GENERAL SUPPORT,990-PF,41.883162849634,-87.626490086268,sited
Marc and Jeanne Malnati Family Foundation INC,2024,LAWNDALE COMMUNITY CHURCH,3827 W OGDEN AVE,CHICAGO,IL,60623,10000,GENERAL OPERATING,990-PF,41.852322254671,-87.720587369513,sited
Marc and Jeanne Malnati Family Foundation INC,2024,LEADERSHIP GREATER CHICAGO,303 E WACKER DR,CHICAGO,IL,60601,2073,GENERAL,990-PF,41.887748427515,-87.620522089915,sited
Marc and Jeanne Malnati Family Foundation INC,2024,LEADERSHIP GREATER CHICAGO,111 E WACKER DRIVE,CHICAGO,IL,60601,1684,GENERAL,990-PF,41.888139848633,-87.623818054576,sited
Marc and Jeanne Malnati Family Foundation INC,2024,METROPOLITAN FAMILY SERVICES,1 N DEARBORN AVE,CHICAGO,IL,60602,50000,GENERAL,990-PF,41.882053441379,-87.629326293506,sited
Marc and Jeanne Malnati Family Foundation INC,2024,MIKVA CHALLENGE,200 S MICHIGAN AVE,CHICAGO,IL,60604,20000,GENERAL,990-PF,41.879498661338,-87.624506074574,sited
Marc and Jeanne Malnati Family Foundation INC,2024,MISERCORDIA,6300 N RIDGE AVE,CHICAGO,IL,60660,5106,GENERAL OPERATING,990-PF,41.995584734896,-87.675806161321,sited
Marc and Jeanne Malnati Family Foundation INC,2024,NATIONAL LOUIS UNIVERSITY,122 S MICHIGAN AVE,CHICAGO,IL,60603,50000,GENERAL,990-PF,41.880302594059,-87.624513078081,intermediary_or_citywide
Marc and Jeanne Malnati Family Foundation INC,2024,NORTH LAWNDALE EMPLOYMENT NETWORK,1111 S HOMAN,CHICAGO,IL,60624,25000,GENERAL,990-PF,41.868032616251,-87.71051735824,sited
Marc and Jeanne Malnati Family Foundation INC,2024,NORTHWESTERN MEMORIAL FDN,541 NORTH FAIRBANKS COURT,CHICAGO,IL,60611,217500,GENERAL FUNDS,990-PF,41.89214113481,-87.620164916817,sited
Marc and Jeanne Malnati Family Foundation INC,2024,NORTHWESTERN UNIVERSITY,420 E SUPERIOR ST,CHICAGO,IL,60611,5000,MESULAM CENTER,990-PF,41.895881974597,-87.618900321423,intermediary_or_citywide
Marc and Jeanne Malnati Family Foundation INC,2024,ONE ON ONE,4655 S KING DR,CHICAGO,IL,60653,60000,GENERAL OPERATING,990-PF,41.809975479639,-87.61626727795,sited
Marc and Jeanne Malnati Family Foundation INC,2024,ONEGOAL,PO BOX 734137,CHICAGO,IL,60673,25000,GENERAL OPERATING,990-PF,,,intermediary_or_citywide
Marc and Jeanne Malnati Family Foundation INC,2024,REFUGEE ONE,5705 N LINCOLN AVE,CHICAGO,IL,60659,40000,GENERAL OPERATING,990-PF,41.985170641501,-87.698477343582,sited
Marc and Jeanne Malnati Family Foundation INC,2024,SALVATION ARMY,5040 N PULASKI RD,CHICAGO,IL,60630,563,GENERAL,990-PF,41.97256606672,-87.728228946784,sited
Marc and Jeanne Malnati Family Foundation INC,2024,SOUL CITY CHURCH,1150 W ADAMS ST,CHICAGO,IL,60607,10000,GENERAL OPERATING,990-PF,41.87913253525,-87.655859366441,sited
Marc and Jeanne Malnati Family Foundation INC,2024,STEPPING STONES,1200 W 35TH ST 218,CHICAGO,IL,60609,5145,GENERAL,990-PF,41.830680444473,-87.655806470223,sited
Marc and Jeanne Malnati Family Foundation INC,2024,SYLVIA WOODS - JOSEPHINE WYATT & CLARICE DURHAM MEMORIAL FOUNDATION,1953 N CLYBOURN AVE,CHICAGO,IL,60614,5000,GENERAL,990-PF,41.916887489197,-87.657741178042,sited
Marc and Jeanne Malnati Family Foundation INC,2024,THE CHICAGO COMMUNITY TRUST,225 N MICHIGAN AVENUE,CHICAGO,IL,60601,255000,GENERAL,990-PF,41.886567067898,-87.624456678273,intermediary_or_citywide
Marc and Jeanne Malnati Family Foundation INC,2024,THE EAGLE ALLIANCE MOVEMENT,1746 S MILLER ST,CHICAGO,IL,60608,3090,GENERAL,990-PF,41.859323268201,-87.652304507144,sited
Marc and Jeanne Malnati Family Foundation INC,2024,THE SALVATION ARMY CHICAGO,5040 N PULASKI ROAD,CHICAGO,IL,60630,90000,GENERAL,990-PF,41.97256606672,-87.728228946784,sited
Marc and Jeanne Malnati Family Foundation INC,2024,UCAN,3605 W FILMORE,CHICAGO,IL,60624,30000,GENERAL OPERATING,990-PF,,,intermediary_or_citywide
Marc and Jeanne Malnati Family Foundation INC,2024,UNITED WAY OF METRO CHICAGO,231196 MOMENTUM PLACE,CHICAGO,IL,60689,30000,COMMUNITY LEADERSHIP FELLOWS,990-PF,,,intermediary_or_citywide
Marc and Jeanne Malnati Family Foundation INC,2024,WELL RESOURCE CENTER NFP,6160 W HIGGINS AVE,CHICAGO,IL,60630,2000,GENERAL,990-PF,41.974532868228,-87.782244098851,sited
Marc and Jeanne Malnati Family Foundation INC,2024,WOODLAWN RESTORATIVE JUSTICE HUB IN,602 E 61 ST,CHICAGO,IL,60628,5255,GENERAL,990-PF,41.784029393304,-87.610781396885,sited
Marc and Jeanne Malnati Family Foundation INC,2024,WTTW CHICAGO,5400 N ST LOUIS AVE,CHICAGO,IL,60625,10000,GENERAL,990-PF,41.979387355038,-87.716147207409,sited
Harold B Smith Foundation,2021,NEWBERRY LIBRARY,60 WEST WALTON STREET,CHICAGO,IL,60610,1000631,PRESIDENT'S DISCRETIONARY FUND,990-PF,41.899859574468,-87.630394134617,sited
Harold B Smith Foundation,2021,NEWBERRY LIBRARY,60 WEST WALTON STREET,CHICAGO,IL,60610,812223,PRESIDENT'S DISCRETIONARY FUND,990-PF,41.899859574468,-87.630394134617,sited
Harold B Smith Foundation,2023,NEWBERRY LIBRARY,60 WEST WALTON STREET,CHICAGO,IL,60610,498314,PRESIDENT'S DISCRETIONARY FUND,990-PF,41.899859574468,-87.630394134617,sited
Harold B Smith Foundation,2023,NEWBERRY LIBRARY,60 WEST WALTON STREET,CHICAGO,IL,60610,506661,PRESIDENT'S DISCRETIONARY FUND,990-PF,41.899859574468,-87.630394134617,sited
Bryan Cressey and Iliana Sweis Foundation,2021,ABOVE BEYOND FAMILY RECOVERY CENTER,2942 W LAKE STREET,CHICAGO,IL,60612,964648,UNRESTRICTED USE,990-PF,41.884174400887,-87.699901322273,sited
Bryan Cressey and Iliana Sweis Foundation,2021,ADLER PLANETARIUM,1300 S LAKE SHORE DRIVE,CHICAGO,IL,60605,25000,UNRESTRICTED USE,990-PF,41.866443548114,-87.613933402484,intermediary_or_citywide
Bryan Cressey and Iliana Sweis Foundation,2021,CHICAGO SHAKESPEARE THEATER,800 E GRAND AVE,CHICAGO,IL,60611,10000,UNRESTRICTED USE,990-PF,41.892187438564,-87.609927254642,sited
Bryan Cressey and Iliana Sweis Foundation,2021,EPISCOPAL CHARITIES,65 E HURON ST,CHICAGO,IL,60611,20000,UNRESTRICTED USE,990-PF,41.89483741247,-87.626727731127,sited
Bryan Cressey and Iliana Sweis Foundation,2021,JUNIOR ACHIEVEMENT,651 W WASHINGTON BLVD 404,CHICAGO,IL,60661,5000,UNRESTRICED USE,990-PF,41.883104198314,-87.644697339863,sited
Bryan Cressey and Iliana Sweis Foundation,2021,ST JAMES CATHEDRAL,65 E HURON ST,CHICAGO,IL,60611,170000,UNRESTRICTED USE,990-PF,41.89483741247,-87.626727731127,sited
Bryan Cressey and Iliana Sweis Foundation,2021,EPISCOPAL DIOCESE OF CHICAGO,65 E HURON ST,CHICAGO,IL,60611,5000,UNRESTRICTED USE,990-PF,41.89483741247,-87.626727731127,sited
Bryan Cressey and Iliana Sweis Foundation,2021,DEPRESSION AND BIPOLAR SUPPORT ALLI,55 E JACKSON BLVD SUITE 490,CHICAGO,IL,60604,40000,UNRESTRICTED USE,990-PF,41.878186887212,-87.626002494406,sited
Bryan Cressey and Iliana Sweis Foundation,2021,IMMERMANS ANGELS,205 W RANDOLPH ST 19TH FLOOR,CHICAGO,IL,60606,1000,UNRESTRICTED USE,990-PF,41.884413849839,-87.634026677031,sited
Bryan Cressey and Iliana Sweis Foundation,2021,CARA,237 S DES PLAINES ST,CHICAGO,IL,60661,4500,UNRESTRICTED,990-PF,41.879011277991,-87.643957283452,sited
Bryan Cressey and Iliana Sweis Foundation,2021,SOUTH SHORE CHAMBER OF COMMERCE,1750 E 71ST STREET,CHICAGO,IL,60649,10000,UNRESTRICTED,990-PF,41.766226271249,-87.581806160225,sited
Bryan Cressey and Iliana Sweis Foundation,2022,ABOVE BEYOND FAMILY RECOVERY CENTER,2942 W LAKE STREET,CHICAGO,IL,60612,1252554,UNRESTRICTED USE,990-PF,41.884174400887,-87.699901322273,sited
Bryan Cressey and Iliana Sweis Foundation,2022,ADLER PLANETARIUM,1300 S LAKE SHORE DRIVE,CHICAGO,IL,60605,25000,UNRESTRICTED USE,990-PF,41.866443548114,-87.613933402484,intermediary_or_citywide
Bryan Cressey and Iliana Sweis Foundation,2022,EPISCOPAL CHARITIES,65 E HURON ST,CHICAGO,IL,60611,20000,UNRESTRICTED USE,990-PF,41.89483741247,-87.626727731127,sited
Bryan Cressey and Iliana Sweis Foundation,2022,JUNIOR ACHIEVEMENT,651 W WASHINGTON BLVD 404,CHICAGO,IL,60661,25000,UNRESTRICED USE,990-PF,41.883104198314,-87.644697339863,sited
Bryan Cressey and Iliana Sweis Foundation,2022,RUSH UNIVERSITY MEDICAL CENTER,1620 W HARRISON ST,CHICAGO,IL,60612,10000,UNRESTRICTED USE,990-PF,41.874246325946,-87.667749960708,intermediary_or_citywide
Bryan Cressey and Iliana Sweis Foundation,2022,ST JAMES CATHEDRAL CHURCH,65 E HURON ST,CHICAGO,IL,60611,75000,UNRESTRICTED USE,990-PF,41.89483741247,-87.626727731127,sited
Bryan Cressey and Iliana Sweis Foundation,2022,DEPRESSION AND BIPOLAR SUPPORT ALLI,55 E JACKSON BLVD SUITE 490,CHICAGO,IL,60604,40000,UNRESTRICTED USE,990-PF,41.878186887212,-87.626002494406,sited
Bryan Cressey and Iliana Sweis Foundation,2022,IMMERMANS ANGELS,205 W RANDOLPH ST 19TH FLOOR,CHICAGO,IL,60606,1500,UNRESTRICTED USE,990-PF,41.884413849839,-87.634026677031,sited
Bryan Cressey and Iliana Sweis Foundation,2022,REVIVE CENTER FOR HOUSING AND HEALI,1668 W OGDEN AVE,CHICAGO,IL,60612,100000,UNRESTRICTED,990-PF,41.879338246697,-87.668775241749,sited
Bryan Cressey and Iliana Sweis Foundation,2022,UNIVERSITY OF IL COLLEGE OF MEDICIN,1747 W ROOSEVELT ROAD SUITE 302,CHICAGO,IL,60608,50000,UNRESTRICTED,990-PF,,,intermediary_or_citywide
Bryan Cressey and Iliana Sweis Foundation,2023,ABOVE BEYOND FAMILY RECOVERY CENTER,2942 W LAKE STREET,CHICAGO,IL,60612,1339648,UNRESTRICTED USE,990-PF,41.884174400887,-87.699901322273,sited
Bryan Cressey and Iliana Sweis Foundation,2023,ADLER PLANETARIUM,1300 S LAKE SHORE DRIVE,CHICAGO,IL,60605,25000,UNRESTRICTED USE,990-PF,41.866443548114,-87.613933402484,intermediary_or_citywide
Bryan Cressey and Iliana Sweis Foundation,2023,EPISCOPAL CHARITIES,65 E HURON ST,CHICAGO,IL,60611,20000,UNRESTRICTED USE,990-PF,41.89483741247,-87.626727731127,sited
Bryan Cressey and Iliana Sweis Foundation,2023,UIC CRANIOFACIAL INSTITUTE,811 S PAULINA ST,CHICAGO,IL,60612,50000,UNRESTRICTED USE,990-PF,41.871444137339,-87.668953589303,sited
Bryan Cressey and Iliana Sweis Foundation,2023,ST LEONARD'S MINISTRIES,2100 W WARREN BLVD,CHICAGO,IL,60612,5000,UNRESTRICED USE,990-PF,41.882251444119,-87.6791781919,sited
Bryan Cressey and Iliana Sweis Foundation,2023,JUNIOR ACHIEVEMENT,651 W WASHINGTON BLVD 404,CHICAGO,IL,60661,20000,UNRESTRICED USE,990-PF,41.883104198314,-87.644697339863,sited
Bryan Cressey and Iliana Sweis Foundation,2023,RUSH UNIVERSITY MEDICAL CENTER,1620 W HARRISON ST,CHICAGO,IL,60612,10000,UNRESTRICTED USE,990-PF,41.874246325946,-87.667749960708,intermediary_or_citywide
Bryan Cressey and Iliana Sweis Foundation,2023,REVIVE CENTER FOR HOUSING AND HEALI,1668 W OGDEN AVE,CHICAGO,IL,60612,25000,UNRESTRICTED USE,990-PF,41.879338246697,-87.668775241749,sited
Bryan Cressey and Iliana Sweis Foundation,2023,LA RABIDA CHILDREN'S HOSPITAL,3520 S MORGAN STREET,CHICAGO,IL,60609,5000,UNRESTRICTED USE,990-PF,41.830087466076,-87.65103111653,sited
Bryan Cressey and Iliana Sweis Foundation,2023,ABOVE AND BEYOND FREE FOOD PANTRY,817 S PULASKI ROAD,CHICAGO,IL,60624,5000,UNRESTRICTED,990-PF,41.87042146062,-87.7252545894,sited
Bryan Cressey and Iliana Sweis Foundation,2024,ABOVE BEYOND FAMILY RECOVERY CENTER,2942 W LAKE STREET,CHICAGO,IL,60612,1289497,UNRESTRICTED USE,990-PF,41.884174400887,-87.699901322273,sited
Bryan Cressey and Iliana Sweis Foundation,2024,ADLER PLANETARIUM,1300 S LAKE SHORE DRIVE,CHICAGO,IL,60605,25000,UNRESTRICTED USE,990-PF,41.866443548114,-87.613933402484,intermediary_or_citywide
Bryan Cressey and Iliana Sweis Foundation,2024,EPISCOPAL CHARITIES,65 E HURON ST,CHICAGO,IL,60611,10000,UNRESTRICTED USE,990-PF,41.89483741247,-87.626727731127,sited
Bryan Cressey and Iliana Sweis Foundation,2024,JUNIOR ACHIEVEMENT,651 W WASHINGTON BLVD 404,CHICAGO,IL,60661,20000,UNRESTRICED USE,990-PF,41.883104198314,-87.644697339863,sited
Bryan Cressey and Iliana Sweis Foundation,2024,RUSH UNIVERSITY MEDICAL CENTER,1620 W HARRISON ST,CHICAGO,IL,60612,5000,UNRESTRICTED USE,990-PF,41.874246325946,-87.667749960708,intermediary_or_citywide
Bryan Cressey and Iliana Sweis Foundation,2024,ST JAMES CATHEDRAL CHURCH,65 E HURON ST,CHICAGO,IL,60611,160000,UNRESTRICTED USE,990-PF,41.89483741247,-87.626727731127,sited
Bryan Cressey and Iliana Sweis Foundation,2024,EPISCOPAL DIOCESE OF CHICAGO,65 E HURON ST,CHICAGO,IL,60611,5000,UNRESTRICTED USE,990-PF,41.89483741247,-87.626727731127,sited
Bryan Cressey and Iliana Sweis Foundation,2024,REVIVE CENTER FOR HOUSING AND HEALI,1668 W OGDEN AVE,CHICAGO,IL,60612,25000,UNRESTRICTED USE,990-PF,41.879338246697,-87.668775241749,sited
Bryan Cressey and Iliana Sweis Foundation,2024,IMMERMANS ANGELS,205 W RANDOLPH ST 19TH FLOOR,CHICAGO,IL,60606,2000,UNRESTRICTED USE,990-PF,41.884413849839,-87.634026677031,sited
Bryan Cressey and Iliana Sweis Foundation,2024,COVENANT HOUSE,2934 W LAKE ST,CHICAGO,IL,60612,1000,UNRESTRICTED USE,990-PF,41.884181278627,-87.699713330473,sited
Bryan Cressey and Iliana Sweis Foundation,2024,THE DEPARTMENT OF GLOBAL SURGERY,5841 S MARYLAND AVE,CHICAGO,IL,60637,40000,UNRESTRICTED,990-PF,41.78877397345,-87.604857148474,sited
Krehbiel Family Foundation,2021,The Civic Federation,10 North Dearborn Street Suite 800,CHICAGO,IL,60602,25000,General Support,990-PF,41.882093407784,-87.629480206316,intermediary_or_citywide
Krehbiel Family Foundation,2021,Civic Consulting Alliance,21 South Clark Street Suite 4301,CHICAGO,IL,60603,25000,General Support,990-PF,41.881923760895,-87.630803072709,sited
Krehbiel Family Foundation,2021,Big Shoulders Fund,212 West Van Buren Suite 900,CHICAGO,IL,60607,2500,General Support,990-PF,41.876900811278,-87.633848353417,intermediary_or_citywide
Krehbiel Family Foundation,2021,Francis W Parker School,330 West Webster Avenue,CHICAGO,IL,60614,10000,General Support,990-PF,41.922033597766,-87.637843024581,sited
Krehbiel Family Foundation,2021,Academy for Global Citizenship,4647 West 47th Street,CHICAGO,IL,60632,2500,General Support,990-PF,41.807607136609,-87.739792903484,sited
Krehbiel Family Foundation,2021,High Jump,59 W North Blvd,CHICAGO,IL,60610,20000,General Support,990-PF,41.911134845101,-87.631150920448,sited
Krehbiel Family Foundation,2021,A Better Chicago,200 West Madison Street 3rd Floor,CHICAGO,IL,60606,25000,General Support,990-PF,41.881999441643,-87.633899204958,sited
Krehbiel Family Foundation,2021,A Better Chicago,200 West Madison Street 3rd Floor,CHICAGO,IL,60606,50000,General Support,990-PF,41.881999441643,-87.633899204958,sited
Krehbiel Family Foundation,2021,Ann Robert H Lurie Childrens Hospit,225 East Chicago Avenue 282,CHICAGO,IL,60611,20000,General Support,990-PF,41.896693751301,-87.622923905467,sited
Krehbiel Family Foundation,2021,Art Institute of Chicago,111 South Michigan Ave,CHICAGO,IL,60603,100000,General Support,990-PF,41.880649213362,-87.624171570115,sited
Krehbiel Family Foundation,2021,Chicago Shakespeare Theater,800 East Grand on Navy Pier,CHICAGO,IL,60611,2500,General Support,990-PF,,,intermediary_or_citywide
Krehbiel Family Foundation,2021,Columbia College Chicago,600 S Michigan Ave Suite 400,CHICAGO,IL,60605,10000,General Support,990-PF,41.892612530712,-87.624342803439,intermediary_or_citywide
Krehbiel Family Foundation,2021,Chicago Blackhawks Foundation,680 N Lake Shore Drive 19th Floor,CHICAGO,IL,60611,2500,General Support,990-PF,41.901478163183,-87.624302784811,intermediary_or_citywide
Krehbiel Family Foundation,2021,Chicago Parks Foundation,541 N Fairbanks Court,CHICAGO,IL,60611,100000,General Support,990-PF,41.89214113481,-87.620164916817,intermediary_or_citywide
Krehbiel Family Foundation,2022,Civic Federation,10 North Dearborn Street Suite 800,CHICAGO,IL,60602,25000,General Support,990-PF,41.882093407784,-87.629480206316,intermediary_or_citywide
Krehbiel Family Foundation,2022,Civic Consulting Alliance,21 South Clark Street Suite 4301,CHICAGO,IL,60603,25000,General Support,990-PF,41.881923760895,-87.630803072709,sited
Krehbiel Family Foundation,2022,Big Shoulders Fund,212 West Van Buren Suite 900,CHICAGO,IL,60607,2500,General Support,990-PF,41.876900811278,-87.633848353417,intermediary_or_citywide
Krehbiel Family Foundation,2022,Francis W Parker School,330 West Webster Avenue,CHICAGO,IL,60614,10000,General Support,990-PF,41.922033597766,-87.637843024581,sited
Krehbiel Family Foundation,2022,High Jump,820 W Jackson Blvd Suite 310,CHICAGO,IL,60610,30000,General Support,990-PF,41.877994443118,-87.648073999333,sited
Krehbiel Family Foundation,2022,A Better Chicago,200 West Madison Street 3rd Floor,CHICAGO,IL,60606,50000,General Support,990-PF,41.881999441643,-87.633899204958,sited
Krehbiel Family Foundation,2022,Columbia College Chicago,600 S Michigan Ave Suite 400,CHICAGO,IL,60605,5000,General Support,990-PF,41.892612530712,-87.624342803439,intermediary_or_citywide
Krehbiel Family Foundation,2022,Enforcers Endowment Fund,8467 W Windsor Ave,CHICAGO,IL,60656,2500,General Support,990-PF,41.962952003139,-87.838950743959,sited
Krehbiel Family Foundation,2022,Empower Scholarship Fund,500 W Monroe St Suite 1300,CHICAGO,IL,60661,10000,General Support,990-PF,41.880647100888,-87.639725222838,intermediary_or_citywide
Krehbiel Family Foundation,2022,Art Institute of Chicago,111 South Michigan Ave,CHICAGO,IL,60603,136885,General Support,990-PF,41.880649213362,-87.624171570115,sited
Krehbiel Family Foundation,2022,The Barack Obama Foundation,PO Box 779056,CHICAGO,IL,60677,100000,General Support,990-PF,,,intermediary_or_citywide
Krehbiel Family Foundation,2022,German International School of Chic,1726 W Berteau Avenue,CHICAGO,IL,60613,10000,General Support,990-PF,41.957959430775,-87.672229181688,sited
Krehbiel Family Foundation,2022,Saint Chrysostom's Episcopal Church,1424 North Dearborn Parkway,CHICAGO,IL,60610,25000,General Support,990-PF,41.908273312029,-87.630194403631,sited
Krehbiel Family Foundation,2022,Art Institute of Chicago,111 South Michigan Avenue,CHICAGO,IL,60603,8881,General Support,990-PF,41.880649213362,-87.624171570115,sited
Krehbiel Family Foundation,2022,Chicago Council on Global Affairs,180 North Stetson Avenue Suite 140,CHICAGO,IL,60601,25000,General Support,990-PF,41.885318166121,-87.622377044363,sited
Krehbiel Family Foundation,2022,Museum of Contemporary Art,220 East Chicago Avenue,CHICAGO,IL,60611,15000,General Support,990-PF,41.896824755958,-87.621756021322,intermediary_or_citywide
Krehbiel Family Foundation,2022,Art Institute of Chicago,111 South Michigan Avenue,CHICAGO,IL,60603,50000,General Support,990-PF,41.880649213362,-87.624171570115,sited
Krehbiel Family Foundation,2022,Art Institute of Chicago,111 South Michigan Avenue,CHICAGO,IL,60603,100000,General Support,990-PF,41.880649213362,-87.624171570115,sited
Krehbiel Family Foundation,2022,Lurie Children's Foundation,225 E Chicago Ave Box 4,CHICAGO,IL,60611,20000,General Support,990-PF,41.896693751301,-87.622923905467,intermediary_or_citywide
Krehbiel Family Foundation,2023,Columbia College Chicago,600 South Michigan Avenue Suite 40,CHICAGO,IL,60605,5000,General Support,990-PF,41.892612530712,-87.624342803439,intermediary_or_citywide
Krehbiel Family Foundation,2023,Chicago Rowing Foundation,3400 N Rockwell St,CHICAGO,IL,60618,10000,General Support,990-PF,41.94634192312,-87.694206037404,intermediary_or_citywide
Krehbiel Family Foundation,2023,Civic Consulting Alliance,21 S Clark Street Suite 4301,CHICAGO,IL,60603,2500,General Support,990-PF,41.881923760895,-87.630803072709,sited
Krehbiel Family Foundation,2023,Civic Federation,10 N Dearborn Street Suite 800,CHICAGO,IL,60602,2500,General Support,990-PF,41.882093407784,-87.629480206316,intermediary_or_citywide
Krehbiel Family Foundation,2023,Empower Scholarship Fund,500 W Monroe Suite 1300,CHICAGO,IL,60661,10000,General Support,990-PF,41.880647100888,-87.639725222838,intermediary_or_citywide
Krehbiel Family Foundation,2023,Francis W Parker School,330 West Webster Avenue,CHICAGO,IL,60614,10000,General Support,990-PF,41.922033597766,-87.637843024581,sited
Krehbiel Family Foundation,2023,Kids First Chicago,21 S Clark St Ste 4301,CHICAGO,IL,60603,2500,General Support,990-PF,41.881923760895,-87.630803072709,sited
Krehbiel Family Foundation,2023,High Jump,820 W Jackson Blvd Suite 310,CHICAGO,IL,60607,10000,General Support,990-PF,41.877994443118,-87.648073999333,sited
Krehbiel Family Foundation,2023,High Jump,820 W Jackson Blvd Suite 310,CHICAGO,IL,60607,5000,General Support,990-PF,41.877994443118,-87.648073999333,sited
Krehbiel Family Foundation,2023,High Jump,820 W Jackson Blvd Suite 310,CHICAGO,IL,60607,15000,General Support,990-PF,41.877994443118,-87.648073999333,sited
Krehbiel Family Foundation,2023,Evergreen Climate Innovations,400 N Aberdeen St Ste 900,CHICAGO,IL,60642,10000,General Support,990-PF,41.889036308362,-87.654645699351,sited
Krehbiel Family Foundation,2023,Hope Chicago,25 Broadway 12th Floor,CHICAGO,IL,60601,5000,General Support,990-PF,,,intermediary_or_citywide
Krehbiel Family Foundation,2023,Navy Pier Inc,600 E Grand Ave,CHICAGO,IL,60611,1000,General Support,990-PF,41.891284002437,-87.644451568887,intermediary_or_citywide
Krehbiel Family Foundation,2023,Uniting Voices Chicago,Chicago Cultural Center 78 E Washin,CHICAGO,IL,60602,1000,General Support,990-PF,,,intermediary_or_citywide
Krehbiel Family Foundation,2023,Museum Of Contemporary Art Chicago,220 E Chicago Ave,CHICAGO,IL,60611,15000,General Support,990-PF,41.896824755958,-87.621756021322,sited
Krehbiel Family Foundation,2023,Art Institute of Chicago,111 South Michigan Avenue,CHICAGO,IL,60603,50000,General Support,990-PF,41.880649213362,-87.624171570115,sited
Krehbiel Family Foundation,2023,The Arts Club Of Chicago,201 E Ontario St,CHICAGO,IL,60611,50000,General Support,990-PF,41.893307276943,-87.622641907347,sited
Krehbiel Family Foundation,2023,A Better Chicago,200 W Madison Street 3rd Floor,CHICAGO,IL,60606,50000,General Support,990-PF,41.881999441643,-87.633899204958,sited
Krehbiel Family Foundation,2023,Lurie Childrens Hospital Of Chicago,225 East Chicago Avenue 282,CHICAGO,IL,60611,20000,General Support,990-PF,41.896693751301,-87.622923905467,intermediary_or_citywide
Krehbiel Family Foundation,2023,Columbia College Chicago,600 S Michigan Ave,CHICAGO,IL,60605,50000,General Support,990-PF,41.892612530712,-87.624342803439,intermediary_or_citywide
Bluespruce Foundation,2021,LURIE CHILDREN'S HOSPITAL OF CHICAGO FOUNDATION,222 EAST CHICAGO AVENUE BOX 4,CHICAGO,IL,606112991,5000,GENERAL SUPPORT,990-PF,41.896825784312,-87.621722599748,intermediary_or_citywide
Bluespruce Foundation,2021,THE URBAN ALLIANCE FOUNDATION INC,226 S WABASH AVE SUITE 400,CHICAGO,IL,60604,3750,GENERAL SUPPORT,990-PF,41.879462347482,-87.626202131819,intermediary_or_citywide
Bluespruce Foundation,2021,LATIN SCHOOL OF CHICAGO,59 W NORTH BLVD,CHICAGO,IL,60610,5000,GENERAL SUPPORT,990-PF,41.911134845101,-87.631150920448,sited
Bluespruce Foundation,2021,LURIE CHILDREN'S HOSPITAL OF CHICAGO FOUNDATION,222 EAST CHICAGO AVENUE BOX 4,CHICAGO,IL,606112991,500,GENERAL SUPPORT,990-PF,41.896825784312,-87.621722599748,intermediary_or_citywide
Bluespruce Foundation,2021,INJUSTICE WATCH,55 E JACKSON BLVD STE 640,CHICAGO,IL,60604,5000,GENERAL SUPPORT,990-PF,41.878186887212,-87.626002494406,sited
Bluespruce Foundation,2022,LURIE CHILDREN'S HOSPITAL OF CHICAGO FOUNDATION,222 EAST CHICAGO AVENUE BOX 4,CHICAGO,IL,606112991,5000,GENERAL SUPPORT,990-PF,41.896825784312,-87.621722599748,intermediary_or_citywide
Bluespruce Foundation,2022,LAKESIDE PRIDE MUSIC ENSEMBLES,3656 N HALSTED STREET,CHICAGO,IL,60613,5000,GENERAL SUPPORT,990-PF,41.947887176906,-87.649583423594,sited
Bluespruce Foundation,2022,FRIENDS OF FIDF,29 E MADISON ST,CHICAGO,IL,60602,5000,GENERAL SUPPORT,990-PF,41.882019849846,-87.626770185583,sited
Bluespruce Foundation,2022,LURIE CHILDREN'S HOSPITAL OF CHICAGO FOUNDATION,222 EAST CHICAGO AVENUE BOX 4,CHICAGO,IL,606112991,2500,GENERAL SUPPORT,990-PF,41.896825784312,-87.621722599748,intermediary_or_citywide
Bluespruce Foundation,2022,HENRY SCHUELER 41 & 9 FOUNDATION,6879 NORTH WILDWOOD,CHICAGO,IL,60645,500,GENERAL SUPPORT,990-PF,42.006254635409,-87.774072182934,sited
Bluespruce Foundation,2022,INJUSTICE WATCH,55 E JACKSON BLVD STE 640,CHICAGO,IL,60604,5000,GENERAL SUPPORT,990-PF,41.878186887212,-87.626002494406,sited
Bluespruce Foundation,2023,LURIE CHILDREN'S HOSPITAL OF CHICAGO FOUNDATION,222 EAST CHICAGO AVENUE BOX 4,CHICAGO,IL,606112991,7500,GENERAL SUPPORT,990-PF,41.896825784312,-87.621722599748,intermediary_or_citywide
Bluespruce Foundation,2023,INJUSTICE WATCH,55 E JACKSON BLVD STE 640,CHICAGO,IL,60604,5000,GENERAL SUPPORT,990-PF,41.878186887212,-87.626002494406,sited
Bluespruce Foundation,2023,HENRY SCHUELER 41 & 9 FOUNDATION,6879 NORTH WILDWOOD,CHICAGO,IL,60645,500,GENERAL SUPPORT,990-PF,42.006254635409,-87.774072182934,sited
Bluespruce Foundation,2023,MARY MEYER SCHOOL,2817 N PINE GROVE AVE,CHICAGO,IL,60657,5000,GENERAL SUPPORT,990-PF,41.933444393635,-87.641297535873,sited
Bluespruce Foundation,2024,HAYMARKET OPERA COMPANY NFP,1920 N SEMINARY AVE SUITE 1F,CHICAGO,IL,60614,5000,GENERAL SUPPORT,990-PF,41.916627441882,-87.655450564606,sited
Bluespruce Foundation,2024,LURIE CHILDREN'S HOSPITAL OF CHICAGO FOUNDATION,222 EAST CHICAGO AVENUE BOX 4,CHICAGO,IL,606112991,2500,GENERAL SUPPORT,990-PF,41.896825784312,-87.621722599748,intermediary_or_citywide
Bluespruce Foundation,2024,HENRY SCHUELER 41 & 9 FOUNDATION,6879 NORTH WILDWOOD,CHICAGO,IL,60645,1000,GENERAL SUPPORT,990-PF,42.006254635409,-87.774072182934,sited
Bluespruce Foundation,2024,MARY MEYER SCHOOL,2817 N PINE GROVE AVE,CHICAGO,IL,60657,6000,GENERAL SUPPORT,990-PF,41.933444393635,-87.641297535873,sited
Bluespruce Foundation,2024,THE UNIVERSITY OF CHICAGO,5807 S WOODLAWN,CHICAGO,IL,60637,500,GENERAL SUPPORT,990-PF,41.789459654102,-87.596332897418,intermediary_or_citywide
Woodward Governor Charitable Trust,2021,ERIE NEIGHBORHOOD HOUSE,1347 WEST ERIE STREET,CHICAGO,IL,60642,4600,GENERAL WELFARE,990-PF,41.893377849819,-87.661263227496,sited
Woodward Governor Charitable Trust,2021,THE CHICAGO LIGHTHOUSE FOR PEOPLE WHO ARE BLIND OR VISUALLY IMPAIRED,1850 W ROOSEVELT RD,CHICAGO,IL,60608,4250,GENERAL WELFARE,990-PF,41.866924195032,-87.672525512924,sited
Woodward Governor Charitable Trust,2021,THE LEARNING CENTER HOUSE OF CONNECTIONS,2153 S MILLARD AVE,CHICAGO,IL,60623,3750,GENERAL WELFARE,990-PF,41.852461864074,-87.716164790522,sited
Woodward Governor Charitable Trust,2021,BIG BROTHERS BIG SISTERS OF METROPOLITAN CHICAGO,560 W LAKE ST,CHICAGO,IL,60661,3400,GENERAL WELFARE,990-PF,41.885761441475,-87.642472795288,sited
Woodward Governor Charitable Trust,2021,WELL OF MERCY,6339 N FAIRFIELD AVE,CHICAGO,IL,60659,2750,GENERAL WELFARE,990-PF,41.996995031203,-87.698324312277,sited
Woodward Governor Charitable Trust,2022,ERIE NEIGHBORHOOD HOUSE,1347 WEST ERIE STREET,CHICAGO,IL,60642,6000,GENERAL WELFARE,990-PF,41.893377849819,-87.661263227496,sited
Woodward Governor Charitable Trust,2022,LADIES OF VIRTUE,1245 S MICHIGAN SUITE 149,CHICAGO,IL,60605,7000,GENERAL WELFARE,990-PF,41.866664875722,-87.623970564644,sited
Woodward Governor Charitable Trust,2022,THE CHICAGO LIGHTHOUSE FOR PEOPLE WHO ARE BLIND OR VISUALLY IMPAIRED,1850 W ROOSEVELT RD,CHICAGO,IL,60608,3000,GENERAL WELFARE,990-PF,41.866924195032,-87.672525512924,sited
Woodward Governor Charitable Trust,2022,THE LEARNING CENTER HOUSE OF CONNECTIONS,2153 S MILLARD AVE,CHICAGO,IL,60623,2500,GENERAL WELFARE,990-PF,41.852461864074,-87.716164790522,sited
Woodward Governor Charitable Trust,2023,AMERICAN BRAIN TUMOR ASSOCIATION,8550 W BRYN MAWR AVE STE 550,CHICAGO,IL,60631,1800,MEDICAL,990-PF,41.981087941159,-87.840996608175,sited
Woodward Governor Charitable Trust,2023,BIG BROTHERS BIG SISTERS OF METROPOLITAN CHICAGO,560 W LAKE ST 5TH FLOOR,CHICAGO,IL,60661,2500,GENERAL WELFARE,990-PF,41.885761441475,-87.642472795288,sited
Woodward Governor Charitable Trust,2023,ERIE NEIGHBORHOOD HOUSE,1347 WEST ERIE STREET,CHICAGO,IL,60642,4500,GENERAL WELFARE,990-PF,41.893377849819,-87.661263227496,sited
Woodward Governor Charitable Trust,2023,LADIES OF VIRTUE,1245 S MICHIGAN SUITE 149,CHICAGO,IL,60605,1500,GENERAL WELFARE,990-PF,41.866664875722,-87.623970564644,sited
Woodward Governor Charitable Trust,2023,SAFE FAMILIES FOR CHILDREN ALLIANCE,4300 WEST IRVING PARK ROAD,CHICAGO,IL,60641,7500,GENERAL WELFARE,990-PF,41.953612435052,-87.735513754276,sited
Woodward Governor Charitable Trust,2023,THE CHICAGO LIGHTHOUSE FOR PEOPLE WHO ARE BLIND OR VISUALLY IMPAIRED,1850 W ROOSEVELT RD,CHICAGO,IL,60608,3400,GENERAL WELFARE,990-PF,41.866924195032,-87.672525512924,sited
Woodward Governor Charitable Trust,2023,THE LEARNING CENTER HOUSE OF CONNECTIONS,2153 S MILLARD AVE,CHICAGO,IL,60623,3000,GENERAL WELFARE,990-PF,41.852461864074,-87.716164790522,sited
Woodward Governor Charitable Trust,2023,WRIGHT WAY ASSOCIATION - WRSA,1074 W TAYLOR ST,CHICAGO,IL,60607,3700,GENERAL WELFARE,990-PF,41.869521180747,-87.653696964616,sited
Woodward Governor Charitable Trust,2024,Big Brothers Big Sisters of Metropolitan Chicago,560 W Lake Street 5th Floor,CHICAGO,IL,60661,3000,General operating support,990-PF,41.885761441475,-87.642472795288,sited
Woodward Governor Charitable Trust,2024,Erie Neighborhood House,1347 West Erie Street,CHICAGO,IL,60642,5500,General operating support,990-PF,41.893377849819,-87.661263227496,sited
Woodward Governor Charitable Trust,2024,Foster Progress,4422 N Ravenswood Avenue 22,CHICAGO,IL,60640,6000,General operating support,990-PF,41.961958446904,-87.674608871962,sited
Woodward Governor Charitable Trust,2024,The Learning Center House of Connections,2153 S Millard Avenue,CHICAGO,IL,60623,3500,General operating support,990-PF,41.852461864074,-87.716164790522,sited
Louise H Neuhoff Charitable Trust,2023,THE HICKMAN FUND DAF CHICAGO COMMUNITY TRUST,33 S STATE STREET SUITE 750,CHICAGO,IL,60603,300000,GENERAL,990-PF,41.881652198165,-87.627682025192,intermediary_or_citywide
Louise H Neuhoff Charitable Trust,2023,NEUHOFF FAMILY FUND DAF CHICAGO COMMUNITY TRUST,33 S STATE STREET SUITE 750,CHICAGO,IL,60603,300000,GENERAL,990-PF,41.881652198165,-87.627682025192,intermediary_or_citywide
Louise H Neuhoff Charitable Trust,2023,ERIMAR FUND DAF CHICAGO COMMUNITY TRUST,33 S STATE STREET SUITE 750,CHICAGO,IL,60603,300000,GENERAL,990-PF,41.881652198165,-87.627682025192,intermediary_or_citywide
Louise H Neuhoff Charitable Trust,2024,THE HICKMAN FUND DAF CHICAGO COMMUNITY TRUST,33 S STATE STREET SUITE 750,CHICAGO,IL,60603,300000,GENERAL SUPPORT,990-PF,41.881652198165,-87.627682025192,intermediary_or_citywide
Louise H Neuhoff Charitable Trust,2024,NEUHOFF FAMILY FUND DAF CHICAGO COMMUNITY TRUST,33 S STATE STREET SUITE 750,CHICAGO,IL,60603,300000,GENERAL SUPPORT,990-PF,41.881652198165,-87.627682025192,intermediary_or_citywide
Louise H Neuhoff Charitable Trust,2024,ERIMAR FUND DAF CHICAGO COMMUNITY TRUST,33 S STATE STREET SUITE 750,CHICAGO,IL,60603,300000,GENERAL SUPPORT,990-PF,41.881652198165,-87.627682025192,intermediary_or_citywide
Robert and Penelope Steiner Family Foundation,2022,ART INSTITUTE OF CHICAGO,111 SOUTH MICHIGAN AVENUE,CHICAGO,IL,60603,500000,GENERAL FUND,990-PF,41.880649213362,-87.624171570115,sited
Robert and Penelope Steiner Family Foundation,2022,CHICAGO INTERNATIONAL FILM FESTIVAL INC CINEMA-CHICAGO,212 WEST VAN BUREN STREET,CHICAGO,IL,60607,50000,GENERAL FUND,990-PF,41.876900811278,-87.633848353417,sited
Robert and Penelope Steiner Family Foundation,2022,LUMINARTS CULTURAL FOUNDATION,65 WEST JACKSON SUITE 901,CHICAGO,IL,60604,150000,GENERAL FUND,990-PF,41.878103882453,-87.629997767922,intermediary_or_citywide
Robert and Penelope Steiner Family Foundation,2022,LYRIC OPERA OF CHICAGO,20 NORTH WACKER DRIVE 860,CHICAGO,IL,60606,500000,GENERAL FUND,990-PF,41.882191369239,-87.637100009791,sited
Robert and Penelope Steiner Family Foundation,2022,NEWBERRY LIBRARY,60 WEST WALTON STREET,CHICAGO,IL,60610,50000,GENERAL FUND,990-PF,41.899859574468,-87.630394134617,sited
Robert and Penelope Steiner Family Foundation,2022,PATRICK G AND SHIRLEY W RYAN OPERA CENTER,20 NORTH WACKER DRIVE,CHICAGO,IL,60606,100000,GENERAL FUND,990-PF,41.882191369239,-87.637100009791,sited
Robert and Penelope Steiner Family Foundation,2022,PLANNED PARENTHOOD OF ILLINOIS,18 SOUTH MICHIGAN AVENUE 6TH FLOOR,CHICAGO,IL,60607,100000,GENERAL FUND,990-PF,41.881367819857,-87.624527825232,sited
Robert and Penelope Steiner Family Foundation,2023,ART INSTITUTE OF CHICAGO,111 SOUTH MICHIGAN AVENUE,CHICAGO,IL,60603,500000,GENERAL FUND,990-PF,41.880649213362,-87.624171570115,sited
Robert and Penelope Steiner Family Foundation,2023,CHICAGO INTERNATIONAL FILM FESTIVAL INC CINEMA-CHICAGO,212 WEST VAN BUREN STREET,CHICAGO,IL,60607,50000,GENERAL FUND,990-PF,41.876900811278,-87.633848353417,sited
Robert and Penelope Steiner Family Foundation,2023,CHICAGO OPERA THEATER,410 SOUTH MICHIGAN AVENUE SUITE 404,CHICAGO,IL,60605,100000,GENERAL FUND,990-PF,41.87661684649,-87.624436493807,sited
Robert and Penelope Steiner Family Foundation,2023,CHICAGO SHAKESPEARE THEATER ON NAVY PIER,800 EAST GRAND AVENUE,CHICAGO,IL,60611,25000,GENERAL FUND,990-PF,41.892187438564,-87.609927254642,sited
Robert and Penelope Steiner Family Foundation,2023,DEFINITION THEATRE,PO BOX 378077,CHICAGO,IL,60637,25000,GENERAL FUND,990-PF,,,intermediary_or_citywide
Robert and Penelope Steiner Family Foundation,2023,GRANT PARK MUSIC FESTIVAL,PO BOX 71553,CHICAGO,IL,60694,25000,GENERAL FUND,990-PF,,,intermediary_or_citywide
Robert and Penelope Steiner Family Foundation,2023,LUMINARTS CULTURAL FOUNDATION,65 WEST JACKSON SUITE 901,CHICAGO,IL,60604,50000,GENERAL FUND,990-PF,41.878103882453,-87.629997767922,intermediary_or_citywide
Robert and Penelope Steiner Family Foundation,2023,LYRIC OPERA OF CHICAGO,20 NORTH WACKER DRIVE 860,CHICAGO,IL,60606,500000,GENERAL FUND,990-PF,41.882191369239,-87.637100009791,sited
Robert and Penelope Steiner Family Foundation,2023,NEWBERRY LIBRARY,60 WEST WALTON STREET,CHICAGO,IL,60610,50000,GENERAL FUND,990-PF,41.899859574468,-87.630394134617,sited
Robert and Penelope Steiner Family Foundation,2023,SCHOOL OF THE ART INSTITUTE OF CHICAGO,36 SOUTH WABASH AVENUE,CHICAGO,IL,60603,50000,GENERAL FUND,990-PF,41.88167964791,-87.626275657545,sited
Robert and Penelope Steiner Family Foundation,2024,ART INSTITUTE OF CHICAGO,111 SOUTH MICHIGAN AVENUE,CHICAGO,IL,60603,500000,GENERAL FUND,990-PF,41.880649213362,-87.624171570115,sited
Robert and Penelope Steiner Family Foundation,2024,CHICAGO INTERNATIONAL FILM FESTIVAL INC CINEMA-CHICAGO,212 WEST VAN BUREN STREET,CHICAGO,IL,60607,450000,GENERAL FUND,990-PF,41.876900811278,-87.633848353417,sited
Robert and Penelope Steiner Family Foundation,2024,GRANT PARK MUSIC FESTIVAL,PO BOX 71553,CHICAGO,IL,60694,50000,GENERAL FUND,990-PF,,,intermediary_or_citywide
Robert and Penelope Steiner Family Foundation,2024,LYRIC OPERA OF CHICAGO,20 NORTH WACKER DRIVE 860,CHICAGO,IL,60606,1100000,GENERAL FUND,990-PF,41.882191369239,-87.637100009791,sited
Robert and Penelope Steiner Family Foundation,2024,NEWBERRY LIBRARY,60 WEST WALTON STREET,CHICAGO,IL,60610,50000,GENERAL FUND,990-PF,41.899859574468,-87.630394134617,sited
Robert and Penelope Steiner Family Foundation,2024,THE JOFFREY BALLET,10 EAST RANDOLPH STREET,CHICAGO,IL,60601,200000,GENERAL FUND,990-PF,41.884546846461,-87.62753189865,sited
Robert and Penelope Steiner Family Foundation,2024,VIVERY COMMUNITY,351 WEST HUBBARD STREET SUITE 709,CHICAGO,IL,60654,100000,GENERAL FUND,990-PF,41.889883316038,-87.637054652602,sited
Arthur O Silver Foundation,2022,FOUNDATION FOR REALIZATION OF HUMAN POTENTIAL - NFP,445 E OHIO ST STE 370,CHICAGO,IL,60611,1900000,SOCIAL SERVICE,990-PF,41.892598712784,-87.616848509561,intermediary_or_citywide
Arthur O Silver Foundation,2022,CHRISTIAN HERITAGE TRAINING CENTER COMMUNITY CHURCH,160 E MARQUETTE RD,CHICAGO,IL,60637,100000,RELIGIOUS,990-PF,41.772932202138,-87.620616737945,sited
Arthur O Silver Foundation,2023,FOUNDATION FOR REALIZATION OF HUMAN POTENTIAL - NFP,445 E OHIO ST STE 370,CHICAGO,IL,60611,950000,SOCIAL SERVICE,990-PF,41.892598712784,-87.616848509561,intermediary_or_citywide
Arthur O Silver Foundation,2024,FOUNDATION FOR REALIZATION OF HUMAN POTENTIAL - NFP,445 E OHIO ST STE 370,CHICAGO,IL,60611,830000,SOCIAL SERVICE,990-PF,41.892598712784,-87.616848509561,intermediary_or_citywide
Arthur O Silver Foundation,2024,CHICAGO SHAKESPEARE THEATER,800 E GRAND AVE,CHICAGO,IL,60611,8000,ARTS,990-PF,41.892187438564,-87.609927254642,sited
Arthur O Silver Foundation,2024,CHRISTIAN HERITAGE TRAINING,106 E MARQUETTE RD,CHICAGO,IL,60637,25000,EDUCATION,990-PF,41.772945226515,-87.620954476529,sited
Brumfield Genrev Foundation,2023,AMERICAN HEART ASSOCIATION,300 SOUTH RIVERSIDE PLAZA,CHICAGO,IL,60606,1000,GENERAL PURPOSES,990-PF,,,intermediary_or_citywide
Brumfield Genrev Foundation,2023,MAKE-A-WISH,200 W MONROE ST STE 1801,CHICAGO,IL,60606,1000,GENERAL PURPOSES,990-PF,41.880719814776,-87.633880215174,sited
Brumfield Genrev Foundation,2024,AMERICAN HEART ASSOCIATION,300 SOUTH RIVERSIDE PLAZA,CHICAGO,IL,60606,10000,GENERAL PURPOSES,990-PF,,,intermediary_or_citywide
Brumfield Genrev Foundation,2024,ALZHEIMER'S ASSOCIATION,225 N MICHIGAN AVE FLOOR 17,CHICAGO,IL,60601,5000,GENERAL PURPOSES,990-PF,41.886567067898,-87.624456678273,sited
