legal_business_name,dba,published_municipality,county,historical_grant_amount_usd,source_url,source_version,source_status,source_precision,program_name,assistance_type,award_status,program_status,record_note
1659 INC,Caminos de Michoacan,Chicago,Cook,25000,https://dceo.illinois.gov/content/dam/soi/en/web/dceo/smallbizassistance/documents/hospitality-grant-awardees-full-list.pdf,2020-04-27,official_confirmed_awardee_list,municipality,Illinois Hospitality Emergency Grant Program,grant,historical_award,closed,Historical 2020 state emergency grant award from a closed program; not an active opportunity or an estimate of available funding. Municipality and county are source-published; no street address or ZIP is inferred.
4 T's Inc dba The Corner Pub,The Corner Pub,Valmeyer,Monroe,10000,https://dceo.illinois.gov/content/dam/soi/en/web/dceo/smallbizassistance/documents/hospitality-grant-awardees-full-list.pdf,2020-04-27,official_confirmed_awardee_list,municipality,Illinois Hospitality Emergency Grant Program,grant,historical_award,closed,Historical 2020 state emergency grant award from a closed program; not an active opportunity or an estimate of available funding. Municipality and county are source-published; no street address or ZIP is inferred.
59 north the Oasis Cafe corporation,Cairo Ale House,West Chicago,DuPage,10000,https://dceo.illinois.gov/content/dam/soi/en/web/dceo/smallbizassistance/documents/hospitality-grant-awardees-full-list.pdf,2020-04-27,official_confirmed_awardee_list,municipality,Illinois Hospitality Emergency Grant Program,grant,historical_award,closed,Historical 2020 state emergency grant award from a closed program; not an active opportunity or an estimate of available funding. Municipality and county are source-published; no street address or ZIP is inferred.
750 Cucina Rustica,,Cary,McHenry,25000,https://dceo.illinois.gov/content/dam/soi/en/web/dceo/smallbizassistance/documents/hospitality-grant-awardees-full-list.pdf,2020-04-27,official_confirmed_awardee_list,municipality,Illinois Hospitality Emergency Grant Program,grant,historical_award,closed,Historical 2020 state emergency grant award from a closed program; not an active opportunity or an estimate of available funding. Municipality and county are source-published; no street address or ZIP is inferred.
A.Sweets Girl LLC,A.Sweets Girl,Chicago,Cook,10000,https://dceo.illinois.gov/content/dam/soi/en/web/dceo/smallbizassistance/documents/hospitality-grant-awardees-full-list.pdf,2020-04-27,official_confirmed_awardee_list,municipality,Illinois Hospitality Emergency Grant Program,grant,historical_award,closed,Historical 2020 state emergency grant award from a closed program; not an active opportunity or an estimate of available funding. Municipality and county are source-published; no street address or ZIP is inferred.
Aanya Hospitality LLC,Ramada Inn,Bolingbrook,Will,25000,https://dceo.illinois.gov/content/dam/soi/en/web/dceo/smallbizassistance/documents/hospitality-grant-awardees-full-list.pdf,2020-04-27,official_confirmed_awardee_list,municipality,Illinois Hospitality Emergency Grant Program,grant,historical_award,closed,Historical 2020 state emergency grant award from a closed program; not an active opportunity or an estimate of available funding. Municipality and county are source-published; no street address or ZIP is inferred.
Abbeyfeale Inc Tin Whistle Pub,The Tin Whistle Pub,Chicago,Cook,10000,https://dceo.illinois.gov/content/dam/soi/en/web/dceo/smallbizassistance/documents/hospitality-grant-awardees-full-list.pdf,2020-04-27,official_confirmed_awardee_list,municipality,Illinois Hospitality Emergency Grant Program,grant,historical_award,closed,Historical 2020 state emergency grant award from a closed program; not an active opportunity or an estimate of available funding. Municipality and county are source-published; no street address or ZIP is inferred.
AHRVT3 INC DBA. HARVEST RESTAURANT,Harvest Restaurant,PECATONICA,Winnebago,10000,https://dceo.illinois.gov/content/dam/soi/en/web/dceo/smallbizassistance/documents/hospitality-grant-awardees-full-list.pdf,2020-04-27,official_confirmed_awardee_list,municipality,Illinois Hospitality Emergency Grant Program,grant,historical_award,closed,Historical 2020 state emergency grant award from a closed program; not an active opportunity or an estimate of available funding. Municipality and county are source-published; no street address or ZIP is inferred.
"Arlandria, LLC",,Bloomington,McLean,25000,https://dceo.illinois.gov/content/dam/soi/en/web/dceo/smallbizassistance/documents/hospitality-grant-awardees-full-list.pdf,2020-04-27,official_confirmed_awardee_list,municipality,Illinois Hospitality Emergency Grant Program,grant,historical_award,closed,Historical 2020 state emergency grant award from a closed program; not an active opportunity or an estimate of available funding. Municipality and county are source-published; no street address or ZIP is inferred.
"AZTCA Mexican Grill, LLC",,Springfield,Sangamon,25000,https://dceo.illinois.gov/content/dam/soi/en/web/dceo/smallbizassistance/documents/hospitality-grant-awardees-full-list.pdf,2020-04-27,official_confirmed_awardee_list,municipality,Illinois Hospitality Emergency Grant Program,grant,historical_award,closed,Historical 2020 state emergency grant award from a closed program; not an active opportunity or an estimate of available funding. Municipality and county are source-published; no street address or ZIP is inferred.
"BAM Ventures, Inc.",Sophie's,Crete,Will,10000,https://dceo.illinois.gov/content/dam/soi/en/web/dceo/smallbizassistance/documents/hospitality-grant-awardees-full-list.pdf,2020-04-27,official_confirmed_awardee_list,municipality,Illinois Hospitality Emergency Grant Program,grant,historical_award,closed,Historical 2020 state emergency grant award from a closed program; not an active opportunity or an estimate of available funding. Municipality and county are source-published; no street address or ZIP is inferred.
Briargate Hotel Corporation,,Galena,Jo Daviess,25000,https://dceo.illinois.gov/content/dam/soi/en/web/dceo/smallbizassistance/documents/hospitality-grant-awardees-full-list.pdf,2020-04-27,official_confirmed_awardee_list,municipality,Illinois Hospitality Emergency Grant Program,grant,historical_award,closed,Historical 2020 state emergency grant award from a closed program; not an active opportunity or an estimate of available funding. Municipality and county are source-published; no street address or ZIP is inferred.
BUCKS HOSPITALITY INC,,Bolingbrook,Will,25000,https://dceo.illinois.gov/content/dam/soi/en/web/dceo/smallbizassistance/documents/hospitality-grant-awardees-full-list.pdf,2020-04-27,official_confirmed_awardee_list,municipality,Illinois Hospitality Emergency Grant Program,grant,historical_award,closed,Historical 2020 state emergency grant award from a closed program; not an active opportunity or an estimate of available funding. Municipality and county are source-published; no street address or ZIP is inferred.
CASA MIA LOUNGE & RESTAURANT,,NAPLATE,La Salle,10000,https://dceo.illinois.gov/content/dam/soi/en/web/dceo/smallbizassistance/documents/hospitality-grant-awardees-full-list.pdf,2020-04-27,official_confirmed_awardee_list,municipality,Illinois Hospitality Emergency Grant Program,grant,historical_award,closed,Historical 2020 state emergency grant award from a closed program; not an active opportunity or an estimate of available funding. Municipality and county are source-published; no street address or ZIP is inferred.
Chai and Mom Corporation,,Chicago,Cook,10000,https://dceo.illinois.gov/content/dam/soi/en/web/dceo/smallbizassistance/documents/hospitality-grant-awardees-full-list.pdf,2020-04-27,official_confirmed_awardee_list,municipality,Illinois Hospitality Emergency Grant Program,grant,historical_award,closed,Historical 2020 state emergency grant award from a closed program; not an active opportunity or an estimate of available funding. Municipality and county are source-published; no street address or ZIP is inferred.
China Chef,,Aurora,Kane,10000,https://dceo.illinois.gov/content/dam/soi/en/web/dceo/smallbizassistance/documents/hospitality-grant-awardees-full-list.pdf,2020-04-27,official_confirmed_awardee_list,municipality,Illinois Hospitality Emergency Grant Program,grant,historical_award,closed,Historical 2020 state emergency grant award from a closed program; not an active opportunity or an estimate of available funding. Municipality and county are source-published; no street address or ZIP is inferred.
Club 41 LLC,Club 41,Saint Augustine,Knox,10000,https://dceo.illinois.gov/content/dam/soi/en/web/dceo/smallbizassistance/documents/hospitality-grant-awardees-full-list.pdf,2020-04-27,official_confirmed_awardee_list,municipality,Illinois Hospitality Emergency Grant Program,grant,historical_award,closed,Historical 2020 state emergency grant award from a closed program; not an active opportunity or an estimate of available funding. Municipality and county are source-published; no street address or ZIP is inferred.
Colonial Lodge Motel,,Elgin,Cook,25000,https://dceo.illinois.gov/content/dam/soi/en/web/dceo/smallbizassistance/documents/hospitality-grant-awardees-full-list.pdf,2020-04-27,official_confirmed_awardee_list,municipality,Illinois Hospitality Emergency Grant Program,grant,historical_award,closed,Historical 2020 state emergency grant award from a closed program; not an active opportunity or an estimate of available funding. Municipality and county are source-published; no street address or ZIP is inferred.
EL HUICHOL DE DON MEMO NVS INCORPORATED,,JOLIET,Will,10000,https://dceo.illinois.gov/content/dam/soi/en/web/dceo/smallbizassistance/documents/hospitality-grant-awardees-full-list.pdf,2020-04-27,official_confirmed_awardee_list,municipality,Illinois Hospitality Emergency Grant Program,grant,historical_award,closed,Historical 2020 state emergency grant award from a closed program; not an active opportunity or an estimate of available funding. Municipality and county are source-published; no street address or ZIP is inferred.
Flyin Lion LLC dba Hurricanes Bar & Grill,Hurricanes Bar & Grill,Collinsville,Madison,10000,https://dceo.illinois.gov/content/dam/soi/en/web/dceo/smallbizassistance/documents/hospitality-grant-awardees-full-list.pdf,2020-04-27,official_confirmed_awardee_list,municipality,Illinois Hospitality Emergency Grant Program,grant,historical_award,closed,Historical 2020 state emergency grant award from a closed program; not an active opportunity or an estimate of available funding. Municipality and county are source-published; no street address or ZIP is inferred.
Heritage 300 S Wacker LLC,,Chicago,Cook,10000,https://dceo.illinois.gov/content/dam/soi/en/web/dceo/smallbizassistance/documents/hospitality-grant-awardees-full-list.pdf,2020-04-27,official_confirmed_awardee_list,municipality,Illinois Hospitality Emergency Grant Program,grant,historical_award,closed,Historical 2020 state emergency grant award from a closed program; not an active opportunity or an estimate of available funding. Municipality and county are source-published; no street address or ZIP is inferred.
HOA HOTELS LLC,,East Peoria,Tazewell,50000,https://dceo.illinois.gov/content/dam/soi/en/web/dceo/smallbizassistance/documents/hospitality-grant-awardees-full-list.pdf,2020-04-27,official_confirmed_awardee_list,municipality,Illinois Hospitality Emergency Grant Program,grant,historical_award,closed,Historical 2020 state emergency grant award from a closed program; not an active opportunity or an estimate of available funding. Municipality and county are source-published; no street address or ZIP is inferred.
Horizon star hotels LLC,Baymont Inn and Suites,gurnee,Lake,25000,https://dceo.illinois.gov/content/dam/soi/en/web/dceo/smallbizassistance/documents/hospitality-grant-awardees-full-list.pdf,2020-04-27,official_confirmed_awardee_list,municipality,Illinois Hospitality Emergency Grant Program,grant,historical_award,closed,Historical 2020 state emergency grant award from a closed program; not an active opportunity or an estimate of available funding. Municipality and county are source-published; no street address or ZIP is inferred.
IL VICINATO INC,,CHICAGO,Cook,25000,https://dceo.illinois.gov/content/dam/soi/en/web/dceo/smallbizassistance/documents/hospitality-grant-awardees-full-list.pdf,2020-04-27,official_confirmed_awardee_list,municipality,Illinois Hospitality Emergency Grant Program,grant,historical_award,closed,Historical 2020 state emergency grant award from a closed program; not an active opportunity or an estimate of available funding. Municipality and county are source-published; no street address or ZIP is inferred.
INS DEARBORN INC,,CHICAGO,Cook,10000,https://dceo.illinois.gov/content/dam/soi/en/web/dceo/smallbizassistance/documents/hospitality-grant-awardees-full-list.pdf,2020-04-27,official_confirmed_awardee_list,municipality,Illinois Hospitality Emergency Grant Program,grant,historical_award,closed,Historical 2020 state emergency grant award from a closed program; not an active opportunity or an estimate of available funding. Municipality and county are source-published; no street address or ZIP is inferred.
JASLIN HOTEL LLC,,CHICAGO,Cook,25000,https://dceo.illinois.gov/content/dam/soi/en/web/dceo/smallbizassistance/documents/hospitality-grant-awardees-full-list.pdf,2020-04-27,official_confirmed_awardee_list,municipality,Illinois Hospitality Emergency Grant Program,grant,historical_award,closed,Historical 2020 state emergency grant award from a closed program; not an active opportunity or an estimate of available funding. Municipality and county are source-published; no street address or ZIP is inferred.
Jbsomt dba one more time SPORTS bar,One More Tine Sports Bar,Joliet,Will,10000,https://dceo.illinois.gov/content/dam/soi/en/web/dceo/smallbizassistance/documents/hospitality-grant-awardees-full-list.pdf,2020-04-27,official_confirmed_awardee_list,municipality,Illinois Hospitality Emergency Grant Program,grant,historical_award,closed,Historical 2020 state emergency grant award from a closed program; not an active opportunity or an estimate of available funding. Municipality and county are source-published; no street address or ZIP is inferred.
"Johnson Peoria Ventures, LLC",Hampton Inn East Peoria,East Peoria,Tazewell,50000,https://dceo.illinois.gov/content/dam/soi/en/web/dceo/smallbizassistance/documents/hospitality-grant-awardees-full-list.pdf,2020-04-27,official_confirmed_awardee_list,municipality,Illinois Hospitality Emergency Grant Program,grant,historical_award,closed,Historical 2020 state emergency grant award from a closed program; not an active opportunity or an estimate of available funding. Municipality and county are source-published; no street address or ZIP is inferred.
Judy's Pizzeria,,Highland Park,Lake,10000,https://dceo.illinois.gov/content/dam/soi/en/web/dceo/smallbizassistance/documents/hospitality-grant-awardees-full-list.pdf,2020-04-27,official_confirmed_awardee_list,municipality,Illinois Hospitality Emergency Grant Program,grant,historical_award,closed,Historical 2020 state emergency grant award from a closed program; not an active opportunity or an estimate of available funding. Municipality and county are source-published; no street address or ZIP is inferred.
K&R Patrick LLC dba Patrick's Bar & Grill,Patrick's Bar & Grill,Granite City,Madison,10000,https://dceo.illinois.gov/content/dam/soi/en/web/dceo/smallbizassistance/documents/hospitality-grant-awardees-full-list.pdf,2020-04-27,official_confirmed_awardee_list,municipality,Illinois Hospitality Emergency Grant Program,grant,historical_award,closed,Historical 2020 state emergency grant award from a closed program; not an active opportunity or an estimate of available funding. Municipality and county are source-published; no street address or ZIP is inferred.
Koffee Kup Restaurant,,Lake Zurich,Lake,10000,https://dceo.illinois.gov/content/dam/soi/en/web/dceo/smallbizassistance/documents/hospitality-grant-awardees-full-list.pdf,2020-04-27,official_confirmed_awardee_list,municipality,Illinois Hospitality Emergency Grant Program,grant,historical_award,closed,Historical 2020 state emergency grant award from a closed program; not an active opportunity or an estimate of available funding. Municipality and county are source-published; no street address or ZIP is inferred.
Light House Pub & Grill Inc,,Winthrop Harbor,Lake,25000,https://dceo.illinois.gov/content/dam/soi/en/web/dceo/smallbizassistance/documents/hospitality-grant-awardees-full-list.pdf,2020-04-27,official_confirmed_awardee_list,municipality,Illinois Hospitality Emergency Grant Program,grant,historical_award,closed,Historical 2020 state emergency grant award from a closed program; not an active opportunity or an estimate of available funding. Municipality and county are source-published; no street address or ZIP is inferred.
Lucila's Homemade LLC,Lucila's Alfajores,Chicago,Cook,10000,https://dceo.illinois.gov/content/dam/soi/en/web/dceo/smallbizassistance/documents/hospitality-grant-awardees-full-list.pdf,2020-04-27,official_confirmed_awardee_list,municipality,Illinois Hospitality Emergency Grant Program,grant,historical_award,closed,Historical 2020 state emergency grant award from a closed program; not an active opportunity or an estimate of available funding. Municipality and county are source-published; no street address or ZIP is inferred.
"Lucky Rooster, LLC",The Lucky Rooster Pub & Eatery,St Jacob,Madison,10000,https://dceo.illinois.gov/content/dam/soi/en/web/dceo/smallbizassistance/documents/hospitality-grant-awardees-full-list.pdf,2020-04-27,official_confirmed_awardee_list,municipality,Illinois Hospitality Emergency Grant Program,grant,historical_award,closed,Historical 2020 state emergency grant award from a closed program; not an active opportunity or an estimate of available funding. Municipality and county are source-published; no street address or ZIP is inferred.
Marquis Hotels LLC,Holiday Inn Crystal Lake,Crystal Lake,McHenry,25000,https://dceo.illinois.gov/content/dam/soi/en/web/dceo/smallbizassistance/documents/hospitality-grant-awardees-full-list.pdf,2020-04-27,official_confirmed_awardee_list,municipality,Illinois Hospitality Emergency Grant Program,grant,historical_award,closed,Historical 2020 state emergency grant award from a closed program; not an active opportunity or an estimate of available funding. Municipality and county are source-published; no street address or ZIP is inferred.
MGP&P CORP,Country Host Motel,Monee,Will,25000,https://dceo.illinois.gov/content/dam/soi/en/web/dceo/smallbizassistance/documents/hospitality-grant-awardees-full-list.pdf,2020-04-27,official_confirmed_awardee_list,municipality,Illinois Hospitality Emergency Grant Program,grant,historical_award,closed,Historical 2020 state emergency grant award from a closed program; not an active opportunity or an estimate of available funding. Municipality and county are source-published; no street address or ZIP is inferred.
Mom & dad's deli,,Chicago,Cook,10000,https://dceo.illinois.gov/content/dam/soi/en/web/dceo/smallbizassistance/documents/hospitality-grant-awardees-full-list.pdf,2020-04-27,official_confirmed_awardee_list,municipality,Illinois Hospitality Emergency Grant Program,grant,historical_award,closed,Historical 2020 state emergency grant award from a closed program; not an active opportunity or an estimate of available funding. Municipality and county are source-published; no street address or ZIP is inferred.
Nakorn Inc.,,Evanston,Cook,25000,https://dceo.illinois.gov/content/dam/soi/en/web/dceo/smallbizassistance/documents/hospitality-grant-awardees-full-list.pdf,2020-04-27,official_confirmed_awardee_list,municipality,Illinois Hospitality Emergency Grant Program,grant,historical_award,closed,Historical 2020 state emergency grant award from a closed program; not an active opportunity or an estimate of available funding. Municipality and county are source-published; no street address or ZIP is inferred.
Baby Vegas Cafe LLC,,Hoffman Estates,Cook,10000,https://dceo.illinois.gov/content/dam/soi/en/web/dceo/smallbizassistance/documents/hospitality-grant-awardees-full-list.pdf,2020-04-27,official_confirmed_awardee_list,municipality,Illinois Hospitality Emergency Grant Program,grant,historical_award,closed,Historical 2020 state emergency grant award from a closed program; not an active opportunity or an estimate of available funding. Municipality and county are source-published; no street address or ZIP is inferred.
Best Western Plus Chicago Hillside,,Hillside,Cook,50000,https://dceo.illinois.gov/content/dam/soi/en/web/dceo/smallbizassistance/documents/hospitality-grant-awardees-full-list.pdf,2020-04-27,official_confirmed_awardee_list,municipality,Illinois Hospitality Emergency Grant Program,grant,historical_award,closed,Historical 2020 state emergency grant award from a closed program; not an active opportunity or an estimate of available funding. Municipality and county are source-published; no street address or ZIP is inferred.
C & R Schaumburg corp - DBA Dairy Queen,Dairy Queen,Schaumburg,Cook,10000,https://dceo.illinois.gov/content/dam/soi/en/web/dceo/smallbizassistance/documents/hospitality-grant-awardees-full-list.pdf,2020-04-27,official_confirmed_awardee_list,municipality,Illinois Hospitality Emergency Grant Program,grant,historical_award,closed,Historical 2020 state emergency grant award from a closed program; not an active opportunity or an estimate of available funding. Municipality and county are source-published; no street address or ZIP is inferred.
Cainari Inc,Five Points Bub,Kingston,DeKalb,10000,https://dceo.illinois.gov/content/dam/soi/en/web/dceo/smallbizassistance/documents/hospitality-grant-awardees-full-list.pdf,2020-04-27,official_confirmed_awardee_list,municipality,Illinois Hospitality Emergency Grant Program,grant,historical_award,closed,Historical 2020 state emergency grant award from a closed program; not an active opportunity or an estimate of available funding. Municipality and county are source-published; no street address or ZIP is inferred.
Carpentersville Wings Inc.,Wingstop,Carpentersville,Kane,10000,https://dceo.illinois.gov/content/dam/soi/en/web/dceo/smallbizassistance/documents/hospitality-grant-awardees-full-list.pdf,2020-04-27,official_confirmed_awardee_list,municipality,Illinois Hospitality Emergency Grant Program,grant,historical_award,closed,Historical 2020 state emergency grant award from a closed program; not an active opportunity or an estimate of available funding. Municipality and county are source-published; no street address or ZIP is inferred.
Chataka Masti Indian Grill,,Naperville,DuPage,10000,https://dceo.illinois.gov/content/dam/soi/en/web/dceo/smallbizassistance/documents/hospitality-grant-awardees-full-list.pdf,2020-04-27,official_confirmed_awardee_list,municipality,Illinois Hospitality Emergency Grant Program,grant,historical_award,closed,Historical 2020 state emergency grant award from a closed program; not an active opportunity or an estimate of available funding. Municipality and county are source-published; no street address or ZIP is inferred.
Danenberger Family Vineyards,,New Berlin,Sangamon,10000,https://dceo.illinois.gov/content/dam/soi/en/web/dceo/smallbizassistance/documents/hospitality-grant-awardees-full-list.pdf,2020-04-27,official_confirmed_awardee_list,municipality,Illinois Hospitality Emergency Grant Program,grant,historical_award,closed,Historical 2020 state emergency grant award from a closed program; not an active opportunity or an estimate of available funding. Municipality and county are source-published; no street address or ZIP is inferred.
"Diya Donuts, Inc.",,Chicago,Cook,25000,https://dceo.illinois.gov/content/dam/soi/en/web/dceo/smallbizassistance/documents/hospitality-grant-awardees-full-list.pdf,2020-04-27,official_confirmed_awardee_list,municipality,Illinois Hospitality Emergency Grant Program,grant,historical_award,closed,Historical 2020 state emergency grant award from a closed program; not an active opportunity or an estimate of available funding. Municipality and county are source-published; no street address or ZIP is inferred.
ELGIN HOSPITALITY GROUP LLC DBA HAMPTON INN ELGIN,Hampton Inn Elgin,ELGIN,Kane,25000,https://dceo.illinois.gov/content/dam/soi/en/web/dceo/smallbizassistance/documents/hospitality-grant-awardees-full-list.pdf,2020-04-27,official_confirmed_awardee_list,municipality,Illinois Hospitality Emergency Grant Program,grant,historical_award,closed,Historical 2020 state emergency grant award from a closed program; not an active opportunity or an estimate of available funding. Municipality and county are source-published; no street address or ZIP is inferred.
Elite Restaurant Group IV,Bella's Bistro,Bensenville,DuPage,10000,https://dceo.illinois.gov/content/dam/soi/en/web/dceo/smallbizassistance/documents/hospitality-grant-awardees-full-list.pdf,2020-04-27,official_confirmed_awardee_list,municipality,Illinois Hospitality Emergency Grant Program,grant,historical_award,closed,Historical 2020 state emergency grant award from a closed program; not an active opportunity or an estimate of available funding. Municipality and county are source-published; no street address or ZIP is inferred.
"Flores Banquets, Inc.",,Woodstock,McHenry,10000,https://dceo.illinois.gov/content/dam/soi/en/web/dceo/smallbizassistance/documents/hospitality-grant-awardees-full-list.pdf,2020-04-27,official_confirmed_awardee_list,municipality,Illinois Hospitality Emergency Grant Program,grant,historical_award,closed,Historical 2020 state emergency grant award from a closed program; not an active opportunity or an estimate of available funding. Municipality and county are source-published; no street address or ZIP is inferred.
Harbor Hospitality Inc.,Comfort Inn & Suites Tinley park,Tinley Park,Will,25000,https://dceo.illinois.gov/content/dam/soi/en/web/dceo/smallbizassistance/documents/hospitality-grant-awardees-full-list.pdf,2020-04-27,official_confirmed_awardee_list,municipality,Illinois Hospitality Emergency Grant Program,grant,historical_award,closed,Historical 2020 state emergency grant award from a closed program; not an active opportunity or an estimate of available funding. Municipality and county are source-published; no street address or ZIP is inferred.
HD HOSPITALITY INC,,OAK FOREST,Cook,25000,https://dceo.illinois.gov/content/dam/soi/en/web/dceo/smallbizassistance/documents/hospitality-grant-awardees-full-list.pdf,2020-04-27,official_confirmed_awardee_list,municipality,Illinois Hospitality Emergency Grant Program,grant,historical_award,closed,Historical 2020 state emergency grant award from a closed program; not an active opportunity or an estimate of available funding. Municipality and county are source-published; no street address or ZIP is inferred.
Hess’s Whiskey River,Hess's Whiskey Bar,Savanna,Carroll,10000,https://dceo.illinois.gov/content/dam/soi/en/web/dceo/smallbizassistance/documents/hospitality-grant-awardees-full-list.pdf,2020-04-27,official_confirmed_awardee_list,municipality,Illinois Hospitality Emergency Grant Program,grant,historical_award,closed,Historical 2020 state emergency grant award from a closed program; not an active opportunity or an estimate of available funding. Municipality and county are source-published; no street address or ZIP is inferred.
J & N Enterprises of IL Inc. dba Holiday Inn Express,Holiday Inn Express and Suites,Litchfield,Montgomery,25000,https://dceo.illinois.gov/content/dam/soi/en/web/dceo/smallbizassistance/documents/hospitality-grant-awardees-full-list.pdf,2020-04-27,official_confirmed_awardee_list,municipality,Illinois Hospitality Emergency Grant Program,grant,historical_award,closed,Historical 2020 state emergency grant award from a closed program; not an active opportunity or an estimate of available funding. Municipality and county are source-published; no street address or ZIP is inferred.
Jai Jalaram 1 Corperation,Royal Budget Inn,Fairmont City,St. Clair,25000,https://dceo.illinois.gov/content/dam/soi/en/web/dceo/smallbizassistance/documents/hospitality-grant-awardees-full-list.pdf,2020-04-27,official_confirmed_awardee_list,municipality,Illinois Hospitality Emergency Grant Program,grant,historical_award,closed,Historical 2020 state emergency grant award from a closed program; not an active opportunity or an estimate of available funding. Municipality and county are source-published; no street address or ZIP is inferred.
"JTATB, Inc d/b/a/ TAVERN AT THE BRIDGE",TAVERN AT THE BRIDGE,Algonquin,McHenry,10000,https://dceo.illinois.gov/content/dam/soi/en/web/dceo/smallbizassistance/documents/hospitality-grant-awardees-full-list.pdf,2020-04-27,official_confirmed_awardee_list,municipality,Illinois Hospitality Emergency Grant Program,grant,historical_award,closed,Historical 2020 state emergency grant award from a closed program; not an active opportunity or an estimate of available funding. Municipality and county are source-published; no street address or ZIP is inferred.
Kaival hospitality inc dba super 8 motel,Super 8 Motel,PONTIAC,Livingston,25000,https://dceo.illinois.gov/content/dam/soi/en/web/dceo/smallbizassistance/documents/hospitality-grant-awardees-full-list.pdf,2020-04-27,official_confirmed_awardee_list,municipality,Illinois Hospitality Emergency Grant Program,grant,historical_award,closed,Historical 2020 state emergency grant award from a closed program; not an active opportunity or an estimate of available funding. Municipality and county are source-published; no street address or ZIP is inferred.
Karim Inc #8 DBA Dunkin Donuts,Dunkin Donuts,Park Ridge,Cook,25000,https://dceo.illinois.gov/content/dam/soi/en/web/dceo/smallbizassistance/documents/hospitality-grant-awardees-full-list.pdf,2020-04-27,official_confirmed_awardee_list,municipality,Illinois Hospitality Emergency Grant Program,grant,historical_award,closed,Historical 2020 state emergency grant award from a closed program; not an active opportunity or an estimate of available funding. Municipality and county are source-published; no street address or ZIP is inferred.
KNB HOSPITALITY-ELGIN INC DBA COMFORT SUITES ELGIN,,ELGIN,Kane,25000,https://dceo.illinois.gov/content/dam/soi/en/web/dceo/smallbizassistance/documents/hospitality-grant-awardees-full-list.pdf,2020-04-27,official_confirmed_awardee_list,municipality,Illinois Hospitality Emergency Grant Program,grant,historical_award,closed,Historical 2020 state emergency grant award from a closed program; not an active opportunity or an estimate of available funding. Municipality and county are source-published; no street address or ZIP is inferred.
LARRY'S DINER INC.,,PLAINFIELD,Will,25000,https://dceo.illinois.gov/content/dam/soi/en/web/dceo/smallbizassistance/documents/hospitality-grant-awardees-full-list.pdf,2020-04-27,official_confirmed_awardee_list,municipality,Illinois Hospitality Emergency Grant Program,grant,historical_award,closed,Historical 2020 state emergency grant award from a closed program; not an active opportunity or an estimate of available funding. Municipality and county are source-published; no street address or ZIP is inferred.
Lindsay Beverage Enterprises Inc,Little Red Schoolhouse,North Aurora,Kane,10000,https://dceo.illinois.gov/content/dam/soi/en/web/dceo/smallbizassistance/documents/hospitality-grant-awardees-full-list.pdf,2020-04-27,official_confirmed_awardee_list,municipality,Illinois Hospitality Emergency Grant Program,grant,historical_award,closed,Historical 2020 state emergency grant award from a closed program; not an active opportunity or an estimate of available funding. Municipality and county are source-published; no street address or ZIP is inferred.
LOMBARD HOSPITALITY DBA COMFORT SUITES,Comfort Inn Suites,LOMBARD,DuPage,25000,https://dceo.illinois.gov/content/dam/soi/en/web/dceo/smallbizassistance/documents/hospitality-grant-awardees-full-list.pdf,2020-04-27,official_confirmed_awardee_list,municipality,Illinois Hospitality Emergency Grant Program,grant,historical_award,closed,Historical 2020 state emergency grant award from a closed program; not an active opportunity or an estimate of available funding. Municipality and county are source-published; no street address or ZIP is inferred.
"Lotus of Illinois, Inc., DBA: Subway",Subway,Romeoville,Will,25000,https://dceo.illinois.gov/content/dam/soi/en/web/dceo/smallbizassistance/documents/hospitality-grant-awardees-full-list.pdf,2020-04-27,official_confirmed_awardee_list,municipality,Illinois Hospitality Emergency Grant Program,grant,historical_award,closed,Historical 2020 state emergency grant award from a closed program; not an active opportunity or an estimate of available funding. Municipality and county are source-published; no street address or ZIP is inferred.
Manhattan Hotels. Inc,Super 8,Monee,Will,25000,https://dceo.illinois.gov/content/dam/soi/en/web/dceo/smallbizassistance/documents/hospitality-grant-awardees-full-list.pdf,2020-04-27,official_confirmed_awardee_list,municipality,Illinois Hospitality Emergency Grant Program,grant,historical_award,closed,Historical 2020 state emergency grant award from a closed program; not an active opportunity or an estimate of available funding. Municipality and county are source-published; no street address or ZIP is inferred.
"Monee Hotels, Inc.",Quality Inn,Monee,Will,25000,https://dceo.illinois.gov/content/dam/soi/en/web/dceo/smallbizassistance/documents/hospitality-grant-awardees-full-list.pdf,2020-04-27,official_confirmed_awardee_list,municipality,Illinois Hospitality Emergency Grant Program,grant,historical_award,closed,Historical 2020 state emergency grant award from a closed program; not an active opportunity or an estimate of available funding. Municipality and county are source-published; no street address or ZIP is inferred.
"Red Ginger, Inc. DBA: Subway",,Joliet,Will,10000,https://dceo.illinois.gov/content/dam/soi/en/web/dceo/smallbizassistance/documents/hospitality-grant-awardees-full-list.pdf,2020-04-27,official_confirmed_awardee_list,municipality,Illinois Hospitality Emergency Grant Program,grant,historical_award,closed,Historical 2020 state emergency grant award from a closed program; not an active opportunity or an estimate of available funding. Municipality and county are source-published; no street address or ZIP is inferred.
"Rockford Norwegian, Ltd (DBA: The Norwegian)",The Norwegian,Rockford,Winnebago,25000,https://dceo.illinois.gov/content/dam/soi/en/web/dceo/smallbizassistance/documents/hospitality-grant-awardees-full-list.pdf,2020-04-27,official_confirmed_awardee_list,municipality,Illinois Hospitality Emergency Grant Program,grant,historical_award,closed,Historical 2020 state emergency grant award from a closed program; not an active opportunity or an estimate of available funding. Municipality and county are source-published; no street address or ZIP is inferred.
Shreeji Casey LLC,Days Inn and Suites,Casey,Clark,25000,https://dceo.illinois.gov/content/dam/soi/en/web/dceo/smallbizassistance/documents/hospitality-grant-awardees-full-list.pdf,2020-04-27,official_confirmed_awardee_list,municipality,Illinois Hospitality Emergency Grant Program,grant,historical_award,closed,Historical 2020 state emergency grant award from a closed program; not an active opportunity or an estimate of available funding. Municipality and county are source-published; no street address or ZIP is inferred.
Subway,,Richmond,McHenry,10000,https://dceo.illinois.gov/content/dam/soi/en/web/dceo/smallbizassistance/documents/hospitality-grant-awardees-full-list.pdf,2020-04-27,official_confirmed_awardee_list,municipality,Illinois Hospitality Emergency Grant Program,grant,historical_award,closed,Historical 2020 state emergency grant award from a closed program; not an active opportunity or an estimate of available funding. Municipality and county are source-published; no street address or ZIP is inferred.
THE INDIAN HARVEST RESTAURANT,,NAPERVILLE,DuPage,25000,https://dceo.illinois.gov/content/dam/soi/en/web/dceo/smallbizassistance/documents/hospitality-grant-awardees-full-list.pdf,2020-04-27,official_confirmed_awardee_list,municipality,Illinois Hospitality Emergency Grant Program,grant,historical_award,closed,Historical 2020 state emergency grant award from a closed program; not an active opportunity or an estimate of available funding. Municipality and county are source-published; no street address or ZIP is inferred.
MP Properties Management Inc,,Mount Prospect,Cook,25000,https://dceo.illinois.gov/content/dam/soi/en/web/dceo/smallbizassistance/documents/hospitality-grant-awardees-full-list.pdf,2020-04-27,official_confirmed_awardee_list,municipality,Illinois Hospitality Emergency Grant Program,grant,historical_award,closed,Historical 2020 state emergency grant award from a closed program; not an active opportunity or an estimate of available funding. Municipality and county are source-published; no street address or ZIP is inferred.
a tavola Services Corp,,Chicago,Cook,25000,https://dceo.illinois.gov/content/dam/soi/en/web/dceo/smallbizassistance/documents/hospitality-grant-awardees-full-list.pdf,2020-04-27,official_confirmed_awardee_list,municipality,Illinois Hospitality Emergency Grant Program,grant,historical_award,closed,Historical 2020 state emergency grant award from a closed program; not an active opportunity or an estimate of available funding. Municipality and county are source-published; no street address or ZIP is inferred.
"A&J Creations, LLC",,Chicago,Cook,10000,https://dceo.illinois.gov/content/dam/soi/en/web/dceo/smallbizassistance/documents/hospitality-grant-awardees-full-list.pdf,2020-04-27,official_confirmed_awardee_list,municipality,Illinois Hospitality Emergency Grant Program,grant,historical_award,closed,Historical 2020 state emergency grant award from a closed program; not an active opportunity or an estimate of available funding. Municipality and county are source-published; no street address or ZIP is inferred.
Black & Gray Brewing Co.,Black & Gray Brewing Co.,East Dundee,Kane,10000,https://dceo.illinois.gov/content/dam/soi/en/web/dceo/smallbizassistance/documents/hospitality-grant-awardees-full-list.pdf,2020-04-27,official_confirmed_awardee_list,municipality,Illinois Hospitality Emergency Grant Program,grant,historical_award,closed,Historical 2020 state emergency grant award from a closed program; not an active opportunity or an estimate of available funding. Municipality and county are source-published; no street address or ZIP is inferred.
"Blue Grouch, Inc.",,Springfield,Sangamon,10000,https://dceo.illinois.gov/content/dam/soi/en/web/dceo/smallbizassistance/documents/hospitality-grant-awardees-full-list.pdf,2020-04-27,official_confirmed_awardee_list,municipality,Illinois Hospitality Emergency Grant Program,grant,historical_award,closed,Historical 2020 state emergency grant award from a closed program; not an active opportunity or an estimate of available funding. Municipality and county are source-published; no street address or ZIP is inferred.
Bravo 4200 LLC,Comfort Suites O'Hare,Schiller Park,Cook,50000,https://dceo.illinois.gov/content/dam/soi/en/web/dceo/smallbizassistance/documents/hospitality-grant-awardees-full-list.pdf,2020-04-27,official_confirmed_awardee_list,municipality,Illinois Hospitality Emergency Grant Program,grant,historical_award,closed,Historical 2020 state emergency grant award from a closed program; not an active opportunity or an estimate of available funding. Municipality and county are source-published; no street address or ZIP is inferred.
"Bricks of Oak Park, LLC",Bricks of Oak Park,Oak Park,Cook,25000,https://dceo.illinois.gov/content/dam/soi/en/web/dceo/smallbizassistance/documents/hospitality-grant-awardees-full-list.pdf,2020-04-27,official_confirmed_awardee_list,municipality,Illinois Hospitality Emergency Grant Program,grant,historical_award,closed,Historical 2020 state emergency grant award from a closed program; not an active opportunity or an estimate of available funding. Municipality and county are source-published; no street address or ZIP is inferred.
Christy's Place Inc.,,WASHINGTON,Tazewell,10000,https://dceo.illinois.gov/content/dam/soi/en/web/dceo/smallbizassistance/documents/hospitality-grant-awardees-full-list.pdf,2020-04-27,official_confirmed_awardee_list,municipality,Illinois Hospitality Emergency Grant Program,grant,historical_award,closed,Historical 2020 state emergency grant award from a closed program; not an active opportunity or an estimate of available funding. Municipality and county are source-published; no street address or ZIP is inferred.
"CTME Rutherford, LLC",Bojono's Pizza,Chicago,Cook,10000,https://dceo.illinois.gov/content/dam/soi/en/web/dceo/smallbizassistance/documents/hospitality-grant-awardees-full-list.pdf,2020-04-27,official_confirmed_awardee_list,municipality,Illinois Hospitality Emergency Grant Program,grant,historical_award,closed,Historical 2020 state emergency grant award from a closed program; not an active opportunity or an estimate of available funding. Municipality and county are source-published; no street address or ZIP is inferred.
CTRL Kitchen,CTRL Kitchen,Chicago,Cook,10000,https://dceo.illinois.gov/content/dam/soi/en/web/dceo/smallbizassistance/documents/hospitality-grant-awardees-full-list.pdf,2020-04-27,official_confirmed_awardee_list,municipality,Illinois Hospitality Emergency Grant Program,grant,historical_award,closed,Historical 2020 state emergency grant award from a closed program; not an active opportunity or an estimate of available funding. Municipality and county are source-published; no street address or ZIP is inferred.
daein inc,,Skokie,Cook,10000,https://dceo.illinois.gov/content/dam/soi/en/web/dceo/smallbizassistance/documents/hospitality-grant-awardees-full-list.pdf,2020-04-27,official_confirmed_awardee_list,municipality,Illinois Hospitality Emergency Grant Program,grant,historical_award,closed,Historical 2020 state emergency grant award from a closed program; not an active opportunity or an estimate of available funding. Municipality and county are source-published; no street address or ZIP is inferred.
"DG Hotels, LLC",,Downers Grove,DuPage,25000,https://dceo.illinois.gov/content/dam/soi/en/web/dceo/smallbizassistance/documents/hospitality-grant-awardees-full-list.pdf,2020-04-27,official_confirmed_awardee_list,municipality,Illinois Hospitality Emergency Grant Program,grant,historical_award,closed,Historical 2020 state emergency grant award from a closed program; not an active opportunity or an estimate of available funding. Municipality and county are source-published; no street address or ZIP is inferred.
DipanVir inc,Subway,Chicago,Cook,10000,https://dceo.illinois.gov/content/dam/soi/en/web/dceo/smallbizassistance/documents/hospitality-grant-awardees-full-list.pdf,2020-04-27,official_confirmed_awardee_list,municipality,Illinois Hospitality Emergency Grant Program,grant,historical_award,closed,Historical 2020 state emergency grant award from a closed program; not an active opportunity or an estimate of available funding. Municipality and county are source-published; no street address or ZIP is inferred.
Dog's Paw Brewing LLC,,Elgin,Kane,10000,https://dceo.illinois.gov/content/dam/soi/en/web/dceo/smallbizassistance/documents/hospitality-grant-awardees-full-list.pdf,2020-04-27,official_confirmed_awardee_list,municipality,Illinois Hospitality Emergency Grant Program,grant,historical_award,closed,Historical 2020 state emergency grant award from a closed program; not an active opportunity or an estimate of available funding. Municipality and county are source-published; no street address or ZIP is inferred.
Dominicks Pizzeria Inc.,,West Dundee,Kane,25000,https://dceo.illinois.gov/content/dam/soi/en/web/dceo/smallbizassistance/documents/hospitality-grant-awardees-full-list.pdf,2020-04-27,official_confirmed_awardee_list,municipality,Illinois Hospitality Emergency Grant Program,grant,historical_award,closed,Historical 2020 state emergency grant award from a closed program; not an active opportunity or an estimate of available funding. Municipality and county are source-published; no street address or ZIP is inferred.
Downtown Pub Inc,,Princeton,Bureau,10000,https://dceo.illinois.gov/content/dam/soi/en/web/dceo/smallbizassistance/documents/hospitality-grant-awardees-full-list.pdf,2020-04-27,official_confirmed_awardee_list,municipality,Illinois Hospitality Emergency Grant Program,grant,historical_award,closed,Historical 2020 state emergency grant award from a closed program; not an active opportunity or an estimate of available funding. Municipality and county are source-published; no street address or ZIP is inferred.
Dragon Lady Lounge Corporation,,Chicago,Cook,10000,https://dceo.illinois.gov/content/dam/soi/en/web/dceo/smallbizassistance/documents/hospitality-grant-awardees-full-list.pdf,2020-04-27,official_confirmed_awardee_list,municipality,Illinois Hospitality Emergency Grant Program,grant,historical_award,closed,Historical 2020 state emergency grant award from a closed program; not an active opportunity or an estimate of available funding. Municipality and county are source-published; no street address or ZIP is inferred.
Dragon Palace Inc,,Tinley Park,Cook,10000,https://dceo.illinois.gov/content/dam/soi/en/web/dceo/smallbizassistance/documents/hospitality-grant-awardees-full-list.pdf,2020-04-27,official_confirmed_awardee_list,municipality,Illinois Hospitality Emergency Grant Program,grant,historical_award,closed,Historical 2020 state emergency grant award from a closed program; not an active opportunity or an estimate of available funding. Municipality and county are source-published; no street address or ZIP is inferred.
Easy Buffet & Grill,,Belleville,St. Clair,25000,https://dceo.illinois.gov/content/dam/soi/en/web/dceo/smallbizassistance/documents/hospitality-grant-awardees-full-list.pdf,2020-04-27,official_confirmed_awardee_list,municipality,Illinois Hospitality Emergency Grant Program,grant,historical_award,closed,Historical 2020 state emergency grant award from a closed program; not an active opportunity or an estimate of available funding. Municipality and county are source-published; no street address or ZIP is inferred.
"EggCetera Cafe, Inc.",,Mokena,Will,10000,https://dceo.illinois.gov/content/dam/soi/en/web/dceo/smallbizassistance/documents/hospitality-grant-awardees-full-list.pdf,2020-04-27,official_confirmed_awardee_list,municipality,Illinois Hospitality Emergency Grant Program,grant,historical_award,closed,Historical 2020 state emergency grant award from a closed program; not an active opportunity or an estimate of available funding. Municipality and county are source-published; no street address or ZIP is inferred.
Elder Brewing Inc.,,Joliet,Will,10000,https://dceo.illinois.gov/content/dam/soi/en/web/dceo/smallbizassistance/documents/hospitality-grant-awardees-full-list.pdf,2020-04-27,official_confirmed_awardee_list,municipality,Illinois Hospitality Emergency Grant Program,grant,historical_award,closed,Historical 2020 state emergency grant award from a closed program; not an active opportunity or an estimate of available funding. Municipality and county are source-published; no street address or ZIP is inferred.
Energy City Brewing LLC,,Batavia,Kane,25000,https://dceo.illinois.gov/content/dam/soi/en/web/dceo/smallbizassistance/documents/hospitality-grant-awardees-full-list.pdf,2020-04-27,official_confirmed_awardee_list,municipality,Illinois Hospitality Emergency Grant Program,grant,historical_award,closed,Historical 2020 state emergency grant award from a closed program; not an active opportunity or an estimate of available funding. Municipality and county are source-published; no street address or ZIP is inferred.
Fancy Plants Catering Ltd,,Chicago,Cook,10000,https://dceo.illinois.gov/content/dam/soi/en/web/dceo/smallbizassistance/documents/hospitality-grant-awardees-full-list.pdf,2020-04-27,official_confirmed_awardee_list,municipality,Illinois Hospitality Emergency Grant Program,grant,historical_award,closed,Historical 2020 state emergency grant award from a closed program; not an active opportunity or an estimate of available funding. Municipality and county are source-published; no street address or ZIP is inferred.
Faso's Pizza & Pasta,,Chicago Heights,Cook,10000,https://dceo.illinois.gov/content/dam/soi/en/web/dceo/smallbizassistance/documents/hospitality-grant-awardees-full-list.pdf,2020-04-27,official_confirmed_awardee_list,municipality,Illinois Hospitality Emergency Grant Program,grant,historical_award,closed,Historical 2020 state emergency grant award from a closed program; not an active opportunity or an estimate of available funding. Municipality and county are source-published; no street address or ZIP is inferred.
Fusion Brew,,Normal,McLean,10000,https://dceo.illinois.gov/content/dam/soi/en/web/dceo/smallbizassistance/documents/hospitality-grant-awardees-full-list.pdf,2020-04-27,official_confirmed_awardee_list,municipality,Illinois Hospitality Emergency Grant Program,grant,historical_award,closed,Historical 2020 state emergency grant award from a closed program; not an active opportunity or an estimate of available funding. Municipality and county are source-published; no street address or ZIP is inferred.
Galena Prime Hotels LLC,Ramada by Wyndham,Galena,Jo Daviess,25000,https://dceo.illinois.gov/content/dam/soi/en/web/dceo/smallbizassistance/documents/hospitality-grant-awardees-full-list.pdf,2020-04-27,official_confirmed_awardee_list,municipality,Illinois Hospitality Emergency Grant Program,grant,historical_award,closed,Historical 2020 state emergency grant award from a closed program; not an active opportunity or an estimate of available funding. Municipality and county are source-published; no street address or ZIP is inferred.
"Glenview Hotels, Inc.",,Glenview,Cook,25000,https://dceo.illinois.gov/content/dam/soi/en/web/dceo/smallbizassistance/documents/hospitality-grant-awardees-full-list.pdf,2020-04-27,official_confirmed_awardee_list,municipality,Illinois Hospitality Emergency Grant Program,grant,historical_award,closed,Historical 2020 state emergency grant award from a closed program; not an active opportunity or an estimate of available funding. Municipality and county are source-published; no street address or ZIP is inferred.
Grace Dekalb Inc,Gurukrupa Indian grocery,DeKalb,DeKalb,10000,https://dceo.illinois.gov/content/dam/soi/en/web/dceo/smallbizassistance/documents/hospitality-grant-awardees-full-list.pdf,2020-04-27,official_confirmed_awardee_list,municipality,Illinois Hospitality Emergency Grant Program,grant,historical_award,closed,Historical 2020 state emergency grant award from a closed program; not an active opportunity or an estimate of available funding. Municipality and county are source-published; no street address or ZIP is inferred.
Grace Hotels LLC,Holiday Inn Express & Suites,Waukegan,Lake,25000,https://dceo.illinois.gov/content/dam/soi/en/web/dceo/smallbizassistance/documents/hospitality-grant-awardees-full-list.pdf,2020-04-27,official_confirmed_awardee_list,municipality,Illinois Hospitality Emergency Grant Program,grant,historical_award,closed,Historical 2020 state emergency grant award from a closed program; not an active opportunity or an estimate of available funding. Municipality and county are source-published; no street address or ZIP is inferred.
"Grand Motel, Inc.",,Chicago,Cook,25000,https://dceo.illinois.gov/content/dam/soi/en/web/dceo/smallbizassistance/documents/hospitality-grant-awardees-full-list.pdf,2020-04-27,official_confirmed_awardee_list,municipality,Illinois Hospitality Emergency Grant Program,grant,historical_award,closed,Historical 2020 state emergency grant award from a closed program; not an active opportunity or an estimate of available funding. Municipality and county are source-published; no street address or ZIP is inferred.
Grande Jakes in Lindenhurst Corporation,,Lindenhurst,Lake,10000,https://dceo.illinois.gov/content/dam/soi/en/web/dceo/smallbizassistance/documents/hospitality-grant-awardees-full-list.pdf,2020-04-27,official_confirmed_awardee_list,municipality,Illinois Hospitality Emergency Grant Program,grant,historical_award,closed,Historical 2020 state emergency grant award from a closed program; not an active opportunity or an estimate of available funding. Municipality and county are source-published; no street address or ZIP is inferred.
Haire's Gulf Shrimp,,Chicago,Cook,10000,https://dceo.illinois.gov/content/dam/soi/en/web/dceo/smallbizassistance/documents/hospitality-grant-awardees-full-list.pdf,2020-04-27,official_confirmed_awardee_list,municipality,Illinois Hospitality Emergency Grant Program,grant,historical_award,closed,Historical 2020 state emergency grant award from a closed program; not an active opportunity or an estimate of available funding. Municipality and county are source-published; no street address or ZIP is inferred.
International grill llc,,Chicago,Cook,25000,https://dceo.illinois.gov/content/dam/soi/en/web/dceo/smallbizassistance/documents/hospitality-grant-awardees-full-list.pdf,2020-04-27,official_confirmed_awardee_list,municipality,Illinois Hospitality Emergency Grant Program,grant,historical_award,closed,Historical 2020 state emergency grant award from a closed program; not an active opportunity or an estimate of available funding. Municipality and county are source-published; no street address or ZIP is inferred.
Jay Maa Inc,,Third Lake,Lake,25000,https://dceo.illinois.gov/content/dam/soi/en/web/dceo/smallbizassistance/documents/hospitality-grant-awardees-full-list.pdf,2020-04-27,official_confirmed_awardee_list,municipality,Illinois Hospitality Emergency Grant Program,grant,historical_award,closed,Historical 2020 state emergency grant award from a closed program; not an active opportunity or an estimate of available funding. Municipality and county are source-published; no street address or ZIP is inferred.
Joliet Lodging Inc,,Joliet,Will,25000,https://dceo.illinois.gov/content/dam/soi/en/web/dceo/smallbizassistance/documents/hospitality-grant-awardees-full-list.pdf,2020-04-27,official_confirmed_awardee_list,municipality,Illinois Hospitality Emergency Grant Program,grant,historical_award,closed,Historical 2020 state emergency grant award from a closed program; not an active opportunity or an estimate of available funding. Municipality and county are source-published; no street address or ZIP is inferred.
Logan B&B,,Chicago,Cook,25000,https://dceo.illinois.gov/content/dam/soi/en/web/dceo/smallbizassistance/documents/hospitality-grant-awardees-full-list.pdf,2020-04-27,official_confirmed_awardee_list,municipality,Illinois Hospitality Emergency Grant Program,grant,historical_award,closed,Historical 2020 state emergency grant award from a closed program; not an active opportunity or an estimate of available funding. Municipality and county are source-published; no street address or ZIP is inferred.
Mary Hall,,Eureka,Woodford,10000,https://dceo.illinois.gov/content/dam/soi/en/web/dceo/smallbizassistance/documents/hospitality-grant-awardees-full-list.pdf,2020-04-27,official_confirmed_awardee_list,municipality,Illinois Hospitality Emergency Grant Program,grant,historical_award,closed,Historical 2020 state emergency grant award from a closed program; not an active opportunity or an estimate of available funding. Municipality and county are source-published; no street address or ZIP is inferred.
MMRP LLC,,Des Plaines,Cook,25000,https://dceo.illinois.gov/content/dam/soi/en/web/dceo/smallbizassistance/documents/hospitality-grant-awardees-full-list.pdf,2020-04-27,official_confirmed_awardee_list,municipality,Illinois Hospitality Emergency Grant Program,grant,historical_award,closed,Historical 2020 state emergency grant award from a closed program; not an active opportunity or an estimate of available funding. Municipality and county are source-published; no street address or ZIP is inferred.
Monticello Bowl & Lounge,,Monticello,Piatt,10000,https://dceo.illinois.gov/content/dam/soi/en/web/dceo/smallbizassistance/documents/hospitality-grant-awardees-full-list.pdf,2020-04-27,official_confirmed_awardee_list,municipality,Illinois Hospitality Emergency Grant Program,grant,historical_award,closed,Historical 2020 state emergency grant award from a closed program; not an active opportunity or an estimate of available funding. Municipality and county are source-published; no street address or ZIP is inferred.
"New Crown Holdings, LLC",,Gurnee,Lake,50000,https://dceo.illinois.gov/content/dam/soi/en/web/dceo/smallbizassistance/documents/hospitality-grant-awardees-full-list.pdf,2020-04-27,official_confirmed_awardee_list,municipality,Illinois Hospitality Emergency Grant Program,grant,historical_award,closed,Historical 2020 state emergency grant award from a closed program; not an active opportunity or an estimate of available funding. Municipality and county are source-published; no street address or ZIP is inferred.
"Ober Fifth Subs, Inc.",,Peoria,Peoria,25000,https://dceo.illinois.gov/content/dam/soi/en/web/dceo/smallbizassistance/documents/hospitality-grant-awardees-full-list.pdf,2020-04-27,official_confirmed_awardee_list,municipality,Illinois Hospitality Emergency Grant Program,grant,historical_award,closed,Historical 2020 state emergency grant award from a closed program; not an active opportunity or an estimate of available funding. Municipality and county are source-published; no street address or ZIP is inferred.
OM SHIVAYA LLC,,WAUKEGAN,Lake,25000,https://dceo.illinois.gov/content/dam/soi/en/web/dceo/smallbizassistance/documents/hospitality-grant-awardees-full-list.pdf,2020-04-27,official_confirmed_awardee_list,municipality,Illinois Hospitality Emergency Grant Program,grant,historical_award,closed,Historical 2020 state emergency grant award from a closed program; not an active opportunity or an estimate of available funding. Municipality and county are source-published; no street address or ZIP is inferred.
"On the Rox Pub & Grub, Inc.",,Altamont,Effingham,10000,https://dceo.illinois.gov/content/dam/soi/en/web/dceo/smallbizassistance/documents/hospitality-grant-awardees-full-list.pdf,2020-04-27,official_confirmed_awardee_list,municipality,Illinois Hospitality Emergency Grant Program,grant,historical_award,closed,Historical 2020 state emergency grant award from a closed program; not an active opportunity or an estimate of available funding. Municipality and county are source-published; no street address or ZIP is inferred.
Pour 322 Coffeehouse & Cupcakes Too,,Belleville,St. Clair,10000,https://dceo.illinois.gov/content/dam/soi/en/web/dceo/smallbizassistance/documents/hospitality-grant-awardees-full-list.pdf,2020-04-27,official_confirmed_awardee_list,municipality,Illinois Hospitality Emergency Grant Program,grant,historical_award,closed,Historical 2020 state emergency grant award from a closed program; not an active opportunity or an estimate of available funding. Municipality and county are source-published; no street address or ZIP is inferred.
Pramanik LLC,,Chicago,Cook,10000,https://dceo.illinois.gov/content/dam/soi/en/web/dceo/smallbizassistance/documents/hospitality-grant-awardees-full-list.pdf,2020-04-27,official_confirmed_awardee_list,municipality,Illinois Hospitality Emergency Grant Program,grant,historical_award,closed,Historical 2020 state emergency grant award from a closed program; not an active opportunity or an estimate of available funding. Municipality and county are source-published; no street address or ZIP is inferred.
Raahi Nivas Inc,,Mendota,La Salle,25000,https://dceo.illinois.gov/content/dam/soi/en/web/dceo/smallbizassistance/documents/hospitality-grant-awardees-full-list.pdf,2020-04-27,official_confirmed_awardee_list,municipality,Illinois Hospitality Emergency Grant Program,grant,historical_award,closed,Historical 2020 state emergency grant award from a closed program; not an active opportunity or an estimate of available funding. Municipality and county are source-published; no street address or ZIP is inferred.
"Rakestraw Enterprises, LLC",,Annawan,Henry,10000,https://dceo.illinois.gov/content/dam/soi/en/web/dceo/smallbizassistance/documents/hospitality-grant-awardees-full-list.pdf,2020-04-27,official_confirmed_awardee_list,municipality,Illinois Hospitality Emergency Grant Program,grant,historical_award,closed,Historical 2020 state emergency grant award from a closed program; not an active opportunity or an estimate of available funding. Municipality and county are source-published; no street address or ZIP is inferred.
Ray Herrin Corp. d/b/a R & L Sports Bar,,East Alton,Madison,10000,https://dceo.illinois.gov/content/dam/soi/en/web/dceo/smallbizassistance/documents/hospitality-grant-awardees-full-list.pdf,2020-04-27,official_confirmed_awardee_list,municipality,Illinois Hospitality Emergency Grant Program,grant,historical_award,closed,Historical 2020 state emergency grant award from a closed program; not an active opportunity or an estimate of available funding. Municipality and county are source-published; no street address or ZIP is inferred.
RELIANCE LLC,Comfort Suites,GRAYSLAKE,Lake,25000,https://dceo.illinois.gov/content/dam/soi/en/web/dceo/smallbizassistance/documents/hospitality-grant-awardees-full-list.pdf,2020-04-27,official_confirmed_awardee_list,municipality,Illinois Hospitality Emergency Grant Program,grant,historical_award,closed,Historical 2020 state emergency grant award from a closed program; not an active opportunity or an estimate of available funding. Municipality and county are source-published; no street address or ZIP is inferred.
Rick & Anita's Inc.,,Chatsworth,Livingston,10000,https://dceo.illinois.gov/content/dam/soi/en/web/dceo/smallbizassistance/documents/hospitality-grant-awardees-full-list.pdf,2020-04-27,official_confirmed_awardee_list,municipality,Illinois Hospitality Emergency Grant Program,grant,historical_award,closed,Historical 2020 state emergency grant award from a closed program; not an active opportunity or an estimate of available funding. Municipality and county are source-published; no street address or ZIP is inferred.
River Donuts Inc.,,Des Plaines,Cook,25000,https://dceo.illinois.gov/content/dam/soi/en/web/dceo/smallbizassistance/documents/hospitality-grant-awardees-full-list.pdf,2020-04-27,official_confirmed_awardee_list,municipality,Illinois Hospitality Emergency Grant Program,grant,historical_award,closed,Historical 2020 state emergency grant award from a closed program; not an active opportunity or an estimate of available funding. Municipality and county are source-published; no street address or ZIP is inferred.
Riverfront Bar & Grill,,Peru,La Salle,10000,https://dceo.illinois.gov/content/dam/soi/en/web/dceo/smallbizassistance/documents/hospitality-grant-awardees-full-list.pdf,2020-04-27,official_confirmed_awardee_list,municipality,Illinois Hospitality Emergency Grant Program,grant,historical_award,closed,Historical 2020 state emergency grant award from a closed program; not an active opportunity or an estimate of available funding. Municipality and county are source-published; no street address or ZIP is inferred.
"Salem, IL 0614 LLC",,Salem,Marion,25000,https://dceo.illinois.gov/content/dam/soi/en/web/dceo/smallbizassistance/documents/hospitality-grant-awardees-full-list.pdf,2020-04-27,official_confirmed_awardee_list,municipality,Illinois Hospitality Emergency Grant Program,grant,historical_award,closed,Historical 2020 state emergency grant award from a closed program; not an active opportunity or an estimate of available funding. Municipality and county are source-published; no street address or ZIP is inferred.
"Snyder Brickyard Hotel, LLC",,Bloomington,McLean,50000,https://dceo.illinois.gov/content/dam/soi/en/web/dceo/smallbizassistance/documents/hospitality-grant-awardees-full-list.pdf,2020-04-27,official_confirmed_awardee_list,municipality,Illinois Hospitality Emergency Grant Program,grant,historical_award,closed,Historical 2020 state emergency grant award from a closed program; not an active opportunity or an estimate of available funding. Municipality and county are source-published; no street address or ZIP is inferred.
Soham illinois inc,American Inn Motel,Beachpark,Lake,25000,https://dceo.illinois.gov/content/dam/soi/en/web/dceo/smallbizassistance/documents/hospitality-grant-awardees-full-list.pdf,2020-04-27,official_confirmed_awardee_list,municipality,Illinois Hospitality Emergency Grant Program,grant,historical_award,closed,Historical 2020 state emergency grant award from a closed program; not an active opportunity or an estimate of available funding. Municipality and county are source-published; no street address or ZIP is inferred.
Southland Development LLC,,Tinley Park,Will,25000,https://dceo.illinois.gov/content/dam/soi/en/web/dceo/smallbizassistance/documents/hospitality-grant-awardees-full-list.pdf,2020-04-27,official_confirmed_awardee_list,municipality,Illinois Hospitality Emergency Grant Program,grant,historical_award,closed,Historical 2020 state emergency grant award from a closed program; not an active opportunity or an estimate of available funding. Municipality and county are source-published; no street address or ZIP is inferred.
Station 343 LLC,,Dwight,Livingston,25000,https://dceo.illinois.gov/content/dam/soi/en/web/dceo/smallbizassistance/documents/hospitality-grant-awardees-full-list.pdf,2020-04-27,official_confirmed_awardee_list,municipality,Illinois Hospitality Emergency Grant Program,grant,historical_award,closed,Historical 2020 state emergency grant award from a closed program; not an active opportunity or an estimate of available funding. Municipality and county are source-published; no street address or ZIP is inferred.
"SWEET 'N BREW CAFE, INC",,Addison,DuPage,10000,https://dceo.illinois.gov/content/dam/soi/en/web/dceo/smallbizassistance/documents/hospitality-grant-awardees-full-list.pdf,2020-04-27,official_confirmed_awardee_list,municipality,Illinois Hospitality Emergency Grant Program,grant,historical_award,closed,Historical 2020 state emergency grant award from a closed program; not an active opportunity or an estimate of available funding. Municipality and county are source-published; no street address or ZIP is inferred.
Taqueria Toluca #1 INC,Taqueria Toluca,WAUKEGAN,Lake,10000,https://dceo.illinois.gov/content/dam/soi/en/web/dceo/smallbizassistance/documents/hospitality-grant-awardees-full-list.pdf,2020-04-27,official_confirmed_awardee_list,municipality,Illinois Hospitality Emergency Grant Program,grant,historical_award,closed,Historical 2020 state emergency grant award from a closed program; not an active opportunity or an estimate of available funding. Municipality and county are source-published; no street address or ZIP is inferred.
The Funky Monkey LLC,,Taylorville,Christian,10000,https://dceo.illinois.gov/content/dam/soi/en/web/dceo/smallbizassistance/documents/hospitality-grant-awardees-full-list.pdf,2020-04-27,official_confirmed_awardee_list,municipality,Illinois Hospitality Emergency Grant Program,grant,historical_award,closed,Historical 2020 state emergency grant award from a closed program; not an active opportunity or an estimate of available funding. Municipality and county are source-published; no street address or ZIP is inferred.
The Jazz Showcase,,Chicago,Cook,25000,https://dceo.illinois.gov/content/dam/soi/en/web/dceo/smallbizassistance/documents/hospitality-grant-awardees-full-list.pdf,2020-04-27,official_confirmed_awardee_list,municipality,Illinois Hospitality Emergency Grant Program,grant,historical_award,closed,Historical 2020 state emergency grant award from a closed program; not an active opportunity or an estimate of available funding. Municipality and county are source-published; no street address or ZIP is inferred.
The Joinery Studios LLC,,Chicago,Cook,10000,https://dceo.illinois.gov/content/dam/soi/en/web/dceo/smallbizassistance/documents/hospitality-grant-awardees-full-list.pdf,2020-04-27,official_confirmed_awardee_list,municipality,Illinois Hospitality Emergency Grant Program,grant,historical_award,closed,Historical 2020 state emergency grant award from a closed program; not an active opportunity or an estimate of available funding. Municipality and county are source-published; no street address or ZIP is inferred.
The Junction,,DePue,Bureau,10000,https://dceo.illinois.gov/content/dam/soi/en/web/dceo/smallbizassistance/documents/hospitality-grant-awardees-full-list.pdf,2020-04-27,official_confirmed_awardee_list,municipality,Illinois Hospitality Emergency Grant Program,grant,historical_award,closed,Historical 2020 state emergency grant award from a closed program; not an active opportunity or an estimate of available funding. Municipality and county are source-published; no street address or ZIP is inferred.
The open Door Diner,,ALTAMONT,Effingham,10000,https://dceo.illinois.gov/content/dam/soi/en/web/dceo/smallbizassistance/documents/hospitality-grant-awardees-full-list.pdf,2020-04-27,official_confirmed_awardee_list,municipality,Illinois Hospitality Emergency Grant Program,grant,historical_award,closed,Historical 2020 state emergency grant award from a closed program; not an active opportunity or an estimate of available funding. Municipality and county are source-published; no street address or ZIP is inferred.
"The Village Tavern of Long Grove, Inc.",,LONG GROVE,Lake,25000,https://dceo.illinois.gov/content/dam/soi/en/web/dceo/smallbizassistance/documents/hospitality-grant-awardees-full-list.pdf,2020-04-27,official_confirmed_awardee_list,municipality,Illinois Hospitality Emergency Grant Program,grant,historical_award,closed,Historical 2020 state emergency grant award from a closed program; not an active opportunity or an estimate of available funding. Municipality and county are source-published; no street address or ZIP is inferred.
Umiya Hotel Venture LLC,,Joliet,Will,25000,https://dceo.illinois.gov/content/dam/soi/en/web/dceo/smallbizassistance/documents/hospitality-grant-awardees-full-list.pdf,2020-04-27,official_confirmed_awardee_list,municipality,Illinois Hospitality Emergency Grant Program,grant,historical_award,closed,Historical 2020 state emergency grant award from a closed program; not an active opportunity or an estimate of available funding. Municipality and county are source-published; no street address or ZIP is inferred.
VISION INC.,,SPRINGFIELD,Sangamon,25000,https://dceo.illinois.gov/content/dam/soi/en/web/dceo/smallbizassistance/documents/hospitality-grant-awardees-full-list.pdf,2020-04-27,official_confirmed_awardee_list,municipality,Illinois Hospitality Emergency Grant Program,grant,historical_award,closed,Historical 2020 state emergency grant award from a closed program; not an active opportunity or an estimate of available funding. Municipality and county are source-published; no street address or ZIP is inferred.
Weisbrod LLC,,Peru,La Salle,25000,https://dceo.illinois.gov/content/dam/soi/en/web/dceo/smallbizassistance/documents/hospitality-grant-awardees-full-list.pdf,2020-04-27,official_confirmed_awardee_list,municipality,Illinois Hospitality Emergency Grant Program,grant,historical_award,closed,Historical 2020 state emergency grant award from a closed program; not an active opportunity or an estimate of available funding. Municipality and county are source-published; no street address or ZIP is inferred.
"Wyler Road, Inc",,Chicago,Cook,25000,https://dceo.illinois.gov/content/dam/soi/en/web/dceo/smallbizassistance/documents/hospitality-grant-awardees-full-list.pdf,2020-04-27,official_confirmed_awardee_list,municipality,Illinois Hospitality Emergency Grant Program,grant,historical_award,closed,Historical 2020 state emergency grant award from a closed program; not an active opportunity or an estimate of available funding. Municipality and county are source-published; no street address or ZIP is inferred.
Atmiya Inc dba Super 8,,SPRIGNFIELD,Sangamon,25000,https://dceo.illinois.gov/content/dam/soi/en/web/dceo/smallbizassistance/documents/hospitality-grant-awardees-full-list.pdf,2020-04-27,official_confirmed_awardee_list,municipality,Illinois Hospitality Emergency Grant Program,grant,historical_award,closed,Historical 2020 state emergency grant award from a closed program; not an active opportunity or an estimate of available funding. Municipality and county are source-published; no street address or ZIP is inferred.
B-Andy's Inc. dba Cozzi Corner Hot Dogs & Beef,Cozzi Corner Hot Dogs & Beef,Downers Grove,DuPage,10000,https://dceo.illinois.gov/content/dam/soi/en/web/dceo/smallbizassistance/documents/hospitality-grant-awardees-full-list.pdf,2020-04-27,official_confirmed_awardee_list,municipality,Illinois Hospitality Emergency Grant Program,grant,historical_award,closed,Historical 2020 state emergency grant award from a closed program; not an active opportunity or an estimate of available funding. Municipality and county are source-published; no street address or ZIP is inferred.
bar and grill,,rockford,Winnebago,10000,https://dceo.illinois.gov/content/dam/soi/en/web/dceo/smallbizassistance/documents/hospitality-grant-awardees-full-list.pdf,2020-04-27,official_confirmed_awardee_list,municipality,Illinois Hospitality Emergency Grant Program,grant,historical_award,closed,Historical 2020 state emergency grant award from a closed program; not an active opportunity or an estimate of available funding. Municipality and county are source-published; no street address or ZIP is inferred.
"Bayern Stube, Inc.",Bayern Stube,Gibson City,Ford,25000,https://dceo.illinois.gov/content/dam/soi/en/web/dceo/smallbizassistance/documents/hospitality-grant-awardees-full-list.pdf,2020-04-27,official_confirmed_awardee_list,municipality,Illinois Hospitality Emergency Grant Program,grant,historical_award,closed,Historical 2020 state emergency grant award from a closed program; not an active opportunity or an estimate of available funding. Municipality and county are source-published; no street address or ZIP is inferred.
"Beverly Motel & Suites, Inc.",,Chicago,Cook,25000,https://dceo.illinois.gov/content/dam/soi/en/web/dceo/smallbizassistance/documents/hospitality-grant-awardees-full-list.pdf,2020-04-27,official_confirmed_awardee_list,municipality,Illinois Hospitality Emergency Grant Program,grant,historical_award,closed,Historical 2020 state emergency grant award from a closed program; not an active opportunity or an estimate of available funding. Municipality and county are source-published; no street address or ZIP is inferred.
"BOHICA Bar & Grill, Inc.",Zoe's Patio,Chicago,Cook,25000,https://dceo.illinois.gov/content/dam/soi/en/web/dceo/smallbizassistance/documents/hospitality-grant-awardees-full-list.pdf,2020-04-27,official_confirmed_awardee_list,municipality,Illinois Hospitality Emergency Grant Program,grant,historical_award,closed,Historical 2020 state emergency grant award from a closed program; not an active opportunity or an estimate of available funding. Municipality and county are source-published; no street address or ZIP is inferred.
"Bonkers Pub & Grub, Inc. (dba Rookies Club, Lucky Jacks 3, Lu",Rookie's Club,Mattoon,Coles,10000,https://dceo.illinois.gov/content/dam/soi/en/web/dceo/smallbizassistance/documents/hospitality-grant-awardees-full-list.pdf,2020-04-27,official_confirmed_awardee_list,municipality,Illinois Hospitality Emergency Grant Program,grant,historical_award,closed,Historical 2020 state emergency grant award from a closed program; not an active opportunity or an estimate of available funding. Municipality and county are source-published; no street address or ZIP is inferred.
"Cafe Stoa Inc. Mom""s Old Recipe",Mom's Old Recipe,Chicago,Cook,25000,https://dceo.illinois.gov/content/dam/soi/en/web/dceo/smallbizassistance/documents/hospitality-grant-awardees-full-list.pdf,2020-04-27,official_confirmed_awardee_list,municipality,Illinois Hospitality Emergency Grant Program,grant,historical_award,closed,Historical 2020 state emergency grant award from a closed program; not an active opportunity or an estimate of available funding. Municipality and county are source-published; no street address or ZIP is inferred.
Chester Investments Inc,,Romeoville,Will,25000,https://dceo.illinois.gov/content/dam/soi/en/web/dceo/smallbizassistance/documents/hospitality-grant-awardees-full-list.pdf,2020-04-27,official_confirmed_awardee_list,municipality,Illinois Hospitality Emergency Grant Program,grant,historical_award,closed,Historical 2020 state emergency grant award from a closed program; not an active opportunity or an estimate of available funding. Municipality and county are source-published; no street address or ZIP is inferred.
Chinatown Hotel Corporation,,Chicago,Cook,25000,https://dceo.illinois.gov/content/dam/soi/en/web/dceo/smallbizassistance/documents/hospitality-grant-awardees-full-list.pdf,2020-04-27,official_confirmed_awardee_list,municipality,Illinois Hospitality Emergency Grant Program,grant,historical_award,closed,Historical 2020 state emergency grant award from a closed program; not an active opportunity or an estimate of available funding. Municipality and county are source-published; no street address or ZIP is inferred.
Continental house of pancakes,,South Holland,Cook,25000,https://dceo.illinois.gov/content/dam/soi/en/web/dceo/smallbizassistance/documents/hospitality-grant-awardees-full-list.pdf,2020-04-27,official_confirmed_awardee_list,municipality,Illinois Hospitality Emergency Grant Program,grant,historical_award,closed,Historical 2020 state emergency grant award from a closed program; not an active opportunity or an estimate of available funding. Municipality and county are source-published; no street address or ZIP is inferred.
Dee's Restaurant,,Chicago,Cook,25000,https://dceo.illinois.gov/content/dam/soi/en/web/dceo/smallbizassistance/documents/hospitality-grant-awardees-full-list.pdf,2020-04-27,official_confirmed_awardee_list,municipality,Illinois Hospitality Emergency Grant Program,grant,historical_award,closed,Historical 2020 state emergency grant award from a closed program; not an active opportunity or an estimate of available funding. Municipality and county are source-published; no street address or ZIP is inferred.
Doreen's Restaurant LLC,,Sparta,Randolph,25000,https://dceo.illinois.gov/content/dam/soi/en/web/dceo/smallbizassistance/documents/hospitality-grant-awardees-full-list.pdf,2020-04-27,official_confirmed_awardee_list,municipality,Illinois Hospitality Emergency Grant Program,grant,historical_award,closed,Historical 2020 state emergency grant award from a closed program; not an active opportunity or an estimate of available funding. Municipality and county are source-published; no street address or ZIP is inferred.
EDEN ON THE RIVER 1 LLC,,Saint Charles,Kane,25000,https://dceo.illinois.gov/content/dam/soi/en/web/dceo/smallbizassistance/documents/hospitality-grant-awardees-full-list.pdf,2020-04-27,official_confirmed_awardee_list,municipality,Illinois Hospitality Emergency Grant Program,grant,historical_award,closed,Historical 2020 state emergency grant award from a closed program; not an active opportunity or an estimate of available funding. Municipality and county are source-published; no street address or ZIP is inferred.
eliska inc dba quality inn,Quality Inn,BOLINGBROOK,Will,25000,https://dceo.illinois.gov/content/dam/soi/en/web/dceo/smallbizassistance/documents/hospitality-grant-awardees-full-list.pdf,2020-04-27,official_confirmed_awardee_list,municipality,Illinois Hospitality Emergency Grant Program,grant,historical_award,closed,Historical 2020 state emergency grant award from a closed program; not an active opportunity or an estimate of available funding. Municipality and county are source-published; no street address or ZIP is inferred.
Ellie's Deli,,Naperville,DuPage,10000,https://dceo.illinois.gov/content/dam/soi/en/web/dceo/smallbizassistance/documents/hospitality-grant-awardees-full-list.pdf,2020-04-27,official_confirmed_awardee_list,municipality,Illinois Hospitality Emergency Grant Program,grant,historical_award,closed,Historical 2020 state emergency grant award from a closed program; not an active opportunity or an estimate of available funding. Municipality and county are source-published; no street address or ZIP is inferred.
"Fine Eatz, LLC",Biono Pizza Co,Normal,McLean,10000,https://dceo.illinois.gov/content/dam/soi/en/web/dceo/smallbizassistance/documents/hospitality-grant-awardees-full-list.pdf,2020-04-27,official_confirmed_awardee_list,municipality,Illinois Hospitality Emergency Grant Program,grant,historical_award,closed,Historical 2020 state emergency grant award from a closed program; not an active opportunity or an estimate of available funding. Municipality and county are source-published; no street address or ZIP is inferred.
Forgottonia Brewing LLC,,Macomb,McDonough,10000,https://dceo.illinois.gov/content/dam/soi/en/web/dceo/smallbizassistance/documents/hospitality-grant-awardees-full-list.pdf,2020-04-27,official_confirmed_awardee_list,municipality,Illinois Hospitality Emergency Grant Program,grant,historical_award,closed,Historical 2020 state emergency grant award from a closed program; not an active opportunity or an estimate of available funding. Municipality and county are source-published; no street address or ZIP is inferred.
Fuzions Casual Bar & Grill INC.,,Rochelle,Ogle,10000,https://dceo.illinois.gov/content/dam/soi/en/web/dceo/smallbizassistance/documents/hospitality-grant-awardees-full-list.pdf,2020-04-27,official_confirmed_awardee_list,municipality,Illinois Hospitality Emergency Grant Program,grant,historical_award,closed,Historical 2020 state emergency grant award from a closed program; not an active opportunity or an estimate of available funding. Municipality and county are source-published; no street address or ZIP is inferred.
G2G. INC d/b/a sushi express,Sushi Express,PARK RIDGE,Cook,10000,https://dceo.illinois.gov/content/dam/soi/en/web/dceo/smallbizassistance/documents/hospitality-grant-awardees-full-list.pdf,2020-04-27,official_confirmed_awardee_list,municipality,Illinois Hospitality Emergency Grant Program,grant,historical_award,closed,Historical 2020 state emergency grant award from a closed program; not an active opportunity or an estimate of available funding. Municipality and county are source-published; no street address or ZIP is inferred.
Garifuna Flava Caribbean Restaurant: A Taste of Belize,,Chicago,Cook,10000,https://dceo.illinois.gov/content/dam/soi/en/web/dceo/smallbizassistance/documents/hospitality-grant-awardees-full-list.pdf,2020-04-27,official_confirmed_awardee_list,municipality,Illinois Hospitality Emergency Grant Program,grant,historical_award,closed,Historical 2020 state emergency grant award from a closed program; not an active opportunity or an estimate of available funding. Municipality and county are source-published; no street address or ZIP is inferred.
Getaway Hostel,Getaway Hostel / 616 Arlington Pro,Chicago,Cook,25000,https://dceo.illinois.gov/content/dam/soi/en/web/dceo/smallbizassistance/documents/hospitality-grant-awardees-full-list.pdf,2020-04-27,official_confirmed_awardee_list,municipality,Illinois Hospitality Emergency Grant Program,grant,historical_award,closed,Historical 2020 state emergency grant award from a closed program; not an active opportunity or an estimate of available funding. Municipality and county are source-published; no street address or ZIP is inferred.
GK Margie's Inc.,,Westmont,DuPage,10000,https://dceo.illinois.gov/content/dam/soi/en/web/dceo/smallbizassistance/documents/hospitality-grant-awardees-full-list.pdf,2020-04-27,official_confirmed_awardee_list,municipality,Illinois Hospitality Emergency Grant Program,grant,historical_award,closed,Historical 2020 state emergency grant award from a closed program; not an active opportunity or an estimate of available funding. Municipality and county are source-published; no street address or ZIP is inferred.
Gleim & Basil Inc DBA Pizzas by Marchelloni,Marchelloni,Peru,La Salle,10000,https://dceo.illinois.gov/content/dam/soi/en/web/dceo/smallbizassistance/documents/hospitality-grant-awardees-full-list.pdf,2020-04-27,official_confirmed_awardee_list,municipality,Illinois Hospitality Emergency Grant Program,grant,historical_award,closed,Historical 2020 state emergency grant award from a closed program; not an active opportunity or an estimate of available funding. Municipality and county are source-published; no street address or ZIP is inferred.
Hyatt Place Champaign/Urbana,,Champaign,Champaign,50000,https://dceo.illinois.gov/content/dam/soi/en/web/dceo/smallbizassistance/documents/hospitality-grant-awardees-full-list.pdf,2020-04-27,official_confirmed_awardee_list,municipality,Illinois Hospitality Emergency Grant Program,grant,historical_award,closed,Historical 2020 state emergency grant award from a closed program; not an active opportunity or an estimate of available funding. Municipality and county are source-published; no street address or ZIP is inferred.
"Justice of the Pies, L3C",,Chicago,Cook,10000,https://dceo.illinois.gov/content/dam/soi/en/web/dceo/smallbizassistance/documents/hospitality-grant-awardees-full-list.pdf,2020-04-27,official_confirmed_awardee_list,municipality,Illinois Hospitality Emergency Grant Program,grant,historical_award,closed,Historical 2020 state emergency grant award from a closed program; not an active opportunity or an estimate of available funding. Municipality and county are source-published; no street address or ZIP is inferred.
LePeep Restaurant,LePeep Restaurant,Peoria,Peoria,25000,https://dceo.illinois.gov/content/dam/soi/en/web/dceo/smallbizassistance/documents/hospitality-grant-awardees-full-list.pdf,2020-04-27,official_confirmed_awardee_list,municipality,Illinois Hospitality Emergency Grant Program,grant,historical_award,closed,Historical 2020 state emergency grant award from a closed program; not an active opportunity or an estimate of available funding. Municipality and county are source-published; no street address or ZIP is inferred.
Lucky Dog Pub,,Windsor,Shelby,10000,https://dceo.illinois.gov/content/dam/soi/en/web/dceo/smallbizassistance/documents/hospitality-grant-awardees-full-list.pdf,2020-04-27,official_confirmed_awardee_list,municipality,Illinois Hospitality Emergency Grant Program,grant,historical_award,closed,Historical 2020 state emergency grant award from a closed program; not an active opportunity or an estimate of available funding. Municipality and county are source-published; no street address or ZIP is inferred.
"Macy Properties, LLC - Series Kona Ice of Peoria",,Marquette Heights,Tazewell,10000,https://dceo.illinois.gov/content/dam/soi/en/web/dceo/smallbizassistance/documents/hospitality-grant-awardees-full-list.pdf,2020-04-27,official_confirmed_awardee_list,municipality,Illinois Hospitality Emergency Grant Program,grant,historical_award,closed,Historical 2020 state emergency grant award from a closed program; not an active opportunity or an estimate of available funding. Municipality and county are source-published; no street address or ZIP is inferred.
"Mangez Moi, Inc - dba - la petite folie",,Chicago,Cook,25000,https://dceo.illinois.gov/content/dam/soi/en/web/dceo/smallbizassistance/documents/hospitality-grant-awardees-full-list.pdf,2020-04-27,official_confirmed_awardee_list,municipality,Illinois Hospitality Emergency Grant Program,grant,historical_award,closed,Historical 2020 state emergency grant award from a closed program; not an active opportunity or an estimate of available funding. Municipality and county are source-published; no street address or ZIP is inferred.
Mariscos la playa,,Chicago,Cook,10000,https://dceo.illinois.gov/content/dam/soi/en/web/dceo/smallbizassistance/documents/hospitality-grant-awardees-full-list.pdf,2020-04-27,official_confirmed_awardee_list,municipality,Illinois Hospitality Emergency Grant Program,grant,historical_award,closed,Historical 2020 state emergency grant award from a closed program; not an active opportunity or an estimate of available funding. Municipality and county are source-published; no street address or ZIP is inferred.
Mi Sun INC D/B/A Omi Motel,,chicago,Cook,25000,https://dceo.illinois.gov/content/dam/soi/en/web/dceo/smallbizassistance/documents/hospitality-grant-awardees-full-list.pdf,2020-04-27,official_confirmed_awardee_list,municipality,Illinois Hospitality Emergency Grant Program,grant,historical_award,closed,Historical 2020 state emergency grant award from a closed program; not an active opportunity or an estimate of available funding. Municipality and county are source-published; no street address or ZIP is inferred.
Motel 6,,Troy,Madison,50000,https://dceo.illinois.gov/content/dam/soi/en/web/dceo/smallbizassistance/documents/hospitality-grant-awardees-full-list.pdf,2020-04-27,official_confirmed_awardee_list,municipality,Illinois Hospitality Emergency Grant Program,grant,historical_award,closed,Historical 2020 state emergency grant award from a closed program; not an active opportunity or an estimate of available funding. Municipality and county are source-published; no street address or ZIP is inferred.
Mr. Ging Chop Suey,,Chicago,Cook,10000,https://dceo.illinois.gov/content/dam/soi/en/web/dceo/smallbizassistance/documents/hospitality-grant-awardees-full-list.pdf,2020-04-27,official_confirmed_awardee_list,municipality,Illinois Hospitality Emergency Grant Program,grant,historical_award,closed,Historical 2020 state emergency grant award from a closed program; not an active opportunity or an estimate of available funding. Municipality and county are source-published; no street address or ZIP is inferred.
Nisha food inc DBA Subway,,Chicago,Cook,10000,https://dceo.illinois.gov/content/dam/soi/en/web/dceo/smallbizassistance/documents/hospitality-grant-awardees-full-list.pdf,2020-04-27,official_confirmed_awardee_list,municipality,Illinois Hospitality Emergency Grant Program,grant,historical_award,closed,Historical 2020 state emergency grant award from a closed program; not an active opportunity or an estimate of available funding. Municipality and county are source-published; no street address or ZIP is inferred.
"OTTAWA LODGE NO 960, LOYAL ORDER OF MOOSE",,OTTAWA,La Salle,10000,https://dceo.illinois.gov/content/dam/soi/en/web/dceo/smallbizassistance/documents/hospitality-grant-awardees-full-list.pdf,2020-04-27,official_confirmed_awardee_list,municipality,Illinois Hospitality Emergency Grant Program,grant,historical_award,closed,Historical 2020 state emergency grant award from a closed program; not an active opportunity or an estimate of available funding. Municipality and county are source-published; no street address or ZIP is inferred.
"Pinnacle Hospitality,LLC dba Motel 6-Metropolis",,Metropolis,Massac,25000,https://dceo.illinois.gov/content/dam/soi/en/web/dceo/smallbizassistance/documents/hospitality-grant-awardees-full-list.pdf,2020-04-27,official_confirmed_awardee_list,municipality,Illinois Hospitality Emergency Grant Program,grant,historical_award,closed,Historical 2020 state emergency grant award from a closed program; not an active opportunity or an estimate of available funding. Municipality and county are source-published; no street address or ZIP is inferred.
QUALITY INN AND SUITES,,Danville,Vermilion,25000,https://dceo.illinois.gov/content/dam/soi/en/web/dceo/smallbizassistance/documents/hospitality-grant-awardees-full-list.pdf,2020-04-27,official_confirmed_awardee_list,municipality,Illinois Hospitality Emergency Grant Program,grant,historical_award,closed,Historical 2020 state emergency grant award from a closed program; not an active opportunity or an estimate of available funding. Municipality and county are source-published; no street address or ZIP is inferred.
Robert Glenn Bridges DBA Kalin's Cafe,Kalin's Café,Du Quoin,Perry,10000,https://dceo.illinois.gov/content/dam/soi/en/web/dceo/smallbizassistance/documents/hospitality-grant-awardees-full-list.pdf,2020-04-27,official_confirmed_awardee_list,municipality,Illinois Hospitality Emergency Grant Program,grant,historical_award,closed,Historical 2020 state emergency grant award from a closed program; not an active opportunity or an estimate of available funding. Municipality and county are source-published; no street address or ZIP is inferred.
"ROOKIES BRIMFIELD,INC.",,BRIMFIELD,Peoria,10000,https://dceo.illinois.gov/content/dam/soi/en/web/dceo/smallbizassistance/documents/hospitality-grant-awardees-full-list.pdf,2020-04-27,official_confirmed_awardee_list,municipality,Illinois Hospitality Emergency Grant Program,grant,historical_award,closed,Historical 2020 state emergency grant award from a closed program; not an active opportunity or an estimate of available funding. Municipality and county are source-published; no street address or ZIP is inferred.
Show Med,Show-Me's,Fairview heights,St. Clair,25000,https://dceo.illinois.gov/content/dam/soi/en/web/dceo/smallbizassistance/documents/hospitality-grant-awardees-full-list.pdf,2020-04-27,official_confirmed_awardee_list,municipality,Illinois Hospitality Emergency Grant Program,grant,historical_award,closed,Historical 2020 state emergency grant award from a closed program; not an active opportunity or an estimate of available funding. Municipality and county are source-published; no street address or ZIP is inferred.
Sky Hospitality Inc DBA Country Inn & Suites,,Tinley Park,Cook,25000,https://dceo.illinois.gov/content/dam/soi/en/web/dceo/smallbizassistance/documents/hospitality-grant-awardees-full-list.pdf,2020-04-27,official_confirmed_awardee_list,municipality,Illinois Hospitality Emergency Grant Program,grant,historical_award,closed,Historical 2020 state emergency grant award from a closed program; not an active opportunity or an estimate of available funding. Municipality and county are source-published; no street address or ZIP is inferred.
Stanbeau Inc. (dba. The Hanger ),,Shiloh,St. Clair,10000,https://dceo.illinois.gov/content/dam/soi/en/web/dceo/smallbizassistance/documents/hospitality-grant-awardees-full-list.pdf,2020-04-27,official_confirmed_awardee_list,municipality,Illinois Hospitality Emergency Grant Program,grant,historical_award,closed,Historical 2020 state emergency grant award from a closed program; not an active opportunity or an estimate of available funding. Municipality and county are source-published; no street address or ZIP is inferred.
Staunton VFW Post #1241,,Staunton,Macoupin,10000,https://dceo.illinois.gov/content/dam/soi/en/web/dceo/smallbizassistance/documents/hospitality-grant-awardees-full-list.pdf,2020-04-27,official_confirmed_awardee_list,municipality,Illinois Hospitality Emergency Grant Program,grant,historical_award,closed,Historical 2020 state emergency grant award from a closed program; not an active opportunity or an estimate of available funding. Municipality and county are source-published; no street address or ZIP is inferred.
The Office Bar and Grill,,Channahon,Will,10000,https://dceo.illinois.gov/content/dam/soi/en/web/dceo/smallbizassistance/documents/hospitality-grant-awardees-full-list.pdf,2020-04-27,official_confirmed_awardee_list,municipality,Illinois Hospitality Emergency Grant Program,grant,historical_award,closed,Historical 2020 state emergency grant award from a closed program; not an active opportunity or an estimate of available funding. Municipality and county are source-published; no street address or ZIP is inferred.
Think it inc - V inn,,FRANKLIN PARK,Cook,50000,https://dceo.illinois.gov/content/dam/soi/en/web/dceo/smallbizassistance/documents/hospitality-grant-awardees-full-list.pdf,2020-04-27,official_confirmed_awardee_list,municipality,Illinois Hospitality Emergency Grant Program,grant,historical_award,closed,Historical 2020 state emergency grant award from a closed program; not an active opportunity or an estimate of available funding. Municipality and county are source-published; no street address or ZIP is inferred.
True Service Hospitality LLC DBA Baymont Inn,,Calumet City,Cook,25000,https://dceo.illinois.gov/content/dam/soi/en/web/dceo/smallbizassistance/documents/hospitality-grant-awardees-full-list.pdf,2020-04-27,official_confirmed_awardee_list,municipality,Illinois Hospitality Emergency Grant Program,grant,historical_award,closed,Historical 2020 state emergency grant award from a closed program; not an active opportunity or an estimate of available funding. Municipality and county are source-published; no street address or ZIP is inferred.
Vickie's Place,,McHenry,McHenry,25000,https://dceo.illinois.gov/content/dam/soi/en/web/dceo/smallbizassistance/documents/hospitality-grant-awardees-full-list.pdf,2020-04-27,official_confirmed_awardee_list,municipality,Illinois Hospitality Emergency Grant Program,grant,historical_award,closed,Historical 2020 state emergency grant award from a closed program; not an active opportunity or an estimate of available funding. Municipality and county are source-published; no street address or ZIP is inferred.
"Wheaton JJ, Inc",,Wheaton,DuPage,25000,https://dceo.illinois.gov/content/dam/soi/en/web/dceo/smallbizassistance/documents/hospitality-grant-awardees-full-list.pdf,2020-04-27,official_confirmed_awardee_list,municipality,Illinois Hospitality Emergency Grant Program,grant,historical_award,closed,Historical 2020 state emergency grant award from a closed program; not an active opportunity or an estimate of available funding. Municipality and county are source-published; no street address or ZIP is inferred.
Wild Vine Chicago LLC/ DBA Uvae Kitchen & Wine Bar,,Chicago,Cook,10000,https://dceo.illinois.gov/content/dam/soi/en/web/dceo/smallbizassistance/documents/hospitality-grant-awardees-full-list.pdf,2020-04-27,official_confirmed_awardee_list,municipality,Illinois Hospitality Emergency Grant Program,grant,historical_award,closed,Historical 2020 state emergency grant award from a closed program; not an active opportunity or an estimate of available funding. Municipality and county are source-published; no street address or ZIP is inferred.
Wu's Chinese Cuisine,,Schaumburg,Cook,10000,https://dceo.illinois.gov/content/dam/soi/en/web/dceo/smallbizassistance/documents/hospitality-grant-awardees-full-list.pdf,2020-04-27,official_confirmed_awardee_list,municipality,Illinois Hospitality Emergency Grant Program,grant,historical_award,closed,Historical 2020 state emergency grant award from a closed program; not an active opportunity or an estimate of available funding. Municipality and county are source-published; no street address or ZIP is inferred.
"183 DONUTS, INC.",Dunkin Donuts,Homewood,Cook,25000,https://dceo.illinois.gov/content/dam/soi/en/web/dceo/smallbizassistance/documents/hospitality-grant-awardees-full-list.pdf,2020-04-27,official_confirmed_awardee_list,municipality,Illinois Hospitality Emergency Grant Program,grant,historical_award,closed,Historical 2020 state emergency grant award from a closed program; not an active opportunity or an estimate of available funding. Municipality and county are source-published; no street address or ZIP is inferred.
"1st Avenue Pub, LLC",,Monmouth,Warren,10000,https://dceo.illinois.gov/content/dam/soi/en/web/dceo/smallbizassistance/documents/hospitality-grant-awardees-full-list.pdf,2020-04-27,official_confirmed_awardee_list,municipality,Illinois Hospitality Emergency Grant Program,grant,historical_award,closed,Historical 2020 state emergency grant award from a closed program; not an active opportunity or an estimate of available funding. Municipality and county are source-published; no street address or ZIP is inferred.
Big arts yokel,,Tremont,Tazewell,10000,https://dceo.illinois.gov/content/dam/soi/en/web/dceo/smallbizassistance/documents/hospitality-grant-awardees-full-list.pdf,2020-04-27,official_confirmed_awardee_list,municipality,Illinois Hospitality Emergency Grant Program,grant,historical_award,closed,Historical 2020 state emergency grant award from a closed program; not an active opportunity or an estimate of available funding. Municipality and county are source-published; no street address or ZIP is inferred.
Chicago Style Grill INC,,Joliet,Will,10000,https://dceo.illinois.gov/content/dam/soi/en/web/dceo/smallbizassistance/documents/hospitality-grant-awardees-full-list.pdf,2020-04-27,official_confirmed_awardee_list,municipality,Illinois Hospitality Emergency Grant Program,grant,historical_award,closed,Historical 2020 state emergency grant award from a closed program; not an active opportunity or an estimate of available funding. Municipality and county are source-published; no street address or ZIP is inferred.
GURU SAI INC,,chicago,Cook,10000,https://dceo.illinois.gov/content/dam/soi/en/web/dceo/smallbizassistance/documents/hospitality-grant-awardees-full-list.pdf,2020-04-27,official_confirmed_awardee_list,municipality,Illinois Hospitality Emergency Grant Program,grant,historical_award,closed,Historical 2020 state emergency grant award from a closed program; not an active opportunity or an estimate of available funding. Municipality and county are source-published; no street address or ZIP is inferred.
Hampton Inn & Suites,,Effingham,Effingham,25000,https://dceo.illinois.gov/content/dam/soi/en/web/dceo/smallbizassistance/documents/hospitality-grant-awardees-full-list.pdf,2020-04-27,official_confirmed_awardee_list,municipality,Illinois Hospitality Emergency Grant Program,grant,historical_award,closed,Historical 2020 state emergency grant award from a closed program; not an active opportunity or an estimate of available funding. Municipality and county are source-published; no street address or ZIP is inferred.
"Hwang Dae Gham, Inc.",,Mundelein,Lake,10000,https://dceo.illinois.gov/content/dam/soi/en/web/dceo/smallbizassistance/documents/hospitality-grant-awardees-full-list.pdf,2020-04-27,official_confirmed_awardee_list,municipality,Illinois Hospitality Emergency Grant Program,grant,historical_award,closed,Historical 2020 state emergency grant award from a closed program; not an active opportunity or an estimate of available funding. Municipality and county are source-published; no street address or ZIP is inferred.
JDM GROUP CORPORATION - DBA BAR TINI LOUNGE,,NORTH RIVERSIDE,Cook,10000,https://dceo.illinois.gov/content/dam/soi/en/web/dceo/smallbizassistance/documents/hospitality-grant-awardees-full-list.pdf,2020-04-27,official_confirmed_awardee_list,municipality,Illinois Hospitality Emergency Grant Program,grant,historical_award,closed,Historical 2020 state emergency grant award from a closed program; not an active opportunity or an estimate of available funding. Municipality and county are source-published; no street address or ZIP is inferred.
Madangopal LLC DBA Super 8,,Chillicothe,Peoria,25000,https://dceo.illinois.gov/content/dam/soi/en/web/dceo/smallbizassistance/documents/hospitality-grant-awardees-full-list.pdf,2020-04-27,official_confirmed_awardee_list,municipality,Illinois Hospitality Emergency Grant Program,grant,historical_award,closed,Historical 2020 state emergency grant award from a closed program; not an active opportunity or an estimate of available funding. Municipality and county are source-published; no street address or ZIP is inferred.
Naperville Hotel LLC,,Naperville,DuPage,25000,https://dceo.illinois.gov/content/dam/soi/en/web/dceo/smallbizassistance/documents/hospitality-grant-awardees-full-list.pdf,2020-04-27,official_confirmed_awardee_list,municipality,Illinois Hospitality Emergency Grant Program,grant,historical_award,closed,Historical 2020 state emergency grant award from a closed program; not an active opportunity or an estimate of available funding. Municipality and county are source-published; no street address or ZIP is inferred.
New Celebrity Lounge Inc.,,Chicago,Cook,10000,https://dceo.illinois.gov/content/dam/soi/en/web/dceo/smallbizassistance/documents/hospitality-grant-awardees-full-list.pdf,2020-04-27,official_confirmed_awardee_list,municipality,Illinois Hospitality Emergency Grant Program,grant,historical_award,closed,Historical 2020 state emergency grant award from a closed program; not an active opportunity or an estimate of available funding. Municipality and county are source-published; no street address or ZIP is inferred.
"New York Slices, Inc",,Highland Park,Lake,10000,https://dceo.illinois.gov/content/dam/soi/en/web/dceo/smallbizassistance/documents/hospitality-grant-awardees-full-list.pdf,2020-04-27,official_confirmed_awardee_list,municipality,Illinois Hospitality Emergency Grant Program,grant,historical_award,closed,Historical 2020 state emergency grant award from a closed program; not an active opportunity or an estimate of available funding. Municipality and county are source-published; no street address or ZIP is inferred.
Noor Kabab Grill Inc,,HARWOOD HEIGHTS,Cook,10000,https://dceo.illinois.gov/content/dam/soi/en/web/dceo/smallbizassistance/documents/hospitality-grant-awardees-full-list.pdf,2020-04-27,official_confirmed_awardee_list,municipality,Illinois Hospitality Emergency Grant Program,grant,historical_award,closed,Historical 2020 state emergency grant award from a closed program; not an active opportunity or an estimate of available funding. Municipality and county are source-published; no street address or ZIP is inferred.
North Aurora Hotel LLC,,North aurora,Kane,25000,https://dceo.illinois.gov/content/dam/soi/en/web/dceo/smallbizassistance/documents/hospitality-grant-awardees-full-list.pdf,2020-04-27,official_confirmed_awardee_list,municipality,Illinois Hospitality Emergency Grant Program,grant,historical_award,closed,Historical 2020 state emergency grant award from a closed program; not an active opportunity or an estimate of available funding. Municipality and county are source-published; no street address or ZIP is inferred.
Old 66 Inc DBA Lucky Moon Saloon,Lucky Moon Saloon,Glenarm,Sangamon,10000,https://dceo.illinois.gov/content/dam/soi/en/web/dceo/smallbizassistance/documents/hospitality-grant-awardees-full-list.pdf,2020-04-27,official_confirmed_awardee_list,municipality,Illinois Hospitality Emergency Grant Program,grant,historical_award,closed,Historical 2020 state emergency grant award from a closed program; not an active opportunity or an estimate of available funding. Municipality and county are source-published; no street address or ZIP is inferred.
Pastificio Inc.,,Highwood,Lake,10000,https://dceo.illinois.gov/content/dam/soi/en/web/dceo/smallbizassistance/documents/hospitality-grant-awardees-full-list.pdf,2020-04-27,official_confirmed_awardee_list,municipality,Illinois Hospitality Emergency Grant Program,grant,historical_award,closed,Historical 2020 state emergency grant award from a closed program; not an active opportunity or an estimate of available funding. Municipality and county are source-published; no street address or ZIP is inferred.
Patel & Patel,,Vienna,Johnson,25000,https://dceo.illinois.gov/content/dam/soi/en/web/dceo/smallbizassistance/documents/hospitality-grant-awardees-full-list.pdf,2020-04-27,official_confirmed_awardee_list,municipality,Illinois Hospitality Emergency Grant Program,grant,historical_award,closed,Historical 2020 state emergency grant award from a closed program; not an active opportunity or an estimate of available funding. Municipality and county are source-published; no street address or ZIP is inferred.
Pinecone Hospitality LLC,,Mascoutah,St. Clair,25000,https://dceo.illinois.gov/content/dam/soi/en/web/dceo/smallbizassistance/documents/hospitality-grant-awardees-full-list.pdf,2020-04-27,official_confirmed_awardee_list,municipality,Illinois Hospitality Emergency Grant Program,grant,historical_award,closed,Historical 2020 state emergency grant award from a closed program; not an active opportunity or an estimate of available funding. Municipality and county are source-published; no street address or ZIP is inferred.
Popus Gourmet Popcorn,,Joliet,Will,10000,https://dceo.illinois.gov/content/dam/soi/en/web/dceo/smallbizassistance/documents/hospitality-grant-awardees-full-list.pdf,2020-04-27,official_confirmed_awardee_list,municipality,Illinois Hospitality Emergency Grant Program,grant,historical_award,closed,Historical 2020 state emergency grant award from a closed program; not an active opportunity or an estimate of available funding. Municipality and county are source-published; no street address or ZIP is inferred.
QUALITY LODGE,,ROCKFORD,Winnebago,25000,https://dceo.illinois.gov/content/dam/soi/en/web/dceo/smallbizassistance/documents/hospitality-grant-awardees-full-list.pdf,2020-04-27,official_confirmed_awardee_list,municipality,Illinois Hospitality Emergency Grant Program,grant,historical_award,closed,Historical 2020 state emergency grant award from a closed program; not an active opportunity or an estimate of available funding. Municipality and county are source-published; no street address or ZIP is inferred.
"Rajwala Hotel, LLC",,granite city,Madison,25000,https://dceo.illinois.gov/content/dam/soi/en/web/dceo/smallbizassistance/documents/hospitality-grant-awardees-full-list.pdf,2020-04-27,official_confirmed_awardee_list,municipality,Illinois Hospitality Emergency Grant Program,grant,historical_award,closed,Historical 2020 state emergency grant award from a closed program; not an active opportunity or an estimate of available funding. Municipality and county are source-published; no street address or ZIP is inferred.
River City Roasters Co.,,Wheaton,DuPage,10000,https://dceo.illinois.gov/content/dam/soi/en/web/dceo/smallbizassistance/documents/hospitality-grant-awardees-full-list.pdf,2020-04-27,official_confirmed_awardee_list,municipality,Illinois Hospitality Emergency Grant Program,grant,historical_award,closed,Historical 2020 state emergency grant award from a closed program; not an active opportunity or an estimate of available funding. Municipality and county are source-published; no street address or ZIP is inferred.
"Rockford Billiard Cafe, Inc.",,Rockford,Winnebago,10000,https://dceo.illinois.gov/content/dam/soi/en/web/dceo/smallbizassistance/documents/hospitality-grant-awardees-full-list.pdf,2020-04-27,official_confirmed_awardee_list,municipality,Illinois Hospitality Emergency Grant Program,grant,historical_award,closed,Historical 2020 state emergency grant award from a closed program; not an active opportunity or an estimate of available funding. Municipality and county are source-published; no street address or ZIP is inferred.
Royal new buffet inc,,Downers grove,DuPage,25000,https://dceo.illinois.gov/content/dam/soi/en/web/dceo/smallbizassistance/documents/hospitality-grant-awardees-full-list.pdf,2020-04-27,official_confirmed_awardee_list,municipality,Illinois Hospitality Emergency Grant Program,grant,historical_award,closed,Historical 2020 state emergency grant award from a closed program; not an active opportunity or an estimate of available funding. Municipality and county are source-published; no street address or ZIP is inferred.
Saloni Inc,,Chicago,Cook,10000,https://dceo.illinois.gov/content/dam/soi/en/web/dceo/smallbizassistance/documents/hospitality-grant-awardees-full-list.pdf,2020-04-27,official_confirmed_awardee_list,municipality,Illinois Hospitality Emergency Grant Program,grant,historical_award,closed,Historical 2020 state emergency grant award from a closed program; not an active opportunity or an estimate of available funding. Municipality and county are source-published; no street address or ZIP is inferred.
SKAANZ ENTERPRISE INC,,Chicago,Cook,10000,https://dceo.illinois.gov/content/dam/soi/en/web/dceo/smallbizassistance/documents/hospitality-grant-awardees-full-list.pdf,2020-04-27,official_confirmed_awardee_list,municipality,Illinois Hospitality Emergency Grant Program,grant,historical_award,closed,Historical 2020 state emergency grant award from a closed program; not an active opportunity or an estimate of available funding. Municipality and county are source-published; no street address or ZIP is inferred.
Spring Valley Restaurant,,OREGON,Ogle,10000,https://dceo.illinois.gov/content/dam/soi/en/web/dceo/smallbizassistance/documents/hospitality-grant-awardees-full-list.pdf,2020-04-27,official_confirmed_awardee_list,municipality,Illinois Hospitality Emergency Grant Program,grant,historical_award,closed,Historical 2020 state emergency grant award from a closed program; not an active opportunity or an estimate of available funding. Municipality and county are source-published; no street address or ZIP is inferred.
"STACY'S PLACE OF CARPENTERSVILLE, LLC",,carpentersvill,Kane,10000,https://dceo.illinois.gov/content/dam/soi/en/web/dceo/smallbizassistance/documents/hospitality-grant-awardees-full-list.pdf,2020-04-27,official_confirmed_awardee_list,municipality,Illinois Hospitality Emergency Grant Program,grant,historical_award,closed,Historical 2020 state emergency grant award from a closed program; not an active opportunity or an estimate of available funding. Municipality and county are source-published; no street address or ZIP is inferred.
Sticky Rice,,Champaign,Champaign,10000,https://dceo.illinois.gov/content/dam/soi/en/web/dceo/smallbizassistance/documents/hospitality-grant-awardees-full-list.pdf,2020-04-27,official_confirmed_awardee_list,municipality,Illinois Hospitality Emergency Grant Program,grant,historical_award,closed,Historical 2020 state emergency grant award from a closed program; not an active opportunity or an estimate of available funding. Municipality and county are source-published; no street address or ZIP is inferred.
Sun Wong Food INC,,Naperville,Will,10000,https://dceo.illinois.gov/content/dam/soi/en/web/dceo/smallbizassistance/documents/hospitality-grant-awardees-full-list.pdf,2020-04-27,official_confirmed_awardee_list,municipality,Illinois Hospitality Emergency Grant Program,grant,historical_award,closed,Historical 2020 state emergency grant award from a closed program; not an active opportunity or an estimate of available funding. Municipality and county are source-published; no street address or ZIP is inferred.
Taemen Corporation,,Hainesville,Lake,10000,https://dceo.illinois.gov/content/dam/soi/en/web/dceo/smallbizassistance/documents/hospitality-grant-awardees-full-list.pdf,2020-04-27,official_confirmed_awardee_list,municipality,Illinois Hospitality Emergency Grant Program,grant,historical_award,closed,Historical 2020 state emergency grant award from a closed program; not an active opportunity or an estimate of available funding. Municipality and county are source-published; no street address or ZIP is inferred.
Taj rvd inc,Taj Mahal Restaurant,Carol stream,DuPage,10000,https://dceo.illinois.gov/content/dam/soi/en/web/dceo/smallbizassistance/documents/hospitality-grant-awardees-full-list.pdf,2020-04-27,official_confirmed_awardee_list,municipality,Illinois Hospitality Emergency Grant Program,grant,historical_award,closed,Historical 2020 state emergency grant award from a closed program; not an active opportunity or an estimate of available funding. Municipality and county are source-published; no street address or ZIP is inferred.
Tanaka Sushi Inc,Tanaka Sushi,Lisle,DuPage,10000,https://dceo.illinois.gov/content/dam/soi/en/web/dceo/smallbizassistance/documents/hospitality-grant-awardees-full-list.pdf,2020-04-27,official_confirmed_awardee_list,municipality,Illinois Hospitality Emergency Grant Program,grant,historical_award,closed,Historical 2020 state emergency grant award from a closed program; not an active opportunity or an estimate of available funding. Municipality and county are source-published; no street address or ZIP is inferred.
Taste of Paris Inc,,Mundelein,Lake,25000,https://dceo.illinois.gov/content/dam/soi/en/web/dceo/smallbizassistance/documents/hospitality-grant-awardees-full-list.pdf,2020-04-27,official_confirmed_awardee_list,municipality,Illinois Hospitality Emergency Grant Program,grant,historical_award,closed,Historical 2020 state emergency grant award from a closed program; not an active opportunity or an estimate of available funding. Municipality and county are source-published; no street address or ZIP is inferred.
"The Homestead B&B, LLC",,Plano,Kendall,25000,https://dceo.illinois.gov/content/dam/soi/en/web/dceo/smallbizassistance/documents/hospitality-grant-awardees-full-list.pdf,2020-04-27,official_confirmed_awardee_list,municipality,Illinois Hospitality Emergency Grant Program,grant,historical_award,closed,Historical 2020 state emergency grant award from a closed program; not an active opportunity or an estimate of available funding. Municipality and county are source-published; no street address or ZIP is inferred.
"The Hop Brewery, LLC",,Christopher,Franklin,10000,https://dceo.illinois.gov/content/dam/soi/en/web/dceo/smallbizassistance/documents/hospitality-grant-awardees-full-list.pdf,2020-04-27,official_confirmed_awardee_list,municipality,Illinois Hospitality Emergency Grant Program,grant,historical_award,closed,Historical 2020 state emergency grant award from a closed program; not an active opportunity or an estimate of available funding. Municipality and county are source-published; no street address or ZIP is inferred.
The Port of Peri Peri,,Aurora,DuPage,25000,https://dceo.illinois.gov/content/dam/soi/en/web/dceo/smallbizassistance/documents/hospitality-grant-awardees-full-list.pdf,2020-04-27,official_confirmed_awardee_list,municipality,Illinois Hospitality Emergency Grant Program,grant,historical_award,closed,Historical 2020 state emergency grant award from a closed program; not an active opportunity or an estimate of available funding. Municipality and county are source-published; no street address or ZIP is inferred.
The Woodlawn1 LLC,,Chicago,Cook,10000,https://dceo.illinois.gov/content/dam/soi/en/web/dceo/smallbizassistance/documents/hospitality-grant-awardees-full-list.pdf,2020-04-27,official_confirmed_awardee_list,municipality,Illinois Hospitality Emergency Grant Program,grant,historical_award,closed,Historical 2020 state emergency grant award from a closed program; not an active opportunity or an estimate of available funding. Municipality and county are source-published; no street address or ZIP is inferred.
"Thrift & Thrive, Inc. DBA Perkolator",Perkolator,Chicago,Cook,10000,https://dceo.illinois.gov/content/dam/soi/en/web/dceo/smallbizassistance/documents/hospitality-grant-awardees-full-list.pdf,2020-04-27,official_confirmed_awardee_list,municipality,Illinois Hospitality Emergency Grant Program,grant,historical_award,closed,Historical 2020 state emergency grant award from a closed program; not an active opportunity or an estimate of available funding. Municipality and county are source-published; no street address or ZIP is inferred.
Tiya hospitality,Baymont Inn and Suites,HARVARD,McHenry,25000,https://dceo.illinois.gov/content/dam/soi/en/web/dceo/smallbizassistance/documents/hospitality-grant-awardees-full-list.pdf,2020-04-27,official_confirmed_awardee_list,municipality,Illinois Hospitality Emergency Grant Program,grant,historical_award,closed,Historical 2020 state emergency grant award from a closed program; not an active opportunity or an estimate of available funding. Municipality and county are source-published; no street address or ZIP is inferred.
"TKG'S Wing Heaven, LLC.",,Decatur,Macon,10000,https://dceo.illinois.gov/content/dam/soi/en/web/dceo/smallbizassistance/documents/hospitality-grant-awardees-full-list.pdf,2020-04-27,official_confirmed_awardee_list,municipality,Illinois Hospitality Emergency Grant Program,grant,historical_award,closed,Historical 2020 state emergency grant award from a closed program; not an active opportunity or an estimate of available funding. Municipality and county are source-published; no street address or ZIP is inferred.
Tokyo Bowl INC.,,Vernon Hills,Lake,10000,https://dceo.illinois.gov/content/dam/soi/en/web/dceo/smallbizassistance/documents/hospitality-grant-awardees-full-list.pdf,2020-04-27,official_confirmed_awardee_list,municipality,Illinois Hospitality Emergency Grant Program,grant,historical_award,closed,Historical 2020 state emergency grant award from a closed program; not an active opportunity or an estimate of available funding. Municipality and county are source-published; no street address or ZIP is inferred.
Turasky's Catering,,New Berlin,Sangamon,10000,https://dceo.illinois.gov/content/dam/soi/en/web/dceo/smallbizassistance/documents/hospitality-grant-awardees-full-list.pdf,2020-04-27,official_confirmed_awardee_list,municipality,Illinois Hospitality Emergency Grant Program,grant,historical_award,closed,Historical 2020 state emergency grant award from a closed program; not an active opportunity or an estimate of available funding. Municipality and county are source-published; no street address or ZIP is inferred.
"Twilight Distillery, LLC",,Stewardson,Shelby,10000,https://dceo.illinois.gov/content/dam/soi/en/web/dceo/smallbizassistance/documents/hospitality-grant-awardees-full-list.pdf,2020-04-27,official_confirmed_awardee_list,municipality,Illinois Hospitality Emergency Grant Program,grant,historical_award,closed,Historical 2020 state emergency grant award from a closed program; not an active opportunity or an estimate of available funding. Municipality and county are source-published; no street address or ZIP is inferred.
Uncle Bills Diner,,Roselle,Cook,10000,https://dceo.illinois.gov/content/dam/soi/en/web/dceo/smallbizassistance/documents/hospitality-grant-awardees-full-list.pdf,2020-04-27,official_confirmed_awardee_list,municipality,Illinois Hospitality Emergency Grant Program,grant,historical_award,closed,Historical 2020 state emergency grant award from a closed program; not an active opportunity or an estimate of available funding. Municipality and county are source-published; no street address or ZIP is inferred.
Valex LLC,,Orland Park,Cook,25000,https://dceo.illinois.gov/content/dam/soi/en/web/dceo/smallbizassistance/documents/hospitality-grant-awardees-full-list.pdf,2020-04-27,official_confirmed_awardee_list,municipality,Illinois Hospitality Emergency Grant Program,grant,historical_award,closed,Historical 2020 state emergency grant award from a closed program; not an active opportunity or an estimate of available funding. Municipality and county are source-published; no street address or ZIP is inferred.
VILLA NOVA PIZZA LLC,,LOCKPORT,Will,10000,https://dceo.illinois.gov/content/dam/soi/en/web/dceo/smallbizassistance/documents/hospitality-grant-awardees-full-list.pdf,2020-04-27,official_confirmed_awardee_list,municipality,Illinois Hospitality Emergency Grant Program,grant,historical_award,closed,Historical 2020 state emergency grant award from a closed program; not an active opportunity or an estimate of available funding. Municipality and county are source-published; no street address or ZIP is inferred.
"Vouno, Inc.",Studio 63,Summit,Cook,10000,https://dceo.illinois.gov/content/dam/soi/en/web/dceo/smallbizassistance/documents/hospitality-grant-awardees-full-list.pdf,2020-04-27,official_confirmed_awardee_list,municipality,Illinois Hospitality Emergency Grant Program,grant,historical_award,closed,Historical 2020 state emergency grant award from a closed program; not an active opportunity or an estimate of available funding. Municipality and county are source-published; no street address or ZIP is inferred.
Wicker Park Inn,,Chicago,Cook,25000,https://dceo.illinois.gov/content/dam/soi/en/web/dceo/smallbizassistance/documents/hospitality-grant-awardees-full-list.pdf,2020-04-27,official_confirmed_awardee_list,municipality,Illinois Hospitality Emergency Grant Program,grant,historical_award,closed,Historical 2020 state emergency grant award from a closed program; not an active opportunity or an estimate of available funding. Municipality and county are source-published; no street address or ZIP is inferred.
Wing's China Palace Inc.,,Merrionette Park,Cook,10000,https://dceo.illinois.gov/content/dam/soi/en/web/dceo/smallbizassistance/documents/hospitality-grant-awardees-full-list.pdf,2020-04-27,official_confirmed_awardee_list,municipality,Illinois Hospitality Emergency Grant Program,grant,historical_award,closed,Historical 2020 state emergency grant award from a closed program; not an active opportunity or an estimate of available funding. Municipality and county are source-published; no street address or ZIP is inferred.
YANA SUBS INC DBA SUBWAY,Subway,SCHAUMBURG,Cook,10000,https://dceo.illinois.gov/content/dam/soi/en/web/dceo/smallbizassistance/documents/hospitality-grant-awardees-full-list.pdf,2020-04-27,official_confirmed_awardee_list,municipality,Illinois Hospitality Emergency Grant Program,grant,historical_award,closed,Historical 2020 state emergency grant award from a closed program; not an active opportunity or an estimate of available funding. Municipality and county are source-published; no street address or ZIP is inferred.
YOUNGMYOUNG LLC,,Arlington Heights,Cook,10000,https://dceo.illinois.gov/content/dam/soi/en/web/dceo/smallbizassistance/documents/hospitality-grant-awardees-full-list.pdf,2020-04-27,official_confirmed_awardee_list,municipality,Illinois Hospitality Emergency Grant Program,grant,historical_award,closed,Historical 2020 state emergency grant award from a closed program; not an active opportunity or an estimate of available funding. Municipality and county are source-published; no street address or ZIP is inferred.
Benchwarmers Sports Bar & Grill,,Freeport,Stephenson,10000,https://dceo.illinois.gov/content/dam/soi/en/web/dceo/smallbizassistance/documents/hospitality-grant-awardees-full-list.pdf,2020-04-27,official_confirmed_awardee_list,municipality,Illinois Hospitality Emergency Grant Program,grant,historical_award,closed,Historical 2020 state emergency grant award from a closed program; not an active opportunity or an estimate of available funding. Municipality and county are source-published; no street address or ZIP is inferred.
"Bishop's Chili of Westmont, Inc",,Westmont,DuPage,10000,https://dceo.illinois.gov/content/dam/soi/en/web/dceo/smallbizassistance/documents/hospitality-grant-awardees-full-list.pdf,2020-04-27,official_confirmed_awardee_list,municipality,Illinois Hospitality Emergency Grant Program,grant,historical_award,closed,Historical 2020 state emergency grant award from a closed program; not an active opportunity or an estimate of available funding. Municipality and county are source-published; no street address or ZIP is inferred.
Cermak Subway Inc,Subway,Cicero,Cook,10000,https://dceo.illinois.gov/content/dam/soi/en/web/dceo/smallbizassistance/documents/hospitality-grant-awardees-full-list.pdf,2020-04-27,official_confirmed_awardee_list,municipality,Illinois Hospitality Emergency Grant Program,grant,historical_award,closed,Historical 2020 state emergency grant award from a closed program; not an active opportunity or an estimate of available funding. Municipality and county are source-published; no street address or ZIP is inferred.
Chehar Food Inc (Subway),,Bartlett,Cook,10000,https://dceo.illinois.gov/content/dam/soi/en/web/dceo/smallbizassistance/documents/hospitality-grant-awardees-full-list.pdf,2020-04-27,official_confirmed_awardee_list,municipality,Illinois Hospitality Emergency Grant Program,grant,historical_award,closed,Historical 2020 state emergency grant award from a closed program; not an active opportunity or an estimate of available funding. Municipality and county are source-published; no street address or ZIP is inferred.
Clarion Hotel & Joliet Convention Center,Clarion Hotel & Joliet Convention Ce,JOLIET,Will,25000,https://dceo.illinois.gov/content/dam/soi/en/web/dceo/smallbizassistance/documents/hospitality-grant-awardees-full-list.pdf,2020-04-27,official_confirmed_awardee_list,municipality,Illinois Hospitality Emergency Grant Program,grant,historical_award,closed,Historical 2020 state emergency grant award from a closed program; not an active opportunity or an estimate of available funding. Municipality and county are source-published; no street address or ZIP is inferred.
"Close Up 2, LLC d/b/a Refuge Live",Refuge Live,Chicago,Cook,10000,https://dceo.illinois.gov/content/dam/soi/en/web/dceo/smallbizassistance/documents/hospitality-grant-awardees-full-list.pdf,2020-04-27,official_confirmed_awardee_list,municipality,Illinois Hospitality Emergency Grant Program,grant,historical_award,closed,Historical 2020 state emergency grant award from a closed program; not an active opportunity or an estimate of available funding. Municipality and county are source-published; no street address or ZIP is inferred.
Comfort Inn,PIDI Arlington LLC,Arlington Heights,Cook,25000,https://dceo.illinois.gov/content/dam/soi/en/web/dceo/smallbizassistance/documents/hospitality-grant-awardees-full-list.pdf,2020-04-27,official_confirmed_awardee_list,municipality,Illinois Hospitality Emergency Grant Program,grant,historical_award,closed,Historical 2020 state emergency grant award from a closed program; not an active opportunity or an estimate of available funding. Municipality and county are source-published; no street address or ZIP is inferred.
"Countryside Lodging Inc, DBA Best Western",,Countryside,Cook,25000,https://dceo.illinois.gov/content/dam/soi/en/web/dceo/smallbizassistance/documents/hospitality-grant-awardees-full-list.pdf,2020-04-27,official_confirmed_awardee_list,municipality,Illinois Hospitality Emergency Grant Program,grant,historical_award,closed,Historical 2020 state emergency grant award from a closed program; not an active opportunity or an estimate of available funding. Municipality and county are source-published; no street address or ZIP is inferred.
Crest Motel,,Bartlett,Cook,25000,https://dceo.illinois.gov/content/dam/soi/en/web/dceo/smallbizassistance/documents/hospitality-grant-awardees-full-list.pdf,2020-04-27,official_confirmed_awardee_list,municipality,Illinois Hospitality Emergency Grant Program,grant,historical_award,closed,Historical 2020 state emergency grant award from a closed program; not an active opportunity or an estimate of available funding. Municipality and county are source-published; no street address or ZIP is inferred.
Freeda’s On Main,,Renault,Monroe,10000,https://dceo.illinois.gov/content/dam/soi/en/web/dceo/smallbizassistance/documents/hospitality-grant-awardees-full-list.pdf,2020-04-27,official_confirmed_awardee_list,municipality,Illinois Hospitality Emergency Grant Program,grant,historical_award,closed,Historical 2020 state emergency grant award from a closed program; not an active opportunity or an estimate of available funding. Municipality and county are source-published; no street address or ZIP is inferred.
Fumee Food and Beverage,,Sterling,Whiteside,25000,https://dceo.illinois.gov/content/dam/soi/en/web/dceo/smallbizassistance/documents/hospitality-grant-awardees-full-list.pdf,2020-04-27,official_confirmed_awardee_list,municipality,Illinois Hospitality Emergency Grant Program,grant,historical_award,closed,Historical 2020 state emergency grant award from a closed program; not an active opportunity or an estimate of available funding. Municipality and county are source-published; no street address or ZIP is inferred.
Hampton Inn & Suites Chicago Southland/Matteson,,Matteson,Cook,25000,https://dceo.illinois.gov/content/dam/soi/en/web/dceo/smallbizassistance/documents/hospitality-grant-awardees-full-list.pdf,2020-04-27,official_confirmed_awardee_list,municipality,Illinois Hospitality Emergency Grant Program,grant,historical_award,closed,Historical 2020 state emergency grant award from a closed program; not an active opportunity or an estimate of available funding. Municipality and county are source-published; no street address or ZIP is inferred.
Just Us Sports Bar,,Justice,Cook,10000,https://dceo.illinois.gov/content/dam/soi/en/web/dceo/smallbizassistance/documents/hospitality-grant-awardees-full-list.pdf,2020-04-27,official_confirmed_awardee_list,municipality,Illinois Hospitality Emergency Grant Program,grant,historical_award,closed,Historical 2020 state emergency grant award from a closed program; not an active opportunity or an estimate of available funding. Municipality and county are source-published; no street address or ZIP is inferred.
KOURI'S GRILL & BAR,,GERMANTOWN HILLS,Woodford,25000,https://dceo.illinois.gov/content/dam/soi/en/web/dceo/smallbizassistance/documents/hospitality-grant-awardees-full-list.pdf,2020-04-27,official_confirmed_awardee_list,municipality,Illinois Hospitality Emergency Grant Program,grant,historical_award,closed,Historical 2020 state emergency grant award from a closed program; not an active opportunity or an estimate of available funding. Municipality and county are source-published; no street address or ZIP is inferred.
LA FLORENCIA BAKERY INC,,MT. PROSPECT,Cook,10000,https://dceo.illinois.gov/content/dam/soi/en/web/dceo/smallbizassistance/documents/hospitality-grant-awardees-full-list.pdf,2020-04-27,official_confirmed_awardee_list,municipality,Illinois Hospitality Emergency Grant Program,grant,historical_award,closed,Historical 2020 state emergency grant award from a closed program; not an active opportunity or an estimate of available funding. Municipality and county are source-published; no street address or ZIP is inferred.
MANNA SUSHI INC.,,PALATINE,Cook,10000,https://dceo.illinois.gov/content/dam/soi/en/web/dceo/smallbizassistance/documents/hospitality-grant-awardees-full-list.pdf,2020-04-27,official_confirmed_awardee_list,municipality,Illinois Hospitality Emergency Grant Program,grant,historical_award,closed,Historical 2020 state emergency grant award from a closed program; not an active opportunity or an estimate of available funding. Municipality and county are source-published; no street address or ZIP is inferred.
Margarita European Inn,,Evanston,Cook,25000,https://dceo.illinois.gov/content/dam/soi/en/web/dceo/smallbizassistance/documents/hospitality-grant-awardees-full-list.pdf,2020-04-27,official_confirmed_awardee_list,municipality,Illinois Hospitality Emergency Grant Program,grant,historical_award,closed,Historical 2020 state emergency grant award from a closed program; not an active opportunity or an estimate of available funding. Municipality and county are source-published; no street address or ZIP is inferred.
Millennium Bar & Marina,,East Dubuque,Jo Daviess,10000,https://dceo.illinois.gov/content/dam/soi/en/web/dceo/smallbizassistance/documents/hospitality-grant-awardees-full-list.pdf,2020-04-27,official_confirmed_awardee_list,municipality,Illinois Hospitality Emergency Grant Program,grant,historical_award,closed,Historical 2020 state emergency grant award from a closed program; not an active opportunity or an estimate of available funding. Municipality and county are source-published; no street address or ZIP is inferred.
Narayan Swarup LLC DBA Comfort Inn North Joliet,,Joliet,Will,25000,https://dceo.illinois.gov/content/dam/soi/en/web/dceo/smallbizassistance/documents/hospitality-grant-awardees-full-list.pdf,2020-04-27,official_confirmed_awardee_list,municipality,Illinois Hospitality Emergency Grant Program,grant,historical_award,closed,Historical 2020 state emergency grant award from a closed program; not an active opportunity or an estimate of available funding. Municipality and county are source-published; no street address or ZIP is inferred.
NOVAK HOSPITALITY INC DBA RED ROOF INN,Red Roof Inn,LANSING,Cook,25000,https://dceo.illinois.gov/content/dam/soi/en/web/dceo/smallbizassistance/documents/hospitality-grant-awardees-full-list.pdf,2020-04-27,official_confirmed_awardee_list,municipality,Illinois Hospitality Emergency Grant Program,grant,historical_award,closed,Historical 2020 state emergency grant award from a closed program; not an active opportunity or an estimate of available funding. Municipality and county are source-published; no street address or ZIP is inferred.
Ocean Breeze LLC DBA Best Motel,Best Motel,Chicago,Cook,25000,https://dceo.illinois.gov/content/dam/soi/en/web/dceo/smallbizassistance/documents/hospitality-grant-awardees-full-list.pdf,2020-04-27,official_confirmed_awardee_list,municipality,Illinois Hospitality Emergency Grant Program,grant,historical_award,closed,Historical 2020 state emergency grant award from a closed program; not an active opportunity or an estimate of available funding. Municipality and county are source-published; no street address or ZIP is inferred.
OM103 INC DBA SUBWAY,Subway,CHICAGO,Cook,25000,https://dceo.illinois.gov/content/dam/soi/en/web/dceo/smallbizassistance/documents/hospitality-grant-awardees-full-list.pdf,2020-04-27,official_confirmed_awardee_list,municipality,Illinois Hospitality Emergency Grant Program,grant,historical_award,closed,Historical 2020 state emergency grant award from a closed program; not an active opportunity or an estimate of available funding. Municipality and county are source-published; no street address or ZIP is inferred.
P S N INC,Red Carpet Inn,Greenville,Bond,25000,https://dceo.illinois.gov/content/dam/soi/en/web/dceo/smallbizassistance/documents/hospitality-grant-awardees-full-list.pdf,2020-04-27,official_confirmed_awardee_list,municipality,Illinois Hospitality Emergency Grant Program,grant,historical_award,closed,Historical 2020 state emergency grant award from a closed program; not an active opportunity or an estimate of available funding. Municipality and county are source-published; no street address or ZIP is inferred.
"Pair of J’s,Inc. DBA Jack’s Bar",Jack's Bar & Grill,Steger,Will,10000,https://dceo.illinois.gov/content/dam/soi/en/web/dceo/smallbizassistance/documents/hospitality-grant-awardees-full-list.pdf,2020-04-27,official_confirmed_awardee_list,municipality,Illinois Hospitality Emergency Grant Program,grant,historical_award,closed,Historical 2020 state emergency grant award from a closed program; not an active opportunity or an estimate of available funding. Municipality and county are source-published; no street address or ZIP is inferred.
Parkway Banquets dba Parkway Banquet Salon,,Round Lake,Lake,25000,https://dceo.illinois.gov/content/dam/soi/en/web/dceo/smallbizassistance/documents/hospitality-grant-awardees-full-list.pdf,2020-04-27,official_confirmed_awardee_list,municipality,Illinois Hospitality Emergency Grant Program,grant,historical_award,closed,Historical 2020 state emergency grant award from a closed program; not an active opportunity or an estimate of available funding. Municipality and county are source-published; no street address or ZIP is inferred.
PRINCE SWEETS & BAKERY INC.,,BRIDGEVIEW,Cook,10000,https://dceo.illinois.gov/content/dam/soi/en/web/dceo/smallbizassistance/documents/hospitality-grant-awardees-full-list.pdf,2020-04-27,official_confirmed_awardee_list,municipality,Illinois Hospitality Emergency Grant Program,grant,historical_award,closed,Historical 2020 state emergency grant award from a closed program; not an active opportunity or an estimate of available funding. Municipality and county are source-published; no street address or ZIP is inferred.
R Abraham Dairy Queen llc,,Naperville,DuPage,10000,https://dceo.illinois.gov/content/dam/soi/en/web/dceo/smallbizassistance/documents/hospitality-grant-awardees-full-list.pdf,2020-04-27,official_confirmed_awardee_list,municipality,Illinois Hospitality Emergency Grant Program,grant,historical_award,closed,Historical 2020 state emergency grant award from a closed program; not an active opportunity or an estimate of available funding. Municipality and county are source-published; no street address or ZIP is inferred.
"RISM, Inc. dba Happy Joe's Pizza",Happy Joe's Pizza,Rock Island,Rock Island,25000,https://dceo.illinois.gov/content/dam/soi/en/web/dceo/smallbizassistance/documents/hospitality-grant-awardees-full-list.pdf,2020-04-27,official_confirmed_awardee_list,municipality,Illinois Hospitality Emergency Grant Program,grant,historical_award,closed,Historical 2020 state emergency grant award from a closed program; not an active opportunity or an estimate of available funding. Municipality and county are source-published; no street address or ZIP is inferred.
Rogers Park Social,,Chicago,Cook,25000,https://dceo.illinois.gov/content/dam/soi/en/web/dceo/smallbizassistance/documents/hospitality-grant-awardees-full-list.pdf,2020-04-27,official_confirmed_awardee_list,municipality,Illinois Hospitality Emergency Grant Program,grant,historical_award,closed,Historical 2020 state emergency grant award from a closed program; not an active opportunity or an estimate of available funding. Municipality and county are source-published; no street address or ZIP is inferred.
"Saga Chicago Co., Ltd DBA Hampton Inn at O'Hare",,Schiller Park,Cook,50000,https://dceo.illinois.gov/content/dam/soi/en/web/dceo/smallbizassistance/documents/hospitality-grant-awardees-full-list.pdf,2020-04-27,official_confirmed_awardee_list,municipality,Illinois Hospitality Emergency Grant Program,grant,historical_award,closed,Historical 2020 state emergency grant award from a closed program; not an active opportunity or an estimate of available funding. Municipality and county are source-published; no street address or ZIP is inferred.
SFA LLC (ASAF INC),"""M"" Bar",Chicago,Cook,25000,https://dceo.illinois.gov/content/dam/soi/en/web/dceo/smallbizassistance/documents/hospitality-grant-awardees-full-list.pdf,2020-04-27,official_confirmed_awardee_list,municipality,Illinois Hospitality Emergency Grant Program,grant,historical_award,closed,Historical 2020 state emergency grant award from a closed program; not an active opportunity or an estimate of available funding. Municipality and county are source-published; no street address or ZIP is inferred.
Slups Bar & Grill,,Blandinsville,McDonough,10000,https://dceo.illinois.gov/content/dam/soi/en/web/dceo/smallbizassistance/documents/hospitality-grant-awardees-full-list.pdf,2020-04-27,official_confirmed_awardee_list,municipality,Illinois Hospitality Emergency Grant Program,grant,historical_award,closed,Historical 2020 state emergency grant award from a closed program; not an active opportunity or an estimate of available funding. Municipality and county are source-published; no street address or ZIP is inferred.
SUBWAY,Company: Subrima Inc,EVANSTON,Cook,10000,https://dceo.illinois.gov/content/dam/soi/en/web/dceo/smallbizassistance/documents/hospitality-grant-awardees-full-list.pdf,2020-04-27,official_confirmed_awardee_list,municipality,Illinois Hospitality Emergency Grant Program,grant,historical_award,closed,Historical 2020 state emergency grant award from a closed program; not an active opportunity or an estimate of available funding. Municipality and county are source-published; no street address or ZIP is inferred.
Sugar Bliss Cake Boutique,,Chicago,Cook,10000,https://dceo.illinois.gov/content/dam/soi/en/web/dceo/smallbizassistance/documents/hospitality-grant-awardees-full-list.pdf,2020-04-27,official_confirmed_awardee_list,municipality,Illinois Hospitality Emergency Grant Program,grant,historical_award,closed,Historical 2020 state emergency grant award from a closed program; not an active opportunity or an estimate of available funding. Municipality and county are source-published; no street address or ZIP is inferred.
Sushi Nova,Sushi Nova,Orland Park,Cook,10000,https://dceo.illinois.gov/content/dam/soi/en/web/dceo/smallbizassistance/documents/hospitality-grant-awardees-full-list.pdf,2020-04-27,official_confirmed_awardee_list,municipality,Illinois Hospitality Emergency Grant Program,grant,historical_award,closed,Historical 2020 state emergency grant award from a closed program; not an active opportunity or an estimate of available funding. Municipality and county are source-published; no street address or ZIP is inferred.
SWAY BAR,Nami 99,Schiller Park,Cook,10000,https://dceo.illinois.gov/content/dam/soi/en/web/dceo/smallbizassistance/documents/hospitality-grant-awardees-full-list.pdf,2020-04-27,official_confirmed_awardee_list,municipality,Illinois Hospitality Emergency Grant Program,grant,historical_award,closed,Historical 2020 state emergency grant award from a closed program; not an active opportunity or an estimate of available funding. Municipality and county are source-published; no street address or ZIP is inferred.
Taqueria muniz,,Aurora,Kane,25000,https://dceo.illinois.gov/content/dam/soi/en/web/dceo/smallbizassistance/documents/hospitality-grant-awardees-full-list.pdf,2020-04-27,official_confirmed_awardee_list,municipality,Illinois Hospitality Emergency Grant Program,grant,historical_award,closed,Historical 2020 state emergency grant award from a closed program; not an active opportunity or an estimate of available funding. Municipality and county are source-published; no street address or ZIP is inferred.
the Bangkok village resturant,,naperville,DuPage,10000,https://dceo.illinois.gov/content/dam/soi/en/web/dceo/smallbizassistance/documents/hospitality-grant-awardees-full-list.pdf,2020-04-27,official_confirmed_awardee_list,municipality,Illinois Hospitality Emergency Grant Program,grant,historical_award,closed,Historical 2020 state emergency grant award from a closed program; not an active opportunity or an estimate of available funding. Municipality and county are source-published; no street address or ZIP is inferred.
The Hot Corner Inc,,Oak Lawn,Cook,10000,https://dceo.illinois.gov/content/dam/soi/en/web/dceo/smallbizassistance/documents/hospitality-grant-awardees-full-list.pdf,2020-04-27,official_confirmed_awardee_list,municipality,Illinois Hospitality Emergency Grant Program,grant,historical_award,closed,Historical 2020 state emergency grant award from a closed program; not an active opportunity or an estimate of available funding. Municipality and county are source-published; no street address or ZIP is inferred.
The Rose Bowl Tavern,,Urbana,Champaign,10000,https://dceo.illinois.gov/content/dam/soi/en/web/dceo/smallbizassistance/documents/hospitality-grant-awardees-full-list.pdf,2020-04-27,official_confirmed_awardee_list,municipality,Illinois Hospitality Emergency Grant Program,grant,historical_award,closed,Historical 2020 state emergency grant award from a closed program; not an active opportunity or an estimate of available funding. Municipality and county are source-published; no street address or ZIP is inferred.
"THG Foods, Inc. DBA Caribbean Grill",Caribbean Grill,Champaign,Champaign,25000,https://dceo.illinois.gov/content/dam/soi/en/web/dceo/smallbizassistance/documents/hospitality-grant-awardees-full-list.pdf,2020-04-27,official_confirmed_awardee_list,municipality,Illinois Hospitality Emergency Grant Program,grant,historical_award,closed,Historical 2020 state emergency grant award from a closed program; not an active opportunity or an estimate of available funding. Municipality and county are source-published; no street address or ZIP is inferred.
Trademark Hospitality Group Inc. DBA Ramada Hotel,Ramada Hotel,Glendale Heights,DuPage,25000,https://dceo.illinois.gov/content/dam/soi/en/web/dceo/smallbizassistance/documents/hospitality-grant-awardees-full-list.pdf,2020-04-27,official_confirmed_awardee_list,municipality,Illinois Hospitality Emergency Grant Program,grant,historical_award,closed,Historical 2020 state emergency grant award from a closed program; not an active opportunity or an estimate of available funding. Municipality and county are source-published; no street address or ZIP is inferred.
TTran Patisserie,,Carol Stream,DuPage,10000,https://dceo.illinois.gov/content/dam/soi/en/web/dceo/smallbizassistance/documents/hospitality-grant-awardees-full-list.pdf,2020-04-27,official_confirmed_awardee_list,municipality,Illinois Hospitality Emergency Grant Program,grant,historical_award,closed,Historical 2020 state emergency grant award from a closed program; not an active opportunity or an estimate of available funding. Municipality and county are source-published; no street address or ZIP is inferred.
Venetian Gardens Restaurant,,Bridgeview,Cook,10000,https://dceo.illinois.gov/content/dam/soi/en/web/dceo/smallbizassistance/documents/hospitality-grant-awardees-full-list.pdf,2020-04-27,official_confirmed_awardee_list,municipality,Illinois Hospitality Emergency Grant Program,grant,historical_award,closed,Historical 2020 state emergency grant award from a closed program; not an active opportunity or an estimate of available funding. Municipality and county are source-published; no street address or ZIP is inferred.
Verona Coffee Company,,Collinsville,Madison,10000,https://dceo.illinois.gov/content/dam/soi/en/web/dceo/smallbizassistance/documents/hospitality-grant-awardees-full-list.pdf,2020-04-27,official_confirmed_awardee_list,municipality,Illinois Hospitality Emergency Grant Program,grant,historical_award,closed,Historical 2020 state emergency grant award from a closed program; not an active opportunity or an estimate of available funding. Municipality and county are source-published; no street address or ZIP is inferred.
Ward Eight,,Evanston,Cook,10000,https://dceo.illinois.gov/content/dam/soi/en/web/dceo/smallbizassistance/documents/hospitality-grant-awardees-full-list.pdf,2020-04-27,official_confirmed_awardee_list,municipality,Illinois Hospitality Emergency Grant Program,grant,historical_award,closed,Historical 2020 state emergency grant award from a closed program; not an active opportunity or an estimate of available funding. Municipality and county are source-published; no street address or ZIP is inferred.
Welcome Back LLC,,Chicago,Cook,10000,https://dceo.illinois.gov/content/dam/soi/en/web/dceo/smallbizassistance/documents/hospitality-grant-awardees-full-list.pdf,2020-04-27,official_confirmed_awardee_list,municipality,Illinois Hospitality Emergency Grant Program,grant,historical_award,closed,Historical 2020 state emergency grant award from a closed program; not an active opportunity or an estimate of available funding. Municipality and county are source-published; no street address or ZIP is inferred.
1 PULASKI INC,,CHICAGO,Cook,25000,https://dceo.illinois.gov/content/dam/soi/en/web/dceo/smallbizassistance/documents/hospitality-grant-awardees-full-list.pdf,2020-04-27,official_confirmed_awardee_list,municipality,Illinois Hospitality Emergency Grant Program,grant,historical_award,closed,Historical 2020 state emergency grant award from a closed program; not an active opportunity or an estimate of available funding. Municipality and county are source-published; no street address or ZIP is inferred.
1515 Chicago Avenue LLC,,Evanston,Cook,50000,https://dceo.illinois.gov/content/dam/soi/en/web/dceo/smallbizassistance/documents/hospitality-grant-awardees-full-list.pdf,2020-04-27,official_confirmed_awardee_list,municipality,Illinois Hospitality Emergency Grant Program,grant,historical_award,closed,Historical 2020 state emergency grant award from a closed program; not an active opportunity or an estimate of available funding. Municipality and county are source-published; no street address or ZIP is inferred.
AJUA MEXICAN RESTAURANT COMPANY,,ROUND LAKE,Lake,10000,https://dceo.illinois.gov/content/dam/soi/en/web/dceo/smallbizassistance/documents/hospitality-grant-awardees-full-list.pdf,2020-04-27,official_confirmed_awardee_list,municipality,Illinois Hospitality Emergency Grant Program,grant,historical_award,closed,Historical 2020 state emergency grant award from a closed program; not an active opportunity or an estimate of available funding. Municipality and county are source-published; no street address or ZIP is inferred.
alsip hotels inc,Red Roof Inn,Alsip,Cook,25000,https://dceo.illinois.gov/content/dam/soi/en/web/dceo/smallbizassistance/documents/hospitality-grant-awardees-full-list.pdf,2020-04-27,official_confirmed_awardee_list,municipality,Illinois Hospitality Emergency Grant Program,grant,historical_award,closed,Historical 2020 state emergency grant award from a closed program; not an active opportunity or an estimate of available funding. Municipality and county are source-published; no street address or ZIP is inferred.
Ambraw river eagles 4475,,Newton,Jasper,10000,https://dceo.illinois.gov/content/dam/soi/en/web/dceo/smallbizassistance/documents/hospitality-grant-awardees-full-list.pdf,2020-04-27,official_confirmed_awardee_list,municipality,Illinois Hospitality Emergency Grant Program,grant,historical_award,closed,Historical 2020 state emergency grant award from a closed program; not an active opportunity or an estimate of available funding. Municipality and county are source-published; no street address or ZIP is inferred.
Auhm Hari Baskin Robbins,,Northbrook,Cook,10000,https://dceo.illinois.gov/content/dam/soi/en/web/dceo/smallbizassistance/documents/hospitality-grant-awardees-full-list.pdf,2020-04-27,official_confirmed_awardee_list,municipality,Illinois Hospitality Emergency Grant Program,grant,historical_award,closed,Historical 2020 state emergency grant award from a closed program; not an active opportunity or an estimate of available funding. Municipality and county are source-published; no street address or ZIP is inferred.
Exquisite Catering & Events L.L.C.,,Chicago,Cook,10000,https://dceo.illinois.gov/content/dam/soi/en/web/dceo/smallbizassistance/documents/hospitality-grant-awardees-full-list.pdf,2020-04-27,official_confirmed_awardee_list,municipality,Illinois Hospitality Emergency Grant Program,grant,historical_award,closed,Historical 2020 state emergency grant award from a closed program; not an active opportunity or an estimate of available funding. Municipality and county are source-published; no street address or ZIP is inferred.
FIVE BLESSINGS INC,,MOLINE,Rock Island,25000,https://dceo.illinois.gov/content/dam/soi/en/web/dceo/smallbizassistance/documents/hospitality-grant-awardees-full-list.pdf,2020-04-27,official_confirmed_awardee_list,municipality,Illinois Hospitality Emergency Grant Program,grant,historical_award,closed,Historical 2020 state emergency grant award from a closed program; not an active opportunity or an estimate of available funding. Municipality and county are source-published; no street address or ZIP is inferred.
fortune inn inc DBA wing wah restaurant,,Arlington heights,Cook,10000,https://dceo.illinois.gov/content/dam/soi/en/web/dceo/smallbizassistance/documents/hospitality-grant-awardees-full-list.pdf,2020-04-27,official_confirmed_awardee_list,municipality,Illinois Hospitality Emergency Grant Program,grant,historical_award,closed,Historical 2020 state emergency grant award from a closed program; not an active opportunity or an estimate of available funding. Municipality and county are source-published; no street address or ZIP is inferred.
Gateway Motel,,Oak Lawn,Cook,25000,https://dceo.illinois.gov/content/dam/soi/en/web/dceo/smallbizassistance/documents/hospitality-grant-awardees-full-list.pdf,2020-04-27,official_confirmed_awardee_list,municipality,Illinois Hospitality Emergency Grant Program,grant,historical_award,closed,Historical 2020 state emergency grant award from a closed program; not an active opportunity or an estimate of available funding. Municipality and county are source-published; no street address or ZIP is inferred.
"Greenfield and Greenfield, LLC - Marty's",,Charleston,Coles,10000,https://dceo.illinois.gov/content/dam/soi/en/web/dceo/smallbizassistance/documents/hospitality-grant-awardees-full-list.pdf,2020-04-27,official_confirmed_awardee_list,municipality,Illinois Hospitality Emergency Grant Program,grant,historical_award,closed,Historical 2020 state emergency grant award from a closed program; not an active opportunity or an estimate of available funding. Municipality and county are source-published; no street address or ZIP is inferred.
"J&A Subs, Inc",Subway,Chicago,Cook,10000,https://dceo.illinois.gov/content/dam/soi/en/web/dceo/smallbizassistance/documents/hospitality-grant-awardees-full-list.pdf,2020-04-27,official_confirmed_awardee_list,municipality,Illinois Hospitality Emergency Grant Program,grant,historical_award,closed,Historical 2020 state emergency grant award from a closed program; not an active opportunity or an estimate of available funding. Municipality and county are source-published; no street address or ZIP is inferred.
"Jai Jai Shiva 2, Inc",,Crystal Lake,McHenry,10000,https://dceo.illinois.gov/content/dam/soi/en/web/dceo/smallbizassistance/documents/hospitality-grant-awardees-full-list.pdf,2020-04-27,official_confirmed_awardee_list,municipality,Illinois Hospitality Emergency Grant Program,grant,historical_award,closed,Historical 2020 state emergency grant award from a closed program; not an active opportunity or an estimate of available funding. Municipality and county are source-published; no street address or ZIP is inferred.
"Janie B's of Sugar Grove, Inc",,Sugar Grove,Kane,25000,https://dceo.illinois.gov/content/dam/soi/en/web/dceo/smallbizassistance/documents/hospitality-grant-awardees-full-list.pdf,2020-04-27,official_confirmed_awardee_list,municipality,Illinois Hospitality Emergency Grant Program,grant,historical_award,closed,Historical 2020 state emergency grant award from a closed program; not an active opportunity or an estimate of available funding. Municipality and county are source-published; no street address or ZIP is inferred.
"LombardGold Hospitality, LLC",,Lombard,DuPage,25000,https://dceo.illinois.gov/content/dam/soi/en/web/dceo/smallbizassistance/documents/hospitality-grant-awardees-full-list.pdf,2020-04-27,official_confirmed_awardee_list,municipality,Illinois Hospitality Emergency Grant Program,grant,historical_award,closed,Historical 2020 state emergency grant award from a closed program; not an active opportunity or an estimate of available funding. Municipality and county are source-published; no street address or ZIP is inferred.
"M.G. Concessions, Inc.",,Villa Park,DuPage,25000,https://dceo.illinois.gov/content/dam/soi/en/web/dceo/smallbizassistance/documents/hospitality-grant-awardees-full-list.pdf,2020-04-27,official_confirmed_awardee_list,municipality,Illinois Hospitality Emergency Grant Program,grant,historical_award,closed,Historical 2020 state emergency grant award from a closed program; not an active opportunity or an estimate of available funding. Municipality and county are source-published; no street address or ZIP is inferred.
Morgan Street Development1 LLC,,Chicago,Cook,25000,https://dceo.illinois.gov/content/dam/soi/en/web/dceo/smallbizassistance/documents/hospitality-grant-awardees-full-list.pdf,2020-04-27,official_confirmed_awardee_list,municipality,Illinois Hospitality Emergency Grant Program,grant,historical_award,closed,Historical 2020 state emergency grant award from a closed program; not an active opportunity or an estimate of available funding. Municipality and county are source-published; no street address or ZIP is inferred.
"Rantoul Lodging, LLC",,Rantoul,Champaign,25000,https://dceo.illinois.gov/content/dam/soi/en/web/dceo/smallbizassistance/documents/hospitality-grant-awardees-full-list.pdf,2020-04-27,official_confirmed_awardee_list,municipality,Illinois Hospitality Emergency Grant Program,grant,historical_award,closed,Historical 2020 state emergency grant award from a closed program; not an active opportunity or an estimate of available funding. Municipality and county are source-published; no street address or ZIP is inferred.
Sat Kaival Motel Inc,,harrisburg,Saline,50000,https://dceo.illinois.gov/content/dam/soi/en/web/dceo/smallbizassistance/documents/hospitality-grant-awardees-full-list.pdf,2020-04-27,official_confirmed_awardee_list,municipality,Illinois Hospitality Emergency Grant Program,grant,historical_award,closed,Historical 2020 state emergency grant award from a closed program; not an active opportunity or an estimate of available funding. Municipality and county are source-published; no street address or ZIP is inferred.
SBS Lincolnshire LLC,,Lincolnshire,Lake,25000,https://dceo.illinois.gov/content/dam/soi/en/web/dceo/smallbizassistance/documents/hospitality-grant-awardees-full-list.pdf,2020-04-27,official_confirmed_awardee_list,municipality,Illinois Hospitality Emergency Grant Program,grant,historical_award,closed,Historical 2020 state emergency grant award from a closed program; not an active opportunity or an estimate of available funding. Municipality and county are source-published; no street address or ZIP is inferred.
Slow Hand BBQ LLC,,Peoria Heights,Peoria,25000,https://dceo.illinois.gov/content/dam/soi/en/web/dceo/smallbizassistance/documents/hospitality-grant-awardees-full-list.pdf,2020-04-27,official_confirmed_awardee_list,municipality,Illinois Hospitality Emergency Grant Program,grant,historical_award,closed,Historical 2020 state emergency grant award from a closed program; not an active opportunity or an estimate of available funding. Municipality and county are source-published; no street address or ZIP is inferred.
SNMP Hospitality Inc,,Forsyth,Macon,25000,https://dceo.illinois.gov/content/dam/soi/en/web/dceo/smallbizassistance/documents/hospitality-grant-awardees-full-list.pdf,2020-04-27,official_confirmed_awardee_list,municipality,Illinois Hospitality Emergency Grant Program,grant,historical_award,closed,Historical 2020 state emergency grant award from a closed program; not an active opportunity or an estimate of available funding. Municipality and county are source-published; no street address or ZIP is inferred.
"Springfield Lodging, LLC",,Springfield,Sangamon,25000,https://dceo.illinois.gov/content/dam/soi/en/web/dceo/smallbizassistance/documents/hospitality-grant-awardees-full-list.pdf,2020-04-27,official_confirmed_awardee_list,municipality,Illinois Hospitality Emergency Grant Program,grant,historical_award,closed,Historical 2020 state emergency grant award from a closed program; not an active opportunity or an estimate of available funding. Municipality and county are source-published; no street address or ZIP is inferred.
SUN HOSPITALITY GROUP LLC,,CARBONDALE,Jackson,50000,https://dceo.illinois.gov/content/dam/soi/en/web/dceo/smallbizassistance/documents/hospitality-grant-awardees-full-list.pdf,2020-04-27,official_confirmed_awardee_list,municipality,Illinois Hospitality Emergency Grant Program,grant,historical_award,closed,Historical 2020 state emergency grant award from a closed program; not an active opportunity or an estimate of available funding. Municipality and county are source-published; no street address or ZIP is inferred.
Sweet Time Cafe,,Northfield,Cook,10000,https://dceo.illinois.gov/content/dam/soi/en/web/dceo/smallbizassistance/documents/hospitality-grant-awardees-full-list.pdf,2020-04-27,official_confirmed_awardee_list,municipality,Illinois Hospitality Emergency Grant Program,grant,historical_award,closed,Historical 2020 state emergency grant award from a closed program; not an active opportunity or an estimate of available funding. Municipality and county are source-published; no street address or ZIP is inferred.
TECALITLAN RESTAURANT INC,,AURORA,Kane,25000,https://dceo.illinois.gov/content/dam/soi/en/web/dceo/smallbizassistance/documents/hospitality-grant-awardees-full-list.pdf,2020-04-27,official_confirmed_awardee_list,municipality,Illinois Hospitality Emergency Grant Program,grant,historical_award,closed,Historical 2020 state emergency grant award from a closed program; not an active opportunity or an estimate of available funding. Municipality and county are source-published; no street address or ZIP is inferred.
The Greathouse of Pizza LLC,,Casey,Clark,10000,https://dceo.illinois.gov/content/dam/soi/en/web/dceo/smallbizassistance/documents/hospitality-grant-awardees-full-list.pdf,2020-04-27,official_confirmed_awardee_list,municipality,Illinois Hospitality Emergency Grant Program,grant,historical_award,closed,Historical 2020 state emergency grant award from a closed program; not an active opportunity or an estimate of available funding. Municipality and county are source-published; no street address or ZIP is inferred.
VAIBHAV LAXMI INC,Comfort Inn Romeoville,ROMEOVILLE,Will,25000,https://dceo.illinois.gov/content/dam/soi/en/web/dceo/smallbizassistance/documents/hospitality-grant-awardees-full-list.pdf,2020-04-27,official_confirmed_awardee_list,municipality,Illinois Hospitality Emergency Grant Program,grant,historical_award,closed,Historical 2020 state emergency grant award from a closed program; not an active opportunity or an estimate of available funding. Municipality and county are source-published; no street address or ZIP is inferred.
ANUP ENTERPRISES CORP - JOLIET,,JOLIET,Will,10000,https://dceo.illinois.gov/content/dam/soi/en/web/dceo/smallbizassistance/documents/hospitality-grant-awardees-full-list.pdf,2020-04-27,official_confirmed_awardee_list,municipality,Illinois Hospitality Emergency Grant Program,grant,historical_award,closed,Historical 2020 state emergency grant award from a closed program; not an active opportunity or an estimate of available funding. Municipality and county are source-published; no street address or ZIP is inferred.
Ashland Diner Inc.,,Ashland,Cass,10000,https://dceo.illinois.gov/content/dam/soi/en/web/dceo/smallbizassistance/documents/hospitality-grant-awardees-full-list.pdf,2020-04-27,official_confirmed_awardee_list,municipality,Illinois Hospitality Emergency Grant Program,grant,historical_award,closed,Historical 2020 state emergency grant award from a closed program; not an active opportunity or an estimate of available funding. Municipality and county are source-published; no street address or ZIP is inferred.
"Chicago South Loop Hotel, LLC",,Chicago,Cook,50000,https://dceo.illinois.gov/content/dam/soi/en/web/dceo/smallbizassistance/documents/hospitality-grant-awardees-full-list.pdf,2020-04-27,official_confirmed_awardee_list,municipality,Illinois Hospitality Emergency Grant Program,grant,historical_award,closed,Historical 2020 state emergency grant award from a closed program; not an active opportunity or an estimate of available funding. Municipality and county are source-published; no street address or ZIP is inferred.
diya unlimited Inc,,chillicothe,Peoria,25000,https://dceo.illinois.gov/content/dam/soi/en/web/dceo/smallbizassistance/documents/hospitality-grant-awardees-full-list.pdf,2020-04-27,official_confirmed_awardee_list,municipality,Illinois Hospitality Emergency Grant Program,grant,historical_award,closed,Historical 2020 state emergency grant award from a closed program; not an active opportunity or an estimate of available funding. Municipality and county are source-published; no street address or ZIP is inferred.
"EAST CHINA INN 5, INC.",,Batavia,Kane,25000,https://dceo.illinois.gov/content/dam/soi/en/web/dceo/smallbizassistance/documents/hospitality-grant-awardees-full-list.pdf,2020-04-27,official_confirmed_awardee_list,municipality,Illinois Hospitality Emergency Grant Program,grant,historical_award,closed,Historical 2020 state emergency grant award from a closed program; not an active opportunity or an estimate of available funding. Municipality and county are source-published; no street address or ZIP is inferred.
Fitzs Five Leaf Clover Inc,,Lombard,DuPage,10000,https://dceo.illinois.gov/content/dam/soi/en/web/dceo/smallbizassistance/documents/hospitality-grant-awardees-full-list.pdf,2020-04-27,official_confirmed_awardee_list,municipality,Illinois Hospitality Emergency Grant Program,grant,historical_award,closed,Historical 2020 state emergency grant award from a closed program; not an active opportunity or an estimate of available funding. Municipality and county are source-published; no street address or ZIP is inferred.
Fos Inc DBA Casey's Pub,,Loves Park,Winnebago,25000,https://dceo.illinois.gov/content/dam/soi/en/web/dceo/smallbizassistance/documents/hospitality-grant-awardees-full-list.pdf,2020-04-27,official_confirmed_awardee_list,municipality,Illinois Hospitality Emergency Grant Program,grant,historical_award,closed,Historical 2020 state emergency grant award from a closed program; not an active opportunity or an estimate of available funding. Municipality and county are source-published; no street address or ZIP is inferred.
Holiday Inn Express and Suites - Rock Falls,,Rock Falls,Whiteside,25000,https://dceo.illinois.gov/content/dam/soi/en/web/dceo/smallbizassistance/documents/hospitality-grant-awardees-full-list.pdf,2020-04-27,official_confirmed_awardee_list,municipality,Illinois Hospitality Emergency Grant Program,grant,historical_award,closed,Historical 2020 state emergency grant award from a closed program; not an active opportunity or an estimate of available funding. Municipality and county are source-published; no street address or ZIP is inferred.
Joliet BC Inc,,Joliet,Will,10000,https://dceo.illinois.gov/content/dam/soi/en/web/dceo/smallbizassistance/documents/hospitality-grant-awardees-full-list.pdf,2020-04-27,official_confirmed_awardee_list,municipality,Illinois Hospitality Emergency Grant Program,grant,historical_award,closed,Historical 2020 state emergency grant award from a closed program; not an active opportunity or an estimate of available funding. Municipality and county are source-published; no street address or ZIP is inferred.
LaQuinta Inn & Suites Chicago Lakeshore,,Chicago,Cook,50000,https://dceo.illinois.gov/content/dam/soi/en/web/dceo/smallbizassistance/documents/hospitality-grant-awardees-full-list.pdf,2020-04-27,official_confirmed_awardee_list,municipality,Illinois Hospitality Emergency Grant Program,grant,historical_award,closed,Historical 2020 state emergency grant award from a closed program; not an active opportunity or an estimate of available funding. Municipality and county are source-published; no street address or ZIP is inferred.
Lota Balls LLC - DBA Bowlero Lanes,,Carlinville,Macoupin,10000,https://dceo.illinois.gov/content/dam/soi/en/web/dceo/smallbizassistance/documents/hospitality-grant-awardees-full-list.pdf,2020-04-27,official_confirmed_awardee_list,municipality,Illinois Hospitality Emergency Grant Program,grant,historical_award,closed,Historical 2020 state emergency grant award from a closed program; not an active opportunity or an estimate of available funding. Municipality and county are source-published; no street address or ZIP is inferred.
NAP Midway Hospitality,,Chicago,Cook,25000,https://dceo.illinois.gov/content/dam/soi/en/web/dceo/smallbizassistance/documents/hospitality-grant-awardees-full-list.pdf,2020-04-27,official_confirmed_awardee_list,municipality,Illinois Hospitality Emergency Grant Program,grant,historical_award,closed,Historical 2020 state emergency grant award from a closed program; not an active opportunity or an estimate of available funding. Municipality and county are source-published; no street address or ZIP is inferred.
Pramukh Motel Inc DBA Holiday Inn Express Naperville,,Naperville,DuPage,25000,https://dceo.illinois.gov/content/dam/soi/en/web/dceo/smallbizassistance/documents/hospitality-grant-awardees-full-list.pdf,2020-04-27,official_confirmed_awardee_list,municipality,Illinois Hospitality Emergency Grant Program,grant,historical_award,closed,Historical 2020 state emergency grant award from a closed program; not an active opportunity or an estimate of available funding. Municipality and county are source-published; no street address or ZIP is inferred.
TACOS EL REY DE ORO INC,,LIBERTYVILLE,Lake,25000,https://dceo.illinois.gov/content/dam/soi/en/web/dceo/smallbizassistance/documents/hospitality-grant-awardees-full-list.pdf,2020-04-27,official_confirmed_awardee_list,municipality,Illinois Hospitality Emergency Grant Program,grant,historical_award,closed,Historical 2020 state emergency grant award from a closed program; not an active opportunity or an estimate of available funding. Municipality and county are source-published; no street address or ZIP is inferred.
Whiskey Waters,,Spring grove,McHenry,10000,https://dceo.illinois.gov/content/dam/soi/en/web/dceo/smallbizassistance/documents/hospitality-grant-awardees-full-list.pdf,2020-04-27,official_confirmed_awardee_list,municipality,Illinois Hospitality Emergency Grant Program,grant,historical_award,closed,Historical 2020 state emergency grant award from a closed program; not an active opportunity or an estimate of available funding. Municipality and county are source-published; no street address or ZIP is inferred.
Johnny B's Tavern Inc.,,Bartelso,Clinton,10000,https://dceo.illinois.gov/content/dam/soi/en/web/dceo/smallbizassistance/documents/hospitality-grant-awardees-full-list.pdf,2020-04-27,official_confirmed_awardee_list,municipality,Illinois Hospitality Emergency Grant Program,grant,historical_award,closed,Historical 2020 state emergency grant award from a closed program; not an active opportunity or an estimate of available funding. Municipality and county are source-published; no street address or ZIP is inferred.
LAM & KAG INC,,ALTON,Madison,10000,https://dceo.illinois.gov/content/dam/soi/en/web/dceo/smallbizassistance/documents/hospitality-grant-awardees-full-list.pdf,2020-04-27,official_confirmed_awardee_list,municipality,Illinois Hospitality Emergency Grant Program,grant,historical_award,closed,Historical 2020 state emergency grant award from a closed program; not an active opportunity or an estimate of available funding. Municipality and county are source-published; no street address or ZIP is inferred.
red house inc,,lakemoor,McHenry,10000,https://dceo.illinois.gov/content/dam/soi/en/web/dceo/smallbizassistance/documents/hospitality-grant-awardees-full-list.pdf,2020-04-27,official_confirmed_awardee_list,municipality,Illinois Hospitality Emergency Grant Program,grant,historical_award,closed,Historical 2020 state emergency grant award from a closed program; not an active opportunity or an estimate of available funding. Municipality and county are source-published; no street address or ZIP is inferred.
"Suzi's XXI, LLC",,Moline,Rock Island,10000,https://dceo.illinois.gov/content/dam/soi/en/web/dceo/smallbizassistance/documents/hospitality-grant-awardees-full-list.pdf,2020-04-27,official_confirmed_awardee_list,municipality,Illinois Hospitality Emergency Grant Program,grant,historical_award,closed,Historical 2020 state emergency grant award from a closed program; not an active opportunity or an estimate of available funding. Municipality and county are source-published; no street address or ZIP is inferred.
"CLODDAGH, INC. D/B/A IRISH MILL INN",,Mundelein,Lake,10000,https://dceo.illinois.gov/content/dam/soi/en/web/dceo/smallbizassistance/documents/hospitality-grant-awardees-full-list.pdf,2020-04-27,official_confirmed_awardee_list,municipality,Illinois Hospitality Emergency Grant Program,grant,historical_award,closed,Historical 2020 state emergency grant award from a closed program; not an active opportunity or an estimate of available funding. Municipality and county are source-published; no street address or ZIP is inferred.
EK Development Inc Dba Hayashi,Hayashi,Gurnee,Lake,25000,https://dceo.illinois.gov/content/dam/soi/en/web/dceo/smallbizassistance/documents/hospitality-grant-awardees-full-list.pdf,2020-04-27,official_confirmed_awardee_list,municipality,Illinois Hospitality Emergency Grant Program,grant,historical_award,closed,Historical 2020 state emergency grant award from a closed program; not an active opportunity or an estimate of available funding. Municipality and county are source-published; no street address or ZIP is inferred.
EL COSTENO RESTAURANT,,Montgomery,Kane,10000,https://dceo.illinois.gov/content/dam/soi/en/web/dceo/smallbizassistance/documents/hospitality-grant-awardees-full-list.pdf,2020-04-27,official_confirmed_awardee_list,municipality,Illinois Hospitality Emergency Grant Program,grant,historical_award,closed,Historical 2020 state emergency grant award from a closed program; not an active opportunity or an estimate of available funding. Municipality and county are source-published; no street address or ZIP is inferred.
"Maria's Little Italy, LLC",,Sycamore,DeKalb,10000,https://dceo.illinois.gov/content/dam/soi/en/web/dceo/smallbizassistance/documents/hospitality-grant-awardees-full-list.pdf,2020-04-27,official_confirmed_awardee_list,municipality,Illinois Hospitality Emergency Grant Program,grant,historical_award,closed,Historical 2020 state emergency grant award from a closed program; not an active opportunity or an estimate of available funding. Municipality and county are source-published; no street address or ZIP is inferred.
Monica's Diner Inc,,Waukegan,Lake,10000,https://dceo.illinois.gov/content/dam/soi/en/web/dceo/smallbizassistance/documents/hospitality-grant-awardees-full-list.pdf,2020-04-27,official_confirmed_awardee_list,municipality,Illinois Hospitality Emergency Grant Program,grant,historical_award,closed,Historical 2020 state emergency grant award from a closed program; not an active opportunity or an estimate of available funding. Municipality and county are source-published; no street address or ZIP is inferred.
"Nap Hospitality Corp., DBA Sleep Inn TP",,Tinley Park,Will,25000,https://dceo.illinois.gov/content/dam/soi/en/web/dceo/smallbizassistance/documents/hospitality-grant-awardees-full-list.pdf,2020-04-27,official_confirmed_awardee_list,municipality,Illinois Hospitality Emergency Grant Program,grant,historical_award,closed,Historical 2020 state emergency grant award from a closed program; not an active opportunity or an estimate of available funding. Municipality and county are source-published; no street address or ZIP is inferred.
"Nicky's Too, Inc.",,NAPERVILLE,DuPage,25000,https://dceo.illinois.gov/content/dam/soi/en/web/dceo/smallbizassistance/documents/hospitality-grant-awardees-full-list.pdf,2020-04-27,official_confirmed_awardee_list,municipality,Illinois Hospitality Emergency Grant Program,grant,historical_award,closed,Historical 2020 state emergency grant award from a closed program; not an active opportunity or an estimate of available funding. Municipality and county are source-published; no street address or ZIP is inferred.
"WEST SPRINGFIELD-FURLA, INC dba/PIA'S",,CHAMPAIGN,Champaign,25000,https://dceo.illinois.gov/content/dam/soi/en/web/dceo/smallbizassistance/documents/hospitality-grant-awardees-full-list.pdf,2020-04-27,official_confirmed_awardee_list,municipality,Illinois Hospitality Emergency Grant Program,grant,historical_award,closed,Historical 2020 state emergency grant award from a closed program; not an active opportunity or an estimate of available funding. Municipality and county are source-published; no street address or ZIP is inferred.
Gueros,,Mount Vernon,Jefferson,25000,https://dceo.illinois.gov/content/dam/soi/en/web/dceo/smallbizassistance/documents/hospitality-grant-awardees-full-list.pdf,2020-04-27,official_confirmed_awardee_list,municipality,Illinois Hospitality Emergency Grant Program,grant,historical_award,closed,Historical 2020 state emergency grant award from a closed program; not an active opportunity or an estimate of available funding. Municipality and county are source-published; no street address or ZIP is inferred.
HH Oak Brook LLC,,Oak Brook,DuPage,50000,https://dceo.illinois.gov/content/dam/soi/en/web/dceo/smallbizassistance/documents/hospitality-grant-awardees-full-list.pdf,2020-04-27,official_confirmed_awardee_list,municipality,Illinois Hospitality Emergency Grant Program,grant,historical_award,closed,Historical 2020 state emergency grant award from a closed program; not an active opportunity or an estimate of available funding. Municipality and county are source-published; no street address or ZIP is inferred.
HP WS-IV Carol Stream LLC,,Carol Stream,DuPage,25000,https://dceo.illinois.gov/content/dam/soi/en/web/dceo/smallbizassistance/documents/hospitality-grant-awardees-full-list.pdf,2020-04-27,official_confirmed_awardee_list,municipality,Illinois Hospitality Emergency Grant Program,grant,historical_award,closed,Historical 2020 state emergency grant award from a closed program; not an active opportunity or an estimate of available funding. Municipality and county are source-published; no street address or ZIP is inferred.
Litchfield Motel Inc,,ELGIN,Kane,25000,https://dceo.illinois.gov/content/dam/soi/en/web/dceo/smallbizassistance/documents/hospitality-grant-awardees-full-list.pdf,2020-04-27,official_confirmed_awardee_list,municipality,Illinois Hospitality Emergency Grant Program,grant,historical_award,closed,Historical 2020 state emergency grant award from a closed program; not an active opportunity or an estimate of available funding. Municipality and county are source-published; no street address or ZIP is inferred.
Narayan Hospitality Corp,,ELK GROVE VILLAGE,Cook,25000,https://dceo.illinois.gov/content/dam/soi/en/web/dceo/smallbizassistance/documents/hospitality-grant-awardees-full-list.pdf,2020-04-27,official_confirmed_awardee_list,municipality,Illinois Hospitality Emergency Grant Program,grant,historical_award,closed,Historical 2020 state emergency grant award from a closed program; not an active opportunity or an estimate of available funding. Municipality and county are source-published; no street address or ZIP is inferred.
Rama Hospitality Corp,,Matteson,Cook,25000,https://dceo.illinois.gov/content/dam/soi/en/web/dceo/smallbizassistance/documents/hospitality-grant-awardees-full-list.pdf,2020-04-27,official_confirmed_awardee_list,municipality,Illinois Hospitality Emergency Grant Program,grant,historical_award,closed,Historical 2020 state emergency grant award from a closed program; not an active opportunity or an estimate of available funding. Municipality and county are source-published; no street address or ZIP is inferred.
"Schaumburg Meacham Pointe, LLC",,Schaumburg,Cook,25000,https://dceo.illinois.gov/content/dam/soi/en/web/dceo/smallbizassistance/documents/hospitality-grant-awardees-full-list.pdf,2020-04-27,official_confirmed_awardee_list,municipality,Illinois Hospitality Emergency Grant Program,grant,historical_award,closed,Historical 2020 state emergency grant award from a closed program; not an active opportunity or an estimate of available funding. Municipality and county are source-published; no street address or ZIP is inferred.
Schiller Park Hotel LLc,,Schiller Park,Cook,25000,https://dceo.illinois.gov/content/dam/soi/en/web/dceo/smallbizassistance/documents/hospitality-grant-awardees-full-list.pdf,2020-04-27,official_confirmed_awardee_list,municipality,Illinois Hospitality Emergency Grant Program,grant,historical_award,closed,Historical 2020 state emergency grant award from a closed program; not an active opportunity or an estimate of available funding. Municipality and county are source-published; no street address or ZIP is inferred.
Semeo Inc,,Elk Grove Village,Cook,25000,https://dceo.illinois.gov/content/dam/soi/en/web/dceo/smallbizassistance/documents/hospitality-grant-awardees-full-list.pdf,2020-04-27,official_confirmed_awardee_list,municipality,Illinois Hospitality Emergency Grant Program,grant,historical_award,closed,Historical 2020 state emergency grant award from a closed program; not an active opportunity or an estimate of available funding. Municipality and county are source-published; no street address or ZIP is inferred.
SOSAVI LLC DBA COMFORT INN GURNEE,,Gurnee,Lake,25000,https://dceo.illinois.gov/content/dam/soi/en/web/dceo/smallbizassistance/documents/hospitality-grant-awardees-full-list.pdf,2020-04-27,official_confirmed_awardee_list,municipality,Illinois Hospitality Emergency Grant Program,grant,historical_award,closed,Historical 2020 state emergency grant award from a closed program; not an active opportunity or an estimate of available funding. Municipality and county are source-published; no street address or ZIP is inferred.
"St Charles Hotel Partners, LLC",,St Charles,Kane,25000,https://dceo.illinois.gov/content/dam/soi/en/web/dceo/smallbizassistance/documents/hospitality-grant-awardees-full-list.pdf,2020-04-27,official_confirmed_awardee_list,municipality,Illinois Hospitality Emergency Grant Program,grant,historical_award,closed,Historical 2020 state emergency grant award from a closed program; not an active opportunity or an estimate of available funding. Municipality and county are source-published; no street address or ZIP is inferred.
Wabash 11th LLC,,Hinsdale,DuPage,50000,https://dceo.illinois.gov/content/dam/soi/en/web/dceo/smallbizassistance/documents/hospitality-grant-awardees-full-list.pdf,2020-04-27,official_confirmed_awardee_list,municipality,Illinois Hospitality Emergency Grant Program,grant,historical_award,closed,Historical 2020 state emergency grant award from a closed program; not an active opportunity or an estimate of available funding. Municipality and county are source-published; no street address or ZIP is inferred.
"Annabel Lee’s, Inc",,Jacksonville,Morgan,10000,https://dceo.illinois.gov/content/dam/soi/en/web/dceo/smallbizassistance/documents/hospitality-grant-awardees-full-list.pdf,2020-04-27,official_confirmed_awardee_list,municipality,Illinois Hospitality Emergency Grant Program,grant,historical_award,closed,Historical 2020 state emergency grant award from a closed program; not an active opportunity or an estimate of available funding. Municipality and county are source-published; no street address or ZIP is inferred.
Business Name,Crest Hill Lanes,Crest Hill,Will,25000,https://dceo.illinois.gov/content/dam/soi/en/web/dceo/smallbizassistance/documents/hospitality-grant-awardees-full-list.pdf,2020-04-27,official_confirmed_awardee_list,municipality,Illinois Hospitality Emergency Grant Program,grant,historical_award,closed,Historical 2020 state emergency grant award from a closed program; not an active opportunity or an estimate of available funding. Municipality and county are source-published; no street address or ZIP is inferred.
"Club Twenty-Twenty, DBA Gallery Cabaret",,Chicago,Cook,10000,https://dceo.illinois.gov/content/dam/soi/en/web/dceo/smallbizassistance/documents/hospitality-grant-awardees-full-list.pdf,2020-04-27,official_confirmed_awardee_list,municipality,Illinois Hospitality Emergency Grant Program,grant,historical_award,closed,Historical 2020 state emergency grant award from a closed program; not an active opportunity or an estimate of available funding. Municipality and county are source-published; no street address or ZIP is inferred.
"D&E McCullough, Inc. /dba Shorty's",,Watseka,Iroquois,10000,https://dceo.illinois.gov/content/dam/soi/en/web/dceo/smallbizassistance/documents/hospitality-grant-awardees-full-list.pdf,2020-04-27,official_confirmed_awardee_list,municipality,Illinois Hospitality Emergency Grant Program,grant,historical_award,closed,Historical 2020 state emergency grant award from a closed program; not an active opportunity or an estimate of available funding. Municipality and county are source-published; no street address or ZIP is inferred.
Fairfield Inn and Suites,Company: Trivedi Hospitality,Schaumburg,Cook,50000,https://dceo.illinois.gov/content/dam/soi/en/web/dceo/smallbizassistance/documents/hospitality-grant-awardees-full-list.pdf,2020-04-27,official_confirmed_awardee_list,municipality,Illinois Hospitality Emergency Grant Program,grant,historical_award,closed,Historical 2020 state emergency grant award from a closed program; not an active opportunity or an estimate of available funding. Municipality and county are source-published; no street address or ZIP is inferred.
"Les Hickory Hills Restaurant, Inc",,Hickory Hills,Cook,10000,https://dceo.illinois.gov/content/dam/soi/en/web/dceo/smallbizassistance/documents/hospitality-grant-awardees-full-list.pdf,2020-04-27,official_confirmed_awardee_list,municipality,Illinois Hospitality Emergency Grant Program,grant,historical_award,closed,Historical 2020 state emergency grant award from a closed program; not an active opportunity or an estimate of available funding. Municipality and county are source-published; no street address or ZIP is inferred.
Mahavir Matteson Hosp LLC dba Presidential Inn and Suites,,Matteson,Cook,25000,https://dceo.illinois.gov/content/dam/soi/en/web/dceo/smallbizassistance/documents/hospitality-grant-awardees-full-list.pdf,2020-04-27,official_confirmed_awardee_list,municipality,Illinois Hospitality Emergency Grant Program,grant,historical_award,closed,Historical 2020 state emergency grant award from a closed program; not an active opportunity or an estimate of available funding. Municipality and county are source-published; no street address or ZIP is inferred.
MANGALMURTI OF ILLINOIS DBA DECATUR INN,,DECATUR,Macon,25000,https://dceo.illinois.gov/content/dam/soi/en/web/dceo/smallbizassistance/documents/hospitality-grant-awardees-full-list.pdf,2020-04-27,official_confirmed_awardee_list,municipality,Illinois Hospitality Emergency Grant Program,grant,historical_award,closed,Historical 2020 state emergency grant award from a closed program; not an active opportunity or an estimate of available funding. Municipality and county are source-published; no street address or ZIP is inferred.
Margarita Gold,,Chicago,Cook,25000,https://dceo.illinois.gov/content/dam/soi/en/web/dceo/smallbizassistance/documents/hospitality-grant-awardees-full-list.pdf,2020-04-27,official_confirmed_awardee_list,municipality,Illinois Hospitality Emergency Grant Program,grant,historical_award,closed,Historical 2020 state emergency grant award from a closed program; not an active opportunity or an estimate of available funding. Municipality and county are source-published; no street address or ZIP is inferred.
"MASTIZAADE, INC",,TINLEY PARK,Will,25000,https://dceo.illinois.gov/content/dam/soi/en/web/dceo/smallbizassistance/documents/hospitality-grant-awardees-full-list.pdf,2020-04-27,official_confirmed_awardee_list,municipality,Illinois Hospitality Emergency Grant Program,grant,historical_award,closed,Historical 2020 state emergency grant award from a closed program; not an active opportunity or an estimate of available funding. Municipality and county are source-published; no street address or ZIP is inferred.
Midwest Property Management LTD. DBA Pere Marquette Lodge and Illinois Beach Resort,,Jacksonville,Morgan,50000,https://dceo.illinois.gov/content/dam/soi/en/web/dceo/smallbizassistance/documents/hospitality-grant-awardees-full-list.pdf,2020-04-27,official_confirmed_awardee_list,municipality,Illinois Hospitality Emergency Grant Program,grant,historical_award,closed,Historical 2020 state emergency grant award from a closed program; not an active opportunity or an estimate of available funding. Municipality and county are source-published; no street address or ZIP is inferred.
"Radha Swami, Inc",,Crest Hill,Will,25000,https://dceo.illinois.gov/content/dam/soi/en/web/dceo/smallbizassistance/documents/hospitality-grant-awardees-full-list.pdf,2020-04-27,official_confirmed_awardee_list,municipality,Illinois Hospitality Emergency Grant Program,grant,historical_award,closed,Historical 2020 state emergency grant award from a closed program; not an active opportunity or an estimate of available funding. Municipality and county are source-published; no street address or ZIP is inferred.
Shiva Hospitality Corp,,Melrose Park,Cook,25000,https://dceo.illinois.gov/content/dam/soi/en/web/dceo/smallbizassistance/documents/hospitality-grant-awardees-full-list.pdf,2020-04-27,official_confirmed_awardee_list,municipality,Illinois Hospitality Emergency Grant Program,grant,historical_award,closed,Historical 2020 state emergency grant award from a closed program; not an active opportunity or an estimate of available funding. Municipality and county are source-published; no street address or ZIP is inferred.
Travel Inns of America d/b/a Howard Johnson,Howard Johnson,Waukegan,Lake,25000,https://dceo.illinois.gov/content/dam/soi/en/web/dceo/smallbizassistance/documents/hospitality-grant-awardees-full-list.pdf,2020-04-27,official_confirmed_awardee_list,municipality,Illinois Hospitality Emergency Grant Program,grant,historical_award,closed,Historical 2020 state emergency grant award from a closed program; not an active opportunity or an estimate of available funding. Municipality and county are source-published; no street address or ZIP is inferred.
Von Jakob Vineyard Ltd.,,Alto Pass,Jackson,10000,https://dceo.illinois.gov/content/dam/soi/en/web/dceo/smallbizassistance/documents/hospitality-grant-awardees-full-list.pdf,2020-04-27,official_confirmed_awardee_list,municipality,Illinois Hospitality Emergency Grant Program,grant,historical_award,closed,Historical 2020 state emergency grant award from a closed program; not an active opportunity or an estimate of available funding. Municipality and county are source-published; no street address or ZIP is inferred.
"ARMANDO'S TACO & BURRITO EXPRESS, INC",,ISLAND LAKE,Lake,10000,https://dceo.illinois.gov/content/dam/soi/en/web/dceo/smallbizassistance/documents/hospitality-grant-awardees-full-list.pdf,2020-04-27,official_confirmed_awardee_list,municipality,Illinois Hospitality Emergency Grant Program,grant,historical_award,closed,Historical 2020 state emergency grant award from a closed program; not an active opportunity or an estimate of available funding. Municipality and county are source-published; no street address or ZIP is inferred.
CANTON INN,,CANTON,Fulton,25000,https://dceo.illinois.gov/content/dam/soi/en/web/dceo/smallbizassistance/documents/hospitality-grant-awardees-full-list.pdf,2020-04-27,official_confirmed_awardee_list,municipality,Illinois Hospitality Emergency Grant Program,grant,historical_award,closed,Historical 2020 state emergency grant award from a closed program; not an active opportunity or an estimate of available funding. Municipality and county are source-published; no street address or ZIP is inferred.
FRIEND HOSPITALITY INC. DBA SUPER 8 MOTEL,,MOKENA,Will,25000,https://dceo.illinois.gov/content/dam/soi/en/web/dceo/smallbizassistance/documents/hospitality-grant-awardees-full-list.pdf,2020-04-27,official_confirmed_awardee_list,municipality,Illinois Hospitality Emergency Grant Program,grant,historical_award,closed,Historical 2020 state emergency grant award from a closed program; not an active opportunity or an estimate of available funding. Municipality and county are source-published; no street address or ZIP is inferred.
HARY HOSPITALITY LLC,,WASHINGTON,Tazewell,25000,https://dceo.illinois.gov/content/dam/soi/en/web/dceo/smallbizassistance/documents/hospitality-grant-awardees-full-list.pdf,2020-04-27,official_confirmed_awardee_list,municipality,Illinois Hospitality Emergency Grant Program,grant,historical_award,closed,Historical 2020 state emergency grant award from a closed program; not an active opportunity or an estimate of available funding. Municipality and county are source-published; no street address or ZIP is inferred.
"Schaumburg Hotel Partners, LLC",,Schaumburg,Cook,25000,https://dceo.illinois.gov/content/dam/soi/en/web/dceo/smallbizassistance/documents/hospitality-grant-awardees-full-list.pdf,2020-04-27,official_confirmed_awardee_list,municipality,Illinois Hospitality Emergency Grant Program,grant,historical_award,closed,Historical 2020 state emergency grant award from a closed program; not an active opportunity or an estimate of available funding. Municipality and county are source-published; no street address or ZIP is inferred.
"Subs Mokena, Inc.",,Mokena,Will,10000,https://dceo.illinois.gov/content/dam/soi/en/web/dceo/smallbizassistance/documents/hospitality-grant-awardees-full-list.pdf,2020-04-27,official_confirmed_awardee_list,municipality,Illinois Hospitality Emergency Grant Program,grant,historical_award,closed,Historical 2020 state emergency grant award from a closed program; not an active opportunity or an estimate of available funding. Municipality and county are source-published; no street address or ZIP is inferred.
Munchies Pub Inc DBA Hippos,,Chicago,Cook,10000,https://dceo.illinois.gov/content/dam/soi/en/web/dceo/smallbizassistance/documents/hospitality-grant-awardees-full-list.pdf,2020-04-27,official_confirmed_awardee_list,municipality,Illinois Hospitality Emergency Grant Program,grant,historical_award,closed,Historical 2020 state emergency grant award from a closed program; not an active opportunity or an estimate of available funding. Municipality and county are source-published; no street address or ZIP is inferred.
restaurant dining,"Siam Marina of Tinley Park, Inc",tinley park,Cook,25000,https://dceo.illinois.gov/content/dam/soi/en/web/dceo/smallbizassistance/documents/hospitality-grant-awardees-full-list.pdf,2020-04-27,official_confirmed_awardee_list,municipality,Illinois Hospitality Emergency Grant Program,grant,historical_award,closed,Historical 2020 state emergency grant award from a closed program; not an active opportunity or an estimate of available funding. Municipality and county are source-published; no street address or ZIP is inferred.
Scapecchi's Supper Club,,Farmington,Fulton,10000,https://dceo.illinois.gov/content/dam/soi/en/web/dceo/smallbizassistance/documents/hospitality-grant-awardees-full-list.pdf,2020-04-27,official_confirmed_awardee_list,municipality,Illinois Hospitality Emergency Grant Program,grant,historical_award,closed,Historical 2020 state emergency grant award from a closed program; not an active opportunity or an estimate of available funding. Municipality and county are source-published; no street address or ZIP is inferred.
124 Lofts,,West Dundee,Kane,25000,https://dceo.illinois.gov/content/dam/soi/en/web/dceo/smallbizassistance/documents/hospitality-grant-awardees-full-list.pdf,2020-04-27,official_confirmed_awardee_list,municipality,Illinois Hospitality Emergency Grant Program,grant,historical_award,closed,Historical 2020 state emergency grant award from a closed program; not an active opportunity or an estimate of available funding. Municipality and county are source-published; no street address or ZIP is inferred.
ALTON KG MANAGEMENT LLC,,ALTON,Madison,25000,https://dceo.illinois.gov/content/dam/soi/en/web/dceo/smallbizassistance/documents/hospitality-grant-awardees-full-list.pdf,2020-04-27,official_confirmed_awardee_list,municipality,Illinois Hospitality Emergency Grant Program,grant,historical_award,closed,Historical 2020 state emergency grant award from a closed program; not an active opportunity or an estimate of available funding. Municipality and county are source-published; no street address or ZIP is inferred.
Century Hospitality LLC,,Jacksonville,Morgan,25000,https://dceo.illinois.gov/content/dam/soi/en/web/dceo/smallbizassistance/documents/hospitality-grant-awardees-full-list.pdf,2020-04-27,official_confirmed_awardee_list,municipality,Illinois Hospitality Emergency Grant Program,grant,historical_award,closed,Historical 2020 state emergency grant award from a closed program; not an active opportunity or an estimate of available funding. Municipality and county are source-published; no street address or ZIP is inferred.
Diyanav hospitality group inc,,Wheeling,Cook,25000,https://dceo.illinois.gov/content/dam/soi/en/web/dceo/smallbizassistance/documents/hospitality-grant-awardees-full-list.pdf,2020-04-27,official_confirmed_awardee_list,municipality,Illinois Hospitality Emergency Grant Program,grant,historical_award,closed,Historical 2020 state emergency grant award from a closed program; not an active opportunity or an estimate of available funding. Municipality and county are source-published; no street address or ZIP is inferred.
"Dragonfly Bed and Breakfast, LLC",,Antioch,Lake,25000,https://dceo.illinois.gov/content/dam/soi/en/web/dceo/smallbizassistance/documents/hospitality-grant-awardees-full-list.pdf,2020-04-27,official_confirmed_awardee_list,municipality,Illinois Hospitality Emergency Grant Program,grant,historical_award,closed,Historical 2020 state emergency grant award from a closed program; not an active opportunity or an estimate of available funding. Municipality and county are source-published; no street address or ZIP is inferred.
"HENRY KELLY CHINA WOK, INC.",,ALTON,Madison,10000,https://dceo.illinois.gov/content/dam/soi/en/web/dceo/smallbizassistance/documents/hospitality-grant-awardees-full-list.pdf,2020-04-27,official_confirmed_awardee_list,municipality,Illinois Hospitality Emergency Grant Program,grant,historical_award,closed,Historical 2020 state emergency grant award from a closed program; not an active opportunity or an estimate of available funding. Municipality and county are source-published; no street address or ZIP is inferred.
Homewood Suites by Hilton,,Schaumburg,Cook,25000,https://dceo.illinois.gov/content/dam/soi/en/web/dceo/smallbizassistance/documents/hospitality-grant-awardees-full-list.pdf,2020-04-27,official_confirmed_awardee_list,municipality,Illinois Hospitality Emergency Grant Program,grant,historical_award,closed,Historical 2020 state emergency grant award from a closed program; not an active opportunity or an estimate of available funding. Municipality and county are source-published; no street address or ZIP is inferred.
HP WS-V Addison LLC,,Addison,DuPage,25000,https://dceo.illinois.gov/content/dam/soi/en/web/dceo/smallbizassistance/documents/hospitality-grant-awardees-full-list.pdf,2020-04-27,official_confirmed_awardee_list,municipality,Illinois Hospitality Emergency Grant Program,grant,historical_award,closed,Historical 2020 state emergency grant award from a closed program; not an active opportunity or an estimate of available funding. Municipality and county are source-published; no street address or ZIP is inferred.
Kendall hospitality LLC DBA Holiday Inn Express & Suites,,Yorkville,Kendall,25000,https://dceo.illinois.gov/content/dam/soi/en/web/dceo/smallbizassistance/documents/hospitality-grant-awardees-full-list.pdf,2020-04-27,official_confirmed_awardee_list,municipality,Illinois Hospitality Emergency Grant Program,grant,historical_award,closed,Historical 2020 state emergency grant award from a closed program; not an active opportunity or an estimate of available funding. Municipality and county are source-published; no street address or ZIP is inferred.
PK& G St Charles LLC,,St Charles,Kane,25000,https://dceo.illinois.gov/content/dam/soi/en/web/dceo/smallbizassistance/documents/hospitality-grant-awardees-full-list.pdf,2020-04-27,official_confirmed_awardee_list,municipality,Illinois Hospitality Emergency Grant Program,grant,historical_award,closed,Historical 2020 state emergency grant award from a closed program; not an active opportunity or an estimate of available funding. Municipality and county are source-published; no street address or ZIP is inferred.
"River Park Motel & Suites, Inc.",,Chicago,Cook,25000,https://dceo.illinois.gov/content/dam/soi/en/web/dceo/smallbizassistance/documents/hospitality-grant-awardees-full-list.pdf,2020-04-27,official_confirmed_awardee_list,municipality,Illinois Hospitality Emergency Grant Program,grant,historical_award,closed,Historical 2020 state emergency grant award from a closed program; not an active opportunity or an estimate of available funding. Municipality and county are source-published; no street address or ZIP is inferred.
"Sahara Hospitality Group, Inc.",,Morton Grove,Cook,25000,https://dceo.illinois.gov/content/dam/soi/en/web/dceo/smallbizassistance/documents/hospitality-grant-awardees-full-list.pdf,2020-04-27,official_confirmed_awardee_list,municipality,Illinois Hospitality Emergency Grant Program,grant,historical_award,closed,Historical 2020 state emergency grant award from a closed program; not an active opportunity or an estimate of available funding. Municipality and county are source-published; no street address or ZIP is inferred.
"Schaumburg Lodging, LLC",,Schaumburg,Cook,25000,https://dceo.illinois.gov/content/dam/soi/en/web/dceo/smallbizassistance/documents/hospitality-grant-awardees-full-list.pdf,2020-04-27,official_confirmed_awardee_list,municipality,Illinois Hospitality Emergency Grant Program,grant,historical_award,closed,Historical 2020 state emergency grant award from a closed program; not an active opportunity or an estimate of available funding. Municipality and county are source-published; no street address or ZIP is inferred.
SHRI RAJ JI HOSPITALITY LLC,,Peru,La Salle,25000,https://dceo.illinois.gov/content/dam/soi/en/web/dceo/smallbizassistance/documents/hospitality-grant-awardees-full-list.pdf,2020-04-27,official_confirmed_awardee_list,municipality,Illinois Hospitality Emergency Grant Program,grant,historical_award,closed,Historical 2020 state emergency grant award from a closed program; not an active opportunity or an estimate of available funding. Municipality and county are source-published; no street address or ZIP is inferred.
SKVN HOTELS LLC,,Rolling meadows,Cook,25000,https://dceo.illinois.gov/content/dam/soi/en/web/dceo/smallbizassistance/documents/hospitality-grant-awardees-full-list.pdf,2020-04-27,official_confirmed_awardee_list,municipality,Illinois Hospitality Emergency Grant Program,grant,historical_award,closed,Historical 2020 state emergency grant award from a closed program; not an active opportunity or an estimate of available funding. Municipality and county are source-published; no street address or ZIP is inferred.
super rajal llc,,Bloomington,McLean,25000,https://dceo.illinois.gov/content/dam/soi/en/web/dceo/smallbizassistance/documents/hospitality-grant-awardees-full-list.pdf,2020-04-27,official_confirmed_awardee_list,municipality,Illinois Hospitality Emergency Grant Program,grant,historical_award,closed,Historical 2020 state emergency grant award from a closed program; not an active opportunity or an estimate of available funding. Municipality and county are source-published; no street address or ZIP is inferred.
VMM INC,,chicago,Cook,50000,https://dceo.illinois.gov/content/dam/soi/en/web/dceo/smallbizassistance/documents/hospitality-grant-awardees-full-list.pdf,2020-04-27,official_confirmed_awardee_list,municipality,Illinois Hospitality Emergency Grant Program,grant,historical_award,closed,Historical 2020 state emergency grant award from a closed program; not an active opportunity or an estimate of available funding. Municipality and county are source-published; no street address or ZIP is inferred.
Win Hospitality LLC,,ADDISON,DuPage,25000,https://dceo.illinois.gov/content/dam/soi/en/web/dceo/smallbizassistance/documents/hospitality-grant-awardees-full-list.pdf,2020-04-27,official_confirmed_awardee_list,municipality,Illinois Hospitality Emergency Grant Program,grant,historical_award,closed,Historical 2020 state emergency grant award from a closed program; not an active opportunity or an estimate of available funding. Municipality and county are source-published; no street address or ZIP is inferred.
Windson Inc DBA Country Inn & Suites,,Romeoville,Will,25000,https://dceo.illinois.gov/content/dam/soi/en/web/dceo/smallbizassistance/documents/hospitality-grant-awardees-full-list.pdf,2020-04-27,official_confirmed_awardee_list,municipality,Illinois Hospitality Emergency Grant Program,grant,historical_award,closed,Historical 2020 state emergency grant award from a closed program; not an active opportunity or an estimate of available funding. Municipality and county are source-published; no street address or ZIP is inferred.
Woodrum Enterprises LLC DSI DBA Davie School Inn,,Anna,Union,25000,https://dceo.illinois.gov/content/dam/soi/en/web/dceo/smallbizassistance/documents/hospitality-grant-awardees-full-list.pdf,2020-04-27,official_confirmed_awardee_list,municipality,Illinois Hospitality Emergency Grant Program,grant,historical_award,closed,Historical 2020 state emergency grant award from a closed program; not an active opportunity or an estimate of available funding. Municipality and county are source-published; no street address or ZIP is inferred.
Chicago Guest House,,Chicago,Cook,25000,https://dceo.illinois.gov/content/dam/soi/en/web/dceo/smallbizassistance/documents/hospitality-grant-awardees-full-list.pdf,2020-04-27,official_confirmed_awardee_list,municipality,Illinois Hospitality Emergency Grant Program,grant,historical_award,closed,Historical 2020 state emergency grant award from a closed program; not an active opportunity or an estimate of available funding. Municipality and county are source-published; no street address or ZIP is inferred.
Comfort Inn & Suites,,Geneva,Kane,25000,https://dceo.illinois.gov/content/dam/soi/en/web/dceo/smallbizassistance/documents/hospitality-grant-awardees-full-list.pdf,2020-04-27,official_confirmed_awardee_list,municipality,Illinois Hospitality Emergency Grant Program,grant,historical_award,closed,Historical 2020 state emergency grant award from a closed program; not an active opportunity or an estimate of available funding. Municipality and county are source-published; no street address or ZIP is inferred.
Country Hearth Inn,,Decatur,Macon,25000,https://dceo.illinois.gov/content/dam/soi/en/web/dceo/smallbizassistance/documents/hospitality-grant-awardees-full-list.pdf,2020-04-27,official_confirmed_awardee_list,municipality,Illinois Hospitality Emergency Grant Program,grant,historical_award,closed,Historical 2020 state emergency grant award from a closed program; not an active opportunity or an estimate of available funding. Municipality and county are source-published; no street address or ZIP is inferred.
Gunatit Motel Inc,,Mchenry,McHenry,25000,https://dceo.illinois.gov/content/dam/soi/en/web/dceo/smallbizassistance/documents/hospitality-grant-awardees-full-list.pdf,2020-04-27,official_confirmed_awardee_list,municipality,Illinois Hospitality Emergency Grant Program,grant,historical_award,closed,Historical 2020 state emergency grant award from a closed program; not an active opportunity or an estimate of available funding. Municipality and county are source-published; no street address or ZIP is inferred.
"Hiren, LLP d/b/a Holiday Inn Aurora",,Aurora,Kane,25000,https://dceo.illinois.gov/content/dam/soi/en/web/dceo/smallbizassistance/documents/hospitality-grant-awardees-full-list.pdf,2020-04-27,official_confirmed_awardee_list,municipality,Illinois Hospitality Emergency Grant Program,grant,historical_award,closed,Historical 2020 state emergency grant award from a closed program; not an active opportunity or an estimate of available funding. Municipality and county are source-published; no street address or ZIP is inferred.
"OHM SHREEJI IV,INC DBA: ECONO LODGE",,WILLOWBROOK,DuPage,25000,https://dceo.illinois.gov/content/dam/soi/en/web/dceo/smallbizassistance/documents/hospitality-grant-awardees-full-list.pdf,2020-04-27,official_confirmed_awardee_list,municipality,Illinois Hospitality Emergency Grant Program,grant,historical_award,closed,Historical 2020 state emergency grant award from a closed program; not an active opportunity or an estimate of available funding. Municipality and county are source-published; no street address or ZIP is inferred.
Pramukh Ottawa Hospitality Inc,,Bloomington,McLean,25000,https://dceo.illinois.gov/content/dam/soi/en/web/dceo/smallbizassistance/documents/hospitality-grant-awardees-full-list.pdf,2020-04-27,official_confirmed_awardee_list,municipality,Illinois Hospitality Emergency Grant Program,grant,historical_award,closed,Historical 2020 state emergency grant award from a closed program; not an active opportunity or an estimate of available funding. Municipality and county are source-published; no street address or ZIP is inferred.
Red Roof Inn & Suites,,Monee,Will,25000,https://dceo.illinois.gov/content/dam/soi/en/web/dceo/smallbizassistance/documents/hospitality-grant-awardees-full-list.pdf,2020-04-27,official_confirmed_awardee_list,municipality,Illinois Hospitality Emergency Grant Program,grant,historical_award,closed,Historical 2020 state emergency grant award from a closed program; not an active opportunity or an estimate of available funding. Municipality and county are source-published; no street address or ZIP is inferred.
RELAX INN MOTEL,,WADSWORTH,Lake,25000,https://dceo.illinois.gov/content/dam/soi/en/web/dceo/smallbizassistance/documents/hospitality-grant-awardees-full-list.pdf,2020-04-27,official_confirmed_awardee_list,municipality,Illinois Hospitality Emergency Grant Program,grant,historical_award,closed,Historical 2020 state emergency grant award from a closed program; not an active opportunity or an estimate of available funding. Municipality and county are source-published; no street address or ZIP is inferred.
TreFratelli,Ristorante Villaggio,Roselle,DuPage,25000,https://dceo.illinois.gov/content/dam/soi/en/web/dceo/smallbizassistance/documents/hospitality-grant-awardees-full-list.pdf,2020-04-27,official_confirmed_awardee_list,municipality,Illinois Hospitality Emergency Grant Program,grant,historical_award,closed,Historical 2020 state emergency grant award from a closed program; not an active opportunity or an estimate of available funding. Municipality and county are source-published; no street address or ZIP is inferred.
Urban Holiday Management,,Chicago,Cook,25000,https://dceo.illinois.gov/content/dam/soi/en/web/dceo/smallbizassistance/documents/hospitality-grant-awardees-full-list.pdf,2020-04-27,official_confirmed_awardee_list,municipality,Illinois Hospitality Emergency Grant Program,grant,historical_award,closed,Historical 2020 state emergency grant award from a closed program; not an active opportunity or an estimate of available funding. Municipality and county are source-published; no street address or ZIP is inferred.
Super Fox Inc,,Aurora,DuPage,25000,https://dceo.illinois.gov/content/dam/soi/en/web/dceo/smallbizassistance/documents/hospitality-grant-awardees-full-list.pdf,2020-04-27,official_confirmed_awardee_list,municipality,Illinois Hospitality Emergency Grant Program,grant,historical_award,closed,Historical 2020 state emergency grant award from a closed program; not an active opportunity or an estimate of available funding. Municipality and county are source-published; no street address or ZIP is inferred.
Umiya Hotel Venture Two LLC,,Joliet,Will,25000,https://dceo.illinois.gov/content/dam/soi/en/web/dceo/smallbizassistance/documents/hospitality-grant-awardees-full-list.pdf,2020-04-27,official_confirmed_awardee_list,municipality,Illinois Hospitality Emergency Grant Program,grant,historical_award,closed,Historical 2020 state emergency grant award from a closed program; not an active opportunity or an estimate of available funding. Municipality and county are source-published; no street address or ZIP is inferred.
YUKTA INC,,ST CHARLES,Kane,25000,https://dceo.illinois.gov/content/dam/soi/en/web/dceo/smallbizassistance/documents/hospitality-grant-awardees-full-list.pdf,2020-04-27,official_confirmed_awardee_list,municipality,Illinois Hospitality Emergency Grant Program,grant,historical_award,closed,Historical 2020 state emergency grant award from a closed program; not an active opportunity or an estimate of available funding. Municipality and county are source-published; no street address or ZIP is inferred.
"BEST WESTERN, Naperville Inn",,Naperville,DuPage,25000,https://dceo.illinois.gov/content/dam/soi/en/web/dceo/smallbizassistance/documents/hospitality-grant-awardees-full-list.pdf,2020-04-27,official_confirmed_awardee_list,municipality,Illinois Hospitality Emergency Grant Program,grant,historical_award,closed,Historical 2020 state emergency grant award from a closed program; not an active opportunity or an estimate of available funding. Municipality and county are source-published; no street address or ZIP is inferred.
Clarion Inn Elmhurst / Oak Brook,,Elmhurst,DuPage,25000,https://dceo.illinois.gov/content/dam/soi/en/web/dceo/smallbizassistance/documents/hospitality-grant-awardees-full-list.pdf,2020-04-27,official_confirmed_awardee_list,municipality,Illinois Hospitality Emergency Grant Program,grant,historical_award,closed,Historical 2020 state emergency grant award from a closed program; not an active opportunity or an estimate of available funding. Municipality and county are source-published; no street address or ZIP is inferred.
Himalaya Investment LLC DBA: Hyatt Place Chicago/Schaumburg,,Schaumburg,Cook,25000,https://dceo.illinois.gov/content/dam/soi/en/web/dceo/smallbizassistance/documents/hospitality-grant-awardees-full-list.pdf,2020-04-27,official_confirmed_awardee_list,municipality,Illinois Hospitality Emergency Grant Program,grant,historical_award,closed,Historical 2020 state emergency grant award from a closed program; not an active opportunity or an estimate of available funding. Municipality and county are source-published; no street address or ZIP is inferred.
JAI MATADI HOSPITALITY INC DBA DAYSINN,,MORRIS,Grundy,25000,https://dceo.illinois.gov/content/dam/soi/en/web/dceo/smallbizassistance/documents/hospitality-grant-awardees-full-list.pdf,2020-04-27,official_confirmed_awardee_list,municipality,Illinois Hospitality Emergency Grant Program,grant,historical_award,closed,Historical 2020 state emergency grant award from a closed program; not an active opportunity or an estimate of available funding. Municipality and county are source-published; no street address or ZIP is inferred.
P M M HOSPITALITY LLC,,CHICAGO,Cook,25000,https://dceo.illinois.gov/content/dam/soi/en/web/dceo/smallbizassistance/documents/hospitality-grant-awardees-full-list.pdf,2020-04-27,official_confirmed_awardee_list,municipality,Illinois Hospitality Emergency Grant Program,grant,historical_award,closed,Historical 2020 state emergency grant award from a closed program; not an active opportunity or an estimate of available funding. Municipality and county are source-published; no street address or ZIP is inferred.
Akshar Murti Hospitality Inc.,,North Aurora,Kane,25000,https://dceo.illinois.gov/content/dam/soi/en/web/dceo/smallbizassistance/documents/hospitality-grant-awardees-full-list.pdf,2020-04-27,official_confirmed_awardee_list,municipality,Illinois Hospitality Emergency Grant Program,grant,historical_award,closed,Historical 2020 state emergency grant award from a closed program; not an active opportunity or an estimate of available funding. Municipality and county are source-published; no street address or ZIP is inferred.
Evanston Northshore Hotel Partners LLC,,Evanston,Cook,50000,https://dceo.illinois.gov/content/dam/soi/en/web/dceo/smallbizassistance/documents/hospitality-grant-awardees-full-list.pdf,2020-04-27,official_confirmed_awardee_list,municipality,Illinois Hospitality Emergency Grant Program,grant,historical_award,closed,Historical 2020 state emergency grant award from a closed program; not an active opportunity or an estimate of available funding. Municipality and county are source-published; no street address or ZIP is inferred.
J&J Hospitality LLC,,Moline,Rock Island,25000,https://dceo.illinois.gov/content/dam/soi/en/web/dceo/smallbizassistance/documents/hospitality-grant-awardees-full-list.pdf,2020-04-27,official_confirmed_awardee_list,municipality,Illinois Hospitality Emergency Grant Program,grant,historical_award,closed,Historical 2020 state emergency grant award from a closed program; not an active opportunity or an estimate of available funding. Municipality and county are source-published; no street address or ZIP is inferred.
"Joliet HI Hotels, LLC",,Joliet,Will,25000,https://dceo.illinois.gov/content/dam/soi/en/web/dceo/smallbizassistance/documents/hospitality-grant-awardees-full-list.pdf,2020-04-27,official_confirmed_awardee_list,municipality,Illinois Hospitality Emergency Grant Program,grant,historical_award,closed,Historical 2020 state emergency grant award from a closed program; not an active opportunity or an estimate of available funding. Municipality and county are source-published; no street address or ZIP is inferred.
Magnus Hotels LLC,,Bloomington,McLean,25000,https://dceo.illinois.gov/content/dam/soi/en/web/dceo/smallbizassistance/documents/hospitality-grant-awardees-full-list.pdf,2020-04-27,official_confirmed_awardee_list,municipality,Illinois Hospitality Emergency Grant Program,grant,historical_award,closed,Historical 2020 state emergency grant award from a closed program; not an active opportunity or an estimate of available funding. Municipality and county are source-published; no street address or ZIP is inferred.
MAHI LLC,,Libertyville,Lake,25000,https://dceo.illinois.gov/content/dam/soi/en/web/dceo/smallbizassistance/documents/hospitality-grant-awardees-full-list.pdf,2020-04-27,official_confirmed_awardee_list,municipality,Illinois Hospitality Emergency Grant Program,grant,historical_award,closed,Historical 2020 state emergency grant award from a closed program; not an active opportunity or an estimate of available funding. Municipality and county are source-published; no street address or ZIP is inferred.
Shri Krishna Hospitality Inc,,Rockford,Winnebago,25000,https://dceo.illinois.gov/content/dam/soi/en/web/dceo/smallbizassistance/documents/hospitality-grant-awardees-full-list.pdf,2020-04-27,official_confirmed_awardee_list,municipality,Illinois Hospitality Emergency Grant Program,grant,historical_award,closed,Historical 2020 state emergency grant award from a closed program; not an active opportunity or an estimate of available funding. Municipality and county are source-published; no street address or ZIP is inferred.
The Penthouse at Grand Plaza,,Chicago,Cook,25000,https://dceo.illinois.gov/content/dam/soi/en/web/dceo/smallbizassistance/documents/hospitality-grant-awardees-full-list.pdf,2020-04-27,official_confirmed_awardee_list,municipality,Illinois Hospitality Emergency Grant Program,grant,historical_award,closed,Historical 2020 state emergency grant award from a closed program; not an active opportunity or an estimate of available funding. Municipality and county are source-published; no street address or ZIP is inferred.
HOLIDAY INN EXPRESS ROLLING MEADOWS,,Rolling Meadows,Cook,25000,https://dceo.illinois.gov/content/dam/soi/en/web/dceo/smallbizassistance/documents/hospitality-grant-awardees-full-list.pdf,2020-04-27,official_confirmed_awardee_list,municipality,Illinois Hospitality Emergency Grant Program,grant,historical_award,closed,Historical 2020 state emergency grant award from a closed program; not an active opportunity or an estimate of available funding. Municipality and county are source-published; no street address or ZIP is inferred.
Holiday Inn Hotel & Conference Center,,Carbondale,Jackson,25000,https://dceo.illinois.gov/content/dam/soi/en/web/dceo/smallbizassistance/documents/hospitality-grant-awardees-full-list.pdf,2020-04-27,official_confirmed_awardee_list,municipality,Illinois Hospitality Emergency Grant Program,grant,historical_award,closed,Historical 2020 state emergency grant award from a closed program; not an active opportunity or an estimate of available funding. Municipality and county are source-published; no street address or ZIP is inferred.
"2723 Sheridan Rd, LLC dba The Inn on Sheridan",,Zion,Lake,25000,https://dceo.illinois.gov/content/dam/soi/en/web/dceo/smallbizassistance/documents/hospitality-grant-awardees-full-list.pdf,2020-04-27,official_confirmed_awardee_list,municipality,Illinois Hospitality Emergency Grant Program,grant,historical_award,closed,Historical 2020 state emergency grant award from a closed program; not an active opportunity or an estimate of available funding. Municipality and county are source-published; no street address or ZIP is inferred.
2knightsllc d/b/a the bar 10 DOORS,The Bar 10 Doors,Chicago,Cook,10000,https://dceo.illinois.gov/content/dam/soi/en/web/dceo/smallbizassistance/documents/hospitality-grant-awardees-full-list.pdf,2020-04-27,official_confirmed_awardee_list,municipality,Illinois Hospitality Emergency Grant Program,grant,historical_award,closed,Historical 2020 state emergency grant award from a closed program; not an active opportunity or an estimate of available funding. Municipality and county are source-published; no street address or ZIP is inferred.
3420 North Broadway Inc. DBA Jacqueline's,Jacqueline's,Chicago,Cook,10000,https://dceo.illinois.gov/content/dam/soi/en/web/dceo/smallbizassistance/documents/hospitality-grant-awardees-full-list.pdf,2020-04-27,official_confirmed_awardee_list,municipality,Illinois Hospitality Emergency Grant Program,grant,historical_award,closed,Historical 2020 state emergency grant award from a closed program; not an active opportunity or an estimate of available funding. Municipality and county are source-published; no street address or ZIP is inferred.
3633 LEWIS INN LLC,,WAUKEGAN,Lake,25000,https://dceo.illinois.gov/content/dam/soi/en/web/dceo/smallbizassistance/documents/hospitality-grant-awardees-full-list.pdf,2020-04-27,official_confirmed_awardee_list,municipality,Illinois Hospitality Emergency Grant Program,grant,historical_award,closed,Historical 2020 state emergency grant award from a closed program; not an active opportunity or an estimate of available funding. Municipality and county are source-published; no street address or ZIP is inferred.
"7124 N. Clark, Inc",Safari Lounge,Chicago,Cook,10000,https://dceo.illinois.gov/content/dam/soi/en/web/dceo/smallbizassistance/documents/hospitality-grant-awardees-full-list.pdf,2020-04-27,official_confirmed_awardee_list,municipality,Illinois Hospitality Emergency Grant Program,grant,historical_award,closed,Historical 2020 state emergency grant award from a closed program; not an active opportunity or an estimate of available funding. Municipality and county are source-published; no street address or ZIP is inferred.
agit restaurant corp(agit bar&grill),Agit Bar & Grill,niles,Cook,25000,https://dceo.illinois.gov/content/dam/soi/en/web/dceo/smallbizassistance/documents/hospitality-grant-awardees-full-list.pdf,2020-04-27,official_confirmed_awardee_list,municipality,Illinois Hospitality Emergency Grant Program,grant,historical_award,closed,Historical 2020 state emergency grant award from a closed program; not an active opportunity or an estimate of available funding. Municipality and county are source-published; no street address or ZIP is inferred.
AH RRI HOTEL LLC (RED ROOF INN O'HARE),Red Roof Inn Arlington Heights,ARLINGTON HEIGHTS,Cook,25000,https://dceo.illinois.gov/content/dam/soi/en/web/dceo/smallbizassistance/documents/hospitality-grant-awardees-full-list.pdf,2020-04-27,official_confirmed_awardee_list,municipality,Illinois Hospitality Emergency Grant Program,grant,historical_award,closed,Historical 2020 state emergency grant award from a closed program; not an active opportunity or an estimate of available funding. Municipality and county are source-published; no street address or ZIP is inferred.
Akshar hospitality INC,Motel 6 Waukegan,Waukegan,Lake,25000,https://dceo.illinois.gov/content/dam/soi/en/web/dceo/smallbizassistance/documents/hospitality-grant-awardees-full-list.pdf,2020-04-27,official_confirmed_awardee_list,municipality,Illinois Hospitality Emergency Grant Program,grant,historical_award,closed,Historical 2020 state emergency grant award from a closed program; not an active opportunity or an estimate of available funding. Municipality and county are source-published; no street address or ZIP is inferred.
Aldo's Pizza & Pasta Inc,,Rochelle,Ogle,10000,https://dceo.illinois.gov/content/dam/soi/en/web/dceo/smallbizassistance/documents/hospitality-grant-awardees-full-list.pdf,2020-04-27,official_confirmed_awardee_list,municipality,Illinois Hospitality Emergency Grant Program,grant,historical_award,closed,Historical 2020 state emergency grant award from a closed program; not an active opportunity or an estimate of available funding. Municipality and county are source-published; no street address or ZIP is inferred.
Aloft Bolingbrook,,Bolingbrook,Will,50000,https://dceo.illinois.gov/content/dam/soi/en/web/dceo/smallbizassistance/documents/hospitality-grant-awardees-full-list.pdf,2020-04-27,official_confirmed_awardee_list,municipality,Illinois Hospitality Emergency Grant Program,grant,historical_award,closed,Historical 2020 state emergency grant award from a closed program; not an active opportunity or an estimate of available funding. Municipality and county are source-published; no street address or ZIP is inferred.
Alpa&Lopa Inc,Papa John's,West Dundee,Kane,10000,https://dceo.illinois.gov/content/dam/soi/en/web/dceo/smallbizassistance/documents/hospitality-grant-awardees-full-list.pdf,2020-04-27,official_confirmed_awardee_list,municipality,Illinois Hospitality Emergency Grant Program,grant,historical_award,closed,Historical 2020 state emergency grant award from a closed program; not an active opportunity or an estimate of available funding. Municipality and county are source-published; no street address or ZIP is inferred.
Alton-Wood River Sportsmen's Club Inc,,Godfrey,Madison,25000,https://dceo.illinois.gov/content/dam/soi/en/web/dceo/smallbizassistance/documents/hospitality-grant-awardees-full-list.pdf,2020-04-27,official_confirmed_awardee_list,municipality,Illinois Hospitality Emergency Grant Program,grant,historical_award,closed,Historical 2020 state emergency grant award from a closed program; not an active opportunity or an estimate of available funding. Municipality and county are source-published; no street address or ZIP is inferred.
American Motels inc.d/b/a Travelodge,Travelodge,Lansing,Cook,25000,https://dceo.illinois.gov/content/dam/soi/en/web/dceo/smallbizassistance/documents/hospitality-grant-awardees-full-list.pdf,2020-04-27,official_confirmed_awardee_list,municipality,Illinois Hospitality Emergency Grant Program,grant,historical_award,closed,Historical 2020 state emergency grant award from a closed program; not an active opportunity or an estimate of available funding. Municipality and county are source-published; no street address or ZIP is inferred.
Annapurna Fast Food,Anna Purana Fast Food,CHICAGO,Cook,25000,https://dceo.illinois.gov/content/dam/soi/en/web/dceo/smallbizassistance/documents/hospitality-grant-awardees-full-list.pdf,2020-04-27,official_confirmed_awardee_list,municipality,Illinois Hospitality Emergency Grant Program,grant,historical_award,closed,Historical 2020 state emergency grant award from a closed program; not an active opportunity or an estimate of available funding. Municipality and county are source-published; no street address or ZIP is inferred.
Annie's Sazarac Inc.,,Beardstown,Cass,10000,https://dceo.illinois.gov/content/dam/soi/en/web/dceo/smallbizassistance/documents/hospitality-grant-awardees-full-list.pdf,2020-04-27,official_confirmed_awardee_list,municipality,Illinois Hospitality Emergency Grant Program,grant,historical_award,closed,Historical 2020 state emergency grant award from a closed program; not an active opportunity or an estimate of available funding. Municipality and county are source-published; no street address or ZIP is inferred.
Armada Capital Co dba Arrogant Frog Bar,,Chicago,Cook,10000,https://dceo.illinois.gov/content/dam/soi/en/web/dceo/smallbizassistance/documents/hospitality-grant-awardees-full-list.pdf,2020-04-27,official_confirmed_awardee_list,municipality,Illinois Hospitality Emergency Grant Program,grant,historical_award,closed,Historical 2020 state emergency grant award from a closed program; not an active opportunity or an estimate of available funding. Municipality and county are source-published; no street address or ZIP is inferred.
ASBS Inc DBA Down the Street,Down the Street,Ashmore,Coles,10000,https://dceo.illinois.gov/content/dam/soi/en/web/dceo/smallbizassistance/documents/hospitality-grant-awardees-full-list.pdf,2020-04-27,official_confirmed_awardee_list,municipality,Illinois Hospitality Emergency Grant Program,grant,historical_award,closed,Historical 2020 state emergency grant award from a closed program; not an active opportunity or an estimate of available funding. Municipality and county are source-published; no street address or ZIP is inferred.
Aztec Daves food truck,,Chicago,Cook,10000,https://dceo.illinois.gov/content/dam/soi/en/web/dceo/smallbizassistance/documents/hospitality-grant-awardees-full-list.pdf,2020-04-27,official_confirmed_awardee_list,municipality,Illinois Hospitality Emergency Grant Program,grant,historical_award,closed,Historical 2020 state emergency grant award from a closed program; not an active opportunity or an estimate of available funding. Municipality and county are source-published; no street address or ZIP is inferred.
"B&K BAKERY, INC",B&K Bakery,MOUNT OLIVE,Macoupin,10000,https://dceo.illinois.gov/content/dam/soi/en/web/dceo/smallbizassistance/documents/hospitality-grant-awardees-full-list.pdf,2020-04-27,official_confirmed_awardee_list,municipality,Illinois Hospitality Emergency Grant Program,grant,historical_award,closed,Historical 2020 state emergency grant award from a closed program; not an active opportunity or an estimate of available funding. Municipality and county are source-published; no street address or ZIP is inferred.
"BAAN THAI, INC.",,Chicago,Cook,10000,https://dceo.illinois.gov/content/dam/soi/en/web/dceo/smallbizassistance/documents/hospitality-grant-awardees-full-list.pdf,2020-04-27,official_confirmed_awardee_list,municipality,Illinois Hospitality Emergency Grant Program,grant,historical_award,closed,Historical 2020 state emergency grant award from a closed program; not an active opportunity or an estimate of available funding. Municipality and county are source-published; no street address or ZIP is inferred.
Back of the Yards Coffee House,,Chicago,Cook,10000,https://dceo.illinois.gov/content/dam/soi/en/web/dceo/smallbizassistance/documents/hospitality-grant-awardees-full-list.pdf,2020-04-27,official_confirmed_awardee_list,municipality,Illinois Hospitality Emergency Grant Program,grant,historical_award,closed,Historical 2020 state emergency grant award from a closed program; not an active opportunity or an estimate of available funding. Municipality and county are source-published; no street address or ZIP is inferred.
BAR INVESTORS INC D/B/A NORTH PARK INN MOTEL,,CHICAGO,Cook,25000,https://dceo.illinois.gov/content/dam/soi/en/web/dceo/smallbizassistance/documents/hospitality-grant-awardees-full-list.pdf,2020-04-27,official_confirmed_awardee_list,municipality,Illinois Hospitality Emergency Grant Program,grant,historical_award,closed,Historical 2020 state emergency grant award from a closed program; not an active opportunity or an estimate of available funding. Municipality and county are source-published; no street address or ZIP is inferred.
Baymont Inn & Suites Freeport,,Freeport,Stephenson,25000,https://dceo.illinois.gov/content/dam/soi/en/web/dceo/smallbizassistance/documents/hospitality-grant-awardees-full-list.pdf,2020-04-27,official_confirmed_awardee_list,municipality,Illinois Hospitality Emergency Grant Program,grant,historical_award,closed,Historical 2020 state emergency grant award from a closed program; not an active opportunity or an estimate of available funding. Municipality and county are source-published; no street address or ZIP is inferred.
Baymont Inn of Rockford,Lyford Road LLP DBA Baymont Inn R,rockford,Winnebago,25000,https://dceo.illinois.gov/content/dam/soi/en/web/dceo/smallbizassistance/documents/hospitality-grant-awardees-full-list.pdf,2020-04-27,official_confirmed_awardee_list,municipality,Illinois Hospitality Emergency Grant Program,grant,historical_award,closed,Historical 2020 state emergency grant award from a closed program; not an active opportunity or an estimate of available funding. Municipality and county are source-published; no street address or ZIP is inferred.
"BENTON RANGERS ENTERPRISES, INC DBA LAFIESTA MEX RE",LAFIESTA MEX RESTAURANT,BENTON,Franklin,25000,https://dceo.illinois.gov/content/dam/soi/en/web/dceo/smallbizassistance/documents/hospitality-grant-awardees-full-list.pdf,2020-04-27,official_confirmed_awardee_list,municipality,Illinois Hospitality Emergency Grant Program,grant,historical_award,closed,Historical 2020 state emergency grant award from a closed program; not an active opportunity or an estimate of available funding. Municipality and county are source-published; no street address or ZIP is inferred.
Best Western,,Galena,Jo Daviess,25000,https://dceo.illinois.gov/content/dam/soi/en/web/dceo/smallbizassistance/documents/hospitality-grant-awardees-full-list.pdf,2020-04-27,official_confirmed_awardee_list,municipality,Illinois Hospitality Emergency Grant Program,grant,historical_award,closed,Historical 2020 state emergency grant award from a closed program; not an active opportunity or an estimate of available funding. Municipality and county are source-published; no street address or ZIP is inferred.
Best western Joliet Inn and Suites,,Joliet,Will,25000,https://dceo.illinois.gov/content/dam/soi/en/web/dceo/smallbizassistance/documents/hospitality-grant-awardees-full-list.pdf,2020-04-27,official_confirmed_awardee_list,municipality,Illinois Hospitality Emergency Grant Program,grant,historical_award,closed,Historical 2020 state emergency grant award from a closed program; not an active opportunity or an estimate of available funding. Municipality and county are source-published; no street address or ZIP is inferred.
Best western woodstock,,woodstock,McHenry,25000,https://dceo.illinois.gov/content/dam/soi/en/web/dceo/smallbizassistance/documents/hospitality-grant-awardees-full-list.pdf,2020-04-27,official_confirmed_awardee_list,municipality,Illinois Hospitality Emergency Grant Program,grant,historical_award,closed,Historical 2020 state emergency grant award from a closed program; not an active opportunity or an estimate of available funding. Municipality and county are source-published; no street address or ZIP is inferred.
BIG BITE SUSHI CORP,Big Bite Sushi,Chicago,Cook,10000,https://dceo.illinois.gov/content/dam/soi/en/web/dceo/smallbizassistance/documents/hospitality-grant-awardees-full-list.pdf,2020-04-27,official_confirmed_awardee_list,municipality,Illinois Hospitality Emergency Grant Program,grant,historical_award,closed,Historical 2020 state emergency grant award from a closed program; not an active opportunity or an estimate of available funding. Municipality and county are source-published; no street address or ZIP is inferred.
BIG SIX LLC,The Pour House,Peoria,Peoria,25000,https://dceo.illinois.gov/content/dam/soi/en/web/dceo/smallbizassistance/documents/hospitality-grant-awardees-full-list.pdf,2020-04-27,official_confirmed_awardee_list,municipality,Illinois Hospitality Emergency Grant Program,grant,historical_award,closed,Historical 2020 state emergency grant award from a closed program; not an active opportunity or an estimate of available funding. Municipality and county are source-published; no street address or ZIP is inferred.
"BigBash Managment, LLC Morris Chop Shop Series",Morris Chop Shop,Morris,Grundy,25000,https://dceo.illinois.gov/content/dam/soi/en/web/dceo/smallbizassistance/documents/hospitality-grant-awardees-full-list.pdf,2020-04-27,official_confirmed_awardee_list,municipality,Illinois Hospitality Emergency Grant Program,grant,historical_award,closed,Historical 2020 state emergency grant award from a closed program; not an active opportunity or an estimate of available funding. Municipality and county are source-published; no street address or ZIP is inferred.
Black Horizon Brewing Company,,Willowbrook,DuPage,10000,https://dceo.illinois.gov/content/dam/soi/en/web/dceo/smallbizassistance/documents/hospitality-grant-awardees-full-list.pdf,2020-04-27,official_confirmed_awardee_list,municipality,Illinois Hospitality Emergency Grant Program,grant,historical_award,closed,Historical 2020 state emergency grant award from a closed program; not an active opportunity or an estimate of available funding. Municipality and county are source-published; no street address or ZIP is inferred.
Bolat african cuisine inc,,Chicago,Cook,25000,https://dceo.illinois.gov/content/dam/soi/en/web/dceo/smallbizassistance/documents/hospitality-grant-awardees-full-list.pdf,2020-04-27,official_confirmed_awardee_list,municipality,Illinois Hospitality Emergency Grant Program,grant,historical_award,closed,Historical 2020 state emergency grant award from a closed program; not an active opportunity or an estimate of available funding. Municipality and county are source-published; no street address or ZIP is inferred.
"BPG Hospitality Inc, DBA Rainbow Motwl",,Chicago,Cook,25000,https://dceo.illinois.gov/content/dam/soi/en/web/dceo/smallbizassistance/documents/hospitality-grant-awardees-full-list.pdf,2020-04-27,official_confirmed_awardee_list,municipality,Illinois Hospitality Emergency Grant Program,grant,historical_award,closed,Historical 2020 state emergency grant award from a closed program; not an active opportunity or an estimate of available funding. Municipality and county are source-published; no street address or ZIP is inferred.
Brazen Head Inc.,The Brazen Head,Crestwood,Cook,10000,https://dceo.illinois.gov/content/dam/soi/en/web/dceo/smallbizassistance/documents/hospitality-grant-awardees-full-list.pdf,2020-04-27,official_confirmed_awardee_list,municipality,Illinois Hospitality Emergency Grant Program,grant,historical_award,closed,Historical 2020 state emergency grant award from a closed program; not an active opportunity or an estimate of available funding. Municipality and county are source-published; no street address or ZIP is inferred.
BROADVIEW HOSPITALITY LLC DBA TRAVEL INN,Travel Inn,BROADVIEW,Cook,25000,https://dceo.illinois.gov/content/dam/soi/en/web/dceo/smallbizassistance/documents/hospitality-grant-awardees-full-list.pdf,2020-04-27,official_confirmed_awardee_list,municipality,Illinois Hospitality Emergency Grant Program,grant,historical_award,closed,Historical 2020 state emergency grant award from a closed program; not an active opportunity or an estimate of available funding. Municipality and county are source-published; no street address or ZIP is inferred.
Brothers Pizza Now,Pizza Now,Aurora,Kane,25000,https://dceo.illinois.gov/content/dam/soi/en/web/dceo/smallbizassistance/documents/hospitality-grant-awardees-full-list.pdf,2020-04-27,official_confirmed_awardee_list,municipality,Illinois Hospitality Emergency Grant Program,grant,historical_award,closed,Historical 2020 state emergency grant award from a closed program; not an active opportunity or an estimate of available funding. Municipality and county are source-published; no street address or ZIP is inferred.
"BRYAN'S BOONDOCKS, INC.",,BRYANT,Fulton,10000,https://dceo.illinois.gov/content/dam/soi/en/web/dceo/smallbizassistance/documents/hospitality-grant-awardees-full-list.pdf,2020-04-27,official_confirmed_awardee_list,municipality,Illinois Hospitality Emergency Grant Program,grant,historical_award,closed,Historical 2020 state emergency grant award from a closed program; not an active opportunity or an estimate of available funding. Municipality and county are source-published; no street address or ZIP is inferred.
Bukanas Sport Bar Corp.,Bukanas Sports Bar,Round Lake,Lake,10000,https://dceo.illinois.gov/content/dam/soi/en/web/dceo/smallbizassistance/documents/hospitality-grant-awardees-full-list.pdf,2020-04-27,official_confirmed_awardee_list,municipality,Illinois Hospitality Emergency Grant Program,grant,historical_award,closed,Historical 2020 state emergency grant award from a closed program; not an active opportunity or an estimate of available funding. Municipality and county are source-published; no street address or ZIP is inferred.
Burger Boss llc dba/ Burger Moovment,Burger Moovment,Elmwood Park,Cook,25000,https://dceo.illinois.gov/content/dam/soi/en/web/dceo/smallbizassistance/documents/hospitality-grant-awardees-full-list.pdf,2020-04-27,official_confirmed_awardee_list,municipality,Illinois Hospitality Emergency Grant Program,grant,historical_award,closed,Historical 2020 state emergency grant award from a closed program; not an active opportunity or an estimate of available funding. Municipality and county are source-published; no street address or ZIP is inferred.
BW Glenview LLC,Best Western Glenview,Glenview,Cook,25000,https://dceo.illinois.gov/content/dam/soi/en/web/dceo/smallbizassistance/documents/hospitality-grant-awardees-full-list.pdf,2020-04-27,official_confirmed_awardee_list,municipality,Illinois Hospitality Emergency Grant Program,grant,historical_award,closed,Historical 2020 state emergency grant award from a closed program; not an active opportunity or an estimate of available funding. Municipality and county are source-published; no street address or ZIP is inferred.
"CANTIGNY POST #367 VFW, INC.",,JOLIET,Will,10000,https://dceo.illinois.gov/content/dam/soi/en/web/dceo/smallbizassistance/documents/hospitality-grant-awardees-full-list.pdf,2020-04-27,official_confirmed_awardee_list,municipality,Illinois Hospitality Emergency Grant Program,grant,historical_award,closed,Historical 2020 state emergency grant award from a closed program; not an active opportunity or an estimate of available funding. Municipality and county are source-published; no street address or ZIP is inferred.
Caribella,,Chicago,Cook,10000,https://dceo.illinois.gov/content/dam/soi/en/web/dceo/smallbizassistance/documents/hospitality-grant-awardees-full-list.pdf,2020-04-27,official_confirmed_awardee_list,municipality,Illinois Hospitality Emergency Grant Program,grant,historical_award,closed,Historical 2020 state emergency grant award from a closed program; not an active opportunity or an estimate of available funding. Municipality and county are source-published; no street address or ZIP is inferred.
"Carol Stream Stratford Inn, Ltd dba Holiday Inn Carol Stream",,CAROL STREAM,DuPage,50000,https://dceo.illinois.gov/content/dam/soi/en/web/dceo/smallbizassistance/documents/hospitality-grant-awardees-full-list.pdf,2020-04-27,official_confirmed_awardee_list,municipality,Illinois Hospitality Emergency Grant Program,grant,historical_award,closed,Historical 2020 state emergency grant award from a closed program; not an active opportunity or an estimate of available funding. Municipality and county are source-published; no street address or ZIP is inferred.
Carver's BBQ Inc,,Godfrey,Madison,10000,https://dceo.illinois.gov/content/dam/soi/en/web/dceo/smallbizassistance/documents/hospitality-grant-awardees-full-list.pdf,2020-04-27,official_confirmed_awardee_list,municipality,Illinois Hospitality Emergency Grant Program,grant,historical_award,closed,Historical 2020 state emergency grant award from a closed program; not an active opportunity or an estimate of available funding. Municipality and county are source-published; no street address or ZIP is inferred.
Chad Batson DBA STUFFED-ARIA PIZZa,,Lincoln,Logan,10000,https://dceo.illinois.gov/content/dam/soi/en/web/dceo/smallbizassistance/documents/hospitality-grant-awardees-full-list.pdf,2020-04-27,official_confirmed_awardee_list,municipality,Illinois Hospitality Emergency Grant Program,grant,historical_award,closed,Historical 2020 state emergency grant award from a closed program; not an active opportunity or an estimate of available funding. Municipality and county are source-published; no street address or ZIP is inferred.
Chester Community Golf Club,,Chester,Randolph,10000,https://dceo.illinois.gov/content/dam/soi/en/web/dceo/smallbizassistance/documents/hospitality-grant-awardees-full-list.pdf,2020-04-27,official_confirmed_awardee_list,municipality,Illinois Hospitality Emergency Grant Program,grant,historical_award,closed,Historical 2020 state emergency grant award from a closed program; not an active opportunity or an estimate of available funding. Municipality and county are source-published; no street address or ZIP is inferred.
Chicago Uma LLC dba Sheraton Suites Chicago Elk Grove,Sheraton Suites Chicago Elk Grove,Elk Grove Village,Cook,50000,https://dceo.illinois.gov/content/dam/soi/en/web/dceo/smallbizassistance/documents/hospitality-grant-awardees-full-list.pdf,2020-04-27,official_confirmed_awardee_list,municipality,Illinois Hospitality Emergency Grant Program,grant,historical_award,closed,Historical 2020 state emergency grant award from a closed program; not an active opportunity or an estimate of available funding. Municipality and county are source-published; no street address or ZIP is inferred.
City Limits,,Viola,Mercer,10000,https://dceo.illinois.gov/content/dam/soi/en/web/dceo/smallbizassistance/documents/hospitality-grant-awardees-full-list.pdf,2020-04-27,official_confirmed_awardee_list,municipality,Illinois Hospitality Emergency Grant Program,grant,historical_award,closed,Historical 2020 state emergency grant award from a closed program; not an active opportunity or an estimate of available funding. Municipality and county are source-published; no street address or ZIP is inferred.
"Clarke's Cakes and Pastries, inc.",,Barrington,Lake,10000,https://dceo.illinois.gov/content/dam/soi/en/web/dceo/smallbizassistance/documents/hospitality-grant-awardees-full-list.pdf,2020-04-27,official_confirmed_awardee_list,municipality,Illinois Hospitality Emergency Grant Program,grant,historical_award,closed,Historical 2020 state emergency grant award from a closed program; not an active opportunity or an estimate of available funding. Municipality and county are source-published; no street address or ZIP is inferred.
Comfort Inn Matteson,,Matteson,Cook,25000,https://dceo.illinois.gov/content/dam/soi/en/web/dceo/smallbizassistance/documents/hospitality-grant-awardees-full-list.pdf,2020-04-27,official_confirmed_awardee_list,municipality,Illinois Hospitality Emergency Grant Program,grant,historical_award,closed,Historical 2020 state emergency grant award from a closed program; not an active opportunity or an estimate of available funding. Municipality and county are source-published; no street address or ZIP is inferred.
"Comfort Suites - Springfield, IL",,Springfield,Sangamon,25000,https://dceo.illinois.gov/content/dam/soi/en/web/dceo/smallbizassistance/documents/hospitality-grant-awardees-full-list.pdf,2020-04-27,official_confirmed_awardee_list,municipality,Illinois Hospitality Emergency Grant Program,grant,historical_award,closed,Historical 2020 state emergency grant award from a closed program; not an active opportunity or an estimate of available funding. Municipality and county are source-published; no street address or ZIP is inferred.
Conway's Catering Company,,maryville,Madison,10000,https://dceo.illinois.gov/content/dam/soi/en/web/dceo/smallbizassistance/documents/hospitality-grant-awardees-full-list.pdf,2020-04-27,official_confirmed_awardee_list,municipality,Illinois Hospitality Emergency Grant Program,grant,historical_award,closed,Historical 2020 state emergency grant award from a closed program; not an active opportunity or an estimate of available funding. Municipality and county are source-published; no street address or ZIP is inferred.
Corner Enterprises Inc,The Corner Tap,Stockton,Jo Daviess,25000,https://dceo.illinois.gov/content/dam/soi/en/web/dceo/smallbizassistance/documents/hospitality-grant-awardees-full-list.pdf,2020-04-27,official_confirmed_awardee_list,municipality,Illinois Hospitality Emergency Grant Program,grant,historical_award,closed,Historical 2020 state emergency grant award from a closed program; not an active opportunity or an estimate of available funding. Municipality and county are source-published; no street address or ZIP is inferred.
Crabby Boil,,Batavia,Kane,10000,https://dceo.illinois.gov/content/dam/soi/en/web/dceo/smallbizassistance/documents/hospitality-grant-awardees-full-list.pdf,2020-04-27,official_confirmed_awardee_list,municipality,Illinois Hospitality Emergency Grant Program,grant,historical_award,closed,Historical 2020 state emergency grant award from a closed program; not an active opportunity or an estimate of available funding. Municipality and county are source-published; no street address or ZIP is inferred.
Crescent City Tap,,Galva,Henry,10000,https://dceo.illinois.gov/content/dam/soi/en/web/dceo/smallbizassistance/documents/hospitality-grant-awardees-full-list.pdf,2020-04-27,official_confirmed_awardee_list,municipality,Illinois Hospitality Emergency Grant Program,grant,historical_award,closed,Historical 2020 state emergency grant award from a closed program; not an active opportunity or an estimate of available funding. Municipality and county are source-published; no street address or ZIP is inferred.
CSM Corporation,,Lincolnshire,Lake,50000,https://dceo.illinois.gov/content/dam/soi/en/web/dceo/smallbizassistance/documents/hospitality-grant-awardees-full-list.pdf,2020-04-27,official_confirmed_awardee_list,municipality,Illinois Hospitality Emergency Grant Program,grant,historical_award,closed,Historical 2020 state emergency grant award from a closed program; not an active opportunity or an estimate of available funding. Municipality and county are source-published; no street address or ZIP is inferred.
D SANGALLI ENTERPRISES LLC,,PEKIN,Tazewell,25000,https://dceo.illinois.gov/content/dam/soi/en/web/dceo/smallbizassistance/documents/hospitality-grant-awardees-full-list.pdf,2020-04-27,official_confirmed_awardee_list,municipality,Illinois Hospitality Emergency Grant Program,grant,historical_award,closed,Historical 2020 state emergency grant award from a closed program; not an active opportunity or an estimate of available funding. Municipality and county are source-published; no street address or ZIP is inferred.
DAYS INN,,COLLINSVILLE,Madison,25000,https://dceo.illinois.gov/content/dam/soi/en/web/dceo/smallbizassistance/documents/hospitality-grant-awardees-full-list.pdf,2020-04-27,official_confirmed_awardee_list,municipality,Illinois Hospitality Emergency Grant Program,grant,historical_award,closed,Historical 2020 state emergency grant award from a closed program; not an active opportunity or an estimate of available funding. Municipality and county are source-published; no street address or ZIP is inferred.
Days Inn Rockford,,Rockford,Winnebago,25000,https://dceo.illinois.gov/content/dam/soi/en/web/dceo/smallbizassistance/documents/hospitality-grant-awardees-full-list.pdf,2020-04-27,official_confirmed_awardee_list,municipality,Illinois Hospitality Emergency Grant Program,grant,historical_award,closed,Historical 2020 state emergency grant award from a closed program; not an active opportunity or an estimate of available funding. Municipality and county are source-published; no street address or ZIP is inferred.
Daysinn & suites,,Romeoville,Will,25000,https://dceo.illinois.gov/content/dam/soi/en/web/dceo/smallbizassistance/documents/hospitality-grant-awardees-full-list.pdf,2020-04-27,official_confirmed_awardee_list,municipality,Illinois Hospitality Emergency Grant Program,grant,historical_award,closed,Historical 2020 state emergency grant award from a closed program; not an active opportunity or an estimate of available funding. Municipality and county are source-published; no street address or ZIP is inferred.
"DEI Holdings, LLC",Prairie Inn,Dorsey,Madison,25000,https://dceo.illinois.gov/content/dam/soi/en/web/dceo/smallbizassistance/documents/hospitality-grant-awardees-full-list.pdf,2020-04-27,official_confirmed_awardee_list,municipality,Illinois Hospitality Emergency Grant Program,grant,historical_award,closed,Historical 2020 state emergency grant award from a closed program; not an active opportunity or an estimate of available funding. Municipality and county are source-published; no street address or ZIP is inferred.
Des Plaines Lodging LLC,,Des Plaines,Cook,50000,https://dceo.illinois.gov/content/dam/soi/en/web/dceo/smallbizassistance/documents/hospitality-grant-awardees-full-list.pdf,2020-04-27,official_confirmed_awardee_list,municipality,Illinois Hospitality Emergency Grant Program,grant,historical_award,closed,Historical 2020 state emergency grant award from a closed program; not an active opportunity or an estimate of available funding. Municipality and county are source-published; no street address or ZIP is inferred.
"Diversified Vending, Inc.",,Carlyle,Clinton,25000,https://dceo.illinois.gov/content/dam/soi/en/web/dceo/smallbizassistance/documents/hospitality-grant-awardees-full-list.pdf,2020-04-27,official_confirmed_awardee_list,municipality,Illinois Hospitality Emergency Grant Program,grant,historical_award,closed,Historical 2020 state emergency grant award from a closed program; not an active opportunity or an estimate of available funding. Municipality and county are source-published; no street address or ZIP is inferred.
DL & TJ Enterprises LLC,Red Brick Inn,Kirkland,DeKalb,10000,https://dceo.illinois.gov/content/dam/soi/en/web/dceo/smallbizassistance/documents/hospitality-grant-awardees-full-list.pdf,2020-04-27,official_confirmed_awardee_list,municipality,Illinois Hospitality Emergency Grant Program,grant,historical_award,closed,Historical 2020 state emergency grant award from a closed program; not an active opportunity or an estimate of available funding. Municipality and county are source-published; no street address or ZIP is inferred.
Domino Liquors Inc. dba Tonys,,Freeport,Stephenson,10000,https://dceo.illinois.gov/content/dam/soi/en/web/dceo/smallbizassistance/documents/hospitality-grant-awardees-full-list.pdf,2020-04-27,official_confirmed_awardee_list,municipality,Illinois Hospitality Emergency Grant Program,grant,historical_award,closed,Historical 2020 state emergency grant award from a closed program; not an active opportunity or an estimate of available funding. Municipality and county are source-published; no street address or ZIP is inferred.
Double Eagle Inc. DBA Red Hawk GolfClub,Red Hawk Golf Club,Tamaroa,Perry,10000,https://dceo.illinois.gov/content/dam/soi/en/web/dceo/smallbizassistance/documents/hospitality-grant-awardees-full-list.pdf,2020-04-27,official_confirmed_awardee_list,municipality,Illinois Hospitality Emergency Grant Program,grant,historical_award,closed,Historical 2020 state emergency grant award from a closed program; not an active opportunity or an estimate of available funding. Municipality and county are source-published; no street address or ZIP is inferred.
Downers Sand Club Sports Bar & Grill,,Downers Grove,DuPage,25000,https://dceo.illinois.gov/content/dam/soi/en/web/dceo/smallbizassistance/documents/hospitality-grant-awardees-full-list.pdf,2020-04-27,official_confirmed_awardee_list,municipality,Illinois Hospitality Emergency Grant Program,grant,historical_award,closed,Historical 2020 state emergency grant award from a closed program; not an active opportunity or an estimate of available funding. Municipality and county are source-published; no street address or ZIP is inferred.
"DOWNTOWN DEKALB DONUTS,INC.",Dunkin,Dekalb,DuPage,10000,https://dceo.illinois.gov/content/dam/soi/en/web/dceo/smallbizassistance/documents/hospitality-grant-awardees-full-list.pdf,2020-04-27,official_confirmed_awardee_list,municipality,Illinois Hospitality Emergency Grant Program,grant,historical_award,closed,Historical 2020 state emergency grant award from a closed program; not an active opportunity or an estimate of available funding. Municipality and county are source-published; no street address or ZIP is inferred.
Draft bar,Draft bar,Chicago,Cook,10000,https://dceo.illinois.gov/content/dam/soi/en/web/dceo/smallbizassistance/documents/hospitality-grant-awardees-full-list.pdf,2020-04-27,official_confirmed_awardee_list,municipality,Illinois Hospitality Emergency Grant Program,grant,historical_award,closed,Historical 2020 state emergency grant award from a closed program; not an active opportunity or an estimate of available funding. Municipality and county are source-published; no street address or ZIP is inferred.
Drifters,Drifters,Grafton,Jersey,10000,https://dceo.illinois.gov/content/dam/soi/en/web/dceo/smallbizassistance/documents/hospitality-grant-awardees-full-list.pdf,2020-04-27,official_confirmed_awardee_list,municipality,Illinois Hospitality Emergency Grant Program,grant,historical_award,closed,Historical 2020 state emergency grant award from a closed program; not an active opportunity or an estimate of available funding. Municipality and county are source-published; no street address or ZIP is inferred.
DUNAGAINS INC dba Dunagains Irish Pub,Dunagains Irish Pub,Park Forest,Cook,10000,https://dceo.illinois.gov/content/dam/soi/en/web/dceo/smallbizassistance/documents/hospitality-grant-awardees-full-list.pdf,2020-04-27,official_confirmed_awardee_list,municipality,Illinois Hospitality Emergency Grant Program,grant,historical_award,closed,Historical 2020 state emergency grant award from a closed program; not an active opportunity or an estimate of available funding. Municipality and county are source-published; no street address or ZIP is inferred.
DuQuoin Family Restaurant,,Duquoin,Perry,10000,https://dceo.illinois.gov/content/dam/soi/en/web/dceo/smallbizassistance/documents/hospitality-grant-awardees-full-list.pdf,2020-04-27,official_confirmed_awardee_list,municipality,Illinois Hospitality Emergency Grant Program,grant,historical_award,closed,Historical 2020 state emergency grant award from a closed program; not an active opportunity or an estimate of available funding. Municipality and county are source-published; no street address or ZIP is inferred.
E.L.Norton Inc.,Cookie's Restaurant,Minooka,Grundy,25000,https://dceo.illinois.gov/content/dam/soi/en/web/dceo/smallbizassistance/documents/hospitality-grant-awardees-full-list.pdf,2020-04-27,official_confirmed_awardee_list,municipality,Illinois Hospitality Emergency Grant Program,grant,historical_award,closed,Historical 2020 state emergency grant award from a closed program; not an active opportunity or an estimate of available funding. Municipality and county are source-published; no street address or ZIP is inferred.
Edible Arrangements,,Chicago,Cook,25000,https://dceo.illinois.gov/content/dam/soi/en/web/dceo/smallbizassistance/documents/hospitality-grant-awardees-full-list.pdf,2020-04-27,official_confirmed_awardee_list,municipality,Illinois Hospitality Emergency Grant Program,grant,historical_award,closed,Historical 2020 state emergency grant award from a closed program; not an active opportunity or an estimate of available funding. Municipality and county are source-published; no street address or ZIP is inferred.
EL PRIMO MEXICAN RESTAURANT #2 CORPORATION,,JOLIET,Will,10000,https://dceo.illinois.gov/content/dam/soi/en/web/dceo/smallbizassistance/documents/hospitality-grant-awardees-full-list.pdf,2020-04-27,official_confirmed_awardee_list,municipality,Illinois Hospitality Emergency Grant Program,grant,historical_award,closed,Historical 2020 state emergency grant award from a closed program; not an active opportunity or an estimate of available funding. Municipality and county are source-published; no street address or ZIP is inferred.
"Elburn's Elbo Room, Inc. d/b/a Eddie Gaedel Pub and Grill",Eddie Gaedel Oub & Grill,Elburn,Kane,25000,https://dceo.illinois.gov/content/dam/soi/en/web/dceo/smallbizassistance/documents/hospitality-grant-awardees-full-list.pdf,2020-04-27,official_confirmed_awardee_list,municipality,Illinois Hospitality Emergency Grant Program,grant,historical_award,closed,Historical 2020 state emergency grant award from a closed program; not an active opportunity or an estimate of available funding. Municipality and county are source-published; no street address or ZIP is inferred.
Essence Suites,,Orland Park,Cook,25000,https://dceo.illinois.gov/content/dam/soi/en/web/dceo/smallbizassistance/documents/hospitality-grant-awardees-full-list.pdf,2020-04-27,official_confirmed_awardee_list,municipality,Illinois Hospitality Emergency Grant Program,grant,historical_award,closed,Historical 2020 state emergency grant award from a closed program; not an active opportunity or an estimate of available funding. Municipality and county are source-published; no street address or ZIP is inferred.
Farmer Brown's Production Company DBA CornerStone Cabi,CornerStone Cabins,Carbondale,Jackson,25000,https://dceo.illinois.gov/content/dam/soi/en/web/dceo/smallbizassistance/documents/hospitality-grant-awardees-full-list.pdf,2020-04-27,official_confirmed_awardee_list,municipality,Illinois Hospitality Emergency Grant Program,grant,historical_award,closed,Historical 2020 state emergency grant award from a closed program; not an active opportunity or an estimate of available funding. Municipality and county are source-published; no street address or ZIP is inferred.
Fiesta Motel,,Pontiac,Livingston,25000,https://dceo.illinois.gov/content/dam/soi/en/web/dceo/smallbizassistance/documents/hospitality-grant-awardees-full-list.pdf,2020-04-27,official_confirmed_awardee_list,municipality,Illinois Hospitality Emergency Grant Program,grant,historical_award,closed,Historical 2020 state emergency grant award from a closed program; not an active opportunity or an estimate of available funding. Municipality and county are source-published; no street address or ZIP is inferred.
Finnegans Cottage inc,,Loves Park,Winnebago,10000,https://dceo.illinois.gov/content/dam/soi/en/web/dceo/smallbizassistance/documents/hospitality-grant-awardees-full-list.pdf,2020-04-27,official_confirmed_awardee_list,municipality,Illinois Hospitality Emergency Grant Program,grant,historical_award,closed,Historical 2020 state emergency grant award from a closed program; not an active opportunity or an estimate of available funding. Municipality and county are source-published; no street address or ZIP is inferred.
First Rockford Hospitality Corp dba Radisson Hotel and Conference Center,,Rockford,Winnebago,50000,https://dceo.illinois.gov/content/dam/soi/en/web/dceo/smallbizassistance/documents/hospitality-grant-awardees-full-list.pdf,2020-04-27,official_confirmed_awardee_list,municipality,Illinois Hospitality Emergency Grant Program,grant,historical_award,closed,Historical 2020 state emergency grant award from a closed program; not an active opportunity or an estimate of available funding. Municipality and county are source-published; no street address or ZIP is inferred.
Fratellos Deli & Cafe,,Tinley Park,Cook,25000,https://dceo.illinois.gov/content/dam/soi/en/web/dceo/smallbizassistance/documents/hospitality-grant-awardees-full-list.pdf,2020-04-27,official_confirmed_awardee_list,municipality,Illinois Hospitality Emergency Grant Program,grant,historical_award,closed,Historical 2020 state emergency grant award from a closed program; not an active opportunity or an estimate of available funding. Municipality and county are source-published; no street address or ZIP is inferred.
FRENCH VILLAGE MOTEL,,FAIVIEW HEIGHTS,St. Clair,25000,https://dceo.illinois.gov/content/dam/soi/en/web/dceo/smallbizassistance/documents/hospitality-grant-awardees-full-list.pdf,2020-04-27,official_confirmed_awardee_list,municipality,Illinois Hospitality Emergency Grant Program,grant,historical_award,closed,Historical 2020 state emergency grant award from a closed program; not an active opportunity or an estimate of available funding. Municipality and county are source-published; no street address or ZIP is inferred.
Gateway Lansing Inc dba Sleep Inn Hotel,,Lansing,Cook,25000,https://dceo.illinois.gov/content/dam/soi/en/web/dceo/smallbizassistance/documents/hospitality-grant-awardees-full-list.pdf,2020-04-27,official_confirmed_awardee_list,municipality,Illinois Hospitality Emergency Grant Program,grant,historical_award,closed,Historical 2020 state emergency grant award from a closed program; not an active opportunity or an estimate of available funding. Municipality and county are source-published; no street address or ZIP is inferred.
Gauchos Argentinian Steakhouse,,Fairview Heights,St. Clair,10000,https://dceo.illinois.gov/content/dam/soi/en/web/dceo/smallbizassistance/documents/hospitality-grant-awardees-full-list.pdf,2020-04-27,official_confirmed_awardee_list,municipality,Illinois Hospitality Emergency Grant Program,grant,historical_award,closed,Historical 2020 state emergency grant award from a closed program; not an active opportunity or an estimate of available funding. Municipality and county are source-published; no street address or ZIP is inferred.
"GEM CITY DEVELOPERS, LLC",,QUINCY,Adams,25000,https://dceo.illinois.gov/content/dam/soi/en/web/dceo/smallbizassistance/documents/hospitality-grant-awardees-full-list.pdf,2020-04-27,official_confirmed_awardee_list,municipality,Illinois Hospitality Emergency Grant Program,grant,historical_award,closed,Historical 2020 state emergency grant award from a closed program; not an active opportunity or an estimate of available funding. Municipality and county are source-published; no street address or ZIP is inferred.
Great Lakes Antiques Boutique DBA The Shedd,The Shedd,ANTIOCH,Lake,25000,https://dceo.illinois.gov/content/dam/soi/en/web/dceo/smallbizassistance/documents/hospitality-grant-awardees-full-list.pdf,2020-04-27,official_confirmed_awardee_list,municipality,Illinois Hospitality Emergency Grant Program,grant,historical_award,closed,Historical 2020 state emergency grant award from a closed program; not an active opportunity or an estimate of available funding. Municipality and county are source-published; no street address or ZIP is inferred.
Gregory's Motel,,Shelbyville,Shelby,25000,https://dceo.illinois.gov/content/dam/soi/en/web/dceo/smallbizassistance/documents/hospitality-grant-awardees-full-list.pdf,2020-04-27,official_confirmed_awardee_list,municipality,Illinois Hospitality Emergency Grant Program,grant,historical_award,closed,Historical 2020 state emergency grant award from a closed program; not an active opportunity or an estimate of available funding. Municipality and county are source-published; no street address or ZIP is inferred.
"Griffins' BBQ Crew Catering, LLC",,SULLIVAN,Moultrie,10000,https://dceo.illinois.gov/content/dam/soi/en/web/dceo/smallbizassistance/documents/hospitality-grant-awardees-full-list.pdf,2020-04-27,official_confirmed_awardee_list,municipality,Illinois Hospitality Emergency Grant Program,grant,historical_award,closed,Historical 2020 state emergency grant award from a closed program; not an active opportunity or an estimate of available funding. Municipality and county are source-published; no street address or ZIP is inferred.
"GURNEE HOSPITALITY, LLC DBA WINGATE BY WYNDHAM GURNEE",,GURNEE,Lake,25000,https://dceo.illinois.gov/content/dam/soi/en/web/dceo/smallbizassistance/documents/hospitality-grant-awardees-full-list.pdf,2020-04-27,official_confirmed_awardee_list,municipality,Illinois Hospitality Emergency Grant Program,grant,historical_award,closed,Historical 2020 state emergency grant award from a closed program; not an active opportunity or an estimate of available funding. Municipality and county are source-published; no street address or ZIP is inferred.
Gurnee Motel,,Gurnee,Lake,25000,https://dceo.illinois.gov/content/dam/soi/en/web/dceo/smallbizassistance/documents/hospitality-grant-awardees-full-list.pdf,2020-04-27,official_confirmed_awardee_list,municipality,Illinois Hospitality Emergency Grant Program,grant,historical_award,closed,Historical 2020 state emergency grant award from a closed program; not an active opportunity or an estimate of available funding. Municipality and county are source-published; no street address or ZIP is inferred.
Gyros Planet,,Evanston,Cook,10000,https://dceo.illinois.gov/content/dam/soi/en/web/dceo/smallbizassistance/documents/hospitality-grant-awardees-full-list.pdf,2020-04-27,official_confirmed_awardee_list,municipality,Illinois Hospitality Emergency Grant Program,grant,historical_award,closed,Historical 2020 state emergency grant award from a closed program; not an active opportunity or an estimate of available funding. Municipality and county are source-published; no street address or ZIP is inferred.
HACIENDA DE LOS PEREZ MEXICAN GRILL CORPORATION,,GILBERTS,Kane,10000,https://dceo.illinois.gov/content/dam/soi/en/web/dceo/smallbizassistance/documents/hospitality-grant-awardees-full-list.pdf,2020-04-27,official_confirmed_awardee_list,municipality,Illinois Hospitality Emergency Grant Program,grant,historical_award,closed,Historical 2020 state emergency grant award from a closed program; not an active opportunity or an estimate of available funding. Municipality and county are source-published; no street address or ZIP is inferred.
Hae Wa Dall Inc,,Niles,Cook,25000,https://dceo.illinois.gov/content/dam/soi/en/web/dceo/smallbizassistance/documents/hospitality-grant-awardees-full-list.pdf,2020-04-27,official_confirmed_awardee_list,municipality,Illinois Hospitality Emergency Grant Program,grant,historical_award,closed,Historical 2020 state emergency grant award from a closed program; not an active opportunity or an estimate of available funding. Municipality and county are source-published; no street address or ZIP is inferred.
Hallstrom Inc,Saporito’s pizzeria,Lena,Stephenson,10000,https://dceo.illinois.gov/content/dam/soi/en/web/dceo/smallbizassistance/documents/hospitality-grant-awardees-full-list.pdf,2020-04-27,official_confirmed_awardee_list,municipality,Illinois Hospitality Emergency Grant Program,grant,historical_award,closed,Historical 2020 state emergency grant award from a closed program; not an active opportunity or an estimate of available funding. Municipality and county are source-published; no street address or ZIP is inferred.
Hampton Inn & Suites Rosemont,,Rosemont,Cook,50000,https://dceo.illinois.gov/content/dam/soi/en/web/dceo/smallbizassistance/documents/hospitality-grant-awardees-full-list.pdf,2020-04-27,official_confirmed_awardee_list,municipality,Illinois Hospitality Emergency Grant Program,grant,historical_award,closed,Historical 2020 state emergency grant award from a closed program; not an active opportunity or an estimate of available funding. Municipality and county are source-published; no street address or ZIP is inferred.
Hampton Inn and Suites-Aurora,,Aurora,Kane,25000,https://dceo.illinois.gov/content/dam/soi/en/web/dceo/smallbizassistance/documents/hospitality-grant-awardees-full-list.pdf,2020-04-27,official_confirmed_awardee_list,municipality,Illinois Hospitality Emergency Grant Program,grant,historical_award,closed,Historical 2020 state emergency grant award from a closed program; not an active opportunity or an estimate of available funding. Municipality and county are source-published; no street address or ZIP is inferred.
Hampton Inn Carbondale,,Carbondale,Jackson,25000,https://dceo.illinois.gov/content/dam/soi/en/web/dceo/smallbizassistance/documents/hospitality-grant-awardees-full-list.pdf,2020-04-27,official_confirmed_awardee_list,municipality,Illinois Hospitality Emergency Grant Program,grant,historical_award,closed,Historical 2020 state emergency grant award from a closed program; not an active opportunity or an estimate of available funding. Municipality and county are source-published; no street address or ZIP is inferred.
HAMPTON INN COLUMBIA IL,,Columbia,Monroe,25000,https://dceo.illinois.gov/content/dam/soi/en/web/dceo/smallbizassistance/documents/hospitality-grant-awardees-full-list.pdf,2020-04-27,official_confirmed_awardee_list,municipality,Illinois Hospitality Emergency Grant Program,grant,historical_award,closed,Historical 2020 state emergency grant award from a closed program; not an active opportunity or an estimate of available funding. Municipality and county are source-published; no street address or ZIP is inferred.
Hampton Inn Deer Park,,Deer Park,Lake,25000,https://dceo.illinois.gov/content/dam/soi/en/web/dceo/smallbizassistance/documents/hospitality-grant-awardees-full-list.pdf,2020-04-27,official_confirmed_awardee_list,municipality,Illinois Hospitality Emergency Grant Program,grant,historical_award,closed,Historical 2020 state emergency grant award from a closed program; not an active opportunity or an estimate of available funding. Municipality and county are source-published; no street address or ZIP is inferred.
Harbor Brewing Company,,Winthrop Harbor,Lake,10000,https://dceo.illinois.gov/content/dam/soi/en/web/dceo/smallbizassistance/documents/hospitality-grant-awardees-full-list.pdf,2020-04-27,official_confirmed_awardee_list,municipality,Illinois Hospitality Emergency Grant Program,grant,historical_award,closed,Historical 2020 state emergency grant award from a closed program; not an active opportunity or an estimate of available funding. Municipality and county are source-published; no street address or ZIP is inferred.
Harrison House Bed and Breakfast,,Naperville,DuPage,25000,https://dceo.illinois.gov/content/dam/soi/en/web/dceo/smallbizassistance/documents/hospitality-grant-awardees-full-list.pdf,2020-04-27,official_confirmed_awardee_list,municipality,Illinois Hospitality Emergency Grant Program,grant,historical_award,closed,Historical 2020 state emergency grant award from a closed program; not an active opportunity or an estimate of available funding. Municipality and county are source-published; no street address or ZIP is inferred.
Harvester Motel,,Plano,Kendall,25000,https://dceo.illinois.gov/content/dam/soi/en/web/dceo/smallbizassistance/documents/hospitality-grant-awardees-full-list.pdf,2020-04-27,official_confirmed_awardee_list,municipality,Illinois Hospitality Emergency Grant Program,grant,historical_award,closed,Historical 2020 state emergency grant award from a closed program; not an active opportunity or an estimate of available funding. Municipality and county are source-published; no street address or ZIP is inferred.
Hibachi Grill Buffet,,Aurora,Kane,10000,https://dceo.illinois.gov/content/dam/soi/en/web/dceo/smallbizassistance/documents/hospitality-grant-awardees-full-list.pdf,2020-04-27,official_confirmed_awardee_list,municipality,Illinois Hospitality Emergency Grant Program,grant,historical_award,closed,Historical 2020 state emergency grant award from a closed program; not an active opportunity or an estimate of available funding. Municipality and county are source-published; no street address or ZIP is inferred.
"Hickory Point Hospitality, LLC dba Country Inn and Suites Champaign",,Champaign,Champaign,25000,https://dceo.illinois.gov/content/dam/soi/en/web/dceo/smallbizassistance/documents/hospitality-grant-awardees-full-list.pdf,2020-04-27,official_confirmed_awardee_list,municipality,Illinois Hospitality Emergency Grant Program,grant,historical_award,closed,Historical 2020 state emergency grant award from a closed program; not an active opportunity or an estimate of available funding. Municipality and county are source-published; no street address or ZIP is inferred.
Hickory West Inn Inc,,Hickory Hills,Cook,25000,https://dceo.illinois.gov/content/dam/soi/en/web/dceo/smallbizassistance/documents/hospitality-grant-awardees-full-list.pdf,2020-04-27,official_confirmed_awardee_list,municipality,Illinois Hospitality Emergency Grant Program,grant,historical_award,closed,Historical 2020 state emergency grant award from a closed program; not an active opportunity or an estimate of available funding. Municipality and county are source-published; no street address or ZIP is inferred.
HOE TOY CHOP SUEY INC.,,CHICAGO,Cook,10000,https://dceo.illinois.gov/content/dam/soi/en/web/dceo/smallbizassistance/documents/hospitality-grant-awardees-full-list.pdf,2020-04-27,official_confirmed_awardee_list,municipality,Illinois Hospitality Emergency Grant Program,grant,historical_award,closed,Historical 2020 state emergency grant award from a closed program; not an active opportunity or an estimate of available funding. Municipality and county are source-published; no street address or ZIP is inferred.
Holiday Inn and Suites Bolingbrook,Holiday Inn and Suites Bolingbrook,Bolingbrook,DuPage,50000,https://dceo.illinois.gov/content/dam/soi/en/web/dceo/smallbizassistance/documents/hospitality-grant-awardees-full-list.pdf,2020-04-27,official_confirmed_awardee_list,municipality,Illinois Hospitality Emergency Grant Program,grant,historical_award,closed,Historical 2020 state emergency grant award from a closed program; not an active opportunity or an estimate of available funding. Municipality and county are source-published; no street address or ZIP is inferred.
Holiday Inn Effingham,,Effingham,Effingham,50000,https://dceo.illinois.gov/content/dam/soi/en/web/dceo/smallbizassistance/documents/hospitality-grant-awardees-full-list.pdf,2020-04-27,official_confirmed_awardee_list,municipality,Illinois Hospitality Emergency Grant Program,grant,historical_award,closed,Historical 2020 state emergency grant award from a closed program; not an active opportunity or an estimate of available funding. Municipality and county are source-published; no street address or ZIP is inferred.
Holiday Inn Express - East Peoria Riverfront,,East Peoria,Tazewell,25000,https://dceo.illinois.gov/content/dam/soi/en/web/dceo/smallbizassistance/documents/hospitality-grant-awardees-full-list.pdf,2020-04-27,official_confirmed_awardee_list,municipality,Illinois Hospitality Emergency Grant Program,grant,historical_award,closed,Historical 2020 state emergency grant award from a closed program; not an active opportunity or an estimate of available funding. Municipality and county are source-published; no street address or ZIP is inferred.
Holiday Inn Express Springfield,,Springfield,Sangamon,25000,https://dceo.illinois.gov/content/dam/soi/en/web/dceo/smallbizassistance/documents/hospitality-grant-awardees-full-list.pdf,2020-04-27,official_confirmed_awardee_list,municipality,Illinois Hospitality Emergency Grant Program,grant,historical_award,closed,Historical 2020 state emergency grant award from a closed program; not an active opportunity or an estimate of available funding. Municipality and county are source-published; no street address or ZIP is inferred.
"Holiday Inn Oakbrook - J&S Hospitality, Inc",,Oakbrook Terrace,Cook,50000,https://dceo.illinois.gov/content/dam/soi/en/web/dceo/smallbizassistance/documents/hospitality-grant-awardees-full-list.pdf,2020-04-27,official_confirmed_awardee_list,municipality,Illinois Hospitality Emergency Grant Program,grant,historical_award,closed,Historical 2020 state emergency grant award from a closed program; not an active opportunity or an estimate of available funding. Municipality and county are source-published; no street address or ZIP is inferred.
Holiday Inn Tinley Park Convention Center,,Tinley Park,Cook,50000,https://dceo.illinois.gov/content/dam/soi/en/web/dceo/smallbizassistance/documents/hospitality-grant-awardees-full-list.pdf,2020-04-27,official_confirmed_awardee_list,municipality,Illinois Hospitality Emergency Grant Program,grant,historical_award,closed,Historical 2020 state emergency grant award from a closed program; not an active opportunity or an estimate of available funding. Municipality and county are source-published; no street address or ZIP is inferred.
"Holland Inn & Suites, Inc.",,South Holland,Cook,25000,https://dceo.illinois.gov/content/dam/soi/en/web/dceo/smallbizassistance/documents/hospitality-grant-awardees-full-list.pdf,2020-04-27,official_confirmed_awardee_list,municipality,Illinois Hospitality Emergency Grant Program,grant,historical_award,closed,Historical 2020 state emergency grant award from a closed program; not an active opportunity or an estimate of available funding. Municipality and county are source-published; no street address or ZIP is inferred.
Holy Basil LLC dba Mango Pickle,Mango Pickle,Chicago,Cook,10000,https://dceo.illinois.gov/content/dam/soi/en/web/dceo/smallbizassistance/documents/hospitality-grant-awardees-full-list.pdf,2020-04-27,official_confirmed_awardee_list,municipality,Illinois Hospitality Emergency Grant Program,grant,historical_award,closed,Historical 2020 state emergency grant award from a closed program; not an active opportunity or an estimate of available funding. Municipality and county are source-published; no street address or ZIP is inferred.
Home 2 Suites-Joliet 55,,Joliet,Will,50000,https://dceo.illinois.gov/content/dam/soi/en/web/dceo/smallbizassistance/documents/hospitality-grant-awardees-full-list.pdf,2020-04-27,official_confirmed_awardee_list,municipality,Illinois Hospitality Emergency Grant Program,grant,historical_award,closed,Historical 2020 state emergency grant award from a closed program; not an active opportunity or an estimate of available funding. Municipality and county are source-published; no street address or ZIP is inferred.
Hospitality By Persira LLC,Chicago's Hostel,Chicago,Cook,25000,https://dceo.illinois.gov/content/dam/soi/en/web/dceo/smallbizassistance/documents/hospitality-grant-awardees-full-list.pdf,2020-04-27,official_confirmed_awardee_list,municipality,Illinois Hospitality Emergency Grant Program,grant,historical_award,closed,Historical 2020 state emergency grant award from a closed program; not an active opportunity or an estimate of available funding. Municipality and county are source-published; no street address or ZIP is inferred.
Hot bird inc.,,Schaumburg,Cook,10000,https://dceo.illinois.gov/content/dam/soi/en/web/dceo/smallbizassistance/documents/hospitality-grant-awardees-full-list.pdf,2020-04-27,official_confirmed_awardee_list,municipality,Illinois Hospitality Emergency Grant Program,grant,historical_award,closed,Historical 2020 state emergency grant award from a closed program; not an active opportunity or an estimate of available funding. Municipality and county are source-published; no street address or ZIP is inferred.
"House 5863, Inc",,Chicago,Cook,25000,https://dceo.illinois.gov/content/dam/soi/en/web/dceo/smallbizassistance/documents/hospitality-grant-awardees-full-list.pdf,2020-04-27,official_confirmed_awardee_list,municipality,Illinois Hospitality Emergency Grant Program,grant,historical_award,closed,Historical 2020 state emergency grant award from a closed program; not an active opportunity or an estimate of available funding. Municipality and county are source-published; no street address or ZIP is inferred.
HP VP-I Romeoville LLC,,Romeoville,Will,25000,https://dceo.illinois.gov/content/dam/soi/en/web/dceo/smallbizassistance/documents/hospitality-grant-awardees-full-list.pdf,2020-04-27,official_confirmed_awardee_list,municipality,Illinois Hospitality Emergency Grant Program,grant,historical_award,closed,Historical 2020 state emergency grant award from a closed program; not an active opportunity or an estimate of available funding. Municipality and county are source-published; no street address or ZIP is inferred.
"HP WS - II Darien, LLC",,Darien,DuPage,25000,https://dceo.illinois.gov/content/dam/soi/en/web/dceo/smallbizassistance/documents/hospitality-grant-awardees-full-list.pdf,2020-04-27,official_confirmed_awardee_list,municipality,Illinois Hospitality Emergency Grant Program,grant,historical_award,closed,Historical 2020 state emergency grant award from a closed program; not an active opportunity or an estimate of available funding. Municipality and county are source-published; no street address or ZIP is inferred.
"HP WS-III Tinley Park, LLC",,Tinley Park,Will,25000,https://dceo.illinois.gov/content/dam/soi/en/web/dceo/smallbizassistance/documents/hospitality-grant-awardees-full-list.pdf,2020-04-27,official_confirmed_awardee_list,municipality,Illinois Hospitality Emergency Grant Program,grant,historical_award,closed,Historical 2020 state emergency grant award from a closed program; not an active opportunity or an estimate of available funding. Municipality and county are source-published; no street address or ZIP is inferred.
HUDDLE CAFE,,ASHTON,Lee,10000,https://dceo.illinois.gov/content/dam/soi/en/web/dceo/smallbizassistance/documents/hospitality-grant-awardees-full-list.pdf,2020-04-27,official_confirmed_awardee_list,municipality,Illinois Hospitality Emergency Grant Program,grant,historical_award,closed,Historical 2020 state emergency grant award from a closed program; not an active opportunity or an estimate of available funding. Municipality and county are source-published; no street address or ZIP is inferred.
"Huddlestun Creamery, Inc.",,Oswego,Kendall,25000,https://dceo.illinois.gov/content/dam/soi/en/web/dceo/smallbizassistance/documents/hospitality-grant-awardees-full-list.pdf,2020-04-27,official_confirmed_awardee_list,municipality,Illinois Hospitality Emergency Grant Program,grant,historical_award,closed,Historical 2020 state emergency grant award from a closed program; not an active opportunity or an estimate of available funding. Municipality and county are source-published; no street address or ZIP is inferred.
Hunan Inn,,Palos Heights,Cook,10000,https://dceo.illinois.gov/content/dam/soi/en/web/dceo/smallbizassistance/documents/hospitality-grant-awardees-full-list.pdf,2020-04-27,official_confirmed_awardee_list,municipality,Illinois Hospitality Emergency Grant Program,grant,historical_award,closed,Historical 2020 state emergency grant award from a closed program; not an active opportunity or an estimate of available funding. Municipality and county are source-published; no street address or ZIP is inferred.
Hyatt House Chicago Schaumburg,,Schaumburg,Cook,25000,https://dceo.illinois.gov/content/dam/soi/en/web/dceo/smallbizassistance/documents/hospitality-grant-awardees-full-list.pdf,2020-04-27,official_confirmed_awardee_list,municipality,Illinois Hospitality Emergency Grant Program,grant,historical_award,closed,Historical 2020 state emergency grant award from a closed program; not an active opportunity or an estimate of available funding. Municipality and county are source-published; no street address or ZIP is inferred.
Hyatt House Chicago/West Loop-Fulton Market,Hyatt House Chicago/West Loop-Fu,Chicago,Crawford,50000,https://dceo.illinois.gov/content/dam/soi/en/web/dceo/smallbizassistance/documents/hospitality-grant-awardees-full-list.pdf,2020-04-27,official_confirmed_awardee_list,municipality,Illinois Hospitality Emergency Grant Program,grant,historical_award,closed,Historical 2020 state emergency grant award from a closed program; not an active opportunity or an estimate of available funding. Municipality and county are source-published; no street address or ZIP is inferred.
Hyatt Place Chicago Midway,,Bedford Park,Cook,50000,https://dceo.illinois.gov/content/dam/soi/en/web/dceo/smallbizassistance/documents/hospitality-grant-awardees-full-list.pdf,2020-04-27,official_confirmed_awardee_list,municipality,Illinois Hospitality Emergency Grant Program,grant,historical_award,closed,Historical 2020 state emergency grant award from a closed program; not an active opportunity or an estimate of available funding. Municipality and county are source-published; no street address or ZIP is inferred.
"ID Enterprises, Inc",,Chicago,Cook,10000,https://dceo.illinois.gov/content/dam/soi/en/web/dceo/smallbizassistance/documents/hospitality-grant-awardees-full-list.pdf,2020-04-27,official_confirmed_awardee_list,municipality,Illinois Hospitality Emergency Grant Program,grant,historical_award,closed,Historical 2020 state emergency grant award from a closed program; not an active opportunity or an estimate of available funding. Municipality and county are source-published; no street address or ZIP is inferred.
I'm Hungry NOW LLC,,Chicago,Cook,10000,https://dceo.illinois.gov/content/dam/soi/en/web/dceo/smallbizassistance/documents/hospitality-grant-awardees-full-list.pdf,2020-04-27,official_confirmed_awardee_list,municipality,Illinois Hospitality Emergency Grant Program,grant,historical_award,closed,Historical 2020 state emergency grant award from a closed program; not an active opportunity or an estimate of available funding. Municipality and county are source-published; no street address or ZIP is inferred.
J & B Enterprises Inc dba The Place,,Ashmore,Coles,10000,https://dceo.illinois.gov/content/dam/soi/en/web/dceo/smallbizassistance/documents/hospitality-grant-awardees-full-list.pdf,2020-04-27,official_confirmed_awardee_list,municipality,Illinois Hospitality Emergency Grant Program,grant,historical_award,closed,Historical 2020 state emergency grant award from a closed program; not an active opportunity or an estimate of available funding. Municipality and county are source-published; no street address or ZIP is inferred.
"J&C El Senor Sombrero, Inc",,Chicago,Cook,10000,https://dceo.illinois.gov/content/dam/soi/en/web/dceo/smallbizassistance/documents/hospitality-grant-awardees-full-list.pdf,2020-04-27,official_confirmed_awardee_list,municipality,Illinois Hospitality Emergency Grant Program,grant,historical_award,closed,Historical 2020 state emergency grant award from a closed program; not an active opportunity or an estimate of available funding. Municipality and county are source-published; no street address or ZIP is inferred.
Jackies Pub Inc.,,Lockport,Will,25000,https://dceo.illinois.gov/content/dam/soi/en/web/dceo/smallbizassistance/documents/hospitality-grant-awardees-full-list.pdf,2020-04-27,official_confirmed_awardee_list,municipality,Illinois Hospitality Emergency Grant Program,grant,historical_award,closed,Historical 2020 state emergency grant award from a closed program; not an active opportunity or an estimate of available funding. Municipality and county are source-published; no street address or ZIP is inferred.
janki hospitality inc,,waukegan,Lake,25000,https://dceo.illinois.gov/content/dam/soi/en/web/dceo/smallbizassistance/documents/hospitality-grant-awardees-full-list.pdf,2020-04-27,official_confirmed_awardee_list,municipality,Illinois Hospitality Emergency Grant Program,grant,historical_award,closed,Historical 2020 state emergency grant award from a closed program; not an active opportunity or an estimate of available funding. Municipality and county are source-published; no street address or ZIP is inferred.
jayswal corp dba: super 8 motel,,mclean,McLean,25000,https://dceo.illinois.gov/content/dam/soi/en/web/dceo/smallbizassistance/documents/hospitality-grant-awardees-full-list.pdf,2020-04-27,official_confirmed_awardee_list,municipality,Illinois Hospitality Emergency Grant Program,grant,historical_award,closed,Historical 2020 state emergency grant award from a closed program; not an active opportunity or an estimate of available funding. Municipality and county are source-published; no street address or ZIP is inferred.
Jerry's Tap Inc.,,Ransom,La Salle,25000,https://dceo.illinois.gov/content/dam/soi/en/web/dceo/smallbizassistance/documents/hospitality-grant-awardees-full-list.pdf,2020-04-27,official_confirmed_awardee_list,municipality,Illinois Hospitality Emergency Grant Program,grant,historical_award,closed,Historical 2020 state emergency grant award from a closed program; not an active opportunity or an estimate of available funding. Municipality and county are source-published; no street address or ZIP is inferred.
JILI LLC dba SUBWAY,Subway,Chicago,Cook,25000,https://dceo.illinois.gov/content/dam/soi/en/web/dceo/smallbizassistance/documents/hospitality-grant-awardees-full-list.pdf,2020-04-27,official_confirmed_awardee_list,municipality,Illinois Hospitality Emergency Grant Program,grant,historical_award,closed,Historical 2020 state emergency grant award from a closed program; not an active opportunity or an estimate of available funding. Municipality and county are source-published; no street address or ZIP is inferred.
JMW Lighthouse Inc.,Subway,Villa Park,DuPage,10000,https://dceo.illinois.gov/content/dam/soi/en/web/dceo/smallbizassistance/documents/hospitality-grant-awardees-full-list.pdf,2020-04-27,official_confirmed_awardee_list,municipality,Illinois Hospitality Emergency Grant Program,grant,historical_award,closed,Historical 2020 state emergency grant award from a closed program; not an active opportunity or an estimate of available funding. Municipality and county are source-published; no street address or ZIP is inferred.
Joe's Pizza Freeport IL,,Freeport,Stephenson,10000,https://dceo.illinois.gov/content/dam/soi/en/web/dceo/smallbizassistance/documents/hospitality-grant-awardees-full-list.pdf,2020-04-27,official_confirmed_awardee_list,municipality,Illinois Hospitality Emergency Grant Program,grant,historical_award,closed,Historical 2020 state emergency grant award from a closed program; not an active opportunity or an estimate of available funding. Municipality and county are source-published; no street address or ZIP is inferred.
John's Beef N Beer,O'MALLEY'S PUB & EATERY,AURORA,Kane,25000,https://dceo.illinois.gov/content/dam/soi/en/web/dceo/smallbizassistance/documents/hospitality-grant-awardees-full-list.pdf,2020-04-27,official_confirmed_awardee_list,municipality,Illinois Hospitality Emergency Grant Program,grant,historical_award,closed,Historical 2020 state emergency grant award from a closed program; not an active opportunity or an estimate of available funding. Municipality and county are source-published; no street address or ZIP is inferred.
JT Coffee Company (dba: Coffee Connection),Coffee Connection,Decatur,Macon,25000,https://dceo.illinois.gov/content/dam/soi/en/web/dceo/smallbizassistance/documents/hospitality-grant-awardees-full-list.pdf,2020-04-27,official_confirmed_awardee_list,municipality,Illinois Hospitality Emergency Grant Program,grant,historical_award,closed,Historical 2020 state emergency grant award from a closed program; not an active opportunity or an estimate of available funding. Municipality and county are source-published; no street address or ZIP is inferred.
KAJ LLC dba Subway,,Vienna 62995,Johnson,10000,https://dceo.illinois.gov/content/dam/soi/en/web/dceo/smallbizassistance/documents/hospitality-grant-awardees-full-list.pdf,2020-04-27,official_confirmed_awardee_list,municipality,Illinois Hospitality Emergency Grant Program,grant,historical_award,closed,Historical 2020 state emergency grant award from a closed program; not an active opportunity or an estimate of available funding. Municipality and county are source-published; no street address or ZIP is inferred.
"Krazy Venture LLC, DBA: Underground Barrel Room And Grill",Underground Barrel Room And Grill,Carbondale,Jackson,10000,https://dceo.illinois.gov/content/dam/soi/en/web/dceo/smallbizassistance/documents/hospitality-grant-awardees-full-list.pdf,2020-04-27,official_confirmed_awardee_list,municipality,Illinois Hospitality Emergency Grant Program,grant,historical_award,closed,Historical 2020 state emergency grant award from a closed program; not an active opportunity or an estimate of available funding. Municipality and county are source-published; no street address or ZIP is inferred.
Krishna Hotels Inc. DBA Hotel Lincoln Inn,Hotel Lincoln Inn,Lincoln,Logan,50000,https://dceo.illinois.gov/content/dam/soi/en/web/dceo/smallbizassistance/documents/hospitality-grant-awardees-full-list.pdf,2020-04-27,official_confirmed_awardee_list,municipality,Illinois Hospitality Emergency Grant Program,grant,historical_award,closed,Historical 2020 state emergency grant award from a closed program; not an active opportunity or an estimate of available funding. Municipality and county are source-published; no street address or ZIP is inferred.
"La Bella Bistro Inc, DBA 601 Bar & Grill",601 Bar & Grill,Addison,DuPage,25000,https://dceo.illinois.gov/content/dam/soi/en/web/dceo/smallbizassistance/documents/hospitality-grant-awardees-full-list.pdf,2020-04-27,official_confirmed_awardee_list,municipality,Illinois Hospitality Emergency Grant Program,grant,historical_award,closed,Historical 2020 state emergency grant award from a closed program; not an active opportunity or an estimate of available funding. Municipality and county are source-published; no street address or ZIP is inferred.
la flor de acapulco,,chicago,Cook,10000,https://dceo.illinois.gov/content/dam/soi/en/web/dceo/smallbizassistance/documents/hospitality-grant-awardees-full-list.pdf,2020-04-27,official_confirmed_awardee_list,municipality,Illinois Hospitality Emergency Grant Program,grant,historical_award,closed,Historical 2020 state emergency grant award from a closed program; not an active opportunity or an estimate of available funding. Municipality and county are source-published; no street address or ZIP is inferred.
La Luna Bakery,Company: PBRC Corporation,Chicago,Cook,10000,https://dceo.illinois.gov/content/dam/soi/en/web/dceo/smallbizassistance/documents/hospitality-grant-awardees-full-list.pdf,2020-04-27,official_confirmed_awardee_list,municipality,Illinois Hospitality Emergency Grant Program,grant,historical_award,closed,Historical 2020 state emergency grant award from a closed program; not an active opportunity or an estimate of available funding. Municipality and county are source-published; no street address or ZIP is inferred.
"Lacon Riverview Subdivision, LLC dba Sunnyland 1 Stop",Sunnyland 1 Stop,East Peoria,Tazewell,10000,https://dceo.illinois.gov/content/dam/soi/en/web/dceo/smallbizassistance/documents/hospitality-grant-awardees-full-list.pdf,2020-04-27,official_confirmed_awardee_list,municipality,Illinois Hospitality Emergency Grant Program,grant,historical_award,closed,Historical 2020 state emergency grant award from a closed program; not an active opportunity or an estimate of available funding. Municipality and county are source-published; no street address or ZIP is inferred.
Lakeview Hospitality LLC dba Decatur Conference Center & Hotel,,Decatur,Macon,25000,https://dceo.illinois.gov/content/dam/soi/en/web/dceo/smallbizassistance/documents/hospitality-grant-awardees-full-list.pdf,2020-04-27,official_confirmed_awardee_list,municipality,Illinois Hospitality Emergency Grant Program,grant,historical_award,closed,Historical 2020 state emergency grant award from a closed program; not an active opportunity or an estimate of available funding. Municipality and county are source-published; no street address or ZIP is inferred.
"Le-win Venture Investment Partners, Inc",,Street,Stephenson,25000,https://dceo.illinois.gov/content/dam/soi/en/web/dceo/smallbizassistance/documents/hospitality-grant-awardees-full-list.pdf,2020-04-27,official_confirmed_awardee_list,municipality,Illinois Hospitality Emergency Grant Program,grant,historical_award,closed,Historical 2020 state emergency grant award from a closed program; not an active opportunity or an estimate of available funding. Municipality and county are source-published; no street address or ZIP is inferred.
Lincoln Hotel Inc,,Robinson,Crawford,25000,https://dceo.illinois.gov/content/dam/soi/en/web/dceo/smallbizassistance/documents/hospitality-grant-awardees-full-list.pdf,2020-04-27,official_confirmed_awardee_list,municipality,Illinois Hospitality Emergency Grant Program,grant,historical_award,closed,Historical 2020 state emergency grant award from a closed program; not an active opportunity or an estimate of available funding. Municipality and county are source-published; no street address or ZIP is inferred.
Linn Lanes,,Canton,Fulton,10000,https://dceo.illinois.gov/content/dam/soi/en/web/dceo/smallbizassistance/documents/hospitality-grant-awardees-full-list.pdf,2020-04-27,official_confirmed_awardee_list,municipality,Illinois Hospitality Emergency Grant Program,grant,historical_award,closed,Historical 2020 state emergency grant award from a closed program; not an active opportunity or an estimate of available funding. Municipality and county are source-published; no street address or ZIP is inferred.
Little Bean Coffee Company,,Antioch,Lake,10000,https://dceo.illinois.gov/content/dam/soi/en/web/dceo/smallbizassistance/documents/hospitality-grant-awardees-full-list.pdf,2020-04-27,official_confirmed_awardee_list,municipality,Illinois Hospitality Emergency Grant Program,grant,historical_award,closed,Historical 2020 state emergency grant award from a closed program; not an active opportunity or an estimate of available funding. Municipality and county are source-published; no street address or ZIP is inferred.
Los Taco Boys,,Chicago,Cook,10000,https://dceo.illinois.gov/content/dam/soi/en/web/dceo/smallbizassistance/documents/hospitality-grant-awardees-full-list.pdf,2020-04-27,official_confirmed_awardee_list,municipality,Illinois Hospitality Emergency Grant Program,grant,historical_award,closed,Historical 2020 state emergency grant award from a closed program; not an active opportunity or an estimate of available funding. Municipality and county are source-published; no street address or ZIP is inferred.
Lucky Bernie's Spring Grove,Lucky Bernie's Spring Grove,Spring Grove,McHenry,25000,https://dceo.illinois.gov/content/dam/soi/en/web/dceo/smallbizassistance/documents/hospitality-grant-awardees-full-list.pdf,2020-04-27,official_confirmed_awardee_list,municipality,Illinois Hospitality Emergency Grant Program,grant,historical_award,closed,Historical 2020 state emergency grant award from a closed program; not an active opportunity or an estimate of available funding. Municipality and county are source-published; no street address or ZIP is inferred.
Lynfred Winery Bed & Breakfast,,Roselle,DuPage,50000,https://dceo.illinois.gov/content/dam/soi/en/web/dceo/smallbizassistance/documents/hospitality-grant-awardees-full-list.pdf,2020-04-27,official_confirmed_awardee_list,municipality,Illinois Hospitality Emergency Grant Program,grant,historical_award,closed,Historical 2020 state emergency grant award from a closed program; not an active opportunity or an estimate of available funding. Municipality and county are source-published; no street address or ZIP is inferred.
"M & M MOTEL, INC dba : SUPER 8 ROCKFORD",Super 8 Rockford,ROCKFORD,Winnebago,25000,https://dceo.illinois.gov/content/dam/soi/en/web/dceo/smallbizassistance/documents/hospitality-grant-awardees-full-list.pdf,2020-04-27,official_confirmed_awardee_list,municipality,Illinois Hospitality Emergency Grant Program,grant,historical_award,closed,Historical 2020 state emergency grant award from a closed program; not an active opportunity or an estimate of available funding. Municipality and county are source-published; no street address or ZIP is inferred.
MAD Incorporated dba The Bottle Shed,The Bottle Shed,Stockton,Jo Daviess,10000,https://dceo.illinois.gov/content/dam/soi/en/web/dceo/smallbizassistance/documents/hospitality-grant-awardees-full-list.pdf,2020-04-27,official_confirmed_awardee_list,municipality,Illinois Hospitality Emergency Grant Program,grant,historical_award,closed,Historical 2020 state emergency grant award from a closed program; not an active opportunity or an estimate of available funding. Municipality and county are source-published; no street address or ZIP is inferred.
MANOR MOTEL,,URBANA,Champaign,25000,https://dceo.illinois.gov/content/dam/soi/en/web/dceo/smallbizassistance/documents/hospitality-grant-awardees-full-list.pdf,2020-04-27,official_confirmed_awardee_list,municipality,Illinois Hospitality Emergency Grant Program,grant,historical_award,closed,Historical 2020 state emergency grant award from a closed program; not an active opportunity or an estimate of available funding. Municipality and county are source-published; no street address or ZIP is inferred.
Maries Ice Cream Shop,,Columbia,Monroe,10000,https://dceo.illinois.gov/content/dam/soi/en/web/dceo/smallbizassistance/documents/hospitality-grant-awardees-full-list.pdf,2020-04-27,official_confirmed_awardee_list,municipality,Illinois Hospitality Emergency Grant Program,grant,historical_award,closed,Historical 2020 state emergency grant award from a closed program; not an active opportunity or an estimate of available funding. Municipality and county are source-published; no street address or ZIP is inferred.
melrose park hospitality inc.,,melrose park,Cook,25000,https://dceo.illinois.gov/content/dam/soi/en/web/dceo/smallbizassistance/documents/hospitality-grant-awardees-full-list.pdf,2020-04-27,official_confirmed_awardee_list,municipality,Illinois Hospitality Emergency Grant Program,grant,historical_award,closed,Historical 2020 state emergency grant award from a closed program; not an active opportunity or an estimate of available funding. Municipality and county are source-published; no street address or ZIP is inferred.
Midtown wine bar,,Manhattan,Will,10000,https://dceo.illinois.gov/content/dam/soi/en/web/dceo/smallbizassistance/documents/hospitality-grant-awardees-full-list.pdf,2020-04-27,official_confirmed_awardee_list,municipality,Illinois Hospitality Emergency Grant Program,grant,historical_award,closed,Historical 2020 state emergency grant award from a closed program; not an active opportunity or an estimate of available funding. Municipality and county are source-published; no street address or ZIP is inferred.
Millie’s Supper Club,,Chicago,Cook,25000,https://dceo.illinois.gov/content/dam/soi/en/web/dceo/smallbizassistance/documents/hospitality-grant-awardees-full-list.pdf,2020-04-27,official_confirmed_awardee_list,municipality,Illinois Hospitality Emergency Grant Program,grant,historical_award,closed,Historical 2020 state emergency grant award from a closed program; not an active opportunity or an estimate of available funding. Municipality and county are source-published; no street address or ZIP is inferred.
Moline Hotel LLC DBA Radisson On John Deere COmmons,,Moline,Rock Island,25000,https://dceo.illinois.gov/content/dam/soi/en/web/dceo/smallbizassistance/documents/hospitality-grant-awardees-full-list.pdf,2020-04-27,official_confirmed_awardee_list,municipality,Illinois Hospitality Emergency Grant Program,grant,historical_award,closed,Historical 2020 state emergency grant award from a closed program; not an active opportunity or an estimate of available funding. Municipality and county are source-published; no street address or ZIP is inferred.
Motel 6 Alisp,,Alsip,Cook,25000,https://dceo.illinois.gov/content/dam/soi/en/web/dceo/smallbizassistance/documents/hospitality-grant-awardees-full-list.pdf,2020-04-27,official_confirmed_awardee_list,municipality,Illinois Hospitality Emergency Grant Program,grant,historical_award,closed,Historical 2020 state emergency grant award from a closed program; not an active opportunity or an estimate of available funding. Municipality and county are source-published; no street address or ZIP is inferred.
Mouilish bro’s. Enterprise LLC,SafeCo Bakery,Jacksonville,Morgan,25000,https://dceo.illinois.gov/content/dam/soi/en/web/dceo/smallbizassistance/documents/hospitality-grant-awardees-full-list.pdf,2020-04-27,official_confirmed_awardee_list,municipality,Illinois Hospitality Emergency Grant Program,grant,historical_award,closed,Historical 2020 state emergency grant award from a closed program; not an active opportunity or an estimate of available funding. Municipality and county are source-published; no street address or ZIP is inferred.
Mr. Allison's Restaurant,,Arlington Heights,Cook,25000,https://dceo.illinois.gov/content/dam/soi/en/web/dceo/smallbizassistance/documents/hospitality-grant-awardees-full-list.pdf,2020-04-27,official_confirmed_awardee_list,municipality,Illinois Hospitality Emergency Grant Program,grant,historical_award,closed,Historical 2020 state emergency grant award from a closed program; not an active opportunity or an estimate of available funding. Municipality and county are source-published; no street address or ZIP is inferred.
"MRAJ Hospitality, Inc.",Red Roof Inn,Joliet,Will,25000,https://dceo.illinois.gov/content/dam/soi/en/web/dceo/smallbizassistance/documents/hospitality-grant-awardees-full-list.pdf,2020-04-27,official_confirmed_awardee_list,municipality,Illinois Hospitality Emergency Grant Program,grant,historical_award,closed,Historical 2020 state emergency grant award from a closed program; not an active opportunity or an estimate of available funding. Municipality and county are source-published; no street address or ZIP is inferred.
Myth's Inc,Bluelight Bar,chicago,Cook,25000,https://dceo.illinois.gov/content/dam/soi/en/web/dceo/smallbizassistance/documents/hospitality-grant-awardees-full-list.pdf,2020-04-27,official_confirmed_awardee_list,municipality,Illinois Hospitality Emergency Grant Program,grant,historical_award,closed,Historical 2020 state emergency grant award from a closed program; not an active opportunity or an estimate of available funding. Municipality and county are source-published; no street address or ZIP is inferred.
NA Lodging 1 LLC dba My Place Hotels,,North Aurora,Kane,25000,https://dceo.illinois.gov/content/dam/soi/en/web/dceo/smallbizassistance/documents/hospitality-grant-awardees-full-list.pdf,2020-04-27,official_confirmed_awardee_list,municipality,Illinois Hospitality Emergency Grant Program,grant,historical_award,closed,Historical 2020 state emergency grant award from a closed program; not an active opportunity or an estimate of available funding. Municipality and county are source-published; no street address or ZIP is inferred.
"Naperville Hotel Owners, LLC",,Naperville,DuPage,25000,https://dceo.illinois.gov/content/dam/soi/en/web/dceo/smallbizassistance/documents/hospitality-grant-awardees-full-list.pdf,2020-04-27,official_confirmed_awardee_list,municipality,Illinois Hospitality Emergency Grant Program,grant,historical_award,closed,Historical 2020 state emergency grant award from a closed program; not an active opportunity or an estimate of available funding. Municipality and county are source-published; no street address or ZIP is inferred.
Naperville hotel Partners LLC,Embassy Suites,Naperville,DuPage,50000,https://dceo.illinois.gov/content/dam/soi/en/web/dceo/smallbizassistance/documents/hospitality-grant-awardees-full-list.pdf,2020-04-27,official_confirmed_awardee_list,municipality,Illinois Hospitality Emergency Grant Program,grant,historical_award,closed,Historical 2020 state emergency grant award from a closed program; not an active opportunity or an estimate of available funding. Municipality and county are source-published; no street address or ZIP is inferred.
Navbharat motel inc,,Libertyville,Lake,25000,https://dceo.illinois.gov/content/dam/soi/en/web/dceo/smallbizassistance/documents/hospitality-grant-awardees-full-list.pdf,2020-04-27,official_confirmed_awardee_list,municipality,Illinois Hospitality Emergency Grant Program,grant,historical_award,closed,Historical 2020 state emergency grant award from a closed program; not an active opportunity or an estimate of available funding. Municipality and county are source-published; no street address or ZIP is inferred.
NENA'S INC DBA LEAL'S,,JOLIET,Will,10000,https://dceo.illinois.gov/content/dam/soi/en/web/dceo/smallbizassistance/documents/hospitality-grant-awardees-full-list.pdf,2020-04-27,official_confirmed_awardee_list,municipality,Illinois Hospitality Emergency Grant Program,grant,historical_award,closed,Historical 2020 state emergency grant award from a closed program; not an active opportunity or an estimate of available funding. Municipality and county are source-published; no street address or ZIP is inferred.
NLHM INC D/B/A BROWNS CHICKEN,,ST. CHARLES,Kane,10000,https://dceo.illinois.gov/content/dam/soi/en/web/dceo/smallbizassistance/documents/hospitality-grant-awardees-full-list.pdf,2020-04-27,official_confirmed_awardee_list,municipality,Illinois Hospitality Emergency Grant Program,grant,historical_award,closed,Historical 2020 state emergency grant award from a closed program; not an active opportunity or an estimate of available funding. Municipality and county are source-published; no street address or ZIP is inferred.
North Avenue Tap,,Waukegan,Lake,10000,https://dceo.illinois.gov/content/dam/soi/en/web/dceo/smallbizassistance/documents/hospitality-grant-awardees-full-list.pdf,2020-04-27,official_confirmed_awardee_list,municipality,Illinois Hospitality Emergency Grant Program,grant,historical_award,closed,Historical 2020 state emergency grant award from a closed program; not an active opportunity or an estimate of available funding. Municipality and county are source-published; no street address or ZIP is inferred.
O'cha Thai Cuisine,,CHICAGO,Cook,10000,https://dceo.illinois.gov/content/dam/soi/en/web/dceo/smallbizassistance/documents/hospitality-grant-awardees-full-list.pdf,2020-04-27,official_confirmed_awardee_list,municipality,Illinois Hospitality Emergency Grant Program,grant,historical_award,closed,Historical 2020 state emergency grant award from a closed program; not an active opportunity or an estimate of available funding. Municipality and county are source-published; no street address or ZIP is inferred.
"Ohmshree Hospitality, Inc.",,Shorewood,Will,25000,https://dceo.illinois.gov/content/dam/soi/en/web/dceo/smallbizassistance/documents/hospitality-grant-awardees-full-list.pdf,2020-04-27,official_confirmed_awardee_list,municipality,Illinois Hospitality Emergency Grant Program,grant,historical_award,closed,Historical 2020 state emergency grant award from a closed program; not an active opportunity or an estimate of available funding. Municipality and county are source-published; no street address or ZIP is inferred.
Old Chicago Inn B & B featuring Room 13 Cocktail Bar,,Chicago,Cook,25000,https://dceo.illinois.gov/content/dam/soi/en/web/dceo/smallbizassistance/documents/hospitality-grant-awardees-full-list.pdf,2020-04-27,official_confirmed_awardee_list,municipality,Illinois Hospitality Emergency Grant Program,grant,historical_award,closed,Historical 2020 state emergency grant award from a closed program; not an active opportunity or an estimate of available funding. Municipality and county are source-published; no street address or ZIP is inferred.
Oren L. David VFW Post #99,,Decatur,Macon,10000,https://dceo.illinois.gov/content/dam/soi/en/web/dceo/smallbizassistance/documents/hospitality-grant-awardees-full-list.pdf,2020-04-27,official_confirmed_awardee_list,municipality,Illinois Hospitality Emergency Grant Program,grant,historical_award,closed,Historical 2020 state emergency grant award from a closed program; not an active opportunity or an estimate of available funding. Municipality and county are source-published; no street address or ZIP is inferred.
Pacino's Classic Italian,,Chicago,Cook,10000,https://dceo.illinois.gov/content/dam/soi/en/web/dceo/smallbizassistance/documents/hospitality-grant-awardees-full-list.pdf,2020-04-27,official_confirmed_awardee_list,municipality,Illinois Hospitality Emergency Grant Program,grant,historical_award,closed,Historical 2020 state emergency grant award from a closed program; not an active opportunity or an estimate of available funding. Municipality and county are source-published; no street address or ZIP is inferred.
Pan Handler's Pizza LLC,,WAUCONDA,Lake,10000,https://dceo.illinois.gov/content/dam/soi/en/web/dceo/smallbizassistance/documents/hospitality-grant-awardees-full-list.pdf,2020-04-27,official_confirmed_awardee_list,municipality,Illinois Hospitality Emergency Grant Program,grant,historical_award,closed,Historical 2020 state emergency grant award from a closed program; not an active opportunity or an estimate of available funding. Municipality and county are source-published; no street address or ZIP is inferred.
Papa Saverio's Pizzeria,,Elgin,Kane,10000,https://dceo.illinois.gov/content/dam/soi/en/web/dceo/smallbizassistance/documents/hospitality-grant-awardees-full-list.pdf,2020-04-27,official_confirmed_awardee_list,municipality,Illinois Hospitality Emergency Grant Program,grant,historical_award,closed,Historical 2020 state emergency grant award from a closed program; not an active opportunity or an estimate of available funding. Municipality and county are source-published; no street address or ZIP is inferred.
Paragon Hospitality Inc,,DANVILLE,Vermilion,25000,https://dceo.illinois.gov/content/dam/soi/en/web/dceo/smallbizassistance/documents/hospitality-grant-awardees-full-list.pdf,2020-04-27,official_confirmed_awardee_list,municipality,Illinois Hospitality Emergency Grant Program,grant,historical_award,closed,Historical 2020 state emergency grant award from a closed program; not an active opportunity or an estimate of available funding. Municipality and county are source-published; no street address or ZIP is inferred.
Parish's Pub Inc,,Washington,Tazewell,10000,https://dceo.illinois.gov/content/dam/soi/en/web/dceo/smallbizassistance/documents/hospitality-grant-awardees-full-list.pdf,2020-04-27,official_confirmed_awardee_list,municipality,Illinois Hospitality Emergency Grant Program,grant,historical_award,closed,Historical 2020 state emergency grant award from a closed program; not an active opportunity or an estimate of available funding. Municipality and county are source-published; no street address or ZIP is inferred.
Pastative Vibes LLC,,Geneva,Kane,10000,https://dceo.illinois.gov/content/dam/soi/en/web/dceo/smallbizassistance/documents/hospitality-grant-awardees-full-list.pdf,2020-04-27,official_confirmed_awardee_list,municipality,Illinois Hospitality Emergency Grant Program,grant,historical_award,closed,Historical 2020 state emergency grant award from a closed program; not an active opportunity or an estimate of available funding. Municipality and county are source-published; no street address or ZIP is inferred.
Paw Group Inc. DBA Sam's Drive In,,Byron,Ogle,25000,https://dceo.illinois.gov/content/dam/soi/en/web/dceo/smallbizassistance/documents/hospitality-grant-awardees-full-list.pdf,2020-04-27,official_confirmed_awardee_list,municipality,Illinois Hospitality Emergency Grant Program,grant,historical_award,closed,Historical 2020 state emergency grant award from a closed program; not an active opportunity or an estimate of available funding. Municipality and county are source-published; no street address or ZIP is inferred.
Peterson - Ridge Corp DBA: Heart O Chicago Motel,,Chicago,Cook,25000,https://dceo.illinois.gov/content/dam/soi/en/web/dceo/smallbizassistance/documents/hospitality-grant-awardees-full-list.pdf,2020-04-27,official_confirmed_awardee_list,municipality,Illinois Hospitality Emergency Grant Program,grant,historical_award,closed,Historical 2020 state emergency grant award from a closed program; not an active opportunity or an estimate of available funding. Municipality and county are source-published; no street address or ZIP is inferred.
Pie-Eyed Pizzeria (Corporate name ZWP Enterprises),,Chicago,Cook,25000,https://dceo.illinois.gov/content/dam/soi/en/web/dceo/smallbizassistance/documents/hospitality-grant-awardees-full-list.pdf,2020-04-27,official_confirmed_awardee_list,municipality,Illinois Hospitality Emergency Grant Program,grant,historical_award,closed,Historical 2020 state emergency grant award from a closed program; not an active opportunity or an estimate of available funding. Municipality and county are source-published; no street address or ZIP is inferred.
Pig Dog Pub Inc.,,Montgomery,Kane,25000,https://dceo.illinois.gov/content/dam/soi/en/web/dceo/smallbizassistance/documents/hospitality-grant-awardees-full-list.pdf,2020-04-27,official_confirmed_awardee_list,municipality,Illinois Hospitality Emergency Grant Program,grant,historical_award,closed,Historical 2020 state emergency grant award from a closed program; not an active opportunity or an estimate of available funding. Municipality and county are source-published; no street address or ZIP is inferred.
PIYUDA HOSPITALITY INC,,GILMAN,Iroquois,25000,https://dceo.illinois.gov/content/dam/soi/en/web/dceo/smallbizassistance/documents/hospitality-grant-awardees-full-list.pdf,2020-04-27,official_confirmed_awardee_list,municipality,Illinois Hospitality Emergency Grant Program,grant,historical_award,closed,Historical 2020 state emergency grant award from a closed program; not an active opportunity or an estimate of available funding. Municipality and county are source-published; no street address or ZIP is inferred.
Progo LLC,TrueNorth Café,Chicago,Cook,10000,https://dceo.illinois.gov/content/dam/soi/en/web/dceo/smallbizassistance/documents/hospitality-grant-awardees-full-list.pdf,2020-04-27,official_confirmed_awardee_list,municipality,Illinois Hospitality Emergency Grant Program,grant,historical_award,closed,Historical 2020 state emergency grant award from a closed program; not an active opportunity or an estimate of available funding. Municipality and county are source-published; no street address or ZIP is inferred.
Pups Tavern Inc,,Virden,Macoupin,10000,https://dceo.illinois.gov/content/dam/soi/en/web/dceo/smallbizassistance/documents/hospitality-grant-awardees-full-list.pdf,2020-04-27,official_confirmed_awardee_list,municipality,Illinois Hospitality Emergency Grant Program,grant,historical_award,closed,Historical 2020 state emergency grant award from a closed program; not an active opportunity or an estimate of available funding. Municipality and county are source-published; no street address or ZIP is inferred.
Quality Inn & Suites,,Moline,Rock Island,25000,https://dceo.illinois.gov/content/dam/soi/en/web/dceo/smallbizassistance/documents/hospitality-grant-awardees-full-list.pdf,2020-04-27,official_confirmed_awardee_list,municipality,Illinois Hospitality Emergency Grant Program,grant,historical_award,closed,Historical 2020 state emergency grant award from a closed program; not an active opportunity or an estimate of available funding. Municipality and county are source-published; no street address or ZIP is inferred.
rajjay inc dba super8 motel,,DWIGHT,Grundy,25000,https://dceo.illinois.gov/content/dam/soi/en/web/dceo/smallbizassistance/documents/hospitality-grant-awardees-full-list.pdf,2020-04-27,official_confirmed_awardee_list,municipality,Illinois Hospitality Emergency Grant Program,grant,historical_award,closed,Historical 2020 state emergency grant award from a closed program; not an active opportunity or an estimate of available funding. Municipality and county are source-published; no street address or ZIP is inferred.
RALBEN INC.,,BLOOMINGTON,McLean,25000,https://dceo.illinois.gov/content/dam/soi/en/web/dceo/smallbizassistance/documents/hospitality-grant-awardees-full-list.pdf,2020-04-27,official_confirmed_awardee_list,municipality,Illinois Hospitality Emergency Grant Program,grant,historical_award,closed,Historical 2020 state emergency grant award from a closed program; not an active opportunity or an estimate of available funding. Municipality and county are source-published; no street address or ZIP is inferred.
Residence Inn Chicago Deerfield,,Deerfield,Lake,25000,https://dceo.illinois.gov/content/dam/soi/en/web/dceo/smallbizassistance/documents/hospitality-grant-awardees-full-list.pdf,2020-04-27,official_confirmed_awardee_list,municipality,Illinois Hospitality Emergency Grant Program,grant,historical_award,closed,Historical 2020 state emergency grant award from a closed program; not an active opportunity or an estimate of available funding. Municipality and county are source-published; no street address or ZIP is inferred.
Residence Inn Chicago Midway,,Bedford Park,Cook,50000,https://dceo.illinois.gov/content/dam/soi/en/web/dceo/smallbizassistance/documents/hospitality-grant-awardees-full-list.pdf,2020-04-27,official_confirmed_awardee_list,municipality,Illinois Hospitality Emergency Grant Program,grant,historical_award,closed,Historical 2020 state emergency grant award from a closed program; not an active opportunity or an estimate of available funding. Municipality and county are source-published; no street address or ZIP is inferred.
Restaurante doña paty’s,,highwood,Lake,10000,https://dceo.illinois.gov/content/dam/soi/en/web/dceo/smallbizassistance/documents/hospitality-grant-awardees-full-list.pdf,2020-04-27,official_confirmed_awardee_list,municipality,Illinois Hospitality Emergency Grant Program,grant,historical_award,closed,Historical 2020 state emergency grant award from a closed program; not an active opportunity or an estimate of available funding. Municipality and county are source-published; no street address or ZIP is inferred.
"Revel Bar Group, LLC",,Chicago,Cook,25000,https://dceo.illinois.gov/content/dam/soi/en/web/dceo/smallbizassistance/documents/hospitality-grant-awardees-full-list.pdf,2020-04-27,official_confirmed_awardee_list,municipality,Illinois Hospitality Emergency Grant Program,grant,historical_award,closed,Historical 2020 state emergency grant award from a closed program; not an active opportunity or an estimate of available funding. Municipality and county are source-published; no street address or ZIP is inferred.
Richards Chicken,,round lake heights,Lake,10000,https://dceo.illinois.gov/content/dam/soi/en/web/dceo/smallbizassistance/documents/hospitality-grant-awardees-full-list.pdf,2020-04-27,official_confirmed_awardee_list,municipality,Illinois Hospitality Emergency Grant Program,grant,historical_award,closed,Historical 2020 state emergency grant award from a closed program; not an active opportunity or an estimate of available funding. Municipality and county are source-published; no street address or ZIP is inferred.
Rima RV Corporation DBA Regal Inn,Regal Inn,franklin park,Cook,25000,https://dceo.illinois.gov/content/dam/soi/en/web/dceo/smallbizassistance/documents/hospitality-grant-awardees-full-list.pdf,2020-04-27,official_confirmed_awardee_list,municipality,Illinois Hospitality Emergency Grant Program,grant,historical_award,closed,Historical 2020 state emergency grant award from a closed program; not an active opportunity or an estimate of available funding. Municipality and county are source-published; no street address or ZIP is inferred.
River Park Moose Lodge #2578,,River Grove,Cook,10000,https://dceo.illinois.gov/content/dam/soi/en/web/dceo/smallbizassistance/documents/hospitality-grant-awardees-full-list.pdf,2020-04-27,official_confirmed_awardee_list,municipality,Illinois Hospitality Emergency Grant Program,grant,historical_award,closed,Historical 2020 state emergency grant award from a closed program; not an active opportunity or an estimate of available funding. Municipality and county are source-published; no street address or ZIP is inferred.
Riverwalk Deli,Naomi Sushi Koreans BSK Inc,Buffalo Grove,Lake,10000,https://dceo.illinois.gov/content/dam/soi/en/web/dceo/smallbizassistance/documents/hospitality-grant-awardees-full-list.pdf,2020-04-27,official_confirmed_awardee_list,municipality,Illinois Hospitality Emergency Grant Program,grant,historical_award,closed,Historical 2020 state emergency grant award from a closed program; not an active opportunity or an estimate of available funding. Municipality and county are source-published; no street address or ZIP is inferred.
"RLW HOldings, INC",,East Moline,Rock Island,10000,https://dceo.illinois.gov/content/dam/soi/en/web/dceo/smallbizassistance/documents/hospitality-grant-awardees-full-list.pdf,2020-04-27,official_confirmed_awardee_list,municipality,Illinois Hospitality Emergency Grant Program,grant,historical_award,closed,Historical 2020 state emergency grant award from a closed program; not an active opportunity or an estimate of available funding. Municipality and county are source-published; no street address or ZIP is inferred.
Roadway Inn,,Markham,Cook,25000,https://dceo.illinois.gov/content/dam/soi/en/web/dceo/smallbizassistance/documents/hospitality-grant-awardees-full-list.pdf,2020-04-27,official_confirmed_awardee_list,municipality,Illinois Hospitality Emergency Grant Program,grant,historical_award,closed,Historical 2020 state emergency grant award from a closed program; not an active opportunity or an estimate of available funding. Municipality and county are source-published; no street address or ZIP is inferred.
Rookies Inc,,Ingleside,Lake,25000,https://dceo.illinois.gov/content/dam/soi/en/web/dceo/smallbizassistance/documents/hospitality-grant-awardees-full-list.pdf,2020-04-27,official_confirmed_awardee_list,municipality,Illinois Hospitality Emergency Grant Program,grant,historical_award,closed,Historical 2020 state emergency grant award from a closed program; not an active opportunity or an estimate of available funding. Municipality and county are source-published; no street address or ZIP is inferred.
Rose General Stores DBA Kinmundy General Inc.,Kinmundy General Inc.,Kinmundy,Marion,10000,https://dceo.illinois.gov/content/dam/soi/en/web/dceo/smallbizassistance/documents/hospitality-grant-awardees-full-list.pdf,2020-04-27,official_confirmed_awardee_list,municipality,Illinois Hospitality Emergency Grant Program,grant,historical_award,closed,Historical 2020 state emergency grant award from a closed program; not an active opportunity or an estimate of available funding. Municipality and county are source-published; no street address or ZIP is inferred.
Route 66 Bar & Grill,,Wilmington,Will,10000,https://dceo.illinois.gov/content/dam/soi/en/web/dceo/smallbizassistance/documents/hospitality-grant-awardees-full-list.pdf,2020-04-27,official_confirmed_awardee_list,municipality,Illinois Hospitality Emergency Grant Program,grant,historical_award,closed,Historical 2020 state emergency grant award from a closed program; not an active opportunity or an estimate of available funding. Municipality and county are source-published; no street address or ZIP is inferred.
"Royal Sub, Inc. DBA Subway #22222",,Chicago,Cook,10000,https://dceo.illinois.gov/content/dam/soi/en/web/dceo/smallbizassistance/documents/hospitality-grant-awardees-full-list.pdf,2020-04-27,official_confirmed_awardee_list,municipality,Illinois Hospitality Emergency Grant Program,grant,historical_award,closed,Historical 2020 state emergency grant award from a closed program; not an active opportunity or an estimate of available funding. Municipality and county are source-published; no street address or ZIP is inferred.
Sandpiper Lounge Inc,,Dolton,Cook,10000,https://dceo.illinois.gov/content/dam/soi/en/web/dceo/smallbizassistance/documents/hospitality-grant-awardees-full-list.pdf,2020-04-27,official_confirmed_awardee_list,municipality,Illinois Hospitality Emergency Grant Program,grant,historical_award,closed,Historical 2020 state emergency grant award from a closed program; not an active opportunity or an estimate of available funding. Municipality and county are source-published; no street address or ZIP is inferred.
Schiller Lodges LLC,,Schiller Park,Cook,25000,https://dceo.illinois.gov/content/dam/soi/en/web/dceo/smallbizassistance/documents/hospitality-grant-awardees-full-list.pdf,2020-04-27,official_confirmed_awardee_list,municipality,Illinois Hospitality Emergency Grant Program,grant,historical_award,closed,Historical 2020 state emergency grant award from a closed program; not an active opportunity or an estimate of available funding. Municipality and county are source-published; no street address or ZIP is inferred.
Shanahans,,Forest Park,Cook,10000,https://dceo.illinois.gov/content/dam/soi/en/web/dceo/smallbizassistance/documents/hospitality-grant-awardees-full-list.pdf,2020-04-27,official_confirmed_awardee_list,municipality,Illinois Hospitality Emergency Grant Program,grant,historical_award,closed,Historical 2020 state emergency grant award from a closed program; not an active opportunity or an estimate of available funding. Municipality and county are source-published; no street address or ZIP is inferred.
Shanati Hospitality Inc,,PEORIA,Peoria,25000,https://dceo.illinois.gov/content/dam/soi/en/web/dceo/smallbizassistance/documents/hospitality-grant-awardees-full-list.pdf,2020-04-27,official_confirmed_awardee_list,municipality,Illinois Hospitality Emergency Grant Program,grant,historical_award,closed,Historical 2020 state emergency grant award from a closed program; not an active opportunity or an estimate of available funding. Municipality and county are source-published; no street address or ZIP is inferred.
Shanti Rav Hospitality Inc,,Mundelein,Lake,25000,https://dceo.illinois.gov/content/dam/soi/en/web/dceo/smallbizassistance/documents/hospitality-grant-awardees-full-list.pdf,2020-04-27,official_confirmed_awardee_list,municipality,Illinois Hospitality Emergency Grant Program,grant,historical_award,closed,Historical 2020 state emergency grant award from a closed program; not an active opportunity or an estimate of available funding. Municipality and county are source-published; no street address or ZIP is inferred.
SHARON'S CAFE INC,,SALEM,Marion,10000,https://dceo.illinois.gov/content/dam/soi/en/web/dceo/smallbizassistance/documents/hospitality-grant-awardees-full-list.pdf,2020-04-27,official_confirmed_awardee_list,municipality,Illinois Hospitality Emergency Grant Program,grant,historical_award,closed,Historical 2020 state emergency grant award from a closed program; not an active opportunity or an estimate of available funding. Municipality and county are source-published; no street address or ZIP is inferred.
Sheraton Lisle,,Lisle,DuPage,50000,https://dceo.illinois.gov/content/dam/soi/en/web/dceo/smallbizassistance/documents/hospitality-grant-awardees-full-list.pdf,2020-04-27,official_confirmed_awardee_list,municipality,Illinois Hospitality Emergency Grant Program,grant,historical_award,closed,Historical 2020 state emergency grant award from a closed program; not an active opportunity or an estimate of available funding. Municipality and county are source-published; no street address or ZIP is inferred.
Sheridan Chase Motel Inc. DBA Super 8 Chicago,,Chicago,Cook,25000,https://dceo.illinois.gov/content/dam/soi/en/web/dceo/smallbizassistance/documents/hospitality-grant-awardees-full-list.pdf,2020-04-27,official_confirmed_awardee_list,municipality,Illinois Hospitality Emergency Grant Program,grant,historical_award,closed,Historical 2020 state emergency grant award from a closed program; not an active opportunity or an estimate of available funding. Municipality and county are source-published; no street address or ZIP is inferred.
SHREE GAYATRIKRUPA INC Dba/ Papa Saverios Of Carolstream,,West Chicago,DuPage,10000,https://dceo.illinois.gov/content/dam/soi/en/web/dceo/smallbizassistance/documents/hospitality-grant-awardees-full-list.pdf,2020-04-27,official_confirmed_awardee_list,municipality,Illinois Hospitality Emergency Grant Program,grant,historical_award,closed,Historical 2020 state emergency grant award from a closed program; not an active opportunity or an estimate of available funding. Municipality and county are source-published; no street address or ZIP is inferred.
Shreeji Hotel Inc.,,Lake Zurich,Lake,25000,https://dceo.illinois.gov/content/dam/soi/en/web/dceo/smallbizassistance/documents/hospitality-grant-awardees-full-list.pdf,2020-04-27,official_confirmed_awardee_list,municipality,Illinois Hospitality Emergency Grant Program,grant,historical_award,closed,Historical 2020 state emergency grant award from a closed program; not an active opportunity or an estimate of available funding. Municipality and county are source-published; no street address or ZIP is inferred.
Shri Gajanana LLC- DBA Holiday Inn Express,Holiday Inn Express,Vernon Hills,Lake,25000,https://dceo.illinois.gov/content/dam/soi/en/web/dceo/smallbizassistance/documents/hospitality-grant-awardees-full-list.pdf,2020-04-27,official_confirmed_awardee_list,municipality,Illinois Hospitality Emergency Grant Program,grant,historical_award,closed,Historical 2020 state emergency grant award from a closed program; not an active opportunity or an estimate of available funding. Municipality and county are source-published; no street address or ZIP is inferred.
Sleep Inn Naperville,,Naperville,DuPage,25000,https://dceo.illinois.gov/content/dam/soi/en/web/dceo/smallbizassistance/documents/hospitality-grant-awardees-full-list.pdf,2020-04-27,official_confirmed_awardee_list,municipality,Illinois Hospitality Emergency Grant Program,grant,historical_award,closed,Historical 2020 state emergency grant award from a closed program; not an active opportunity or an estimate of available funding. Municipality and county are source-published; no street address or ZIP is inferred.
Souses Lounge,,Rockford,Winnebago,25000,https://dceo.illinois.gov/content/dam/soi/en/web/dceo/smallbizassistance/documents/hospitality-grant-awardees-full-list.pdf,2020-04-27,official_confirmed_awardee_list,municipality,Illinois Hospitality Emergency Grant Program,grant,historical_award,closed,Historical 2020 state emergency grant award from a closed program; not an active opportunity or an estimate of available funding. Municipality and county are source-published; no street address or ZIP is inferred.
Southern Illinois Mercantile Company,,Marion,Williamson,10000,https://dceo.illinois.gov/content/dam/soi/en/web/dceo/smallbizassistance/documents/hospitality-grant-awardees-full-list.pdf,2020-04-27,official_confirmed_awardee_list,municipality,Illinois Hospitality Emergency Grant Program,grant,historical_award,closed,Historical 2020 state emergency grant award from a closed program; not an active opportunity or an estimate of available funding. Municipality and county are source-published; no street address or ZIP is inferred.
Splurge Sweets LLC DBA Couture Cupcake Cafe,,Kildeer,Lake,10000,https://dceo.illinois.gov/content/dam/soi/en/web/dceo/smallbizassistance/documents/hospitality-grant-awardees-full-list.pdf,2020-04-27,official_confirmed_awardee_list,municipality,Illinois Hospitality Emergency Grant Program,grant,historical_award,closed,Historical 2020 state emergency grant award from a closed program; not an active opportunity or an estimate of available funding. Municipality and county are source-published; no street address or ZIP is inferred.
Star Motel,,Chicago Heights,Cook,25000,https://dceo.illinois.gov/content/dam/soi/en/web/dceo/smallbizassistance/documents/hospitality-grant-awardees-full-list.pdf,2020-04-27,official_confirmed_awardee_list,municipality,Illinois Hospitality Emergency Grant Program,grant,historical_award,closed,Historical 2020 state emergency grant award from a closed program; not an active opportunity or an estimate of available funding. Municipality and county are source-published; no street address or ZIP is inferred.
Steve Buresh's Cheesecake Store & Sandwich Shop,,Plainfield,Will,25000,https://dceo.illinois.gov/content/dam/soi/en/web/dceo/smallbizassistance/documents/hospitality-grant-awardees-full-list.pdf,2020-04-27,official_confirmed_awardee_list,municipality,Illinois Hospitality Emergency Grant Program,grant,historical_award,closed,Historical 2020 state emergency grant award from a closed program; not an active opportunity or an estimate of available funding. Municipality and county are source-published; no street address or ZIP is inferred.
Stretch's Sports Bar and Grill,,Waukegan,Lake,10000,https://dceo.illinois.gov/content/dam/soi/en/web/dceo/smallbizassistance/documents/hospitality-grant-awardees-full-list.pdf,2020-04-27,official_confirmed_awardee_list,municipality,Illinois Hospitality Emergency Grant Program,grant,historical_award,closed,Historical 2020 state emergency grant award from a closed program; not an active opportunity or an estimate of available funding. Municipality and county are source-published; no street address or ZIP is inferred.
Stumble Inn Inc.,,Prophetstown,Whiteside,10000,https://dceo.illinois.gov/content/dam/soi/en/web/dceo/smallbizassistance/documents/hospitality-grant-awardees-full-list.pdf,2020-04-27,official_confirmed_awardee_list,municipality,Illinois Hospitality Emergency Grant Program,grant,historical_award,closed,Historical 2020 state emergency grant award from a closed program; not an active opportunity or an estimate of available funding. Municipality and county are source-published; no street address or ZIP is inferred.
Subway,RADHE FOODS INC.,Chicago,Cook,10000,https://dceo.illinois.gov/content/dam/soi/en/web/dceo/smallbizassistance/documents/hospitality-grant-awardees-full-list.pdf,2020-04-27,official_confirmed_awardee_list,municipality,Illinois Hospitality Emergency Grant Program,grant,historical_award,closed,Historical 2020 state emergency grant award from a closed program; not an active opportunity or an estimate of available funding. Municipality and county are source-published; no street address or ZIP is inferred.
Subway,"HALSTED FOOD ENTERPRISES, INC",Chicago,Cook,10000,https://dceo.illinois.gov/content/dam/soi/en/web/dceo/smallbizassistance/documents/hospitality-grant-awardees-full-list.pdf,2020-04-27,official_confirmed_awardee_list,municipality,Illinois Hospitality Emergency Grant Program,grant,historical_award,closed,Historical 2020 state emergency grant award from a closed program; not an active opportunity or an estimate of available funding. Municipality and county are source-published; no street address or ZIP is inferred.
Subway,RADHA FOODS INC.,Chicago,Cook,10000,https://dceo.illinois.gov/content/dam/soi/en/web/dceo/smallbizassistance/documents/hospitality-grant-awardees-full-list.pdf,2020-04-27,official_confirmed_awardee_list,municipality,Illinois Hospitality Emergency Grant Program,grant,historical_award,closed,Historical 2020 state emergency grant award from a closed program; not an active opportunity or an estimate of available funding. Municipality and county are source-published; no street address or ZIP is inferred.
Sullivan Marina and Campground,,Sullivan,Moultrie,25000,https://dceo.illinois.gov/content/dam/soi/en/web/dceo/smallbizassistance/documents/hospitality-grant-awardees-full-list.pdf,2020-04-27,official_confirmed_awardee_list,municipality,Illinois Hospitality Emergency Grant Program,grant,historical_award,closed,Historical 2020 state emergency grant award from a closed program; not an active opportunity or an estimate of available funding. Municipality and county are source-published; no street address or ZIP is inferred.
"Sunset Bar & Grill, Inc.",,Godfrey,Madison,10000,https://dceo.illinois.gov/content/dam/soi/en/web/dceo/smallbizassistance/documents/hospitality-grant-awardees-full-list.pdf,2020-04-27,official_confirmed_awardee_list,municipality,Illinois Hospitality Emergency Grant Program,grant,historical_award,closed,Historical 2020 state emergency grant award from a closed program; not an active opportunity or an estimate of available funding. Municipality and county are source-published; no street address or ZIP is inferred.
"SUPER WONDER WASH, INC DBA BILLS BBQ",Bills BBQ,Metropolis,Massac,10000,https://dceo.illinois.gov/content/dam/soi/en/web/dceo/smallbizassistance/documents/hospitality-grant-awardees-full-list.pdf,2020-04-27,official_confirmed_awardee_list,municipality,Illinois Hospitality Emergency Grant Program,grant,historical_award,closed,Historical 2020 state emergency grant award from a closed program; not an active opportunity or an estimate of available funding. Municipality and county are source-published; no street address or ZIP is inferred.
Suraj Sandwiches incorporated,,Bellwood,Cook,25000,https://dceo.illinois.gov/content/dam/soi/en/web/dceo/smallbizassistance/documents/hospitality-grant-awardees-full-list.pdf,2020-04-27,official_confirmed_awardee_list,municipality,Illinois Hospitality Emergency Grant Program,grant,historical_award,closed,Historical 2020 state emergency grant award from a closed program; not an active opportunity or an estimate of available funding. Municipality and county are source-published; no street address or ZIP is inferred.
"Sweet Katie Bee's, Inc.",Sweet Katie Bee's Bakery Café,O'Fallon,St. Clair,10000,https://dceo.illinois.gov/content/dam/soi/en/web/dceo/smallbizassistance/documents/hospitality-grant-awardees-full-list.pdf,2020-04-27,official_confirmed_awardee_list,municipality,Illinois Hospitality Emergency Grant Program,grant,historical_award,closed,Historical 2020 state emergency grant award from a closed program; not an active opportunity or an estimate of available funding. Municipality and county are source-published; no street address or ZIP is inferred.
"T.O.'s Pizza, LLC",T.O.'s Pizza,Virginia,Cass,10000,https://dceo.illinois.gov/content/dam/soi/en/web/dceo/smallbizassistance/documents/hospitality-grant-awardees-full-list.pdf,2020-04-27,official_confirmed_awardee_list,municipality,Illinois Hospitality Emergency Grant Program,grant,historical_award,closed,Historical 2020 state emergency grant award from a closed program; not an active opportunity or an estimate of available funding. Municipality and county are source-published; no street address or ZIP is inferred.
tanoor kobob,,chicago,Cook,25000,https://dceo.illinois.gov/content/dam/soi/en/web/dceo/smallbizassistance/documents/hospitality-grant-awardees-full-list.pdf,2020-04-27,official_confirmed_awardee_list,municipality,Illinois Hospitality Emergency Grant Program,grant,historical_award,closed,Historical 2020 state emergency grant award from a closed program; not an active opportunity or an estimate of available funding. Municipality and county are source-published; no street address or ZIP is inferred.
Taqueria Las Cumbres Inc,,Crystal Lake,McHenry,10000,https://dceo.illinois.gov/content/dam/soi/en/web/dceo/smallbizassistance/documents/hospitality-grant-awardees-full-list.pdf,2020-04-27,official_confirmed_awardee_list,municipality,Illinois Hospitality Emergency Grant Program,grant,historical_award,closed,Historical 2020 state emergency grant award from a closed program; not an active opportunity or an estimate of available funding. Municipality and county are source-published; no street address or ZIP is inferred.
"Taquizas y Banquetes el Siete, INC",,Chicago,Cook,10000,https://dceo.illinois.gov/content/dam/soi/en/web/dceo/smallbizassistance/documents/hospitality-grant-awardees-full-list.pdf,2020-04-27,official_confirmed_awardee_list,municipality,Illinois Hospitality Emergency Grant Program,grant,historical_award,closed,Historical 2020 state emergency grant award from a closed program; not an active opportunity or an estimate of available funding. Municipality and county are source-published; no street address or ZIP is inferred.
The 3 Amigos Restaurant Inc.,,lake villa,Lake,10000,https://dceo.illinois.gov/content/dam/soi/en/web/dceo/smallbizassistance/documents/hospitality-grant-awardees-full-list.pdf,2020-04-27,official_confirmed_awardee_list,municipality,Illinois Hospitality Emergency Grant Program,grant,historical_award,closed,Historical 2020 state emergency grant award from a closed program; not an active opportunity or an estimate of available funding. Municipality and county are source-published; no street address or ZIP is inferred.
The Cotton Duck,,Lake Forest,Lake,10000,https://dceo.illinois.gov/content/dam/soi/en/web/dceo/smallbizassistance/documents/hospitality-grant-awardees-full-list.pdf,2020-04-27,official_confirmed_awardee_list,municipality,Illinois Hospitality Emergency Grant Program,grant,historical_award,closed,Historical 2020 state emergency grant award from a closed program; not an active opportunity or an estimate of available funding. Municipality and county are source-published; no street address or ZIP is inferred.
The Dandy Crown,,Chicago,Cook,10000,https://dceo.illinois.gov/content/dam/soi/en/web/dceo/smallbizassistance/documents/hospitality-grant-awardees-full-list.pdf,2020-04-27,official_confirmed_awardee_list,municipality,Illinois Hospitality Emergency Grant Program,grant,historical_award,closed,Historical 2020 state emergency grant award from a closed program; not an active opportunity or an estimate of available funding. Municipality and county are source-published; no street address or ZIP is inferred.
"The Drake Oak Brook Resort, LLC",,Oak Brook,DuPage,50000,https://dceo.illinois.gov/content/dam/soi/en/web/dceo/smallbizassistance/documents/hospitality-grant-awardees-full-list.pdf,2020-04-27,official_confirmed_awardee_list,municipality,Illinois Hospitality Emergency Grant Program,grant,historical_award,closed,Historical 2020 state emergency grant award from a closed program; not an active opportunity or an estimate of available funding. Municipality and county are source-published; no street address or ZIP is inferred.
The Inn at 835/Conn's Catering,,Springfield,Sangamon,50000,https://dceo.illinois.gov/content/dam/soi/en/web/dceo/smallbizassistance/documents/hospitality-grant-awardees-full-list.pdf,2020-04-27,official_confirmed_awardee_list,municipality,Illinois Hospitality Emergency Grant Program,grant,historical_award,closed,Historical 2020 state emergency grant award from a closed program; not an active opportunity or an estimate of available funding. Municipality and county are source-published; no street address or ZIP is inferred.
"The New Dating Game, Inc",,Chicago,Cook,10000,https://dceo.illinois.gov/content/dam/soi/en/web/dceo/smallbizassistance/documents/hospitality-grant-awardees-full-list.pdf,2020-04-27,official_confirmed_awardee_list,municipality,Illinois Hospitality Emergency Grant Program,grant,historical_award,closed,Historical 2020 state emergency grant award from a closed program; not an active opportunity or an estimate of available funding. Municipality and county are source-published; no street address or ZIP is inferred.
The Roadhouse,,Neoga,Cumberland,10000,https://dceo.illinois.gov/content/dam/soi/en/web/dceo/smallbizassistance/documents/hospitality-grant-awardees-full-list.pdf,2020-04-27,official_confirmed_awardee_list,municipality,Illinois Hospitality Emergency Grant Program,grant,historical_award,closed,Historical 2020 state emergency grant award from a closed program; not an active opportunity or an estimate of available funding. Municipality and county are source-published; no street address or ZIP is inferred.
The Texan Bbq,,Algonquin,McHenry,25000,https://dceo.illinois.gov/content/dam/soi/en/web/dceo/smallbizassistance/documents/hospitality-grant-awardees-full-list.pdf,2020-04-27,official_confirmed_awardee_list,municipality,Illinois Hospitality Emergency Grant Program,grant,historical_award,closed,Historical 2020 state emergency grant award from a closed program; not an active opportunity or an estimate of available funding. Municipality and county are source-published; no street address or ZIP is inferred.
"The Toy Tap, Inc.",,Chicago,Cook,10000,https://dceo.illinois.gov/content/dam/soi/en/web/dceo/smallbizassistance/documents/hospitality-grant-awardees-full-list.pdf,2020-04-27,official_confirmed_awardee_list,municipality,Illinois Hospitality Emergency Grant Program,grant,historical_award,closed,Historical 2020 state emergency grant award from a closed program; not an active opportunity or an estimate of available funding. Municipality and county are source-published; no street address or ZIP is inferred.
The Wheelhouse Hotel,,Chicago,Cook,25000,https://dceo.illinois.gov/content/dam/soi/en/web/dceo/smallbizassistance/documents/hospitality-grant-awardees-full-list.pdf,2020-04-27,official_confirmed_awardee_list,municipality,Illinois Hospitality Emergency Grant Program,grant,historical_award,closed,Historical 2020 state emergency grant award from a closed program; not an active opportunity or an estimate of available funding. Municipality and county are source-published; no street address or ZIP is inferred.
Throwback Bar & Grill,TB of Crete,Crete,Will,10000,https://dceo.illinois.gov/content/dam/soi/en/web/dceo/smallbizassistance/documents/hospitality-grant-awardees-full-list.pdf,2020-04-27,official_confirmed_awardee_list,municipality,Illinois Hospitality Emergency Grant Program,grant,historical_award,closed,Historical 2020 state emergency grant award from a closed program; not an active opportunity or an estimate of available funding. Municipality and county are source-published; no street address or ZIP is inferred.
Timber Creek Golf / Bogey's Bar & Grill,Bogey's Bar & Grill,Dixon,Lee,10000,https://dceo.illinois.gov/content/dam/soi/en/web/dceo/smallbizassistance/documents/hospitality-grant-awardees-full-list.pdf,2020-04-27,official_confirmed_awardee_list,municipality,Illinois Hospitality Emergency Grant Program,grant,historical_award,closed,Historical 2020 state emergency grant award from a closed program; not an active opportunity or an estimate of available funding. Municipality and county are source-published; no street address or ZIP is inferred.
TJ's Cafe,,Robinson,Crawford,10000,https://dceo.illinois.gov/content/dam/soi/en/web/dceo/smallbizassistance/documents/hospitality-grant-awardees-full-list.pdf,2020-04-27,official_confirmed_awardee_list,municipality,Illinois Hospitality Emergency Grant Program,grant,historical_award,closed,Historical 2020 state emergency grant award from a closed program; not an active opportunity or an estimate of available funding. Municipality and county are source-published; no street address or ZIP is inferred.
Traxx,,Carbondale,Jackson,10000,https://dceo.illinois.gov/content/dam/soi/en/web/dceo/smallbizassistance/documents/hospitality-grant-awardees-full-list.pdf,2020-04-27,official_confirmed_awardee_list,municipality,Illinois Hospitality Emergency Grant Program,grant,historical_award,closed,Historical 2020 state emergency grant award from a closed program; not an active opportunity or an estimate of available funding. Municipality and county are source-published; no street address or ZIP is inferred.
Twisted Q Barbeque & Bakery,,Homewood,Cook,10000,https://dceo.illinois.gov/content/dam/soi/en/web/dceo/smallbizassistance/documents/hospitality-grant-awardees-full-list.pdf,2020-04-27,official_confirmed_awardee_list,municipality,Illinois Hospitality Emergency Grant Program,grant,historical_award,closed,Historical 2020 state emergency grant award from a closed program; not an active opportunity or an estimate of available funding. Municipality and county are source-published; no street address or ZIP is inferred.
V&S Property Management LLC dba Hilton Garden Inn Bolingbrook,,Bolingbrook,Will,50000,https://dceo.illinois.gov/content/dam/soi/en/web/dceo/smallbizassistance/documents/hospitality-grant-awardees-full-list.pdf,2020-04-27,official_confirmed_awardee_list,municipality,Illinois Hospitality Emergency Grant Program,grant,historical_award,closed,Historical 2020 state emergency grant award from a closed program; not an active opportunity or an estimate of available funding. Municipality and county are source-published; no street address or ZIP is inferred.
Vernon Hills Coffee Inc,,Vernon Hills,Lake,25000,https://dceo.illinois.gov/content/dam/soi/en/web/dceo/smallbizassistance/documents/hospitality-grant-awardees-full-list.pdf,2020-04-27,official_confirmed_awardee_list,municipality,Illinois Hospitality Emergency Grant Program,grant,historical_award,closed,Historical 2020 state emergency grant award from a closed program; not an active opportunity or an estimate of available funding. Municipality and county are source-published; no street address or ZIP is inferred.
VETERANS OF FOREIGN WARS DEPT 2608 ALBERT TUNBERG POST,,DWIGHT,Livingston,10000,https://dceo.illinois.gov/content/dam/soi/en/web/dceo/smallbizassistance/documents/hospitality-grant-awardees-full-list.pdf,2020-04-27,official_confirmed_awardee_list,municipality,Illinois Hospitality Emergency Grant Program,grant,historical_award,closed,Historical 2020 state emergency grant award from a closed program; not an active opportunity or an estimate of available funding. Municipality and county are source-published; no street address or ZIP is inferred.
Victorian Inn Bed and Breakfast,,Rock Island,Rock Island,25000,https://dceo.illinois.gov/content/dam/soi/en/web/dceo/smallbizassistance/documents/hospitality-grant-awardees-full-list.pdf,2020-04-27,official_confirmed_awardee_list,municipality,Illinois Hospitality Emergency Grant Program,grant,historical_award,closed,Historical 2020 state emergency grant award from a closed program; not an active opportunity or an estimate of available funding. Municipality and county are source-published; no street address or ZIP is inferred.
Village Inn Motel Inc,,Machesney Park,Winnebago,25000,https://dceo.illinois.gov/content/dam/soi/en/web/dceo/smallbizassistance/documents/hospitality-grant-awardees-full-list.pdf,2020-04-27,official_confirmed_awardee_list,municipality,Illinois Hospitality Emergency Grant Program,grant,historical_award,closed,Historical 2020 state emergency grant award from a closed program; not an active opportunity or an estimate of available funding. Municipality and county are source-published; no street address or ZIP is inferred.
Wanartit Inc.,Thai First Resturaant,DOWNERS GROVE,DuPage,10000,https://dceo.illinois.gov/content/dam/soi/en/web/dceo/smallbizassistance/documents/hospitality-grant-awardees-full-list.pdf,2020-04-27,official_confirmed_awardee_list,municipality,Illinois Hospitality Emergency Grant Program,grant,historical_award,closed,Historical 2020 state emergency grant award from a closed program; not an active opportunity or an estimate of available funding. Municipality and county are source-published; no street address or ZIP is inferred.
Westerfield Cottage,,Freeburg,St. Clair,25000,https://dceo.illinois.gov/content/dam/soi/en/web/dceo/smallbizassistance/documents/hospitality-grant-awardees-full-list.pdf,2020-04-27,official_confirmed_awardee_list,municipality,Illinois Hospitality Emergency Grant Program,grant,historical_award,closed,Historical 2020 state emergency grant award from a closed program; not an active opportunity or an estimate of available funding. Municipality and county are source-published; no street address or ZIP is inferred.
Wildlife Prairie Park,,Hanna City,Peoria,25000,https://dceo.illinois.gov/content/dam/soi/en/web/dceo/smallbizassistance/documents/hospitality-grant-awardees-full-list.pdf,2020-04-27,official_confirmed_awardee_list,municipality,Illinois Hospitality Emergency Grant Program,grant,historical_award,closed,Historical 2020 state emergency grant award from a closed program; not an active opportunity or an estimate of available funding. Municipality and county are source-published; no street address or ZIP is inferred.
Wise Guys Pizzeria,,South Elgin,Kane,10000,https://dceo.illinois.gov/content/dam/soi/en/web/dceo/smallbizassistance/documents/hospitality-grant-awardees-full-list.pdf,2020-04-27,official_confirmed_awardee_list,municipality,Illinois Hospitality Emergency Grant Program,grant,historical_award,closed,Historical 2020 state emergency grant award from a closed program; not an active opportunity or an estimate of available funding. Municipality and county are source-published; no street address or ZIP is inferred.
WWS Inns Inc DBA Holiday Inn of Rockford,,Rockford,Winnebago,50000,https://dceo.illinois.gov/content/dam/soi/en/web/dceo/smallbizassistance/documents/hospitality-grant-awardees-full-list.pdf,2020-04-27,official_confirmed_awardee_list,municipality,Illinois Hospitality Emergency Grant Program,grant,historical_award,closed,Historical 2020 state emergency grant award from a closed program; not an active opportunity or an estimate of available funding. Municipality and county are source-published; no street address or ZIP is inferred.
Wyndham Garden Elk Grove Village,,Elk Grove Village,Cook,50000,https://dceo.illinois.gov/content/dam/soi/en/web/dceo/smallbizassistance/documents/hospitality-grant-awardees-full-list.pdf,2020-04-27,official_confirmed_awardee_list,municipality,Illinois Hospitality Emergency Grant Program,grant,historical_award,closed,Historical 2020 state emergency grant award from a closed program; not an active opportunity or an estimate of available funding. Municipality and county are source-published; no street address or ZIP is inferred.
Yogiji Inc,,Rockford,Winnebago,25000,https://dceo.illinois.gov/content/dam/soi/en/web/dceo/smallbizassistance/documents/hospitality-grant-awardees-full-list.pdf,2020-04-27,official_confirmed_awardee_list,municipality,Illinois Hospitality Emergency Grant Program,grant,historical_award,closed,Historical 2020 state emergency grant award from a closed program; not an active opportunity or an estimate of available funding. Municipality and county are source-published; no street address or ZIP is inferred.
Skippy's Gyros II INC,,South Elgin,Kane,25000,https://dceo.illinois.gov/content/dam/soi/en/web/dceo/smallbizassistance/documents/hospitality-grant-awardees-full-list.pdf,2020-04-27,official_confirmed_awardee_list,municipality,Illinois Hospitality Emergency Grant Program,grant,historical_award,closed,Historical 2020 state emergency grant award from a closed program; not an active opportunity or an estimate of available funding. Municipality and county are source-published; no street address or ZIP is inferred.
"Longbridge Golf Course, Inc.",,Springfield,Sangamon,25000,https://dceo.illinois.gov/content/dam/soi/en/web/dceo/smallbizassistance/documents/hospitality-grant-awardees-full-list.pdf,2020-04-27,official_confirmed_awardee_list,municipality,Illinois Hospitality Emergency Grant Program,grant,historical_award,closed,Historical 2020 state emergency grant award from a closed program; not an active opportunity or an estimate of available funding. Municipality and county are source-published; no street address or ZIP is inferred.
